case_id,y_0,y_1,y_2,y_3,y_4,y_5
case_dbc2ef91,1,0,1,1,1,1
case_c4afc6c1,1,0,1,1,1,1
case_281ec3ae,1,1,1,1,0,1
case_c064bae8,0,0,1,0,0,0
case_331d3170,1,1,1,1,1,1
case_1d1605f6,1,0,1,1,1,1
case_37d1c6be,1,1,1,1,1,1
case_12b04bae,0,0,0,0,1,0
case_6637e2d7,1,1,1,1,1,1
case_7daa2fe2,1,1,1,1,1,1
case_c86c9acd,1,1,1,1,1,0
case_f7f60fcc,1,1,1,1,1,1
case_6b7b9b97,0,1,1,0,1,1
case_ed0bab0f,1,1,1,1,1,1
case_b2efdd10,0,1,1,0,0,1
case_ded76dd4,1,1,1,1,1,1
case_6d120c79,0,0,0,0,1,1
case_3d125284,1,1,1,1,0,1
case_85a319d3,1,1,1,1,1,1
case_370ba72b,1,0,1,0,1,1
case_80cc318b,1,1,1,1,0,1
case_410ec8fe,1,1,0,1,0,1
case_7f9b9f64,1,1,1,1,1,1
case_4c805b74,1,0,1,1,1,1
case_109a02a1,0,1,0,0,1,1
case_3993def4,1,1,1,1,1,1
case_b39cd179,0,1,1,1,1,0
case_5e5eb3c3,1,1,1,1,1,1
case_e1d8f1be,0,0,1,1,1,1
case_03b7bd0c,0,0,1,1,0,1
case_159b7ef6,1,1,1,1,0,0
case_f9be65a7,0,1,1,1,0,1
case_c762631f,0,1,0,1,1,1
case_76aa6b3e,0,1,1,1,1,0
case_0ea71226,1,0,1,1,0,1
case_ad4183a9,1,0,1,0,1,1
case_42ba56e0,0,0,1,0,1,0
case_373263e8,0,1,1,0,1,1
case_001e8353,1,0,1,1,1,1
case_08a31cd1,0,0,1,1,0,0
case_a9fe3feb,1,1,1,1,1,1
case_45b06caa,1,1,1,1,1,1
case_e372602d,1,0,1,1,1,1
case_2ec8d04b,0,1,1,1,1,1
case_2d4e01e1,0,1,0,1,1,1
case_299c648a,1,1,1,1,1,1
case_46360e33,1,0,1,1,1,0
case_fc5dc4d1,1,1,1,1,0,1
case_01f7bce3,1,1,1,1,1,1
case_aa699187,0,1,1,1,0,1
case_6a33da3f,0,0,0,1,0,0
case_c43d9d24,1,0,1,0,1,1
case_a1e8d77b,0,1,1,0,0,1
case_6bfe2b33,1,1,1,1,1,1
case_72d5c6fa,1,1,1,1,1,1
case_39920cec,1,0,1,1,1,1
case_6fc500ef,0,1,1,1,1,1
case_9814acc2,1,1,1,1,1,1
case_52517d2a,0,1,1,1,1,1
case_3c381fe2,1,1,1,1,0,0
case_cf2835ce,1,1,0,1,0,1
case_ffe0a07a,1,1,1,0,1,1
case_1265487d,0,0,0,0,1,1
case_65d7d737,0,0,0,0,0,1
case_80141e32,0,1,1,1,0,1
case_fa338505,1,0,1,0,1,0
case_3a2b4a0c,1,1,1,1,1,1
case_37296b8c,0,0,0,0,1,1
case_d14de42e,0,0,1,1,1,1
case_f34c21a8,1,1,1,1,1,0
case_afc631f4,1,1,1,1,1,1
case_c4e6bbc9,1,0,1,1,0,1
case_1c266b90,1,1,1,1,1,1
case_380b5949,0,1,1,1,0,1
case_c16c27b8,1,1,1,1,1,1
case_1d8716b8,1,1,1,1,0,1
case_1afaff33,1,1,1,1,1,1
case_43124cff,0,0,1,0,1,0
case_7c20feee,1,0,1,0,1,1
case_650fe264,1,0,1,1,1,1
case_93810759,1,1,0,1,1,1
case_7e4790c9,1,0,1,0,0,1
case_ab4ff329,1,1,1,0,1,1
case_7fb07a65,1,1,1,0,0,1
case_81f00ecf,0,0,1,0,1,1
case_e30ac39f,1,1,1,0,1,1
case_90c9b8a7,1,1,1,1,1,1
case_aef981d2,0,1,1,1,1,1
case_9edf27ff,1,1,0,1,1,1
case_92a15d28,1,1,0,0,1,1
case_1b9946a5,1,1,1,0,1,1
case_08e05bac,1,0,1,0,1,1
case_684123f0,1,1,1,1,1,1
case_f04cf9a6,1,1,1,1,1,1
case_78c6e71d,1,1,1,1,1,1
case_4cc9bde2,1,0,1,1,0,1
case_9f3d5f92,1,1,1,1,0,0
case_10f413a3,0,1,1,0,1,1
case_2214bade,0,1,1,1,1,0
case_726c49c5,0,0,1,0,1,1
case_6b8a988d,0,0,0,0,0,1
case_608e2b9d,1,1,1,1,1,0
case_0c2a4ca6,1,1,1,1,1,1
case_47074084,1,0,1,1,1,1
case_258f0f38,1,1,1,1,1,1
case_6196c937,0,0,1,1,0,1
case_31ca6061,0,1,1,1,0,1
case_49e7544a,1,0,1,1,0,1
case_b21aa61d,1,0,1,1,0,1
case_9ad74d2b,0,0,1,1,0,1
case_dd6914f0,1,0,1,1,1,1
case_8d663266,1,0,1,0,0,1
case_c22cedce,1,1,1,0,1,0
case_1451beec,0,0,1,1,1,1
case_0f4a5b5e,0,0,0,1,0,1
case_67106ae0,1,0,0,0,1,0
case_8067b64c,1,0,1,1,1,1
case_faf1185b,1,1,0,0,0,1
case_58c57567,0,1,1,1,1,1
case_98caf50e,0,1,1,0,1,1
case_33ccc84d,1,0,1,1,0,1
case_f5e2f394,1,1,1,1,1,1
case_00e14d70,0,0,1,0,0,0
case_a42548d3,0,1,1,0,1,1
case_15a19619,0,0,1,1,1,0
case_c89ddb79,0,1,1,1,1,0
case_4931838d,0,1,1,1,1,1
case_91f64bc4,1,1,1,0,1,1
case_40015569,1,0,1,1,1,1
case_d77a6ff8,1,0,1,1,0,1
case_d4c168b3,1,1,1,1,1,1
case_baacc531,1,0,1,1,1,1
case_c3d81808,1,1,1,1,1,1
case_b61f7441,1,1,1,1,1,1
case_43b582d6,1,1,1,1,1,1
case_b4e10169,1,1,0,1,0,0
case_57103581,1,1,1,1,1,1
case_390dff05,1,1,1,1,1,1
case_e21840ed,1,1,1,0,1,1
case_4044d946,1,0,0,0,0,0
case_dda9c411,1,1,1,1,0,1
case_2b01273e,0,1,1,0,0,0
case_2d8fa6fe,1,1,1,1,1,1
case_ec23c09e,1,1,1,1,1,1
case_26b99664,0,1,0,0,1,1
case_943f98bb,0,0,1,1,0,0
case_495107f2,0,1,1,0,1,1
case_212ab41b,0,1,0,1,1,0
case_2b6110ac,1,1,1,1,1,1
case_375f6851,1,1,1,1,1,1
case_c9f89d82,0,1,1,0,1,1
case_4e53f2d7,0,1,1,0,1,0
case_2ee1990a,1,1,1,1,1,1
case_bfb856d0,0,0,1,1,1,1
case_6de09b6b,0,1,1,1,0,1
case_b96398d3,1,0,1,0,0,1
case_033083b2,1,0,1,1,1,1
case_862c537d,0,0,1,1,0,1
case_fd0243ab,1,1,1,1,0,1
case_86de89e4,0,0,1,1,1,1
case_789a5ab5,1,1,1,1,1,0
case_7834326f,1,0,0,0,0,1
case_00f55bbb,0,1,1,1,1,1
case_3c426db0,1,1,1,1,1,0
case_9799b3c4,1,1,1,1,1,1
case_a33ff6bc,0,0,1,0,1,1
case_44f6f867,1,1,1,1,1,1
case_5fc5dd91,1,1,1,1,1,1
case_7073de12,0,0,1,0,0,1
case_92069b4c,1,0,1,1,0,0
case_f56ba490,1,1,1,1,1,1
case_473cae11,1,1,1,1,1,1
case_a3add3fc,0,0,1,0,1,1
case_e80d498c,1,0,1,0,0,0
case_b1a29d0e,0,0,1,1,1,1
case_9a1d3274,0,0,1,0,1,1
case_fbb8aa52,0,0,1,1,1,1
case_624a17e1,0,1,0,1,0,1
case_0bef242c,0,1,1,0,0,0
case_f607d2d6,1,1,1,0,0,1
case_7011381c,1,1,1,1,1,1
case_9f808132,0,1,1,1,1,1
case_7881c027,1,0,1,0,1,0
case_08c3c0b5,1,1,1,1,1,1
case_e46185db,0,1,0,0,1,0
case_5a58018f,0,0,1,0,0,1
case_d3e7bd58,1,0,1,1,0,1
case_fbb5b290,0,1,0,1,0,1
case_059b6c2b,0,1,1,1,1,1
case_caba8c11,0,0,0,1,1,1
case_46196b3a,1,1,1,1,1,0
case_798d8249,0,1,1,1,0,0
case_a9ca5c4a,1,1,1,1,0,1
case_eb55be30,1,1,1,1,1,1
case_098de45a,0,1,1,1,1,0
case_2c354d4c,1,1,1,1,0,1
case_6c2b01b0,1,1,1,1,1,0
case_e6190cf9,1,1,1,1,1,1
case_dacd0ef6,1,1,1,1,1,1
case_be88e495,1,1,1,1,1,1
case_a732053a,1,1,1,0,0,0
case_2d1e77bc,1,1,1,1,1,1
case_681ef5c6,0,1,1,1,1,1
case_703baadf,1,0,1,0,1,1
case_d1a5ff0f,1,1,0,1,0,1
case_ee7d70e4,0,0,0,0,1,0
case_38182d25,1,1,1,1,1,1
case_74778c5b,1,1,1,1,1,1
case_5945f932,1,1,0,1,0,1
case_d0fcc2ee,1,0,1,0,0,1
case_65edad07,0,1,1,1,1,1
case_0e232e0a,1,1,1,1,1,1
case_a7d1e4f7,1,1,1,1,1,1
case_87cb2872,0,1,1,1,0,1
case_c7154e5b,1,1,1,1,1,1
case_32b619de,1,1,1,1,0,1
case_41451aec,1,1,1,1,1,1
case_15a08bb9,1,1,1,0,1,1
case_f31277c8,0,1,1,1,0,1
case_5225fd45,0,0,0,0,0,1
case_a84c0e47,0,1,0,1,0,1
case_5a4907dd,1,1,1,1,1,1
case_3d218a36,1,0,1,1,1,1
case_e99c458d,0,1,1,0,1,1
case_a1b6c4aa,0,0,1,1,0,1
case_dab3a13f,1,1,1,1,1,1
case_bbd66b82,1,1,1,1,1,1
case_5461a51d,1,1,1,1,1,1
case_503ace16,1,1,1,1,1,0
case_45693cee,0,0,1,1,0,1
case_9c8cdc5a,1,1,1,1,1,1
case_6f897d3e,1,1,1,1,1,1
case_6efee9b2,0,1,1,0,0,1
case_7471905b,1,1,1,1,1,1
case_2c1c3f2c,0,1,1,1,1,1
case_6ee9fd63,0,1,0,1,0,1
case_fe62af34,1,1,0,1,1,1
case_9bbb5d78,1,0,0,0,1,1
case_ae2f7ad7,1,1,1,0,1,1
case_fc7bcd72,0,0,1,1,1,1
case_d817ad60,1,1,1,1,1,1
case_9569d117,1,0,1,1,1,1
case_7b31ae8c,1,1,1,1,1,1
case_8ff24d32,1,1,1,1,0,1
case_2d75a13d,0,1,1,1,0,0
case_988149b1,1,1,1,1,1,1
case_715235cf,0,1,0,0,0,1
case_e21c6d5c,1,1,1,1,0,0
case_ec0194d1,0,0,1,0,1,1
case_a88a9e2c,1,1,1,1,1,1
case_86e25e48,0,0,1,1,0,1
case_5d5e97a5,0,1,1,1,1,0
case_343c65e0,0,0,1,0,1,0
case_06182c2d,1,0,1,1,1,1
case_c0287825,1,0,1,1,0,1
case_e4728e7d,1,1,1,1,1,1
case_0163e5b0,1,1,1,1,1,1
case_ee3391e8,1,0,0,0,1,1
case_3a2b5f2b,1,1,1,1,1,1
case_a5d09487,0,0,0,0,0,1
case_39d1ff3b,1,1,1,1,1,0
case_18a6a407,1,0,1,1,1,1
case_45996a42,1,0,1,0,1,0
case_d0b07e56,1,1,1,1,1,1
case_7fb1470f,1,1,1,1,1,0
case_a41afcb3,1,0,1,1,1,1
case_6ce038dd,0,1,1,0,1,1
case_7f216d6f,1,1,1,1,1,1
case_693d3d56,0,1,1,1,1,1
case_c9b6f54b,0,1,1,1,1,1
case_5e161de8,1,1,0,1,0,0
case_415d8a19,1,1,1,1,0,1
case_abcde20c,1,1,0,1,1,1
case_b38e4011,0,0,1,0,1,1
case_3c06b1c5,1,1,0,1,0,1
case_0b2941f2,1,1,1,1,1,1
case_5cbb6196,1,0,1,1,1,1
case_df8a2f97,0,0,1,0,1,1
case_08b435e3,0,0,1,1,0,0
case_fd35b09d,0,0,1,1,1,1
case_618ef7fe,1,1,0,0,0,0
case_41bb77ab,0,1,1,1,1,1
case_e780c45a,1,0,1,0,0,1
case_2fa42b98,1,1,0,1,1,1
case_69f6dde8,0,1,1,0,1,0
case_0f6a41d4,1,1,1,1,1,1
case_9eec8e94,1,0,1,1,1,1
case_bdeef40b,1,1,1,0,0,1
case_b75e4afe,1,1,1,1,0,1
case_122c1c1c,0,1,1,1,0,0
case_292743b8,1,1,1,1,1,1
case_b65a0aac,1,0,1,0,0,1
case_08d5fa35,0,0,1,0,0,1
case_84aaf693,1,0,1,1,1,1
case_247c93c3,1,1,1,1,1,1
case_d06f7a71,0,0,0,1,1,1
case_24a6e553,0,0,1,1,1,1
case_bea7b4de,0,0,1,1,0,1
case_ece6e650,1,1,1,1,1,1
case_77ac5b9f,0,1,1,0,1,1
case_5ca1d2ac,1,1,1,1,1,1
case_1c3cbeff,0,1,1,0,1,1
case_8539f69e,1,1,1,1,1,1
case_5e7b3bcb,1,1,1,1,1,1
case_6ace4735,1,0,1,0,0,1
case_d3d4b934,1,0,1,1,1,1
case_b721aef8,1,1,0,0,1,1
case_d510be56,0,0,1,0,1,1
case_ada9dd50,1,0,1,0,1,0
case_c45a6d67,0,1,1,1,0,1
case_41318a33,1,0,1,1,1,1
case_0fd3e3a5,0,0,1,1,1,1
case_50b33c17,0,0,1,1,1,1
case_c05e47ef,0,1,1,0,1,1
case_f6930c29,0,0,1,1,0,1
case_40c8e9de,0,0,1,0,0,1
case_25d24b04,1,0,1,0,1,1
case_4e6f63b2,1,1,1,1,1,1
case_c214e6fb,1,1,1,1,1,0
case_69a0af02,1,1,1,0,1,0
case_7e06654d,1,1,1,0,1,1
case_0a8d5234,0,0,0,1,0,1
case_72f1d346,0,0,1,0,1,0
case_0228ecdf,1,0,1,1,1,1
case_37a17c76,1,1,1,1,0,0
case_b3ac8ad1,0,0,0,1,0,0
case_b23885e0,0,1,1,1,1,1
case_04e08bea,1,1,1,1,1,1
case_a5f9a4de,0,0,0,1,0,1
case_95fbbfbd,1,0,1,1,1,1
case_45a70316,0,1,0,0,1,1
case_7337e57c,1,1,1,1,0,0
case_a45e6df1,1,0,1,0,1,0
case_fd719084,1,0,1,1,1,1
case_27d2c361,0,1,0,0,1,1
case_a973469d,1,1,1,1,1,1
case_9aa273aa,0,1,1,1,1,1
case_4953079f,1,1,1,0,1,0
case_1a059e67,1,0,0,1,1,1
case_4cfc4551,0,0,1,1,0,1
case_a1bedd3c,1,1,1,1,1,1
case_fe283bc9,1,1,1,1,1,1
case_92a1e7df,1,0,0,1,0,1
case_857b4a38,1,1,1,1,0,1
case_51589b6a,0,1,0,1,1,1
case_37f582b3,0,1,1,1,1,1
case_e0ba5e5f,1,1,1,0,1,1
case_8765616d,0,1,1,1,0,1
case_896aa5e4,1,0,0,1,0,1
case_e50f7694,1,1,1,0,1,1
case_b807f852,1,1,1,1,1,1
case_86b24289,1,0,1,0,0,1
case_731297fb,1,1,1,0,0,1
case_47fb7650,0,1,1,1,0,1
case_2510b88f,1,0,0,1,0,0
case_e1981ef8,1,1,1,1,0,0
case_54980353,1,1,1,1,0,1
case_6b5353d4,1,1,1,0,1,1
case_0fbd60e5,1,1,0,1,1,1
case_adc04136,1,1,1,1,1,1
case_512229d1,1,1,1,1,1,1
case_766820aa,1,0,1,1,0,1
case_2e1b1cd6,1,0,1,1,0,1
case_8faa34e3,1,1,1,0,1,1
case_58b7a4af,1,1,0,1,0,1
case_0f64b58b,0,0,1,0,1,1
case_b3d00387,0,0,1,1,1,0
case_1c9fbad4,1,1,1,1,1,1
case_2c75719c,1,0,1,1,1,1
case_a043b753,1,0,1,1,1,1
case_97154684,1,0,0,1,1,1
case_97201567,1,1,1,1,1,1
case_6e4f8ccf,0,0,1,1,1,1
case_71c8f2d5,1,1,1,1,1,1
case_979d659a,1,1,1,1,1,1
case_0b775d61,1,0,1,1,0,1
case_21501a2e,1,0,1,1,1,1
case_dbfcae9a,1,0,0,0,0,1
case_5c256486,1,1,1,0,0,0
case_f04a3381,1,1,1,1,1,0
case_0cd9d36d,1,1,1,1,1,0
case_3cf9391b,0,0,1,0,1,1
case_8ad0e0a4,1,1,1,1,1,1
case_ef0e3429,1,1,1,1,1,1
case_3fd4caa5,0,1,1,1,1,1
case_6994f51d,1,1,1,1,1,0
case_e12e09e5,1,1,1,0,1,1
case_0af2f7e0,1,1,1,1,0,1
case_0298c04b,1,1,1,1,1,1
case_b3983071,0,1,1,1,1,0
case_d1449fca,0,0,1,1,1,0
case_efdfaf04,0,0,1,0,1,1
case_d53894d2,1,0,1,0,1,1
case_1daffffd,0,1,1,0,0,1
case_f4da04da,1,1,1,1,1,1
case_34270314,1,0,1,1,0,1
case_b7d663e3,0,1,1,0,0,1
case_4fe3010e,0,1,0,0,1,1
case_4c6f4ccb,0,0,0,1,1,1
case_5547bf15,1,1,0,0,0,0
case_91857aac,1,0,1,1,0,0
case_9436c6f3,1,0,1,1,1,1
case_abeec588,1,0,0,1,0,1
case_4e314a09,1,0,0,0,1,1
case_a078ddb1,0,1,1,0,1,1
case_95bb032f,1,1,1,1,0,1
case_a10b361f,1,1,0,1,1,1
case_72f2972c,0,1,1,1,0,1
case_52b47247,0,0,1,0,1,1
case_110ab3e1,1,1,1,1,1,1
case_295d0c9b,1,1,1,1,1,0
case_8ebd4c1d,1,0,1,1,0,1
case_24b22117,0,0,1,1,1,0
case_4af46fdd,1,1,1,1,1,0
case_dfb59d75,1,1,1,1,1,1
case_40d76074,1,0,1,0,1,1
case_5e3b47b2,0,0,1,1,1,1
case_a0130cfa,1,1,1,1,1,1
case_05b49310,1,1,1,1,1,1
case_82134bb9,1,0,1,0,1,0
case_78d312bd,1,1,0,0,0,0
case_3ee9b16f,0,0,1,1,0,0
case_31494af8,1,1,1,1,1,1
case_67177b56,1,1,1,1,0,1
case_ad4b7528,1,1,1,1,1,0
case_f7731ba8,0,0,1,1,0,1
case_d01a9651,0,0,1,1,1,1
case_c58c42e4,1,0,1,0,1,0
case_a1344c39,1,1,1,1,1,1
case_590bb689,0,0,1,1,1,1
case_879e31c2,1,0,1,1,1,1
case_f27ebea6,0,0,0,1,0,0
case_7981798b,1,1,1,1,1,0
case_48b6ff67,1,1,1,1,1,1
case_f0a4673e,1,0,1,0,1,1
case_413f93de,1,1,1,1,1,1
case_cb5eac4e,0,1,0,1,1,1
case_ba6a1284,1,1,0,1,1,1
case_ed540399,0,0,0,1,0,1
case_cec5812b,0,0,1,1,0,0
case_531d161e,1,0,1,1,1,1
case_48029794,0,0,0,1,0,1
case_ca7a260b,0,1,1,1,0,0
case_e69320ab,1,1,0,1,1,1
case_fece1828,0,1,1,0,0,1
case_63ea596e,1,1,1,1,1,1
case_3e4d2e28,0,1,1,1,0,0
case_bb611459,0,1,0,0,0,0
case_63b5866a,1,1,1,1,0,1
case_8d018c3e,1,1,1,0,0,1
case_495c0691,1,1,1,1,1,1
case_3bd96f26,1,0,1,0,1,1
case_0b693c77,1,0,1,1,0,1
case_8c858ff6,1,0,1,0,0,1
case_1eb16625,0,0,0,0,0,1
case_c85962c9,1,0,0,1,1,1
case_a0dddde5,1,1,1,1,1,1
case_8d3e0ed2,1,1,0,1,1,1
case_4c743add,0,1,1,1,0,0
case_c2ab888c,1,1,1,1,1,1
case_95ac4839,0,1,1,0,0,1
case_9cdd1e84,1,1,1,1,1,1
case_ceb1e630,0,0,1,0,0,0
case_08847e0f,1,1,1,0,1,1
case_267877b6,1,0,1,1,0,1
case_d458692c,1,0,1,0,0,1
case_b98447c7,1,0,0,0,0,1
case_f01d4a6e,0,0,0,1,0,1
case_acc8560f,1,1,1,1,1,1
case_aef83c8b,0,0,1,0,0,1
case_e6536b7a,1,0,1,0,1,1
case_2a1d7a12,1,0,1,1,1,1
case_05e7d7df,1,1,1,1,1,1
case_03a67ebd,1,0,1,1,0,0
case_3a6a2cf1,1,1,1,1,1,1
case_efac7f71,0,0,0,0,1,1
case_ed52021d,0,1,1,1,1,0
case_8f7b6686,1,1,1,1,1,1
case_f57a3ad8,1,1,1,1,1,1
case_aabb9b86,0,0,1,1,1,1
case_da07bf8b,0,1,1,1,0,0
case_73ecbfb3,0,1,1,1,1,1
case_29b6c2fc,0,0,0,0,1,0
case_79646df5,0,0,1,0,0,0
case_c7dc9eb8,0,0,1,0,1,1
case_c96c2417,1,0,1,1,0,0
case_c67162c6,1,1,1,1,0,1
case_9bd9e2fe,0,1,1,1,1,1
case_281662fb,1,0,1,1,0,1
case_963268cf,1,0,1,1,1,1
case_74aea26d,0,0,1,1,1,1
case_d542e0bb,0,1,1,0,1,1
case_4c9c756c,1,1,1,1,0,1
case_6337c03f,1,1,1,1,1,1
case_43d7c9be,1,1,1,1,1,1
case_b4c83954,1,1,1,0,1,1
case_e64e97dd,1,1,1,1,1,1
case_ba419108,0,0,1,1,1,0
case_57d8e351,0,0,1,1,1,1
case_e3241b05,0,0,0,0,0,1
case_facb207a,1,1,1,1,1,1
case_9041eb06,0,0,0,1,1,1
case_bf842e48,1,1,1,1,1,1
case_65ad17df,0,1,1,0,0,1
case_d10e3a50,0,1,1,1,1,0
case_e1bb567e,0,0,0,1,0,0
case_887e5a12,0,1,1,0,0,1
case_9822ead9,1,0,1,1,1,1
case_56f54f72,0,0,1,0,1,0
case_c8408722,1,1,1,1,1,1
case_efbf04aa,0,0,0,0,1,1
case_8ae65550,1,1,1,0,0,0
case_8e74d903,1,0,1,1,1,1
case_2ace7ea9,0,1,1,1,1,1
case_01c8597f,1,0,1,1,1,1
case_deaede78,1,1,1,0,1,0
case_cccaeec9,1,1,1,0,0,1
case_bbceb785,0,0,1,0,1,1
case_1d24796f,1,0,1,1,1,0
case_4402cd6a,1,0,0,1,1,1
case_cbc5c215,1,1,1,0,1,1
case_cdb1d153,1,1,1,0,1,1
case_6d0e3cf7,1,1,1,0,1,1
case_d1452956,0,1,1,1,1,1
case_49099cbd,0,1,1,0,1,0
case_9ef963c0,1,1,1,0,0,0
case_39068183,1,1,1,1,1,0
case_b3bd88d5,1,1,1,1,1,1
case_1ac3df04,0,0,1,1,1,1
case_e7b24f8d,1,1,1,1,1,1
case_1011b173,1,1,1,1,1,1
case_f26dc27f,0,1,1,1,0,0
case_fd66e45f,1,1,0,1,1,1
case_65540a9e,1,1,1,0,0,0
case_25faffe7,0,0,1,0,0,1
case_d95b3626,1,1,1,0,0,0
case_b7a83ef3,0,0,1,1,1,1
case_166aacb0,1,1,1,0,0,1
case_9c593d1e,1,1,1,1,1,1
case_40685ea2,1,1,1,1,1,1
case_b349c979,1,0,0,0,1,1
case_4c173cbd,1,1,1,1,1,1
case_475df22f,1,0,1,0,1,1
case_22e422e4,1,1,1,1,1,1
case_03868dc1,1,1,1,1,1,1
case_f73b6713,0,0,1,1,1,1
case_55eb312c,1,1,1,1,1,1
case_d8a4a058,1,1,1,0,1,0
case_413841ef,1,1,1,1,1,1
case_27d2833c,1,0,1,1,0,1
case_75857493,0,1,1,0,1,1
case_313ad104,0,1,1,1,1,1
case_8839fe53,0,0,1,1,0,1
case_16fcc3c6,0,1,1,0,1,1
case_b562740a,1,1,1,1,1,1
case_ac4d5b7e,0,0,1,0,1,1
case_33beebcc,1,1,1,0,1,1
case_1fe9d05e,1,1,1,1,1,1
case_01a5ad69,0,1,0,1,1,1
case_52d46509,0,1,1,1,1,1
case_3cd8a8c4,1,0,0,0,0,1
case_1be8d3bf,1,1,1,1,1,1
case_c8b2bc08,1,1,1,0,0,1
case_393e6bd4,0,1,1,1,1,1
case_839dbfe2,0,0,1,0,0,0
case_f6908e04,1,1,1,1,1,1
case_5c34a604,1,1,1,0,0,0
case_fec3d0ea,1,1,1,0,1,1
case_4be9d0b3,0,1,1,1,1,1
case_7dbd9c82,1,1,1,1,1,1
case_5d539a0d,1,0,1,1,1,1
case_261e7c45,1,1,1,1,0,1
case_73ac19b5,1,0,1,1,1,1
case_1bfce96c,0,0,1,0,0,1
case_3b0c01a9,1,1,1,1,1,1
case_8c2e192d,1,1,1,1,0,1
case_7374c7dc,1,0,1,1,1,0
case_67f0836c,0,1,1,1,1,1
case_f2f4d5ed,1,1,1,0,1,1
case_1238629f,0,0,1,0,0,1
case_34d96d58,0,1,0,0,0,0
case_e367587f,1,1,1,1,1,1
case_1893ac3f,1,0,1,1,1,1
case_5a348600,0,1,1,1,1,1
case_d62db624,1,1,1,1,1,1
case_fe057aee,0,1,1,1,1,1
case_cfa5c71d,0,1,1,1,0,0
case_42d6d118,1,1,1,1,0,1
case_9b381223,1,1,1,1,1,1
case_f2937112,1,0,1,0,1,1
case_5b0f542f,0,0,1,1,1,1
case_ee3196e1,1,0,1,1,1,1
case_553e306f,1,1,1,1,0,1
case_72115e19,0,0,1,1,1,1
case_607bd0ef,0,1,1,1,1,1
case_0dd880d7,1,0,1,1,1,1
case_01189cc3,1,0,1,1,1,1
case_2c0b9178,0,1,1,1,1,1
case_f691fc90,1,0,0,0,1,1
case_320a69cd,1,1,1,1,1,1
case_20f2dbb9,0,0,0,0,0,0
case_9cbdf1c7,1,0,1,1,1,1
case_dbd6ac9c,0,0,1,1,1,1
case_9db8923f,0,1,1,1,1,1
case_592419eb,0,1,1,0,1,1
case_881b284c,1,1,0,1,0,0
case_29b9a614,1,1,1,1,1,1
case_9496dda1,0,0,1,1,0,1
case_07bf2f6a,1,1,1,0,1,1
case_71e4ee40,1,1,1,1,1,1
case_92bc516c,0,0,1,0,1,1
case_e1808724,1,1,1,0,0,1
case_3b520f31,1,1,1,1,1,1
case_459a914a,1,1,1,1,1,1
case_4ec6c8c6,1,0,0,1,1,1
case_69b89b74,1,1,1,1,1,1
case_e49c8c58,0,0,1,1,0,1
case_0e8ff314,1,1,1,1,0,1
case_94f79aa1,1,0,1,0,0,1
case_a3c9a92d,1,1,1,1,1,1
case_95777e00,1,0,0,1,1,0
case_b1a3460b,1,1,1,1,1,0
case_cfdcd120,1,1,1,1,1,1
case_b1585e53,1,1,1,1,1,1
case_72e7b64b,1,0,1,1,1,1
case_4374b160,0,0,1,0,0,1
case_0b60dda3,0,1,1,1,1,1
case_d772c66b,1,0,1,1,1,1
case_6166af42,0,1,1,0,1,1
case_c121c559,1,1,1,1,1,1
case_05d3b460,1,1,0,1,1,1
case_ed2f0572,0,0,1,0,0,1
case_eedf5160,0,1,1,1,1,1
case_5d5d685e,0,0,1,1,1,1
case_8b8ad140,1,0,1,0,0,1
case_da0e9995,0,0,0,1,0,0
case_2a4dbf2f,1,0,1,1,0,0
case_9ea7c42b,1,1,1,1,1,1
case_b54d9109,1,1,1,0,1,1
case_56054eaa,1,1,1,0,1,1
case_f2fe7716,1,0,0,0,0,1
case_3e39042c,0,0,0,0,1,1
case_9fd19ba1,0,0,1,1,1,1
case_47eecd14,1,0,1,1,1,1
case_5a5d907a,0,0,1,1,1,1
case_a3227072,1,1,0,0,1,0
case_61c6859e,1,0,1,0,0,1
case_7242f5fd,1,1,0,1,1,1
case_9dbbde7b,0,1,1,1,0,1
case_9fae5fae,1,1,1,1,1,1
case_0d6c28a3,1,1,1,0,1,1
case_62509afb,1,1,1,1,1,1
case_52d61bbf,1,1,1,1,0,1
case_145f1ad1,1,0,1,1,1,0
case_c2aef935,0,1,1,1,0,1
case_f450ca68,1,0,1,1,1,0
case_4db73714,1,1,1,1,1,1
case_e2d072df,0,1,0,0,1,1
case_ebd9d710,1,1,1,1,1,0
case_562efc3d,0,0,0,0,0,0
case_6d650068,0,1,1,1,1,0
case_faf96a18,1,1,1,1,1,1
case_bfc72d24,1,1,1,1,1,1
case_4c9d7aa4,0,1,1,1,1,1
case_2769bedf,0,0,0,0,1,1
case_020f25d1,0,1,1,0,1,1
case_3f2e7647,1,1,1,1,1,1
case_1dc67bb1,1,1,1,1,1,1
case_8edee586,0,1,1,1,1,1
case_490aa86b,1,1,1,1,1,1
case_84d2efaf,1,1,1,1,1,1
case_06399d17,0,1,1,1,1,0
case_2d47a9d2,1,1,0,1,1,1
case_6640da02,1,1,1,1,1,1
case_f4cac1f6,1,1,1,1,1,1
case_c7660b04,0,1,1,1,0,1
case_cfd5f378,0,1,1,0,1,1
case_bb81f522,1,1,1,0,1,1
case_30a1ef0e,1,1,1,1,1,1
case_07082274,0,1,1,0,0,1
case_09cc8b59,1,0,1,0,1,0
case_f46da779,0,1,0,1,1,0
case_c62908db,1,1,1,1,1,1
case_5518dc43,1,1,1,0,1,1
case_e281cb40,1,1,1,0,1,1
case_8597e641,0,0,1,1,0,1
case_282a59f7,1,1,0,1,1,1
case_f9a1d266,1,1,1,1,1,0
case_8580c841,0,0,1,1,1,1
case_b09332bf,1,1,1,0,1,0
case_360feae1,0,0,1,1,1,1
case_cc45b730,1,1,1,0,1,1
case_3cce3add,0,1,1,1,0,1
case_3d7f4614,0,1,1,0,1,0
case_7c074b07,1,1,1,1,0,1
case_704ba64f,1,1,1,1,1,1
case_76d3b1db,1,1,1,1,1,1
case_a3f7b411,1,1,1,0,1,0
case_2dc4bcb3,1,0,1,1,1,1
case_7fd05855,1,1,1,1,1,1
case_7d219aaa,0,1,1,0,1,1
case_289cc970,0,1,1,1,0,1
case_8de53f6b,0,1,0,0,1,0
case_93bb77f1,1,0,1,1,0,1
case_f5430914,0,1,0,1,1,1
case_ed9445b9,1,0,1,1,1,0
case_9461f61b,1,1,1,1,0,1
case_d69e77cd,0,0,1,1,1,0
case_9e522a1e,1,1,1,1,1,1
case_22a1b0eb,1,1,1,0,0,1
case_80536094,1,1,1,1,1,1
case_97d71aee,1,0,1,1,0,0
case_bf84c0c3,0,1,1,1,0,1
case_093d5eea,1,1,1,1,1,1
case_4b5533da,0,1,1,1,1,1
case_750446e9,1,1,1,1,1,1
case_c8ab7bc6,0,0,1,0,0,1
case_6c25f896,0,0,1,0,1,0
case_49c6eadf,1,0,1,1,1,1
case_33f8e1fa,1,0,1,1,0,1
case_767cdae7,1,1,1,1,1,1
case_e5bc1000,1,1,1,1,1,1
case_388aa5f1,1,1,1,1,1,1
case_e8cc7484,0,1,1,1,1,1
case_fc786bc1,1,0,1,1,1,1
case_686085ef,1,1,1,0,0,1
case_8fb353fa,1,1,0,1,1,1
case_d2a0ce95,1,1,1,0,1,1
case_445e24f9,1,1,0,1,1,1
case_c7cc768f,1,1,1,1,1,0
case_a28b62e9,0,1,1,1,0,1
case_3c4a98f4,1,1,1,0,0,1
case_ee304cda,1,1,0,1,0,0
case_9e7c59cf,0,0,1,0,0,1
case_1d16d731,0,1,1,0,1,1
case_574d6e41,1,0,1,1,1,1
case_da4ce3c7,0,0,1,0,0,1
case_11fc7a45,1,1,1,1,1,1
case_2d6d9ecf,1,1,1,1,1,1
case_e8ce522c,1,1,1,1,1,0
case_b9c62c37,0,1,1,1,0,1
case_d2d1912a,1,0,1,1,0,0
case_339072a3,1,0,1,0,1,1
case_95e633b6,0,1,1,1,1,1
case_ef53bed4,1,1,1,1,0,1
case_adf4cbd1,0,0,1,1,1,1
case_f1b794f2,0,1,1,1,1,0
case_eb646b9a,0,1,1,1,0,1
case_ea677ac8,0,1,0,1,1,1
case_1839fa50,1,1,1,1,1,1
case_5b26de57,1,0,1,1,1,0
case_57d62c33,0,1,1,0,0,1
case_c5d14d66,0,1,1,1,1,0
case_973d2d8e,1,1,1,0,1,1
case_6988b900,0,0,0,1,1,1
case_1f748ca1,1,0,1,1,0,0
case_d9b01c81,1,0,1,1,1,1
case_630a121f,0,0,1,0,1,1
case_3cf0b5f0,1,1,1,1,1,1
case_48cd2ef4,1,1,0,1,0,1
case_de329e16,0,0,1,1,0,1
case_6575e8ab,1,1,1,0,0,1
case_ae484eda,0,1,1,1,0,1
case_57109957,1,1,0,1,1,1
case_8466e183,1,1,1,1,1,1
case_c04e9173,1,1,1,1,1,1
case_326de14b,1,1,1,1,0,1
case_48a9c805,1,1,1,1,1,1
case_8acbd862,0,0,1,0,1,0
case_0fedac0f,1,1,1,1,1,1
case_71a5f20e,0,0,1,0,1,1
case_792edade,1,1,1,0,0,0
case_9bad1f07,0,1,1,1,1,1
case_5595e1b2,0,0,1,1,0,0
case_2ed9ab05,0,1,0,1,1,1
case_7802a052,0,0,1,1,1,0
case_2dc35174,1,1,1,0,0,1
case_bb3c3960,1,1,1,1,1,1
case_91e4a7cc,1,0,1,1,1,1
case_601a7c4f,1,0,1,1,0,1
case_fc6484eb,1,1,1,1,0,1
case_26acf5b3,0,0,1,1,1,1
case_0e373ed0,1,1,1,1,1,1
case_ff839304,0,1,1,1,0,1
case_843a5811,1,1,1,1,0,0
case_9a9023f8,0,1,1,1,1,1
case_eca51bf4,1,1,1,1,1,0
case_db913ab5,1,0,0,1,1,1
case_7608b0a6,1,1,1,1,1,1
case_1bc4dcb4,1,1,1,1,1,1
case_663e04d5,0,1,1,1,0,1
case_30936613,0,1,1,1,1,1
case_07985fe3,0,0,1,0,1,0
case_57711f7b,1,1,1,1,1,1
case_9b82a259,1,1,1,1,1,0
case_8d08ca76,1,0,1,0,1,1
case_eb909d90,1,1,1,1,1,1
case_b67a6ad7,1,1,0,1,1,1
case_c8822225,0,0,0,1,0,1
case_da8db2f3,1,1,1,1,1,1
case_2120e7f2,0,1,0,1,1,0
case_06b7a5ba,1,1,1,1,1,1
case_2eb6557f,1,1,1,1,1,0
case_c6c36577,0,1,1,1,0,0
case_d78bab6a,1,1,1,0,1,1
case_84155bef,0,1,1,1,1,1
case_048b81d8,1,1,1,1,1,1
case_56760a4c,1,0,1,1,1,1
case_ea4693a8,0,0,1,1,0,1
case_bce92d7f,0,1,1,0,0,1
case_4bb7c545,0,0,1,1,1,0
case_e91e6092,1,0,1,1,1,0
case_576e93ac,1,1,1,1,1,1
case_ad2badbe,1,1,1,1,1,1
case_7931ba98,1,1,1,0,1,1
case_88b2a964,1,0,1,1,1,1
case_d0931f77,0,0,1,1,1,0
case_e3d3aaed,0,1,1,1,1,1
case_cc68c018,0,1,1,1,1,1
case_39737f84,1,1,1,1,1,0
case_a4687ca2,0,0,1,0,0,0
case_4c922945,0,1,1,1,1,1
case_7c7eaab8,0,1,1,0,0,1
case_0461a117,0,1,0,1,1,1
case_31f37ebb,1,1,1,1,1,1
case_9df1869a,1,1,1,1,1,1
case_176ac434,1,1,1,1,1,1
case_9ca04348,1,1,1,1,1,1
case_96c24531,0,1,1,0,1,1
case_753ef5d1,1,0,1,1,0,0
case_9414f943,0,1,0,0,1,1
case_72672b59,1,1,1,1,0,0
case_efc2e5fd,0,0,1,1,1,1
case_874c88fc,0,1,1,1,0,0
case_a30b3ebf,0,0,1,1,1,0
case_beb9054d,1,1,1,1,1,1
case_41b6d6cd,1,1,0,1,1,1
case_22a5f6b0,1,0,1,1,0,1
case_c91b3ae6,1,0,1,0,1,1
case_52382e82,1,0,1,1,1,1
case_3a5628c3,0,0,0,0,1,1
case_8b3e7fa3,0,1,1,1,1,1
case_b31cfcb3,1,1,1,0,1,1
case_1528ae8a,1,1,0,1,1,1
case_21a03e7d,1,0,1,1,1,1
case_75532dcf,1,1,0,1,1,1
case_5de52c7c,1,0,1,1,1,0
case_816db137,1,1,1,0,1,1
case_ede678aa,0,1,1,0,1,1
case_2de534eb,0,1,0,1,1,1
case_d6f3f1d3,0,0,1,1,1,1
case_b2a059ae,1,0,1,0,1,1
case_2900a451,0,0,1,1,1,1
case_0538c4ff,1,1,1,1,1,1
case_470071c9,1,1,1,1,0,1
case_ebaede9f,1,1,1,0,1,0
case_265ab5db,1,0,1,1,0,1
case_2c82cf49,1,0,1,0,1,1
case_a66447c5,1,1,1,1,1,1
case_c60ad597,1,1,1,0,0,1
case_3e2c6f42,1,1,1,1,1,1
case_0dc78c2b,0,0,1,0,1,1
case_c4ba1132,1,0,1,1,1,1
case_f7bd6079,1,1,1,1,0,1
case_9a2f05e3,0,1,1,1,1,0
case_66708600,0,1,0,0,0,0
case_04b904f4,1,0,1,1,1,1
case_8ed42406,1,1,1,0,1,0
case_1f60f4d1,1,0,1,0,0,1
case_e32612c7,1,1,1,0,0,1
case_decd4628,1,1,1,1,1,1
case_0b9cbe40,0,1,1,0,1,1
case_d854f1fe,1,1,1,1,1,1
case_bb76f349,1,1,1,1,0,1
case_c8c048da,0,1,1,1,1,1
case_14bea729,1,1,1,1,1,1
case_bee65873,1,1,1,1,1,1
case_a8e42d69,0,1,1,1,0,1
case_8d85b9d0,1,1,1,1,1,1
case_a3e3d02a,1,1,1,1,0,0
case_d16d8ceb,1,0,1,0,1,0
case_ae435dc6,1,1,0,0,0,1
case_c0ced249,1,0,1,1,0,1
case_90e2308d,1,0,1,0,0,1
case_e9cec034,1,1,0,1,1,1
case_8361de6b,1,1,1,1,1,1
case_bc8feb0c,1,1,1,1,1,1
case_04ec0c3b,1,1,1,0,0,0
case_7ccfddaa,0,1,1,1,1,1
case_2f3a271e,1,1,0,1,1,1
case_ecd91a47,1,1,1,0,0,1
case_e8f48b70,0,0,1,1,1,1
case_59a4a3c3,1,1,1,1,1,1
case_c2b307a1,1,1,1,1,1,1
case_6bdb8b54,1,0,0,1,0,1
case_3ff73916,0,0,1,0,0,1
case_a08d177e,1,1,1,1,1,1
case_9cd7527f,1,1,1,1,0,1
case_29ef8bee,1,1,1,0,0,1
case_308bb827,0,0,1,0,1,0
case_505cde11,1,0,0,0,1,0
case_728762b5,1,0,1,0,1,0
case_e14d299e,0,1,1,1,1,0
case_f53bed8a,1,1,1,1,0,1
case_4b5ce857,1,1,0,0,1,0
case_b425a8ff,1,1,1,1,1,1
case_84745c12,0,1,1,0,1,1
case_ffee1a11,0,0,1,1,0,1
case_b74534c0,0,0,0,1,0,0
case_49abdcab,1,0,1,1,0,0
case_ce8fc330,1,0,1,0,0,0
case_81f6c61a,1,0,1,1,0,0
case_9583d3ba,1,1,1,1,1,1
case_472c1977,1,1,1,1,1,1
case_ba371329,1,0,1,1,1,1
case_8cc7f517,0,1,1,1,1,1
case_18cfabb9,0,1,1,0,0,1
case_77b4ce1c,1,1,1,1,1,1
case_e8fcb9f4,0,0,1,0,1,1
case_27d17548,1,1,1,0,1,1
case_2d81f867,0,0,1,0,1,0
case_b7b36f20,0,1,1,0,1,0
case_2b928881,0,1,1,1,1,1
case_1a218767,1,1,1,0,0,1
case_dec50ccf,1,1,1,1,1,1
case_994a8874,1,1,1,0,1,1
case_839ff870,1,1,1,1,1,1
case_eddce36e,1,1,1,0,1,1
case_793eda4f,1,1,1,1,1,1
case_e212dd76,1,1,1,1,1,1
case_49abb286,0,0,1,0,0,1
case_c13c82d3,1,1,1,1,1,1
case_a2538d2b,1,1,1,1,1,1
case_9cb2326f,1,1,1,1,1,1
case_356b718d,0,0,1,0,1,1
case_6cf045f6,0,0,1,0,1,1
case_7ad99d4c,0,0,1,0,1,1
case_4e7c4817,0,1,1,1,0,1
case_60d39f54,1,1,1,1,1,1
case_94f801d5,1,1,1,0,1,1
case_b0e653ba,1,1,1,1,1,1
case_c170d456,0,0,1,1,1,1
case_7ea6801c,1,1,0,1,1,1
case_2d6ad058,1,1,1,1,0,1
case_2295cf7b,1,0,1,1,1,1
case_acda318f,0,1,1,0,1,1
case_82ff9b7f,1,1,1,1,1,1
case_1e2aede9,1,1,1,1,1,1
case_92531c5d,0,1,1,1,1,1
case_b25eb26d,0,1,1,1,1,1
case_a4eb9e84,1,0,1,1,0,1
case_18a6cf63,1,1,1,1,1,1
case_5b1063f7,0,1,1,1,1,1
case_4369b0f3,0,1,1,0,1,1
case_33af1b2c,1,1,1,1,1,1
case_ef1b1f8d,0,1,1,0,1,0
case_a202f951,0,1,1,1,1,1
case_056623fb,1,0,1,0,1,1
case_518d07bf,0,1,1,1,1,1
case_83933cad,1,1,1,0,1,1
case_0456682f,1,1,1,1,1,1
case_e1597f87,1,0,1,1,0,1
case_e1c87253,1,1,1,1,1,1
case_4b463539,1,1,1,0,0,1
case_48d26a18,1,0,1,1,1,0
case_cfb12a8c,0,1,1,0,1,1
case_e4e0ca25,1,1,1,1,0,1
case_5cf91b4a,1,1,1,1,1,1
case_c65a4495,1,1,0,1,1,1
case_315504ac,1,1,1,1,0,1
case_2b8b619c,1,1,1,1,1,1
case_a5abf8b9,0,1,1,0,0,1
case_1b2e1767,1,1,1,1,1,1
case_5738955c,0,0,0,1,0,1
case_e2c060ce,1,1,0,0,1,1
case_7914d311,1,1,1,1,1,0
case_bd316098,1,1,1,1,0,0
case_54b41814,0,1,1,1,1,1
case_72a15b0d,1,1,1,1,1,1
case_e2775108,0,1,1,1,0,0
case_9014c491,1,1,1,1,1,1
case_7d167cf5,0,1,1,0,0,1
case_b2a3f228,0,0,1,1,1,1
case_1f54fef6,1,0,1,1,1,1
case_ddd8686f,1,1,1,1,1,1
case_3b5297ee,0,1,1,0,1,1
case_025ce359,1,1,1,0,1,1
case_83c3f63e,0,1,1,0,1,1
case_60da6844,1,1,1,0,1,1
case_91d9d78e,1,0,1,1,1,1
case_382b6ab3,0,0,0,1,1,1
case_c15c6884,1,1,1,1,1,1
case_51e1cb25,0,1,1,0,1,1
case_2b44e006,1,1,1,1,1,1
case_3fd7f59e,1,1,1,1,1,1
case_798f021b,1,0,1,0,0,1
case_091678a4,1,1,1,1,1,1
case_25bbc31c,0,0,1,0,1,0
case_68ca70dd,0,1,1,1,1,1
case_601a6a60,0,0,1,0,1,1
case_37ed20d1,0,1,1,0,1,1
case_6f0fff12,0,1,1,1,1,1
case_cfb3da9e,0,0,1,1,1,1
case_93b6cdc4,0,0,1,0,1,0
case_16118aae,0,0,0,0,1,1
case_5ce30210,1,1,1,1,1,1
case_4bce5821,0,0,1,1,1,1
case_5d8291e9,0,0,1,1,1,1
case_7e0f4ee1,0,0,1,1,1,1
case_745058e1,0,1,1,1,1,1
case_751a20cb,1,1,1,0,1,0
case_a1502f15,1,0,1,1,0,1
case_c01b3b33,1,1,0,1,0,1
case_c8149333,1,0,1,1,0,1
case_5a80ed25,1,0,1,1,1,0
case_057fbd22,1,0,1,1,1,0
case_0504664b,0,0,1,0,0,1
case_a689e59f,1,1,1,0,1,1
case_065e597a,0,0,1,1,1,1
case_67fbf783,0,0,1,1,1,1
case_3fb4e133,0,0,1,0,0,1
case_264c8ed9,0,0,1,1,0,0
case_e8bf7e23,1,0,1,1,0,1
case_e974b099,1,0,1,1,0,1
case_0f511b12,0,1,1,1,1,1
case_930ca895,1,1,0,1,1,1
case_c71765bb,1,0,0,1,1,1
case_a56751ff,1,1,1,0,1,1
case_ef55a013,1,1,1,1,0,1
case_06578ec5,1,0,1,1,1,1
case_6d852794,1,1,1,1,1,1
case_3b7d779f,1,1,1,1,1,0
case_821c791b,0,0,1,0,0,1
case_a95155da,0,0,1,1,0,1
case_5d3638fd,0,0,1,0,1,1
case_2791c97e,1,0,1,0,0,1
case_7c92f8e5,1,1,1,1,1,1
case_9a310524,0,0,1,1,0,0
case_88e14700,1,1,1,1,1,0
case_3a319e90,1,1,1,1,1,0
case_f01ed864,1,1,1,1,1,1
case_4e8837c3,0,0,0,1,1,0
case_1d3d9ebf,0,0,1,0,0,0
case_1afe23c6,1,1,1,0,1,1
case_a72d178b,0,1,1,1,1,1
case_9cd1949b,1,1,1,1,1,1
case_17c92e82,0,0,0,0,1,0
case_cf0d29b8,1,1,1,0,1,1
case_1d88cc68,0,0,0,0,1,1
case_e892ebd5,0,1,1,0,1,1
case_6decf668,0,1,1,1,0,1
case_050131da,0,1,0,1,1,0
case_4174582d,1,1,0,0,1,1
case_beb5e2b8,1,1,1,1,0,1
case_01e856ed,1,1,1,0,0,1
case_34343a2c,1,1,1,0,1,1
case_b71b3aaf,1,1,1,1,1,1
case_73753733,0,1,1,1,0,1
case_d659cf9d,1,0,1,0,1,0
case_ef45c128,1,1,1,1,1,1
case_94a8ecbd,1,0,0,0,1,1
case_7da1ccc3,0,1,0,1,0,1
case_e0dc6e11,1,0,1,0,1,1
case_ad2ec19b,0,1,1,1,1,1
case_3e2bd5eb,1,1,1,1,1,1
case_e2555ec0,1,0,1,1,1,1
case_8ace6514,1,1,0,1,1,1
case_9e0276e2,1,1,1,1,1,1
case_4f953015,1,1,1,1,1,1
case_01d545f0,1,1,1,1,0,1
case_3ce004e4,1,0,1,0,0,1
case_1ffc397e,0,0,1,1,0,1
case_9cee9cb0,1,0,1,1,1,1
case_00beac21,1,0,1,0,0,1
case_bc8bde55,1,1,1,1,1,1
case_8a00f360,1,1,1,1,1,1
case_9fb7c851,0,0,1,1,1,1
case_60985514,1,0,1,1,1,1
case_0e484f66,1,1,1,1,1,1
case_e8b08eca,1,1,1,1,0,1
case_1bcd6ef5,1,1,1,1,1,0
case_eac51a0a,1,0,1,1,1,1
case_a319ca5d,1,1,1,1,1,1
case_51df098e,0,0,1,0,1,1
case_e48193be,1,1,1,1,1,1
case_2acb3a8a,1,1,1,0,1,0
case_f44bddf1,0,1,1,1,0,1
case_ab252239,1,1,1,1,1,1
case_765a42a9,1,0,1,1,1,1
case_23f5fdce,1,1,1,1,1,1
case_ba9cb3d8,0,1,1,0,1,1
case_af91cf71,1,1,1,1,1,1
case_ac5011bf,1,1,1,1,1,0
case_7dadd9b3,1,1,1,1,1,1
case_720be3bc,1,0,0,0,1,1
case_8dff20a0,1,1,1,1,1,1
case_24e12b0f,0,1,1,0,1,1
case_5f74c226,1,1,1,0,0,1
case_6e0137b6,0,0,1,0,1,0
case_2bca92f3,1,0,1,1,1,1
case_dd42791a,1,0,1,0,1,1
case_1f2fb03b,0,1,0,1,1,1
case_72716775,1,0,1,1,0,0
case_68e99c58,1,1,1,1,1,1
case_f6d54f82,1,0,1,1,1,1
case_e9f497a0,1,1,1,1,0,1
case_bf9726fb,1,0,1,1,1,1
case_3e1f26d7,0,0,1,0,1,1
case_3a291ab4,1,1,1,1,1,1
case_f50c689c,1,1,1,0,1,1
case_7ad50f83,1,0,1,1,1,1
case_7ba6dfc8,1,1,1,1,1,1
case_4718edfd,0,1,0,1,1,0
case_880893f7,1,0,1,1,0,1
case_b9671189,0,1,1,0,1,1
case_45baf0f5,1,1,1,1,1,0
case_d040056d,1,1,1,1,0,1
case_ff36b913,1,1,1,1,1,1
case_5061f83b,1,0,1,1,1,1
case_8a5d0933,1,1,1,1,1,1
case_f6487f04,1,1,1,0,1,1
case_577ca7f2,1,1,1,1,1,1
case_40211457,1,1,1,0,0,1
case_5442c828,0,1,1,1,0,1
case_1825d121,1,1,1,1,1,1
case_405ab62f,0,0,1,1,0,1
case_74363c4e,0,0,0,0,1,0
case_9d701ad0,1,1,1,1,1,1
case_4069511b,1,0,1,1,1,1
case_7237513a,0,0,1,1,0,1
case_2b9914c7,1,1,1,0,1,0
case_b9118407,1,1,1,0,1,1
case_b0495340,1,0,1,1,0,1
case_0d07890a,1,1,1,1,0,1
case_040e059b,1,1,1,1,1,1
case_fe94ac66,1,1,1,1,1,1
case_3df029d0,1,0,0,1,1,0
case_88e54578,0,0,1,1,1,1
case_0ee3c1e7,1,1,1,1,1,1
case_a1b53cbb,0,1,1,0,1,1
case_81c84750,1,1,1,1,1,1
case_40c045ec,1,1,1,0,0,1
case_33e521b3,1,1,0,0,0,1
case_1abae889,0,0,1,1,1,1
case_de9ad5ca,1,0,1,1,1,1
case_5cc88b8d,1,1,1,1,0,1
case_babc8208,0,0,1,0,1,0
case_6c9f858e,1,1,1,1,1,0
case_37e0a20e,1,1,1,1,1,0
case_f3643835,0,0,1,0,1,1
case_57e9e486,1,1,1,1,1,1
case_302e31cc,0,1,1,1,1,1
case_2cda3340,0,1,1,1,0,0
case_ba9ac4ad,1,1,1,1,1,1
case_52aac849,1,0,1,1,1,1
case_3dbeec2d,1,0,0,1,1,1
case_4688f3a2,1,1,1,1,1,1
case_c7ec0802,1,1,1,1,1,1
case_68bda7a0,0,1,1,1,1,1
case_816f1f94,1,1,1,1,1,0
case_594e2b5a,1,0,1,1,1,0
case_6167d137,0,0,1,0,0,0
case_cbe42581,1,1,1,1,1,1
case_864d7cb0,1,1,1,0,1,1
case_649f26cb,0,1,1,0,0,1
case_aea134bd,1,1,1,1,1,1
case_20e3b34a,1,0,1,1,1,1
case_e3d271f0,1,1,1,1,1,1
case_bf2d8bdb,0,0,0,0,0,0
case_414c5e2b,1,1,1,1,1,1
case_9b748fe7,0,0,1,0,1,1
case_2e05aa81,1,0,1,1,0,1
case_ef057ca8,1,0,1,1,1,1
case_b7b476c7,0,1,1,0,0,1
case_5c41429c,0,0,0,0,0,0
case_51105e0d,1,1,1,0,1,0
case_815ccaa5,1,1,1,1,1,1
case_32fcbbf1,1,1,0,0,1,1
case_d6d2512f,0,0,1,0,0,0
case_914adca0,1,1,1,1,0,1
case_af1d2331,1,0,1,1,1,1
case_ba7f9524,1,1,1,1,1,1
case_b29c102d,0,1,1,1,1,1
case_9ce2800a,1,0,1,0,0,0
case_46a5a5db,1,0,1,1,1,0
case_9197a7d7,1,1,1,1,1,1
case_79ad0eb4,0,0,1,0,1,1
case_520d23d3,0,1,1,1,1,1
case_f8a296ba,1,1,1,1,1,0
case_c43edf0c,1,0,1,1,1,1
case_d7e0a8bb,0,1,1,1,0,1
case_4ca171c1,0,1,0,1,0,0
case_14936b6b,0,0,1,1,1,1
case_4feada38,1,1,1,1,1,1
case_a5503e5b,1,1,1,1,1,1
case_293edc4a,1,0,1,1,1,1
case_7cd76b06,1,1,0,0,0,0
case_e89c443a,1,1,1,1,1,0
case_5519a7bd,1,1,1,0,1,1
case_3a8c5a26,1,1,1,0,0,0
case_529175bf,1,1,1,1,1,1
case_583838e4,0,0,1,0,1,1
case_2d23e40f,1,0,1,0,1,1
case_0631d060,1,1,1,1,1,1
case_279a994b,0,1,1,1,1,1
case_77015c95,0,0,0,0,0,1
case_c23b9bbd,1,1,1,1,1,1
case_56de21d7,1,0,0,0,1,1
case_e401174d,0,0,1,1,0,1
case_e1be2ddc,0,1,1,1,0,1
case_0fbc9ce7,1,1,1,1,1,1
case_1aca1ae5,1,1,0,0,1,1
case_4169de28,1,1,1,1,1,1
case_5bd2efe1,0,0,1,0,0,0
case_38afada0,0,0,0,0,1,1
case_0c661db0,0,1,0,0,0,1
case_cfad940c,1,0,1,1,1,1
case_58c0adba,0,1,1,1,1,1
case_fc6bf98a,1,1,1,1,1,1
case_b6892a55,0,1,1,1,0,0
case_2f1c0129,0,1,1,1,1,1
case_005f7ed8,1,1,1,1,1,1
case_1c79e4a4,1,1,1,0,1,1
case_89a4a833,1,1,1,1,1,1
case_1448483d,1,1,1,1,1,1
case_1279c3d4,1,0,1,0,1,1
case_1204db7c,1,1,1,1,0,0
case_d7045302,1,1,1,1,1,1
case_f425e4e3,1,0,1,1,1,1
case_1b4bb1fc,0,0,1,0,1,1
case_cc8c9dfe,0,1,0,1,0,1
case_3109c7e5,1,1,1,0,0,1
case_8a4a2c16,1,1,1,1,1,1
case_506c086e,0,1,1,0,1,1
case_a2fa72fb,1,1,1,1,1,1
case_cfcadc9d,1,1,1,1,1,1
case_58d53adf,1,0,1,1,1,1
case_93237845,1,1,0,1,1,1
case_f10acff4,1,1,1,1,1,1
case_398d8ea7,0,1,1,1,1,0
case_0dcbeaba,1,1,1,1,0,0
case_59c05490,0,1,1,1,1,1
case_4339d354,1,0,1,1,1,1
case_fe7a0e67,0,1,1,0,0,1
case_1db74284,0,0,1,1,0,0
case_d90baef7,1,1,1,1,1,1
case_8fa4eb3c,1,1,1,0,1,1
case_2b1a8541,1,0,1,0,1,1
case_3644c15b,1,1,1,1,1,1
case_b386ccff,1,1,1,1,1,1
case_f6c3a9bd,1,0,0,1,1,1
case_1728179d,1,1,1,1,1,1
case_4847071b,1,1,1,1,1,1
case_d65ead53,1,0,1,1,1,1
case_1260433e,1,0,1,1,1,1
case_85475925,0,1,0,0,1,1
case_f2f5bea6,0,0,0,0,1,0
case_86059fd0,0,1,1,1,1,0
case_655909d6,1,1,1,1,1,1
case_f3cf74fc,1,1,1,1,1,1
case_8a2ba7b4,1,1,1,1,1,1
case_2d6325da,0,1,0,1,1,0
case_bb7c10d9,1,1,1,1,1,1
case_eca9be65,1,1,1,1,1,0
case_936f243f,0,0,0,1,1,1
case_91218d16,0,1,0,1,0,1
case_f615d35f,1,1,1,1,1,1
case_4c26be52,1,1,1,1,1,1
case_b48d0f3c,1,1,1,0,1,1
case_6275da27,0,0,1,0,1,1
case_b02f2390,0,1,1,1,1,1
case_26c8951c,1,1,1,0,0,1
case_d789e339,0,0,1,1,0,0
case_2e1525ad,0,1,1,1,0,1
case_9ff74f1a,1,1,0,1,1,1
case_821b7f3e,0,1,1,0,1,1
case_50089adb,1,0,0,1,1,1
case_6ac69ee3,1,1,1,0,1,1
case_33c525bf,1,1,1,1,1,1
case_7cbfa4b7,1,1,1,1,1,1
case_5b1a7e93,1,1,1,0,1,0
case_8ddf993e,1,1,1,1,1,1
case_c2cda5d6,0,1,1,1,1,0
case_f5614baa,1,1,1,1,1,1
case_9b48748b,1,1,0,1,1,1
case_92d66733,1,0,1,0,1,1
case_df0005d4,1,0,1,0,1,1
case_e0667e36,0,1,1,1,0,1
case_2cbeb401,0,0,1,1,1,0
case_ffc00066,1,0,1,0,1,1
case_ef4e571c,1,1,1,1,0,1
case_439fb129,1,0,1,1,1,0
case_82112da2,1,1,1,1,1,1
case_fd4bcc84,0,0,1,1,1,1
case_f86939e9,1,1,0,1,1,1
case_7b485c65,0,0,0,1,1,1
case_dcd312ac,0,1,1,1,1,1
case_fcc78eb4,1,1,1,1,0,1
case_fb37d6d6,1,1,1,1,0,1
case_129ee5a1,1,1,1,1,1,1
case_c857f2d1,1,0,1,0,1,1
case_fa9b14e7,0,0,0,1,1,1
case_6f523fb7,1,1,1,0,1,1
case_4f0eae3b,1,1,1,1,1,1
case_fc70fac2,1,0,1,1,1,1
case_0b094241,0,0,1,0,0,1
case_93bd99ec,1,1,1,1,1,1
case_e319745e,1,1,1,1,1,1
case_2fd511ad,1,0,1,0,0,0
case_522f4cd5,1,1,1,1,1,1
case_7c526be5,1,0,1,1,0,0
case_b6b88e88,1,1,1,1,0,0
case_236d8027,0,1,1,1,0,1
case_17bca31d,1,1,1,1,1,0
case_42a807f4,1,0,1,1,0,0
case_c8841049,0,0,1,0,1,0
case_22bf5705,0,0,1,1,1,1
case_38ffadb8,1,0,1,1,1,1
case_7c42fc76,1,1,1,1,1,1
case_067dd76e,1,1,1,1,1,1
case_7ecb696d,1,1,1,1,0,1
case_9ed223f2,1,1,1,1,0,1
case_045d3a7e,0,0,1,1,0,1
case_3df20cf8,0,0,1,0,0,0
case_adafef31,0,1,1,1,1,1
case_fa8342f8,0,1,1,0,1,1
case_234fc2d4,1,0,1,1,0,1
case_ae95f8d5,1,0,1,1,0,1
case_50019c62,1,1,1,1,1,1
case_ab999faf,1,0,1,1,1,1
case_ab965acf,0,1,1,0,1,1
case_5e02590c,1,0,1,1,1,1
case_ea3e7d56,0,0,0,1,0,1
case_015c30c3,0,0,1,1,0,0
case_2ad52f6d,1,0,1,1,1,1
case_c22f007f,1,0,1,1,0,1
case_5c83af01,0,0,1,1,1,1
case_3db00aa3,1,0,1,0,1,0
case_ad0966ef,1,0,1,0,0,1
case_07f7aa1c,0,1,1,1,1,1
case_cdceb237,0,0,1,0,0,0
case_c0ae3e42,1,1,1,1,0,1
case_16fec44d,0,1,0,1,1,1
case_493da69e,1,1,1,1,1,1
case_1d33b836,1,1,1,0,1,1
case_82256029,1,1,1,1,1,0
case_a185da02,1,1,1,1,1,1
case_9a0eba3d,1,0,1,1,1,1
case_a7db91be,0,1,0,1,0,0
case_321b8edc,1,1,1,1,1,1
case_549abfaa,0,1,1,0,1,0
case_880327d3,1,1,1,1,1,1
case_693d3e9f,0,1,1,1,1,1
case_4d452c06,0,1,1,0,1,0
case_84af51b0,1,0,1,1,1,1
case_370c89d6,1,1,1,1,0,1
case_7870c9ed,1,1,1,0,1,0
case_d9e07bec,1,1,1,1,1,1
case_a5461d14,1,1,1,1,1,1
case_04287152,1,0,1,1,1,1
case_4dcb8edf,1,1,1,1,1,1
case_30ae0f1c,0,1,0,0,1,0
case_9bdf6fde,0,0,1,1,1,1
case_8d127687,1,1,1,1,1,1
case_f8c87b38,1,1,1,0,1,1
case_bdb4b3c2,1,0,1,1,0,1
case_f589c794,1,1,1,1,1,1
case_352fb9fe,0,0,1,0,1,0
case_a28de8b9,0,0,1,1,1,1
case_e90367ad,1,1,1,1,1,0
case_554d6e40,1,1,1,1,1,1
case_35d5e2ff,1,1,1,1,0,1
case_3b84d73c,1,1,1,1,1,1
case_4a6a5c46,1,1,1,1,1,1
case_ad7af646,0,1,1,1,0,1
case_7db43124,1,1,1,1,1,1
case_88518a95,0,1,1,1,1,1
case_46a85b6c,0,0,1,0,0,0
case_517ab678,0,1,1,0,1,1
case_6f588d57,1,0,1,1,1,0
case_d614e80a,1,1,1,0,0,0
case_558c840d,1,1,1,1,1,1
case_266b505f,1,0,1,1,1,1
case_9c6a9d79,0,1,1,0,1,0
case_89ef399e,1,0,1,1,0,1
case_9ae411df,1,1,1,1,1,0
case_3bc5b5df,0,0,1,0,0,0
case_93f46f7f,1,1,1,1,0,1
case_18304780,0,0,1,1,1,1
case_2ff802fd,0,1,0,0,0,1
case_a5a34b42,1,1,1,1,1,0
case_40751dcc,1,1,1,1,1,1
case_7a7f930c,1,0,1,1,1,1
case_018fac9a,1,0,1,1,1,1
case_0eb72516,1,0,0,1,0,1
case_f1cf1393,1,0,1,0,1,1
case_59fae717,1,1,1,1,0,1
case_bdd7a919,0,0,0,1,0,0
case_03b52c06,0,0,1,0,1,1
case_3feecb37,1,1,1,0,1,1
case_173737b3,1,1,1,1,0,1
case_ac88acce,0,1,1,1,1,1
case_75112779,0,1,0,0,0,1
case_f58330c4,1,0,1,1,1,1
case_3cc5d484,0,1,1,1,1,1
case_6c535089,1,1,1,1,1,1
case_bd86cfd7,1,1,1,1,1,1
case_460e50ba,1,1,1,0,1,0
case_ab7e79d1,1,1,1,1,1,1
case_880da572,0,1,1,1,0,0
case_44379823,1,0,1,1,1,1
case_85f26b18,0,1,1,0,1,1
case_2f345322,1,1,1,1,1,1
case_bdb35b74,0,1,1,1,1,1
case_5ee584d0,1,1,1,0,1,1
case_2a21b2a2,0,1,0,0,0,0
case_0b0ec887,1,0,1,1,0,0
case_85f94fb9,1,1,1,1,1,1
case_195c7539,1,0,1,1,1,1
case_fceca7a3,0,0,1,0,1,1
case_ffab7f38,1,0,1,0,1,0
case_a74c795e,0,1,1,1,1,1
case_5e302717,0,0,1,0,0,1
case_9818603c,1,1,1,1,1,1
case_bd26a64a,1,1,1,1,1,1
case_5e56f363,1,1,1,0,0,1
case_985b0145,1,1,1,1,1,0
case_49e87fde,1,1,1,1,1,0
case_20631389,0,1,0,1,0,0
case_44df3d66,1,0,1,1,1,1
case_8d899923,0,1,1,1,1,1
case_a3fe5033,1,0,1,1,0,1
case_854e996b,1,1,1,1,1,1
case_da374769,1,1,1,1,1,1
case_8535c06c,1,1,1,0,1,0
case_2e7c0e7b,1,1,1,1,1,1
case_4da0f817,1,1,1,1,1,1
case_a69c2301,1,1,0,1,1,0
case_54fbfad9,1,1,1,1,1,0
case_38145fa9,0,1,1,1,1,0
case_95293915,1,1,1,0,1,1
case_86399d94,1,1,1,1,1,1
case_ab17f7d1,1,1,1,0,0,1
case_a7874f58,0,0,1,0,0,1
case_5241e8a0,0,1,1,1,1,1
case_6025f2ca,0,1,1,1,0,0
case_ab02a664,1,1,1,1,1,1
case_5246ea23,1,0,1,1,0,1
case_25335c95,1,1,1,1,1,1
case_d10b8373,0,0,1,1,1,1
case_43ab459c,0,0,1,1,1,1
case_f0aabb9e,1,1,1,1,1,1
case_4b8b1263,1,1,1,1,1,1
case_58079f11,0,1,1,1,1,0
case_5a7a4236,0,0,0,1,1,1
case_7fb554f7,1,1,0,1,0,1
case_edabc18c,1,0,1,1,1,1
case_3bf398ca,1,0,1,0,1,1
case_32d892e6,1,0,1,1,0,1
case_d95417b9,1,0,1,1,0,1
case_616daad2,1,1,1,1,1,1
case_3f04dc74,0,0,1,0,0,0
case_26e226f8,0,0,1,1,1,1
case_04406d3c,0,1,1,1,0,1
case_906d514b,0,1,1,1,1,1
case_1bacdd80,0,0,1,1,1,1
case_d41b53cb,1,1,1,1,1,1
case_619bb6cf,0,0,1,1,1,1
case_d1f9abd5,1,1,1,1,1,1
case_81d29e57,1,1,1,1,0,1
case_2f5a3fd2,0,1,1,1,0,1
case_91bfb3d4,1,1,1,0,1,1
case_8e97330d,1,1,1,0,1,1
case_78f37e39,1,0,1,1,1,0
case_717fa7ef,0,0,1,1,1,1
case_646cd343,1,1,1,1,1,1
case_dab3db19,1,0,1,1,0,0
case_ac829a16,1,1,1,1,1,1
case_fa44eda0,1,1,1,0,1,1
case_32f2c1cd,1,0,1,1,0,0
case_bf5cbb5a,1,1,1,1,1,1
case_4c785ed9,1,1,1,1,1,1
case_552948bb,1,1,1,0,1,1
case_a20d6eed,1,1,1,1,1,1
case_6871c47f,1,0,1,0,1,1
case_482e16eb,0,0,1,1,0,0
case_f762972f,0,1,1,0,0,1
case_e1fb2e96,1,1,1,1,1,1
case_54de6494,1,1,1,1,1,1
case_22a96911,0,0,1,0,0,0
case_8cceb0c9,1,1,1,1,1,1
case_869187bb,1,1,1,1,1,1
case_0613dbad,1,0,1,1,1,0
case_01be6ac4,1,1,1,1,1,1
case_9e6c41d7,0,1,1,1,1,1
case_dc6720dd,1,1,1,0,1,1
case_c5647c7a,1,1,0,0,1,1
case_282b02ea,1,1,1,1,1,1
case_f2318ec6,1,1,1,1,0,1
case_bdadd17c,0,1,1,1,0,1
case_ae0c2584,1,0,1,1,1,1
case_7a49f397,1,1,1,1,1,1
case_6174a6d4,1,1,1,0,1,1
case_bb00d860,0,0,1,0,0,0
case_7a39614f,1,1,1,1,1,1
case_2a047e4c,1,1,1,1,1,0
case_735ca19f,0,0,1,1,0,1
case_70e60df7,1,1,1,1,1,1
case_88405b56,0,1,1,1,1,1
case_0e49860f,0,1,1,1,1,1
case_318b9c5c,1,1,1,1,0,1
case_fd0b1be6,0,0,1,1,1,1
case_1d33c453,1,1,1,0,0,1
case_88e6a877,1,0,0,0,0,1
case_39ba403b,0,1,0,1,1,1
case_dac8be21,1,0,1,0,1,1
case_83db56c3,1,0,1,0,0,1
case_28291c01,1,1,1,0,1,1
case_9d8d2826,1,1,1,1,1,1
case_3dcc456d,1,0,1,0,1,1
case_b188d824,1,0,1,1,1,1
case_14cf9345,1,1,1,1,1,1
case_d71e9dc2,0,0,0,0,1,1
case_fe969840,1,1,1,1,1,1
case_52ce7665,0,0,1,1,0,1
case_dfbcc36c,1,1,1,1,0,1
case_d48fe27e,1,1,1,1,1,1
case_419436d3,1,1,1,1,1,1
case_7b65bfc9,1,1,1,0,1,1
case_7f1b87d0,0,0,1,1,0,1
case_6c8aa866,0,0,1,1,1,1
case_6d7d4027,0,0,1,0,0,1
case_fe719a29,1,1,1,0,0,1
case_2e9186a9,1,1,0,1,0,1
case_f8882731,1,1,1,1,1,1
case_97d06d68,1,1,1,1,1,1
case_59092b73,0,0,1,0,1,0
case_c00f2f2e,1,1,1,1,1,1
case_faadce4c,1,1,0,0,1,1
case_ca96ec0f,1,0,1,1,1,1
case_4541d0e1,0,1,1,1,1,1
case_91e51fa1,1,0,1,0,0,1
case_a7036970,1,1,1,1,0,1
case_2f16f53f,0,0,1,0,0,1
case_999d4257,1,1,1,0,1,1
case_8d2d2acb,1,1,1,1,1,1
case_775a9b23,0,1,1,0,1,1
case_67b56271,1,1,1,1,1,0
case_1cd79092,0,1,1,1,0,1
case_2899530f,1,1,1,0,1,0
case_6b5c696f,1,1,1,1,0,0
case_25b3332d,1,0,1,1,1,1
case_620ea439,0,1,1,1,1,1
case_e9de5402,1,1,1,1,1,1
case_1babba28,0,1,0,1,1,0
case_4c7acf6c,1,1,1,1,1,1
case_016f49ec,0,0,0,1,1,1
case_106eff19,0,0,0,1,0,0
case_8913945e,0,1,0,1,1,1
case_fd512a30,1,1,1,0,1,1
case_da792bb5,0,1,1,0,1,0
case_ca58b90e,1,1,1,1,1,1
case_a8b7cdfa,0,0,0,1,0,0
case_64283a08,1,1,0,1,1,1
case_1c5ed68d,0,0,1,0,1,1
case_5ae93ad0,0,0,1,1,1,1
case_57804720,0,0,1,1,1,0
case_ce097924,0,1,0,0,1,1
case_95b3559b,1,1,1,1,1,1
case_6356c1b3,0,1,1,1,1,1
case_21181f9f,0,0,1,1,1,1
case_eb9d2a84,0,1,1,1,1,1
case_7feca03e,1,1,1,1,1,1
case_2a0b48e8,0,0,1,1,0,1
case_95c290ac,1,1,1,1,0,1
case_56c4768a,1,1,1,1,1,1
case_45389701,0,0,1,1,1,1
case_785e9fef,0,0,0,1,0,1
case_e9512de1,0,1,0,1,1,1
case_4f9571f2,0,0,1,1,0,1
case_54d051d1,1,1,1,1,1,1
case_efb86b2a,1,1,1,1,1,1
case_5ed38b49,0,1,0,0,1,1
case_c242a12b,1,0,1,0,0,1
case_3df28b62,0,1,1,0,1,1
case_16db02cb,0,0,1,0,0,0
case_210de223,1,1,1,1,1,1
case_70fd561f,1,1,1,1,1,1
case_d36424d7,1,1,1,1,1,0
case_43151e43,0,0,1,1,1,0
case_c5885c97,0,0,0,1,0,1
case_03942488,1,1,1,1,1,1
case_91149c22,0,0,1,1,1,0
case_d02de17c,1,0,1,1,0,1
case_c5cef539,0,1,1,1,1,1
case_7689774d,1,1,1,1,1,1
case_78881abe,1,1,1,1,1,1
case_5a0dc99b,1,1,1,1,1,1
case_52e953a7,1,0,1,1,1,1
case_5c46baea,1,1,1,1,1,1
case_4076e0d9,1,1,1,1,0,1
case_da7d0413,0,0,0,1,0,0
case_ac9e9d6c,1,1,1,1,0,1
case_13b06bde,1,0,0,1,0,0
case_b15ad476,0,0,1,0,0,1
case_4b417673,0,0,1,1,1,1
case_c21e4979,0,0,1,1,0,1
case_741fecbd,1,1,1,0,1,1
case_f5b0f919,1,1,1,1,1,1
case_4200e4fe,0,1,1,1,1,1
case_24cf85b2,1,1,1,1,1,0
case_053dadb3,0,1,1,0,1,0
case_7fc33dfe,0,0,0,0,1,0
case_eb00b2ba,0,0,1,1,0,1
case_9eff5938,1,1,1,1,1,1
case_9df761e9,1,1,1,1,1,1
case_c7468f07,0,0,1,0,1,0
case_ec16edfb,0,0,1,0,0,1
case_8b1e1f52,0,0,1,1,1,1
case_e9fb39ed,1,1,1,0,1,1
case_2315512a,0,1,1,1,1,1
case_425bc670,1,1,1,1,1,1
case_a67d9d06,1,1,0,1,1,1
case_bb649172,1,0,1,1,1,1
case_a4f6c4f3,0,0,1,0,1,0
case_d92525dd,1,1,1,0,1,1
case_a53017fa,0,0,0,0,0,1
case_235028b4,1,1,1,0,1,0
case_44c63b3e,0,0,1,1,0,1
case_c43a1c14,1,0,1,1,1,0
case_25ca1432,1,0,1,0,1,0
case_abc8a795,1,1,1,0,1,1
case_0a54c0c7,1,1,1,1,1,1
case_08e361b4,0,1,1,1,1,1
case_662582ab,1,1,1,1,1,1
case_a462640e,1,1,1,1,1,1
case_a12047a4,0,1,1,1,1,0
case_70ca061a,0,0,1,1,1,1
case_65f7cc3e,0,1,1,1,1,1
case_a538ee19,1,1,1,1,1,1
case_a4655176,0,0,1,1,1,1
case_bfbcf943,1,1,1,1,1,0
case_f7dcfe4b,0,0,1,0,0,0
case_2a2be8c1,0,0,1,0,0,0
case_20a5ec7d,1,0,1,0,1,1
case_62c333ab,0,1,1,0,0,1
case_f0f8c5db,1,1,1,1,0,1
case_5bf7f2e2,1,1,0,1,0,1
case_a09ad2ac,1,0,1,1,1,1
case_7bb2a945,1,0,1,0,1,1
case_dd33087d,1,1,1,1,1,1
case_ad8b0525,0,0,1,1,0,0
case_ebffb79c,1,0,1,1,1,1
case_7b5d9e0a,1,1,1,1,0,1
case_a7ab709f,1,1,1,0,0,1
case_5e8ccb1d,1,0,1,0,1,1
case_7020583b,0,0,1,0,1,1
case_ab4e8bf4,0,1,1,1,0,1
case_7e3ef206,1,1,1,1,1,1
case_d00dcdd4,1,0,1,1,1,1
case_866b9014,1,0,1,1,1,1
case_cf20e0a5,1,1,1,1,1,1
case_cc7d2d9f,1,1,1,1,0,1
case_79aa8738,1,1,1,1,1,1
case_f548e8cc,1,1,1,0,1,1
case_024d2da2,1,0,1,1,1,1
case_4d69f453,0,0,1,1,1,1
case_d5cb8030,1,1,1,0,1,1
case_29b7d7d7,1,1,1,1,0,1
case_5fa13c17,0,0,0,1,1,0
case_e335c236,1,1,1,1,1,1
case_85582ba5,1,0,1,1,0,0
case_35217ba8,0,0,1,1,0,0
case_6b6c7aad,1,1,1,1,1,1
case_ef326d10,1,1,1,1,1,1
case_cd2f76a7,1,0,1,1,1,0
case_9e1d307f,0,1,0,1,1,0
case_066ef594,0,0,0,0,0,0
case_0375c9f7,0,0,1,1,1,1
case_671cc2f6,1,1,1,0,1,1
case_3b3c70a7,0,1,1,1,1,1
case_11cc10a0,1,1,1,1,1,1
case_4da02770,0,1,1,1,1,1
case_2f2c8a2c,1,1,1,0,0,0
case_3d39f0d7,0,0,1,0,0,0
case_4dbf8c71,0,1,1,1,1,1
case_2518146f,0,0,1,0,0,1
case_696dc31f,0,1,1,1,1,1
case_f5b686d7,0,0,0,1,0,1
case_62024a5a,1,1,1,1,1,1
case_a88c21e7,1,0,0,1,1,1
case_be97180f,1,1,1,0,1,1
case_d6fd5df2,1,0,1,1,1,1
case_8befe552,1,0,1,1,1,1
case_6a76f036,1,0,1,0,1,1
case_2f958d98,1,1,1,1,0,1
case_7b3415f3,1,1,1,0,1,1
case_4a6678cf,1,1,1,1,0,1
case_6f82f643,1,1,1,1,1,1
case_a3316033,0,0,1,0,1,0
case_1260ed75,1,1,1,1,1,1
case_0e2bcaf2,0,0,1,1,0,1
case_0debbcdf,0,0,1,0,1,1
case_27f55424,1,1,1,1,1,1
case_8f883d06,1,0,1,0,0,1
case_23ca18df,1,1,1,1,0,1
case_62a7247d,0,0,1,0,1,1
case_21a92e3d,0,0,1,1,1,1
case_49f2754c,1,0,1,1,1,1
case_ac258204,0,0,1,1,1,1
case_8e2a7e91,1,1,1,1,0,1
case_947850e5,1,1,1,1,1,0
case_75e5f057,1,1,1,1,1,1
case_e1800f99,1,0,1,1,1,0
case_20838865,1,1,1,1,1,1
case_3d0508fd,1,1,1,1,1,1
case_f33b50ca,0,0,1,1,0,0
case_991bca96,1,1,1,1,1,0
case_3753f24f,1,1,1,1,1,1
case_15c67934,1,0,1,0,0,0
case_b0b3aabb,1,0,1,1,1,1
case_e4ed9f4c,0,0,1,1,0,1
case_cac2ef21,0,1,1,1,1,1
case_2e750e4e,0,0,1,1,1,1
case_3d96c9dd,1,1,1,0,1,1
case_3c4d149f,0,0,1,1,1,1
case_88a52603,0,1,1,1,1,1
case_576c6c94,1,1,1,1,1,1
case_74e86e17,0,1,1,0,1,1
case_f3cc625d,1,1,1,1,1,1
case_4121ad17,0,1,1,1,1,1
case_2501900e,1,1,1,1,1,1
case_7ddd9a53,0,0,1,1,0,0
case_6688c97a,0,1,1,1,0,1
case_7f114305,1,1,1,1,1,1
case_329821bb,1,0,1,1,1,1
case_22cfc96e,0,0,1,1,1,1
case_4c98ba40,1,0,1,1,1,1
case_d672d8bb,0,0,1,1,0,1
case_04c5c81c,1,1,1,1,0,0
case_71a8b379,0,0,1,1,0,1
case_4f2640fb,1,0,1,1,0,1
case_715c5cfa,0,1,1,1,1,1
case_c491ff9a,0,1,1,1,1,1
case_6f5e741c,1,0,1,0,1,1
case_9f2c8d1a,1,1,1,1,1,1
case_f3467b93,1,1,1,1,1,1
case_2a1b4a10,1,0,1,0,0,0
case_b3fa78db,1,0,1,0,0,1
case_bd597ba8,1,1,1,1,1,1
case_aa4c630e,1,1,1,0,1,1
case_d7cb1910,0,1,1,1,1,1
case_18c90f2e,1,1,1,1,1,1
case_f78309bf,0,0,0,0,1,1
case_d7f0d7db,0,1,1,1,1,0
case_942ac205,0,0,1,0,1,0
case_587385ff,1,0,1,0,0,1
case_5ae0cba9,1,1,1,1,1,1
case_4cad0166,0,1,0,0,1,1
case_0fd656f8,1,1,0,1,1,1
case_b5a9a0b3,1,0,1,0,1,1
case_91a7f263,0,1,0,0,1,0
case_bff407a5,1,1,1,0,1,1
case_a7cccb6c,1,0,1,1,0,1
case_c30a533b,1,0,1,1,1,1
case_d0378bb3,0,0,0,0,0,1
case_42584994,1,0,1,0,1,0
case_ee4f65d4,0,0,1,1,0,0
case_a034ad0a,1,0,1,1,1,1
case_8f64dac4,1,1,1,1,1,1
case_bc58f022,1,1,1,1,1,1
case_e6df1cdf,0,1,1,1,1,1
case_56844f3a,0,0,1,1,0,1
case_f636012f,1,1,1,1,1,1
case_cb6d4e68,1,0,1,1,1,1
case_449f3177,1,0,1,1,1,1
case_97786bc1,1,1,1,1,1,1
case_5465547e,0,0,1,1,0,1
case_51691533,0,0,1,1,0,1
case_6eeb5efe,1,1,0,0,0,1
case_64f3ff96,1,1,0,1,1,0
case_b3b2a9b4,0,0,1,0,1,1
case_134b9c1b,0,1,1,1,1,0
case_36e48c6d,0,1,1,0,0,1
case_664e6847,1,1,0,0,1,1
case_9ddaccf9,0,0,1,1,1,0
case_97ed5bdc,1,1,1,1,0,0
case_47b2b947,0,0,1,1,0,1
case_e6875f68,1,1,1,1,1,1
case_34c87790,1,1,1,0,1,1
case_31e845c7,1,1,1,1,0,1
case_6ce2374a,0,0,1,1,0,0
case_fec1a8ef,0,1,0,1,0,0
case_a98b9893,1,1,1,1,1,1
case_56c268b9,1,1,1,0,1,1
case_d4ad329a,1,0,1,0,1,1
case_d2956e3c,0,0,1,1,0,1
case_4f1fe99c,1,1,1,1,1,1
case_35f92b5e,1,1,1,1,1,1
case_4b3e6485,1,1,1,0,0,1
case_2b19e2f5,1,0,1,1,0,1
case_55f15f91,1,1,1,0,1,1
case_91b7404a,1,1,0,1,1,1
case_92733e50,0,1,1,1,0,1
case_d22964c2,1,0,1,0,0,0
case_1aec50dd,0,0,1,1,0,1
case_c3edd7bd,1,1,1,0,1,1
case_e7fb1256,1,1,1,1,1,1
case_f2795d00,1,1,1,1,0,1
case_9ec36ede,1,1,1,1,0,1
case_e5538995,0,1,1,1,1,1
case_071c5f80,1,1,0,1,1,1
case_cb9729ad,1,1,1,1,1,1
case_515721d7,1,1,1,0,0,1
case_6874bcea,1,0,0,1,1,1
case_07367d89,1,1,1,1,1,1
case_69cdd8bd,0,0,1,1,0,1
case_17797851,1,1,1,1,1,0
case_20a01bb5,0,1,0,0,1,0
case_6297635f,0,1,1,0,1,0
case_94f101c6,1,1,0,0,0,1
case_267534f9,1,1,1,1,1,1
case_643dfa30,1,0,1,0,0,1
case_a6c6d4ed,0,0,1,1,1,0
case_66525a55,1,1,1,1,1,1
case_f7096f94,0,0,1,0,1,0
case_d3ac3896,1,0,1,1,1,1
case_b93f90bb,1,1,0,1,1,1
case_48678e17,1,1,1,1,1,1
case_3b173b9d,0,1,1,1,1,1
case_d1561ce1,1,1,1,1,1,1
case_3d4746fc,1,1,1,1,1,1
case_40daee85,1,1,0,0,0,0
case_9c255828,1,1,0,1,0,1
case_b78fb58f,1,1,1,1,1,1
case_a3f80133,1,1,1,1,1,1
case_776aef38,1,1,1,1,1,1
case_dc19124d,0,0,1,1,1,1
case_6475a2ba,1,1,0,0,1,1
case_b24499e6,0,1,1,0,1,1
case_c3d80506,0,0,1,0,1,1
case_494e76ed,0,0,1,0,1,0
case_c43f9c25,0,0,0,0,0,1
case_8603a67b,1,1,1,1,1,0
case_e3154bef,1,0,1,1,0,0
case_d6035932,1,1,1,0,1,1
case_42d7d6cc,1,1,1,0,1,1
case_3185b238,1,1,1,1,1,0
case_b38b8aa7,1,0,0,0,1,0
case_f85d29ca,0,1,1,1,1,1
case_118fdf31,0,1,1,1,1,1
case_5e45366e,1,1,1,0,0,1
case_a86a98e9,1,1,1,0,1,1
case_54525076,1,1,1,1,1,1
case_dbf8eeb1,0,1,1,1,1,0
case_c788bd8e,1,0,0,1,1,1
case_847e57d1,0,0,1,0,1,1
case_4112b05f,0,0,0,0,1,1
case_d56dd9a4,0,0,1,0,1,0
case_2f3cff4d,0,0,0,1,0,0
case_c8dfe8b1,1,1,1,1,0,1
case_bbb586cd,1,1,1,0,1,1
case_3143c8d2,1,0,1,1,1,1
case_ff54dfe3,0,1,1,1,1,1
case_58364d4a,0,1,0,0,0,1
case_3e3f41a6,1,1,1,1,1,1
case_27bd63e0,1,0,1,1,1,0
case_0592880d,1,1,1,1,1,1
case_bc468f17,1,0,1,0,0,1
case_8a236b04,1,0,1,1,1,1
case_697cc2e0,0,1,1,1,1,1
case_67010475,1,1,1,1,1,1
case_57950abc,0,1,1,1,1,1
case_e6a77664,0,1,1,1,1,0
case_8b628301,0,0,1,0,1,0
case_31ca24a8,1,1,1,1,1,1
case_74be6d0f,1,1,1,0,0,1
case_b67b2b91,1,0,1,1,0,0
case_a53fc2d7,0,1,1,1,1,1
case_bd4a1bae,1,1,1,1,1,1
case_f804290e,1,1,1,1,1,0
case_6aa64bc6,1,1,1,0,1,1
case_1d511408,1,0,1,0,0,1
case_08cd5570,1,0,1,0,1,1
case_6aa4fd1d,0,0,1,0,1,1
case_ad293cbb,1,0,1,1,1,1
case_e653be28,1,1,1,1,1,0
case_66ec6168,0,1,1,0,0,1
case_8b9ef0bd,1,1,1,0,1,1
case_0de2df19,1,1,1,1,1,1
case_d15edb41,1,0,1,1,1,1
case_eb1fe213,1,1,1,0,1,0
case_e0333436,1,1,1,1,1,1
case_1ba0f47c,1,0,1,1,1,0
case_42acbb51,1,0,0,1,0,1
case_1fa4724e,1,0,1,1,0,0
case_949a0e27,1,1,1,1,1,1
case_66882b3c,1,0,1,0,0,1
case_22a571a8,1,1,1,1,1,1
case_95dbede9,1,1,1,1,1,1
case_511ffc0b,1,1,1,1,1,1
case_48e693ec,1,1,1,1,1,1
case_3d1fd097,1,1,1,1,1,1
case_752c0689,1,1,1,1,1,1
case_d7e6d98f,1,0,1,1,1,0
case_c3730fd4,1,1,1,1,1,0
case_f10d1dfe,1,0,1,1,1,0
case_f4e7ee53,1,1,1,0,1,1
case_49c06517,1,1,1,1,0,1
case_ef9fd649,1,1,1,1,1,0
case_de22c3a5,1,1,1,1,1,1
case_ab01c428,1,1,1,0,0,1
case_838c21c6,0,0,1,0,1,1
case_e5a82ab5,1,1,1,1,1,1
case_bbb3debd,1,0,1,0,1,1
case_96a802dc,0,0,1,1,1,0
case_e77c6481,0,0,1,1,1,0
case_adb28045,1,1,1,1,1,1
case_4329c865,1,1,1,1,1,1
case_38dd3254,0,0,1,1,1,0
case_817effde,1,1,1,1,1,1
case_66bd83d9,1,1,1,0,1,1
case_79de9320,0,0,1,0,1,1
case_7f4333fd,1,1,1,1,1,1
case_acf82e54,1,0,1,1,0,1
case_b8732272,1,1,1,1,1,1
case_44309081,1,1,1,0,1,1
case_5b956295,1,0,1,1,1,0
case_61bc7a67,1,0,1,0,1,1
case_768cc4bc,1,1,0,1,1,1
case_0a13844b,0,0,1,1,0,0
case_f9b49689,1,1,1,1,1,1
case_a3b7ec40,1,1,1,1,1,1
case_6a7ad17f,0,0,1,0,1,0
case_b55beb19,0,0,1,1,0,1
case_58c6584e,1,1,1,1,1,1
case_c5220a40,1,1,0,1,0,1
case_8dc3a8ca,1,0,1,0,1,1
case_231b2530,0,1,1,1,0,1
case_ba9875c4,1,0,0,1,1,0
case_8d3c7fba,0,1,1,1,1,1
case_8806bbce,1,0,1,0,0,1
case_5a4a64d0,0,1,1,1,0,1
case_90ec7351,1,0,1,1,1,1
case_7b67f2f0,0,0,1,0,0,0
case_1188ca4d,1,1,1,0,0,1
case_dcb01146,0,1,1,1,0,0
case_8d203c3d,1,1,1,1,1,1
case_8357aed7,0,0,1,1,0,1
case_46360aff,1,1,1,1,1,1
case_01a04e44,0,0,1,1,1,0
case_f7cc47b5,1,1,1,1,1,1
case_b0e7933b,1,0,1,1,1,1
case_ef82e6da,1,1,1,1,1,1
case_3aea5f1b,0,1,0,1,1,1
case_41c219de,1,1,1,1,0,1
case_46b3769b,1,0,1,0,1,1
case_06a5e1ff,0,1,1,0,1,1
case_af47cb3e,1,1,1,1,1,1
case_3deb4679,1,1,1,1,1,1
case_a3e488e2,0,1,1,1,1,0
case_7c76d660,1,1,1,1,0,1
case_c6e463a9,0,0,1,0,1,1
case_7f05f3e4,1,1,1,1,1,1
case_5a6af5e4,1,1,1,1,1,1
case_689ff3bb,1,1,0,1,1,1
case_08c0a5d2,0,1,1,0,1,0
case_edd3a02c,1,1,1,0,0,1
case_ac64bdf0,0,0,1,1,0,1
case_78f1c26c,0,1,1,0,1,1
case_c0ac4252,1,1,1,0,1,1
case_a103f212,1,1,1,0,1,1
case_806fe4b7,1,1,1,1,0,0
case_d757be03,0,1,0,0,1,1
case_909691f4,1,1,1,1,1,1
case_f37e9b9b,1,1,1,1,1,1
case_071d2cc9,1,0,1,1,1,1
case_2cc3feba,1,1,1,1,0,1
case_a596a9ad,1,0,1,0,1,1
case_b077b5bb,0,0,1,1,1,1
case_290fb069,1,1,1,1,1,0
case_308f4c77,1,1,1,1,1,1
case_67ce3513,1,0,1,1,1,1
case_fef24b56,1,1,1,1,1,1
case_866b1435,1,0,1,1,1,1
case_50076a86,0,1,1,1,1,1
case_42111f52,1,0,0,0,0,0
case_bf8984c1,0,1,1,0,0,0
case_d5286f00,0,1,1,0,1,1
case_49377b78,1,1,1,1,1,0
case_7fd91426,0,1,1,1,1,1
case_f85b7761,1,0,0,1,1,0
case_e05c516a,1,1,1,1,0,0
case_a4513126,1,1,0,0,0,1
case_cbccce74,1,1,1,1,1,1
case_79fe57ac,1,0,1,0,1,0
case_6ca417e2,0,0,1,0,1,1
case_16f21302,1,1,0,1,1,1
case_974e9a06,1,0,1,1,1,1
case_c217af47,1,1,1,1,1,1
case_690bafae,1,1,1,0,1,1
case_89086468,0,1,1,0,1,1
case_05782d86,1,1,1,1,1,1
case_41fa9763,1,0,1,1,1,1
case_7d232b50,0,1,1,0,1,1
case_ed3770f7,1,1,1,1,1,1
case_c2939cfc,0,1,1,1,1,1
case_2b585016,0,1,1,0,1,0
case_4112a193,1,1,1,0,1,1
case_0910a49f,0,1,1,1,1,1
case_03873cea,1,1,1,0,1,1
case_4544b6f8,0,0,0,1,1,0
case_b5a85c02,1,0,1,1,1,1
case_0a858494,1,1,1,1,1,1
case_3134d1b2,1,0,0,1,1,0
case_f1595041,0,0,1,0,0,0
case_cc64d98c,0,0,1,0,1,1
case_477b56e7,1,1,1,0,0,1
case_9723c97c,1,1,1,1,1,0
case_36430f8e,0,1,0,1,0,1
case_42a0a112,1,1,1,0,1,0
case_b362d1cf,1,1,1,1,1,1
case_567cd188,0,1,1,1,1,0
case_bdb1f228,0,0,1,0,1,1
case_a34169c3,1,1,1,1,1,1
case_f563e657,1,0,1,1,1,1
case_6efc99d3,1,1,1,1,1,1
case_4b5bd42c,1,1,1,0,1,0
case_d82be184,1,0,1,1,1,1
case_a3d71ecc,1,0,0,1,0,0
case_1da8fd5e,1,0,1,1,1,1
case_bbf4da9c,1,1,1,0,1,1
case_04d408a3,0,0,1,0,1,1
case_a0f33c1f,1,1,1,1,1,1
case_eb3800dc,0,1,1,1,1,1
case_d39038f9,0,1,1,1,1,1
case_48330064,0,1,1,1,1,1
case_8a4876b0,1,1,0,1,0,0
case_548f9072,0,0,1,1,1,0
case_d6ed1694,1,0,1,1,1,0
case_aafe9162,1,1,1,1,0,1
case_af58b308,0,1,1,0,0,1
case_91bd69e0,1,1,1,1,1,1
case_064a36f8,0,1,1,1,1,1
case_c2893b59,1,0,1,1,1,1
case_0ad49ea4,0,1,0,1,0,0
case_c8abb269,1,0,1,1,1,1
case_c658e178,0,1,1,1,1,0
case_c28b6ca6,1,0,1,0,0,1
case_76c802c5,1,1,0,1,1,1
case_9c636772,0,1,1,1,1,1
case_b0248e5a,1,1,0,0,1,0
case_510312c7,1,1,1,1,0,1
case_61b2ec82,1,1,1,1,1,1
case_26e5a333,1,1,1,0,1,1
case_6407a66d,0,1,1,1,1,0
case_bdf67c76,0,0,1,1,1,1
case_b3067393,1,1,1,1,1,1
case_957b4d62,0,0,1,1,1,1
case_f7534f0e,0,1,1,1,1,1
case_efc6c520,1,1,1,1,0,1
case_b20a370a,0,1,0,0,0,0
case_1ed13db4,0,1,0,0,0,1
case_b23780f3,1,1,1,0,1,1
case_2cb6df32,1,1,0,1,0,1
case_7844efbf,1,0,1,1,0,1
case_5d9ea3ed,0,0,1,0,0,1
case_0898bb5b,0,1,1,1,0,1
case_4b977143,1,1,1,1,0,1
case_e2176e68,1,1,1,1,1,1
case_54308bcc,1,0,0,1,0,1
case_69ed018a,1,1,1,1,1,1
case_d5cc4d62,1,0,1,0,0,0
case_84e2bc4f,1,1,1,1,1,1
case_2470789e,1,1,0,1,0,1
case_73e76d46,0,1,1,1,1,0
case_80311863,0,1,1,1,1,1
case_0983dde6,0,0,0,0,1,0
case_84d2410f,1,0,0,1,1,1
case_add7ffbf,0,1,1,1,1,1
case_bfa5fbbf,1,1,1,1,0,1
case_055eb177,0,0,1,0,0,1
case_291ff750,0,1,1,1,1,1
case_932f26ef,0,0,1,0,1,1
case_8a2eaf21,1,1,1,0,0,1
case_067a67ec,1,0,1,1,1,0
case_efb2c190,0,1,1,0,1,1
case_49f1db06,0,1,1,1,1,1
case_f5b5d7a5,0,1,1,1,0,1
case_f13a38fe,1,1,1,1,1,1
case_4c5486d2,0,1,1,1,1,0
case_85a4f47e,0,0,1,0,0,0
case_7a3039c7,1,1,0,1,1,1
case_ba581331,0,1,0,1,1,1
case_09afdfe8,1,0,1,1,1,1
case_2195e737,0,0,1,1,0,0
case_6ccc5e56,1,0,0,1,1,0
case_a4c64c44,1,1,1,1,1,1
case_6b81b885,0,0,0,1,0,0
case_efdf5c0a,1,0,1,1,1,1
case_548c1945,1,1,1,0,1,1
case_25ff0e04,0,1,0,1,0,1
case_3f07e7c1,0,1,1,0,1,1
case_73b6c98c,0,0,1,0,0,1
case_abd6e3d0,1,1,1,1,1,1
case_7c508bac,1,0,1,1,1,1
case_f31a59cf,0,0,1,1,1,0
case_0138efb9,1,1,1,1,1,1
case_cc21dd6c,1,1,0,1,1,1
case_045ea21d,1,1,0,1,1,1
case_96e2c841,0,1,1,1,1,1
case_e69b9f8c,1,0,1,1,1,1
case_1505919c,0,0,1,0,1,1
case_9afc1ad4,1,1,1,1,1,1
case_7cd9d425,0,0,0,0,1,1
case_65c8c5bb,1,1,1,1,1,1
case_42159a85,1,1,1,1,1,1
case_6edc7488,0,1,0,0,0,1
case_b4c17b4b,1,0,1,0,0,0
case_30611971,1,1,1,0,1,1
case_a47d7026,1,0,1,1,1,0
case_9fc410b0,1,0,1,1,1,1
case_715148a4,0,1,1,1,1,1
case_83216dc0,1,0,1,1,0,1
case_76a57e35,1,1,0,1,1,1
case_427f53f4,0,0,1,1,0,1
case_5b0d9965,0,0,1,1,1,1
case_cf1caf0d,1,1,1,1,1,1
case_878678e2,1,1,0,1,0,1
case_c2dfa771,1,0,1,0,1,1
case_2734b1cc,0,0,1,1,0,0
case_dfe94bea,1,0,1,1,1,1
case_2322f50b,0,0,1,1,1,1
case_3a3efe69,1,1,1,1,1,1
case_aee07ac1,1,1,1,1,1,1
case_327e313a,1,1,1,1,0,1
case_b0b894f7,1,1,1,0,0,1
case_2a29ff34,1,1,1,1,1,1
case_521cbc31,1,1,1,0,1,1
case_c9acb3fe,0,0,1,1,0,0
case_128f1063,1,0,1,1,1,1
case_81b46b05,0,0,1,1,1,1
case_b179be96,1,1,0,0,0,0
case_067db72e,1,0,1,1,0,1
case_62289ac0,0,0,1,0,0,1
case_76c8be7e,1,1,1,1,1,1
case_d965b34b,1,0,1,1,1,0
case_6712865e,1,1,1,1,1,1
case_a95bc86b,1,1,1,1,1,1
case_d9be71cb,0,1,1,0,1,1
case_5fe9baf8,1,0,0,1,1,1
case_86f64ba0,1,1,1,1,1,1
case_6d4c3523,0,1,1,1,1,1
case_def91fd6,1,1,1,1,1,1
case_3ab83c2c,0,1,1,1,1,1
case_657f04e8,1,1,1,1,1,0
case_7c57da74,0,1,1,1,1,1
case_16018cf2,1,1,1,0,1,1
case_0fac1172,1,1,1,1,1,1
case_444a68e0,0,1,1,1,1,1
case_6d81e12d,1,1,1,1,0,1
case_ea6cea79,1,1,1,0,0,1
case_8a0c0e66,1,1,1,1,1,1
case_4601c396,1,1,1,1,1,1
case_c39cca81,1,1,1,1,1,1
case_784c2e3c,1,1,1,1,1,1
case_075e6cd9,1,1,1,1,1,1
case_009b21ab,1,0,1,1,1,1
case_670b6890,0,1,1,1,0,1
case_75221190,1,1,0,0,1,1
case_f64a656d,0,1,1,0,0,1
case_d558b804,1,1,0,1,0,1
case_ccaf0d3d,0,0,0,1,0,1
case_2323be81,0,0,1,0,0,0
case_7308ebac,0,1,0,0,1,1
case_648bd5db,0,0,0,0,0,1
case_20134ad5,1,0,1,1,0,0
case_671f2ad0,0,0,1,0,1,1
case_41579abc,1,1,1,1,1,1
case_12bfd264,1,1,1,1,1,1
case_d9736b6a,1,1,0,1,0,0
case_20ecc056,1,1,1,1,1,1
case_32f0153f,1,1,1,0,1,1
case_e6a44981,1,1,1,1,0,1
case_a73ba0f7,0,1,1,0,1,1
case_b37da976,1,1,1,1,1,1
case_dd7cb40b,1,1,1,1,1,1
case_f9bbc9bc,0,1,1,1,1,1
case_5557b1ff,0,0,1,1,1,1
case_5ef6bdc2,1,0,1,1,1,1
case_54222746,1,0,1,1,0,1
case_2a1c838d,1,0,1,1,1,0
case_684e0b78,0,0,1,1,1,0
case_88cf91b5,1,1,1,1,1,1
case_7e8ab942,1,1,1,1,1,1
case_7b3433ad,0,1,1,1,0,1
case_34217689,1,1,1,1,1,1
case_08c8a85c,1,1,1,1,1,1
case_12b6362c,1,1,1,1,1,1
case_4e8c464a,1,0,1,0,1,0
case_d1a41700,0,1,1,1,1,1
case_9888729b,1,1,1,1,0,1
case_a7d6d0f5,1,1,1,1,1,1
case_dd9a1c22,1,1,1,1,1,1
case_39186c49,0,1,1,1,1,1
case_aa6ba075,1,1,1,0,0,1
case_8b3f33eb,1,0,1,1,1,0
case_52e24774,0,1,1,1,1,1
case_64368f5b,1,1,1,1,1,1
case_c534b4f4,1,1,1,1,1,1
case_241ca1d6,1,1,1,0,1,1
case_be9fa25b,1,1,1,1,1,0
case_7dc682b7,0,0,0,0,1,0
case_69e849c0,1,1,1,0,1,1
case_76412c72,0,0,1,0,1,0
case_c7b53cd0,0,1,0,0,0,1
case_de50190b,0,0,1,1,0,1
case_f522486c,0,0,1,0,0,0
case_7e7e9fe5,0,1,0,0,0,0
case_13941a62,0,1,1,1,1,1
case_69949f5e,1,0,1,1,1,1
case_14191d43,0,1,1,1,1,0
case_7ce613f5,0,0,1,0,0,1
case_7859e4f9,1,1,0,1,1,1
case_761ff332,1,1,1,1,1,0
case_3338520d,1,0,1,0,0,1
case_31dd70d7,0,0,1,0,0,0
case_8135de61,1,1,1,1,1,1
case_a6951597,1,1,0,1,1,0
case_67692ba6,0,1,1,1,1,1
case_c24dedf5,0,0,1,0,1,1
case_0ce6ea25,1,0,1,1,1,1
case_5eb56a9a,1,1,1,1,0,1
case_ecf66fed,1,1,1,0,1,1
case_aa0c134c,1,0,1,1,1,1
case_027ed94d,0,1,1,1,1,1
case_c5107ab4,0,0,1,0,1,0
case_5bf9143d,1,1,1,1,1,1
case_4d936d12,1,0,1,1,1,0
case_2552bcc9,1,1,1,0,0,1
case_3c3244de,0,1,1,1,1,1
case_ab168a69,0,1,1,0,0,1
case_d9075d6b,0,1,0,0,1,1
case_526eae81,0,0,1,0,1,1
case_f72f9857,0,0,1,0,1,1
case_040dfbc2,1,1,1,1,1,1
case_2ac7616c,0,0,1,1,1,1
case_e66a60e9,1,1,1,0,1,1
case_fd4af1ae,0,1,0,1,1,1
case_05d3a07a,0,1,1,1,0,1
case_59d46959,1,1,1,1,1,1
case_87e3f3f5,1,1,1,1,0,0
case_f5497b0d,1,1,1,0,1,1
case_cdabc1a5,1,1,1,1,1,1
case_7fe321e9,1,0,1,0,0,0
case_11735af8,0,0,1,1,1,1
case_efe4ff11,1,1,1,1,1,1
case_a85fe323,1,1,1,1,1,1
case_c5b8079e,0,1,0,1,1,1
case_8e6aebb7,1,1,1,1,1,1
case_3be2f9aa,0,1,1,0,0,0
case_5a52a599,1,1,1,0,1,1
case_39967b94,0,0,1,1,0,0
case_e5b83ac0,1,1,1,1,1,1
case_2f3007f9,0,1,0,1,0,1
case_4f0397ab,0,1,1,1,1,1
case_429bffc9,1,1,1,0,1,1
case_2f6cc93f,1,1,1,1,1,1
case_4f3abba1,1,0,0,1,0,1
case_ef442cf9,1,0,1,1,0,1
case_c31e0747,1,1,1,1,1,1
case_3ace33ea,0,1,1,1,1,1
case_6fa57819,1,0,1,1,1,1
case_df054857,1,1,1,1,0,0
case_5fbd901e,0,1,1,0,1,1
case_2200509b,1,1,1,1,0,1
case_e0744cd3,1,1,1,1,1,1
case_b33633fa,0,0,1,1,0,1
case_19b427aa,0,1,1,1,1,1
case_4f2d9dfb,0,0,0,1,0,1
case_5d383200,0,1,1,1,1,1
case_c3a55238,1,0,1,1,1,0
case_b26e5964,1,1,1,1,1,1
case_833adbf8,1,1,1,1,1,1
case_cea685a5,1,1,1,1,1,1
case_65d477be,1,1,1,1,1,0
case_340da22e,1,1,1,1,1,1
case_0e7c87ca,1,1,1,0,1,0
case_07406cf6,1,0,1,0,1,1
case_818f6924,1,0,1,1,0,0
case_65f9d4af,1,1,0,0,1,1
case_fd5c69cd,1,1,1,1,1,1
case_8329bb84,1,0,1,1,1,1
case_55ebb210,0,0,1,1,1,1
case_19e3d7a2,0,1,1,1,0,1
case_14980f19,1,1,1,1,1,0
case_3c3d11f6,1,1,1,1,1,1
case_f0f3a245,1,1,1,1,1,1
case_7cf1a4da,1,1,1,1,1,1
case_242d9fea,1,1,1,1,0,0
case_e9d10dec,1,0,1,1,1,1
case_df8d4765,1,0,1,1,0,1
case_add05eaf,0,0,1,0,1,0
case_1c8c91d4,1,1,1,1,0,1
case_b5d88efd,1,1,1,1,1,1
case_72f4132a,1,1,1,0,0,1
case_7b7554b2,0,0,1,1,1,1
case_2f1e540b,0,0,1,1,1,1
case_9b2f4a30,0,0,1,1,1,1
case_42782166,0,1,1,1,0,1
case_122f213a,1,0,1,1,0,1
case_8ed5a88d,1,1,1,1,0,1
case_b41f19ae,1,0,1,0,1,1
case_03b2dddc,1,1,0,1,0,1
case_f131dccf,0,1,1,1,1,1
case_2b96e9f5,0,1,1,1,1,1
case_21391e2a,1,1,1,1,1,1
case_dc1262dc,1,0,1,1,0,1
case_62e42fc2,1,1,1,1,1,1
case_224dd50b,0,0,0,0,0,0
case_e1029d21,1,1,1,1,1,0
case_6148e95b,1,1,1,1,1,1
case_f578fd23,0,1,1,1,0,0
case_459482ce,0,0,1,1,0,1
case_1e6fe1db,1,1,1,1,1,1
case_c6ef5dac,1,1,1,0,1,1
case_0de793e6,0,1,1,1,0,1
case_7cde2970,1,0,1,0,1,1
case_606c08e8,0,0,1,0,1,1
case_3da02c7b,1,0,1,0,1,1
case_2c550695,0,1,1,1,0,1
case_96a9d98e,1,1,1,0,0,1
case_b302ded7,1,1,1,1,1,1
case_6a796609,0,0,1,0,1,1
case_1d3b828b,1,1,1,1,1,1
case_eb55ef97,1,1,1,1,0,1
case_c9b4aa11,1,1,0,0,1,1
case_3a42e27f,1,1,1,1,1,1
case_2ee03d20,1,1,1,1,1,1
case_daa64a2c,0,1,1,1,0,1
case_26651ae9,1,1,1,1,1,1
case_aa22debf,1,0,1,0,1,1
case_716448be,1,1,1,1,0,0
case_68e26f0a,0,1,1,0,0,1
case_60bfbb88,1,1,1,1,1,1
case_24afe1ba,0,1,0,1,1,0
case_e9ae985c,1,0,0,0,0,1
case_e1ee3525,0,0,1,1,0,0
case_8eeba2ff,1,1,1,1,1,0
case_1d0dafd0,1,1,1,1,1,1
case_15a4f86f,1,0,1,1,1,1
case_98cbeac5,0,1,1,0,0,1
case_9219d2f1,1,1,1,1,1,1
case_a75e5ff8,1,0,0,1,1,1
case_801e17b5,0,1,1,1,0,1
case_4386ee94,1,1,1,0,1,1
case_39fa9579,1,0,1,0,1,1
case_cc00715c,0,0,1,0,1,1
case_316fcc0b,0,0,1,0,1,1
case_fee6b8da,1,1,1,1,1,1
case_93af1aa1,1,1,0,1,0,1
case_6de85541,0,1,0,0,0,1
case_08caef1e,1,1,1,1,1,1
case_8a454741,1,1,1,0,1,1
case_5352218e,1,1,1,1,1,1
case_7894946d,1,1,1,1,1,1
case_5a44c8bc,0,1,1,1,1,1
case_f8380e7b,1,1,1,1,1,1
case_092851e0,1,0,1,1,1,1
case_b49434e0,1,0,1,1,1,0
case_d38e35cd,0,0,1,1,1,1
case_dbd4748f,0,1,1,1,0,0
case_d18e736a,1,1,1,1,1,1
case_ae6a7693,1,1,1,1,1,1
case_fb7d06b9,1,1,1,1,1,1
case_e1132b92,0,1,0,1,1,1
case_7bfc498e,1,1,1,1,1,1
case_c6b00886,1,0,1,1,1,0
case_59109ae6,1,0,1,1,0,1
case_b0105420,1,1,1,1,1,1
case_ff7d598f,1,1,1,1,1,1
case_a324f6d4,1,1,1,1,0,1
case_d502e541,0,1,1,1,0,1
case_80d98e5e,1,1,1,1,1,1
case_6a72a28b,1,1,1,1,1,1
case_cb764bca,0,0,1,0,1,1
case_c1c2a582,0,1,1,1,1,1
case_7f8c9900,1,0,1,1,1,0
case_6f10b9f3,1,1,1,0,0,1
case_a57a3dae,1,1,1,1,0,0
case_9d33537a,0,0,1,0,1,1
case_7b740522,0,1,0,0,1,0
case_0db375ac,0,0,0,0,0,1
case_80d894a3,1,1,1,1,0,1
case_e7baf4aa,1,0,1,0,0,1
case_26a7f400,0,1,1,1,0,1
case_aad49ede,1,1,1,0,1,1
case_e3bf7fdb,1,1,1,1,1,1
case_fc38b06a,1,1,1,1,1,1
case_ddbbc7b0,0,0,1,1,1,1
case_90c7a5a0,0,0,1,1,1,1
case_c21eef44,0,0,1,1,1,1
case_540f332c,1,0,1,0,1,0
case_5257558b,1,1,1,1,1,1
case_626de954,1,1,1,1,1,0
case_9a65b0ff,1,1,1,1,1,1
case_b1f240f3,1,1,1,1,0,1
case_938a14dc,1,1,1,1,1,1
case_235c438f,1,0,1,1,0,1
case_0dc719a8,0,1,0,1,1,0
case_6e8d9372,0,1,0,0,0,1
case_738d114b,0,1,1,1,1,1
case_e913e287,1,1,1,0,1,1
case_ede250c1,1,1,1,1,1,1
case_4e7d3691,1,1,1,1,1,1
case_e7049dc4,1,0,1,1,0,1
case_09c7d65f,0,1,1,1,1,0
case_9e32571b,1,1,1,0,1,1
case_f8e0fc76,1,0,0,0,0,1
case_75f3222d,0,0,1,0,0,1
case_90744ab6,1,1,1,0,1,1
case_21f844d3,0,1,1,1,1,1
case_380c6ae0,0,0,1,1,1,0
case_baf07b10,1,0,0,0,0,1
case_73e22bf5,1,0,1,1,1,1
case_65421950,0,0,1,1,1,0
case_07baab61,1,1,1,1,1,1
case_eb3777ea,1,0,1,1,1,1
case_f9f6455a,1,1,1,1,0,1
case_0f44ada2,1,0,1,1,1,0
case_6b351bfc,1,0,1,1,0,1
case_4c4dd091,1,1,1,0,1,1
case_46ea6dce,1,1,1,0,1,1
case_db77831b,1,1,1,1,1,1
case_fd7b524a,1,0,1,1,0,1
case_54860009,0,0,1,0,1,1
case_fad0c8a0,0,0,1,0,0,0
case_741f3b4e,0,0,0,1,0,1
case_1d39ea16,0,0,1,1,1,1
case_9d86c3bf,0,0,1,0,0,1
case_ad27301c,0,0,0,0,0,1
case_fc2bc126,1,1,1,1,1,1
case_bbb3af46,1,1,1,1,1,1
case_0865acce,1,1,1,1,1,1
case_573ea322,0,0,1,0,0,1
case_e6c85e8b,1,1,1,1,1,1
case_0b89da14,1,1,1,1,1,1
case_29f85522,0,1,0,1,0,1
case_02901b99,0,1,1,1,1,0
case_fb84de22,0,0,1,0,0,1
case_292d67e2,0,0,1,1,1,1
case_b2743fb3,0,1,1,0,0,1
case_0dc6cc17,1,1,1,1,1,1
case_1569cf06,0,0,1,1,1,1
case_f8a01904,1,1,1,1,1,0
case_4589103e,0,1,1,0,0,1
case_a751f270,1,1,1,1,0,1
case_a70354c3,0,1,1,1,1,1
case_3f81e19d,1,1,1,1,1,1
case_1a8b7fbf,0,1,1,0,1,1
case_9dc4ea89,0,1,1,1,1,0
case_6eecfa05,1,1,1,1,1,1
case_79e0650a,0,1,1,0,1,1
case_8b14a305,1,1,1,1,1,1
case_41288382,1,0,1,1,1,1
case_27b483e1,0,0,1,0,1,1
case_831bd289,1,1,1,1,1,1
case_e6c54288,0,1,1,0,0,1
case_184602dc,1,1,1,0,1,1
case_94e3b72c,0,1,1,0,1,0
case_dcc4e03c,1,0,1,1,1,1
case_e295c76a,1,1,1,1,1,1
case_4f140625,0,1,1,1,0,1
case_aba8c03f,1,1,1,1,1,1
case_f9e0d4c2,1,1,0,0,1,1
case_a6dcaefd,0,0,1,1,1,1
case_fa0cb627,1,1,1,1,1,1
case_45b8a59a,1,1,1,0,0,0
case_106cf2ad,1,1,1,1,0,1
case_0acab12c,1,0,1,1,0,1
case_0ba37907,1,1,1,1,1,1
case_0e602dc5,1,1,1,1,1,1
case_1fa7df14,1,0,1,1,1,1
case_df3ce147,1,1,1,0,0,1
case_72e5a4df,1,1,1,1,1,1
case_87b83378,1,1,1,0,1,0
case_b398643c,1,0,1,0,1,1
case_455f9ba1,1,0,1,1,1,0
case_d2b88b7a,1,1,1,1,1,1
case_997caa73,1,1,0,1,0,0
case_aac86a03,1,1,1,0,1,1
case_f000ceff,1,1,1,1,1,1
case_909851ad,1,0,1,1,1,1
case_05708b21,1,1,0,1,1,1
case_bedd83c5,1,1,1,1,1,1
case_d552f44a,0,0,1,1,0,0
case_fa1f5798,1,1,1,0,1,1
case_6295ba60,1,1,1,1,1,0
case_6e85a2c5,0,0,1,0,0,1
case_a48cc779,1,1,0,1,1,1
case_8c607351,1,0,1,1,1,1
case_eea773da,1,1,1,1,1,1
case_214a0a36,1,0,1,1,1,1
case_a830d9d7,1,0,1,1,0,1
case_3adc24ee,1,1,1,0,1,1
case_601caaca,1,1,1,1,1,1
case_19c424b8,1,0,1,0,0,1
case_8a27d10f,1,1,1,1,1,1
case_a459b1a4,0,1,1,1,1,1
case_e63d94d2,1,1,1,0,1,0
case_ada5030d,1,1,1,1,1,1
case_0c405ed1,0,1,1,0,1,1
case_9636ba1a,1,1,1,1,0,1
case_75d23289,1,1,1,1,1,1
case_0fbf71cf,1,1,1,0,0,1
case_6da3b644,1,1,1,1,1,1
case_e17533fc,1,1,1,1,1,1
case_6b4612bc,1,1,1,1,1,1
case_792b96f6,1,0,1,0,0,1
case_dc906567,0,1,0,1,1,1
case_07cf48d8,0,1,1,0,1,0
case_dbbd1d55,1,0,1,0,0,1
case_d869b825,0,0,1,0,0,1
case_dbc8e20f,0,0,1,0,1,1
case_604d4577,1,1,0,1,1,1
case_1c10b5e0,0,1,1,1,1,0
case_d95a34cc,1,1,1,1,1,1
case_37600382,1,0,1,1,1,1
case_41290c55,0,1,0,1,0,0
case_b2a3815a,1,0,1,0,1,1
case_0a5ba7a0,1,0,1,1,0,1
case_4641e888,1,0,1,0,1,1
case_54aaf989,0,1,1,1,1,1
case_0a2da064,1,0,1,1,0,1
case_2a12f1d7,1,1,1,1,1,1
case_8cb7447e,0,1,1,0,0,1
case_83930fbb,1,1,1,1,1,1
case_31c34672,1,0,1,1,1,1
case_7bf65600,0,0,1,1,1,1
case_17091332,1,1,1,0,0,0
case_68184196,1,1,0,1,1,1
case_73d3ae76,1,1,1,1,1,1
case_1a8d3fe8,0,0,1,1,0,1
case_cc05178f,1,0,1,1,1,1
case_8a495951,0,1,1,1,1,1
case_4946d122,1,1,1,1,1,1
case_3defae84,1,1,1,1,1,1
case_b0841ef0,1,0,1,0,0,1
case_7d3930ee,1,0,1,0,1,1
case_bb489dff,0,0,1,0,1,0
case_05d7b258,1,0,1,0,1,1
case_9ac46fb2,1,1,0,1,0,1
case_deb9cb75,0,0,1,1,0,0
case_45556cd7,1,1,1,1,1,1
case_9ccd2749,0,0,1,1,1,1
case_bbf2dab7,1,1,1,1,1,1
case_aa1526e6,1,0,0,1,1,0
case_3344be1e,1,1,0,0,1,1
case_62a523af,0,1,1,0,0,1
case_13110187,1,1,1,1,1,1
case_5cc2531e,0,1,0,1,1,1
case_5e126756,0,0,1,1,1,0
case_08bcbb43,1,0,1,0,1,0
case_3e98dfb3,0,1,0,0,1,1
case_79c8c105,0,1,0,1,0,0
case_824950b5,1,1,1,1,1,1
case_3f42bd76,0,1,1,0,0,1
case_fccf7065,1,1,1,1,1,1
case_01150cc5,1,1,1,1,1,1
case_0ff95a82,0,1,1,0,0,0
case_fcbbfa53,1,0,1,1,0,0
case_9e391167,1,1,1,1,1,1
case_ad49e7d2,0,1,1,1,1,1
case_4e449933,0,1,0,0,1,1
case_5024b13c,1,1,1,1,1,0
case_026642d2,1,1,1,1,0,1
case_a4b2bc5f,1,1,1,1,0,1
case_125bde12,1,0,0,0,0,1
case_86eec790,0,0,1,0,1,1
case_9d303d4b,1,1,1,1,1,1
case_578027e2,1,1,1,1,1,1
case_9a41150d,0,1,1,0,1,1
case_dfbcc1bb,1,1,1,0,0,1
case_6988e466,0,0,0,1,1,1
case_aa92ddd0,0,0,1,1,1,0
case_aa2e829f,1,1,1,1,1,1
case_f78b3223,1,1,1,1,1,1
case_4ff5a5e8,1,0,0,1,0,1
case_cab6cdce,1,1,1,1,1,1
case_d0ad0bc8,1,1,1,1,1,1
case_e6b1bdea,1,1,1,1,0,1
case_8eb6d0b8,1,1,1,1,0,1
case_aeb82e05,1,0,1,1,0,0
case_49ef4d6b,0,0,1,1,0,1
case_3f5c00c8,1,1,1,1,1,1
case_9121ca8d,1,0,1,0,0,1
case_73e836d2,1,1,1,1,1,1
case_9b5332a5,1,1,0,1,1,1
case_709dd1fc,1,1,1,0,1,0
case_f819f86c,1,0,1,0,0,1
case_6fe12622,0,0,1,1,1,1
case_3257390c,0,0,1,1,0,1
case_8a30138f,1,1,0,1,1,1
case_2309c2dd,0,1,1,1,1,1
case_36a32128,1,1,1,1,0,1
case_dfc682d7,1,1,1,1,1,1
case_c4f14d5e,0,0,1,0,1,1
case_e364ca08,1,1,0,1,1,1
case_b0143d96,1,1,1,1,1,1
case_174dfd42,1,0,1,1,1,1
case_ba6b3c07,0,0,0,0,1,1
case_a972f687,1,1,1,1,1,1
case_b28fb8c5,0,1,1,1,1,1
case_ee825909,1,0,1,0,1,1
case_f48f92cf,1,1,1,1,1,1
case_f27ba6c6,1,1,1,1,1,1
case_9da746e0,0,0,1,1,1,1
case_53ff172e,1,1,1,1,1,1
case_fa99da85,1,0,1,1,1,1
case_dbb211f5,0,1,1,1,1,1
case_5736a82f,0,1,1,0,1,1
case_aca133e1,1,1,1,1,1,1
case_7bbb9b27,0,0,1,1,1,1
case_79c32e03,1,1,1,1,1,1
case_95a38078,0,1,1,1,0,1
case_dcf81157,0,1,1,1,1,1
case_c0493d36,0,0,1,0,0,1
case_08d1d74d,1,0,1,1,0,0
case_c00f52a4,1,1,1,1,1,0
case_846912ba,0,0,1,1,0,1
case_c455f662,1,0,1,1,1,1
case_59d98888,1,1,1,0,1,1
case_751c48f5,1,1,1,1,1,0
case_930619fa,0,0,1,1,1,1
case_09627c86,0,0,1,1,0,1
case_f92234ff,1,1,1,1,1,1
case_04607084,0,1,1,1,1,0
case_008b94c2,0,0,0,1,1,1
case_81426553,1,1,1,1,1,0
case_bfba0ce4,0,1,1,1,1,1
case_c15d4cd8,0,0,1,0,1,1
case_5e886ddd,1,1,0,1,1,1
case_a828e81c,1,0,1,1,0,1
case_708200fd,1,1,1,1,1,1
case_8024b8d6,1,1,1,1,1,1
case_4a0a0ae2,0,0,1,1,1,1
case_41d72b4c,1,1,1,1,1,1
case_212876c4,1,0,1,1,1,1
case_bb1291a0,0,1,0,0,1,1
case_04c47f27,0,0,1,0,1,0
case_ffa968e0,0,1,1,1,1,1
case_ff71f3bf,1,0,1,1,1,1
case_699b21ee,0,0,1,1,1,1
case_6f4eb9a5,1,1,1,1,1,0
case_2ac9b30b,1,0,1,1,1,1
case_e923a706,1,1,1,1,1,1
case_16af4323,0,0,1,1,1,0
case_1933c230,0,1,1,0,0,0
case_64c17c40,0,0,1,0,1,1
case_415ffbbf,0,0,1,0,0,1
case_7cf4dce1,0,1,1,1,0,0
case_5adfcd9a,1,1,1,1,1,1
case_81add7a0,0,1,1,1,1,1
case_a888810f,1,0,1,1,1,1
case_ec7909e0,1,0,1,1,0,1
case_c8f452fa,0,1,1,1,1,1
case_b405728e,1,1,1,0,1,1
case_5ce74668,1,1,1,1,1,1
case_bc3adb32,1,0,1,1,0,1
case_d11a6ca5,0,1,0,0,0,0
case_71cb0dab,0,0,1,0,0,0
case_e2a5039d,1,1,1,1,1,1
case_f0e2c8c2,0,1,1,0,1,1
case_39c7df11,0,0,1,1,0,1
case_9d6edd22,1,1,1,1,1,1
case_f095893d,1,1,0,1,0,1
case_6e7b3684,1,0,1,1,1,1
case_1dd58a43,1,1,0,1,1,1
case_538fc643,1,1,1,0,1,1
case_00669e50,1,1,1,0,1,0
case_b041d0ee,0,0,1,1,1,1
case_c921e1b0,0,1,1,1,1,0
case_2620571b,0,1,1,1,1,1
case_611f1494,1,1,0,1,1,0
case_9d89db75,0,1,1,0,1,1
case_1bff62ed,0,0,1,1,1,1
case_2a5b5904,0,0,1,1,1,0
case_9634a838,0,0,0,0,1,1
case_943c8dfe,0,1,1,1,0,0
case_5a10dc40,1,0,1,1,1,1
case_b2ea4e06,1,0,1,1,1,1
case_e3ffe146,1,0,1,0,0,0
case_c145fb44,1,0,1,1,1,1
case_e9df509b,1,1,1,1,1,1
case_93b0e608,1,1,1,0,1,1
case_07c4ad1c,1,0,1,1,1,1
case_ef75485e,1,1,1,1,1,1
case_87b607bc,0,1,0,1,1,1
case_0f67fbd8,1,1,1,1,0,1
case_99a434a4,0,1,1,1,1,1
case_faa1dc3e,0,1,1,0,1,1
case_6a9077f7,1,1,0,1,0,1
case_a562cefc,1,0,1,1,1,1
case_88579cab,1,1,0,0,1,1
case_794f05e1,1,0,1,1,1,1
case_d7bea292,1,0,1,0,0,1
case_e5d20efe,1,0,1,1,1,1
case_669ca20c,1,0,1,1,1,1
case_ed68f411,0,1,1,1,0,1
case_978a902d,0,0,1,1,1,1
case_e10273d4,0,1,1,1,1,1
case_05379fbc,1,1,1,1,1,1
case_14d9f648,1,1,1,1,1,0
case_b4278938,1,1,1,1,0,1
case_0f04c9d7,0,1,1,0,0,1
case_ed01da2b,1,1,1,1,1,1
case_b5032736,1,0,1,1,1,0
case_14cc2c64,0,1,0,1,1,1
case_9b779862,1,1,1,1,1,1
case_4a978efa,0,0,1,1,1,1
case_227a0f7e,1,0,1,1,0,1
case_8dfb881a,1,0,1,1,0,0
case_8902210d,0,0,1,1,1,1
case_a11263de,0,1,1,1,1,1
case_56ba956f,0,1,1,0,1,1
case_c1d0ed1e,1,0,1,0,0,0
case_df42463d,1,1,1,1,1,1
case_c01ed54b,1,1,1,1,1,1
case_a8a5de7b,0,0,1,1,0,1
case_9eabeb51,1,1,1,0,1,1
case_edf606e3,0,0,1,0,1,1
case_a04934db,1,1,1,0,0,0
case_133547ca,0,1,1,1,1,1
case_b0846e99,0,0,1,0,1,1
case_0dd8de46,1,0,1,0,0,1
case_4def40cb,1,1,0,1,1,1
case_08b80eb6,1,1,1,1,1,1
case_d3745126,1,1,1,1,1,1
case_8946dc57,1,0,1,1,1,1
case_0554d6f4,0,0,1,0,1,1
case_31c5245c,1,1,1,1,1,1
case_15ff4fce,0,0,1,1,1,1
case_888d26b3,1,0,1,0,1,1
case_0a7fdcf2,1,1,0,0,0,1
case_4a3ec2b5,1,0,1,0,1,1
case_d9c3e54a,0,1,1,1,1,1
case_42d4e580,1,1,0,1,1,1
case_83ba58e4,1,0,1,1,1,1
case_472f0433,1,0,1,0,1,1
case_4d3f9d04,0,1,0,1,1,1
case_5df5a52c,0,1,0,1,1,0
case_10dbc6c9,1,1,1,0,0,0
case_9b898a99,1,1,1,1,1,1
case_60ff2df4,0,1,1,1,0,1
case_4c67769c,0,0,1,1,0,0
case_fdd98aed,0,0,1,1,1,1
case_fcab6464,1,1,1,1,0,0
case_e63b9d5b,1,1,1,1,1,0
case_33cc0ef8,0,1,1,1,0,1
case_0402bd7b,1,0,1,0,0,1
case_962e25f2,1,1,1,1,1,1
case_6adbbeba,0,1,1,1,1,1
case_620ab63f,0,0,0,1,1,1
case_0c085629,0,0,0,0,1,1
case_99e95cbd,1,0,1,0,1,1
case_d82e76a0,0,0,1,1,1,1
case_a6985acf,1,0,1,0,1,1
case_804a505e,1,0,0,1,1,1
case_ee40e960,1,0,1,1,1,1
case_7741c940,0,1,1,1,1,0
case_18c37014,0,0,1,1,0,1
case_b66b5b0a,1,1,1,1,0,1
case_35c4b5cc,0,1,1,1,1,1
case_e385d737,0,1,1,0,0,1
case_3bc99b9a,0,0,1,1,1,1
case_a1d173f5,1,1,1,0,1,1
case_fe903345,1,0,1,1,0,1
case_0bc0628f,1,1,1,0,1,0
case_b0825cc6,0,0,0,1,1,1
case_1d409253,0,1,0,1,1,1
case_4f9c93eb,0,0,0,0,0,1
case_766ffd2b,1,1,1,1,0,1
case_4f7a3492,1,1,1,1,1,1
case_f0c7bfba,0,0,1,1,1,0
case_4b4664e4,1,0,1,0,1,1
case_4c484346,1,1,1,1,1,1
case_2448ad84,1,1,1,0,1,1
case_aaf653ce,1,0,1,1,1,0
case_4f33edd6,0,0,1,0,1,0
case_09b209f6,1,0,1,0,1,1
case_5bc42bdf,1,0,0,0,1,1
case_68aa5edd,1,1,1,1,1,0
case_4e5f2219,1,0,1,1,1,1
case_65b196d5,0,0,1,0,0,1
case_07484264,1,1,1,0,1,1
case_3351f489,1,1,1,1,1,1
case_992d6ba3,0,0,0,0,1,0
case_9118bd4e,1,1,0,1,1,1
case_dda48f13,1,1,1,1,1,1
case_cf32365f,0,0,0,0,0,1
case_0db5b30c,0,1,1,1,1,1
case_55410303,1,0,1,0,0,0
case_78d107e8,1,0,1,0,0,1
case_967c3b02,1,0,1,1,0,1
case_8fc23758,0,1,0,1,1,1
case_c908b2f0,1,1,0,1,1,0
case_56020be3,0,1,1,1,1,1
case_373bd4c5,1,1,1,1,1,1
case_077d8d6b,0,1,1,1,1,1
case_08a648c3,1,0,1,1,0,1
case_bd10ef61,0,0,1,1,1,1
case_f0d58097,1,0,1,1,1,0
case_aecc7c5a,1,1,1,1,0,1
case_25310135,1,1,1,0,1,1
case_f3a86fe6,0,1,1,1,0,1
case_b3e40872,1,0,1,0,0,0
case_d1c65cc7,0,0,1,1,0,1
case_a904297c,1,0,1,0,1,1
case_c98b8b81,1,0,1,1,1,1
case_32f8c36f,1,1,1,1,1,1
case_31dc07c3,1,0,1,1,1,1
case_20093b07,0,1,1,1,1,1
case_8ec37812,1,1,1,1,1,1
case_767054bc,1,1,0,1,1,1
case_8722d4bf,1,1,1,0,1,1
case_e381eaef,1,1,1,1,1,1
case_0e5dd312,0,1,1,0,1,1
case_3fdbf821,0,1,1,1,0,1
case_a80e95db,0,1,1,0,0,1
case_f7ee50cc,0,0,1,0,0,1
case_f809a006,0,1,1,1,1,1
case_f5cb1bdb,0,0,1,1,1,1
case_18cec72c,1,1,1,1,0,1
case_8dc7155c,1,1,1,1,1,1
case_3ac77cf9,0,0,0,1,0,1
case_571c03e7,1,1,1,0,0,1
case_dd6610d9,1,1,1,1,0,1
case_b2648e06,1,0,1,1,1,1
case_33243d53,1,0,1,1,0,1
case_0ec20fee,1,1,1,1,1,1
case_edd70c22,1,1,1,1,0,1
case_78ff28c7,0,1,1,0,0,0
case_76e7211f,1,1,1,1,1,1
case_87ca8ef6,1,1,1,1,1,1
case_8a878372,1,1,1,0,1,0
case_1dbf7eb4,1,0,1,0,1,1
case_98bc85c8,0,0,1,0,1,1
case_1a30445e,1,1,1,1,1,1
case_17195994,0,1,0,0,1,1
case_6e4b153a,1,0,1,1,1,1
case_b8db1743,0,0,1,1,0,1
case_d904aeea,0,1,1,1,0,0
case_3923e673,1,1,1,1,1,1
case_d64b036c,1,1,1,1,1,1
case_50e100bd,1,1,1,1,0,1
case_3f30956a,1,0,1,1,1,1
case_8ebc0ffa,1,1,0,1,1,1
case_09b21d59,1,1,1,1,1,1
case_f88f1329,1,1,1,1,1,1
case_67ceac8b,1,1,1,1,1,1
case_f152c198,1,1,1,1,1,1
case_99f8f3de,1,1,1,0,1,1
case_9dcd2ddb,0,1,1,1,1,1
case_c1e94185,0,0,1,0,0,1
case_88d540cb,0,0,1,1,1,0
case_67f3eb2a,0,0,1,1,0,0
case_5d618bfb,1,0,1,1,0,0
case_4831e7f5,0,0,1,0,1,0
case_b0a10dc1,1,1,1,1,1,1
case_c682af10,0,0,1,1,1,1
case_52ef59cf,0,0,1,1,1,0
case_3537d557,1,0,1,1,1,1
case_d9597970,1,0,1,0,1,1
case_615893cd,0,1,1,1,0,0
case_429965f3,0,0,1,0,0,1
case_a762b85b,1,1,1,1,1,1
case_80ba19bb,1,1,1,1,1,0
case_554662db,1,0,1,1,0,1
case_f0888f67,1,1,1,1,1,1
case_b76d61cd,1,0,1,0,1,1
case_d7bc098f,1,0,1,0,1,1
case_e9a6c3ad,1,1,1,1,0,1
case_4bd0a4f8,1,1,1,1,0,1
case_621c1ded,0,1,1,1,1,1
case_65d59f4c,1,1,1,1,0,1
case_c96f4d7f,0,0,1,1,1,1
case_57b5ef14,0,1,0,1,0,0
case_4da085a0,1,0,1,1,1,1
case_57adad84,1,0,1,0,0,0
case_da1e53cd,0,0,1,1,0,1
case_813f7f24,0,0,1,0,1,1
case_21ead34c,0,0,1,1,0,1
case_8c77174f,1,1,1,1,1,1
case_11a03b51,0,1,1,1,1,1
case_0613f9af,0,0,1,1,1,1
case_eaa7a42c,0,1,0,0,0,0
case_b2d9dc6e,1,1,1,1,1,1
case_ee04969c,1,0,1,0,1,1
case_7b64d8c3,1,1,1,1,1,1
case_57b0481a,1,0,1,1,1,1
case_db78d145,1,1,1,1,1,1
case_5bb84651,0,0,1,1,1,0
case_9ed8f380,1,1,1,1,0,0
case_72433bb3,1,1,1,0,0,1
case_f4fc5380,1,1,1,1,1,0
case_bfc41c92,0,0,1,0,0,0
case_8206b235,1,0,1,0,1,1
case_5a3d91a0,0,0,1,0,1,1
case_2f96c74f,1,1,1,0,0,1
case_fd0fea2c,1,0,1,0,1,0
case_ff198a7b,0,1,0,1,1,1
case_25f1b136,1,1,0,1,1,1
case_61569d06,1,1,1,1,1,1
case_4ece7470,1,1,1,1,1,1
case_d549b8c1,0,0,1,1,1,1
case_80bf104a,1,1,1,0,1,1
case_6a20d050,0,0,1,0,1,1
case_b9572cec,0,0,1,1,1,1
case_fb4a6815,0,0,1,1,0,1
case_fbce9765,1,1,1,1,1,1
case_e5f16df9,1,1,1,1,1,1
case_336aa751,1,0,1,1,1,1
case_45e9dfa0,1,1,1,1,1,1
case_2e0b47aa,0,1,1,1,0,1
case_49c3514c,1,0,1,0,1,1
case_83e1c574,0,0,1,1,0,1
case_f8abbb0b,0,1,1,1,1,0
case_62a39791,1,0,1,1,1,1
case_f4fa02a4,1,1,1,1,0,1
case_06df19c9,0,1,1,1,0,1
case_6fb7389e,1,1,1,1,1,1
case_4b8bcbd3,1,1,1,1,0,0
case_3f693e8a,1,1,1,1,1,1
case_f766a73c,0,0,1,1,1,1
case_93a8a8c1,0,1,1,1,0,1
case_db413e58,0,1,1,1,1,1
case_c151c882,0,1,0,1,1,1
case_2ff40e18,0,0,1,0,0,1
case_c4822a0e,1,1,1,1,1,1
case_e9cb3f07,1,1,1,1,1,1
case_3e554396,0,0,1,0,1,0
case_6010628c,1,1,1,1,1,0
case_80ac6272,0,0,1,0,0,0
case_d38f7f41,1,1,1,1,0,1
case_f3bc3147,1,1,1,1,0,1
case_f9d28acc,0,1,1,1,1,1
case_1b253fb1,1,0,1,1,1,1
case_43f630a7,1,1,1,1,1,1
case_6951436f,1,1,1,1,0,1
case_55dcf19d,0,1,1,1,1,1
case_f23e62aa,0,0,1,1,0,1
case_844639ba,0,1,1,1,1,1
case_f5d0cba3,0,1,1,0,0,1
case_7d344428,1,0,1,1,1,1
case_8004e170,0,1,1,1,0,1
case_19269c4c,0,1,1,1,1,1
case_717616e8,0,1,0,1,1,1
case_7df27b69,0,0,1,1,1,1
case_9896159b,0,1,0,1,1,1
case_493d578f,1,0,1,1,0,1
case_bae638a0,1,1,1,0,1,1
case_d6050568,1,1,1,1,1,1
case_de513e74,0,1,1,1,0,1
case_5aa7b855,1,1,0,0,0,0
case_90db9ae0,1,1,1,1,1,1
case_24c01065,1,1,1,1,1,1
case_03b9f8d0,0,0,1,0,0,0
case_56cad991,0,1,1,1,1,1
case_2581d91f,1,1,1,1,1,1
case_1efada3c,0,0,1,1,0,1
case_fc9289ac,0,1,1,1,1,1
case_7e7c6390,0,0,1,1,1,1
case_82632efb,0,1,1,1,1,0
case_f227b053,0,0,1,1,1,1
case_ef67d7b1,0,0,1,1,1,1
case_22cacae1,1,1,1,1,1,1
case_c0ea2882,1,1,1,1,1,1
case_fb20d063,1,1,1,1,1,1
case_73d7098e,1,0,1,0,0,1
case_497756f6,1,1,1,0,0,1
case_d962b3d4,0,1,1,1,0,1
case_9daf056e,1,1,1,1,0,1
case_f837b548,1,0,0,0,0,0
case_fad2e0af,1,0,1,1,1,1
case_ed2f827b,0,0,1,1,1,1
case_51716bfd,1,1,1,1,1,1
case_07d9a1b7,0,0,1,1,1,1
case_77aa9cc9,1,1,1,1,1,1
case_d851631f,1,0,0,0,1,1
case_3f1ecb41,1,0,1,1,1,1
case_b055f079,1,1,1,0,1,1
case_503e27c4,1,0,1,0,1,0
case_0fb977f8,1,0,1,1,1,1
case_eeea36c5,0,1,1,0,1,1
case_75b011ad,0,0,1,1,1,1
case_7e21a4c8,0,1,1,1,1,1
case_7c2bf17b,1,1,1,1,1,1
case_8b4a7701,1,1,1,1,1,1
case_4bd7ed77,1,1,0,1,0,0
case_cc30d3a4,0,1,1,0,1,1
case_76756731,1,1,1,1,1,1
case_725919e8,1,1,1,1,1,1
case_a3b4cf89,0,0,0,1,1,0
case_5ea1955e,1,1,1,1,1,1
case_d8dafa96,0,0,1,1,1,1
case_e6c94170,0,0,1,0,1,0
case_01bbc246,0,0,0,1,1,1
case_31ede9a8,0,0,0,1,1,1
case_b1839f93,1,1,1,1,0,1
case_8d18f2d0,1,1,1,1,1,1
case_4955495f,1,1,1,0,0,1
case_acf68d1d,1,1,1,1,1,1
case_1c119da2,0,0,1,0,1,1
case_19d4f9c5,1,1,1,1,1,1
case_324d44ff,1,0,1,1,0,0
case_bd80969d,1,0,1,0,0,1
case_5697949d,1,1,1,1,1,1
case_3bfde4e3,0,0,1,1,1,0
case_5cfc6e2d,1,0,1,1,1,1
case_ba72db2a,0,1,1,1,1,1
case_6c9d459b,0,1,1,0,1,1
case_957287b7,1,1,1,1,1,1
case_8c3dccb5,1,0,1,0,0,0
case_82195754,1,1,0,1,1,1
case_2f8cf097,1,1,1,1,1,1
case_e5b51ed7,1,1,1,1,1,1
case_5ec25ba2,0,0,1,0,1,0
case_c750f93f,1,1,1,1,1,1
case_662eed04,1,0,1,1,1,0
case_fe618820,1,1,1,1,1,1
case_6400a4c6,1,1,1,1,1,1
case_8b23f268,1,1,1,1,1,1
case_dcc8a16d,1,1,1,1,1,1
case_da27a440,0,1,1,1,0,0
case_79d4c857,0,1,1,1,1,1
case_8d8b0dbc,0,1,1,1,1,1
case_189e9ed2,1,1,1,0,0,1
case_c484b0e2,1,1,1,1,0,0
case_c3fcb6c9,0,0,1,1,1,1
case_6bd2bf14,0,1,1,1,1,0
case_ccce6862,1,0,1,1,0,1
case_9a32aadc,1,1,1,1,1,1
case_17b6a9b6,0,0,1,0,1,1
case_c6e41c6a,1,1,1,0,1,1
case_31f0e60e,0,0,1,1,1,1
case_7aff46dd,0,1,1,1,1,1
case_f656d997,1,1,1,1,1,0
case_9946700e,0,0,1,0,0,1
case_a8db9a37,0,0,1,1,0,1
case_93814a2c,1,1,1,1,1,0
case_29c462f6,0,0,0,1,1,0
case_a8a9a547,1,1,1,1,1,1
case_0558236d,0,1,1,1,0,1
case_8972891a,1,1,1,0,1,1
case_0baeef5c,1,0,1,1,0,1
case_7f211066,1,1,1,1,1,1
case_326c0188,1,1,1,1,1,1
case_a5630829,0,1,1,1,1,1
case_9a848b1f,1,0,1,1,0,1
case_749c8126,0,0,0,1,0,0
case_b6de5316,1,1,1,1,1,1
case_3a1aeb92,1,1,1,1,1,1
case_213c1f3e,1,1,1,1,0,1
case_ab021a07,0,0,1,0,0,1
case_fe010040,1,0,1,1,1,1
case_ee2ea30c,1,0,1,1,1,1
case_0b05a0fc,0,1,1,1,1,0
case_6780f44e,1,1,1,1,1,1
case_3612b63d,1,1,1,1,1,1
case_61fa4ad7,1,0,1,0,1,0
case_c9009119,1,1,1,1,1,1
case_00a38e4e,0,0,1,1,1,1
case_1cf375a6,1,1,1,1,1,1
case_09fa6a65,1,1,1,1,1,1
case_a966e7ce,1,0,1,1,0,1
case_729f632d,1,0,1,0,0,1
case_15b45e07,1,1,1,1,1,1
case_d52276fe,1,1,1,1,1,1
case_9b8d240a,1,1,1,0,1,1
case_6ae0a84a,0,1,1,0,0,1
case_b331be56,0,1,1,1,1,1
case_d4a71e21,0,1,0,0,1,1
case_b07e71d1,1,1,1,1,0,0
case_5956d721,1,0,1,1,0,0
case_3fe5d2ae,1,1,0,1,1,1
case_6425a0f0,0,1,1,1,1,1
case_52ed9cf5,0,1,1,0,1,1
case_e6ff46fa,0,1,1,1,1,1
case_de25d606,0,0,0,1,0,1
case_7a6ae772,1,1,1,1,1,1
case_6d81436d,1,0,1,1,1,1
case_4e40249c,1,1,1,0,1,1
case_177752a8,0,0,1,1,1,1
case_008d0791,0,1,1,0,1,1
case_9ce4db61,1,0,1,1,1,1
case_88c54101,1,1,1,1,1,1
case_326b73c4,1,1,1,1,1,1
case_b86493d6,0,1,1,1,1,1
case_27f3e111,1,1,1,1,1,1
case_18551490,1,0,1,0,0,1
case_f87af8e2,1,1,1,1,1,1
case_e0f5eafe,0,1,1,1,1,1
case_4c4d843c,1,0,1,0,1,1
case_107b5de0,1,1,1,0,1,1
case_5495d246,0,0,1,0,0,1
case_f0d03658,1,0,1,1,1,1
case_2a4cfd05,1,1,1,1,1,1
case_2dee14d4,1,1,1,1,1,1
case_c7f42ace,1,1,1,0,1,0
case_a98d6664,1,1,0,1,0,1
case_ed1e80d8,1,1,1,1,0,1
case_0d5dc7e8,1,0,1,0,0,1
case_3f2812fd,0,0,1,1,1,1
case_bd912708,1,1,1,0,1,1
case_f02fffe6,0,0,1,1,1,0
case_b8e859b6,0,1,1,0,0,1
case_48276c63,0,0,1,0,1,1
case_a850a7b5,1,1,1,1,0,1
case_5477a722,1,1,1,1,1,1
case_f8710f1d,0,1,1,1,1,1
case_2147b5ec,1,0,0,1,1,1
case_e02cbe21,1,0,1,1,1,1
case_8b2f0aaf,0,0,1,1,0,0
case_6dd96182,1,1,1,1,1,1
case_f35adb56,0,1,1,0,1,1
case_56e693ce,1,1,1,1,0,1
case_791069f5,1,1,0,1,0,1
case_0bf641eb,0,1,1,1,1,1
case_78992b43,0,1,1,1,1,1
case_8ed894a0,1,1,1,1,1,1
case_681f1da5,1,0,1,1,1,1
case_54fb66bc,0,1,0,1,1,0
case_3efe3518,1,1,1,0,1,1
case_d249bf68,1,1,1,1,1,1
case_17400b5e,1,1,1,1,1,1
case_15019400,1,1,1,1,1,1
case_4ed96c40,1,1,1,1,1,1
case_28a3fab1,1,1,1,1,1,1
case_19bfcb91,0,1,0,0,1,1
case_4b4f1eaa,1,1,1,1,1,0
case_3d73b2dc,1,1,1,1,1,1
case_3928ca59,1,0,1,1,1,1
case_f541e9cd,1,1,1,1,1,1
case_209d8e63,0,0,1,1,0,1
case_b16eed6e,1,1,1,1,1,1
case_14a48f9a,0,1,1,1,0,1
case_0b219c8e,0,1,1,1,1,1
case_3a875bb3,1,1,1,1,1,1
case_b7dd86e8,1,0,1,0,0,0
case_14bfec85,0,1,1,1,1,0
case_ae5109fd,0,1,1,0,1,1
case_06c3123a,1,1,1,1,1,1
case_57ce719d,0,1,0,1,0,1
case_15e45afc,1,1,1,0,1,0
case_8aefbd04,0,1,1,0,0,1
case_77830ac7,1,1,1,1,1,1
case_7e16b73a,1,1,0,0,0,0
case_9ced43d4,1,1,0,1,0,1
case_83d125c2,1,1,1,0,1,1
case_0358ad36,1,1,1,0,1,1
case_666b82da,0,0,0,1,1,1
case_cf20664b,0,1,1,1,1,1
case_7a684add,1,1,1,1,1,0
case_bfe59090,1,1,1,1,1,1
case_9d831334,0,1,1,0,1,1
case_7d6cbf80,1,1,1,1,1,0
case_15e80ca1,0,0,0,1,0,1
case_7b8d0fc1,0,1,1,1,1,1
case_e46c91b2,0,1,1,0,1,1
case_c7e9206d,0,0,0,0,0,0
case_81ecf477,1,1,1,1,1,1
case_23865027,0,1,1,0,1,0
case_e1e2da3d,1,1,1,0,0,1
case_ac1c2ac0,0,1,0,0,1,1
case_5b8b549a,1,0,1,0,0,1
case_b6db23df,0,0,1,1,1,1
case_acd4c13a,1,1,1,1,1,1
case_926abbfe,0,1,1,0,1,1
case_c32ee246,1,1,1,1,1,1
case_18993a1e,0,0,1,0,1,1
case_bae49a74,1,0,1,0,1,1
case_d5288340,1,1,0,1,1,1
case_758cff99,0,1,1,1,1,1
case_cdcc5828,1,1,1,1,0,1
case_17c656d4,1,1,1,1,1,0
case_c703571a,1,1,1,1,1,1
case_35e33ee8,1,1,1,1,1,0
case_ea147076,1,1,1,1,1,1
case_6ed1609a,1,1,1,1,1,1
case_d374232a,0,0,1,1,0,0
case_46501e8a,1,1,1,1,1,1
case_527a0488,1,0,1,1,1,1
case_f285e259,0,0,1,1,0,0
case_5781e6ee,0,1,0,0,0,1
case_3ab6f0d7,1,1,1,1,1,1
case_5dfe762b,1,0,1,1,0,1
case_93bbae5b,1,0,1,1,1,1
case_6bcf160e,1,1,1,1,1,1
case_e419d26c,1,0,0,0,0,1
case_6f3e2a50,1,1,1,1,0,0
case_dfc0e781,1,1,1,0,1,1
case_e1366b93,1,0,0,0,0,1
case_31fa028b,1,0,1,1,1,1
case_a41e64b0,0,0,1,1,1,1
case_e412feed,0,0,1,0,1,0
case_56784b4c,1,0,1,1,1,1
case_daa4eb5a,1,0,1,1,1,1
case_9851d5c9,1,1,1,1,1,1
case_6b2b5c07,1,1,1,1,1,0
case_2d121981,1,1,1,0,1,0
case_0776685c,0,0,1,0,1,1
case_a1a37900,1,1,1,1,1,1
case_bff9cfed,1,0,1,0,0,1
case_4ece30dc,0,1,1,1,0,1
case_004ea9b5,0,1,1,1,1,1
case_ae05d935,1,1,1,1,1,1
case_992ed05e,1,0,1,0,1,0
case_27aceca7,1,1,1,1,1,1
case_989447c1,1,1,1,1,1,1
case_ef525b36,0,0,1,0,1,1
case_f0880ccb,1,1,1,1,1,1
case_259f39f6,0,0,1,0,1,1
case_d70fbab0,1,1,1,1,0,1
case_f55986a7,1,1,1,1,1,1
case_d29a2543,1,0,1,1,1,1
case_e75d5246,1,0,1,0,1,0
case_6f7adef5,1,1,1,1,1,1
case_550a9d19,1,0,0,1,0,0
case_f4a5a432,1,1,1,0,1,1
case_50d6ab74,1,1,1,1,0,1
case_6eb52759,1,1,1,1,1,0
case_ecd9a226,1,0,1,1,1,0
case_55b6d3ed,1,1,1,1,1,1
case_ec470ec6,1,1,1,1,1,1
case_6f841f87,1,1,1,1,1,1
case_49e5d466,0,0,1,1,1,0
case_9999e265,1,1,1,1,1,1
case_1e71e1ab,1,0,1,0,0,1
case_251e98c1,1,1,0,1,1,1
case_870b000a,1,1,1,1,0,1
case_1c9a87c6,0,1,0,0,1,1
case_29d22b90,0,0,1,1,0,1
case_96910f27,0,0,1,0,1,1
case_c6e42b42,0,1,1,0,1,0
case_0e26ad05,1,1,1,1,1,1
case_5406040b,1,1,0,1,1,1
case_c69770c0,1,1,1,1,0,1
case_dfecdb68,1,1,1,1,1,1
case_22691eea,0,0,1,0,0,1
case_3a15e467,0,0,1,0,0,1
case_d86abcc8,0,1,1,1,0,1
case_663b1840,1,1,1,1,1,1
case_e03b0a75,1,1,1,1,1,1
case_16c3014d,0,1,1,1,0,0
case_0082c142,1,0,1,1,1,1
case_bb80d96d,0,1,1,1,0,0
case_3bc0f635,1,1,1,1,1,0
case_4f81ad24,1,1,1,1,0,1
case_5214551f,0,0,1,0,1,1
case_e5e20d0a,1,0,1,0,0,1
case_bb4892eb,1,1,1,1,1,0
case_c6ddf903,1,1,1,0,1,1
case_5f69d7da,1,1,1,1,1,0
case_3963ef29,1,1,1,0,1,1
case_4ad8db8e,0,1,1,1,0,0
case_5472b303,1,1,1,1,1,1
case_318a95da,1,1,0,0,1,0
case_0b338385,1,1,1,1,1,1
case_49c2ca30,1,1,1,1,1,1
case_98c3fb76,0,0,0,0,1,0
case_8689d494,1,1,1,1,1,1
case_9e8c5fc3,1,0,1,1,0,0
case_a8a2f150,0,0,1,1,0,0
case_da2c5cc8,1,1,1,0,1,1
case_e7ba3df0,1,1,1,1,1,1
case_c38e12f3,0,0,1,1,1,0
case_8616bdc7,1,1,1,1,1,1
case_81e12eaa,0,0,1,1,1,1
case_ceea3651,1,0,1,1,1,1
case_687e4558,1,1,1,1,1,1
case_a885c5c2,0,1,1,0,1,1
case_31debf45,0,0,1,1,1,1
case_003d352b,1,0,1,0,0,1
case_a11f30af,1,1,1,1,1,1
case_eef7575c,1,1,0,1,1,1
case_369c64e8,0,0,1,1,1,1
case_759c414b,1,1,0,1,1,1
case_267f8d5e,1,0,1,1,1,1
case_d1970968,0,1,0,0,0,1
case_eda2374c,1,1,1,1,1,1
case_90f4dcf0,0,1,1,1,1,0
case_e2e0077d,0,0,1,1,0,1
case_f7b04c34,0,0,1,1,0,1
case_b9b423c4,1,1,1,0,1,1
case_72b9100d,1,1,0,1,1,1
case_7abbb042,0,1,1,1,0,1
case_4ca40db2,0,1,1,1,1,1
case_9db1161f,0,1,1,1,0,1
case_dc914515,1,1,1,1,0,1
case_7d3e6bbb,0,0,1,1,1,1
case_1f2b2602,0,1,1,0,0,1
case_3edcae88,1,1,1,1,0,1
case_0a34e295,0,0,1,1,1,1
case_c5317749,1,0,0,0,1,0
case_62f416d1,1,1,0,1,0,1
case_72adaae0,1,1,1,0,1,1
case_e44afd6a,1,1,1,0,0,1
case_e04b5ea9,1,1,1,0,0,1
case_a6d166e0,1,0,1,1,1,1
case_e87140ef,1,1,1,1,1,1
case_0ba890e6,1,0,0,0,1,1
case_92add56e,1,1,1,1,1,0
case_9088e47c,1,0,1,0,1,1
case_d2a708ec,1,1,0,0,0,1
case_d77cb426,0,1,1,0,0,1
case_dfd48a3e,0,1,1,0,1,1
case_01e801b8,0,1,1,0,0,1
case_fb4e3c6c,1,1,1,0,1,1
case_63ea573b,1,1,1,1,1,0
case_3621dc46,0,0,1,1,0,0
case_dbbfa2cc,1,1,1,1,1,1
case_9e9379ab,0,1,1,1,1,1
case_fd0ef92d,1,0,0,1,1,1
case_742210a2,1,1,1,1,0,1
case_90a372b8,0,1,1,1,1,1
case_8d743c6b,1,1,1,1,1,1
case_50747d78,1,1,1,1,1,1
case_133efc15,1,0,1,0,1,0
case_92ee2ae2,0,0,1,1,0,1
case_38b6d0da,0,1,0,0,1,1
case_252b9d56,1,1,1,0,1,1
case_81226fcd,1,1,1,1,1,1
case_b8a75afc,0,0,1,0,1,1
case_c374e60e,1,1,1,1,1,1
case_80e31076,0,1,1,0,1,1
case_23c2fc74,1,1,1,1,1,1
case_634f97e5,0,1,0,1,0,1
case_73ae5780,1,1,1,1,1,1
case_eaf6e213,1,1,1,1,1,1
case_a7e2fe6f,0,0,1,1,0,1
case_aca8e957,0,0,1,0,1,1
case_19b9ccb9,1,1,1,1,1,1
case_6a5e382d,1,1,1,1,1,1
case_c4cff6cc,1,1,1,0,0,1
case_b2697534,1,1,0,1,1,1
case_114fabee,1,0,1,1,0,0
case_f0111436,1,0,1,0,0,1
case_804ce984,1,1,1,1,1,1
case_45d893b2,1,0,1,1,1,1
case_1aed23bb,1,1,1,1,1,0
case_5ad9a44e,0,1,0,1,0,1
case_1150a388,1,1,1,1,1,1
case_febad8b3,0,1,1,1,1,1
case_d63545b6,1,1,1,0,1,1
case_e4b580a6,0,1,1,1,0,1
case_8078770a,0,1,1,0,1,1
case_c98535ad,0,0,1,0,1,0
case_320ac8dc,0,1,1,1,0,1
case_93d90ff9,1,1,1,1,1,1
case_afff9b00,1,1,1,1,1,1
case_9d97c017,1,1,1,1,1,1
case_d311183c,0,1,1,1,1,1
case_ff1f80e6,1,1,1,1,1,1
case_18122da0,1,1,1,1,1,1
case_f513045d,1,0,1,0,1,0
case_7818f193,1,1,1,0,1,1
case_bb469de3,1,0,1,1,1,1
case_3b7125f7,1,1,1,1,1,1
case_87abadc7,1,1,1,1,1,1
case_4944e8aa,1,1,1,0,1,1
case_2e4c283e,1,1,1,1,1,1
case_260f7214,1,1,0,1,0,1
case_721727aa,0,0,0,0,0,1
case_45a3a395,1,0,1,0,1,1
case_af320267,1,1,1,1,1,1
case_4796daf2,1,0,1,1,1,1
case_b3015cde,1,1,1,1,1,1
case_cc907cba,0,0,1,1,0,0
case_0d7ced12,1,0,1,1,0,1
case_5ace12b4,1,1,1,1,1,0
case_095643b4,1,1,1,1,1,1
case_1cbcf764,1,1,1,1,0,1
case_53f153ce,1,1,1,0,1,1
case_72ae81a0,1,1,1,0,1,1
case_1026b1de,1,0,1,0,1,1
case_b25137fc,1,0,1,1,1,1
case_37ade9dd,0,0,1,1,1,1
case_245f49cd,0,1,1,0,0,1
case_9234506b,1,1,1,1,1,1
case_0b216ec9,0,0,1,1,1,0
case_b51f45fe,0,0,1,0,1,1
case_c8e03057,1,1,1,1,1,1
case_868d8380,0,1,1,0,0,1
case_4b8bd809,1,0,1,1,0,1
case_49444fa6,0,1,1,1,0,0
case_bf89d08e,0,0,0,0,0,1
case_a39f0898,1,0,1,0,1,0
case_cf8d60fc,1,0,1,1,1,1
case_dc608bd8,0,0,1,0,1,0
case_1a8713b1,1,0,1,1,1,1
case_75833643,0,1,1,1,0,1
case_4f38b578,1,0,1,0,1,1
case_f00bb07e,0,0,1,1,0,0
case_36adf67a,1,1,1,1,1,1
case_88ce7d56,1,0,1,0,1,1
case_f2a799cc,1,0,1,0,0,0
case_82f736ea,1,1,1,1,1,1
case_24c3c367,0,1,1,0,1,1
case_8d6ca516,1,0,1,1,1,0
case_23e999c7,1,1,0,1,1,1
case_3188cd2a,1,0,1,0,1,1
case_cda87f55,0,1,1,1,1,1
case_05bec35b,1,1,1,1,1,1
case_f0cfbd16,0,1,1,0,1,0
case_c9814f5e,0,0,1,1,1,1
case_82fba364,1,0,1,0,0,0
case_1ec29946,1,0,1,0,1,0
case_0300d3c6,0,1,1,1,1,1
case_4097923c,0,0,1,1,0,0
case_3969f7dc,0,1,0,0,1,1
case_a61cc146,1,1,1,1,1,1
case_ea833b33,1,1,1,0,0,1
case_1b4ecee2,1,0,1,1,1,0
case_939d10d4,1,1,1,1,1,0
case_8a43c66b,0,0,1,1,1,1
case_671f1ec1,1,1,1,1,1,1
case_d50778ac,1,1,1,1,1,1
case_958c9b85,1,1,1,0,1,1
case_6cfb7f52,1,1,1,1,1,0
case_18761f1c,0,0,1,1,1,1
case_804b0f96,1,1,1,1,1,0
case_550f3ac3,1,0,1,0,1,1
case_373b619e,0,1,1,1,1,1
case_d92e7bda,0,0,0,0,1,1
case_e085a6e6,1,0,1,1,0,1
case_d5455799,1,1,1,1,1,1
case_74e8b2a7,0,0,1,0,0,0
case_f65a00ec,0,0,1,1,0,0
case_477faa69,0,1,1,0,1,1
case_8d7518c8,1,1,1,0,0,1
case_72a63beb,0,1,1,1,1,1
case_db6fb611,1,1,0,1,1,1
case_6c2bc250,1,0,1,0,1,1
case_405cbd9c,0,0,1,1,1,0
case_723573fe,1,1,1,0,1,0
case_cf9c15cc,0,0,1,0,1,1
case_1cc8f3af,0,0,1,1,0,1
case_908ecb0b,0,1,1,0,0,0
case_0f6ecd36,0,0,1,1,1,1
case_672cec5a,0,0,1,0,1,1
case_ad891ef6,1,0,1,1,0,1
case_eeb354d3,0,1,1,1,1,0
case_4d5c26cd,1,1,1,1,1,1
case_f2b85936,0,0,1,1,0,1
case_6413d931,1,1,0,1,1,0
case_32c3b84d,1,1,1,1,0,1
case_64f38fc5,0,1,1,0,1,1
case_8126a0d8,0,1,1,1,1,1
case_14713b73,1,1,1,1,1,1
case_8a0ce3f0,1,0,1,0,0,1
case_d911dc40,1,0,0,0,1,1
case_1f4cf918,0,1,1,0,0,0
case_e0c26b6b,0,1,1,0,0,1
case_e54aed29,1,1,1,1,1,1
case_eb04bff1,1,1,1,0,1,1
case_f1b61198,0,1,1,1,1,1
case_071ec00c,1,0,0,1,1,1
case_cc32408c,1,1,1,1,0,1
case_44831eea,1,1,1,1,1,1
case_affc5ea6,1,1,0,0,1,1
case_e5a7f055,1,1,1,0,1,1
case_dee37851,1,1,1,1,1,1
case_33d1f052,0,0,0,0,0,1
case_56f4fb00,0,1,1,1,1,1
case_44f33462,1,1,1,1,0,0
case_19945984,1,1,1,1,1,1
case_2c8fa80a,1,1,1,1,0,0
case_12328c43,0,1,0,0,1,1
case_64b98dbc,1,1,1,1,1,1
case_7a7da884,1,0,0,1,1,0
case_d366afcd,1,1,1,1,1,1
case_f7c1a452,1,0,1,1,1,1
case_20a22d35,1,1,1,1,1,1
case_8bfc1884,0,1,0,1,1,1
case_8f0789ca,1,1,1,0,0,0
case_12a3766e,1,1,1,1,1,1
case_cdb3fed9,1,1,1,1,1,1
case_22ccd863,0,0,1,1,1,0
case_9bcc6eea,1,0,1,1,1,0
case_1ab44d5a,1,1,1,1,1,1
case_d7d27b53,0,0,1,1,0,1
case_02daf274,1,1,1,0,0,1
case_24c89f2f,1,1,1,0,0,1
case_6b34c93e,0,0,1,0,0,1
case_380fa239,1,0,1,1,1,1
case_5d441adf,1,1,1,1,1,1
case_5ff11cf5,0,0,1,0,0,0
case_187168be,1,1,1,0,1,1
case_6de75840,1,1,1,1,0,1
case_4eacea05,1,0,1,1,0,1
case_6f04c6e0,1,0,0,1,1,0
case_32382c18,1,1,0,1,0,1
case_b3beda9d,0,1,1,0,0,1
case_3ac54ffa,0,1,1,1,1,1
case_9f79deea,1,1,1,0,1,0
case_63812b1e,1,1,1,1,0,0
case_e57150a5,1,0,1,0,0,1
case_db0133d1,1,1,1,1,1,0
case_a2679f35,0,1,1,0,1,1
case_0a9acebf,0,0,1,0,1,1
case_760971bb,1,1,1,1,1,1
case_a7154201,1,1,1,0,0,1
case_ea38b4b6,1,1,1,1,1,1
case_c010b620,0,1,1,1,1,1
case_1397c8d9,1,1,1,1,1,1
case_47df9bab,1,0,1,0,1,1
case_8e69bd80,1,0,1,1,0,1
case_91e75568,1,1,1,1,1,1
case_ea758ebf,1,0,1,0,0,0
case_26a455fa,0,1,1,1,1,1
case_a27f5929,1,0,1,1,1,0
case_e80afd76,0,0,1,1,1,1
case_95338d29,1,1,1,1,1,1
case_d7fb9d56,0,1,1,1,1,1
case_57edb31d,1,1,1,0,0,1
case_33c502ac,1,1,1,1,1,0
case_9bde4594,1,1,1,1,1,1
case_2b1a15f1,1,0,1,1,1,0
case_19607925,1,1,1,1,1,1
case_f8a07ca5,1,0,1,0,1,0
case_04b87711,1,1,1,1,1,1
case_b0bb3d6c,1,1,1,0,0,1
case_32521c29,0,1,1,0,0,1
case_0f58b022,1,1,1,1,1,1
case_1c7e4389,1,0,1,0,1,1
case_517807bc,1,0,1,0,1,1
case_4a9d32d6,1,1,1,1,1,1
case_b4904828,1,1,1,1,1,1
case_682f2099,1,1,0,1,0,1
case_adbd9c1c,1,1,1,1,1,1
case_d6ae9c6e,1,0,1,1,1,1
case_5cac34f6,1,1,1,0,0,1
case_d64d4ae4,1,1,1,1,1,1
case_a9bd8079,0,1,0,1,1,0
case_09c7b9fb,1,1,1,1,1,1
case_0275cdb4,1,1,0,1,1,0
case_ed18f579,1,1,1,0,1,1
case_ce21d14b,1,1,0,0,1,1
case_2da8730d,1,0,1,1,1,0
case_ba7a7d87,0,0,1,0,0,1
case_bba7c4c0,1,1,1,1,1,1
case_1a2c6bf7,1,0,1,1,0,1
case_80967d56,0,0,1,0,0,1
case_c055a4ae,0,0,1,1,1,0
case_c51f51f6,1,1,1,1,1,0
case_1f1a2af1,1,1,1,1,1,1
case_f043d09f,1,0,1,0,0,1
case_ba671f60,0,1,0,1,1,1
case_13e57c28,0,1,0,1,0,1
case_270b61ac,0,0,0,1,1,0
case_f93ec6ae,1,0,0,0,1,0
case_9248746a,1,1,1,1,1,1
case_ee48a94f,1,1,1,1,0,1
case_29109151,0,1,1,1,1,1
case_eb4ef074,0,0,1,1,1,1
case_6a5fd06a,1,0,0,1,1,1
case_abb8a55e,0,0,1,1,1,0
case_e41228d4,0,0,1,1,1,1
case_af2e72b5,1,0,0,0,1,0
case_17ab566e,1,0,1,1,1,1
case_b32f9af1,1,0,1,1,0,1
case_5f88e020,1,0,1,1,1,1
case_daecfa2d,1,1,1,1,1,1
case_51fc6bcb,1,0,1,0,1,1
case_4886102a,1,0,1,1,0,1
case_71685b1f,0,0,1,0,0,0
case_17376c71,1,0,1,1,1,0
case_51943a16,1,1,1,1,1,1
case_0075c742,0,0,1,0,0,1
case_60c0055b,1,1,1,1,1,0
case_029e7dd8,0,1,1,0,1,1
case_5a8b858d,1,0,1,0,0,1
case_13566c62,0,1,1,1,1,0
case_207c2499,0,0,1,0,1,1
case_8e97ed07,1,0,1,1,0,0
case_dc7ae323,1,0,1,1,0,1
case_b7bfe561,1,1,1,0,1,1
case_24027756,1,1,1,0,0,1
case_7ace1fdc,0,1,0,1,1,0
case_20593c8e,1,1,1,1,1,1
case_7f95a91a,1,1,1,1,1,0
case_0b8fb8d2,0,0,1,1,0,1
case_7343a25d,0,0,1,0,0,1
case_d06b0e4d,1,1,1,1,1,1
case_71789694,1,1,1,1,1,1
case_43bb4c42,0,0,1,1,1,1
case_585535cf,1,1,1,1,1,0
case_7a947fee,0,1,1,0,1,1
case_994ac71f,1,0,0,1,1,0
case_d8a62569,1,1,1,1,1,1
case_d0263ea8,0,0,1,1,1,1
case_9b85d0be,1,0,1,1,1,1
case_5a12268f,0,1,1,1,0,1
case_d1225660,1,1,1,1,1,0
case_2a293a65,1,1,1,0,0,1
case_3c05cda8,1,1,1,1,1,1
case_36402928,0,1,1,1,0,1
case_2a1086e5,1,0,1,1,0,1
case_97ec776c,1,0,1,1,1,1
case_fe2f18cf,0,0,1,1,1,1
case_9192a371,0,0,1,0,1,1
case_d97c0a55,1,1,1,0,1,1
case_fd24b791,1,1,1,1,1,1
case_5b105d7f,0,1,1,1,1,0
case_95d35e49,1,1,1,1,1,1
case_bd68046c,1,1,1,1,1,1
case_2acbba20,0,1,1,1,1,1
case_514dae35,0,0,1,0,1,1
case_5cc0fcbd,0,0,1,0,1,1
case_467ba39a,1,1,1,1,1,1
case_f963c92e,1,0,1,1,1,1
case_4cce671a,0,0,1,0,1,1
case_662bb155,0,0,1,1,1,1
case_7453b29f,1,0,1,1,1,1
case_f7eb37bd,0,1,1,1,0,1
case_f0f58d88,0,1,1,0,0,0
case_7cab66b4,0,0,1,1,0,1
case_e4d24a03,1,1,1,1,1,1
case_ec9ca360,1,0,1,0,0,1
case_d3887118,0,0,1,1,0,1
case_fcfc5f62,1,0,1,0,1,1
case_06a86e00,1,1,0,1,1,1
case_19bb2c89,1,1,1,1,1,0
case_ea309427,1,1,1,0,1,1
case_0299539b,1,0,1,0,0,1
case_a7caab95,1,1,1,1,1,1
case_5bb7bdf0,0,0,1,1,1,1
case_4abc7c74,0,1,1,1,1,1
case_b37d67d6,1,1,1,1,0,1
case_d7f5ba8e,0,0,1,1,1,0
case_134e6013,1,0,1,1,1,1
case_8a7785ba,0,0,1,1,0,0
case_9a1f92f0,0,0,1,1,1,1
case_8dc91e0e,0,0,1,1,1,1
case_45a49695,1,0,1,0,1,0
case_a8e4dd24,1,1,1,1,1,1
case_26b1ac68,0,0,1,1,1,1
case_752d0af2,0,0,1,1,0,1
case_f96c3cee,1,1,1,1,0,1
case_e51814fc,0,1,0,1,1,0
case_b2e0cfcd,1,0,1,1,1,1
case_52643084,0,1,1,0,1,1
case_ec04b9b2,1,0,1,1,1,1
case_9ce45cb8,0,1,1,1,1,1
case_1dd828f8,1,1,1,1,1,1
case_7b0dbb18,1,0,1,1,0,1
case_43c90e8d,1,1,1,1,0,1
case_f8fff71b,1,1,1,1,0,0
case_45318e00,0,1,1,1,1,1
case_9240ba86,1,1,1,1,1,1
case_94e1668a,1,1,1,1,1,1
case_2ed13dd9,0,1,1,1,0,1
case_bc914ef2,1,1,1,1,0,1
case_a1da2468,1,1,0,1,0,1
case_b4a78a82,1,1,1,1,1,0
case_ead5c5c2,1,1,1,1,1,1
case_774f812e,1,1,1,1,0,0
case_046d5260,0,1,1,1,1,1
case_47f6e0fa,0,0,1,1,0,1
case_c30a8e12,1,1,1,0,1,1
case_22a2722f,1,0,1,1,1,1
case_d7be30b7,1,1,1,1,1,1
case_84351f5a,0,1,1,1,1,1
case_8b40693a,0,1,1,1,1,1
case_2dbe1c25,0,1,1,0,1,0
case_90a12d2b,1,1,1,1,1,1
case_2e744e66,1,1,1,1,1,1
case_fc3b4f3b,0,1,1,1,0,1
case_cb9e2489,0,0,1,0,1,1
case_862bbd4e,1,1,1,0,0,1
case_b44e7b1d,1,1,1,1,1,1
case_329439d3,0,1,1,1,1,1
case_55af8d4e,0,1,1,0,0,0
case_1b9e232b,1,1,1,1,1,1
case_aef34f46,0,1,1,1,1,1
case_a8887d79,1,0,1,0,0,0
case_183a21e3,0,1,1,1,1,1
case_9d64252d,1,1,1,1,1,1
case_1cfa294c,1,1,1,1,1,1
case_dd8ab7ee,0,0,1,1,1,0
case_208ee1dc,0,1,1,0,1,1
case_27d8c914,1,1,1,1,0,1
case_c8a0b93e,1,1,0,1,0,1
case_f6f524d2,1,1,1,1,1,1
case_2aa30d91,1,0,1,0,1,1
case_81cee749,0,0,1,0,1,0
case_a2990e01,0,0,1,1,0,0
case_5b184622,1,1,1,1,1,1
case_6c5828de,1,1,1,1,0,1
case_3d53011c,1,1,1,0,1,1
case_f2547fd4,0,1,1,0,0,0
case_d1c90e66,0,0,1,1,1,1
case_780a4c28,0,1,1,1,1,1
case_8d07538c,1,1,1,1,1,1
case_1b479a96,1,1,1,1,1,0
case_e603b1cb,1,1,1,1,1,1
case_cc88b2ae,0,0,0,0,1,1
case_35be64c5,0,0,1,1,0,0
case_4eccc0d8,0,1,1,1,1,1
case_b4b15dab,1,1,1,0,1,1
case_855c7350,0,0,1,0,0,1
case_eb0e9589,1,0,1,0,1,0
case_5022da97,1,0,1,0,1,1
case_5670adc3,1,1,1,0,1,0
case_e55211d0,0,1,1,1,1,0
case_c9cf135f,1,1,1,1,1,0
case_1ffc7570,1,0,1,1,0,1
case_120b1faa,1,0,1,1,0,0
case_31371247,1,0,1,1,0,1
case_7e756b97,0,0,0,0,1,0
case_9c9b1a33,0,1,1,1,1,1
case_c45725c2,0,0,1,0,0,0
case_ac65018c,1,1,1,1,1,1
case_16331d6f,1,1,1,1,0,1
case_7a6f94bb,1,0,1,1,1,1
case_d4a416cc,1,1,0,1,0,0
case_24d16c7c,0,1,1,1,0,1
case_6ced1b0a,1,1,1,1,1,1
case_19de8c43,1,0,1,0,1,1
case_dcaffeff,0,0,1,1,1,1
case_ae6f531a,1,0,1,1,0,1
case_f44118a8,1,1,1,1,1,1
case_9ee63d4d,1,1,1,1,1,1
case_185d1fe2,1,1,1,1,1,1
case_f7206fa6,0,1,1,1,0,1
case_c2e04b1e,1,1,1,1,1,1
case_62ef81b4,1,1,1,1,1,1
case_6d381886,1,1,1,0,0,1
case_56526df6,1,1,1,1,1,1
case_0a412c8b,1,1,1,1,1,0
case_5fdb7789,1,0,0,1,0,1
case_54870a0f,0,1,1,1,1,1
case_ba7bf237,0,0,1,0,0,1
case_ad9cd921,1,1,1,1,1,1
case_97c619bd,0,0,1,1,0,1
case_e6cc226a,1,1,1,1,1,1
case_063601a1,0,1,1,0,1,1
case_2d839c38,1,1,1,1,1,1
case_ba407795,0,1,1,1,1,1
case_32e62ba9,1,1,1,1,1,1
case_251e5978,0,0,0,1,1,1
case_fa8ba4f2,1,0,1,1,0,1
case_0dcc22eb,1,0,1,0,1,1
case_bfa6fcec,1,1,1,1,1,1
case_3dc7a9b3,1,1,1,1,1,1
case_d3cfa884,1,1,1,1,1,1
case_eea83f35,1,1,1,1,1,1
case_73893ae8,1,0,1,1,1,1
case_3e9f287f,1,1,1,0,0,0
case_90e66c5b,1,1,0,1,1,1
case_3589bfe5,1,0,1,1,1,1
case_d6234a81,1,1,1,1,0,1
case_dbdf578c,0,1,0,1,1,1
case_a9e4df76,1,1,1,1,1,1
case_80e3da83,1,0,1,1,0,1
case_f63c51bf,1,1,1,1,1,1
case_7aed385f,1,1,0,1,1,1
case_fd4f00e3,1,1,1,1,1,1
case_6d78c127,0,0,1,1,1,1
case_b29eb1bd,0,1,1,1,1,1
case_9cfd39f1,1,1,1,1,1,0
case_1da59624,0,0,0,1,1,1
case_833bcf78,0,1,1,1,1,1
case_c2155d6a,0,1,0,0,1,1
case_f5d3991c,1,1,1,1,1,1
case_0e8898c0,1,0,1,0,1,1
case_8170e936,1,1,1,1,1,1
case_28877e48,0,1,1,1,1,1
case_4d4b97ac,0,0,1,0,1,0
case_dfcbb838,1,0,1,1,1,1
case_21e59cbe,1,1,1,1,0,0
case_c85ffd7c,0,1,0,0,1,1
case_a44e9e67,0,0,1,1,1,1
case_11248185,1,1,1,0,1,1
case_73d09cae,1,1,1,1,1,1
case_f04aa503,1,1,1,1,1,1
case_a3f0c42c,1,1,1,1,0,1
case_3c8fd919,1,0,0,1,1,1
case_872aa826,1,0,1,0,0,0
case_24216173,1,1,1,1,1,1
case_4952a00c,1,1,1,0,0,1
case_e2a77964,1,1,1,1,1,0
case_c11e8b43,1,1,1,0,1,1
case_60d6147b,1,1,1,1,1,1
case_4b63539a,0,0,1,1,1,1
case_5c8774a0,1,1,1,0,1,1
case_a3c07ac8,0,1,1,1,1,1
case_2a69d0d9,1,1,1,1,0,1
case_395742f6,0,0,1,0,1,1
case_96d12358,0,0,0,0,0,1
case_c2c1bbe7,1,1,1,1,1,1
case_2cb217b8,0,1,1,0,1,1
case_a5435db5,1,0,1,0,1,1
case_dcd42889,0,0,1,0,0,0
case_7be73896,1,0,1,0,1,1
case_f200c041,0,0,1,1,1,1
case_1208151f,1,0,1,1,1,1
case_bacdcf2a,0,0,1,0,1,1
case_9260643a,1,0,0,1,1,1
case_52ea9ed6,0,1,1,1,1,1
case_586c72a1,1,1,1,1,1,1
case_ffedd79d,1,1,0,0,0,0
case_9e07020a,1,1,1,1,1,0
case_fc9e3ae1,1,1,1,1,0,1
case_a6c13c32,0,1,1,1,1,1
case_9489ddcb,1,1,1,1,1,1
case_f45a05ac,0,0,1,1,1,1
case_4c0d2033,1,1,1,1,1,1
case_90ef18bd,1,0,1,0,1,1
case_fc3f7b0b,1,0,1,1,1,0
case_6274c267,1,0,1,1,1,1
case_57b55a07,0,0,1,1,1,0
case_164df45f,1,1,1,1,1,1
case_4efc68f2,1,1,1,1,1,1
case_7a1b6a0c,1,1,1,1,1,1
case_f59c47c5,1,0,1,1,1,1
case_ff1dfd5c,1,1,1,1,1,1
case_15bc66f5,0,0,1,0,0,1
case_f4805771,0,1,1,1,0,1
case_a467060e,1,1,1,1,1,1
case_cf88a82a,1,1,0,1,0,1
case_2a60b73e,1,0,1,0,0,0
case_2215ae41,1,0,1,0,0,1
case_cd8410e0,1,1,1,1,1,1
case_1bf58b79,0,0,1,0,0,0
case_c5a1a1d2,1,0,0,0,0,1
case_1513bf83,1,1,1,0,1,1
case_97c08d85,0,0,1,1,0,0
case_05f96ffa,1,1,1,1,1,1
case_2888bb6c,1,1,1,1,1,1
case_abb3b079,0,0,1,0,1,1
case_5a8b0778,1,1,1,1,1,1
case_95f49b2f,1,1,1,1,0,1
case_806378f2,0,0,1,1,0,1
case_6702a6a4,0,1,1,0,1,0
case_826f1355,1,0,1,1,1,0
case_efa4eb3a,1,1,1,1,1,1
case_b5571682,1,1,1,0,1,1
case_a49737ca,0,0,0,1,1,1
case_77a691d4,1,0,1,1,1,1
case_3f670d91,1,1,1,1,1,1
case_b322c6fa,1,1,1,0,0,1
case_fde39fae,0,0,0,0,1,0
case_412f8028,1,0,1,0,1,1
case_247cabfa,1,1,1,1,1,1
case_0780ea05,1,1,1,1,1,1
case_e6dbf0c3,1,1,1,1,1,1
case_bf85f1a2,1,1,1,1,1,1
case_64880184,1,1,1,1,1,1
case_f87bd44e,1,0,1,1,1,1
case_206a4d17,0,1,1,1,1,0
case_f69eacba,0,1,1,1,1,1
case_19e70365,0,1,1,1,0,1
case_950673b8,1,0,1,1,1,1
case_7cd2bf6d,1,1,1,1,1,1
case_9bf5243a,0,1,1,1,0,0
case_50dcabf9,1,1,1,1,1,1
case_065f3515,0,0,1,0,0,1
case_35fc65aa,0,0,0,0,0,1
case_8e0a5071,1,0,1,0,1,1
case_3de6a1e0,0,0,1,0,0,1
case_75e15ed1,1,1,1,0,1,1
case_eef43242,0,1,1,1,1,1
case_bdaf39c8,0,1,1,1,1,1
case_94c2f9e8,0,0,0,1,1,1
case_1678c880,0,0,1,1,0,1
case_d82f8693,1,0,1,1,1,1
case_08e48422,1,1,1,1,1,1
case_31deb49d,1,1,1,0,1,1
case_a1ccfa39,0,1,1,1,0,1
case_9d4218d9,0,1,1,1,1,0
case_26cd5ff2,0,0,1,1,1,1
case_a0366041,1,1,1,1,1,1
case_9666d885,0,0,0,0,1,1
case_6a1ff346,1,1,1,1,1,0
case_cee9ec08,0,1,1,1,1,1
case_0e6e42ad,1,1,1,0,1,1
case_049cf979,1,1,1,1,0,1
case_0c6287fa,0,0,1,1,0,1
case_f8c0eae1,1,0,1,0,0,1
case_09ff4140,0,1,1,1,0,1
case_b59c0c54,1,0,1,1,1,1
case_0f7997d4,1,1,1,1,0,1
case_c65be7b4,0,1,1,1,1,1
case_77ef166a,1,1,1,0,1,1
case_bcd0aed3,0,0,1,1,1,1
case_7d4c7f66,1,1,1,1,1,1
case_bcaced2b,0,1,1,1,1,1
case_4cac6c97,1,1,1,1,0,1
case_44b7643d,1,1,1,0,1,1
case_0fdf2339,0,1,1,0,1,1
case_baac0a5c,1,1,1,1,0,1
case_3acc5891,1,0,1,1,1,1
case_4f41e4a4,1,1,1,1,1,1
case_4162d2c8,1,1,0,1,1,1
case_c4faa056,0,0,1,1,1,1
case_fdba56bb,1,1,1,1,1,1
case_6b2a2a1b,1,0,1,1,1,0
case_47fccc01,0,0,1,0,1,0
case_65fac36b,1,1,1,1,1,1
case_b4510bca,1,1,1,0,0,1
case_039e005f,1,0,1,1,1,1
case_35a27881,1,1,1,0,1,0
case_5acf58b3,0,0,1,0,1,1
case_970ecd86,0,0,1,1,0,1
case_073cc163,1,1,1,1,1,0
case_f04d5daf,1,1,0,1,1,1
case_2ac19e6f,1,1,0,1,1,0
case_f7394beb,1,1,1,1,0,1
case_94935245,0,0,1,0,1,0
case_1ed63fd4,0,0,1,1,1,1
case_35ca2c8d,1,0,1,0,0,1
case_5b95f306,1,0,1,1,0,1
case_835ec890,1,1,0,0,1,1
case_15ca0342,0,1,1,1,1,0
case_2d22f7e0,1,0,1,1,0,1
case_d9f271e5,1,1,1,0,1,1
case_2f1cea9b,1,0,1,1,0,1
case_94e53211,0,0,1,1,0,1
case_09a933c9,0,0,1,0,0,0
case_4420ba04,0,1,1,1,1,1
case_2992a057,1,1,1,1,1,1
case_60973f6e,0,0,1,1,0,0
case_497fa037,0,0,0,1,1,1
case_d8c7ecde,1,1,1,1,1,1
case_325fad42,0,1,1,1,0,1
case_87f9b713,1,1,1,1,1,0
case_23993e9e,0,0,1,0,1,1
case_2a43fa58,1,0,1,0,1,1
case_269052f7,0,0,1,0,0,1
case_2cef2dfa,1,1,1,1,1,0
case_29cd8f87,0,0,1,0,1,1
case_3d80de11,1,1,1,1,1,1
case_4690287c,1,1,1,1,0,1
case_a6b643b1,0,1,1,1,1,1
case_f3139623,0,0,1,1,0,0
case_077af9b4,1,1,1,1,1,1
case_566cdfb1,0,1,0,1,1,0
case_9c121554,1,0,1,1,0,1
case_e5b1f7ba,1,1,1,1,1,1
case_bd5418c7,1,0,1,0,0,1
case_13f25918,1,1,1,0,1,1
case_de5151e4,1,0,1,0,0,1
case_e5cd4683,1,1,0,1,1,1
case_d75d6d81,1,0,1,1,0,1
case_bb6f3179,1,1,1,1,0,1
case_c8b1d4bb,1,0,1,0,1,1
case_010a0699,1,1,1,1,1,1
case_f6fff482,0,0,1,1,1,1
case_1200ea10,1,1,1,1,0,0
case_38f9b835,0,1,1,0,0,1
case_a216edf7,1,1,1,1,1,1
case_2c198d9c,1,1,0,1,1,1
case_67c7232d,1,0,1,1,1,1
case_62e83638,1,0,0,1,0,1
case_27b73f1a,0,1,1,1,1,1
case_aa85b9c1,1,1,1,1,1,1
case_f3f97bf6,1,0,1,0,0,1
case_855775a0,1,1,1,1,1,0
case_1ce9bd7d,0,1,1,1,1,1
case_655a01ed,1,1,1,1,1,1
case_80e98323,1,1,0,0,1,1
case_12978814,0,0,1,0,1,1
case_2c002951,1,1,1,1,0,1
case_e8b466ea,0,0,1,1,1,0
case_e3682a8b,0,0,1,1,1,1
case_e0b04ab8,0,0,1,1,0,1
case_ac637cb0,1,1,1,1,1,1
case_64d7c87c,1,0,1,1,1,1
case_0656be10,0,1,1,0,1,0
case_69e0a3fe,1,0,1,1,1,1
case_18f92a33,0,0,1,1,1,1
case_64d9e98d,0,1,1,1,1,1
case_728537e9,1,0,1,1,0,1
case_dd81dbfb,1,1,1,1,0,1
case_0faf95ab,1,1,1,1,1,1
case_6d196b04,1,1,1,0,1,1
case_6d3791f2,0,0,1,1,1,0
case_a3fd0c76,1,1,1,1,1,1
case_2bfc2aed,0,1,1,0,0,0
case_57cf4305,1,0,1,1,1,1
case_b03f4131,1,1,1,1,1,1
case_2d1540d9,0,1,1,1,0,1
case_781cf062,0,0,1,0,1,0
case_1120da18,1,1,1,1,0,0
case_8ac1b238,1,0,1,1,0,1
case_1f3fdd28,1,1,1,0,1,1
case_fae4f9ff,0,0,1,0,0,0
case_055d0115,0,1,1,1,1,1
case_a49fc241,1,0,1,1,1,1
case_bc2a43a5,1,0,1,0,1,1
case_dffdc0a8,1,0,1,1,0,1
case_3ffd914f,1,1,0,0,0,1
case_a3314452,0,1,1,1,1,1
case_4c2a7a88,0,0,1,1,0,0
case_ece2c190,1,0,0,0,0,0
case_c07cf897,1,0,1,1,1,1
case_ee106e25,1,0,1,0,1,1
case_66a8e5c5,0,0,0,1,1,0
case_85c4e2fd,1,1,1,1,1,0
case_c964b813,0,0,1,0,1,1
case_1c2ced48,0,1,1,1,1,1
case_9b2458b6,1,1,1,1,1,1
case_8f0d7566,1,0,1,0,0,1
case_740108d2,1,0,1,0,1,1
case_aff1c76f,1,0,1,1,1,1
case_134e1e3d,0,1,1,1,0,0
case_1c6e2159,1,1,1,1,1,1
case_2a37b0cc,1,0,0,0,0,1
case_f1761610,1,1,1,1,0,1
case_180835eb,1,1,1,1,1,1
case_f06aef4a,1,1,0,0,1,0
case_ff00cf5f,0,0,1,1,1,0
case_c1110f55,1,0,1,1,1,1
case_6ad77b09,1,0,1,1,1,1
case_32f89a9c,1,0,1,0,1,1
case_0281ab70,0,1,1,1,1,1
case_2a39588e,1,1,1,1,1,1
case_1285dbd7,1,1,1,1,1,0
case_c203de7b,1,1,1,1,1,1
case_b0824cf3,1,1,1,1,1,1
case_7264451a,1,1,1,1,1,1
case_da839074,0,0,1,1,1,1
case_183b321e,1,1,1,0,1,1
case_2bf05bca,1,1,0,1,1,1
case_178000c5,1,1,1,1,1,1
case_786ce0e5,1,1,1,1,1,1
case_f86981c9,1,0,1,0,0,1
case_7271ab62,1,1,1,0,0,1
case_83a80c72,1,1,1,1,1,1
case_b5a4e2a9,0,1,1,0,0,1
case_748d77ee,1,1,1,1,1,1
case_8b7059b6,0,0,0,0,1,0
case_c6d82a8b,1,1,0,1,1,1
case_cfc9e11b,0,1,0,0,0,1
case_2ce68e66,0,1,1,1,1,1
case_f31ae6d4,1,0,1,1,1,1
case_7fb5eccd,0,1,1,1,0,0
case_0d39fcd9,0,0,1,1,1,1
case_c5f6e123,1,1,1,1,0,0
case_fb452dfb,0,1,1,1,1,0
case_98af5f78,1,1,1,1,1,1
case_b78090ca,1,0,1,1,0,1
case_276da2ed,1,1,1,1,1,1
case_77c0d5e7,0,1,1,1,1,1
case_7aa231c6,1,1,1,1,1,1
case_ad569221,0,1,1,0,1,0
case_9f1c02ca,1,1,1,1,1,1
case_5c7b42b0,1,1,1,0,1,0
case_ce586c55,0,0,1,1,1,1
case_72d927fc,0,1,1,1,1,0
case_219083a7,0,1,1,1,1,1
case_28d1f53d,0,0,1,1,1,1
case_cbcd1826,1,1,1,1,1,1
case_2a50be1e,1,0,1,0,1,1
case_6236a06c,0,0,0,0,0,0
case_ee8cbcf4,1,1,1,1,0,1
case_2b05e187,1,1,1,1,1,1
case_1f0a07c5,1,1,1,1,1,0
case_f826a9cb,1,0,1,0,1,0
case_7fe4d314,0,0,1,0,0,1
case_41dcb342,0,0,0,0,1,0
case_d8714875,1,1,1,0,1,1
case_c6b89e62,1,1,1,0,1,1
case_38a783ad,0,0,1,1,1,1
case_d18632fb,1,1,1,1,1,1
case_d9b5eeb1,1,1,1,1,1,1
case_e4296da9,1,0,1,1,1,1
case_d28915f6,1,0,1,1,0,1
case_dcb5bd5d,0,0,1,1,1,1
case_7c4de067,1,1,1,1,1,1
case_b1282b33,1,1,1,1,0,1
case_dfdc3da5,1,1,1,1,1,0
case_fd5268e5,1,1,1,1,1,1
case_658fd9c7,1,1,1,1,1,1
case_0134b0d0,0,1,0,0,0,0
case_6925e450,1,1,1,1,1,1
case_2bd291b3,1,1,1,1,1,1
case_e7c81176,1,1,1,1,0,1
case_3ab71236,1,1,1,1,1,1
case_c54d8622,0,1,1,1,0,0
case_0773d185,1,0,1,0,1,1
case_2cbebb46,1,0,1,1,1,1
case_1d080c4b,0,0,0,0,0,1
case_eba11774,1,1,1,1,1,1
case_7257cb40,1,1,1,1,1,1
case_7403ce28,1,0,1,1,1,0
case_15a3573c,0,1,1,1,1,0
case_2cc0fda8,1,0,1,1,1,0
case_de84d07a,1,1,1,1,1,1
case_53740a8e,0,1,1,0,1,1
case_e61c6882,1,1,1,1,1,1
case_9ea7462d,0,1,1,1,1,0
case_9ef75a9c,1,1,1,1,1,1
case_2fe6a19e,0,0,0,0,1,1
case_6bd51c2c,1,1,1,1,1,1
case_a6c07002,0,0,1,1,1,0
case_d8fa3b54,0,1,0,1,1,1
case_a295b623,1,1,1,1,1,0
case_3dd1f4f2,0,1,1,1,0,0
case_e60c1a3f,1,1,1,1,1,1
case_7f0b4793,1,0,1,1,1,1
case_8b61c0bc,0,1,1,1,1,0
case_fa50b633,0,1,1,0,0,1
case_2d756d94,0,1,1,1,1,1
case_fe8b87f4,1,0,1,1,1,1
case_575c3b85,1,1,1,1,1,0
case_527212e1,0,1,1,1,1,1
case_d9d28308,1,1,0,0,1,1
case_659b5ca2,1,1,1,1,1,1
case_35c0d191,1,1,1,1,1,1
case_92342c7c,1,0,1,1,0,1
case_7cbd0098,1,1,0,1,0,1
case_2605b68b,0,1,1,1,1,1
case_d28f2b44,1,1,1,1,1,0
case_90674f98,1,1,1,1,1,1
case_f4eaaf7a,0,1,1,0,1,1
case_8067fcfc,0,0,1,0,0,1
case_94c2f90c,0,0,1,1,0,1
case_3a0f6caf,1,1,1,1,1,1
case_571c896e,1,1,0,1,0,0
case_64b91df9,0,0,1,0,1,0
case_c7835573,1,1,1,0,1,1
case_a4eafff3,0,0,1,1,0,1
case_e1651a12,0,0,0,1,1,1
case_c857cd98,1,1,1,1,0,0
case_0b345e65,0,0,1,0,0,1
case_d1097bb3,1,1,1,1,0,1
case_b8f52076,0,1,1,1,1,1
case_3455310a,0,1,1,0,1,1
case_6b5c52f6,1,0,1,1,1,0
case_4fb2192c,1,0,1,0,0,1
case_ae0418c3,0,1,1,0,0,0
case_b3aeb46b,1,0,1,0,1,0
case_7e927123,0,0,1,0,1,1
case_5d0dbda2,1,1,1,1,1,1
case_ff22704c,1,1,1,1,1,1
case_d831733e,0,1,1,0,0,0
case_f95f7cd6,1,0,1,1,0,0
case_a5aeb9f7,1,1,1,1,1,1
case_a1068c48,0,0,0,0,0,1
case_1ec44aea,1,1,1,1,1,1
case_134d8171,1,1,1,0,1,1
case_72d00239,1,1,1,1,1,1
case_01bc52d4,1,0,1,0,1,1
case_4e1aca1f,1,1,0,1,0,1
case_3d3a8068,1,1,1,1,1,1
case_36f0454c,0,1,0,0,1,1
case_1faa2f4c,0,1,1,0,1,0
case_eebe85a6,1,1,0,1,1,1
case_350d79c3,1,1,1,1,1,1
case_5cbccb25,0,1,0,0,1,1
case_bb09e8fa,1,1,1,0,1,1
case_2263d48a,0,0,1,1,1,1
case_d0f1ff76,1,1,1,1,1,1
case_1b3077c6,0,0,1,0,0,0
case_30c8ad85,0,1,1,1,0,1
case_68da9fbb,1,1,1,1,1,1
case_e40bf2d2,1,0,1,1,0,1
case_107186fc,0,1,1,1,1,1
case_82c1058e,1,1,1,1,1,1
case_74212423,1,1,1,1,1,1
case_e5e349a5,1,1,1,1,1,1
case_f09f9a35,1,1,1,1,0,1
case_0cbfdbc5,0,0,1,1,1,1
case_abde548d,1,1,1,1,1,1
case_e7ca32c4,0,1,1,1,1,1
case_028e25e5,1,1,1,1,0,1
case_25c0657c,1,1,1,1,1,1
case_aed77672,1,0,1,0,1,1
case_1972e685,1,1,1,1,1,1
case_8afd6170,0,1,0,1,1,0
case_a93c9831,1,0,1,1,1,1
case_15a6866a,0,1,1,0,0,1
case_965bbf5b,0,0,1,1,1,1
case_be650244,1,1,1,1,0,1
case_93193ae1,1,1,1,1,1,1
case_253d26e1,1,1,1,1,1,1
case_bd1177f0,1,1,1,0,1,1
case_5a74fcfd,0,0,1,1,0,1
case_fd56e6a1,0,0,1,1,0,1
case_828f20e8,1,1,1,1,1,1
case_42302bc5,0,1,1,0,0,1
case_3a6b1841,1,0,1,1,1,1
case_47b9ff9c,0,1,1,1,1,1
case_3bcd524e,1,1,1,1,1,1
case_1e52cfc3,1,0,1,0,0,1
case_2c304e75,1,1,1,1,1,1
case_53c1dff2,1,1,1,1,1,1
case_6619adc3,1,1,1,1,1,1
case_94b97833,1,1,0,0,1,1
case_354fcfa8,1,1,1,1,1,1
case_95078534,0,0,1,0,1,1
case_c2f791b6,0,1,1,1,1,1
case_1eaf0a87,1,0,1,1,1,1
case_ebf5b369,0,1,1,1,1,1
case_d2ee0b2e,1,1,1,1,1,1
case_422a5dbb,0,1,1,0,0,0
case_2a035385,0,0,1,0,1,0
case_e5aeead7,1,1,1,1,1,1
case_9b1bfcee,1,1,1,1,1,1
case_20ee97bb,1,0,1,1,1,1
case_bb1b25f9,1,1,1,1,1,1
case_0a31768f,1,1,1,1,1,1
case_70355291,0,1,1,0,0,0
case_e1fa3135,1,1,1,1,1,1
case_27cb67e9,1,1,1,0,1,1
case_ca0860e3,0,0,1,1,1,1
case_76ddb5f8,1,0,1,0,1,1
case_81efa611,1,1,1,1,1,1
case_a8a1e7fd,0,0,1,0,1,0
case_cec2a0b1,0,0,1,1,1,1
case_dc49c53a,1,1,1,0,1,1
case_e5cf1aed,1,1,1,1,0,1
case_b46a02ea,1,1,1,1,0,1
case_d6241efb,1,0,1,0,0,1
case_5e4a2848,1,1,1,1,1,1
case_02b0a44d,1,1,1,0,1,1
case_00b80301,1,1,1,1,1,1
case_2dcd66c9,0,1,0,0,0,0
case_4bb9f4a5,1,1,1,1,0,1
case_0ff13281,1,1,1,1,1,1
case_d968b67f,1,1,1,1,1,1
case_87bcf8cc,1,1,1,1,1,1
case_a4b81aac,0,0,1,1,1,1
case_c19ed5a6,1,0,1,0,1,0
case_81bb7cd3,1,1,0,1,1,1
case_44bc4afb,0,1,1,1,1,1
case_b980e94a,0,0,1,1,0,1
case_b3499385,0,0,1,0,0,1
case_2a310def,1,1,1,1,1,0
case_091fe20b,0,0,1,1,1,0
case_7fcec34e,1,1,0,1,1,1
case_e296780b,1,0,1,1,1,0
case_fda19b10,1,1,1,0,1,1
case_efa0eab6,1,1,1,1,1,1
case_f2eb9b2c,0,0,1,1,0,1
case_d9d7855a,1,1,1,1,1,0
case_2a113e07,0,1,0,0,0,0
case_08ba235f,0,1,1,0,1,1
case_afcae5d1,0,0,1,1,0,1
case_243671c2,0,0,1,1,0,1
case_5972c830,1,1,1,1,1,1
case_e2274fa6,1,1,1,1,1,1
case_7907e88e,0,1,1,1,1,1
case_3584bc7d,1,1,0,1,1,1
case_def352f3,1,0,1,1,0,0
case_524951a0,1,1,1,1,1,1
case_5902bbae,0,1,1,0,1,1
case_d64ce576,0,1,1,1,0,1
case_2089403a,1,0,1,1,1,0
case_ffec44fc,1,1,1,1,1,1
case_7637ebd6,1,1,1,1,0,0
case_e7365141,1,1,1,1,1,1
case_01d83f26,1,0,1,0,0,1
case_b2af2155,0,1,1,0,1,1
case_ba86d2db,0,0,0,1,1,0
case_0a850fd0,0,1,1,1,0,1
case_aa7fb096,1,1,1,1,0,0
case_feecbb0f,1,1,1,0,0,1
case_9d550251,0,1,1,1,1,1
case_bed3f5dc,1,1,1,1,1,0
case_7d30bb83,0,0,1,1,0,1
case_c82e1427,1,0,1,1,1,1
case_af5d140a,1,1,1,1,1,1
case_9cead197,1,1,0,1,1,1
case_fad00af9,0,0,1,1,1,1
case_88893feb,1,0,1,1,0,1
case_ef621875,1,0,1,0,1,1
case_c19a0be4,0,0,1,1,0,0
case_7190773c,1,1,1,1,0,1
case_2792e689,0,0,1,0,1,1
case_40b9d4c7,1,1,1,1,1,0
case_a47bcffc,0,1,1,1,1,1
case_1bb60dee,0,0,1,1,0,0
case_5a7cfe59,1,1,0,1,1,1
case_3058f165,1,1,1,1,1,1
case_bb411207,1,1,1,1,1,1
case_3a117303,0,0,0,0,1,1
case_f5912b8a,1,1,1,0,1,1
case_b50e7b63,0,0,1,1,0,1
case_3caff85d,1,1,1,1,1,1
case_ac9f12df,0,0,0,1,1,1
case_f5b8dcf9,1,1,1,1,1,1
case_d35a5623,1,0,1,0,1,1
case_d1976488,1,1,1,1,1,1
case_7a9d03de,1,0,1,1,1,1
case_27953883,1,1,1,1,1,1
case_978284ea,1,1,1,1,1,1
case_c71618d7,1,1,1,1,1,1
case_8cb79969,0,0,0,1,1,1
case_ae4cf388,1,1,1,1,0,1
case_23bb010c,1,1,1,0,1,1
case_cb544b51,0,0,1,1,1,1
case_c6b78c19,1,1,1,1,1,1
case_03c9e649,0,1,1,1,0,1
case_d63d5263,0,1,1,1,1,1
case_be0923c0,0,1,1,1,1,1
case_7daa7808,0,0,1,1,1,1
case_11dd624c,0,0,1,0,1,1
case_99c018fb,0,1,1,0,1,1
case_ab7267c0,1,1,1,1,1,1
case_5c927883,1,1,1,1,1,0
case_c4c53cd6,1,1,0,1,1,1
case_0bad9838,1,1,1,1,1,1
case_f3e7289f,1,1,1,1,1,1
case_80ccd142,0,1,1,1,0,0
case_cd59eda5,0,1,1,1,1,1
case_5156c9e0,1,1,1,0,1,1
case_f22f5f8a,1,0,1,1,1,0
case_2fc024f5,1,1,1,1,0,1
case_b69fa254,1,0,1,1,1,0
case_69b933cd,0,0,1,0,1,0
case_97ffe8fa,1,1,1,1,1,1
case_b18fd6fe,0,1,1,0,1,1
case_9c5ff6cb,0,0,1,1,0,1
case_597df2d8,1,1,1,1,1,1
case_505c23e4,1,1,1,1,1,1
case_f9717f44,1,1,1,1,1,1
case_d1beec09,0,0,1,1,0,1
case_6a51863a,1,1,1,1,1,1
case_8d004bd7,0,1,0,1,1,0
case_32f6fde3,1,1,1,1,1,1
case_caf4ccb6,1,1,1,1,1,1
case_c4298ffe,0,1,1,1,1,1
case_78c7dbbb,1,1,1,1,1,1
case_9a73f64f,1,1,1,1,1,1
case_ae251545,1,1,1,1,1,1
case_de7cf3ff,1,0,1,1,1,1
case_1a51bb9e,1,1,1,1,1,0
case_f35955b1,1,1,0,0,0,1
case_9c241f75,1,0,1,1,1,1
case_b8881ef9,1,1,1,1,1,0
case_fd2aaa4a,0,1,0,0,1,1
case_08d765c3,0,0,0,0,1,0
case_d1f4137e,1,0,1,1,1,1
case_dba5a5c6,0,0,1,1,0,1
case_2ff3c337,1,1,1,1,0,1
case_ab5ae92b,1,1,1,1,1,0
case_79b51cdb,1,1,1,1,1,1
case_e5c5c58f,0,1,1,1,1,1
case_a291bb1b,1,1,1,0,0,0
case_6e01f073,1,0,0,1,1,1
case_c3e6b351,1,1,1,1,0,1
case_5e0f92ef,1,1,0,1,1,1
case_1e83c9ad,0,0,1,0,1,1
case_2d0a5fe3,0,1,1,1,1,0
case_04025d8d,0,1,1,0,1,1
case_83e7736d,1,1,1,1,1,1
case_fac0506e,1,1,1,1,1,1
case_0b8ecccf,0,0,1,0,1,1
case_8c6358bd,1,0,1,1,1,1
case_ce8915a2,1,1,1,1,1,1
case_c3a054ab,1,1,1,1,1,1
case_47c2bc05,1,1,1,0,1,1
case_30b2e6d7,0,0,1,1,1,0
case_d8e26a70,0,1,1,0,0,0
case_d4543093,0,0,0,1,1,0
case_ddfbaa98,0,0,1,1,0,1
case_28f01090,0,0,1,1,1,0
case_5adfbbc6,1,1,1,1,1,1
case_d706b841,0,0,0,0,0,1
case_b0703c31,1,1,1,1,1,1
case_833dccd4,1,1,1,1,1,1
case_254b3412,1,1,1,1,1,1
case_df6c0ad9,1,0,1,0,1,1
case_83853408,1,0,1,0,1,1
case_ae33bf5b,1,1,1,1,0,1
case_b0cc50f7,0,0,1,1,1,1
case_1ce3e076,1,0,1,0,1,1
case_13812967,0,1,1,1,0,1
case_14cc8c59,1,1,1,0,0,1
case_50a7b431,1,1,1,1,1,0
case_30eac0da,1,1,1,0,1,1
case_0646c2d1,1,1,0,1,1,1
case_a8359dde,1,1,0,1,1,1
case_d196ebc2,1,1,1,1,1,1
case_5e8eafa4,1,0,1,0,1,1
case_9efb50da,1,0,1,1,0,1
case_0a6a457c,1,1,1,1,1,1
case_2b78a545,1,1,1,1,1,1
case_6b874ce2,1,0,1,1,1,1
case_e380aade,1,0,1,0,1,1
case_b172ef14,0,0,1,1,0,0
case_1b96f1e5,0,0,1,1,0,1
case_4bbe16a9,1,1,1,1,1,1
case_ca5e7479,1,0,0,0,1,1
case_d3884889,1,1,1,1,1,1
case_1bc6f6ca,0,0,1,1,0,1
case_fe49c379,1,1,1,1,1,0
case_65d86f88,1,0,1,1,1,1
case_2d36121b,1,1,1,1,1,1
case_55e375cf,1,1,1,1,0,0
case_5e6e1239,1,0,0,1,1,1
case_6eb5f9be,1,1,0,1,0,1
case_a8459d2b,1,1,0,0,1,1
case_746d7e30,0,0,1,1,0,1
case_5c908975,0,0,1,0,1,1
case_cc78dfe7,0,0,0,1,0,0
case_3fe273e6,0,0,1,0,0,1
case_6f7817eb,0,1,1,0,1,1
case_e6a4f430,1,0,1,1,1,1
case_4da2e848,1,1,1,1,1,1
case_25068f45,1,1,1,1,0,1
case_e819cd9f,1,0,1,0,1,0
case_d69276ce,1,1,1,1,1,1
case_f59e947a,1,1,1,1,0,1
case_b21362c7,0,0,1,1,1,1
case_1cdd1787,0,1,1,0,1,1
case_d9c21ff6,1,0,1,0,0,1
case_27a2d53b,0,1,1,1,1,0
case_e640f1c6,0,0,1,1,1,1
case_17163687,0,1,1,1,1,1
case_e739e218,1,1,0,1,1,1
case_b273ec7f,1,0,1,1,1,0
case_f34a6cb8,1,1,0,0,1,0
case_c54330be,1,1,0,1,1,1
case_b74e61cb,0,0,1,1,1,1
case_cd34dc3d,1,1,1,1,1,1
case_677bbc58,1,0,1,0,0,1
case_81d7a382,1,0,1,0,0,0
case_8afbf20d,1,1,1,1,1,0
case_9f1de5eb,1,1,1,1,0,0
case_bdcd4979,1,1,1,1,1,1
case_243eea12,0,1,1,1,1,0
case_da7e0878,1,1,1,0,1,1
case_4a97bda1,0,0,1,1,0,1
case_8bfeaac2,1,1,1,0,1,1
case_f1b6cf88,1,1,1,1,1,1
case_28ee5ff7,1,1,0,1,0,1
case_a669c360,1,1,0,1,1,1
case_2657104b,0,0,0,1,0,1
case_dd4b9c1a,0,1,1,0,1,1
case_50e29ab6,0,0,1,1,0,0
case_5fa42d42,0,0,1,1,1,1
case_28fda51c,0,1,1,1,1,1
case_d10e3d86,0,0,0,0,1,0
case_5a01ab3b,0,0,1,1,1,1
case_41c86ba3,1,1,1,1,1,1
case_32edec91,1,1,1,1,1,1
case_3e7d31b0,0,0,0,0,1,1
case_959ff924,1,1,0,0,1,1
case_615556e4,1,1,1,0,1,1
case_a3bffb24,0,0,1,1,0,1
case_2be03446,1,0,1,1,1,1
case_5195c96b,0,0,1,0,1,1
case_d5f56903,0,1,1,1,1,0
case_38f9062a,0,1,1,1,1,1
case_f4d8f40a,1,1,1,1,0,0
case_00bf1305,1,0,1,1,1,1
case_c000436a,1,1,1,1,1,0
case_515ca1ae,0,1,1,0,1,0
case_73c17bb2,1,1,1,1,1,1
case_2152bda7,1,0,1,1,0,1
case_0516ed59,0,1,1,0,1,1
case_e3029aac,0,1,1,1,1,1
case_2ea33aad,0,1,1,1,1,1
case_743d0ee1,0,1,1,1,0,1
case_9f5d349d,0,0,1,0,1,0
case_07b089c1,1,0,1,0,1,0
case_96cfbaa9,1,1,1,1,0,0
case_742f6c76,0,0,1,0,1,1
case_e9f5b152,0,0,1,1,1,1
case_d5425249,1,1,1,1,1,1
case_7f5e2e4f,1,1,1,1,1,1
case_52a9f6b5,1,0,1,1,1,0
case_8ec1eac1,1,1,1,0,1,1
case_1b7dfb47,0,0,1,0,1,0
case_e85e8f92,1,0,1,1,1,1
case_362902f3,1,1,1,1,1,0
case_d3fad246,0,0,1,0,1,1
case_d74fde30,1,1,0,1,1,1
case_40984951,1,1,1,1,1,1
case_4ce5bd44,0,1,0,1,0,0
case_d3c3ced5,0,0,1,1,1,1
case_d9705528,0,1,1,0,1,0
case_56720eb5,0,1,1,1,1,1
case_f3a6f530,0,1,1,1,1,1
case_101fbf55,1,1,1,1,1,1
case_287d5a8d,0,1,1,0,1,0
case_d316ffa3,1,1,1,1,1,1
case_08ab5081,1,0,1,1,1,0
case_b915caf2,0,1,1,1,1,1
case_7dd7a32f,1,1,1,1,1,1
case_6e47776a,1,1,1,0,1,1
case_f2a7753e,1,1,1,1,1,1
case_f40ca44f,0,1,1,0,0,1
case_e5aa816e,0,1,0,0,1,1
case_7dfd5567,0,0,1,0,1,0
case_6d74850a,0,1,1,1,0,0
case_71f9b554,1,0,1,0,1,1
case_1af10368,0,0,1,0,0,1
case_a559ac91,0,0,1,0,0,0
case_c64bcbc4,1,1,1,1,1,1
case_ea085a32,0,1,1,1,1,1
case_fa526902,1,1,1,1,1,1
case_de65ac9c,0,0,0,1,0,0
case_c41dfebc,1,1,1,1,1,1
case_4e872c6f,0,0,1,1,0,0
case_161f8206,0,1,1,1,1,1
case_95cf04f3,0,0,1,1,1,1
case_10a47e53,1,0,1,1,1,1
case_ff77ac50,1,1,1,1,1,1
case_992b2214,0,1,1,1,1,1
case_e7badbcb,1,0,1,1,0,1
case_021b6322,1,1,1,1,1,1
case_b0b4e388,0,1,1,1,0,1
case_b3586550,1,1,1,1,1,0
case_28d33b86,1,1,1,0,1,1
case_86123fde,1,1,1,1,1,1
case_fa8eaa14,1,1,0,1,0,1
case_ed367d8c,1,0,1,1,1,1
case_2e7736f8,1,1,1,1,1,1
case_325f7329,0,0,1,1,1,1
case_58e36895,0,1,1,1,1,1
case_8cc0f3df,1,1,0,0,1,1
case_a37b4f1f,1,1,1,1,1,1
case_52af8585,1,1,1,1,1,0
case_dbf844f1,0,1,1,1,1,1
case_ef7f783d,0,0,1,1,1,1
case_1e814a14,1,1,1,1,1,1
case_690b50b1,1,0,1,1,1,1
case_8437632a,0,1,1,1,1,1
case_03200e68,0,1,1,1,1,1
case_7a40fb0f,0,1,1,1,1,1
case_2ab3d122,1,0,1,1,1,1
case_12b77ae0,0,0,1,1,1,1
case_52b350f7,0,1,1,1,1,1
case_566fc9fe,1,1,1,1,0,1
case_f6192fab,1,1,1,0,1,0
case_c7b22d89,1,0,1,1,1,1
case_2d55ce8d,1,1,0,0,1,1
case_b151db52,1,0,1,0,0,1
case_df4199ad,0,0,1,1,0,1
case_0c07e3b3,1,0,1,1,0,0
case_88cbccf2,1,1,1,0,1,0
case_6c5daf37,1,1,1,1,1,1
case_0f6e5671,1,0,1,1,1,1
case_84a3a996,0,1,1,1,1,1
case_65a6a02c,1,1,1,1,0,1
case_63315a14,1,1,1,1,1,1
case_bf99a793,1,0,1,0,1,0
case_1a5f2394,0,0,1,1,1,1
case_a6a356cb,1,0,1,1,0,1
case_7f994b43,0,1,1,1,1,1
case_65c78ffb,1,1,1,1,1,1
case_d570582d,1,1,1,1,1,1
case_4fbc75aa,1,0,1,0,0,0
case_867a93d6,0,1,1,0,1,1
case_aaf28e66,1,1,1,1,1,1
case_7d0c30b2,1,0,1,1,1,0
case_a44f3613,1,1,1,1,1,1
case_5b768f08,1,1,1,1,1,1
case_9a1d79a1,1,1,1,0,1,1
case_ba81e4e5,1,1,1,1,1,1
case_9dd770c6,0,0,1,1,1,1
case_0ee7990b,0,1,1,1,0,1
case_70bb3921,1,1,1,1,1,1
case_b4921ea3,0,1,1,0,1,0
case_174140f3,1,1,1,1,1,1
case_c7f19b59,0,0,0,0,1,1
case_56f528a0,1,1,1,1,1,0
case_209a3df6,0,0,1,1,0,0
case_865ab71e,0,1,1,1,1,1
case_c32d1590,1,1,1,1,1,1
case_30ea4aed,1,1,1,0,1,1
case_ce1cb2f6,1,1,1,1,1,1
case_196783fd,0,0,1,0,1,1
case_f42206df,1,1,1,1,1,1
case_6156d475,1,1,1,1,0,1
case_0396b259,1,1,1,1,1,1
case_e7b1e2a5,1,1,1,1,1,1
case_674b9109,1,0,1,1,1,0
case_e82920cb,0,1,1,1,1,1
case_b0d5445d,1,1,1,1,0,1
case_49c236a0,1,1,1,0,1,1
case_fdf8477f,0,1,1,1,1,1
case_d5974ea6,1,1,1,1,1,1
case_6c6a820b,1,1,1,0,1,1
case_ca67228d,1,1,1,1,1,1
case_9d4773a1,1,1,1,1,1,1
case_bf31fc1f,0,0,1,0,1,0
case_0161c8b9,0,0,1,1,1,0
case_41b63fc0,0,0,1,1,1,1
case_cca1ee3a,1,1,1,1,1,0
case_fa7b6e56,1,1,1,1,1,1
case_48381764,1,0,1,1,1,1
case_ad817d4e,1,1,1,0,1,1
case_681b3921,0,0,1,1,1,1
case_1dc0adb7,0,1,1,1,1,1
case_7e2e42cc,0,0,1,0,0,1
case_cb64e0e7,0,1,0,1,0,0
case_50cf44d0,1,1,1,1,0,1
case_94a91924,1,1,1,1,1,1
case_cc2a9e00,1,1,1,1,1,0
case_2586e627,0,1,1,1,0,1
case_1feaecc1,0,0,1,1,1,1
case_9f9a8e81,1,0,1,0,1,1
case_0d0533c4,0,0,1,1,0,1
case_f8f6e788,0,1,1,0,1,1
case_e2840875,0,1,1,1,1,1
case_c91b47ce,1,1,0,1,0,1
case_dbf3645d,1,1,1,1,1,1
case_7d283f78,1,1,1,1,1,0
case_6409cf8e,1,0,1,0,1,1
case_ec36c4bc,1,1,1,1,1,1
case_9abb42d3,1,1,1,1,1,0
case_f54d163b,1,0,1,0,1,1
case_31171f1e,0,1,1,1,1,1
case_f7f38c4e,0,1,1,1,1,1
case_20009a4a,1,0,1,1,1,1
case_29c305cc,0,0,1,1,0,1
case_dbdcdf96,1,1,0,0,1,1
case_8a780646,0,1,1,0,1,1
case_b0f38259,1,1,1,1,1,1
case_2e14e7e7,1,0,1,0,1,1
case_01394255,1,1,1,1,1,1
case_a9932513,1,1,1,0,0,1
case_19619ee0,0,0,1,1,0,0
case_3fc67980,1,1,1,1,1,1
case_dbe9d938,0,1,1,1,1,1
case_e5411117,1,1,1,1,1,1
case_3e4e3f22,1,1,1,1,0,1
case_95b75bff,0,1,1,1,0,1
case_34327edd,0,1,1,1,1,1
case_18104d4e,1,1,1,1,1,1
case_c11b15f0,0,1,1,1,0,1
case_445a5d55,1,1,1,1,1,1
case_e3238cf5,1,0,1,1,1,1
case_e6859cb7,1,1,1,1,1,1
case_108a711f,1,0,1,0,0,1
case_386374ce,0,1,1,1,1,1
case_dc860f14,1,1,1,1,1,1
case_8a1806e2,0,0,1,1,1,1
case_5d16a868,0,0,1,1,0,0
case_ac6f9b75,0,0,1,0,0,1
case_401e390f,0,1,1,1,1,1
case_1e3fb5c0,1,0,1,1,1,1
case_ecab86e7,1,1,1,1,0,1
case_4c6af72d,0,0,1,1,1,1
case_dfec674c,0,1,0,1,1,1
case_7643fa8a,1,1,1,1,1,1
case_092142bb,1,1,1,1,1,1
case_e8d0c16d,1,1,1,1,0,1
case_5133470e,0,0,1,1,1,1
case_1a83d81c,1,0,1,0,0,1
case_11b9c1e3,0,0,1,1,1,1
case_40578c23,1,0,0,1,0,1
case_0b8daae5,0,1,0,1,0,0
case_017f8b40,1,1,1,1,1,1
case_b74cb51c,1,1,1,1,1,1
case_b12d6827,0,0,1,0,0,1
case_17295b16,1,1,1,1,1,1
case_a7a0035e,1,0,1,1,0,1
case_2853e5cc,1,1,1,1,1,1
case_52e78bf9,1,1,1,0,1,1
case_66280be7,0,1,1,1,1,1
case_f7529ad5,0,1,1,1,1,1
case_cd0ea504,0,1,1,1,1,1
case_ec91383e,1,0,0,1,1,1
case_791d2981,1,1,0,1,1,1
case_6251caf0,0,0,1,0,1,1
case_099d5930,1,1,1,1,0,1
case_d1d0e380,1,1,1,0,1,0
case_0d558c4b,0,0,1,1,1,1
case_496b10e3,0,1,1,0,1,1
case_366b6381,1,1,1,0,1,1
case_bb61661a,0,0,0,0,1,0
case_eb2a98ea,1,1,1,1,1,1
case_ec862460,0,1,1,1,1,1
case_240c5376,1,1,1,1,0,1
case_8de8d6b7,1,1,1,1,1,1
case_38676bf8,1,0,1,1,1,1
case_d181c3a7,1,1,0,0,1,0
case_40f6246c,1,1,1,1,1,1
case_bc94bdcc,1,1,1,0,1,1
case_b369e929,0,0,1,1,0,0
case_b6cd29f0,1,0,1,0,0,1
case_55200f95,0,0,1,1,0,1
case_109b48e0,1,1,1,0,1,1
case_fe18aca5,1,1,1,1,1,1
case_1260038a,0,1,1,0,1,0
case_1730eebf,1,0,1,1,1,1
case_82971c53,0,1,1,1,1,1
case_30726968,0,1,1,0,1,1
case_cba5e20c,1,1,1,1,1,1
case_bbaf0ee8,0,0,1,1,1,0
case_e20a93cf,0,0,1,0,0,1
case_f54ebcd9,1,1,1,1,0,0
case_0da90783,1,1,1,1,1,1
case_64b6ae42,1,0,1,1,1,1
case_cafdb8b9,1,1,1,1,1,1
case_412ff98f,1,1,0,1,1,1
case_23ae8610,1,0,0,0,1,1
case_c480af2e,1,1,1,1,1,1
case_b3bc44b4,1,1,1,1,1,1
case_dfd4eb0b,1,0,1,0,1,0
case_08657c82,1,1,1,1,1,1
case_1f52e2b8,0,1,1,1,1,1
case_15311d87,0,0,1,1,1,1
case_22837070,0,1,1,1,1,1
case_36c51d85,1,1,0,0,0,1
case_3d118274,1,1,1,1,1,1
case_17ae7dfd,1,1,1,1,1,1
case_ad07b454,0,1,1,0,0,0
case_900d023c,0,1,1,1,1,1
case_d3a408ec,1,0,1,0,1,0
case_2c0b79b8,1,0,0,0,1,1
case_cc2bc32b,0,1,0,0,0,1
case_6ba63ef7,1,1,1,1,0,0
case_d23e96c1,1,0,1,1,1,1
case_7227299b,0,0,1,1,0,0
case_45c0222a,1,1,1,1,1,1
case_15e58617,0,1,1,1,1,0
case_bd937e2b,1,0,1,0,1,1
case_b486a44d,1,0,1,0,1,0
case_ba906e38,1,1,0,0,0,1
case_b41ceac5,0,1,1,0,1,0
case_975506d0,1,1,1,1,1,0
case_cb330bbb,0,1,1,1,1,1
case_ced9a5dc,1,0,1,1,0,1
case_9f07e6c3,0,1,1,1,0,1
case_cdd7d97d,1,1,1,1,1,1
case_6eed8a12,0,1,1,1,0,1
case_78a12051,0,0,1,0,0,0
case_c6a6c1f6,0,1,1,1,1,1
case_4089fe69,0,1,1,1,0,1
case_c92baa5e,1,0,0,0,0,0
case_a6739592,1,1,1,1,1,1
case_044cd0e6,1,1,1,1,1,1
case_93e87f7a,0,0,0,0,0,1
case_f446796d,1,1,0,1,0,1
case_a214750b,1,0,1,1,1,0
case_ec1ed939,1,1,1,0,0,0
case_05088653,1,1,1,1,0,0
case_3b9cc25a,1,1,1,1,1,1
case_1d17604b,1,0,1,0,1,1
case_0bb88e13,1,0,1,1,1,1
case_06fe92d8,1,1,1,1,1,1
case_9b0b3c50,1,1,1,1,1,1
case_db12107e,0,1,0,1,1,0
case_613d8430,0,1,0,1,0,0
case_b1e3be20,1,0,1,1,1,0
case_59759bc6,0,1,1,1,1,1
case_ea901b2d,0,1,1,1,1,1
case_78614b1c,0,0,1,0,1,0
case_62733deb,0,1,0,0,1,1
case_27c666a5,1,1,1,1,1,1
case_77b50ccf,1,0,1,0,1,1
case_a450dba1,1,0,1,0,1,1
case_df5c7f20,0,1,1,1,1,0
case_8763b78e,1,0,1,0,1,1
case_673bdac9,0,1,1,1,1,1
case_d72a5cbc,0,0,1,1,1,1
case_ffcbbc12,1,1,1,1,1,1
case_849f823e,0,0,0,0,0,0
case_80fec352,0,1,1,1,1,1
case_274e110e,1,1,1,1,1,1
case_353c52fb,1,1,1,1,0,1
case_42fa9b9d,0,0,1,1,1,1
case_a1d754e6,0,0,1,0,1,0
case_7597e47b,0,0,1,0,0,1
case_456a4a7b,0,0,1,1,1,1
case_51cc5080,0,0,1,1,1,1
case_b73025fc,1,1,1,1,0,1
case_355c3e8a,1,1,1,1,0,1
case_947dcec7,0,0,1,0,1,1
case_b741b419,1,0,1,0,1,1
case_e89b5449,1,0,1,0,0,0
case_77216ba7,0,0,1,0,1,1
case_b7099986,0,0,1,0,1,0
case_000ae83c,0,1,1,1,1,1
case_53995072,1,0,1,1,1,1
case_29b9f364,1,1,1,1,1,1
case_d12892d1,1,1,1,1,1,1
case_622baf98,1,0,1,1,1,1
case_7b884b77,1,0,1,1,0,1
case_0018d277,0,1,1,1,1,1
case_0f4f96d2,1,0,1,1,1,1
case_7c9b4e50,0,0,1,0,0,0
case_c427e451,1,1,1,1,1,1
case_1075df83,1,0,1,1,1,1
case_18f55b40,0,1,1,1,1,1
case_96123b0c,0,0,1,1,0,1
case_a8a7ea8c,1,1,1,1,1,1
case_a84c79a7,1,1,0,0,1,1
case_0f9a93d2,0,1,1,0,1,0
case_525c6759,0,1,1,1,1,1
case_54caa904,1,1,1,1,1,1
case_a824d589,1,1,1,0,1,1
case_ad08b7b1,1,1,1,0,1,1
case_0165db1c,1,1,1,1,1,1
case_e72f6380,0,1,1,0,1,1
case_b05c75fa,1,1,1,1,0,1
case_3e7dd79c,1,0,1,1,1,1
case_bf1c7bf7,1,1,0,1,0,1
case_9ad5d593,1,1,1,1,1,1
case_415a1131,1,1,1,0,1,1
case_341abd2a,0,1,1,1,1,0
case_86f09feb,1,0,1,1,0,1
case_ce5772b9,1,0,1,1,1,1
case_4fbefbcb,1,0,1,0,1,1
case_a1bdcb0e,1,1,0,1,0,1
case_855b3ad0,0,1,1,1,1,0
case_94f4f591,1,1,1,1,1,1
case_76aad571,0,1,1,0,0,0
case_8f329f10,1,0,1,1,1,1
case_5fb4a3ac,1,1,1,0,1,1
case_a793240d,0,1,1,1,1,0
case_ceca40de,1,0,1,1,0,1
case_ef77d06a,1,1,1,1,0,1
case_78e5f685,0,1,1,1,0,1
case_64233c61,1,0,1,1,0,1
case_37467518,0,0,1,1,0,0
case_135b1c70,0,0,1,1,0,1
case_821f43d3,1,0,1,0,1,1
case_715d005a,0,1,1,1,0,1
case_223c6ab0,1,1,1,1,1,0
case_cea32d14,0,0,1,1,1,0
case_8f045b68,1,0,1,1,1,1
case_345d1f0c,0,1,1,1,1,1
case_9d3ec36d,0,0,1,1,1,1
case_b364f33b,0,1,1,1,1,1
case_f87a1248,1,0,1,0,1,1
case_cfb6a2d9,1,1,1,1,1,1
case_5db47f12,1,1,1,1,1,0
case_ae75e486,1,1,1,1,1,1
case_7ecf9f57,1,1,1,1,1,1
case_b466e9ab,1,1,1,0,1,1
case_cf61c9c4,0,1,1,1,1,1
case_2053fc8c,1,1,1,1,1,1
case_bfc0f8aa,1,1,1,1,1,1
case_e5bb0915,0,0,1,1,0,0
case_451744ae,1,1,1,0,1,1
case_f73b8844,1,0,1,1,1,1
case_e59a3053,0,1,1,0,1,1
case_574c59d3,0,1,0,1,1,1
case_370e0237,1,1,1,1,1,1
case_abdcb750,0,0,1,1,1,1
case_6c59b28c,0,0,1,1,1,1
case_1af16cb4,1,0,1,0,1,0
case_9fe7bfed,1,0,1,1,1,0
case_3e3530ae,0,1,1,1,1,0
case_afe72539,1,1,1,0,1,1
case_0e320d93,1,1,1,0,1,1
case_be507947,1,1,1,0,0,1
case_eb4152a6,1,1,0,1,0,0
case_f5afd688,1,1,1,1,1,0
case_d87046b2,1,1,1,1,1,1
case_d98b8be2,1,0,1,0,1,0
case_22f5bda1,1,1,1,1,1,1
case_089b77db,0,0,1,1,1,1
case_6cbd4c66,0,0,1,1,1,1
case_71ca062a,0,1,0,0,1,0
case_7436bab4,0,0,1,0,1,0
case_f78c42a8,1,1,1,1,0,0
case_48e15b6f,1,1,1,0,1,1
case_25eee16d,0,1,1,1,1,1
case_10e6290b,1,0,1,1,0,1
case_86bc1bd7,1,1,1,1,1,1
case_0864c1a8,0,0,1,1,0,0
case_e26c3f44,1,1,1,1,1,1
case_62036c91,1,1,1,1,1,1
case_e5b6e543,0,0,1,1,1,1
case_94b3de1f,0,1,1,1,1,1
case_b5678300,1,1,1,1,0,1
case_70f0bc8a,1,1,0,0,0,1
case_3c82af0d,0,1,1,0,1,1
case_2b17b560,1,1,1,1,1,1
case_b5fd5fe2,0,0,1,0,0,1
case_8246fc42,1,1,1,1,1,1
case_fed19ee2,1,1,1,0,1,1
case_3a199d4c,1,1,1,1,1,1
case_c6fdd020,0,0,1,1,1,1
case_af158d7f,0,0,1,0,1,1
case_41787cc2,0,0,1,1,0,0
case_6ae09b41,0,0,1,1,0,1
case_44ec69f3,1,1,1,1,1,1
case_a7a56b16,0,0,1,0,1,1
case_167c4bf5,0,1,1,1,1,1
case_59911020,0,1,1,1,0,0
case_d020c14d,1,0,1,0,1,0
case_c8c28fcd,1,1,0,1,1,1
case_d9d8d71d,1,0,1,1,0,1
case_4a0059c4,0,1,0,0,1,1
case_f7366699,1,1,1,0,1,1
case_5c2f774d,0,1,1,0,1,1
case_c92d56ed,0,1,1,1,1,1
case_de984b55,1,0,1,1,1,1
case_bf41d65e,1,1,1,1,1,1
case_0ec92bbe,1,0,1,0,0,1
case_c7d17641,1,0,1,1,1,0
case_fcec0a06,0,1,0,0,0,1
case_ae3f405b,1,1,1,0,1,1
case_2466b0b5,1,1,1,1,1,0
case_08a72061,0,0,1,1,0,1
case_39cb4e51,1,1,1,0,1,1
case_1fa6c561,1,0,0,0,0,1
case_c39dd92e,1,1,1,0,0,1
case_1c2aee6f,0,0,1,0,1,0
case_9aed668b,1,1,1,1,1,1
case_0b53e95f,1,1,1,1,1,1
case_75e94782,1,0,0,1,1,1
case_d6ce50ca,1,0,0,1,1,0
case_ad544d9a,0,1,1,1,1,0
case_d24023f8,1,1,0,1,1,1
case_e3ef79d4,1,0,1,1,1,1
case_95defec5,1,1,1,1,1,1
case_b3d6ba70,1,1,1,1,1,1
case_ed56400c,1,1,1,0,1,1
case_b0b30103,1,1,1,0,1,1
case_434a030e,0,1,1,1,1,1
case_139e9758,0,1,1,1,1,1
case_01ad297e,1,1,1,0,1,1
case_bf2c1d3b,0,0,1,1,0,1
case_2f50287f,1,0,0,0,1,1
case_dd14d687,1,1,1,1,1,1
case_c82e8a5f,1,1,1,1,1,1
case_9db764cb,0,0,1,1,1,1
case_5f4b81ee,0,0,1,0,0,0
case_675e1344,1,0,1,0,0,0
case_e77d1522,1,1,1,1,1,1
case_626fffc8,0,0,0,0,0,1
case_8f4d1c1b,1,1,1,1,1,1
case_c4ed5b09,1,0,1,1,1,1
case_45190d47,1,1,1,1,0,1
case_2459dd26,1,0,1,0,0,1
case_5a7d9007,1,1,1,1,1,1
case_e22b704c,1,0,1,1,1,1
case_2a87de68,1,0,1,1,0,1
case_d5fe47c0,1,0,1,1,1,1
case_54d409c1,1,0,1,1,1,0
case_dbb11597,1,1,1,1,0,1
case_41a7e39a,1,1,1,1,1,1
case_55b88dc4,1,1,1,1,1,1
case_bed930a9,1,0,1,0,0,0
case_a529ad95,1,1,1,1,1,1
case_e53ceef6,1,1,1,0,1,1
case_6fb02545,0,1,1,1,0,0
case_4706cccf,1,1,1,1,1,1
case_499ada4b,0,0,1,1,1,1
case_ce0000f7,0,1,0,1,1,1
case_9a0b68ad,0,0,0,1,0,1
case_28aa47b8,1,1,1,1,0,1
case_4ee725ab,0,1,1,1,1,1
case_c5740abe,0,0,1,1,0,0
case_633415ba,1,1,1,1,1,1
case_70a11765,0,1,1,0,1,1
case_f870a6d0,1,0,1,1,0,0
case_87aeae75,1,0,1,1,1,1
case_177095f5,0,0,1,1,1,1
case_a4ed5d05,1,1,1,1,1,1
case_69fe34da,1,1,1,1,1,1
case_8b16ba57,0,0,1,1,1,1
case_1c59cf52,1,1,1,0,1,1
case_2a351f9a,1,1,1,1,0,0
case_c81e6963,1,1,1,1,1,1
case_acb8f254,1,1,1,1,1,1
case_49b0a10b,0,0,0,1,0,1
case_7e0967c2,1,1,1,1,1,1
case_da2812ac,1,1,1,0,1,1
case_7f755807,1,1,1,1,1,1
case_bf76555b,1,1,1,1,1,1
case_02952bfa,1,0,1,1,1,0
case_4aa67b57,1,1,0,1,1,1
case_99753dda,1,0,1,0,0,1
case_9805b889,1,1,1,0,1,1
case_a19b4130,1,1,1,1,1,1
case_367dbc22,0,0,1,1,0,1
case_9a165518,1,1,1,1,1,0
case_9d7f969b,0,1,1,1,1,1
case_8f9c44c9,1,1,1,1,1,1
case_cf3ffce4,1,1,1,1,0,0
case_ab4236c3,1,1,0,1,1,0
case_06e9ab1e,1,1,1,1,1,1
case_61a32817,1,1,1,1,1,1
case_0961db1d,1,0,1,1,1,1
case_e83f1f55,0,0,0,1,0,1
case_6c9b22d2,1,0,1,1,0,0
case_13362d67,0,1,1,0,1,0
case_7bde53fb,1,1,1,1,1,1
case_c948bd53,0,1,0,1,0,1
case_ac4ce36f,1,1,1,1,1,1
case_c798a150,0,1,1,0,0,1
case_531d104c,1,0,1,1,1,0
case_198c118f,1,0,1,1,1,0
case_58cb8d82,0,1,1,1,1,1
case_145e312a,1,0,1,0,0,1
case_6273e809,0,0,0,1,0,1
case_1e4b6a34,1,1,1,1,1,1
case_75d8adf5,0,0,0,1,0,1
case_17be5b51,1,1,1,0,1,0
case_c6c14254,0,1,0,0,0,1
case_4083731d,1,0,1,1,1,1
case_7f8877e1,1,1,1,1,1,1
case_3d062e5a,1,1,1,0,1,1
case_f9e6edb1,1,0,1,0,0,1
case_6f477572,0,0,0,1,0,1
case_cc59f368,1,1,1,1,1,1
case_6751a1d3,1,1,1,1,1,1
case_da7b6780,0,0,1,0,1,1
case_6a8dca75,1,1,0,1,1,1
case_c2e822f1,1,1,1,0,1,1
case_49d7d532,1,1,1,0,1,1
case_78bef427,1,0,1,1,0,0
case_dda3f452,1,0,1,1,1,0
case_e3593c36,1,1,1,0,0,1
case_dd809eaf,1,0,1,0,0,1
case_088819e3,1,0,0,0,1,1
case_5824cc45,0,1,1,1,1,0
case_1f0a5ee1,1,1,1,1,1,0
case_adafcb96,0,1,1,1,1,1
case_20e4b3bc,1,1,1,1,0,0
case_bfc05f16,1,1,1,1,1,1
case_f156e409,0,1,1,0,0,1
case_3072148a,1,1,1,1,1,1
case_44b95369,1,1,1,0,1,1
case_2d4d0f2d,1,1,0,1,1,1
case_d9cc65ea,1,1,1,1,1,1
case_950fb6b8,1,1,1,1,1,0
case_a0d20ed2,0,0,1,1,1,1
case_12b721f7,1,1,1,1,0,0
case_49ccb455,0,1,1,1,1,1
case_065c264a,0,0,1,0,0,0
case_6febbc02,1,1,1,1,1,1
case_c6eb9590,0,1,0,1,1,1
case_cf985cbc,0,0,1,1,1,1
case_0d0dc601,0,1,0,1,1,1
case_f5acf2c6,1,1,1,1,1,1
case_c31c900a,0,1,1,1,0,1
case_08c4a6f8,1,0,1,1,1,1
case_b108d8ed,0,1,1,1,0,1
case_ec3c1754,1,1,1,1,0,1
case_3c85969e,0,1,0,1,0,1
case_d103ff2d,1,0,1,1,1,1
case_73cc605a,0,0,1,1,0,1
case_a833627f,1,1,1,1,0,1
case_5e80cfee,1,1,1,1,1,1
case_cfacfd6a,1,0,1,1,1,1
case_f77f7027,1,1,1,1,1,1
case_6f1b7aab,1,1,1,1,1,1
case_95065e06,1,1,1,0,1,0
case_6db956f5,1,1,1,0,1,0
case_4e511811,0,0,1,0,0,0
case_828a16ec,0,1,1,0,0,0
case_a644da37,1,1,1,1,1,1
case_30a08052,0,1,1,0,1,1
case_b31025d4,0,1,1,1,1,1
case_8ea20f30,1,1,1,0,1,1
case_e464c6da,1,0,1,1,1,1
case_70f1e9e8,1,0,1,0,0,0
case_64c56c8d,1,1,1,1,1,1
case_81cdd0bc,1,1,0,1,1,1
case_d11b3e76,1,0,1,0,1,1
case_4bd03a90,1,1,1,0,1,1
case_666d8823,1,1,1,1,1,1
case_89a8cf18,1,1,1,0,1,1
case_4fdc7285,1,0,0,0,1,0
case_89441d65,1,0,1,0,1,1
case_dd63784e,0,1,1,1,1,1
case_301b12da,1,1,1,1,0,1
case_859a068d,1,1,1,1,0,1
case_07904736,1,0,1,1,0,0
case_22375c8f,0,1,0,1,0,1
case_24858d91,0,0,0,0,0,0
case_a746d937,1,1,1,1,1,1
case_d8aa7067,1,0,1,1,0,0
case_d330833f,0,1,1,1,1,1
case_dd4824ee,0,1,1,0,0,1
case_3e643fdc,0,1,1,1,0,0
case_94e01358,0,1,1,1,1,1
case_98bc6c8e,0,0,1,1,0,1
case_483c381f,0,0,1,0,1,1
case_57cadcff,0,1,1,1,1,1
case_3d0846ee,0,1,0,1,1,1
case_ff75c5ef,0,1,1,1,0,0
case_4d194e20,0,1,1,0,1,1
case_6f540319,1,0,1,1,0,1
case_002b7b00,0,0,1,0,0,1
case_893b63cc,1,1,1,1,1,1
case_50cff4b6,0,0,1,0,1,0
case_6930446b,0,1,1,0,1,1
case_1d69a8da,1,0,0,1,1,0
case_14ab296e,1,1,1,1,1,1
case_5deed3ce,1,1,1,1,1,1
case_eb2cfa03,0,0,1,1,1,0
case_ee112b19,1,1,1,0,0,1
case_7d5af438,1,1,1,1,1,1
case_66f50778,1,1,1,1,0,1
case_d24aaf71,1,1,1,1,1,1
case_54681d9a,1,1,1,1,1,1
case_f537f1cb,1,1,1,1,1,1
case_3215fabb,0,0,0,0,1,1
case_d193a6ac,1,1,0,1,1,1
case_56ee3d96,0,1,1,1,1,0
case_5a8d2852,1,0,0,0,1,1
case_238c0bde,1,0,1,0,0,1
case_9c1ea07c,0,1,0,1,1,1
case_a6d8e284,0,0,1,1,1,0
case_ce4c7009,0,1,1,1,0,1
case_6eebde23,1,1,1,1,1,1
case_5306d52f,1,1,0,1,1,1
case_150de792,1,0,0,1,1,1
case_a19d7d67,1,1,1,1,1,1
case_46efcd12,1,0,1,1,1,0
case_d44918b3,1,1,1,0,1,1
case_4696a1f2,0,0,1,0,1,1
case_5a785288,1,0,1,1,1,1
case_99eedb78,0,0,1,0,0,1
case_f7cac073,1,0,0,0,1,0
case_88579557,1,0,1,0,1,1
case_f16dea66,1,0,1,1,1,1
case_34ca4add,1,0,1,1,1,1
case_4d4d08c2,0,0,1,0,1,1
case_958c630d,0,1,0,0,0,0
case_0ed6c595,1,1,0,0,1,0
case_d8638c40,1,1,1,0,1,1
case_4cba9ceb,0,1,1,0,0,0
case_6a352d93,1,1,1,0,0,0
case_b6bc55be,0,1,0,0,0,1
case_6e97e26b,1,1,1,1,1,1
case_030bdbd4,1,0,1,1,1,1
case_b244fd7f,0,1,1,0,1,1
case_77779b77,1,0,1,0,0,0
case_d5071b9d,1,1,1,1,1,0
case_d1d73185,1,0,1,1,1,1
case_058f1e73,0,0,1,0,0,1
case_000122a0,1,1,1,1,1,1
case_1c134318,1,1,0,1,1,1
case_a362c6f1,0,0,1,0,1,1
case_e065027d,0,0,1,0,1,1
case_cd4a2a1c,0,0,1,1,1,0
case_c9ee3965,1,1,1,1,0,0
case_934b798e,1,1,1,1,1,1
case_44a9dac7,0,0,1,0,1,1
case_754c9ab0,0,0,1,1,0,1
case_188787ff,1,1,1,0,1,1
case_cb855fda,1,1,1,1,1,1
case_71db7db6,1,0,1,1,0,1
case_6cdb5953,0,0,1,1,1,0
case_26ba7f04,1,1,1,1,1,1
case_99ca465a,1,1,1,1,1,1
case_08f14492,0,1,1,1,1,1
case_5d3660a3,1,1,1,1,1,1
case_8f7eb4f5,0,0,1,1,1,0
case_8f20af40,0,0,1,1,0,0
case_b4ae9774,1,0,1,1,1,1
case_b01e8a37,1,1,1,0,0,0
case_bea52c26,0,0,1,1,1,1
case_39a435f9,1,0,1,1,1,1
case_01414aeb,1,1,0,0,0,0
case_059153cf,0,1,1,0,1,1
case_0d8a6795,0,0,1,1,1,1
case_87436e22,1,1,1,1,1,1
case_677d2717,1,1,1,1,1,1
case_2ad0b456,1,1,1,1,1,1
case_027b93b7,0,1,1,1,1,1
case_42267c3c,1,1,1,1,1,0
case_462d6518,0,0,1,0,0,0
case_2e5c0193,1,1,1,1,0,1
case_1fa2459b,0,1,1,0,1,1
case_a930db76,1,0,1,1,1,1
case_82d510bf,0,0,1,1,1,1
case_430279bd,0,1,0,1,1,1
case_b77d64bd,0,0,1,1,1,0
case_65fcf16e,1,1,0,0,0,0
case_b7145968,0,1,1,1,1,1
case_25fc5286,1,1,1,1,0,1
case_1af9d261,0,0,1,1,0,0
case_c1a31444,1,0,1,1,1,1
case_64f23804,1,1,1,1,0,1
case_27e6d8c7,1,1,0,1,1,1
case_47736eba,1,0,1,1,1,1
case_3edd46b3,0,0,1,0,1,0
case_1b265333,1,1,1,0,0,0
case_9d536488,1,0,1,0,1,1
case_021bb88f,0,1,1,1,1,1
case_74a18103,0,1,0,0,1,1
case_bbc66dd3,0,1,1,0,1,0
case_ae3db165,1,0,1,1,1,1
case_f76f77bb,1,1,1,0,1,1
case_d84d2643,1,0,1,1,1,1
case_52cc9c87,1,0,1,1,1,1
case_ce65fe9b,0,0,0,0,0,1
case_ee08e806,1,1,1,1,1,1
case_38b7bf6b,1,1,1,0,1,1
case_d3f4a204,1,1,1,1,0,0
case_a2e2c4e4,1,0,1,1,1,0
case_9bdeb459,1,1,1,1,1,1
case_1e76ccac,0,1,1,1,1,0
case_9753fa1f,1,1,0,1,1,1
case_1da40b6e,0,1,1,1,1,1
case_6a205df6,1,1,1,1,0,1
case_6d9ab28a,1,1,1,1,1,1
case_4acc3a03,1,1,1,0,1,1
case_29fa1c8c,1,1,1,1,1,1
case_5908ee4d,1,1,1,0,1,1
case_fbde5b78,0,0,1,1,1,0
case_adef165f,1,0,1,0,1,1
case_82f71520,1,0,1,0,0,1
case_5eeb1cdb,0,1,1,0,0,0
case_6938470c,1,0,1,1,1,1
case_66f695cc,1,0,1,1,1,1
case_f661504f,1,1,1,1,1,1
case_8664cd14,0,0,1,0,1,1
case_8cfc183f,0,1,1,1,1,1
case_0ca14940,1,1,1,0,1,1
case_c22fffc6,0,0,1,1,1,1
case_07e88a21,0,1,0,0,0,1
case_8e9bfbe6,0,1,1,1,1,1
case_11ed2047,1,1,1,1,1,1
case_b53d3641,1,1,1,1,1,1
case_ea2b4652,0,0,1,1,0,1
case_24045ab3,0,1,1,1,1,1
case_cfedce1f,1,1,1,1,0,1
case_eda9dd39,0,0,1,0,0,1
case_f2751449,1,1,1,0,1,1
case_c1c8fa6a,1,1,1,1,1,1
case_9f7e472a,0,1,1,1,1,1
case_560619be,1,0,1,1,1,1
case_8820f70e,1,1,1,0,1,1
case_e03aa746,1,1,1,0,0,1
case_2eab1759,0,1,1,1,1,0
case_224ccee3,1,1,1,0,1,1
case_ada97b13,0,1,0,1,0,0
case_ea738efc,1,1,1,1,1,1
case_6f041625,0,0,1,0,0,0
case_78967171,0,1,1,0,1,1
case_6c4b0ea8,0,0,1,0,1,1
case_74e47cc5,0,0,1,1,1,1
case_193178cf,0,0,1,1,0,1
case_9c50a404,1,0,1,1,1,1
case_8e8bbc40,1,0,1,1,1,1
case_2f6299be,0,1,1,0,1,1
case_063b4189,1,1,1,1,1,1
case_e9d04dd1,1,0,1,0,1,1
case_4a0cb3de,1,0,0,0,0,1
case_249a8a9b,1,1,1,1,1,1
case_8ca10cf4,1,1,1,1,1,1
case_b3b0f639,1,0,1,1,1,1
case_2bf8e9eb,0,1,1,0,1,0
case_fc8a2077,1,1,1,1,0,1
case_1ff6c99b,1,1,1,1,0,1
case_d2c54db6,1,1,1,1,1,1
case_230b8e69,0,0,1,0,1,1
case_5e3bc511,1,1,1,1,1,0
case_e5ca9656,1,1,0,1,1,1
case_58171653,0,1,1,1,1,1
case_2ddf9b26,0,0,0,1,1,1
case_074c3530,1,1,1,1,1,1
case_f8ae25fc,1,1,1,1,1,1
case_86908ebf,1,1,1,0,1,1
case_f8be765f,0,0,1,1,1,1
case_f3194e91,1,1,1,0,1,1
case_9ad3be94,1,1,1,1,1,1
case_d1851386,0,0,1,0,0,1
case_908e7924,1,1,1,0,1,0
case_60bd9dbd,1,0,1,1,1,1
case_4c3bde4e,1,1,0,1,1,1
case_65823302,1,1,1,1,0,1
case_c3d2d7d1,0,0,0,1,0,0
case_6a5cc1a8,1,1,1,1,1,1
case_ec8cb124,0,1,1,0,0,0
case_c63909de,1,1,1,0,1,0
case_fe22a421,1,1,1,0,1,1
case_3f71f1a8,1,1,1,1,1,1
case_1973a767,0,1,0,1,1,0
case_de45ac2c,0,0,1,1,1,1
case_a08b01cb,0,0,1,1,1,1
case_9bcf3d67,1,1,1,0,1,1
case_d5d6739d,0,1,1,1,1,1
case_36ab400a,0,0,0,0,0,1
case_0257d8af,0,0,1,1,1,1
case_82f3249c,1,1,1,1,1,1
case_da2a4818,0,0,1,1,1,1
case_49f7cce7,1,1,1,1,1,1
case_4a6dfff6,0,0,1,1,1,0
case_ba88e9c7,1,1,1,1,1,0
case_eefdbae7,1,1,1,1,1,1
case_b6f9ff51,1,1,1,0,1,1
case_6c717f6e,1,0,1,1,1,1
case_73ad6222,0,0,1,0,0,1
case_2e6e53f8,0,1,0,1,0,1
case_774a7cf7,1,1,1,1,1,1
case_f8af349a,1,1,1,0,1,1
case_ef5ea3b1,1,1,1,1,1,0
case_6582f528,1,1,1,1,0,1
case_007cab92,1,1,1,1,1,1
case_79051276,1,1,1,1,1,1
case_c2ec9180,1,1,1,1,1,1
case_3d751e34,0,1,0,0,0,0
case_ad6ded86,1,1,1,1,1,1
case_9cb594ac,1,1,1,0,1,1
case_3409b6ca,0,0,0,1,1,1
case_8bc98796,1,1,1,1,1,1
case_b095940d,1,1,1,0,0,1
case_0631119b,1,0,1,1,0,0
case_c0e9da27,0,1,1,1,0,1
case_36577325,0,0,1,1,0,1
case_ec4606b5,0,1,0,1,0,1
case_21ca1e33,0,0,1,0,1,0
case_6a8ee7f4,1,1,1,1,1,1
case_ed981a60,0,0,1,0,1,0
case_1ad00836,1,0,1,0,0,0
case_73def915,0,0,1,0,0,0
case_f09cd05a,1,1,1,1,1,1
case_d0a8252f,1,1,1,1,0,1
case_6ce85e48,0,1,1,1,1,0
case_5737f1fa,1,0,0,1,1,1
case_8ccf997b,0,0,1,0,1,1
case_fc054a69,1,1,1,0,1,1
case_d611a893,1,0,0,1,0,1
case_587d29fa,0,1,1,0,0,0
case_f88b519c,0,1,1,1,1,1
case_ead174ad,1,1,1,1,1,1
case_1704a98a,0,1,1,1,1,1
case_964f63c5,0,1,1,0,1,1
case_7a9edacc,0,0,0,1,0,1
case_10be4d6f,1,1,1,1,0,1
case_05cc4040,0,1,1,0,1,1
case_4a0bb29b,1,1,1,1,1,1
case_e90c3103,1,0,1,1,1,1
case_8b35d6f4,1,1,1,0,1,1
case_5f100c5a,0,1,1,0,1,1
case_01166975,1,0,1,1,0,1
case_f1ff60d8,0,0,1,1,1,1
case_971d0b62,1,1,1,0,0,1
case_a92650c1,1,0,1,0,1,0
case_fb05b0e0,1,1,1,1,1,1
case_35839c64,1,0,1,0,0,1
case_c823b71a,0,0,1,0,0,0
case_5b568103,0,0,1,0,1,1
case_bebdc45c,1,1,1,1,0,1
case_ce195d67,1,0,1,1,0,1
case_1b847ad6,1,0,0,0,0,1
case_403fa808,1,0,1,1,1,1
case_9e96b534,0,0,1,0,1,1
case_ad332a8c,0,0,1,1,1,0
case_a544a020,0,1,1,0,0,1
case_3c8ca1f4,0,0,1,0,0,0
case_6f4d75e1,1,1,1,1,1,1
case_9a0f1282,0,1,0,0,0,0
case_9bfa5100,1,1,1,1,1,1
case_ba992af0,1,1,1,1,1,1
case_b2a27dc1,1,0,1,1,1,1
case_86db6050,0,0,1,1,1,1
case_1213e38b,1,0,1,1,0,1
case_49f6d3d4,0,0,1,1,0,1
case_501b1fe6,1,0,1,0,0,1
case_84e83418,0,1,1,1,1,1
case_c2c2a46f,0,0,1,1,1,1
case_04477af0,0,0,1,1,0,0
case_fdaf5c87,0,0,1,1,1,1
case_98e2f437,0,0,1,0,0,0
case_5eb91150,0,0,1,1,0,1
case_cc53f10f,1,1,0,0,0,1
case_65c7648c,1,1,1,1,1,1
case_ebf1104b,0,0,1,1,1,1
case_fa3984d2,0,0,1,1,0,1
case_a6a2f1bf,0,0,1,0,0,1
case_38dc225b,1,0,0,1,0,1
case_033dbc52,1,1,1,1,1,1
case_a2a5a3de,0,0,1,1,1,1
case_8a81efe3,1,1,1,1,0,0
case_9ee51a7c,1,0,1,1,1,1
case_f35d7325,1,1,1,1,1,1
case_81103334,0,0,1,1,0,0
case_b61101a5,0,1,1,1,0,1
case_85ccdbfa,0,0,1,0,1,1
case_43d15f5f,0,0,1,1,1,1
case_2d6fc190,1,1,1,0,1,1
case_9f236fc7,1,0,1,1,0,1
case_93113b50,1,1,1,1,1,1
case_d727b741,0,0,1,1,1,1
case_b69db2f7,0,0,0,1,0,1
case_9665a833,1,1,1,1,1,1
case_304088d5,0,1,1,0,0,1
case_37736a82,0,0,1,0,1,1
case_0f2c77d4,0,1,1,0,1,1
case_cd2dc572,0,0,0,0,0,1
case_5524dcb7,1,1,1,1,1,1
case_ab581345,0,0,1,1,1,0
case_4db26fb4,0,1,1,1,1,1
case_f5eef72b,1,1,1,1,1,1
case_9c13db32,0,0,1,0,1,1
case_c80cd30a,1,1,1,0,1,1
case_c4ec5347,1,0,1,1,0,1
case_876cd81d,1,0,1,1,1,1
case_a286e85b,1,0,1,1,1,1
case_28a242dd,0,1,1,1,0,1
case_a65f1724,1,1,1,1,0,1
case_7513f3ac,0,1,1,1,0,1
case_f8292f81,1,1,1,0,1,0
case_53c20662,1,1,1,1,1,1
case_3fafd955,0,1,1,1,1,1
case_4a951521,0,1,1,0,0,1
case_8b183283,1,1,1,1,0,1
case_50649c76,1,1,1,1,1,1
case_bf083510,1,1,0,0,1,1
case_1670aa09,0,0,1,0,1,0
case_8558ced9,0,1,1,1,0,0
case_61050378,0,1,1,1,1,1
case_31a410cd,1,1,1,1,1,1
case_3f0124ad,0,1,1,1,0,1
case_eedff30e,0,1,1,1,1,0
case_7e3a37f7,0,1,1,1,1,1
case_8e8ed5fd,0,1,0,0,1,1
case_3f78d5d9,1,1,1,1,1,1
case_33f90f52,1,0,1,0,1,1
case_cde7e980,1,1,1,1,1,1
case_23b53959,1,1,0,0,0,1
case_ec04582c,1,1,1,1,0,1
case_6161c7b2,0,0,1,1,1,0
case_6f7f6c9f,1,0,1,0,1,0
case_d80640bb,0,1,1,0,0,1
case_c0c4be7b,1,1,1,1,1,1
case_d4bb6c2b,1,1,1,1,1,1
case_6399bc30,0,0,1,1,0,1
case_396777ee,1,1,1,1,1,1
case_331747ad,0,1,1,1,1,0
case_e596940f,1,1,1,1,0,1
case_78abb393,0,1,1,1,0,1
case_76ea40cd,1,1,1,1,1,1
case_bf14dafb,0,1,1,1,0,1
case_fb8f7450,1,0,1,1,1,1
case_ebd6c1b3,1,1,1,1,1,1
case_64a269a9,1,1,1,1,1,1
case_a60ab086,0,0,1,1,1,0
case_790882a6,1,1,0,1,1,1
case_84e8e8f3,1,1,1,0,1,1
case_718cec9b,0,1,1,0,0,1
case_46abd632,1,0,1,0,1,1
case_669e759d,1,1,1,0,1,1
case_d7d28e81,1,1,0,1,1,1
case_a70e45d6,1,1,1,1,1,1
case_88c03336,0,0,0,1,1,0
case_15e95b70,0,0,1,1,1,1
case_d3ce196d,1,1,1,1,0,1
case_68357f48,1,1,1,1,1,1
case_5f381653,1,1,1,1,0,1
case_625367db,0,0,1,1,1,0
case_61b451a1,1,1,1,1,1,1
case_dd8edd47,0,0,1,0,1,0
case_3a24ddba,0,0,1,1,0,1
case_e3015fdf,1,1,1,1,1,0
case_312819fc,1,0,1,0,1,1
case_89dc475c,1,0,1,0,1,1
case_ffd77ec1,1,1,1,0,1,0
case_76c071ab,1,1,1,1,1,1
case_56119e49,1,0,1,0,1,1
case_368cf275,1,0,1,0,1,0
case_75b69c47,1,1,1,1,1,1
case_99b11bc5,1,1,1,1,1,1
case_4f1dc226,1,1,1,1,0,1
case_f8d254c1,1,1,1,0,0,1
case_d63d5ade,1,1,1,1,1,1
case_57ecb6f5,1,0,1,0,1,1
case_682dadd5,0,1,1,1,1,0
case_6bd61b7c,0,1,0,1,0,0
case_be5167c5,0,0,1,0,1,1
case_0eee4cba,1,1,1,1,1,1
case_b9dc20c7,1,1,0,0,1,0
case_ba7ff8e1,1,1,1,1,1,1
case_2fa574a7,0,0,1,0,0,1
case_937e553d,0,1,1,1,0,1
case_81e551a0,1,1,0,0,1,1
case_1b3ed83c,1,1,1,1,1,1
case_6c9e7193,1,1,1,1,0,1
case_923b00ba,1,1,0,0,0,1
case_8be34402,1,1,0,1,1,1
case_a64174ce,1,1,1,1,1,0
case_28d0552f,0,1,1,1,1,0
case_04c05d53,0,0,1,0,0,1
case_14ed76de,1,0,1,1,1,1
case_c471fcfb,0,1,1,1,1,1
case_6979479d,0,0,1,0,1,0
case_4294771f,0,1,1,1,1,1
case_0319d185,0,1,1,0,1,1
case_73289df6,1,1,1,1,1,1
case_f938de78,0,0,1,1,1,1
case_40558106,1,1,1,1,1,1
case_874397d0,0,0,1,1,0,0
case_6bec417d,1,1,1,1,0,1
case_4d58315c,1,1,1,1,1,1
case_d810d36f,0,1,0,1,1,1
case_717523a3,1,1,1,1,1,1
case_9754e04c,1,1,1,1,1,1
case_9f61a141,0,1,1,1,1,1
case_602237fb,1,1,1,1,1,1
case_3df54222,1,1,1,1,1,1
case_b515e819,1,0,1,1,1,1
case_0704395d,0,0,0,1,1,1
case_8e33aaa6,1,0,1,1,1,1
case_68fa33a1,1,0,1,0,0,1
case_2d387bc4,0,1,1,1,0,0
case_24daf6dd,0,0,1,0,0,0
case_fa495ca3,0,0,1,1,1,1
case_79729c83,1,1,1,1,1,1
case_9714b8c1,1,1,1,0,0,1
case_b34b1f6a,1,1,1,0,1,1
case_33f13ca8,1,1,1,1,0,0
case_443abb7b,0,0,1,0,1,0
case_91a042e3,0,0,1,1,1,0
case_9b5dbf65,0,1,1,1,1,1
case_72a2eb2a,0,0,1,1,1,1
case_3bba054c,1,1,0,1,0,1
case_fe8acbbc,1,1,1,1,0,1
case_93250af0,0,0,1,0,1,1
case_97b22541,1,1,1,1,1,1
case_5a639831,1,1,1,1,1,1
case_e355a15d,0,0,1,0,1,1
case_e795182b,1,0,1,0,0,1
case_b4dfcf13,1,1,1,0,1,1
case_d4abd20b,1,1,0,1,1,1
case_fba1809f,1,0,1,0,1,0
case_b6de8bf8,1,1,1,1,1,1
case_c91385bf,0,0,1,0,1,1
case_dc3a32a0,1,1,1,1,1,1
case_65322a86,1,0,1,1,1,1
case_f7e6a82a,1,1,1,1,0,1
case_70f6c41f,1,0,1,1,1,1
case_e471e280,0,1,1,1,1,1
case_d43b8766,0,1,1,1,1,1
case_d6c4c4ea,1,1,1,1,1,1
case_2b981cd7,0,0,1,1,0,0
case_5212f485,1,1,1,1,0,1
case_1e724f05,0,1,1,0,1,1
case_12a78955,1,1,1,1,1,1
case_c225a479,1,1,1,0,1,1
case_bcc68d28,0,1,0,1,1,0
case_2d38b711,1,1,1,1,1,1
case_1d3a4823,0,1,1,1,1,1
case_e4e4e6e4,0,0,0,0,0,1
case_1d329ca8,1,1,1,1,1,1
case_7d3d14fa,1,0,1,1,1,1
case_37946cdc,1,0,1,1,0,1
case_2b745bfb,0,0,1,0,1,0
case_004f9b51,0,1,1,1,1,1
case_7af26f83,1,1,1,1,1,1
case_245e1811,0,1,0,0,1,0
case_ceb2705b,1,1,1,1,1,1
case_679c5b18,1,1,1,0,1,1
case_fdb190e7,0,1,0,0,1,0
case_4665322a,1,1,1,1,1,1
case_b6a800b6,0,0,1,1,1,1
case_ebf354fe,0,1,0,1,1,1
case_5f6eb027,1,0,1,0,1,1
case_6b927a98,0,0,1,1,0,1
case_3c26d841,1,1,1,1,1,1
case_f81c19da,1,1,1,1,1,1
case_d1bbffc8,0,1,1,1,1,0
case_9a275985,0,1,1,1,1,1
case_66320093,0,1,1,1,0,1
case_2b60a3a8,1,0,1,0,1,1
case_dc07424f,1,1,1,1,1,1
case_b5b83e36,0,1,1,1,0,1
case_46b2e8d7,0,0,1,1,1,0
case_d0427ac2,1,1,1,1,0,1
case_80451889,0,0,1,1,1,0
case_f9f52e9e,0,0,1,0,1,1
case_6dcb4075,0,1,1,1,1,1
case_200e0ee9,1,1,1,1,0,1
case_042855f7,0,0,1,0,1,1
case_f81a7627,1,1,1,1,1,1
case_3d171d84,1,1,1,1,1,1
case_fc904a0f,1,0,1,1,0,1
case_c62703ad,1,0,1,1,1,1
case_f945a87a,0,0,0,1,0,1
case_781b728f,1,1,1,1,0,1
case_62cf60c9,1,1,1,0,1,1
case_5805c136,0,1,1,1,0,1
case_dce2cd98,1,1,0,1,1,1
case_625e7ae5,1,1,1,0,1,1
case_140df0c6,1,1,1,1,1,1
case_1f9bbd3a,0,1,1,0,0,0
case_fc1bd18b,1,1,1,0,0,1
case_4f43108d,0,1,0,0,0,1
case_89b2cac7,1,1,1,1,1,1
case_5f5121d7,0,0,1,1,0,1
case_1afc2971,1,0,1,1,1,0
case_3ee469a5,1,1,1,1,1,1
case_0eaf7962,0,1,1,1,1,1
case_346eaa1e,1,1,1,1,1,1
case_a0f0f302,1,1,1,1,1,1
case_87dc69ff,1,1,1,1,1,1
case_1b7a0c1a,0,0,1,1,1,0
case_82ec779d,0,1,0,0,0,0
case_b3b74abe,1,1,1,0,0,1
case_cc5345fa,1,1,1,0,1,1
case_c2c3e945,1,1,1,0,1,1
case_52d3fc60,1,1,1,1,1,1
case_3757f6fb,1,1,1,1,1,1
case_95db001b,1,0,0,1,1,0
case_dc4f9abb,1,1,1,1,1,1
case_8ce35038,1,1,1,1,0,1
case_31e29e89,0,1,1,1,0,1
case_cc965a52,0,0,1,1,0,1
case_4fe9ea0b,1,1,1,1,1,1
case_1c56a176,0,0,1,1,0,1
case_f081dfea,1,1,1,0,1,1
case_8a9a1b24,0,1,1,0,1,1
case_904efca0,1,0,1,1,1,1
case_3b6a924d,0,0,1,1,1,1
case_e36bfe92,0,0,1,1,0,1
case_fba8fc68,0,1,1,1,0,1
case_5056f34d,0,1,1,1,1,1
case_09f04625,0,0,1,1,1,1
case_fe360023,1,0,1,1,0,0
case_9f1ec8d4,0,0,1,1,1,1
case_ff4b01bc,1,1,1,1,1,1
case_ed51f97f,1,1,1,1,1,1
case_7d1f7806,0,0,1,1,1,1
case_d372487c,1,1,1,0,1,0
case_26795a4b,0,1,1,1,1,1
case_a87053e1,1,0,1,1,0,1
case_20c5915e,0,1,1,1,1,1
case_14edbcc6,1,0,1,1,1,0
case_61429c8e,1,0,1,1,1,1
case_4d798c92,0,1,1,1,1,1
case_8f9d9c8c,1,1,1,1,1,1
case_9c166b91,1,1,1,1,0,1
case_5b809b32,1,1,1,1,1,1
case_c9dbd4b0,1,1,1,1,1,1
case_1802f6e9,1,1,0,1,1,0
case_86cf0894,0,1,1,1,1,1
case_a1cd8198,0,0,1,0,0,1
case_0d85268f,0,1,1,1,1,1
case_60078eb2,1,1,1,1,1,1
case_09b35aec,1,0,1,0,0,1
case_cc7a075c,1,1,1,0,0,1
case_663159b8,0,0,1,0,1,1
case_d2f750bb,1,1,1,1,0,1
case_d85edd39,1,1,1,1,1,1
case_092f37d1,1,1,1,1,1,0
case_aac3d48f,1,1,1,1,0,0
case_06ba1c24,0,0,1,1,0,1
case_f1d99a2b,1,0,1,0,0,1
case_852fc740,1,0,1,1,0,1
case_4435029d,0,1,1,1,1,0
case_b46cb549,1,0,1,1,1,1
case_428b64e0,0,0,1,0,0,1
case_17378b50,0,0,1,0,0,0
case_983f992d,1,0,1,1,1,0
case_13d12d06,1,0,1,0,1,0
case_806abcc2,1,0,1,1,0,0
case_b6293d97,1,1,1,1,1,1
case_8f79a6a5,1,0,1,1,1,1
case_f79dac7e,0,0,1,0,0,1
case_4315a4ab,1,1,1,1,1,1
case_69ad23de,1,1,1,0,1,1
case_c5dd82f7,0,1,0,1,1,1
case_bcd2ef3a,0,0,1,1,0,1
case_052ac32b,1,1,1,1,1,1
case_00afb166,0,1,1,1,1,1
case_f3e4bfc8,1,1,1,0,1,1
case_0942109d,0,0,1,1,1,0
case_93fd6f82,0,0,1,0,1,1
case_48d33ee8,1,0,1,0,1,0
case_2c2c211b,0,0,1,0,0,1
case_e2382a07,1,1,1,0,1,1
case_4a466e6b,0,0,1,1,0,0
case_884ce217,1,1,0,1,1,1
case_1231a631,1,0,0,0,1,1
case_0a3250dd,1,1,0,1,1,1
case_30b5aec5,0,1,1,1,1,1
case_e38ae6a3,1,1,1,1,1,1
case_0d136eb2,1,1,1,1,1,1
case_e03eff04,0,1,1,1,1,0
case_30e0ca2b,1,0,0,1,0,1
case_53d64efb,1,1,1,1,1,1
case_6eb99cf5,0,1,1,1,1,0
case_076ec619,0,0,1,0,0,1
case_22af8910,0,0,1,0,0,1
case_26847ef9,0,1,1,0,0,1
case_45723aa6,1,1,1,0,1,1
case_d422a8ea,0,0,1,1,1,0
case_d4b30102,1,1,1,1,1,1
case_3d32eeaf,1,1,1,1,0,1
case_7c99182c,1,1,1,0,1,1
case_8f6724e3,1,0,1,0,1,1
case_68993f7e,0,0,1,0,1,1
case_060136a1,0,1,1,1,1,1
case_9fd95878,1,1,0,1,0,1
case_7ea10286,0,1,0,1,0,0
case_80052b9b,1,1,1,1,1,1
case_0fd6732f,0,0,1,1,1,0
case_62e21702,0,1,0,0,0,0
case_154b903c,1,0,1,1,1,1
case_e82fa602,0,0,1,1,1,1
case_3e6039ed,1,1,1,1,1,1
case_50cb464b,0,1,1,1,1,1
case_c4933514,1,1,1,1,1,0
case_c12d7967,1,1,1,1,1,1
case_4ea079be,1,1,1,0,1,1
case_3f71bccf,0,0,1,1,1,1
case_b4cc6f3f,0,1,0,1,0,1
case_0f4ab5df,0,1,1,1,1,1
case_16c5c429,0,1,1,1,0,1
case_89f4eb1a,1,0,1,0,1,1
case_b8e0fa8f,0,0,0,0,1,1
case_2479761f,0,0,1,0,0,0
case_8cba4fe2,1,1,1,1,1,1
case_7c37fb3a,1,1,1,1,1,1
case_27a61888,0,0,1,1,1,1
case_fd00bc6d,1,1,1,1,1,0
case_18dba1c0,1,0,1,1,1,0
case_9303446b,1,1,0,0,1,1
case_8d91d398,1,1,1,1,1,1
case_e586c80f,0,1,1,1,1,1
case_86739178,1,1,1,1,1,1
case_ad703be9,1,1,1,1,1,1
case_cc3edab7,1,1,1,1,0,0
case_41274410,0,0,1,1,1,0
case_278721f2,0,0,1,1,1,0
case_07033332,1,1,1,1,0,1
case_e9619a7f,1,0,1,1,1,1
case_36419dd4,0,1,1,1,1,0
case_542dee59,1,1,1,1,1,1
case_56cf85f8,1,0,1,0,1,1
case_18d10322,1,1,1,1,1,1
case_0daba9a5,1,1,1,1,1,0
case_dc9a5b1c,1,1,1,1,0,1
case_f5b4ba89,0,0,1,1,0,1
case_5990800f,1,0,1,0,1,1
case_10381afb,1,1,0,1,1,0
case_b0b4fafc,1,1,1,1,0,1
case_5c8700f1,1,0,1,1,1,1
case_8df7863d,1,1,1,1,1,1
case_28abbf72,1,1,1,1,1,1
case_74fd4b39,0,0,1,1,0,1
case_8fca785e,1,1,1,1,0,1
case_7da43b06,1,1,1,1,0,1
case_bf756f37,1,1,1,0,1,1
case_3d711181,1,1,1,1,1,1
case_e0cdb456,1,1,1,1,1,1
case_370e3d90,1,1,1,1,1,1
case_6cde8267,1,0,1,1,1,1
case_9d8ece7e,1,1,1,1,1,1
case_6329ae7a,0,1,1,1,0,0
case_82d56555,1,1,1,1,0,1
case_eab84c22,1,0,1,1,0,0
case_a568eb8a,0,0,1,0,1,1
case_793374cd,1,1,1,1,1,1
case_4bb9d1c6,0,0,1,1,0,1
case_894311a7,0,1,1,1,0,1
case_f653e666,1,1,1,1,1,1
case_17b632f4,1,1,1,1,1,1
case_5548a003,1,1,1,1,1,1
case_de86f2e3,1,1,1,1,1,1
case_64270a85,1,1,1,0,0,1
case_4344a075,1,1,1,1,0,1
case_a17d6732,1,1,1,1,1,1
case_a8b1291e,0,0,1,0,1,0
case_d005e9bb,0,1,1,1,0,1
case_d904d93e,1,0,1,0,1,1
case_fc3f1cb6,1,0,0,0,1,1
case_8eff8903,0,1,1,0,1,1
case_9d42d886,1,0,1,0,1,1
case_a9ebad51,1,1,1,1,1,1
case_f6dbf0e6,1,1,1,0,1,0
case_bb750283,1,1,0,1,1,1
case_3aa14ed8,1,1,1,0,1,1
case_5de59fa8,1,1,1,1,1,1
case_24965b92,1,1,1,1,1,1
case_76cec88c,0,0,1,0,0,0
case_81d4c7ac,1,0,1,1,1,1
case_a6b7819e,1,0,1,1,0,1
case_402e5d67,1,1,1,1,1,1
case_1a44f2ad,1,1,1,1,1,1
case_f459f85b,1,0,1,1,1,1
case_57745ce9,1,0,1,1,1,1
case_39c14249,1,1,1,1,1,0
case_1564df26,1,1,1,1,1,0
case_52a48903,1,1,1,1,1,1
case_aa324c45,0,0,1,0,0,0
case_bb768f02,1,1,1,1,1,1
case_bacca836,1,1,1,0,1,1
case_6cb63088,0,1,1,1,1,1
case_a3374170,1,1,1,1,1,1
case_b6983bd3,0,0,1,1,1,1
case_2e461781,1,1,1,1,1,1
case_d53c3316,1,1,1,0,1,1
case_e4afd610,1,1,1,0,1,1
case_7b8f51ec,1,1,1,1,1,1
case_c8dbb271,0,1,1,1,1,1
case_634726e7,0,1,1,0,0,1
case_b3039558,0,1,1,1,1,1
case_35028459,0,1,1,0,0,0
case_01e2c065,1,0,1,1,1,1
case_047067e2,0,1,1,1,1,0
case_4b24e311,0,1,0,1,0,0
case_b43eb44e,1,1,1,0,1,0
case_9c631753,1,1,0,0,1,0
case_010d8189,1,1,1,1,0,1
case_c0d428b3,1,1,1,1,1,1
case_a04ff2c5,0,1,1,1,1,1
case_cc4bf146,1,1,1,1,1,1
case_22390254,1,0,1,1,1,1
case_6521db1f,0,0,0,0,0,0
case_8feb9da2,1,1,1,1,1,1
case_2d3a537e,1,1,1,1,1,1
case_a1757ccb,1,0,1,1,1,0
case_b7fcb163,1,1,0,1,0,1
case_ddc92d66,0,1,1,0,0,1
case_08654f2b,1,0,1,0,1,1
case_581e8f84,1,0,1,1,1,1
case_936abb45,0,0,1,1,1,1
case_bc5f2cf9,0,1,1,1,1,1
case_69050908,0,0,1,0,1,0
case_a3e504ed,1,1,1,1,1,1
case_1b9e7f87,1,1,1,1,1,0
case_403ec50d,1,1,1,1,1,1
case_9eacd280,1,1,1,0,0,1
case_122227c7,1,1,1,1,1,1
case_e825d1f1,1,1,1,1,1,1
case_880f535a,1,1,1,1,0,1
case_9e0e0ce5,1,1,1,1,1,1
case_fcfa6fcb,0,1,1,0,1,1
case_b9aac9cb,1,1,1,1,0,0
case_af973ff0,0,1,1,0,1,0
case_5e03f81e,1,1,1,1,1,1
case_522821c2,1,0,1,0,1,1
case_7a1e5c9c,1,1,1,0,1,0
case_639464c2,1,1,1,0,0,1
case_c224ea35,1,0,1,0,1,1
case_302b8eeb,1,1,1,1,0,0
case_34a97cce,0,0,1,1,1,1
case_2ebaa62f,0,1,1,1,1,1
case_4930d93c,1,1,1,1,1,1
case_6c1fd872,1,1,1,1,1,1
case_91da324e,0,0,1,0,0,1
case_0e5f5192,0,1,1,1,0,0
case_96031c68,1,1,1,1,1,1
case_e16697bd,1,1,1,1,0,1
case_c858e5c1,1,1,0,0,1,1
case_26d91711,1,0,1,0,1,0
case_586a3e7c,1,0,1,1,1,0
case_bccafa27,0,0,1,1,1,1
case_7e50b4eb,0,1,1,1,0,1
case_2088debf,1,1,1,1,1,1
case_7df36a76,1,0,0,1,1,1
case_dbfe113c,0,1,1,1,0,1
case_e08c28ae,1,1,1,1,1,1
case_7b05e0a3,0,0,1,1,1,1
case_a7825d8f,0,1,1,1,1,1
case_0c99e339,0,1,1,1,1,1
case_12c4a8b2,1,0,1,1,1,0
case_9981f6bb,1,1,1,0,1,1
case_049dc442,0,0,1,0,1,1
case_e4b5aafd,1,0,0,1,0,0
case_b2634ef3,1,1,1,0,1,1
case_8d50889d,1,1,1,1,1,1
case_441b3535,0,0,1,1,0,1
case_eb50fb22,1,1,1,1,1,1
case_2943cbcc,0,0,1,1,1,0
case_7aeed7ec,1,1,1,1,1,0
case_ca69dd34,1,1,1,0,0,1
case_2d7cd579,1,0,1,1,1,1
case_2675e6c9,1,0,1,1,0,1
case_7ba5a8ce,1,1,1,0,0,1
case_87bff1c9,0,1,1,1,0,1
case_80310f98,1,1,1,1,0,1
case_9a5b973c,0,1,1,1,1,1
case_15450539,1,0,1,1,1,1
case_f975c20f,0,0,1,1,0,0
case_242ad8aa,0,0,1,0,0,1
case_989e72e7,1,1,1,1,1,0
case_6d362391,1,0,1,0,1,1
case_d5462ab6,1,1,1,1,1,1
case_704b275b,0,1,1,0,0,1
case_d64c798e,0,0,1,1,1,1
case_4464bf01,0,1,1,1,1,1
case_8f005a63,1,1,1,1,1,0
case_edba33ab,1,1,1,1,1,1
case_1212e25a,1,1,1,1,1,1
case_4028fb83,1,1,1,1,1,1
case_58048c1d,0,1,0,0,0,1
case_6a3c6ce4,1,1,1,1,1,1
case_b7f2b12f,0,0,1,1,0,0
case_d27df559,0,0,1,0,0,0
case_4af53667,1,1,1,1,1,1
case_c5448a04,0,0,1,0,1,1
case_d78c71a8,1,1,1,1,1,1
case_a42be16c,1,1,0,1,0,0
case_8bd2565c,0,1,1,0,1,0
case_522da951,0,1,1,1,0,1
case_0a07655c,1,1,1,1,1,1
case_b5e5f730,1,1,1,1,0,1
case_f54e40a7,1,0,1,1,1,1
case_c458bd08,0,0,1,0,0,1
case_4e1a12ef,1,1,1,0,1,1
case_5da85c19,0,1,0,1,1,1
case_a5255cc3,0,0,1,0,0,1
case_bef8ac4d,1,0,1,1,1,0
case_465301a5,0,0,1,1,1,0
case_4a2ab84f,1,1,0,0,1,1
case_06a61eac,0,1,1,0,1,1
case_124e2deb,1,0,1,1,0,1
case_800c2671,0,1,0,1,1,1
case_81443d20,1,0,1,1,1,1
case_dd5416c9,0,0,1,1,1,1
case_9166ffa1,0,1,1,1,1,0
case_3d203723,1,0,0,0,0,1
case_3eec4b91,0,0,1,0,1,0
case_743a3e3c,1,0,1,1,0,1
case_a979de4b,1,0,1,1,1,1
case_803554c9,1,1,0,0,1,0
case_a1afb31d,1,1,1,1,1,1
case_7876b880,1,1,1,1,1,1
case_9f711d7b,1,1,1,0,1,1
case_b25ac904,1,1,1,1,1,1
case_d4af18bb,0,1,0,0,0,0
case_d6c89397,1,0,1,0,1,1
case_63411e06,1,0,1,0,0,1
case_6b0ba4ee,1,1,1,1,0,1
case_b49ddd4d,0,0,1,0,1,1
case_54810ad5,1,0,1,1,1,0
case_a4824d58,1,1,0,1,1,1
case_94032f1f,0,0,1,0,1,1
case_ce13c27c,0,1,1,1,0,0
case_4877dd41,0,0,0,0,0,0
case_b848df96,1,1,0,0,1,1
case_c7fbe908,1,1,1,1,1,1
case_739fe31e,0,0,1,1,1,1
case_35227451,1,1,1,1,1,1
case_a78c3a07,0,0,1,0,1,0
case_b30363b8,1,1,1,1,1,1
case_f0c9cc6a,0,0,1,1,1,1
case_da9d61fd,0,0,1,1,1,0
case_85eae0a8,0,0,1,0,0,0
case_ac5e0a0f,1,1,1,0,1,1
case_5745a0cb,1,0,1,1,1,1
case_8598be3d,1,0,1,1,0,1
case_9347d34e,0,1,0,0,1,1
case_696a8045,1,1,1,1,1,1
case_85e5d7a7,1,0,1,1,1,1
case_3e636f9d,1,1,1,1,1,1
case_1823de9f,0,1,0,0,0,1
case_e1095578,1,1,1,0,1,1
case_d37327b9,0,0,0,0,0,1
case_d955a100,1,1,1,0,1,1
case_0193e6be,1,0,1,1,1,1
case_1eaadfdb,0,1,0,0,1,0
case_bbc34139,0,1,1,1,0,1
case_0e4edaec,0,1,1,1,0,0
case_f36d01c7,0,1,1,1,0,1
case_d813ceac,1,1,1,0,1,1
case_a1613dd8,1,1,1,1,1,1
case_9c2b3f35,0,0,0,0,0,0
case_5c65acf5,1,0,1,1,0,1
case_2c01c424,0,1,1,1,1,1
case_5b1fcab0,0,0,1,1,0,0
case_6d6b5f7e,0,0,1,0,1,1
case_d84856d1,1,1,1,1,1,1
case_398a7e12,1,0,1,1,1,1
case_c2737041,1,1,1,1,1,1
case_919c8c63,1,1,1,1,1,1
case_b28c01da,1,1,0,0,1,1
case_03aea220,0,1,0,1,1,1
case_68a8e051,1,1,0,0,0,1
case_98a621f4,1,1,1,0,1,1
case_0b77af9c,1,1,1,1,0,1
case_868c34a8,1,1,1,1,1,1
case_908da950,0,0,1,0,1,1
case_d9f8b4fa,0,0,1,1,0,1
case_18432963,0,0,1,0,1,1
case_375e1e33,0,1,1,0,0,1
case_dce2029a,1,1,0,1,1,1
case_9575d151,0,1,0,0,0,0
case_f0fe6126,0,1,0,1,1,1
case_1e5e8e30,1,1,0,1,0,1
case_98bfda75,1,1,1,1,1,1
case_0a31e8b7,1,1,1,1,1,1
case_36931a2b,0,1,1,1,1,1
case_cfbe4ef9,1,0,1,1,0,1
case_f0caab03,0,1,1,0,1,1
case_1b4abbf7,0,1,1,1,1,1
case_1a61103a,1,1,1,1,1,1
case_e1898071,1,1,1,0,1,1
case_c7ec151d,0,0,1,1,1,1
case_4e0ee9d2,1,1,1,1,1,1
case_a55e4720,1,1,1,0,1,1
case_c77eb0f4,0,1,1,1,1,1
case_c2116aca,0,0,0,0,0,1
case_a40b3850,0,0,1,0,1,1
case_14ab2df8,0,1,1,0,1,1
case_3b339ccb,0,1,0,1,1,1
case_114db7e2,1,0,0,0,1,1
case_6ff68fa2,1,1,1,1,1,1
case_326348bf,1,1,1,0,1,1
case_1662750c,0,1,1,1,1,1
case_64d7bce6,0,1,1,0,1,1
case_26240f7e,0,0,1,0,1,1
case_7af366c9,0,1,0,1,1,1
case_ad45eb31,0,1,1,0,0,0
case_c462b2d2,1,0,1,1,0,0
case_06f0b4ee,0,1,0,0,0,0
case_00e71ebd,1,1,1,1,0,1
case_be6e5fd9,1,1,1,1,1,1
case_0d449c72,1,1,1,1,1,1
case_0ffc75ad,0,0,1,0,1,1
case_68a60b3f,1,1,1,1,1,1
case_083a6f35,1,0,1,1,1,1
case_1ca23d15,0,1,1,1,0,1
case_d3c36d45,1,1,1,1,1,1
case_32dd2ffa,0,0,1,0,0,0
case_37f1f297,1,1,1,0,0,1
case_6a163a15,1,1,1,1,1,1
case_a812b5cb,1,1,1,0,1,1
case_9f83a764,1,1,1,1,1,1
case_84f682ac,0,0,1,0,1,0
case_2c7dd912,1,1,1,1,1,0
case_7f6dd833,0,0,1,0,1,0
case_2ec702d0,1,1,1,1,1,1
case_92f62028,1,1,1,1,1,1
case_58bd9ada,1,1,1,1,1,1
case_0150cdc4,1,1,1,1,1,1
case_26b42fb2,1,0,1,0,0,1
case_5f688739,1,1,1,1,1,1
case_1f7c3e7f,0,1,1,0,0,1
case_289ff735,1,1,0,1,1,1
case_33e278e7,1,1,0,1,1,1
case_382907b0,1,1,1,1,1,1
case_3b53eda4,1,0,1,0,1,1
case_ff979127,1,1,1,1,1,1
case_6b950dc4,0,1,1,1,1,1
case_3ed2985b,0,1,1,1,0,0
case_28241872,1,0,1,0,1,0
case_a3b4e424,1,1,1,1,1,1
case_6492d283,0,0,1,1,1,1
case_dcfa6e81,1,1,1,1,1,1
case_86bbf87b,0,0,0,1,1,1
case_6d03a8f8,1,1,1,1,0,1
case_4d08f5b7,1,1,1,1,0,1
case_e980c179,0,0,1,1,1,1
case_3221afae,0,0,1,1,0,1
case_d7122cff,1,1,1,0,1,1
case_60c825fe,1,1,1,1,1,1
case_4cc48c28,0,0,1,0,0,1
case_6d090cb5,1,1,1,1,0,1
case_19946a12,1,1,1,1,1,1
case_f5fa8f11,1,0,1,1,1,1
case_60fcd391,1,0,1,1,1,1
case_f1d05d76,0,1,1,1,1,0
case_1c6197fc,0,0,1,1,1,1
case_2d4df1d7,1,1,1,1,1,1
case_b9e21342,0,1,0,1,0,1
case_d58f739a,0,0,1,1,0,1
case_7aa7c5c4,0,1,1,1,1,1
case_c7813776,1,1,1,1,1,1
case_8966bd8d,1,1,1,1,1,1
case_38e8c45f,1,1,1,1,0,1
case_34d943cc,1,0,1,1,1,1
case_58e388b0,1,1,1,1,1,1
case_4889a06d,0,1,0,1,1,1
case_8faa3b97,1,1,1,0,0,1
case_f9c6a2fc,1,1,0,0,0,1
case_68b400d9,0,0,1,1,1,1
case_d28d878a,1,1,1,1,1,1
case_138b97d3,1,0,1,1,1,1
case_030d8e35,1,0,1,1,0,1
case_7b0b1093,0,0,0,1,1,1
case_23e49f46,0,1,1,1,1,1
case_92f1ca74,1,1,1,1,0,1
case_a5a78f30,1,0,1,1,0,1
case_5221a36b,0,1,1,1,0,0
case_1a0a463f,1,1,1,1,1,1
case_c59cf52e,1,0,1,0,1,0
case_e6e1affe,1,1,1,1,1,1
case_122dbe52,0,1,0,1,0,1
case_a841b564,1,1,1,1,1,1
case_c5904871,0,0,1,1,0,1
case_a269ad6a,0,1,1,1,1,1
case_ce31a3b2,0,0,1,0,0,1
case_7b0d7588,1,0,1,1,1,1
case_2fa025b4,0,1,1,1,1,1
case_383c291b,1,1,0,0,1,1
case_20f5f209,1,1,1,1,1,1
case_ff2e9bbe,1,1,1,1,1,1
case_1e22f8a1,0,0,1,1,1,1
case_17bec96f,0,1,1,0,1,1
case_981d3de8,1,1,1,1,1,1
case_9fff634a,1,1,0,1,0,0
case_391f1d0a,1,1,1,1,1,1
case_d113cf97,0,1,1,1,1,1
case_85ec6a40,1,1,1,1,1,1
case_328a54fb,1,1,0,1,1,1
case_253f5ec4,1,1,1,1,1,1
case_0e6320ed,1,0,1,1,0,1
case_34f38e2c,1,1,1,1,1,1
case_8b154162,0,1,1,1,1,1
case_eae996b5,0,1,1,0,0,1
case_0184a915,1,0,0,1,1,1
case_9853669a,1,1,1,1,1,0
case_c3caea9d,0,1,1,0,1,0
case_c96cb960,0,1,1,1,1,0
case_4c72bc46,1,1,1,1,1,1
case_8d43fe59,1,1,1,1,1,1
case_34b4dd59,1,0,1,1,1,1
case_0d43222a,1,1,1,1,1,1
case_00a4369f,0,1,1,1,1,1
case_c4a92a5a,1,0,1,1,0,1
case_53a20470,0,1,1,1,1,0
case_1a246d11,0,0,1,0,0,1
case_013db962,1,0,1,0,1,1
case_5dd7c696,1,1,1,1,0,0
case_966aa48c,1,0,1,0,0,0
case_46f04efa,0,1,1,1,0,0
case_bb59a9ff,1,1,1,1,1,1
case_5120c33e,0,1,1,1,1,0
case_b56dfe3a,1,1,1,1,1,1
case_3438a076,0,1,1,1,1,1
case_d875dbab,0,0,1,1,0,1
case_7fec4405,1,1,1,0,1,1
case_fa361be5,1,1,1,0,1,1
case_f5989f1a,1,0,1,0,0,1
case_4f04fdd4,1,0,1,1,1,1
case_072afa97,1,0,1,1,1,1
case_935bda03,0,1,1,1,1,1
case_ca2c5d7b,0,1,1,1,1,1
case_0ba4dbb5,1,1,1,0,1,1
case_2ede2919,0,1,1,0,1,1
case_8015d47d,0,1,1,1,1,1
case_1ff1a5a5,1,0,1,1,0,0
case_54cc3010,1,1,1,1,1,1
case_f4fd05a3,1,1,1,0,1,1
case_bdd59b7e,1,1,1,1,1,0
case_d1015049,1,0,1,1,1,1
case_53dd6af6,1,0,1,0,1,1
case_c70a58c0,0,1,1,1,1,0
case_33f7554e,1,0,0,0,0,1
case_3c3daef8,0,0,1,0,0,1
case_f5ce1dac,1,1,1,1,1,1
case_de463731,1,0,1,0,0,0
case_fead3eb5,0,1,1,1,0,1
case_184a6aa5,1,1,1,1,1,1
case_46dc7050,0,0,1,0,0,1
case_a9ded753,0,1,1,1,1,1
case_f31d82ad,1,1,1,1,0,1
case_acf77270,0,1,1,1,1,1
case_960ba5de,0,0,0,0,1,1
case_402f436f,0,1,1,1,0,1
case_096dc0ff,1,0,1,1,1,1
case_f90496e5,1,0,1,1,0,1
case_f7e250c8,1,1,1,1,1,1
case_50629d48,1,0,1,0,1,0
case_7ee32f29,1,1,1,1,1,1
case_76ff3f9b,1,1,1,1,1,0
case_a67fc072,1,0,1,1,1,1
case_ff4e3bdf,0,0,1,0,0,0
case_4431421e,1,1,1,1,1,1
case_dc9c9bee,1,1,1,0,1,1
case_c5de2ea5,1,1,1,1,0,0
case_47e1ea46,0,1,0,1,1,1
case_92768949,0,1,1,1,1,1
case_59f0fa52,1,1,1,1,0,1
case_79114c89,1,1,1,1,1,1
case_a9edce7d,1,1,1,1,1,1
case_a81f135d,1,1,1,0,1,1
case_e70a24d9,1,1,0,0,1,1
case_1fafff24,0,1,1,1,1,1
case_b98c8862,0,0,0,1,0,1
case_017800f4,1,1,1,1,1,1
case_b85cb166,0,0,1,1,1,1
case_50a8fa80,1,0,1,1,1,1
case_a33bb5b3,1,1,1,1,1,1
case_a3ff3862,0,1,1,1,0,1
case_bda643a5,1,0,1,1,1,1
case_f1420765,0,0,0,0,1,1
case_86b04ee0,1,1,1,1,0,1
case_eccd4f2c,1,1,1,1,1,1
case_5b7a95bf,1,1,1,1,1,1
case_a2298d3b,1,1,1,1,0,1
case_d51bcba5,1,1,1,1,1,1
case_0141b47e,1,1,0,0,0,1
case_0d94a3f8,1,1,1,1,1,1
case_dc45c9da,1,1,1,0,1,0
case_c5643bca,1,1,1,1,1,1
case_0ab5dd36,1,1,1,0,1,1
case_3f4eb6ba,0,1,1,0,1,0
case_4bb38672,0,0,1,0,1,1
case_3df2b9ec,1,1,1,1,1,1
case_2e7024b8,1,1,0,1,1,1
case_d186f0f1,1,1,1,1,1,1
case_149e6f8d,1,1,1,1,1,1
case_ac89649d,1,1,0,1,1,1
case_174ec8d4,1,1,1,1,1,0
case_b4b73617,1,1,1,1,1,1
case_433d524c,1,1,1,1,1,1
case_a3009dcc,0,0,1,1,1,0
case_7653bb73,0,1,1,1,1,1
case_dab7f112,0,1,1,0,0,1
case_f2035d11,1,0,1,1,1,1
case_08c89720,1,0,1,0,1,1
case_c08ea40e,1,0,1,1,1,1
case_f562cd28,0,1,1,1,1,0
case_6c7f1dc0,0,0,1,0,1,1
case_76281cdc,1,1,1,0,0,1
case_f8eeb922,0,0,1,0,0,1
case_a3d8fcec,1,1,1,1,1,1
case_dc5761b4,1,0,1,0,1,0
case_39e2c704,1,1,1,1,1,1
case_f4ed8635,0,1,1,0,1,1
case_fa7a2a09,1,0,1,1,1,1
case_f1539f93,0,0,1,1,0,1
case_b1b8cc84,0,0,1,1,1,1
case_63082ceb,1,0,1,1,1,1
case_a262c4db,1,0,1,1,1,0
case_5f9fd136,1,1,1,0,1,1
case_f64314e7,1,1,1,1,1,0
case_2fa58fd2,0,1,1,1,1,1
case_e9fe62c4,1,1,1,1,1,1
case_114e956e,0,1,1,1,0,1
case_a5f90ea3,0,1,1,1,1,0
case_067f98f2,0,1,1,1,1,1
case_a629d615,0,1,1,1,1,1
case_0ef7645b,0,1,1,1,1,1
case_25880c3f,1,1,1,1,0,1
case_c1475aa7,1,1,1,1,1,1
case_0e3d448b,1,1,1,1,1,1
case_130ab606,1,0,1,1,1,0
case_74a9804f,0,1,1,1,1,1
case_9d5e624c,1,1,1,1,1,1
case_388a2d0c,1,1,1,1,1,1
case_87bc3c17,0,0,0,1,0,1
case_662f36d8,0,0,1,0,1,1
case_4a057527,1,0,1,1,1,1
case_6de47e48,0,0,1,0,1,1
case_b7d30058,0,0,1,1,1,1
case_de143689,1,1,1,1,1,1
case_ccbd94cb,0,0,1,1,0,1
case_e32fac13,1,1,1,1,1,1
case_6e1e42db,1,1,1,0,1,1
case_640950a9,1,1,1,1,1,0
case_03ec22ec,0,1,1,0,1,1
case_acb646cb,1,0,1,0,0,1
case_7237805e,0,0,1,0,1,1
case_340d0957,1,0,1,1,0,1
case_0f550216,0,0,1,0,1,1
case_31fdf4f9,1,1,1,1,1,1
case_399ff1cf,1,1,1,1,1,1
case_15162ff6,1,1,1,1,1,1
case_c4fb34a8,0,0,0,0,0,1
case_48ee2105,0,0,1,1,1,0
case_6e6243b7,1,1,1,0,1,1
case_37a0c971,0,0,1,0,1,1
case_f8034b58,1,1,1,1,1,1
case_c14ae6e2,1,1,1,1,1,1
case_36ea55fb,1,1,1,1,1,1
case_916322ce,1,1,0,1,1,1
case_566b701a,1,1,1,1,1,1
case_97c99601,1,1,1,1,1,1
case_e4f79dc3,0,1,1,1,1,1
case_a4d790f3,1,1,1,0,1,1
case_9c83f595,1,0,1,1,1,1
case_56e2ba28,1,0,1,1,1,0
case_c3d56cd3,1,0,1,0,0,0
case_12e733c0,0,1,1,1,1,1
case_5d4f6663,1,1,1,1,1,1
case_92209147,1,0,1,1,0,1
case_b6d9b2ab,1,1,1,1,1,1
case_7d44d785,1,0,1,0,1,1
case_fb7df1e1,0,0,1,1,0,0
case_a2853ffa,0,0,1,1,1,1
case_dc0b5c60,1,1,1,0,1,1
case_23a1fd70,0,1,0,1,0,1
case_80d52ef5,1,1,1,1,0,1
case_667223a9,1,1,1,1,1,1
case_52ee4e11,1,1,1,1,1,1
case_462c1adf,0,1,1,0,1,0
case_7ec05daa,1,0,1,1,1,1
case_13fb6337,0,0,1,0,1,1
case_e34442e8,1,1,1,0,1,1
case_8c6c4bd5,1,1,0,1,1,1
case_2cf53276,0,0,0,0,0,0
case_acc1f26a,1,1,1,1,1,1
case_7ea39e0a,1,0,1,0,1,1
case_f44770b2,0,0,1,1,1,1
case_1effaabf,1,1,1,1,1,1
case_9af0f76a,1,0,0,1,1,0
case_2cfb34d2,1,1,1,1,1,1
case_80aee347,0,1,1,0,1,1
case_a2c9752b,0,0,0,0,0,0
case_06e16367,1,1,0,1,1,1
case_b98e13b8,1,0,1,1,1,1
case_051928c3,0,1,1,1,1,1
case_3ae52e1d,1,0,1,1,1,1
case_51924ca6,1,1,1,1,1,1
case_d1085e19,0,1,1,1,1,1
case_af852cc7,0,0,0,0,1,1
case_e305e225,1,0,1,1,1,1
case_6384b269,1,1,1,1,1,0
case_af22ede0,1,0,1,1,1,1
case_7f08e59f,1,1,1,1,1,1
case_87b4c5a0,0,0,0,1,0,0
case_8d92266e,0,1,1,0,1,1
case_da36b169,1,1,0,0,0,1
case_3413c6ac,1,1,1,1,0,1
case_3b65cdd7,0,1,1,0,1,1
case_234e47c9,1,1,1,1,1,1
case_16ebd1ea,1,1,1,1,1,1
case_bbab2354,0,1,0,1,0,0
case_9eae9b95,1,1,1,1,1,1
case_3e90810f,0,1,1,1,1,1
case_fdf94c09,1,1,1,1,1,1
case_c7398c91,1,0,1,0,1,0
case_cafe505a,0,0,1,1,1,1
case_d9a35a5b,0,1,1,0,0,1
case_f521ea4b,0,1,1,1,1,1
case_ee3499cc,1,1,0,1,1,0
case_6e5e6319,1,1,1,1,1,0
case_d8d787e8,0,0,1,1,1,1
case_d642ea1e,0,1,1,0,1,1
case_ca9f49cc,1,1,1,1,1,1
case_5ef39da2,0,1,1,1,0,1
case_7b5b1117,0,1,1,1,1,1
case_279bfc73,1,1,1,1,1,1
case_de899ae5,1,1,1,1,1,1
case_b4f8f861,0,0,1,0,0,1
case_89d504a8,1,0,1,1,0,1
case_6366bb50,0,0,1,1,1,0
case_fe6be205,1,1,1,0,1,1
case_c88bf359,0,1,1,1,1,1
case_dfc04d1f,0,1,1,1,0,1
case_24629772,1,1,1,0,1,1
case_f4ff0010,1,1,1,1,1,0
case_8b7d5f01,1,1,1,1,1,1
case_387676fd,1,1,1,1,1,1
case_ef869798,0,1,1,1,1,0
case_180023a2,1,1,1,1,1,1
case_c4405c11,0,1,1,1,0,1
case_0d0acfd2,0,1,1,0,0,1
case_8f4edb2e,1,1,1,1,1,1
case_85759523,1,1,1,1,1,1
case_814aa893,0,0,1,1,1,1
case_05117a1d,1,1,1,1,0,1
case_7dfc9966,0,1,1,1,0,1
case_06b980d3,1,1,1,1,1,1
case_7e2434b0,1,1,1,1,1,0
case_d9c7f5df,1,1,1,1,0,1
case_3df78f41,1,1,1,0,1,1
case_fedd3e7c,1,1,1,0,1,1
case_c24c560a,1,1,0,1,1,1
case_80abe940,1,1,1,0,1,1
case_9f0f7008,0,0,1,0,0,1
case_d7d0ea5d,1,1,1,1,1,1
case_f1c86cb1,0,0,1,1,1,1
case_66ae5aec,0,1,1,1,0,1
case_da30e325,1,1,1,1,1,1
case_3b22c784,0,1,0,0,1,0
case_06878be9,1,1,1,1,1,1
case_fc39ca33,0,0,1,1,1,0
case_c9d54078,1,1,1,1,1,1
case_0e441812,1,0,0,0,1,0
case_98a53b6e,1,1,1,1,1,1
case_d5a2b48e,1,0,0,1,1,1
case_4597dd02,1,1,1,1,1,1
case_81de8635,1,0,1,1,1,0
case_81497b19,1,0,1,0,1,1
case_9ae8b2e8,1,1,1,1,1,1
case_ff9f7e6e,1,1,1,1,1,1
case_8a6af022,1,1,1,1,1,1
case_21f0eeb4,0,0,0,1,0,1
case_5da9282e,1,0,1,1,0,0
case_a7a429d9,1,0,1,1,1,1
case_6503d4f6,1,1,1,1,1,1
case_5826f63f,1,0,1,1,0,1
case_4e1079ee,1,0,1,1,1,0
case_232e24c7,0,1,1,1,1,0
case_29b4d630,0,1,1,1,1,1
case_8c776739,0,1,1,1,1,1
case_4203f983,1,1,1,1,1,1
case_242a200b,1,0,1,1,1,1
case_1771f3f2,1,1,1,1,1,1
case_549b457d,0,1,1,1,1,0
case_1f026cb1,1,0,1,1,1,1
case_0971c85d,0,1,1,1,1,1
case_87d4cb48,0,1,1,1,1,0
case_4ec02116,1,0,0,1,0,1
case_683bc833,1,1,1,1,1,1
case_606e29bd,1,0,1,0,1,1
case_a1902917,1,1,0,1,1,0
case_1b455a10,1,0,1,1,1,1
case_e41cf586,1,1,1,1,1,1
case_19f8ca48,1,1,1,0,1,1
case_aa382d22,1,1,1,1,0,1
case_c4abfced,1,0,1,1,1,1
case_1c25d502,1,1,1,1,1,0
case_a927f59c,1,1,1,1,1,1
case_94bef893,0,1,1,1,1,1
case_3c67f439,0,1,1,1,1,1
case_2ae2ddd5,0,1,1,0,1,0
case_8ac2474c,1,1,1,1,0,1
case_080ddeac,0,1,1,1,0,0
case_f5ccba2e,1,1,1,1,1,1
case_690c1260,1,1,1,1,1,1
case_12f2eb3e,1,1,0,1,1,1
case_e048b2ac,1,1,1,1,1,0
case_eadb2128,0,1,1,0,0,1
case_0b141c51,1,1,1,1,1,1
case_785c1595,0,0,0,1,1,1
case_cf629e58,1,1,0,1,1,1
case_87ac54c9,0,0,1,1,1,0
case_8670fa28,1,1,1,1,1,1
case_17c268c0,0,0,1,0,1,1
case_6aab6af4,0,0,1,1,1,1
case_c63e1425,0,1,1,0,1,1
case_5fabbbe3,0,0,1,0,0,0
case_f8e4c459,1,1,1,1,1,1
case_4871d949,0,1,1,1,1,0
case_52b2be90,0,0,0,0,1,0
case_9dbed8ac,1,0,1,1,1,1
case_2bc429a9,0,1,1,1,0,1
case_213f9afb,0,0,1,0,1,0
case_21fe170a,1,0,1,1,0,1
case_18040a62,1,1,1,1,1,1
case_abad83ad,1,1,1,1,1,1
case_5c0fca27,0,0,1,1,1,1
case_bed02caf,0,1,1,1,1,1
case_af1b1f00,1,1,1,0,1,1
case_c0348f3a,0,0,1,1,0,1
case_6fa34b8e,0,0,1,1,0,1
case_08ccc283,1,0,0,1,1,1
case_8d04aedd,1,1,1,0,1,0
case_54542ff3,1,0,1,1,1,1
case_02d7a25f,0,1,0,1,1,1
case_43b93c15,1,1,1,1,0,1
case_01d2ed83,1,1,1,0,1,1
case_aec0b4b0,0,1,1,0,1,1
case_5e431fa4,1,0,1,1,1,1
case_2f014804,1,0,1,1,1,1
case_8c7a408f,1,1,1,0,1,1
case_2d9812b4,1,1,1,1,1,0
case_b6e029db,1,1,1,1,1,1
case_ba27977c,1,1,1,1,0,0
case_b53c4894,0,0,1,0,1,0
case_5f23b69f,0,0,1,1,0,1
case_ae19fdb7,0,1,0,0,0,1
case_9bb517a2,1,1,1,1,0,0
case_f5d038c2,0,1,1,1,1,0
case_15d01f5b,1,1,1,1,1,1
case_8320bb01,1,1,1,1,0,1
case_b56ba42c,1,1,1,1,1,1
case_dd9f63d2,0,1,1,1,1,1
case_4cecae20,1,0,0,1,1,0
case_ff40ccdb,0,0,1,0,1,1
case_882ef401,1,1,0,1,0,0
case_444d219f,1,0,1,1,0,0
case_149a0669,0,0,1,1,1,1
case_730686f4,0,1,1,1,1,0
case_9e3a3e31,1,1,1,1,1,1
case_fef582ab,1,0,1,1,0,1
case_1ea83567,0,1,1,0,1,0
case_b418f268,1,0,1,1,1,0
case_d5dfb283,1,1,1,0,1,0
case_dee26274,1,1,1,1,0,1
case_d529366c,0,1,1,0,0,0
case_1ff897a2,0,1,1,1,1,1
case_13548faf,1,1,1,1,1,1
case_eed2db20,1,1,1,1,1,1
case_e9b2e6de,0,1,1,1,1,1
case_1402cb1a,1,1,1,0,1,1
case_6b042bb4,0,0,1,1,1,1
case_90cab674,1,0,1,1,1,1
case_b640d3b5,1,1,1,0,0,0
case_d7c376ed,0,1,0,0,1,1
case_c081a701,1,0,1,1,1,1
case_a3d7e93a,1,1,0,1,1,1
case_d70b5b89,0,1,1,0,0,0
case_863dc43b,1,1,1,0,1,1
case_4cb61673,1,0,1,0,0,1
case_db38309b,0,1,1,0,1,1
case_6c14a37f,0,1,1,1,1,1
case_ba90436f,0,1,0,1,1,1
case_0203a54c,1,1,1,1,1,1
case_3a3ece55,0,1,1,1,1,0
case_830d3003,0,1,1,0,0,1
case_f727ded8,1,1,1,1,1,1
case_bc6d48f6,1,1,1,0,1,1
case_3f4228d9,1,1,1,1,1,1
case_1502edf1,1,1,1,1,0,1
case_b389dc59,1,1,1,1,1,1
case_47f02367,1,1,1,1,0,1
case_13749634,0,1,1,0,1,1
case_986f7f81,1,0,1,1,1,1
case_9791a70f,0,0,1,1,1,1
case_52e5938f,1,0,1,1,1,1
case_25926023,1,0,0,0,0,1
case_8e65c23a,1,1,1,1,0,1
case_95bb46e6,0,1,1,0,0,1
case_f02eb54b,1,1,1,1,1,1
case_82289e44,0,0,0,1,0,1
case_644ac3a1,0,1,1,1,1,1
case_923b30d3,1,1,1,0,1,1
case_6affe6b9,0,1,0,1,0,0
case_9f66db1f,0,0,1,0,1,0
case_9ef9a434,1,0,1,1,1,1
case_43f474e3,0,0,1,1,0,0
case_5c9397ba,0,0,1,1,1,1
case_28bdf3d8,1,1,1,1,0,0
case_124e9e2f,0,1,1,1,0,0
case_f03ea34f,0,1,1,1,1,1
case_9a05e695,0,1,1,1,0,1
case_844673b0,1,1,1,1,1,1
case_dfcc0f28,0,1,0,1,0,0
case_c0fadd77,0,1,0,0,0,1
case_4c177532,0,1,1,1,1,1
case_2573ba24,0,0,1,0,1,1
case_acc6734d,0,1,0,1,1,1
case_418791ba,1,1,0,0,0,1
case_38d1e789,0,0,1,0,1,1
case_4590b22a,0,0,1,1,0,0
case_1bdca4da,1,0,1,0,1,1
case_f4796ff9,0,1,0,1,0,1
case_4b5ab516,0,0,1,1,1,1
case_1fa2168f,1,1,0,1,1,1
case_81f5e2b0,0,1,0,0,1,0
case_81cffee3,0,0,1,1,1,1
case_d8f58226,0,0,1,0,0,1
case_5f786dc5,1,0,1,0,1,1
case_92861023,0,0,0,0,0,0
case_2afa1762,1,1,1,1,1,0
case_b9f705e2,0,1,1,1,1,1
case_be9e92d0,1,1,0,0,0,1
case_c03d7647,1,0,1,1,1,1
case_3b99688a,0,1,1,0,1,1
case_b67f71d4,1,0,0,0,1,1
case_8cb9fa32,1,1,1,1,1,1
case_212b6bc9,1,1,1,1,1,1
case_bc2b9c26,0,0,1,1,1,1
case_7c6c944f,1,0,1,0,1,1
case_f031d3fe,1,1,1,1,1,1
case_73840081,1,1,1,1,1,1
case_1f6372ba,1,1,1,1,1,1
case_13842c95,1,1,1,1,0,1
case_93c42b0a,0,0,0,1,1,1
case_3473e4d4,1,0,1,0,0,1
case_57e57c26,0,1,1,1,1,1
case_06ffb0b5,1,0,0,1,0,1
case_c0cd0ef8,0,0,1,1,0,0
case_883b3952,0,1,1,0,1,1
case_b9b9ee04,1,1,0,1,1,1
case_e8b45e51,1,0,1,0,1,1
case_32a86f40,1,0,1,1,1,0
case_d103f5a6,1,1,1,1,1,0
case_d67d5a2a,0,0,1,0,0,1
case_8d7c1d54,0,1,1,1,1,1
case_f863bf75,0,1,0,1,1,1
case_02141187,1,0,1,1,1,1
case_b3ea082d,1,1,1,1,1,1
case_5f90775d,1,1,1,1,1,1
case_e7587b18,1,0,1,1,1,1
case_cb929744,1,0,1,1,1,1
case_638c3437,1,1,1,1,1,1
case_56a1dda9,0,1,1,1,1,1
case_1e74f199,0,1,0,1,1,1
case_73a9740e,0,0,0,0,0,1
case_b838b4b8,1,0,1,1,1,1
case_d269691d,1,1,1,1,1,1
case_a50b5ca9,0,1,0,0,1,1
case_381de076,1,1,1,0,0,0
case_a37ebef1,1,1,1,1,0,1
case_793b309a,1,0,1,0,0,1
case_b66d686f,1,0,1,1,1,1
case_7e96a591,1,0,1,1,0,1
case_9d4c4361,1,1,1,1,1,1
case_a2149b72,1,0,1,0,0,1
case_2cc6e52c,1,1,0,1,1,1
case_ac581d46,0,1,1,0,1,0
case_b23376ff,0,1,1,1,1,1
case_5e6f97b0,1,1,1,1,0,1
case_b1e1201b,1,1,1,1,1,1
case_930ec761,1,0,1,1,1,1
case_8c143e42,1,1,1,1,1,1
case_27721690,1,1,1,1,1,1
case_dd314f8d,0,0,1,0,0,1
case_d8282ac9,1,1,1,1,1,1
case_668a3e17,1,1,1,1,1,1
case_71a3768e,0,1,1,1,1,1
case_1505fea4,1,1,1,0,1,0
case_ec003d3a,1,1,1,1,0,1
case_9a795693,1,1,1,0,1,0
case_2e4b1065,0,1,1,0,0,0
case_58ec1f70,1,0,1,0,1,1
case_ab9fde36,1,1,1,1,1,0
case_3ffd17a8,1,0,1,1,1,1
case_a357a9fe,0,1,0,0,1,1
case_ddcf217d,1,1,0,1,1,1
case_79aa54ac,1,1,1,1,1,1
case_72956867,1,0,1,1,1,1
case_a59371be,0,0,1,1,0,1
case_079ad0b8,1,0,1,1,1,1
case_520ddef3,1,0,1,1,1,1
case_96a88b3d,1,1,1,1,0,0
case_04347fe6,1,1,1,0,1,1
case_68e211a7,1,1,1,0,1,0
case_644382a9,1,0,0,1,1,0
case_08ec7b5f,1,1,1,1,1,1
case_c3a6b078,0,1,1,1,1,1
case_71c41725,0,1,1,1,1,1
case_2e570dc6,0,1,0,1,1,1
case_ebb79b9b,1,1,1,1,1,1
case_a2688e63,1,0,1,1,1,0
case_6a9c9577,1,1,1,1,1,0
case_94a46c1d,0,1,0,0,0,1
case_54875ea6,1,1,1,1,1,1
case_86691d28,0,1,1,0,1,1
case_a732ce37,1,1,1,1,1,1
case_fdaebacb,1,1,1,1,0,0
case_21a92b33,1,1,1,1,1,1
case_b5371a0c,1,1,1,1,1,1
case_15f58410,1,1,1,1,1,1
case_2850cd86,1,1,1,1,1,1
case_c966fdc3,1,1,1,1,1,1
case_5f2e9fec,0,1,1,1,1,0
case_954b5e4a,1,1,1,1,0,1
case_fd717447,1,1,1,0,1,1
case_47199a6d,0,0,0,0,1,0
case_50749f1e,0,1,1,1,1,1
case_b6d8a92f,0,1,1,0,1,1
case_65dcdde3,1,1,1,1,1,1
case_2dea6764,1,1,1,1,0,1
case_de637012,1,0,1,1,0,1
case_54f20e36,1,1,1,1,1,1
case_69987e3b,0,0,1,1,0,1
case_85568b6b,1,0,1,0,1,0
case_4d04039a,1,0,1,1,1,1
case_6eec247f,1,0,1,1,1,1
case_317940c4,1,1,1,0,1,1
case_885c5788,1,1,1,0,1,1
case_de2cbd84,1,1,1,1,1,1
case_106d611a,1,0,1,1,0,0
case_f5c3d1c4,1,0,0,1,0,0
case_f0f8f70e,0,0,1,1,1,1
case_27fea058,1,0,1,1,1,1
case_eaf5599a,1,0,1,1,1,0
case_0c520aab,1,1,1,1,0,0
case_a116c1d7,1,1,0,1,0,1
case_c66c3d82,1,0,0,0,0,1
case_e182cf7a,1,1,1,1,0,1
case_33655ab7,1,1,1,1,1,1
case_1c82502c,0,0,1,1,0,1
case_739fb9fc,1,1,1,1,1,1
case_a690f3cc,1,0,0,0,0,1
case_33afe542,1,1,1,1,1,1
case_e8a17df3,0,1,1,1,1,1
case_2db30a45,0,0,1,0,0,0
case_976ddfe5,1,1,1,0,0,1
case_f6e32970,1,1,1,1,1,1
case_f5176f9c,1,1,1,1,1,1
case_b7c48bf9,1,1,1,1,1,1
case_fc49492d,0,1,1,1,1,1
case_5aecc39a,0,1,1,1,1,0
case_77c62de7,0,1,1,0,1,1
case_10d6f0ec,0,1,1,0,0,1
case_2ff428e9,0,1,1,1,1,1
case_b469e076,1,0,1,0,1,1
case_69028633,1,0,1,1,1,0
case_882ad23c,1,1,1,1,1,1
case_0b13d53e,0,0,1,0,1,0
case_e5a06ead,1,1,1,1,1,0
case_db0129e5,0,1,1,0,1,1
case_64036a3a,0,1,1,1,1,1
case_8d5f22ab,1,1,1,1,0,1
case_a93c2414,0,0,1,1,0,1
case_dd64379e,1,1,1,1,0,1
case_4a1c8bb5,0,0,1,1,0,0
case_94f31064,1,1,1,1,1,1
case_f351ecaf,0,0,1,0,0,1
case_521b6c04,0,1,0,1,0,1
case_d1a134b4,0,0,1,0,0,0
case_b20ec011,1,1,1,1,1,1
case_4fa2ecc3,0,1,1,1,1,1
case_8bbeeaff,0,1,1,0,0,0
case_1eb9dc00,1,1,0,1,1,1
case_3ea86092,1,1,1,1,0,1
case_6fcc274d,0,1,1,1,1,1
case_f6896445,1,1,1,1,0,1
case_54d70ef1,0,1,0,0,1,1
case_6ea9759f,1,1,0,1,1,1
case_94bd9cf3,0,1,1,1,1,1
case_ebd889d3,0,1,1,0,1,1
case_ade0ad51,0,0,1,0,1,0
case_c0b454e7,0,1,1,0,1,1
case_4a87d17c,0,1,1,1,0,1
case_61123bc2,1,1,1,1,0,1
case_83fae2d7,1,0,0,0,1,1
case_8be7e995,1,1,1,0,1,1
case_1439bcc3,1,1,1,0,1,1
case_1073b5ba,1,1,1,1,1,1
case_b1553f14,1,0,1,1,1,0
case_953f76cd,1,1,1,1,1,1
case_f9fd8a21,1,1,1,1,1,0
case_164ec90a,1,1,1,1,0,0
case_353cdbf7,1,1,1,1,1,1
case_9602dd39,1,1,1,1,1,1
case_34d0f542,0,0,1,1,1,0
case_ed0facb6,0,1,1,0,1,0
case_628f09d5,0,0,1,1,1,1
case_9cd670af,0,1,1,1,1,1
case_15d6c032,0,0,1,0,1,1
case_30f97c7a,1,0,1,1,0,1
case_ad4bc866,0,0,1,0,0,1
case_cb1871fb,0,1,1,0,0,0
case_01b342da,1,0,1,1,1,1
case_5dc826ec,1,1,1,1,1,1
case_967ae467,0,1,1,1,1,0
case_bb116dc6,0,0,1,1,1,1
case_fa1c0039,1,0,0,1,0,0
case_c3504c8d,0,0,1,1,0,0
case_5a5b51b8,0,0,1,0,1,1
case_044850e5,0,0,1,0,0,1
case_c9674014,1,0,1,0,1,1
case_85f63c16,1,1,1,1,1,1
case_7c56918d,0,1,1,1,1,1
case_08b88a28,0,1,1,0,0,1
case_fcced655,0,1,1,1,1,1
case_b107cb97,0,0,1,1,1,1
case_bb6565d4,0,0,1,1,0,0
case_b85986e9,0,1,1,1,1,1
case_d2801189,1,1,1,1,1,1
case_96f48a07,1,1,1,1,0,1
case_73086c9a,1,1,1,1,1,1
case_884de2e2,0,0,1,0,1,1
case_f9d70e17,0,1,1,1,1,1
case_b0a39cdf,0,1,1,1,1,1
case_c59f955d,1,1,1,1,1,1
case_82afaec4,1,0,1,1,1,1
case_3c113a2d,1,0,1,0,0,0
case_1c40e6f8,1,0,1,1,1,1
case_21a19461,0,0,0,1,1,1
case_c05911d0,0,0,1,1,1,1
case_381de320,1,0,1,1,1,0
case_cd13dda8,0,0,1,0,1,1
case_4cd86732,1,1,1,0,0,1
case_63220c8b,1,1,1,1,1,1
case_0796c5d7,0,0,1,0,0,0
case_e6059881,1,1,1,1,1,1
case_3a8eca22,1,0,1,1,0,1
case_70a5cda4,1,1,1,1,1,1
case_f7c7820d,1,1,1,1,1,1
case_563285af,0,0,1,0,0,1
case_626aad67,1,0,1,1,1,1
case_e59892db,0,0,0,1,0,1
case_40a77fff,1,0,1,1,1,1
case_72999963,1,1,1,1,1,1
case_dfaff7dd,1,1,1,1,1,1
case_929f5e53,0,1,0,0,1,0
case_00434b06,0,0,1,0,1,1
case_7fb2b2f9,1,1,1,1,1,1
case_d6b44895,1,1,1,0,0,1
case_bedca17b,1,1,1,0,1,1
case_7d3df2a4,1,0,1,0,0,0
case_0366fd9d,0,0,1,1,1,1
case_246864c3,1,0,1,1,0,0
case_79185e96,0,0,1,1,0,1
case_ae22e157,1,1,1,1,1,1
case_74d511b2,1,1,1,0,1,1
case_7bc8e143,0,0,1,0,1,1
case_e1e60bf4,0,1,1,1,1,0
case_5904164f,1,1,1,0,1,1
case_88837de8,0,0,1,0,0,1
case_600d69ba,0,0,0,1,0,1
case_4b14e125,0,0,1,1,1,1
case_0317c52d,0,1,1,1,1,1
case_99d71bad,1,1,1,1,1,1
case_583a14d1,0,0,0,1,1,0
case_0a558251,1,1,1,1,0,1
case_4bda8310,1,1,1,1,1,1
case_b99c3060,1,0,1,1,0,1
case_010243e2,1,0,1,1,1,1
case_7021d7fc,1,0,1,1,1,1
case_ddc4b887,0,0,1,0,1,1
case_100beab0,1,0,1,1,0,1
case_157f4082,0,0,1,0,1,1
case_c5c6866f,0,0,1,1,1,1
case_4f3d65f7,0,0,1,1,1,0
case_f5d91ea0,1,1,1,1,0,1
case_386d10ff,1,1,1,0,1,1
case_3aa65bab,0,0,1,0,1,1
case_929a4171,1,0,0,0,1,1
case_8ca74547,1,0,1,1,1,1
case_ab91cff4,0,1,0,0,1,0
case_3468bc5f,1,1,1,0,1,1
case_b49e5de8,0,0,1,0,0,0
case_5f2a0597,1,1,1,0,0,1
case_089e38ed,0,0,1,1,0,1
case_4ccd5511,1,0,1,1,1,0
case_d95c5107,0,0,1,1,1,1
case_17002921,0,0,1,1,1,1
case_14eaa512,0,0,1,1,1,1
case_1e7ff868,0,1,1,0,1,0
case_7a2b8a17,0,1,1,1,1,1
case_43fa1ebb,0,1,1,1,1,1
case_5eb75fdf,0,1,1,1,1,1
case_c0e8b887,1,1,1,1,1,0
case_1ebff4f5,0,0,1,1,1,0
case_af1b2397,1,1,1,1,1,1
case_4f7a0034,1,1,1,1,1,0
case_6a866e71,0,0,1,1,1,1
case_2b7de720,0,0,0,1,1,1
case_bcef717e,1,1,1,1,1,0
case_9e1749d0,1,1,1,1,1,0
case_72a574b7,1,1,1,1,1,0
case_067bf33e,1,1,0,0,1,1
case_cadd76a6,1,0,1,0,1,1
case_c0ef8ea9,1,0,1,0,0,1
case_25ed2649,1,1,1,1,1,1
case_d90ab867,1,1,1,0,1,1
case_eb6773f7,0,0,1,1,1,1
case_6f668a80,1,1,1,1,1,1
case_65cd7d69,1,0,0,0,1,1
case_c1d1e2cb,0,0,1,1,1,1
case_ebd2e18a,0,1,1,1,0,1
case_2d2c3ed2,0,0,1,1,0,1
case_646961b0,1,1,1,1,1,0
case_223e1282,0,0,0,1,0,1
case_1b7eb0d4,1,1,1,1,1,0
case_a50c24d0,0,0,1,0,1,1
case_5a88c7db,0,1,0,1,0,1
case_0e680d01,0,1,0,1,1,0
case_b666783d,0,0,1,0,0,1
case_d72077ca,1,0,1,1,1,1
case_f2955dfb,1,0,1,1,1,1
case_ebd8f824,0,0,1,0,0,0
case_d806188d,1,1,1,0,1,1
case_c81aac76,1,0,1,0,1,1
case_03c4c070,1,1,1,1,0,1
case_d1c3634a,1,1,0,1,1,1
case_d4e106a9,1,1,1,1,1,1
case_9fdc0960,1,1,1,1,0,1
case_4bd965eb,1,0,1,0,0,1
case_e064f2f9,1,1,1,1,1,1
case_9daa058a,0,1,1,1,1,1
case_cd6fd494,1,1,0,1,1,1
case_64665ebf,0,0,1,1,1,1
case_982f8cce,1,0,1,1,1,1
case_d53ac5b4,1,0,1,1,1,1
case_64a3d5a3,0,1,0,1,0,1
case_ba0ac4e9,0,0,1,0,1,0
case_50009ee9,0,1,0,1,1,1
case_f06007d9,0,1,1,1,1,1
case_ff1ff243,1,0,1,1,1,1
case_3067e5bf,0,1,1,1,1,1
case_bb77b7da,0,1,1,1,0,1
case_ebcb0a8d,1,1,0,1,0,1
case_82e46bd8,0,0,0,0,0,0
case_fa9634f6,0,0,1,1,1,1
case_0c60a26e,1,0,1,1,1,0
case_2ea0c205,1,1,1,1,1,1
case_89819423,1,1,1,1,1,1
case_68d468b0,1,0,1,1,1,1
case_837244d6,1,1,0,1,0,1
case_bfbb1768,1,1,1,1,1,1
case_50f488e9,0,1,1,1,0,1
case_6b870d75,0,1,1,1,1,1
case_3cb326d7,1,1,1,1,1,1
case_99203416,1,1,1,1,1,1
case_d3c13cce,0,1,1,1,1,1
case_9434e118,1,0,1,1,1,1
case_af1b3aa7,0,1,1,1,0,1
case_d27666be,1,0,0,0,1,1
case_32a71f26,1,1,1,1,1,0
case_feb83df2,0,1,1,1,1,1
case_7f182a96,0,0,1,1,0,1
case_a73ecfb1,0,0,1,1,1,1
case_3e743cdc,1,1,1,1,0,1
case_5ae9106e,0,1,1,1,0,1
case_9d355c3d,1,1,0,0,1,1
case_52373ada,1,0,1,1,0,1
case_07d25647,0,1,1,1,1,1
case_e7ac8c15,1,0,0,1,1,1
case_09d087de,1,1,1,1,0,1
case_da27565e,0,1,0,1,1,1
case_a5715811,0,1,1,1,1,1
case_5237d598,0,1,1,0,1,0
case_6092aae8,1,1,1,1,1,1
case_8f5b9991,1,1,1,0,1,1
case_7f42b1dd,1,0,1,1,1,0
case_16e69e52,1,0,1,1,1,1
case_7064ef54,1,1,1,1,1,1
case_fac6cd26,1,0,1,0,1,0
case_7d5e1676,0,1,1,0,1,1
case_0ea0d0a6,0,1,0,1,0,0
case_89e21639,1,1,1,0,1,1
case_e30e9936,1,1,1,1,0,1
case_0b2bdac8,0,1,1,0,0,0
case_ba870064,0,1,1,1,1,1
case_5bba3ee5,0,0,1,0,1,1
case_23a5abaf,1,1,1,1,1,1
case_811a2434,1,1,1,1,1,1
case_016510bb,1,1,1,1,0,1
case_51e24b0a,1,0,0,0,1,1
case_15731087,1,1,1,0,0,1
case_b1f07c3a,1,1,1,1,1,0
case_e7ee9fc4,0,0,1,0,0,0
case_2951e1c6,0,1,1,0,0,1
case_ce68a20a,1,0,1,1,1,1
case_db84f603,0,1,1,1,0,1
case_e1d512ff,0,0,1,0,0,0
case_e15cfe1d,0,0,1,0,1,1
case_b04bb4df,0,0,1,1,0,0
case_b2a04946,1,0,1,1,1,1
case_963c71fc,1,1,1,1,1,1
case_20fbf182,1,1,1,1,1,1
case_178fbaf6,1,0,1,1,1,0
case_cad39f95,0,1,1,1,1,1
case_441f1a79,0,0,1,1,1,1
case_391a195b,1,1,1,1,1,1
case_108b1b95,0,1,1,1,1,1
case_9575688c,0,0,1,1,1,1
case_452d6720,1,1,1,1,0,0
case_a6066d83,0,0,1,0,1,1
case_11717ad3,1,0,1,0,1,1
case_220d13b4,1,0,1,1,1,0
case_db68faf4,1,1,1,1,0,1
case_1ecf9303,0,0,1,1,0,0
case_b8e30d24,1,1,1,0,1,1
case_8cd92ebb,1,1,1,1,1,1
case_4eb4be14,1,0,1,1,0,1
case_fc81a0bb,0,0,0,1,0,1
case_f750494c,0,0,1,0,1,0
case_47aef5f3,0,0,0,1,1,1
case_9456c350,0,0,1,1,1,1
case_7dedc82b,0,0,0,1,0,1
case_5844d802,1,0,1,0,0,1
case_6d1c2172,0,0,1,0,1,0
case_ac41522d,0,1,1,0,1,1
case_adb62580,1,1,1,1,0,1
case_30efa0c9,0,0,1,0,0,1
case_837c2c4c,0,0,1,1,0,1
case_dc736089,1,1,1,1,1,1
case_452cb8f1,1,1,1,1,1,1
case_7d646167,1,1,1,1,0,1
case_9d2c8786,1,1,0,1,1,1
case_dd75c2a9,0,1,1,0,1,1
case_a5394a21,1,0,1,1,0,1
case_045e52ac,1,0,1,0,1,1
case_d7dfeb9e,1,1,1,1,1,1
case_86061693,1,1,1,1,1,1
case_b064aedb,1,1,1,1,1,1
case_1988a427,1,1,1,1,1,0
case_e3ffbcd9,0,1,0,1,1,1
case_ee6d411c,1,1,1,1,0,1
case_037be04e,0,1,1,0,1,1
case_54f0cf13,0,1,1,1,1,1
case_68dbfe85,1,1,0,1,1,0
case_dbe7d0ba,0,1,1,0,0,0
case_4b8837d3,0,1,1,0,1,1
case_f6670ad8,0,0,0,0,1,1
case_11b84f5f,1,1,1,1,1,1
case_de2ff253,0,0,0,1,0,0
case_ea097093,0,0,0,0,1,1
case_6b26d4a0,1,0,1,0,1,1
case_6e218e94,1,1,1,1,1,1
case_b59e4d33,1,0,1,1,1,1
case_5dc44f50,0,0,0,1,0,1
case_18ca23fe,1,1,0,1,1,1
case_a40893d3,1,1,1,0,1,1
case_a3f3065c,0,0,1,0,1,1
case_7f3fd989,1,1,0,1,1,0
case_bd63bb0c,1,1,1,1,1,1
case_cc6197e1,0,1,0,1,1,1
case_22b7c730,1,0,1,1,1,1
case_14e59379,1,1,1,1,1,1
case_91550dbb,0,0,1,0,1,1
case_48a4aa32,1,0,1,1,1,1
case_e3c5d2af,1,1,1,1,1,1
case_cd7b96df,1,0,0,1,1,1
case_2bd68449,1,0,1,1,1,1
case_73bbd461,1,1,1,1,1,1
case_5f835c45,1,0,1,1,1,1
case_ebf54ae5,0,1,1,0,0,1
case_ed031c96,1,1,1,1,1,1
case_0bd9ca72,0,0,1,0,1,0
case_cbc8b543,0,0,1,0,0,0
case_6808a959,0,1,0,1,0,1
case_00d37d78,1,1,1,1,1,1
case_29564b9a,0,1,1,1,1,1
case_92aafbb0,0,1,1,1,1,1
case_9727fc43,0,0,1,1,1,1
case_e515de90,1,1,1,1,0,0
case_524c1b5f,1,0,1,1,1,1
case_5e5f83f8,0,0,1,0,1,1
case_fcdaa67a,0,1,0,0,1,1
case_ab474295,1,0,1,1,1,0
case_53cf1e2e,1,0,1,1,1,1
case_c6a5721d,0,0,1,0,1,0
case_bc8be5f9,0,0,1,1,0,1
case_6165ec53,1,0,1,0,1,1
case_0df46ee4,1,1,1,1,1,1
case_03837d01,1,0,1,1,1,1
case_641f2d3a,1,1,1,0,0,1
case_af7d317b,1,1,1,1,1,1
case_f5be569d,0,0,1,1,1,0
case_42f0a211,0,0,1,1,1,1
case_263626a6,1,0,1,1,1,1
case_41fef7d1,0,1,1,0,1,1
case_2f79a8dc,0,1,1,1,0,1
case_d7e73087,0,1,1,0,1,1
case_ec06587a,0,1,1,1,0,1
case_226bb6ae,1,1,1,1,1,1
case_dd1cee53,0,1,1,0,0,1
case_72c5f635,1,1,0,0,0,1
case_9d063861,1,1,1,1,1,1
case_02a0c555,0,1,1,1,1,0
case_5f5ba5a9,1,1,1,1,1,1
case_d255115b,1,0,1,1,1,1
case_4808fbaf,0,0,1,1,1,1
case_b2a0076d,0,1,1,1,1,1
case_0d837bb4,0,1,1,1,1,1
case_e87a0b4d,1,1,1,1,1,1
case_b04d4c35,0,0,1,1,1,1
case_c09f45ca,0,1,1,0,1,1
case_a2189bb2,1,1,1,1,1,0
case_949d3557,0,1,1,1,1,0
case_2068a568,0,1,1,1,1,1
case_0f54252c,1,1,1,1,1,1
case_b4b6bcd2,0,1,0,1,1,1
case_2e755d1d,1,1,1,1,1,1
case_a7a1f354,0,1,1,1,1,0
case_b469a26d,1,1,1,1,1,1
case_9b953a62,1,0,0,1,1,1
case_158e0aff,1,0,1,1,1,1
case_f690af6a,1,1,1,1,0,1
case_186586df,1,0,1,1,1,1
case_e7751afc,1,1,1,1,1,1
case_2f43b0a5,1,1,1,1,1,0
case_5957de1d,0,0,0,0,0,1
case_040080e1,1,0,1,1,1,1
case_8c9d22b2,1,1,1,1,1,1
case_5475583f,1,0,1,1,0,1
case_b5622860,0,1,1,1,1,1
case_eea22bcb,1,1,0,1,1,1
case_758504a0,1,1,1,0,1,1
case_9f85aacb,1,1,1,1,0,1
case_c4e2bf10,1,1,1,1,0,1
case_9395ac68,0,1,0,1,1,1
case_296486ed,1,1,1,1,1,1
case_4137e3f0,1,1,1,0,0,1
case_11ff9ce1,0,0,1,0,1,1
case_b2b38eb1,1,1,1,1,1,1
case_a64b627f,1,1,1,1,1,1
case_60e6fc23,0,1,1,1,0,0
case_2c3ec3b9,1,1,1,1,0,1
case_98ceeaab,0,1,1,0,1,1
case_de078974,1,1,1,1,1,1
case_2082ff5b,1,1,1,1,1,1
case_13187921,0,1,1,1,0,1
case_a2eb35a7,1,1,1,0,1,1
case_d4ecd56c,1,1,1,0,0,0
case_84f72ee6,1,0,1,0,1,0
case_7cbbd158,1,1,1,1,1,1
case_03426d54,0,1,0,1,1,1
case_90e4c11a,0,1,1,0,1,1
case_22eab8b5,1,1,1,1,1,1
case_b0ae291e,1,1,1,1,0,1
case_aebceec4,1,1,1,1,1,1
case_da482a33,1,1,1,1,1,1
case_ffef2de0,1,1,1,0,1,1
case_fadf53e2,1,0,1,1,0,1
case_777cb0db,1,1,1,1,0,0
case_101c6b37,1,1,1,0,1,0
case_52e5a44d,1,1,1,1,0,1
case_01b08ff6,1,1,1,1,1,1
case_5106cbd3,0,0,1,1,1,1
case_94b14a67,1,1,0,0,1,1
case_28000678,1,0,1,0,1,1
case_fd8b67a7,1,0,1,1,1,1
case_0e96a8c0,1,0,1,1,0,1
case_36e2f8bd,1,1,1,1,0,1
case_5d097fb2,1,1,1,1,1,1
case_a4aff0f5,1,0,0,0,0,0
case_40b0d5c6,1,1,1,1,1,1
case_56c94758,0,1,1,1,1,1
case_2f1bb3e1,0,1,1,0,1,1
case_e32364a7,1,1,1,0,0,1
case_85fb36e3,1,0,1,1,1,1
case_7f0c9b53,0,1,1,1,0,1
case_e363c46a,1,1,1,1,1,1
case_26ea563a,0,0,0,1,1,1
case_886e7beb,0,1,1,1,0,1
case_64aebe61,1,1,1,1,1,1
case_05b96865,1,0,1,1,0,1
case_553ca79a,0,1,1,1,1,1
case_93f79220,0,0,1,0,1,1
case_23304855,1,1,1,1,1,1
case_6e68f4c2,1,0,1,1,0,1
case_a277a473,1,1,1,1,1,1
case_902b207d,1,1,1,0,1,1
case_8548eae8,0,1,1,0,1,1
case_d9f43b71,1,1,1,0,1,0
case_79c03e90,1,1,0,1,0,1
case_4b270852,1,1,0,1,1,1
case_285316b0,1,1,1,0,1,1
case_8bc39d23,1,1,1,1,1,1
case_e65d654f,1,1,1,0,1,1
case_08461218,0,1,1,1,1,1
case_3c937e2e,0,1,1,1,0,1
case_b2dda934,0,1,1,1,1,0
case_912380d1,0,1,1,0,1,1
case_7a94edc7,1,0,1,1,0,0
case_72478975,1,1,1,1,1,1
case_06663f9a,0,1,1,1,1,1
case_5396654b,1,1,1,0,0,1
case_003c9d00,0,1,1,1,1,1
case_1bad3ffa,0,1,1,1,1,0
case_e2003297,1,0,1,1,1,1
case_a42e51ef,1,1,1,1,1,1
case_5121067b,0,1,1,1,1,1
case_356bf6d1,1,1,1,1,1,1
case_6e5e2470,1,1,1,1,1,1
case_603dad3e,1,1,1,1,1,1
case_3486a2ce,0,1,1,1,0,1
case_116d73fe,1,0,1,1,0,0
case_7d8e1952,1,1,1,1,1,1
case_adb9d446,0,1,1,1,0,1
case_2a404618,1,1,0,1,1,1
case_b2a10830,0,0,0,0,0,0
case_52c2b98b,0,1,1,1,0,0
case_b8406901,0,0,1,0,0,1
case_c3ae2df3,0,1,1,1,0,0
case_1cca5820,1,0,1,1,1,0
case_1aa6fa1f,0,1,1,1,1,1
case_884c7fb1,1,1,1,0,0,1
case_70af1039,1,1,1,1,1,1
case_3c2c7dd1,1,0,1,1,0,0
case_effd8199,0,0,1,1,1,1
case_a32c771b,1,0,1,1,1,0
case_cb45a26a,1,1,1,0,1,1
case_db7d1fdb,0,1,1,1,0,1
case_c6b45262,0,1,1,0,1,0
case_b1f11276,1,0,1,1,1,1
case_44c65a49,1,1,1,0,1,1
case_27b735ec,1,0,1,1,1,1
case_6a1d270b,0,1,1,1,1,1
case_54abe28a,1,1,1,1,0,1
case_693fce46,0,0,1,0,1,1
case_2c4e139b,0,1,1,0,1,1
case_a83c40ee,0,1,0,0,1,0
case_3d560401,1,1,1,1,1,1
case_b9db99c0,1,1,1,1,1,1
case_c5d63d2d,0,1,1,0,0,1
case_f2185595,1,1,1,1,1,1
case_8b1bca9f,1,1,1,1,1,1
case_447f0552,0,0,0,0,1,1
case_8c35f811,0,0,1,0,0,1
case_86630530,1,1,1,0,1,1
case_575a0bcf,0,1,1,1,0,1
case_ad827f97,1,1,1,1,1,0
case_f03ad216,1,1,1,1,1,1
case_b1a0f8e6,0,1,1,1,1,1
case_2f442c55,0,0,1,0,1,0
case_e4d1021e,1,1,1,1,1,1
case_8725f755,1,1,1,1,1,1
case_285357eb,1,0,1,1,0,0
case_ad4cddd8,1,1,1,0,1,1
case_6bdeeec4,1,0,1,1,1,1
case_ac25fafd,1,1,0,1,1,0
case_19e63940,1,1,1,1,1,1
case_a8638b56,1,1,0,1,0,1
case_b264b2b2,1,1,0,0,1,1
case_e17bdb48,1,1,1,1,1,1
case_d5b37dc8,1,1,1,0,1,1
case_2b234b81,0,1,1,1,1,0
case_83720338,1,1,1,1,1,1
case_76032899,1,1,1,1,1,1
case_80343cdb,1,1,1,1,1,0
case_448c7054,1,0,1,1,1,0
case_e05d1eb6,1,0,1,1,1,1
case_c25f57d6,1,1,0,0,1,1
case_2c929fd3,1,1,1,0,1,1
case_30992083,1,0,1,0,0,1
case_36eba1d7,0,0,1,1,1,0
case_019952ca,1,1,1,1,1,1
case_15601c70,1,1,1,1,1,1
case_3015402c,0,1,1,1,1,1
case_348c86c4,1,1,1,1,0,1
case_4b56e8ec,1,0,1,1,1,1
case_0feef1a6,0,1,1,1,0,0
case_a986ffd1,0,1,1,1,1,1
case_591226e2,1,1,1,1,1,1
case_dc107fa2,1,1,1,1,1,1
case_e87b646e,1,0,1,1,1,1
case_c22718c6,0,0,1,1,1,1
case_bc9b0e3a,0,0,1,0,0,1
case_5afdaab1,1,1,1,1,1,1
case_2f8affa4,1,1,1,1,1,1
case_48d0088e,0,0,1,1,0,1
case_4e26504f,1,1,1,1,1,0
case_ba80e5b7,1,0,1,0,0,1
case_126e79e8,1,0,1,0,1,1
case_df77d85e,0,1,0,1,0,1
case_5a9c8608,0,0,0,0,1,0
case_9fa7743f,1,1,1,1,1,1
case_0bb9704b,0,0,1,0,1,1
case_3100c88c,0,0,1,0,0,0
case_757b1d8b,1,1,1,1,0,1
case_005cb929,1,1,1,1,1,0
case_e15d75fc,1,1,1,0,1,1
case_84480e2a,1,0,1,1,1,1
case_406d216a,1,0,1,1,0,1
case_7c86f6b6,0,1,1,1,1,1
case_d7be070c,0,1,1,0,1,1
case_7931d749,0,1,1,1,0,1
case_53d012a0,1,1,1,1,1,1
case_df78d5c3,0,1,1,1,1,1
case_8d5af3c2,1,1,1,1,1,1
case_a471c1d2,0,1,1,0,1,1
case_63529883,0,1,0,0,1,1
case_6ad6b5c4,0,1,1,1,1,1
case_2f7ec1f9,1,0,1,0,1,1
case_f4f524b2,1,1,1,1,1,1
case_495a6541,1,1,1,1,1,1
case_d0e46fec,1,0,1,1,1,1
case_a73ce49b,1,0,1,0,1,1
case_08a1cf0f,1,1,1,1,1,1
case_4802fc7a,1,1,0,1,0,1
case_464f360b,1,0,1,1,0,1
case_008b883e,1,1,1,1,1,1
case_03291b59,0,1,1,1,1,0
case_3063beee,0,0,1,0,1,0
case_1940901f,0,1,1,1,1,1
case_2a11cd29,1,1,1,1,0,1
case_f1a1be57,1,0,1,1,1,1
case_e8543f57,1,1,1,1,1,1
case_a670c3fd,1,1,1,1,1,1
case_6f509594,0,1,1,1,1,1
case_a5a6b5b6,0,0,1,1,0,1
case_205c5a1d,1,0,1,1,0,0
case_6bea3647,1,1,1,1,1,1
case_fc94354f,1,1,1,0,1,1
case_72203663,0,0,1,1,0,1
case_eb18a5ab,0,0,0,1,1,0
case_92c12361,1,1,1,1,1,1
case_247204b6,0,0,1,1,1,1
case_c83937c3,1,1,1,0,1,1
case_c2cebb7d,0,1,1,0,1,1
case_45015901,1,1,1,1,1,1
case_0161054c,0,0,1,1,1,1
case_f8460ac3,1,1,1,1,1,1
case_60a54499,1,1,1,1,1,1
case_0a3f3a10,0,0,1,0,1,0
case_000c7c46,1,1,1,1,1,1
case_b109bd3e,0,1,1,1,1,1
case_8546be81,0,0,1,0,1,1
case_78a8a9c6,0,1,1,0,1,0
case_acef0bf2,1,0,1,0,0,1
case_3e055aaa,1,0,1,0,0,1
case_cbec9f63,0,0,1,1,1,0
case_1b3a4ada,0,0,1,0,0,0
case_9dd4472e,1,1,0,1,0,0
case_d0a4a91f,1,1,1,1,0,1
case_1ed46e05,1,1,1,1,1,1
case_454c92e3,1,1,1,1,0,1
case_e47e7e96,1,1,0,1,1,1
case_c5823ee1,0,0,0,0,0,0
case_fe9616b9,1,1,1,1,1,1
case_e64cf0f8,0,1,1,0,1,1
case_fdbbb9c7,1,1,1,1,1,1
case_5d089c78,0,0,1,0,0,1
case_89cca11f,1,0,1,1,1,1
case_a5cec0b1,1,1,1,1,1,1
case_0367b818,0,0,1,1,1,1
case_95b78b21,1,1,1,1,1,1
case_21c6ed69,0,1,0,0,0,1
case_69b8c4b7,0,0,1,1,1,1
case_6acfa11b,0,1,1,1,1,0
case_6b0faaa8,0,1,0,1,1,1
case_c10ff77f,0,0,1,0,1,0
case_8d65468d,1,1,1,0,1,0
case_fbace434,1,0,1,1,0,1
case_c7b16a22,1,0,1,1,1,0
case_03481470,1,1,1,1,1,1
case_ee7580a2,0,0,1,0,1,1
case_510deb0f,1,0,1,1,1,0
case_6ce4f5b3,0,0,1,0,0,0
case_cdd842d1,1,1,1,1,0,1
case_198227e9,1,1,1,1,1,1
case_7aed70cc,1,1,1,1,1,1
case_aa90c6d6,1,1,1,1,1,1
case_92c3a56b,0,0,1,1,1,1
case_bdb3485e,1,0,1,0,0,0
case_9216b36b,0,1,1,1,0,1
case_002f2d8a,0,0,0,0,0,1
case_1ba6f839,0,0,1,0,1,0
case_aa95990b,1,1,1,1,1,1
case_e4e2ea22,0,0,1,1,1,0
case_69b4e947,1,0,1,0,1,1
case_8fe5cac5,0,1,1,1,1,1
case_7c79ccaf,0,0,1,1,0,0
case_38b1c0a1,1,1,1,0,0,1
case_ca85bb9a,1,1,1,0,1,1
case_b0e04153,0,0,1,0,1,1
case_d040b44c,1,1,1,1,1,1
case_906d2b4a,1,1,1,1,1,1
case_15f2babc,1,0,0,0,0,1
case_1f744011,1,1,1,1,1,1
case_e98cdc16,0,1,0,1,1,0
case_68bd7c8c,1,1,1,1,1,1
case_53661d72,0,1,1,1,1,0
case_60569a79,0,1,0,1,1,1
case_e122e95a,1,0,1,1,0,0
case_e10ced06,1,0,1,0,1,1
case_15874bda,0,1,1,1,1,1
case_2b6b3c4c,0,0,0,1,1,1
case_f6e05418,0,0,1,1,1,1
case_c973e49a,1,1,1,1,1,0
case_17d081db,1,1,1,1,1,0
case_08757b72,0,0,1,1,0,1
case_9eecff7f,1,0,1,1,1,1
case_6021bb5e,1,0,1,1,1,1
case_0fae3de0,0,1,1,1,1,1
case_dd403a3b,0,1,1,1,1,1
case_03ffe03f,0,1,1,1,1,1
case_7662bb35,1,0,1,0,1,1
case_ff6021e4,1,1,1,1,1,1
case_4971519a,1,0,1,0,0,1
case_2c6379aa,0,1,1,1,1,1
case_f1601ef0,1,1,1,1,0,1
case_dcf69a36,0,0,1,1,0,1
case_fde15443,0,0,1,0,1,0
case_fdf085af,1,1,1,1,1,1
case_1efafd92,0,0,1,0,1,0
case_02fa3cf3,1,1,1,1,1,0
case_6ce076e2,1,1,1,1,1,1
case_10b7f571,1,0,1,1,1,1
case_44f83728,0,1,1,1,1,0
case_e3af411f,1,1,1,1,1,1
case_99ab2961,1,1,1,1,0,1
case_5b26e5b6,1,0,1,0,1,1
case_b04097fd,0,1,1,1,1,1
case_2134d03e,1,1,1,1,0,1
case_a6d0dbed,1,1,1,1,0,1
case_6f9064d7,0,0,1,1,1,0
case_c921221c,0,0,1,1,1,1
case_bab31da6,0,0,1,0,1,1
case_3f744c50,1,0,1,1,1,1
case_c99b080f,0,1,1,1,1,1
case_d53119f5,1,1,1,1,1,1
case_9a839853,1,0,1,1,0,1
case_25aec3fe,1,0,0,0,1,1
case_0bbb03be,0,1,1,1,0,0
case_1d6c62f8,0,0,1,1,0,0
case_3435fdbf,0,1,1,0,1,1
case_f503f8f0,1,1,1,1,1,1
case_080f289f,1,1,1,1,1,1
case_252cbffa,0,0,1,0,1,1
case_b0779440,0,1,1,1,1,1
case_b8101cbc,1,1,1,1,1,1
case_9925cbf8,0,1,1,0,1,1
case_26a97858,0,0,1,1,1,1
case_cd27307d,1,1,1,0,1,1
case_0bda2dd1,1,1,1,0,0,0
case_7d40be82,0,0,1,1,0,1
case_0fcf70fc,0,1,1,1,1,1
case_60fd0653,1,1,1,0,1,0
case_ddc242d3,1,1,1,1,1,1
case_9e06ea43,1,1,1,1,1,1
case_69f3d913,0,1,0,1,1,1
case_d387754b,1,0,1,0,1,1
case_aa9193f7,1,1,1,1,1,1
case_a90a6077,1,0,1,0,0,0
case_0b1e3c53,1,1,0,1,1,1
case_a1d4684f,1,0,1,1,1,0
case_a5b52e4f,0,0,1,1,0,0
case_1af465ae,0,1,1,1,1,0
case_e4f1471a,1,1,1,1,1,1
case_edb472c8,0,0,1,1,0,1
case_d0313197,1,1,1,0,0,1
case_3f1a38d6,1,0,1,1,0,1
case_b1e34b7d,1,1,1,1,1,1
case_3c7d204a,0,1,1,0,1,0
case_5ad9d496,1,0,1,0,1,1
case_3e1ff2d8,1,1,1,1,1,1
case_eb9413df,1,1,1,1,1,1
case_4903bb81,1,1,1,0,1,1
case_cb456d8b,1,0,0,1,0,0
case_0d951799,1,1,1,0,0,1
case_43cec0f6,0,1,1,1,1,1
case_f9d6c920,0,1,1,1,1,1
case_424cac51,1,1,1,1,1,0
case_833743ad,0,0,1,1,0,0
case_cab53adb,0,1,1,1,1,1
case_e00c65d8,0,0,0,0,0,0
case_6356e90b,0,1,0,1,0,1
case_884e03bf,0,1,1,0,1,1
case_238bd37a,1,0,1,1,1,1
case_02bcf0a1,1,1,1,1,1,1
case_718e8dda,1,1,1,0,1,1
case_90dc7265,1,1,1,1,0,1
case_03510100,1,1,1,1,1,1
case_1ee229e3,0,1,1,0,1,1
case_7b50bffc,0,0,1,1,1,1
case_92ac48d8,1,0,1,1,1,1
case_9087da03,0,1,1,1,1,1
case_e66718fd,0,1,1,1,1,1
case_31b5e89f,1,1,1,1,1,1
case_ef00ad42,1,1,0,0,1,0
case_8c9957be,0,0,1,0,1,0
case_d60eee13,1,1,1,1,1,1
case_7e7e2e80,1,1,1,1,1,1
case_e8aa57f6,0,0,1,0,1,1
case_f6f9f425,1,1,1,1,1,1
case_5e14ccee,1,1,1,0,1,1
case_f4433583,0,0,1,1,1,1
case_7e244448,1,1,1,1,1,1
case_1f95ea9a,0,0,1,1,1,1
case_d5dfe42a,1,1,1,1,1,1
case_04ff9159,1,0,1,1,1,1
case_01742e05,1,0,1,1,0,0
case_0f4f1004,1,1,1,1,1,1
case_d9084ee3,1,0,1,1,1,1
case_d373be5e,0,0,1,0,0,0
case_4ff05724,0,0,1,0,1,1
case_55498636,1,1,1,1,1,1
case_83761650,1,1,1,1,1,1
case_1ea4f6a3,1,1,1,1,1,1
case_b6743594,1,1,1,1,1,1
case_c8cf1dd2,0,1,1,0,0,0
case_a207d687,1,1,1,1,1,1
case_4f14b578,1,1,1,1,1,1
case_ff7e1930,1,1,1,0,0,0
case_e8aad2a6,1,0,1,1,1,0
case_717f012c,1,1,1,1,1,1
case_17dacaae,0,0,0,1,0,1
case_d84927f2,1,1,1,1,0,1
case_d5325934,1,1,1,1,0,1
case_a0db2ab5,1,1,1,1,1,0
case_9b273661,1,0,1,0,1,1
case_12347b8b,0,1,1,1,1,1
case_c2221e44,0,0,1,1,0,1
case_1d33166d,0,1,1,1,1,1
case_cb2e42c2,1,1,1,1,1,1
case_408058f5,0,1,1,0,1,1
case_d1131efb,0,0,1,0,1,1
case_3bac168d,0,0,0,1,1,1
case_971e7a62,0,1,1,1,1,1
case_913f65d0,1,1,0,1,0,0
case_209fdd74,0,1,0,1,1,0
case_9b3feebf,1,1,1,0,0,0
case_5e2c7a91,0,1,1,1,1,1
case_9f7e181d,0,1,1,1,1,1
case_b017a0d5,0,1,0,0,1,0
case_89e61e21,0,1,1,1,0,1
case_7d658509,1,1,1,0,1,1
case_69802d1e,1,1,1,0,1,0
case_773d0bbb,1,0,1,1,1,0
case_96b70004,1,0,0,1,0,1
case_e0297386,0,1,1,1,0,1
case_a0e243a6,0,0,1,1,1,1
case_f45e759f,1,1,1,1,1,1
case_e08d88e4,1,1,1,1,1,0
case_95b80aae,0,0,1,1,1,1
case_9857f01e,1,1,1,1,1,1
case_afe9fe98,1,1,1,1,1,0
case_7b7a211e,1,0,0,0,1,0
case_f436de16,1,1,1,1,0,1
case_ea920bcb,1,1,1,1,1,1
case_3ea84c02,0,0,1,0,0,1
case_85447e60,1,1,1,0,1,0
case_b3651120,0,1,1,1,1,1
case_a0170269,1,1,1,1,1,1
case_e8f8b5d1,1,0,1,1,1,1
case_dd4c3abe,1,0,1,1,1,1
case_fddaeb59,0,0,1,0,1,0
case_f56e5203,1,1,1,1,1,0
case_63263eec,1,1,0,0,1,1
case_c8f60681,1,1,1,1,0,1
case_54953dbc,1,1,1,1,1,1
case_ba8e9b65,1,0,1,1,0,1
case_da82ec09,1,1,1,1,1,1
case_9c87e150,1,1,1,0,1,1
case_3c10cb85,1,1,1,0,1,1
case_e5d38af9,1,1,1,1,1,1
case_7360efd5,1,1,1,1,1,1
case_458b1844,1,1,1,1,1,1
case_4adf25fc,1,1,1,0,1,1
case_01342be4,1,1,1,1,1,1
case_6831c928,1,1,1,1,1,1
case_dae51afa,0,0,1,1,1,1
case_d11addc0,1,1,1,0,1,0
case_2135de4b,0,1,1,1,1,1
case_4a0c5597,0,1,0,0,0,0
case_196a5d6a,0,0,1,0,1,1
case_4261d2fa,0,1,1,0,1,1
case_63c74442,1,1,1,1,0,1
case_11dc08c9,1,0,1,0,1,1
case_3a6f98ba,0,1,1,1,1,1
case_83667874,1,1,1,1,1,0
case_43462b80,0,1,1,1,1,1
case_8fd74d7c,1,1,1,1,1,1
case_0f4e9852,1,1,1,0,1,1
case_b5b83249,1,1,1,1,1,1
case_06a3012d,0,0,1,1,1,0
case_52b18791,1,1,1,0,1,1
case_bc1fc646,1,1,1,1,1,1
case_c99a2dab,1,0,1,0,1,1
case_00fcf42e,1,0,1,0,0,0
case_ee299367,1,1,1,1,1,1
case_556a3172,1,1,1,1,1,1
case_914726bc,0,1,1,1,1,1
case_a68ccca5,0,0,1,1,1,1
case_ab392bc5,0,1,1,1,0,1
case_47ae4636,0,1,1,1,1,1
case_4a41eaca,0,1,0,1,0,0
case_80c7a06d,1,1,0,1,1,1
case_b62074c8,0,1,0,1,0,1
case_18b2bd1c,0,1,1,0,1,1
case_a242a838,0,1,0,1,1,1
case_fcee77d5,0,0,1,0,0,1
case_0d720773,0,1,1,1,1,1
case_b66fdc85,0,0,1,1,1,0
case_700123a2,0,0,1,0,1,1
case_c9492186,1,1,1,0,1,1
case_ff4b1bf0,1,1,1,1,1,1
case_c2878c72,1,0,1,1,1,1
case_fc9758ef,1,1,1,1,1,0
case_c0708744,0,0,1,0,0,0
case_6901403e,0,0,1,1,1,1
case_5637b98e,1,1,1,1,1,1
case_ed028ddf,0,0,1,1,1,0
case_778d5eec,1,1,1,1,1,1
case_6e1c3991,1,1,1,1,1,0
case_c8982058,0,0,1,1,1,0
case_9b456ffd,1,1,1,1,1,1
case_7939172b,0,0,1,1,0,1
case_84a47b2d,0,1,0,1,1,0
case_8a7fc80f,1,1,1,1,1,1
case_7ff80ec2,1,1,1,0,1,0
case_b9cd752a,0,1,1,1,1,1
case_d634f032,1,0,0,1,0,1
case_287f1dc2,1,1,1,1,1,0
case_ea732895,1,1,1,1,1,1
case_6a772cdb,1,0,1,1,0,1
case_9d5c0bb8,1,1,1,1,1,1
case_e8907548,0,0,1,0,0,0
case_c578bcbe,0,0,1,0,1,0
case_88fdb515,0,0,0,1,1,1
case_00ed681e,1,1,1,1,0,1
case_d1e7394a,1,0,1,1,1,1
case_ff1a99fb,1,1,1,1,0,1
case_f999fe6c,0,1,1,1,1,1
case_6ef1c106,1,1,1,1,1,1
case_36d254fb,1,1,0,1,1,1
case_607c67b1,1,1,1,0,0,1
case_5e7cce9c,1,1,1,1,1,1
case_f2448e23,1,1,1,1,1,1
case_c096b87d,1,0,0,1,0,1
case_59ced86a,1,1,1,1,1,1
case_a181d657,1,0,1,1,0,1
case_342d018d,1,0,0,1,1,0
case_e1b0d173,1,1,1,1,0,1
case_2476c752,1,1,1,1,1,1
case_d437f157,1,0,1,1,1,1
case_73f2b6e4,1,1,1,0,1,1
case_de9e3fa2,1,0,1,1,1,1
case_09e03337,0,1,1,1,1,1
case_a54a8521,0,1,0,1,1,1
case_b631978a,1,1,1,1,1,1
case_9852a21a,0,1,1,0,0,0
case_0277bdd6,0,1,1,1,0,1
case_29ce6e30,0,1,1,0,0,1
case_42fdb78e,1,1,1,1,1,1
case_5193d35d,0,1,1,1,1,1
case_a650b0ad,1,1,0,0,1,1
case_a90fdcef,0,1,1,0,1,1
case_11ef5e84,1,1,1,1,1,1
case_164b669f,0,0,1,0,0,1
case_39eec299,0,0,1,1,0,1
case_a2d2e04e,0,0,1,0,1,1
case_ebbc1751,1,0,1,1,1,1
case_e4aa171a,0,0,1,1,0,1
case_d46d59fc,0,1,1,0,1,1
case_53985e0a,1,1,1,1,1,1
case_86c8c59f,0,1,1,1,1,1
case_bd2f7c59,0,1,1,1,0,0
case_283eace2,1,1,1,1,1,0
case_bfb2a67b,1,1,1,1,0,1
case_bfd5cd7a,1,1,1,0,0,1
case_3ab24417,0,1,0,1,1,1
case_241afdd3,0,1,1,1,0,1
case_db099637,1,1,1,0,1,1
case_6316f931,1,1,0,0,0,1
case_487652fb,0,1,1,1,0,0
case_dee625f7,1,1,1,0,1,1
case_ff027257,0,0,0,0,0,0
case_e958ba76,0,0,1,1,0,1
case_760b6952,0,1,1,1,1,1
case_f554986f,0,0,1,1,1,1
case_69c0968d,1,0,1,1,1,0
case_61eb1151,0,1,1,1,1,1
case_d495d550,1,0,1,0,0,0
case_d98f44b0,0,0,1,1,1,0
case_08c1a3ca,1,1,1,0,1,1
case_15343c86,1,0,1,0,0,1
case_e71fdec6,1,0,1,0,0,1
case_ad2031f0,0,1,1,1,1,1
case_1ba53657,0,1,1,0,1,0
case_f54a518d,1,1,1,1,1,1
case_2b89df7e,1,0,1,1,1,1
case_ca15780a,1,1,1,1,1,0
case_bdd262cb,0,0,1,1,0,0
case_81c802e6,0,1,1,1,0,1
case_dddd44ae,1,0,1,1,0,1
case_767cc4b2,0,1,0,1,1,0
case_28335395,1,1,1,1,1,1
case_6287786b,0,1,1,0,0,1
case_9c9bc503,1,1,1,1,1,1
case_dffa6969,1,1,1,1,1,1
case_0db0cc07,1,0,1,1,1,1
case_d983976b,1,1,1,1,1,1
case_d756d18b,1,1,1,1,1,1
case_8bafed03,1,1,1,0,1,1
case_70aa9113,1,1,0,0,1,1
case_b9a2dca2,1,1,1,1,1,1
case_055879bf,0,1,1,0,1,0
case_0a09c4bc,0,0,1,1,0,1
case_460a495a,1,0,1,0,1,1
case_f98e54d8,1,0,1,1,1,1
case_0eb5bea5,0,1,1,1,1,1
case_60c12163,1,0,0,0,1,0
case_ed15b645,1,1,0,1,1,1
case_43515f64,1,1,1,0,0,1
case_778189ec,1,1,1,0,1,1
case_14b90855,1,1,0,1,1,1
case_6e8bbe2e,1,0,1,1,1,1
case_d02dd4ee,1,0,1,1,1,1
case_82598361,1,1,1,1,1,1
case_daefdd30,1,0,1,0,1,0
case_5812657e,1,1,1,0,1,0
case_d68d51be,1,1,1,0,0,1
case_52f88da4,1,1,1,1,1,1
case_ff97311a,0,0,1,1,1,1
case_96829b04,0,1,1,1,0,1
case_cce26d55,0,1,1,1,1,1
case_b9670623,0,1,1,1,1,1
case_88c44a0b,1,1,1,1,1,1
case_f111315b,1,1,0,0,1,1
case_1a003a51,1,1,1,1,1,0
case_025f958d,1,1,1,1,1,1
case_f84def70,1,1,1,0,1,1
case_6b09fd0f,0,1,0,1,1,1
case_617d1795,1,0,0,1,0,1
case_85775b00,0,1,1,1,1,1
case_f234925e,0,1,1,0,1,0
case_3f958515,0,0,1,1,1,1
case_c646a4f1,1,1,1,1,1,1
case_12aaeae9,0,1,1,1,1,1
case_8d04a425,1,1,1,1,1,1
case_5967cabc,0,1,1,1,1,0
case_e543c834,0,0,0,1,0,0
case_76799dc4,1,1,1,1,1,1
case_884509d4,0,0,1,0,1,1
case_cbc9b5a8,1,1,1,1,1,1
case_a87fcd06,1,1,1,0,1,0
case_e0b43e40,1,0,1,0,1,1
case_34de6492,1,0,1,1,0,1
case_69bb562e,1,1,1,1,1,1
case_0f2bc6fd,1,1,1,1,0,1
case_8733aafd,1,1,1,0,0,1
case_a3e8f731,1,1,0,1,1,1
case_1140e486,1,0,1,1,1,1
case_44e29e4b,1,1,1,1,1,1
case_3778ac65,1,1,1,1,1,1
case_2b4f43dd,1,1,0,1,0,1
case_869a678f,0,0,1,1,0,0
case_972f7ca6,1,0,1,1,0,1
case_9143aadc,0,1,1,1,0,1
case_dc3215c9,1,1,1,1,1,1
case_7bcfdb43,1,0,1,1,1,0
case_b8a217f4,1,1,1,1,1,1
case_620c12fd,0,1,1,0,1,1
case_37337d35,0,1,1,1,1,1
case_9dac8b2c,1,1,0,1,1,1
case_fe8db284,0,1,1,1,0,1
case_090fb61e,0,0,1,0,1,1
case_018f6bd3,1,0,1,1,1,1
case_a828ed08,0,1,1,1,0,1
case_6df88ca4,1,1,0,1,1,0
case_17f3ecd5,1,1,1,1,1,1
case_e9682660,1,0,1,1,1,1
case_92cc3b7b,1,0,0,1,1,1
case_4b7a1a3f,1,1,1,1,1,1
case_f361b08f,1,1,0,1,1,1
case_2ed0939f,1,1,1,1,1,1
case_78d57d5d,0,1,1,1,1,1
case_bdce60cb,0,1,1,1,1,1
case_7abe5211,1,1,1,1,1,0
case_4971afda,1,1,1,1,1,1
case_d71b2a1b,1,1,1,1,1,1
case_6ced2bd3,0,0,1,1,1,1
case_70d9738b,1,1,1,1,1,1
case_14661fe0,1,1,0,1,1,0
case_c76994ca,0,1,0,1,1,0
case_ad5b1d51,1,1,1,0,1,1
case_9c25c141,1,0,1,0,1,1
case_67437d9f,0,1,1,1,1,1
case_23df5549,0,0,1,1,1,0
case_4d2f25d7,0,1,0,1,1,1
case_d07e90f6,0,1,1,1,0,0
case_4de000c8,1,1,1,1,1,1
case_2da8cb95,1,0,1,1,1,1
case_5b039b67,0,1,1,1,1,0
case_03f5f3d2,1,1,1,1,1,1
case_7a11ab4d,0,1,1,1,1,1
case_518750c6,0,1,1,1,1,0
case_6e9ce042,0,0,1,1,0,1
case_a595609a,0,0,1,1,1,1
case_2a3ff5d5,1,0,1,0,1,1
case_a29c70cb,0,1,1,0,1,0
case_18b0a1c8,1,0,0,1,1,1
case_997037ca,1,0,1,0,1,1
case_2d75e07b,0,0,1,1,0,1
case_7d59919d,0,0,1,1,1,1
case_2f2b2a17,1,0,1,0,1,1
case_ca7fa7a0,0,0,1,1,1,1
case_9143bb60,1,1,1,1,1,1
case_c59461e6,1,1,1,1,1,1
case_3ac5008a,0,1,1,0,1,1
case_b4befde9,1,0,1,1,1,1
case_1e069908,1,0,0,0,1,1
case_068155e0,0,1,1,1,1,1
case_b3330f0e,1,1,1,1,1,1
case_3872552c,1,0,1,0,0,0
case_7d3a2929,0,0,1,0,0,1
case_30e6d3c6,1,0,1,1,1,1
case_434f1e2a,0,1,0,1,1,1
case_b83f8a1c,1,1,1,1,1,1
case_d267a216,0,0,0,1,0,1
case_60ea4edd,0,0,1,1,1,1
case_80bec466,1,0,1,1,1,0
case_d778762a,0,1,1,1,1,1
case_711d4d8e,1,0,1,1,0,1
case_714f537a,1,0,1,1,1,1
case_aba1b5eb,0,1,1,1,1,1
case_b69e5ec5,0,1,1,1,1,0
case_653bc696,1,0,1,0,1,1
case_05dee808,0,1,1,0,1,1
case_c139b23e,1,0,1,0,1,0
case_d333028b,1,1,1,1,1,1
case_758358d0,1,1,1,1,1,1
case_58ed2b66,0,1,1,1,0,1
case_bc4c5342,1,0,1,0,1,0
case_67268c74,1,1,1,1,0,1
case_3d2cdf0f,1,1,0,0,1,1
case_709a4e3e,1,0,1,0,0,1
case_5f7b6bfc,1,1,1,1,1,1
case_a63ee8be,0,1,1,1,1,1
case_d2462fd2,1,0,0,0,1,0
case_cbbd3656,0,1,1,1,1,1
case_5dd65b0c,1,1,1,1,1,1
case_9c7b5be8,1,1,1,1,1,1
case_6cfdc0af,0,1,1,0,0,1
case_38150c29,0,0,1,1,1,1
case_b26336a0,1,1,1,1,1,1
case_84057722,1,0,1,1,1,1
case_61576885,0,1,0,0,0,1
case_b27c0b79,1,1,1,1,1,1
case_b856ed59,0,0,0,0,0,1
case_f9d70b81,1,1,0,0,1,0
case_bcef4f89,0,0,1,1,1,1
case_fb183089,1,0,1,1,1,0
case_6da95755,0,0,1,1,1,1
case_47cad311,1,0,1,0,0,1
case_4070cc99,1,1,1,1,1,1
case_5785e786,1,1,0,1,1,0
case_cabd5d47,1,1,1,1,1,1
case_7c8dea29,1,0,1,1,1,0
case_19ded3b3,1,0,1,0,1,1
case_7475411d,1,1,1,0,1,1
case_6e052ac4,0,1,1,1,1,1
case_33f65554,1,1,0,1,1,1
case_370e72d8,0,0,1,1,1,1
case_3713f83a,0,0,0,0,0,0
case_b93d494c,1,1,0,1,1,1
case_0dd0c526,0,0,1,1,1,1
case_3e06607f,1,1,1,1,1,1
case_9781d35a,1,1,1,0,1,1
case_dee78045,1,1,1,1,1,1
case_eef15166,1,0,1,1,1,1
case_9391b0bb,1,0,1,1,1,1
case_58cab44b,1,1,1,1,1,1
case_780aa335,1,1,1,1,0,1
case_a45ecbcd,0,0,1,1,0,1
case_55dcd8d9,1,0,1,0,1,0
case_d9f2056e,0,0,1,1,0,0
case_86b9d082,0,0,0,1,0,1
case_4cfd9176,0,0,1,1,1,1
case_29665d63,1,1,1,1,1,1
case_987f0d60,1,0,1,1,1,1
case_812e7a5b,1,0,1,1,1,1
case_cb36343c,1,1,1,0,0,1
case_b110f9bd,1,1,0,1,0,1
case_ef1ae76d,1,0,1,1,0,0
case_c84dc462,1,1,1,1,1,1
case_a933a42b,0,0,0,1,1,1
case_092f1b8c,1,0,1,1,0,1
case_0c915380,1,0,1,1,1,0
case_4904a2c9,0,0,1,0,0,1
case_4b03781b,1,1,1,1,1,1
case_c02667a2,1,1,1,1,1,0
case_994198aa,0,1,1,0,1,1
case_68d7719d,1,1,1,0,0,1
case_04d181c6,0,1,1,0,1,0
case_ca3649f2,1,1,1,1,1,0
case_4a8f946b,1,1,1,1,1,0
case_8173baf5,1,1,1,1,1,1
case_caea1d64,1,1,0,1,1,1
case_4c90b4d0,0,1,1,1,0,1
case_d709c9ff,1,1,1,0,1,1
case_27103dcf,0,1,0,0,1,1
case_330bd6b7,0,0,1,1,0,0
case_fe48edc0,1,1,1,0,1,1
case_18feae4e,1,1,1,1,0,0
case_23465b82,0,1,1,1,1,1
case_cbf827da,0,0,1,1,1,1
case_f949b9a7,1,0,1,0,1,1
case_5746eaac,0,1,0,1,1,1
case_66233cb1,1,1,1,1,1,1
case_29387758,0,0,1,0,0,0
case_f2b7e65a,0,1,1,1,1,1
case_adee348b,1,0,1,1,1,1
case_99113249,1,0,1,1,0,1
case_10f691eb,1,1,1,1,0,1
case_74d784d5,1,0,1,1,1,0
case_7b8ef70b,0,0,1,1,1,0
case_3719babe,0,1,1,1,1,1
case_e64828a4,1,1,1,1,0,1
case_76e5dae9,1,1,1,1,0,1
case_cd9b4707,1,1,0,1,0,0
case_c712277d,1,1,1,0,1,1
case_0681a225,1,0,1,0,1,0
case_692c368b,1,1,1,1,1,1
case_7d24edb8,1,1,1,1,0,1
case_cb834d66,0,0,1,0,1,1
case_7102e391,0,0,1,1,0,0
case_ab295259,1,1,1,1,1,1
case_fa8ec37f,1,0,1,1,1,1
case_6db65b03,1,1,1,0,1,1
case_fc2a098f,1,1,0,0,1,1
case_44fbfc88,1,0,1,0,1,1
case_6f54dffb,0,1,0,1,0,1
case_419c90f7,1,0,1,1,1,1
case_cbd8fa64,1,1,1,1,1,1
case_838f610d,1,1,1,1,1,1
case_ecc409fe,0,1,1,0,0,0
case_ab43811f,1,1,1,0,1,0
case_6f016428,1,1,1,1,1,1
case_611563f3,1,0,1,0,1,1
case_8507c0f3,1,1,1,1,0,1
case_2e10ff25,1,1,1,1,1,1
case_f6cc65bd,1,0,1,1,1,0
case_68cb052c,1,0,1,1,0,1
case_f3294cb4,1,0,1,0,1,1
case_0c5f59e5,1,1,1,1,1,1
case_28ede360,1,1,1,1,1,0
case_f55d5619,1,1,0,1,0,1
case_a3714004,1,1,1,1,1,1
case_a45ed2e4,0,1,1,0,1,1
case_f7590c73,1,0,1,0,1,1
case_0b37f13e,1,1,1,1,0,1
case_1c1b0143,1,0,1,1,1,1
case_6d0ffbc6,0,1,1,1,1,1
case_364860ef,0,1,1,0,1,0
case_e98e4a48,1,1,1,0,1,1
case_d0b8e921,1,0,1,1,1,1
case_2a26a5eb,1,1,1,1,1,1
case_ec83c2ef,1,1,1,1,1,1
case_a260f82b,0,1,0,0,1,1
case_8326e550,0,0,1,1,1,1
case_0b515307,0,0,1,1,1,0
case_5684d815,1,1,1,1,0,1
case_aa8d4bc5,0,1,1,1,0,0
case_ef13ac84,0,1,1,1,1,1
case_0198d0aa,1,0,0,0,0,0
case_203e6734,0,0,1,1,1,0
case_cddb090d,1,1,1,1,1,1
case_9c23bd84,0,0,1,0,1,1
case_03206075,1,1,1,1,1,0
case_4b667c8a,0,1,1,1,1,1
case_02d720a5,1,1,1,1,1,1
case_77f80800,0,0,1,0,1,1
case_d89a08b7,1,1,1,1,1,1
case_0dc3ed3d,1,1,1,1,1,1
case_d3aa0e00,0,0,1,1,1,1
case_ae7946cb,1,1,0,1,1,0
case_a1aad7e4,1,1,1,0,1,1
case_7448718c,0,1,1,1,1,1
case_578969bd,0,1,1,1,0,1
case_2f3c9160,0,0,1,1,0,1
case_0b6f4605,1,1,1,1,0,1
case_3e101f68,0,1,1,1,1,1
case_9a82ce9d,1,1,1,1,1,1
case_e0bb7a15,1,1,1,1,1,1
case_a07839c5,0,1,1,1,1,1
case_f1df7cba,1,0,1,1,0,1
case_47bb4f03,1,0,1,1,0,1
case_1f46980e,1,1,1,1,0,1
case_0b015dc5,0,1,1,1,0,1
case_33e5b0e1,1,1,1,1,1,1
case_f7fc58f4,1,0,1,1,1,0
case_edf081c6,1,0,1,0,1,0
case_c807ef40,0,0,1,1,1,1
case_aef96054,1,0,1,1,0,1
case_435e6a76,0,1,0,1,1,0
case_5082f24f,0,0,1,1,0,1
case_85bb8e7a,0,0,0,1,1,0
case_d2f91e1c,1,1,1,1,1,1
case_b495e1be,1,0,1,0,1,0
case_c6900e39,0,0,1,0,1,1
case_5b54ff05,1,1,1,1,1,1
case_5e79e59f,1,0,1,1,0,1
case_6a9bd239,0,1,1,1,1,1
case_4cd76502,0,0,1,0,0,0
case_80da8da9,1,1,1,1,1,1
case_b9b71599,0,0,1,0,0,1
case_4e579d82,0,1,1,1,1,1
case_6d7f84fc,1,0,1,1,1,0
case_3476e5b3,1,1,1,0,0,0
case_91d54490,1,1,1,1,1,1
case_c6b280df,1,1,1,1,1,1
case_072353e5,0,0,1,0,0,1
case_e58ac269,1,1,1,0,1,1
case_3708c4ef,1,1,1,1,0,1
case_929157cd,0,1,1,1,1,1
case_e7a179ed,0,0,1,0,0,1
case_75237b38,1,0,1,1,1,1
case_e6173b1e,1,1,1,1,1,1
case_032cc497,1,1,1,0,1,1
case_76a058ae,1,1,1,1,1,0
case_8bafe0aa,0,1,0,1,1,0
case_2936bfe7,1,1,1,0,1,1
case_fbb75149,1,1,1,1,1,1
case_00ee45aa,1,0,1,1,1,1
case_34ea9fd9,0,0,1,1,0,1
case_c5b2ab4b,0,0,0,0,0,0
case_09139525,0,1,1,1,1,1
case_4cfef47b,0,1,1,0,0,1
case_a449f7bc,1,1,1,1,1,1
case_364f2655,0,1,1,1,1,1
case_f7464b4f,1,0,1,1,0,1
case_c035a799,1,1,1,0,0,1
case_4663a2ee,0,0,1,1,1,0
case_52c66bfa,0,1,1,1,1,1
case_0b6a43bc,0,1,1,1,0,1
case_5179077b,0,0,1,1,1,1
case_05cc92fd,1,0,1,1,1,1
case_94644c77,1,1,1,1,1,1
case_b0e7d9e1,1,0,0,1,0,1
case_5fa07192,0,1,1,1,1,1
case_d2cde78e,1,0,1,1,0,1
case_6881b5fc,1,1,1,1,1,1
case_fb1799b6,1,1,1,1,1,1
case_76cc0737,1,1,1,1,1,1
case_3150f768,1,0,1,0,1,0
case_49fadc31,1,1,0,1,1,1
case_3f085013,0,0,1,0,1,1
case_35103bbb,0,0,1,0,0,0
case_4248c4eb,1,1,1,1,1,1
case_cacf6f72,1,0,1,0,0,1
case_1bd0d71a,0,1,1,1,1,1
case_506abe04,1,0,0,0,0,0
case_7f724a77,1,1,1,0,1,1
case_0345c344,1,1,1,1,1,1
case_bccfe0a0,1,0,1,1,0,1
case_bb1f13e5,0,1,0,0,1,1
case_ec389b1b,0,1,1,0,0,1
case_86600243,1,1,1,1,1,0
case_8c03e3f1,1,0,0,1,1,1
case_cc4c2908,0,1,0,1,1,1
case_18bc6e7e,1,1,1,1,1,1
case_c8fd6a92,1,1,1,1,1,1
case_734f843e,1,1,0,0,1,1
case_fa99a0c7,0,1,1,0,0,1
case_c1bc2636,1,1,1,1,1,1
case_f88b9dd6,0,1,1,1,0,1
case_fc82dcc7,0,1,1,1,0,1
case_c877c73b,1,0,1,1,1,1
case_d7e8bc3a,1,1,1,1,1,0
case_37296d50,1,1,0,1,1,1
case_c78b7397,1,1,1,1,1,1
case_154c11bf,1,0,1,1,1,0
case_e582457d,1,1,1,1,1,1
case_66293fbc,0,0,1,0,1,1
case_6fc3ba12,1,0,1,1,1,1
case_c8597edd,0,0,1,0,1,1
case_d589a9f4,1,1,1,1,1,1
case_9a317eda,1,1,1,1,1,0
case_31b9655e,1,1,1,1,1,1
case_9ba92a36,1,1,1,0,0,1
case_3d80a4bd,1,0,1,1,1,1
case_6ecbaa25,0,1,1,1,1,1
case_c2d282dc,1,1,1,1,1,1
case_b506fc0a,1,1,1,0,1,0
case_2bd870a5,0,1,1,0,1,0
case_8bc8ed2d,0,0,0,1,0,0
case_a3edb03f,0,1,1,0,1,1
case_d7941c5d,0,1,1,1,1,1
case_6d72d309,1,0,0,0,1,1
case_2767bae3,0,1,1,1,1,1
case_c59c50e9,1,0,1,1,0,0
case_5c6648b3,0,1,1,0,1,1
case_7e7e3826,0,0,1,0,1,1
case_54ef66d2,0,1,1,0,0,0
case_7a5ec9c1,1,1,0,1,0,1
case_addc5cdd,1,0,0,0,0,1
case_82c9d413,0,1,1,1,1,1
case_cdfc4c35,1,1,1,1,0,1
case_6c230978,0,1,1,0,0,1
case_aacd972d,0,0,1,1,1,1
case_fbe37a91,0,0,1,1,0,1
case_38ce7596,0,1,0,1,1,1
case_310bf778,1,1,0,1,1,1
case_ed520102,0,1,1,1,0,1
case_163a8888,1,1,1,1,1,1
case_020fab08,1,1,0,0,0,1
case_91374357,1,0,1,0,1,0
case_db2dd4f4,0,0,1,1,0,0
case_06d7efb6,0,1,1,0,1,1
case_eb76c7fe,1,1,1,0,1,1
case_d7993ab8,1,1,1,0,0,0
case_e6d1b4dd,1,0,1,1,1,0
case_2bdcb941,1,1,1,1,1,1
case_67139052,1,1,1,1,1,1
case_fa340d5f,0,1,0,1,0,1
case_cd52be92,1,1,1,0,1,1
case_47b29907,1,1,1,1,1,0
case_9b9b1b57,1,1,1,1,1,1
case_ce510c11,1,1,1,1,1,1
case_8e7a8803,1,1,0,1,1,1
case_c6f028d7,0,1,1,1,1,1
case_d341c108,1,0,1,1,1,1
case_87c6a92a,0,1,0,0,0,1
case_5e9831ad,0,1,1,1,1,1
case_7ee587bf,1,1,1,1,1,1
case_35d0833f,1,1,1,1,1,0
case_d75fd718,1,1,1,1,1,1
case_c7c56024,1,0,1,1,1,0
case_e3753d91,0,0,0,1,0,1
case_b65677f2,0,0,1,1,1,0
case_adf21ce1,1,1,1,1,1,1
case_9f13992b,0,0,1,1,1,1
case_f02c8c61,1,0,1,1,1,1
case_341482cd,1,1,1,1,1,0
case_8af7ae28,1,1,0,1,1,1
case_85dbe932,0,1,1,1,0,1
case_3e9b98af,0,0,1,1,0,1
case_e78e1fa1,1,0,1,1,1,1
case_ef567f89,1,0,1,0,1,1
case_dce73a00,0,0,1,0,0,1
case_bcb87541,0,1,1,0,1,0
case_96d2b311,0,0,1,1,0,0
case_471443b7,1,1,1,1,1,1
case_8ff74fa0,1,1,1,1,1,1
case_3dbfd4b3,1,1,1,1,1,1
case_100a7856,1,1,1,0,1,1
case_a29fcc9d,0,0,1,1,1,1
case_fd91b1a6,1,1,1,1,1,1
case_396e538d,1,1,1,1,1,0
case_c1ef2a4d,0,0,1,0,1,0
case_de054803,1,1,1,1,1,1
case_1cc485b0,1,1,1,1,1,1
case_06ac853d,0,1,1,1,1,0
case_0e6e2f06,0,0,1,1,0,1
case_e05a4e9e,1,1,1,1,0,1
case_5a6eadf5,1,1,1,1,0,1
case_01968bc0,1,0,1,1,1,0
case_cd1aa96e,0,0,1,1,1,1
case_974d86d1,1,1,1,1,0,1
case_73e726dc,0,1,1,1,1,1
case_1e050407,1,1,1,0,1,1
case_e28995c8,1,1,1,0,1,1
case_0031a7a1,1,0,0,0,1,1
case_c68b14cc,1,1,1,1,1,1
case_38e9283e,0,1,1,1,1,1
case_e1810a1c,1,1,1,1,1,1
case_bf413378,0,1,1,1,0,1
case_b9d64cc2,0,1,1,0,0,1
case_c6c4b461,0,1,0,0,0,0
case_91eb29ff,1,1,1,0,1,1
case_64b12743,1,1,1,1,1,1
case_f7c88c93,1,0,1,1,1,1
case_161eeb00,0,1,1,1,0,0
case_c47db18d,0,1,1,1,1,1
case_e521d40a,1,1,1,1,1,0
case_8ff5a179,0,1,1,0,0,1
case_989bd3a5,1,0,1,1,0,1
case_42ed7536,0,0,0,1,0,0
case_ccaee92f,0,0,1,1,0,1
case_ca944a60,1,1,1,1,0,1
case_bcaf3484,1,1,1,1,0,1
case_c50ebac1,0,1,1,1,0,0
case_d67f296e,1,1,0,1,1,1
case_3771ae05,1,1,1,1,1,1
case_4d46ae0b,1,0,0,1,0,1
case_0deb6bfa,0,1,1,1,0,1
case_dd332505,0,1,1,0,1,1
case_ef628f96,0,1,1,1,1,1
case_aae712a6,1,1,1,1,1,1
case_918bb076,0,1,1,1,1,0
case_da61de20,0,0,1,1,1,1
case_74a62db4,0,0,0,0,1,1
case_cac0ebe5,1,0,1,1,1,0
case_89c9d662,0,1,1,1,1,0
case_2b45248b,1,0,1,1,0,1
case_80ad550c,1,0,1,1,1,1
case_4afb153f,1,0,1,1,1,0
case_4cc1ba0e,0,0,1,1,0,1
case_d6f44baf,1,1,1,1,0,0
case_9f1e8606,0,0,1,0,1,1
case_9430e21c,1,0,1,0,0,1
case_24ba8c20,1,1,1,1,0,1
case_6847638d,1,1,1,0,1,1
case_f1c9271a,0,1,1,1,0,1
case_1f55b7f9,0,0,1,1,0,1
case_af0e39b4,1,1,1,1,1,0
case_c7c04237,0,1,1,0,1,1
case_32d0bee9,0,0,1,0,0,0
case_baa59a38,1,1,0,0,1,1
case_752927c0,1,0,1,1,1,1
case_84310dcb,0,1,0,1,1,1
case_1e99053d,1,1,0,1,1,1
case_939cb9ad,0,0,0,1,0,1
case_31655edd,0,1,0,1,1,0
case_8e6a6cb7,1,0,1,0,1,1
case_0a14a929,1,1,1,1,1,1
case_8e4c9c0f,1,0,1,0,0,1
case_556c6846,1,1,1,0,0,1
case_62109676,1,1,1,1,1,1
case_45e158d9,0,1,0,0,1,1
case_99cdac41,1,1,1,1,1,1
case_15744d3f,1,1,0,1,0,1
case_87d29cff,1,1,0,1,0,1
case_af2f885f,1,0,0,1,1,0
case_257c0b1f,1,1,0,1,1,0
case_310cd762,1,1,1,1,1,1
case_abc82d6b,1,0,0,0,0,0
case_9b21f4fd,1,0,1,0,1,1
case_43fb6dc1,1,1,1,1,1,1
case_6969a192,1,1,1,1,1,1
case_4f772db0,1,1,1,1,1,0
case_83340f81,1,1,1,1,1,1
case_52f81bc8,0,0,1,1,1,1
case_8c663c8e,1,1,1,1,1,1
case_c394157d,0,0,1,1,1,1
case_89cc103d,0,0,1,1,0,0
case_e0e74152,0,0,1,1,0,1
case_43e49d68,1,1,1,1,1,1
case_bf68d8cc,1,0,1,0,1,0
case_1c3a465f,1,0,1,0,1,1
case_a1229108,0,0,0,0,0,0
case_ba608624,1,0,0,1,0,1
case_08e80790,0,1,1,1,1,1
case_06e5391b,1,1,1,1,1,1
case_3a086bb5,0,0,0,0,0,0
case_945dbfe7,1,1,1,1,1,1
case_db9dcf54,1,1,1,0,1,1
case_5c5bf015,1,1,1,1,1,1
case_c069a32a,0,0,1,1,1,0
case_01a35a4b,1,1,1,1,1,1
case_697d62fb,1,0,1,0,0,1
case_77b199d4,1,0,1,1,1,1
case_1c6355a5,1,1,1,1,1,1
case_9f1363bc,1,0,1,1,1,0
case_a6014666,1,1,1,1,1,1
case_617347ed,1,1,1,0,1,1
case_47cafc10,1,1,1,1,0,1
case_fc2db9ba,1,0,0,1,1,1
case_29f38a09,1,1,1,0,1,0
case_5e7c2d80,1,1,1,1,1,1
case_a945458c,0,0,1,0,1,1
case_e0b61ea4,1,1,1,1,1,1
case_3077a4ac,0,1,1,1,1,0
case_6f07d47d,0,0,1,0,1,1
case_14f3aa81,1,1,1,1,1,1
case_b22469ec,1,1,1,1,1,1
case_6d5e7429,0,0,0,0,1,0
case_35357df7,1,1,1,0,1,0
case_d0eb0436,0,1,0,1,0,1
case_5267d23a,1,0,1,0,1,1
case_20621cc0,1,1,1,1,1,1
case_19aff012,0,1,1,1,1,1
case_6a399658,0,1,0,0,1,0
case_14335024,1,0,1,0,0,1
case_558bbb44,1,0,1,1,1,1
case_4fdff987,0,0,1,0,1,1
case_af83facd,1,1,1,0,1,1
case_e55e927a,1,0,1,0,0,0
case_0d8c253c,1,1,1,1,1,1
case_e8e1d1dd,1,0,1,1,1,1
case_1fe4ca34,1,0,1,1,1,1
case_c59bfbc0,1,1,1,1,1,1
case_5bf29665,1,1,1,1,1,1
case_49a8e640,0,0,1,1,0,0
case_24ac723e,1,1,0,0,1,1
case_85ba3490,1,1,1,1,1,1
case_7b539ac5,1,1,1,1,1,1
case_b4186bca,0,1,1,1,1,1
case_a2115d25,1,1,1,1,1,1
case_feec836d,1,1,1,1,1,1
case_f02e863c,1,0,1,1,1,0
case_63489c46,1,1,1,1,1,1
case_8df94638,0,1,1,0,1,1
case_103159c7,0,1,1,0,1,1
case_ae3beb59,1,1,1,1,1,1
case_b3ef0a8d,0,1,0,1,0,0
case_f400897e,0,0,1,0,0,1
case_d826df76,1,1,1,1,0,1
case_ac2af02b,1,1,0,1,1,1
case_f5d4eb69,0,0,1,0,1,1
case_fec64ba3,0,1,1,1,0,1
case_bbd91f7f,0,0,1,1,0,1
case_808459c8,1,1,1,1,1,1
case_9a364844,0,1,0,1,0,1
case_7bf47509,1,1,1,0,1,1
case_4cecec35,1,1,1,1,1,1
case_207baf18,1,1,1,1,1,1
case_a8b5a8ce,0,1,1,1,1,1
case_9850db90,1,1,1,1,1,1
case_d2f19ebc,1,1,1,0,1,1
case_a891e945,1,1,1,0,0,1
case_1c2423cf,0,1,1,0,1,0
case_7cd6da44,1,0,1,1,1,1
case_725b346f,0,1,1,1,1,1
case_3194789c,0,0,1,1,1,1
case_0416a2b4,0,0,1,0,1,1
case_96e9bb7a,1,1,1,0,1,1
case_8d569e3e,0,1,1,1,1,0
case_40a10f98,1,1,1,1,1,1
case_6a5ff3d6,0,1,0,1,1,1
case_ad01aef6,1,0,1,1,1,1
case_499eb566,1,1,1,0,0,0
case_2f8448a9,1,1,1,1,1,1
case_ccf1c703,1,1,1,1,1,1
case_4f8b60f2,1,1,1,1,1,1
case_24649bc4,0,0,1,0,1,1
case_922b3c40,1,1,1,1,1,1
case_3ff19d50,0,1,1,1,0,1
case_b0c46ca3,1,1,1,1,1,1
case_9b997ae9,1,1,0,1,1,0
case_87756dd8,1,1,1,1,1,1
case_7e4f7e41,0,0,1,0,0,1
case_11137275,0,1,1,1,1,1
case_0223a304,1,1,1,1,1,1
case_aa8c2aa7,0,1,1,0,1,0
case_dfdc9c1d,0,0,1,0,0,1
case_e2ded321,1,1,1,1,1,1
case_094ff7cb,1,1,1,1,0,0
case_1443a746,1,1,1,1,1,1
case_2a6c8ffd,1,1,1,1,1,1
case_f6bd31d6,0,0,1,1,1,1
case_134e0aca,1,0,1,1,1,1
case_b313dd6c,1,1,1,1,1,1
case_2506b186,0,1,1,0,1,1
case_ff6f7582,0,0,1,1,1,1
case_9e51663f,0,0,1,0,0,1
case_6a581b5c,0,1,1,1,1,1
case_75db4d93,1,1,1,1,0,1
case_b4fcca1e,1,1,1,1,1,1
case_9042960d,1,1,1,1,1,1
case_234cd5de,0,0,0,1,0,0
case_f9f6e899,1,0,0,0,0,1
case_78840897,1,1,1,1,1,1
case_fe155294,1,1,0,1,1,1
case_bed70f47,1,1,1,1,1,1
case_67f1f24b,1,1,1,1,1,1
case_a48b10c9,1,0,1,1,1,1
case_706a7db7,0,1,1,0,0,1
case_37b36471,1,1,1,1,1,1
case_29b395cd,0,1,1,1,0,1
case_d070db45,1,1,1,0,1,1
case_25eae28a,0,1,1,1,1,1
case_9fa0f4fa,0,1,1,1,0,1
case_311f23b0,1,1,1,1,1,1
case_27b51762,0,0,1,0,1,0
case_417e5344,1,1,1,0,1,0
case_b03c4972,1,1,1,0,1,0
case_3e892a82,0,0,1,0,1,1
case_9cfa1336,1,1,1,0,0,1
case_61dcdecc,1,1,0,1,0,1
case_beccae4d,1,1,1,1,1,1
case_a37e0854,1,1,1,1,1,1
case_8ae58abe,1,1,1,0,1,1
case_a707a4b5,1,1,1,1,1,0
case_bd255ecd,0,1,1,1,1,1
case_d8173c53,1,1,0,0,0,1
case_6d69b402,1,0,1,1,0,1
case_fc088a43,0,1,1,1,1,1
case_43591b25,1,0,0,1,1,1
case_eba162a3,1,1,1,1,1,1
case_60148aba,0,1,1,1,1,1
case_5bef6e31,0,1,0,1,0,1
case_4974f3f3,1,1,1,1,0,1
case_42284729,0,1,1,1,1,1
case_ba45b21b,0,0,1,1,1,1
case_d6fe00d4,0,0,1,0,1,1
case_c733476d,1,0,1,1,1,1
case_82a7a341,0,1,1,1,1,0
case_bb1fe385,0,1,1,1,1,1
case_6f4f71cf,0,0,0,0,0,0
case_349cd5ae,1,0,1,0,0,1
case_28338e3b,1,1,1,1,1,1
case_06434d69,1,1,1,1,1,1
case_742e2112,1,1,1,1,0,0
case_d11c9c2d,1,0,1,1,1,1
case_10bbc07b,1,0,1,1,0,1
case_51277a47,1,0,1,1,1,1
case_2c62f4e1,1,1,1,1,1,0
case_427aea77,1,0,1,0,1,0
case_e0c82ea5,1,1,1,1,1,1
case_da3f42d6,0,0,1,1,0,0
case_7238dc02,1,0,1,1,1,0
case_a6997313,1,1,1,1,1,1
case_162030ba,1,1,1,1,1,1
case_f5489c99,0,0,1,0,1,0
case_07b0832c,1,0,1,1,1,0
case_5dd45278,1,1,1,1,1,0
case_7ccaff52,0,0,1,0,0,0
case_76fe96b9,1,1,1,1,1,1
case_20ce0a19,0,0,1,1,1,1
case_42017db2,1,0,1,1,0,0
case_19913408,1,1,1,0,1,1
case_4b964f2c,1,1,1,1,1,1
case_89973aa0,1,1,1,1,1,1
case_11d9c18f,1,1,1,1,1,1
case_299e39b9,1,0,1,0,1,1
case_e8846b9a,1,1,1,1,0,1
case_ac8a22d3,1,1,1,1,1,1
case_33dc1c78,1,1,1,1,0,1
case_8e2ee90e,1,1,1,0,0,1
case_afbbc5aa,1,1,1,0,1,1
case_42c2e7d0,1,0,0,0,1,1
case_cc20335b,1,1,1,1,1,1
case_b14f0f4a,1,1,1,1,1,1
case_559aa928,0,0,0,1,1,0
case_d091767d,1,0,1,1,1,1
case_b402e75c,1,0,1,1,1,1
case_3642aaa2,1,0,1,1,0,1
case_febe9388,1,0,1,0,1,0
case_40a56642,0,1,1,1,1,1
case_299a7bec,1,0,1,1,1,1
case_876e9382,1,0,0,1,0,1
case_600b28de,0,1,1,1,1,0
case_554569ab,1,0,1,1,1,1
case_b3b8b903,0,1,1,0,0,1
case_1b2c6526,1,1,1,1,1,1
case_10002b01,1,0,1,1,0,0
case_9d7bae87,1,1,0,1,1,1
case_9b0b97c7,1,1,1,1,1,0
case_a9e632d5,1,1,1,1,1,1
case_18494c11,0,0,1,1,1,1
case_f4093767,1,1,1,0,1,1
case_80c6deb1,0,1,0,1,1,1
case_5091951c,1,1,1,1,1,1
case_ee064117,0,0,1,1,1,1
case_8e29744c,1,1,1,1,1,0
case_34a08d4a,1,0,1,1,1,1
case_e93d4b33,0,1,1,1,1,0
case_002c554a,1,1,1,1,1,1
case_f2699eef,0,0,0,1,0,1
case_cb44d677,1,1,1,0,1,1
case_1cfcbf30,0,0,1,0,0,0
case_690f4e9b,1,1,0,0,1,1
case_137f1b7a,0,1,1,0,1,1
case_06c0de74,0,1,1,1,0,1
case_dfad0676,0,0,1,0,1,1
case_00954cf0,0,1,1,0,0,1
case_1b09ef92,1,1,1,1,1,1
case_f1e91176,1,0,1,1,1,1
case_9c210771,0,0,1,1,0,0
case_902bd911,1,1,1,1,1,1
case_c1f37eaf,1,1,1,1,0,0
case_8ae53efb,0,1,1,0,1,1
case_320b84e0,1,1,1,1,1,1
case_360fa771,1,1,1,0,1,1
case_a577a67d,1,1,1,1,1,1
case_c70e2b72,0,0,1,1,1,1
case_dc1e7245,1,1,1,1,1,1
case_6ca2b25f,1,1,1,1,1,1
case_d78febbc,0,1,1,0,1,0
case_e1dc2f71,1,0,1,1,1,0
case_0c0dc61d,1,1,0,0,1,1
case_fbbfea8b,0,0,1,0,0,1
case_5cbbdc12,1,0,1,1,0,1
case_57af47b3,0,1,1,1,1,0
case_80d31ea2,0,0,1,1,1,1
case_a92d169c,1,0,1,1,0,1
case_f2bed0e7,0,0,1,0,0,1
case_0f807b0c,0,0,0,0,0,0
case_88b22314,0,1,1,0,0,1
case_ca9ad41c,1,1,1,1,1,1
case_b4f54db4,1,1,1,1,1,1
case_b3406869,1,1,1,1,1,1
case_c29fde43,1,1,1,0,1,1
case_fe0908d9,0,1,1,1,1,1
case_745e0400,1,1,1,1,1,0
case_600fafc2,0,0,0,0,0,0
case_7d41ffc2,0,0,1,1,0,1
case_27ae16f2,0,1,1,0,0,1
case_35382165,1,1,1,1,1,1
case_7b35b3de,1,0,1,1,1,1
case_d639a11a,1,0,1,1,0,1
case_1ee35163,0,0,1,1,1,1
case_b64cf2cc,1,1,1,1,0,1
case_9ff65e83,1,1,1,1,1,1
case_a59f2124,1,1,1,1,1,1
case_1d1801d3,0,0,1,1,0,1
case_f97cafc3,1,1,1,1,1,0
case_f2bacab9,1,1,1,1,1,1
case_5d43c1ed,1,1,1,1,1,1
case_37f255e4,0,1,1,1,1,1
case_1f7c2209,0,1,1,0,0,1
case_29e12961,0,1,1,0,0,1
case_a90cb277,1,1,1,1,1,1
case_5ecfcba4,0,0,1,1,1,0
case_3eca7239,1,0,1,1,1,0
case_9271a0a7,1,1,1,1,1,1
case_1c0848c2,0,0,1,1,1,1
case_e0cbfb12,0,1,1,0,0,1
case_bde2e524,0,1,1,1,1,1
case_cc19ece2,1,1,1,1,0,1
case_3eea8745,1,0,1,1,0,0
case_a86b39bb,0,0,1,1,0,1
case_b76f21a9,0,1,0,1,1,1
case_10f57fef,1,1,1,1,1,1
case_9f06b3d8,0,1,1,1,0,1
case_43c0e37a,1,0,1,1,1,1
case_06802a17,0,1,1,0,0,0
case_f8a921d0,1,0,1,1,1,1
case_1564589f,0,1,0,1,0,0
case_0f3a7f12,1,0,1,0,1,1
case_1009b466,1,1,1,1,1,1
case_d0bb860e,1,0,1,1,1,1
case_31c07df3,1,1,1,1,1,0
case_996f3dfc,0,1,1,1,1,1
case_92700288,1,1,1,0,1,1
case_3993a458,1,1,1,1,0,0
case_6ee1200b,1,0,1,0,0,1
case_4317a589,1,1,1,1,0,0
case_04b4a4d6,0,1,1,1,1,0
case_ad84fde5,0,1,0,0,1,1
case_422ef1d8,1,0,1,0,1,1
case_226387c8,0,1,1,1,1,1
case_0bb5834e,0,1,1,1,1,0
case_7e2c73c9,0,1,0,0,1,0
case_667d1403,1,0,1,0,1,0
case_93b632e5,0,1,1,1,1,1
case_8882713a,1,1,1,1,1,0
case_ab4a44ac,1,1,1,1,1,1
case_255e377b,1,1,1,1,1,1
case_5695bfab,1,1,1,1,1,1
case_19cff1f1,1,1,1,1,1,1
case_070f7d35,1,1,1,1,0,1
case_65e4d279,0,1,1,0,1,1
case_63dbdc25,1,0,1,1,1,1
case_6ba932a4,1,1,1,1,1,1
case_ec4f28f4,0,1,1,1,0,1
case_de9d3161,1,0,0,1,0,1
case_36cc4587,1,1,1,1,1,1
case_05b9faf2,0,0,1,0,1,1
case_001e51fe,0,0,1,1,1,1
case_b6e06f9e,1,1,1,1,0,0
case_02c02f5f,1,1,1,1,1,1
case_0e3f083a,1,0,1,1,1,1
case_daf03701,0,0,1,1,1,1
case_70ec67da,1,0,1,1,1,1
case_33854556,1,0,1,0,1,1
case_7da006f3,1,0,1,1,0,0
case_dc88d881,1,1,1,1,1,1
case_94fde4d0,0,1,1,1,0,1
case_328e862b,1,1,1,1,1,1
case_7a990a5d,1,1,1,1,1,1
case_75a1ce79,1,1,1,0,1,1
case_a78fab69,1,1,0,1,1,0
case_70429d4e,0,1,0,0,1,1
case_1b5f4f66,1,1,1,1,1,1
case_25b549c4,1,1,1,0,1,1
case_eb7ca53b,1,1,1,1,1,1
case_43951306,1,1,1,1,0,1
case_4e2ba709,1,1,1,1,1,1
case_7d68fe45,0,1,1,1,1,1
case_7cdd6477,1,1,1,1,1,1
case_ae1cf133,1,1,1,1,1,1
case_08a97ef3,1,0,1,1,1,1
case_7774b550,1,0,1,1,1,1
case_d542208e,1,1,1,1,1,1
case_a87c0a82,1,0,1,1,1,1
case_4b8be51e,1,1,1,1,1,1
case_4466a531,0,0,1,1,0,1
case_64fdbcab,0,0,1,1,1,1
case_90e168fa,0,0,1,0,1,1
case_43cb9efd,0,1,1,1,0,1
case_1d1c6575,1,0,1,1,1,1
case_e253e370,0,0,1,1,1,1
case_e20e1cd5,1,1,1,0,0,1
case_c397c454,1,0,1,1,1,1
case_bafb9999,1,1,1,1,1,1
case_d0f37b92,1,1,1,1,1,1
case_ad30fc83,0,1,1,0,1,0
case_97499ccc,0,1,1,1,1,1
case_f753336e,1,1,1,1,0,1
case_5bb3a1f4,1,1,0,1,0,1
case_15fab6bc,0,0,1,0,0,1
case_7bcd08f5,0,1,1,1,1,1
case_f65fe120,1,1,1,1,1,1
case_af6a2d6c,1,1,1,0,1,1
case_d0cd27ec,0,0,1,1,0,1
case_2c2da64e,1,1,1,1,0,1
case_8a29f591,0,1,1,1,1,1
case_b5044a26,1,1,1,1,1,1
case_fc4d0330,1,0,1,1,1,1
case_993e1848,1,1,1,1,1,1
case_e478d92c,0,1,1,0,0,1
case_b28c16f1,0,0,0,1,1,1
case_b847b550,1,0,1,1,0,1
case_c17f7e55,1,1,1,1,1,1
case_6a498025,0,0,1,1,1,0
case_a6ad3200,1,1,1,0,1,1
case_3e7540ff,0,1,0,1,0,1
case_134d7222,0,1,0,0,1,0
case_0ee531cb,1,0,0,0,0,0
case_65aa05db,1,1,0,1,1,1
case_3bcb35c5,0,1,0,0,0,0
case_396ccacf,1,1,1,1,0,0
case_752e51fe,0,1,0,1,1,1
case_7c8e639a,0,1,0,0,1,1
case_d9c6eac2,1,0,1,1,1,1
case_9b66d3ba,1,1,1,1,1,1
case_ebddc22b,1,1,0,0,1,1
case_f9e3edce,0,0,1,1,0,1
case_bd33b420,0,1,0,0,0,1
case_2cbc9ba7,0,0,0,1,0,0
case_dfc533ad,1,1,1,0,1,1
case_7855903f,1,1,1,1,1,0
case_6a1c60f3,1,1,1,1,1,1
case_abb61e33,1,1,1,1,1,0
case_297042ac,0,0,1,0,0,0
case_157fec90,1,1,1,1,0,1
case_7db7876b,1,1,1,1,1,1
case_112d7b88,0,1,1,0,1,0
case_d01f7390,1,1,1,0,1,1
case_505c126b,1,1,1,1,1,1
case_2bcc1f73,0,0,1,1,0,1
case_2d498965,0,1,1,0,0,1
case_fa989728,1,0,1,1,0,0
case_ab83c7fd,0,0,1,0,0,0
case_52d3c108,1,0,1,1,1,1
case_7ab00cec,1,1,1,1,1,1
case_00ad7b3c,1,1,1,1,1,1
case_20a99e71,0,1,1,0,0,1
case_84afb4e8,1,1,1,1,1,1
case_6fe7e7d2,1,1,1,1,1,1
case_239f21de,1,0,1,1,1,1
case_374f3253,0,0,1,0,1,1
case_fa7b0426,0,1,1,1,1,1
case_84386706,0,0,1,1,0,1
case_c0db066d,1,0,1,0,1,1
case_d5a3627b,0,1,1,1,1,0
case_2ea9ccbc,0,1,0,1,1,0
case_f310dcc5,1,1,1,1,1,1
case_ecb0b8bb,1,1,1,1,0,1
case_a3bf9c44,0,1,1,1,1,1
case_9fd9d6df,1,1,1,1,1,1
case_d9a1808d,1,1,1,1,1,1
case_09286c39,1,0,1,1,0,1
case_f3ad7707,0,1,1,0,1,1
case_2745a46a,0,0,1,1,1,1
case_a5305b3e,0,0,1,0,1,1
case_20c7d897,0,1,1,0,0,1
case_d6559374,0,1,0,1,1,1
case_c0650a84,0,1,1,0,0,0
case_681a9424,1,1,1,1,1,1
case_5941fa32,1,1,1,1,1,1
case_5a278215,0,0,1,1,0,1
case_60b4704e,0,0,1,1,1,1
case_4d7b5622,1,0,1,0,0,0
case_e93741f7,0,0,1,1,1,1
case_b2e66c63,0,1,1,1,1,1
case_96520c22,1,1,1,1,1,1
case_a56cd49c,0,1,1,1,1,1
case_bd97d22b,1,1,1,0,1,1
case_84ede7cf,0,0,1,0,1,1
case_bec4e508,0,0,1,0,1,1
case_98f2b0ff,0,1,1,1,1,1
case_6c338212,1,1,1,0,1,0
case_8b9278cb,1,0,1,1,1,1
case_aa25a0cb,0,1,1,1,1,1
case_00a9882e,0,1,1,1,0,1
case_a2b8f726,1,1,1,1,1,1
case_b7d24b5f,0,0,1,0,0,0
case_f9568135,1,1,1,1,0,1
case_41019a90,1,0,1,1,1,1
case_1570a666,1,0,1,1,1,0
case_8a562def,0,0,1,0,1,1
case_01369d90,1,0,1,0,1,0
case_e54bdecc,0,1,1,1,0,1
case_8d5b2edc,0,0,1,1,1,1
case_dc33148d,1,1,1,1,1,1
case_6edd79ac,1,0,1,0,1,1
case_4d3a1453,1,1,1,1,1,1
case_dd019d18,0,1,1,1,1,1
case_a55c509f,1,1,1,0,1,1
case_6685ca7c,0,0,1,1,1,1
case_aff48589,1,0,1,0,0,1
case_5da956bb,0,0,1,0,0,0
case_f8488f59,1,1,1,1,1,1
case_f246fb50,1,0,1,1,1,1
case_f5cac1ad,1,1,1,1,1,1
case_30fb348a,1,1,1,1,1,1
case_09596779,1,0,0,1,1,0
case_bbbbba05,0,0,1,0,1,1
case_1954badf,0,0,1,1,0,1
case_f4374832,1,1,1,0,0,1
case_5a72b930,1,1,1,1,1,1
case_2a068310,0,1,1,1,1,1
case_c3401222,1,0,0,1,1,1
case_a32c4eba,1,0,1,1,1,1
case_26ad8a0e,1,1,1,1,1,0
case_10d2c422,1,0,1,1,1,1
case_578844da,1,1,0,1,1,1
case_255880d7,1,0,1,1,0,1
case_f0428b9f,1,1,1,1,1,1
case_7cfb52fb,0,0,0,0,1,0
case_47ee8273,1,1,1,1,1,0
case_e05ca3da,1,0,1,1,1,1
case_fdd2a748,1,1,1,0,1,1
case_e4f097c7,1,1,1,1,1,0
case_b84bd1ba,1,0,1,1,0,1
case_6df814d5,0,1,1,1,1,1
case_e6ed93a2,1,1,1,1,0,0
case_ec57327f,0,1,1,1,1,0
case_906b565d,1,1,1,1,1,1
case_3bf323ab,1,1,1,0,1,1
case_11c51ec1,1,1,0,1,1,1
case_2c0557ca,0,1,1,1,1,1
case_7987a331,0,0,0,1,0,1
case_c77a3b31,1,1,1,1,1,1
case_57a24421,1,0,1,1,1,1
case_0e3e3620,0,0,1,0,0,1
case_f8be37d5,1,0,1,1,1,1
case_23dfc79c,0,0,1,0,0,1
case_f49802d0,1,1,1,0,1,1
case_fd6e24bb,0,0,1,1,0,1
case_c48a8896,1,1,1,1,0,1
case_28b957eb,0,1,0,0,1,1
case_e3dcabb6,0,0,1,1,0,0
case_e174c687,0,1,1,1,0,1
case_046c14a7,0,1,1,0,1,0
case_4ecac411,0,0,1,1,0,1
case_bd580da6,1,0,1,1,0,1
case_ab0133ce,0,0,1,0,1,0
case_2ad4a83d,0,1,1,1,1,1
case_358e72d8,1,1,1,1,0,0
case_3100b2fa,0,0,1,1,1,1
case_caa28466,0,1,1,0,0,1
case_a1c5875d,1,0,1,1,1,1
case_9410043f,1,0,1,0,0,1
case_6f8e5c42,0,1,1,1,1,1
case_923edd23,1,0,1,1,0,1
case_2b13d8a1,0,0,1,0,0,1
case_dcdae12c,0,0,1,1,0,0
case_c7abb9d8,0,0,1,1,1,1
case_a1d33e58,0,1,1,1,1,1
case_283b11a2,1,1,1,1,1,1
case_91897495,1,1,1,1,0,1
case_060304ac,0,1,1,0,1,0
case_83af218d,1,0,1,0,1,1
case_8a8b1ad0,1,1,1,1,1,1
case_423eef3d,1,1,1,1,1,1
case_c82f04a5,0,0,1,0,1,0
case_b95b2ffc,1,1,1,1,1,1
case_e4c1f000,0,0,1,0,0,0
case_c651c199,0,1,0,0,0,1
case_144bb30a,1,1,0,0,1,0
case_1d6d5151,0,1,1,1,1,1
case_817c42da,1,1,1,0,0,1
case_c1f64460,0,1,1,1,1,1
case_e494214d,0,1,1,1,1,1
case_fda71516,0,0,1,1,1,1
case_21f70c9b,1,0,1,1,0,1
case_3c3c2452,1,0,1,0,1,1
case_feb3fbb2,1,1,1,0,1,1
case_8fd4701a,1,0,1,1,0,0
case_fc07fdb0,1,1,1,1,1,0
case_ae4aaee6,1,1,1,0,1,1
case_9f6f3d81,1,1,1,1,1,1
case_0e7778bf,1,1,1,1,1,0
case_1066f2a3,1,1,1,1,1,1
case_bb9af1e6,1,1,1,1,1,1
case_ef74b4c7,1,1,1,1,1,1
case_29eed301,1,1,1,0,1,0
case_c3e1c5f1,0,1,0,1,1,1
case_d8096595,0,0,1,0,0,1
case_a9587538,1,1,1,1,1,1
case_dd9a0409,0,1,1,1,1,1
case_f2734463,1,1,1,1,1,1
case_a13cf2ff,1,0,1,0,1,0
case_86daf459,1,1,1,1,0,1
case_cb922518,1,1,1,1,1,1
case_56d79fb9,1,1,0,1,1,0
case_a6bf2dc4,1,1,1,1,1,1
case_11b685f7,0,0,1,1,1,1
case_c3c7db4e,1,1,1,1,1,1
case_9b2d9681,0,1,1,1,0,1
case_5c655771,1,1,1,1,1,1
case_70808509,1,1,1,1,1,1
case_fe3eef1f,1,1,1,0,0,1
case_adba36ef,1,0,1,1,1,1
case_83f6929d,1,1,1,1,1,1
case_f8089674,1,1,1,1,1,1
case_98e74530,1,1,1,1,1,1
case_2f6920a3,1,0,1,1,0,1
case_cef0df8f,0,1,0,0,1,0
case_500c8345,1,1,1,1,1,1
case_896b2510,0,0,1,1,1,0
case_96149974,1,1,1,1,1,0
case_5ea22e4f,1,1,1,1,1,1
case_d5668e26,0,1,1,1,0,0
case_18111d71,0,1,1,1,1,1
case_e3958477,1,1,0,0,1,1
case_46bc6810,0,0,1,0,1,0
case_c672f49f,0,0,1,1,1,0
case_7faa6d73,0,0,1,1,1,1
case_213113e7,0,1,1,1,1,1
case_fb2fea54,0,1,1,1,0,0
case_3a3423ac,1,1,1,0,0,1
case_a6f6cd33,0,0,1,0,1,0
case_6bf2fb4f,1,1,1,0,1,1
case_821f0182,1,1,1,1,1,1
case_548d90eb,0,0,1,1,1,0
case_a6a5fdf5,1,1,0,1,1,0
case_67a9cb94,0,1,1,0,1,1
case_ab2462f9,1,1,0,0,0,1
case_2057b511,1,1,1,1,1,1
case_27a30d34,1,1,1,1,1,1
case_3d50b4e2,1,1,1,1,1,1
case_f215e233,1,0,1,1,1,1
case_c57021c4,1,1,1,1,0,1
case_075bb6b6,0,1,1,1,1,1
case_3a52b726,1,1,1,1,1,1
case_b24d6e0a,0,1,1,1,1,1
case_7ce7a508,0,1,1,0,0,1
case_804a8846,0,0,1,0,0,0
case_a31d5d8c,0,1,1,0,0,0
case_b112d275,0,1,1,1,1,0
case_e7c1072c,1,0,1,0,1,1
case_00dca4a9,0,0,1,1,1,1
case_b3875823,0,0,1,1,1,1
case_3ec1d5ce,0,1,1,1,1,1
case_edecfc08,0,1,1,1,1,1
case_baa963a7,0,1,0,1,1,1
case_322fd860,1,0,1,1,0,0
case_f36299e6,1,0,1,0,1,0
case_58912e0d,1,1,1,1,1,1
case_e6ea7815,1,1,1,1,1,1
case_6479fcb3,0,0,1,0,0,1
case_7478e627,0,1,1,0,1,1
case_a17cc64d,0,1,1,0,1,0
case_09eb899a,0,0,0,0,1,1
case_05cd7aab,1,0,1,1,0,1
case_0c69c0dc,1,1,1,1,1,1
case_83b0c861,0,0,1,1,1,1
case_2b223b65,1,1,1,1,1,1
case_d6a4b8c5,1,1,1,1,1,1
case_e93c2c47,1,1,1,1,1,0
case_2b65dfc3,1,1,1,1,1,1
case_0546112e,1,1,1,1,0,1
case_e0407d3c,1,1,0,0,1,1
case_5b3eee1d,1,1,1,0,1,1
case_268377e7,1,0,1,0,1,0
case_52d53797,0,0,1,1,0,1
case_abfa871f,1,0,1,1,1,0
case_19574754,0,1,1,1,1,1
case_85562aeb,0,0,1,1,1,1
case_f44519b0,1,1,1,1,1,0
case_bf0c919e,0,0,1,0,0,0
case_1de0c5ab,1,1,1,1,1,1
case_5ff1e103,0,0,1,0,1,1
case_4d687897,0,0,1,0,1,1
case_d50e0325,0,1,1,1,0,1
case_f86e0201,1,1,1,0,0,1
case_521caa0b,0,1,1,1,1,1
case_5fe8995e,1,0,1,1,1,1
case_ecea832c,0,0,1,0,1,0
case_a3127853,1,1,0,0,0,1
case_84bf191e,1,1,0,0,0,1
case_497b7890,1,0,1,1,1,1
case_7c99602a,0,1,0,1,1,1
case_15ed0d7a,1,1,1,1,1,1
case_abf224e2,1,1,1,1,1,1
case_dad1a69a,1,1,0,1,0,1
case_7d2708a1,0,0,1,1,1,1
case_7d5fcca7,1,1,1,1,0,1
case_8f0bb349,0,1,1,1,1,1
case_04d0cfa4,0,1,1,1,1,0
case_0fe275c0,1,0,1,1,1,1
case_3cb0d96b,1,1,1,1,1,1
case_d1187111,0,1,1,0,0,0
case_edff39d3,1,1,1,1,1,1
case_3e7804d8,0,0,1,0,0,1
case_b2fc03b6,1,1,1,0,0,1
case_748d8299,1,0,1,1,1,0
case_c121eabc,1,0,1,1,1,1
case_b4f0945a,0,1,0,1,0,1
case_8718fe7c,1,1,1,0,1,1
case_4d2bb917,0,0,1,1,1,1
case_23c71e2f,1,1,0,1,0,1
case_8c96ace2,1,0,1,1,1,1
case_7efea984,0,0,0,1,1,0
case_8113c2bf,1,1,1,0,1,1
case_661d3dd7,1,0,1,0,1,1
case_5ccfd58e,0,0,1,1,1,1
case_3ebc2f71,1,1,1,1,1,1
case_c6de12a8,0,0,1,0,0,0
case_f700d407,0,0,1,0,1,0
case_c3406b9a,0,0,1,1,1,1
case_7f1a539a,1,0,1,1,0,1
case_96454d4b,1,1,1,1,1,1
case_bf9a481d,0,0,1,1,0,1
case_bc6cc8dc,1,1,1,1,1,1
case_eb5860c3,0,1,0,0,0,0
case_55e38a3e,1,1,0,1,1,1
case_533a5ecc,1,1,1,1,1,1
case_2a5190e7,1,0,1,1,0,1
case_9abd8753,1,1,0,1,1,1
case_f74537fe,1,1,0,1,0,1
case_94725bdf,1,1,1,1,1,1
case_ba4de6ea,1,1,0,0,1,1
case_ade3691e,0,1,1,0,1,1
case_41be750c,0,0,1,1,0,1
case_91ac2442,1,1,1,1,1,1
case_d57f6a3e,1,0,1,0,1,0
case_fd6f67d4,1,1,0,1,1,1
case_92c6c05b,1,1,1,1,0,1
case_89799707,1,1,1,0,1,0
case_9e4843bc,1,1,1,1,1,1
case_07e7bd52,1,0,1,1,1,1
case_a3991022,1,1,1,1,1,1
case_0d87c2ac,1,1,1,1,1,1
case_5c82b745,1,0,1,1,1,1
case_f2574a41,1,1,1,1,1,1
case_5d1fc6ce,1,0,1,1,1,1
case_91295d01,1,1,1,1,1,1
case_490baf56,1,1,1,1,1,0
case_0ec42e13,0,0,1,1,0,0
case_e0ad6743,0,1,1,1,1,1
case_b72ef36a,0,0,1,0,0,0
case_45aa3f73,0,0,1,1,1,1
case_08636dad,0,0,1,1,1,1
case_09cdb53e,1,0,1,1,0,1
case_823e7f4a,1,1,1,0,1,1
case_d493efbc,0,1,1,1,1,1
case_1a923c48,1,1,1,1,1,1
case_af42ae16,1,0,1,1,1,1
case_9d60dc13,0,0,1,0,0,0
case_53c21051,1,1,1,1,1,1
case_eda603d2,1,1,1,1,1,1
case_104066e0,0,0,0,1,1,1
case_14f23f78,0,1,1,1,1,1
case_4e7f25c0,0,0,1,0,1,0
case_e6899cb2,1,1,1,1,1,1
case_141f1cc5,0,0,1,1,1,1
case_d2a9bec3,0,1,1,1,0,1
case_5210823f,1,1,1,1,0,1
case_c08687d9,0,0,1,1,0,1
case_ac28860a,1,0,1,1,0,1
case_3309cb7a,0,0,1,0,0,0
case_59b01cfe,1,1,1,1,1,1
case_53c53083,1,1,1,1,1,1
case_c87724ff,0,0,1,1,0,1
case_38840dfc,1,1,1,1,1,1
case_06daff56,1,1,0,0,1,1
case_9217332a,0,1,1,1,1,1
case_4fa06af0,0,0,0,0,0,0
case_cbd4b3cb,0,1,1,0,1,1
case_dc0d4871,0,0,1,0,0,1
case_eb9255f5,0,0,1,1,1,1
case_02e5621f,1,0,1,1,1,1
case_241db596,0,1,1,1,1,1
case_5d118369,1,1,1,1,1,0
case_c95a130b,1,1,1,1,1,1
case_66c375a0,1,1,1,1,1,1
case_e674b6c7,1,1,1,1,1,1
case_a069814f,1,1,1,1,1,0
case_3224a8e6,1,1,1,1,1,1
case_71fe3228,0,0,0,0,0,1
case_edf186d3,0,1,1,1,1,1
case_a605543d,0,1,1,1,1,1
case_9468149f,1,0,1,0,0,1
case_4e66565b,1,1,1,1,1,1
case_e09df62f,0,0,0,1,0,0
case_841e4133,0,0,0,1,0,1
case_6dd62c8a,1,1,1,1,0,1
case_2e5da97f,0,1,1,1,0,1
case_e65c3dcc,1,1,1,1,0,1
case_3341d22c,1,1,1,1,1,1
case_b29f5e70,0,1,1,1,1,1
case_1967d39f,0,0,1,1,1,1
case_dbf113ba,1,1,1,1,1,1
case_825a50ef,0,0,0,0,0,1
case_b01a0bb3,1,1,1,1,1,1
case_3ee3d1a6,0,0,1,0,0,0
case_dd07d543,0,0,1,1,0,1
case_2b6d5155,1,0,1,1,1,1
case_d4c96230,1,0,1,0,0,1
case_3e9ae42e,1,0,1,1,1,1
case_c5e060c2,0,0,1,1,0,1
case_117e5877,1,0,1,0,1,0
case_6405c11f,0,0,0,0,1,0
case_4c89160d,1,0,1,1,1,1
case_5c128295,0,1,1,1,1,1
case_4cd3c251,1,0,1,1,1,1
case_0ceb0a09,1,1,0,1,1,1
case_ddc849c7,0,0,1,1,1,1
case_790697f6,0,0,1,0,1,1
case_8df4c4d5,1,0,1,1,0,1
case_c060559b,1,0,1,1,0,1
case_e922fb68,0,0,1,1,1,1
case_2cbcb051,0,1,0,1,1,1
case_85802e0a,1,1,1,1,0,1
case_fc6a7bc4,1,1,1,0,1,0
case_d527e31e,1,0,1,0,1,0
case_3d9caf85,1,1,1,1,0,0
case_fd3c9bf4,1,1,1,1,0,0
case_b0ae7f58,1,1,1,1,1,1
case_fb46d561,1,1,1,1,1,1
case_ac0da143,1,0,1,0,1,1
case_ca9a25dc,1,0,1,1,0,1
case_530fb957,1,1,1,1,1,1
case_886a75af,1,0,1,1,1,0
case_9d222f67,0,1,1,0,0,1
case_c644c5f3,0,1,0,0,0,1
case_e1387a9f,0,0,1,1,1,1
case_e8b95506,1,1,1,1,1,1
case_10de25e3,1,1,1,1,0,1
case_99e6db16,1,1,1,1,1,1
case_44ef5648,1,0,1,0,1,0
case_8909e6de,0,1,1,1,1,1
case_aaa808ce,1,0,1,1,1,1
case_212f13cb,1,1,1,1,1,1
case_e880565d,1,0,1,0,1,1
case_4ce20210,0,1,1,0,0,1
case_588de369,1,1,1,1,1,1
case_e7a519f8,0,1,1,0,1,1
case_9cc9123d,0,0,1,1,1,1
case_b548aac7,0,0,1,0,1,0
case_b3e2f472,1,0,0,1,1,0
case_fcafa3cf,1,0,1,0,0,1
case_cd3ec15d,1,0,1,0,0,0
case_6dadf808,1,0,1,1,1,1
case_2a8fd898,0,1,1,1,0,1
case_d2f01627,0,0,1,1,1,1
case_84da51e3,1,1,1,1,1,1
case_84df890f,0,0,1,1,0,0
case_79081433,1,1,1,1,1,1
case_5d4a91b9,0,1,1,1,1,1
case_23127377,1,1,1,1,1,1
case_0c6899a7,0,0,1,1,1,1
case_5809a90e,1,1,1,0,1,1
case_5db25501,1,0,1,1,1,1
case_7ac4036c,1,1,0,1,1,1
case_ee6bb78d,0,0,1,0,0,1
case_2f420937,1,0,1,0,1,1
case_4d2ecfe2,1,0,1,0,0,1
case_40128075,0,0,1,1,0,1
case_d1a8ccb7,1,1,1,1,1,1
case_501ddcb1,1,1,1,1,1,1
case_b62ebeca,1,1,1,1,1,1
case_ea7354f5,1,1,1,1,1,0
case_a0f6bb4a,0,1,0,1,0,0
case_97530607,0,0,0,0,0,1
case_9ac51eb2,1,1,1,0,0,1
case_431ea2d3,1,1,1,1,0,1
case_90a46718,0,1,1,1,1,1
case_7273c6dc,1,1,1,0,1,1
case_1f12da04,1,1,1,0,1,1
case_2748e3de,1,1,1,1,1,1
case_25d4e45d,0,0,1,1,1,1
case_982d0797,1,1,1,1,1,1
case_754753c9,1,1,1,1,1,1
case_b28bbd61,1,1,1,1,1,1
case_57d27489,0,1,1,1,1,0
case_2d632fc4,0,1,1,1,0,1
case_d8bd3a0d,0,0,1,0,1,1
case_ed58afaa,1,0,1,1,1,1
case_0007ddfd,0,1,1,1,1,1
case_99756b23,0,0,1,1,0,1
case_6ec688d6,0,0,1,1,1,1
case_4bbc4424,1,0,1,1,1,1
case_a44508e4,0,0,1,1,0,1
case_7fbfcc2e,0,0,1,1,1,1
case_96facca1,0,1,1,1,1,1
case_4f243ea1,1,1,1,1,1,1
case_0d694da6,1,1,1,1,1,1
case_8b3b9f47,1,1,1,0,1,0
case_2c14cce2,1,1,1,1,1,1
case_f2da12db,1,1,1,1,1,1
case_f2fe1faa,1,1,1,1,1,1
case_1486cd97,1,1,0,1,1,1
case_098d91c3,1,1,1,0,1,1
case_1b965fb7,1,1,1,1,1,1
case_f9941b59,0,1,1,1,1,1
case_8c1c0a09,1,1,1,1,1,1
case_dc9c7006,0,0,0,1,1,0
case_ddb5d26f,0,1,1,0,0,0
case_13630d5f,1,1,1,1,1,1
case_77091875,1,0,1,1,0,0
case_df2b133a,1,0,1,1,0,1
case_f0aabd84,1,1,1,1,1,1
case_9f6d6efc,0,1,1,1,0,1
case_7249310d,1,1,1,1,1,1
case_47a1e290,0,1,1,0,0,1
case_a27434cd,1,0,1,1,1,1
case_a928d202,1,1,1,0,1,1
case_57a572de,1,1,0,0,1,1
case_969bcaeb,0,1,1,0,0,1
case_31a19ec4,0,1,1,1,0,0
case_7af8c307,0,1,1,0,1,0
case_0038ec05,0,0,0,1,0,0
case_14a1f2c6,1,1,1,1,1,1
case_08d9035f,0,1,1,1,0,1
case_c3b90120,0,1,1,1,1,1
case_5c22e155,0,1,1,1,1,1
case_be5b09c0,1,0,1,1,0,0
case_d63de233,0,1,1,1,1,0
case_ff5f42aa,0,1,1,1,0,1
case_d408922e,0,1,1,1,0,0
case_79f450dd,1,1,1,0,1,1
case_ef42f724,0,0,1,0,0,1
case_0c5d0e4c,1,1,1,1,0,1
case_45b77254,1,0,1,1,1,1
case_8a843e97,0,1,1,1,1,0
case_663b6751,1,1,1,0,1,1
case_82a26d91,1,1,1,1,1,1
case_7876ad33,0,1,1,0,0,0
case_0ecfbd9f,1,0,1,0,1,0
case_2e930831,1,1,1,1,1,1
case_69eaade9,1,0,1,1,1,1
case_99a0f4e1,0,1,1,1,1,1
case_d3d5e5bb,0,1,1,0,0,1
case_39524f5b,1,1,1,0,1,1
case_16b5ed7b,0,1,1,1,1,1
case_90fb8c07,0,1,1,1,1,1
case_c04e82e4,1,1,1,1,1,1
case_6d369ea5,0,0,0,1,0,1
case_de0e3e49,0,1,1,0,0,1
case_b3ef68a3,0,1,1,1,1,1
case_5fb09a9e,1,0,1,1,1,1
case_355488f9,1,1,1,1,1,1
case_cc54cf95,0,0,1,1,1,1
case_48c87b5a,1,1,0,1,1,1
case_562ce7e2,0,0,0,0,1,1
case_708bb7aa,1,1,1,1,0,1
case_fe565c49,0,0,0,0,0,0
case_fab92b32,0,1,1,1,0,1
case_c2ef81c4,0,0,0,1,1,1
case_361842a5,1,1,1,1,1,1
case_f7275b5a,0,0,1,0,0,1
case_0cf6adcf,1,1,1,0,1,0
case_2855f058,1,1,1,1,1,1
case_d6c6d61e,1,1,1,1,1,1
case_942bbae3,0,1,1,1,1,1
case_6bb21563,1,1,0,1,1,0
case_6213049a,1,0,1,1,1,1
case_cd384761,1,1,1,1,1,1
case_4e66d8fb,1,1,1,1,1,1
case_cd5322f9,0,0,1,0,1,1
case_7137c790,1,1,1,1,1,0
case_84f50d9c,1,1,1,0,1,1
case_f96e156f,1,0,1,0,1,1
case_38ef6d99,0,0,1,0,1,1
case_a021102f,0,0,1,1,1,1
case_3f436026,1,0,1,1,1,1
case_64c07430,1,1,1,1,0,1
case_a0ace66d,1,1,1,1,1,1
case_f65be056,0,0,0,0,0,1
case_c2bbe217,0,1,1,0,1,0
case_3ac10945,0,1,1,0,1,1
case_91111a58,1,0,1,1,0,0
case_c0700b35,0,1,1,1,1,1
case_7d07d864,0,0,1,1,0,1
case_38ae519e,0,1,1,1,0,0
case_dcd3b82a,1,1,1,1,0,1
case_e1cfd8e2,0,1,1,1,1,1
case_43c4019e,0,1,0,0,0,0
case_c606020b,1,1,1,1,1,1
case_1a721b40,1,1,1,0,1,1
case_54385691,1,0,1,1,1,1
case_d2d19a0b,1,1,1,1,1,1
case_5d146a76,1,1,1,1,1,1
case_44f5517b,1,1,1,1,1,1
case_cfb0b696,1,1,1,1,1,1
case_a295c0a2,1,1,0,1,1,1
case_fb72808f,0,0,1,1,1,0
case_5b4b508c,0,0,1,0,0,1
case_9d7dc258,0,0,1,1,0,1
case_c42c97ea,1,1,1,1,1,1
case_107ef1dc,1,0,1,0,0,1
case_0104cbcd,1,1,1,1,1,1
case_5ff37d1e,1,1,1,1,1,1
case_cb02d746,1,1,1,1,1,1
case_e5b005fd,1,1,1,1,0,1
case_e946359f,1,1,1,1,1,1
case_1bf5b8f8,1,0,1,0,0,1
case_aca08ae2,1,1,1,1,1,1
case_ae6afcf5,1,0,1,0,1,1
case_5caa0abe,1,1,1,0,1,1
case_d45b446c,0,0,1,1,0,0
case_aaf9d5ba,1,1,1,1,1,1
case_21d60fb8,1,1,1,1,1,0
case_a4300a1d,1,1,1,1,1,1
case_083e63a1,0,1,1,1,1,1
case_3bc4a886,0,1,1,1,1,1
case_96beebf3,0,1,1,0,0,1
case_6f38efc8,0,1,1,1,0,1
case_42888cd7,0,0,1,1,1,1
case_172205f7,1,1,1,1,1,1
case_37d4704a,0,0,1,1,1,0
case_e9fec48e,1,0,0,0,1,1
case_d73a36a5,0,0,1,0,1,1
case_83685b96,1,1,1,1,1,1
case_9d8807b2,1,1,1,1,1,0
case_f01e87ba,0,0,1,0,0,1
case_8321e4e5,0,1,1,1,1,1
case_9d1a42b5,1,1,0,1,1,1
case_b8e379e6,1,1,1,1,1,1
case_32729354,0,0,0,0,1,0
case_a97b2bae,0,1,1,1,1,1
case_0696648d,1,1,1,1,1,1
case_e804604e,1,0,1,1,1,1
case_ef53fe77,0,0,1,1,0,1
case_9166d464,0,0,1,0,0,1
case_2ce7c22e,0,1,1,1,1,1
case_a9d93f0f,1,0,1,0,1,0
case_f54bf43d,1,1,1,1,1,1
case_fb658b9b,1,0,1,1,1,1
case_c64717b4,1,1,1,1,1,1
case_978f1dcb,1,0,0,1,1,0
case_37eb29ce,1,1,1,1,1,1
case_e44145dc,1,0,1,1,1,1
case_8b5bc9bf,1,0,0,0,0,1
case_e4cf81e9,0,0,1,1,1,1
case_12344a81,0,1,1,0,0,1
case_fe0f642a,1,0,1,1,1,1
case_c2b5cb2b,1,0,0,1,1,1
case_caa55551,0,1,1,0,0,0
case_a00bcff2,1,0,1,1,1,1
case_6d6d0eef,1,1,1,0,0,1
case_be8389d4,1,0,1,1,1,1
case_514b6e6f,1,1,1,1,1,1
case_f0752b8d,1,1,1,1,1,1
case_b4fe3a2a,1,1,1,1,1,1
case_e8c3718f,1,0,0,0,0,1
case_39dd4f4f,0,1,1,1,1,1
case_98e52253,1,1,1,1,1,1
case_b42948e9,1,0,1,1,1,0
case_f5a5346a,1,1,0,1,1,0
case_fc6f3073,0,0,1,1,1,0
case_0bb755d1,0,1,1,0,1,1
case_3279b4fe,0,1,1,0,1,1
case_8cd15a06,1,1,1,0,1,1
case_eb4d562f,0,0,1,0,1,1
case_30fc6d10,0,1,1,1,1,1
case_8f9e8646,1,1,0,1,1,1
case_e4a195c7,1,0,1,1,1,1
case_26459b50,1,1,1,1,0,0
case_4f3edb60,1,0,1,1,1,1
case_1b6c4638,1,1,1,1,1,1
case_62644491,0,0,1,1,0,0
case_05c40c24,1,1,0,0,0,1
case_cce763f8,0,0,1,1,1,1
case_c6566275,1,0,1,1,1,1
case_5fad00a0,1,1,1,1,1,1
case_9d8268be,1,1,0,0,0,0
case_558de15b,1,1,1,1,1,1
case_d66fcf1e,0,0,0,1,0,1
case_fa52830c,1,1,0,1,1,0
case_0279343d,1,1,1,0,1,1
case_570e4d01,0,0,1,1,1,1
case_527bea78,0,0,1,1,1,1
case_f9de3b41,0,1,1,1,0,1
case_b508d08e,0,1,1,1,1,1
case_b15eaaa1,1,1,1,1,1,1
case_cd8ef13b,1,1,1,1,1,1
case_4fcc694b,0,1,1,1,1,1
case_fc7c2b7c,0,0,1,1,1,1
case_ca3d59a0,1,1,1,1,1,1
case_ebe33ddd,1,0,1,0,0,1
case_e602aaf9,1,1,1,1,1,0
case_b8d7509a,0,0,1,1,1,0
case_5c1dccfd,0,1,0,1,1,1
case_c4558d9b,1,1,1,1,0,1
case_245c0745,1,1,1,1,1,1
case_4d465be2,0,0,1,1,1,1
case_3c18ce33,1,1,0,1,1,1
case_b7437b2b,1,1,1,0,1,1
case_c8930374,0,1,1,1,0,0
case_d9edc89f,1,0,1,1,1,1
case_76f930ad,0,0,1,0,1,0
case_4b9cbe7b,0,0,0,1,0,1
case_dc035630,0,1,1,1,1,1
case_018a6d37,1,1,1,1,1,1
case_e0aa1b6c,1,1,1,0,1,1
case_4812df35,1,1,1,0,1,1
case_24957e47,0,1,0,1,1,0
case_f1bcf172,0,0,1,1,1,1
case_2b1bc242,1,0,1,0,1,1
case_78290aeb,1,1,1,1,0,1
case_616427b9,1,1,1,0,1,1
case_5328237f,1,0,1,1,1,0
case_a2527407,1,1,1,1,1,1
case_baf1ea45,0,0,0,1,0,1
case_1eb69c3c,0,1,1,1,1,0
case_e836b5c9,1,0,1,0,0,1
case_83af1eb9,1,1,1,1,1,1
case_8e07ff4b,0,1,1,1,0,1
case_188c83b6,0,1,1,1,1,1
case_8bca4dc4,0,1,1,0,1,0
case_eebc072d,0,1,1,1,1,1
case_9fc04641,1,1,1,1,1,1
case_e7b1d6a2,1,0,1,0,1,1
case_db002011,0,0,1,0,0,1
case_41ca71db,0,1,1,0,1,1
case_38ec5378,0,1,1,0,1,1
case_3c4c204d,1,1,1,1,1,1
case_dcc66de4,0,1,1,0,1,1
case_4573f55f,1,1,0,1,1,1
case_b75840fa,0,0,1,0,0,0
case_579bb084,1,1,1,0,1,1
case_59431c0d,1,1,1,1,1,1
case_83f6032f,1,0,1,1,1,1
case_0aaf7c0e,0,1,1,1,1,1
case_c2e07773,1,0,1,1,1,1
case_76fa9e65,1,1,1,1,1,1
case_b5e29422,1,0,0,0,1,1
case_c879f9fa,1,1,1,1,1,1
case_bdfdfd84,0,1,0,0,1,1
case_2bb4eea0,1,1,1,0,1,1
case_f8b43d93,1,1,1,1,1,1
case_04d20c1a,0,0,1,1,0,1
case_a1019e45,1,1,1,0,1,0
case_781f09dc,1,1,1,1,1,0
case_dd4a7ddb,1,1,1,1,1,1
case_f066dd19,1,0,1,0,1,1
case_b58ce272,0,1,0,0,0,0
case_064b4dbf,1,0,1,1,1,1
case_d6c1cf4b,1,1,1,1,0,1
case_e8f16ebf,1,0,1,1,0,1
case_4cd36131,1,1,1,0,1,1
case_bc64bf2a,1,1,1,1,1,0
case_8111a7d3,1,0,1,0,1,1
case_33661686,1,1,1,1,1,1
case_442f1579,1,0,1,0,1,1
case_ca9d0a78,0,0,1,0,0,1
case_c5c51646,0,0,1,1,1,1
case_0d919ea9,1,1,1,0,1,1
case_f85dc022,1,0,1,1,0,1
case_a2b49cbd,1,1,1,1,1,1
case_98572501,0,1,0,1,1,0
case_9a8210a9,1,1,0,0,0,1
case_f3ec66b3,0,0,1,0,0,1
case_6b111caf,1,0,1,0,0,1
case_b0276f79,1,1,1,1,1,1
case_71d9bb73,1,1,1,0,1,1
case_157fe0ce,0,0,0,0,0,1
case_3f80846a,1,1,1,1,1,1
case_c1a17a33,0,1,1,0,1,1
case_b711c6fb,1,1,1,0,0,1
case_04882c5e,1,1,1,1,1,0
case_abc735b1,1,0,1,1,1,1
case_3bb569f9,1,1,1,0,1,1
case_d5a5bcfd,1,1,1,1,1,1
case_e2058786,1,1,1,0,1,0
case_f4dbe2d1,1,1,1,0,1,1
case_fb5a2a25,0,0,1,1,1,1
case_0e364c17,0,1,1,1,1,1
case_b84aae5e,1,1,0,1,0,1
case_42d3be6d,1,1,1,1,1,1
case_51bdc382,1,1,1,1,1,1
case_74c13f87,1,1,1,1,0,1
case_9e3c612f,1,1,1,1,1,1
case_6113d7b9,1,1,1,1,0,0
case_16027a52,0,1,1,1,1,1
case_1669345e,0,1,1,0,0,1
case_538acf56,1,1,1,1,1,1
case_04e21c11,0,0,1,1,1,1
case_aae9e450,1,1,1,1,1,1
case_30814533,1,0,1,1,1,1
case_09715a4c,0,0,1,0,1,1
case_cd55a030,1,1,1,1,1,1
case_92355300,0,1,1,1,1,1
case_e6e3770b,1,1,1,1,1,1
case_05a03e9c,1,0,1,0,1,1
case_010ae4c3,0,1,1,1,1,1
case_41853fc8,0,0,1,1,0,1
case_20f73126,1,0,1,1,1,0
case_9efe33c6,1,1,1,1,1,1
case_b0c1f138,0,0,1,1,1,1
case_996059e0,1,1,1,1,1,1
case_2b3117b2,1,0,1,1,1,1
case_b9b4b56a,1,1,1,1,1,1
case_6a73aef9,0,1,1,1,1,1
case_7d8275c5,0,0,0,1,1,1
case_33dc4d44,0,1,1,1,1,1
case_929e3e55,1,1,1,1,1,1
case_21c582f5,1,1,1,1,1,1
case_36d390e6,1,1,1,1,1,1
case_d2339029,1,1,1,1,1,1
case_7b6ff0ce,1,0,1,1,1,1
case_58fb4eea,0,1,1,0,0,1
case_42d898e3,1,1,1,1,1,1
case_c0aaad45,0,1,1,0,1,1
case_2dd36506,0,0,1,1,1,1
case_4245b28e,0,0,1,1,0,1
case_d1514b14,0,0,1,1,1,1
case_fae7c750,1,1,0,1,1,1
case_fccc45ed,0,0,1,1,1,1
case_94153da5,0,1,1,0,0,1
case_a2c6d28e,1,1,1,1,1,1
case_578fec2e,1,1,1,1,1,1
case_da9043e8,0,0,1,1,1,0
case_19fee2ef,0,0,1,1,1,1
case_fb3a9ab4,1,1,1,1,0,1
case_6fab5adc,1,1,0,0,1,1
case_6a451d61,0,1,1,1,1,0
case_e85e7adb,0,1,1,1,1,0
case_b1833f5a,0,1,1,0,1,0
case_bebd87a1,1,1,1,1,1,1
case_e4e0bce9,0,1,1,0,0,1
case_522a1962,0,0,1,0,0,1
case_47572cc3,0,1,1,0,1,1
case_f6aa40c2,0,0,1,1,1,1
case_acb7a7ed,1,1,1,0,1,1
case_bd3d4cb6,1,1,1,1,0,1
case_dd60d7a2,1,1,1,0,0,1
case_50b4eff7,0,0,1,1,0,1
case_2c8815b5,1,1,1,1,0,1
case_5984e31a,1,1,1,1,1,1
case_0ee61f47,1,1,1,1,1,1
case_46f914e6,1,0,1,1,0,1
case_b57725e8,1,0,1,0,1,1
case_2dd3bcc9,0,0,1,1,0,1
case_b96bdc88,1,1,1,1,1,1
case_1bfc7cde,1,0,0,0,0,1
case_c09cba64,1,1,1,1,1,0
case_78455f14,1,1,1,1,1,1
case_c185a5af,0,0,1,0,1,1
case_63924b97,1,0,1,1,0,0
case_28f95b36,0,0,1,0,1,1
case_8b45f115,0,0,1,1,1,1
case_52438e74,0,1,1,1,1,1
case_de387666,1,1,1,1,0,1
case_78339db0,0,0,1,1,0,1
case_344efe03,0,1,1,1,1,1
case_b268c5f4,1,1,1,1,1,1
case_16804a6e,0,0,1,1,0,1
case_80fd8de6,1,1,1,0,1,1
case_be921abd,1,0,1,0,0,1
case_a3dabed4,0,0,0,0,1,0
case_f042d516,0,0,1,1,1,1
case_99f08f5e,1,0,1,1,1,1
case_fb848b5b,0,1,1,1,1,1
case_255c2ab3,1,0,1,1,1,1
case_91c412c4,1,1,1,1,1,1
case_c923f76e,1,0,1,1,1,0
case_5d882164,0,1,1,0,1,1
case_2bd21873,0,0,1,0,0,0
case_2870311d,1,1,1,1,1,0
case_dc1ff634,1,1,1,0,1,1
case_16ac248a,0,1,1,1,0,1
case_88bd4f16,1,1,1,1,1,1
case_42fb1ea5,1,0,1,1,0,1
case_35ad5724,1,0,0,0,0,1
case_6c200095,1,0,1,1,1,1
case_5ac61758,1,1,1,1,1,0
case_2fa40968,0,1,1,1,1,1
case_e767fca6,0,0,1,0,1,1
case_da8f1174,1,1,1,1,1,1
case_97e6e8ac,1,1,1,0,1,1
case_5887a062,0,0,1,0,0,0
case_40a15923,0,0,1,0,0,0
case_22585230,0,0,1,0,1,0
case_ac27635d,0,1,1,0,0,1
case_c3eb8903,1,1,1,1,1,1
case_b2ce8a11,1,1,1,1,1,1
case_03fa4db4,1,1,1,1,1,1
case_30ce8b99,1,1,1,1,1,1
case_215fd274,1,1,1,0,1,0
case_47554596,0,1,1,1,1,1
case_be820854,1,0,1,0,1,0
case_55028bca,1,0,1,1,1,0
case_ff75109c,0,1,1,0,0,1
case_e2e4a0d4,1,0,1,0,1,1
case_b5425cc1,0,1,1,0,1,1
case_c475d28b,1,0,0,1,1,1
case_339a1a42,0,1,1,0,0,0
case_df5eefe6,1,1,1,1,1,1
case_60f28940,1,1,1,1,1,1
case_de887116,1,1,1,1,1,1
case_c16848aa,1,1,1,1,0,0
case_159cd8c3,0,0,1,0,1,1
case_38f4ee8c,0,0,1,1,0,1
case_448c0957,0,0,1,0,1,1
case_e01b7755,1,1,1,1,1,1
case_1cccb746,0,1,1,1,0,0
case_1c079958,1,1,0,1,1,1
case_98deec47,1,1,1,1,1,0
case_f7fd075c,1,1,1,1,1,1
case_02886ccd,1,0,1,1,0,1
case_1d1c4a6e,1,1,1,1,0,1
case_17f3e428,1,1,1,1,0,1
case_38098062,1,1,1,0,1,0
case_0114ffa1,1,1,1,1,1,1
case_e7dbdaa2,0,0,1,1,0,0
case_53f50d83,0,1,1,1,1,1
case_4b4a1727,1,0,1,1,1,1
case_f689491b,1,0,1,1,1,1
case_0589d2a2,0,0,1,0,1,1
case_27e8834b,0,1,1,1,1,1
case_50adc76b,1,1,1,1,1,1
case_a72a5268,0,0,1,0,1,1
case_2ba84ae9,1,1,1,1,1,1
case_7122a238,1,0,1,0,0,0
case_3c10908a,1,1,1,0,1,1
case_b962ad3b,1,0,1,1,1,1
case_9454a41e,1,1,1,0,1,1
case_864712f9,0,1,1,1,1,0
case_074bb60f,0,0,1,0,1,0
case_a13b5c59,0,0,1,0,1,0
case_9b7ac9a4,0,1,0,1,1,0
case_ae843a8f,1,1,1,1,1,1
case_49c74f19,0,1,0,1,1,1
case_cd5ca2a1,0,0,1,1,1,1
case_bc432440,1,1,1,1,1,1
case_8f3047fc,1,1,1,1,1,1
case_bba5182a,1,1,1,1,1,1
case_b559951d,0,1,1,1,1,1
case_459b3b62,0,0,1,1,1,1
case_ea5d1ffb,1,1,1,1,1,1
case_413c733c,1,1,1,1,0,1
case_e9501b08,1,1,1,1,1,1
case_b21177d8,0,1,1,0,1,1
case_831ae0a3,1,1,1,0,0,0
case_f871a693,1,1,1,1,1,0
case_85a3b765,0,1,1,1,1,1
case_9873f6bc,0,1,1,0,0,1
case_9be81844,0,1,1,0,1,1
case_fe76fffb,1,1,1,1,1,1
case_865ba0c3,0,1,1,1,1,1
case_a25d0863,1,0,0,0,1,1
case_9ae6cc3a,0,0,1,1,1,1
case_df3ab220,1,0,1,1,1,1
case_3113cee1,0,0,1,1,1,0
case_f8c24448,0,1,0,1,1,1
case_bea85b0b,1,1,1,1,1,1
case_a919cc47,1,1,1,0,1,1
case_6b5791dd,1,1,1,1,1,1
case_fc255f4f,1,1,1,1,1,1
case_5ecebb35,1,0,1,0,1,0
case_18f313d8,0,1,0,1,1,1
case_d10639fc,0,0,1,1,1,1
case_a7f38a7a,0,0,1,0,0,0
case_21e5390a,0,1,1,1,1,1
case_56aef7cb,0,0,1,1,0,1
case_03d588ce,1,1,1,1,1,1
case_494bfe46,1,0,1,1,1,1
case_9b65428e,1,0,1,1,0,1
case_e0ea206d,0,1,1,1,1,1
case_dd1b3508,0,1,1,1,1,0
case_2af7ff5d,1,1,1,1,1,1
case_39ba6488,0,1,1,0,1,1
case_c3327a57,0,1,1,0,0,1
case_5bd29c80,1,0,1,0,1,1
case_87bd0ea5,1,1,1,1,1,1
case_335ce024,0,1,1,1,0,1
case_0c8dab2c,1,1,0,0,1,1
case_2cba1d6b,1,1,1,0,1,1
case_c9ef8423,1,1,1,1,0,1
case_86064bda,1,0,1,1,1,1
case_3e32e4df,1,0,1,1,1,1
case_8ec61bce,1,1,1,0,1,1
case_e8d911ff,0,0,1,0,1,0
case_862a1d36,0,0,1,0,0,1
case_74556a5c,1,0,1,0,1,1
case_6cc9e266,0,1,1,1,1,1
case_b3efa352,1,1,1,1,1,1
case_2cbcc178,1,1,1,1,1,1
case_40ce75b0,0,1,1,1,0,1
case_e0278e43,1,1,1,1,1,1
case_585096e6,0,0,1,1,1,0
case_38b28faf,0,0,1,1,0,0
case_f75828f9,1,0,1,1,1,1
case_47c99021,0,1,1,1,1,1
case_2aa388fc,0,0,1,0,0,1
case_e8da88ec,1,1,0,1,0,1
case_9d6053aa,1,1,1,1,1,1
case_8e0473b6,0,1,1,1,0,1
case_dd97ba1e,1,0,1,0,1,1
case_1e0cae1b,1,1,1,1,1,1
case_3e230115,1,0,1,0,1,1
case_b46655a5,0,0,1,1,1,1
case_1b9bdade,1,1,1,1,1,1
case_1ebe64e2,1,1,1,1,1,1
case_58d8d242,1,0,1,1,1,1
case_9509f11a,0,1,1,1,1,1
case_ff71098b,0,1,1,1,1,1
case_981f069c,1,1,1,1,1,1
case_0744c298,0,0,1,0,0,1
case_a7560238,0,1,0,1,1,0
case_b52ae743,0,1,1,0,0,1
case_2bdfd013,0,0,1,1,0,1
case_f90d4ca1,0,0,1,0,1,1
case_10f96092,1,0,1,0,0,0
case_59e42c00,1,1,1,1,1,1
case_a1e6e1d7,1,1,1,0,1,1
case_d157337d,1,0,0,1,0,1
case_5d4c39f2,0,1,1,0,1,0
case_662ff9cf,1,1,0,1,1,1
case_9c5cb3bf,0,0,1,1,1,0
case_c47f6a86,0,0,1,1,0,0
case_46971678,0,0,1,0,0,1
case_f13bf86c,0,1,1,0,1,0
case_1d3bcdfb,1,1,0,1,0,1
case_4308e535,1,1,1,1,1,1
case_9f2414d7,1,0,0,0,0,0
case_b2eb2d4a,1,0,1,0,0,0
case_85e83ac2,1,1,1,1,1,0
case_794a30aa,0,0,1,1,1,1
case_7878bb46,0,1,1,0,1,1
case_e006210f,1,1,1,1,1,1
case_fd62a544,1,1,1,1,1,1
case_08e76543,1,0,0,0,0,1
case_06daa562,0,1,1,0,0,1
case_13721f0e,1,1,1,1,1,1
case_73a710d0,0,1,1,1,0,1
case_06373bba,1,1,1,1,1,1
case_976dd6c7,1,0,1,0,1,0
case_fa9e7f16,0,1,0,1,1,1
case_740afe2a,0,0,0,0,1,0
case_58b9bbb9,0,0,1,1,0,1
case_5625344f,1,1,1,0,1,1
case_ac95da8d,1,1,1,1,1,1
case_9f73a303,1,0,0,1,1,1
case_2c07664e,1,1,1,1,1,1
case_928dc746,1,1,1,1,1,1
case_46f3399e,1,1,1,1,1,0
case_9bbf0174,1,1,1,1,1,1
case_88eef2b0,0,1,1,0,0,1
case_2f094768,0,0,1,0,0,1
case_7ab214e9,1,0,1,0,1,0
case_d80e1cb2,1,1,1,0,1,1
case_5515c14d,0,1,1,1,1,0
case_626544ef,1,1,1,1,1,1
case_57dde713,0,1,1,0,1,1
case_7d1d0b56,1,1,1,1,1,1
case_dfdb9aa1,1,0,1,1,0,1
case_327b30c4,1,0,0,0,0,0
case_6e98c121,1,1,1,1,1,1
case_80bcc743,1,0,1,0,1,1
case_2095e4c3,0,1,1,1,1,1
case_bbc267ed,0,0,1,1,1,0
case_cb03660d,1,1,1,1,1,1
case_14e8f010,1,1,1,0,0,1
case_410da90b,1,0,1,1,0,1
case_33f465d6,1,1,1,1,1,1
case_1e0d06e7,1,1,1,1,1,1
case_afe505a0,1,1,0,1,1,1
case_fdb7ce97,1,1,1,1,1,1
case_db8c7e39,1,1,1,1,1,1
case_35113789,0,1,1,1,1,1
case_1552ccab,1,1,1,1,0,1
case_9f4a3f25,1,1,1,1,1,1
case_09c1b9f0,1,1,1,1,1,1
case_a03fc93e,1,1,1,1,1,1
case_a9c37276,0,1,1,0,1,1
case_ef24018b,0,0,1,0,1,0
case_af28c72a,1,1,1,1,1,1
case_74502d42,0,0,1,1,0,1
case_03528621,0,0,0,0,1,0
case_a705f277,0,0,0,1,1,1
case_82e9321a,1,0,1,0,0,1
case_4db35728,0,0,1,1,1,1
case_5a79ee70,1,1,1,1,1,1
case_a84225b0,1,0,1,1,1,1
case_3e065c73,1,1,1,1,1,1
case_45ca4a7e,1,1,1,1,1,1
case_76840ea3,1,0,1,1,0,0
case_f1630a58,1,0,1,1,1,1
case_72f8b4b6,0,1,1,1,1,1
case_ba262977,0,0,1,0,1,1
case_71684b9d,1,0,1,1,0,0
case_e3b4c980,1,0,1,0,1,1
case_691274e5,1,0,1,1,0,0
case_0b3a28c2,0,1,1,1,0,1
case_835fc590,0,0,1,1,1,1
case_9bf79989,0,0,1,0,0,1
case_36e91d83,1,1,1,1,1,0
case_73504c43,1,1,1,1,1,1
case_792c796f,1,1,1,1,1,1
case_6f90c68c,0,0,1,0,1,1
case_542d8c30,1,1,1,1,1,0
case_57ce7979,1,0,1,1,0,1
case_7a16c709,0,1,1,1,1,1
case_c51a7a51,0,0,1,1,0,1
case_75ae6888,1,0,1,0,0,0
case_0760d89b,1,0,1,0,1,0
case_0de94a11,1,1,0,1,1,1
case_ee0b72c6,0,0,0,0,1,1
case_b8201c1a,0,0,1,1,1,1
case_91778206,0,1,1,1,0,1
case_e6ada892,1,1,1,0,1,0
case_2017a160,1,1,1,1,1,1
case_94cc1a82,0,1,0,1,0,0
case_17f2ff5c,1,0,1,1,1,0
case_86b54d81,1,1,0,1,1,1
case_dd370378,1,0,1,1,1,1
case_10b0c9fd,1,0,1,1,1,1
case_d9b19da3,1,0,1,0,0,0
case_5c9479ea,0,1,0,1,1,1
case_6d05c56e,1,1,1,1,0,1
case_e10f22d3,0,1,1,0,1,1
case_96c7ee36,0,1,1,0,0,1
case_68c39298,0,1,1,1,1,0
case_1b0dff32,0,0,1,1,1,1
case_9ee75ecc,0,1,1,1,1,1
case_45f002af,1,1,1,1,1,1
case_f7286779,1,1,1,1,1,1
case_087694f4,1,1,1,1,1,1
case_9354ba81,1,1,1,1,1,1
case_617b5ca9,0,1,1,1,1,1
case_6deb57c4,0,0,0,1,1,1
case_6226a17d,1,1,1,0,1,0
case_12847ff7,1,0,1,1,1,1
case_4e422076,0,1,1,1,1,0
case_8554dafe,0,0,1,0,0,1
case_f1161e05,1,1,1,1,1,1
case_6c07ebf7,0,0,0,1,0,1
case_040f4e69,1,1,1,1,1,0
case_bd541876,0,0,1,0,1,1
case_d32bb6f9,1,0,1,1,0,1
case_aaebde40,0,0,1,1,1,1
case_e047a213,1,1,1,0,1,1
case_5195a33d,0,1,1,0,0,1
case_91336420,1,0,1,1,0,1
case_1648e25f,1,0,1,0,1,0
case_29f363f9,1,0,1,0,1,0
case_1e0a3201,1,1,0,1,0,1
case_02b71337,1,0,1,0,1,1
case_05cfdf9e,0,1,1,1,1,0
case_a832bb8f,1,1,0,0,0,1
case_83a5dea1,0,0,1,1,0,1
case_d02dfcd7,0,0,1,1,1,1
case_ee524479,1,0,1,1,1,1
case_2dcb0177,0,1,0,0,1,1
case_e791ca3c,0,1,0,1,1,0
case_1b57a95a,0,1,1,0,1,1
case_b13fa33c,1,1,1,1,1,1
case_3553f4fb,1,0,1,1,0,1
case_71140b59,1,0,1,1,1,0
case_4445892b,0,1,1,1,1,1
case_100206dd,1,1,1,1,1,1
case_6bf034e2,1,1,1,1,1,1
case_39b5d2b7,1,1,1,1,1,1
case_90d5b148,1,1,1,1,1,1
case_f92b9af4,1,1,0,1,0,1
case_c9b5f9e0,1,1,1,1,0,0
case_bb738a4e,1,1,1,1,1,1
case_8168d7b8,1,1,1,1,1,0
case_41a9fa7d,1,0,1,1,1,0
case_87ed10e1,0,1,1,1,0,1
case_f6f02f30,1,0,1,1,1,1
case_3705d307,0,1,1,1,0,1
case_dbb44ce0,1,0,1,1,1,0
case_c636ca8e,1,1,0,1,1,1
case_ee76aeae,1,1,1,1,1,0
case_248f8e16,1,1,1,1,1,1
case_1fe4e785,1,1,1,1,1,1
case_c5a23880,1,0,1,1,1,1
case_14fcbe14,0,0,1,0,0,0
case_cc1b4f38,0,1,1,1,1,1
case_f87b3929,0,1,1,1,1,0
case_9fba2aa3,1,1,1,0,1,1
case_4c9df78f,0,0,1,0,1,1
case_052e9ec3,0,1,1,1,1,0
case_09ed2caf,0,0,1,0,1,1
case_0259cc08,0,0,1,1,1,1
case_d0395a75,1,1,1,1,0,1
case_a424016c,1,1,1,1,1,1
case_1503db92,1,1,1,1,0,1
case_23bad1a8,1,1,1,1,1,0
case_23b8baac,1,1,0,1,1,1
case_f0f497b2,0,0,1,0,0,1
case_b30ace2e,1,0,1,1,0,1
case_a4e5e738,1,1,1,1,1,1
case_642922fa,0,1,1,1,1,1
case_92b1a6bb,1,1,1,1,1,0
case_d1211228,1,1,1,1,1,1
case_8972e67e,0,0,1,1,1,1
case_ada8d63f,0,1,1,0,1,1
case_70ec073b,0,1,1,1,0,1
case_bf81e047,0,1,1,1,1,1
case_9aa8f762,1,1,1,1,1,1
case_c9a3394d,1,0,1,1,0,1
case_3486a832,0,1,1,1,1,1
case_5524206c,1,1,1,0,1,0
case_da5ddb11,1,1,0,1,1,1
case_246e27b4,1,1,1,1,1,1
case_20d3e224,1,1,1,0,0,0
case_eb2a113e,1,0,1,1,0,0
case_d810e1a6,1,1,1,1,1,1
case_1b246602,1,1,1,1,1,1
case_617e57d9,1,1,1,0,0,1
case_4770aab7,1,1,1,1,1,1
case_df37cf33,0,0,0,0,1,0
case_e0b43e01,1,1,1,1,1,1
case_860fcbff,1,1,1,1,1,1
case_412f1ad2,1,1,1,1,1,0
case_f1ec2dff,1,0,1,0,1,0
case_14d26a7b,0,1,1,0,0,1
case_4e29578b,1,1,1,1,1,1
case_b488c7b9,0,1,1,1,1,1
case_dd48dc1d,1,0,1,0,1,1
case_49e93ff5,0,1,1,0,1,1
case_4ad6bea5,1,0,1,0,0,0
case_c6af8943,1,1,1,0,1,1
case_c1e45715,1,1,1,0,1,1
case_f9f116b7,0,0,0,0,1,1
case_889a3c03,0,0,0,1,1,1
case_f86ec944,0,1,1,0,1,1
case_683fe9e6,1,1,1,0,1,1
case_c7959edf,1,1,1,1,1,1
case_60adc3ba,1,0,1,1,1,1
case_623c4ae3,0,1,0,0,0,0
case_5ee7d9a8,1,1,1,1,1,1
case_f0f12e99,1,1,1,1,1,1
case_36f9aece,1,0,1,1,1,1
case_8a7fbc8a,1,1,0,0,1,1
case_47c2cd4a,1,0,1,1,0,1
case_e805cf0b,0,1,1,1,1,1
case_74add185,1,1,0,1,1,1
case_6e411cc8,0,0,1,1,1,1
case_0ab3a8b6,1,0,1,1,1,1
case_d152191e,1,0,1,1,1,1
case_fcd088cc,1,1,1,1,0,1
case_50f1cf9b,0,0,1,1,0,1
case_e9b171f1,1,1,1,1,0,1
case_2829c1e3,1,0,1,1,1,1
case_6bd47fad,1,1,1,1,0,1
case_deeb05f5,1,0,1,1,0,1
case_dbf2894d,0,1,0,0,1,1
case_94431889,1,1,1,0,1,1
case_058afd86,1,0,1,0,1,1
case_59413f9f,1,1,1,0,0,1
case_df3bdbba,1,1,1,1,1,1
case_2b4309dd,0,1,1,0,0,1
case_8b156e7a,1,0,1,0,1,1
case_67714a0c,1,1,1,0,1,1
case_50b57e6f,0,1,1,1,0,1
case_5d565617,1,1,1,1,1,1
case_2c7e0963,0,1,1,0,0,1
case_d7869261,1,0,1,0,1,1
case_99f9d8ec,0,0,1,1,1,1
case_114fa187,0,0,1,1,1,1
case_eee37ea8,1,0,1,1,1,1
case_ae123ce3,0,1,1,1,1,1
case_58545af2,1,0,1,1,1,1
case_cdba38d8,0,1,1,0,0,1
case_adf0bb72,0,0,1,0,0,0
case_6553ff60,0,0,1,1,1,1
case_dc834573,1,1,1,1,1,0
case_a1bef8cd,1,1,1,1,1,1
case_b97e4167,0,0,1,1,0,1
case_81ce38b6,1,1,1,1,1,1
case_0f90aa87,1,1,1,1,1,1
case_3c27d46a,1,1,1,1,1,1
case_e77b3fc5,0,1,1,1,1,1
case_90a415d1,1,0,1,0,1,0
case_b3fb97c5,0,1,1,1,0,1
case_98e4585c,1,1,1,1,0,1
case_5eeb9fb0,0,1,1,0,1,1
case_80cd48dd,1,1,1,1,1,1
case_4c6c2ab4,1,0,1,0,1,0
case_db0bce93,1,0,1,1,0,1
case_902a63fc,1,1,1,0,1,0
case_3f8f8efc,0,0,1,0,0,0
case_d4817afd,1,0,1,1,1,1
case_1874c43c,1,1,1,1,1,1
case_1ff119de,0,0,1,0,0,1
case_9f358149,1,1,1,1,1,1
case_4cfab68e,0,0,1,0,1,0
case_dd7554c6,1,0,1,1,1,1
case_f1d768dc,0,1,1,0,1,1
case_23bde56b,1,0,1,1,1,1
case_ff948769,1,1,1,1,1,0
case_c281cee6,1,0,1,0,0,1
case_462f96f0,0,1,1,1,1,1
case_c822e8c3,1,1,1,1,1,0
case_fc5abd04,1,1,1,1,1,1
case_3d524960,1,0,1,1,1,1
case_ab145b9b,1,1,1,1,1,1
case_ae93a1c4,0,0,0,1,0,0
case_b6f0f021,0,1,1,0,1,0
case_fdd500c8,1,1,1,0,1,1
case_78cba417,0,1,1,1,0,0
case_756c0f98,1,0,1,1,1,1
case_c380c59a,0,0,1,1,0,1
case_7bfa1594,1,1,1,1,1,1
case_0a208569,1,1,1,0,1,0
case_6a85fa98,0,0,1,1,1,1
case_7a915298,0,0,1,1,1,1
case_c455fbb1,1,0,1,1,1,1
case_de31454c,1,1,0,1,1,1
case_bca819c2,1,1,1,0,1,1
case_8ff85032,1,0,1,0,1,0
case_c165b38a,0,0,1,0,0,0
case_55a0eb1f,1,1,0,1,1,1
case_3929aebc,1,1,1,0,1,1
case_1ceb2e89,1,1,1,0,0,1
case_c8f89e7e,0,0,1,1,0,0
case_ebb6a80d,1,1,1,0,1,1
case_74b95bde,1,1,1,1,1,1
case_5c7b7349,0,1,1,1,1,1
case_eb5be718,1,1,0,1,0,1
case_2c8aff48,0,1,1,1,1,1
case_11e579fd,1,0,1,0,1,0
case_470e8cd5,1,1,1,1,1,1
case_f4a3bdfc,1,1,1,0,1,1
case_ccd4061a,0,0,1,1,1,1
case_7a988912,0,1,1,0,1,0
case_f01f0c10,0,0,1,1,1,1
case_e4670a35,1,1,1,1,1,1
case_994909b6,0,0,1,1,1,0
case_ba9a8505,1,1,1,1,0,1
case_99bb07f9,1,0,1,1,1,1
case_693583e0,0,0,1,1,1,0
case_523604af,1,0,1,0,0,1
case_00487200,1,1,1,1,0,0
case_5c7239e1,1,1,1,0,1,1
case_b47b923a,0,1,1,0,1,0
case_6f940c3c,0,0,1,0,0,0
case_92b0a00c,0,1,1,1,1,1
case_22bfacb9,1,1,1,1,0,1
case_c5ff1adf,0,1,1,1,1,1
case_30371e31,1,0,1,1,1,0
case_6f0db7cb,0,0,1,1,1,1
case_7a55e901,1,1,0,1,1,1
case_515c43f5,0,0,1,0,0,1
case_440590e9,1,0,1,0,1,1
case_90605cd2,1,0,1,0,1,1
case_e1862356,1,0,1,1,1,1
case_982d9c04,0,1,1,1,1,1
case_9207ab1c,1,1,1,1,1,0
case_07732551,1,0,1,1,1,1
case_d1129f8b,1,1,1,0,1,0
case_43507c5b,1,1,1,1,1,1
case_b26c6179,1,1,1,1,1,1
case_54c370ee,1,1,1,1,1,1
case_7907e8f6,1,0,1,1,1,0
case_c2e39544,0,1,1,1,1,1
case_93839955,1,1,1,1,1,1
case_775e1b41,1,1,0,1,0,0
case_8b51e129,0,1,0,0,1,0
case_cfe70588,1,0,1,1,1,1
case_f17405bd,1,1,1,1,1,1
case_7d754055,0,1,1,0,1,0
case_188683c6,1,1,1,1,1,1
case_37e8c05e,1,1,1,1,1,1
case_ffbbfe9a,1,1,1,0,0,0
case_6423883b,0,1,0,1,1,1
case_b83b37cd,0,0,1,1,1,1
case_bd606fa7,1,0,1,1,1,1
case_6e699535,1,1,1,1,1,1
case_7991c24c,0,0,1,1,1,1
case_78bfe0cf,1,1,1,0,1,1
case_bab0362d,1,0,1,1,1,0
case_6ed867b2,1,1,1,0,0,1
case_d48ab208,1,1,1,0,1,1
case_f760d176,0,1,1,0,1,1
case_b356358e,1,1,1,1,0,1
case_033e6380,0,0,1,1,0,1
case_ea52cb1f,1,1,0,1,1,1
case_a1e321b4,0,0,0,0,1,1
case_4751a8e1,1,0,1,1,1,1
case_459a5e89,0,1,1,1,0,1
case_9461bbbd,1,0,1,0,1,0
case_f8fd0b44,1,0,1,0,1,1
case_47012a76,1,0,1,1,1,1
case_88d30e43,1,0,1,1,1,0
case_4d51c08a,0,0,1,0,1,1
case_f78cd406,0,1,1,0,1,1
case_70cbbec7,0,0,1,0,0,1
case_560c4168,1,0,1,1,1,1
case_1ec85a39,0,0,1,1,1,1
case_13067ef0,0,1,1,1,0,0
case_8a9f3b1e,1,0,0,0,1,0
case_fbf7a1cb,1,1,1,0,1,1
case_7427e26e,1,1,1,0,1,1
case_b0c10d80,1,0,1,1,1,1
case_fa9df06a,0,0,0,0,1,1
case_319777d1,1,1,1,0,1,0
case_b5a2db19,0,1,1,1,1,0
case_94880350,1,1,1,1,1,1
case_2e58ae3c,1,1,1,1,0,0
case_739a4a2c,1,1,0,1,1,0
case_70c7b5ff,1,0,1,1,1,1
case_35bdf52a,0,1,0,1,1,1
case_8f8d6328,1,0,1,0,0,1
case_ffa78195,0,0,1,0,0,1
case_89eb3dfc,1,1,1,1,0,1
case_15fbb355,1,1,1,0,1,1
case_181600d5,0,1,1,1,1,1
case_378fa95e,0,0,1,1,1,1
case_65f3fb3a,1,1,1,1,1,1
case_7176d42b,1,0,0,1,0,0
case_b688ea1c,1,1,1,1,1,1
case_4c08ffd7,1,1,1,1,1,1
case_2c4e6b86,1,1,1,0,1,1
case_0cceea32,1,1,1,1,1,0
case_9435a9a1,0,1,1,1,1,1
case_32066591,0,1,1,1,1,0
case_d24bab67,0,1,1,1,1,1
case_aa1d2c54,0,1,0,0,1,1
case_7fe64742,0,1,1,0,1,1
case_ea6c4eef,0,0,1,0,1,0
case_2527c747,1,1,1,1,1,0
case_b19612d3,1,1,1,1,1,1
case_c8086763,1,0,1,1,1,1
case_a573e50b,1,1,1,1,1,1
case_634ec38a,1,1,0,1,0,0
case_972441a0,1,1,1,1,1,1
case_f91edc96,0,1,0,0,0,1
case_c6bf8b43,1,1,1,1,1,1
case_8cabcb34,0,1,1,0,0,1
case_43a5a085,1,1,1,1,1,1
case_eda75a55,0,0,1,0,1,1
case_60500c7c,1,0,1,0,0,1
case_96e366e6,1,1,1,1,0,1
case_04003efe,1,0,1,1,1,1
case_1924078a,0,0,1,0,0,1
case_37c4e58a,1,1,0,0,0,1
case_b4c22082,0,1,1,0,0,1
case_414f83f4,0,1,1,1,1,1
case_6d0c974c,1,1,1,1,1,1
case_994b92cf,1,1,1,0,0,0
case_f9f27c3d,1,0,1,1,1,1
case_1226c96c,1,1,1,1,1,1
case_d886953d,1,1,1,1,1,1
case_5ca0bced,1,0,1,1,1,1
case_5c860d23,1,1,1,1,1,1
case_886a1c1c,0,1,1,1,1,1
case_47b6b5fb,0,1,1,1,1,1
case_2af3773f,1,1,0,1,1,1
case_e43fa9b1,0,0,1,0,1,1
case_a8cdc1a2,0,1,0,0,1,1
case_267a4481,1,0,1,1,1,1
case_93c8c99c,1,0,1,1,1,1
case_94f8eaf1,1,0,1,0,1,1
case_28291dfa,0,0,1,0,0,1
case_9f6dbbc9,1,1,1,1,1,1
case_9de12e96,0,1,1,0,1,1
case_749ab6c4,1,0,1,1,1,1
case_52951513,0,0,1,1,0,0
case_fcb958a9,0,0,0,0,0,0
case_fc23f146,1,1,1,1,1,1
case_f747579f,1,1,1,1,1,1
case_bba3c010,1,1,1,1,1,1
case_7959d527,1,0,1,1,1,1
case_d36aeaca,1,0,1,1,1,0
case_f9b4b558,0,0,1,1,0,1
case_92b454e4,1,0,1,1,1,0
case_785e1230,1,0,1,0,1,1
case_e2898dc2,1,0,1,1,0,1
case_d015da45,0,1,1,1,1,1
case_77cba2e3,1,1,1,0,1,1
case_fb23ec0a,1,1,1,1,1,1
case_92ed0273,1,1,1,0,1,1
case_74973c0b,1,0,1,0,0,0
case_3c127c63,1,1,1,1,1,1
case_90b8a8b1,1,0,1,0,1,0
case_29e9103b,1,1,1,1,1,1
case_0f354e37,1,1,1,1,1,1
case_9e65d210,0,1,0,1,1,0
case_8e7a1a48,1,1,1,1,1,1
case_ea456c48,0,1,1,0,1,1
case_b2a24649,1,0,1,1,1,1
case_8524d65a,1,1,1,1,1,1
case_e563606e,1,0,1,0,1,1
case_c11afc10,1,1,0,1,0,1
case_3401dfac,1,1,0,1,1,1
