case_id,y_0,y_1,y_2,y_3,y_4,y_5
case_28f8c635,1,1,1,1,1,1
case_5473ca2a,1,1,1,1,1,1
case_bd2e88f5,1,1,1,1,1,1
case_2221b555,0,1,1,1,0,1
case_39e8022e,0,1,1,0,1,1
case_73f9ee87,1,1,1,1,1,1
case_74dbadab,0,1,1,0,0,0
case_c2a03600,1,0,1,1,1,1
case_5cc86dab,1,1,1,0,1,1
case_7f30f4bd,1,1,1,1,0,1
case_569c0a48,1,0,1,0,1,1
case_54957edf,1,1,1,1,1,1
case_531b777b,1,1,1,1,1,1
case_c89a4e07,1,1,1,1,1,1
case_f8993645,1,1,1,1,1,1
case_3b3f5295,1,1,1,1,1,0
case_03812eee,1,0,1,0,1,1
case_8fc1ac47,0,0,1,0,0,0
case_e188f8f3,1,1,1,1,1,0
case_3bb80b1e,1,0,1,0,1,0
case_b7ea7112,1,1,1,1,1,1
case_113bb074,0,1,1,1,1,1
case_a645f87e,1,0,1,1,1,1
case_c7e0b33b,0,0,1,0,0,1
case_4ecfde80,1,0,1,0,1,1
case_5b4c3dc5,0,1,1,1,1,1
case_e8e2e996,0,0,1,1,0,1
case_af70d0d7,1,1,0,1,1,1
case_80021636,0,0,1,1,1,1
case_af9acd5f,1,1,1,1,0,1
case_20376236,1,1,1,1,1,1
case_7c94f6cb,0,0,1,1,0,0
case_1b417166,0,1,1,1,0,1
case_5a002453,0,1,1,1,1,1
case_56ee5f9f,1,0,1,1,1,1
case_d513ee72,1,0,0,1,1,1
case_b11526de,1,1,1,1,1,1
case_eb0701c3,1,1,1,1,1,0
case_b8e2d5e6,0,1,1,1,0,1
case_33c7f0fc,1,0,1,1,1,1
case_307171f5,1,0,1,0,1,1
case_ee403bf2,0,0,0,0,0,0
case_0267fb30,0,0,1,1,1,1
case_f69080fc,0,0,1,1,1,0
case_1f9edf40,0,1,0,0,1,0
case_590f327b,0,1,1,0,1,1
case_97831865,0,1,0,1,0,1
case_5c2239ef,1,1,1,1,1,1
case_d2981b4f,1,1,1,1,1,1
case_63811fd7,0,1,1,1,1,1
case_e442db6f,1,1,1,1,1,1
case_b56e3204,0,1,0,1,1,0
case_08c46898,0,0,1,0,0,1
case_ee003270,1,1,0,1,1,0
case_590f2c98,0,1,0,1,0,1
case_dcad18cf,0,1,1,1,1,0
case_1ba2ffc8,1,0,1,1,1,0
case_0769f1d9,1,1,1,1,1,1
case_270ff73d,1,1,1,1,1,1
case_62108604,1,0,1,0,1,1
case_bafcb114,0,0,1,0,0,1
case_f7a632ca,1,1,1,1,1,1
case_651c83e8,0,1,1,0,0,1
case_6dd41c73,0,1,1,1,0,1
case_8fe51012,1,0,1,0,0,1
case_ab489803,1,1,1,1,1,1
case_307074af,1,1,1,1,1,0
case_47616fcf,1,0,1,0,0,0
case_208dc841,0,0,1,1,1,0
case_56e899d9,1,1,1,1,1,1
case_0cf6d242,1,0,1,1,1,1
case_3a88c41c,1,1,1,1,1,1
case_6bb334e3,1,1,1,1,1,0
case_ee312066,1,1,0,1,0,1
case_02866ac8,1,0,0,1,0,1
case_c6ebdfcb,1,1,1,1,1,1
case_4a07409f,1,1,1,1,1,1
case_73c93c19,0,0,1,1,0,0
case_f87f8456,1,1,1,0,1,1
case_3ea75b97,0,0,1,1,1,1
case_dbe9a0c0,1,1,1,0,1,1
case_4d590ecb,1,0,0,1,0,0
case_4dfb005f,0,1,1,1,0,1
case_18d316e0,1,1,1,1,1,1
case_a426413e,0,0,1,1,0,1
case_f4856495,1,1,1,1,1,1
case_d05c5087,1,1,1,1,1,1
case_c4b45731,0,1,1,1,1,1
case_fad7857d,1,1,1,1,1,1
case_39ee289b,1,0,1,0,0,0
case_c542e562,1,1,1,1,1,1
case_79c0d181,1,1,1,1,0,1
case_3d716f68,1,0,1,1,0,1
case_e40048a8,1,1,1,1,0,0
case_1b4c4e8d,0,0,1,0,1,0
case_ecb48dde,1,1,1,1,1,0
case_d5502c41,0,0,1,1,0,0
case_b773cba6,0,0,1,1,0,1
case_ef3031a6,1,1,1,1,1,1
case_dcaedb52,1,0,1,1,1,1
case_0446a01a,1,1,1,1,1,1
case_434139ae,0,0,1,1,1,1
case_962baa0d,0,1,1,1,1,0
case_394548d8,1,0,1,1,1,1
case_40eb3c4a,1,1,1,0,0,1
case_91a36d4a,0,1,1,1,0,0
case_63a8b9b3,0,1,1,0,1,1
case_ba4c8f5c,1,1,1,1,1,1
case_4f5fc365,0,0,1,0,1,1
case_5831505d,1,0,1,0,1,1
case_653abcc9,1,1,1,1,1,1
case_56c89801,1,1,1,1,0,1
case_f8edcdc8,0,1,0,1,1,1
case_c8fd9b0b,1,1,1,0,0,1
case_7a132be9,1,1,1,1,1,1
case_6d36a9a7,1,1,1,1,1,1
case_6a93cc05,1,1,1,0,1,0
case_05d99ec3,1,1,1,1,1,1
case_9f074668,0,1,1,1,1,1
case_7b2cb018,1,1,1,0,1,1
case_9edc0835,1,1,1,1,1,1
case_3ad20558,1,0,1,0,0,1
case_f82dd013,1,1,1,1,0,1
case_0cecefdb,1,1,1,1,1,1
case_3835cc10,0,0,1,1,1,1
case_71a0d0a9,0,0,1,1,1,0
case_de65c155,0,0,1,0,0,1
case_113d695a,0,0,1,1,1,1
case_aa3a6c28,0,0,1,1,1,0
case_c34a5c9c,0,0,1,1,1,1
case_df5af49a,1,1,1,1,1,1
case_72ffd0f7,1,1,1,1,1,1
case_b6f73c35,0,1,1,1,1,1
case_8c1c18c4,1,1,1,1,1,1
case_459cb230,1,1,0,1,0,1
case_ae3d9416,0,0,1,0,1,1
case_db354eb6,1,1,1,0,1,0
case_0ca31156,1,1,1,1,1,1
case_c227429e,1,1,1,0,1,1
case_38a46c66,1,1,1,1,1,1
case_72defa48,0,0,1,1,1,0
case_06ebee13,0,0,1,1,1,0
case_158fd6de,1,1,1,0,1,1
case_1b29fa8c,1,0,1,0,1,1
case_6fe02df8,0,1,1,0,1,1
case_8356be0e,1,1,1,1,1,1
case_028fdcca,0,1,1,1,1,1
case_90e065d0,1,1,1,1,1,0
case_45990609,0,0,1,1,0,1
case_8442d9c1,1,1,1,1,1,1
case_7e7909e6,0,0,1,1,0,1
case_e0ca92a6,1,1,1,1,1,1
case_12a96a0b,0,0,1,0,0,1
case_cc7b7f27,0,0,1,0,0,1
case_58e980a7,0,0,1,0,0,0
case_0f8a8f50,0,1,1,0,0,1
case_3075e7e0,0,0,0,1,0,0
case_ee2b2844,0,1,1,1,1,1
case_0806532d,1,0,1,0,0,1
case_6c2c7c84,1,0,1,1,1,0
case_b233d631,1,1,1,1,1,1
case_7e882188,0,1,0,1,0,1
case_6a9a9cc8,1,0,1,1,0,1
case_f36fb61f,1,0,1,0,1,1
case_f66d23aa,0,0,1,1,1,1
case_2308a40f,1,1,0,1,1,0
case_58b81fe4,1,0,1,0,1,0
case_f7988b35,1,0,1,0,1,1
case_433b1af2,1,1,1,1,1,1
case_ff2d509f,1,1,1,1,1,1
case_36438525,0,0,1,0,1,0
case_8c60ee0b,1,0,1,1,1,0
case_045966e5,0,1,1,1,1,1
case_b11ead68,1,1,0,1,0,1
case_ae7b262c,1,0,1,1,1,1
case_8a3c00fb,0,0,0,0,1,1
case_e4da8dfe,1,0,1,1,1,0
case_0b2bf233,1,1,1,1,1,1
case_253ce4b1,1,1,1,0,1,1
case_c61d947f,0,1,0,0,0,0
case_52478c2b,0,1,1,1,1,0
case_281535b4,1,0,1,1,1,1
case_321cd063,1,1,1,1,1,1
case_cffe27d8,1,1,1,1,1,1
case_ce440f85,0,0,1,0,1,1
case_57be1251,1,0,1,1,1,1
case_3bdf9651,0,1,1,1,1,1
case_07c75145,1,1,1,1,1,1
case_6da26f0d,0,0,1,0,1,0
case_b8a907d6,0,1,1,1,1,1
case_0f53951f,0,1,1,1,1,1
case_5d8f2e58,0,0,1,1,0,1
case_d27a5b0b,0,0,1,0,0,1
case_96c12e63,1,1,1,1,1,1
case_4b044098,1,1,1,1,1,0
case_09dd35d4,0,1,1,0,0,1
case_44f6b314,1,1,1,1,1,1
case_3668c6a6,1,0,1,0,0,1
case_9a13e530,1,1,1,1,0,1
case_dc0b8062,0,0,1,0,0,1
case_23438480,1,1,1,1,1,1
case_8337057b,1,1,1,1,1,1
case_05ac1802,1,1,1,0,1,0
case_4ac0f235,1,1,0,0,1,1
case_af0dc784,1,1,1,0,1,1
case_ad4f55b9,1,1,1,0,1,1
case_74f1861f,1,1,0,1,1,1
case_8ad1375b,0,1,1,1,1,1
case_43730e25,0,1,1,0,1,1
case_456635fb,1,1,1,0,1,1
case_5ff08c90,1,0,1,0,1,0
case_dc7cd7eb,0,0,1,1,1,1
case_2cacf8e2,0,0,1,1,1,1
case_b32d4d67,1,1,1,1,1,0
case_ad0fae15,1,1,1,0,1,1
case_bba208e6,1,1,0,1,1,1
case_15a552fa,1,1,0,1,1,1
case_28a9f783,0,0,1,1,1,1
case_6b45a169,1,0,1,1,1,1
case_2a27268e,0,1,1,1,1,1
case_03bf80f0,1,1,0,1,1,1
case_a5845d15,0,0,1,1,1,1
case_f6a6d123,0,0,1,0,0,1
case_ae2f4274,0,1,1,1,1,1
case_3c576403,0,0,1,0,0,0
case_b829c69a,0,0,0,1,0,1
case_19930f19,1,1,1,1,1,1
case_a0759044,0,0,1,0,0,1
case_3475e0f3,1,1,0,1,1,1
case_cbcf4354,1,1,1,1,1,1
case_999995d6,0,0,1,1,1,1
case_d901b82d,0,0,1,0,0,1
case_5b9afe4e,1,1,1,1,1,1
case_4686af3e,1,0,0,0,1,1
case_eb7d1ec4,1,0,1,1,0,0
case_38184d2d,1,0,1,1,0,1
case_1da33d0f,0,0,1,0,0,1
case_f76c5ba6,1,1,1,0,0,1
case_cdbacbfb,1,0,1,0,0,1
case_a1169c0c,1,0,1,1,1,1
case_120e37b2,1,0,1,1,1,0
case_a0ad1d37,1,0,1,1,1,1
case_53043217,0,0,1,0,1,1
case_9f9934d9,1,1,1,0,0,0
case_0762db94,1,1,1,1,1,0
case_e9d1105a,1,1,1,1,0,0
case_14030295,0,1,1,1,1,1
case_e733ba96,0,1,1,0,0,1
case_c3418dbf,1,1,1,0,1,0
case_56be5af7,1,1,1,1,1,1
case_d4fdcb65,0,1,1,0,0,1
case_144e92d0,1,1,1,1,0,1
case_d18f3cb3,0,0,1,1,1,1
case_2e673a61,1,1,1,0,1,1
case_b7cf26be,1,1,1,1,1,1
case_ea428e3a,1,1,1,1,1,1
case_50aea770,0,1,1,0,0,0
case_e2ef09a0,1,1,1,1,0,1
case_a50bad68,1,1,1,1,1,0
case_8847aec5,1,0,1,1,0,0
case_af02a9d4,0,1,1,1,0,0
case_63c7b9fa,0,0,1,1,1,1
case_880af8b6,1,1,1,1,0,1
case_27b6ea80,0,0,0,1,1,1
case_86fc7802,1,1,1,1,1,1
case_c7e3a227,1,1,1,1,1,1
case_084aabfc,1,1,1,1,1,0
case_06cd5de4,0,0,1,1,0,1
case_7793f981,0,0,1,1,0,0
case_0a26b9ed,0,1,0,0,1,1
case_b2d7ad45,1,1,1,1,1,1
case_e5ea2803,1,1,1,1,1,1
case_74284583,1,1,1,1,1,1
case_4dbc87b9,0,0,1,1,0,1
case_eeb9b3d8,0,0,1,0,0,1
case_f82ea4ec,1,1,1,1,1,0
case_66d090c8,0,0,1,0,0,0
case_ff7fbd8d,1,0,1,0,1,0
case_81da9502,1,1,0,0,1,1
case_8643a810,1,0,0,1,0,1
case_fae15648,1,1,1,1,1,1
case_69ddeed0,0,0,1,0,1,0
case_b98cc10a,1,1,1,1,1,1
case_ceb20a70,0,0,0,1,1,1
case_62cfe5a5,1,1,1,1,1,1
case_e20e4359,1,1,1,1,1,1
case_392d3fea,1,1,1,1,0,1
case_033afa5b,1,1,1,1,1,1
case_b3a9107d,0,1,1,1,1,1
case_9e079297,0,1,1,0,1,1
case_19af5e7f,0,0,1,0,1,1
case_76e869c1,0,1,1,1,1,1
case_b2162d3d,0,1,1,0,1,0
case_f3c39c84,1,1,1,1,1,1
case_dacdf53d,1,1,1,0,0,1
case_ad82992c,1,1,1,1,1,1
case_ec057624,0,1,1,1,1,1
case_d350e686,1,0,1,0,1,0
case_5f9713f3,0,0,1,1,0,0
case_966a7e63,0,0,1,1,1,1
case_d83a36ad,1,1,1,1,1,1
case_451e56bd,0,1,1,1,1,0
case_e9f52ae5,1,0,0,0,0,1
case_51ba69d5,0,1,1,1,1,1
case_1406f01b,0,1,1,0,0,0
case_beb20fe5,1,1,1,1,1,1
case_3654ca71,1,1,1,0,1,0
case_c18ba677,0,0,1,1,1,0
case_34ca56c6,0,0,1,1,1,1
case_7be8706c,0,0,1,1,1,1
case_db900f77,1,1,1,1,1,1
case_7aabc85e,0,1,1,1,1,1
case_91894b3d,1,0,1,0,1,1
case_cc5645db,1,0,1,1,1,1
case_912691b0,0,1,0,0,0,0
case_987f63e9,0,0,1,1,1,0
case_94302363,0,1,1,0,0,0
case_6a0631b7,1,1,1,1,1,0
case_b48e4653,1,1,1,1,1,1
case_72c35945,0,1,0,0,1,1
case_7b31081b,0,0,1,1,1,0
case_ec1c2d1d,1,0,0,0,0,1
case_018a4182,1,0,1,1,1,1
case_ba143159,1,1,1,1,1,1
case_5b39721f,1,1,1,1,1,1
case_6eb26d99,1,1,1,1,1,1
case_c4510c92,1,1,1,0,1,1
case_ba5b7fa1,1,1,1,1,1,0
case_c2a7fb30,0,1,1,0,1,0
case_79b51864,1,1,1,1,1,1
case_73435204,1,0,0,1,0,1
case_0f127e36,0,0,1,0,1,1
case_c5e74a51,1,0,1,1,1,1
case_dbddc69e,1,0,1,1,1,1
case_62a59115,1,0,1,1,1,1
case_469838e9,1,1,1,1,1,1
case_5b05e3c8,1,1,0,0,1,1
case_8771ef81,0,0,1,0,0,0
case_02d95c09,1,1,1,1,1,1
case_5c58c7b3,1,1,0,1,1,1
case_2e7f24d0,1,0,1,0,0,1
case_b1ccb07a,0,1,1,1,0,1
case_44b9a09a,1,1,1,0,1,1
case_38f1dfaa,1,0,1,1,0,0
case_72ce7a29,1,1,0,1,0,1
case_3a137c4f,1,1,1,1,1,1
case_a5c94dd9,0,1,1,1,0,1
case_0a3f5bc7,1,1,1,0,1,0
case_49e7c25d,0,0,1,1,0,1
case_4ec537a6,0,0,1,1,0,1
case_fccb03d7,1,1,0,1,1,1
case_4dae6582,0,1,1,1,1,0
case_80f2392b,1,1,1,1,0,0
case_8d0be705,0,1,1,1,0,0
case_921dcbac,1,1,1,1,0,1
case_b5199a0c,1,1,1,0,1,0
case_d42b929e,1,0,1,1,1,1
case_72034dbb,0,0,1,0,1,0
case_111f4c80,0,0,1,1,1,1
case_cb156096,0,1,1,1,0,1
case_73e7821b,1,0,1,1,1,1
case_b971d1b4,0,1,1,1,1,1
case_86bb5283,0,0,1,0,0,1
case_af2b9585,1,1,1,1,1,0
case_d38a7c16,0,0,1,1,1,1
case_f108f9da,1,1,1,1,1,1
case_75ec90c0,1,0,0,1,1,1
case_976f607b,1,1,1,1,1,1
case_b2f5fd6a,0,0,1,0,0,0
case_09822dc6,1,1,0,1,0,0
case_715c3c46,0,1,1,0,0,1
case_c85dc70c,0,0,1,1,1,1
case_4db8c09b,1,0,1,0,0,1
case_ae22a7cd,1,1,1,1,0,1
case_d3c6032a,1,1,1,1,0,1
case_4d019a20,1,1,0,0,0,0
case_21fe05c5,0,1,1,1,0,1
case_615d0094,1,1,1,1,1,1
case_efed1512,1,0,1,1,0,1
case_509bacc2,0,0,1,1,0,1
case_5bdc4fba,1,1,1,0,0,0
case_8cb086d3,0,1,1,1,1,1
case_57cfe0cf,1,1,1,0,1,1
case_cff58743,1,1,0,1,1,1
case_5bf51367,0,0,1,1,0,1
case_6d533e78,0,0,1,1,1,0
case_7529f6b3,1,1,1,1,1,1
case_58936d47,1,1,1,1,0,0
case_b0cdc998,1,1,1,1,1,1
case_acaee818,1,1,1,1,1,1
case_26873bd5,0,0,1,0,1,1
case_6ce2be81,0,1,1,0,1,1
case_2e71327e,0,1,1,1,1,1
case_acf2e6aa,1,0,1,1,1,0
case_2af7acb3,0,0,1,0,1,1
case_91c4ae09,1,1,1,1,0,1
case_ed6dbd39,0,1,1,0,0,1
case_c471b3a8,0,0,1,1,0,1
case_0e772afa,1,1,1,0,1,1
case_48ea0e43,0,1,1,1,1,1
case_1d8e4b35,0,1,0,1,0,0
case_7c26cb2b,0,0,0,1,1,1
case_2643c0e8,0,0,0,0,1,1
case_e0c3e661,1,1,1,1,0,1
case_52e9faf0,0,0,1,0,1,1
case_c31967fc,1,1,0,1,1,1
case_bc38ec79,1,0,1,0,1,1
case_f35f8152,0,0,1,1,1,1
case_fa13e9e4,0,1,0,0,1,1
case_a70aa6cb,1,1,1,1,1,0
case_eb244950,1,0,1,1,1,1
case_b9890ac9,0,0,0,0,1,0
case_bbd3cc83,0,0,0,0,0,1
case_5e523aee,1,1,1,1,1,1
case_f4bd207e,0,1,1,1,0,1
case_3c4d7c77,0,1,1,1,1,1
case_ba68437a,0,0,0,1,0,1
case_f80f6859,0,0,1,1,1,0
case_17f5b038,1,1,1,1,1,1
case_d78b5ef7,1,1,1,1,1,0
case_ea5b4ef2,1,1,1,0,1,1
case_12d149d4,1,1,1,0,1,1
case_fa2f88d0,1,0,1,0,1,1
case_1f6a85e1,0,0,1,1,0,1
case_44ed8f23,0,1,1,1,1,1
case_6ba2c342,1,0,1,0,1,1
case_6ba4fdac,0,1,0,0,0,0
case_a4fe3172,1,1,1,1,1,1
case_4927863a,1,0,0,1,1,1
case_03b1d3e1,1,1,1,0,1,1
case_9edbd12f,0,1,1,0,1,1
case_61ee4ce0,0,1,1,1,1,1
case_a014fd46,0,1,1,0,1,1
case_161c0fde,0,1,1,1,1,1
case_f81232cc,1,1,0,1,0,1
case_4825f5f2,0,0,1,1,0,0
case_05c3b5cd,1,1,1,1,1,1
case_b7725555,1,0,1,1,0,1
case_e19414ec,0,1,1,1,0,1
case_22e97c25,0,0,1,1,0,1
case_ee5965f9,1,0,1,1,1,1
case_50d95a7c,0,0,0,1,1,0
case_194cb4f2,0,1,1,1,1,1
case_5ed17e33,1,1,1,1,1,1
case_09fbb9ca,0,0,1,1,1,1
case_75b9a7c8,1,0,0,1,0,1
case_10ac6636,1,1,0,0,0,1
case_7872a57c,1,1,1,0,1,1
case_75d3e0a7,0,0,1,0,0,1
case_e849021b,1,1,1,1,0,1
case_839747cc,1,1,1,1,0,0
case_f85cab1d,1,1,1,0,0,0
case_c73ff574,1,1,1,0,1,1
case_a4ffba1a,0,1,1,1,1,1
case_439ad9f7,1,1,1,1,1,1
case_1354a738,1,0,1,1,1,1
case_b5ea43c1,1,1,1,1,1,0
case_8516ffe0,1,0,1,0,0,0
case_c83d3e65,1,0,0,0,0,1
case_59e2fd17,0,1,1,1,1,1
case_d08b249e,0,0,1,0,1,1
case_1f04770c,1,1,1,1,1,0
case_2fab3823,0,1,1,0,1,0
case_8515da1d,1,1,1,1,1,1
case_b30cc5d3,1,0,1,0,0,1
case_ee643f85,1,1,1,1,1,1
case_2e451a05,1,0,1,1,1,1
case_4ca5e9e2,1,1,1,1,1,1
case_5173f0b6,1,1,1,1,0,1
case_2b9b6240,1,0,1,1,0,1
case_e6d4ab7f,1,1,1,1,1,1
case_6d5d89f4,1,0,1,1,1,1
case_e5051b33,1,1,0,0,0,1
case_ee3dec4d,0,1,0,0,1,1
case_1a61091a,0,1,1,1,1,1
case_49e24c88,0,1,0,0,0,1
case_54f34b5d,1,0,1,1,1,1
case_a7313f28,1,1,1,0,1,1
case_2cd126aa,1,1,0,1,1,1
case_073d4242,0,1,1,1,1,1
case_b07f51e8,1,1,1,0,1,1
case_55b1692f,1,0,1,0,1,1
case_7868e6d0,0,1,1,1,0,0
case_e5fcfe58,1,1,1,0,0,1
case_5c586591,0,1,0,1,0,0
case_d624d533,0,0,1,0,0,0
case_a6bdacff,1,1,1,1,0,1
case_821ecb52,1,1,1,1,1,1
case_25921b7a,1,0,1,1,0,0
case_ac6f788f,0,1,1,1,1,1
case_35dcfb15,0,1,1,1,1,1
case_8956e5fe,1,0,1,0,0,0
case_7dcdc55e,0,0,1,1,1,1
case_7e333b72,1,0,1,1,1,1
case_6745e78f,1,1,1,0,1,1
case_cb16a018,1,1,1,1,1,1
case_7fbdd806,1,1,1,1,1,1
case_c7da5954,0,0,1,1,0,1
case_4ace9092,0,1,1,1,0,1
case_88c37f34,1,0,1,1,0,1
case_dc8d2b76,1,1,1,1,1,1
case_3e195dc9,1,1,0,1,1,0
case_30f16fc2,1,0,1,1,1,0
case_7ffd40e8,0,0,1,0,1,1
case_22cfb376,1,1,1,1,1,1
case_b32af155,1,1,1,1,0,0
case_6e83bf4a,1,1,1,1,1,1
case_b997c68c,0,1,1,1,1,1
case_60ca0a43,1,1,1,1,1,1
case_3918704d,0,0,1,1,1,1
case_8a86294c,1,0,1,1,0,0
case_f4b7355d,1,1,1,1,1,1
case_1093d07c,0,1,1,1,1,1
case_f84c7764,0,1,1,1,0,0
case_e3b2cafc,1,1,1,1,0,1
case_65f2cc82,0,1,1,1,1,1
case_082c2564,1,1,0,1,1,1
case_e78bbdd9,1,1,1,1,1,1
case_ef6c6415,0,1,1,0,1,0
case_4c10705c,1,0,1,1,0,1
case_d2487e42,0,1,0,1,1,1
case_f1a55f96,0,0,1,1,1,1
case_7d3a2df7,0,0,1,0,0,1
case_c4e4e6b7,1,1,1,1,0,1
case_512120cc,1,1,1,1,1,1
case_1f2ef09d,0,1,1,1,1,1
case_b3aec3a8,0,1,1,0,1,1
case_5f0ac165,1,1,1,1,1,1
case_cd0fb60f,1,1,1,1,1,1
case_eeded3a3,1,1,1,1,1,1
case_d2cc5eed,0,1,1,0,0,1
case_568b3c57,1,1,1,1,1,1
case_cfc44fbe,1,1,1,0,1,0
case_4451c23b,1,1,1,1,0,1
case_88e28117,1,0,1,1,1,0
case_3bf06f42,1,1,1,1,1,1
case_20743753,0,1,1,0,1,1
case_f97a2448,1,1,1,1,1,1
case_e2c43b44,0,0,1,1,1,1
case_ac5e8791,1,1,1,0,0,1
case_faa900a8,1,0,0,1,0,1
case_7fecde19,1,1,1,1,1,0
case_a58b055c,1,0,1,0,0,1
case_9f98809a,0,0,1,1,0,0
case_aba118e0,0,0,1,1,1,1
case_fbfaee49,1,1,1,1,1,1
case_fa0e9fe7,0,1,1,1,1,1
case_b28c5c43,0,0,1,1,1,1
case_fb6d0e65,0,1,1,1,1,0
case_7893af34,0,0,1,0,0,1
case_6d11a338,1,1,1,1,1,1
case_88f5ad7b,1,1,1,1,1,1
case_555f3e91,0,1,1,1,1,1
case_9e8be36b,0,1,1,1,1,0
case_763a2eec,0,0,1,1,0,0
case_550c0437,0,0,1,0,1,1
case_f179fd6f,0,1,1,0,1,1
case_c657f7ab,0,1,1,1,1,1
case_871bb258,0,1,1,1,1,1
case_894d4376,1,0,1,0,0,0
case_a7d82f61,1,1,1,0,1,1
case_66c4e9b1,0,0,1,1,1,1
case_8b7824e4,1,1,0,1,1,1
case_7636c0a4,0,1,0,1,1,0
case_8b19cfa8,0,1,1,0,1,1
case_2d400d04,0,1,1,1,1,1
case_17bfe634,1,0,1,1,1,1
case_ef07fcb7,0,1,1,1,1,1
case_2d6da9d8,0,0,1,1,1,1
case_3f930e18,0,1,1,1,1,1
case_cf676890,1,1,1,1,1,1
case_691626d7,1,0,1,1,1,0
case_3eb29b1a,1,1,1,1,0,1
case_717da50e,0,0,1,0,1,1
case_7546847c,1,0,1,1,0,1
case_b1165164,1,0,1,0,1,1
case_693ee13b,1,0,1,1,1,1
case_4b077ee3,1,0,1,1,0,1
case_a5a2b531,1,1,1,0,1,1
case_9fec3742,0,0,1,0,0,1
case_d164ea5a,1,1,1,1,1,1
case_1bac9a1e,0,1,0,1,0,1
case_a15be9ef,1,1,1,1,1,1
case_25388990,0,1,1,1,0,0
case_53a4ae92,1,0,1,1,0,1
case_f9dcb48f,1,1,1,1,1,1
case_718942d4,1,1,1,1,0,1
case_2dcbb489,1,1,1,1,1,0
case_4dda9cd8,0,1,0,1,1,1
case_0f7d5ed8,0,1,1,1,1,1
case_0b06b0df,1,0,1,0,0,0
case_8d12a8e9,1,1,1,1,1,1
case_561561db,1,1,1,0,0,1
case_338f591f,1,1,1,1,1,1
case_f88b41cd,1,0,1,1,0,1
case_6e029ef2,0,1,1,1,0,0
case_84023e2d,1,1,1,0,1,1
case_b3a5bdf0,0,1,1,1,0,1
case_213596de,1,0,1,1,0,0
case_95a5e825,0,0,1,0,1,1
case_4b8c2393,0,0,0,0,0,0
case_694745ab,1,0,1,0,1,0
case_98eb3e85,1,1,1,1,1,1
case_3b50281e,0,1,0,1,1,1
case_2532e5a8,1,0,1,1,0,0
case_75659c34,1,0,1,0,1,1
case_22458ee3,0,1,1,0,1,1
case_2bfb357a,0,1,1,1,0,0
case_301093a5,1,0,1,1,0,1
case_dd3d4686,0,0,1,1,1,1
case_7d914ad0,1,1,1,1,0,1
case_e0ccf77a,1,0,1,1,0,1
case_86222507,0,0,1,0,1,1
case_2fb064be,1,0,1,1,1,1
case_58a10be3,1,1,1,1,1,1
case_a3ea1f98,0,0,1,0,0,1
case_0d77a814,1,1,1,1,0,1
case_e2abaeba,1,0,1,1,1,1
case_da535d84,1,0,1,1,1,1
case_a6dac8c2,1,0,1,1,1,1
case_b0f2bd1a,0,0,0,1,1,1
case_73106c72,1,1,1,1,1,1
case_71e32796,1,0,1,0,0,1
case_c9d5fcf0,1,1,1,1,1,0
case_5389a38c,0,1,1,1,1,1
case_5092125c,1,1,1,1,1,1
case_e98cb68f,1,1,1,1,1,1
case_68f6ea12,0,1,0,0,1,0
case_ce4baeef,1,1,1,0,0,1
case_df606799,1,1,1,1,1,1
case_8f1ede8a,0,0,1,1,1,0
case_1c330e59,0,0,1,0,0,1
case_f6384f0c,0,0,1,0,1,1
case_5b25f3f9,0,1,1,1,1,1
case_ec45a2c4,1,0,1,1,0,1
case_ee9d0c8c,1,1,1,1,1,1
case_dfc5252c,1,1,1,1,1,1
case_8b8228ef,0,0,1,0,1,1
case_83310845,0,0,1,1,0,1
case_ef6e1b5f,1,1,1,1,1,1
case_64ef1999,0,1,0,1,0,1
case_b1447838,1,1,0,0,1,1
case_a46f8653,1,0,1,0,0,1
case_be94535b,1,1,1,0,1,1
case_5f82ec6d,0,1,1,1,1,1
case_bf7e98f8,1,1,0,1,1,0
case_a8e78131,0,1,0,1,1,1
case_1aa73fd5,0,0,1,0,1,0
case_4d4593da,1,1,1,1,1,1
case_27c62d30,0,0,1,1,0,0
case_6b9a0d30,1,0,1,0,1,1
case_6d9ca69d,0,0,1,0,1,1
case_8f380df6,1,1,1,1,1,1
case_c8f81701,1,0,1,0,1,1
case_1c054998,0,0,1,0,0,1
case_b88c2289,1,0,1,1,1,1
case_b3ceac5a,1,1,1,1,1,1
case_683feb49,1,1,1,1,1,1
case_074f340e,1,0,0,0,0,1
case_64f23c45,1,1,1,1,1,1
case_a65b6fb9,0,1,0,1,0,1
case_3ddf47d5,0,1,1,0,1,1
case_e6ebdc27,0,0,1,0,1,1
case_7f662b2f,1,1,1,1,1,1
case_265758fe,1,1,1,1,0,0
case_c892c42d,0,1,1,1,1,1
case_9f92e456,1,0,1,1,0,0
case_b6c35a69,0,0,1,1,1,1
case_6a82709a,1,0,1,1,0,0
case_5b516365,0,1,1,1,0,1
case_02d6a91a,0,0,1,0,1,1
case_b31e6b44,1,1,1,1,0,1
case_99c255e6,1,0,1,1,0,1
case_86b4be85,1,1,1,0,1,0
case_9c47afbf,0,1,1,0,1,0
case_91a23817,0,1,1,1,1,1
case_30446bf8,0,1,0,0,1,1
case_da14b865,0,0,1,1,0,1
case_ad4d733e,0,1,1,1,1,1
case_9eea2146,1,1,0,1,0,1
case_54f25fdc,1,0,1,1,1,1
case_fafad763,0,1,1,0,1,1
case_fd606e73,1,0,0,1,1,0
case_986348a9,1,1,1,1,1,1
case_7abaa828,1,0,1,0,0,1
case_4faf2ffd,1,0,1,1,0,1
case_a2eda8fc,1,0,1,0,1,1
case_1b5adeea,1,0,1,0,0,1
case_0cbf495a,1,1,1,1,1,1
case_7912328c,1,0,1,0,1,1
case_ab047bcd,1,1,1,1,1,1
case_040c90d5,1,1,1,0,0,1
case_2fe5ef08,1,1,1,1,0,1
case_b9b17e4f,0,1,1,1,1,0
case_8586e963,1,1,1,1,1,1
case_95b04526,1,0,1,1,1,1
case_fefc97d5,1,1,0,1,1,0
case_16d0dc27,0,0,0,0,1,1
case_9b3a0efe,1,0,1,0,1,1
case_d71b60ba,1,0,1,1,1,1
case_66a34da6,1,1,1,1,1,1
case_ad9c73dd,1,0,1,1,0,1
case_071c7034,1,1,1,1,1,1
case_f2eaf60f,1,1,1,0,1,0
case_4a8f6c3b,0,1,0,0,1,1
case_03f70ea3,1,1,1,0,0,1
case_6fc403f7,1,1,1,1,1,1
case_aa286407,1,1,0,1,0,1
case_19036410,1,1,1,1,1,1
case_45937a27,1,1,0,1,1,0
case_a6de1ac2,0,1,1,1,0,1
case_466d0815,0,1,1,1,1,1
case_e67fe98f,0,1,1,1,1,1
case_58cabec4,1,1,1,1,1,1
case_8376beff,1,0,1,1,0,0
case_999ae210,1,1,1,0,1,1
case_6ac36e80,0,1,1,1,1,1
case_22cf347a,1,1,1,0,1,0
case_fd8fa207,0,0,1,1,1,1
case_0f105966,1,1,0,0,0,1
case_d45069c0,0,0,1,0,0,1
case_4727cde0,1,1,1,0,1,0
case_027a769c,0,1,1,1,1,1
case_4de4d8cf,1,0,1,1,0,1
case_47d3d526,1,1,1,1,1,0
case_0243fe78,0,0,0,0,0,1
case_6f9fe4b4,1,1,1,1,1,1
case_36d832c6,0,0,0,0,1,0
case_dd5f8677,1,1,1,0,0,1
case_5cbd80fa,0,1,1,1,0,0
case_5bf314e6,1,0,0,1,0,1
case_d432c050,1,0,1,1,0,1
case_042182b8,1,1,1,1,1,1
case_ab4e87d5,1,1,1,1,1,1
case_77478983,1,1,1,1,1,1
case_491c476e,1,0,1,1,1,1
case_9da548e3,1,0,1,0,1,0
case_bf396557,1,1,1,1,1,1
case_c875e386,1,0,1,1,1,1
case_38d5aeb8,0,1,1,1,0,0
case_cf4ce3b5,1,1,1,1,1,1
case_8d3d7e61,1,1,1,0,1,0
case_e8ca7fa5,1,1,1,1,1,1
case_6c47ab61,1,0,1,1,1,1
case_06ebd364,1,1,1,1,1,1
case_080cbf38,0,1,1,1,1,1
case_de1983eb,0,0,1,1,1,0
case_ce9682f9,0,0,1,0,0,1
case_6386e2e9,0,1,1,0,0,1
case_bbfa690a,0,1,1,0,1,1
case_a473670b,0,0,1,1,0,1
case_caf49f1e,1,0,1,0,0,1
case_7107753a,1,1,0,0,1,1
case_2fc7eb47,1,0,1,0,0,1
case_15802b4d,0,1,1,1,1,1
case_163fb1f5,0,1,0,1,0,1
case_d978969a,0,1,1,1,1,1
case_8c7c7a1f,1,1,1,1,1,1
case_14fc71ac,1,1,1,1,1,1
case_8faaf4aa,1,1,0,1,1,1
case_fad45c30,1,1,1,1,1,1
case_ace2c4c5,1,1,1,1,1,1
case_f625ded9,1,0,1,1,1,0
case_be406d38,0,1,1,1,0,1
case_07b550a0,1,0,1,1,1,0
case_cadb1181,1,1,1,1,1,0
case_aa22e286,0,0,1,0,1,1
case_b8fcad78,1,0,1,1,1,1
case_67fdcb99,0,0,1,1,1,0
case_e63a86e8,0,0,1,1,1,1
case_d29b7509,1,1,1,1,0,1
case_691153c6,0,1,1,0,1,1
case_2284bc15,0,0,1,0,1,1
case_2d442810,1,0,1,1,1,1
case_43271c19,1,1,1,1,1,1
case_57f363a9,0,1,1,1,1,1
case_b349bec3,1,1,1,1,1,1
case_23173221,0,1,1,1,0,1
case_5f7aae77,1,1,1,0,1,0
case_51c07f65,1,1,1,1,1,1
case_28d2e3c8,1,1,1,1,1,1
case_50041578,0,0,1,1,1,1
case_010ba4b1,1,0,1,1,1,0
case_17fa852b,0,1,1,1,1,1
case_777e8d24,1,1,1,1,1,1
case_22fea23d,1,0,0,0,0,1
case_42f5820a,0,0,1,0,0,1
case_4d6d2406,1,1,1,0,1,1
case_394ce469,1,1,1,1,1,0
case_90259e32,0,0,0,0,1,1
case_f66ec488,1,1,0,1,1,1
case_07685908,1,1,1,1,1,1
case_d895426a,1,0,1,1,1,1
case_be8794dd,1,0,1,0,1,1
case_c7e8be1f,1,1,1,1,1,1
case_b664394e,1,0,1,1,0,0
case_94055be4,0,1,1,1,1,1
case_9003625f,0,1,1,0,0,0
case_ea364c1e,1,1,1,1,0,0
case_7b0847e6,1,1,1,0,1,1
case_b46e464b,1,1,1,0,0,0
case_cfba0f5e,1,1,1,1,1,1
case_c702c44b,0,1,1,1,0,1
case_c38e93da,0,1,1,1,1,1
case_d3a77bf0,1,1,1,1,0,1
case_bff09127,1,1,1,0,1,1
case_e62e428b,1,0,1,1,1,1
case_913a2b43,1,1,1,1,1,1
case_5ee1f891,0,1,1,1,1,1
case_e35b0704,0,1,1,1,1,0
case_7fe75069,1,1,1,1,1,1
case_beeec726,1,1,1,1,1,1
case_76b2e38e,1,0,1,1,0,1
case_82880c7a,1,1,1,1,1,1
case_36eb0ad6,1,1,1,1,1,1
case_80d671cb,0,1,1,0,1,1
case_c01c2bc9,0,1,1,0,1,1
case_247e33cc,0,0,0,1,0,1
case_09598a46,1,1,1,1,1,1
case_bce2a192,1,1,1,0,1,1
case_9f8b3b9f,1,0,1,1,1,1
case_43900515,1,1,1,0,0,1
case_1ac80639,0,1,1,1,0,1
case_59791813,0,1,0,1,0,1
case_f699e5c6,1,0,1,1,1,1
case_23088eb9,0,1,1,0,1,1
case_5ee0e97d,1,0,1,1,1,1
case_f7299f32,1,0,1,1,0,1
case_af0cec00,1,1,1,1,1,1
case_388e596b,0,0,1,1,1,1
case_6686b03d,1,0,0,0,1,1
case_5a45b2b1,0,1,1,1,1,0
case_5d6f35c3,0,1,1,0,1,1
case_b15b78a3,0,1,1,1,1,1
case_e6f9ccf7,1,1,1,1,1,0
case_5c2c8e83,0,1,1,1,1,1
case_b1c41fbb,0,1,1,1,1,1
case_a32c7b17,1,1,1,1,1,0
case_773c7586,1,1,0,1,1,1
case_3c379353,1,0,1,0,1,1
case_f8ae3234,1,0,1,1,0,1
case_63a09e98,1,0,1,1,0,1
case_fe5e2db9,0,0,1,0,1,0
case_570bd1ba,0,1,0,0,1,1
case_812f9767,0,1,0,1,1,1
case_c9cd5d91,0,1,1,1,1,1
case_c0e6cee4,1,1,1,0,1,1
case_c7df84f0,1,1,1,1,1,1
case_82d1c8d7,1,1,1,1,1,1
case_3c53decd,0,1,1,1,1,1
case_403cc52b,1,1,0,1,1,0
case_eee19a11,1,0,1,1,0,1
case_359b1c85,1,1,0,1,1,1
case_df8ead8d,0,0,1,0,1,0
case_918c4142,1,0,1,0,0,1
case_85039b01,0,0,1,0,1,0
case_454ce70f,1,0,1,1,1,1
case_f7b1f254,0,0,1,0,0,1
case_f31a3160,1,1,1,1,1,1
case_01c61b79,0,0,1,0,0,1
case_a6af6e26,1,1,1,1,0,0
case_568a69b6,0,1,1,0,1,0
case_5e5cfb98,1,1,1,1,1,1
case_63ec3174,0,1,1,1,1,1
case_23de265a,1,0,1,1,0,1
case_cfbd7165,0,1,1,1,1,1
case_547205ab,1,1,1,1,1,0
case_5e2e3eca,1,1,1,1,1,1
case_7384e959,1,1,1,1,1,1
case_2982475e,1,1,1,1,1,1
case_388f6e3e,1,0,1,0,0,1
case_a9dc7f6c,1,1,1,1,1,1
case_94eb7a9f,1,1,0,1,1,1
case_4220994a,0,1,1,1,1,1
case_d0420189,1,1,1,1,1,1
case_1f6f3f96,0,0,1,1,1,1
case_13d6a9f7,1,1,1,0,0,0
case_a6cd2353,0,0,1,0,0,1
case_68791955,0,1,1,1,1,1
case_4feb609d,1,0,1,1,1,0
case_8713b371,0,0,0,0,1,0
case_634835f4,1,1,1,1,1,1
case_bc2ed28f,1,0,0,1,1,0
case_546db5cd,1,0,1,1,0,1
case_d01df481,0,1,1,0,1,0
case_892d4437,0,1,1,1,0,1
case_10cd07a2,0,1,1,1,1,0
case_ab1de246,1,1,1,0,0,1
case_e80836a8,0,1,1,1,0,1
case_dac58c0f,1,1,1,1,1,1
case_e7f9c2fe,1,0,1,0,0,0
case_b5433fbd,1,1,1,1,1,1
case_ad6b2de5,1,1,1,1,1,1
case_ba0c32eb,0,1,1,1,1,1
case_3d815aa2,1,1,1,1,1,0
case_a2796374,0,1,1,1,1,0
case_68010db9,1,1,1,1,1,1
case_308dac32,1,1,1,1,1,1
case_1a20705a,1,0,1,1,1,1
case_7fb45c9f,0,1,1,1,1,1
case_da4cc2eb,1,1,1,1,1,1
case_7e6fd034,1,1,1,1,0,1
case_9d1d68ff,1,1,1,1,1,1
case_bbba0380,1,1,1,1,1,1
case_fb99c9a3,1,0,1,1,1,1
case_14a0abc2,0,1,1,0,0,1
case_52381fbb,0,1,1,1,1,1
case_8c20ee7e,1,1,1,0,1,1
case_325ab563,1,0,1,0,0,1
case_fbc4329e,1,1,1,1,1,1
case_3221c6dd,0,1,1,0,0,0
case_f273a854,0,0,1,0,1,1
case_9a24bb85,1,0,1,1,1,0
case_03f78924,0,1,1,1,1,1
case_b9aacdaa,1,1,1,0,0,1
case_9b9496ee,1,1,1,1,1,1
case_cfbc8cf6,1,1,1,1,1,1
case_ab150305,0,1,1,0,0,0
case_232d4aaf,0,1,1,1,1,1
case_2b5294b2,0,0,1,1,1,1
case_f53029dc,0,0,1,1,1,1
case_908bd4e7,1,0,1,1,0,1
case_08aa79c2,1,0,1,0,1,0
case_2e3298dd,0,1,1,1,1,1
case_54d27864,1,1,0,0,0,1
case_90d82f61,0,0,1,1,1,1
case_86ad03ef,1,1,1,1,1,1
case_294f3239,0,1,1,1,1,0
case_1a3e9efc,0,1,1,1,1,1
case_4165a8be,0,0,1,1,1,1
case_d8ece351,1,0,1,1,1,1
case_6e8bf05e,0,0,1,1,1,0
case_3c6455e5,0,1,1,1,0,1
case_adfa9303,1,1,0,1,1,1
case_8088802a,0,0,1,1,1,0
case_3a8ca648,0,1,0,1,0,1
case_9a10864a,1,1,1,0,1,1
case_c82404b5,1,0,1,0,0,1
case_fa384867,0,1,0,1,0,1
case_d3b1ffd9,1,1,1,1,1,1
case_a273f06e,1,1,1,1,1,1
case_5ff36374,1,1,1,1,1,0
case_4a347403,0,1,1,1,1,1
case_daee6b13,1,1,1,0,0,0
case_281569a2,1,0,1,1,1,0
case_3d142373,1,1,1,1,1,1
case_92f7aad1,0,0,1,1,0,0
case_18efc3bc,1,0,1,1,1,0
case_54e91087,1,0,1,1,1,1
case_f9ef3132,1,0,1,0,1,1
case_62aeda1b,1,1,1,1,0,1
case_71e6b5ac,1,1,1,1,0,1
case_8e6749cb,1,0,1,1,1,1
case_1ead073e,1,0,1,1,0,1
case_10d05a0a,1,0,1,0,1,1
case_d4c56b8a,0,0,1,0,1,1
case_1a82a340,1,0,1,0,1,0
case_70d8c88d,0,0,1,1,1,0
case_96ca4c11,0,0,1,1,1,1
case_61baf7b5,0,1,1,0,1,1
case_109f7057,1,1,1,1,0,1
case_63a9c3c9,1,1,1,1,1,1
case_fabc329c,0,0,0,1,0,1
case_0ade8e8f,1,1,1,1,1,1
case_86d035e9,1,1,1,1,1,1
case_8d0ba2c0,1,1,1,1,1,1
case_55e99219,0,1,1,1,1,1
case_8f7f03f7,0,1,1,0,1,1
case_b3526448,0,1,1,1,1,1
case_66c71305,1,1,1,1,0,1
case_2bcd7f1a,1,1,1,1,1,1
case_0c98eefb,1,1,1,1,1,1
case_831071a1,0,0,1,0,0,0
case_7e5fb2a6,0,1,1,0,1,1
case_8564a9cc,1,1,1,0,1,1
case_9c23e367,0,0,0,1,1,1
case_4a5eb1c5,1,0,1,1,1,0
case_cd2dea7b,0,1,1,1,1,1
case_2c8dfd1b,0,1,1,1,0,0
case_21030c6b,0,1,1,1,1,1
case_da927e86,1,0,1,1,1,1
case_93af7656,0,1,1,0,1,1
case_308631b8,0,0,1,1,1,1
case_eea39da6,1,0,1,1,1,0
case_e08fd89c,1,1,1,1,1,1
case_aa050737,1,0,1,0,0,1
case_e687f9d3,1,1,1,0,1,1
case_40971338,1,1,1,0,1,1
case_e040a987,0,1,1,1,1,1
case_cc9f1f1b,1,1,1,0,1,1
case_81f94ea5,0,1,1,1,1,1
case_25ea6239,1,1,1,1,1,1
case_6676b478,1,0,1,1,1,1
case_e2e9bda7,1,0,1,1,0,1
case_9651080a,1,0,1,1,0,0
case_6c95e59d,1,0,1,1,0,0
case_801b4243,1,0,1,1,1,1
case_5c7465c4,1,1,1,0,1,1
case_62fcfdd5,0,1,1,1,1,0
case_4393ba8b,1,1,1,0,0,0
case_a1d5f0df,0,1,1,0,1,1
case_193fd001,0,0,1,0,1,0
case_7e93ef12,0,0,1,1,0,1
case_2da911a4,1,0,1,1,0,0
case_bbd0686b,1,0,1,0,1,1
case_d3b53350,1,1,1,1,1,1
case_242d0f45,1,1,0,1,1,1
case_461fd186,0,0,1,1,1,1
case_99b0e8ad,1,1,1,1,1,0
case_0252db0c,0,0,1,0,0,1
case_22e87ad7,0,1,1,1,1,1
case_2f65dfa1,1,1,1,1,1,1
case_3a2c2f4c,0,1,1,1,0,0
case_91001e6b,0,0,1,0,0,0
case_5083b505,0,0,1,1,1,1
case_f910fa5a,1,0,1,0,1,0
case_89914e65,1,1,1,1,1,1
case_8d5d28f1,0,0,1,1,0,0
case_47479dfa,0,1,1,1,1,1
case_ee4eaf6f,1,1,1,1,0,1
case_c62409ff,1,1,1,1,1,1
case_ff795690,1,1,0,1,0,1
case_4786f1c4,1,1,0,1,1,0
case_e90aa196,0,1,1,0,0,0
case_e153877b,1,1,1,1,1,1
case_9a0a5bb0,1,1,0,1,0,0
case_3734171c,1,0,1,1,0,1
case_2374e10d,0,0,1,0,0,0
case_1d150899,1,0,0,1,0,0
case_277f655b,1,1,1,1,1,1
case_2852ca7e,1,0,1,0,1,1
case_c1b0e428,1,1,1,1,0,1
case_f2c9e0c1,0,1,1,1,0,1
case_173b3d32,0,1,1,0,1,1
case_aac9cbde,1,1,1,1,0,1
case_3c7f252e,1,1,0,1,0,1
case_89740421,1,1,1,1,1,1
case_7c2bebec,0,1,0,1,1,0
case_993cc9d6,1,0,1,1,1,1
case_9684b250,0,0,1,0,0,1
case_7ee7a46a,0,1,1,1,1,1
case_55942efc,1,1,1,1,1,1
case_3009410a,0,0,1,0,1,1
case_9238491f,1,0,1,1,1,0
case_0a47bda3,0,1,1,0,1,1
case_be22ee57,1,1,1,0,1,1
case_20ff627c,0,0,1,1,1,0
case_3a235ffd,1,1,1,1,1,1
case_460f6826,1,1,1,1,1,1
case_b31e7d77,0,1,1,1,1,0
case_e3175739,0,1,1,1,1,1
case_d6d4fd5c,1,1,1,1,1,1
case_6d5ce0c8,0,0,1,1,0,1
case_0e0cdd24,1,1,1,0,1,1
case_b8ccb504,1,0,1,1,1,0
case_d438827d,1,1,1,0,1,0
case_d1e244ae,1,1,1,1,1,1
case_5f441b3c,0,0,1,1,1,1
case_5b9ce631,1,1,0,1,1,1
case_70278e16,1,0,1,1,1,1
case_cac8b6ea,1,0,0,0,1,1
case_d3fa0967,0,0,1,1,0,0
case_97682f8f,1,1,1,1,1,1
case_2298f8fe,1,1,1,1,1,1
case_b4aa1887,0,1,1,0,1,1
case_9881b3bc,1,1,1,1,1,1
case_d7606a62,0,0,1,1,0,1
case_31cf21e3,0,0,1,1,0,0
case_99923461,0,0,1,1,1,1
case_54935e6c,0,0,1,1,0,1
case_eb180701,1,1,1,1,1,1
case_0b8a777c,0,1,1,1,1,1
case_10ca60c7,1,1,0,1,0,1
case_ee87fe1d,1,1,0,1,1,1
case_4a8a9ea6,1,0,1,1,0,1
case_302afb78,0,1,1,1,1,1
case_8189fb69,0,1,1,1,1,0
case_dd8ebb21,1,1,1,1,0,1
case_cbebfe0f,1,1,1,1,1,0
case_b3d70169,1,0,1,1,1,1
case_9a51aab5,1,0,1,1,1,1
case_86ad987e,0,0,0,0,1,1
case_171534bf,0,0,1,0,1,1
case_e968f030,1,1,1,1,1,1
case_8fe6914d,1,1,1,0,1,1
case_7f253db0,0,0,0,0,0,0
case_5bdcdfad,0,1,1,1,1,1
case_f713d720,1,0,1,0,1,0
case_bb889ebb,1,1,1,1,1,1
case_abd4a01a,1,0,1,1,1,1
case_d2e867ce,1,1,1,0,1,1
case_34cd1603,1,1,1,1,1,0
case_895c9606,1,1,1,1,1,1
case_393c0930,1,1,1,1,1,1
case_1838be91,0,1,1,0,0,1
case_6032b274,1,0,1,1,1,1
case_29dcf873,0,0,1,1,1,1
case_7d2c84f0,1,1,1,1,1,1
case_cb715968,1,0,1,0,0,1
case_9c2e2633,1,1,1,1,1,1
case_cfdf0eaa,1,1,1,1,1,1
case_15a244d1,0,0,1,0,1,0
case_ca6e8ea5,0,1,1,1,1,1
case_09dd7ae5,1,1,1,0,0,1
case_eabf8caa,1,1,1,1,1,1
case_6a861a99,1,1,1,1,0,1
case_46a9a1e9,1,0,1,1,1,0
case_607f4f58,1,0,1,1,0,1
case_0437512d,0,0,1,1,0,1
case_05d22b18,1,0,1,1,1,1
case_40b250b7,1,1,1,1,1,1
case_07a4fce2,1,0,1,1,1,1
case_fec94bcb,1,1,1,1,1,1
case_f6699ea0,0,1,1,1,1,0
case_f8fc2e73,1,1,1,1,1,1
case_ff06bb6f,1,0,0,1,1,0
case_2fc83984,1,1,1,1,0,1
case_3f6ba6c7,1,0,1,0,0,1
case_95f0a20a,1,1,1,1,1,1
case_f23014a0,0,0,1,0,1,1
case_d8c9fce5,0,0,0,0,1,1
case_3a762b76,0,1,0,0,0,1
case_eff3a176,1,1,1,1,0,1
case_36a0d300,1,0,1,1,1,1
case_f2a774e6,0,1,0,0,1,0
case_4df205a0,0,1,1,1,1,0
case_904b000e,0,0,1,1,0,1
case_9efb01ac,0,0,1,0,1,1
case_7b7c1a0a,0,1,1,1,0,0
case_0527c53d,1,1,1,1,1,1
case_5a4f8f96,1,1,1,0,0,1
case_11eb3476,1,1,1,1,1,1
case_1d67c70b,1,0,1,1,0,0
case_563fa15d,1,0,1,1,1,1
case_51266a82,0,1,1,1,0,1
case_87f9159c,1,1,1,0,0,1
case_2cb687b5,0,1,1,1,0,1
case_ff52752e,1,1,1,1,0,1
case_fbbe4bf0,1,1,1,1,1,1
case_71dc8e09,1,0,1,0,1,1
case_75e314d4,1,0,1,1,1,1
case_54ce91dc,1,1,1,1,0,1
case_f53d3111,1,1,1,0,0,1
case_e9e0a645,1,1,1,1,1,1
case_2a03c86a,0,1,1,1,1,1
case_36569d54,1,0,1,1,0,1
case_0724ce8b,1,1,1,1,1,1
case_01810e5f,1,1,1,0,1,1
case_dfbfe8c9,1,1,0,1,1,1
case_019cd61f,1,1,1,1,0,1
case_3f314802,0,0,1,1,0,0
case_9fadf512,0,1,0,0,0,1
case_24c0106d,1,1,1,1,1,1
case_1d9543be,1,1,1,0,0,1
case_45e2f6b1,1,0,1,0,0,1
case_8181ae7a,1,0,1,1,0,1
case_28148f95,1,1,1,0,0,1
case_5c0b5edd,0,0,1,1,1,1
case_18a9ab81,1,1,1,1,0,1
case_bde6435d,1,1,1,1,1,1
case_3b7df81b,1,1,1,0,1,1
case_89b79b5d,1,0,1,1,1,1
case_2e95ad38,1,1,1,1,1,0
case_f8b0dc76,0,1,1,1,0,1
case_011387fc,0,1,1,0,0,1
case_380462ea,1,1,1,1,1,1
case_641e6ba9,0,0,1,1,1,1
case_e7c476f8,0,1,0,0,0,1
case_b4e4d246,1,1,1,1,1,0
case_ef85ea76,1,1,1,1,1,1
case_36c94928,0,0,1,0,0,1
case_af1b4a0c,0,1,1,0,1,1
case_2d0a7a8e,0,0,1,0,1,1
case_ef541534,1,1,1,1,1,1
case_f1c71435,0,0,1,0,1,1
case_0863c5ec,0,0,1,0,1,1
case_cf781732,1,1,1,0,1,1
case_7c7cfaad,0,0,1,1,1,1
case_ebcd188f,1,1,1,1,1,1
case_fe7ce83d,0,1,1,0,1,1
case_0772b0fb,1,0,0,0,0,1
case_cda48de2,1,0,1,1,1,1
case_427c70ec,1,0,0,1,1,1
case_1d6c28b6,1,1,1,0,1,1
case_2ba298e6,1,0,1,0,1,1
case_644318fa,1,1,1,1,1,1
case_f32f9255,1,1,1,1,1,1
case_fb923e71,0,1,1,0,0,1
case_ed2ad011,1,1,1,1,1,1
case_f3bea8e4,0,0,0,0,1,1
case_4696848f,1,0,1,1,1,1
case_29e64063,1,0,1,0,0,1
case_dcd815b1,0,1,1,1,1,0
case_3a40ce94,0,1,1,1,1,0
case_d4574bbf,1,1,1,1,0,1
case_edfdd712,0,0,1,1,1,1
case_8ab6110d,1,1,1,1,1,0
case_a255d4e6,1,1,1,1,1,0
case_d9a57c98,1,1,1,1,1,1
case_1a389c30,1,0,1,0,0,1
case_54bc0e38,1,1,1,1,0,1
case_26ad66b2,0,1,1,1,0,1
case_e901e3be,1,1,1,1,1,0
case_22cfbd2c,1,0,1,1,1,1
case_f5c6a0d2,0,0,1,1,0,0
case_7f868a00,1,1,1,1,1,1
case_0f1dfb65,1,0,1,0,0,1
case_30789ae7,1,0,1,0,0,0
case_cc6a5af4,1,1,1,1,1,1
case_b4cf6936,0,0,1,0,1,0
case_15bf7922,1,1,1,1,1,1
case_b8d95233,0,0,1,0,1,1
case_1f13b3de,1,1,1,1,1,1
case_1e8c5a9d,0,1,1,1,1,1
case_599d4cf0,1,1,1,1,0,1
case_41e7d8ea,0,1,1,1,1,1
case_bc843200,1,1,0,1,1,1
case_742314f9,1,1,1,1,1,1
case_64b8b54c,0,1,0,1,0,0
case_3cc4bf88,0,1,1,1,1,1
case_3ef86a8a,1,1,1,1,1,1
case_7f35543b,1,1,1,0,1,1
case_ce9366e2,1,1,1,1,1,1
case_02364ad0,1,1,1,1,0,0
case_a6cef728,1,1,1,1,1,1
case_6e1e6494,0,0,1,0,0,1
case_e9fd18b1,0,1,1,0,1,1
case_4d1ac9ae,0,1,1,1,1,1
case_593a6897,1,1,1,1,1,1
case_a6ee143e,1,0,1,0,1,1
case_add6c06d,0,0,1,1,1,1
case_51042a5d,1,1,1,1,0,1
case_abc5bd71,0,0,1,1,1,1
case_ccb1c0db,0,0,1,0,1,1
case_60448080,1,0,1,0,1,0
case_80021970,0,1,1,1,1,1
case_a90b5d17,1,0,0,0,1,1
case_4c443535,1,1,1,1,0,1
case_773e1719,0,0,1,1,0,1
case_4f38ab4e,1,0,1,0,1,1
case_cb27cdc2,1,1,1,1,1,1
case_2f074d2a,1,0,1,0,1,0
case_5f9a08ad,0,1,1,1,1,1
case_c896e40d,1,1,1,1,1,1
case_2dbec171,0,1,1,1,1,1
case_0a7c0f7a,0,1,1,1,1,1
case_d1aa50a0,1,1,0,0,1,1
case_bf57ee47,1,1,1,1,1,1
case_fe00fa41,1,1,1,1,1,1
case_9fa8c179,1,1,1,1,1,1
case_9be5470f,1,1,1,1,1,1
case_023e371b,1,0,1,1,1,1
case_f2a62b99,1,1,1,0,0,1
case_fe80cf0e,1,0,1,1,0,1
case_ffbf0866,1,1,1,1,1,0
case_0a190866,1,1,1,0,1,1
case_b27b8137,1,1,1,0,0,1
case_3c3233b3,1,1,1,1,1,1
case_236855fc,1,1,1,1,1,1
case_ed221322,0,1,0,1,1,1
case_9066be4f,0,0,1,1,0,1
case_b08bf739,0,1,1,1,0,1
case_6b35f8fc,1,1,1,1,1,1
case_dc157c6b,0,0,1,1,1,1
case_e965412f,1,0,1,1,1,1
case_e4a4f46b,1,0,1,0,0,1
case_70102893,1,1,1,1,0,1
case_c82fec05,0,1,1,1,0,1
case_f6a82097,0,0,1,0,0,1
case_fe194a58,1,1,1,1,1,1
case_d1922ec9,1,0,1,1,1,1
case_cdd0bee2,1,1,1,1,1,1
case_1b26c43d,0,1,0,0,1,1
case_f3eff9e8,1,0,0,0,1,1
case_a3defa3b,1,1,0,1,1,1
case_8aee8edd,1,0,1,0,1,1
case_458474d1,1,1,1,1,1,1
case_472608ff,0,1,1,1,0,1
case_ecf9007f,0,1,1,0,0,1
case_92a57b51,1,0,1,1,1,1
case_a2b44fe9,1,1,1,1,1,1
case_e3d5b07f,0,0,0,0,0,1
case_f6be7381,1,1,1,0,0,1
case_65cc7892,0,1,1,1,1,1
case_44def54b,1,1,1,1,1,1
case_7f27a93d,1,1,0,0,0,1
case_e1d61abc,0,0,1,1,1,1
case_914da20d,0,1,1,0,0,1
case_979df6e6,0,1,1,0,0,1
case_7c9b22c4,0,1,1,1,1,1
case_3fa850ad,0,0,1,1,1,1
case_f429e325,1,0,1,1,1,1
case_38537063,1,1,1,1,1,1
case_29ea0c12,0,1,1,1,1,1
case_746a5cbb,0,1,1,0,0,1
case_48bb18fd,0,0,1,1,0,0
case_aefbbd45,0,0,1,0,1,1
case_3e18c18a,1,1,1,1,1,1
case_872baad3,1,1,1,1,1,1
case_e5bfb815,1,1,1,0,0,1
case_73c2238d,1,1,1,0,1,1
case_9f5b35de,1,1,1,1,1,1
case_88a6dede,1,0,1,1,1,1
case_f7efec33,1,0,1,1,1,1
case_aac0b9fe,1,1,1,1,1,1
case_b5b53523,1,1,1,1,1,1
case_6d1d48d2,0,0,1,1,0,1
case_a13d8589,0,0,1,1,1,1
case_a9d9e14a,0,0,1,1,1,0
case_8de31455,1,1,1,1,1,1
case_8b5b8bb8,0,1,1,0,1,1
case_aeb4e46b,1,1,1,1,0,1
case_c9fd6d6c,1,1,1,1,1,1
case_0452c86f,1,0,1,1,1,1
case_39640f90,1,1,1,1,1,1
case_07248577,1,0,1,1,1,1
case_37ae7b54,1,1,1,1,1,1
case_aeba7f1b,1,1,1,1,1,1
case_39ca9b2e,0,0,1,0,1,1
case_4ef20270,1,0,1,1,1,1
case_7cc0f355,0,1,1,1,1,1
case_fc796e59,1,1,0,1,1,1
case_ce68fff0,1,1,1,0,0,1
case_e0f32e4f,1,1,1,1,1,1
case_282236be,1,0,1,1,1,1
case_c50abeab,0,0,1,0,1,0
case_158ef4cf,1,0,1,1,1,1
case_952f637c,1,0,1,0,1,1
case_c20fb0f1,1,1,1,0,1,1
case_a0890b9b,1,1,1,0,1,1
case_7acb1ab6,0,0,1,1,1,1
case_935d03a6,1,1,1,1,1,0
case_67ce33db,1,1,1,0,1,1
case_b454091e,0,0,1,1,1,1
case_b7b4f989,0,0,1,1,0,0
case_380d8619,1,1,1,0,0,1
case_ef2751d0,1,0,1,0,0,1
case_7f4b611f,0,0,1,0,0,1
case_12d14776,0,0,1,1,0,1
case_94853ae0,1,1,1,1,1,1
case_9a1f04d2,1,0,1,1,1,0
case_29a073cf,0,0,1,0,0,0
case_2dc720fa,1,1,0,1,0,1
case_66217830,0,1,1,1,1,1
case_314586a0,1,1,1,1,1,1
case_a74a6312,1,0,1,1,1,0
case_563cf6f2,1,1,1,1,0,0
case_71010dda,1,1,1,0,1,1
case_5aef8189,0,0,1,0,0,1
case_01d111f0,1,1,1,1,1,1
case_8686f7af,1,0,1,1,1,1
case_af33624f,1,0,1,0,1,0
case_a47e4c23,1,1,1,1,1,0
case_b9c28851,1,1,0,1,1,1
case_604393f4,1,0,1,0,1,0
case_9aa1df91,1,1,1,1,1,1
case_01c9363f,0,0,1,0,1,1
case_8698b24b,1,1,1,1,1,1
case_d1b414cd,1,0,1,1,0,1
case_de87ae5e,1,0,1,1,1,1
case_9b9f062c,0,0,1,1,1,1
case_a0eb06cd,1,1,1,1,1,1
case_71f30b0c,0,0,1,1,1,1
case_021b4d57,0,1,0,1,0,1
case_2def8938,1,1,1,0,1,0
case_1da1b94d,0,0,0,1,1,1
case_1b035422,0,0,1,1,1,1
case_874f6570,1,1,0,1,0,1
case_94d4b88a,1,1,0,1,1,1
case_bb65a72e,1,0,1,0,0,1
case_198c4cf3,1,0,1,1,1,1
case_62319338,1,0,1,1,1,1
case_c13ae609,1,1,1,1,1,1
case_ae22dea2,1,1,1,1,0,1
case_e00e1b64,0,0,1,1,1,1
case_61a1bd79,0,1,1,1,0,1
case_2ac90bd1,0,1,1,0,1,1
case_cfa8ead5,1,1,1,1,1,1
case_c34e49ee,0,1,0,1,1,1
case_3066bdf6,0,1,1,0,1,1
case_cdc68d62,1,0,1,1,1,1
case_8b3cec3b,0,1,1,0,1,0
case_fd4a6877,1,1,1,1,1,1
case_99cca00f,0,0,1,0,1,1
case_c8ecff12,1,1,1,1,1,1
case_20c8498a,1,1,1,1,1,1
case_d127951b,1,1,1,1,1,1
case_1bba4f62,1,1,1,0,0,1
case_96ebe587,1,1,1,0,1,1
case_f67e8f87,0,1,1,0,1,1
case_e98effb8,1,1,0,1,0,1
case_0f90d666,1,0,0,0,0,0
case_4ff411cb,1,1,1,0,0,1
case_910a498a,1,1,1,1,1,1
case_de3f362e,1,1,1,1,1,1
case_3cb874e2,0,1,0,1,1,1
case_64faa0e4,1,0,1,1,1,1
case_cc50ad19,1,0,1,0,1,1
case_2ecf3ddf,0,1,1,0,1,1
case_56cabf53,1,0,1,0,1,0
case_89c8f307,0,1,1,1,1,1
case_d29878b8,0,0,1,1,0,1
case_0871ee75,1,1,1,1,1,1
case_5013592a,1,1,1,1,1,1
case_675cc9a8,1,0,0,0,0,0
case_cb9800da,1,1,1,0,1,1
case_81ac461a,1,0,1,1,0,0
case_2259d9a7,1,1,1,1,1,0
case_3f270d9d,1,1,0,1,1,1
case_0abc9eae,1,0,1,1,0,1
case_ee58fc08,1,0,1,0,1,1
case_f74acd59,1,1,1,1,1,1
case_7d07555f,0,0,1,0,1,1
case_3fb9aee5,1,1,1,0,1,0
case_bdcdfceb,1,1,1,1,1,1
case_e48f2f32,1,1,1,1,1,1
case_aa3d5523,0,0,1,1,0,0
case_ad8440fc,1,1,1,1,1,1
case_a5a74f3c,1,0,1,0,1,1
case_7f9fcd93,0,1,1,1,1,1
case_bb71a221,0,0,1,0,1,0
case_4e6eef66,1,1,1,0,0,1
case_afb6d222,0,1,1,1,1,1
case_d2af1c35,1,1,1,1,1,1
case_a4eb5662,0,1,1,1,1,1
case_d61e8903,0,1,1,1,1,1
case_dc10bda7,0,1,1,1,1,1
case_364469a3,1,1,1,1,0,1
case_81857cfd,1,1,1,1,1,1
case_ee100199,0,0,1,1,1,1
case_05d2cd0b,0,0,0,0,1,1
case_6522262f,1,1,1,1,1,1
case_ab56079a,1,0,1,0,1,0
case_b39ebed3,1,0,1,0,1,1
case_5163bbd8,1,0,1,1,1,1
case_587b2234,0,0,0,1,1,1
case_378c951e,1,1,1,1,0,0
case_f6d48302,1,1,1,1,1,1
case_d36db976,0,0,1,1,1,1
case_590d00bb,0,1,1,1,1,1
case_620bdc64,0,1,1,1,1,1
case_34cabded,0,0,1,0,1,1
case_bc24cf4c,1,1,1,1,1,1
case_3ef8cd32,0,0,1,1,1,1
case_1b63c26a,1,1,1,1,1,1
case_56aff87d,1,1,1,1,1,1
case_41a2873e,0,1,0,1,1,1
case_cef35f51,1,0,1,0,0,0
case_0303f373,0,1,1,1,1,1
case_78682b77,0,0,1,1,0,1
case_e98cc915,1,0,1,1,1,0
case_7021aa76,1,1,0,0,0,0
case_8a8b85dc,1,1,1,0,0,0
case_529668ef,1,1,0,1,1,1
case_487fc7ae,0,0,1,0,0,1
case_568ce663,1,1,1,0,1,1
case_59454f2a,1,1,1,0,1,0
case_5e0e6281,1,1,1,1,0,1
case_678cbdd0,1,1,1,1,0,1
case_04aff6f9,1,1,1,0,1,1
case_976668ac,1,1,1,1,1,1
case_e8807fc6,1,0,1,1,1,1
case_8f6a2c93,1,1,1,1,1,1
case_e4c2a35c,0,0,1,1,0,1
case_9f99caa9,0,0,0,0,1,0
case_529ff218,1,1,1,1,1,1
case_a2597a0f,0,1,1,1,1,0
case_49bcd28e,0,1,1,1,0,1
case_afa1da53,1,0,1,1,1,1
case_c72c75d0,1,1,1,1,1,1
case_f778a44a,0,1,0,0,1,0
case_c685307c,1,1,1,0,1,1
case_426bd1c9,1,1,1,1,1,1
case_76eb9f75,1,0,1,0,0,1
case_a4a8540d,1,1,1,0,1,0
case_f1291231,0,0,1,1,0,0
case_43ce687f,1,1,1,1,1,1
case_1747399b,1,0,1,1,1,1
case_90cf1a1f,1,0,1,1,0,1
case_f1123689,1,1,0,1,1,1
case_63473c1b,1,1,1,1,1,1
case_4848fccd,1,1,1,1,1,1
case_838a18d8,0,1,1,1,0,1
case_89315d66,0,0,1,0,1,1
case_51a2ddd3,1,1,1,1,1,1
case_14a017d8,1,0,1,1,1,1
case_614bccc6,0,1,1,1,1,0
case_e050356c,0,1,1,1,1,1
case_e168ec28,1,1,1,1,1,1
case_e4e19f5a,1,0,1,0,1,1
case_d2d1f7f8,0,0,1,0,1,0
case_07c9bbbb,0,0,1,1,0,0
case_ce5d8dac,1,1,1,1,1,1
case_c4d745f0,0,1,1,1,1,1
case_6b46c5a5,1,1,1,0,1,1
case_1b2d1029,0,0,0,1,1,1
case_4f436087,0,1,1,1,1,1
case_511b1299,0,0,0,0,1,1
case_23ee516a,0,0,1,1,1,0
case_40d5e645,1,1,1,1,1,1
case_0c512bae,0,1,1,1,1,1
case_b493e51c,0,0,1,0,1,1
case_eb32617d,1,1,1,1,0,1
case_6522151b,0,1,1,1,1,1
case_01bf3893,1,0,1,0,1,1
case_2330020e,1,1,1,1,1,1
case_1acdd05f,1,1,1,1,1,1
case_5c7d5d5c,1,1,1,1,0,1
case_d5a02c16,0,0,0,1,0,1
case_8473955f,1,0,1,0,1,1
case_d0cfd3e9,1,1,1,0,0,1
case_55155c84,1,0,1,1,1,1
case_ff21f587,0,0,1,1,0,0
case_ec7a29ad,1,0,1,1,1,1
case_c3c7dc75,0,0,1,1,1,1
case_6313cf98,0,1,1,0,0,0
case_bef27bff,0,0,1,1,1,1
case_6db1d2e3,0,1,1,0,1,1
case_cdaae2c3,1,1,1,1,1,1
case_39144548,0,0,1,1,1,1
case_4c9ef7b6,0,0,1,1,1,1
case_0da5806b,1,1,1,0,1,0
case_9ac3a691,1,1,1,0,1,1
case_3e7976f7,0,1,1,1,1,0
case_8f23ec09,0,0,1,1,1,1
case_40196da9,1,1,1,1,1,1
case_1af3b3dc,1,1,1,1,1,1
case_c7522b9d,0,1,1,1,1,0
case_7e7892e9,0,1,1,1,0,1
case_0cb873d6,1,1,1,1,1,1
case_81efae67,1,1,1,1,1,1
case_0f6e9ad7,1,0,1,1,1,1
case_ec8edf50,1,1,1,0,1,1
case_02462ea6,1,1,1,1,1,1
case_5c456489,1,0,1,1,1,1
case_fbd8bb20,0,1,1,1,1,0
case_a12a7fc6,0,0,1,1,0,1
case_d55a201b,1,1,1,1,1,1
case_86680372,1,0,1,0,0,1
case_3becd333,0,1,1,0,0,1
case_3d41bff0,1,1,0,1,1,1
case_d9f51ce4,0,1,1,1,1,1
case_f68286dd,1,1,1,1,1,1
case_a1fe20df,0,1,1,1,1,1
case_8f391dfa,0,0,1,0,0,1
case_6e41e39e,1,1,1,0,1,1
case_0d6696ef,1,1,1,1,1,1
case_79517880,1,0,1,1,0,1
case_633f669a,1,1,1,0,0,1
case_879f2537,1,0,1,1,1,0
case_80a631e7,1,1,1,1,1,1
case_82bc6d2c,1,0,0,1,1,1
case_8d9ca4a9,0,0,1,1,1,1
case_6419dcb2,0,1,1,1,0,1
case_8d5ab563,0,1,1,1,0,1
case_5469f86e,1,1,1,1,1,1
case_29070721,0,1,1,1,1,1
case_b0a043fb,0,1,0,0,0,1
case_2ce8b279,0,0,1,0,0,0
case_efdb9241,1,1,1,1,0,1
case_62924f88,1,1,1,1,1,1
case_e3c43fbb,1,0,1,0,0,0
case_9add957c,0,0,1,1,1,0
case_2eec3890,1,0,1,1,1,1
case_cec32b1b,1,1,1,1,1,1
case_78c33221,1,0,0,1,1,1
case_7b6f0ae6,1,1,1,1,1,1
case_8b4b5953,1,1,1,1,1,1
case_358d9ea3,1,1,1,1,0,1
case_77dde746,1,1,1,1,1,1
case_590deaea,1,0,1,1,1,1
case_8fb6c1d4,0,1,1,1,1,1
case_648f43f6,0,0,1,1,1,1
case_8ca44926,0,0,0,0,1,1
case_eaa3a3a9,1,1,0,0,1,1
case_9cfaa315,0,1,1,1,1,0
case_cae4ca9d,0,0,1,1,0,1
case_2bc430c4,1,1,0,0,1,0
case_822a1e60,0,0,1,1,1,0
case_f9344417,1,1,1,1,1,1
case_2fc28928,1,1,1,0,1,1
case_6c377a4d,0,1,1,1,1,0
case_7bd4cfa8,0,1,1,1,1,1
case_e98401b0,1,1,1,1,1,1
case_190e0418,1,1,1,1,0,1
case_6e8f251a,1,0,1,1,0,1
case_294dd350,0,0,1,1,1,0
case_484d150b,0,0,1,0,0,1
case_90dac5ea,1,1,1,1,1,1
case_f971bf3e,1,1,1,1,1,1
case_89f1ee7c,1,1,1,1,1,1
case_04cc7d12,0,1,1,1,0,0
case_4fb9794d,0,1,1,0,1,1
case_ef0f87da,0,1,1,1,1,1
case_c5c89d2b,0,0,0,1,0,1
case_a021ae36,1,1,1,1,1,1
case_addf1dde,1,1,1,1,1,1
case_5f6057a0,0,1,1,1,1,1
case_139dbf88,1,1,1,1,1,1
case_081a8bc4,0,0,1,0,1,1
case_87009fc1,1,0,1,1,1,1
case_7748b015,1,1,1,1,1,1
case_0dc8e1da,1,1,1,1,0,1
case_e2586043,0,0,1,1,1,0
case_8c25cb94,1,1,1,1,1,1
case_0951e428,1,0,1,1,1,0
case_d1a1a558,1,0,1,1,0,1
case_12bb62eb,1,1,1,1,0,0
case_56da3405,1,1,1,1,0,1
case_2fdbeacb,0,1,0,0,0,0
case_cb18dfea,1,1,1,0,1,1
case_0e569566,0,0,1,0,0,0
case_a8403411,0,1,0,0,0,0
case_623171fc,0,0,1,1,0,1
case_d51e5c34,0,0,0,0,1,1
case_f2703852,1,1,1,1,1,1
case_55efb935,0,0,1,0,0,0
case_a588391b,1,0,1,0,0,0
case_70c30f5d,1,0,1,0,0,1
case_ddb7b616,1,1,0,0,1,1
case_e1085c42,1,0,1,1,1,0
case_99f03d40,0,1,1,1,1,1
case_285d0971,1,0,1,1,1,0
case_b4bde4fa,1,1,0,1,1,1
case_9d181cb5,0,1,1,0,1,1
case_2bc373f5,1,0,1,1,0,1
case_d41d2d12,1,1,1,0,1,1
case_b1e59239,1,0,1,1,1,1
case_3cd58b1c,1,1,1,1,1,1
case_aaf12523,0,1,1,1,0,1
case_b1d09cf2,1,1,1,0,1,1
case_fa958306,0,0,1,1,1,1
case_90299854,1,1,1,1,1,1
case_c940833d,1,0,1,1,0,1
case_0fc051fe,0,1,1,1,1,1
case_c82e75a1,0,1,0,1,0,1
case_d7568f29,1,1,1,1,1,1
case_18406930,1,1,1,1,1,1
case_d110ab30,1,0,1,1,1,1
case_9c6ec8e3,1,1,1,1,1,1
case_c35612f3,1,1,1,1,1,1
case_0f9c8496,1,1,1,1,1,1
case_a767c194,0,1,0,0,1,0
case_89f1abb7,1,0,1,0,1,1
case_0ae9d9ec,0,0,1,0,0,0
case_276adf64,0,0,1,0,1,1
case_c1a06e02,1,1,1,1,1,1
case_d45eb630,1,1,1,1,1,0
case_1a62b5c9,0,1,1,0,0,1
case_631c15d7,1,1,1,1,1,1
case_91b9c354,0,1,1,0,1,1
case_91b3fcba,1,0,1,0,1,1
case_072445a5,1,1,1,1,1,1
case_a7166941,1,1,1,1,1,1
case_9abc462c,1,0,1,0,1,1
case_b25b6c4f,1,0,1,1,1,1
case_02f3b061,0,0,1,0,1,1
case_3a12007b,1,1,0,1,1,1
case_b1785c50,0,1,0,0,1,1
case_143282e3,0,0,1,0,0,0
case_5c03e50a,1,1,1,0,1,1
case_7f113512,1,1,1,0,1,1
case_a90cba90,1,1,1,1,1,1
case_371d9aba,1,0,1,1,1,1
case_f39081ce,1,1,1,1,1,1
case_fe4481f9,1,0,1,0,1,1
case_a1e6ae95,1,1,0,1,0,0
case_e6c677ad,1,1,1,0,1,1
case_a36ae3ee,1,0,1,1,0,1
case_572defc2,0,0,1,0,1,0
case_d665717e,1,1,1,1,1,1
case_6610c9a6,1,1,0,1,1,1
case_388682c0,1,0,1,1,1,1
case_33f9ac35,1,0,1,1,1,1
case_dc2556b9,0,0,1,1,0,1
case_1f07c297,0,0,1,1,1,1
case_b8838b66,0,0,1,0,1,1
case_07a676b8,1,1,0,1,1,1
case_eab1d386,0,1,0,1,1,1
case_d2958c5f,1,1,1,1,1,0
case_f2f49db9,1,1,0,1,1,1
case_33659cdf,0,0,1,1,0,1
case_4fd7aece,1,1,1,1,1,1
case_58a0f1a9,1,1,1,1,1,1
case_621aaf69,0,1,1,0,1,0
case_2cc30d15,1,1,0,1,1,1
case_9effcee2,0,0,0,1,0,1
case_ffaf8147,1,1,1,1,1,1
case_40a0eefa,1,0,1,1,1,0
case_41cff1db,1,1,1,1,1,1
case_f1263339,0,1,1,0,0,1
case_2a52d9c7,0,1,1,0,1,0
case_0d91993d,0,0,1,0,1,0
case_d3a36a0f,1,1,1,1,1,1
case_c9d834d6,1,1,1,1,0,1
case_21f173aa,1,0,1,0,1,0
case_c1022b5e,1,1,1,0,1,0
case_c72f2f5a,1,1,1,1,1,1
case_c8798d1d,1,1,1,0,0,1
case_2805e107,1,1,1,1,0,1
case_3adde3e0,0,1,0,0,0,0
case_4d2bd6a6,0,1,1,1,1,1
case_08beaf75,1,1,1,0,1,1
case_761141c8,1,1,1,1,1,1
case_15338a50,1,1,1,1,1,1
case_68abd406,1,1,1,1,1,1
case_63ae7769,1,0,1,1,1,0
case_fad09ef5,1,1,1,1,1,1
case_01d2c2e2,1,1,1,0,0,1
case_4235e327,1,1,1,1,1,1
case_83487eab,0,0,1,1,1,1
case_aea0882c,1,0,0,1,0,1
case_20283ab3,1,1,0,1,1,1
case_d2ab8edb,1,1,1,1,1,0
case_96cbaf1b,1,1,1,1,1,1
case_ede2e168,0,0,1,0,1,1
case_e92aa429,0,1,1,1,1,0
case_c275c346,1,1,1,1,1,1
case_810c4549,1,1,1,1,1,1
case_22b951b3,1,0,1,1,1,0
case_56290b91,1,0,1,1,1,1
case_7b6b1313,1,1,1,1,1,1
case_dad2a4e9,0,0,1,0,1,1
case_f6e4f062,1,0,1,0,1,1
case_55828dec,1,0,1,1,0,0
case_5de42094,1,1,1,1,1,1
case_b2597c3d,0,0,1,1,0,1
case_9eea3595,0,0,1,1,0,1
case_ef2ba2ae,1,0,1,1,1,1
case_a0cf7bb5,0,0,1,1,0,1
case_7be32096,1,1,1,1,1,1
case_0a9bb4b9,1,1,0,0,1,1
case_42ba36e7,0,0,1,1,0,1
case_95f17aa3,1,0,1,1,1,0
case_7dcf3ce4,1,0,1,1,1,1
case_35355858,1,1,1,1,0,1
case_4c7ec6ab,0,1,1,1,1,0
case_c382c656,0,0,0,1,0,1
case_5123bad6,0,1,1,1,0,1
case_643deb4d,1,1,1,1,0,1
case_af869750,0,0,1,1,1,1
case_db27e771,1,1,1,1,1,1
case_d3f5690c,0,0,1,0,1,1
case_935d7274,1,1,1,1,1,0
case_51bb19c9,1,0,1,1,1,1
case_0f9c75cd,0,0,1,0,0,0
case_020351e1,1,0,1,1,0,1
case_b3211aec,1,1,1,1,1,0
case_bb9c09bb,1,1,1,1,0,1
case_0f296302,0,0,1,0,0,1
case_0ec91449,1,0,1,1,1,1
case_30e8c720,1,0,1,1,1,1
case_8da96de4,0,0,1,1,1,1
case_a892a7b2,1,0,0,1,1,1
case_7ca45bd1,0,0,1,0,1,1
case_6dc0dd23,1,0,1,0,0,1
case_d81ff520,1,0,1,1,0,1
case_a7b853d6,0,0,1,1,1,0
case_48aed3b9,1,1,1,0,0,1
case_83007ec6,0,1,1,1,1,0
case_3dc83331,0,0,1,1,1,1
case_a6ea7d19,0,1,1,1,0,1
case_1b6cbcc5,0,1,1,1,1,1
case_9b9160db,0,1,1,1,1,1
case_d44ff9ec,0,0,0,0,0,0
case_a169d729,1,1,1,1,0,1
case_42690487,1,0,1,1,0,1
case_81b550b9,0,1,0,0,0,0
case_9bfb2fa3,0,1,1,1,0,1
case_46324adf,1,1,1,1,1,1
case_adc46ebf,0,0,1,1,0,1
case_0b785b8e,0,1,1,1,1,0
case_7001d37c,0,1,1,1,1,1
case_723e6002,0,0,1,1,0,1
case_7897351f,1,1,1,1,1,1
case_e5adce4b,0,1,1,1,1,0
case_248df89d,0,0,1,0,0,1
case_c36e65fd,0,0,1,1,1,1
case_90739c19,0,0,1,0,0,1
case_dabf59fe,0,0,1,0,1,1
case_f96c648b,0,1,1,1,0,1
case_28c3d93c,0,0,1,1,0,1
case_485f4ee8,1,1,1,1,1,1
case_dce8c5ff,1,0,1,1,0,1
case_d736de16,1,0,1,1,1,1
case_8ab05689,1,0,1,1,1,1
case_adc55bd8,1,1,1,0,0,1
case_46fbe735,1,1,1,1,1,1
case_3e4ce48b,1,1,1,0,1,1
case_a7ca6343,1,0,1,0,1,1
case_4a086bcc,0,1,1,1,0,0
case_8c6ee338,0,0,1,1,1,1
case_f7b7138f,0,1,1,0,1,1
case_1f6c6996,1,1,1,1,1,0
case_7b34a310,1,0,1,1,1,1
case_3db80c64,1,1,1,1,1,0
case_4c32c699,0,0,1,0,0,1
case_e16566cf,0,1,1,1,1,1
case_385fe33c,0,1,1,0,0,1
case_52cdc3d2,1,0,1,1,1,1
case_17bbf526,0,1,1,1,1,0
case_2a079d68,0,1,1,1,1,1
case_0fa6ee2f,1,1,1,1,1,1
case_3c9c2fc5,1,0,1,1,1,1
case_ac9b1cbb,0,0,1,0,1,1
case_7f8bd2b8,0,1,1,1,1,1
case_2a8eeb51,1,1,1,0,1,1
case_a991d4a0,1,1,1,0,1,1
case_6baaf0cb,1,1,1,1,1,1
case_50a6b895,1,1,0,0,1,1
case_1249bc46,1,1,1,1,0,1
case_0a9f41d0,1,1,1,1,0,1
case_405e4757,1,0,0,1,1,0
case_2072b665,1,1,1,1,1,1
case_fcbd61db,0,0,0,1,1,1
case_852be8bb,0,1,1,1,1,0
case_89a299f2,1,1,1,1,0,1
case_304f954d,0,0,1,1,1,1
case_b24ae33e,1,1,1,1,1,1
case_4eed2857,0,0,1,0,1,1
case_fd3b1434,0,0,1,0,0,1
case_0768dc04,0,1,1,1,1,0
case_b74aeeb9,1,1,1,1,1,1
case_3c0b616f,0,1,0,1,0,1
case_99dc6d8e,1,0,1,1,1,1
case_dd6c3b1d,0,1,1,1,1,1
case_aa0b0b81,1,1,1,1,0,1
case_c517009e,1,0,1,1,1,1
case_1d7b2044,0,1,0,0,0,1
case_62f80576,0,0,1,0,1,1
case_0e37021b,1,1,1,1,1,1
case_3c5b7994,1,1,1,1,1,1
case_07c244c4,1,1,1,1,1,0
case_1a7ea861,1,1,1,1,1,1
case_c96fa135,1,1,1,0,1,1
case_6febd7f6,1,1,1,0,1,1
case_43d14a9c,0,1,1,1,1,0
case_9d7c8663,1,0,1,1,1,1
case_dff367aa,1,1,1,0,0,0
case_89c4aafe,1,1,1,1,1,1
case_5fdbc452,1,1,1,1,1,1
case_3d6f4d26,0,0,0,1,1,1
case_215b5506,1,1,1,1,1,1
case_4540429a,1,0,1,0,1,0
case_33bb182c,1,0,1,0,1,1
case_ebe46944,1,1,1,1,1,1
case_fba8da2a,1,1,1,1,1,1
case_8aa83856,0,1,1,1,1,1
case_a93a8d3b,1,1,1,1,0,1
case_36d2e775,1,1,1,1,1,1
case_a22957bb,0,1,1,1,1,1
case_7f72c15d,1,1,1,1,0,1
case_4ecb0a30,0,0,1,0,1,1
case_605ed505,1,0,1,1,0,0
case_79a88e8f,0,0,1,0,1,1
case_5b3e83e1,1,1,1,1,0,1
case_b6868fe7,1,0,1,1,1,1
case_ecfc593a,1,1,1,1,1,1
case_b726048e,1,1,1,0,0,1
case_936d671f,1,1,1,0,1,1
case_a42fdd40,1,1,1,1,1,1
case_85edb3ee,1,1,1,1,1,1
case_a65538e2,1,1,1,1,1,1
case_45721424,1,0,0,1,0,1
case_b3aba1e7,1,1,1,1,0,0
case_157fb45e,1,1,1,1,1,0
case_a0905029,0,1,1,0,0,1
case_95591793,1,1,1,1,1,1
case_5796817c,0,0,0,1,0,1
case_c2048780,0,1,0,1,0,1
case_b9f5af83,0,1,0,1,0,1
case_4934b27c,1,0,1,0,1,1
case_3b97baa3,0,0,1,1,1,0
case_69e8f08d,1,1,1,1,1,1
case_54b67502,1,0,0,1,1,1
case_d1d681e5,1,0,1,1,0,1
case_c1089544,0,0,0,0,0,1
case_d7989905,0,1,1,1,1,1
case_3ba568c8,1,0,1,1,0,1
case_f5e85fa5,0,1,1,1,1,1
case_eb90bfd9,1,1,1,1,1,0
case_e462f7d9,0,1,0,1,1,0
case_c21e49cf,0,1,1,1,1,1
case_7443321f,1,0,1,0,1,1
case_44a519c1,0,1,1,1,1,1
case_e8b82311,0,1,1,0,1,0
case_20bb03fb,1,1,1,1,1,1
case_50931aa8,0,0,1,0,1,0
case_b3b58309,1,1,1,1,1,1
case_7ddb80f7,1,1,1,1,1,1
case_011e3c98,1,1,1,1,1,1
case_a4e43ebf,0,1,1,0,1,1
case_070e0ca2,1,0,1,1,1,1
case_462af6eb,1,1,1,1,1,1
case_a8343f60,1,1,1,1,1,1
case_339378ae,0,1,1,1,1,1
case_fde0ac82,0,0,0,0,0,0
case_b8b285af,1,1,0,1,1,1
case_e25bca3d,1,1,1,1,1,1
case_aa2dbd0c,1,1,1,1,1,1
case_d5376759,1,1,1,1,1,1
case_68b3354d,1,0,1,1,1,1
case_8b8bdc08,1,0,1,1,1,0
case_a62f3b4a,0,1,1,0,0,1
case_a240a342,1,1,1,1,1,1
case_6dfda8b8,1,1,0,1,1,1
case_ddd63a05,1,1,1,1,1,1
case_76450540,0,1,1,1,0,1
case_9657cd7b,1,1,1,1,1,1
case_04377bea,1,1,1,1,1,1
case_ee038466,1,1,1,1,1,1
case_6b4c0138,1,1,1,1,0,1
case_78a44ae4,0,0,1,1,1,1
case_94be1a5b,0,1,0,1,0,1
case_b3eb867a,1,1,1,1,1,1
case_0ad7ad99,1,1,1,1,1,1
case_154b3b70,1,1,1,1,1,1
case_3f98ffc4,0,0,1,1,1,1
case_22e9a5ab,1,1,1,1,1,1
case_067c0ba3,0,0,1,1,0,1
case_b798361c,1,1,1,1,0,1
case_c238ea8b,1,1,0,1,1,0
case_6619ccc5,1,0,1,0,0,1
case_b203db45,0,1,1,1,1,1
case_587c9d8a,1,1,1,1,1,1
case_247bac5e,1,0,1,0,1,0
case_2fe54f53,0,0,1,0,1,0
case_c6c6db47,1,1,1,1,1,1
case_31903407,1,1,1,1,1,1
case_d9e80267,0,1,1,1,1,1
case_2308f809,0,0,0,0,0,0
case_28e2411b,0,1,1,1,1,1
case_a625acec,1,1,1,1,1,0
case_4eb42aa2,0,0,0,0,0,0
case_084f0903,0,0,1,1,1,1
case_5253c686,0,1,1,0,1,1
case_71db5b5b,0,1,1,1,0,1
case_44e276ea,1,0,1,0,1,1
case_3ba5bec0,0,1,0,0,1,0
case_1cc97be6,1,1,1,1,1,1
case_d1978aa4,1,1,1,1,1,1
case_1be08908,0,1,1,1,0,0
case_1401ac98,0,1,0,1,1,1
case_d8221a7f,1,1,1,1,0,1
case_bd956349,1,1,1,1,1,1
case_8e29583a,0,1,0,0,0,0
case_4136d7a1,1,0,1,1,1,1
case_8cf1561a,1,0,1,1,1,1
case_7bcbd4c0,0,1,1,1,1,1
case_892f21fb,0,1,1,1,1,1
case_b50ac0d6,1,1,1,1,1,1
case_c823644b,0,0,1,0,0,1
case_8d8b7199,1,0,1,0,1,1
case_eba7f024,0,1,1,1,0,1
case_71a0f364,1,1,1,1,0,1
case_23044010,0,1,0,0,0,1
case_f94c289c,1,1,1,1,1,1
case_c102e54b,0,0,1,1,1,1
case_5dfc9ba3,1,1,1,1,1,1
case_a6f947e6,1,1,1,1,1,1
case_3caf6afc,1,1,1,1,1,1
case_b2200daf,1,0,1,1,1,0
case_fd65e75e,0,1,1,0,1,1
case_44573714,1,0,1,1,1,0
case_db7428f5,1,1,1,1,1,0
case_73898abc,1,1,1,0,1,0
case_8f78d5ac,1,1,1,1,1,1
case_bfcc6215,1,0,1,1,1,0
case_ecf517af,0,0,1,0,1,0
case_c5cc512d,1,0,1,1,1,1
case_b84e6aa9,0,1,0,1,0,1
case_798de2a0,1,1,1,1,1,1
case_8bec824e,1,1,1,1,1,1
case_6b95e145,1,1,1,1,0,0
case_fffd3465,1,1,0,1,1,1
case_b0360b14,1,1,1,1,1,1
case_229ee260,0,1,1,1,1,1
case_1be2ece5,0,0,1,0,1,0
case_23892039,1,0,1,1,1,1
case_a78dab26,0,0,1,1,1,0
case_a078d4f0,0,1,0,1,1,1
case_70dfb6de,1,1,1,1,1,1
case_fca7c2c6,0,0,1,1,1,1
case_7343e7ed,1,1,1,0,1,0
case_578e1296,1,1,0,1,1,1
case_613a8585,1,1,1,1,1,0
case_307c2e90,1,1,1,1,1,1
case_60578c3b,0,1,1,1,0,1
case_04576b4c,0,0,1,0,0,0
case_cb86e5f2,1,0,1,1,1,1
case_d356694b,1,0,1,1,1,1
case_d959ccde,0,0,1,1,0,1
case_be91d5b9,1,1,1,1,1,1
case_e51afab9,0,0,1,1,0,1
case_3211b0b9,0,0,1,1,0,1
case_dfd77583,0,0,1,1,1,1
case_63d1b2ba,1,1,1,1,1,1
case_28485902,1,1,1,1,1,1
case_e594f900,1,1,1,1,1,1
case_ce58e80d,0,0,1,0,0,0
case_c78f965a,1,1,0,1,1,0
case_39f79956,0,0,1,1,1,1
case_6fa9ccd7,1,0,1,0,1,0
case_e2f19166,0,1,1,1,1,1
case_8a208fa4,0,0,1,1,1,0
case_ca9cdedf,1,1,1,1,0,1
case_d57dc160,1,0,1,1,0,0
case_71c6f8a0,1,0,1,0,1,1
case_d99ec330,1,1,1,1,1,1
case_f4afa9f0,0,0,1,1,0,1
case_ccdd5cce,1,1,1,1,1,0
case_23fb622d,0,0,0,1,1,0
case_4fb0df0c,0,1,1,0,1,1
case_7f1bd337,1,1,1,1,1,1
case_b0b8302a,0,1,1,1,1,0
case_406646ff,0,0,1,1,1,1
case_8f0beb54,1,1,1,1,0,1
case_e5f6ffc3,1,0,1,1,1,1
case_98da4e9e,1,0,1,1,1,1
case_8238108e,0,1,1,1,1,1
case_22d50587,1,1,1,1,1,1
case_a3ac88c8,1,1,1,1,1,1
case_8fe53317,1,1,1,1,1,1
case_a352788c,0,0,0,1,1,0
case_e624f1c5,1,1,1,1,1,1
case_582a62cb,0,1,1,1,1,1
case_245733d5,1,1,1,1,1,1
case_e6671c21,1,1,1,1,1,1
case_29ff0463,0,1,0,1,1,1
case_5e3d7d5a,1,1,1,1,1,1
case_b91d30f1,1,0,1,1,0,1
case_b7fbe018,0,1,1,0,1,1
case_7dca9653,1,1,1,1,1,1
case_9e2eaa9f,1,0,0,1,1,0
case_942e896f,1,1,1,1,1,1
case_cdcf5265,1,1,1,1,1,1
case_ae3ece4b,1,1,1,1,0,0
case_1537b6dd,1,1,1,1,1,1
case_8a12bda9,0,1,1,0,0,1
case_f8cbf56d,0,0,1,1,1,1
case_128c6a32,0,1,1,1,1,1
case_8ddb41f1,1,0,1,1,1,1
case_448c5353,0,1,0,0,1,1
case_5672429e,0,1,1,1,1,1
case_c8a2e7b9,1,1,1,1,0,0
case_837b8c5a,0,0,1,1,1,0
case_c6a213dc,0,0,1,1,0,1
case_52cf8fa1,0,0,1,1,1,1
case_b169a535,0,0,1,0,1,1
case_f5293b79,0,0,1,1,1,1
case_ad72333a,1,1,1,1,1,1
case_f18a17f6,1,1,1,1,1,0
case_de594438,1,1,1,1,0,1
case_4e3f20e4,1,1,0,1,0,1
case_34f399ed,0,1,1,1,1,1
case_5842a7ce,0,0,1,0,1,0
case_adae61f9,0,0,0,1,0,1
case_85cf923c,1,1,1,1,1,1
case_86b6dd66,0,1,1,1,1,1
case_8a0e01e6,1,1,1,1,0,0
case_9803b501,0,1,1,1,0,0
case_bdca475f,1,1,1,1,1,0
case_b90107dd,0,1,1,1,1,1
case_bb80ff29,0,0,1,1,0,1
case_ebd49d77,0,0,1,1,1,1
case_2f80bc7b,1,1,1,1,1,1
case_ca344e92,1,0,1,1,1,1
case_5f2c30a9,1,1,1,1,1,1
case_99f1f5a8,1,0,1,1,1,1
case_f3ffa67a,0,1,1,1,0,1
case_670182b4,0,0,1,1,0,1
case_263ee833,0,1,0,0,0,0
case_1b4fd7d8,1,0,1,0,0,1
case_aa01fcb5,1,1,1,0,1,1
case_4bcd6437,1,1,0,0,0,1
case_385c6867,1,1,1,1,1,0
case_17ecb8f2,1,1,1,1,1,1
case_173fcbec,0,1,1,0,0,0
case_c99703aa,0,0,1,0,1,0
case_97af8c51,1,1,1,1,1,1
case_6b6a51cb,1,1,1,1,1,1
case_aa149cc2,1,0,1,1,1,1
case_66c5cd74,0,1,1,0,1,1
case_be12ff2e,1,1,1,1,0,1
case_58805aac,1,1,1,1,1,1
case_7d8fbb2b,1,0,1,0,0,0
case_d2d82dac,1,1,1,0,0,0
case_aa55b671,0,0,1,1,1,1
case_ab333ab8,1,1,1,1,1,1
case_18d54bfc,0,0,0,1,0,1
case_9996e7c2,1,0,1,0,1,1
case_a81f1c3d,0,1,1,1,1,0
case_60fffdf5,0,0,0,0,1,1
case_f41ef4a6,1,0,1,1,1,1
case_e0499eec,1,1,1,0,0,1
case_b21ca8ae,1,1,1,0,0,1
case_dc5c6b37,0,0,1,0,1,0
case_6daee283,0,0,1,0,1,0
case_46191aa3,0,1,1,1,0,1
case_de4ec74a,1,1,1,0,1,1
case_e493bc4a,0,1,0,0,0,1
case_ad07a3c1,0,1,1,0,1,1
case_5a5ee549,1,0,1,1,1,1
case_82f6198a,0,0,1,1,0,1
case_30a41983,1,1,1,1,1,0
case_ad6ce407,1,0,1,1,0,0
case_b1e24e35,0,1,1,1,1,1
case_f62d1e92,0,0,1,1,0,1
case_2e312b24,1,0,1,0,1,1
case_ebdbdf95,0,1,1,1,0,1
case_77420040,1,1,1,0,1,0
case_d10f65d0,1,1,1,1,1,1
case_bf3dd381,0,0,1,1,1,1
case_dbdfff77,0,1,1,0,1,0
case_5f47559b,1,0,1,1,1,1
case_f54b7972,1,0,1,1,1,1
case_004fa4df,1,0,1,0,0,0
case_47116706,1,0,1,1,0,1
case_066d6def,1,1,1,0,1,1
case_5334541d,1,1,1,1,1,1
case_c8b0c263,1,0,0,1,0,0
case_ebb48f00,0,1,1,0,1,0
case_dfd7d2a1,0,1,1,1,1,1
case_351746bd,0,1,1,0,1,1
case_d4c1bea4,0,0,1,1,1,0
case_a1f1bb8f,1,1,1,1,1,1
case_70861aa5,1,1,1,1,1,1
case_6b1bf05b,1,0,1,0,0,1
case_7867b7a7,1,1,1,1,1,1
case_d64a7998,1,1,1,1,1,1
case_0ff4edf6,1,1,0,1,1,1
case_9719cd26,1,1,1,1,1,1
case_1f7a9b21,1,0,1,1,1,1
case_79be86f2,0,0,0,0,0,0
case_bbb95e13,1,0,1,0,1,1
case_8f02e298,1,0,1,1,1,0
case_d4211e2e,1,1,1,0,1,1
case_8b98f95f,1,1,1,1,1,1
case_eef95604,0,1,1,1,1,1
case_cb0e80a2,0,0,1,1,1,0
case_9e2281f9,1,0,1,1,1,1
case_86ef167f,0,1,1,1,0,1
case_e9177f80,0,1,1,0,0,1
case_6969bf8d,1,1,1,1,0,1
case_c6bef1b7,0,1,1,1,1,0
case_0298429d,1,1,0,1,1,1
case_7298463d,1,1,1,1,1,1
case_dabdde49,0,0,1,1,1,1
case_985299aa,0,0,0,0,1,1
case_a85c0a13,1,1,1,0,0,1
case_0f9e1cd7,1,1,1,1,0,1
case_16240dd7,1,0,1,1,1,1
case_de818aa2,0,1,1,0,0,1
case_bf71830f,0,1,1,0,1,1
case_13c98e95,1,1,1,1,1,1
case_9aec9736,1,0,1,1,1,1
case_fbe5ba70,1,1,1,1,1,0
case_396ca7c7,0,0,1,1,1,0
case_3ffe07c0,0,0,1,0,0,0
case_0d2a4726,0,0,1,1,1,1
case_891265d8,1,1,1,1,1,1
case_150851b2,1,1,1,1,1,1
case_bd635ea1,1,0,1,1,1,1
case_3d049da7,1,1,1,1,1,0
case_888ee519,1,1,1,1,1,1
case_6ed55828,0,0,1,1,1,1
case_8974f3a9,0,0,1,1,0,0
case_bae0dfc5,1,1,1,0,1,1
case_ea989aee,1,0,1,0,1,1
case_052c7e59,0,1,1,1,1,1
case_f311adfa,0,1,1,1,1,1
case_27d6111e,1,0,1,1,1,0
case_212a980b,0,0,1,1,1,0
case_a05e8665,1,1,1,1,1,1
case_8a7f928a,0,1,1,0,1,1
case_22efa755,1,1,1,1,1,1
case_41ba51d5,1,1,1,1,1,1
case_19ddda09,0,0,1,0,1,1
case_1b34a484,0,0,1,1,0,1
case_b29300ee,0,1,1,0,0,0
case_64f761c5,1,1,1,1,1,1
case_64c22a07,1,1,1,1,1,1
case_982c4ad0,1,1,1,1,0,1
case_b3f7554e,1,1,1,0,1,1
case_796fefe5,0,0,1,0,0,0
case_d736e8c1,0,1,1,0,1,1
case_62413f43,0,1,1,0,0,0
case_0768b86f,0,0,1,1,1,1
case_de4b492b,0,1,1,0,0,1
case_659ae721,1,1,1,1,1,1
case_e0a4d392,1,1,1,1,0,1
case_c626888c,1,1,1,0,0,1
case_bf2789fa,0,0,1,0,0,0
case_ea56ec33,0,1,1,1,1,1
case_f0340cee,1,1,1,1,0,0
case_f85cd733,0,1,1,1,1,1
case_6b9ef8ca,1,1,1,0,1,1
case_4d56f9c5,1,1,1,1,1,1
case_ef1bfaa4,0,1,1,1,1,1
case_3cefef05,1,1,1,1,1,1
case_907acce7,0,1,1,0,1,1
case_e34d1719,1,0,1,1,1,0
case_4a4a6134,0,0,1,1,1,0
case_759f4d5e,0,1,1,0,1,1
case_408f3bb4,1,0,0,1,0,1
case_d88e2842,1,1,1,1,0,1
case_7dc80285,1,1,1,1,1,1
case_80255453,0,1,1,0,0,0
case_36067e6f,1,0,1,1,1,1
case_fab20efd,1,0,1,1,1,1
case_1009e04b,1,0,1,0,0,1
case_d2855067,1,1,1,1,1,1
case_9f95b0c4,1,1,1,1,1,1
case_da2b6cc1,1,0,1,1,1,0
case_ef283926,0,1,0,1,1,1
case_06bc923c,1,1,1,1,0,0
case_e4e2eb12,1,0,1,1,1,1
case_27833633,0,0,1,0,0,1
case_d930f843,0,1,1,1,1,1
case_fd955e87,0,1,1,1,0,1
case_c4690a7c,1,1,1,1,1,1
case_f9df33ad,1,1,1,1,0,0
case_35878692,0,0,1,0,0,0
case_d9c847a8,1,0,1,0,1,0
case_10460980,1,0,1,1,1,0
case_c970830f,0,1,0,1,1,1
case_68e8508f,1,0,1,1,1,1
case_7a269a33,0,0,1,1,0,1
case_a9a10283,1,1,1,0,1,1
case_be0c93e0,1,0,1,0,1,1
case_0c739965,1,1,1,1,1,1
case_6473f7f1,0,0,1,0,0,0
case_072d6a1f,1,0,0,1,1,1
case_6342d736,1,1,1,1,1,1
case_1c65f0d7,1,1,1,1,1,1
case_c9f20593,1,0,1,1,1,0
case_9aad5519,1,0,1,0,1,1
case_7f540add,0,1,1,1,1,1
case_ee9920fc,0,0,1,1,1,1
case_158ad51c,1,1,1,1,0,1
case_78c53679,1,1,1,0,1,1
case_d13f44be,1,1,1,0,1,1
case_a6da7f02,0,1,1,1,0,1
case_49f58a20,0,1,1,1,1,1
case_e74c0ffd,1,0,0,1,1,1
case_536add17,1,1,1,1,1,1
case_00862f1f,0,0,1,0,1,0
case_e5821674,1,1,1,1,1,0
case_942fad17,1,0,1,0,1,1
case_baa37cc3,1,1,1,1,1,1
case_c9f19a41,1,0,1,1,1,0
case_d09ba279,1,0,1,1,1,0
case_28e06ddb,1,0,1,1,0,1
case_5850b3ac,0,0,1,1,1,1
case_f329b2cc,1,1,0,1,0,1
case_d00d9e8e,0,1,1,1,1,0
case_e7498b6c,1,1,1,1,1,1
case_7924a4d7,1,1,1,1,1,1
case_c9cba6c4,1,0,0,0,1,1
case_f85c00d3,1,1,1,1,1,0
case_623b2080,1,1,1,1,1,1
case_ae954074,1,1,1,1,1,1
case_1cf84476,1,1,1,1,0,1
case_c8597eb6,0,0,1,0,1,0
case_72fb10f6,1,1,1,1,1,1
case_6f842112,0,0,1,0,1,0
case_1ed3e0b6,1,0,1,1,1,1
case_22327ac3,1,0,1,1,1,1
case_1ff296a5,1,1,1,1,1,1
case_9d783a03,1,1,1,1,1,1
case_068c5382,1,1,1,1,1,1
case_1f1c5060,1,0,1,1,1,1
case_a478fa04,0,1,1,1,1,1
case_8a03be79,0,0,0,1,1,0
case_d26e527a,1,0,0,1,1,1
case_4e731f11,1,1,1,0,0,1
case_6cc91d78,0,0,0,1,1,1
case_4c7102de,1,1,1,1,0,1
case_494349d4,0,0,1,1,1,1
case_c3d56076,1,1,1,1,1,1
case_e8f63018,0,1,1,0,1,1
case_c99b4ca4,1,1,1,1,1,1
case_27505013,1,0,1,1,1,1
case_f1f4565a,1,0,1,1,0,0
case_8a8e9844,0,1,1,0,1,1
case_0ece2144,1,1,0,1,0,1
case_0a6bffb0,1,1,1,0,0,1
case_e9d4638b,1,0,1,1,0,0
case_6995211e,0,1,1,1,0,1
case_7dfa05ea,1,0,1,1,1,1
case_f2aa1635,0,0,1,0,1,1
case_350da26b,1,1,1,0,1,1
case_2855bd86,1,1,1,0,1,1
case_99b18f12,0,1,1,1,1,1
case_eb48f521,1,1,0,1,1,1
case_aaa458cf,0,1,1,1,1,1
case_f778b3d3,0,1,0,0,1,1
case_8b96893e,1,0,1,1,1,1
case_7a895cdf,1,1,1,1,0,1
case_0e7b9dfe,1,1,1,1,1,0
case_81ce6277,1,0,1,0,1,0
case_95c62ab1,1,1,1,0,1,1
case_b5a9e173,0,1,1,0,1,1
case_078a4699,1,1,1,1,0,1
case_09fc454b,0,0,1,1,1,1
case_ebc20c05,1,0,1,1,1,1
case_c8890093,1,0,0,1,0,1
case_bd15ee79,1,1,1,0,1,1
case_c1d59ed4,0,1,1,1,0,1
case_a94f5b8d,0,0,1,0,0,0
case_f690e279,1,1,1,1,1,1
case_d43f726f,1,1,1,1,1,1
case_f4d94785,1,0,1,1,1,1
case_f30477db,0,0,0,0,1,1
case_379df1e0,1,1,0,1,0,1
case_abe6c3b2,1,0,1,1,1,1
case_1a6b8251,0,0,1,0,1,1
case_c26090aa,1,1,1,0,0,0
case_61995aeb,1,1,1,1,1,1
case_8251d5ed,1,1,1,1,1,1
case_154b7fca,1,1,1,1,1,1
case_8257ed46,0,1,1,1,1,1
case_6c77ddd5,1,1,1,1,0,1
case_ce35ca2e,0,0,1,0,1,1
case_92eab48d,1,1,1,1,1,0
case_edc9870b,1,1,1,1,1,1
case_a64b80f7,1,0,1,1,1,1
case_8bd43a7a,1,1,1,1,1,1
case_24724da2,0,1,1,1,1,1
case_01a1da5e,1,1,1,1,1,1
case_5c0ab03a,0,1,1,1,1,1
case_3acd8723,1,1,1,1,1,1
case_518c71e1,0,1,0,1,0,0
case_764d4991,1,1,1,1,1,1
case_30f9c44d,0,1,1,1,1,1
case_d0c82bcd,1,1,1,1,1,1
case_b5864230,0,0,1,1,1,1
case_76361f27,1,1,1,1,1,1
case_634b5e3c,1,1,1,1,1,1
case_b584b222,1,1,1,1,0,0
case_f82ed069,0,1,1,1,1,0
case_5dede476,0,1,0,1,1,1
case_81b978f6,1,1,1,1,1,1
case_bde0d98a,1,1,1,1,1,1
case_07536ba5,1,1,1,1,1,1
case_1683a767,0,0,0,1,1,1
case_46c970a2,0,0,1,0,0,1
case_2615c6d6,1,0,1,1,1,0
case_f5079b6b,1,1,1,1,1,0
case_e8495b32,0,1,1,1,1,1
case_a5cdfe8f,1,0,1,0,0,1
case_8bc430f9,0,1,1,1,0,0
case_33549d8e,0,0,0,0,0,1
case_579bf4e1,1,1,1,1,1,1
case_82a1d43d,1,1,1,1,1,1
case_a1b08bcf,1,1,1,1,1,1
case_719288dc,0,1,1,0,1,1
case_6ebf0a6c,0,0,1,0,0,0
case_aafb4ae7,0,0,1,1,1,1
case_8188c205,0,1,1,1,1,1
case_dfca4bcc,0,1,1,0,0,0
case_9e88be01,1,1,1,1,1,1
case_a132951d,1,1,1,1,1,1
case_e698301d,1,1,1,1,1,1
case_4e96ebb1,0,0,1,1,0,1
case_b700b59f,1,1,1,0,0,1
case_fcdc2ddf,1,1,1,1,1,1
case_e369c61e,0,1,1,1,1,1
case_a0d03a60,1,0,1,1,1,1
case_a608e47b,1,0,1,1,1,1
case_08b290ca,0,0,1,0,1,1
case_2834c9a5,1,1,1,1,1,1
case_bc259863,1,1,1,1,1,1
case_da001a58,0,0,1,1,1,1
case_87352add,0,0,1,1,1,1
case_8b6fd3f8,0,1,0,1,0,1
case_b6c2f54e,0,1,1,1,1,1
case_fe3e1312,0,0,0,1,1,1
case_ccc2aea9,1,1,0,1,1,1
case_e627f193,0,0,1,1,1,1
case_a441661e,0,0,1,1,0,0
case_c11d4e1f,1,1,1,1,1,0
case_ad152fe2,1,1,1,1,1,0
case_bde32743,0,0,1,1,1,1
case_780fd980,1,0,1,1,1,1
case_bbc5dfa9,1,0,1,0,1,1
case_536d681f,0,1,1,1,1,1
case_57e0a99b,1,1,1,1,1,1
case_77b8986a,0,1,1,0,0,1
case_0786852f,1,0,1,1,0,1
case_bceb80a0,1,1,1,0,1,0
case_cf1a34d6,1,1,1,1,1,1
case_520bed68,1,1,1,1,1,1
case_61a702f7,1,0,1,1,0,1
case_595d5c2f,1,0,1,0,0,1
case_cfb996a9,0,0,1,0,0,1
case_2e15dacd,1,1,1,1,1,1
case_35723ab5,1,1,1,1,1,1
case_a0b9dac1,1,1,1,1,1,1
case_99ba75fe,1,1,1,1,1,1
case_c493fc04,1,1,1,1,1,0
case_13b2fe5c,0,0,1,0,0,0
case_5654f6a0,1,1,1,1,1,1
case_2adbc7d9,1,1,1,1,1,1
case_ca3905d1,1,0,1,1,1,1
case_ddb5e488,1,0,1,1,1,0
case_bcc551f5,1,0,1,0,1,1
case_867099c9,1,1,1,1,1,1
case_2e970bce,1,0,1,0,0,1
case_e1906db6,1,1,1,1,1,1
case_ec168817,1,1,0,0,1,1
case_f2f9b5d3,1,1,1,1,1,1
case_6fdcc866,1,0,0,1,1,1
case_211b4ab2,0,1,1,0,0,0
case_20a20a51,1,1,1,1,1,1
case_7c076709,0,1,1,1,1,1
case_0c27b341,1,0,1,0,1,1
case_bd87d55a,1,0,1,0,1,1
case_6b6b8605,0,0,1,0,0,1
case_fec1bff2,0,0,1,0,1,1
case_dd3ecb9c,0,1,1,1,0,1
case_ba81835f,0,0,1,1,1,0
case_c25ee9a7,1,0,1,1,1,1
case_aae69cfd,0,0,0,0,0,0
case_92267560,0,0,1,1,1,1
case_11919492,0,1,1,1,1,0
case_92f3beba,1,1,1,1,1,1
case_24e62848,0,1,1,0,1,0
case_8478c95b,0,0,1,1,1,1
case_a110240d,1,1,1,1,1,0
case_8c15d102,1,1,1,0,1,1
case_a79851ec,1,1,0,1,1,1
case_a963602b,0,0,1,1,1,1
case_40e3923e,1,1,1,1,1,1
case_93aa27c3,0,1,0,1,1,1
case_063ef7fb,1,0,1,1,0,1
case_c0bb1029,0,1,1,1,0,1
case_5d989223,0,0,1,1,1,0
case_cd775a61,0,0,1,1,1,1
case_52e7d24c,0,1,1,0,1,1
case_be474067,0,1,1,1,1,1
case_3707c509,1,1,1,1,1,1
case_9dd6029d,0,0,1,1,1,0
case_00db6ef3,1,1,1,0,1,1
case_ce780e58,1,1,1,1,1,0
case_15e88094,1,1,1,1,1,1
case_55858a91,1,1,1,1,1,1
case_809eae1e,0,0,1,0,1,1
case_57ce4b23,1,0,1,0,1,1
case_cc9ffb38,0,1,1,1,1,1
case_4928b9e1,1,1,1,1,0,1
case_22ecd3fd,1,0,1,1,1,1
case_0ea4f8ab,0,0,0,0,1,1
case_82120c9b,1,1,1,1,1,1
case_46f1bef5,1,1,1,1,1,1
case_cbfa667a,0,1,1,0,0,0
case_44efbd17,0,1,1,1,0,1
case_8dab0241,1,1,1,1,0,1
case_84ae7970,1,1,0,0,1,1
case_b7f8b6bf,1,0,1,1,1,1
case_208b8c5b,0,1,0,1,0,1
case_4cf581dc,1,1,1,1,1,1
case_ed8fc089,0,0,1,1,1,1
case_4df020db,1,0,0,1,1,1
case_f554d503,0,0,1,1,1,1
case_c5a75191,1,1,1,1,1,1
case_d9da2132,1,0,1,1,0,1
case_1d7d496b,0,0,0,1,0,1
case_f856f4da,1,0,0,0,1,1
case_0d90b00f,0,0,1,1,0,1
case_ea6d21fc,0,0,1,0,1,0
case_f3713041,1,0,1,0,0,1
case_1c422276,1,1,1,1,1,1
case_a0244563,1,0,0,0,0,0
case_321f944a,1,1,1,1,1,1
case_f0f3bf36,1,1,1,1,1,1
case_72bca803,1,0,1,0,1,0
case_13ae8e47,1,1,1,1,1,1
case_22bf2ab4,0,1,1,1,1,1
case_9ffe5cfa,0,1,0,0,0,1
case_4f2f4948,1,1,1,0,1,1
case_f9762b20,1,0,1,1,1,0
case_6bb24b90,1,1,1,1,1,1
case_00a453bb,1,1,1,1,1,1
case_0a2ed780,0,1,1,1,1,1
case_1ef9a2e3,1,0,1,1,1,1
case_816b0c17,0,0,1,0,1,1
case_1d918014,0,0,1,1,1,1
case_d7de288d,0,0,1,1,0,0
case_8160f439,1,1,1,1,1,1
case_ab9fe8cc,1,1,1,0,1,1
case_277d3ba8,1,1,1,1,0,1
case_c0288508,0,1,1,1,1,1
case_54b4e749,1,0,1,1,0,1
case_3a089133,0,0,1,0,1,1
case_3611bc53,0,1,1,1,1,1
case_1d2ab604,1,1,0,1,1,1
case_bb996490,0,1,1,0,1,1
case_7078d765,0,1,1,1,1,1
case_36cbe8fc,1,1,1,0,0,0
case_c221fdfa,1,0,1,0,1,1
case_f8514251,0,1,1,0,1,1
case_73982852,1,0,1,1,1,1
case_1a240592,1,1,1,1,1,0
case_aca4b751,0,0,1,0,1,1
case_3fb82ced,1,1,0,1,1,1
case_9d08c955,1,1,0,0,0,1
case_cd36ba5e,1,0,1,0,0,1
case_11899156,1,1,1,1,1,1
case_851dcb33,0,0,1,1,1,1
case_7b03d4fa,1,0,1,0,0,1
case_5208f2c4,0,1,0,1,1,1
case_1e2ac615,1,0,1,1,1,1
case_7a335e1e,1,1,1,1,0,1
case_46fbfe50,1,0,1,1,1,1
case_30bbb406,0,1,1,1,0,0
case_f39d78d2,1,1,1,0,1,1
case_9dbf8bdb,1,1,1,1,1,1
case_513f90a5,1,1,1,1,0,1
case_10409bed,1,0,1,1,1,1
case_451dc276,1,1,1,1,1,1
case_e38da9f3,1,0,1,1,1,1
case_3f3665a9,1,1,1,1,1,1
case_bb0f82f2,1,1,1,1,1,1
case_6bb3e730,0,0,1,0,1,1
case_d1b1afce,1,1,1,1,1,1
case_8df2e617,1,0,1,1,1,0
case_c5a1c7e2,1,0,1,1,1,0
case_c46799bb,1,0,1,0,0,1
case_f03a6fdb,0,1,1,1,0,0
case_48891716,0,1,0,1,1,1
case_e7e79856,1,1,1,1,0,1
case_9d59bd4c,1,1,1,1,1,1
case_f6cb723d,0,0,1,0,1,1
case_9039324c,1,1,1,1,1,0
case_b05732f0,1,1,1,1,1,0
case_54359eea,1,1,1,1,1,1
case_49ed2c40,0,1,1,1,1,0
case_09e7e247,1,1,1,0,0,1
case_f8050515,0,1,1,1,0,1
case_c0a7d005,1,1,1,1,1,1
case_aa390a98,1,1,1,0,1,1
case_a091d7f8,1,0,1,0,1,0
case_8c4e71eb,1,0,1,1,1,0
case_3f22abb2,0,0,1,0,1,1
case_97ba2e6f,1,0,1,0,0,1
case_e95c278b,0,0,1,1,0,1
case_422c9202,1,1,1,1,1,1
case_26046de7,1,0,0,0,0,0
case_67e7af16,1,0,1,1,0,1
case_cbb25b72,0,0,0,0,1,1
case_e5a5d75b,0,1,1,1,0,1
case_a1834b4e,1,0,1,1,1,1
case_5a818dfa,1,1,1,1,1,0
case_eafbc57c,1,0,1,1,1,1
case_47d07965,0,0,1,1,1,1
case_96f739e3,0,1,1,0,1,1
case_cdcac060,1,1,1,1,1,1
case_9e65cf85,1,1,1,1,0,1
case_6843c240,1,1,1,1,1,1
case_0e9ed80c,0,0,1,0,1,1
case_29160c76,0,0,0,0,1,0
case_d9d4ecf7,1,1,1,1,0,1
case_fa909135,0,1,1,0,1,0
case_bc99d106,1,1,1,1,1,1
case_27d64d35,1,0,1,1,1,1
case_c477e757,1,1,1,1,1,1
case_82a8d6a3,1,1,0,1,0,1
case_2a4d1577,1,1,1,1,1,1
case_3d082e95,1,0,1,1,1,0
case_5b09275b,1,0,1,0,1,1
case_0069cc05,1,1,0,1,1,1
case_7a4a8574,0,1,1,1,1,1
case_0417fbbb,0,1,1,1,1,1
case_eff2a4cf,0,0,1,1,1,1
case_863567e8,0,0,0,0,1,1
case_cfbc2d94,1,0,0,1,0,1
case_6c0a765a,1,0,1,1,1,1
case_5a541e7d,1,0,1,1,0,1
case_e68e5a9c,1,1,1,1,1,1
case_e446c0c3,1,1,1,1,1,1
case_3a577f98,1,1,1,1,1,0
case_0fdd1603,1,1,1,1,1,1
case_d0bc209c,1,0,1,0,1,1
case_6a1506c3,1,1,1,1,1,1
case_e9b49130,1,1,1,1,1,0
case_007d50a3,0,0,1,0,1,0
case_ecc8fbec,1,1,1,1,1,1
case_f798ecb9,1,0,1,0,1,1
case_4d8ef7f1,1,1,1,1,1,1
case_54cbf2f8,1,1,1,1,1,1
case_7eb9c3da,0,1,1,0,1,1
case_bb9070c4,0,0,1,0,1,0
case_fc559fa6,0,1,1,1,1,1
case_b53163ef,0,0,1,1,0,1
case_cec8e069,0,1,0,1,1,1
case_f0b7a596,1,0,1,1,1,1
case_16c68120,1,1,1,1,1,0
case_91937467,1,1,1,1,1,1
case_9ba62cb5,0,1,1,0,1,0
case_a37fffda,1,0,1,0,0,0
case_2682ef29,1,1,1,1,1,1
case_ba38771d,1,0,1,1,1,0
case_8a2d1f89,1,0,1,1,1,1
case_ec860c77,1,0,0,1,1,0
case_dbe18acc,1,1,1,1,1,1
case_a261f271,1,0,1,0,0,1
case_1e7e7272,0,0,1,1,0,1
case_23ab30fb,1,1,1,1,1,1
case_65830140,0,1,0,1,0,1
case_4e04a7fa,1,0,1,1,0,1
case_a685aec1,1,1,1,1,1,1
case_ae6c38ee,1,1,0,1,1,1
case_26c61ab4,1,0,1,0,1,1
case_9d29c395,1,1,0,1,1,1
case_45338a30,0,1,1,1,1,1
case_7e0f9ba8,1,1,0,0,1,0
case_2380e217,1,1,1,1,1,1
case_0b2fa8d0,1,0,1,1,1,1
case_acc6ce90,0,1,1,1,1,1
case_7fd7b600,1,1,1,1,1,1
case_2454cad7,1,0,1,0,1,1
case_e11b05b8,1,1,1,1,1,1
case_b027b33b,0,1,1,1,1,1
case_684db1da,1,1,1,0,0,1
case_31aa9f66,1,0,1,1,1,1
case_db990e5e,1,1,1,1,0,1
case_80c7466e,0,1,1,1,1,1
case_f915760e,1,1,1,1,1,1
case_44ac2d0e,1,1,1,1,1,1
case_350134bb,0,0,0,0,1,1
case_bd164f5a,0,1,1,1,1,1
case_e86bacd5,1,0,1,1,1,1
case_eb5c735c,1,0,1,1,1,1
case_f120a060,1,1,1,1,1,1
case_88e80d5c,0,0,1,1,1,1
case_5e54263b,0,1,1,1,1,1
case_d3d30e81,1,1,1,1,1,1
case_8e4c98d4,1,0,1,1,1,0
case_68b2ea8c,1,1,0,1,1,0
case_ce1d7d28,1,1,1,0,1,1
case_db5d2d3e,1,1,0,1,0,1
case_1ee133ed,0,1,1,0,1,0
case_47bdcb3f,1,1,1,1,1,1
case_b066ad61,0,0,1,1,0,0
case_f1255325,1,0,1,1,1,1
case_5f64cc3d,0,0,1,1,0,0
case_0ac7f430,1,1,1,1,1,1
case_fb3eafc7,1,1,0,1,1,1
case_d26228f3,0,0,1,1,0,1
case_f4cd34b4,0,1,1,0,1,1
case_d849b5b0,1,1,1,1,1,1
case_7ad3e7b4,0,0,1,0,0,0
case_d5134ac2,0,1,0,1,1,0
case_a3d150bf,1,0,1,0,0,1
case_8d227bc5,1,1,1,1,1,1
case_f8705ced,1,1,1,0,0,0
case_0d10f909,1,1,1,1,1,1
case_947b2d55,0,1,1,1,1,1
case_63bbcb45,1,0,0,0,1,0
case_a16b7ff2,0,0,0,0,0,1
case_5907da57,0,0,1,0,0,0
case_15430df4,0,1,1,1,1,1
case_59c183f5,1,0,1,0,0,1
case_327973dd,1,1,1,1,1,1
case_b18e7dd1,0,0,1,0,1,1
case_b47060a9,0,1,1,1,1,1
case_34ff3044,1,1,0,1,0,1
case_296e0e27,1,1,1,1,0,0
case_bf98ae80,1,1,1,0,1,1
case_13377e51,1,0,1,1,1,1
case_35fe8e30,1,0,1,0,1,0
case_182d43c8,1,1,1,1,1,1
case_ae69112f,1,0,1,1,1,1
case_6630c103,1,1,1,1,0,1
case_631aa0c7,1,1,1,1,1,1
case_7ec04e55,1,1,0,1,1,1
case_970941e3,0,0,1,1,0,1
case_9cbceade,0,1,0,0,1,1
case_94bcf21d,0,1,1,0,1,1
case_7bf204cf,0,0,1,1,0,1
case_e3686d88,1,1,1,1,0,1
case_280992cc,0,0,1,1,0,0
case_5235b6a1,0,1,1,1,0,1
case_2783dda5,1,0,1,0,1,0
case_43979555,1,0,1,0,1,0
case_a56947cd,1,1,1,1,1,1
case_becfbdf2,0,1,1,0,1,0
case_a1f5639b,1,1,1,1,1,1
case_53fd22ee,1,0,1,1,1,1
case_ba908983,1,0,1,0,0,1
case_4d16d88a,1,1,0,1,1,1
case_c70857a9,1,0,1,1,1,0
case_725ccc12,0,0,1,1,1,1
case_178b5ddf,1,1,1,1,1,1
case_a7701628,1,0,1,1,1,1
case_fa6aee7a,0,1,1,1,1,1
case_bb2997a1,1,1,1,1,1,1
case_a2bd4d24,0,0,1,1,0,1
case_1e2888ce,0,1,1,1,1,1
case_17d93fed,0,1,0,1,1,1
case_abdb9d47,1,1,1,1,1,1
case_44cb809f,1,1,1,1,0,1
case_99f611d2,0,1,1,0,1,1
case_da6ecbe8,1,1,1,1,1,1
case_ee0a1ea8,1,0,1,0,1,1
case_a4e3c15e,1,1,1,1,1,0
case_3fb35041,1,0,1,1,1,1
case_8603ebbf,1,1,1,1,1,1
case_bc2871d9,1,1,1,1,1,0
case_c4556a6f,1,1,1,1,1,1
case_4fb5ce99,0,0,1,1,1,1
case_a9e252db,1,0,1,1,0,1
case_cd70975f,0,1,1,0,0,1
case_470ef720,0,1,1,1,1,1
case_b25bffa0,0,1,1,1,0,1
case_2d4aa5b5,1,1,1,0,1,1
case_85da31b1,0,0,1,1,0,1
case_75fc335d,1,1,1,1,0,1
case_e66d8ba6,0,1,1,0,0,1
case_bb730e02,0,0,0,0,1,1
case_bd9d6d15,0,1,1,1,1,1
case_f184a55c,1,1,1,1,1,1
case_99686642,1,1,1,1,1,0
case_0e3c851d,1,1,1,1,1,1
case_13d1996d,1,1,1,1,1,1
case_9e635f16,1,0,0,0,0,1
case_55a6ab09,0,0,1,1,0,1
case_0863ddc9,1,1,1,0,1,1
case_a5320839,1,0,1,1,0,1
case_7c994045,1,1,0,1,1,1
case_705e65bb,1,1,1,1,1,1
case_2bef72ae,1,0,1,1,1,1
case_ccded95b,0,0,1,0,1,0
case_a03b6948,1,0,1,1,0,1
case_874bc526,0,0,1,1,0,1
case_cb329660,0,1,1,1,0,1
case_4d2becd1,1,1,1,1,0,1
case_61da1dc3,1,0,1,0,0,1
case_bab4051c,1,0,1,1,1,1
case_4726da1c,1,1,1,0,1,1
case_4cfb57bf,0,1,1,1,1,1
case_865b8006,1,1,1,1,1,0
case_d958434d,1,1,1,1,1,0
case_4175140b,0,1,1,1,1,1
case_56e949c1,1,0,1,1,1,1
case_2e13df6a,1,0,1,1,1,1
case_2ce49651,0,1,1,0,0,1
case_64aa69b7,1,1,1,1,1,1
case_a26ee6ab,1,1,1,0,1,1
case_b8e62db7,1,0,1,0,1,1
case_c5421a1e,0,0,1,0,0,1
case_ef0e55b2,1,1,1,1,1,1
case_b2e2206b,1,1,1,1,1,1
case_82cc86f6,0,1,0,0,1,1
case_abdaf1e1,1,1,1,1,1,0
case_363c2f5d,1,1,1,1,1,1
case_9b6d2dad,1,0,1,1,0,1
case_ffbf919a,1,0,0,1,0,0
case_b316ef6b,1,1,1,1,1,1
case_9a0707e9,1,0,1,1,1,0
case_e5f185b1,0,1,1,1,1,1
case_64c5a404,1,0,1,1,1,0
case_7de4dcbe,0,0,1,1,1,1
case_46d770dc,1,1,1,0,0,1
case_94dcc2d7,1,0,1,0,0,1
case_ece11920,1,1,1,1,1,1
case_f04d5dc2,1,1,0,0,1,0
case_be823138,0,1,1,0,1,0
case_9617231f,1,1,1,1,1,1
case_9f214fab,0,0,0,0,0,1
case_dd910dd4,0,0,0,1,0,1
case_dc0f1ab0,1,1,1,1,0,0
case_2b6ca313,1,0,1,1,1,0
case_3d7f6db9,1,1,1,1,1,1
case_1d34d6d7,0,1,1,1,0,1
case_2cc1da54,1,1,0,1,1,1
case_bfe0fb89,0,0,1,0,1,1
case_f6fb4ad0,0,1,0,1,1,0
case_535f295c,1,0,1,1,1,1
case_bf47a85d,0,1,0,1,0,1
case_d5ab64ee,0,1,0,1,1,1
case_cc416e52,1,0,1,1,0,1
case_01b681a4,1,0,1,1,0,1
case_86966a2e,0,1,1,1,1,1
case_35426ace,0,0,1,1,1,1
case_9de3c998,1,1,1,1,0,1
case_71a2d9d3,1,0,1,1,0,0
case_9d3071d5,1,1,1,1,1,1
case_b9ca8af2,1,1,1,1,0,1
case_2d911593,0,1,0,1,1,1
case_1441001b,1,1,0,1,1,1
case_e9b7cae8,0,0,1,0,0,1
case_0b4a00e0,1,0,1,0,0,0
case_ad5f5ca3,0,0,1,1,1,1
case_0bd72013,1,1,1,1,1,1
case_f4744b40,1,1,1,1,1,0
case_0eca8b74,1,1,1,0,1,0
case_9d1b33cc,1,1,0,1,0,1
case_a8c69ea1,1,1,1,1,1,1
case_6c12def1,0,1,0,0,1,1
case_f52c3bad,1,1,1,0,1,0
case_81744caa,1,1,1,1,1,1
case_17161ccd,1,1,1,1,0,1
case_0d6c2cee,1,1,1,1,1,1
case_ac4c9fc9,1,1,1,1,1,1
case_13e4e430,1,1,1,1,1,1
case_89d750f1,1,0,1,0,1,1
case_c2a45822,1,1,1,1,1,0
case_dda16f32,1,0,1,1,1,1
case_c8530441,1,1,1,0,0,0
case_ddb3f5b5,0,1,1,1,1,1
case_5ed14971,0,0,1,1,0,1
case_6d135172,1,0,1,1,1,0
case_f126b390,1,0,1,1,1,1
case_979409de,1,1,1,1,1,1
case_b5814161,0,1,1,1,0,0
case_8e5a75d1,1,0,1,1,1,1
case_e8b71282,0,1,1,1,1,1
case_2674f479,0,0,1,0,1,1
case_ab6b6879,1,1,1,1,1,1
case_68cda91a,0,1,1,1,1,1
case_b906a011,1,1,1,1,1,1
case_9d6393db,1,1,1,0,1,1
case_613d294a,1,1,1,1,1,1
case_2364b211,1,1,1,0,1,1
case_632e1893,0,1,1,1,1,1
case_3b460a1e,1,1,1,0,1,1
case_0068b7ff,1,1,1,1,1,1
case_e462541e,1,1,1,1,1,1
case_d183d501,1,1,1,0,1,0
case_e4ce322a,0,0,0,1,1,1
case_3e9ced36,1,0,1,0,1,1
case_5fd9ebda,0,0,1,1,1,1
case_9f89ea4b,1,1,1,0,0,1
case_418a111f,1,1,1,0,1,1
case_7a07228b,1,0,1,0,1,1
case_db612b7b,1,0,1,1,0,1
case_92ca9711,0,1,1,0,1,0
case_4ec04c32,0,0,1,0,1,0
case_807a9499,0,0,1,1,1,0
case_c35ea512,0,1,1,1,1,1
case_ee7a3647,1,1,1,1,0,1
case_4c49cb16,0,1,1,1,1,1
case_d5abd2f1,0,1,1,1,0,1
case_a0089654,1,1,1,1,1,1
case_cff268fc,1,1,1,1,1,1
case_56e15bc6,0,0,1,0,1,1
case_75f2b8ff,1,0,1,1,1,0
case_07e33372,1,1,1,1,1,1
case_da84a9aa,1,0,1,1,1,0
case_d6a71a6a,0,0,1,1,1,0
case_b3b1c019,1,1,1,1,1,1
case_6a611724,1,1,1,1,1,1
case_d9b33eb3,0,0,1,1,1,1
case_bffdc90a,1,1,0,0,0,0
case_00d67215,1,1,1,0,1,1
case_30750a92,1,1,1,1,0,1
case_3e2c5d7d,0,0,1,1,1,1
case_8cdfb1b2,1,1,1,1,1,0
case_2effc0ca,1,1,1,0,1,1
case_55d2bc56,1,1,1,1,1,1
case_4026e7ea,1,1,1,1,1,1
case_6abfb5a2,0,1,1,1,1,1
case_2ce25d1c,0,0,1,1,0,1
case_5251f3ef,1,1,1,1,1,1
case_7c78f1b3,1,1,1,1,1,1
case_b4539e12,1,1,1,1,1,1
case_7744e159,1,0,1,0,1,1
case_12a87e29,1,1,1,1,1,1
case_20f5b0d5,1,1,1,0,1,1
case_5215ae1e,0,1,1,1,1,1
case_43fcb389,0,1,1,0,1,1
case_68a60804,1,1,1,1,1,1
case_0cdd7d58,1,1,1,1,1,1
case_e91da9d7,0,0,1,1,0,1
case_ce343e41,0,1,1,1,0,1
case_4b9d0721,1,1,1,1,1,0
case_b4facaf2,1,0,1,0,1,0
case_76ca6ca8,1,1,1,1,0,1
case_112d7df3,1,1,1,1,1,1
case_0ba5fd67,1,1,1,1,1,1
case_07b7e812,1,1,1,1,1,1
case_0d2ccd85,1,1,1,1,1,0
case_c52708ef,1,0,1,1,1,1
case_ea6e5fd0,1,0,1,1,1,1
case_a6958a78,1,0,1,1,1,0
case_06b555d3,1,1,1,1,1,1
case_0503ae62,0,0,1,1,0,0
case_67c8be06,1,1,1,1,1,0
case_398de2c4,1,1,0,0,1,0
case_6d5cc41e,1,1,1,1,1,1
case_9bd45511,1,0,1,1,1,1
case_6927f934,1,0,1,0,1,1
case_fb22a400,1,1,1,0,0,1
case_77c6321b,0,0,1,1,1,1
case_b9ea38c0,0,0,1,1,0,1
case_c7dc108d,0,0,1,0,0,1
case_b44c08a9,0,0,1,0,0,1
case_d9ef53ef,0,1,1,1,0,1
case_99d95f19,1,1,1,1,1,1
case_ca6a416b,1,1,1,1,1,1
case_aeec4bbd,0,1,1,0,0,1
case_aaacd6ee,1,1,1,0,1,1
case_0fb214e0,1,0,1,1,1,0
case_5a0d03da,1,1,1,1,1,0
case_62d17185,1,1,1,1,1,1
case_73bbd6a5,0,0,1,1,0,0
case_cc873535,1,1,1,1,1,1
case_241eb63f,0,1,1,1,0,0
case_663df7aa,1,1,1,1,1,1
case_b57725d0,1,1,1,1,1,1
case_a951cb4f,0,1,0,1,0,1
case_4cc9f47d,1,1,1,1,1,1
case_a95f4a2d,0,1,1,1,1,1
case_001c0db2,1,1,1,1,1,1
case_8c772eb5,0,1,1,1,1,1
case_b2a5cdcd,1,1,1,0,1,1
case_02068f3d,1,1,1,1,1,0
case_15c412e0,1,1,1,1,1,1
case_db8f7e35,0,0,0,0,0,1
case_54c1f568,1,0,0,1,0,1
case_a1c1f4d5,1,1,1,0,1,1
case_db2e8544,0,1,1,1,1,0
case_4d467a89,1,1,1,1,1,1
case_0cd41462,0,1,0,1,0,1
case_cfbb2751,1,1,1,0,1,1
case_e78c36c6,1,1,1,0,1,0
case_8ed81f2e,0,0,1,1,1,1
case_744e6c24,1,0,1,0,1,1
case_d2730d31,1,1,1,1,1,1
case_369fbe93,1,1,1,0,1,1
case_753b26fa,0,0,1,0,1,1
case_0bbc176e,1,1,1,1,0,1
case_ab64ec23,1,0,1,1,1,1
case_81d9ff73,1,0,1,1,1,1
case_5dfc6417,1,0,0,1,1,1
case_21e7506b,0,0,1,0,1,1
case_f594042c,1,1,1,1,1,1
case_d4807657,0,0,1,0,1,0
case_d74000bc,0,0,1,0,1,1
case_bb9521ad,1,0,1,1,0,1
case_7ade90cb,1,1,1,1,0,0
case_c5a61f7a,0,0,1,1,1,1
case_875ca35e,0,1,1,1,0,1
case_921ae158,0,1,1,1,1,1
case_3d402b6f,1,1,1,0,1,0
case_0d99c397,0,1,0,1,1,0
case_d985d722,1,1,1,0,1,1
case_7a0edf39,1,1,1,1,1,1
case_4e68f5f2,1,0,1,1,1,0
case_21419d34,0,1,1,1,1,1
case_7439dae2,1,1,1,1,0,1
case_8dfe2faa,0,1,1,1,1,0
case_597c30a5,1,1,1,1,1,1
case_f98077dc,0,0,0,0,0,1
case_a7b5171b,1,1,1,1,1,1
case_d010aa0d,1,0,1,1,1,1
case_fa4b6136,0,1,1,1,0,0
case_36d4f756,1,1,1,1,1,1
case_05a2a20e,1,1,1,1,1,0
case_c6d468eb,1,1,1,1,1,1
case_b58b948b,1,0,1,0,1,1
case_39bc9d50,0,1,1,1,1,1
case_d777e191,1,0,1,1,1,1
case_001ad219,1,1,1,1,1,1
case_baaf4732,0,1,1,1,1,1
case_7669e905,1,1,1,1,0,1
case_157a2488,1,1,1,1,1,1
case_c0acaf50,1,1,1,0,0,1
case_8cc8e787,0,1,1,0,0,0
case_b004de10,0,1,1,1,1,1
case_d9d37e57,1,1,1,1,0,0
case_9d5c88e9,1,1,1,1,1,0
case_606be23c,1,1,0,1,0,1
case_dbf27313,0,0,1,1,0,1
case_3a4e3a8c,1,0,1,1,1,1
case_ad421468,1,1,1,1,1,1
case_2e68f233,1,1,1,0,1,1
case_be9392c1,1,1,0,1,1,1
case_a178da3b,1,1,1,1,1,1
case_579205eb,0,1,1,0,0,1
case_f0855425,0,0,1,1,1,1
case_ef755d91,1,1,1,1,0,1
case_3e5c1b29,1,1,1,1,1,0
case_0d91b937,1,1,1,1,0,1
case_f1eb2f5b,1,1,1,0,1,1
case_0136a021,0,1,1,1,1,1
case_1832f568,0,0,0,1,0,1
case_01dd4ca4,1,0,1,0,1,0
case_f58eb13f,0,0,0,0,1,1
case_bd63e454,0,1,1,1,1,1
case_85179bea,0,0,0,1,0,1
case_4552076d,0,1,1,1,1,1
case_2edd269b,1,1,1,1,1,1
case_ef360414,0,0,1,1,1,1
case_baa7190d,1,1,0,1,1,0
case_554da3ab,1,1,1,1,1,1
case_972b0fca,1,1,1,1,1,1
case_e304213b,1,1,1,1,1,1
case_d862af0c,1,1,0,0,1,1
case_b33a6166,0,1,1,1,1,1
case_a12234d8,1,0,1,0,1,1
case_9938a931,1,1,1,1,1,1
case_a2358c4a,0,1,1,1,1,1
case_a5de985d,0,1,1,0,1,1
case_914aca2b,0,0,1,1,1,0
case_19b3f206,0,0,1,1,1,0
case_1e18a198,1,1,1,0,0,0
case_4e14ef76,1,1,1,1,1,1
case_9173038c,1,0,0,1,1,0
case_0fb3525d,1,1,1,1,1,1
case_0c73fbdb,1,1,1,1,0,1
case_ac276960,1,1,1,1,1,1
case_3c0c18ce,1,1,1,0,1,1
case_3e1cc40f,1,0,0,0,1,1
case_6be04441,1,1,1,1,1,0
case_cada626c,1,1,1,1,1,1
case_6a1edf6d,1,1,1,1,1,1
case_bb836bf5,0,1,1,0,1,1
case_7dad72f7,0,0,1,0,0,1
case_f43289ea,0,1,1,1,1,1
case_feab276a,1,1,1,1,1,1
case_617d807f,0,1,1,1,0,1
case_cbe48c3c,1,1,1,1,1,1
case_e49c8292,1,0,1,1,1,1
case_5395ffe2,1,1,0,1,1,1
case_96b15f15,0,0,1,0,0,0
case_e4708630,1,0,1,1,0,1
case_04494efc,1,0,1,0,1,1
case_e5800067,1,1,1,1,1,1
case_1a16dc1b,1,0,1,1,0,0
case_8b0c679a,0,1,1,0,1,1
case_7c8c160b,1,0,1,1,1,1
case_8f517adc,1,1,1,0,1,1
case_2b3ac4e4,1,1,1,0,1,1
case_9d702447,0,1,1,1,1,1
case_3ef187bf,1,1,0,1,1,0
case_0d1f5cbd,1,0,1,1,1,1
case_8845398a,1,1,0,1,0,1
case_437168f1,1,1,1,1,1,1
case_eeb1132d,1,1,1,0,1,0
case_90331e31,0,1,1,0,1,1
case_c4e18e02,1,1,1,1,0,1
case_c33bcef3,1,0,1,1,1,1
case_5dd24ee8,1,0,1,1,0,1
case_2ca09e3d,1,0,1,1,1,1
case_0efc222e,1,0,1,1,1,1
case_ba3047f8,0,0,0,1,0,0
case_4140ba1a,1,0,1,0,1,1
case_c5d4b97d,1,1,1,1,0,0
case_e7b3a4a0,1,1,1,1,1,1
case_588c996a,1,1,1,0,1,1
case_aa175264,0,1,1,1,1,1
case_88e4a789,0,1,1,1,1,1
case_14e9037d,0,1,1,1,1,1
case_1238d250,0,1,1,1,1,1
case_8272b55c,1,1,1,1,0,1
case_09ebeee0,1,0,1,0,1,1
case_cde43eb1,1,1,1,0,0,0
case_9f19d4cb,0,1,1,0,0,0
case_51d788a4,0,0,1,0,0,1
case_59902af0,1,1,1,0,0,1
case_ae6fef5a,1,1,1,0,0,1
case_b832fc7f,1,1,1,1,1,1
case_9af248fb,0,1,1,1,0,1
case_fe6aaec2,1,1,1,1,1,1
case_f14f07e2,1,1,1,0,0,1
case_1d154a0f,1,1,1,1,1,1
case_92863ed0,1,1,1,1,1,1
case_4556d484,0,1,1,0,1,0
case_bf83a568,0,1,1,1,1,1
case_52b377a7,0,0,1,1,1,1
case_4d195a94,1,0,1,1,1,0
case_0bcbfca0,1,0,1,1,1,1
case_b9931080,1,1,1,1,1,1
case_a5f0290c,1,0,1,1,1,1
case_939a84e4,1,1,1,1,1,1
case_fda16674,1,1,1,0,1,1
case_aa5fc863,1,1,1,0,1,1
case_77ad6776,1,1,1,1,1,1
case_a2493555,1,1,1,1,1,0
case_14856bf0,1,1,1,0,0,1
case_a8c8d78b,1,1,1,0,1,1
case_54a534df,1,0,1,0,0,1
case_f86c86bc,0,1,1,1,0,1
case_c58db2ae,0,1,1,1,0,1
case_f390b7e5,0,0,1,1,0,1
case_b42422fa,1,0,1,1,0,1
case_4b0b2016,1,0,1,1,1,0
case_3dabcabc,0,1,0,1,1,0
case_d07203d3,1,1,1,1,1,1
case_74a07059,1,1,1,1,1,1
case_20873620,0,0,0,0,0,0
case_84bfecdf,0,0,1,1,0,1
case_cf92c8af,0,1,1,0,1,1
case_58cd3f2c,1,0,1,1,0,1
case_fadefcbc,0,1,0,0,1,1
case_d995ce7b,0,0,1,0,1,1
case_b3a8ea6f,0,0,1,1,1,0
case_83f98ca7,1,0,1,1,1,0
case_e1eba01b,0,0,1,0,0,0
case_4bb8aaf5,1,1,1,1,1,1
case_6b878928,1,0,0,0,1,1
case_6c385bd5,1,0,1,1,1,1
case_0e1c8b46,0,1,1,1,0,1
case_efd11ccf,1,0,1,1,0,0
case_40d13426,1,1,1,1,1,1
case_b319d02f,0,1,1,1,1,0
case_d3adb7ab,0,1,0,0,1,0
case_24d2de04,0,0,0,0,0,1
case_37112d08,1,1,1,1,1,1
case_0e0cf541,1,1,1,1,1,1
case_f81d2874,1,1,1,1,1,1
case_2dcb62c1,0,0,1,1,1,1
case_59a5e8d3,0,0,1,1,1,0
case_584bc7b2,0,1,1,1,1,0
case_c3eb5aae,1,1,1,0,1,1
case_8f5d5c58,1,0,1,1,0,1
case_d80a2763,0,1,1,1,1,1
case_7bfb2d10,1,1,1,1,1,1
case_49ea0170,1,1,1,1,1,1
case_a420a2b7,1,1,1,1,1,1
case_a24761ec,1,1,1,1,0,1
case_9e632e41,1,0,1,1,1,1
case_b88d03dc,0,0,1,1,1,1
case_ca65d75d,0,1,1,1,1,1
case_2a424350,1,0,1,0,1,0
case_bbf9823e,1,0,1,1,1,1
case_9520fb09,1,1,1,0,1,0
case_304a5df6,0,1,1,1,0,1
case_570b113a,1,1,1,1,1,1
case_886fbd05,1,1,1,1,1,0
case_b27fd1e4,0,1,1,0,0,0
case_5d8e0902,0,0,1,1,0,1
case_8780fb87,1,1,1,1,1,1
case_4b1dcecc,1,0,1,1,1,0
case_e85f5f2e,1,0,1,1,0,1
case_1020d429,0,0,0,1,1,1
case_d7bd934d,0,1,1,1,1,1
case_4dd5116c,0,0,1,0,0,0
case_db024cac,1,1,1,1,1,1
case_ca3478a9,0,0,0,0,1,1
case_4a421201,1,0,1,1,1,1
case_e6bf7dcf,1,0,1,1,1,1
case_622937d9,1,0,1,1,0,1
case_ccb90944,0,1,1,1,0,0
case_fd70924e,1,0,1,0,1,1
case_7c157361,0,1,1,1,1,1
case_f46e55ac,1,1,1,1,1,1
case_ea5aa5fc,1,1,1,1,1,0
case_9256d631,1,1,1,1,1,1
case_6b3d8e1e,1,1,1,1,0,1
case_7b031931,0,1,1,1,1,1
case_4dff03e8,1,1,1,0,1,1
case_526e13d6,1,0,1,0,1,1
case_b61470cc,0,1,1,1,1,1
case_47616246,1,0,1,1,1,1
case_4f522de5,1,0,1,1,1,1
case_b9df3d01,1,1,1,0,1,1
case_2322b015,1,0,1,0,1,1
case_e23a55ac,1,1,1,1,0,1
case_2764e2b7,1,1,1,0,1,0
case_0ed0bea3,1,1,1,1,1,1
case_91ef1fb0,1,0,0,1,1,1
case_598d62bf,0,1,1,1,0,1
case_865d72ed,0,1,1,1,1,1
case_3dd794ba,1,0,1,1,1,1
case_1f192fbb,0,1,1,1,0,1
case_548499a2,1,1,1,1,0,1
case_abd834ef,1,1,1,0,1,1
case_1c8420ef,0,0,1,1,0,1
case_eab343d3,1,0,0,0,0,0
case_00544024,0,1,1,1,0,1
case_3b2009fa,0,1,0,1,1,1
case_aa5650fe,0,1,0,0,1,1
case_e51d0694,1,0,1,1,1,0
case_907c0967,1,1,1,1,1,1
case_2440bda1,1,1,1,1,1,1
case_91ad04ef,0,1,0,0,1,1
case_9f33a980,0,1,1,0,1,1
case_0c0cc1f0,0,0,0,1,0,0
case_a6ecb4b2,1,1,1,0,0,1
case_993d2abf,1,1,1,1,1,0
case_8a8b33b0,1,1,1,1,1,1
case_47bbd376,1,0,1,1,1,1
case_aead5bbf,0,1,1,1,1,1
case_814dfa39,0,0,1,0,0,1
case_c6567b4e,1,1,1,1,1,1
case_0b4fcfda,1,1,1,0,1,1
case_5d46dc4a,1,1,1,1,1,0
case_4cd862f4,1,1,1,1,1,1
case_833d4384,1,0,0,1,0,1
case_c03cbbb4,1,1,1,1,1,1
case_ea9b010d,1,1,0,0,1,1
case_4d75f1e1,0,1,1,0,1,1
case_288b10ad,0,1,1,1,0,0
case_f57ea537,1,1,1,0,1,1
case_fb40fb6e,1,1,1,0,1,0
case_80c4f30a,1,1,1,1,1,1
case_ac8248da,1,1,1,1,1,1
case_a3848072,1,1,1,1,1,1
case_72110c0c,0,0,1,1,0,0
case_09b702e5,1,1,1,0,0,1
case_6a868f64,1,1,1,1,1,1
case_abff599e,1,1,1,1,1,1
case_72685b68,0,0,1,1,0,0
case_85924ade,1,1,1,1,1,1
case_1d503285,1,1,0,1,1,1
case_748afe21,1,0,0,1,1,1
case_edc08afb,1,0,1,1,0,0
case_09973c71,1,1,1,1,1,1
case_16169460,1,0,1,0,1,1
case_b7364a85,1,0,1,1,1,0
case_61ceb4aa,0,0,1,1,0,1
case_ba003d68,1,1,1,1,1,1
case_ae3a2345,1,0,1,1,0,1
case_e64ce317,1,1,1,1,1,1
case_a03e310d,0,0,1,1,1,1
case_b7f13565,1,1,1,0,1,1
case_ab85c83e,0,0,1,1,0,1
case_c4bbbf42,1,0,1,1,1,1
case_4dc8e4a3,1,1,1,1,1,1
case_0532171c,0,1,1,1,1,1
case_a244a00b,0,0,1,1,0,0
case_bc340e66,1,1,1,1,1,1
case_564dcfac,1,1,1,1,1,1
case_5b5218df,0,0,1,0,0,1
case_c9fee3df,0,1,0,0,0,1
case_3a8de360,1,1,1,0,1,1
case_8fcceaed,0,1,0,0,1,1
case_0faa5c3c,1,1,1,1,1,0
case_82ea0c3f,1,1,1,1,1,1
case_6d6784a6,0,0,1,1,0,0
case_60b1aa5c,0,1,1,1,1,1
case_13066e57,1,0,0,0,1,1
case_4050d727,1,0,1,1,1,1
case_8c59bc14,1,0,1,1,1,1
case_2ef14b9b,1,1,1,1,1,1
case_736d7445,1,0,1,1,1,1
case_10b25fc7,1,1,1,1,1,0
case_5865a6ad,1,1,1,0,1,1
case_f4232a14,0,0,0,0,1,0
case_337c6739,1,1,1,1,0,1
case_d76d605d,1,1,1,1,1,1
case_472b3d9c,1,1,1,0,1,1
case_3feb8333,0,0,0,0,0,0
case_768aba28,1,0,1,1,1,1
case_e7571c37,1,1,1,1,1,1
case_e0d800f2,1,1,1,1,1,1
case_af235d52,0,1,0,1,1,1
case_41e9dccc,0,1,1,1,1,0
case_e579f4ef,1,1,1,1,1,1
case_628dd387,1,1,0,1,1,1
case_c133fa90,1,0,1,1,1,1
case_f084c629,1,0,1,0,1,1
case_786a9c01,1,1,0,1,1,1
case_2c50de2a,0,1,1,0,1,0
case_65aa56c8,0,0,1,1,0,1
case_c75d5a0b,1,0,1,1,1,1
case_502ba966,1,1,0,0,1,1
case_1b323d89,0,0,1,1,0,1
case_608d3b35,1,1,1,1,1,1
case_c45e1058,1,1,1,1,1,0
case_e4f017a3,1,1,1,0,1,1
case_c2f42251,1,1,1,1,1,1
case_0f051d98,0,1,1,1,0,1
case_7ada2671,1,1,1,1,1,0
case_0297e2e4,1,0,1,1,1,1
case_189e2745,1,1,1,1,1,1
case_7cf7d5c3,0,1,1,0,0,0
case_267180d0,0,1,0,0,0,1
case_03c6ad83,1,0,0,1,0,0
case_ee765998,1,0,1,1,1,1
case_cd16c2eb,1,1,1,1,1,1
case_4310c1e2,1,1,1,0,1,1
case_11270f2d,1,1,1,1,1,1
case_fa48da32,0,1,1,1,0,1
case_0e83189a,1,0,1,1,0,1
case_6b64691e,1,1,1,1,1,1
case_e1696e76,1,0,1,1,1,1
case_85da3c27,1,0,1,1,1,1
case_742391e1,0,0,1,1,1,1
case_43f3fcf2,1,1,0,1,1,1
case_891f0924,0,1,1,1,1,1
case_4dd72494,1,1,1,0,0,1
case_5e17ed37,0,1,1,1,1,1
case_7e47117f,1,1,1,0,0,1
case_0f15b890,1,1,1,1,1,1
case_167cd4d5,1,1,1,0,1,1
case_7bd4652f,1,0,1,0,1,1
case_1683a014,1,1,1,0,0,0
case_fbff8855,0,0,1,0,0,1
case_3d5788c8,0,0,1,1,0,0
case_5cb76cae,1,1,1,1,1,0
case_dc2a1fb6,1,1,1,0,1,1
case_48a651e1,0,0,1,1,1,1
case_ebef9abf,0,0,0,1,0,1
case_91c54b2e,1,1,1,1,1,0
case_2c8d6785,1,1,1,1,1,1
case_994b3eb1,1,0,1,1,1,1
case_ec91eff6,0,1,1,1,1,1
case_09f747de,0,0,1,1,0,1
case_f09365e6,0,1,1,0,0,1
case_befba2c5,1,1,1,1,1,1
case_037bd841,1,1,1,0,0,1
case_323a488a,0,0,1,1,1,1
case_50c16525,1,1,1,1,1,1
case_7754b24d,0,0,1,1,0,1
case_5b923799,1,0,1,0,0,1
case_7601778b,1,1,1,0,1,1
case_e6933006,1,0,0,1,0,1
case_f85af21c,1,0,1,1,1,1
case_d638c351,1,1,1,1,1,1
case_febb23e8,1,1,1,1,0,1
case_8709d6cb,1,1,1,1,0,1
case_5604fe64,1,1,1,1,1,0
case_212e782c,1,1,1,1,1,0
case_5f9b5977,1,1,1,1,1,1
case_4557b3f1,1,1,1,1,1,1
case_b7fbd597,0,0,1,1,1,1
case_6a968669,1,1,0,1,1,0
case_0e8d7b67,1,1,1,1,1,1
case_9cea9513,1,1,1,1,1,1
case_5515480e,1,1,1,1,0,1
case_e47a3e71,1,1,1,1,1,0
case_9270570b,1,0,1,1,1,0
case_22c506ac,1,1,1,1,1,1
case_bb6f74ea,0,1,1,1,1,1
case_22948344,1,0,1,1,1,1
case_5593ea2b,0,1,1,0,1,0
case_45ec1b93,1,0,1,1,1,1
case_6754bdd8,0,0,0,0,0,0
case_d53acbe3,1,1,0,0,0,1
case_18868f81,1,1,1,0,1,1
case_e2bfbd39,1,0,0,0,0,1
case_ec6684e1,1,0,1,1,0,0
case_c38fda2d,0,1,1,0,1,1
case_b12678d7,1,0,0,1,0,1
case_30fb721c,1,0,1,1,1,1
case_5a7963af,0,0,1,0,1,1
case_519c4c10,1,0,1,1,1,1
case_1a5435f5,1,1,1,1,1,1
case_acf98cb9,0,1,1,1,1,1
case_733cbb17,1,1,1,0,1,1
case_88c3f609,1,0,1,1,1,1
case_d84f72fd,1,0,1,1,1,0
case_4ddd8db0,1,0,1,1,1,1
case_cbc26147,1,1,1,1,1,1
case_f4d29005,1,1,1,0,1,1
case_84138b0e,1,1,1,1,1,1
case_85e3ef72,0,1,1,1,1,1
case_3f1afb28,1,1,0,0,1,0
case_81b9cec1,1,1,1,1,1,0
case_f3288564,1,1,1,1,1,0
case_22fb14f2,1,0,1,1,1,1
case_48e04c7c,0,0,1,1,1,1
case_cdc86cd7,1,1,1,1,1,1
case_529bd48f,1,1,1,0,1,1
case_a0036792,1,0,1,1,1,1
case_3a8bedb9,1,0,1,1,1,1
case_9a84c16b,1,1,1,1,0,1
case_7f7d2ce4,1,1,1,1,1,0
case_23d3acc0,1,0,0,1,1,1
case_443f6037,1,0,0,1,1,1
case_223378f0,0,1,1,0,1,0
case_456c957f,0,1,1,1,1,1
case_f1cb6a5e,1,1,1,1,1,1
case_3acb42ab,1,1,1,1,1,1
case_b14322f4,0,1,1,1,1,1
case_14c4633f,1,1,1,1,1,1
case_68b9c69a,1,1,1,0,1,0
case_8539104b,1,1,1,1,1,1
case_3f2aaef2,1,1,1,1,1,1
case_380f0612,0,0,1,1,1,1
case_f6b3aa3b,1,1,1,1,1,1
case_601ae8c0,0,1,1,1,1,0
case_5f1727a3,1,1,1,1,1,1
case_eeeb5405,1,0,1,1,1,1
case_a0c782d6,0,1,1,1,1,0
case_23101a2d,1,0,1,1,0,1
case_09aa7609,1,0,1,1,1,1
case_5a613cc2,0,0,1,1,0,1
case_2acfba2d,0,0,1,1,0,1
case_f42fa9fc,1,1,1,1,0,1
case_baa102ed,1,0,1,0,0,1
case_2a6df703,1,1,1,0,1,1
case_aa8b1bdd,0,0,1,1,1,1
case_cd382bf8,1,1,1,1,1,1
case_54855e8d,0,1,1,1,1,1
case_256f0aa9,1,1,0,1,1,1
case_8bcf41f5,1,1,1,1,0,0
case_0348a6f9,1,1,1,0,1,1
case_5e62747a,1,0,1,0,1,0
case_6a65b925,0,1,1,0,1,1
case_00ccf375,1,0,1,1,1,1
case_aafc6032,0,0,1,1,0,1
case_18756bdd,0,0,1,0,0,1
case_1c45137f,1,0,0,1,0,0
case_2f7cd7be,0,0,0,1,0,0
case_a83d177a,1,1,1,1,1,1
case_818c4127,1,1,0,1,1,1
case_341d7201,1,1,1,0,1,1
case_ae772a2a,1,1,1,0,0,1
case_673159f5,0,1,0,0,1,1
case_9addd298,1,1,1,1,1,1
case_0891c7ad,0,1,0,1,0,1
case_e1c506cf,1,1,1,1,1,1
case_1b954226,1,1,1,0,1,1
case_5768ecdb,0,1,0,0,1,1
case_8c95f700,1,1,1,1,1,1
case_534ecad8,0,1,1,0,0,0
case_8b50044e,0,0,0,1,0,0
case_3c9b3424,1,1,1,1,1,1
case_2ba157d1,1,1,1,1,1,1
case_dfffaa88,1,1,1,1,1,1
case_84605b91,0,0,0,1,0,1
case_83b213e7,1,1,1,1,0,1
case_5030a35a,1,1,0,1,0,1
case_57ef39d4,1,1,1,0,1,1
case_f2a3a56b,0,1,1,1,1,0
case_9b50ff4a,1,0,1,0,0,0
case_807970f1,1,0,1,1,1,0
case_8ed1c05d,0,1,1,1,0,0
case_3b9bd25a,0,1,1,1,1,1
case_80d8a980,0,1,1,0,1,1
case_b1dfecce,1,1,1,0,0,1
case_ed6104ee,1,1,1,1,1,0
case_942b618d,0,1,1,1,1,1
case_b1086653,1,1,1,0,0,1
case_05394ce6,1,0,1,1,1,1
case_af048375,1,0,1,1,1,0
case_e089e211,0,0,0,0,1,0
case_0443de42,0,0,1,1,0,0
case_4efb40bd,1,1,1,1,0,1
case_aca8d448,1,0,0,0,1,1
case_c613e034,1,1,1,1,1,0
case_7edf650e,1,0,0,0,1,1
case_e34c945e,1,1,1,1,1,1
case_139e1a13,1,1,1,1,1,1
case_b3ce89c0,1,1,1,1,1,1
case_0b076240,1,1,1,1,1,1
case_c8c087a6,0,1,1,0,1,1
case_f56b67cb,0,0,1,1,1,0
case_016f1a52,1,1,1,0,1,1
case_3b7af391,0,1,1,1,1,1
case_f6719c04,0,0,1,0,0,0
case_6b587510,0,1,1,1,1,1
case_343a42f8,1,1,1,0,1,0
case_b949d27a,1,1,1,1,1,1
case_9609c7be,1,1,1,1,1,0
case_2e12a635,1,0,1,1,1,1
case_d8d906da,1,0,1,0,1,1
case_b9439e99,0,1,1,1,1,0
case_9df7b58b,1,1,0,1,1,1
case_55b422c4,1,1,1,1,1,1
case_a4aa8ac1,0,0,1,0,1,1
case_bd43b3fb,1,0,1,1,1,1
case_2d1aa719,1,0,1,1,1,1
case_f95dcf1b,0,0,0,0,0,0
case_e6be8f10,1,1,1,1,1,1
case_3c059111,0,1,1,1,1,1
case_81c52155,1,0,1,1,1,1
case_05d45b1d,0,0,1,0,0,0
case_114984c2,0,0,1,0,0,0
case_27120ee0,0,1,1,0,1,1
case_a3bb19ab,1,1,1,1,0,1
case_4afb56fe,1,1,1,1,0,1
case_4cec09f5,1,1,1,1,1,1
case_4e473394,1,1,0,1,1,1
case_6d5eedc9,1,1,1,1,1,1
case_63928d0a,1,1,1,1,1,1
case_48663f6f,1,0,1,1,1,1
case_15a792e5,1,1,1,1,1,1
case_5ce53154,1,1,1,1,0,1
case_2a82819c,1,1,1,1,1,1
case_981fe903,1,0,1,1,1,1
case_cb29d4ae,0,1,1,1,1,1
case_134f6ef1,1,0,1,0,0,0
case_474f5bf8,0,1,1,1,0,0
case_30e2055b,1,1,1,0,0,1
case_a9ebd2e7,0,0,1,0,0,0
case_28fc2e06,1,1,1,1,1,0
case_66795689,0,0,1,1,1,0
case_cdde9598,0,1,1,1,1,1
case_e5281433,1,1,1,0,1,1
case_d97a9d40,0,1,1,1,1,1
case_b37dc3c6,0,1,0,0,1,1
case_416ea833,0,1,1,1,0,1
case_404b2c3f,1,0,1,1,1,1
case_b4e04aae,1,1,1,1,1,1
case_82b95a48,1,0,1,0,0,1
case_385fdd18,0,0,1,1,1,1
case_2732fd95,1,1,1,1,1,1
case_00c107af,0,0,1,0,1,1
case_f031e4b7,0,0,1,1,0,1
case_42fae51d,1,1,1,0,1,0
case_f9285745,1,1,1,1,1,0
case_220c29dc,1,1,1,1,1,1
case_167f647f,1,0,0,1,1,0
case_c2fba3e9,1,1,1,1,1,1
case_6c7b9ecb,1,0,1,1,1,0
case_28841bad,0,0,1,1,0,1
case_f5c48992,0,1,1,1,1,1
case_56a4413c,1,0,1,1,1,1
case_33e6d1c6,1,1,1,1,1,1
case_65093cbc,1,1,0,0,1,1
case_9d1f57bc,0,1,1,0,1,1
case_283543e2,0,0,1,1,0,0
case_832dd3a6,0,0,0,1,0,1
case_19d8dcad,0,0,1,0,0,1
case_167b375c,1,0,1,1,1,1
case_901fa505,0,1,1,1,1,1
case_87636816,1,1,1,0,0,1
case_3dbe7e91,1,1,1,1,1,1
case_41a8363e,1,0,1,1,0,0
case_9b6ac1b3,0,0,1,1,1,1
case_211dfbe7,0,0,1,1,1,1
case_0c0c3a7b,1,1,1,1,1,1
case_1c51f2fb,1,0,1,0,1,0
case_86955cd8,1,1,1,1,1,1
case_d717180d,1,1,1,1,1,1
case_772d432d,0,1,1,1,0,1
case_a5047c7d,0,1,1,1,1,0
case_d390217c,0,0,1,1,0,1
case_4f7f76b8,1,1,1,1,1,0
case_282b8870,0,1,1,1,1,1
case_5fefc2ab,1,1,1,1,0,1
case_c301cd4c,0,1,1,1,0,1
case_5fb23e75,1,0,0,0,0,1
case_2f0f51dd,1,1,1,0,1,1
case_6dc8101e,1,1,1,1,0,1
case_eeb6dbc8,0,1,0,0,1,1
case_f5be24e9,1,1,1,1,1,1
case_2e8ab1c1,1,0,1,1,1,1
case_771c008d,1,0,1,1,1,1
case_92d7f825,0,1,0,1,1,1
case_d60bf231,1,0,1,1,0,0
case_ead5c119,1,1,1,1,1,0
case_8c1bd9f2,0,0,1,0,1,1
case_d9476e71,1,0,1,0,1,1
case_3d38d343,1,0,0,1,0,1
case_74629551,1,1,1,0,1,0
case_2f48cdfd,1,1,1,1,1,0
case_496d019c,1,0,1,1,1,1
case_d3f5b2b7,1,1,1,1,1,1
case_ef789aac,1,0,1,1,0,1
case_deed89d8,1,1,0,1,1,1
case_c76081cf,1,0,1,0,0,0
case_e1b5a513,1,1,1,1,1,1
case_ea44df53,1,1,1,0,1,1
case_120d17ec,1,0,1,1,1,1
case_69586417,0,0,0,0,1,1
case_3fcfa991,1,1,1,1,1,1
case_5baeec17,0,1,1,1,1,1
case_903f29ae,0,0,1,1,1,1
case_02a8c3d7,0,1,0,1,1,1
case_04cf86cc,0,0,1,1,1,1
case_b6e230b1,1,1,1,1,1,1
case_29d9c5bc,1,1,1,1,1,1
case_337b902f,1,0,1,1,1,0
case_a33a1390,0,1,1,1,0,1
case_269a8c35,1,0,1,1,0,1
case_8a4f24bf,1,1,1,0,0,1
case_39d67584,0,0,1,1,0,1
case_100b5136,0,1,1,1,1,0
case_5a92a0c5,0,1,0,1,0,1
case_7c64ba8a,1,1,1,1,1,1
case_8860a4e4,1,1,1,1,1,1
case_c5653b2e,1,1,1,1,1,1
case_d36a9e56,1,0,1,1,1,1
case_5d564b87,1,1,1,1,1,1
case_e2fdebbe,0,0,1,1,1,1
case_31cf1357,1,0,1,1,0,1
case_6bda16aa,0,0,1,0,0,1
case_a17a7f77,1,1,1,1,1,1
case_e8de5980,0,0,1,1,1,1
case_b53f08d0,0,0,0,1,0,1
case_12565e15,0,1,1,1,0,1
case_ef0001e0,1,0,1,0,0,0
case_df718a3b,1,0,1,1,1,1
case_21182cb5,1,1,1,1,1,1
case_c7d7f2d3,0,0,1,0,1,1
case_5095dc38,0,1,1,1,1,1
case_a2e35201,0,0,1,1,0,0
case_11317ff6,0,1,1,0,0,1
case_0810d01a,1,1,1,1,1,1
case_78571dff,1,0,0,0,0,0
case_ec8c969a,0,0,1,0,0,0
case_c3bf5810,1,1,1,0,0,1
case_b73a2c2b,1,1,1,1,1,1
case_424c3ef5,1,0,1,1,1,1
case_05dd22fa,1,0,1,0,0,1
case_6cf7edb8,0,1,1,1,1,1
case_3fe362e9,1,1,1,0,1,1
case_4fd295f2,0,0,0,0,0,0
case_a87d4b97,0,1,1,0,0,1
case_ede53721,0,0,1,1,1,1
case_491b3d5d,1,0,1,0,1,0
case_dcd37bf6,1,1,1,1,0,1
case_da784e73,1,1,1,1,1,1
case_1c14d24e,0,1,1,1,1,1
case_59d2f0a1,0,0,1,1,1,0
case_50f7518f,0,0,1,0,0,1
case_9783ba9c,1,0,1,1,1,0
case_400e5b8a,1,1,1,1,1,0
case_71ec2002,1,0,1,1,1,1
case_2f315599,0,0,1,0,1,0
case_24cbba7c,1,1,1,1,1,0
case_022afca5,1,1,1,1,1,1
case_de2c319a,1,1,1,1,1,1
case_ef3b9e5f,0,0,1,1,1,1
case_82a90fd5,1,0,1,1,1,1
case_1ff08cea,0,1,1,1,1,1
case_b06b85d7,1,1,1,1,1,0
case_9dcc276c,1,1,1,1,1,1
case_c201a7f3,0,0,1,1,1,0
case_23c2512b,1,1,1,1,1,0
case_8b61ad3d,1,1,1,1,1,1
case_0d960ec3,1,0,1,0,0,1
case_3ff0d383,1,1,1,1,1,0
case_be70b807,1,1,1,1,1,1
case_b7673997,0,0,1,1,1,1
case_0b2d0785,1,1,0,1,1,1
case_bca0a57e,1,1,1,1,1,1
case_e6e3353e,0,1,1,1,1,1
case_427e8188,0,0,1,0,0,0
case_daa456d7,1,1,1,0,1,1
case_194e6efe,0,1,1,1,0,0
case_a5edf64a,1,1,1,1,1,1
case_f5f09cf6,1,1,1,1,1,1
case_c401903f,0,1,1,0,1,1
case_da122b76,0,0,1,0,0,1
case_ab8930ce,0,1,1,1,1,1
case_0d642da1,1,0,1,1,1,1
case_1062bfc1,1,0,1,0,1,1
case_3474f732,1,0,1,1,1,0
case_3147fc82,0,1,1,1,1,1
case_770ad5b7,1,1,0,1,0,1
case_8756f9cf,1,1,1,1,0,0
case_a830c0b1,1,1,1,1,1,1
case_74f785c6,1,1,0,0,1,1
case_aa2c4197,1,0,1,1,1,0
case_7badaa82,1,0,1,1,1,1
case_935243c8,1,1,1,1,1,1
case_b81ad148,0,0,1,1,1,1
case_c7caca53,0,1,1,1,1,1
case_2ae47010,0,1,1,0,1,1
case_bf84e2b3,1,1,1,0,1,1
case_04f610e9,0,0,1,1,0,0
case_f5ba63a3,0,0,1,1,1,1
case_36253481,0,1,0,1,0,1
case_f9091010,0,0,1,0,0,1
case_422a2cc4,1,0,1,1,0,0
case_e3ba434f,1,1,1,1,1,1
case_e1fd698b,1,1,1,0,0,1
case_2740a648,1,1,1,1,1,1
case_7ef5d0fc,1,1,1,1,1,1
case_fac83484,1,0,1,1,1,1
case_5e190f14,1,1,1,1,1,1
case_b0a290d7,0,1,1,0,0,1
case_58ef6ebf,1,1,1,1,1,1
case_6a0a50e7,0,1,1,1,1,1
case_b894277e,0,1,1,1,0,1
case_f259fe6e,1,1,1,0,1,1
case_1644e442,1,1,1,1,1,1
case_ddc88db2,0,1,1,1,1,1
case_96feaaba,1,1,1,0,1,1
case_791abd6c,0,0,1,1,1,1
case_6c2227a5,0,0,1,1,1,1
case_3f896f62,0,1,1,1,0,1
case_b890f178,1,1,1,1,1,1
case_e85a82f2,1,0,1,1,1,1
case_661f4f33,0,0,1,1,0,1
case_3f344464,1,1,1,1,1,1
case_cf06391c,1,1,0,0,0,0
case_0afae5c8,0,1,0,0,0,0
case_dc8d0ade,1,1,1,0,1,0
case_3ac9a216,0,0,1,0,1,1
case_209d1224,0,1,1,1,0,1
case_e4148c43,1,0,1,1,1,1
case_5105f06e,0,1,1,0,0,1
case_70694997,1,1,1,1,1,1
case_08b9e95c,1,1,1,1,0,1
case_2321f91c,1,1,1,1,1,1
case_1d213dd8,0,0,1,1,0,0
case_324797ff,0,1,1,1,1,0
case_25fca934,1,0,1,1,1,1
case_8bb3c8a5,1,0,1,0,0,1
case_bcfcd0bd,1,1,1,0,1,1
case_a908e2a4,0,0,1,1,0,1
case_e9487f95,1,1,1,1,1,1
case_c14523ce,1,1,1,1,1,1
case_46bcea4d,0,0,1,1,1,1
case_06fca666,0,0,0,1,0,0
case_e3ec412d,1,0,1,1,1,1
case_a2d046a9,0,1,1,1,0,0
case_12491ffa,1,1,1,1,1,1
case_57548609,1,1,1,1,1,1
case_0d286e2d,1,0,1,0,0,1
case_e6a4ccf2,1,0,1,1,0,0
case_356aceab,0,1,1,1,1,1
case_86f1a479,1,0,1,1,1,1
case_1bf882b5,1,1,0,0,1,1
case_cc663a09,1,1,1,1,1,1
case_503c9e37,1,1,1,0,1,1
case_6da05b22,0,0,1,1,1,1
case_a4457723,1,0,1,0,1,1
case_1fa57e09,0,0,1,0,0,1
case_c01994d5,1,1,1,1,1,1
case_574fcae8,1,1,1,1,1,1
case_ed8faffc,0,1,1,0,1,1
case_b0c3b7e6,1,1,1,1,1,1
case_0e1911b7,0,1,1,1,1,1
case_5857ce5a,1,0,1,1,0,1
case_d49f0a3f,1,0,1,1,0,1
case_59938566,1,1,1,1,1,1
case_2fecf810,1,1,1,0,1,1
case_388247f3,1,1,1,1,1,1
case_fd2f511b,1,1,1,0,0,1
case_819a996f,1,0,1,1,1,0
case_a426c264,1,1,1,1,0,0
case_79dacd85,1,0,1,1,0,1
case_b43be977,1,0,1,1,0,1
case_b3bd2a3c,1,0,1,1,1,1
case_2837b2e3,1,0,1,0,0,1
case_ec7f7be1,1,1,0,0,1,1
case_322eaf95,1,1,0,1,1,1
case_d9ed014c,1,1,0,1,0,0
case_c69b9da4,0,1,0,0,0,0
case_6fe51a48,0,0,1,1,1,1
case_c6dd4569,1,1,1,1,1,1
case_6e1cd9bf,1,0,1,1,0,0
case_3a85e457,1,1,1,1,1,1
case_b81bff37,0,1,1,1,1,1
case_41e606cf,1,1,1,1,1,1
case_7fc4185f,0,1,0,1,0,1
case_bcef4585,0,1,1,1,0,1
case_a6de11d0,0,1,1,1,1,1
case_8566ddc1,0,0,0,0,1,0
case_1410832d,0,1,1,1,1,1
case_9e3ed270,0,0,0,0,0,1
case_38f0169d,0,0,1,1,0,1
case_e1f3c197,0,0,1,1,1,1
case_0b7196b4,0,1,1,1,0,0
case_c548ebe2,1,1,1,1,1,1
case_ac3d072f,0,0,1,1,0,1
case_67ad73c5,1,0,1,1,1,1
case_b4842162,1,1,1,1,1,1
case_4dc8d991,0,1,0,1,0,0
case_a8468505,1,0,1,0,0,1
case_801f201a,1,1,1,1,1,1
case_5e0288ba,1,1,1,1,1,1
case_93a4ac90,1,0,0,0,1,0
case_04d2eb53,0,0,1,0,1,1
case_97832a05,1,1,1,1,0,0
case_2b19ed94,1,1,1,1,1,1
case_abef4621,1,1,1,1,1,1
case_ac3ca63e,1,1,1,0,1,1
case_ab01ed7f,1,1,1,0,1,1
case_55c8e035,0,0,1,0,1,1
case_e624b9c9,1,0,1,0,0,1
case_be7f6a49,1,1,1,0,1,1
case_4cb0c940,1,1,1,1,1,1
case_6bac69aa,0,0,1,0,0,1
case_83743887,0,0,1,1,1,1
case_0baa6d44,1,1,0,0,1,1
case_af18fe33,1,1,1,0,1,0
case_fc9fef28,0,1,1,1,1,1
case_1806ad81,0,1,1,1,1,1
case_622e7e88,0,0,1,1,0,1
case_3a4ea17a,1,0,1,1,1,0
case_d506bbe5,0,1,1,1,1,1
case_f670012a,1,0,1,1,1,1
case_e50ddaca,1,1,1,1,1,1
case_7c261179,1,1,1,1,1,1
case_29a3c08b,1,1,1,0,1,1
case_3bd7ec20,0,1,1,0,1,1
case_0e0d86bd,1,1,1,1,1,1
case_44489754,1,0,1,1,1,1
case_6ae061ea,1,1,0,1,0,1
case_123585d2,1,1,1,1,1,1
case_0a63fe2c,1,1,1,1,1,1
case_0ddf2193,1,1,1,1,1,1
case_b6876964,1,1,0,1,1,1
case_c55bc83c,1,1,1,1,1,0
case_c8080915,0,0,1,1,0,1
case_31e49098,0,0,1,1,1,1
case_5538497f,1,1,1,0,1,1
case_7229a66a,1,1,1,1,1,1
case_caedc3f3,1,1,1,1,1,0
case_3991accf,1,0,1,0,1,1
case_c3d30888,0,1,1,1,1,1
case_2461ab79,1,1,1,1,1,1
case_4aa81a04,0,0,1,1,1,1
case_2d5fea16,1,1,1,1,1,1
case_548ee681,1,1,1,1,1,1
case_ba82649c,1,1,1,1,1,1
case_05ecd03b,1,1,1,1,1,1
case_8139d9db,0,1,1,0,1,0
case_255d3fe9,1,1,1,0,0,0
case_f48f56fe,0,0,1,0,1,0
case_7cd800fb,1,1,1,1,1,0
case_19fd9e96,1,1,1,1,1,1
case_da75ea3a,0,1,1,1,1,1
case_b0c471d0,0,0,1,0,0,0
case_2f07b543,0,1,0,1,1,1
case_e0063210,0,0,1,1,1,1
case_25feb02e,1,0,1,0,1,1
case_6242b711,1,1,1,1,1,1
case_fe2d5af3,0,0,1,1,1,0
case_b90d321f,0,1,1,1,1,1
case_a1ae2415,0,0,1,0,1,1
case_c472e59f,0,0,1,0,1,1
case_4f61fa89,1,1,1,1,1,1
case_fbb0463a,0,1,0,0,1,1
case_9b214179,1,1,1,1,1,1
case_a37a3dac,1,1,1,1,1,1
case_a31b1234,1,1,1,1,1,1
case_d9c835d9,0,1,1,1,1,1
case_1af392f5,0,1,1,1,0,0
case_a67599c2,1,0,1,1,1,0
case_769a280b,1,0,1,1,0,1
case_3ccb53f5,1,1,1,1,1,1
case_dc0f161f,0,0,1,1,1,1
case_4c2b013f,1,0,1,1,0,0
case_b05cb54f,1,1,0,1,1,1
case_debc2e8c,1,0,1,1,1,0
case_22b891f9,1,1,1,1,1,1
case_68c457c0,1,1,1,1,1,1
case_1895501a,0,1,1,1,0,1
case_14d437df,1,0,1,1,1,1
case_b48ef2e8,0,0,1,1,1,1
case_c64ac925,1,1,1,1,1,1
case_8001186e,1,1,0,1,1,1
case_a5b18d73,0,1,1,1,1,1
case_d0ee1486,1,0,1,1,1,1
case_c51d502a,0,1,1,1,1,1
case_b8e99746,1,1,1,1,1,0
case_9b2c4c61,1,0,1,1,0,1
case_3d6d02ed,1,0,1,1,1,0
case_8ac3ed29,1,0,1,1,0,1
case_a6725a98,1,1,0,0,1,1
case_0fb5a1e9,0,0,1,1,1,1
case_083c0d3c,0,0,0,0,1,1
case_aece0b3f,0,0,1,0,1,1
case_7c75f7f1,0,0,1,0,0,1
case_8cddb09c,1,1,0,1,1,0
case_a059ad23,1,0,1,1,1,1
case_3e249fe0,1,1,1,0,1,1
case_382180fd,1,0,1,1,1,1
case_4be15123,0,0,1,1,0,1
case_e16a5bf3,1,0,1,0,0,1
case_4fe12268,1,1,1,1,1,1
case_efef2e02,0,0,1,1,1,0
case_1ce42bf8,0,0,1,1,1,1
case_43820746,1,1,1,0,1,1
case_d0f2aff9,1,1,1,1,1,1
case_f77a3fda,1,0,1,0,0,1
case_03c4594b,1,0,1,0,1,0
case_0db1cb1d,1,1,1,1,1,1
case_e5c6e9a7,0,1,1,1,1,1
case_60fcbea2,0,0,1,1,1,1
case_795d150f,1,1,0,1,1,1
case_dcc23aa6,0,0,0,0,0,0
case_341ac765,1,0,1,0,0,1
case_fb9af70f,0,1,1,0,0,1
case_1e98ea29,1,1,1,1,1,1
case_23539b89,1,0,1,1,0,1
case_138cd6cb,1,0,1,1,0,1
case_1de03952,1,1,1,0,1,1
case_cff77ac9,1,1,1,1,1,1
case_1d2fe544,1,1,1,0,0,0
case_50792c0a,1,1,1,1,1,1
case_3994ca32,0,0,0,1,0,0
case_549f528d,1,1,1,1,0,1
case_081aeaf8,1,1,1,1,1,1
case_50ea176e,1,1,1,1,1,1
case_4014bdbb,1,1,1,1,0,1
case_7c158fbf,1,1,1,1,1,1
case_c431f538,0,0,1,0,0,1
case_f6d3b07a,1,0,1,0,0,1
case_ee997a41,1,1,1,1,1,1
case_68cc2f33,1,1,1,1,1,1
case_dd5253fd,0,1,1,0,1,1
case_7b24bee7,1,0,1,1,1,1
case_2064fbf8,1,0,1,1,1,1
case_51459ba4,0,1,1,1,1,1
case_52b061bf,0,0,1,1,1,1
case_1940f11b,1,1,0,1,1,1
case_7599b660,1,0,1,0,0,1
case_5df60db3,0,1,1,1,1,1
case_c1bc125b,0,1,1,1,1,1
case_b127a17c,0,1,1,1,1,1
case_0040305e,0,0,1,0,0,0
case_b30eb5c5,1,0,1,1,1,0
case_16c1db45,1,1,1,0,1,1
case_fb73d534,1,1,1,1,0,0
case_c9b8894d,0,0,1,1,1,1
case_eea33d02,1,0,1,1,1,1
case_5979694d,0,1,1,1,0,1
case_f719b5ce,1,1,1,0,0,1
case_ad64bd52,1,1,1,1,1,0
case_505c2c89,1,0,1,1,0,1
case_51928b17,1,0,1,1,0,1
case_637a9104,0,0,1,1,1,0
case_530bccbc,1,0,1,1,1,1
case_1c146637,0,1,1,0,1,1
case_bf9f63a4,0,1,1,1,1,0
case_d4b3e51e,1,1,1,0,1,1
case_99518f4e,0,0,1,1,0,1
case_7bdace62,0,1,1,1,1,1
case_95eee636,1,1,1,1,1,1
case_acd959f0,0,0,1,1,1,1
case_52c536dd,1,0,1,1,0,1
case_34c2a0e6,0,0,0,0,1,1
case_25ff39b0,1,0,1,0,0,1
case_1698570f,1,1,1,1,1,1
case_e5bc7085,1,1,1,1,0,0
case_a5ff8fba,1,1,1,0,1,1
case_7751f380,0,0,1,1,1,1
case_4d1be9c3,1,1,1,0,1,0
case_80f6d17e,1,1,1,1,1,1
case_d2b81e09,1,1,1,1,0,1
case_6a5973ae,0,1,1,0,0,1
case_99a0eb79,1,1,1,1,1,1
case_56328f43,1,1,1,1,1,0
case_89e4b920,0,0,1,1,0,0
case_a22e7ddb,1,1,1,1,1,1
case_b97c1cbb,1,1,1,1,1,1
case_ec64cf98,0,1,1,1,0,1
case_8841b3c2,1,0,1,0,0,1
case_f497ac3e,0,1,1,1,1,1
case_598f1439,1,1,1,1,1,1
case_8d432a28,1,1,1,1,1,1
case_ca7e565a,1,1,1,1,1,1
case_7a3005bd,1,0,1,0,0,1
case_f2e5013c,0,1,1,0,0,0
case_404c967d,0,0,1,1,1,0
case_8fdca2c5,0,0,1,1,0,1
case_70cf2f2e,1,1,1,1,1,1
case_15d6d0d7,1,1,1,1,1,1
case_3799a25a,1,1,1,1,1,1
case_b2e403e9,1,1,1,1,1,1
case_1d25c4be,1,0,1,1,1,1
case_7eb7c649,1,1,1,1,1,1
case_7fba8248,0,0,1,1,0,1
case_6dc7ea08,1,1,1,1,0,1
case_941743f7,1,1,1,0,1,1
case_7d65981c,1,0,1,1,1,1
case_0137566b,1,0,0,1,1,1
case_c1afde95,1,0,1,1,1,0
case_2f4aa11f,1,1,1,1,1,1
case_fe28111f,0,1,1,1,0,1
case_168f9544,0,1,0,0,0,0
case_44b6f7c6,1,1,1,1,1,1
case_7ee7564d,1,1,1,1,1,1
case_9d7f8c67,1,0,0,0,1,0
case_8520a9b6,0,0,1,1,1,1
case_04dfc565,1,1,1,1,1,1
case_6ffd1cd9,0,0,1,1,1,0
case_159e4c23,0,0,1,0,0,0
case_21f98fe1,1,1,1,1,1,1
case_2044a462,1,0,0,1,0,1
case_588b3ce1,1,1,1,1,1,1
case_d347351c,1,1,1,1,1,1
case_ec6e3dde,1,0,1,0,1,1
case_5a319a47,1,1,1,1,1,1
case_dd70bc36,0,0,1,1,0,1
case_1fe211d9,0,1,1,1,0,1
case_4197908d,1,1,1,1,1,1
case_6e0a6857,1,1,1,0,1,1
case_d1629fb2,1,1,1,1,1,1
case_a6b10e08,1,0,1,1,0,0
case_ea8c44a7,1,1,1,0,1,1
case_77bc3223,1,1,1,1,1,1
case_95914ecf,1,0,0,1,1,1
case_4e557789,0,0,1,1,0,1
case_091fb712,1,1,0,1,1,0
case_7bb11ab7,0,1,1,0,1,1
case_261fe561,1,0,1,0,0,1
case_dc4b5607,1,0,1,0,1,1
case_ef0ba4aa,0,1,0,1,0,1
case_5faac1a9,0,0,1,1,1,1
case_a085bacf,1,0,1,1,0,1
case_debbd7fa,0,1,1,1,1,1
case_de78357a,1,1,0,0,1,1
case_46f94b36,1,0,1,1,1,1
case_4a78ca75,1,0,1,1,1,1
case_29c45aff,0,0,1,0,1,1
case_21e42bb5,1,0,0,0,1,1
case_3db160ef,1,1,1,1,1,1
case_c78a593b,1,0,1,1,1,1
case_466b5965,1,1,1,1,1,1
case_ed3b604e,1,1,0,0,0,1
case_fa04a206,0,0,1,0,0,1
case_0d48b5a0,1,1,1,1,1,1
case_3f2b885c,1,1,0,1,1,1
case_c3917510,1,1,1,0,0,1
case_932d2fbc,1,1,1,1,1,0
case_c08dc09d,1,0,1,1,0,0
case_4ce94f48,1,1,1,1,1,1
case_7895488b,0,1,1,0,1,1
case_161d3509,0,0,1,1,1,1
case_eb1bb9aa,1,1,1,1,0,0
case_475d5471,1,1,1,0,0,1
case_0629a2ff,1,1,1,1,1,1
case_77486b11,1,1,1,1,1,1
case_f7155d5e,1,1,1,1,0,1
case_9c9692bd,1,1,1,1,1,1
case_c42aeab1,1,0,1,1,1,0
case_5712fad9,1,1,0,1,1,1
case_efac75d0,0,0,0,0,0,0
case_0e86dc33,1,0,1,0,0,0
case_2a2ca592,1,1,1,0,1,1
case_173e85b3,0,0,1,1,0,1
case_1fad99b8,1,0,1,1,1,1
case_fddd2882,0,0,0,0,1,1
case_c306a8a6,1,1,1,1,0,1
case_4620b7a8,1,1,1,1,0,1
case_a607875d,1,1,1,1,0,1
case_4505fc31,1,0,1,0,1,1
case_addf08cc,1,1,1,0,1,1
case_4b4fd3a1,0,0,1,1,1,0
case_9e133fd1,1,1,1,0,1,1
case_bbdeecb0,1,1,1,1,1,1
case_7034231e,0,0,1,1,1,1
case_2a4d48f9,0,0,1,1,1,0
case_00e575bd,0,1,1,0,1,0
case_05842254,1,0,1,0,1,1
case_8e236d7a,1,1,1,0,0,1
case_4e09c013,0,1,1,1,1,1
case_50ae8f17,1,1,1,1,0,1
case_858e26a3,1,1,1,1,1,1
case_c933962a,1,1,1,0,1,0
case_bc2ac1d7,1,0,1,1,1,1
case_2c2c8c67,0,0,1,1,0,1
case_f50d29ed,1,1,1,1,1,1
case_fc31540c,0,0,0,0,0,1
case_f39ac9bc,1,1,1,1,1,1
case_1fa13191,1,0,1,0,1,0
case_eaf196a1,1,0,1,0,1,1
case_1d24cd00,0,1,1,1,0,1
case_a459aa02,0,1,1,1,1,1
case_6872a4c6,0,1,1,1,1,1
case_1ed17c05,1,1,1,0,1,1
case_934016b2,1,1,1,0,1,1
case_4cb5cf73,1,1,1,0,1,1
case_25f80e39,1,1,1,1,1,1
case_4a3d0e47,1,1,0,1,1,1
case_2ea566ce,0,0,1,0,1,0
case_4f79848a,0,0,1,0,1,1
case_25f08e01,1,1,1,1,1,1
case_c8e9825a,0,1,1,0,1,1
case_e885bc7d,1,1,1,1,1,1
case_3072e8a1,0,0,0,0,0,1
case_69a6352b,0,1,0,0,1,1
case_a7e59a9b,0,1,1,1,1,1
case_f221b125,1,0,1,1,1,1
case_d9c9ae8b,1,1,1,0,1,1
case_605fcb53,0,1,1,1,1,1
case_6db4acee,1,0,1,1,1,1
case_0e6ae187,0,0,1,1,1,0
case_200af6a0,1,0,1,1,1,0
case_16eb7afd,1,0,1,1,1,1
case_c1b7a2d0,1,1,1,1,1,1
case_ae9e714a,1,1,1,1,1,1
case_0e49c434,1,0,1,1,1,1
case_e89449ac,0,0,1,1,0,0
case_4072e3f0,1,1,1,1,1,0
case_49ec5196,1,1,1,1,1,1
case_cd578b22,0,1,1,0,1,1
case_823a7643,1,0,1,1,1,1
case_80338ee0,1,1,1,1,1,1
case_bee1bdf7,0,1,0,1,1,1
case_71f5f1ad,0,1,1,1,1,1
case_18b6adb3,0,1,1,1,1,1
case_0bad8649,0,1,1,1,1,0
case_eea0e25b,1,1,1,1,1,1
case_51a6b589,1,1,0,1,1,1
case_16853f1a,1,0,1,0,1,0
case_d1d2fd95,1,0,1,1,0,1
case_d4b47b61,1,0,1,1,1,0
case_002aeb7f,0,1,1,0,0,1
case_8d4c2de1,1,0,1,0,1,0
case_ea8d791d,1,1,1,1,1,0
case_776b6818,1,1,1,1,1,1
case_7ac53567,1,1,1,1,1,1
case_ab4ea877,1,1,1,1,1,0
case_6cc7af70,1,1,1,1,1,1
case_08f4adaf,0,1,1,1,1,1
case_e57af253,1,0,1,0,1,0
case_0f25b546,0,1,1,1,1,1
case_ffc1f95d,1,1,1,1,0,1
case_7c59fb1f,1,0,1,1,0,1
case_edd7d701,1,0,1,1,1,1
case_55774af9,0,0,0,1,1,0
case_f6da3511,1,0,1,1,0,1
case_6050b037,0,0,1,0,1,0
case_337807a3,1,1,1,1,1,1
case_daca53eb,0,1,1,1,1,1
case_38cd95cc,0,1,0,1,1,1
case_0a6f5ef2,1,1,1,1,1,1
case_b0542485,0,0,1,1,1,1
case_75fa29b0,1,1,1,0,1,1
case_6c9f16c7,1,1,1,1,1,1
case_51a32144,0,0,1,1,1,1
case_3bf5c5e6,1,1,0,1,1,1
case_dfb38958,1,1,1,1,1,1
case_fa3c9e43,0,0,1,0,1,0
case_c20d9147,1,1,1,0,1,1
case_974a17f9,0,0,0,0,0,0
case_bfbee1b6,0,0,1,1,0,1
case_c38385e7,0,1,1,1,1,1
case_fb293308,0,0,1,0,1,1
case_32e82a77,0,0,1,1,1,1
case_67f56277,0,0,1,0,1,1
case_88c49c7f,1,1,1,1,1,1
case_47d6a7b2,1,1,1,1,1,1
case_f78e7135,1,1,0,1,0,1
case_ef786c19,1,1,1,1,1,1
case_ef73192e,0,1,1,0,1,0
case_0be6e526,1,0,1,1,1,1
case_1a641618,1,1,1,1,1,1
case_49c030ee,1,0,1,0,0,0
case_d879933c,1,1,0,1,1,0
case_050441d9,0,0,1,0,0,0
case_c8f5b432,1,1,0,0,0,0
case_536cb622,1,1,1,0,0,1
case_76793d6e,1,1,1,1,1,1
case_ac622028,0,1,0,0,1,0
case_93de2c5a,1,1,1,1,1,1
case_23925e93,1,0,1,1,1,1
case_351194f3,0,1,1,1,1,0
case_bdea7b53,0,1,1,0,0,0
case_30865905,0,1,1,1,1,1
case_bb70e2b6,1,1,1,1,1,1
case_68b96893,0,1,1,1,1,1
case_89a72a05,0,1,1,1,1,1
case_d1016f1e,1,1,1,1,1,1
case_f58ff2a7,1,1,1,1,0,0
case_3edcbace,1,0,1,1,1,1
case_39e9733f,1,1,1,1,0,1
case_72ff6519,1,1,0,1,1,1
case_263b0291,1,1,1,1,0,1
case_3c2cc2a3,1,1,1,1,0,1
case_e14c1c42,1,1,1,0,1,1
case_8b10e804,1,1,1,1,1,1
case_ffd23754,1,1,1,1,1,1
case_f00795f2,1,1,0,0,1,1
case_89418980,0,1,1,1,1,1
case_b2e5917c,0,0,1,1,1,0
case_654dc1ed,1,1,1,1,1,1
case_6f981e19,1,1,1,1,1,1
case_c2274259,1,1,1,0,1,0
case_6cf8aa92,1,1,1,1,1,1
case_746ea40f,0,1,1,1,1,1
case_40882e8e,0,1,1,1,1,1
case_4c4b366a,1,1,1,1,1,1
case_c8bee3ab,0,0,1,0,1,1
case_47cb9492,1,1,1,1,1,1
case_85762baf,1,1,1,0,0,1
case_7cedd5a5,1,1,1,1,1,1
case_6c34295d,0,0,1,1,1,1
case_a5523f02,1,0,1,1,0,1
case_b32b1b6b,1,1,1,1,1,1
case_41f60da9,1,0,1,1,1,1
case_2ff9a176,0,0,1,1,1,1
case_1ecaccb0,1,1,1,1,1,0
case_995e7ca4,1,1,1,1,1,1
case_653f93d9,0,1,1,0,1,0
case_d1c642bb,1,1,1,1,1,1
case_930f5d35,1,1,1,1,1,1
case_d872438b,1,0,1,1,1,1
case_752377c9,1,1,1,0,1,1
case_e3bdfbf9,0,1,1,1,1,1
case_d74527d8,0,1,1,1,0,1
case_80d9c0c0,1,1,1,1,1,1
case_6f2db11c,0,1,1,1,1,1
case_ad41f0c8,1,1,1,1,0,1
case_9514a0c8,0,0,1,0,1,1
case_799514d6,1,1,1,0,1,1
case_217d81ed,1,0,1,0,0,1
case_2192002b,1,1,1,1,1,1
case_36247f63,1,1,1,0,1,0
case_cef27467,0,0,1,1,0,1
case_c84c64d6,0,1,1,0,0,0
case_e42534cc,1,1,1,0,1,1
case_26460ccb,1,0,0,0,0,0
case_7c7f15f2,1,1,1,1,1,1
case_c1d50521,1,0,1,1,0,0
case_5299693f,1,1,1,1,1,1
case_0bdc7d65,0,0,1,0,1,0
case_064d6003,0,1,1,1,1,1
case_771fe32e,1,0,1,0,1,1
case_60203c83,1,0,1,0,1,1
case_c7484cb7,1,1,1,1,1,1
case_fe1aeab7,1,1,1,1,1,1
case_a6435193,0,1,0,1,1,1
case_ce60e5b1,0,0,1,0,0,1
case_c5d8bbd1,1,1,1,1,0,1
case_9b4bb1a7,1,1,1,0,1,1
case_e3280054,1,1,1,1,0,0
case_0ca7039e,0,1,1,1,1,1
case_d96e9ea9,1,1,1,1,1,1
case_195fcff8,1,0,1,1,0,0
case_1bc8ddeb,1,0,1,1,1,0
case_f73bc0d5,0,0,0,0,0,1
case_4c1a9f12,1,1,1,1,0,1
case_66d18970,1,0,1,0,0,0
case_d31c8796,0,0,1,1,1,1
case_f4f90f71,1,1,1,1,1,1
case_0eb516cd,0,1,1,1,1,1
case_398ebeeb,1,0,1,1,1,1
case_9aadce30,1,1,1,0,0,1
case_7c0a1fd0,1,1,1,1,1,0
case_be9709ed,1,0,1,1,1,1
case_5f6b06aa,0,1,1,0,1,1
case_9c071ce9,1,1,1,1,0,0
case_878a66da,1,0,0,1,0,0
case_1e348c27,1,1,1,1,1,0
case_60e93c7b,1,1,1,0,0,1
case_7d793bba,0,1,0,0,0,1
case_1c72a6a9,1,1,1,1,0,1
case_b97e5912,0,0,1,1,1,1
case_0bf0e5c1,0,0,1,1,0,1
case_1f485dee,1,0,0,1,1,1
case_820d134e,1,1,1,0,0,1
case_02ccee13,1,0,1,1,0,1
case_16fc5db6,1,0,1,0,1,1
case_4821edff,1,1,1,1,1,1
case_01d42afc,1,1,1,0,1,0
case_fe53b20f,1,1,1,0,1,0
case_6d8d4f4e,0,1,1,1,0,1
case_01500c3a,0,1,1,1,1,1
case_f3600018,0,0,1,1,1,1
case_c8015e4a,0,0,0,1,0,0
case_889f905d,0,1,1,1,1,1
case_774c7dc9,1,1,1,1,1,1
case_92184efd,1,0,0,0,0,1
case_b5e98ed7,1,1,1,1,1,1
case_be9dfa49,1,0,1,1,0,1
case_e959cc76,0,1,1,0,1,1
case_0bba8e86,1,0,1,1,1,0
case_5db79ed8,1,0,1,0,1,1
case_9b1629eb,1,1,1,1,1,1
case_d25f1d81,1,0,1,1,1,1
case_a3792ca6,0,1,1,1,1,1
case_fd380fd4,0,0,1,0,0,1
case_d20eb93b,1,1,1,0,0,1
case_d81fdad2,0,1,1,1,1,1
case_2c1a59f3,0,0,0,0,0,1
case_c240e6d9,1,0,0,1,1,1
case_728f5f53,1,1,1,1,0,1
case_32cdffd4,1,1,1,1,1,0
case_45642028,1,1,1,1,1,1
case_d724b6ce,0,0,1,0,0,1
case_3cc5db8e,1,1,1,1,1,1
case_6d7c409f,1,1,1,1,1,1
case_50374ee6,0,1,1,0,1,1
case_66b120f1,0,0,1,1,1,1
case_907333e3,1,1,1,1,1,1
case_d1004e8a,0,1,1,1,1,1
case_970feaf7,0,1,1,1,1,1
case_1706fc7b,1,1,1,1,1,1
case_11ce9964,1,1,1,1,1,1
case_97e75431,1,0,0,1,0,1
case_d05434a0,1,1,0,1,1,1
case_d28b6e8d,1,1,1,1,1,1
case_aa1fad56,0,1,1,0,1,0
case_821029ec,1,0,1,1,1,1
case_c0c3f3a1,1,0,0,1,1,1
case_48f53217,0,0,1,1,1,0
case_e03d4a36,0,0,1,0,1,0
case_9a271577,1,0,1,1,1,1
case_08bc281d,0,1,1,1,1,1
case_1992b702,0,0,1,1,1,1
case_ef1e5b5f,0,1,1,1,1,1
case_d06fe8ca,0,1,0,1,1,1
case_a6a81962,1,1,1,1,1,1
case_47592be3,1,0,1,1,0,1
case_b9cf6f93,0,1,1,1,0,1
case_9dc00912,1,1,1,1,1,1
case_583fe30c,0,0,1,1,0,1
case_0d39aa7e,1,0,0,0,1,0
case_b4b54f38,1,1,1,1,0,0
case_0632491d,1,1,1,1,1,1
case_004dac23,1,1,1,0,1,1
case_342be703,1,0,1,0,1,1
case_4686a027,1,1,1,1,0,0
case_84a2b7cd,0,1,1,0,1,1
case_48509468,1,1,1,1,1,1
case_1bced76b,0,0,1,1,1,1
case_d5152b5f,0,1,1,0,1,1
case_3c3d59ea,1,1,1,0,0,1
case_2c1d1930,1,1,1,1,1,1
case_3d005033,1,1,1,0,0,1
case_6204d552,1,1,1,1,1,1
case_8a47b91c,1,0,1,1,1,1
case_5aaade89,1,0,1,0,1,1
case_868e824f,1,1,1,1,1,1
case_4ec5db9b,0,0,1,0,0,0
case_a497ac1e,1,1,1,1,1,1
case_8cba22c8,1,1,1,0,1,1
case_c0053278,0,0,1,1,1,1
case_5738d58d,1,0,1,1,0,1
case_5a2a427c,1,0,1,1,1,1
case_1b56fbf6,0,1,1,0,1,0
case_48bb86ba,0,0,1,1,1,1
case_5457e5df,0,1,1,1,1,1
case_a171bddd,1,0,1,1,1,1
case_637acefc,0,1,1,1,0,1
case_6c022627,1,1,1,1,0,1
case_abe13d22,1,1,1,1,1,1
case_ba60edd7,0,0,1,1,1,1
case_9c2ed64c,1,1,1,1,1,1
case_5130bda8,1,1,1,1,1,0
case_d6d35043,1,0,1,1,1,1
case_cd28db9d,0,0,1,1,0,0
case_31232795,1,0,0,0,1,0
case_567f83fa,1,1,1,1,1,1
case_69e056fb,1,1,1,0,1,0
case_a16e1401,0,0,1,1,1,1
case_10dae345,1,0,1,1,1,1
case_cba0f73e,0,1,1,1,1,1
case_ce17acfb,1,0,1,1,1,0
case_ffcd0df1,0,0,1,0,1,0
case_b43f30cc,1,1,1,1,1,1
case_e849e720,1,1,1,0,1,1
case_1f629e9d,1,1,1,1,1,1
case_0918cc42,1,1,1,1,0,1
case_40f4f221,0,0,1,0,1,1
case_f2fa435b,0,1,0,0,1,1
case_c4ea073a,1,1,1,1,1,1
case_1beb57bc,1,1,0,1,0,1
case_507523f0,1,0,1,1,1,1
case_c1292fce,1,0,1,0,1,1
case_2d6364ce,1,0,0,0,0,1
case_c9779a39,0,0,1,0,1,1
case_8c146e42,0,1,1,1,0,0
case_19d76428,0,1,1,1,1,1
case_16c09c42,1,0,1,1,1,0
case_779545b2,1,1,1,1,1,1
case_6adc1aa1,1,1,1,1,1,1
case_afdc2cd8,0,0,1,1,1,1
case_dc8772f2,0,0,1,0,1,0
case_6386e5af,0,0,1,1,1,1
case_95a68944,1,1,1,1,0,1
case_8d76931b,0,0,0,0,1,1
case_0b02cf3e,0,0,1,1,1,0
case_c8d664c8,0,0,1,1,0,0
case_d6c99ba1,1,1,1,1,1,1
case_f1a4e7a3,0,0,1,0,1,0
case_2e87841d,1,0,1,0,1,1
case_c45c04cf,1,0,1,1,1,1
case_a8decf3c,0,1,1,1,1,0
case_245f2b1a,0,0,0,1,0,1
case_d21d4e0e,1,1,1,0,1,1
case_afb3fc5e,1,1,1,1,1,1
case_88b938ec,0,0,1,0,1,1
case_2a7a3c2d,0,1,0,1,0,1
case_d070deeb,1,0,0,0,1,1
case_0e12cc95,1,1,1,1,0,1
case_1058b678,0,1,1,1,1,0
case_59a6a6ef,1,1,1,0,0,0
case_b7900eec,1,1,1,1,1,1
case_563cbd5f,0,1,0,0,0,1
case_9fb132ee,1,1,1,1,1,1
case_f4e2db3e,1,0,1,1,1,0
case_f16cc662,1,1,1,0,0,1
case_548b8f79,1,0,1,0,1,1
case_ec7d7c09,0,1,0,0,1,1
case_204b759b,1,1,0,1,0,1
case_67b94661,1,1,1,1,0,1
case_49db62ca,1,1,1,0,1,1
case_545bfc27,0,0,0,0,1,0
case_982f1c60,0,1,1,1,1,1
case_5fe932af,0,1,1,0,1,1
case_4a6439a8,1,0,0,1,1,1
case_8f3b4862,0,0,1,1,1,1
case_e9c48662,1,0,1,1,1,1
case_d19cf584,0,0,1,0,1,1
case_ce01b282,1,1,1,1,1,1
case_79f3725f,1,1,0,1,1,1
case_e1941b95,1,0,1,0,1,1
case_4674efc9,1,0,1,1,1,1
case_ec12231b,0,1,1,0,1,0
case_f3d087c8,1,0,1,0,1,1
case_0e215979,0,1,1,0,1,1
case_146bc081,1,1,1,1,1,1
case_2b425057,1,1,1,1,1,0
case_3ba1a873,0,0,1,0,1,1
case_93cb7ec7,1,0,1,0,0,1
case_3b360762,1,1,1,0,1,1
case_b52bef3d,1,0,1,1,1,1
case_2240ce18,0,0,0,0,0,0
case_7eb40b4d,1,1,1,0,1,0
case_6cfd2b42,1,1,1,1,1,1
case_a18228b3,0,0,1,1,0,1
case_d3991c07,0,0,1,1,1,0
case_0f6f3a70,0,1,1,1,1,1
case_278ed899,1,0,1,1,1,1
case_8db0b8c0,0,1,1,1,0,0
case_f9a8c0d0,0,1,1,1,0,1
case_f074dd94,1,0,1,1,1,1
case_426172b6,1,1,1,1,1,1
case_5df488d8,1,1,1,0,1,1
case_e8bad5ce,1,1,1,1,1,1
case_dd6d7066,1,1,1,0,1,1
case_e1d425c2,1,1,1,1,0,1
case_42678557,1,1,1,1,1,1
case_f1e0f391,0,0,1,0,1,1
case_ba29002c,1,1,0,0,0,0
case_80fb3d1e,1,0,1,1,1,1
case_5c2fa85f,1,1,1,1,0,1
case_ef333115,1,1,1,1,1,1
case_62fe2e42,1,1,1,1,1,1
case_6e9dbd70,1,1,1,1,1,1
case_d4ee6469,1,1,1,1,0,1
case_78db9169,0,0,1,1,1,1
case_d8de3d72,1,0,1,1,1,0
case_213a81f2,1,0,1,1,1,1
case_ba6f2bca,0,0,0,1,1,0
case_8b64255d,1,1,1,0,1,1
case_d46b8a91,1,1,1,0,0,1
case_81066daa,1,1,1,1,1,1
case_332531ce,0,1,1,0,0,1
case_444f7786,1,1,1,0,1,1
case_4cff3e97,0,1,1,1,1,0
case_a055ccda,0,1,1,1,1,1
case_10532586,0,0,1,0,0,1
case_e23d6753,1,1,1,1,1,1
case_2e93eba0,0,1,1,1,0,1
case_73149e4f,1,1,1,1,1,1
case_cb7bf0d2,0,1,1,1,1,1
case_4b7b63be,1,1,1,1,0,1
case_24eae01f,0,1,1,1,1,1
case_47b27a78,1,0,1,0,1,0
case_9a1e09f4,0,0,1,1,1,1
case_c4ffe902,1,1,1,1,1,1
case_6d851304,1,0,1,0,1,0
case_c6c26ed7,1,0,1,1,1,1
case_75cecaea,0,0,1,0,1,0
case_2f670362,1,1,1,1,1,1
case_2c331a73,1,1,0,1,1,1
case_68dd79c2,0,1,0,1,0,0
case_bc9c34ae,1,1,1,1,1,1
case_7b9c4a20,0,0,1,1,1,1
case_a5f27cdf,0,1,1,0,0,1
case_75e88cf6,1,1,1,1,1,1
case_c7fabedb,1,1,1,1,1,1
case_b5572bc6,1,1,1,0,1,1
case_9d3fbab4,0,1,1,0,1,0
case_b79055e1,0,0,1,1,0,1
case_7dab2986,0,1,1,0,0,1
case_e818afd3,1,0,0,1,1,1
case_bed668a8,1,0,1,1,0,1
case_c3c4195a,1,1,1,1,0,0
case_4bc8392c,0,1,1,1,1,1
case_a67a3528,0,1,1,1,1,1
case_a69559b7,0,0,1,0,0,1
case_efa87913,1,1,1,1,1,0
case_5717590c,1,0,1,1,0,1
case_fedebcbf,1,1,1,1,1,1
case_b3d49322,1,1,1,0,1,1
case_0e033cfd,0,0,1,0,1,1
case_ed0077b1,0,1,0,1,1,1
case_99d121b3,0,0,1,1,0,1
case_4f3656cb,0,0,1,0,1,0
case_5c777f74,1,1,1,1,1,1
case_37cdfa0b,0,1,1,1,1,0
case_059154f6,1,1,1,1,1,1
case_b6984a8e,0,0,1,1,1,1
case_dff0e329,1,1,1,1,0,1
case_e4e6414b,0,0,1,1,1,0
case_bdcd0d0b,0,0,1,0,0,1
case_47d46db9,0,1,0,1,0,1
case_1cd83f32,1,1,1,0,1,1
case_eddc4773,1,1,0,1,0,0
case_61b56124,1,1,1,1,1,1
case_6894ad56,1,0,1,1,1,1
case_60925211,1,1,1,1,1,0
case_ab2aae5a,1,1,1,1,1,1
case_454a7499,0,0,1,0,0,0
case_827ebaf2,0,0,1,1,1,1
case_52d6708e,1,1,1,1,1,1
case_69b7acb1,1,1,1,1,0,1
case_2b507674,1,1,1,0,1,1
case_fe3123ec,1,1,1,1,1,1
case_4b75681a,1,1,1,1,1,1
case_917c32a2,1,1,1,1,1,0
case_e307684e,1,0,1,1,1,1
case_f01383d1,1,0,1,1,1,1
case_4ff47de4,0,1,1,1,1,1
case_1f43fb3a,1,1,1,1,0,1
case_74f5bf41,0,0,1,0,0,1
case_60b04900,0,1,1,1,1,1
case_75a39b0c,0,1,1,1,0,0
case_d4f65237,1,1,1,0,1,1
case_99f6971b,1,0,1,1,1,1
case_a1bae6e1,0,0,1,0,1,1
case_6f759186,0,0,1,1,1,1
case_dbab2200,1,0,1,1,1,1
case_5370026f,0,0,0,0,0,0
case_9adebb89,0,0,1,0,0,0
case_9f73baeb,1,1,1,0,1,1
case_5484af18,1,1,1,1,1,1
case_d7fbcf55,1,1,1,0,1,0
case_ce69d6ea,1,1,1,0,1,1
case_d07015df,0,1,0,0,1,1
case_e020d42d,1,0,1,1,0,1
case_29c991e6,0,1,1,0,1,1
case_19adfd99,0,1,1,0,1,0
case_7bb38051,1,1,1,1,0,1
case_781c5b1c,1,1,1,1,1,1
case_4562785a,1,1,1,1,1,1
case_f5b95d0a,1,1,1,1,1,1
case_7ec61fc7,1,0,1,0,1,1
case_7761a5d3,1,0,1,1,1,1
case_b4060713,1,1,1,0,1,1
case_6114ed90,0,0,1,1,1,0
case_7f093d56,1,1,1,1,1,1
case_dd146b20,0,0,1,1,1,1
case_3b582c95,0,0,1,0,0,1
case_a7781931,0,1,1,1,1,1
case_186559d2,1,0,0,0,0,1
case_861eac58,0,0,0,1,0,0
case_315708a2,1,1,1,1,1,0
case_df10ead2,1,1,1,1,1,1
case_3c4710af,0,0,1,1,1,0
case_fe91d1df,1,0,1,1,1,1
case_c74a1499,1,1,1,1,1,1
case_6de3eab1,1,1,1,1,1,1
case_12dbcc4e,0,1,1,1,1,1
case_75d1e1f5,0,1,1,1,1,1
case_87acc7d1,0,0,1,0,1,1
case_467cd834,0,1,1,1,1,1
case_1c4c57e8,1,1,1,1,1,1
case_ee5c5542,1,1,1,1,1,1
case_1669f9ab,0,0,1,0,1,1
case_e1b86691,1,1,1,1,1,1
case_862882b2,0,1,1,1,1,0
case_b856da99,0,0,1,1,0,1
case_c1a3a199,0,0,1,0,1,1
case_bfa31870,1,0,1,1,0,1
case_8df65ab0,1,1,1,1,0,1
case_a3f34633,1,1,1,1,1,1
case_867bc888,1,1,1,1,1,1
case_37296448,1,1,1,1,1,1
case_3da10081,1,0,1,1,1,1
case_7cab5c9a,1,1,1,1,1,0
case_f05c19e1,1,0,1,1,1,1
case_770f209b,0,1,1,1,1,1
case_5c6c845d,1,1,1,1,1,1
case_51f34662,0,0,1,0,0,1
case_07de6c15,1,1,1,1,1,0
case_3b00449c,1,1,1,1,1,1
case_4ec9e883,1,0,1,1,1,1
case_e5345646,0,1,1,1,1,1
case_9307ac5c,1,1,1,0,0,0
case_3780556e,1,1,1,1,1,1
case_91ab1653,0,0,1,0,0,1
case_f361a2aa,1,0,1,0,1,1
case_86aea0fc,1,0,1,0,1,1
case_77c0849e,0,1,1,1,1,1
case_1ea0033d,1,1,1,1,1,1
case_6d8f5317,1,0,1,1,1,1
case_37322f8f,1,1,0,1,0,1
case_98523bc4,0,1,1,1,1,1
case_cec74c00,1,1,1,1,1,0
case_fc43b2d7,1,1,1,1,1,1
case_75660aa0,0,0,1,1,1,0
case_be85a551,1,1,1,1,1,1
case_0c92f32a,1,1,0,1,1,0
case_71c8dcef,1,1,1,1,1,1
case_4d57b5a8,1,1,1,1,0,1
case_33594037,1,1,1,1,1,1
case_c0b268c7,0,0,0,1,1,1
case_02b34d1b,1,0,1,1,1,0
case_7dc98656,0,1,1,1,1,1
case_30ca3999,1,1,0,1,1,1
case_45d7f987,0,0,1,0,0,1
case_a1bab89a,0,0,1,0,1,1
case_52b47576,1,0,1,0,0,0
case_ea8a97fd,1,1,1,1,1,1
case_ad3064fe,1,0,1,1,1,1
case_c940a946,0,1,1,1,0,1
case_5a3f2c59,0,1,1,1,1,1
case_7979cf5e,0,1,1,0,1,1
case_7badd582,1,1,1,1,1,1
case_ffcf119e,1,1,1,1,1,1
case_1aa7e7e6,0,1,1,1,0,1
case_88edcd29,0,0,1,0,1,0
case_79b507ab,1,1,0,0,1,0
case_7dc93f6b,0,0,1,1,0,1
case_62f0a2bd,0,0,1,1,1,1
case_b216ddb0,1,1,1,1,1,1
case_20ec07a3,1,1,0,1,1,1
case_859b06aa,0,1,1,1,1,1
case_bb2ebe2c,1,0,1,1,1,1
case_dd1fd37c,1,1,1,1,1,1
case_d9f0252d,1,0,1,0,0,1
case_06debbea,0,1,1,1,1,1
case_34a70074,0,0,1,1,1,1
case_7304a1d1,0,1,0,1,1,1
case_d3cb2de0,1,0,1,0,1,1
case_436bc8b6,0,0,1,1,1,0
case_1ce4dc1b,0,1,1,1,0,1
case_86715e92,0,1,1,0,1,1
case_5c0eb106,0,1,1,0,1,1
case_0b48df25,0,1,1,1,1,1
case_29219283,1,0,1,1,1,1
case_99c71432,1,1,1,0,0,1
case_e3c831b5,0,1,1,0,1,1
case_f5edb646,1,0,1,1,0,1
case_785c1ec1,0,1,0,0,0,1
case_5269190b,1,1,1,1,1,1
case_8092cbae,1,1,1,1,1,1
case_b0b0c8eb,0,1,1,1,0,0
case_34c7dd9e,0,1,0,0,1,0
case_d2ea8124,1,1,1,1,0,0
case_02f31d6e,1,1,1,1,1,1
case_73bb1504,1,1,1,1,1,1
case_2393bae8,0,1,1,0,1,1
case_dad1d08e,0,0,1,1,1,1
case_7d691d2f,0,1,1,1,0,0
case_9dd491e8,0,0,1,1,1,1
case_8a09facc,0,1,1,0,1,1
case_c440e580,1,0,1,0,1,1
case_f0e25cd8,1,1,0,1,1,0
case_b4e04315,1,1,0,0,1,1
case_0a2f93e6,0,1,1,1,1,1
case_ad0528eb,1,1,1,1,1,1
case_ec85c618,1,1,1,1,1,1
case_9199b127,1,0,1,1,1,1
case_a364941c,1,0,1,0,0,1
case_1d037f6e,1,1,1,1,1,1
case_8e00048e,1,0,1,1,0,1
case_bb460ea9,1,0,1,1,0,1
case_97b18c6d,1,0,1,1,1,1
case_8c6da7b6,1,1,1,1,1,1
case_17d2c00e,1,1,1,1,1,1
case_26a27168,1,0,1,1,1,1
case_90760764,1,1,0,0,0,1
case_fb5a1300,1,0,1,1,1,1
case_51d4bcc0,0,0,0,0,0,1
case_513b4b95,1,1,1,1,1,1
case_1f01548d,0,0,1,1,0,1
case_44858834,1,0,1,1,0,1
case_81929a4a,0,1,1,1,1,0
case_a5f5b070,0,1,1,0,1,1
case_da54fd13,1,0,0,1,1,0
case_9217e953,0,0,1,0,0,0
case_0b6973ef,1,1,1,0,1,1
case_c9afad1e,1,1,1,1,0,1
case_def7bbbf,0,0,0,0,0,1
case_74ad0447,1,1,1,1,1,1
case_27440554,0,1,1,0,1,1
case_3bcb5ec1,1,0,1,1,1,1
case_ac1c9b72,0,1,1,0,1,1
case_8e37c535,1,1,1,1,1,1
case_d2160782,1,0,1,0,0,1
case_143ce855,0,0,1,0,0,1
case_234c0e20,1,1,1,1,1,1
case_649ac960,1,1,1,1,1,1
case_93813606,0,0,1,0,1,0
case_44d067a9,1,1,1,1,1,0
case_283d4798,1,0,1,1,1,1
case_ed57352d,0,0,1,0,0,0
case_b1f8081d,0,1,1,0,1,1
case_13cb7d05,1,0,1,1,1,1
case_64b5c717,0,1,1,1,1,1
case_368c7f34,1,1,1,1,1,1
case_d9ce1bd1,0,1,1,1,1,1
case_c6ecbb1d,0,0,1,0,0,0
case_0bd99b3a,1,1,1,1,1,1
case_3f96a627,1,1,1,1,1,1
case_5f753d50,1,0,1,1,0,1
case_3951d14b,0,1,1,0,1,1
case_c8e66839,0,1,1,0,1,1
case_221d4033,1,1,1,1,1,0
case_aa9d76a2,0,1,1,1,1,1
case_e8fc42ec,1,1,1,1,1,1
case_f36ef886,1,1,1,1,1,1
case_7784af92,1,1,1,1,1,1
case_2d162cc7,1,1,1,1,1,1
case_13b059a7,0,1,1,0,0,0
case_9b24d8b0,1,1,1,1,1,1
case_8bdd0852,1,1,1,1,1,1
case_b9d0e81a,1,1,0,1,1,1
case_348a2123,0,1,1,1,1,1
case_2dfa9146,0,0,1,1,1,0
case_57582f32,0,1,0,1,1,1
case_7e11ee45,1,1,0,1,1,0
case_6eadee55,1,1,0,1,1,1
case_a3ab3e66,1,0,1,0,1,1
case_189a0c53,1,1,1,1,1,1
case_a727dc57,1,1,1,0,1,1
case_f59b2329,1,0,0,1,1,0
case_139fc920,0,1,1,0,0,0
case_77a32c24,1,1,1,0,1,1
case_e08a87d8,0,0,1,1,1,0
case_59c465a7,1,1,1,1,1,1
case_479f4c33,0,0,1,1,1,1
case_b5390743,1,1,1,1,1,0
case_787305d4,0,0,1,0,1,1
case_b8c37fea,1,1,1,1,0,1
case_d7d760bc,1,0,1,1,1,1
case_0808aa5c,0,1,1,1,0,1
case_b198b111,1,1,1,1,1,1
case_4947a4e8,1,1,0,1,1,1
case_16759f3d,1,1,1,1,1,1
case_8fd0bd97,1,1,0,1,1,1
case_481eb86d,1,1,1,0,1,0
case_31860f9c,0,1,1,1,1,1
case_b2f8369e,0,0,0,1,1,1
case_c03ca6c5,0,1,1,1,1,1
case_a12ed748,1,0,1,0,1,0
case_278ce87e,1,1,1,1,1,1
case_dffe8468,1,1,1,0,0,1
case_37001434,0,1,0,1,0,1
case_9b425dbf,1,0,1,1,1,1
case_b113b0cf,0,1,0,1,1,1
case_f328733d,1,0,1,0,1,1
case_ebbc19d6,1,1,1,0,1,1
case_2f93145b,0,0,1,0,0,1
case_6153d1a1,0,0,1,0,0,1
case_f663072b,0,0,1,1,1,1
case_66865732,1,1,1,1,1,0
case_6f00b572,1,1,1,1,1,1
case_95e9f2fa,0,1,0,0,1,1
case_94512b4c,1,1,1,1,0,1
case_f276b92a,1,1,0,1,0,1
case_38b7fe4c,0,0,1,0,0,0
case_637de096,1,1,0,0,1,1
case_3dd5f702,1,1,1,1,1,1
case_39c006e6,0,1,1,0,1,1
case_3b67dd8e,0,0,0,0,1,0
case_00acdb9a,1,1,1,1,1,1
case_d9d76203,1,0,1,1,1,1
case_cb8bd04d,1,1,1,1,1,1
case_907a87e6,1,1,1,1,1,1
case_9718045a,1,1,1,1,1,1
case_1f1b57fe,1,1,1,1,1,1
case_357f31c3,1,1,1,1,1,1
case_fc1f26d6,1,0,1,1,1,0
case_22915455,1,0,1,0,1,1
case_d3c9557f,0,0,1,0,1,0
case_857492de,0,1,1,1,1,1
case_a81172c2,1,0,1,1,1,1
case_ed92f498,0,1,1,1,0,1
case_74972274,0,0,1,0,1,1
case_72d6203e,1,1,0,1,1,1
case_f9d71a09,1,1,1,0,1,1
case_519601cf,0,0,0,0,0,0
case_e3987173,1,1,1,0,1,0
case_1df0ade3,1,0,1,0,1,1
case_02a248fd,1,1,1,1,1,1
case_ff73f597,1,1,1,1,1,0
case_ce071555,1,0,0,0,0,1
case_0837e03f,1,1,1,0,1,1
case_7a7012c1,0,1,1,0,0,1
case_48e548e0,1,1,1,1,1,0
case_165528b8,1,1,1,1,1,1
case_91a09980,0,1,1,0,1,1
case_00f528b8,0,1,1,1,1,0
case_c92290a9,1,1,1,1,1,1
case_27bfed69,1,1,1,1,1,1
case_d4c06571,1,1,0,1,0,0
case_e5230d26,1,1,1,0,0,0
case_803643b0,1,1,1,0,1,1
case_1531ce6e,1,1,1,1,1,1
case_f687d541,1,0,1,0,0,0
case_ae192928,1,1,0,1,1,1
case_18719743,1,1,1,1,0,1
case_13b1eb38,0,1,1,1,0,1
case_6869d87a,0,0,1,0,0,1
case_b0d4c92b,0,1,1,1,1,1
case_bd9b4e07,1,1,1,0,1,0
case_b60f8e09,1,1,1,1,1,1
case_c1325c8f,1,1,1,0,1,1
case_c9c9a0d5,1,0,0,0,1,1
case_55279d47,1,0,1,1,1,0
case_ba39ec6f,1,0,0,1,1,0
case_9ed6e822,1,1,0,1,1,0
case_b9ee2d52,0,0,1,0,1,1
case_04f8fda9,1,1,1,1,1,1
case_dac750cc,1,0,1,1,1,1
case_da5752cf,0,1,1,1,0,0
case_6c2ff6cf,0,1,1,0,1,0
case_9e7c414a,1,1,1,1,1,1
case_f4cb0b1c,0,0,1,0,1,1
case_c284d831,0,1,1,0,1,1
case_8081b24a,0,0,1,0,1,0
case_0605cee9,0,0,1,1,0,0
case_fff60cb9,1,1,1,1,1,1
case_c4fb1cef,1,1,1,1,1,1
case_b7c36798,1,1,1,1,1,1
case_02f110f2,0,0,1,0,0,1
case_55165c0a,1,0,1,1,0,1
case_f93a9255,1,1,1,1,1,1
case_d10fcffb,0,0,1,1,1,0
case_87dd5e9d,0,1,1,1,0,1
case_301b8262,1,0,1,0,0,0
case_b65d71c6,1,1,1,0,0,1
case_a4c40162,1,1,1,1,1,0
case_089e3dab,0,1,1,1,0,1
case_5490e3b0,1,0,1,1,1,1
case_d84c279f,1,0,1,0,1,0
case_920fc03d,1,1,1,1,1,1
case_d5ca9639,1,1,1,1,0,1
case_ec2339da,1,0,1,1,1,1
case_c309c0ea,1,1,1,1,1,1
case_df0b8170,1,0,1,1,1,1
case_9161357e,1,1,1,1,1,0
case_e63ebaab,1,0,1,1,1,1
case_2c3d49ff,0,0,1,0,1,1
case_4bf602c0,1,1,1,0,1,1
case_68ce6917,1,1,1,1,0,1
case_656a1165,1,0,1,1,1,1
case_f245b2a5,1,1,1,1,1,1
case_7d4d1648,1,0,0,1,1,1
case_0c3884a7,1,1,1,1,1,1
case_5cbbe3d4,0,0,0,1,0,1
case_354d9e15,1,0,1,0,1,1
case_abe3f53f,1,0,1,1,1,1
case_6a6b3624,0,0,0,1,0,0
case_a83aedf0,0,1,1,1,1,1
case_229603b0,1,0,0,1,1,0
case_efa8e11f,0,0,1,1,0,1
case_ca61c23d,1,1,1,1,0,1
case_2f3cb605,0,1,1,0,1,1
case_7854eab4,1,1,0,0,1,1
case_050b1f62,1,1,1,1,1,1
case_842c533e,0,0,1,1,1,1
case_3a5c7792,0,1,1,0,1,1
case_ca76084f,0,1,0,0,1,1
case_cac32831,0,1,1,1,1,0
case_1fb89ac6,1,0,0,0,0,0
case_8b3ebf0c,1,1,1,1,1,1
case_0e71abd8,1,1,1,0,1,1
case_84c6cccd,1,0,1,1,1,1
case_b3e69140,1,1,1,1,1,1
case_1a20add1,1,1,1,1,1,1
case_6e30e3eb,1,1,1,1,1,1
case_6870e2f3,1,1,1,1,1,1
case_0faa07dd,1,0,1,0,1,0
case_62baf196,0,0,1,0,0,0
case_ff10d859,1,1,1,0,1,1
case_2e65e53a,1,1,1,1,1,1
case_68e0b78a,1,1,1,1,1,1
case_8e331363,1,1,1,1,0,1
case_600f3e90,0,0,1,0,1,1
case_cb839ce8,1,0,1,1,1,1
case_ff8b5a34,0,1,1,0,1,0
case_f695d6ef,0,0,1,1,0,0
case_9aa6aed6,0,0,1,0,1,1
case_a5d6f689,1,0,1,1,1,1
case_3ab743cc,0,0,0,0,1,0
case_4017f6c4,1,1,1,1,1,1
case_bf46ef72,1,1,1,1,1,1
case_dde446ec,0,0,1,1,0,1
case_f7760583,1,1,1,1,0,1
case_15d15abe,0,1,1,1,1,1
case_58cb60ce,1,0,1,1,1,1
case_1eea281a,1,1,1,1,1,1
case_8dbbe1e3,1,1,1,1,1,1
case_5f26a0c0,0,1,1,1,1,1
case_8b12c5e4,1,0,1,1,1,1
case_e7077761,0,1,1,1,1,1
case_68bf7dbf,1,1,1,1,1,1
case_809a2f6b,0,0,1,1,1,1
case_2569bf30,0,0,1,1,1,1
case_fa1ef9cc,1,1,1,1,1,1
case_c4f7e6ca,1,0,1,1,1,1
case_d6958176,1,1,1,1,0,1
case_e891c34b,0,0,1,0,0,1
case_74f0167d,1,1,1,1,0,1
case_74001814,1,1,0,1,1,1
case_5a96a2f2,1,1,1,1,1,1
case_679d0080,1,1,1,1,1,1
case_c301ccce,0,1,0,1,0,1
case_af1a8b4f,1,1,1,1,1,1
case_a709785a,0,1,0,1,0,0
case_314188bc,1,1,1,1,1,1
case_304851fb,1,1,0,1,1,1
case_b81c9123,0,0,1,0,1,1
case_5c4b3a1e,1,1,1,1,1,1
case_ac7ecee0,1,0,1,1,1,1
case_1a986c08,1,1,1,1,1,1
case_38df79c1,1,1,1,1,1,1
case_e7ff5fbd,0,0,1,0,1,1
case_16bb63a6,0,1,1,0,1,0
case_982dd9f9,0,0,1,1,0,1
case_63e4ee0d,1,1,0,1,0,1
case_48f20d0f,1,1,1,1,1,1
case_c276ff80,1,0,1,0,0,1
case_0a9afafc,1,0,1,0,1,1
case_a92100ed,0,0,1,0,1,0
case_8d035b41,1,1,0,1,1,1
case_01aa1522,0,0,1,1,0,1
case_00064c6c,0,0,1,1,1,1
case_74a3db43,0,0,1,1,0,0
case_ca37f747,0,1,1,1,0,0
case_41ffbf82,0,1,1,1,1,0
case_70bcb463,0,0,1,0,1,0
case_1627edca,0,0,1,0,0,1
case_68d9ebe9,1,1,1,0,1,1
case_ccda30f5,1,1,1,1,1,1
case_1c262f80,1,0,1,1,1,1
case_772d996c,1,1,1,1,1,1
case_d3b1c003,1,1,1,1,1,1
case_d8187d33,1,1,1,0,1,1
case_18fdc07e,0,0,0,1,0,0
case_5ebff30a,1,1,1,1,1,1
case_d1e57c1d,0,1,1,0,0,1
case_e5d0978f,1,1,1,1,0,1
case_73b18270,1,1,1,1,1,1
case_ca19eab9,1,1,1,1,0,1
case_a3b13f31,1,0,1,0,1,1
case_228b5b11,0,1,1,0,1,1
case_bae1cea7,0,0,1,1,0,1
case_3eaf13df,0,1,1,1,0,1
case_c6b41fdc,1,0,1,1,1,1
case_fef61ff2,1,1,1,1,0,1
case_48fcb369,0,1,1,1,1,1
case_af599f9b,1,0,0,1,1,1
case_7ea53649,1,0,1,0,1,1
case_fb5e399e,1,1,1,0,0,0
case_c14f298f,1,0,1,1,1,0
case_24089b90,1,1,1,1,0,1
case_c895e44e,0,0,1,0,0,1
case_c981a4cb,1,0,1,1,1,1
case_eba99ce2,0,1,1,0,1,1
case_9c1c8ecd,1,1,0,1,1,1
case_825dadff,1,0,1,1,1,1
case_855f1656,1,1,1,1,1,1
case_3033501b,1,1,0,0,0,1
case_54c0b223,0,1,1,0,0,1
case_81fa6fc1,0,1,1,1,1,1
case_c9b4c74a,1,0,1,1,1,1
case_6b7d6433,1,1,0,0,1,1
case_c8bccb89,1,1,1,1,1,1
case_6d2f2e32,1,1,1,1,1,1
case_2e5b9675,1,1,1,0,1,0
case_3dbc7675,1,1,1,0,1,1
case_06f49dbb,1,1,1,1,1,1
case_a11d3099,1,1,1,1,1,0
case_2334cbad,0,1,0,1,0,1
case_11156d52,1,0,1,0,1,1
case_a4d53025,1,1,1,0,1,1
case_f148e8cb,1,0,1,1,1,1
case_7d19eb5e,1,1,1,1,1,1
case_e4bfc0ce,1,1,1,1,1,1
case_f4e1c821,1,0,0,0,0,1
case_b858d216,1,0,1,1,1,1
case_21a7b317,1,1,0,0,1,1
case_cc608140,0,0,1,1,0,0
case_f5756e88,1,1,1,1,0,0
case_3cf331e0,1,0,0,0,0,1
case_a712ea46,0,1,1,1,1,0
case_aa5a4d09,0,0,1,0,0,0
case_90abf20d,0,1,1,0,1,1
case_f0167331,1,1,1,1,0,1
case_07500aab,1,0,1,0,1,1
case_117a22a8,0,0,1,0,1,0
case_81546941,1,1,1,1,1,1
case_fcc6d50f,0,0,0,1,1,0
case_fec34fc4,1,1,1,1,1,1
case_c1c39650,1,1,1,1,1,1
case_89e49792,1,1,1,1,1,1
case_1dc5ad7b,1,1,1,1,1,1
case_c1d69e2b,1,1,0,1,1,1
case_091c90a6,0,1,1,0,1,1
case_1169a882,0,1,1,0,1,0
case_48ea6050,1,1,0,0,1,1
case_34a49470,0,0,0,1,0,1
case_71a2787c,0,0,1,0,1,1
case_6d6cd179,0,1,0,1,1,1
case_f3b4dea2,1,1,1,1,1,1
case_9902712c,0,1,1,1,1,1
case_4eacf73d,1,1,1,1,1,1
case_531c3937,0,0,1,1,1,1
case_a541bfe2,0,0,0,1,0,0
case_7be4ee5d,0,0,1,1,1,1
case_d6c631aa,1,0,1,0,0,1
case_bd56620f,1,1,1,1,1,1
case_009f84ff,0,0,1,0,0,1
case_095e28b7,0,0,1,1,1,1
case_53482b2d,0,1,1,1,1,1
case_3cf1d468,0,1,1,1,1,1
case_e16d7985,1,0,1,1,1,0
case_aa4fe6cf,1,1,1,1,1,1
case_1aad509f,0,1,0,0,1,1
case_d94742bd,0,1,1,1,1,1
case_4d46dafd,1,1,1,1,1,1
case_efff1fe3,1,1,1,1,1,1
case_26b837ec,1,1,1,1,0,1
case_6d606153,0,0,1,0,1,1
case_0981cf72,1,1,1,1,1,1
case_54bedacb,1,0,1,1,0,1
case_83123c4a,1,1,1,0,0,1
case_3c59f8b9,0,0,1,0,0,1
case_5dcf29a5,1,1,1,1,1,1
case_c6babb37,1,1,1,1,1,1
case_5c2169fd,1,1,1,0,1,0
case_8978407c,1,1,1,1,1,1
case_54abfbdf,0,0,0,1,0,1
case_d01ca7b4,0,0,1,0,0,1
case_221f133d,1,1,1,1,1,1
case_a12bbcf7,1,1,1,1,1,1
case_d03cb135,1,1,1,1,1,1
case_22818153,0,0,1,0,1,1
case_566d6514,1,1,1,0,1,1
case_364f3ff2,0,0,1,0,0,0
case_cdd70894,1,0,1,1,1,1
case_fce74dd1,1,1,1,1,0,0
case_be042a9b,0,0,1,1,1,1
case_6599fdce,0,0,1,1,1,1
case_e2e33d54,1,1,1,1,1,1
case_c0a541c3,1,1,1,1,1,1
case_236e9826,1,1,0,1,1,1
case_3f2117a3,0,1,0,0,0,1
case_6554093c,1,1,1,1,1,1
case_e552f641,1,1,1,1,1,1
case_e435bb31,1,0,1,0,1,0
case_7ceecdda,1,1,1,0,1,1
case_2dbc8609,0,1,1,1,0,1
case_a8a3e742,1,0,1,1,1,1
case_1879aa0b,0,0,1,0,1,1
case_0e401a94,0,1,1,1,1,1
case_2f1bacb1,0,0,1,0,0,0
case_cbd45628,1,1,1,1,1,1
case_a2883b75,1,1,1,1,1,1
case_10bedfd6,1,0,1,1,0,1
case_8b8f0987,1,1,1,1,1,0
case_40bd9fb7,0,0,0,1,1,1
case_03821851,0,1,1,1,1,1
case_da37b38f,1,0,1,0,1,0
case_3fbd9a47,0,0,1,0,0,0
case_119b7d4f,1,0,1,0,1,1
case_6f19be48,1,0,1,0,0,1
case_2481ce97,1,1,1,1,1,1
case_686268dc,1,1,1,0,0,1
case_42dc23da,0,1,1,1,0,1
case_2d3cec1d,1,1,1,0,1,1
case_dc88171e,0,0,1,1,0,0
case_6e8168ea,0,1,1,1,1,1
case_d278bcb2,0,1,1,0,1,0
case_a896f32e,1,0,1,1,1,1
case_d008db13,1,1,1,0,0,0
case_a2da9b31,0,0,1,1,1,1
case_b207f698,1,1,1,1,1,0
case_e7256ca7,0,0,1,1,1,1
case_c2d9d154,0,1,1,0,0,0
case_a949e3b8,0,1,1,0,1,1
case_b0356eed,0,1,1,1,1,1
case_7913aeb6,0,0,1,0,1,0
case_d27ea19f,1,1,0,0,1,1
case_a3ce9150,1,1,1,0,1,1
case_823dddb4,1,0,1,0,0,0
case_9234db0c,1,1,1,1,1,1
case_df7485be,0,1,1,1,0,1
case_32d4e545,0,0,1,1,1,1
case_e578a49d,0,0,0,0,1,1
case_995af0e7,0,0,0,0,1,1
case_921013f8,0,0,1,1,1,1
case_4c5a0926,1,1,0,1,1,1
case_60f64214,1,1,1,1,1,1
case_35b02302,0,0,1,1,1,0
case_f0c11755,1,0,1,1,1,1
case_e84be9b4,0,0,1,1,1,1
case_8f89455c,1,1,0,1,1,1
case_07966d51,0,0,1,1,1,1
case_12b4bb42,1,0,0,0,0,1
case_01bc8120,0,0,1,1,1,1
case_de73c76b,1,0,1,0,0,0
case_60be6a62,1,0,1,0,1,1
case_b7b995e4,1,1,1,1,1,1
case_790b48ab,1,0,1,0,1,1
case_8cb58e26,0,0,1,1,1,1
case_9c89a1cc,0,0,1,1,1,1
case_335cca3b,1,0,1,1,0,1
case_13a5e0a9,1,1,1,1,1,1
case_853692df,0,0,1,1,1,1
case_1bb51278,0,1,1,1,0,1
case_96943a8d,1,0,1,1,1,1
case_3e31d032,1,1,1,1,1,1
case_01563b24,0,0,1,1,0,1
case_1650e655,1,0,1,1,1,1
case_0e1e369a,0,0,1,1,1,1
case_1865c9fd,1,1,1,1,1,1
case_bdc47e71,1,1,1,1,1,0
case_4e0fb62a,1,1,0,0,1,1
case_3c0c864c,0,1,0,1,1,1
case_83bfe92d,1,1,1,1,1,0
case_07a464e3,0,0,1,0,0,1
case_57eddbb9,0,1,1,0,1,0
case_2f951870,1,1,1,1,1,1
case_c93bf349,0,1,0,0,0,0
case_6f2c0eeb,1,1,1,1,1,1
case_f9f3292e,0,1,1,1,1,1
case_04eee60e,1,1,1,0,1,1
case_d366e9b1,1,1,1,1,0,1
case_5249d82f,1,1,1,1,1,1
case_82f9b2a9,1,1,1,1,1,1
case_85c2fe0f,1,0,1,1,0,1
case_83a68002,1,1,1,1,1,1
case_89b32f80,1,1,0,1,0,1
case_3013295e,1,1,0,1,1,1
case_09ba8f91,0,1,0,1,1,1
case_aba6d786,0,1,0,0,1,0
case_b8a83a93,0,0,1,1,1,1
case_31fc5d6e,1,1,1,1,1,1
case_eb41fc0a,1,1,1,1,0,0
case_ddfecab9,1,1,1,1,1,1
case_6819c6f7,1,1,1,0,1,1
case_fc726066,1,0,1,1,1,1
case_4310500a,0,1,1,0,0,1
case_0faf707a,1,1,1,1,1,1
case_a65bba87,0,1,1,1,1,1
case_7184b3e8,0,1,1,1,1,0
case_45d5501c,1,1,1,1,1,1
case_29479bf9,0,0,1,0,1,0
case_a7ae5123,1,1,1,1,1,1
case_9e4105f8,0,0,1,0,1,1
case_5df09a57,0,0,1,1,0,1
case_05b3486c,0,1,1,1,1,0
case_45a03e1d,0,1,0,0,1,1
case_b75b426d,0,0,1,0,1,1
case_9f88171b,1,0,1,0,1,1
case_ab1a6cac,1,0,1,1,1,1
case_c88ec06c,1,0,1,1,0,1
case_0f79ce73,1,1,1,1,1,1
case_8e42f50a,1,1,1,0,1,1
case_cb579c27,0,0,0,0,0,1
case_79bfa0a0,0,1,1,0,1,1
case_f9d6c336,1,0,0,1,0,0
case_786258bc,1,0,1,1,0,1
case_ea8e405f,0,0,1,1,1,0
case_f815902d,1,1,1,0,0,1
case_29570b2f,1,0,1,0,0,0
case_674a6ad9,0,1,1,1,1,1
case_67078070,1,1,0,1,1,1
case_e05dd218,1,1,1,0,0,1
case_d7cb0345,1,0,1,1,1,0
case_3286e3e8,1,1,1,1,1,1
case_9a6998cc,1,0,1,0,0,1
case_b8711149,1,1,1,1,1,0
case_a7307559,1,1,1,1,1,1
case_cc6ae9cd,1,1,1,1,0,1
case_16214b87,0,1,1,1,1,1
case_d30a9e3c,1,1,1,1,1,1
case_ddabf185,1,0,1,1,0,1
case_fa5e8d2b,1,1,1,1,1,1
case_86010db2,0,0,1,1,1,0
case_64054624,0,0,1,1,1,1
case_c97d03c6,1,1,1,0,0,1
case_0a6db91a,1,1,1,1,1,1
case_b01257ae,1,0,1,1,1,1
case_1cb08c96,1,1,1,1,1,1
case_1f09c260,1,1,1,1,1,1
case_99d41505,1,0,1,1,1,1
case_4237f493,1,1,1,1,1,1
case_43740af8,1,1,1,1,1,1
case_661e9265,1,1,1,0,1,1
case_67f8e688,1,1,1,1,0,1
case_2c04bff5,1,1,1,1,1,1
case_c5b90167,1,1,0,1,0,1
case_3232937c,0,1,1,0,1,1
case_832598dd,0,0,1,0,1,0
case_2a0baf83,0,1,1,0,1,1
case_8bf999b4,0,1,1,1,1,0
case_e7d558e0,0,1,0,0,1,0
case_66619f4a,1,1,1,1,1,1
case_503eeac1,1,0,0,1,1,1
case_24d2b5a8,1,1,0,1,1,1
case_d9077aa8,1,1,0,0,0,0
case_7d652c22,1,0,1,0,0,1
case_4b774e4e,0,1,1,1,1,1
case_8e989461,1,0,1,1,1,1
case_967c43c7,1,0,1,0,1,1
case_aa8f0c0f,0,1,1,1,1,1
case_53e9ea75,0,1,0,1,1,1
case_b84c3bcc,1,0,1,1,0,1
case_359b58b6,1,0,1,0,1,1
case_2cc3c991,1,1,1,0,1,1
case_4563e113,1,1,1,1,1,1
case_1948c537,1,1,1,1,1,1
case_f1bb0bf6,1,0,1,1,1,1
case_1814bb79,1,1,1,1,1,1
case_f789350a,1,1,1,1,1,1
case_1ce3ba23,1,1,1,1,0,0
case_92019a65,0,1,1,1,1,0
case_549bfb79,0,1,0,0,1,0
case_a249fcde,1,1,1,1,0,1
case_ac35a26d,0,0,1,0,0,0
case_0b9074f2,1,1,1,1,1,1
case_6b64f607,0,1,1,1,1,1
case_8b9e4c70,0,1,1,0,0,1
case_7c0d4448,0,0,1,0,0,1
case_83b56998,1,1,1,1,1,1
case_e86a262b,0,0,1,1,1,1
case_2d4ea23a,1,1,1,1,1,1
case_cac40c2e,0,1,1,0,0,0
case_46356303,1,1,1,1,1,1
case_a7232e7b,1,1,1,1,1,1
case_79647838,1,1,1,1,1,1
case_92ceda62,0,0,1,1,1,0
case_07523e07,1,1,1,1,1,1
case_19577349,1,0,1,1,0,0
case_4962747b,1,0,1,1,1,0
case_bef7b026,0,1,1,1,1,1
case_bd1264df,1,1,1,1,1,1
case_81adb3b0,0,0,0,1,1,1
case_31621623,1,1,1,0,0,1
case_4e07fc3b,1,1,1,1,0,1
case_69252582,0,1,1,0,0,1
case_68e0c50d,1,1,1,1,1,1
case_893fc58a,1,0,1,1,1,0
case_3550577b,1,1,1,1,1,1
case_7ce80071,0,1,1,0,1,0
case_9fbe1f2e,1,1,0,0,1,1
case_0f790358,0,0,1,0,0,0
case_9a09a562,1,0,1,1,1,1
case_56d16097,1,1,1,1,1,0
case_04ed7031,1,0,1,1,0,1
case_daf09eaf,1,0,0,1,1,0
case_804b82c1,1,1,1,1,1,1
case_3631d5ee,1,1,1,1,1,1
case_e531b360,1,1,1,1,1,1
case_f19b504c,1,1,1,0,1,1
case_059d92fc,1,1,1,1,0,1
case_f36bf297,0,1,1,1,1,1
case_3e7ecbe2,1,1,1,1,0,1
case_779ed517,1,0,1,1,1,1
case_a88fec9d,0,1,1,1,1,1
case_86ae8a7f,1,0,1,0,1,0
case_77db76ea,1,1,1,1,1,1
case_c187903b,1,0,1,1,1,1
case_ee25e924,1,0,0,1,1,1
case_1f24f3be,0,0,0,0,0,0
case_e71d081f,0,0,1,0,1,1
case_33e5fbaf,1,0,0,0,1,1
case_cc7054b6,0,1,1,1,1,1
case_d31245f5,0,0,1,0,0,0
case_eaccaeb5,1,0,1,1,1,1
case_f2688a9e,1,0,1,1,1,0
case_e24aefbf,1,0,1,1,0,1
case_199d75cd,1,0,1,1,1,1
case_675e8581,1,1,1,1,1,1
case_2358186c,1,1,0,0,1,0
case_142b8f96,0,0,1,0,1,0
case_34c09bf5,1,1,1,1,1,1
case_6082cd29,1,1,1,1,0,1
case_57dd17e5,1,0,1,0,1,1
case_800c25f6,0,0,1,1,1,1
case_58fecf0b,1,0,1,0,1,0
case_10b98769,1,1,1,1,1,0
case_d87da3d0,1,0,0,1,0,1
case_a334c9db,1,1,1,0,0,1
case_f931b669,0,0,1,1,0,1
case_3c848532,0,0,1,0,1,1
case_1fd20d29,0,1,0,0,1,1
case_1b657e9e,0,1,1,1,1,1
case_606e37fe,0,0,1,1,0,1
case_50db6fb8,1,0,1,1,1,0
case_ed5dcf20,0,0,1,1,1,1
case_2f987dd9,0,1,1,1,1,1
case_413bea10,0,0,1,1,0,0
case_6dbd1a54,1,1,1,1,1,1
case_e2e897c7,1,1,1,1,1,1
case_297d2508,0,1,0,0,1,1
case_6107cbb7,1,1,0,1,1,0
case_af183a13,1,1,1,1,1,1
case_aad6774f,0,1,1,0,1,1
case_52e09520,0,1,1,1,1,1
case_4a0e0054,1,1,1,1,1,1
case_1498dff7,1,1,1,1,1,1
case_b3649088,1,0,1,0,1,1
case_19781048,0,1,1,1,1,0
case_b4199dfd,0,1,1,0,0,0
case_5b1d6acb,1,1,1,1,1,1
case_ae559035,0,1,1,1,1,1
case_0045d568,1,1,1,1,1,1
case_3fc395bf,1,1,1,0,1,1
case_311b84bf,1,1,1,1,1,1
case_61982b7f,1,0,1,1,0,1
case_655496d1,1,1,1,0,0,1
case_b3498fd2,1,0,1,0,0,1
case_5fb097b7,1,1,1,1,1,1
case_dcd62acd,1,1,1,1,1,0
case_aa477fd3,0,0,1,1,1,0
case_6a3c1527,1,1,1,1,0,1
case_0b9db7d5,1,1,1,1,0,1
case_5d45111b,0,1,1,1,1,1
case_21f3614b,1,1,1,1,1,1
case_280342a3,0,0,1,0,0,1
case_3e82125f,1,1,1,1,1,1
case_655d32ad,1,1,1,1,1,1
case_6f52a434,1,1,1,1,1,1
case_f35251f0,0,1,0,1,0,1
case_d555aed8,0,0,1,1,0,1
case_cab4ca5c,1,1,1,1,1,1
case_b42e20b1,1,0,1,1,0,0
case_da3d924f,0,0,1,1,0,1
case_c1ecb402,1,0,0,1,0,1
case_1a374200,1,1,1,1,1,1
case_a737b342,1,1,0,1,1,1
case_67fd078e,0,0,1,1,1,0
case_187aa199,0,1,1,0,1,1
case_1cdcd24c,1,1,1,1,1,1
case_92388fd0,1,0,1,1,1,1
case_826b213f,1,0,1,1,1,0
case_81f5bb42,1,1,1,0,1,1
case_0080a776,1,1,1,1,1,1
case_59d4728e,1,0,1,1,1,0
case_c58a0cdd,1,1,1,1,1,1
case_557d8f07,1,1,0,0,0,0
case_cedd436d,1,1,1,1,0,1
case_e4ec9c31,1,1,1,1,1,1
case_109e20d5,1,1,1,0,1,1
case_e9d742c9,1,1,1,1,1,1
case_3f31c972,1,1,1,1,0,0
case_2ed74efa,0,0,0,0,1,1
case_4f56acfd,1,0,1,1,1,1
case_e1f963bc,0,1,1,1,1,0
case_f27be6b0,1,0,1,1,1,1
case_8560a9e9,1,0,1,1,1,1
case_4ae6e619,1,1,1,1,1,1
case_e464dd48,1,1,1,0,1,1
case_0153bbf6,1,1,1,1,1,1
case_fe29cf90,1,1,0,1,0,0
case_888408e8,1,0,1,0,1,1
case_43bdb6fc,0,1,1,1,1,1
case_5a571edf,1,1,1,1,1,0
case_93bfc3ee,1,1,1,1,1,1
case_2b4c7efe,1,1,1,1,1,1
case_ff28af3e,1,1,1,0,1,1
case_4ba4c51f,0,0,1,0,0,1
case_9c91849a,0,1,1,1,1,1
case_5e48c1a7,1,1,1,1,1,1
case_f66772b4,0,0,1,0,0,1
case_430c33fc,1,1,1,1,0,1
case_50c4479a,1,1,1,0,1,1
case_e7d134c8,0,0,1,0,1,1
case_405ce4d2,1,1,1,1,0,1
case_614e393d,0,0,1,0,0,1
case_8be9b8a7,1,0,1,1,1,1
case_7fe7b6cb,1,0,1,1,1,1
case_50cb2db5,0,0,1,0,0,0
case_a0dcf96e,1,1,1,0,0,1
case_381fdf5a,1,0,1,1,0,1
case_f00b91a6,1,1,1,1,1,1
case_53b946fe,1,1,1,1,1,1
case_ea9fb064,0,0,1,1,1,1
case_8d807758,1,1,1,1,1,1
case_fba9e28b,0,1,1,1,1,1
case_943844b3,1,0,1,1,1,1
case_a4ac88ad,0,1,1,0,1,0
case_e691ce71,1,1,0,1,0,1
case_0bb628a0,0,0,1,0,0,0
case_deab7545,0,1,0,0,1,1
case_479a0168,0,1,1,1,1,0
case_9ceda763,1,0,1,1,0,1
case_2e73cccb,1,1,1,0,1,1
case_c042e815,1,1,1,1,1,1
case_56241aed,1,1,1,1,1,1
case_bf5633f2,1,0,1,1,1,1
case_8e224ffb,0,0,1,1,0,0
case_a3be9640,0,0,1,1,1,1
case_eebe9235,0,0,0,0,0,1
case_e0e5a9fe,0,1,1,1,0,0
case_ac14cd86,0,0,1,1,1,1
case_b3ac5085,0,0,0,0,1,1
case_a66e8511,1,1,1,0,1,1
case_95e9798c,1,1,1,1,1,1
case_d8f563a2,1,1,1,1,1,1
case_d079cf5d,0,1,1,1,1,1
case_974ab2ec,1,0,1,0,0,0
case_7534aca7,0,0,1,1,0,1
case_8d73a6e0,1,1,1,0,1,1
case_35885001,1,1,0,0,1,0
case_514a374e,0,1,1,1,1,1
case_3ada3a6e,0,1,1,1,0,1
case_74e3abd2,1,1,1,0,1,1
case_0098672b,1,1,1,1,1,1
case_1ad9e9fe,0,1,1,1,1,1
case_abfb816e,0,0,1,1,1,1
case_5f053d94,1,1,1,1,1,1
case_247ff62b,1,1,1,1,1,1
case_29c54e1a,1,1,0,1,1,1
case_7bbb26af,1,1,0,1,0,1
case_06bccd99,0,1,1,1,1,1
case_cad2c898,0,1,0,0,0,1
case_60d96ee5,0,1,0,1,1,1
case_8ed3f702,1,1,1,1,1,1
case_2e4e59f4,0,0,1,1,1,0
case_989663f4,1,0,1,0,1,1
case_625d1e68,1,0,0,1,0,0
case_32e5388a,1,1,1,1,1,1
case_fe8e4df3,1,1,1,1,1,1
case_17883150,1,0,1,0,0,0
case_05400a74,1,0,1,0,0,1
case_3f64d85c,1,1,1,0,1,1
case_de176a24,1,0,1,1,1,1
case_a7ce0cdb,0,1,1,0,0,0
case_ec37c5ef,0,0,1,0,1,1
case_9a877894,1,1,1,1,1,1
case_72b164b0,1,1,1,1,0,0
case_b4379c75,1,1,1,1,1,1
case_4e410937,1,1,1,0,1,1
case_951aef29,1,1,1,1,1,0
case_9583b4bc,0,1,1,1,1,1
case_1dad4462,0,0,0,0,0,0
case_d46bbdca,0,1,1,1,1,1
case_559a161b,1,1,1,1,1,1
case_16d18512,1,1,1,1,0,1
case_a9adac26,0,1,1,1,0,1
case_1b937b63,1,1,1,1,1,1
case_feeb7e41,0,0,1,0,1,1
case_f2518a62,1,0,1,0,1,0
case_ad90b8d5,1,1,1,1,1,1
case_5c5b6bb3,0,0,0,1,1,1
case_207bb273,0,0,1,0,0,1
case_be7fdc13,0,0,1,1,1,1
case_2dd8b1dd,1,0,1,1,1,1
case_f59ad6c0,1,0,1,0,1,1
case_8ccbd5b7,1,1,1,1,1,1
case_221fbd22,0,0,1,1,0,1
case_c23e1c27,0,1,1,0,0,1
case_49ea7a49,1,1,1,0,1,1
case_c6946c2d,1,1,1,1,1,1
case_364f91a2,1,0,0,1,1,1
case_7f633494,0,1,1,1,1,1
case_c6b04930,1,1,1,1,1,1
case_6e478e37,1,1,1,1,1,1
case_5bbf6a07,1,1,1,1,1,0
case_30cb6f64,1,1,1,1,0,0
case_c664b0cf,0,1,0,1,0,1
case_06a7d615,1,1,1,1,1,1
case_8cd98a47,1,1,1,0,1,1
case_f28012fa,0,0,1,1,1,1
case_9b4c833d,0,1,0,0,1,1
case_37974b18,1,0,1,1,0,1
case_9824be49,0,1,1,1,1,1
case_7f1bfb2d,1,1,1,1,1,1
case_2a7c3b2c,1,0,1,1,1,1
case_db561544,0,1,1,1,1,1
case_9d622224,0,1,0,1,0,1
case_c558f57f,1,1,1,1,1,1
case_b1dd9715,1,1,1,0,1,1
case_4cd2516d,1,0,1,1,0,0
case_0b511b9b,1,1,1,1,1,1
case_765f3ad1,1,0,1,0,0,1
case_43605ca4,1,1,1,1,1,1
case_92be7eca,0,1,1,1,1,1
case_befaec6c,1,1,1,1,1,1
case_0197469d,1,1,1,1,1,1
case_8f9d1b67,0,0,1,1,0,0
case_f3040550,1,1,1,1,1,1
case_5e5c47d3,0,0,1,1,0,1
case_28986a03,1,0,1,0,1,0
case_e0f92d9d,0,1,1,1,0,1
case_7658bc8c,0,1,0,1,0,1
case_79037878,1,1,1,1,1,1
case_cd70c713,0,1,1,1,1,1
case_27b25a23,0,1,1,1,1,1
case_a1655c62,1,1,1,1,1,0
case_38606211,1,0,0,0,1,1
case_0317031d,0,1,1,1,1,1
case_09fc3722,1,0,1,1,0,0
case_c3ed61d6,0,1,1,1,0,1
case_209268d6,1,1,1,1,1,1
case_4aee45c5,1,1,1,1,1,1
case_b68f9fde,1,1,0,0,0,0
case_cd7dab11,1,1,1,1,1,1
case_43f2ca6b,1,1,1,0,0,1
case_ad130e53,1,0,1,0,1,0
case_54dc2d11,1,1,1,1,1,1
case_bbae2ef3,1,1,1,0,1,1
case_29e41098,1,1,1,1,1,1
case_5bdad977,1,1,1,1,1,0
case_037a666b,1,1,1,1,1,1
case_c0b80685,1,1,1,1,1,1
case_594c8b9b,1,1,1,1,0,1
case_3bb45335,0,1,1,0,1,1
case_f1abeef6,0,1,1,0,1,1
case_e1d49a78,1,1,1,1,0,1
case_5be9ef6e,1,1,1,0,1,1
case_4fd317d7,0,0,0,1,0,1
case_c6107b02,1,0,0,0,0,1
case_8ace9311,1,1,1,1,1,1
case_9bf05a59,0,1,0,1,0,1
case_9da683e2,0,0,0,0,1,1
case_8f76d48e,1,1,1,1,1,0
case_5b28b2f3,0,1,1,1,1,1
case_1d086df0,0,1,0,1,1,0
case_d9380ef6,1,0,1,0,1,1
case_c7b310c9,1,0,1,0,1,1
case_9e64ab02,1,0,1,1,1,0
case_3772e3a1,1,0,1,0,0,0
case_3fb29906,0,1,1,1,0,1
case_361f1504,1,0,1,1,1,1
case_5ee57311,1,1,1,0,1,1
case_8024bd36,1,0,1,1,1,1
case_14eaf877,1,1,1,1,1,1
case_fa644974,1,0,1,1,1,1
case_5f342908,1,1,1,1,0,1
case_209a097f,0,0,1,1,0,1
case_cf06ab56,1,0,1,1,0,1
case_ca46d349,1,1,1,1,1,1
case_e5589c3c,1,0,1,0,1,1
case_eedeb124,1,1,1,0,1,1
case_a128fc57,0,0,1,1,1,1
case_1cdf9cc8,1,1,1,1,0,1
case_10d4dcff,1,1,1,1,1,1
case_66717890,1,1,1,1,0,1
case_b6b83043,1,0,0,0,1,1
case_c999a1f7,1,1,1,1,1,1
case_be56a859,1,1,1,1,1,1
case_28f70d43,1,1,1,0,1,1
case_097d76d3,0,0,1,1,0,1
case_98688c16,1,1,1,1,1,1
case_3e52afad,1,0,1,0,1,0
case_730bba38,1,1,1,1,1,1
case_a25ddc30,0,0,0,0,1,0
case_9d89a7b8,0,0,1,1,0,1
case_a1309b24,1,1,1,1,1,1
case_5a856af4,0,1,0,0,1,1
case_e0d1bd8a,1,1,1,1,1,1
case_173b81b3,1,0,1,1,1,1
case_264081cd,1,0,1,1,1,1
case_8c594e85,0,1,1,1,1,0
case_e6a5675a,0,0,1,1,1,1
case_5a784d86,1,1,1,0,1,1
case_c2aa3dfa,1,1,1,1,0,1
case_4530555f,0,0,1,0,1,1
case_2f61f106,1,1,1,1,1,1
case_16102532,1,1,1,1,1,1
case_f03927f8,1,0,1,1,1,1
case_4895f81a,0,0,1,0,0,1
case_36284c6f,1,1,1,1,1,1
case_ecb04702,1,0,1,1,1,1
case_1fe3be1d,0,1,1,1,1,1
case_f8fce539,1,1,1,1,1,1
case_bc3673b8,1,1,1,1,1,1
case_d775faa6,0,0,0,1,0,1
case_f0c917a6,1,1,1,0,1,1
case_ae7e3762,1,0,1,1,1,1
case_e041a079,1,0,1,0,1,1
case_9e8f2dcf,1,0,0,1,1,1
case_cb2743cf,0,1,1,1,0,1
case_d342d42f,0,1,1,1,1,1
case_82bd589d,1,1,1,1,0,1
case_4e9f3576,1,0,1,0,0,1
case_b946db50,1,0,1,1,0,1
case_a2825585,0,1,1,1,1,1
case_f2e15274,0,0,0,0,0,0
case_f0740b67,1,1,1,1,1,1
case_9540b7c5,1,0,1,1,1,1
case_1b59d231,1,0,1,0,1,0
case_4e4af7c8,1,1,1,1,1,1
case_1b816324,1,1,1,1,1,1
case_748bb722,1,1,1,1,1,0
case_d1f0a53c,1,0,1,1,1,1
case_c19064d0,0,0,0,0,0,1
case_ede702a9,1,0,0,0,1,1
case_c713ec54,1,0,1,1,0,1
case_b9562a29,0,1,0,1,0,1
case_44482721,1,1,1,1,0,1
case_f14384d8,0,0,1,1,1,1
case_77377848,1,1,1,1,0,1
case_40f76d84,0,1,1,0,1,0
case_fe807f47,0,0,1,0,0,1
case_bde92f21,0,0,0,0,1,0
case_46a2b6fe,1,1,1,0,1,1
case_30d8fe8d,1,1,0,1,0,1
case_53856c0f,1,1,1,0,1,1
case_3f6b8672,0,1,1,1,1,1
case_47344fd4,1,1,1,1,1,1
case_74838306,1,1,1,0,0,1
case_168be9dc,0,1,1,0,1,1
case_58aac10b,1,0,1,1,0,1
case_4b662ee3,0,0,0,0,1,1
case_a8a941e4,0,1,1,0,1,1
case_f8a6d5d4,0,0,1,1,1,0
case_a8770f37,0,0,0,1,0,1
case_5eabfb2c,1,1,0,1,0,0
case_22c28ff3,1,0,1,1,1,1
case_0b898a2e,1,0,1,1,1,1
case_491be493,1,1,1,1,1,1
case_bad49e1e,1,1,1,1,1,1
case_71fc2b62,0,0,1,1,1,1
case_18362823,1,0,1,1,1,1
case_1c68b5b8,1,0,1,0,1,1
case_93eaafdc,0,0,0,1,0,1
case_407f2192,1,1,1,1,1,1
case_5071b187,1,0,1,1,0,1
case_6c09afac,1,1,1,1,1,1
case_c185cfe4,1,1,1,1,1,1
case_45ad2568,0,1,0,0,0,1
case_0be6298d,1,0,1,1,1,1
case_5433a561,1,0,1,0,1,1
case_aebe2bcb,1,1,1,1,1,0
case_3b858d88,1,1,1,1,1,1
case_29297d06,0,1,1,0,1,0
case_a79e16f0,1,0,1,1,1,1
case_7a73f077,1,0,1,1,1,0
case_af09a2a4,1,0,1,0,1,1
case_615b52c8,0,1,1,0,0,0
case_49aaa4f5,1,0,1,0,1,1
case_8692874c,1,1,1,1,1,1
case_937c2fb4,1,0,1,1,1,1
case_e8c2675e,1,1,1,1,1,1
case_0170f389,0,0,1,0,1,1
case_c1e5b924,0,1,0,0,1,1
case_e412a9c8,0,0,1,0,1,1
case_0e00fd02,1,1,1,1,1,1
case_481ac7ee,1,1,1,1,1,1
case_f6a6a645,0,0,1,0,1,1
case_e84b9c96,1,0,0,1,0,1
case_a5542a77,1,1,1,1,1,1
case_c4641324,0,0,1,1,0,1
case_10abcbb5,1,1,1,1,0,1
case_febb1c45,1,1,0,1,1,1
case_6531cdbd,0,0,1,1,1,1
case_d596d3e4,0,1,1,1,1,1
case_281e9e45,1,0,1,1,1,1
case_eefd738a,0,0,0,1,0,0
case_62a73f38,1,1,1,1,1,1
case_797f697b,1,1,1,1,1,1
case_9e0a0b96,0,0,1,1,1,0
case_771e618d,0,0,1,0,0,0
case_83d3a930,1,1,1,1,1,1
case_28e45cdf,0,1,1,0,1,1
case_69c4dc54,1,1,1,1,1,1
case_07de68e1,0,1,1,1,1,1
case_cab40afb,0,0,0,0,1,1
case_66e05abf,1,0,1,1,1,1
case_43e70ea2,1,0,1,1,1,1
case_500b891f,0,1,1,0,1,1
case_99f761bc,1,1,1,1,0,1
case_7f6b9352,0,1,1,1,1,1
case_0c64c886,1,1,1,1,1,1
case_5f29e883,1,1,1,1,1,0
case_4d587071,1,1,1,1,1,1
case_b334ba8f,0,0,1,1,0,1
case_a29ea79a,0,1,1,1,1,1
case_c44ffe56,1,1,1,1,1,1
case_ac31a1e9,1,1,1,0,0,0
case_a0927746,0,1,1,0,1,1
case_b5f9bec5,0,0,1,1,1,0
case_8292b63e,0,1,1,1,0,1
case_058e293a,1,1,1,1,0,0
case_f3bd1355,0,1,0,1,0,1
case_64e0b2ab,1,0,1,1,1,1
case_55d8c625,1,1,1,1,1,1
case_ab3edb3d,1,1,1,1,1,1
case_b6089aef,1,1,1,1,1,0
case_73b14bfc,1,1,1,1,1,1
case_3d7d3a00,0,0,1,0,0,1
case_a344453c,1,1,1,1,1,1
case_580141f2,0,0,0,0,1,0
case_0fc0a956,1,1,1,1,1,1
case_c9a2bd4b,0,0,1,0,0,1
case_22b55600,0,1,1,0,1,1
case_a41b0f73,1,0,1,0,1,1
case_c6e2c6b4,1,1,1,1,1,1
case_0737e879,0,1,1,1,1,1
case_0e0ceeda,0,0,1,1,0,0
case_5ca2324e,1,0,1,1,1,0
case_10b873b1,0,0,1,1,1,0
case_dee3e73b,0,0,0,1,0,1
case_65ac3e37,1,1,1,0,1,1
case_a64f2a60,1,1,1,0,1,1
case_0316915d,1,1,1,0,1,1
case_634e6630,0,0,1,0,0,1
case_bf15c379,1,1,1,1,1,1
case_660e3668,1,0,1,1,1,1
case_6df604eb,1,1,1,0,1,1
case_28d19981,0,1,1,0,1,1
case_d84c457c,1,1,1,1,1,0
case_38ba0488,0,0,1,1,1,1
case_84bc6c02,1,1,1,1,1,1
case_0ce83adc,1,1,1,1,1,1
case_424196a2,0,1,1,1,1,1
case_85a883c1,0,0,1,1,1,1
case_20adac06,0,0,0,1,0,0
case_8a0986ae,0,0,1,1,0,1
case_ad9e6613,1,0,1,1,1,0
case_1c674d33,1,1,1,0,1,1
case_05f4ee71,1,1,1,1,1,1
case_0ce32698,1,1,1,1,1,1
case_4a463177,1,1,1,0,1,1
case_8a6f7c12,0,0,1,1,0,1
case_8119096f,0,1,1,1,0,1
case_6a1c9c00,1,0,1,1,1,1
case_74d69cc1,0,0,0,0,1,1
case_192932c7,0,1,1,0,1,1
case_f9abb6f0,0,0,1,1,0,1
case_60f52e7b,1,1,1,1,1,1
case_9e6efdfc,0,1,1,1,1,1
case_00ee23b5,1,0,1,1,1,1
case_5ffed04c,1,1,1,1,1,1
case_1eceb7d0,1,1,1,1,1,1
case_a78af6da,1,1,1,1,1,1
case_2936f715,1,1,0,1,0,0
case_1052fca9,1,1,1,1,1,1
case_4d0a6359,1,1,1,1,1,1
case_7c6ea63d,1,1,1,1,0,1
case_4af5cb94,1,1,1,1,1,1
case_a2629e00,1,1,1,1,0,1
case_c1662297,0,1,1,0,0,1
case_b59cdd24,1,1,1,1,1,1
case_5c7d0ee5,1,1,0,0,1,1
case_785163ad,1,1,1,1,1,1
case_bbab18f9,0,0,1,0,1,1
case_cba276f6,0,1,1,1,1,1
case_79980ea9,1,0,1,0,1,1
case_7a9e0775,1,1,1,1,1,1
case_575f8e04,1,1,1,0,0,1
case_196ed0fd,0,0,0,1,1,0
case_6598a3b8,0,0,1,1,1,1
case_1dbe54e3,0,1,0,1,1,1
case_37c78d06,1,0,1,1,1,1
case_5244e85d,0,1,0,0,1,1
case_f6786fd1,0,1,1,0,1,1
case_2ce1d675,0,1,1,1,0,1
case_a5fe9faa,0,0,1,0,1,0
case_18f5208f,0,1,1,1,0,1
case_dc14f020,1,0,1,0,0,0
case_dd412aea,1,1,1,1,1,1
case_da82952c,1,1,1,1,1,1
case_c09cf0c5,1,1,1,0,0,0
case_ec8024ce,1,0,1,1,1,1
case_affdce8a,0,1,1,0,1,0
case_ac04bf9d,1,0,1,0,1,1
case_1d2bb234,1,0,1,0,1,0
case_6bd709ea,1,0,1,0,0,0
case_61441209,1,1,1,0,1,0
case_8d2b80c3,0,1,1,1,1,1
case_5d59f692,1,1,1,0,1,0
case_eb11d018,1,1,1,1,1,1
case_d19764bc,0,1,1,1,1,1
case_2bb1ea51,0,1,0,1,1,1
case_e1bc462e,1,1,1,1,1,1
case_5cd44bdc,0,0,1,1,1,1
case_7d46764b,1,1,1,1,1,1
case_7000a294,0,0,1,1,0,1
case_79035881,1,1,1,1,1,1
case_8601d2df,1,0,1,1,1,1
case_2c27a180,1,1,1,1,1,1
case_c935fc4c,1,0,1,1,1,1
case_593a8387,0,1,1,0,1,1
case_73418c1a,1,0,1,1,1,0
case_cb0a7a46,1,0,1,1,1,0
case_da90e5f0,1,1,1,1,1,1
case_41bb7f8a,1,1,1,0,1,1
case_58d48c95,0,1,1,1,1,0
case_002a5968,1,1,1,1,1,1
case_1b0fe266,1,1,1,1,1,1
case_b268e1c2,1,0,1,0,1,0
case_65ca7f7d,1,1,1,1,1,1
case_f013b53b,1,0,1,0,1,0
case_dcfe09c8,0,1,1,1,1,0
case_1f871d0e,1,1,1,1,1,1
case_4d34fef9,1,1,1,1,1,1
case_5cdf81fd,0,0,1,1,1,1
case_a45fe950,0,0,0,1,1,0
case_3f406da3,0,1,0,1,0,1
case_42861e49,0,1,1,0,1,1
case_33966972,0,1,1,1,1,1
case_4600472e,0,1,1,1,1,1
case_90f97f5d,1,1,1,1,1,0
case_b5b2d663,1,1,1,0,1,1
case_5a2b86d4,1,1,1,1,1,1
case_fcbc2ce6,1,1,1,1,0,1
case_1fd8e2ff,1,1,1,1,1,1
case_73d55cfe,1,1,1,1,1,1
case_747b7f77,1,1,1,1,0,1
case_2b49f506,1,1,1,1,1,1
case_58096a34,0,1,1,1,0,1
case_696279a6,1,0,1,0,0,0
case_53a6805d,0,1,1,1,0,1
case_767fd72c,1,1,1,1,1,1
case_9a527f4a,1,1,1,1,1,1
case_e87c3ac2,1,1,1,1,1,1
case_44093b77,1,0,1,1,0,1
case_c7b69274,1,0,1,1,1,1
case_ad1e466f,1,1,1,0,1,1
case_e660d889,1,1,1,1,1,1
case_ffde6240,0,1,1,1,1,1
case_0fdf348a,1,0,1,1,1,1
case_6b9e28a6,1,1,1,1,1,1
case_02ab6877,0,1,1,0,0,0
case_06b62830,1,1,1,0,1,1
case_734362b0,1,1,1,1,1,0
case_99b55fd3,0,1,1,1,1,1
case_8d5a3225,0,0,1,1,1,1
case_566af0b7,0,0,0,0,0,0
case_c245bb85,1,1,1,1,1,1
case_3036fbbd,0,0,1,0,0,1
case_17322a90,1,1,1,1,0,1
case_b494fd0d,0,1,0,1,1,1
case_779a200c,1,1,1,1,1,1
case_1dc04009,1,0,0,1,1,1
case_ff137482,0,1,1,1,1,1
case_3e52cd54,1,1,1,1,1,1
case_72c58b41,1,1,1,0,1,1
case_1c033389,0,0,1,1,1,1
case_5ac785b0,1,1,1,1,1,1
case_5fd23a43,1,1,1,1,1,0
case_e9e6ae07,1,1,1,1,1,1
case_b8344b83,1,1,1,1,1,1
case_746a14f0,1,0,1,1,1,1
case_43d05b84,1,1,1,1,1,0
case_7c6fe0d2,1,1,1,1,1,1
case_e1123295,1,1,1,0,1,1
case_ddf325fa,0,1,0,1,1,1
case_c4bf64c2,1,1,1,0,1,1
case_e2079eea,0,1,1,0,0,1
case_cf61b203,1,1,1,0,0,1
case_8592336b,0,1,1,1,0,1
case_74854953,1,1,1,1,1,1
case_788afbd6,0,1,0,1,0,0
case_c5f34724,1,1,1,1,1,1
case_900482bd,1,1,1,1,1,1
case_e333c21b,0,0,1,1,1,1
case_0e416361,1,1,1,1,1,1
case_362cb32b,1,1,1,0,1,1
case_5d43dbac,0,1,1,1,0,1
case_89170e7e,0,0,1,0,1,0
case_0be6b0cd,1,1,1,1,1,1
case_308b87bc,0,0,1,1,0,0
case_661f10a5,0,0,1,1,1,1
case_34195985,1,0,1,1,1,1
case_c991c30b,0,0,1,1,0,1
case_f7f0aefc,0,1,0,0,0,1
case_898de00f,1,0,1,0,0,1
case_70d4e4d5,1,1,1,1,1,1
case_1b7547f1,1,1,1,1,1,1
case_f63b0bd7,1,1,1,1,1,1
case_d3966d94,1,0,1,1,1,1
case_7b674d31,1,0,1,1,1,1
case_93c6c190,1,1,0,1,0,1
case_81975bdb,1,0,1,1,1,1
case_9441f3e3,1,1,1,1,1,1
case_c75f3762,1,0,0,0,1,1
case_f5aa044c,0,0,1,1,0,1
case_2f9d36c6,1,1,1,1,1,0
case_1c0c7440,1,1,1,1,0,1
case_f689dccc,1,1,1,1,1,1
case_b78d5b59,0,1,1,0,1,0
case_22e9a1a4,0,1,1,0,1,0
case_97f8cdf1,0,1,1,1,1,1
case_a3c3e47b,1,1,1,1,1,1
case_162946fe,1,1,1,1,0,0
case_cbd07c33,0,1,1,1,1,1
case_8396f083,1,1,1,1,1,1
case_1487728a,0,1,1,1,1,1
case_8ff06141,1,1,1,1,1,1
case_e080c868,1,1,1,1,1,1
case_63a4fdec,0,0,1,0,1,1
case_d81bfdac,1,0,1,0,1,1
case_3924c7d5,0,1,1,1,1,1
case_796ebea2,1,0,1,1,1,1
case_bf87f1d4,1,0,1,1,0,1
case_713f8bff,1,1,1,1,1,1
case_1fb5a174,1,0,1,1,0,1
case_657807ec,1,1,1,1,1,1
case_a8cf4112,1,1,1,0,1,1
case_00dccdaa,0,1,1,1,0,1
case_598a6561,1,0,1,1,1,1
case_3d8d852c,0,1,1,1,1,1
case_f0113ba4,1,0,0,1,1,1
case_0df589bd,0,0,1,1,1,1
case_08efa7ca,1,1,1,0,1,1
case_ddf22134,1,0,1,1,0,1
case_d8e01218,0,0,1,1,1,1
case_87521e70,1,1,1,1,0,1
case_c13622dd,1,0,1,1,1,1
case_55160163,0,0,1,0,1,1
case_e47ed844,0,0,1,0,1,1
case_fe4131d6,1,0,1,1,0,0
case_986998e3,1,0,1,1,1,1
case_ffc59095,1,1,1,1,0,1
case_2d1d68a1,1,0,1,1,1,1
case_8fca79bc,0,1,0,1,1,1
case_72d8a17a,1,0,1,0,1,1
case_5d2b0823,1,1,1,1,1,1
case_79cb8ec2,0,1,0,1,1,1
case_904109db,1,1,1,1,1,1
case_cab2ec21,0,1,1,0,1,1
case_9c125654,1,1,1,1,1,1
case_b07c0e6b,1,0,1,1,1,0
case_719a7ccb,0,1,1,1,1,0
case_ac583aec,1,1,1,1,1,1
case_c8899b57,1,0,1,1,1,1
case_1b0911d0,1,1,1,0,0,0
case_42f81e0f,1,0,1,1,1,1
case_383fdc52,0,0,1,0,0,1
case_65303031,0,0,1,1,0,0
case_31a126ba,1,1,1,1,1,1
case_a919b97f,1,0,1,0,0,0
case_748b16e8,0,0,1,1,1,1
case_99439118,1,1,0,1,1,1
case_c7847fe7,0,0,1,1,0,1
case_da41fdb1,0,1,1,1,0,1
case_3783f3d6,1,0,1,0,0,1
case_8119b034,0,1,1,0,0,1
case_6e6f9c75,0,1,1,1,1,1
case_cfd026e9,1,0,0,1,1,0
case_e2d9ee36,1,1,1,1,1,1
case_ca8643e4,1,0,0,1,0,0
case_75b9d056,0,1,1,0,1,1
case_07254d62,1,0,1,1,1,1
case_df2712d6,1,0,1,0,0,1
case_581750c0,0,1,1,1,1,1
case_df40a4a9,1,1,1,1,0,0
case_dc11a070,0,0,1,1,0,0
case_3bde91e7,1,1,1,1,1,1
case_1be2be7f,0,0,1,1,1,1
case_36b8ee4f,1,1,0,0,1,0
case_3a3c94b6,1,1,1,1,1,1
case_1e4d2f20,1,0,1,1,1,1
case_5b3a7657,0,0,0,1,1,1
case_c75923e6,1,1,1,1,1,1
case_1d5c18b4,0,0,1,0,1,1
case_ada3580d,1,0,1,0,0,1
case_dae959ab,0,1,1,1,1,1
case_14bb556f,1,1,1,0,1,1
case_f0797abe,1,1,0,1,1,1
case_d8f09918,1,1,1,1,1,1
case_d7b94873,1,1,1,1,1,1
case_17bfd551,1,1,1,1,1,1
case_f13f70d3,0,1,1,1,1,1
case_2ea714ea,1,0,1,1,1,1
case_c081e240,0,0,0,0,0,0
case_3f8cc8b2,1,1,1,1,1,1
case_6cb3d7b7,1,0,1,1,0,1
case_7d196a8f,1,1,1,1,1,0
case_794017fb,1,1,1,0,1,1
case_b73b3f5e,1,0,1,0,1,1
case_1ce99240,1,0,1,0,1,1
case_64bed8b9,1,1,1,1,1,1
case_3adde856,1,1,1,1,1,1
case_9490aee0,1,0,0,1,1,1
case_c63a59d7,1,1,1,1,1,1
case_2665eef1,1,0,1,1,1,1
case_ee90feeb,1,0,1,1,1,1
case_9229ea5d,1,1,1,1,1,1
case_daac9d8b,0,1,1,0,1,0
case_58a41342,0,1,1,0,0,1
case_85da3388,1,1,1,1,1,1
case_a8c08bfe,1,1,1,1,1,1
case_04d2f99d,0,1,1,0,0,1
case_a9565918,1,1,0,0,1,1
case_d3d1b4d8,1,1,1,1,1,1
case_9dc69d51,1,1,1,0,0,0
case_9164cfc2,1,1,1,1,1,1
case_32388345,0,0,1,0,1,1
case_9a42deb3,1,0,1,1,0,1
case_cefaf02a,0,0,0,0,0,0
case_d9b3a70c,1,1,1,0,1,1
case_c2085d7f,0,1,1,1,1,1
case_a50b14f8,1,1,0,1,1,0
case_048247c8,1,1,1,1,1,1
case_a9755182,0,1,0,1,1,1
case_bd4a43a2,0,1,0,0,1,1
case_4ee20fe5,0,0,0,0,1,0
case_04e8c51a,1,0,1,1,1,1
case_0a1c298d,1,1,1,1,1,1
case_0d1c85c2,1,1,0,0,0,1
case_f2babedd,1,1,1,1,0,1
case_0469bf09,1,1,0,0,0,1
case_bd2ba362,0,1,1,1,0,1
case_e875f253,1,1,1,0,0,1
case_b1fc2f6f,0,1,1,1,1,1
case_f73f27c0,1,1,1,0,1,1
case_00955ebb,1,1,1,1,1,1
case_c2effadf,1,0,1,0,0,1
case_7fdac995,1,0,1,1,0,1
case_5b8fd2ff,0,0,1,1,0,1
case_13239190,1,1,1,1,1,1
case_5432fbfa,1,0,0,1,0,0
case_66e5d33b,1,0,1,1,1,0
case_704290db,1,1,1,1,1,1
case_6f491c96,1,0,0,1,0,0
case_adeecbc2,1,0,1,1,1,1
case_591cf8f2,1,0,1,0,1,1
case_0667251a,1,0,1,0,0,1
case_b050f89e,1,0,1,1,1,0
case_ca5a75b7,1,1,1,1,1,1
case_f2e77877,1,0,1,0,1,1
case_2840c91e,1,1,1,1,0,1
case_86ff8aa6,1,0,1,0,1,1
case_0b36c1ac,1,0,1,1,1,1
case_bf0d643c,1,1,1,1,0,1
case_1697c966,1,1,1,1,1,1
case_fe3f0929,1,1,1,1,1,1
case_1b21917a,1,1,1,1,1,0
case_61b1f3c2,1,1,0,1,1,1
case_13f0a727,1,1,1,1,1,1
case_b3d6ff4b,0,0,1,0,0,1
case_144752d3,0,0,1,1,0,1
case_54389216,1,0,0,0,0,1
case_9c91444f,1,1,1,0,1,1
case_be47beae,0,0,0,0,1,1
case_a5131fd9,0,1,0,1,1,1
case_bef8309e,0,1,1,1,1,1
case_27264cdb,1,1,1,1,1,0
case_1178d0c3,1,1,1,1,1,1
case_3e7e023d,1,1,1,1,1,1
case_2d4431c1,0,1,1,1,1,1
case_0566fd95,0,1,0,1,1,0
case_6c9e5917,1,0,1,1,0,1
case_27483fdf,1,0,1,0,1,1
case_d76e0987,1,0,1,1,1,1
case_bd831bbb,1,1,1,1,1,1
case_428690f9,0,1,1,1,1,1
case_f9ab9995,1,0,1,1,1,0
case_18a8461c,1,1,1,1,1,1
case_d9db4a01,0,0,1,1,1,0
case_cba3fdf1,1,0,1,1,1,0
case_d116b0c7,1,1,1,1,1,1
case_e0c7bc32,1,1,1,1,1,1
case_9cfbc6d4,1,1,1,0,1,1
case_135fbc7e,1,1,1,1,1,1
case_46198839,0,0,1,1,1,1
case_ca829f94,1,1,1,1,1,1
case_44f882a9,1,1,1,0,1,1
case_3e27bd6e,0,0,1,0,1,1
case_3286c67b,1,1,1,0,1,0
case_51daf7de,1,1,1,1,1,1
case_8ade0e44,1,0,1,1,1,1
case_557e13ba,0,1,1,1,0,1
case_c6314c45,1,1,1,1,1,1
case_7934b7f6,0,0,1,1,0,1
case_97bf0235,1,0,1,0,0,1
case_a6101179,1,1,1,1,1,1
case_5230c211,1,0,1,0,1,1
case_eca6e566,0,0,0,1,0,0
case_85b0776c,0,1,1,1,1,0
case_c6cec83c,1,0,1,1,1,1
case_49202c73,0,0,0,0,0,1
case_b87a5e53,0,1,0,1,1,1
case_553e0aec,1,1,1,1,1,1
case_0c6a76fc,1,1,1,1,1,1
case_80fc0089,0,0,1,0,0,1
case_bdb21449,1,1,0,1,0,1
case_eae2fff7,1,1,1,1,1,1
case_7b5289d5,1,1,1,1,0,1
case_d7bb51c5,1,0,1,1,1,1
case_83f6d67e,0,0,1,0,1,1
case_fbc929dd,1,1,1,1,1,0
case_95f0724a,1,0,1,0,1,1
case_61ec2ede,0,0,0,0,0,1
case_311ceaae,1,1,1,0,1,1
case_48664fe9,1,0,1,0,0,0
case_42d292ab,1,0,1,1,0,0
case_55b1bfbc,1,1,1,0,1,1
case_51e652fc,0,1,1,1,1,1
case_c59b1869,1,1,1,1,1,1
case_c117c389,1,0,1,1,0,1
case_719937d1,1,1,1,1,1,1
case_bd65d909,1,0,1,1,1,1
case_7386fe4b,1,0,1,0,0,1
case_e93f0dff,1,1,1,1,1,1
case_67c0bd48,1,0,1,1,0,0
case_4af1dbde,1,1,1,1,1,0
case_dba679e1,0,1,1,0,0,1
case_c254dbb5,1,1,1,1,1,1
case_68bfbaa4,1,1,0,0,1,1
case_d526b4f2,1,1,1,1,1,0
case_bda0ae57,1,1,1,1,1,0
case_85330bfe,1,0,1,1,0,1
case_781cb51b,1,0,1,1,1,0
case_14858c21,0,1,1,1,0,1
case_21b76cbf,1,0,1,0,1,0
case_0de7fdf6,1,1,1,1,1,0
case_e2fce911,1,0,1,0,0,1
case_7e9bf255,0,1,1,0,0,1
case_ae0fe6c7,0,0,1,0,0,0
case_14e8fdbb,1,1,1,1,1,1
case_ebec5cdc,0,1,1,0,0,1
case_b1d83d54,0,1,1,1,0,1
case_262f55e3,1,1,0,1,1,1
case_42a35afa,1,0,0,0,1,1
case_1ab07b26,0,0,1,1,1,1
case_84750ad3,1,1,1,0,0,1
case_2ee31270,0,1,0,0,0,0
case_662f0db3,1,1,1,1,1,0
case_0daef458,1,0,1,0,1,1
case_9301f0b4,1,1,1,1,0,1
case_42e7f87d,0,0,1,0,0,1
case_9945deb8,1,1,1,1,1,1
case_d14bfb26,1,1,1,1,1,1
case_630a1714,0,0,1,0,1,1
case_c41ed346,0,1,1,1,1,1
case_28f0cf52,0,1,1,1,1,1
case_8621609d,1,0,1,0,1,1
case_14b326d9,0,1,1,1,1,1
case_c3641f58,0,1,0,1,1,0
case_97eaa0a5,1,1,1,0,0,1
case_17252b75,1,1,1,1,1,1
case_7e2f525c,1,1,1,1,1,1
case_b761ac66,0,1,1,1,0,0
case_519395af,0,1,1,1,0,0
case_d2daf347,0,0,1,0,0,1
case_7f387653,1,0,1,0,1,1
case_33264527,1,0,1,1,1,1
case_2b2b42a3,0,1,1,1,1,1
case_a749ebe3,1,0,1,1,1,1
case_da6f9deb,0,0,1,1,0,0
case_8f1efff1,1,0,0,1,0,0
case_5f569977,1,1,1,1,0,1
case_76a8b36e,1,0,1,1,1,1
case_a87b1b07,1,1,1,1,1,1
case_0c20a7a2,1,1,1,1,1,1
case_3c44b7f2,1,0,1,1,1,1
case_5c5262d0,0,0,1,1,1,1
case_ec7499c7,0,0,1,1,1,1
case_29006fa7,1,1,1,1,1,1
case_f1b32828,1,1,0,0,1,1
case_c0915d6d,1,0,1,1,1,1
case_99b48b7d,1,1,1,1,1,1
case_1f11050a,0,0,1,1,0,0
case_1cab2248,1,1,1,1,1,0
case_b48ac4a8,0,1,1,1,1,1
case_327a57a0,1,1,0,1,1,1
case_64c9c0b2,1,1,1,1,1,1
case_1a9b37b5,1,1,1,1,1,1
case_b63573e6,1,1,1,0,1,1
case_15800c1c,1,1,1,1,1,1
case_e7585e7f,1,1,1,1,0,1
case_ea16599e,1,1,1,1,1,0
case_25ffb5e9,1,1,1,0,1,1
case_003aff38,0,0,1,1,1,1
case_1c2cd569,0,0,1,0,0,1
case_381830f2,0,0,1,0,1,0
case_ff789873,1,0,1,0,0,0
case_c7a909b6,1,0,1,1,0,0
case_96c1c302,1,1,1,0,0,1
case_a443599f,1,0,1,1,0,0
case_961c08c5,1,0,1,1,1,1
case_9b9ac4d0,1,1,1,0,1,1
case_04928df6,1,1,1,1,1,1
case_8ee0fa21,0,0,1,0,0,0
case_c0e71bec,1,0,1,1,1,1
case_89cb2813,0,1,1,0,1,0
case_5ad1a4e2,1,0,0,1,1,1
case_bfd9f7ab,1,1,1,1,1,1
case_a360ace7,1,1,0,0,0,0
case_1b9a65e2,0,0,0,0,0,0
case_87586b12,0,0,1,0,0,0
case_3a487c8b,1,1,1,0,1,1
case_755b7398,0,0,1,1,0,1
case_2ea2969e,1,1,1,0,0,1
case_174f55f5,1,1,1,1,1,1
case_84d3cc70,0,0,1,1,0,1
case_0fdf71ff,1,1,0,1,1,1
case_7a25c541,0,1,0,1,0,1
case_8ddc1987,1,0,1,0,1,1
case_5ec63fa0,0,1,1,0,1,1
case_7a33108f,1,1,1,1,1,1
case_21cce961,0,0,1,1,0,0
case_2b02ea38,1,0,1,0,1,0
case_c3ecc85a,1,0,1,0,1,1
case_55a6bfa0,0,0,1,0,1,1
case_1cb9575e,1,1,1,1,1,1
case_705f2a5a,1,1,0,0,1,1
case_0af05bd1,1,0,1,1,0,1
case_0df70f9b,1,0,1,1,1,1
case_503fc705,0,0,1,1,0,0
case_b4d890fc,1,0,1,1,1,1
case_f19fb02a,1,0,1,0,1,0
case_8cfe7223,1,0,1,1,1,0
case_914a0933,1,1,1,1,1,1
case_ad2dbd8b,1,1,1,1,1,1
case_ab1883b7,1,1,1,1,0,1
case_414f2c5b,0,0,0,1,0,1
case_cb5f4392,1,1,1,0,1,0
case_a6ef9115,1,1,1,1,1,1
case_c4071636,1,0,1,0,1,1
case_6807cf52,1,1,1,0,1,0
case_6d84abdc,1,1,1,1,1,1
case_4ca7c135,1,1,1,1,1,1
case_fa0aa27c,1,0,1,1,1,1
case_9930e69e,0,1,1,1,1,1
case_c21ad558,1,0,1,0,1,1
case_2db59c7c,0,0,1,1,1,1
case_7c6b3623,0,1,0,0,1,1
case_75a2afa9,1,0,1,1,1,1
case_fb66ee83,1,1,1,1,1,1
case_9b0c485a,1,1,1,1,1,1
case_63a7190a,0,1,1,0,1,1
case_4e9084f3,0,0,1,1,0,1
case_698764bd,0,0,1,1,1,0
case_ec82b22b,0,1,1,1,1,1
case_5db6cc40,0,0,0,1,1,1
case_9634aa36,1,1,1,0,1,0
case_d1c8917a,1,1,1,1,1,1
case_3781b5cd,1,1,1,1,1,1
case_b3137104,1,1,1,0,1,1
case_625daaa1,1,1,1,1,0,1
case_0073b23a,1,1,1,1,1,1
case_558c5f5b,1,0,1,1,1,1
case_8b49115b,1,0,1,1,1,1
case_e728ffd9,1,0,1,1,0,0
case_7e230020,0,1,1,0,1,1
case_021259b9,1,1,1,1,1,1
case_6f651791,1,1,1,0,0,1
case_6c254d40,1,1,1,0,1,0
case_a7e8323b,1,0,1,0,1,1
case_8f5e649d,1,0,1,1,1,1
case_b8dd1cf2,1,0,1,1,0,1
case_7e2782f7,0,1,1,1,1,1
case_c6deef5f,0,0,1,1,1,1
case_67a2498f,1,1,1,1,1,1
case_7fb4b5be,1,1,1,1,1,1
case_404ba2b7,0,1,1,1,0,1
case_4411eea3,0,0,1,0,1,1
case_1e0e3ac8,0,0,1,1,1,1
case_4011d4dc,1,1,1,1,0,1
case_d3cf4942,1,0,1,1,0,1
case_ae43acf5,0,1,1,1,0,1
case_7801cbda,1,0,0,1,0,0
case_da5231d3,0,0,1,1,0,1
case_9aa765e5,0,1,1,1,0,0
case_b2bea118,0,1,0,1,0,1
case_3bda4377,1,1,1,1,1,1
case_62363a66,1,1,1,1,1,0
case_0384484d,0,1,1,1,1,1
case_86635aed,0,1,0,0,0,0
case_c4932451,0,0,1,0,0,1
case_66ea5590,1,1,1,1,1,1
case_42ffd52c,0,0,1,0,0,0
case_07391f78,1,0,1,0,0,1
case_b49f457f,1,1,1,1,1,1
case_42dba70d,0,1,1,1,1,0
case_cec5fdb4,1,0,1,1,1,1
case_7fe8b885,1,1,1,1,1,1
case_b03c2d6c,1,1,1,1,1,1
case_4b89d5b0,1,0,1,1,1,1
case_f2018328,0,0,1,0,0,0
case_dc3edb68,1,1,1,1,1,1
case_a6e6a4a0,0,1,1,1,1,1
case_5aa5ea7c,1,1,1,1,1,1
case_e0421f10,0,0,1,0,0,0
case_e3ace82c,1,1,1,1,0,1
case_d87efe4d,1,1,1,1,1,1
case_f33308ed,0,0,1,1,1,1
case_46fece3f,0,0,1,1,1,1
case_709701a0,1,1,1,1,1,1
case_cc6da7d0,0,0,1,1,1,1
case_38a4425b,1,1,1,1,1,1
case_b3ac7430,1,1,1,0,1,1
case_e89272be,1,0,0,1,0,1
case_62569392,1,1,1,1,0,0
case_aeb0099e,1,1,1,0,0,1
case_0d3e273c,1,1,1,1,1,1
case_81e6c00f,1,1,1,1,1,1
case_20419b65,0,0,1,1,1,1
case_6308bc64,1,1,1,1,1,1
case_54343e58,0,1,1,0,1,1
case_37f07bb1,1,1,1,1,1,1
case_3452f10d,1,0,1,1,1,1
case_b88512a9,0,0,0,1,0,0
case_f314ca5b,1,1,1,0,1,0
case_06d0ff3d,1,0,1,0,1,1
case_e0182797,1,1,1,1,1,1
case_3e3d67cd,1,0,1,1,0,1
case_0c83c633,1,0,1,1,1,1
case_b7544ac2,0,0,1,1,1,0
case_13ee57e4,1,1,1,1,1,1
case_c679bc20,1,0,1,1,1,1
case_6f811fa5,1,1,1,1,1,0
case_00fb1454,0,0,0,0,0,0
case_db2c858e,0,0,1,1,1,0
case_d450ae08,0,1,1,1,1,1
case_57a2fe33,1,1,1,1,1,1
case_2e908224,1,1,1,1,1,1
case_a51c21bc,1,1,1,1,1,1
case_aa5d1347,1,0,1,0,0,1
case_b3e16f00,1,1,1,1,1,1
case_0df6b9ed,1,0,1,1,1,1
case_79388955,1,0,1,0,0,1
case_33e84f6c,0,1,1,1,1,1
case_891536bf,0,0,1,1,0,1
case_be2b000f,1,0,1,0,1,1
case_37edc938,1,0,1,1,1,0
case_b7da05a4,0,1,1,0,0,1
case_fda6df30,1,1,1,1,1,1
case_2d900946,0,1,1,0,1,1
case_a629de40,0,0,1,1,0,1
case_6c43acf6,0,1,0,1,0,1
case_d4128815,1,1,0,0,1,1
case_c7a21f42,1,1,1,1,1,0
case_f6257106,1,1,0,1,1,1
case_9f9caa34,1,0,1,1,1,0
case_b7ebf568,1,1,1,1,1,0
case_07aa5c45,1,0,1,1,1,1
case_939d6c2c,1,0,1,1,1,1
case_e541c274,1,1,1,1,1,1
case_e55b6a9c,0,0,1,0,0,1
case_e9916e33,1,1,1,1,1,1
case_19a50709,1,0,1,1,1,0
case_3b62ef20,1,1,1,1,0,0
case_921e9253,0,1,1,0,1,0
case_4b4152d6,1,1,1,1,1,1
case_039bf21c,1,1,1,1,1,1
case_8fbe7cb6,0,0,1,1,0,1
case_e9d413a4,1,1,1,1,0,1
case_f252432f,1,1,1,1,1,1
case_c2a5e633,1,1,1,1,1,1
case_80bab3bf,0,1,1,1,1,0
case_5d3d286c,0,0,1,0,0,1
case_41c4e8fa,1,1,1,1,1,1
case_e7417850,1,1,0,1,1,1
case_bad2b60a,0,0,1,1,0,0
case_81534251,1,1,1,1,1,1
case_fd4e57b8,1,1,1,1,1,1
case_fb243e56,0,1,1,1,1,1
case_2d6693d0,1,1,1,1,1,1
case_f5df27fa,1,1,1,0,1,1
case_df105dd7,0,0,1,1,1,1
case_745a4d43,1,1,1,1,1,1
case_21e49b74,1,1,1,1,1,1
case_8ac540d5,1,1,1,1,1,1
case_b312bcd7,1,0,1,1,0,0
case_0a455738,1,1,1,1,1,0
case_e8515eda,1,1,1,1,1,1
case_61db2107,0,0,1,1,0,0
case_b8282863,1,1,1,1,1,0
case_faabd305,0,1,1,1,1,1
case_455d2aab,0,1,1,1,1,1
case_58d1fce3,1,1,0,0,1,1
case_d79e7cc3,0,0,1,0,0,1
case_18daefdc,1,1,1,1,1,1
case_1958ad00,0,1,1,0,1,1
case_60486efd,0,0,1,1,1,1
case_c861f007,0,0,0,0,1,0
case_382331f1,1,0,1,1,1,1
case_4dd07b3f,1,0,1,1,1,0
case_c099358e,1,1,0,1,1,1
case_e60df995,0,1,1,0,1,1
case_87d6255b,1,1,1,1,1,1
case_096f0f42,1,0,1,1,1,0
case_426305aa,1,1,1,1,1,1
case_eb9e0b27,0,0,1,1,1,1
case_b04f64fc,1,1,1,1,1,1
case_fe4364f1,0,1,1,1,1,1
case_65ee7fb3,0,0,1,1,0,0
case_c37dbe5f,1,0,1,1,1,1
case_24acf1a0,1,0,1,1,1,1
case_8d90788c,1,1,1,1,1,1
case_ec28b23c,1,1,1,1,1,1
case_24df91fd,1,0,1,1,0,1
case_06f3c839,1,1,1,0,0,0
case_b1e66fed,1,1,1,1,1,1
case_65692d8f,1,1,1,1,1,1
case_f9cbda6b,0,1,1,1,1,0
case_332979df,1,0,1,0,1,1
case_dc4cb288,0,0,1,1,1,1
case_b9358c77,1,1,1,1,1,1
case_9c65f290,0,0,1,0,1,0
case_006acee4,1,0,0,1,1,1
case_1b7b9034,1,0,1,0,0,0
case_735ef04c,0,0,1,1,1,1
case_ae5084c1,1,1,1,1,1,1
case_3a5d454e,0,1,1,1,0,0
case_ea4b19c0,1,0,1,1,1,0
case_22ed844f,0,0,1,1,1,1
case_aa5feb73,1,1,1,1,1,1
case_c75f179f,1,0,1,1,0,1
case_7553adf6,1,1,1,1,1,1
case_e33bebcd,1,0,1,1,0,1
case_0ee4bc49,1,0,1,1,1,1
case_f792a101,0,1,1,0,1,1
case_b44fb375,1,0,1,0,1,0
case_5164b23f,1,1,1,1,0,1
case_ab52ac91,1,0,1,0,0,1
case_0cefd59b,1,0,1,0,1,1
case_d4de027a,1,1,1,1,1,1
case_36ca308c,0,0,1,1,0,0
case_cb8725db,0,0,1,1,0,0
case_5a95fcb6,1,1,0,1,1,1
case_81fbe4fc,0,1,1,0,1,1
case_a1acdc6a,1,1,1,1,1,1
case_4f6b71d4,1,1,1,1,1,1
case_9f0b105e,1,1,1,1,1,1
case_9ff813c0,1,1,0,1,1,0
case_22317682,1,1,1,1,1,1
case_9b6f4da0,1,1,1,1,1,1
case_ff4b2ef4,1,1,0,1,1,1
case_8b69c443,1,0,1,1,1,1
case_148847f6,0,1,1,1,1,1
case_df59f2b7,1,1,1,1,1,1
case_2ca6323a,1,0,1,1,1,1
case_b7fec74e,1,1,1,0,0,0
case_48073b6f,0,0,1,0,1,0
case_f647a6ff,0,1,1,1,1,1
case_44e36f3c,1,1,1,1,1,1
case_7a8839b0,0,1,1,1,1,1
case_392dee28,1,0,1,1,0,1
case_59a15b27,0,0,1,1,1,0
case_f329243d,1,1,1,0,1,1
case_c3793bcf,1,0,1,1,1,1
case_f3720b25,0,1,1,1,1,1
case_7f35eba6,0,1,0,1,1,1
case_52ec7d25,1,0,1,1,0,1
case_13aa00e0,0,1,1,1,0,0
case_32766c04,0,0,1,1,1,1
case_9700ec62,0,1,0,1,0,1
case_54ac8fc2,1,0,1,1,1,1
case_0fcefb01,1,1,1,1,1,1
case_77841286,0,0,1,1,1,1
case_586c5496,1,1,1,0,1,0
case_ab3659c5,1,0,1,1,1,1
case_dbb9783d,1,1,1,1,1,1
case_830d3212,1,1,1,1,1,1
case_659eb8e3,1,1,1,0,1,1
case_4a2a9fef,0,0,1,1,1,1
case_8770d5d2,1,0,1,1,1,1
case_95729464,1,1,1,1,1,1
case_63e41217,1,1,1,0,1,0
case_a3eed4df,1,0,1,1,1,1
case_17bccc50,1,1,1,0,1,1
case_6b3e91bf,1,1,1,0,0,1
case_a24a9b9e,0,1,1,1,1,1
case_25be54bb,1,1,1,0,1,1
case_8a39ff10,1,0,1,1,1,1
case_4c6dcac7,1,0,1,0,1,0
case_9948b8a1,0,1,1,1,1,1
case_c85b8b95,1,1,0,1,1,1
case_07ecaa1b,0,0,1,1,0,1
case_7a5ba6ac,0,0,1,1,0,1
case_03570532,1,0,1,1,0,0
case_4d9c7394,1,1,1,0,1,1
case_007c7e21,1,1,1,1,1,1
case_14bd1f05,0,0,1,1,0,1
case_f242ef8b,1,1,1,1,0,1
case_ebe624e1,1,1,1,1,1,1
case_dd9cd666,1,1,1,1,1,1
case_823a9f6c,1,1,1,1,1,1
case_bc1b727c,1,1,1,1,1,1
case_c5538709,1,1,1,1,1,1
case_b95a1dc1,1,1,1,1,1,1
case_18ecccd0,1,1,1,1,1,1
case_410fa4f9,0,0,1,0,0,0
case_df6600bf,0,1,1,1,1,1
case_b93e67b5,1,1,1,0,1,1
case_e02ac01c,0,1,1,0,0,1
case_c3e810d8,1,1,1,0,0,1
case_abd57b38,0,0,1,1,0,1
case_4b67daa2,0,0,1,1,1,1
case_4b610e1b,1,0,1,1,1,1
case_0b952388,1,1,1,1,0,0
case_d5e07f60,1,1,1,1,1,1
case_915fdd25,1,0,0,0,1,1
case_0f470566,1,1,1,1,1,1
case_eda086fd,1,1,1,1,1,1
case_53f2a0a4,0,1,1,1,1,1
case_5c936461,1,1,1,1,1,0
case_26024fd2,1,1,1,0,0,1
case_ce628e3d,1,1,1,1,1,0
case_4cedc327,1,1,1,1,1,1
case_1453338d,0,1,1,1,0,1
case_b235da96,1,0,1,1,1,0
case_3b3e84c2,0,1,1,1,1,1
case_73d863f9,1,1,0,1,0,1
case_bf235949,1,1,1,1,1,1
case_93af3250,1,1,1,1,1,1
case_14918a45,1,1,1,0,0,1
case_37af789b,1,0,1,1,1,1
case_f2d14ca7,0,1,1,1,1,0
case_e5e99860,1,0,0,0,1,1
case_7b5e448f,0,0,1,1,1,1
case_b6f6c422,0,1,0,1,0,1
case_bb5d73b3,1,1,1,0,1,1
case_55ff3606,1,1,1,1,1,1
case_1f593311,0,1,1,0,1,1
case_642d2c1a,1,0,1,1,1,1
case_d5d89ff3,1,1,1,1,0,1
case_31690a8f,0,1,1,0,1,0
case_f2a2ce8d,1,1,1,1,1,1
case_acadcf5e,1,1,1,1,1,1
case_ae3e18b8,1,1,1,1,1,1
case_adae22f5,1,1,1,1,1,1
case_bbe3aebb,1,0,1,0,1,1
case_b0d26698,1,1,1,0,1,1
case_b7773bed,0,0,1,0,0,1
case_480d0a01,0,0,1,1,0,1
case_10ab7c40,1,1,1,1,1,1
case_3c46e45a,1,1,0,0,1,1
case_b7bd2d06,1,0,1,1,1,1
case_b0be1994,1,0,1,1,1,1
case_9077de84,1,1,1,1,0,0
case_376c6cc6,1,1,1,1,1,1
case_75b3872a,1,0,1,1,1,1
case_9a343f2b,1,1,1,1,1,1
case_20ad92f3,0,1,1,0,1,0
case_71dc7ac6,1,0,1,1,0,0
case_95e4963b,1,1,0,0,1,0
case_9558034d,1,1,1,1,1,1
case_cd8fca46,0,1,1,0,1,1
case_6ac444cb,1,1,1,0,1,0
case_c969a644,1,1,1,0,1,1
case_ff2d82f5,1,0,1,1,1,1
case_cb93a228,0,1,1,1,1,1
case_62fa4ed1,1,0,1,1,1,1
case_80903f8b,1,1,1,1,1,1
case_4f5ebecd,1,0,1,1,1,1
case_eff104c1,0,1,1,1,1,1
case_ece5cfe2,1,0,0,1,1,1
case_0d1f4a13,1,1,1,1,1,1
case_5418dea9,0,0,0,1,0,0
case_6cd0baeb,1,0,1,0,0,1
case_7357f2dc,1,1,1,0,1,1
case_e9ee9542,0,0,1,0,1,1
case_61504805,0,1,1,1,1,1
case_2fff9663,0,1,0,0,1,0
case_6f97b26a,1,1,1,1,1,1
case_14beeb98,0,1,0,0,1,0
case_2c225beb,0,1,0,1,0,1
case_82d7c70a,0,0,1,0,1,1
case_376e8666,1,1,0,1,1,1
case_d2b3df5f,0,1,1,0,1,0
case_cbfdbc73,1,0,1,0,1,1
case_6430ea14,1,0,1,1,1,1
case_af7b6f48,0,0,1,1,1,0
case_65f806d4,1,1,1,0,0,1
case_929c0006,0,0,1,0,0,1
case_269fe21d,1,0,1,1,1,1
case_6c7a4601,1,1,1,1,1,1
case_7036544a,1,0,1,0,1,1
case_f34e9940,1,1,1,1,0,1
case_97fe998e,0,0,1,1,1,1
case_f646693a,1,0,1,1,1,1
case_e06049ac,1,1,1,0,1,1
case_d2ac3d33,1,0,1,1,0,1
case_7b4a9553,0,0,1,0,1,0
case_e80eb3aa,0,1,1,1,0,1
case_b4f81901,0,0,1,1,1,0
case_680814d0,0,1,1,1,1,1
case_9328aa62,1,1,1,0,1,0
case_468d5c3d,1,1,1,1,1,1
case_f49bcbda,1,1,1,1,1,1
case_0fd6c43f,0,1,1,0,0,1
case_af55cf91,1,0,1,1,1,1
case_e1526897,1,1,0,0,1,1
case_08589f6d,0,0,1,0,1,0
case_2764a497,1,1,1,1,0,0
case_f4ab78f4,1,1,1,1,1,1
case_ae8c9021,0,1,1,0,1,1
case_242ab6bb,1,0,1,1,1,1
case_392fbf24,0,1,1,1,1,1
case_2eb63019,0,0,1,0,0,0
case_2d1d56a4,0,0,1,1,1,0
case_927687d4,0,0,1,1,0,1
case_9334868a,0,1,1,1,0,1
case_25363e6f,1,1,1,1,1,1
case_e88e3e52,1,1,1,1,1,1
case_c18ba88b,0,1,1,0,0,1
case_7dc4391b,0,1,1,1,1,1
case_9d513b5d,1,1,0,1,1,1
case_a41623a6,1,0,1,1,1,1
case_835a05a6,1,0,1,1,1,1
case_8e4050da,1,1,1,1,1,1
case_0bd2898b,1,1,1,0,0,0
case_04b17d35,1,1,1,1,1,1
case_389f3271,0,0,1,0,1,1
case_391139e2,0,0,1,0,1,1
case_44e08302,1,1,1,1,1,1
case_15dda831,0,1,0,0,1,1
case_3bc7b169,1,1,0,1,0,0
case_6a184fdb,1,0,1,1,1,1
case_b62f606a,1,1,1,1,0,1
case_5d87d280,0,1,1,0,1,1
case_be6b569b,1,1,1,1,1,0
case_97017940,0,1,0,0,0,1
case_e899ab48,1,0,0,1,1,1
case_eab71a4e,0,0,0,0,1,1
case_e61b1741,1,1,1,1,0,0
case_6012db3f,1,1,0,1,1,1
case_141b425b,1,1,1,0,1,1
case_c09bfa9e,0,0,1,1,0,0
case_d5d39564,1,1,1,1,1,1
case_cd6ec7c5,0,0,0,1,0,1
case_a9dcfdd0,1,1,1,0,1,1
case_096e9096,1,1,1,1,1,1
case_d193dd78,0,0,1,1,1,1
case_d33380fd,1,1,1,1,0,1
case_dcf506b4,0,1,1,1,0,1
case_695b138a,1,1,1,1,1,1
case_7f2939e5,1,0,1,0,1,1
case_c826458f,0,0,1,1,0,0
case_d4e5c663,1,0,1,1,1,1
case_a8e4d1b1,0,0,1,1,1,1
case_3274064c,1,0,1,0,0,1
case_2d584c14,1,0,1,1,1,1
case_ff0e72e7,1,1,1,1,1,1
case_562471fb,0,0,1,0,0,1
case_45d052a8,1,0,0,1,1,1
case_1bf59f47,1,0,1,1,1,1
case_d74bea18,1,0,1,0,0,1
case_562d4bbb,0,1,1,0,0,1
case_b6121665,0,0,0,1,1,1
case_55aa1348,1,1,1,1,1,1
case_64b7079a,0,1,1,0,1,0
case_34f8153c,1,1,1,1,1,1
case_8867188f,1,0,1,1,1,0
case_2ef237be,1,0,1,0,0,1
case_c6f1044e,1,1,1,1,0,1
case_6ff18b60,1,1,1,1,1,1
case_8c772f67,0,1,1,1,1,1
case_f97b9bfe,1,0,1,0,0,1
case_ea682534,0,1,0,0,1,0
case_39f64416,1,1,1,1,1,1
case_8a4f466b,1,1,1,1,0,0
case_6f40d82c,1,0,0,0,0,0
case_d7ff4e06,0,0,1,0,0,0
case_ebb83647,1,0,1,1,1,1
case_4338bebe,1,1,1,0,1,1
case_4d19fc59,1,1,0,1,1,1
case_5e976110,1,1,1,1,1,1
case_bcf0ae54,0,1,1,0,1,1
case_4820d197,0,0,0,0,1,1
case_dfe5fab9,1,1,1,1,1,1
case_186c88b7,1,1,1,1,1,1
case_3b6327bc,1,1,1,0,1,1
case_55c44f20,1,0,1,1,1,1
case_caae5e74,1,1,1,1,1,1
case_5053e3b6,1,0,1,0,1,0
case_c88f83b6,1,0,1,0,1,1
case_fc66c5b7,1,1,1,1,1,1
case_86ef021c,1,1,1,1,1,1
case_69841944,0,0,1,1,0,1
case_e7ef2389,1,1,1,1,1,1
case_f376e025,0,1,1,1,1,1
case_a0a591f8,1,0,1,0,0,1
case_fc4c5df5,0,0,1,1,0,1
case_2f397fd7,0,0,1,1,1,0
case_4d5d7f7d,1,1,0,1,0,1
case_21a3a308,1,0,0,1,0,1
case_7e486e84,0,1,0,1,1,0
case_72fccff0,1,1,1,1,1,1
case_5eaf2ddc,1,1,1,1,1,1
case_197159fd,1,0,1,1,1,1
case_5f64551f,0,1,1,0,1,0
case_5d913014,0,1,0,0,1,1
case_9fae8abe,0,0,1,0,0,1
case_86da3c35,0,1,1,1,1,1
case_e710c3a1,0,0,1,1,1,0
case_e6d2d7f0,0,1,1,1,1,0
case_16c59895,1,0,1,0,0,1
case_233537ba,1,1,0,1,1,1
case_f2771538,1,0,1,1,1,1
case_44b38f9a,1,1,1,1,1,1
case_d4ab0973,1,1,1,0,0,0
case_12340d0e,1,1,1,1,1,1
case_e397e817,0,1,1,0,1,1
case_0162a2dd,0,0,1,1,1,0
case_a515aa6e,1,0,1,1,1,1
case_9627d6d2,1,1,1,1,1,1
case_09eb1006,0,0,1,1,0,0
case_eead47f2,1,0,1,1,1,1
case_01f68ca6,1,1,1,1,1,1
case_e8973b2f,1,1,1,0,1,1
case_c23f9007,1,1,1,1,1,1
case_b3a931b3,1,1,1,1,0,1
case_73a1d548,0,1,1,1,1,0
case_b68ad3b7,1,0,1,0,1,1
case_59c9fd16,1,1,1,1,1,1
case_680cd311,0,0,1,1,1,1
case_671a69ef,1,1,1,1,1,1
case_baccbab2,1,1,1,1,1,1
case_80011fe9,1,1,1,1,0,1
case_16f8fcb8,1,1,1,0,1,1
case_9d965d4e,1,0,1,1,1,1
case_51ac58cb,0,0,1,1,0,1
case_0ca80106,0,1,1,0,1,1
case_31557fe5,1,1,1,1,1,1
case_eca5ca14,1,0,1,0,0,1
case_097e31bf,1,1,0,1,1,1
case_ec9c8b7d,1,0,1,1,1,1
case_ce048d3b,1,1,1,1,1,0
case_7f66acf7,0,1,1,1,0,1
case_77a8ad89,1,0,0,1,1,1
case_d4ecb8cd,0,1,1,0,1,1
case_c506d488,0,0,1,1,0,1
case_20c1bc71,0,1,1,0,0,1
case_2a85e746,0,1,1,1,1,1
case_6567ea34,0,1,1,1,1,1
case_c08fe553,1,1,1,1,1,1
case_d612fb13,1,1,1,0,0,1
case_b1b803a8,0,1,0,0,1,1
case_d73ca344,1,1,0,1,1,0
case_86aa15b1,1,1,1,1,1,1
case_09360739,0,1,1,0,1,1
case_892992d3,0,1,1,1,1,1
case_02ac1d5b,0,1,1,0,1,1
case_a4d451f0,1,1,1,1,0,1
case_9a7cb0e0,1,1,1,0,1,1
case_111f79b4,1,1,1,1,1,0
case_0cc7a30a,1,0,1,1,1,1
case_0385f89e,1,0,1,1,1,1
case_3e5c7a7c,1,1,1,1,0,0
case_d6a8cc09,1,0,1,0,0,1
case_b61a7f76,0,1,1,1,1,0
case_4897b13e,0,1,1,1,0,0
case_242b8052,0,1,1,0,1,1
case_f1495e01,0,0,1,0,0,1
case_df01c957,1,0,1,1,1,1
case_53275f9f,1,0,1,1,0,1
case_96cf0eaa,1,1,1,1,1,1
case_a08a3daf,0,1,0,0,1,0
case_48f292cb,1,1,1,0,1,1
case_f46f6100,1,1,0,1,0,1
case_7030ccd4,1,0,1,0,1,0
case_3c017525,1,1,1,0,0,1
case_e76fdd6c,1,1,1,0,1,1
case_f1a64532,1,1,1,0,1,1
case_ef00a619,1,1,1,1,1,1
case_a7fe27c1,1,1,0,1,0,1
case_28aab136,1,1,1,1,1,1
case_c90f20dc,1,0,1,1,0,0
case_64a64680,1,0,1,1,0,0
case_1d8cc377,0,0,1,1,1,1
case_293c9dd4,1,1,1,1,1,1
case_47a6afd0,1,1,1,1,1,1
case_e8a7f641,1,0,1,1,1,1
case_d567137c,0,1,1,1,0,0
case_09e875b8,0,1,1,0,1,1
case_1d66a815,0,1,1,1,1,1
case_fd50c89f,1,1,0,1,1,0
case_157da067,1,0,1,0,1,1
case_aba5ff3a,1,0,1,0,1,1
case_58060626,1,0,1,1,1,1
case_f3100665,0,1,0,1,1,1
case_5859b68f,1,1,1,0,1,0
case_bb6b062e,1,1,1,0,1,1
case_baeca953,1,1,1,0,1,0
case_afa3d786,0,1,1,0,1,1
case_dcd47415,0,0,1,1,1,0
case_c9a9576a,1,1,1,1,0,1
case_cce75059,1,0,1,0,1,1
case_34610926,0,0,1,1,1,1
case_0323b8f3,1,1,1,1,1,1
case_ae6b3ea1,1,0,1,1,0,1
case_d979af9c,1,0,1,0,1,1
case_b62d7891,0,1,1,1,1,1
case_ca20a2ef,1,0,1,1,1,1
case_35b1379f,1,1,1,1,1,1
case_56a3a310,0,0,1,0,0,1
case_79ee2b80,0,0,1,1,0,1
case_ced27af1,1,1,0,1,0,1
case_809d6e9a,1,1,0,0,0,1
case_bf082c6b,0,1,1,0,1,1
case_586ff7dc,1,1,1,1,1,1
case_b5b5b30e,1,0,0,1,1,1
case_9e0d73a2,1,0,0,0,0,1
case_4b96d299,0,1,1,1,0,1
case_fce56f3f,1,1,1,1,1,0
case_e0f60797,0,0,1,0,0,0
case_636d86d0,1,1,1,1,0,1
case_8dd04e92,0,1,1,1,1,1
case_f72f51d5,1,1,1,1,1,1
case_7db462fc,0,1,1,1,1,1
case_5bf138ac,0,1,0,0,1,1
case_f457c8ca,0,0,1,1,1,1
case_685318b7,1,1,0,0,0,0
case_0d0fc29f,1,1,1,1,0,1
case_09de54c7,1,1,1,0,1,1
case_600eedc0,1,1,1,1,1,1
case_26c371b4,1,1,1,1,1,1
case_b27ac650,1,1,1,1,1,1
case_501fabeb,0,1,1,1,1,1
case_54aa3d14,1,0,1,1,0,0
case_213afe6e,1,0,1,1,1,1
case_65cd5aea,0,1,1,0,1,1
case_d566334f,0,0,1,0,1,1
case_b0b034e5,1,1,1,1,1,1
case_d7eafce8,1,1,1,0,1,1
case_f5e08663,1,0,1,1,0,1
case_0d76f60e,0,1,1,1,1,1
case_40bab682,0,1,1,1,1,1
case_9c5f534b,1,0,0,0,1,1
case_713d028e,1,1,1,0,1,0
case_e738e5c7,1,1,1,1,1,1
case_679d404e,1,0,1,0,1,1
case_49c997e0,1,1,1,1,1,1
case_40d57c34,0,0,1,1,1,1
case_8cabd977,0,0,1,1,0,0
case_4c5e4877,1,1,1,1,1,1
case_4e1ca11b,0,1,0,1,1,1
case_4f0525f1,1,1,1,1,1,1
case_c9056b5a,1,1,1,1,1,1
case_d9bbf876,0,0,1,1,1,0
case_cdde34ba,1,1,1,1,0,1
case_c931ea9a,1,1,1,1,0,1
case_a7d531ce,0,1,1,0,1,0
case_b842f01a,1,0,1,0,1,0
case_311de503,1,0,1,0,1,1
case_b2f52022,1,1,1,1,1,0
case_d6f2e2c4,1,1,1,1,1,1
case_dc445ee4,0,0,1,1,1,1
case_b99245d3,1,0,1,1,0,1
case_073aa289,0,1,1,1,1,1
case_f297216f,0,0,1,1,0,0
case_6d3a1e4e,1,0,1,0,1,1
case_ca3ffb89,0,1,1,1,1,0
case_63e41118,1,1,0,1,1,1
case_21e5023d,0,0,1,1,0,1
case_4b218373,1,0,1,1,1,1
case_b66ae8f5,1,0,1,1,1,1
case_62d2228c,0,0,1,0,0,1
case_e7e3ecd5,1,1,1,0,0,1
case_7eeb4ac8,1,1,0,1,1,1
case_0c8129f5,1,1,0,1,1,0
case_05fd26e6,1,1,1,1,0,1
case_5a901045,1,1,1,1,1,1
case_538e8373,1,1,1,1,0,0
case_575bd0d6,1,1,1,1,0,0
case_894e7d27,0,1,1,1,1,1
case_94e3857c,0,0,1,1,0,0
case_c10b8114,0,0,1,1,0,1
case_f460e350,1,1,1,1,1,1
case_46d8e051,0,1,1,1,1,1
case_c681b404,1,1,0,1,1,1
case_40355c97,0,0,1,0,0,1
case_b80bc699,1,0,1,1,1,1
case_695bbcc2,1,1,1,1,1,1
case_c41268c9,1,1,1,1,1,1
case_80da6e5b,1,0,1,1,0,1
case_e3ec14f9,0,0,1,0,1,1
case_f480112d,1,1,1,0,1,1
case_69ef6c67,1,1,1,1,0,1
case_a51e0f8d,1,1,1,1,1,1
case_af42ef76,1,1,1,1,0,1
case_9ff12ade,1,0,1,1,0,1
case_a9087fc9,1,1,1,1,1,1
case_de1aa873,1,1,1,1,1,1
case_f79f4f2c,1,0,1,1,1,1
case_94547442,0,1,1,1,1,1
case_4cf7a1bb,1,0,1,1,1,0
case_7bed014f,1,0,1,0,0,0
case_d5e32ed8,0,1,1,0,0,1
case_0b8ce18b,1,1,1,1,1,1
case_696c51e5,1,0,1,0,1,1
case_a183b9e3,1,0,1,1,1,1
case_60320dd2,1,1,1,1,1,0
case_067536e7,0,1,1,1,1,1
case_a6552f77,1,1,1,1,0,1
case_f5dd11b3,0,0,1,1,0,0
case_d2e88cc4,0,0,1,0,0,0
case_cb14219b,0,0,1,0,1,1
case_822e6057,1,1,0,0,0,1
case_1938e015,1,1,0,1,1,1
case_3876150c,1,1,1,0,1,1
case_73ea62bd,0,1,1,1,0,0
case_5d3adf2d,1,1,1,1,1,0
case_6f980d4a,0,0,1,0,0,1
case_cec2a618,0,0,1,0,1,1
case_cf80c876,1,0,1,1,1,0
case_e92c1917,0,1,1,1,0,0
case_3b90508e,1,1,1,1,1,0
case_20b3049f,0,1,1,0,1,1
case_0ed88133,1,1,1,1,1,1
case_cedfd13d,1,0,1,1,1,1
case_0b038fd8,1,1,1,1,1,1
case_9aad3787,0,0,0,1,1,0
case_2dd20b9e,0,1,1,1,0,1
case_d0ba4d14,1,0,1,1,0,1
case_2e86725b,1,1,1,1,1,1
case_27e923ea,1,1,0,0,1,1
case_1de6d26b,1,1,1,1,1,1
case_8dc60af8,1,0,1,1,1,1
case_b1176e13,0,0,1,1,1,1
case_df268578,1,1,1,1,1,1
case_1fd5fd6f,1,1,1,1,1,1
case_46febc8c,0,1,1,1,0,1
case_eb0eb0c0,1,1,1,1,0,1
case_3b2f9c28,0,1,1,1,0,1
case_d2ff403c,1,1,1,1,1,1
case_f01ad2a5,1,1,1,1,1,1
case_e41fd93b,1,1,1,1,1,1
case_afe44478,0,1,1,1,1,1
case_0b2d5abc,0,1,0,1,0,1
case_e400c21b,0,1,1,1,1,1
case_ea4fbe05,1,0,0,1,0,1
case_892e634b,1,0,1,0,1,0
case_d5396232,1,1,1,1,0,1
case_fe487292,0,1,1,1,0,1
case_9d12029d,1,1,1,1,0,0
case_3774b37b,1,1,1,0,1,1
case_61681884,1,1,1,1,1,1
case_6e81d26d,1,1,1,1,1,0
case_c596a886,1,1,1,1,1,0
case_6f3e25c5,0,0,1,1,0,1
case_531bb4de,1,0,1,1,1,0
case_0faa6fc9,1,0,1,0,1,1
case_30522215,0,0,1,1,1,1
case_442a6a81,1,0,1,1,1,1
case_80ce94b8,1,1,0,1,1,1
case_58a8cd29,1,1,1,0,0,0
case_2f3ec6de,0,0,1,0,0,1
case_2707ee64,1,1,1,1,0,1
case_8eb1e844,0,1,1,1,0,1
case_18c76e0e,0,1,1,1,0,1
case_8f5331fb,1,0,1,0,0,0
case_2051b524,1,1,1,1,0,1
case_f4fd6811,0,1,1,1,1,1
case_e99288e0,0,0,1,1,0,1
case_879c2f74,0,1,1,1,1,1
case_56f4580d,0,1,1,1,0,1
case_662396c0,0,0,0,0,0,1
case_89e110cb,1,1,1,0,1,1
case_8a1ae6fb,0,0,1,0,0,0
case_4db86db7,0,1,1,0,1,1
case_be9fa86e,1,1,1,1,1,1
case_c0c3ab27,1,1,1,1,1,1
case_0cbb0559,1,1,1,1,1,1
case_73fa7da9,1,1,1,1,0,1
case_19e90109,1,0,1,1,1,1
case_9fde9995,1,1,1,0,0,1
case_273416b2,1,0,1,0,0,0
case_0c775514,1,0,1,1,1,1
case_d7bef4c6,1,1,1,0,1,1
case_88a4d938,1,1,1,1,0,1
case_6eac4531,0,0,0,0,0,1
case_d6f750b3,1,1,1,1,1,1
case_c872b39d,1,0,1,1,0,0
case_a2fa2166,0,1,1,1,1,1
case_bdb8f816,0,1,1,1,1,1
case_a3f72e69,1,1,1,1,0,0
case_83c6e88c,0,0,1,1,1,0
case_caac22a4,0,1,0,1,1,1
case_bb80424a,1,0,1,1,1,1
case_456364a3,0,0,1,1,0,1
case_6360f9f3,1,1,1,1,1,0
case_70cf79bf,1,1,1,1,1,1
case_68372fba,1,1,1,0,0,0
case_87763fb8,0,0,1,1,1,1
case_3726840e,1,1,1,1,1,1
case_18bbea98,1,1,1,1,1,1
case_471ece06,0,0,1,1,0,1
case_c184cf59,1,0,1,1,1,1
case_7e679cbc,0,0,1,0,0,1
case_d6bc10ac,1,1,1,1,1,1
case_873a4e91,1,1,1,1,0,0
case_59fae5f7,1,1,1,1,1,1
case_39747e7a,1,1,1,1,1,1
case_c4a7f6fd,1,1,1,1,0,1
case_952b51cf,1,1,1,1,1,1
case_3f74e21b,1,0,1,1,0,1
case_1a4b8008,0,0,1,1,1,0
case_480da768,0,0,0,0,0,1
case_eecebaab,0,1,1,1,1,1
case_51d772bb,0,0,1,0,1,1
case_6c0a8cdf,1,1,1,1,1,1
case_4417ae92,0,0,0,0,0,0
case_ff42804a,0,1,1,0,1,1
case_771d77f6,0,0,0,0,1,1
case_94caf080,0,0,1,1,0,1
case_139a0ea1,1,0,1,0,1,1
case_b10dc853,1,0,1,1,1,1
case_bac5651d,1,1,1,1,1,0
case_7eff971f,0,0,1,0,0,1
case_14cf18ff,0,0,1,1,1,0
case_7add5606,1,1,1,1,0,1
case_be0d3c92,0,0,1,0,0,1
case_8a6335e6,1,1,1,1,1,1
case_a6200d93,0,1,1,0,1,1
case_38bf228e,1,1,1,1,0,1
case_bab781ba,1,1,1,1,1,1
case_9740e3ea,0,1,1,1,1,0
case_83c0667d,0,0,1,1,1,1
case_abf5e9fc,1,1,1,1,1,1
case_d59a4695,1,1,1,1,1,1
case_fd9533c6,0,1,1,1,1,1
case_c28b10a8,1,0,1,0,0,1
case_69bade45,1,1,1,0,0,1
case_c24d58b3,1,1,1,1,1,1
case_778d89c2,1,1,1,1,1,1
case_7422bfaa,1,1,0,1,1,1
case_0a5df4e2,0,1,0,1,0,0
case_a3f74a3d,1,1,1,1,1,0
case_344eb2d1,1,1,1,0,1,1
case_0b9f0e24,1,1,1,1,1,1
case_167a82c2,0,1,1,0,1,1
case_615b20ea,1,1,1,1,1,1
case_a398a535,1,0,1,1,1,0
case_9f374247,1,1,1,1,1,1
case_86cb56ae,1,1,1,0,0,1
case_75ad122e,1,1,1,1,1,1
case_c31febe4,1,1,1,1,1,1
case_226778e9,0,1,1,1,0,1
case_9f4c4960,1,1,1,0,1,1
case_f1222902,0,1,1,0,1,1
case_42adf096,1,1,0,1,1,1
case_8f46cd1b,0,1,0,0,1,1
case_61cd5b7a,0,1,1,1,1,1
case_cf1c6e19,1,1,1,1,1,0
case_c4d3960e,1,0,1,0,1,1
case_c6d30c45,1,0,1,0,1,0
case_e1995d01,0,0,1,1,1,0
case_a328932f,1,0,1,1,1,1
case_92815895,1,0,0,0,1,1
case_07aa4bc9,1,1,1,1,1,1
case_5988bbc0,1,0,1,1,0,1
case_4ef1042b,0,1,1,1,0,1
case_f3fb8064,1,0,0,0,1,1
case_3fb4fd49,1,1,1,1,1,1
case_e0d8e57c,1,1,1,1,1,1
case_7444330e,1,1,1,1,1,1
case_89235055,0,1,0,0,1,1
case_c1d3292b,1,1,1,1,1,1
case_5bfdb474,1,1,1,1,1,1
case_2d06d206,0,0,1,1,1,0
case_aa613cdd,0,1,1,1,1,1
case_71f5a8a2,1,1,1,1,0,1
case_ef9f9c4b,1,0,1,0,1,1
case_5741c1e4,1,0,1,1,1,1
case_59b1d9ec,1,1,1,1,1,1
case_f106d2d7,0,1,1,1,0,1
case_e3885585,1,0,0,1,1,1
case_f5fde09c,1,1,1,0,1,1
case_7c312a3e,1,0,1,0,1,1
case_2747dd27,1,1,1,1,1,1
case_73c1cc43,1,1,1,0,1,0
case_f526404b,0,0,1,0,1,0
case_170ea81a,1,1,0,0,0,1
case_e1586913,1,1,1,1,1,1
case_68c992bd,1,1,1,0,1,1
case_aed41669,0,0,1,1,1,1
case_557d27b4,1,0,1,0,0,1
case_6dcc1054,1,1,1,1,1,1
case_8b0916b0,1,1,1,1,1,1
case_6c8b7087,0,0,1,0,0,0
case_25970968,1,1,1,1,1,0
case_4656288c,1,1,1,1,1,1
case_1724185d,1,1,1,1,1,1
case_7c85de34,1,1,1,0,1,1
case_60a1da2e,1,0,1,0,1,1
case_8b38d17d,1,1,1,1,0,1
case_bfc39e19,1,0,1,0,1,1
case_4e33722f,1,1,1,1,1,1
case_3687178f,1,1,1,1,0,0
case_a253e125,1,1,1,1,1,1
case_bdacf5cd,1,1,1,1,1,1
case_06d379f7,1,1,1,1,1,1
case_fcb9ea95,1,1,1,1,1,1
case_c49502f0,1,1,1,1,0,1
case_db8010c7,0,1,1,1,1,1
case_d3b6077e,0,1,1,1,0,1
case_4f7cb13e,0,1,1,1,1,1
case_d3e835e7,1,0,1,0,0,1
case_a8d4c450,1,0,1,1,1,1
case_05027c74,1,1,1,1,0,1
case_2cd29c6b,0,1,1,1,1,1
case_433ffe74,1,0,1,1,1,1
case_690e1966,1,0,1,0,1,1
case_23c0b2e5,1,1,1,0,0,1
case_d3506ce5,0,0,1,1,0,0
case_540171da,0,1,1,1,1,1
case_54abce4d,1,1,1,1,1,1
case_a4085169,0,1,1,1,1,1
case_cb769e39,1,1,0,0,1,0
case_936c34e0,1,0,1,1,1,1
case_9a720165,0,0,1,1,0,0
case_0051013d,0,0,1,0,0,1
case_2a065eb3,0,1,1,1,1,1
case_6a4e21e8,1,1,0,1,1,1
case_5fbd1d4c,1,1,1,1,1,1
case_8225ce17,1,1,1,1,0,1
case_87d1adee,1,1,1,1,1,1
case_ec306800,1,0,1,1,0,1
case_5327a3b8,0,0,0,0,0,0
case_3a8f84f8,0,0,0,0,1,0
case_dbd85118,1,1,1,1,0,1
case_ae3be8f7,1,1,0,0,1,1
case_8dd0ae06,1,1,1,1,1,1
case_5a1cc37e,1,1,1,1,1,1
case_6bf30e01,1,1,1,1,1,0
case_6a9e540c,1,1,1,1,1,1
case_2f965d1e,1,1,1,1,1,1
case_94ea8ad6,0,1,1,1,1,1
case_e06d97a7,1,1,0,1,1,1
case_c792ccee,1,1,0,0,0,0
case_c5f4352e,1,0,1,1,0,1
case_02bdccf5,1,1,1,1,1,0
case_81bdee66,0,1,1,1,0,1
case_a4e73619,1,0,1,1,0,1
case_65f555fb,0,1,1,0,1,0
case_33f796b0,1,1,1,1,1,1
case_f8f18864,1,0,0,1,0,0
case_a21f6911,1,1,1,1,0,1
case_409aa6fe,1,1,1,1,1,1
case_c3aa0db8,1,1,1,1,1,1
case_7808e1e2,1,0,1,1,1,1
case_9cd7cd11,1,1,1,1,1,0
case_ef6fc2db,0,1,1,1,0,1
case_a9869e4f,1,0,0,1,1,0
case_607ad92f,1,1,1,0,1,0
case_c87aa936,1,0,1,1,1,0
case_23a5d428,0,1,1,1,1,1
case_7d0b12e4,0,1,0,1,1,1
case_8ec17924,1,1,1,1,1,0
case_b2d60fe1,0,0,1,0,0,0
case_5bb7215f,0,0,1,1,1,1
case_8f84438a,1,0,1,1,1,0
case_b1dfaae9,1,1,1,1,0,1
case_70ede19f,0,0,1,1,1,1
case_17a85ae5,0,0,1,1,0,0
case_58371bef,1,0,1,1,1,1
case_78a3296e,1,0,1,1,1,1
case_80615a11,1,1,1,1,1,1
case_324843cc,0,1,1,1,1,1
case_be7e9923,1,0,1,0,1,1
case_4502df59,1,1,1,0,1,1
case_7c0400b5,1,1,1,1,0,0
case_64ae8eb0,1,0,1,0,1,1
case_79ac0aec,1,0,1,1,1,1
case_39dec0ef,1,0,1,1,1,1
case_f12e69d1,0,1,1,1,1,1
case_9e40d417,1,0,1,1,1,1
case_28dee5c1,1,1,1,1,0,1
case_f9839898,1,1,1,1,0,1
case_46087dec,1,0,1,1,1,1
case_505b3d21,1,1,0,1,1,1
case_f9d8b85a,1,0,1,1,0,0
case_ef14ce40,1,0,1,1,0,1
case_ef9fc6eb,1,1,1,1,1,1
case_a9e181c4,1,0,1,1,0,1
case_6df76b48,1,0,1,1,1,1
case_b5f72cbe,1,0,1,1,0,1
case_fca59136,1,1,1,1,1,1
case_99068c7b,0,1,1,0,1,1
case_047b31bb,1,1,1,1,1,0
case_918beb8a,0,1,1,0,1,1
case_4dc942ee,0,0,1,1,0,1
case_a5636604,0,1,1,0,1,1
case_3f4ea3e9,0,0,1,0,0,1
case_97924481,1,1,1,1,0,1
case_9d07b517,1,1,1,1,1,1
case_0d92592a,1,0,1,0,1,1
case_703efe5f,0,0,1,1,1,1
case_514402dc,1,0,1,1,0,1
case_9bac487c,1,1,1,1,1,0
case_3a9b833f,0,1,1,0,1,0
case_49b936d8,1,0,1,1,0,1
case_20837008,1,1,1,1,1,1
case_1106b43a,0,0,1,0,0,0
case_7b288034,0,1,1,1,1,1
case_08e34b93,0,0,1,1,1,1
case_e7c37ed0,1,0,1,0,0,0
case_2f2fd3eb,1,1,1,1,1,1
case_79639ba3,0,0,1,0,1,1
case_530f07a8,1,1,1,1,1,1
case_a68a3634,1,0,0,1,1,0
case_36c416fb,1,1,1,0,1,1
case_d402c4dd,1,1,1,1,0,1
case_723ffb13,0,1,1,1,0,1
case_95c3c32e,1,1,1,1,1,1
case_a89a894e,1,0,1,1,1,1
case_19427b7e,1,0,1,1,1,1
case_dcb9e8b1,0,1,0,1,1,1
case_1025b7aa,0,1,1,1,1,1
case_e28c8ff3,1,1,1,1,1,1
case_0173ba56,1,0,1,1,1,1
case_cb99d70b,1,1,1,1,1,0
case_d3d79ab0,1,0,1,1,0,1
case_d13a9a13,1,0,1,1,0,0
case_8efefce3,0,1,0,1,1,1
case_a5ae4ed8,1,1,1,1,1,0
case_28088cd9,0,0,1,0,1,0
case_9a7e9303,1,0,1,1,1,0
case_68535c1f,1,0,0,0,1,1
case_70409e80,1,1,1,0,1,1
case_96169c18,0,0,1,0,1,1
case_9eb5e062,0,1,1,1,1,1
case_f84685dd,0,0,0,1,0,0
case_e463989e,0,1,1,1,1,1
case_699e3cc4,1,1,1,1,0,1
case_029b0805,1,1,1,1,0,1
case_2cec4248,1,1,1,0,1,1
case_a19f4573,1,1,0,1,1,1
case_b147eb02,1,1,1,1,0,1
case_b6f1aedc,1,0,1,1,0,1
case_f6dcb738,1,1,1,1,1,1
case_b8252076,0,0,1,0,0,0
case_0e259422,1,0,1,1,1,1
case_2dc2f1ef,1,0,1,0,0,1
case_d4d104c9,1,1,1,1,1,1
case_7895e13f,1,1,0,1,0,0
case_d751fa5c,1,1,1,1,1,1
case_81df1be9,0,1,1,1,1,1
case_bc29563f,0,0,1,0,1,1
case_7baaf11c,1,0,1,1,1,0
case_68164764,0,1,1,0,1,1
case_524be2d3,1,0,1,1,0,1
case_819b4b77,1,0,1,0,1,0
case_1e6e5f1d,1,1,1,1,1,1
case_ea446dd1,0,1,1,0,0,1
case_aefb72ee,1,0,1,1,1,0
case_84e7bbe3,0,1,1,0,0,1
case_4ac7fbe4,0,1,1,1,1,0
case_79142cf9,0,0,1,0,0,1
case_9aac9df6,0,0,1,1,0,1
case_99eb0d8a,0,0,1,1,1,1
case_1864fc76,1,1,1,1,0,1
case_fdac17d7,1,0,1,1,0,1
case_cc3f78d3,0,1,1,1,1,1
case_1fd573c5,0,1,1,1,0,1
case_25765866,0,0,1,0,0,0
case_d44811f0,0,0,1,1,0,1
case_46cca173,0,1,1,1,1,1
case_05ad0b18,1,1,1,1,1,1
case_7b99d396,0,1,0,1,0,1
case_38aa99ce,1,1,1,1,1,1
case_084a2ee7,1,0,1,0,1,0
case_2a188765,0,0,1,0,0,1
case_3b1a1d14,0,1,0,0,0,0
case_e8cc0ed3,0,1,1,1,1,1
case_c8dc600b,1,1,1,1,1,1
case_5c845ffe,0,0,1,0,1,0
case_6610c4a8,1,0,0,1,1,1
case_39f50ea2,0,1,1,1,0,1
case_5bbd009d,1,0,1,1,0,1
case_fcfc222a,0,1,1,0,0,0
case_84ea6a4c,0,0,0,1,0,1
case_1a766854,0,0,1,1,1,1
case_c26839dd,1,1,1,1,0,1
case_fff03fd4,0,0,1,1,1,0
case_69c34a5f,0,0,1,0,0,1
case_680c49b8,1,1,1,1,0,1
case_cb2ccbba,1,0,1,0,0,1
case_389be75f,0,0,1,0,1,0
case_93853d4c,1,0,1,1,1,1
case_0db0091e,1,0,1,0,1,0
case_ab39c7b3,0,1,0,1,0,0
case_9a214114,1,1,1,1,1,1
case_2a2179fb,1,1,1,0,1,1
case_4dfc8196,1,1,1,0,1,1
case_7a7aaa52,0,1,1,1,1,1
case_0ae74a22,1,0,1,1,1,1
case_d58da06e,1,1,1,1,1,1
case_20722c08,0,0,0,0,1,1
case_0b2d029c,0,0,0,1,1,0
case_49a962c5,1,1,1,0,1,1
case_477daef4,0,1,1,1,1,1
case_6c4df85c,0,0,1,0,1,1
case_cf045119,1,0,0,1,1,0
case_0e72caaa,0,0,1,0,1,1
case_c0cf3667,0,0,1,0,1,1
case_aadd4261,1,1,1,0,0,1
case_bee0798e,1,1,1,1,1,1
case_cf2bc27b,0,0,1,0,0,1
case_cb28051e,1,0,1,1,0,1
case_7704e746,0,1,0,1,0,1
case_4b212461,1,1,1,1,1,1
case_7c1990b1,1,1,1,1,1,1
case_48447e3a,0,1,1,1,1,1
case_fcc1b1d3,0,1,1,1,0,1
case_b2e0e531,0,1,1,1,1,1
case_695d8ff2,1,1,1,1,1,1
case_a4cc69f7,0,0,1,0,1,1
case_501b43a9,0,1,0,0,1,0
case_c42519a0,0,1,0,1,1,1
case_2992240e,1,1,1,1,1,1
case_ebb41e50,0,0,0,1,0,1
case_6322ee83,1,1,1,1,1,1
case_0a05f9ff,1,1,0,1,1,1
case_57532d06,0,1,1,1,1,1
case_452785c8,0,1,1,1,1,1
case_700c2d95,1,0,1,1,1,1
case_7c3044e8,0,1,1,0,1,1
case_f73111ed,1,1,1,1,1,1
case_e03723c8,0,1,1,1,1,1
case_1644f51d,1,0,1,0,1,1
case_08158bb3,0,1,1,1,0,1
case_b3182f94,1,1,1,1,1,1
case_37133de7,1,0,1,1,0,1
case_abe01b72,1,0,1,0,1,1
case_bb97d1de,1,1,1,1,1,1
case_c0166e67,1,1,1,1,1,1
case_e53ca60d,1,1,1,1,1,1
case_bb817f88,0,0,1,0,0,0
case_43e19c30,0,1,1,1,1,1
case_3510c8f7,1,1,0,0,1,1
case_a8adcc6b,1,0,1,1,1,1
case_fce3a401,1,1,1,0,1,1
case_75fba19a,0,1,1,1,1,1
case_5fa58b36,1,1,1,0,1,1
case_c3950c17,1,0,1,0,0,0
case_1f28ec03,1,1,1,1,1,1
case_f134c429,0,0,1,1,0,1
case_f078ad5c,0,1,0,0,1,0
case_67af0e12,1,1,1,1,1,1
case_753ba987,0,0,1,0,0,1
case_458c714a,0,1,1,0,0,1
case_0e1f954a,1,1,1,1,1,1
case_dda7e1b6,1,1,1,1,1,1
case_2cc99577,0,0,0,0,1,1
case_ddd6994b,1,1,1,1,1,1
case_bb0e0623,1,1,1,0,1,0
case_ec8da358,1,1,1,1,1,0
case_e9f7f6fd,1,1,1,1,1,1
case_557729e0,0,0,1,0,1,1
case_c19ca71a,1,1,1,1,1,1
case_ca3c4f33,1,1,1,1,1,1
case_b6936d57,1,1,1,1,0,1
case_61dc1a8c,1,0,1,0,0,1
case_cb16842d,0,0,1,0,0,0
case_cb908697,0,0,0,1,0,1
case_c8f139b8,0,0,1,1,1,1
case_253cca3e,1,1,0,1,1,1
case_681f0f0c,1,0,1,1,1,1
case_f793727e,1,0,1,1,1,1
case_b8bef707,1,0,1,1,0,1
case_9dbc507c,1,1,1,1,1,1
case_22403f96,0,0,1,1,1,1
case_daa95edf,1,1,1,1,1,1
case_6077b517,0,0,1,1,1,0
case_b45d84f9,1,1,1,1,1,1
case_5dd9433b,1,0,1,1,0,1
case_4d509d01,1,0,1,1,0,1
case_3e9a9a20,0,1,1,0,0,0
case_221cb1d6,0,1,1,1,1,1
case_08a730ae,0,1,1,1,1,1
case_2b23cbd5,1,0,1,1,1,1
case_211ee56a,1,1,1,1,1,1
case_3cfcb82b,1,0,1,1,1,1
case_78adece1,1,1,1,1,1,1
case_b1831541,0,0,1,1,1,1
case_466ac94e,1,1,1,1,1,1
case_f9275415,1,0,1,1,1,1
case_64376f12,1,1,1,1,1,1
case_0f33a37b,1,0,1,1,1,1
case_c64938fb,1,1,1,1,1,1
case_6ac470b8,1,1,1,1,1,1
case_64ee256c,0,0,1,0,1,1
case_8fbf89fc,1,0,0,1,0,0
case_9922381b,1,1,1,0,1,1
case_79aaddc1,1,1,0,1,1,1
case_0400816e,1,1,1,1,1,1
case_24b83008,1,1,1,1,1,1
case_aa8473fb,1,1,0,0,0,1
case_5a969bfd,0,1,0,1,0,0
case_d886cb78,1,1,1,0,1,0
case_cac93a5c,0,1,1,0,0,1
case_a651927e,1,1,1,1,1,1
case_c5b58112,1,1,1,1,1,1
case_75673ca1,1,1,1,0,1,1
case_de3fd54d,0,0,1,0,1,1
case_9e9ec7e7,1,1,0,1,0,1
case_aedb5298,0,1,1,1,1,1
case_d406e4c5,0,1,1,1,1,1
case_2a0a80c9,0,0,1,1,1,0
case_2b9e6a1f,1,1,1,1,1,1
case_12904a3d,0,0,0,1,1,1
case_d3ae2c8d,1,0,1,1,1,0
case_2e1ca070,1,1,1,1,1,1
case_31675e42,0,0,1,0,1,0
case_d5814384,0,0,1,0,1,1
case_a05aeb2b,1,0,1,1,1,1
case_5017b4f0,0,1,1,1,1,1
case_42ae53d8,1,1,0,1,1,1
case_647a4d29,1,1,1,0,1,1
case_59d8104d,0,1,1,1,1,1
case_d8281065,0,1,1,1,1,1
case_f70a48d3,1,1,1,1,1,1
case_57bd1bd5,0,0,1,1,1,0
case_168efa00,0,1,1,1,1,1
case_ef68280e,0,0,1,0,0,1
case_15dec87f,0,0,0,0,0,0
case_ccb54ea2,1,1,1,1,1,1
case_a068f9eb,0,0,1,1,0,1
case_9ea3e3f0,1,1,0,1,0,1
case_e0e8a092,1,1,1,0,1,0
case_de68a313,1,1,1,1,1,1
case_6cc9344d,1,1,1,0,0,0
case_54994ba9,1,1,1,1,1,1
case_292bdfb1,0,1,1,1,0,1
case_5ce827ac,1,1,1,1,1,0
case_f7914064,1,1,1,1,1,1
case_d5aa63d1,1,1,1,1,1,1
case_eb612b92,0,0,1,1,1,0
case_b77d5d4f,0,1,1,0,1,1
case_60ffdc23,0,0,1,0,1,1
case_1dd03103,1,0,1,0,1,1
case_550fdfab,0,1,1,0,1,1
case_4934eb38,1,0,1,1,1,1
case_86ab0adf,1,1,1,1,1,1
case_8465578c,0,0,0,0,1,1
case_5b628404,0,1,1,1,1,1
case_bd4b5660,1,0,1,1,1,1
case_7fa85870,1,0,0,1,0,1
case_ca2a772f,1,1,1,1,1,1
case_81036cc8,1,0,1,1,0,1
case_404a1bca,1,1,1,1,0,1
case_ec23a6dd,0,0,1,1,0,0
case_9cd3e23d,1,0,1,1,1,1
case_b53eae84,0,1,1,0,0,1
case_562ac5dd,1,1,1,1,1,1
case_dfdc22e5,1,1,1,1,1,1
case_20765413,1,1,1,1,1,1
case_f0241779,1,0,1,0,1,1
case_07d78f58,1,1,1,1,1,1
case_fb496240,0,1,1,0,0,1
case_b4d31ae2,1,1,1,1,1,0
case_50efb20d,0,1,1,1,0,1
case_85f3bab3,1,1,1,1,1,1
case_cc5d43e1,1,1,1,1,1,1
case_9fa9d90e,1,1,1,0,1,1
case_f7dfad57,1,1,1,1,1,1
case_0c8ec076,1,1,1,1,1,1
case_78e49464,1,1,1,1,1,1
case_54a55b90,1,0,1,1,0,1
case_8dbe71dc,1,1,1,0,0,1
case_71993800,1,1,1,1,1,1
case_c144ee26,0,1,1,1,1,1
case_7c0dc79b,0,0,1,1,1,1
case_c204072b,1,0,1,1,1,1
case_0a520be3,0,1,1,1,1,1
case_8fcd037e,1,0,1,0,1,0
case_e836d540,0,0,1,0,1,0
case_0f65db92,1,0,1,1,0,1
case_a0cc3062,1,0,1,0,0,0
case_76e7c9d8,1,1,1,1,1,1
case_a1f1200a,1,1,1,1,1,1
case_7880e130,1,1,1,1,0,1
case_a66d198b,1,1,1,0,0,1
case_2b0cd1d5,0,0,1,1,0,1
case_2dc5a20f,1,1,1,1,1,1
case_3d2a5c9d,1,1,1,1,0,1
case_3e1359c9,0,0,1,1,1,1
case_451b17fe,1,0,1,0,0,1
case_c0f752e3,1,1,1,1,1,0
case_fced0bbd,0,1,1,1,1,1
case_1b416ac0,0,0,1,1,1,0
case_6982854a,0,0,1,0,1,0
case_51e6819d,0,1,0,1,0,0
case_751bb9ac,1,0,1,0,1,1
case_32f7fb26,1,1,1,0,1,0
case_f3d1e102,1,0,1,1,1,1
case_67ab6692,1,1,1,1,1,0
case_13e3c273,1,1,1,1,1,1
case_96ac4707,1,1,1,0,1,1
case_58ce1379,0,1,1,1,1,0
case_b8cfe715,1,0,1,1,1,1
case_78aee917,1,1,1,1,1,1
case_da36785c,1,0,1,0,1,0
case_521c42d9,1,1,1,0,1,0
case_8e9dd825,0,1,1,1,0,1
case_1ea414fb,1,1,1,1,0,1
case_8f9b1262,1,1,1,0,1,1
case_d34f9249,0,1,1,1,1,1
case_fe6024e1,1,1,1,1,1,1
case_c6f0f150,0,1,1,1,1,1
case_fd4a258d,1,1,1,0,1,1
case_772a6155,0,1,1,1,1,0
case_d11282a4,1,0,1,1,0,0
case_3ba4a994,1,0,1,1,1,1
case_d7d0d3c1,0,0,1,0,1,0
case_b9e197f3,0,1,1,0,1,1
case_5fcbb575,1,1,1,1,1,1
case_70a0e3c0,0,1,1,1,1,1
case_4661505d,1,0,1,1,1,0
case_90f01569,1,1,1,0,1,1
case_6f452356,1,0,1,1,1,1
case_eefab476,1,0,0,0,0,1
case_f86e82e7,1,1,1,1,1,1
case_5ee4a4d3,0,0,1,1,1,0
case_f9bfe8fc,1,1,1,0,1,1
case_b4bacfd2,0,1,1,1,0,1
case_b667fe33,0,1,1,1,1,1
case_7b65a641,1,1,1,1,0,0
case_c4d664d0,1,1,0,1,1,0
case_66b6a312,0,0,1,0,1,1
case_1354eb03,0,1,1,1,1,1
case_0577aa29,1,1,1,1,1,1
case_51bd17ab,1,1,1,1,1,1
case_f9ce834a,0,0,1,1,1,0
case_1b42d493,1,0,0,0,0,1
case_e6739d40,1,1,1,1,1,1
case_7b1a478b,1,1,1,0,1,0
case_7ed5b56b,1,0,1,0,1,1
case_f0946480,1,1,1,1,1,1
case_5064d428,1,0,1,1,0,0
case_8e6f7f4b,1,1,1,1,1,1
case_5c3c0de3,1,0,1,0,0,0
case_dea7628c,1,1,1,0,1,1
case_58fa64ec,1,1,1,1,1,0
case_ec46b905,1,1,1,1,1,1
case_a1c081c7,1,0,1,1,1,1
case_7af83535,1,1,1,0,0,0
case_916637d2,1,1,1,0,1,1
case_9a90cb24,1,1,1,0,1,0
case_af124029,1,1,1,1,0,1
case_f790aa26,1,0,1,0,1,1
case_bef283ac,1,0,0,1,0,1
case_bb6eacd5,1,1,1,1,1,1
case_5d8f0663,1,1,1,1,1,1
case_e424d900,1,1,1,1,1,1
case_1038bcc2,1,0,1,1,1,1
case_9cd59e6c,1,1,1,1,1,1
case_d3be2011,0,1,1,1,0,1
case_132ca3fe,0,0,1,0,1,1
case_5ccf2d3f,1,1,1,1,1,1
case_6846e191,1,1,1,0,1,1
case_e2637237,1,1,1,0,1,1
case_738f1881,1,1,1,1,0,1
case_a268fb0c,0,1,1,0,0,1
case_5ad064b1,0,0,1,1,0,1
case_bd5841cf,1,0,1,0,1,1
case_0939e68d,1,0,1,0,1,0
case_423541a1,1,1,1,1,1,1
case_acb0e50b,1,1,1,1,1,1
case_f00d528f,0,1,1,1,1,0
case_0ae2d02a,1,0,1,1,1,1
case_8e67dc9f,1,0,1,0,0,0
case_ed053f66,0,1,1,1,0,0
case_27f6e0aa,1,1,1,1,1,1
case_f941410a,1,1,1,1,0,1
case_4829128e,0,1,1,1,1,1
case_8b8ea30f,0,1,1,1,1,1
case_9a00d7d6,1,1,1,0,0,1
case_4174aa16,1,1,1,1,0,0
case_c4343411,1,1,1,0,0,0
case_c8672a01,0,1,1,1,1,1
case_802dc2fe,0,0,1,1,1,1
case_f08b9a03,0,0,1,1,1,1
case_31ea0dc6,1,1,1,1,1,1
case_a3751ba8,0,0,1,1,0,1
case_2869059c,0,0,1,1,1,0
case_b4c03479,1,1,1,0,0,1
case_93a40e1d,0,0,1,1,0,0
case_6f10e757,1,0,1,0,1,0
case_beb28b53,1,1,1,1,1,1
case_9af453f3,1,1,1,1,1,1
case_1eecb1e3,1,0,1,1,1,1
case_6280765c,1,0,1,0,0,0
case_b230736b,1,1,1,1,1,1
case_10273526,1,1,1,1,1,1
case_44bc2ea2,1,0,1,0,1,0
case_a113eaa6,0,1,0,0,1,1
case_7b2cb1f9,1,1,1,0,1,1
case_39fceb67,1,1,1,0,1,1
case_4faab2b5,0,1,1,1,1,1
case_c83d2005,1,1,1,1,1,1
case_f133dd99,1,1,1,1,1,1
case_7b28f430,1,0,1,1,0,1
case_2896c95e,0,1,1,1,1,1
case_14ae5426,1,0,1,1,0,0
case_63db6b4c,1,1,1,1,1,1
case_e19dd0cc,1,0,1,0,0,1
case_c21a398d,0,1,0,0,1,1
case_c31582d1,1,0,1,1,1,1
case_ea98c323,0,1,1,0,1,1
case_9456a784,1,1,1,1,1,1
case_f1d97c02,0,0,0,1,1,0
case_5968e31f,1,1,1,1,1,0
case_aaf6be5b,0,1,1,1,0,1
case_e9173a3b,1,1,1,1,1,0
case_e59c1d35,1,0,1,0,1,1
case_78ade4b8,1,1,0,0,1,1
case_c6bf39ef,1,1,1,1,1,1
case_5b668435,1,0,1,1,1,1
case_103dcabe,0,0,1,0,0,1
case_bdb9a1d9,0,0,1,1,1,1
case_0500f709,1,1,1,1,1,0
case_b2599401,0,1,0,1,1,1
case_fd397a58,0,1,1,0,1,0
case_dcf6d8ec,1,1,1,1,1,1
case_85c9be23,0,0,1,1,1,1
case_d21cd26d,1,1,1,1,1,1
case_e6352daa,1,1,1,1,1,1
case_2ad99bec,1,0,1,0,1,0
case_b3747cc9,1,1,1,1,0,1
case_f4f45472,0,0,1,0,1,0
case_714a5e07,0,1,1,1,1,1
case_a5d274c1,1,0,1,1,0,1
case_af9afa6c,1,0,1,1,0,1
case_0192637e,1,0,1,0,1,0
case_4b6367ed,1,1,1,1,1,1
case_ddc0f9b9,1,1,1,0,1,1
case_9b6430af,1,1,1,1,0,1
case_87f90ef5,0,1,0,1,0,1
case_16ed33fb,1,1,1,1,1,1
case_7ca377fb,0,0,1,1,0,1
case_8d1ccb62,1,1,1,1,1,0
case_9a2a32cc,0,1,1,1,1,1
case_0918aae0,0,0,1,0,0,1
case_10764d6f,1,0,1,1,1,1
case_d15698c5,0,1,1,1,1,1
case_852b439b,1,1,1,0,1,1
case_0bd1275e,1,0,0,0,1,1
case_537fbb4a,0,0,1,1,0,1
case_2a62f853,1,0,1,1,1,1
case_a0238a7d,1,1,1,1,1,1
case_6ab3f941,1,1,1,1,1,1
case_9404d55d,1,1,1,1,0,1
case_ead004f6,1,0,1,0,0,0
case_551509a1,1,1,1,1,1,0
case_98a1ee74,1,1,1,1,1,1
case_0cb8945f,1,1,1,1,1,1
case_1f30fdaa,0,1,1,1,0,1
case_3769dc83,1,1,1,1,1,1
case_0efdff0a,0,0,1,0,0,1
case_fa5a22e1,1,1,1,1,1,1
case_7a27423d,1,1,1,1,0,1
case_f8ffd1ad,1,1,1,1,1,1
case_b9d92ec8,0,1,1,1,1,1
case_eb3064c0,0,1,1,1,0,1
case_07dcc6c9,0,0,1,1,1,1
case_5bf6569c,1,1,1,1,1,1
case_8dc5e9f3,1,1,1,1,1,1
case_ee9fa8cc,0,0,1,1,1,1
case_fae44dfe,0,1,1,1,1,1
case_0a3300ad,1,1,1,1,1,1
case_f5fc2ef3,0,1,1,0,1,1
case_59863834,1,1,1,1,1,1
case_85777cfc,1,1,1,1,1,1
case_3f33434c,0,0,0,0,1,1
case_119603a1,1,1,1,1,1,1
case_4811bfbb,1,0,1,1,0,1
case_3f0504d6,1,1,1,1,1,1
case_843d96b4,1,0,1,0,0,1
case_08f34312,1,1,1,1,1,1
case_d2fa6c16,0,1,1,1,0,0
case_5eae2c98,1,0,1,1,0,1
case_2983b1b6,1,1,1,1,1,1
case_a56fffe6,1,1,1,1,1,1
case_97b9bea5,0,0,1,1,1,0
case_db55fee5,1,1,1,0,1,1
case_0a2c644b,0,0,1,0,0,1
case_a35bac0f,1,0,1,0,1,1
case_4cf93d1f,1,1,1,1,1,1
case_22dce2af,0,1,1,1,1,1
case_437e8f36,1,1,1,0,1,1
case_227b918a,1,1,1,1,1,1
case_fff72294,1,0,1,1,0,1
case_3c758066,0,1,0,0,1,1
case_3b0aff0d,1,0,1,0,1,1
case_7c0d70de,1,1,1,1,1,1
case_dbf406db,0,1,1,1,1,1
case_dcebac9c,1,1,1,0,0,1
case_8ea9c5a7,1,0,1,1,1,1
case_64732ef5,1,1,1,1,1,1
case_37823cf5,1,0,1,1,1,1
case_97c58a6d,1,0,1,0,1,1
case_58dbafe8,1,1,1,1,1,1
case_c83dfae2,1,1,1,0,1,1
case_7aeee8ff,0,1,1,1,1,0
case_af3da6cc,1,1,1,1,1,0
case_c225a875,1,0,1,0,1,1
case_a38c123e,1,1,1,1,1,1
case_9b78d829,0,1,1,1,1,1
case_8ce85b56,1,0,1,1,1,0
case_f6802656,1,0,1,1,1,1
case_efd28258,1,1,1,1,1,1
case_525772f0,1,1,1,1,1,1
case_770e6bec,1,1,1,0,1,1
case_987b69c9,0,0,1,1,0,0
case_2828a74f,0,1,1,1,1,1
case_f52648af,0,0,1,1,1,0
case_499d0c57,1,0,1,0,0,0
case_a9ad0bdb,1,1,1,1,1,1
case_943cf8b3,1,1,1,1,1,1
case_c9627074,1,1,1,0,1,1
case_7de4e204,1,1,1,1,0,0
case_3024a7af,0,0,0,0,1,0
case_60008054,0,1,1,0,1,1
case_06508410,0,0,1,0,0,1
case_7695714c,1,1,1,1,0,1
case_8ae6ada3,1,0,0,0,1,1
case_812b5d1e,1,1,1,0,1,1
case_a1883902,1,1,1,0,1,1
case_a9b275f4,1,1,0,1,1,1
case_2409e7a1,0,1,1,0,1,1
case_b9531514,0,1,1,1,1,0
case_446afef0,1,0,1,1,1,1
case_b65603af,1,0,1,0,1,1
case_f26dd1d8,1,1,1,0,1,0
case_859c7136,0,1,1,0,1,1
case_d8bdba34,1,1,0,0,1,1
case_219c0be1,1,1,0,1,1,1
case_913093b4,0,0,1,1,0,1
case_e8ef3fee,1,1,1,1,1,1
case_d24c69cc,1,0,1,0,1,1
case_4c430902,1,1,1,1,1,1
case_e505d914,0,1,1,0,1,0
case_1fa6945c,1,0,1,1,1,0
case_463048d9,1,0,1,0,1,1
case_43e7fb96,1,1,1,1,1,1
case_a19c16e4,0,0,1,1,0,1
case_59d3cca2,1,1,1,0,0,1
case_92ef0603,1,1,1,0,1,0
case_0040c6a4,1,0,1,0,0,1
case_33afffb9,0,1,1,1,1,1
case_af2b2812,1,1,1,1,1,1
case_34f24bd2,0,1,1,1,1,1
case_947be44a,1,1,1,1,1,0
case_6711ecce,1,1,1,0,0,1
case_66ab5959,1,1,1,1,0,1
case_9774dce8,1,1,1,1,1,1
case_f9be912a,1,0,1,1,1,1
case_6c5079db,1,0,1,0,1,1
case_e663d24e,1,1,1,1,1,0
case_f3da556c,0,1,1,1,1,1
case_75d0346b,1,1,0,0,0,1
case_df87ba77,0,1,1,1,1,1
case_3a4ac9f7,1,1,1,1,1,1
case_58a32254,1,0,1,1,1,1
case_6ae13c39,0,1,1,1,1,1
case_b9af2ce4,0,0,1,1,1,1
case_1d72df71,1,1,0,1,1,1
case_89fc2cdb,1,1,1,1,1,1
case_33c81f96,1,1,1,0,1,1
case_628567f6,0,0,1,1,1,1
case_d94c9b39,1,1,1,0,0,1
case_d8ddc931,0,0,1,1,0,1
case_9abab2d6,1,1,0,0,0,1
case_a1bbcd62,1,1,1,0,1,1
case_6cfa4c89,1,0,1,0,1,1
case_455556fa,0,0,1,0,0,1
case_2fa23d82,1,1,1,1,1,1
case_29a01960,1,0,1,1,1,1
case_57a63f20,0,1,0,0,1,0
case_b5e9617f,0,1,1,0,0,0
case_7f4e99f1,1,1,1,1,1,1
case_3d8ddf25,1,1,1,1,1,1
case_d4ba3039,0,0,1,0,0,0
case_87333ad5,1,1,1,1,1,1
case_215fb09e,1,1,1,1,1,1
case_4175486f,1,1,1,0,1,1
case_ed28f300,1,1,1,1,0,1
case_109bdd0c,1,0,1,1,1,1
case_12b7a6c6,1,1,1,0,0,1
case_0f118e3c,0,0,1,0,0,1
case_0d7b1aa4,0,1,1,1,1,1
case_8f17c144,1,1,1,1,1,1
case_4f2d6ebc,0,0,1,1,1,1
case_46f5e5dc,0,0,1,0,1,0
case_b2e0b66c,0,1,1,1,0,1
case_c42c06dd,1,1,1,1,1,1
case_54f388e8,0,1,1,1,1,1
case_29921365,1,1,1,1,1,1
case_f99114dc,0,0,1,1,0,1
case_87198026,1,0,1,0,1,1
case_075db567,1,0,1,1,1,1
case_ab86371a,1,1,1,1,1,1
case_403ccf73,0,1,1,1,1,1
case_943a8145,1,1,1,1,1,1
case_481aa7c7,0,0,1,1,0,0
case_97eb165b,0,0,1,1,1,1
case_68e76e08,0,1,0,0,1,0
case_734d9cf9,0,0,1,1,1,1
case_367f9db5,1,0,1,1,1,1
case_658bc8fd,1,0,1,1,1,1
case_a12894fb,1,1,1,1,1,1
case_5b302b7c,0,0,0,1,1,0
case_4e501c27,0,1,0,1,1,1
case_a8423ec4,0,0,1,0,1,1
case_4d684289,0,0,1,1,1,0
case_9665c881,0,0,1,1,0,1
case_2dab5356,1,0,1,0,1,1
case_befa319f,1,0,1,1,1,0
case_e69efc58,0,1,1,0,1,1
case_6a79f182,1,1,1,1,1,1
case_185cd913,1,1,1,1,1,1
case_b63edede,0,1,1,0,1,1
case_3dc08b8d,1,0,1,1,1,1
case_4630b6c7,1,1,1,1,1,1
case_99653816,0,1,1,1,0,0
case_c727ece1,0,0,1,0,0,0
case_337c4ffc,0,1,1,1,0,1
case_0293363f,1,0,1,0,0,1
case_da69219b,1,1,0,0,1,1
case_7f3192c2,1,0,0,0,1,1
case_0f027637,1,1,1,0,1,1
case_7ab04624,1,1,1,1,0,1
case_f5b273ee,0,0,1,1,0,1
case_67e9dcbe,1,1,1,1,1,1
case_6e2b6557,1,1,1,1,1,0
case_202d3e48,0,1,1,0,1,1
case_2fbe30f2,1,0,1,1,1,1
case_14821aa2,1,1,1,1,1,1
case_ca39e047,1,0,1,1,0,0
case_018acfbe,1,1,1,1,1,1
case_9cfd7329,0,1,1,1,0,1
case_687f8cc0,1,1,1,0,1,1
case_d0d1ce27,1,1,0,1,1,1
case_ec309e45,1,1,1,1,1,1
case_896fe5a4,1,1,1,0,1,1
case_942000f8,0,0,1,0,1,1
case_1faf3491,0,0,1,0,1,1
case_ff715df5,0,1,1,1,1,1
case_c760862a,0,0,1,1,1,1
case_29cac731,0,1,0,1,0,1
case_ae792a27,1,1,1,1,0,1
case_cfe92b53,1,1,1,0,0,1
case_b71c9fb2,0,0,0,0,0,1
case_728d4097,0,0,1,1,0,0
case_e9daea30,1,1,1,1,1,0
case_18aa8e24,1,1,1,1,1,1
case_add29ce1,0,0,1,1,0,0
case_756c5df1,1,1,1,1,1,1
case_5130f096,0,1,1,1,1,0
case_cf7c7267,0,1,1,1,0,1
case_e5104c00,0,1,1,0,0,1
case_16cad08c,0,0,1,1,1,0
case_bfb4535c,1,1,1,1,1,1
case_4a3b60f8,0,1,1,1,1,1
case_bbc7cb6e,0,0,1,1,1,1
case_8b96f0f2,1,1,0,0,0,1
case_e63bf06f,0,1,0,0,0,1
case_98acecf5,0,1,1,1,1,0
case_f62ec9a0,1,1,1,1,1,1
case_929db3a9,1,0,1,0,0,0
case_1bfe9ffb,1,1,0,1,1,0
case_6f0bee1f,1,1,1,1,1,1
case_eaf971ce,1,1,0,1,1,0
case_2831ac0e,1,1,1,1,0,1
case_e4aa1066,1,0,1,1,0,1
case_4a1cd3e8,1,1,1,1,1,1
case_945be683,1,1,1,0,0,1
case_3d45b802,1,1,1,0,1,1
case_4c3958ae,1,1,1,1,1,1
case_29e97d87,1,1,0,0,1,1
case_7baea1ce,1,0,1,1,1,1
case_12343d92,1,1,1,1,1,1
case_8ee6b262,0,1,1,1,1,1
case_9cb19cad,0,0,1,0,1,1
case_0d9fec09,1,0,1,1,1,0
case_51ee7be5,1,1,1,1,0,1
case_f327e682,0,1,0,1,1,1
case_8854b47f,1,1,0,1,0,1
case_e2739106,1,0,0,0,0,0
case_63b86735,0,0,1,1,0,1
case_a4dcd49f,0,0,1,1,1,1
case_53404f7b,0,0,1,1,1,0
case_309d6ffb,0,0,1,1,1,1
case_db10076c,1,1,1,1,0,0
case_81abbec4,1,1,1,1,1,1
case_780a434d,0,1,0,0,1,1
case_b84f45b5,1,1,1,1,1,1
case_d2585fad,1,1,1,1,1,1
case_6e9d6b5b,1,0,1,1,1,1
case_e4add831,1,0,1,1,1,0
case_58f3be53,1,1,1,1,0,1
case_bf929258,1,1,1,1,1,1
case_05985969,0,0,1,1,0,0
case_0c409885,1,1,0,0,1,1
case_499a394f,0,1,1,0,1,1
case_8f20342b,0,1,1,1,1,0
case_2d8def4a,1,0,1,1,1,1
case_923776d7,0,1,1,1,0,0
case_a8de79e8,1,0,0,0,0,0
case_b00488e8,1,1,1,1,0,1
case_1a9afdc5,1,0,1,1,1,1
case_0edc67ab,1,1,1,0,1,1
case_da22fbbe,1,1,1,1,1,1
case_7f850c0d,1,1,1,1,1,1
case_83fbcaa1,1,1,1,1,0,1
case_a4cddec1,1,1,1,1,1,1
case_277182e7,0,0,1,1,1,1
case_bbfde82e,1,1,0,1,1,1
case_fa9c137f,1,1,1,1,1,1
case_a70f53d5,0,0,1,1,1,1
case_9f791710,1,1,1,1,1,1
case_7092f278,1,0,1,1,0,1
case_fbf417e8,1,1,1,1,1,1
case_1c025f1b,0,1,1,1,0,1
case_233025f0,0,1,1,1,1,0
case_5a8c2610,1,0,1,1,1,0
case_50543d69,1,1,1,1,1,0
case_ec543ff8,1,1,1,1,1,1
case_4388dedd,0,1,1,1,0,1
case_3f9bee5a,0,0,1,1,1,1
case_787f72aa,1,0,1,1,1,1
case_a4d4c37e,1,1,1,1,1,1
case_01fcda3e,0,1,1,0,1,1
case_b49b87bd,1,0,1,1,1,1
case_2ee20b47,1,1,1,1,1,1
case_58139c46,1,1,1,1,1,1
case_13ed6a21,0,0,1,0,1,1
case_59860bb3,1,0,1,1,1,1
case_3900d68c,1,1,1,1,1,1
case_e3ca9c7f,1,0,1,1,1,0
case_40f26ae2,1,1,1,0,1,1
case_f06153f5,0,1,1,1,1,1
case_e5c4bcb9,0,1,1,1,1,1
case_cf505b66,1,0,1,0,1,1
case_31f64556,1,1,1,1,1,1
case_ea0c4212,1,1,1,1,1,1
case_833de9a0,1,1,1,1,1,1
case_c07c302d,1,1,1,0,1,0
case_a11f0c78,1,1,1,1,1,1
case_ecf26dcd,1,0,1,0,1,1
case_bda73320,1,1,1,1,1,1
case_1637a7ef,0,0,1,1,0,1
case_be2b0bd9,1,1,1,1,1,1
case_9aadd346,0,1,1,1,1,0
case_52a53ff7,1,1,1,1,1,1
case_67a5e120,1,1,1,0,1,1
case_0cbc1ea1,1,1,1,1,1,1
case_a9bde26a,1,0,1,1,0,1
case_df34d004,0,1,1,1,1,1
case_bef192fe,1,1,1,1,1,1
case_b66e4cdd,1,0,1,0,1,0
case_8bdf9f4c,0,1,1,0,0,1
case_2786fcae,1,1,1,0,1,1
case_31dc7646,1,1,1,1,1,1
case_4a105b69,0,0,1,0,0,1
case_845d9edc,0,1,0,0,1,1
case_d3379387,0,1,1,1,0,1
case_95765648,0,0,1,1,1,1
case_8a8e39d0,0,1,1,1,1,1
case_4a7a0b2a,0,1,1,1,1,1
case_c730f8fe,1,1,1,1,1,1
case_771955ce,1,1,0,1,1,1
case_2ba880a0,1,1,1,1,1,1
case_59ccc1b8,0,1,1,1,0,0
case_2d3902f9,1,1,1,1,1,1
case_7e67b9f2,1,0,1,1,1,1
case_f0c5f09f,1,1,0,1,0,0
case_fbecd13c,1,1,1,1,1,1
case_375b3d1f,0,0,1,1,1,0
case_c6205231,1,1,0,1,1,0
case_4fe9327b,1,1,0,1,1,0
case_2378608e,1,1,1,1,1,1
case_3a66722c,0,0,1,0,1,0
case_5fd64e5c,1,1,1,1,1,1
case_c1c6787e,1,0,1,0,1,1
case_7eeee47b,1,1,1,1,1,0
case_bab7cf53,0,1,1,1,1,1
case_1b2960f9,0,0,1,1,0,1
case_0ae16427,1,1,1,1,1,1
case_b595bb3c,1,1,1,1,1,1
case_aa51a760,1,1,1,1,1,1
case_1755559d,0,0,1,1,0,1
case_d18cfba5,1,0,1,1,1,1
case_58bf9194,1,1,1,1,1,1
case_3c6572c9,1,0,1,1,1,0
case_022fcd66,0,0,1,1,1,1
case_276b75fb,1,1,1,1,1,1
case_d2deea2c,0,0,1,0,1,0
case_85bfa733,0,1,1,0,1,0
case_28c2c724,0,0,1,1,1,1
case_fdf68b1c,1,1,1,1,1,1
case_4cd37f54,0,0,0,1,0,0
case_8935f2ea,1,1,1,0,1,1
case_6c2707b9,0,1,1,1,1,1
case_37476d9a,1,1,1,1,1,1
case_24a4eec8,1,0,1,1,1,1
case_1c4036e0,0,1,1,1,0,1
case_08595e71,1,1,1,1,0,1
case_9430bc20,0,1,0,0,1,1
case_2484a517,1,1,1,1,0,1
case_08f1a6db,1,0,1,1,1,1
case_b75e1aaf,1,1,1,1,1,1
case_3fa82427,0,0,1,0,0,1
case_45a48769,1,1,1,1,1,1
case_728e0e61,1,1,1,1,1,1
case_d3e26006,1,0,1,1,1,1
case_09d0aabe,1,1,1,1,0,0
case_41bd0b1f,0,1,1,1,0,1
case_93a15dbe,0,1,0,1,0,1
case_c582a1fe,0,0,0,1,0,1
case_27b1d342,0,1,1,1,1,1
case_5aa95d23,0,0,0,1,1,1
case_7115d9f3,0,1,1,1,1,0
case_a861a58d,1,1,1,1,1,1
case_e46a71c2,0,1,1,1,0,1
case_0317c996,1,1,1,1,1,0
case_1a2b23dd,0,1,1,1,1,1
case_8ca744ea,1,0,1,0,1,1
case_6bf66f79,1,0,1,0,1,1
case_f0b97ce2,1,1,1,1,1,1
case_995be0b5,0,1,1,1,1,1
case_91dcb513,1,1,1,1,1,1
case_4aebd4a9,1,0,1,0,1,0
case_2c6778f6,0,1,1,1,0,1
case_352d8ed7,0,0,1,0,0,1
case_d7a87e00,1,1,1,1,1,1
case_52cedc23,1,1,1,1,1,0
case_7364a0f7,1,1,1,1,1,1
case_bb94f2c7,1,0,1,0,1,1
case_dfea32a4,1,0,1,0,1,0
case_c98cbe2a,0,0,1,1,1,1
case_93b335c4,0,1,1,1,0,1
case_06c0588d,0,1,1,0,1,1
case_f8885319,0,1,1,0,0,1
case_89a7ceb0,0,0,0,0,1,1
case_f8b70bba,1,1,1,1,1,1
case_3f0f3405,0,0,0,0,0,1
case_4abdc226,0,1,1,1,1,1
case_242af2af,1,1,1,1,1,1
case_f974087b,1,1,1,1,1,1
case_dd979423,1,1,1,1,1,1
case_330f53b9,1,0,1,1,0,1
case_c155f5e1,0,0,1,1,0,1
case_39786318,1,1,0,1,1,1
case_3d5888d7,0,0,1,1,1,1
case_318dab82,0,1,1,0,0,1
case_f86f6a4c,1,1,1,1,1,1
case_8eb1de1b,1,1,1,1,1,0
case_69c9365a,0,0,1,0,1,0
case_dbaa8c41,1,1,1,1,1,0
case_e436257a,0,0,1,1,1,1
case_17dcc78d,1,1,1,0,0,1
case_393a6eed,0,1,1,0,0,1
case_f709e268,0,1,1,1,1,1
case_8ce813dc,0,1,1,0,0,1
case_ebdf1529,1,1,1,1,1,1
case_17dadb65,1,1,1,1,1,1
case_ec3dc086,1,1,0,0,1,1
case_0f01624a,0,1,1,1,1,1
case_62c32e91,1,0,1,1,1,1
case_9cc68e90,1,1,1,0,1,1
case_37d32d9e,0,0,1,1,1,0
case_1aa60775,1,1,1,0,1,1
case_738508ee,1,0,1,1,1,1
case_02b85e0a,0,0,1,1,0,0
case_f843beee,0,1,1,1,1,0
case_f064cf0a,0,1,1,0,1,1
case_2fecdb13,1,1,1,1,1,1
case_e251170a,0,0,1,0,1,1
case_004799aa,1,0,1,0,1,1
case_8d056f54,1,0,1,1,1,1
case_631c938b,1,1,1,1,0,0
case_b41d79c1,1,1,1,1,0,1
case_5b490fdc,1,1,1,0,0,1
case_4bc5dbab,1,1,1,1,1,1
case_29f1d050,1,1,1,0,1,1
case_499a389f,0,0,1,0,0,1
case_3ef449c0,1,0,0,0,0,1
case_651a0f04,1,1,1,0,1,1
case_923651e0,1,0,1,1,1,1
case_ba56fd47,1,1,1,1,1,0
case_5d4aa2d5,1,0,1,1,1,1
case_27331a03,1,1,1,1,1,1
case_01eb51ac,1,1,1,1,1,0
case_d38a5ff5,0,1,1,1,0,1
case_fa2cc97b,1,0,0,1,0,1
case_f4a884f5,1,1,1,0,1,1
case_a750d8cb,1,1,1,1,1,1
case_77d84674,1,1,1,0,1,1
case_7ab60cd6,0,1,1,0,1,1
case_98d1aaec,1,1,1,0,1,1
case_964ddbe3,1,1,1,0,1,1
case_1d9db584,0,1,0,1,0,1
case_69795f5a,1,1,1,0,1,1
case_b19c591e,1,1,1,1,1,0
case_334bf58e,0,0,1,1,1,1
case_18af29fe,1,1,1,1,1,1
case_cefea6bf,1,1,1,1,1,1
case_a2501c83,1,0,1,1,1,1
case_b1710383,0,1,1,0,1,1
case_02941176,0,1,1,0,0,1
case_b5ad7f29,1,0,1,0,1,1
case_3ddc853f,1,1,1,1,1,0
case_dbffe701,0,1,1,1,1,1
case_074f2b79,1,1,1,0,1,1
case_fdbb44b7,1,1,0,0,0,0
case_a342d092,1,1,1,1,1,1
case_ce6fc62b,1,1,1,1,1,1
case_b6c44e90,0,1,1,1,0,1
case_05dad917,1,1,0,1,1,1
case_7ed53529,0,1,1,1,1,1
case_65fbe38f,0,0,1,1,0,1
case_9bac1437,1,1,1,1,0,1
case_cd27e949,1,1,1,1,1,1
case_fd13abb9,1,1,1,1,1,1
case_5e1eb152,1,0,1,1,1,0
case_01ad1bb1,1,1,1,1,1,0
case_30c93ab8,1,0,1,1,1,1
case_b898a015,1,1,1,0,1,0
case_c61a46f7,0,0,1,1,0,1
case_98a88a40,1,0,1,1,1,1
case_b7f6ab36,0,0,1,1,1,1
case_94aaa5e8,0,1,1,1,1,1
case_a6b7620c,0,0,1,1,1,1
case_f9b0ed81,1,0,1,1,0,0
case_92fdf05d,1,1,1,1,1,1
case_2614e0d3,1,1,1,0,1,0
case_5e743357,0,0,1,1,1,1
case_25f2fc50,0,1,1,0,0,1
case_4114488d,1,1,1,0,0,0
case_779dd43b,0,1,1,1,1,1
case_2fd486cb,1,1,1,1,1,1
case_3309cc2a,0,1,1,1,1,0
case_becea383,1,1,1,1,1,0
case_bad17e62,0,0,1,1,1,1
case_179b71d9,1,0,1,1,1,1
case_6218c498,0,1,1,1,1,1
case_dddbf9c1,1,1,1,1,0,0
case_7130e1f4,0,1,1,1,1,1
case_8de3483c,0,1,1,1,1,1
case_9dc0fb0e,0,0,0,1,1,1
case_66ded87e,1,1,1,1,1,1
case_4deae8dc,0,0,1,0,1,1
case_0db13a6b,1,1,1,1,1,1
case_03b7637f,0,1,0,1,0,1
case_370054d8,0,0,1,1,1,1
case_b43f37a0,1,0,1,1,0,0
case_bbf82b68,1,1,1,1,1,1
case_8d76f0ae,1,1,1,1,1,1
case_ef19aaec,0,1,1,1,1,1
case_1f49a148,0,1,1,1,1,0
case_e68eb13a,1,1,1,1,1,1
case_d348db9b,1,1,1,0,1,1
case_418f8bb0,0,0,1,1,1,1
case_0e507432,0,1,0,0,0,1
case_c73656f6,0,0,1,1,1,1
case_f4bdabcf,1,0,1,1,1,1
case_c1d24d59,1,0,1,0,0,1
case_3b07c98a,1,0,1,0,1,1
case_48b08ac7,0,1,1,1,1,1
case_c04bb27b,1,1,0,1,0,1
case_b4d6ec03,1,0,1,1,1,1
case_51187ed7,1,1,1,1,1,1
case_db98ef64,1,1,1,0,1,1
case_0007bd21,1,1,1,1,1,0
case_f95de1b6,1,1,1,1,1,1
case_42653410,0,1,1,0,1,1
case_2241b971,1,1,1,1,1,1
case_22b23e83,1,0,1,1,1,1
case_50c3c87d,0,0,1,0,0,1
case_e0c3d6d4,0,1,1,1,1,1
case_73b27b1e,0,0,1,1,0,1
case_0492c9e5,1,1,1,1,1,1
case_de7b6c8b,1,0,1,1,1,1
case_3086f012,1,1,1,1,1,1
case_11fb43bf,1,1,0,0,1,1
case_a57d827e,1,1,1,1,0,0
case_0d00f103,1,1,1,1,1,1
case_2d1886e7,1,1,1,1,1,1
case_edcdbef3,1,1,1,1,1,1
case_a08b52ae,1,1,1,1,1,1
case_94994d18,1,1,1,1,1,1
case_c947334e,0,1,1,1,1,1
case_fd2def79,1,1,1,0,0,0
case_efb6f200,0,1,1,1,1,1
case_5bd47f01,1,0,1,1,1,0
case_f60d9274,1,0,1,1,1,1
case_509099a3,1,1,1,1,1,1
case_8fdef9ce,1,1,1,1,1,1
case_e8781303,1,1,1,0,1,1
case_3d1a43dc,1,1,1,0,1,1
case_a7144585,1,1,0,1,0,1
case_a791032a,1,0,0,0,1,1
case_f37ba7f4,0,1,1,1,1,1
case_3b872928,1,0,1,1,1,1
case_14be7724,1,0,0,0,0,0
case_cad1b24c,0,1,1,1,1,1
case_0789dfde,1,1,1,1,0,1
case_c9961da8,0,1,1,1,1,1
case_66d1f393,1,0,1,0,0,0
case_8854fda5,1,1,1,0,1,1
case_2fd7cca2,0,0,1,1,0,0
case_3d76dc83,1,1,0,1,1,1
case_d8759192,1,1,1,1,1,0
case_2c82b47b,1,0,1,0,1,0
case_9b7365b1,0,1,1,0,0,1
case_61db8b2f,1,1,1,1,1,1
case_3b827629,1,1,1,1,1,1
case_dfcdf8d9,1,0,1,1,1,0
case_e495802a,1,1,1,1,1,0
case_65a64ac8,0,1,1,1,1,1
case_5643d6cd,0,1,1,0,1,1
case_f0e48700,1,0,1,1,0,1
case_66dc901e,0,1,1,1,1,1
case_c53faa00,1,0,1,0,1,1
case_da26b5fb,0,1,1,1,0,1
case_9c57baff,1,1,1,0,1,1
case_f99d767b,0,0,1,1,0,0
case_0f72fd1b,1,1,1,1,1,1
case_168c3ccc,1,1,1,1,1,1
case_22301026,0,0,1,1,0,1
case_74cf7e13,0,0,1,1,1,1
case_f14a0d0c,1,1,1,1,1,1
case_c00dceb3,0,0,1,1,1,1
case_ae433567,1,0,1,0,1,0
case_77981074,0,0,1,1,1,1
case_d3aa24ae,0,0,1,0,1,1
case_e33014d9,1,1,1,1,1,1
case_15dbd88b,0,1,1,1,0,0
case_d7b8cd1d,1,1,1,1,1,1
case_1e958809,0,0,1,1,1,0
case_4a858c36,1,1,1,1,1,1
case_2aaf6583,0,0,0,0,1,1
case_e4400d3e,1,0,1,1,0,1
case_7721a7b8,0,0,1,1,1,1
case_cf7703a2,1,1,1,1,1,1
case_91e3dc5c,0,1,1,1,1,1
case_46b2e508,1,1,1,1,1,1
case_50ebbc2a,0,0,1,1,1,1
case_033e78ea,0,1,1,1,1,1
case_7f33e50c,0,1,1,1,1,1
case_22367a01,0,1,1,1,0,1
case_0acb23f9,0,0,1,0,1,0
case_f1175618,1,0,1,1,1,1
case_02a593ed,0,0,1,1,1,1
case_43b4b2a8,1,1,1,1,1,1
case_747cd381,1,1,1,1,1,1
case_bc433591,1,1,1,1,1,1
case_6a4b0c00,0,1,1,0,1,1
case_43edeab2,1,1,1,1,1,1
case_d92c92bc,1,0,1,1,0,0
case_23b50ff6,0,1,1,1,1,0
case_cc0b94f2,0,1,1,1,1,1
case_7d4d06ac,0,1,1,1,1,1
case_80d08279,1,0,1,1,1,1
case_afe56c77,1,1,1,1,1,1
case_444266a2,1,1,1,1,1,1
case_7ab68e9b,0,1,1,1,1,1
case_2e8c7f0c,1,1,1,1,0,1
case_1c8d1c63,0,1,1,1,1,0
case_ca5f0cc7,1,1,1,0,1,1
case_d6015353,1,1,1,0,1,1
case_4232fe1c,1,1,1,0,1,0
case_9afd0d7b,0,1,1,1,1,1
case_e1f17f4f,1,0,1,1,1,0
case_0ae438b4,0,1,1,0,1,1
case_6375db57,1,0,0,1,1,1
case_2212a203,1,0,1,1,1,1
case_248263c0,0,1,1,1,1,0
case_b34b11d7,1,0,1,1,0,1
case_8fb08995,1,0,1,1,0,0
case_64b4ca0c,1,0,1,1,1,0
case_dd9d8d00,0,0,1,0,1,1
case_203f0e4f,1,1,1,0,1,1
case_13069462,1,1,1,1,1,1
case_ae871cc4,0,0,1,1,0,1
case_ee356c9d,1,1,1,1,1,1
case_b1cc8bb7,1,1,1,1,1,1
case_9c4a5121,1,0,1,1,1,1
case_bf406885,0,1,1,0,1,1
case_01415c47,0,1,0,1,0,1
case_72f89db3,0,1,1,1,1,1
case_9dbfd568,1,1,1,1,1,1
case_401e2454,1,1,1,0,1,1
case_01f0ab4c,0,1,1,0,0,0
case_39551543,0,0,0,0,0,1
case_ab1f3b60,1,1,1,1,1,1
case_49a1aa03,0,0,1,0,1,0
case_c8b6d600,0,0,0,1,0,1
case_3191a29c,1,1,1,1,0,0
case_df778b19,1,1,0,0,1,1
case_21921aa3,0,0,1,1,0,1
case_02131341,0,0,1,1,0,1
case_c5225540,0,0,1,0,0,1
case_eb37b8aa,0,1,1,0,1,1
case_5de997b0,1,0,1,1,0,1
case_63340fe2,1,1,1,0,0,1
case_84b337ad,1,1,1,1,1,1
case_e7deb35c,0,0,1,1,1,1
case_2f76410c,1,0,1,1,0,1
case_64869103,1,1,1,1,1,1
case_b7e68b1f,1,1,0,0,1,1
case_740336f6,0,1,1,0,0,0
case_818581eb,1,0,1,1,1,1
case_8857221b,1,1,1,1,1,0
case_e73f3347,1,1,1,0,1,0
case_5dfbb8de,1,1,1,1,0,1
case_04ec7daf,1,1,1,1,0,1
case_3e867651,1,1,0,1,0,1
case_19c08db2,1,1,1,1,0,1
case_bd8fcee3,1,1,0,1,0,1
case_f288fc70,0,0,1,0,0,1
case_f5ba6165,1,0,1,0,0,0
case_dbd290b9,0,0,0,1,0,1
case_0902e11d,1,0,0,1,0,0
case_e41fe705,1,1,1,0,1,1
case_bd8c2a6e,1,1,1,1,1,0
case_9ecff67f,0,1,1,1,1,1
case_55ad8532,1,1,1,1,1,1
case_e408f3df,1,1,1,1,1,0
case_2d324991,1,0,1,1,0,1
case_17a61616,0,0,1,1,1,1
case_19084e6e,1,1,1,0,1,1
case_bdcc2c9e,1,1,1,1,1,1
case_3a6a64b3,1,1,1,0,1,1
case_12807dda,0,0,1,0,1,0
case_392bb15f,1,1,1,0,1,1
case_f978d701,1,1,1,1,1,1
case_f76dfb21,1,1,1,1,1,0
case_01389b7f,1,1,1,1,1,1
case_8f32c551,0,0,1,1,1,1
case_a23359d0,1,1,1,1,1,1
case_af7f1c02,1,1,1,1,1,1
case_7105de01,0,1,0,0,0,0
case_02c9e8c9,1,1,1,1,1,0
case_17d6cea5,1,0,1,0,1,1
case_3b7ec169,0,0,1,0,1,1
case_b6147186,1,0,1,1,0,1
case_1e51aebd,0,0,1,0,0,1
case_eaf48fc4,1,1,1,1,0,1
case_9d4bee11,0,0,1,0,0,0
case_775faa32,1,0,1,0,0,1
case_1843c664,0,0,1,0,1,1
case_197ebef9,1,1,1,0,1,1
case_2b868db4,1,1,1,1,1,0
case_9cdbafeb,1,1,1,1,1,1
case_15e73837,1,1,1,0,1,0
case_c3f6ac25,0,1,1,1,1,1
case_5144abbe,1,1,0,1,0,1
case_54689c71,0,1,1,1,1,1
case_d9a87028,1,1,1,1,1,1
case_9f3fc7a4,1,0,1,1,0,0
case_5f8a3a4f,0,1,1,1,1,1
case_5689f35f,0,1,1,1,1,1
case_ce2e4baf,1,0,1,1,0,0
case_1e8b35ae,1,1,1,1,1,1
case_a1d69de4,1,1,1,1,1,1
case_15f86736,0,0,1,1,1,1
case_309a71fb,1,0,1,1,1,1
case_4cf7304b,1,1,1,0,1,1
case_d71e2800,0,1,1,1,0,0
case_f2344124,1,1,1,1,1,1
case_cba33cf9,0,1,1,1,0,0
case_9c76fe35,1,1,1,1,1,1
case_48452b24,1,0,1,0,1,1
case_43f0d189,0,1,1,1,0,0
case_d2b805c5,1,1,1,1,1,1
case_5acb20f5,1,1,1,1,1,1
case_de7f3e03,0,1,1,1,1,1
case_7ba8152a,1,1,1,1,1,1
case_a327ca3c,0,1,1,1,1,1
case_60fcc576,0,0,1,1,1,1
case_b2a25062,1,1,1,1,1,1
case_924f7bed,1,0,1,0,1,0
case_4faca7d6,0,0,1,1,1,1
case_789811d4,1,1,1,1,1,1
case_7312530f,1,0,1,1,1,0
case_64aef420,1,1,1,1,1,1
case_d4ac7319,1,0,1,1,1,1
case_32f0e87b,1,1,1,0,1,1
case_3b082e96,1,1,1,1,1,1
case_1563f51d,1,1,1,0,1,1
case_5cdb40d1,0,0,1,1,0,1
case_8885d7ec,1,0,1,1,1,1
case_d2257eda,1,0,0,0,0,1
case_01f773ee,1,1,1,1,1,1
case_3be72442,0,0,1,1,1,1
case_85876c44,1,0,1,0,1,1
case_7bd6e08f,0,0,1,1,1,1
case_a51ff38b,0,1,1,0,1,1
case_17281bb0,1,0,1,1,0,0
case_646c7339,1,1,1,1,1,1
case_5754c8e0,1,1,1,1,1,1
case_f9c35af5,0,0,1,1,1,1
case_bb2abda9,0,1,1,1,1,1
case_4f837a5a,1,1,1,1,0,1
case_e53645df,1,1,1,1,1,1
case_39a25ae3,0,1,1,1,1,1
case_341d3d95,0,1,0,1,1,1
case_f77ea72e,0,1,1,0,1,1
case_740a0e1f,0,0,1,1,1,1
case_80706550,1,1,1,0,1,1
case_95418237,0,1,0,0,0,0
case_d7ef085f,1,1,1,1,1,1
case_1d36bf8e,1,1,1,1,1,1
case_84caff69,1,1,1,1,1,1
case_145b3098,1,1,1,1,1,1
case_cb2b7a42,0,1,1,1,1,0
case_f08c53f5,1,1,1,0,1,1
case_09727955,0,1,1,1,1,1
case_d16bb828,1,1,0,1,1,1
case_d06cf122,0,0,1,0,1,1
case_2166a0c2,0,1,1,0,1,1
case_6d0991cc,1,0,1,0,1,1
case_1708bfbf,1,1,1,1,1,1
case_613791e7,1,1,1,1,1,1
case_d5d4e6d4,0,0,0,1,1,0
case_f18d7a59,1,0,0,0,1,1
case_d3b59453,1,0,1,1,0,1
case_bf23cdf1,1,1,1,1,1,1
case_606a760f,0,0,1,0,1,1
case_5a3a6074,1,1,1,1,1,1
case_01deee43,0,0,1,1,1,1
case_ad442659,1,1,1,1,1,1
case_7b6d8d53,1,1,1,1,1,1
case_d4fc60a3,1,1,1,0,1,1
case_c6e47113,1,1,1,1,1,1
case_e6f154f2,1,0,0,0,1,1
case_ac183ab9,1,1,1,1,1,1
case_9cd9d6ad,1,1,1,1,1,1
case_96db4a30,0,0,1,1,0,1
case_c27788ab,0,0,1,0,0,1
case_48a1268f,0,0,0,1,1,1
case_92961f51,0,1,1,0,1,1
case_c9bc69f1,1,0,1,1,1,1
case_b27f7715,1,1,0,1,1,1
case_38e79e8a,0,1,1,0,0,1
case_c1098a07,0,0,0,1,1,0
case_19207b5e,1,0,1,0,1,0
case_a00806f0,1,1,1,1,1,1
case_c117bda4,1,0,1,0,0,1
case_7bb35bb8,1,1,0,1,0,1
case_4688be20,1,1,1,1,1,1
case_9db34e70,1,1,1,0,1,1
case_931fe598,1,0,1,0,1,0
case_38718818,0,0,1,1,1,0
case_997e3127,1,0,1,0,1,1
case_8de652c7,0,0,1,1,1,1
case_44c2e923,1,1,1,1,0,0
case_361a845c,0,0,1,1,1,1
case_d102389f,1,0,1,1,1,1
case_557aeffc,1,1,1,1,1,1
case_0971463a,1,0,1,0,1,1
case_85e032cb,0,1,1,1,0,1
case_5a6a0189,0,1,1,1,1,1
case_694cc3c8,1,1,1,1,1,1
case_fd03600d,0,0,1,1,1,1
case_cc20f5e1,1,1,1,1,1,1
case_f1a7f6d7,1,1,1,1,1,1
case_61461b4c,1,1,0,1,0,1
case_54f9adb4,1,1,1,1,1,1
case_f4be90be,1,0,1,1,1,1
case_9837aaed,0,0,1,0,0,1
case_f90afa0d,1,1,1,1,1,0
case_51a93cd7,1,1,1,0,1,1
case_f62044bd,1,1,0,1,0,1
case_d41bc5a6,1,1,1,1,1,1
case_7d0b7c12,1,1,1,0,1,1
case_4a3c985f,1,1,1,1,0,1
case_cf14cf27,1,0,1,0,0,1
case_151c5835,1,0,1,1,1,1
case_b388d027,0,0,1,1,1,1
case_706777ef,0,1,1,1,1,0
case_9cca4cac,0,0,1,1,1,1
case_b7b2aa05,1,1,1,1,1,1
case_846bf8df,1,1,1,1,1,0
case_83e8decb,0,1,1,1,1,0
case_8e6c08c7,1,0,1,1,1,0
case_4bcd7c77,1,1,1,1,1,1
case_4c6e7253,1,1,1,1,1,1
case_385fb812,1,1,1,1,1,1
case_2380f703,1,1,1,1,1,1
case_f7e27a30,1,1,1,1,1,1
case_a3eb8f1e,0,0,1,1,1,1
case_42ab3c4a,0,0,1,0,1,1
case_1b929717,0,1,1,1,1,1
case_143e1b28,0,0,0,0,0,1
case_5c920f7d,0,1,1,1,1,1
case_0d0480fe,0,1,1,1,0,1
case_4c57da0e,1,0,1,1,1,1
case_8ad5cb24,1,0,1,1,1,1
case_e24a3ece,1,1,1,1,1,1
case_b524449b,1,1,1,1,1,1
case_b329c7eb,0,0,1,1,1,1
case_bfe44035,0,1,1,0,1,1
case_b9160b24,1,1,1,1,1,1
case_627bf582,0,0,1,0,0,1
case_7de60daa,0,0,1,1,1,1
case_1c714dfb,1,0,1,1,1,1
case_a3f46af5,1,1,0,1,1,1
case_d645595c,0,0,1,0,1,1
case_60735cd3,0,0,1,1,1,1
case_a990221b,1,1,1,1,0,1
case_12a7e4aa,1,0,1,1,1,0
case_bf835559,0,0,1,0,0,0
case_c08326f0,0,0,1,0,0,1
case_d14667ef,0,1,1,0,1,0
case_5438790f,1,1,0,1,0,1
case_6d13097a,0,0,1,1,1,1
case_f7ba6a9f,1,1,1,1,0,1
case_fc11ae76,1,1,1,1,1,1
case_18395a44,0,0,1,0,1,1
case_3b91b1d2,1,1,1,1,1,0
case_a34da788,1,1,1,1,1,0
case_610f03b1,1,0,1,1,0,1
case_6bc18278,1,1,1,1,1,0
case_0ac40f9a,1,1,1,1,1,1
case_3483efa7,0,0,1,1,1,1
case_e4e9e4b8,0,0,1,1,1,1
case_8a3cbaa4,1,1,1,1,1,1
case_32a8e406,1,1,1,1,1,1
case_8fb6a915,1,0,0,0,0,0
case_fbfa45a4,0,1,1,1,0,1
case_aa941f8d,1,1,1,1,1,1
case_6ac8a6e0,1,1,1,0,1,1
case_a4e46c8f,1,0,1,1,0,1
case_21e84382,1,1,1,0,1,0
case_dce46451,1,1,1,1,0,1
case_2abef69d,1,1,1,1,1,1
case_caaf331b,1,1,1,1,1,1
case_e70a640d,1,0,1,1,1,1
case_97a2b6e0,1,0,0,0,0,1
case_8b75be0c,1,0,1,1,1,1
case_6f88f84d,0,1,1,0,1,0
case_09d5965e,1,1,1,1,1,1
case_501c7e18,0,1,1,1,0,1
case_a5075d4b,0,0,1,0,0,1
case_920a06c3,0,0,1,1,1,0
case_96c18b05,1,0,1,0,0,0
case_5a12c59d,1,1,1,1,1,1
case_00b1c81b,1,1,1,0,1,1
case_fcb55ce9,0,1,1,1,0,1
case_51786b37,1,1,1,1,1,1
case_c331d5cd,0,0,1,1,0,0
case_f53966d2,1,0,1,1,0,1
case_3eba315e,1,1,1,1,1,1
case_27fe8c5e,0,0,1,1,1,1
case_a2e9a446,0,0,1,0,0,0
case_627c6d76,1,1,1,1,1,1
case_d3530c10,0,1,0,1,0,1
case_712a5848,0,1,1,0,0,1
case_4f1e49eb,1,0,1,1,1,0
case_6a200605,1,0,1,0,1,1
case_43ae0657,1,1,1,0,1,1
case_823f54df,1,1,1,1,0,0
case_58d442ac,1,1,1,1,1,1
case_e7907ab3,1,1,1,0,1,0
case_3a95fabd,1,1,1,1,1,1
case_81e8a608,1,1,1,1,1,1
case_a2cbf9a0,0,1,1,0,0,1
case_58b4c914,1,1,1,0,1,1
case_70ca0156,1,0,1,1,1,0
case_c3f46728,1,1,1,1,1,1
case_97755ffa,0,1,1,1,1,0
case_22af0e85,0,1,1,1,0,1
case_2a4a9667,1,1,1,1,1,1
case_fe472f63,0,1,1,1,1,1
case_a5378c27,0,1,1,0,1,1
case_cec142dd,1,1,1,1,1,1
case_23b47c85,1,1,1,1,1,0
case_c17963e7,1,0,1,0,1,1
case_fe3bc873,1,1,1,1,1,1
case_a943f155,0,1,1,1,1,0
case_2794e714,0,0,1,0,1,1
case_1543f722,1,0,1,1,0,1
case_e2c98433,0,1,1,1,1,0
case_6db0bae7,1,1,1,1,1,1
case_8b3d855d,1,1,1,1,0,1
case_2e1ec73f,1,1,1,1,1,1
case_639d6a48,1,0,1,1,0,1
case_01524944,1,1,1,1,1,1
case_24df5688,0,1,1,1,1,0
case_14cffce1,0,1,1,1,1,0
case_fa358c5c,1,1,1,1,0,1
case_fd602472,1,1,1,1,1,0
case_9722e5ce,1,1,0,1,0,1
case_edf67010,1,1,1,1,1,1
case_683866d8,1,0,0,0,1,0
case_d8b61bcd,0,0,1,1,1,1
case_215fdb97,0,0,1,0,0,1
case_d54319c3,0,0,1,1,1,1
case_544cfc0e,1,1,1,1,0,1
case_14dbb730,1,0,1,0,1,1
case_9815a36a,0,1,1,0,1,1
case_4abafeac,1,1,1,1,1,1
case_1554ccef,1,1,1,1,1,1
case_6bd1f291,1,1,0,0,1,1
case_c800ac8c,0,0,1,0,0,1
case_684b51ff,1,1,1,1,1,1
case_70fa8f38,0,0,0,0,0,0
case_96e3c97e,0,0,1,1,1,0
case_34d5fbfb,1,1,1,1,1,0
case_0010ba1a,1,0,1,1,0,0
case_6870e629,1,1,1,1,1,0
case_3a354078,1,0,1,1,0,0
case_8d527476,1,0,1,0,0,1
case_537403db,1,0,1,0,1,1
case_be805a36,0,0,1,1,1,0
case_f0addbb4,1,0,1,1,1,0
case_e89fcc22,1,0,1,0,1,1
case_d012340b,1,1,1,1,1,1
case_dd22ed99,1,0,0,1,1,1
case_6cdee9ed,1,0,1,1,1,1
case_79367670,1,0,1,0,1,1
case_3ce1ad45,1,1,1,1,1,1
case_b1d7dc23,1,0,1,1,1,0
case_f0f9ad7f,1,1,1,1,1,1
case_3e0ff967,1,1,1,1,1,1
case_616ff3d3,1,1,1,1,1,1
case_035f1a43,0,1,1,1,1,1
case_1025c69a,1,1,0,1,1,1
case_f83a605a,0,1,0,0,0,0
case_3d22364d,0,1,1,1,1,1
case_46f67212,0,1,1,1,1,1
case_a5e225dc,1,0,0,0,0,0
case_83891860,1,1,1,1,1,1
case_2785016b,1,0,1,1,0,1
case_7bd45db0,0,0,0,0,0,1
case_c0e5450b,1,1,1,1,1,1
case_acd553c0,1,0,1,1,1,0
case_6ef1f8e7,0,0,1,1,1,0
case_ba1e701a,0,0,1,0,1,0
case_48cf66cc,0,0,1,0,1,1
case_2e9fd82f,1,1,1,1,1,1
case_09275ef0,1,1,1,1,0,1
case_f4ec8870,0,1,1,0,0,1
case_6d9a390f,1,0,1,1,1,1
case_e7228803,1,1,1,1,1,0
case_bb8d823b,0,1,0,0,0,1
case_e8c7b3b3,1,1,1,1,1,1
case_c3f13824,0,1,0,1,1,1
case_09872eaf,0,1,1,1,1,1
case_13a6b79d,1,1,1,1,1,1
case_9fca8c45,1,1,0,1,1,1
case_a9e59b6c,1,1,1,1,1,1
case_28de824d,0,0,1,1,0,1
case_e326f54b,1,1,1,1,0,1
case_d470be84,1,0,1,1,1,1
case_3a423196,0,1,1,0,1,1
case_49ce4196,0,0,1,1,1,1
case_c9982d9e,1,1,1,0,0,0
case_85ecafed,1,0,1,1,0,1
case_fd99b7bf,1,1,1,0,0,1
case_74a9ad4c,1,1,1,0,1,1
case_8a1194b0,1,0,1,1,1,1
case_a517b9a8,1,0,1,1,1,1
case_3c635365,0,1,1,1,1,1
case_95ce6636,1,0,1,0,0,1
case_f7f4b9be,0,0,1,1,1,0
case_21e9f998,1,0,1,1,1,0
case_ddf69c6e,1,0,1,1,0,1
case_cc050113,1,1,1,1,1,1
case_80047b12,0,0,1,0,1,0
case_0c8cbbcd,1,1,1,1,1,1
case_112f5dbe,1,0,0,0,1,1
case_917072b6,1,1,1,1,1,1
case_6231abed,0,1,0,1,0,1
case_f9214f2c,0,0,1,1,1,1
case_fc755bfc,0,0,0,1,1,0
case_1adb50ce,1,1,0,1,0,1
case_8a1c71e9,1,0,1,0,1,0
case_f0fefbb8,1,1,1,0,0,1
case_a320b8a6,0,0,1,1,1,1
case_714332c9,0,1,0,1,1,1
case_6db2d311,0,1,1,0,1,0
case_5631a972,0,1,0,1,1,1
case_9bf15599,1,0,1,0,0,0
case_3797137d,1,1,1,0,1,1
case_6be4a508,1,0,1,0,1,1
case_8a99e8dc,1,1,1,1,1,1
case_67aef51d,0,0,1,1,0,1
case_abb41f0e,1,1,1,1,1,1
case_5ebfb502,0,1,1,1,1,1
case_9ca36ae4,1,1,1,1,1,1
case_053284e2,1,0,1,1,1,1
case_6b131e3f,0,0,0,0,1,1
case_e022cc9c,1,1,1,1,1,1
case_ea2a5fa3,0,1,0,1,1,1
case_7c4c20fd,1,0,1,1,0,1
case_8bbd66ed,0,1,1,1,1,1
case_1761128c,0,0,1,1,1,1
case_b315c0bc,0,0,1,0,1,0
case_2783ca29,1,1,1,1,1,1
case_5bbd8c3d,1,1,1,1,1,1
case_9a5dc3f9,1,1,1,1,1,0
case_1f2a7834,1,0,1,1,1,1
case_30cac24a,1,1,0,0,1,0
case_64257e66,0,0,1,0,0,0
case_c9dcbc29,1,1,1,0,0,1
case_78186454,1,1,1,1,1,1
case_5430b468,1,1,1,1,1,1
case_57077376,1,1,1,1,1,1
case_6168328d,1,0,1,1,1,0
case_cae4e69c,1,1,1,1,1,1
case_ee724ba1,1,1,1,1,1,1
case_8a008cd0,1,1,1,1,1,1
case_6a0f2bc3,1,0,0,0,0,1
case_193224d6,1,1,1,1,1,0
case_61074dd8,1,1,1,0,0,1
case_42d85353,0,1,1,1,0,0
case_78bdb89c,1,0,1,1,0,0
case_3befa736,1,1,0,0,1,0
case_c3a975ae,0,0,1,1,0,1
case_3fbc980c,1,1,1,1,1,1
case_4bd9bd70,1,1,1,1,1,1
case_9acd9a05,0,1,1,1,0,0
case_e7b86363,0,0,1,0,1,1
case_18cd0c4c,1,0,1,1,0,1
case_df2e29a1,1,1,0,0,1,1
case_67b8baae,1,1,1,1,1,1
case_2f0bc539,0,1,1,1,1,1
case_76117903,0,1,1,0,1,1
case_06826577,1,1,0,1,0,1
case_910c598b,1,1,1,1,1,1
case_9a7ce379,1,0,0,1,1,1
case_bdc1453b,0,1,1,0,0,1
case_8f8830cb,1,0,1,1,1,1
case_6510d1c4,1,1,1,1,1,1
case_c51f6870,1,1,1,0,1,1
case_d41f9b3e,1,1,1,1,1,1
case_b03a923e,0,1,1,1,1,1
case_f6776c06,1,1,1,1,1,1
case_dcf7298b,0,0,1,1,0,1
case_97150032,0,0,1,1,1,1
case_f51c37cf,1,1,1,1,1,1
case_e723ba7c,0,0,1,1,1,1
case_76e2b84f,0,1,1,0,0,1
case_bcc85e82,1,1,1,1,1,1
case_e9538fb2,0,1,1,1,1,1
case_7d0ac562,1,0,1,1,1,1
case_b09f7783,1,0,1,1,1,1
case_704b9542,1,1,1,1,1,1
case_dd6dbe9a,1,1,1,1,1,1
case_ac708f5a,0,0,1,1,0,1
case_a342bd3d,1,1,1,1,1,1
case_49f0b086,1,1,1,1,1,1
case_8fcf999d,1,1,1,1,0,0
case_0269d935,1,0,1,1,1,1
case_efd8e9d0,1,1,1,1,1,1
case_8f1fe058,1,1,1,1,1,1
case_6c9755a8,0,1,1,1,1,1
case_cdceef8e,1,0,1,1,0,1
case_ba39fed2,1,1,1,1,1,1
case_6e4ee5e3,1,1,1,1,1,1
case_2db164dc,0,0,1,1,1,1
case_452df154,1,1,1,1,1,1
case_e2e11730,1,1,1,1,1,1
case_8971e880,1,1,1,1,1,1
case_3e806cef,0,1,1,0,0,0
case_79f2e38e,0,1,0,0,0,0
case_6008e1ea,1,1,1,1,0,1
case_769776c0,0,0,1,0,0,1
case_d759f04f,1,1,1,1,1,1
case_49917694,1,1,1,1,1,1
case_4c507ef3,1,1,1,1,1,1
case_ed33e0b2,1,0,1,0,0,1
case_ecae3a08,1,1,1,1,0,1
case_bef1946d,1,1,1,1,1,1
case_ee9c1d3f,1,0,1,1,1,1
case_6594f15f,0,0,1,1,0,1
case_43d58f39,1,0,1,0,1,1
case_8c9616e2,1,1,1,1,1,1
case_051afe61,1,1,1,1,0,1
case_8b9a4589,1,0,1,1,1,1
case_5b78ceb5,1,0,1,1,1,1
case_114eb5ed,1,1,0,1,1,1
case_e9f7b34f,1,0,0,1,1,1
case_2fdba62e,0,1,1,1,1,1
case_7f943a06,1,1,1,0,1,1
case_0a821a71,0,1,1,1,1,1
case_36edf9c3,0,1,1,1,0,1
case_76151c7e,1,0,1,1,1,1
case_782fe0ae,0,0,1,0,0,1
case_27934b74,1,1,1,1,1,1
case_a3a3b155,0,0,1,1,1,1
case_8b34414d,0,0,0,0,1,0
case_0462e2d1,1,0,1,1,1,1
case_dad3e23f,0,0,1,1,0,0
case_c213ff0d,0,1,0,1,0,1
case_8e69a9ab,0,1,1,1,1,1
case_02fdf1d2,1,0,1,1,1,1
case_abb5d195,1,1,1,1,1,1
case_306b5e64,0,1,1,1,1,1
case_9b828624,1,0,1,1,1,1
case_5dbc17e4,1,1,1,0,1,1
case_8cbe8cf0,0,1,1,1,1,1
case_e2712f27,1,1,1,1,1,1
case_cec9fedb,1,1,1,1,1,1
case_86462867,1,1,1,0,1,1
case_40a6a14d,1,0,1,0,1,1
case_ac9a286b,1,0,1,0,1,1
case_a3318a58,1,0,0,1,1,1
case_c633ebcc,0,1,1,0,1,1
case_71061b27,0,0,1,0,1,1
case_2acbe96c,1,1,1,1,1,1
case_1615e226,1,1,1,1,1,1
case_d89ff4de,0,0,1,1,0,1
case_d92eb137,1,0,1,1,1,1
case_7876ec4a,0,0,0,1,0,0
case_060c68c0,0,1,1,1,1,1
case_65dd654e,1,1,1,1,1,1
case_acaf6b3f,1,1,1,0,1,1
case_51a6a301,0,0,1,1,1,1
case_ff4d7145,0,0,1,1,1,1
case_1061a0a0,1,1,0,0,0,1
case_26a3333d,1,1,1,1,1,1
case_6abed756,1,0,1,1,1,1
case_18140b8a,1,1,1,1,1,1
case_4e6950bb,1,0,1,1,0,1
case_e2adeef3,0,1,1,1,0,1
case_85c06b4b,0,1,1,0,1,1
case_ea15e0f1,0,0,1,1,1,1
case_b8cb7751,0,1,0,1,0,1
case_db271bc9,0,0,1,0,1,1
case_6df4fec5,1,1,1,0,1,1
case_de91d57c,0,1,1,1,1,1
case_e26227b8,1,1,1,1,1,1
case_d31e394a,0,0,1,0,0,1
case_5182eeba,0,0,1,0,1,0
case_22cb3c27,1,0,1,0,0,1
case_458cdff6,1,0,1,1,1,1
case_1cf8837f,0,0,1,1,1,1
case_2cea359a,1,1,1,1,1,1
case_1aacdc80,0,0,1,1,0,1
case_33127685,1,1,1,1,1,0
case_43562a2d,1,1,1,1,0,1
case_1e1f6e30,1,0,0,1,0,1
case_bf5f75ad,1,1,1,1,1,1
case_0c063607,0,0,1,1,0,0
case_d180b69e,1,0,1,0,1,0
case_51bfaa89,0,0,1,1,0,1
case_4fc34951,1,1,1,1,1,1
case_554f9c5a,0,1,1,1,0,1
case_fe3d53d1,1,1,1,1,0,1
case_02139c07,1,0,0,1,0,1
case_a0d63230,1,0,1,0,1,1
case_edebf721,1,1,0,0,0,1
case_ec9fe327,1,1,1,1,1,1
case_7e1af8ed,1,1,1,1,1,1
case_5d7bf03b,1,0,1,0,0,1
case_a1455bc5,1,0,1,1,1,1
case_93ae12d0,1,1,1,1,1,1
case_ae6658e8,1,0,1,1,1,0
case_095ca45d,1,0,1,1,1,1
case_0256ccae,0,0,1,1,1,0
case_1e2d7c35,1,1,1,1,1,1
case_62472371,0,0,0,1,1,1
case_2d729a53,1,1,1,0,0,0
case_243855b3,1,1,1,0,1,1
case_a47b524c,1,1,0,1,1,1
case_f84ac1f2,1,1,1,1,1,1
case_2b3a1606,1,1,1,0,1,1
case_57fa10f2,0,1,0,1,0,1
case_32c80bbf,1,1,1,1,1,1
case_61f689de,1,0,1,1,1,1
case_06ce6d3f,1,0,1,1,1,1
case_3ebe8a42,1,1,1,1,1,1
case_54aaecb3,1,1,1,1,1,1
case_ade6cc93,0,0,1,1,1,1
case_a68674c0,0,1,1,1,1,1
case_f872ed3e,1,1,0,0,0,0
case_3d1ba45c,1,1,1,0,1,1
case_7215ddd5,1,1,1,1,1,0
case_341be344,0,1,1,1,1,1
case_0168c84c,1,0,1,1,1,1
case_f18f7862,0,0,1,1,1,1
case_57eefbc2,1,1,1,1,1,0
case_df2be7ae,1,0,1,1,1,1
case_0accff08,0,1,1,1,1,1
case_3996f5a1,1,1,1,1,1,1
case_7b7f370c,1,1,1,1,0,1
case_9b17401d,0,0,1,1,0,1
case_fcf62610,1,1,1,0,0,0
case_2b9a933a,1,1,1,1,1,1
case_f7169d53,0,1,1,0,1,1
case_7fb132fb,0,0,1,1,1,1
case_7340148e,0,1,0,1,0,1
case_f6fcb346,0,0,1,1,1,1
case_9c4bb9c6,1,1,0,1,1,0
case_558d4438,0,1,1,0,0,1
case_af18a2f0,0,0,1,1,0,1
case_2502fc39,1,1,1,1,1,1
case_7a396c96,1,0,1,1,1,1
case_6262e7bc,1,1,1,1,0,1
case_ba6d53e2,1,1,1,0,0,1
case_480a5a11,1,1,1,1,1,1
case_030f33da,0,1,1,1,0,1
case_d6d4f49a,0,0,1,0,0,1
case_641ba901,0,1,1,1,1,1
case_d643592e,0,0,1,0,1,0
case_ac2a67b6,0,1,1,1,1,1
case_c7cd641e,0,1,1,1,1,1
case_486433d1,1,1,1,1,1,1
case_7dce5904,1,1,1,1,1,1
case_e6a5074b,0,0,1,1,1,1
case_26b704b1,1,1,1,1,1,1
case_f85573d6,1,0,1,1,1,0
case_94691e89,0,0,1,0,1,1
case_130d7368,1,1,1,1,0,1
case_00ec2eb6,0,1,1,0,0,0
case_8acac963,0,0,1,1,1,0
case_5f8d9f1f,0,0,1,1,1,1
case_29df1864,0,0,1,1,0,1
case_3ef54a07,1,1,1,1,1,1
case_d23fc8c9,1,1,1,1,1,1
case_e75ac208,0,1,1,1,1,0
case_1970e17e,1,1,1,1,1,1
case_00966829,1,1,1,1,1,1
case_236a1dde,1,1,1,0,0,1
case_02d2861f,1,0,1,1,1,1
case_7a3096a3,1,1,1,1,1,1
case_a775c527,0,0,1,0,1,1
case_2e221c1b,1,0,1,0,1,0
case_33989195,0,0,1,1,0,1
case_6de30187,0,1,1,0,1,1
case_b324582b,0,1,1,1,1,1
case_9ec72771,1,0,1,0,1,1
case_d46ac70b,0,0,1,0,1,1
case_6ab65d1f,1,0,1,1,1,1
case_a58c1f7d,0,0,1,1,0,1
case_0e429926,0,0,1,0,1,1
case_3ef92c5d,1,1,1,1,1,1
case_bbb47708,1,1,1,0,0,1
case_ab17f34b,1,1,1,1,1,1
case_0c591649,1,1,1,1,1,1
case_6cec9d60,1,0,0,0,0,0
case_862f4764,1,1,1,0,0,1
case_9b4fcf3a,1,1,1,0,0,1
case_260b7dd0,0,0,1,0,1,0
case_d9d49a51,1,0,1,1,1,1
case_fb77986a,0,1,1,1,0,1
case_02aaf8d5,1,0,1,1,1,1
case_21dd4d45,1,1,1,1,1,1
case_2c327f89,1,1,0,1,1,1
case_b8cfde54,0,1,1,1,0,1
case_4dd477cf,1,1,1,1,1,1
case_3d64a532,0,1,1,1,1,1
case_68f25bcb,1,1,1,1,1,1
case_6a982301,1,1,1,1,1,1
case_0f6587eb,0,1,0,1,1,1
case_8da5b889,0,0,1,0,0,0
case_dd257b0f,0,1,1,0,1,0
case_32be248d,0,0,1,0,0,0
case_c3edb3e6,1,1,1,1,1,1
case_459f870c,1,1,1,1,0,0
case_d4342b48,1,0,1,1,1,1
case_b8e732ec,1,1,0,1,0,0
case_6099b221,0,1,1,1,1,1
case_894cae73,1,1,1,0,1,0
case_0632e81e,0,1,1,0,1,1
case_16c186f3,1,1,1,1,1,1
case_a7ca76cf,0,1,1,1,1,1
case_83214756,0,0,1,0,1,1
case_71fab176,0,1,1,0,1,1
case_be415e9a,0,1,1,0,0,1
case_e7fadcf5,0,0,1,0,1,1
case_13c1ff74,0,0,1,0,1,1
case_08f7b39c,1,1,1,1,1,0
case_49063553,0,0,1,0,0,0
case_0b4ff1b1,1,0,0,1,0,0
case_6a3cbf4f,1,1,1,1,1,1
case_184bc793,1,1,1,1,0,1
case_929863bc,1,1,1,0,1,1
case_1b3cc2ee,0,0,0,0,1,0
case_dd735279,0,0,1,1,1,0
case_5c865096,0,1,1,1,0,1
case_21a47eda,0,1,1,1,1,1
case_ea8cfc63,0,1,1,1,1,1
case_3af03d0b,0,0,1,1,1,1
case_163ec038,1,1,1,0,1,1
case_709da6ee,1,1,1,1,1,1
case_b2ea227a,1,0,1,0,1,1
case_0f535a9e,1,1,1,1,1,1
case_1a758562,0,1,0,0,1,0
case_46e6e3a5,0,1,1,0,1,1
case_9a95fa9d,0,1,0,1,0,1
case_a60e2dfb,1,1,1,0,0,1
case_63f40d4b,0,1,1,0,1,1
case_a0c34696,0,0,1,0,1,1
case_d0b538f4,1,1,0,1,1,1
case_e3a211da,0,0,1,1,1,0
case_e920ab56,0,0,1,1,0,1
case_2b28a735,0,1,0,1,1,1
case_adcc6163,0,0,1,0,1,0
case_30cd567a,1,0,1,0,0,0
case_e9ce2aff,1,0,1,1,1,0
case_7054fbc5,0,0,1,1,1,0
case_e8795a3d,1,0,1,1,1,1
case_b7407baf,1,1,1,0,1,1
case_6b66ceb0,1,1,0,0,1,1
case_6a535ca1,1,1,1,0,0,0
case_f7f0e604,0,1,1,1,0,1
case_d993f9ed,0,1,1,0,0,1
case_8b9e0d43,0,0,1,1,1,1
case_9cc482ef,1,0,1,1,1,1
case_26c3bc25,1,0,0,1,1,1
case_f4c427d5,1,1,1,1,1,1
case_207a2045,1,1,1,1,0,1
case_5efd9363,1,1,1,1,1,1
case_fc4cc0ca,0,1,1,1,1,1
case_9b6a77bc,1,1,1,1,1,1
case_475486e5,1,0,1,0,1,1
case_91c47f14,1,1,1,1,1,1
case_9c79b258,0,0,1,1,1,1
case_aab4e514,1,0,1,1,0,0
case_03e263ff,1,1,1,0,1,0
case_0343579f,1,0,1,1,0,1
case_e5c8a753,1,1,1,0,1,1
case_57547542,1,1,1,0,0,1
case_788efd2c,1,1,1,1,0,1
case_b05567f1,1,1,1,1,1,1
case_56de4e3d,1,1,1,1,1,1
case_1da89848,1,0,1,1,1,0
case_afa0bdb1,1,1,1,0,0,1
case_5285181f,1,1,1,1,1,0
case_0d617d6f,1,0,0,1,0,1
case_e5c371e5,0,1,1,0,1,1
case_4d18346c,1,0,1,1,1,1
case_ffc32799,1,0,1,1,1,1
case_f4b61079,0,0,1,1,1,1
case_07b0bb78,1,0,1,1,1,1
case_41124bfb,1,0,1,1,1,1
case_2835846f,0,1,1,0,1,1
case_14586b09,1,0,1,1,1,1
case_3a19ca27,1,0,1,0,0,1
case_de10423a,1,1,1,0,1,1
case_2ac80b06,0,0,1,0,0,1
case_41f32395,1,0,1,1,0,1
case_437eaefa,1,0,1,1,1,0
case_ffb22033,0,0,0,0,0,1
case_4284c3d4,0,1,0,1,1,1
case_02c85d54,0,0,1,1,0,0
case_bb476ecd,0,1,1,1,1,1
case_f4a230c1,1,1,1,1,1,0
case_a8c23cc3,0,1,1,1,1,1
case_36ce0bb4,1,0,1,1,0,0
case_98c5c12f,1,1,1,0,1,1
case_670b5c7c,1,0,1,1,0,1
case_dc8633bc,1,1,1,1,0,0
case_a4fbaefb,1,1,1,1,1,1
case_5cb67286,1,0,1,1,1,1
case_5c8bce3e,0,0,1,1,1,1
case_6b604955,1,1,1,1,0,1
case_06792b39,0,1,1,0,1,1
case_0725cf5f,0,1,1,1,1,1
case_3d491e81,1,1,1,1,0,1
case_6daa1a6e,1,0,1,0,0,0
case_24715ac7,1,1,1,1,1,1
case_ef150eb2,1,1,1,1,0,1
case_95d31908,0,1,1,1,0,0
case_204ebfaa,1,0,0,0,0,1
case_ec609412,1,0,1,0,1,1
case_2078c24c,1,1,1,0,0,1
case_1fd13cfd,0,1,1,1,1,1
case_6dcc02b7,0,1,1,1,0,1
case_13d438b4,1,0,1,1,1,1
case_12ddc44b,0,1,1,1,1,1
case_96d4d790,0,0,1,1,0,1
case_b6724f50,0,0,1,0,1,0
case_650da626,1,1,1,0,1,1
case_64aea634,1,1,1,1,1,0
case_eee24d36,1,1,1,1,1,1
case_439c34e2,0,1,1,0,0,1
case_6e8aaa0a,1,1,1,1,1,1
case_c1ea916c,1,1,1,1,1,1
case_cb8720a3,1,1,1,1,1,1
case_84afbc56,1,1,1,0,1,1
case_5fb2d071,0,1,1,1,1,1
case_5b9502bc,1,1,0,1,1,0
case_9e106690,0,1,0,1,1,1
case_2950a205,1,1,1,1,0,1
case_89339509,1,1,1,1,1,1
case_b200c32b,1,1,1,1,1,1
case_3d111c85,1,0,1,0,0,1
case_95a81943,1,1,0,1,1,0
case_bac38039,0,1,1,1,0,1
case_208588c9,1,1,1,1,1,1
case_1b4b355e,0,1,1,1,1,0
case_c73180fe,1,1,1,0,1,1
case_ef868eb8,1,1,1,1,1,1
case_153ec7db,0,0,1,0,1,1
case_967040dc,1,0,1,0,0,1
case_e1c3a6a7,1,1,1,1,1,1
case_c3710dce,1,1,1,1,1,1
case_92fc6254,0,1,0,0,0,1
case_1312e735,1,0,1,0,1,0
case_f2833d87,1,1,1,1,0,1
case_97fd954e,1,1,1,1,1,1
case_618279f9,0,0,0,1,1,0
case_d63979af,0,1,1,1,1,0
case_4c1fdd16,1,1,1,1,1,1
case_a8914d14,0,1,0,1,0,1
case_20d1152d,0,1,1,1,0,1
case_5d2eef2b,1,1,1,1,1,1
case_5a56306d,0,1,1,0,1,1
case_397c0d0b,0,1,1,0,0,1
case_52e9c280,1,1,1,1,1,1
case_4b66dfdd,0,1,1,1,1,1
case_ea76ed1d,1,1,1,1,1,1
case_8e67db94,1,0,1,0,0,0
case_0c114ca7,1,0,1,0,0,1
case_ebd535f9,1,0,1,1,1,1
case_864a745f,1,0,1,0,1,1
case_c7c19ca9,1,1,1,1,1,1
case_7df4ea6d,1,1,1,1,1,0
case_de332e91,1,1,1,1,1,1
case_1b37d3c0,1,0,1,1,1,1
case_6772e6da,1,0,1,1,0,0
case_f0bc17e1,1,1,1,1,1,1
case_0e3ce536,0,0,1,0,1,0
case_2af69251,1,0,1,1,1,1
case_1ae1e84b,0,0,0,0,0,0
case_f246d769,1,1,1,1,1,1
case_cc9bfd65,1,1,1,1,1,1
case_6c0b4a0c,1,0,1,1,1,1
case_7adbf613,1,1,1,0,1,1
case_b0861f37,1,1,1,1,1,1
case_4aded902,0,1,1,1,0,1
case_69528bca,0,1,0,0,1,1
case_2195feb4,0,0,1,1,1,1
case_1bd5a1a0,0,1,1,1,1,1
case_2d2663a7,1,1,1,1,0,1
case_d01b2322,0,0,1,1,0,1
case_863d4ee0,1,1,0,1,1,1
case_1c009141,0,1,1,1,1,1
case_6c8e8616,0,0,1,1,1,1
case_bcab42d7,0,0,1,1,0,1
case_546499da,0,0,1,1,0,1
case_10fac361,1,0,1,1,1,1
case_a0c09f61,1,1,1,1,1,1
case_a9b77e8a,1,0,1,1,1,1
case_19e6d871,0,1,1,0,1,1
case_583bea00,0,0,1,1,1,1
case_617b59c1,1,1,1,1,1,1
case_481005d6,0,1,1,1,1,1
case_8d4ff7a1,0,1,1,1,1,1
case_6944b705,1,0,1,0,1,1
case_c5c2d8df,0,0,1,0,1,1
case_21a268d1,0,1,1,1,0,1
case_4f0b9149,1,1,0,1,1,1
case_e452e27c,1,0,1,1,0,1
case_e15cf857,0,1,1,1,1,1
case_6ceab06c,0,0,0,1,1,0
case_ae373ff7,1,1,1,1,1,0
case_c351dfad,1,0,1,0,1,1
case_9f558a77,1,0,0,1,1,1
case_2b572596,0,0,1,1,0,1
case_737a2191,1,1,1,1,0,1
case_9973736f,1,1,0,1,1,1
case_497bcca9,0,1,1,1,1,1
case_4484b499,1,1,1,1,1,1
case_e1e93ac7,1,1,1,0,1,1
case_246e1678,1,1,1,1,1,1
case_c61436e3,1,1,0,1,0,0
case_0da80c35,0,1,1,1,1,1
case_7d9b6073,0,0,1,1,0,1
case_2a07991a,1,0,1,0,1,1
case_a739c06e,1,1,1,1,1,1
case_9b8d72d6,0,0,1,0,1,1
case_1ff37fbd,0,1,1,1,1,1
case_ecc85fdd,1,0,1,1,1,1
case_f92395c0,1,1,1,0,0,0
case_5bd5d55b,1,1,1,1,1,1
case_aa2c07cf,0,1,1,1,1,1
case_eee568f3,0,0,1,1,1,0
case_6d1717e4,1,1,1,1,1,1
case_03a26eb4,1,0,1,1,0,0
case_f2ab133b,0,1,1,0,1,1
case_f752c015,1,1,1,1,1,0
case_cd4d1056,0,1,0,0,1,1
case_6eb3165a,1,1,0,1,1,1
case_82cbf0d5,1,1,1,1,1,0
case_ec4c96a7,1,0,1,1,0,1
case_b50bc8c3,1,1,1,1,1,1
case_61c8c1c6,0,1,1,0,0,1
case_04087a02,1,1,1,1,1,1
case_b275af81,1,1,1,1,1,1
case_4a553dd8,1,0,1,1,0,1
case_5265c391,0,1,1,1,0,1
case_62ed68d7,1,1,1,1,1,1
case_d3629297,1,0,1,1,1,1
case_9d565fd0,1,0,1,1,1,1
case_1d8f56ae,0,1,1,1,1,1
case_abdab4e1,0,0,1,0,1,1
case_abb85f28,1,1,1,1,1,0
case_3ad7c496,1,0,1,0,0,0
case_8d56ce82,1,0,1,1,1,1
case_02f7d82b,1,0,1,1,1,0
case_432dbd7d,1,1,1,1,1,0
case_1339369e,1,1,1,1,1,1
case_fe359672,1,1,1,1,0,0
case_3d58a6a0,1,1,1,1,1,1
case_4cbd1094,0,1,1,0,0,1
case_c299d6cf,1,1,1,1,1,1
case_aa4419ea,1,1,1,0,1,1
case_9bed4d96,0,0,1,1,0,0
case_a766129e,1,1,1,0,0,1
case_4c57f1b3,1,1,1,0,1,1
case_3f70fba5,1,0,1,1,1,1
case_8a70e14a,1,1,1,0,1,1
case_48afd0e3,0,1,0,1,1,1
case_c36d56e0,0,0,1,1,1,1
case_94dcb8ee,1,0,0,1,1,1
case_c291a1a8,1,1,0,0,1,1
case_9603898f,1,1,1,0,1,1
case_3fd87063,1,0,1,0,0,1
case_48b37658,1,1,1,1,1,1
case_342d8208,1,0,1,0,1,0
case_8e7d5e31,0,0,1,1,0,1
case_e2e37ac2,1,0,1,1,0,1
case_6d04ed63,1,1,1,0,0,1
case_ca1be4cc,1,0,1,1,0,1
case_2769433c,1,0,1,0,0,0
case_dbaab2ce,0,1,0,1,1,1
case_82265e9f,1,1,1,1,1,1
case_76176546,0,0,1,0,1,0
case_1b5c42ba,0,0,1,0,0,1
case_0ea05adb,0,1,1,1,1,1
case_0d18dfb4,0,1,1,1,1,1
case_2a515d4b,0,0,1,1,1,0
case_889b940f,1,1,1,1,1,0
case_e1ce18a5,0,1,1,0,1,1
case_f7620fc1,1,1,1,1,1,1
case_861900a7,0,1,1,0,1,1
case_13b68d44,0,0,1,1,1,1
case_7c98972c,0,1,1,1,0,1
case_9a14db79,1,1,1,1,1,0
case_6a52729e,1,1,1,1,1,1
case_5f53b63b,0,0,1,0,1,0
case_d09ffed3,0,0,1,1,1,0
case_adbfaf8b,1,0,1,0,1,1
case_3069c8f1,1,1,1,1,0,1
case_d21afc7a,0,1,1,1,1,1
case_7272789f,1,0,1,1,1,1
case_e75aeb6b,1,0,1,1,0,0
case_1850d200,1,1,1,0,1,1
case_4e361e3d,1,1,1,0,1,1
case_03129839,1,0,1,1,1,1
case_732e9d6d,1,1,1,1,0,1
case_1e95cb50,0,1,1,1,0,1
case_f25771b5,1,1,1,1,0,0
case_8f6e661c,0,0,1,1,0,0
case_535dcff8,1,1,1,1,0,1
case_27a74eb7,1,1,1,1,1,1
case_ed7322f0,1,1,1,1,1,1
case_aa5b337e,0,0,1,1,1,1
case_17e7725c,1,0,1,0,1,1
case_73da7c64,1,1,1,1,1,1
case_43b5823f,0,0,0,1,0,1
case_380a60d7,1,0,1,1,0,0
case_13271b75,1,1,1,1,1,1
case_74e276cd,1,1,1,1,1,0
case_85c21ee5,1,1,0,0,1,1
case_08a19a4c,0,0,1,1,0,1
case_62401342,0,1,1,1,1,1
case_d86b0bd4,1,0,1,1,0,1
case_ec80dd17,0,0,1,1,1,1
case_44263ed0,0,0,1,0,1,1
case_7d9d0d35,1,0,0,1,1,1
case_c5208d10,0,1,1,1,1,1
case_eeec465d,1,1,1,1,1,1
case_0e183abb,1,1,1,1,1,1
case_92ea3425,1,0,1,0,1,1
case_3f8d76a9,0,1,1,1,0,0
case_d324b4ce,0,1,1,1,1,1
case_3eff1920,1,0,1,1,1,1
case_88216e85,1,1,0,1,1,0
case_e1cfa7e9,0,0,1,0,1,0
case_1c46bac4,0,0,1,1,0,1
case_4a28fb08,0,1,0,1,1,1
case_61d38a35,1,1,1,1,1,1
case_cbea16e2,0,0,1,0,0,1
case_0144ab0a,1,0,1,1,1,1
case_a7709835,1,0,1,1,1,1
case_619b36d3,1,0,0,1,1,0
case_43f4c6f4,0,1,1,1,1,0
case_8e4d99e9,1,1,1,1,1,1
case_d523fb2b,0,1,1,1,1,1
case_919bb5d7,0,0,1,0,1,1
case_c1c621ae,1,1,1,1,1,1
case_ab5757ad,1,1,1,1,0,1
case_1b1143b5,0,0,1,1,0,1
case_2e9dab27,1,1,1,1,1,1
case_52307cc4,1,1,1,0,1,1
case_ff5eb37e,0,0,1,0,1,1
case_ef6a18c3,0,1,1,1,1,0
case_bce7658a,1,1,1,0,1,1
case_f77d3f7b,1,1,1,1,0,1
case_a7780e9e,1,1,1,1,1,1
case_645fd914,0,0,0,0,0,0
case_49be29bc,1,1,1,1,1,1
case_305a2637,1,1,1,1,1,1
case_3ae37500,1,1,1,1,1,1
case_9b8343ae,1,1,0,1,0,1
case_f2cbb16d,0,1,1,1,0,0
case_cc2258ec,1,0,1,0,1,0
case_63d50cbb,0,1,1,1,1,1
case_1c3cb93e,1,1,1,0,1,1
case_a71ae3b4,0,0,1,1,0,0
case_ba4e0491,1,1,1,1,1,1
case_b72117e0,0,1,1,1,1,1
case_0b24684d,1,0,1,0,0,1
case_7ff2335f,0,1,1,1,1,1
case_199e6eca,0,0,0,0,1,0
case_f122bfae,0,1,1,0,1,1
case_f950c8d2,0,0,1,0,1,1
case_c85f6864,1,0,1,1,1,1
case_31e84237,1,1,1,1,1,0
case_e3061dab,1,0,0,1,1,1
case_7bddb3be,0,0,1,1,1,0
case_db16f7eb,1,0,1,0,0,1
case_2b85bbc5,0,1,1,1,0,1
case_b10ca54f,1,0,1,1,1,1
case_69a8606d,1,1,1,0,1,1
case_07ea21f1,0,1,1,1,1,0
case_7c2af810,1,1,1,1,1,1
case_464955ae,0,1,1,0,0,1
case_ac7b2498,1,1,1,0,1,1
case_bdee8e01,0,0,1,1,1,0
case_22121165,0,0,1,1,1,1
case_6bbd031a,0,0,1,0,1,1
case_3ae88565,1,0,1,1,1,1
case_c5c6381b,0,1,1,0,1,0
case_f05d1e86,1,1,1,1,1,1
case_a95c6d63,1,1,1,0,1,1
case_4d81d43b,1,1,1,0,1,1
case_80c01c7f,0,1,1,1,1,1
case_78ceab3c,1,0,1,1,1,1
case_ab8cb246,1,1,1,0,1,1
case_c5dcf2f6,1,1,1,1,1,1
case_3c489aa5,1,1,1,0,1,1
case_9cf861f1,1,0,1,1,1,0
case_e9f8d7c4,1,0,1,0,1,1
case_bef25c51,0,1,1,1,1,1
case_be81b4e0,1,1,0,1,0,0
case_c9eabac2,0,0,1,0,0,0
case_1f580b4e,0,0,1,1,1,1
case_641f345e,1,1,1,1,1,1
case_6b74c876,0,1,1,1,1,1
case_0e0a9b82,0,0,1,0,1,1
case_c12d0726,0,1,1,1,1,1
case_013a783f,0,1,1,1,0,1
case_2b63a28e,1,1,1,1,1,1
case_92e70699,1,1,1,1,1,0
case_dcf5b256,1,0,1,0,1,0
case_d7085567,0,1,1,1,1,1
case_043f77d1,1,1,1,1,1,1
case_0b804f7a,0,1,1,0,1,1
case_14400d0b,0,1,1,0,0,1
case_a1515ec6,1,0,1,0,1,1
case_d71a710f,0,1,1,0,0,0
case_ef5f4a8e,0,1,1,1,1,1
case_99b4906c,0,0,1,1,1,0
case_ab1d6f56,0,0,1,1,1,1
case_ee7dc97c,1,0,1,1,0,0
case_32a6e779,0,1,1,1,1,1
case_616beffd,1,1,1,0,1,1
case_3147f004,1,1,0,0,1,1
case_645c974b,1,1,1,0,1,1
case_a053d19a,0,0,1,0,1,1
case_3a5210cb,1,1,1,1,1,1
case_158fd229,1,1,1,1,1,1
case_a7e4da7b,1,0,1,1,1,1
case_ab7fd0f5,1,1,1,0,1,0
case_0c987e65,0,1,1,1,0,1
case_4dd4ba9c,1,0,1,0,0,1
case_97c755f6,0,1,1,1,1,1
case_e4514a60,0,0,1,1,1,1
case_4c8effcc,0,1,1,0,0,0
case_1553e101,0,0,1,1,1,0
case_f2c193d6,1,1,1,1,1,1
case_3611a923,0,1,1,1,1,1
case_5747617a,1,1,1,1,1,1
case_926dc29c,1,0,1,1,0,0
case_802507ca,1,0,1,1,1,1
case_337043e3,1,1,1,1,1,1
case_21f1fad5,0,0,1,0,1,0
case_7122ef20,1,0,1,1,1,1
case_1e718560,0,0,1,0,1,1
case_4b07852b,1,1,1,1,1,1
case_85299e5f,1,1,1,0,1,1
case_7fc58d27,1,1,1,1,1,1
case_dd475f68,1,0,1,1,1,0
case_a73671d3,0,1,1,0,1,1
case_5c72c271,0,0,1,1,1,1
case_b1a2bd56,1,0,0,1,1,1
case_5732eb93,1,1,1,1,1,1
case_f1955d8d,1,1,1,1,1,0
case_110da37e,0,0,0,0,0,1
case_489aa15a,0,1,1,1,0,1
case_62bbae34,1,1,1,1,1,1
case_84046c48,0,0,0,0,1,1
case_c3119dcd,1,1,1,1,1,1
case_44236ed8,1,1,1,1,0,0
case_0291bc3d,1,1,1,1,1,1
case_138ffa34,1,1,1,1,1,1
case_0534ad77,0,1,1,0,0,1
case_2bac2bd1,1,1,1,0,1,1
case_47db93e4,1,0,1,0,1,1
case_7516bdd6,1,1,1,1,1,1
case_9bd1a3ac,1,1,1,1,0,1
case_d2f0ee41,1,1,1,1,1,1
case_d10ee333,0,0,1,0,0,0
case_7f160427,0,0,0,0,0,0
case_855a10df,0,0,1,0,1,1
case_c52b66f6,1,0,1,1,0,1
case_a46abd86,0,0,1,0,0,0
case_aee4dc21,0,1,1,0,1,1
case_d238eca8,1,1,1,1,1,1
case_2ba9b738,1,1,1,1,1,1
case_5c16765b,1,1,1,1,0,1
case_b535a54b,0,0,1,1,0,1
case_c1425a41,1,0,1,1,0,1
case_443b7e38,0,1,1,1,1,1
case_2bd9f340,0,1,1,0,0,1
case_de3dcba8,0,1,1,0,1,1
case_3b465097,1,1,1,1,1,1
case_767a6848,1,1,1,1,1,1
case_6749e59b,0,1,1,1,1,0
case_7798497c,1,0,1,1,1,0
case_5deff26e,1,0,1,1,0,1
case_78e4043b,0,1,1,1,1,0
case_9033f473,0,1,1,1,1,1
case_5bc136dc,1,0,1,0,1,1
case_5aa162ab,0,1,1,1,1,1
case_94f1d037,1,1,1,0,1,1
case_1273bc5a,1,0,1,1,0,0
case_0cb9d585,0,0,1,0,0,1
case_2ef3f853,1,1,1,1,1,1
case_ff063566,1,1,1,1,1,1
case_17d8e614,1,0,1,1,0,1
case_5dcc08c3,0,1,0,1,0,1
case_bd272a7c,0,1,1,1,1,1
case_de58edc1,0,0,1,1,1,1
case_b9bd5559,0,1,1,1,1,1
case_1d42a03d,1,1,1,1,1,1
case_7f8b1461,1,0,1,0,1,1
case_49ce0804,0,1,1,1,1,1
case_9ec86f1f,0,1,1,1,1,0
case_3bcb6030,1,1,1,1,1,1
case_b38a833e,0,0,0,0,1,1
case_580b9dff,0,1,1,1,1,1
case_dd600bc2,0,0,1,0,1,1
case_d46c4b78,0,1,1,1,0,0
case_5f704a47,1,0,1,1,0,0
case_5ac02969,0,1,1,0,1,1
case_cac55b2b,0,0,1,0,1,0
case_8c47ae49,0,1,1,0,0,1
case_b73acc20,1,0,1,0,0,1
case_6c14a194,0,0,1,1,1,1
case_62b33e05,1,1,1,0,1,1
case_9c14f618,0,0,1,1,0,1
case_59a3a957,1,1,1,1,0,0
case_2d62f521,0,0,1,1,1,1
case_c0538d5b,1,1,1,1,0,1
case_986a6583,1,1,1,1,1,1
case_9a177ea5,0,0,1,0,0,1
case_d86e9c16,0,1,1,1,1,1
case_9447018f,1,0,1,1,0,0
case_0fbbc99e,1,1,1,1,1,1
case_a85a6a62,1,1,1,1,1,0
case_367469e9,0,1,1,0,0,1
case_24ab5ade,1,1,1,1,1,1
case_9a998694,1,1,1,0,0,1
case_60774249,0,0,1,1,1,1
case_55695839,1,0,0,1,1,1
case_3fae9654,1,1,1,1,0,1
case_a6f4e8fa,0,1,1,1,1,1
case_f1121928,1,0,1,1,1,1
case_c0b97cad,0,1,0,0,0,1
case_a236ed26,1,1,0,0,1,1
case_c7028484,0,1,1,1,1,1
case_428e4a9e,1,1,1,1,1,1
case_f4b73b40,0,0,1,1,1,1
case_d2a34107,0,0,0,1,1,0
case_a7eb5920,1,1,1,1,1,1
case_582cbbf2,1,1,1,0,1,0
case_8978df6d,0,1,1,1,0,1
case_4b7f102c,0,0,0,1,1,0
case_3f975c7e,0,1,1,1,0,1
case_1d612c8f,1,1,1,0,1,1
case_e32d04d5,0,1,1,1,1,1
case_cf5516f0,0,0,1,1,0,1
case_107fc9a5,1,1,0,0,1,1
case_247a6969,1,0,1,1,1,1
case_6f4a424d,0,1,1,0,1,0
case_024b00e0,0,0,1,1,0,1
case_c01dbf3b,1,1,1,1,1,1
case_0f24d57b,1,1,1,0,0,1
case_4b2a385d,1,0,1,1,1,1
case_cbd6d7a8,1,1,1,1,1,0
case_bc648bf3,1,1,1,0,1,1
case_b2347049,0,0,1,0,0,1
case_6b3538dd,0,0,1,1,1,1
case_9c725a19,1,0,1,1,1,1
case_1dbecac4,0,0,1,1,1,0
case_5ad35bea,0,1,0,0,1,0
case_5636208c,1,1,1,0,0,1
case_f9f5c930,0,1,1,1,1,1
case_662b8c55,0,0,1,0,0,1
case_be773106,1,1,1,1,1,1
case_92ac0cc5,0,1,1,1,1,1
case_b78b5610,1,1,1,1,0,1
case_abc0a2c2,0,1,1,0,1,1
case_fdd26b46,0,0,1,1,0,1
case_426ba872,0,1,1,1,0,1
case_126a83ba,1,0,1,1,1,1
case_8c43c9c0,1,0,1,1,1,0
case_7095a18b,1,1,1,1,1,1
case_66dc8ca3,0,1,1,0,1,1
case_0b7d8ac3,1,1,1,0,1,1
case_64f618c7,1,1,1,1,1,1
case_a8174360,0,1,1,0,1,0
case_50e69fa3,0,1,1,1,1,1
case_5accb004,0,0,1,1,0,1
case_4234d3d4,1,0,1,0,0,1
case_c854e12d,1,1,1,1,1,1
case_74bc227e,1,1,1,1,1,1
case_68f6a7ea,0,0,1,0,0,0
case_ae1e868f,0,0,1,0,0,0
case_5596bb69,0,0,1,1,1,1
case_a33f61f8,0,1,1,0,1,0
case_559da72e,1,1,1,0,1,0
case_9c0e495b,1,1,1,1,1,1
case_e1cdc0f3,0,0,1,0,1,1
case_8eb2a8fd,1,1,1,1,1,1
case_497521f0,0,0,1,1,1,1
case_27bdc3cd,0,1,1,1,1,0
case_34a8fc7f,1,1,0,1,1,1
case_8425f983,0,0,1,1,0,0
case_8bfd640c,0,0,1,0,1,0
case_3af0da92,1,0,1,1,1,1
case_702b0daa,1,1,1,1,1,1
case_cbb9a614,0,1,1,1,1,1
case_a705eab9,1,0,1,1,1,1
case_85f2acd2,0,1,0,1,0,1
case_7b326af1,1,1,1,1,0,1
case_c522ac76,0,1,1,0,1,1
case_28cf86f5,0,0,1,0,0,1
case_9124dfe1,1,1,1,1,1,1
case_1d157c05,1,1,1,1,1,1
case_22aaa059,0,1,1,1,1,1
case_5a292c61,0,1,1,1,1,1
case_89a3197a,1,0,1,1,1,1
case_31b51f17,1,0,1,1,1,1
case_9ca681a1,1,1,1,1,1,1
case_13f5e77c,0,1,1,1,1,1
case_30950d5f,0,1,1,1,1,1
case_30bb7422,1,0,1,1,1,0
case_eba24722,1,0,1,1,0,1
case_5cd7178e,1,0,1,0,1,0
case_083fd6a7,0,0,1,1,1,1
case_f8bfd54d,0,0,0,0,0,1
case_bc34ecf6,0,1,1,1,1,0
case_1097dd6b,0,1,1,1,1,1
case_1533e78f,1,1,1,1,1,1
case_859e6bde,1,1,1,0,1,0
case_6ddfdf7e,1,0,1,1,1,1
case_8b6464bc,1,0,1,1,1,1
case_7fd66f9f,1,0,1,0,1,1
case_093428af,0,0,1,0,1,0
case_df0950d4,0,1,1,1,1,1
case_ac7685ef,0,0,1,1,0,1
case_ef0e3027,0,1,1,1,1,1
case_90f4c1c4,0,0,1,1,1,1
case_8bce40c9,0,1,1,0,1,1
case_6d4a2b17,1,1,1,1,0,1
case_70d583a9,1,1,1,1,1,1
case_748c89f7,1,0,1,1,0,1
case_b411a230,1,1,1,1,1,1
case_3b534524,1,1,1,1,1,1
case_48099576,1,1,1,1,1,1
case_c0e66fcd,1,0,1,1,1,1
case_d43e3c5f,1,1,1,1,0,0
case_a6408dff,1,1,0,1,0,1
case_9aa5d5c7,1,1,1,1,1,1
case_6b2a35b1,1,1,1,1,1,1
case_7c7ef9c5,1,0,1,0,1,1
case_72e0447a,0,0,1,0,1,1
case_feb481e5,1,0,1,0,1,1
case_2af7d69d,1,1,1,1,1,1
case_196d2bda,1,0,1,1,1,1
case_e941b71e,1,0,1,0,1,1
case_aa6880db,1,0,0,1,1,1
case_b58cdfd3,1,1,1,1,1,1
case_88acb322,1,1,1,1,1,1
case_1c691a2c,1,0,1,1,1,0
case_d86e107f,0,1,1,0,1,1
case_cdb38d29,1,1,1,1,1,1
case_d4e9aede,1,0,1,1,1,1
case_7178f8da,0,1,1,0,1,1
case_b91cb185,1,1,1,1,1,1
case_a92cd646,0,0,1,1,0,1
case_65f88afa,1,0,0,0,0,1
case_01ea129d,1,1,1,0,1,1
case_78028b43,1,1,0,1,1,1
case_c76042ba,1,0,1,1,1,1
case_eb627b0f,0,1,1,0,1,1
case_bfff17fd,0,0,1,1,1,1
case_0cd127c2,1,1,1,1,1,1
case_ac36ae99,0,0,1,1,1,1
case_7b5d1528,0,1,1,1,0,0
case_f720be1f,0,0,1,1,1,1
case_2f103827,1,1,1,1,1,1
case_369f5ce4,1,1,1,1,0,1
case_7bc62c98,0,0,1,1,0,1
case_fb8da539,1,1,1,1,1,1
case_67bdab3c,1,1,1,1,0,0
case_3767ec70,0,1,1,1,0,1
case_3dc6e3f3,0,0,1,1,0,1
case_155fe03c,1,1,1,1,1,1
case_46471301,0,1,1,1,0,1
case_1e8d7070,1,1,0,1,1,1
case_6c5d3c10,1,1,1,1,1,1
case_ba897626,1,1,1,0,1,0
case_0bc4a947,1,1,1,1,1,1
case_033936c5,1,0,1,0,0,1
case_d8cf165d,0,1,1,1,1,0
case_958f94f1,1,0,1,0,0,1
case_6fa8e79c,1,1,0,0,1,1
case_612d90d1,0,1,0,1,1,1
case_54c9284f,0,0,1,0,1,1
case_b1df72a2,1,1,1,1,1,1
case_516810fb,1,1,1,1,1,1
case_dd884e34,1,0,1,1,0,0
case_ef567484,1,1,1,1,1,1
case_f3fe36d0,1,1,1,1,1,1
case_4e0e3963,1,0,1,0,1,1
case_bd2ff8e4,1,1,1,1,0,1
case_39f1d2d8,0,0,1,0,1,0
case_d1244c38,1,0,0,1,1,1
case_830132f1,1,1,1,1,1,1
case_7d5a8912,1,0,1,1,1,1
case_36a31762,0,0,1,1,0,0
case_846e3d5d,0,1,1,0,0,1
case_e8f65d81,1,1,1,1,1,1
case_dc3d5d43,0,0,0,0,1,1
case_b1d44aa4,0,0,1,0,1,1
case_f9bebe5e,1,1,1,1,1,1
case_531a0a0a,1,1,1,0,1,0
case_4d62ebe9,1,0,1,1,1,1
case_a27c0347,1,1,1,1,1,1
case_ecf1df20,0,1,1,1,1,1
case_12686575,0,1,1,1,1,1
case_14a15d86,0,0,1,0,0,1
case_138093f6,1,0,1,1,1,1
case_da044b1f,0,0,1,1,0,0
case_7b1dbc80,1,0,1,0,0,0
case_0419deb6,1,1,1,1,0,0
case_2c337849,0,1,1,0,1,1
case_a388f03a,1,0,1,1,0,0
case_aa8317f9,1,0,1,1,1,1
case_61382fc9,0,1,0,1,1,1
case_a0b7b6bd,0,0,1,1,1,1
case_08837103,1,1,1,1,1,1
case_186a4464,1,1,1,1,1,1
case_0591b6c5,1,1,1,1,1,1
case_b07e09c5,0,0,0,0,1,1
case_ef3dc0f0,1,1,1,0,1,1
case_d222f00a,1,1,1,0,1,1
case_0ad7dbfc,1,1,1,0,1,1
case_c1dc9502,1,0,1,1,0,1
case_5a7cd664,0,1,1,1,1,0
case_79dc394a,1,1,1,1,1,0
case_4863ec78,0,1,1,1,1,1
case_55efddad,0,1,0,0,0,1
case_3e201bdb,1,0,1,1,1,1
case_5027967d,1,0,0,1,1,0
case_25bd1d33,0,0,0,0,0,0
case_3df10da1,1,1,1,1,1,1
case_82b53e0b,1,1,1,1,1,0
case_dae0cc08,0,1,1,0,1,1
case_6ac52c95,0,1,1,1,1,1
case_593ebbab,1,1,1,1,1,1
case_848cb161,0,1,1,1,1,1
case_ae23f207,1,1,1,1,1,1
case_dde57af3,1,1,1,1,1,1
case_53ac9d0c,0,1,0,1,1,1
case_5e00d713,1,1,1,0,0,1
case_cf24b611,1,0,1,0,1,1
case_fce8aba5,1,1,0,1,0,1
case_9afd9632,1,1,1,1,1,1
case_d6bbee44,0,0,1,1,0,1
case_f4526de9,1,0,1,1,1,1
case_6afb942b,1,1,1,1,0,0
case_9fb89a44,1,1,0,1,1,1
case_ae4dd211,1,1,1,1,1,1
case_6b79e131,0,1,1,1,1,1
case_71daed08,1,1,0,0,1,0
case_bcf69c64,1,1,1,1,1,1
case_3fe14c42,0,0,1,0,0,0
case_848b5eaf,1,1,1,1,1,1
case_123e0ecb,1,0,1,0,1,1
case_c1e1f69b,0,1,1,1,1,1
case_79e513f8,1,0,1,0,1,0
case_850165b4,0,1,1,1,1,1
case_f28e5815,0,0,1,0,1,1
case_d9c4a118,1,1,1,1,1,1
case_36c7f4ef,1,0,1,1,1,0
case_e722daef,1,0,1,1,1,1
case_a35940f0,0,1,1,1,1,1
case_b3842430,1,1,1,1,1,1
case_3cf88d7f,1,1,1,1,0,1
case_8c9727f9,0,1,1,1,1,1
case_72908f53,0,1,1,1,1,1
case_c077d102,1,1,1,1,1,1
case_8688d6d7,1,0,1,1,1,1
case_e76ec95e,0,1,0,0,0,1
case_1d15d302,1,1,1,1,1,1
case_a5e0a663,0,1,1,1,0,0
case_86c9c1f0,1,1,1,1,1,1
case_12aa5d50,0,1,1,1,1,0
case_5eb0185e,0,1,0,0,1,0
case_351d4941,1,1,1,0,1,0
case_7093b6a4,1,1,1,0,1,1
case_c6a4b9dc,1,1,1,1,1,1
case_2ce2e732,0,0,1,1,1,1
case_8bd5397f,1,1,1,1,1,1
case_ae15bf11,1,0,1,0,1,0
case_e7ea3c2b,1,1,0,1,1,0
case_bc3ed1de,1,1,1,1,1,1
case_e25a377d,1,1,1,1,1,1
case_249f8e7b,0,0,1,1,0,1
case_cf01fbf0,1,0,1,1,1,1
case_f295eb9e,0,0,1,0,0,1
case_4ca85c8f,1,1,1,1,1,1
case_49a6f4cb,1,1,1,1,1,1
case_22725492,1,0,1,1,0,0
case_ef2d8e9d,0,1,1,0,0,1
case_733dfd79,1,1,1,0,1,1
case_7a0dc195,0,1,1,1,1,0
case_eb227738,1,1,1,1,1,1
case_e5691725,1,0,1,0,1,1
case_65ba045d,1,0,1,1,1,1
case_f127d192,1,0,1,1,1,1
case_3155e533,1,1,1,1,0,1
case_bb8edccd,0,1,0,0,1,1
case_dbf2fb24,0,1,1,1,0,1
case_3b3e1109,1,1,1,1,1,1
case_7272bb59,0,1,0,0,0,0
case_5cff42bd,1,1,1,1,1,1
case_abbf0ca5,0,0,1,1,1,0
case_8cd21b76,0,1,1,1,1,1
case_c0021f37,1,1,1,0,0,1
case_c46a058a,1,1,1,1,1,1
case_5b4d3af7,1,1,1,0,1,1
case_160afaa2,0,0,1,1,1,1
case_f1a6fd47,1,0,1,0,1,1
case_1b9af771,1,1,1,1,1,0
case_394ab37f,0,0,1,1,0,1
case_dea56bde,1,1,1,0,0,1
case_c8555ef6,0,1,0,0,1,0
case_f296f44b,1,1,1,1,1,1
case_fc772247,1,1,1,1,1,1
case_58348b75,0,1,1,1,1,1
case_0a2f770c,1,0,1,1,0,1
case_e119bd8c,1,0,1,1,1,0
case_aab4df80,0,1,0,0,1,1
case_8e055d4a,1,1,1,1,1,0
case_d5266950,0,1,1,1,1,1
case_b67b1932,0,1,1,0,1,0
case_e898fc0b,1,0,1,1,1,1
case_60c1eaf5,1,1,1,1,1,1
case_40e88eb8,0,1,1,1,1,1
case_ae7e3de1,1,0,1,1,1,0
case_f1803946,1,1,0,1,1,1
case_777bc7d8,0,1,1,1,1,1
case_d50df466,1,1,1,1,0,1
case_fbaeac8a,1,1,1,0,0,0
case_457bc72f,1,0,1,1,1,1
case_8b810c23,0,0,1,1,0,0
case_8afcdb67,0,0,1,1,1,1
case_610ebbd6,0,1,1,1,0,1
case_f8421ff4,1,1,1,0,1,1
case_5f4c683e,0,0,1,0,1,1
case_d55b2bea,1,1,1,1,1,0
case_708ff366,1,0,1,0,0,1
case_13d3e82a,1,1,1,1,1,1
case_afad5f54,1,1,1,1,1,1
case_91422adc,1,1,1,0,0,1
case_aa181591,1,0,1,1,0,1
case_522e6ba9,1,0,1,1,1,1
case_28deb9eb,1,1,1,1,1,1
case_cae83ec4,1,1,1,1,1,1
case_61660c0e,1,1,0,1,1,1
case_639c78d4,0,1,1,0,1,0
case_0f6741ed,0,0,1,0,1,1
case_8edae227,1,1,1,1,1,1
case_ce35bf36,0,0,1,0,0,1
case_ca86cf34,0,0,0,0,0,1
case_57a7449a,1,1,1,1,1,0
case_34571aa2,0,1,0,0,1,0
case_779e4e2a,1,1,1,1,1,1
case_b42d95b5,1,0,1,0,1,1
case_aeff9f05,0,1,0,0,1,1
case_7f979abc,0,1,1,1,0,0
case_17414178,1,1,1,1,1,1
case_e8244708,1,0,1,1,1,1
case_dad7a7c9,0,0,1,0,0,1
case_d3544f20,1,1,1,1,1,0
case_7fa5978e,0,1,0,0,1,1
case_ea2eb399,1,1,0,1,1,1
case_a0e8df7b,1,0,1,1,1,0
case_85c82385,1,1,1,1,1,1
case_f3f1950c,0,1,1,1,1,1
case_602697ca,1,1,1,1,1,1
case_e90ea953,1,0,1,0,1,1
case_4ddd33c1,0,1,1,0,0,1
case_351ddcf3,0,1,1,1,1,1
case_1a9352f3,0,0,1,1,1,1
case_c4ddad6a,1,0,1,0,0,1
case_407b3690,1,1,1,1,0,1
case_bf1f059e,0,1,1,0,1,1
case_42f4e4f5,1,1,0,1,1,0
case_b71f7e83,1,0,1,1,1,0
case_75705334,0,1,1,1,1,0
case_0978f913,1,1,0,1,1,1
case_1bf01e28,1,1,1,0,1,1
case_137460e4,1,0,1,0,1,1
case_2acbb560,0,0,1,0,0,1
case_6d3e66f2,1,1,1,1,0,1
case_84a2fb40,1,1,1,1,1,1
case_3f529e6c,1,1,1,1,1,1
case_706237c3,1,0,1,1,1,1
case_c8f84d0a,1,1,1,1,1,0
case_c1dc3082,1,0,1,1,0,0
case_10cf31bf,1,1,1,1,1,1
case_f5256e96,1,1,1,1,1,1
case_b18bf591,0,1,1,1,1,0
case_450188d3,1,1,1,1,1,1
case_fcc47e98,1,1,1,1,1,1
case_d946e48a,1,0,1,1,1,1
case_a0566b90,0,1,1,1,1,0
case_01c349e9,0,1,1,1,1,1
case_e38bfb18,1,1,1,1,1,0
case_61607b6f,1,0,1,0,1,0
case_eac0b468,0,0,1,1,1,1
case_fcf1266d,1,1,1,1,1,1
case_f743e8c4,0,1,1,1,1,1
case_e3b46bee,1,1,1,0,1,1
case_7fb5efcd,1,0,1,1,1,1
case_563146db,0,1,0,1,1,1
case_4bfa3b55,1,0,1,1,1,0
case_c9b8ab8f,0,1,1,0,0,0
case_e0eb1ae1,1,0,1,0,1,0
case_460eb993,0,0,1,0,1,1
case_3c433a3d,1,0,1,1,0,1
case_b02facaf,0,0,1,1,0,1
case_b64e87b0,0,1,1,1,1,1
case_0c3c8812,1,1,1,1,1,1
case_ac1da0a6,1,0,1,0,1,1
case_03a01514,1,1,1,0,1,1
case_c42757ab,0,0,0,0,1,1
case_3e916c31,0,0,1,1,1,1
case_da7a4402,1,0,1,0,0,1
case_f50b81ff,1,1,1,0,1,1
case_a29479b1,1,1,1,1,1,1
case_eccc0cb6,0,1,1,0,1,1
case_2a57bd32,1,1,1,1,1,1
case_3fc07b73,1,1,1,0,1,1
case_3ea92706,1,0,1,0,1,1
case_4142b94c,0,1,0,0,0,1
case_5079714e,0,0,1,1,1,1
case_13714ce9,1,1,1,1,1,1
case_0910eae5,1,0,1,1,1,1
case_d90d6362,0,0,1,0,1,1
case_6faeaff6,0,1,0,1,1,1
case_e38e5d7c,1,1,1,1,1,1
case_de36f63d,0,0,1,1,1,1
case_254af5dc,0,0,1,0,0,1
case_7e8921b4,1,0,1,1,0,1
case_9bf2f1d7,0,1,1,1,1,1
case_bac664af,0,0,1,1,0,1
case_05417fdd,1,1,1,1,1,1
case_ef23ce6b,0,0,1,0,0,1
case_0f24aeaf,0,0,1,0,1,0
case_c810dc2d,0,1,1,1,1,1
case_2974ec0d,0,0,1,0,1,0
case_cad9ae6c,1,0,1,1,1,1
case_94c15539,1,1,1,0,1,1
case_f8c03335,1,1,1,0,1,1
case_a49500a5,0,1,0,0,1,1
case_fb3ca4db,1,1,1,1,1,1
case_26727412,1,1,0,1,0,1
case_fcbae83c,1,0,1,1,1,0
case_3d1f58aa,0,0,1,0,1,0
case_06355e4b,0,0,1,1,1,1
case_71eb83d6,0,1,1,1,1,1
case_5d0fb397,0,0,1,1,0,1
case_a587557f,1,1,1,1,1,1
case_75446f45,0,0,1,1,1,1
case_82fa1f4a,1,1,1,1,1,1
case_3081de2d,0,0,1,0,0,1
case_9ab93351,1,0,1,1,1,1
case_c7174acf,0,1,1,1,0,0
case_03d60a12,1,1,1,1,1,1
case_6d7f1be7,1,0,1,1,0,1
case_48eed459,1,0,1,1,1,1
case_d7335476,0,0,1,1,1,1
case_195c42e2,1,0,1,1,1,1
case_604ad0e0,0,1,1,1,1,1
case_8309914e,0,0,1,1,1,0
case_c58da7a4,1,1,1,0,1,1
case_cdda6729,0,1,0,0,1,1
case_c777e9a2,0,0,1,1,1,1
case_30b73ddb,1,0,0,1,0,1
case_d7c92c8b,1,0,1,1,1,1
case_053567c9,0,1,0,0,0,1
case_22575c16,1,1,1,1,0,1
case_b28399ea,1,1,1,1,0,1
case_6cdc0775,1,1,1,1,1,1
case_263accdc,1,1,1,1,1,1
case_9bd38cda,0,0,1,1,0,1
case_52c75f9e,0,0,1,0,0,1
case_46fdd2a1,0,1,1,0,1,0
case_3f2a06c5,1,1,1,0,1,1
case_fbb53c2f,1,1,0,1,1,1
case_8c074aae,0,1,1,0,1,1
case_527c7056,1,1,1,1,1,1
case_1c2c1747,0,0,1,0,1,1
case_491dfc80,1,0,1,1,1,1
case_7b51c19c,1,1,1,1,1,1
case_06371639,0,1,0,0,0,1
case_b7452ebf,0,0,0,0,0,1
case_396bac11,0,0,1,1,0,1
case_60b5d4e3,1,1,1,1,1,1
case_52f16d2c,1,0,1,1,1,1
case_8d0329ab,1,1,1,1,1,1
case_9867d105,0,0,1,0,1,0
case_330717c1,1,1,1,1,1,1
case_de60883d,0,0,1,1,0,0
case_273f437c,0,0,1,0,0,1
case_8b256ee1,0,0,1,1,1,0
case_7d75b0dd,0,1,1,0,0,1
case_bc7c5eb2,0,0,1,0,0,1
case_31f06b52,0,1,1,0,0,1
case_80aeca6c,1,1,1,1,1,1
case_dfd19931,0,1,1,1,1,0
case_274d93ab,1,1,1,1,0,1
case_32a3ba75,1,1,1,1,1,1
case_1fb190e7,1,1,1,1,1,0
case_47c7563e,1,0,1,1,1,1
case_e6dcf80f,0,0,1,1,1,0
case_7aa5961d,1,1,1,1,1,1
case_9071c015,1,1,1,1,1,1
case_b6b380eb,1,1,1,1,1,1
case_8f6582e7,1,1,1,1,1,0
case_767fda0c,1,0,1,1,0,1
case_8a7d9411,1,0,1,1,1,0
case_ffc1c371,1,1,1,1,1,1
case_08fd70e1,1,1,1,1,1,1
case_45a6e31e,0,0,1,1,1,1
case_331040be,1,1,1,1,1,1
case_219703a2,1,1,1,0,1,1
case_0d10e429,1,1,1,1,1,1
case_0bd7edc1,0,1,1,1,1,1
case_0632e43f,0,1,1,1,1,1
case_2af72af3,1,1,1,1,0,1
case_3f671580,1,0,1,1,1,1
case_559eaf9e,1,1,1,1,1,1
case_d3709dc7,1,1,1,1,1,1
case_b8ad2fcc,1,1,1,1,1,1
case_4302adda,1,0,1,0,0,1
case_f40132e9,1,1,1,1,1,1
case_16900cdd,1,1,1,1,1,1
case_426723e1,1,0,1,0,0,1
case_07d7385a,0,1,1,1,1,1
case_0c14cf19,1,1,1,0,1,1
case_3bb68efa,1,1,1,0,1,1
case_fde0d2d5,1,0,1,1,1,1
case_a96fec6c,1,1,1,1,1,1
case_82fa1b84,1,1,1,1,1,1
case_173555f5,1,1,0,1,0,1
case_0b77ec94,1,1,1,1,0,1
case_261b3893,0,1,1,1,1,0
case_16054a90,1,1,1,0,1,1
case_d7423298,0,1,1,1,0,1
case_dcbbe327,0,1,1,1,1,1
case_6f1f8ff5,1,1,0,1,1,1
case_3b72798f,1,1,1,1,1,0
case_b0a3711b,1,1,1,1,1,1
case_b3e51384,1,1,1,1,1,1
case_88f253ae,1,1,1,1,1,1
case_dba76638,1,1,0,1,1,1
case_48bb2497,1,0,0,1,1,0
case_699e8c74,1,1,1,0,1,1
case_daa263cb,1,0,0,1,1,1
case_5b9d0acf,1,1,1,0,1,1
case_5b9ab18b,1,1,1,1,1,0
case_3bea5bc7,1,1,0,0,1,1
case_ba868065,1,0,1,1,1,1
case_4377f651,1,1,1,1,1,1
case_160f9387,0,1,1,0,1,1
case_53f92278,0,0,1,1,0,0
case_ea385f24,1,1,0,1,1,1
case_032f1b01,1,1,1,0,0,1
case_8c47c399,0,0,1,1,1,1
case_b213ff67,1,1,1,1,0,0
case_85b4a7e0,1,0,1,1,1,1
case_849c4769,1,1,0,1,1,1
case_43949239,0,1,1,0,1,0
case_d4c612de,1,0,1,1,0,1
case_52fbe6be,1,1,1,1,0,1
case_1bba4223,1,1,1,1,1,0
case_aecd800f,1,0,1,1,1,1
case_7ffbd8d8,1,1,1,1,1,1
case_9a881382,1,1,1,1,1,1
case_f6903ce3,1,1,0,0,0,0
case_1d93ec3e,0,1,0,1,1,0
case_af72ca74,1,1,0,0,1,1
case_fbec3da6,1,0,1,0,1,0
case_b5a2d2e7,1,1,1,1,1,1
case_4e8c2d2e,0,1,1,0,1,1
case_9aa735b2,0,0,1,0,1,1
case_f995b827,0,1,0,1,1,1
case_f34937fe,0,1,1,1,1,1
case_a2f9d44f,1,1,1,1,1,0
case_6addd9b5,0,1,1,1,1,0
case_7d4a3300,1,1,1,1,1,1
case_6a455cc5,1,1,1,1,1,0
case_957eef37,0,0,1,1,1,0
case_d11f4f36,1,1,0,0,0,1
case_393da0ec,1,0,1,1,0,0
case_854fb8e9,0,0,1,0,0,1
case_fecd847c,0,0,0,0,1,1
case_d22e00ee,1,1,1,0,1,1
case_13068ca3,1,1,1,1,1,1
