id,latent_payment_reliability,latent_liquidity,latent_digital_engagement,latent_price_sensitivity,latent_urgency,latent_customer_value,latent_retry_responsiveness,latent_delayed_retry_responsiveness,latent_message_responsiveness,latent_alternate_method_responsiveness,latent_human_escalation_responsiveness
cust_141b8db5,0.7197453697913269,0.6381956866596074,0.6623591574260006,0.2069608210421112,0.3494073617160266,155498.5614372422,0.3320750496875482,0.5855094994304412,0.4074021607698169,0.5592124526714473,0.8696412768584253
cust_e91dce00,0.8630405940755717,0.7124928768288499,0.49718193040540953,0.11473274625111882,0.20150183529784932,23831.708758862984,0.41634053905314095,0.3813622697677988,0.25259880556282166,0.13544669320158467,0.22734674244983685
cust_2820160f,0.8182399431014314,0.8539421100873299,0.5315593222598496,0.16817778446558213,0.4464040754949609,3482.970919140258,0.4822272278126902,0.49949245529876757,0.4060387335330639,0.6264955423217622,0.0545789950124142
cust_1546b7c9,0.8792751377549072,0.5086991496937802,0.39018026245613,0.39052827921136024,0.16270827005292585,4641.973550161554,0.15200894969111364,0.690936522253786,0.29175889315010994,0.35244390343068,0.07483138828168268
cust_fecb3f0e,0.778400754076759,0.28215799311895035,0.15692919633370603,0.1915287204631032,0.5113604477485097,117361.43100055803,0.47025448973897505,0.6758117840865332,0.09007447375688593,0.07250641230499529,0.889256074958686
cust_4e474035,0.8234725949629641,0.6501197634711203,0.37161580870352984,0.47816926078086947,0.6670228270503796,20146.40229129293,0.24070444026536397,0.5203418838665967,0.18705901696510857,0.060083056146483634,0.029733348019657168
cust_fe6b3633,0.7970393918519174,0.5395599248622548,0.23305655952772888,0.4059219392140858,0.22385963973334394,8097.285759659723,0.3660623440950854,0.6842094033536108,0.13167168165159915,0.452673831382664,0.013904548577047093
cust_d4eb5a50,0.7802210213505198,0.6974973926174622,0.23979970824740895,0.18967749837828576,0.45026914756142694,2545.7810461403205,0.18176755832560026,0.6557751741392861,0.22662094463290366,0.19919483658052775,0.040404975845720226
cust_5c89a365,0.8781500276047698,0.7635434962101358,0.14066883340478847,0.35032382217015856,0.16690637987058066,9032.562919776386,0.14105528073816517,0.5380065504343965,0.036897316656404014,0.2831842553077723,0.3200245900734355
cust_e90a97e5,0.6519494897652779,0.4148486232978181,0.16977150916176714,0.3198452417712943,0.2781598600461458,80429.2632772865,0.43467145719004,0.6575078263125784,0.07907972106740091,0.21786137185365137,0.856313933522956
cust_63b49c91,0.8917282196064935,0.381784927117353,0.7249721100681654,0.38444423953301865,0.17437144247360073,12151.278490419072,0.16910465999751584,0.6373415046032989,0.4321348182065955,0.13458993980470452,0.05007529533926472
cust_c6ab5a19,0.784158834434709,0.6247002838849415,0.3529272831922629,0.1609172790900445,0.3870579241286612,450.7066499757539,0.17801537030978645,0.5289050885981736,0.22560036392612132,0.5024289701178456,0.10114002355053393
cust_1a71b15c,0.47409603385603066,0.4747988633973189,0.22611092576832367,0.31651409592828084,0.22052892249910963,11415.068206912261,0.5905833116933813,0.3135619561667458,0.1235653512872263,0.2469504079148136,0.044600480176483735
cust_ce1bce83,0.6582630920847333,0.5759057843081451,0.2685584909236354,0.5535160114335228,0.4167225040797716,2840.0560955726405,0.16570107918678403,0.6944527041927618,0.14921311453117636,0.2910075227146837,0.18317910099582754
cust_77743ac6,0.8319217018226527,0.5876739744467131,0.35076153247373676,0.3110693844972901,0.44646132966953234,49602.128764272515,0.30153052828406746,0.3587395316676388,0.09861873925257779,0.06477839542328803,0.03438570076152264
cust_4b6826d7,0.7128816091425516,0.6564127135585868,0.47345553343348445,0.505486407557594,0.4853347525160691,16452.507834739656,0.5827978250071623,0.2576399421133083,0.395934049027243,0.5129853746635676,0.07494317117208209
cust_cade84b8,0.48236560514540855,0.7799742057880031,0.7292296281817311,0.2333491262398981,0.21666111922252584,67022.50774049708,0.3158313739458198,0.30650197365564025,0.5625869936424912,0.5131840397430295,0.3668932630487164
cust_fcf299c9,0.5741365742540162,0.43216136582349796,0.25898740161745676,0.12458162099010865,0.21817135424483258,5929.9720188530655,0.39141167060581045,0.5591124402250173,0.1250953628463786,0.23738837404826552,0.01796380973644129
cust_110fe384,0.8961677109954016,0.7010975985421539,0.2233317404752826,0.24895535764127513,0.22894802623691932,23183.72951623601,0.6307083904078589,0.4079390888341934,0.14858948743631809,0.4348313709880908,0.5540653878755389
cust_9aea9fa8,0.6436273970697898,0.5128298323169134,0.3001176115564957,0.319702690961004,0.4756544448450506,9408.775686204868,0.14307501740223244,0.4113387140943706,0.1228263182766994,0.276875037699566,0.05470412136564512
cust_9f99e2ba,0.8823713109046153,0.8781157372191153,0.4881128647723845,0.09830161373422243,0.30757497166641323,2754.835747858126,0.36179556984860806,0.7891403987806884,0.18672595906175582,0.013401566767596977,0.01718809818122202
cust_b8e0fb87,0.6840634814127289,0.6767781845707698,0.06884250088989669,0.24294139570360734,0.12528271801326685,29256.44903185803,0.19332036186454793,0.6972661699332284,0.04830702391658244,0.22409834675977086,0.08241410655902816
cust_a514d682,0.40732990368391697,0.38318409642036566,0.7363558198058321,0.38169781250108514,0.41426046787434556,45425.117748150304,0.4031614860821399,0.34862097262401737,0.29231265303286025,0.17525125686944398,0.10200706487961217
cust_ede3b609,0.8216215855621076,0.27027140814414924,0.24822005560126909,0.4337510754311278,0.06646633752911082,16128.145057329124,0.10228615538235901,0.6256886877778493,0.13199583982517218,0.06529833175836412,0.4193332350867382
cust_afa569ff,0.6229316820475951,0.759297464134295,0.4019685876706777,0.19013047574979314,0.6126045888075683,79542.52748080876,0.36026339857690454,0.6891900212058304,0.0603067484363552,0.3851416903898816,0.9089055182780615
cust_089f517d,0.8335846497198819,0.30390108798582405,0.5420993956632566,0.0932512650813806,0.36050597240164695,31877.256218156082,0.5432040696487125,0.8204412683758239,0.28242722134052767,0.07584607365363827,0.035979451779314865
cust_9cf17790,0.8210701941404347,0.38121815796012354,0.08236327698660964,0.18139673769884201,0.8049921276669807,23134.458015001223,0.07821189433812309,0.47857130961662087,0.07487297441662093,0.10167750263309783,0.09942283101565116
cust_c6d8b310,0.7854172200084466,0.34337425583970727,0.3344790368097127,0.48301512190830587,0.44662158414163183,2181397.0769890887,0.09725291944555145,0.41436216601637316,0.2834713891230932,0.16048512787788657,0.9682820580107977
cust_648310c8,0.6822142715052342,0.4452330015753076,0.4777260832705274,0.14479254803963074,0.4126650573127943,21328.03272095472,0.2453913363792167,0.1683578492131675,0.41664041786989175,0.24441077415134885,0.35186073497866943
cust_a876b93c,0.9320126584494555,0.6041657846036944,0.10853909801178749,0.14890627126563025,0.23480112946109086,2915.847883993452,0.2891063820275453,0.5151391220175019,0.07186812255543844,0.24295301877877132,0.15016943473364922
cust_d22a895c,0.6675425160124493,0.3284494564467951,0.33444360896807734,0.3150991041847062,0.13873201428522206,93520.02712671748,0.11908340816744391,0.28462705130639065,0.1056906789135986,0.20020102195008016,0.9187514828013025
cust_2775cc4f,0.6258570167826365,0.5152889828056634,0.370700209455092,0.30182257978769617,0.23186228985825225,8717.205616766003,0.600654861657551,0.668601690845267,0.3118858672138812,0.237823198422996,0.009966174147558137
cust_07e33d98,0.5111194417362043,0.5029045929608252,0.45922447508910114,0.16410727898550234,0.664911481697917,52878.579978176735,0.18618538835135426,0.7698332036250245,0.37357659296895646,0.11999912629091328,0.875765082292229
cust_388a4c2a,0.9721281865987923,0.5401077718003265,0.4908155310734303,0.42451849764735455,0.499313365594085,19728.191506958698,0.28044203675362805,0.4103738704687672,0.07959534411598611,0.15944411912541473,0.10043328204520925
cust_7f5d847e,0.49753129652782296,0.5847818310501075,0.6184958262055139,0.3628755345419012,0.3814057590769897,45255.349015876636,0.3575112396078929,0.7212104656066565,0.5668188604425015,0.1918408631055472,0.05697062896397842
cust_e66be4ba,0.7244074163718939,0.42217068013400144,0.5064044087237993,0.2808197387982416,0.06471628670642038,9873.026696599667,0.39664603046664076,0.7840574806014784,0.16676218683489993,0.3141190434733241,0.08362936177446358
cust_0a0de280,0.8573389003865639,0.45465648578642326,0.48470763950899254,0.3723711843676666,0.6388017290926807,29995.42115997139,0.10522263877150638,0.4421474919631852,0.1003609012314381,0.23444194459036072,0.12971852967163613
cust_389aac21,0.7622845855856791,0.5064984443375451,0.3579769357976455,0.23636654524875603,0.06926119403041958,5793.716566254875,0.383015744012679,0.20907026052747327,0.16923656955431587,0.18480020327874588,0.32309756535944767
cust_f5708329,0.977210918299781,0.6937033273957054,0.47744455037376354,0.48209370593234463,0.3326968784279461,9449.353388569829,0.283022327792597,0.5530502326937244,0.3138050650097467,0.4384956363103891,0.13330706770526468
cust_e87be9a0,0.8800375325067513,0.5947172067934113,0.27107812331826514,0.35278606414446384,0.3889246101338833,186204.52961146398,0.36154619005625344,0.8629841594431852,0.1017923992793217,0.17577051301539365,0.6478324034244523
cust_4477000b,0.7812222179901944,0.6737524641202218,0.2912592558323446,0.2365075896273457,0.4634871376521164,25925.17278362938,0.6746168781637867,0.35139340049573375,0.06253628995971339,0.35003590241332294,0.00953942924011277
cust_2edcd570,0.6893148347955472,0.4047038937920872,0.3881358263590195,0.24871115829864834,0.22859444424107878,35226.04110273853,0.34741442107143694,0.3559062247604949,0.25138449358895887,0.23978083706564104,0.04052992489279279
cust_c02e8260,0.8704387347208693,0.28580146311341903,0.34597627440774303,0.6285450654283226,0.13360125771679893,95326.9959631199,0.2477561963067759,0.4498468460266536,0.2862806298209452,0.21099461913595058,0.919423197034225
cust_c3cb9245,0.4766253914011052,0.7064668877489707,0.9249544128084383,0.4568097399183304,0.108049985293412,10321.948228159941,0.24278208224586081,0.1926961619694833,0.7535904764050407,0.33294450561196115,0.008094749552973532
cust_3b112010,0.7372658189037088,0.47524609059605744,0.19820110154699122,0.39412795685787644,0.08757986436407132,9183.624700571683,0.5520105944976188,0.4321632728888883,0.10497839067702953,0.42063192337225286,0.15744707220564266
cust_c5c74e0a,0.4804707825045915,0.8669094743694188,0.26066831174222865,0.29878689539887776,0.5157534328850615,54759.57918598107,0.3687282667145636,0.8832939494787042,0.20216816110576033,0.4401523444394173,0.6593019189084474
cust_0a5e23a6,0.8215531366086606,0.46408871523566514,0.5051650927441518,0.23795824796445608,0.140042205102847,20767.561054598795,0.6522486102011752,0.6907208417478893,0.204487791111211,0.19148227134949836,0.2242810367702593
cust_6ebcc29b,0.8168466166320224,0.5490368006639129,0.1558649457131641,0.3961887818197501,0.4191047575411728,28095.310438182532,0.4455284933193591,0.34602934011063574,0.046686298779549155,0.3689232717369968,0.12160050536290268
cust_1252ad72,0.49473502550433524,0.8760006799631124,0.41300928737914144,0.24227683754779752,0.1322933985262439,44056.367042841324,0.3959014615392534,0.4389956400445528,0.34347073587021365,0.659130689486962,0.006578256611216066
cust_e3fe7bca,0.8767910414942789,0.5613711293908549,0.7813017725643945,0.2229942619048461,0.5346507546952729,6003.270448603779,0.7227898631018905,0.27530653538095445,0.6257695313670172,0.10874809272650315,0.10971864442962585
cust_51b6dada,0.828635099881706,0.3455417749795778,0.5538681350342555,0.47194149348179076,0.4245250756742782,25042.494371275887,0.3411583332545289,0.35060349467619867,0.1758152060010784,0.12032055645221093,0.02891006720178827
cust_7a454932,0.9304202852862774,0.34433832955534066,0.49480122988413283,0.15064133446613032,0.29334014877807235,15187.794791961172,0.3221005738855316,0.4586936708876784,0.43428569209895024,0.29830901155644673,0.10158837826954317
cust_824cc979,0.8724522777510105,0.11511142358341006,0.1214372748688009,0.43623170374663994,0.581195186488501,76962.16135309916,0.2357421011957417,0.5703266657112043,0.026212860647263574,0.0162555594175934,0.4032002777657049
cust_47932ff9,0.7791156861795462,0.4121682898335713,0.30660197644309967,0.13596201353807283,0.06401454358950416,5375.7950410433505,0.2797998538250805,0.4159036128782714,0.20446548200947148,0.3108430993915075,0.24606121585269977
cust_acd67e2b,0.4620290966772528,0.41436901458639863,0.2511660700959621,0.10896152509545469,0.019341538042505203,10223.849516683107,0.23736625243074855,0.44928622246489264,0.18327069773657978,0.267020392708363,0.21496061629449356
cust_f286ec66,0.29144726546472044,0.6353723656088099,0.19571828600587024,0.3801329475784117,0.6029988245753037,3703.5403094848557,0.13978822543944008,0.5406519992656657,0.11091035941122145,0.2229468272593981,0.07061068873340179
cust_27cdf355,0.8687536390255776,0.4015699761508719,0.1797356379903809,0.25648325707882724,0.34893309413927726,5350.191779436391,0.6964001406248141,0.6312779080260749,0.1262812938501064,0.30833878289072075,0.15720963528722942
cust_b6476b48,0.9078134344298028,0.5063134993020664,0.5136433414292627,0.40164519814909855,0.4188577177236484,7195.194844863854,0.5049060889482753,0.6790220992438045,0.40182908800715234,0.4923637486168921,0.053018368258082996
cust_b573e5d4,0.7467479920861512,0.42937837190389067,0.4270883618122422,0.01720554428941436,0.8353060907319931,179580.7003804288,0.17251905749195465,0.6424811076541266,0.2898484019949975,0.1565868046794287,0.4574121028317887
cust_09decb2f,0.7263584887696083,0.5636781330908875,0.21857846087992872,0.40950358867320535,0.29004360657860406,158658.5323025501,0.22699096118681444,0.37843375669081364,0.11127792386801541,0.46523790270622384,0.6562973159451757
cust_5422d358,0.6110463964205853,0.15400529397165838,0.3050131608960768,0.10019523638314996,0.345589150982796,55610.80978839722,0.303827174792869,0.39436764836865806,0.1818701270693753,0.07062832931172129,0.7621421202602857
cust_7ee99051,0.9244319424543684,0.8747673862806031,0.7092592204381768,0.4414924889485344,0.3379854325055747,25114.820290510805,0.24504186407586392,0.4243085535668451,0.15261822498363783,0.33239320042884807,0.12311940096745247
cust_254af7e5,0.6695006267173143,0.44980513337554573,0.18300548470056902,0.3192648584351958,0.1901996366807423,96335.05363149832,0.47303032149439206,0.32790168014183846,0.10989114164043227,0.21795663418425001,0.8327127916535056
cust_552bac50,0.6942199102514632,0.5751701695056602,0.5419705244685563,0.02047547955681328,0.2101481658701999,11917.696986292873,0.5493906176928485,0.4473082001134343,0.4002312551614329,0.14886900572332654,0.2005513122624738
cust_61a32f18,0.8582494374427373,0.4021811544386073,0.31220762775312716,0.16129872245686414,0.05294571294712394,181102.50388340268,0.18623671239679232,0.7402647019836277,0.06015349829740619,0.12781743411980878,0.6991251061249115
cust_ce4763ad,0.8421974982701644,0.1488208324665229,0.1934780979989397,0.14435925123781634,0.6758622839156363,140201.67757268462,0.27442197498715676,0.5067771284297503,0.14829991987039376,0.06355316044072436,0.4403840688193404
cust_22d25c16,0.9573690324767574,0.6106033636035612,0.5140740072791646,0.10423229577921593,0.35762233709312735,43023.24987127822,0.3644033329775602,0.8636637129371338,0.4460186705588822,0.4329772943002063,0.09319209440855783
cust_cb3dfa28,0.6458913819543638,0.20570635243126062,0.257474427372143,0.25477839522558815,0.4230994464843111,3042.5275203339356,0.5962956860993095,0.5982984762737091,0.03874318694818736,0.08462862957558467,0.15252736804971517
cust_370005f8,0.5986802125294091,0.7613905602735751,0.23244018020512489,0.36247721258588506,0.34761636657788636,6602.172992183187,0.059403594721275384,0.6101782400011811,0.1128019249681516,0.3286756209329442,0.0356653869935251
cust_1a949545,0.8606979088271393,0.5825283958366366,0.19670431297452287,0.23405767567693694,0.19475248428430408,39690.40609326137,0.18302699180935547,0.2634900439973019,0.1832460854177548,0.26087697065303583,0.07549603940328688
cust_044b3965,0.7817913481865485,0.7345818339357351,0.4014018163445338,0.16912759460385193,0.6329278491939744,61727.79587438219,0.4278704947914705,0.28037336693740694,0.280576637637837,0.36975940076623776,0.7945165944278121
cust_1dac64b6,0.8772149008715522,0.4770783318206072,0.44512010559913695,0.21909924062614525,0.3252155527023922,87704.13880103393,0.2767951998943834,0.4245817740608122,0.1559681461099081,0.2985805329778303,0.8335077165614486
cust_0954bb87,0.8909142214446727,0.14954237842155388,0.46826826289330914,0.2721253313428769,0.15592920579776012,26220.55745504516,0.3422324828750737,0.765520711753845,0.18243531684544653,0.022615839354990775,0.03286741245481258
cust_9c797494,0.6227874736240556,0.5375366781749381,0.29525441813878484,0.09441565330730713,0.10964087885775188,26219.31852909098,0.6201941059749968,0.20673664503139427,0.2827918070911433,0.1137295924638628,0.07068262754068344
cust_c8fea87a,0.924441628507147,0.735246560824146,0.9010318768958429,0.1932827760931234,0.4148216690382925,13456.282246459183,0.2717424235129927,0.4009218694503858,0.5470749360681509,0.5523159255622567,0.5660040914933211
cust_29671941,0.6784599926204161,0.43278636408469967,0.4219777343175091,0.40741218902636595,0.43137457490234926,23841.32428988789,0.30407308857712007,0.8505251172141665,0.2267613826050338,0.2947629141415183,0.0626525672848619
cust_e1e6df87,0.8758247925812175,0.6444694427121319,0.601544183436176,0.225403509586043,0.31461812280557233,117710.14983787363,0.12633172715771937,0.5994428395040101,0.43837560242957546,0.27897784695219574,0.8546552018231638
cust_f846afdc,0.5778689585774457,0.4629214284124923,0.35524284701006115,0.20547656877223888,0.21848557741837124,48285.44745949497,0.26238749368281267,0.6852035479274914,0.20930664869698923,0.15817413101091762,0.13427667828546974
cust_935e13eb,0.8137224881157875,0.8297077230220882,0.41267758149770184,0.2695956887948204,0.3290107198336089,32162.8528169994,0.2864339888999425,0.8732609570755725,0.11271554584855868,0.6855893422605586,0.05154066370308252
cust_e22f4934,0.8721321378322723,0.37540880055498277,0.7609583331214844,0.1374806921586205,0.3818898740391327,24631.869838547223,0.3831872383554928,0.5684876993076415,0.5099472124125412,0.23252152419586622,0.05061449738227582
cust_c5422aaf,0.9408336616861609,0.6480482735914999,0.1735093351171908,0.5296218060433576,0.16609677992736196,59637.19927701105,0.21020399972347323,0.12358441708024497,0.06862138216104241,0.1864990251108544,0.8192038885806664
cust_e221b8ce,0.46506010509826873,0.5978254087475778,0.686688622080172,0.6957913036076089,0.33040337215539756,1756.3102391974735,0.5317285062344408,0.24948355178004125,0.4438708535985932,0.35407594402591297,0.15747956105085342
cust_3b21168b,0.8529972151176979,0.3551013091018722,0.7535417318496271,0.32462287212665375,0.17366144778116366,353.60770654610144,0.19931927745765995,0.6048119733344617,0.5361026465549923,0.19427643304739445,0.2359218354660211
cust_4d528c30,0.802618065817033,0.6376482579903916,0.34079802929496045,0.26798725192438194,0.5198516526267394,4255.340351426499,0.13750677808973463,0.3208559109244117,0.2946106582622511,0.21428195742404557,0.3718922685857391
cust_1aeb380e,0.8325457137762536,0.3531939908592992,0.5433707100765982,0.3368596052272609,0.30877956097300663,10141.099247207809,0.07206554285110107,0.5871281853147332,0.29537746390032726,0.20679608105754047,0.017123536390284886
cust_d4038071,0.6880632922453728,0.49144320154392784,0.3093570059910633,0.16506016314891417,0.2163290847580046,40110.32532256534,0.31160228508692095,0.6335252947951674,0.09781393117723435,0.4074673218404273,0.14995883041818595
cust_f4ad6b6f,0.9168685858384534,0.4659029502823793,0.15046319633387092,0.3032242193654809,0.4159425353527067,27279.89946348749,0.33875022043863684,0.7576015008005028,0.0781542115779667,0.04158980585122652,0.3314198537301995
cust_6f08eef3,0.9180853611612498,0.5132008057876837,0.042257433125981424,0.3166252932915798,0.8087385347698159,14854.460364939801,0.18776738198371434,0.6124866647615071,0.033296826392538295,0.34549022570235716,0.128531663227982
cust_ef40de28,0.535272558871473,0.5772617820379266,0.6689143936412959,0.33913878272812137,0.6067970549773309,26746.006876165593,0.23153357208907238,0.5618367402068924,0.42443808848359366,0.34234007675799605,0.13875991725340106
cust_da0c5546,0.7808306581306981,0.16700736322375093,0.16724467278982205,0.12255979728109577,0.16628145147046672,12103.906188162126,0.43118737729755896,0.8558155403725791,0.07578030517510859,0.08594592149297202,0.039557736097550866
cust_df6a2469,0.5768429665234995,0.5458437317149918,0.2411757146019539,0.5515078876902385,0.2861442115206927,6218.614748331161,0.22714894355642107,0.6083043674650088,0.09429575997709295,0.3133768310917761,0.21977747147520704
cust_cabbb693,0.857818981048938,0.6444164055589836,0.2519362355736725,0.3468325826642129,0.5048432886633487,10281.58764716487,0.28437923821615885,0.45950070011483746,0.1302185550731911,0.08409957131829655,0.060378984793806684
cust_213be047,0.5027794984506543,0.11418959830997401,0.46294639672232685,0.42049988569957053,0.230091372258132,45205.443323437365,0.25901584559992935,0.10965274542956899,0.3385829213581889,0.09172065608555467,0.09803802153995796
cust_032dcd59,0.6401288713142189,0.6626899094070694,0.24674555795185626,0.5471810278157467,0.3553748352118628,35922.945609566406,0.3670512840306175,0.31874331830357827,0.08440362209918356,0.25244823100030067,0.01824075402321703
cust_bfddfc41,0.6823514131996418,0.21160906260161727,0.6475923144101265,0.08081822762127869,0.475376231311297,4689.578278751959,0.10877244571063373,0.7910792666718275,0.33206820582847707,0.11227894651409089,0.004222132650732935
cust_32bb643a,0.552893153594705,0.45344840576467016,0.18488699990582197,0.24714377628085787,0.6233851139840484,6883.187641132931,0.08694308741427824,0.6738714581463215,0.13737903050996958,0.22697418544090978,0.06986821663251376
cust_da032f1a,0.5211118922275519,0.23248824417701766,0.5244342568639936,0.20204545084733097,0.3365128470316113,9348.939192224134,0.7835626276484844,0.3155487225827203,0.38588386840043803,0.19636453828947842,0.0001267837422054526
cust_45486356,0.9718078464512749,0.16143323429938544,0.48873725101966325,0.10334087936548678,0.5167554691447432,12173.250329221597,0.3854594925197107,0.6074272523752383,0.23633650527603112,0.0851424911655423,0.0788919020987562
cust_4375428b,0.796004463095254,0.1639273232971737,0.5578155893865134,0.30217211433924773,0.6319433055464516,103015.63269659517,0.41302372924630315,0.22109183576242303,0.5219042030182759,0.02319646382089293,0.5438675941595819
cust_03366898,0.5896764923145019,0.8182612059874261,0.3257893418901248,0.2169976677246407,0.18846412091897394,14237.028969575284,0.28170382697851976,0.4073619073867708,0.2291967830532649,0.46512575321972693,0.1675369837064393
cust_f46b5f16,0.46169105608827066,0.12365292802053332,0.44132597889778497,0.316898365197084,0.18102242692762338,301608.46097963955,0.2239229166352288,0.40407012428425865,0.2532722938519397,0.054671191455522815,0.859001261580802
cust_10c650da,0.9491170317709445,0.37152636028966196,0.8064640892582303,0.10884140517234858,0.30947511718222487,202631.30263182952,0.17159838290795554,0.6836815978930324,0.15629196653853938,0.1813448637779209,0.6606490814785583
cust_b1d0727d,0.5902290850563311,0.7006966084962383,0.5985519314613255,0.491389164821098,0.6456933704612272,5097.204581034143,0.37185376494783906,0.3325859274695944,0.45290901941406986,0.5117327124621238,0.05638191109676382
cust_e4e9b224,0.5396496393827982,0.600089730332785,0.12933923821586665,0.25504011921583847,0.5696977536261605,91438.73594416419,0.7368312373713972,0.27778263034992845,0.08310379495455524,0.3761133479281843,0.4910482274687082
cust_ce34b10f,0.7617052258404208,0.4061603802367954,0.4122310022100942,0.5577702797925828,0.29306753492292315,36402.96244923483,0.34948245702188974,0.5804672005867314,0.04998660192166124,0.16910023503412633,0.17391070785843216
cust_ee617dc2,0.8676653470651967,0.22674384143107948,0.43458554280640027,0.021167131106440227,0.046309084544336715,10860.154424824424,0.42874259345923316,0.4311678346467956,0.4064193326316792,0.09546300968815118,0.19328194019230832
cust_c86a311f,0.7020798794453202,0.7641081428427113,0.5779898249776569,0.03490524009729532,0.21481154310887104,7119.313815931039,0.3916350953388427,0.7368458552250086,0.49827525944541434,0.23847371549219518,0.29725040873697195
cust_483d4fbd,0.7563362217154639,0.31448880934117357,0.15054863953461267,0.10367517374658872,0.46508426727878155,13599.642787291119,0.45709369127274824,0.7359595761003617,0.12997463732148246,0.04065950496620728,0.21462328518153645
cust_b5f8f6b7,0.6837682310118779,0.37222626187241664,0.3691578829410737,0.11167343666049778,0.4382274229427593,104276.3523819691,0.24102499258174187,0.24474771572551507,0.22698747738917807,0.27511392554257524,0.8638037873123778
cust_e2232820,0.7641673691373853,0.6716010083648948,0.3877581014226049,0.1416719944598803,0.3564708341902689,3104.039897739273,0.09077767116257847,0.7468031816266042,0.37247330332703665,0.5425768410893557,0.08544969419956802
cust_f430c9b2,0.920436236899527,0.6333676854272192,0.3421140720737946,0.25391506153604676,0.18122178458461485,35778.27400782622,0.29457533447329526,0.6552504044728734,0.22407990696796887,0.570230464743231,0.48984952586163527
cust_a92008dc,0.8781672571499076,0.7297184800880581,0.17089968336561442,0.29619672768727257,0.3491446635559979,68122.61365548965,0.04423985827451001,0.9178211332060987,0.0962970898700026,0.3559744063348101,0.7470864106725811
cust_4f502e75,0.6769991522519205,0.45922670541022237,0.2943776015226949,0.1307013351628919,0.4245545168353123,294271.4249825953,0.3839443498430853,0.42996949307186194,0.15371741346717024,0.03225336966221425,0.6925259319317802
cust_5a75cdb0,0.7560348120540165,0.44371819485101843,0.2748088059989919,0.2640544792973358,0.5257129474954613,5919.06702646396,0.3647286895917494,0.6202903253099549,0.12151451681292905,0.047659744769218235,0.07786723111637166
cust_fcab16ba,0.6736603199188244,0.851054692683089,0.5361291812280128,0.2071309982014414,0.20631996807930206,57136.07538359248,0.11389258742147103,0.562429613965069,0.18868042603267782,0.5872590735098131,0.2875459672857718
cust_376a0b2e,0.8127037786057243,0.37119889848608906,0.3573261341335539,0.4453288170746963,0.3555204643676929,8637.281289929233,0.1476440793842837,0.23364059802295686,0.3224366315107637,0.14112450988549713,0.008186808570606443
cust_f9ea4395,0.7858892597251008,0.3218497484345811,0.6424941862847003,0.33970811908234405,0.5588620659030763,29729.192208485663,0.33773608006336,0.8454579904842623,0.45291739449455615,0.2038752079279832,0.11729815939382268
cust_fd4afe89,0.9331161084071331,0.8287853331762335,0.3649244806414355,0.27632076968462743,0.2221542008648002,6254.8392542194615,0.04836331459098422,0.4730179713409395,0.2685122347392589,0.6891560353979014,0.3362919296734155
cust_b562dd89,0.7092191059846151,0.6914597170650991,0.5541964775594159,0.43606377050074346,0.22720078020245385,25576.062594037452,0.38987372343341326,0.3658941545546423,0.3104364942314117,0.6327586118380055,0.07174735779813178
cust_325a4e88,0.8186228134469304,0.6311834945360149,0.3620380931402977,0.07448607638477177,0.3421425299242898,7161.6772925681435,0.4503826706319035,0.40691269035384675,0.2385272455997765,0.41563971344229456,0.10029852227296691
cust_8a31fd08,0.797786462236152,0.4905230602783081,0.3002233881459928,0.44582535633334747,0.789531429860555,78356.91326279224,0.48011846638385913,0.4103523454394005,0.17745434738949908,0.40281993310998426,0.6403018752152551
cust_3b706970,0.6157353398909062,0.755568319105542,0.6327364955059566,0.23192853796844673,0.6342048005572585,696696.2859304956,0.27370929395002236,0.50393778433605,0.3359880243387159,0.46692751637727087,0.44505793894833984
cust_8850311c,0.9161935763944736,0.4559394843777405,0.6262140877509366,0.32133175971915284,0.6782817117015509,191229.78083535936,0.18001404381814937,0.3891931311056117,0.2384072188461997,0.20862076453643857,0.838745172162538
cust_f60d4d59,0.8905541121168041,0.8141915471135712,0.2858327847483651,0.2919071618165653,0.2373232997940736,6826.3257505747,0.37049887825108063,0.482623995581232,0.258280846500495,0.568125947274305,0.2511001197747584
cust_e0ccb137,0.8180950615077555,0.26934893505494,0.2601437406722717,0.044617503943252465,0.2994969754773073,288030.46238866425,0.1912186360562767,0.3966995060407881,0.1522647218233813,0.10771257567300149,0.889053452317019
cust_2a8d397e,0.6467471926630871,0.5185902591512461,0.18239843903896238,0.07436613234902022,0.2525883223818245,24494.133814531964,0.29577134545219164,0.09143670503889145,0.11838740160008056,0.28639958158997203,0.005890365652930897
cust_684f6405,0.6375301044042037,0.29441765576400164,0.2591116982719192,0.15974584156323773,0.3078558697037274,38325.42533063048,0.36583219112584486,0.5657504882682594,0.10726022669685267,0.18747741781481247,0.07419801691919506
cust_dac74434,0.8152276982393359,0.48186754973325896,0.46732711022290246,0.23684359638306862,0.05806583809223508,23492.004519325397,0.15789344500504737,0.4676297097055075,0.1130301391278032,0.03595872416904628,0.03380092575719085
cust_2138863f,0.445045080494547,0.35017002392550556,0.4782236371191546,0.18980911686964053,0.07361045843448158,10066.080798208008,0.12052396009530406,0.7095124729975081,0.2513729738807798,0.22914757652271833,0.1162626895764041
cust_79cb4963,0.8770999337379697,0.5500084742001907,0.41653999462971825,0.2788505860661054,0.1963884354585081,3988.8949352394147,0.07586832344693122,0.44597784764817594,0.11844191928729816,0.39165831556609,0.6007190141585321
cust_68c6812a,0.6872144917219082,0.5031619953263237,0.5773300803089679,0.6292489939769877,0.3666140788350905,6660.084590752993,0.45122877045236315,0.32175136811275584,0.273113829245653,0.23518642535001721,0.33243223376854925
cust_d56f5f6b,0.9604891855546531,0.5524680335477145,0.03292225276787832,0.38775572099002414,0.20213812137244055,9576.782262202236,0.6187205144541557,0.3064231598832112,0.026195198924072835,0.14575474419438963,0.24029051567330484
cust_c52f3957,0.8245767111603289,0.4978911196596606,0.24146903271579967,0.16049768333875178,0.262309582353256,16290.375983457172,0.5255601263584674,0.5264591494361078,0.07585785699063358,0.11196659765936835,0.32426948936146865
cust_43cbcb61,0.7620827883354968,0.29899776765799074,0.14094036425100206,0.21741438348346045,0.18426394116007755,82698.21716772181,0.30929847620788,0.3869664102971746,0.09978076078093946,0.07260712380080332,0.6344590362380107
cust_f91eb71f,0.5102786811632699,0.5549596474949495,0.4660480980907178,0.1051772961620422,0.3074189525516362,8302.882463137732,0.06342905728678301,0.20279951049115794,0.30587846994609463,0.19989248734472628,0.3760876617480309
cust_be18fbf8,0.6545734329898206,0.27858514410893775,0.43348814540391095,0.19658128237219366,0.5467018322527135,255519.77946709987,0.39468559543719056,0.5564450025525294,0.2565565355436291,0.20366562239107439,0.7258171629185095
cust_17d6ea22,0.8366394401482244,0.6815253870712189,0.6024260936135954,0.23231502477157623,0.21064080218422443,2301.7942002499344,0.2652809402770635,0.45602209687221507,0.2894642645014093,0.3810619958160699,0.022334716628646032
cust_f8725b55,0.7881516138955912,0.5256785669371097,0.17004810299611067,0.19312686809199361,0.2484026647740744,20926.35525809927,0.27241141706598937,0.22750789877042465,0.06197838852325548,0.06825778757635705,0.012096387993644325
cust_0d7adf2a,0.8849130362371151,0.5065710606418824,0.425764581141457,0.20911140236421896,0.40744689301789894,1055040.2116653877,0.5187979907922117,0.3387318305004954,0.359645507470147,0.36317651860351413,0.7495406276007708
cust_766edb80,0.79210124330673,0.5965608251584325,0.4240668225521796,0.25689001774722736,0.5335365281453331,28333.03309123551,0.557275713900439,0.762760938153367,0.4043695683659883,0.3380493515556322,0.07890791267754098
cust_68fee7a5,0.7734475297637637,0.18337245329504642,0.6932073276055465,0.16064067097014112,0.053683256738214176,15307.879016968334,0.38478614413571405,0.8047785938763174,0.524064511100072,0.10459609412770503,0.06529385418613372
cust_1adf8a71,0.6140418198314347,0.6110411473965408,0.3346461182497666,0.43123994370843405,0.7098372654155302,20135.282889827333,0.251202747466239,0.7051962388871276,0.26217816691935203,0.37312385252751706,0.20758557501626007
cust_4e9a3ea6,0.8173630519619204,0.4191346082107231,0.11786172369408396,0.13546781329084223,0.6109635144383919,17747.08543943847,0.2591388336188862,0.2709893123775239,0.08496027573035252,0.09493295999501174,0.1744880244725578
cust_941e60bd,0.8093435953018365,0.7116813762349865,0.7898857402576305,0.5326836305760173,0.2106577413561255,17209.370136899488,0.4454613500448429,0.2868872694566572,0.16619528658127422,0.48800226547024755,0.05122473221944715
cust_6b21efdc,0.618581036242243,0.5850955393230286,0.7620675242374342,0.23254551518888542,0.47066003768407294,131335.61179075256,0.30961566371764715,0.3202128595024568,0.24676063174968615,0.43870621913815894,0.7139640925332694
cust_18e27db9,0.9091802044927393,0.44904305267936323,0.3711593659662209,0.06870915213381448,0.24386331815673232,108247.11101965464,0.1857538180663441,0.2596163086591481,0.2835077426908772,0.2981171469037313,0.7752074042332134
cust_5307ce1d,0.921324191185881,0.8216365653640554,0.2334915961536369,0.3158824294520765,0.19332912908059063,25171.127040539468,0.04713129683541205,0.2449673093489509,0.21093072725601889,0.4794733341457361,0.006473695715299989
cust_f272447b,0.6112784232573821,0.7290234304708615,0.36998031386284,0.2557036127171712,0.4574189790079456,46472.52373793354,0.2252873794458767,0.33190328990548784,0.16425761611598805,0.4897274332292059,0.18128212720937095
cust_1637e730,0.8879693386199231,0.45265498633820095,0.7782502023878506,0.1516318676309822,0.26544495487541186,79680.55808510873,0.7075335176018718,0.548604361082872,0.5317068519326029,0.18044028109498397,0.8365156417463617
cust_b792ce46,0.6916121690380115,0.37577404359084376,0.5121638519968296,0.24210518679587853,0.22345010015137567,35686.13410687598,0.7653841529227093,0.41549636216266095,0.2312791700872089,0.20125420522566992,0.12265626179734562
cust_0c284bc4,0.5167088780216188,0.4742301596670092,0.5412464418897835,0.10895986511243656,0.5877141430200892,18778.13016193675,0.03198683508656932,0.5232708183848058,0.1673571418108863,0.21576537689074715,1.4789581445149139e-05
cust_4929eed6,0.7841658151882435,0.4707771435401091,0.5656021684907897,0.3991063174925149,0.385003658389018,5351.203776137985,0.26188797941811437,0.6418711166079064,0.5375779947621802,0.42860338798279607,0.04769874678269101
cust_89e47803,0.6030528093428189,0.3385545891667585,0.17745257297143155,0.05048855743541781,0.29110025054431654,13901.654912526496,0.5711250063369315,0.6663885523625399,0.05543164813042748,0.0875068517731157,0.13130443194037708
cust_138f9106,0.8456529939865581,0.1304637722136062,0.2907137235689677,0.4622962295388692,0.676727271200961,12468.721359390962,0.2832253858045427,0.13817434684117016,0.19119574706766002,0.08530474880599777,0.047036342215858215
cust_3c2e2747,0.3000796675449459,0.49450097910628865,0.40146779178252173,0.40455297258000833,0.1857233935923848,5117.923668422879,0.33411894930158936,0.40715591691963277,0.2984813679503048,0.388242286786967,0.06167462747473885
cust_a70e5f92,0.7943519593914424,0.31267906825598973,0.27073402482255915,0.21855230563712388,0.26455752963813073,7787.489467272578,0.13181238989983565,0.22284318972035333,0.06324343295322477,0.20870040998219813,0.036749152023610385
cust_2c716077,0.8933313408442956,0.2629794875752884,0.5220728413280683,0.3982833527161386,0.3647187863750968,8848.17625339114,0.047197401343563476,0.46620782282175266,0.4386327542693343,0.11905990982268964,0.23543517688838855
cust_4d06e2eb,0.8727407979053278,0.886101115398167,0.20933985255601692,0.586650857565235,0.537626473116706,68543.37290846635,0.08925604182595291,0.2535238406332938,0.15312750258386643,0.44561750332369493,0.3798025619593372
cust_333c4dad,0.4850123150987425,0.8149257825446036,0.43131085109758693,0.14984045470349056,0.37253340147896585,70084.05459419827,0.5608063450383902,0.56437368199341,0.30196749396937494,0.2837071914441547,0.799617794023537
cust_2dd55f15,0.7561347528404215,0.7478255017713398,0.36317692860287154,0.3506521528400187,0.729994339991091,44585.35504050656,0.2902519446602561,0.8076979639796563,0.26827870425314404,0.2014739452079629,0.02648522171639564
cust_5d9c9e58,0.9003021600237513,0.7178766295979662,0.6557573601547396,0.3442766519782158,0.46480501732231605,8903.484781047684,0.14244869787050535,0.3745359217550922,0.5704695555266026,0.257837456770281,0.09823368342419958
cust_6ec5a807,0.7546826450833322,0.47410406109286807,0.6739812664301216,0.5954761503960073,0.09722485167005561,177674.12145245585,0.13282820699452766,0.20742744317531578,0.30086929716512884,0.3609618285231246,0.46469927770590136
cust_b3fab251,0.7315823583048104,0.35038759791025426,0.5756486188065197,0.16005438348690293,0.6706694498837641,766161.2801763762,0.23074998353762916,0.44393037312174766,0.15262529514642267,0.2396063100797745,0.7592387144752101
cust_11be0af2,0.5838297612584555,0.552634029816901,0.5429146462887484,0.560138044587344,0.12524594198320047,15031.076724694274,0.45229328911467925,0.5985310929165444,0.36762057282685323,0.3476537688400169,0.2548441697324206
cust_70349caa,0.7047678531505643,0.43212264994346317,0.18967692917900353,0.19066784287226748,0.5582647779922959,230967.14592843768,0.12436490152962135,0.6611108573583988,0.1468110679239095,0.298426339263233,0.5222977090796352
cust_74c8fd6f,0.8609219198351884,0.47634337051379877,0.2782233273568208,0.20612205397389466,0.576931995052921,4636.482641539159,0.2572261579028767,0.133555315632504,0.1927356528593378,0.09884661439040429,0.4270490076205193
cust_70e87bf8,0.6487040347457795,0.5712580924710182,0.35618015168858086,0.3152595146470519,0.1891154526707185,2934.2373377469985,0.47368031033517893,0.6854436475191655,0.3062105046693386,0.2904471619909224,0.1130705664839229
cust_995ed107,0.9426312246589106,0.5601429440034632,0.47313819260797135,0.06586745164455508,0.3528187417654709,38621.67757115406,0.48834265127724275,0.6434970810468832,0.4286545527844901,0.07461329580886947,0.11220750941718254
cust_ad979ccb,0.6779845487652704,0.9475665635017989,0.39825151817249854,0.46325729208110156,0.0826056276740977,7274.3092534851085,0.1737600967689711,0.5385560118301306,0.1772973978403435,0.8061714027881854,0.3930675313851541
cust_0f340a88,0.9403073110890835,0.4500704680212884,0.1813154760585463,0.3784416733938721,0.6487859467264643,94340.87409207103,0.3393492142125202,0.22632751051519415,0.04262718010721611,0.36402712484259897,0.5360910760686627
cust_8c847e6c,0.5206215292229679,0.187210620226488,0.3359183439254381,0.5463498806033047,0.4898423258807369,20072.29481648028,0.41541390751822305,0.6446080125983467,0.16005740978587016,0.043712318232836396,0.04781289239051928
cust_f4580764,0.5642620888791318,0.45343545301546073,0.2145094342039036,0.5882410550067136,0.43151526259724426,10706.3364513514,0.32811602839950477,0.2328986809590752,0.18209352342576463,0.3721534542332053,0.20338237168852386
cust_81b8276a,0.8833976732665578,0.6649414334631487,0.5313889880816348,0.0449639426299696,0.15255912129993365,62586.0192758726,0.0955060959313142,0.6555227998324218,0.1990816821940108,0.5855127162221471,0.2705336439649734
cust_be371067,0.7014742558958778,0.8038129202578026,0.7537430503490697,0.08725324099241293,0.11643472120630198,54510.445555386024,0.16585780070336714,0.6128156503439433,0.4545142974672489,0.182619314289329,0.8251032659547096
cust_19e0949b,0.6868310018428764,0.39801654125328045,0.6870071351405176,0.3865042326291424,0.2727124675686421,3517.2514939247667,0.025398624478009103,0.20745399363350153,0.40106160732748625,0.09727103206508984,0.15505676299107288
cust_e494ee35,0.6332119654131797,0.07641627562255877,0.4034194534094196,0.17937224967691792,0.5539776187098777,146044.85661395447,0.3067735992680011,0.3772885786483225,0.1558196842076843,0.005636475072644755,0.769210815619616
cust_224380ee,0.9748784367454386,0.30435137842392757,0.6163520016476564,0.20158268388831585,0.45255015829881917,51184.4397572596,0.20441064828523267,0.45926910617397193,0.21897862212939165,0.1513266824787301,0.5900103108778901
cust_17743e5f,0.9018999997143399,0.1765425465478479,0.44864806914065286,0.1474144459473068,0.08967724987340978,6934.474352571753,0.5700030923233109,0.24733787476574318,0.18879539867689296,0.08728026472936258,0.0859399312423425
cust_326c93b2,0.4732344425064116,0.4280757607934229,0.6551846036928538,0.19019620213090696,0.3087959714482105,12745.539915243213,0.4559060182746106,0.6548981048813525,0.5943615565431626,0.12405889072202249,0.12278680529363509
cust_a251a1ba,0.765191339304745,0.5135803891262388,0.2488766020285532,0.3265541338643807,0.19136590947680113,12307.090074492715,0.35241564171684353,0.20643622552394975,0.15096171322480426,0.29150500957105296,0.031199347929575627
cust_b9955344,0.6295298712474393,0.48889996740059116,0.348217165401297,0.35118499233462946,0.2224457346737662,35338.35267013988,0.4988881183146074,0.6087896040747296,0.10386074338614683,0.26468386593315324,0.03709590662885802
cust_11ca35a0,0.5927325031094528,0.8791041053754661,0.507112252431097,0.5305605667917718,0.18838049415606925,35408.27463998061,0.44700384075542643,0.7053137910001034,0.24925332799210406,0.6668872525375726,0.13416745852938272
cust_dfa3661b,0.8519486803725944,0.7530186507376903,0.881355720562539,0.08722170095310622,0.48599424557710835,39031.04255926014,0.6432180828099409,0.364275762838512,0.6732599194217452,0.7267439117033762,0.0894633249511213
cust_e8a1b3ab,0.9828454537576905,0.6786854623284115,0.3609702178020243,0.18073458223440864,0.13407307076760405,39419.16603312009,0.5083796156464555,0.9477060551892945,0.25579644374388244,0.3601374495089967,0.17112821564285197
cust_e22e6985,0.7246115959036225,0.4554240996869462,0.518127076353645,0.09501269510451464,0.277846290550637,1511.156252354913,0.21856124428913565,0.3011265686817911,0.28118331752299597,0.08749655618830214,0.33694373253628296
cust_4544a3cb,0.7276446114341599,0.40062783179204703,0.3738057518300082,0.26034014567795594,0.4579801942352421,20991.511130787636,0.3541173094059977,0.42520016187494425,0.16274851493476378,0.3653542767271532,0.28390574948976416
cust_7966470f,0.834291848982698,0.6447403609053758,0.46026417937035574,0.18516395513010453,0.3040503894872774,4204.611494181114,0.0877106001982424,0.6707267930379626,0.23532406917170873,0.13307330580776827,0.3818764363631639
cust_983d18bd,0.5868086968685421,0.30034517598963595,0.23013329364124516,0.1793147838285026,0.5237349053705916,502192.19393154787,0.238405092636328,0.8092952958323634,0.10602687299800662,0.06416532534856358,0.568807975606718
cust_0dd5d4bb,0.9613510100250716,0.04911186976333944,0.4293507256573704,0.23651151257342562,0.7316762153218322,28259.180146886403,0.21852265193897577,0.1711300654372594,0.32481839763686715,0.042425467522920896,0.13136133512384848
cust_fa7b4043,0.7703615437783985,0.6193298564674693,0.40522939301194844,0.22289123926403262,0.6148956100564211,68676.11287250285,0.16416197024331644,0.38089974655338915,0.18725819633891436,0.16162633709525745,0.6277910454250385
cust_b0e1f842,0.6032256654481091,0.49726806612171864,0.4987660231416891,0.1373654828776708,0.6378850525904854,447687.0416552583,0.4980293530582517,0.7888583369843084,0.4066673712558204,0.3332394959961389,0.5284636188490183
cust_e9f3e76a,0.797855933009497,0.1800140742393733,0.161089482430088,0.08688709381696641,0.21496897763480696,7388.815031384115,0.1910490332506447,0.6090861391271132,0.03942594324188087,0.175820406048893,0.03588245027570477
cust_b56feecc,0.5663725221122986,0.5379658761401812,0.09344614199555477,0.3364494657155289,0.26534641326285063,3902.5699531526047,0.3766386673776465,0.5685397858592228,0.08981095572703138,0.391178224440069,0.34812512990454536
cust_4e6b95ae,0.9353994191044063,0.5739500485725901,0.310251979206167,0.01302946008360118,0.3571937033886285,5703.35806741094,0.3880530426370909,0.48368329146253214,0.0917300319060994,0.37467756905432037,0.5303465102601017
cust_88abafa7,0.7547658789884468,0.4348175782804293,0.3802880285969978,0.18324249244026178,0.17629313208033148,3512.1627606620377,0.5463613879549852,0.7404601404956378,0.19135582387097277,0.22978246731803123,0.05683363347491767
cust_62b153ec,0.7135234273206736,0.38987827553132437,0.42062799717985533,0.6897135785650157,0.14643197874897834,10609.10289542251,0.1794729503096514,0.6951273831329777,0.1545986886741938,0.1635754539217901,0.05729498464614532
cust_c7827a14,0.7586370513325024,0.8615948507043617,0.20087064350711722,0.22421186762446943,0.6264296920202327,350724.9145537882,0.20292634715612576,0.2962279898967838,0.07332658075214689,0.6916564384024393,0.5979994624056352
cust_c202c0b3,0.9648839430285299,0.49225106846275934,0.16324077189064415,0.0858192034430566,0.0728241066178006,184741.92206120628,0.40778008582481895,0.286086857473965,0.06596648426504666,0.28317087665540525,0.7861411104569487
cust_5957312d,0.688440034542034,0.3542466826838042,0.38244871503542677,0.2248584957425487,0.5278219904012322,52055.77845265034,0.4336354245171956,0.5695503895053783,0.26309143248703565,0.09833721045540965,0.7592045328538115
cust_b3c53059,0.715166901434195,0.7087743087009142,0.4753736522089264,0.061298050300293117,0.07419300476304638,9723.32089173975,0.04782212473156184,0.552950308096236,0.24546739973077444,0.469276200894588,0.20270385683821213
cust_22c9312e,0.6717809293019246,0.474412156724032,0.1564405196688151,0.25747650396573085,0.31142570727649266,11673.874134025838,0.23526609994119296,0.5415315035712456,0.13551991109050884,0.2630767631330086,0.08397900813558719
cust_14b0b851,0.9300593435487179,0.24906317629844837,0.3959411538219801,0.3814151782527748,0.24593928002627632,38748.51121443484,0.42564066264454664,0.47497567946452934,0.2779321262727004,0.10182580768562757,0.009109399889201748
cust_b80ce448,0.7295055941330878,0.3779089939758531,0.3247432669325349,0.28025485393800575,0.22792422300814857,4611.027157033842,0.21478944385039764,0.3276793525851291,0.14994802699506554,0.23999248467787615,0.004206156261853459
cust_df6d19a1,0.8513250053005044,0.29253997345898103,0.14957792691637078,0.27628093736914444,0.3468956819671681,2515396.59920166,0.26740740592159695,0.47993273400770714,0.04820868160804306,0.23047303367728839,0.8665677093170129
cust_b0ce7bc8,0.8964351812275241,0.638835482294002,0.5838837355587653,0.17802615759588256,0.3166228508204627,68547.85370919142,0.3322782765646841,0.5380040125704147,0.1433156883476741,0.15616358259689114,0.5816659245796493
cust_7b3598d8,0.9179960845270554,0.6159758342315235,0.24486536470945552,0.2262571308913552,0.3031857097798459,42436.65732044548,0.2284443904001465,0.6742329252069553,0.21921036689228882,0.3691097623694563,0.16422538608875806
cust_f13118bf,0.8038601157123775,0.3768583361736757,0.5383003384966887,0.7595364081444649,0.6209189751065372,84776.16785118294,0.7278437348054819,0.6634061874202527,0.39513685166205226,0.1918056725236547,0.6239717658857359
cust_1216ff79,0.8104149180410386,0.4427822392658341,0.653247687649859,0.3759024996980424,0.07663050479246462,3620.65478854025,0.45257349247504464,0.4594730167372164,0.30340552285039235,0.10196058671148578,0.003048413550737591
cust_dc839444,0.502062366546858,0.949415651558407,0.461467572417593,0.15070880756457986,0.2629813435853665,73028.6671474208,0.4805338257910807,0.726155502370303,0.42704044764080346,0.3121761217368085,0.8401479880029828
cust_13b577d5,0.9528960611085864,0.36631421635313816,0.2782690158204906,0.15005197578865787,0.3397110279735846,123623.35333448535,0.08313071245611665,0.4842163675794455,0.13947954448886526,0.2560443281269237,0.9103534369352192
cust_3f730e75,0.7040696230522401,0.22119161134462545,0.42420049971978296,0.4759608411594455,0.6884451609457253,34482.815303802665,0.24465741771703958,0.4007812683385143,0.10140343352193877,0.1467734128328387,0.24521388538913844
cust_e445620d,0.7806075007605188,0.819888993760126,0.4018445039654034,0.5905360920073486,0.018609115399327063,16595.96131211631,0.42108528680906987,0.8293374152981159,0.10399340360034905,0.7312420684698027,0.01728176076997519
cust_eb8aca5e,0.7914838630924025,0.5642219117938077,0.23802916666844418,0.07238003609190286,0.0762119202589147,171489.43030788514,0.31465596220156444,0.13340618609407803,0.1299216027851232,0.5402106537443379,0.7778247630418714
cust_2452624a,0.887904697220352,0.3948191775824079,0.041657993881642943,0.07011655822793647,0.34987012067609097,26599.98226458721,0.26922300379638575,0.566837308272963,0.02680860323747833,0.09175363526981456,0.01969860296975357
cust_07d6c93d,0.6515160624130631,0.5762293493590279,0.6855993993885992,0.5577782593602334,0.10038839306751664,1116.3105975814613,0.6386434587895605,0.7261150486157113,0.33963091974874327,0.5083757297192731,0.1435708595773494
cust_9df57579,0.9215669701551523,0.7715237188977228,0.5517104338071189,0.1423194890923173,0.476783654986969,105801.844430076,0.33159322339434183,0.5178124993708128,0.3048226820142637,0.47348188091993887,0.45133397815207377
cust_8882863e,0.8271982931789699,0.6723012556609048,0.19636464367989348,0.047760224683337515,0.3704841622106479,178876.63919642713,0.15985495288322163,0.5578857392304246,0.1807941889725083,0.20181149220130115,0.283366738328256
cust_a71f6b2d,0.8431924528742175,0.41313084905991593,0.4571813664627269,0.1191716856173581,0.5306880763716619,11419.521793255755,0.46440642985975283,0.15758061553327649,0.24688547644768485,0.2647921140566463,0.010373029324617759
cust_88925018,0.8662741878133117,0.5554415710197612,0.4080524241847871,0.2937062901490925,0.14443355906140287,38545.17491658264,0.4715721453190513,0.408853883998098,0.21075429759191971,0.42879783870984217,0.08374790127793338
cust_e7490e48,0.640167437352868,0.8565007468165984,0.23077933297249298,0.43028583201657594,0.09927281001973104,13754.101562165604,0.2646997572510938,0.49383248869892177,0.12958123967036006,0.6471630323251919,0.0871021617911655
cust_ad198571,0.6780751313705125,0.41327800364191414,0.8271180798612141,0.3273029431884303,0.2625403185242395,7163.069207963084,0.583688328979525,0.5895112944909217,0.6052552082690471,0.24530700571876665,0.0932656737451979
cust_16576bec,0.7795644306143137,0.12787761555437271,0.3281239207880086,0.3778329599781295,0.2593545249768311,59832.17274455377,0.36772033945999527,0.8812190579744259,0.14174840878699715,0.011913536935725217,0.5982016469290974
cust_f2eb22ec,0.559584826055063,0.30469840767828504,0.2530352876855804,0.329692892062383,0.2880961890650809,232892.64385071662,0.2397210416477743,0.8613691680111473,0.12593408917182825,0.2016770862890361,0.4991607500983965
cust_eabaf2ea,0.8212816154824341,0.5550005441285796,0.07820840150028596,0.4830042316095256,0.31135030542634556,3587.470107746889,0.01470606170991638,0.608091215104581,0.05632877863869748,0.39854883078791253,0.32413237624215774
cust_10de5766,0.6551621685880252,0.17764278960790972,0.6977119798291077,0.18380855415327144,0.29964821595711266,9732.320556736991,0.25255952804604376,0.2317644062436944,0.34897354023546673,0.10295671922409763,0.03145764175973925
cust_64c6b0d5,0.6649683519301747,0.06620075710572858,0.448486507821511,0.15754526692733206,0.1725004883796584,3703.302699425091,0.4180445589711485,0.7121786526063107,0.1869234192212685,0.04864440174205851,0.1334324056080062
cust_cf2c589a,0.7078999777696016,0.6120923914078512,0.802390089624984,0.2116282716096914,0.39520763860034686,12125.03029372259,0.4031889355846195,0.12878664716123048,0.6770437911803842,0.5041156318319256,0.04292530801837111
cust_6cb3c654,0.521812569891268,0.4726040639869147,0.4117813834587705,0.4668530208471911,0.10583641568937546,101171.21226442707,0.47297883951631015,0.559116918732533,0.25052158328099283,0.2977531846764893,0.6276343162222693
cust_3245d353,0.7538612643229339,0.5263761328040681,0.6726280196552874,0.4505012082744037,0.3340775857198323,9536.314941546492,0.46676302371189493,0.1968364994986326,0.5061984204122507,0.1541030354552454,0.30824573200741723
cust_b5834ca5,0.8748540594179149,0.6343800115545146,0.3750745090786171,0.34724638069421276,0.3710145806512667,57111.92349805402,0.3278345273378302,0.33264383384464485,0.1335128746291175,0.15716382712295682,0.45058720378844197
cust_5dd78ba7,0.7175731485140501,0.6517110433116073,0.31840142883115385,0.23821488696199444,0.2530572296135464,69760.12987454014,0.06813072806432781,0.4542610233563626,0.25688011029956787,0.4930785699191058,0.3488436912232377
cust_c560f110,0.47195823832910877,0.3637761271558755,0.1870967202778226,0.2839509353258954,0.2625772420881541,63899.61581044208,0.2659087204813611,0.2637813057273907,0.06467033401041297,0.11441646775949471,0.8736230024863039
cust_dfd6e4df,0.7578173116307834,0.6195491649983882,0.16667898542250875,0.26590318707631555,0.4126416718318751,9549.72701682948,0.470358765756908,0.5760919639214818,0.01611520440854648,0.27660809179703333,0.07167790888502358
cust_24de7d96,0.7044046840032134,0.3170269532093587,0.5077021227429134,0.1970350255311185,0.4701135605294793,1760.6594578738768,0.5591970958702427,0.43098858421634667,0.3186023266644887,0.11275410076920792,0.20086453774650798
cust_0ce9b83e,0.6805834980615688,0.6143651089385898,0.26569464713282265,0.2857898667103473,0.2709438922008415,52875.59031252243,0.4536631981946854,0.14291660089193425,0.234575802527985,0.2863511661985778,0.3357283519874608
cust_374a672d,0.8340741621211311,0.6952082727107527,0.377310238444747,0.24211225958957147,0.2873193735436101,40221.570278470106,0.17871712958967648,0.2409504809575187,0.3399477355955361,0.31387851039803794,0.07869935073740102
cust_7cb9031e,0.5231342900525504,0.2700732477836399,0.32922422299575066,0.5429666457259494,0.3995864060742164,72781.94201364469,0.4447666938135056,0.3583184800090677,0.26106857494400126,0.21504967203529401,0.8663282538990446
cust_51c2a3f4,0.8134423980051141,0.584909924407378,0.2286347813229931,0.5849363582117303,0.1972502520535513,5618.022763350464,0.25529477009069745,0.2890087500905176,0.08561965659638811,0.12177063270013634,0.24633468452935342
cust_627c6844,0.8212279277488593,0.28668997839724863,0.8975572889841301,0.2817813239701513,0.6349053965375012,20286.04904574142,0.43783449179329975,0.4510655660716385,0.4139359071522448,0.18561432250076867,0.050058762739695464
cust_35c092c7,0.8165982819770827,0.7215203179703261,0.4053882739534398,0.1555465001600633,0.33778071279422506,16194.031675592954,0.3379988754247917,0.4173445869726736,0.14720851881725736,0.2619651008675421,0.014070249229171999
cust_3fe15a3a,0.6416234665332545,0.6330457516857947,0.3900754960985571,0.10775239743103072,0.31044993403408616,18564.723419532616,0.23742136050226442,0.23407498676243002,0.3209206630194276,0.3733477826571622,0.20572069224034836
cust_efad3c7b,0.733787243340853,0.7632811527473726,0.12439429359592458,0.145417641696187,0.07117082745974836,27363.126446419203,0.2621557517350351,0.829936773982355,0.07558108453512469,0.3367415770781466,0.06714467131609844
cust_97764adb,0.961667327356758,0.6998447667240693,0.3854130111835662,0.0737013371138425,0.043044847979634954,280570.31420960836,0.1515137983027754,0.9487961365635981,0.25489223803676886,0.5373689587769194,0.7179979178597483
cust_0c1406dc,0.7092917113338618,0.5241738807575902,0.7988185687245748,0.6544635663462625,0.3349194161360411,1860.384284055382,0.11155450936004216,0.4640169710513453,0.02706663055788743,0.05737901315556149,0.09187424085915388
cust_494221b3,0.7458982140140965,0.8783031463491071,0.3309908875131674,0.1638953762330284,0.3182012991010668,27292.718966521967,0.871915029500998,0.2426130272078983,0.26202273779188323,0.11109933428188258,0.11461685985272994
cust_59bf66b1,0.7298893234141817,0.33166311833872997,0.6910078076712675,0.37516126928482946,0.4190278190660715,3010.5544390661876,0.28931608828452665,0.5845913208728428,0.5398271101769788,0.14232980363059605,0.08204087432426843
cust_f026d976,0.613542569440813,0.6074674403432138,0.23242179775065253,0.3310144172210712,0.30836917154159493,14387.941110230455,0.37178403285036477,0.7740309040450746,0.13304559104899216,0.264975887488238,0.2019389657508407
cust_b3e1e82e,0.6137579971576115,0.10529879632940642,0.32961790937031715,0.12370885321644771,0.35787264991739526,24762.867385246667,0.5363891369224328,0.7284687053666504,0.31504206441397137,0.06564163834996077,0.39870084620400864
cust_037f3ddb,0.7928333729390036,0.8252302780085706,0.5174438141334073,0.1182646160345388,0.5593052155535209,40492.24340460196,0.41262832484028,0.5773407806061932,0.23668995651281416,0.5303067041000399,0.12357877469508252
cust_3d05fb5b,0.9172809486730724,0.521981386429954,0.41154217369612817,0.14672663226661278,0.2751777246433984,18209.051940937923,0.5224331785710851,0.5985178225888382,0.17870080800693242,0.03899611570704627,0.2431714839275821
cust_60b0c2c0,0.8252965304277529,0.5103560600763808,0.2819134020400684,0.17151210502934736,0.5918375835750863,108940.63708453331,0.3997188222150816,0.3397531310092842,0.24625026869670164,0.13233372954814343,0.9530870579391568
cust_01b5a5f2,0.7735991619523346,0.15659346711773928,0.2999376306885412,0.3410063774910776,0.6175049348030367,60226.04790274699,0.5328246379723163,0.6118726571959419,0.24598268223058287,0.01545161903281391,0.6705438923404988
cust_646ceac7,0.7698990975927635,0.5286365409565842,0.15810510117691215,0.09567949094886524,0.29825742793938004,76793.86143877874,0.27478822355189664,0.30249979322224296,0.04894480453559438,0.2025658573197195,0.8689049746787567
cust_89ae7743,0.6832111587148576,0.3596722455795067,0.4904641825856023,0.27290527135295417,0.6335651671281952,70977.1664091201,0.6591593982173068,0.46408164561383397,0.28912673607860256,0.16965503323332776,0.8479336683020334
cust_5564da0b,0.9275378212982783,0.479552836494886,0.39298862657789707,0.31002290091663415,0.57152323687753,2503.708293999597,0.3028875566345487,0.3152949021906204,0.15296108495704905,0.1721354030683681,0.045980122043881765
cust_a76d491d,0.8608689161367172,0.6257435957480553,0.3749878260699595,0.31128376524709694,0.7818162247935322,107831.52439278371,0.7005453978879319,0.7141158456005674,0.17359401462095028,0.32608390839855944,0.873121613301365
cust_5224ed6c,0.6754433132507003,0.19374731140650642,0.3640895032426196,0.5506573998684512,0.3148214585389929,13523.442353991188,0.3075285276687164,0.7564649215428686,0.14266092191460952,0.15108219483725063,0.053807366038287945
cust_04bbc592,0.8890226111483707,0.41552081206504976,0.4340184670330963,0.409765400449502,0.21100739775463606,27609.404087491097,0.6380281556512106,0.5257053843095716,0.3121674060168601,0.14127442911328253,0.001366135292826978
cust_0798576c,0.9428777225928552,0.6849578819607391,0.10663946032205986,0.27956735886453427,0.1775574122117352,124390.7358268889,0.2680709577470493,0.6109868251865535,0.089455523747201,0.5283648736058734,0.5689238091914767
cust_819c352f,0.6360463570490931,0.5396080709535358,0.42996251770595173,0.08580733556457258,0.4443202688232738,5921.525888844803,0.38786651852442455,0.15846431624954113,0.2922657334554424,0.1707349754170958,0.020287319487168415
cust_332c3514,0.7893642850217443,0.6546527960482349,0.4231950360920779,0.4213012315939969,0.4533793665829359,58632.06205689456,0.3329948394878578,0.37876384851821226,0.3522952258492733,0.3984498074635464,0.5907213062681821
cust_e0880c4e,0.7210514065752015,0.3380645413551682,0.49973924837933587,0.27284210784816676,0.3018518066819368,3661.1084470097694,0.0754352438547913,0.526298350574423,0.19039026810223642,0.08892814072325886,0.33105864767125104
cust_2cc1003d,0.8914065929630635,0.4893768412619318,0.3271599651674046,0.3811522271179351,0.20361709117920163,18430.05405372694,0.45060759371282405,0.5352806757117538,0.26656911501885966,0.2069249220594692,0.34477961760997655
cust_29d4dc31,0.7644338060548383,0.3591179749701897,0.13861809357995195,0.237453520169247,0.30610446767934235,40984.82554553728,0.24767185845400855,0.6625935634852373,0.04288198332207806,0.10184120913999893,0.11888568378247326
cust_b763673f,0.6981451218549958,0.7283162755590903,0.6134485114608008,0.571552819108388,0.15527602733671397,15539.145362435193,0.3978634453686407,0.8188014214338452,0.40443000656812106,0.5770795984930713,0.018027811190851773
cust_7fb6133d,0.8772423629036373,0.3435171000253811,0.254467710371591,0.2289824736173958,0.17897001449610703,28595.403581582636,0.22098551537299568,0.42211763891011783,0.13870407394032866,0.18787224786214,0.18631128998209504
cust_abc4182e,0.8707914030062258,0.5296371074642855,0.6202098422539261,0.2532906418560545,0.1522354650575916,44654.01092307825,0.7047126015385645,0.8037724247812141,0.5743313643470779,0.2374901952196863,0.07669590161452854
cust_0c72bee4,0.79269746467188,0.2724391638579889,0.7951731524780732,0.15789202968929558,0.3306216803735934,29081.576664165666,0.4121778540721572,0.7214099569175003,0.575511424632488,0.1366328086944227,0.029190151476126094
cust_d72cce96,0.7709867440967519,0.46133337672934277,0.05656940911653554,0.302923978757109,0.13522644889948332,9080.566608542638,0.227297259316584,0.3558209802779167,0.03158228600667986,0.10588686535783773,0.029143646326822602
cust_19959a4d,0.6403956784842709,0.5526902032411672,0.09394749939598238,0.17265752889581648,0.273881433243036,50047.11269340459,0.11378431204063721,0.3936476888700952,0.051558250610312904,0.38685568889748145,0.7844550585056327
cust_d7ebb482,0.6192257302177718,0.7341934369494525,0.10586395871017572,0.11479037002583428,0.1880167737927401,8080.81704896319,0.1110289898332815,0.24278980566292138,0.08199797868336606,0.29220697430793724,0.057258512885669466
cust_5e37f015,0.8833811982780695,0.5279957224236336,0.32077402790415616,0.22650594526353482,0.6293691462785057,51551.77989482519,0.2549718625117635,0.45328950398572887,0.25464743309696686,0.15743701807804383,0.5253857785360658
cust_92302271,0.643230465826345,0.8072484508458345,0.5073768441295294,0.2046571486744027,0.4109382580773738,13956.667515037647,0.10985889279494149,0.7040046535864027,0.28017079126215183,0.5411147890419298,0.24650104933642447
cust_2eb80b0f,0.9391226641747038,0.42825345588675395,0.6799397298105275,0.15886678366563695,0.4416094246151682,4030.0845248732344,0.3317936532788513,0.4362140905269306,0.6440092278328237,0.14020080484518685,0.09078336754811264
cust_b54a06cc,0.7451427097995225,0.24226165866482938,0.38916199438050414,0.3957054685211578,0.1759410899257229,17433.561769332984,0.36625721588676025,0.1605266570442363,0.24837864878496296,0.1612740328356752,0.11931505549457408
cust_f0ad69e5,0.793879365399657,0.4362106145366683,0.6026978253432455,0.170308597457975,0.3216010639877003,5254.950589508966,0.4262317636672399,0.20806175146300437,0.44336414238800487,0.13192062807187258,0.05660855019877885
cust_3370a86f,0.6358610183272344,0.2126665443305654,0.11363377647148167,0.34710946721822905,0.137505552044005,3705.682110968349,0.1918598675004544,0.20925461816100857,0.08247446099191005,0.08808585913168931,0.1344778286668189
cust_adfef3d4,0.6363961731332636,0.6429787733205603,0.2611618568420056,0.18359013027938206,0.4881818437712576,6948.747519005633,0.2812868668590488,0.6796593632633018,0.08638883757972746,0.15454208286675808,0.1851893698446418
cust_a1a628c9,0.6592232820204398,0.5745255648220545,0.19939096433303788,0.349817131820343,0.5281538923588622,40486.73531556459,0.8201788681934918,0.28847371396125776,0.07246887780931348,0.11268642925358935,0.10333887296170537
cust_a3c322f5,0.6470896497674602,0.22493273577745476,0.8588777053304093,0.13413444156503573,0.4553852116639447,32583.022907000926,0.21625728289964935,0.3207511618053844,0.714930691620949,0.12356496503794066,0.2795387675131394
cust_ad20dbe0,0.7199422758498581,0.3620682959485828,0.37086581736955093,0.3349501992246885,0.1118258042416753,25965.33218642134,0.29680411295122594,0.7339725228078676,0.23173648678214256,0.15097375804472368,0.017071199248716314
cust_6a23a61a,0.5788293053177531,0.3361501956819773,0.29584545517234945,0.22254987896021283,0.10962679816454449,9417.867618130978,0.14534532029137884,0.31707731777137743,0.15623211643242516,0.06570614571383808,0.26138884612264196
cust_fe6a0679,0.5198401299909947,0.6287057666604954,0.3047318774214467,0.14014304195039806,0.04228233712817267,5799.15790350763,0.29135463017655566,0.24288782152092053,0.26642476126289305,0.4708412822250979,0.24701480768978995
cust_218b3725,0.7502642729698212,0.2169299881016578,0.6145229364307881,0.2623562413913662,0.5058279071799774,7956.052153434835,0.10315033623696274,0.2116583268427277,0.32821875906292597,0.18386083144224968,0.2879280535720917
cust_51a184de,0.691408025270276,0.6474689267476065,0.4962362713039999,0.23226248941951305,0.6822998416184276,15914.893898003043,0.4662368095109964,0.39698168685888857,0.338678899648143,0.47182520376416104,0.20565165426882387
cust_21ba8822,0.886329762751276,0.612220157193631,0.2129797459825085,0.07410833592482105,0.1623883621303662,171847.20155064482,0.6868294439413696,0.7103958914245087,0.1921400847755477,0.5373226764562985,0.781249782809892
cust_a25a34fc,0.9022380913880584,0.5965476780127672,0.4420994596126138,0.38813581886322646,0.25676286917739594,1969379.5933896508,0.26689347625102616,0.17464286855789948,0.2747074902457389,0.07426826338441891,0.616410574230939
cust_e013e987,0.8114740635890793,0.6555104570453599,0.4258593488676998,0.1495810722510531,0.12751786670658535,85372.7922454373,0.20908040907224792,0.5328803579577623,0.27982471574695206,0.5374602915023843,0.9645481545033421
cust_4f803d13,0.6783113633182472,0.45342892094582876,0.09702768486066664,0.34948893375525664,0.3610339419999945,8030.059058364579,0.28251244262045716,0.5426745559158341,0.05023687726838082,0.3686993853075031,0.00967686594452816
cust_64245bd4,0.9358233527633208,0.8403487304666658,0.2655855369815816,0.20314507101031853,0.1949167555295302,11841.475203760832,0.08765006096475374,0.32052282942446336,0.1490124931311991,0.2702256136670096,0.02209674092338029
cust_0d031268,0.7449456825257746,0.37232243027071343,0.3786167118031676,0.2895547360823307,0.12081406257309822,43896.41071292853,0.32523041493708305,0.630366252288249,0.2302414587930939,0.17279912589019353,0.0664591380534016
cust_28478bdb,0.8979451441350069,0.7157050669239098,0.26748793404026816,0.09269001606973197,0.39273882037146723,3943.0638835773316,0.13145691129490114,0.514973513930662,0.1310261526318081,0.3354112415853801,0.12449874372856533
cust_253617ff,0.5721164057683419,0.48531771935482715,0.7923427564414178,0.061987857599916624,0.18244652968849476,25985.83591409238,0.49216764007708713,0.3823038842092345,0.5063146553728516,0.2726959453021344,0.08682084874973897
cust_2c1bf539,0.6813119374788356,0.690260417199779,0.6985814083773293,0.26858823980521856,0.2669239864219181,16179.99560462494,0.31827519830197465,0.6667535844002414,0.392606327482453,0.4492798645496916,0.12506592657039378
cust_0575abf5,0.7073453126519662,0.72967844320818,0.6635227330890614,0.22981937157020296,0.11416647173111757,11631.816514852875,0.321080784066096,0.6534311733761017,0.3325680037953619,0.44149025429821576,0.19345093550942655
cust_3161dff6,0.9821267478615205,0.5224438885764562,0.2215236360225195,0.6118010693054764,0.15605845908866686,11373.926916686542,0.49398282276744926,0.5538139996585988,0.20185058408683249,0.28568573605695463,0.012922427926490029
cust_fc3cbae0,0.7597135655020977,0.4953191161323343,0.58685700874333,0.1219098220003984,0.5868767841840539,32280.54182781572,0.14886022085213826,0.4279666641665832,0.38835409489824946,0.33330638006742097,0.04841815143708369
cust_94b7e54b,0.7038753647161115,0.8842761712438824,0.815369222201899,0.22476260316669888,0.38194498832989343,29480.20515936464,0.13559695789161672,0.1664511463581434,0.4456169567515622,0.5397904919962361,0.14352838511032112
cust_f96762d3,0.8379479072719748,0.15879671128956155,0.5051522411967321,0.3097858232584478,0.4982849067856096,49539.16466579951,0.3052579488573813,0.8205431559311487,0.37582808937968637,0.041056958948291304,0.01802486261947237
cust_e4f2fe6e,0.8436264790863555,0.657997669304046,0.1662015089988725,0.23377419053766363,0.2566693438660556,14157.745075384266,0.40617177456335607,0.4702182771388274,0.10820478752455252,0.2889146296642382,0.2121513201063976
cust_f5ba643a,0.7589340648506768,0.6393685707798661,0.5852076026726839,0.5402275514533088,0.2238397224904345,139338.52545194927,0.09250813214184553,0.7542782516772456,0.4286010393524937,0.49376921279581665,0.6420816285968092
cust_63bbf2a8,0.8560420962331521,0.5407541918147581,0.14805647270622246,0.2640599685554578,0.390363139870699,6821.913885965734,0.05155812053447591,0.44500118398096555,0.05144486509274431,0.4709893396270788,0.19740953657573615
cust_907f9c75,0.36918239160952715,0.2967435308784508,0.12161854514038827,0.35466145130088056,0.17741437701808463,2034.467629022931,0.3986971594396115,0.45755445296089414,0.02231102058494711,0.15264624842700922,0.14541034963592342
cust_304ea4fb,0.9474366199447364,0.7234174899073842,0.5003723058199616,0.4317219216628684,0.0724102127976498,17088.731889846513,0.3351129529209836,0.20575594488192048,0.3390172603122725,0.1866731401481709,0.3381262562919832
cust_361c29cd,0.6109069563885546,0.38748505016105766,0.1195190000756093,0.05230377486897845,0.12107702832440768,28314.00660354863,0.14624776462727201,0.3566296669343006,0.09208461123083528,0.15263207926824246,0.10945707474239108
cust_0dbfc446,0.5644679091541521,0.3292578047797474,0.4404670684263397,0.25657935947106186,0.0923757001032636,25434.168220867923,0.046136625951817764,0.8800421882729978,0.267317851874454,0.13893773662313086,0.12210280336336499
cust_e10beccc,0.7504331033437318,0.4654196075908258,0.07552242521195242,0.4128060480051615,0.1127230309468058,35598.51893211535,0.19417940487904842,0.5545616285002043,0.04053814696173552,0.21396437142067495,0.15143936897111518
cust_b0ae19bd,0.45796534702198777,0.7114932295154294,0.2343332836669595,0.2852464658831859,0.1929788221718319,30992.892059656362,0.22009524979659748,0.5463268242489556,0.047672479476790604,0.2881572499620015,0.34981068600395837
cust_7ee2b2a0,0.9162971419085392,0.4744781146852142,0.3990959454935646,0.21605367677245538,0.5176476457426085,281647.7772372154,0.2932448949769539,0.4231151600835512,0.28384656996450536,0.20415746590215508,0.5953212704377331
cust_5967ca71,0.8848458122205456,0.1961329468686862,0.30236511045560116,0.3400657014624642,0.09236992782083683,29257.611788231443,0.3041983504661516,0.5865290608627772,0.09689645745742664,0.17710864968827436,0.29688603763303784
cust_9aaaac84,0.9159947371907429,0.6987642894020072,0.5528649773806228,0.3843542586684772,0.5876401301771332,88044.0880982128,0.46332421745052277,0.3600685544873872,0.20745597534019644,0.5804640197606418,0.5762093007163428
cust_e9763c19,0.6007600269332237,0.631251440905545,0.27370965490478677,0.27854626786424935,0.11805092449480509,77532.24049209601,0.5296032741876459,0.5975527028990308,0.13859005931436286,0.3849782593904327,0.5356305633181272
cust_2e1eb8b6,0.5547613298520695,0.5671618807133447,0.18875544995461116,0.2742431081677587,0.2593965670075226,58064.01734623008,0.1963840120689897,0.30246189344735136,0.08517080399545984,0.30621458388126066,0.7666675783754582
cust_d0e3edf1,0.6699373114410695,0.875621456326059,0.684055144232089,0.36707853954517855,0.5985433864708141,24791.838447868246,0.45405663188553463,0.712222227621108,0.37517533976254097,0.730705033645994,0.028797953362816882
cust_f0a94f11,0.6474689463485224,0.6810506473430847,0.7543531981585332,0.23546232308892667,0.6262757846838569,8844.724001165954,0.5377402883600075,0.5152720150701241,0.44528874929361095,0.24905121044227765,0.12208869819110711
cust_21715658,0.5506263944165783,0.3765867383093296,0.6278875629947641,0.3001421854239795,0.4872459248648029,1830.9540497822936,0.5731559117340673,0.5627045208773814,0.023125548682115034,0.3241857243913154,0.03416792005826072
cust_d505b55a,0.6623830924230161,0.5888742381346082,0.4258699324319244,0.2763111386797909,0.17320982549966374,35940.740033262635,0.3346619891844314,0.7618814900733903,0.052235834443737916,0.40221985424334367,0.03341084671757279
cust_b9b60df4,0.8710436343120795,0.24805019188042224,0.17741012870460032,0.45553156374882703,0.4053148391699089,43319.32499267528,0.5433533930343944,0.6220035245726862,0.07796357767201614,0.06644450315533226,0.011965699918292834
cust_14a27c49,0.8002421990254549,0.6939574912847232,0.2805970893921,0.29493811735527736,0.1937265426039492,29760.92090868761,0.15606742350604777,0.5840689808313416,0.20320761087632389,0.32336323896162583,0.09297229792262574
cust_74e5139e,0.43943224510486795,0.2752252253252368,0.36714612322349277,0.35013401090455787,0.21957703011184942,5742.454681441559,0.5539496806287002,0.3208636064139976,0.31216355313602034,0.16426370149548367,0.12071479458405106
cust_3dabd00a,0.9320433555462645,0.5126653488110391,0.41280752873438536,0.31894605000523263,0.06305264486844596,26907.041023369395,0.15992695243506574,0.38944229825682375,0.045701291977166825,0.1601187896067549,0.12135395623315652
cust_88110373,0.6512239273352112,0.33687681685354104,0.470048268635018,0.09864701318670371,0.3219485877278238,26282.26043692635,0.556374940138478,0.5006167058424235,0.3916382740407656,0.15681842816002098,0.1902679984209388
cust_7144dc70,0.7867639746602163,0.8003787208508947,0.20291052068594992,0.7421080238194829,0.5133233556385063,62672.55433987185,0.2996921268295002,0.6192525278665852,0.160258378452379,0.607444505773714,0.7308565335619772
cust_c251b2a1,0.7322110998773276,0.30227041652943526,0.6126662879087377,0.2550359557942805,0.6430823480446319,36484.755240752034,0.28280886091785196,0.5737118659258232,0.10498893445187438,0.18734431795962633,0.06989695431535412
cust_de4e0465,0.5531610610292325,0.4497399205510152,0.6663797981414781,0.025057905492276322,0.05158878470678818,222484.11116694158,0.42714869106699616,0.077462958344989,0.3929948175279104,0.1936258136698369,0.8483497607951908
cust_c47c01ea,0.9043063250812414,0.5609513296161084,0.5759819338138057,0.4442540388774453,0.5683318836168886,839868.3857441188,0.41697494668445195,0.48288462723447534,0.3378725673661768,0.1937073336285044,0.4948422125548671
cust_79b1eabd,0.8083213111878007,0.6581743400304756,0.0680657382802395,0.3379648770912761,0.4474574220362748,10240.021571122146,0.18174046244264253,0.30432054394838187,0.05523468735838043,0.2384794767467352,0.27872315351785115
cust_ea2fa3b0,0.6717217247610698,0.715709220506143,0.6540836103194967,0.2553195630593671,0.2558613114337496,13701.661014741036,0.2470979123867153,0.27484421054789504,0.2434568697369237,0.2679282486270571,0.005607794798347165
cust_b29275f7,0.41791505568055654,0.41951570769405355,0.49817119137114146,0.6248430035361686,0.2577742397674556,10804.573379349775,0.33157939240627254,0.6793177510603725,0.12495245661223506,0.1994493245770961,0.16018973551108845
cust_7e578b5c,0.5722174990550292,0.5891953796827024,0.39330974101785354,0.2719701368359566,0.1636915491056557,73774.9569925881,0.7165967239363102,0.5716116108110398,0.34484116095654194,0.3379877615581556,0.5406487757377159
cust_e2d9a8a9,0.7144943994875338,0.4924467486644181,0.6067466437604713,0.4522390285510526,0.6063433743823067,48957.95332367351,0.19149090267668548,0.058884976087898756,0.4049652077778618,0.30668258576438645,0.2527765418092821
cust_688f7ee2,0.613031094369336,0.6639802718661687,0.8082922588308259,0.1942382787655048,0.2865209397977716,2711.256512537397,0.3757883545768995,0.43988137379699005,0.5896373528367885,0.3238992382023257,0.204285622245564
cust_ca31f9ac,0.8101671719603639,0.3200709337719334,0.640173808867666,0.5302042099860756,0.5716378346118168,157279.71686882895,0.2063715845453509,0.47984470973360366,0.44808689395354306,0.1586780524814689,0.2654916547659168
cust_82ab20b9,0.8603120092731218,0.8822621058850797,0.2947377933208168,0.3578417910659857,0.33059949142007133,2415.1920521240095,0.4568900061536396,0.7853991389138851,0.10843833163489411,0.6614544186810082,0.10700449869502288
cust_a24edb94,0.7473402297390259,0.7758641285667572,0.6203401906992264,0.3700892802652066,0.3298546012393106,3819.038941821306,0.30159494715408747,0.2549233899671256,0.5200587750985185,0.3941506680474286,0.01890915407067659
cust_b803eee9,0.8983523881310777,0.4495138261872718,0.42462095112919945,0.03951588751792552,0.4920850087569266,23258.809000806512,0.4929313706603718,0.47684879973204763,0.16700249036498385,0.1518055744668326,0.09009717341144788
cust_86fc92a6,0.8552008663125712,0.383140616506299,0.17122354409717838,0.15465695721935457,0.05001963701161117,17274.016577938663,0.6771249275486537,0.1561525367290168,0.04598334269188196,0.171997412235193,0.03525400997886307
cust_7de2b095,0.6270542506800241,0.233892863334378,0.24223595548107948,0.2643689910690717,0.45937196264367985,3690.0081290014846,0.14970263560876157,0.22081648204210147,0.15818707182528408,0.0558815028350568,0.2169721435172293
cust_bbffd22e,0.6491102688366148,0.7423018372839177,0.6399540728681136,0.40161304302276296,0.10257322801036256,57556.75166638883,0.433925337901117,0.29284931554046806,0.45789447650897425,0.372438269174379,0.5667386800110621
cust_178be42e,0.8830778662183498,0.34831853046784733,0.5468424660239287,0.27403093370739484,0.1892324601293697,13017.167051608203,0.21124240108287837,0.5628036244794467,0.2984888065469203,0.188890414574962,0.26651319804882806
cust_2808e457,0.7995626989649682,0.41111737809791776,0.0107643886216498,0.33596421609845933,0.34875810614234126,90753.43650985025,0.3540340733012936,0.37766222483324596,0.007586727958030077,0.14652120272302935,0.3663798638726054
cust_fc55463d,0.7427976816667059,0.27608629251715394,0.1550162305802849,0.23312817267858052,0.33157148544141474,32762.804430851476,0.5242106515958186,0.4437217566464609,0.0563721700477539,0.18598990114274228,0.02210040833181184
cust_0747ca71,0.7590679747097289,0.5562277578408221,0.5128673435759611,0.19902277673189625,0.5022716467125165,17011.134086339833,0.18432095618900268,0.8544487858322574,0.32012688825478797,0.40944811468468867,0.3954395563035141
cust_8bab649e,0.6280456475232,0.30744948673300176,0.7920346642670684,0.23425038152723474,0.0747922826588343,18621.682440774024,0.3673261090522278,0.5663889218226363,0.6068313692535036,0.1564827550903757,0.026612871097004474
cust_23e63876,0.7636704930584641,0.2891567762537808,0.6443724148241571,0.44194730454721437,0.3069543124337207,3690.161807302748,0.31617262619064374,0.3736639882521406,0.40507901532783536,0.19266729443279584,0.4483782341056021
cust_493501f8,0.8917740268019886,0.6238303533049917,0.6014890256484269,0.34468190390544157,0.4971419916017848,35488.49080590905,0.38655899448706177,0.48484401638940405,0.5458077219511415,0.22091318243949376,0.14444715433283395
cust_15cb6130,0.7491101128345099,0.22640632640536987,0.4715306663799702,0.3640581029906803,0.2232861978485945,2121.132459047999,0.5286774457669403,0.7391732171482618,0.3750980665638694,0.16360857328996337,0.3252938020176222
cust_4ffe1fd9,0.881088690647915,0.46722241730697306,0.4615433239412129,0.16802082646546337,0.5709522504863598,15946.707313905441,0.5788109382026326,0.35225106207508533,0.22113872179772306,0.16197369505866982,0.024898244357809064
cust_7696a6a4,0.3127866221940686,0.6355471887728201,0.5721063441384793,0.34590999695505986,0.19747313949645975,12136.139758532836,0.16540058390520923,0.5261320276228871,0.4937590291832569,0.2746196769846254,0.010295952127358031
cust_a4895e65,0.823084730313755,0.4199677554973353,0.15662578630992102,0.5673257974749417,0.31491746079011945,2196.3854273966326,0.33715591587512195,0.47522429119731985,0.0957611323905097,0.2862403443853912,0.40140956939551836
cust_9fc3a991,0.8610270927205118,0.3183901383432103,0.6431463947899653,0.23720606397333102,0.4363201298748307,31577.387107391274,0.32714342955218,0.6240628831722217,0.23378386680923732,0.20232014619258082,0.04308767024092287
cust_f29490fb,0.8462203574102459,0.6659034601010767,0.41879458042356,0.0779251019094631,0.46824051480759926,4461.342253510839,0.5602484797258351,0.3825125739816854,0.3638597319251848,0.09490403168744355,0.05597278719017758
cust_22449fd4,0.837007189525317,0.29214015746233646,0.38826194959422755,0.2570100450394495,0.3061396675842806,28223.475902958256,0.32294037444345686,0.21923540132919286,0.25348831558810286,0.0956011474629226,0.19995565220738373
cust_1befdb11,0.6835879569397534,0.5443816894936739,0.19812415141705494,0.20293193521646058,0.08083074047898328,3417.0875796160076,0.0957716758725169,0.8562845600357085,0.07834225889102103,0.2529053168101841,0.220701401779232
cust_e57b6cb7,0.731623321522151,0.4673747607338313,0.23647630903659178,0.10866126190399855,0.43260165877592516,6131.232447897123,0.5604729326962801,0.6254767327129624,0.07459881592942708,0.09956064255430369,0.06176959043023149
cust_8c32bac7,0.7382972409767853,0.208752657406736,0.5212307318443112,0.1816558237318222,0.6561490022037559,6004.603734982498,0.6459628828819824,0.7743362229452914,0.22591054798825555,0.06304713626371601,0.05738776280847597
cust_a0a0d42e,0.7845582631499226,0.5509538011882285,0.7096909861917239,0.2484446046282913,0.32818648639774445,58210.86882177956,0.30610506542375543,0.33014512679108154,0.3689557226983708,0.42587528617220705,0.7009372721901547
cust_4961649f,0.7296751934765654,0.5794773734784276,0.18600544894075627,0.1947559396388632,0.326772083499964,5593.883209061535,0.4609398067645403,0.3017979875680275,0.11022671701709212,0.4524454387238849,0.09074324457676229
cust_d0e5daa9,0.5350619761719033,0.25090533872088083,0.05642538509242586,0.5126976129261595,0.6254136617999188,85059.43087808824,0.37271517540283916,0.3000473239886642,0.010486867963628648,0.09986848985112352,0.26363256143351027
cust_890f56cb,0.6946838912656221,0.37466833196686916,0.5402978205281977,0.12063157308520607,0.16382487440652416,5514.036099184005,0.3740177769810682,0.7042699469343644,0.26642824828952744,0.2740050309770507,0.02152072860478626
cust_8083e12e,0.8897709802954406,0.6223799699587794,0.28868779497281494,0.588386547867903,0.17311305839061397,46140.60804375895,0.06180287237495159,0.7744548962773321,0.1046918194009465,0.22515100656609333,0.22227991156676408
cust_b745ab38,0.834206292225183,0.17878070237457697,0.6593298477329218,0.38572322221956395,0.5764849110269624,49161.62694512375,0.33147958886034606,0.7611005863456288,0.4079714591216047,0.11939461462685572,0.3447921756405684
cust_5db3bbef,0.5870341261226076,0.5265251314307033,0.2697487620579622,0.5963433812758802,0.4507161498470703,11029.229331644316,0.16614055811917935,0.17316870305735177,0.0714159154568686,0.30823752966525364,0.1895378209813817
cust_d8708bf1,0.7763826486292082,0.367981648717995,0.2862989084727822,0.28852510047681756,0.3043722110732928,36851.21450431394,0.4382265437328546,0.642647699510565,0.21218211805903484,0.1994669487439589,0.033105627545562344
cust_86ef881d,0.8238410953417997,0.5367916572836547,0.415971509797343,0.23259147732179775,0.4471777737531301,69486.90869468494,0.08429640720935538,0.5584990692342057,0.3066151622846739,0.4842044782234541,0.24836867153380968
cust_d968ef05,0.9116804943706336,0.5144362293292033,0.4070501353538185,0.10958158184890447,0.31135093586412566,31938.12928093045,0.5106664590783767,0.39804154850663653,0.05368855829659473,0.24327588385612256,0.2118211023354396
cust_24830550,0.7492210131167745,0.12079770957792259,0.28271780930806284,0.05067584777438082,0.26295896455235246,54090.54307481268,0.14650964782019907,0.6209229902160062,0.08805359463283846,0.10076013200157048,0.6350687813521776
cust_ee838778,0.9868256288127458,0.678621525644837,0.8900942381197077,0.16351657083931667,0.33380364273539953,337.06754635948596,0.40186967827039155,0.16527856921713877,0.32449436972655676,0.018800667058669427,0.11024701469090137
cust_457ab48e,0.4001102645108955,0.37516039062507905,0.643071408412285,0.10331540845473858,0.33219499444585904,10088.413351855028,0.31517413315625553,0.4931307889298515,0.2787749707898282,0.1595241440941867,0.028650357273640344
cust_116c2092,0.7326834250338748,0.1891942612480689,0.13292267873826183,0.2891377704431907,0.4249014208821287,18022.55978286527,0.5766317763860253,0.1856868245214596,0.11253254874505213,0.08024721065284379,0.15913762908689635
cust_8bbc585b,0.8224514016325828,0.6250336127290907,0.7806211583907547,0.14888456395964209,0.17015248941617836,18909.532649886703,0.3072651044892656,0.2718701680174481,0.4309906255252648,0.2915180465868137,0.2887158806843906
cust_052e6fc0,0.9685210489127691,0.46592991663175704,0.07845505297800581,0.19764387625739843,0.1747871900252574,35272.37944685933,0.7868066655056806,0.8219834950631013,0.026700941044926742,0.05723239018381072,0.05845473256107721
cust_dd2aba32,0.32081231357675466,0.5077842887763104,0.44120797427400144,0.429550233068606,0.3710547596642379,70821.7708220097,0.15572847329561607,0.7569116169935819,0.14015451991567812,0.26652039313738474,0.5502127535550212
cust_caae5914,0.4545696512421942,0.6319831191174823,0.5865686500573368,0.26756995936077327,0.13497505879785976,50448.99853962542,0.5830783917487109,0.5975231011210679,0.41441257606876436,0.2486842900190307,0.6962877491198283
cust_2f14dc31,0.45368632274941445,0.3906905539550885,0.3693260009312535,0.37066908702241136,0.10920623889590617,50611.50379906044,0.45502375361505537,0.5805672687278495,0.28605550984596656,0.20764730353335223,0.7221030497091274
cust_61ff245f,0.5022979617244544,0.34590318725420843,0.40637734051108354,0.046563874116880004,0.2657263880658154,27567.78099468676,0.41666920452561723,0.5151356799445554,0.2662280874493897,0.2447966339463335,0.035131696577547666
cust_a1805d43,0.7483570748318127,0.15635723717074912,0.4714159355581341,0.7071766966465268,0.19547971861593796,146017.56976586476,0.256666695373895,0.1425396726822701,0.3153992387316111,0.11506569731255427,0.6199451534810855
cust_d7f99082,0.8189869296563281,0.7403832380147743,0.22542926298388113,0.2093539038689391,0.20950342830949212,26310.191953355476,0.44930926167182167,0.496765406580296,0.16830570846971515,0.42779847827419804,0.10227281669030447
cust_2df00d6a,0.625566975443424,0.5899716204534371,0.09091413033861662,0.382445815744085,0.013761704443707704,45209.135851863,0.04985110616250312,0.860161194034211,0.07997523296685487,0.5193582070806783,0.2593677757318413
cust_89032f82,0.658071179146016,0.3972830034169652,0.23599605136329932,0.35383821281849503,0.5154710347756167,332679.0018111891,0.26457171326743506,0.5479535458052214,0.2186948669686048,0.1688752520276178,0.3861498020135977
cust_123966de,0.669778703934288,0.3455659416447993,0.2898601871842443,0.39996152775172017,0.572552832721784,24901.04267725895,0.631930072228017,0.2569310735994946,0.14694107145928115,0.1511182020664287,0.14021466726458287
cust_e20d2b55,0.8619057696262118,0.5977139998319094,0.6191391522947509,0.39052410753968353,0.13189394279353225,101319.74339100873,0.4930497413130888,0.3040946160372221,0.4246262627675805,0.20756353948801032,0.8649932603240991
cust_738714ab,0.4984447056055249,0.5480665046105806,0.14828482339973334,0.020018147787157534,0.19113211397032548,166454.39632078982,0.4649628747800046,0.4250082567139744,0.0611674962960872,0.07520597364423873,0.8836023409149945
cust_5468b7ab,0.26852249269810463,0.8324809919102071,0.8409933048358702,0.44357488611157186,0.31426322839206816,6394.997716375489,0.07710988339670324,0.8628414598234099,0.5308908868663752,0.20676946672800986,0.13904258062298902
cust_bacba907,0.742289320051514,0.46199849268661947,0.6091384500679081,0.3661560963962732,0.0803733913587793,60035.675512848255,0.5052011302842935,0.6669116930586348,0.5726691444743708,0.1661224624904859,0.9955266072899404
cust_8b5006fc,0.9182751460770382,0.15301914538334388,0.25547279466680084,0.6930653306185771,0.25419196421364554,5661.5604216778775,0.1226239224418806,0.42575536160990884,0.1567690423813643,0.042169531845881306,0.01169853843090231
cust_232b0554,0.9282984037556041,0.6244392256729518,0.1726253798659243,0.37585631607150605,0.26965059208933834,269751.1836571396,0.36382578667556725,0.7257543874582807,0.13973408347364955,0.46484500518874,0.7860018051875995
cust_8f3c4cdc,0.610599003369766,0.29022554723803345,0.3866658476242849,0.18963334669430632,0.334123855006659,184907.4115258753,0.14108710554218562,0.4623802869056041,0.2916023969129728,0.05817901978129847,0.18513533403640547
cust_e9752757,0.9008458439597083,0.4133255670316651,0.6064267507235531,0.43230721332794475,0.03011157028157158,2907.348267127512,0.4630826880788936,0.7732430336487615,0.41446670394700447,0.1888336019904489,0.3596134351536059
cust_578e2105,0.9105410630735272,0.7056394892419343,0.37164570051645496,0.43245974840385526,0.1372811028440937,7840.337504071063,0.32088558039756737,0.19241013427132198,0.25921707406054056,0.2318403511212339,0.12090943881536086
cust_4694cc15,0.8093893106834191,0.4085365959990992,0.34940852359380453,0.5378227273921103,0.10848898624827448,11773.76012431634,0.04405116982411587,0.8465221484270522,0.18049159023178868,0.1788242213492448,0.12408594817525119
cust_bc17d460,0.7488288525025796,0.6276228421083053,0.4390433514469911,0.11932763702223731,0.099431843736325,772.8225666300635,0.22413946673226526,0.7628825380386602,0.4292963520259753,0.3551597956332316,0.3988972220837523
cust_39de3fa8,0.7568258562240765,0.3675222488839842,0.4622057451491466,0.44065974614251596,0.15019807511501954,3496.954009152796,0.8731319820127681,0.8087826921537338,0.3130819209687186,0.201477104695033,0.047594863124729006
cust_beecfe64,0.7759172316759486,0.023880262902837384,0.02114348857775814,0.2310322663827007,0.45183497526246136,12011.304567018627,0.24283738036991676,0.6178379173498135,0.017361785096622916,0.007294694064233474,0.11486544057197381
cust_a7b7ea96,0.5740206381107397,0.7374523013759032,0.1314255360704501,0.39068577892026884,0.12342274473429989,42960.09476906212,0.33326888138414973,0.31557285346586567,0.09611592877234604,0.4219673492095224,0.11956317800106542
cust_cbc60a94,0.8221769206782199,0.5686015694520113,0.7342932297599427,0.22483070500716346,0.5371645178681411,28911.638024070893,0.4468997383855004,0.5998038633781564,0.463042059211585,0.07918603813029246,0.02317179508636076
cust_7c32b772,0.9176715901059264,0.21014527279611656,0.5496608594360135,0.2640302628399956,0.4339750597964267,26869.960247506813,0.5697549165217246,0.4816940536143197,0.482087793153099,0.10002449693598878,0.2614488129876202
cust_bb9df771,0.658649976395634,0.5409334169929978,0.12197886808093966,0.0662162088619672,0.5917525686458404,16162.723669369316,0.1691433301680995,0.7136257316687867,0.08276981303202513,0.17978238384271453,0.09303241199685373
cust_a6a034e4,0.8392813000441436,0.3908372122108412,0.1320826999988628,0.16524834399802485,0.07631224021522952,8087.320881210904,0.09846316964834083,0.6247577132655204,0.07510686626925922,0.2955629014174019,0.6009049010429649
cust_30d562a0,0.7128226484551812,0.7402944878814064,0.5884497972919703,0.3877592910574492,0.21025506427480659,154961.55075366143,0.3319712692330145,0.6437190490401611,0.3121828871895322,0.028800398357872566,0.7832880635023804
cust_69194b96,0.6621763231831121,0.28894767923764286,0.3366321751562104,0.10567264379617786,0.07685892244568109,9523.179755007157,0.5309436699290006,0.34582930926702293,0.3133935618701931,0.20311922025261658,0.05414791767398429
cust_e0bc7c02,0.8107873975053527,0.5453758015433801,0.1087561285263099,0.26373544175281377,0.578434859929022,52473.85180045741,0.2726886243581267,0.15534527151051972,0.08182373102816806,0.3579439284430121,0.4904285475514974
cust_823fec79,0.51716474109643,0.28339382158999027,0.5375965735089032,0.39272574916987263,0.4073803908756711,3067.6673381687337,0.26160452526533784,0.6078047110471237,0.29107841666463097,0.20831209925878885,0.1297550402692511
cust_964e4855,0.9606603186400905,0.33338646537478583,0.4911293148753502,0.4613417131416977,0.6869953298192238,46033.697317096834,0.1944317125044474,0.1687844176857465,0.2691878724694079,0.04197738918863739,0.11273065108702271
cust_e95e674d,0.6983234462738753,0.5712870312223357,0.45026017467195556,0.12664202064337832,0.15523672208870276,221972.5415217032,0.31507098203793077,0.5226409603965576,0.3736560165564688,0.1220583890662993,0.7461652683461449
cust_996a3cac,0.5209370421209338,0.7255180346534269,0.5044272618458122,0.11590918116186935,0.25566187323405254,145022.87794506515,0.17840330630812504,0.7029428546912135,0.39415319875939014,0.40637751505986175,0.5140814198994113
cust_fd25ec6b,0.8597386384821266,0.7846494428971429,0.38228406063697346,0.17730252748994715,0.016732780206178986,17161.158171058705,0.240583376736459,0.20893130260966922,0.20072154727593447,0.5043926964488346,0.38691905226497453
cust_fc774c40,0.9813649222971494,0.4422596046948651,0.2527321543247178,0.3050920646343795,0.5083676465398174,432992.9523441667,0.5286564188756314,0.5709780066939214,0.13168816172770736,0.23576328891972287,0.5923424527316393
cust_0bcbcf99,0.4324339241580163,0.2723319642589805,0.326884804560955,0.27772798939915455,0.3444258428076343,25540.15765680845,0.16704677165603501,0.3903827029505667,0.2122521880137581,0.1955800304456031,0.3593258544483387
cust_037e6dec,0.9320801322400973,0.59908099967029,0.007142657788450105,0.16959608016099467,0.2602484363558381,37152.79944607922,0.12548058176013818,0.6378204598852449,0.006355891994856184,0.46978328014785237,0.07432339143808887
cust_92318758,0.943587297602383,0.7789510591219297,0.4027938380544209,0.3700104947291486,0.3415872305854652,13374.243160818976,0.4825314214441003,0.835166354434205,0.14994694619806373,0.31467360555132007,0.042615793392500066
cust_ca0892bc,0.40527361140093304,0.46456317577770306,0.2937518697847839,0.08889541789098743,0.5474734174297182,1528.3145832899386,0.28751694848384807,0.5773987646481901,0.1392270237854569,0.3639903382233721,0.2887508553006385
cust_1608f0ca,0.3973978509594893,0.45362492081674655,0.7200944963114208,0.38034865927865663,0.4686632623403379,25323.761469101195,0.1960821442003245,0.2760745378378833,0.3730274744362959,0.24477523830924772,0.22762263656263226
cust_5b25cd23,0.8028481409370845,0.5932155883922764,0.5986447034106424,0.057418918823243015,0.2976222404660434,141.86525998296167,0.17660207717635204,0.5957115082289721,0.345318316850028,0.4711160958521735,0.052812313726821665
cust_fb350ac2,0.8057533139690704,0.48075552446787195,0.30528456490804984,0.14168890643129742,0.1838448869781272,2338.7741883606323,0.21242558844256565,0.6790754398757232,0.1758032506877583,0.11201808917274989,0.12401230566391501
cust_ebf2c74b,0.7074874883528628,0.343323801173456,0.40211034260454936,0.1381859830607706,0.19054469520279815,27120.554043691904,0.41934672259947997,0.17767142169649558,0.3418122655868566,0.16036371846981687,0.38210767113538885
cust_be0d2c20,0.718789354937376,0.1994149837870981,0.1222190011574353,0.2878688643609161,0.6008645318870652,180396.49424282383,0.0978544470302781,0.17840329533022947,0.08440960285244821,0.07190096940653957,0.810708425515547
cust_eacec8e6,0.7569972537442539,0.8607163711531097,0.1824793858258888,0.1948781467372577,0.2281058241390645,7573.823995856814,0.5658139403882314,0.5554014883905564,0.1460301552599009,0.5997774791783483,0.07599554978605122
cust_0d47140f,0.32119183794265954,0.7728441279196222,0.366700645727018,0.1285122159477153,0.6885960956454542,3849.6580757672273,0.1688397453548242,0.34350779659854064,0.13401153355954562,0.6151825660420804,0.12033377945281917
cust_5124a011,0.6762733317724454,0.33832327475113366,0.5139371482207667,0.14433855257882586,0.005027611620844943,243.20502860963472,0.17771807858665237,0.37119015041925274,0.35113247600734854,0.1510488318899935,0.4394790182200227
cust_8ae41d21,0.5868146462484713,0.7859927475105192,0.5700632140971909,0.4591099869039118,0.19148080475373083,1649.780897529081,0.5134027466170531,0.5664614424958481,0.476064840429901,0.2521405681043073,0.4873442814925734
cust_740a8132,0.7561005314354723,0.5857619826843525,0.3657445701162121,0.36460163187908645,0.5960348111708732,8518.056044359535,0.19473750636376935,0.61586694413524,0.28892401764244585,0.14223648736436653,0.818672990753916
cust_0248ae4f,0.7162444873010713,0.6509368828240824,0.1914208692300229,0.28148699814430905,0.4550833870517175,34352.95983403128,0.38750117745880985,0.41569025487441,0.08862732338358761,0.5393710645632039,0.05967676375731335
cust_b36c5e80,0.6929679522990846,0.2018421516299271,0.6656434019749359,0.2729893608944722,0.41720103119262114,39653.590327275684,0.6226693999578674,0.5909191457984212,0.4681415453960575,0.14810841734952773,0.3895232307315661
cust_1882fd1b,0.8533387561601652,0.7066639434950629,0.2692694293966212,0.11799756697120593,0.4065161687513333,19444.903814101985,0.3897814948337528,0.4233400021108522,0.1551981595260641,0.15057043659756603,0.19379478697696745
cust_d39f1998,0.4883963823760211,0.5416207827903815,0.2003221409218701,0.4200504045037004,0.7028055709030973,35755.414882256926,0.22350418420795903,0.4017253233703153,0.08991914724824414,0.07473543800701313,0.09562465459965294
cust_27e87cae,0.63457463062708,0.5660354421701389,0.23775579545294623,0.37283795542569526,0.3621181269244223,41213.41986474438,0.11297242772748932,0.520873784491336,0.14726896846414148,0.5224757280929738,0.23582870006560147
cust_1025659a,0.8629979687567911,0.3305442695275426,0.5643147347708082,0.10235522007750683,0.13020530456542886,14175.612690784688,0.08275899217811061,0.19820048966767553,0.17298070384976835,0.0633086371052208,0.08753938303409023
cust_b0ff4516,0.8299460843383163,0.6056323458412789,0.7817820982774244,0.12871332277789505,0.35861328896371897,196473.35370818814,0.603856445190827,0.34518781745705696,0.44704471994960293,0.5415521476206008,0.7467196544266315
cust_4eb2ca17,0.7225602182550483,0.29593612409404296,0.13121619959435293,0.19179700665900593,0.45502048557522273,18707.011812341894,0.21918852049103824,0.5361290830569746,0.06386363782915579,0.12350960385416589,0.14470950155133117
cust_093835c7,0.800337685487782,0.555818824319805,0.5275582943787235,0.13557485722310794,0.2953839887582592,42512.92527772771,0.05821420384464483,0.7226974419044322,0.2623867144605014,0.37493885403142463,0.2753371571100004
cust_880cf799,0.7461578161775075,0.4364926304848985,0.7132126345487374,0.39925355617428704,0.2579734992659028,43277.43716019278,0.571251010516264,0.6279457072061447,0.3946787859176626,0.11746188935120933,0.0011117520611978373
cust_3217b0e1,0.8837725864500138,0.4052907138175932,0.482621699735256,0.4010968913196119,0.49987591529096304,88747.43520106551,0.45202744435778036,0.794585437199048,0.25253211684855476,0.2260257305096709,0.7471024859551904
cust_aa9c509a,0.532491184162422,0.765741220314982,0.2772427667982975,0.14228097177740845,0.6031160875191164,2006.015615957073,0.3670466020595452,0.2592613630551393,0.13649271028078197,0.1441452403412709,0.08653535116884561
cust_511c1a39,0.9477064773760964,0.26799702172381035,0.4536680428148013,0.2808371068874084,0.19039610421432476,10507.893555323157,0.2904292025950146,0.1567880323539338,0.27652665799114295,0.055888386052847454,0.02240175628005046
cust_894b60e4,0.7853516583911874,0.2939126868046348,0.20759448197132394,0.41059343293132156,0.44681627168837906,11072.89049542158,0.07635059812016325,0.4067279210798601,0.11091302636519312,0.2513309011529474,0.04326892578750086
cust_1e82085f,0.7589745273231735,0.582353110361054,0.13118262174534032,0.18646234417285187,0.3861324601935979,6075.877999504159,0.4433871970674483,0.7835178764768818,0.08093660265828095,0.44727263657981725,0.48862711157233946
cust_66842a12,0.6785387358484483,0.6943893848904559,0.2965925505720031,0.2736357948862882,0.34562490806160795,148438.53152290618,0.319679070382302,0.5266636526686987,0.27989332178580373,0.5154805338777186,0.6748818496678355
cust_79866ee1,0.8020230051676835,0.6296482658770893,0.6132112487152654,0.23169018393409144,0.22820542674154928,17790.01002281471,0.13220268137259453,0.7647872996467924,0.509756758534274,0.22190500211074127,0.09457268033683101
cust_c50da03a,0.5288241289583993,0.4574976082579811,0.4562917608285753,0.04349831897866004,0.3602724968840638,30517.76972214676,0.10271004807663725,0.7483850869049427,0.09741206942850364,0.41603936891947496,0.1692914214325875
cust_75cea4dc,0.830295039575503,0.5256982877902547,0.5568047046842837,0.25622687842889846,0.3899935868980035,3725.1498140097883,0.46407874479558675,0.25887330339495396,0.3067818801050942,0.3670593748131569,0.6054532289823829
cust_9b27c310,0.5798299547907708,0.3904562764718415,0.5593360585030327,0.812193585070336,0.32109919363028844,25475.07638581724,0.4939570393529044,0.3229157087017533,0.36195376591809064,0.2424169789010413,0.11944443601749696
cust_6b06ca3d,0.9445463931636252,0.5016800585339942,0.3289919518814891,0.2877101227758732,0.5680862843704394,729149.5195959242,0.06914696420018066,0.3981976848420065,0.30024724665736535,0.2219358034024351,0.5045773126164627
cust_e25d224a,0.8043257166227465,0.5301540065701261,0.5915254508566659,0.4291591920821106,0.5596321966871287,16527.9403198877,0.5225201706402585,0.4514263584580273,0.5763960646510247,0.17349479053650227,0.2065710717281149
cust_511d380c,0.3654458414880677,0.3733940745899145,0.3815619009679178,0.2422396114515269,0.571984014262064,19259.408862931694,0.2218626427087014,0.560921532422693,0.21976896507611196,0.28824898262839993,0.07907126187728417
cust_4e872e9e,0.5332592014095234,0.5103321156119558,0.09813160461213237,0.1463940105697615,0.5681304842110374,256161.05863139045,0.24210623543501233,0.5329723090576004,0.07278594413194232,0.013011169604090704,0.40761024153667064
cust_42be3103,0.8561964771509343,0.18712352693025736,0.5858932490006147,0.13363503496035048,0.3293648794752171,147425.61083474825,0.45797863949418105,0.5433801489533028,0.5181659089074795,0.10461655341905972,0.713851253247245
cust_ab5fe752,0.86110744579377,0.514644977139106,0.0655453600841968,0.39053279618343234,0.16432672079217162,31182.595531837967,0.5740825903470216,0.5149536855322671,0.043843793109647346,0.11250917676728987,0.38959097689135597
cust_5fd1a00c,0.3718126482919792,0.46701044495674027,0.2619600729496953,0.5997796091204289,0.23959308154731115,4285.124717285689,0.709551232720034,0.7510037780861104,0.053342160841902304,0.40873355491238267,0.23657772052354503
cust_17097932,0.927739625922349,0.4294064937250297,0.6039796940944793,0.05653448232806881,0.18287118128988963,30257.196223768075,0.2513932148833039,0.5586338619771083,0.4624626588520523,0.11771781863234981,0.13058761088141804
cust_4b892ff9,0.6892608373290816,0.18890162534268445,0.1497114345140377,0.32543300058550206,0.2759450031605559,8027.459699487624,0.594994165032053,0.7851541818363469,0.13031458325430775,0.15909224520882365,0.1754449376147733
cust_de5b092a,0.7830736597835625,0.4334693004505349,0.26911270161563083,0.14707586072557235,0.1357056361873814,6099.354651936737,0.6756452264701936,0.5274545263950411,0.22863054264341856,0.1961868135181546,0.0014505619237673935
cust_5875a9fb,0.9172920367198452,0.37161188939100054,0.13357881813275768,0.22106157758781023,0.6263757494542261,7532.932720997361,0.37824132661276694,0.5439728410767788,0.11292708587866476,0.3049739715328775,0.10975030557933324
cust_191c1c87,0.9166553769836843,0.7739028953531916,0.5474517067386033,0.1944532549707656,0.2736316704579485,11443.27873721875,0.4011438548073449,0.09069985155527263,0.3156873404606996,0.5078182077940002,0.05068684644549213
cust_2d315033,0.950398009742106,0.41338841307593954,0.20331553768837315,0.15569543140791883,0.5697562881157183,7553.109027818678,0.5381947836825652,0.6978135788885189,0.13738957442919036,0.3093805256778149,0.04602738342449189
cust_46c2d419,0.8767438783474879,0.8889074510272261,0.7552346338107265,0.34447425648204116,0.3912053107298,159681.3291065884,0.052276013360679066,0.4225854289749327,0.3790920734709296,0.515432320386275,0.8035094588292561
cust_dcccd7d2,0.8326405447580596,0.43032684847898045,0.796746953064175,0.2738495116841816,0.5480492610506857,3952.7450771173726,0.47025049911664896,0.28499388451718527,0.3172904691083067,0.16629051956658203,0.28938312675799066
cust_497ef643,0.7811565637952318,0.4026057052577424,0.25166755956321607,0.47204223148409347,0.20226350577109675,3156.009499173345,0.14146910626261733,0.40333704905509943,0.1320940194506786,0.1445318237525809,0.15597124493790337
cust_4881e93f,0.7237038115034201,0.14289203220941454,0.12299392543651275,0.2740038221559522,0.2878561218500272,22313.92549589543,0.46961479555153585,0.3867641574832062,0.03858540280230805,0.059663853244336894,0.24146026652515962
cust_e1caf256,0.8747469864385568,0.749409911392553,0.21841881485631018,0.2544538878503666,0.3597544568563672,24321.915322246936,0.5206980902381791,0.5169194586702412,0.206415869341942,0.5332580457182456,0.0385395083742813
cust_841ff564,0.7651399908013278,0.7734523309986842,0.38407116699710964,0.23056767147553542,0.44546116837241967,273964.80147548247,0.266383743692344,0.3573166640763906,0.14098113724761147,0.7127113490131852,0.8645474746678143
cust_a8582b87,0.5852497966012377,0.40406847453005784,0.7799755604846801,0.5248441047652327,0.6190163557757419,5394.85617595064,0.24777541593862,0.752191043480781,0.6926998339740438,0.16361335355450687,0.04058124385566966
cust_034fed07,0.918063643159672,0.6019038647146386,0.3373060661935226,0.6299139715377379,0.5247814084760358,457.696202734615,0.5055674892099643,0.6517279866053617,0.20678681159362103,0.46722248567998476,0.062250448832971816
cust_2ab5d0f7,0.9354604426744103,0.6947499366597291,0.26176772070327176,0.3272943824486747,0.1156254032287627,50481.111551382266,0.49173667575593816,0.4966088748527715,0.19241565471547745,0.3099863957581283,0.6572381682611533
cust_ee4b5c5e,0.647601550007315,0.31486172732805773,0.04318503519309461,0.21038337963249115,0.10591674737844047,24424.943083738803,0.2712942154712639,0.6373459513305226,0.021236942170985745,0.005552484934195886,0.1405139832193529
cust_eea23bdb,0.9236856860572601,0.3566423114373142,0.4992907120155362,0.2516059325675145,0.370244906555916,31062.944713601737,0.08612214296775482,0.27675922310214407,0.09758709553493823,0.10657047007891615,0.1468177849179029
cust_0d776abb,0.4986088283834586,0.43933027056652274,0.6866270391360523,0.4727174646271184,0.3265367545988231,18456.32066442949,0.058539703732812004,0.9483796689458819,0.516870536761827,0.20965063473156217,0.29779399480951874
cust_4806af91,0.8496319728371293,0.6314028901754075,0.11781743255363546,0.03296113751748101,0.20543836000207882,27174.686329515607,0.2633214244820833,0.6569796543814834,0.09755344039995523,0.4780234571108847,0.4024608954709886
cust_114390c4,0.6303261423808909,0.49261266569516865,0.41742111046221986,0.08854353261844942,0.5421739717778098,1716.3332108051989,0.2879725196229409,0.4766992090695801,0.17301022513454503,0.07718942909841882,0.17013346197216292
cust_831a06c7,0.8732137749904901,0.575248109126681,0.3882608338848905,0.5517973495869919,0.4939817594699431,54672.18081322284,0.21438609803008532,0.20960514269865546,0.35026491193685255,0.38074429037753643,0.18822974428830938
cust_6c7b1e7a,0.7639978723989802,0.5128755864751378,0.6012270609612452,0.18254567065300453,0.2622395636411392,1986.309898959554,0.17578483447279458,0.62753268171289,0.34423339461246927,0.00626150240350142,0.17112117346348502
cust_fe7aef10,0.6187995950261096,0.6234805317265955,0.4696000890469054,0.46948675355388914,0.2629150701665396,34257.90384821137,0.5927678510499217,0.7533735240810724,0.31289467892551304,0.2647133416946912,0.036830617855492485
cust_09615f89,0.8655890119601998,0.282136203549061,0.34786382322078985,0.11022852998921669,0.26466184655918173,247221.08850636263,0.23655487153761906,0.48209250049954516,0.26776002778015123,0.1958177829611355,0.7763710728655754
cust_7d315c5f,0.6740209608937395,0.24966825289275535,0.4597772495814012,0.5511954125461351,0.614950941043028,7226.683065054518,0.7365297799771638,0.560599228524308,0.2418295743838864,0.051528608357822574,0.03201555355127806
cust_433d7673,0.6840600443505831,0.7526150026752781,0.18405478212051912,0.17497295752435757,0.16393816957224372,86381.06355977457,0.40742401790692845,0.45198028704524956,0.08848373315889722,0.12042010765835832,0.8165652754929179
cust_f762cf9b,0.846950770859303,0.21212973180227815,0.27203771463368864,0.6513427767469652,0.7631694034623249,214879.98667081518,0.6187493528820804,0.42599163862742784,0.10222304335929913,0.07304179609741529,0.8437479414367103
cust_d3900e74,0.44081070913975684,0.7166316363135458,0.2673854179016054,0.28031483244378286,0.3877790612045253,48170.61966973166,0.33119691204580537,0.3678315397143194,0.11639197574892765,0.19322857934696328,0.25584590907494725
cust_ad96dea2,0.7779439960318109,0.5236564656836403,0.2257346476140521,0.10207142320728915,0.12796388394213998,69953.370017241,0.2667678128119822,0.8540495855301148,0.13081876659680045,0.1544379000792361,0.6323710754482071
cust_7c6e2151,0.6970310904309773,0.3437957781629786,0.17860623830774164,0.25709735154724267,0.19306987672249717,27853.946091974165,0.1837644122690361,0.16163526266265904,0.14967605761033728,0.032365742744501165,0.14313885158173448
cust_ee9f11e8,0.6984808983537413,0.4326237505827057,0.5863817525219992,0.26877921655582593,0.2863704038496611,2630.331713196717,0.27514130233607503,0.46914566160850024,0.40472963796780614,0.363884228370328,0.14897626332093147
cust_0541857a,0.6859799255074603,0.487930460253938,0.25038359336673455,0.09934097620177393,0.24131428338113678,40868.02401274845,0.2886400362238669,0.7424391914835436,0.22718923671403174,0.4005560476241158,0.14816442556129128
cust_6752d701,0.9704780906918952,0.6498782553378036,0.8040799515438516,0.19051578254679882,0.3482649153419518,182399.26080251447,0.5733240438563798,0.4699577869649151,0.4005182503607564,0.36862500306771045,0.5506563367957353
cust_f545e085,0.7775703326042573,0.4173279114293247,0.17456157134305392,0.24173525310184496,0.061767599542800505,10542.689097908455,0.610530816536439,0.14771010068050036,0.14680681605762072,0.11110792457524296,0.04125819579161999
cust_3713b603,0.6146129724424012,0.6375471595396522,0.035364337983540994,0.022705464781539876,0.17538814390148127,41658.06926814937,0.12494958454728573,0.5937589928382442,0.018966144645593746,0.11286385834090053,0.4558180950152402
cust_0bef6d01,0.39140881779188486,0.17100922494770746,0.16864329744595596,0.13717672634642256,0.34352424422927036,55211.69962963181,0.15870957450409198,0.46190639998210553,0.06790862858380012,0.09217824843084046,0.3737972604875838
cust_c725f579,0.6479870644497755,0.21168542841443044,0.3313247876378958,0.21129992987084814,0.36012066788620994,7400.025238760044,0.31586312200345457,0.35701190156960966,0.04447313020524975,0.20043100381099233,0.24824705126291996
cust_b7b2b9f9,0.8353013326823914,0.5241005345446559,0.05798643366623989,0.17630836746037595,0.2945149563706459,250989.38341231408,0.3276902718774009,0.6781485476933226,0.039005540352739315,0.28884965663309264,0.8921819861195844
cust_3efbafd5,0.8812628189914555,0.5667873455336444,0.42698849130909156,0.41950371094787436,0.2935686128969204,26046.904856480498,0.4653360780605357,0.5451660491742534,0.3591226917521993,0.2456887392888497,0.08762682131270554
cust_08d08a61,0.5993518231143539,0.546346350712488,0.6697689705678088,0.14968871888890686,0.3226508685903235,8753.597135839816,0.29326417615505757,0.6952828537159366,0.4214428034236759,0.021210761443971944,0.02371370214077542
cust_af4a70c9,0.7975527907864217,0.16697740504662179,0.2755911596278083,0.17710137812854873,0.47181149588027,7036.1643504429885,0.1617510080090913,0.8221044868393326,0.07200577831123509,0.09295894135421312,0.22677650516653755
cust_d4cd48f9,0.8938911140867445,0.32736638704425136,0.43492320986399025,0.07940145377456552,0.5137741489156178,155596.8505338367,0.19518236234678493,0.5747878871812698,0.25931070452111665,0.19943978786973268,0.7318579920021208
cust_c3635917,0.71475345327224,0.5982195995762736,0.29470223778681326,0.13934997895569792,0.35962716327065675,18296.322393362014,0.5325626982762479,0.4233338907486512,0.2136461337157886,0.10180561204831555,0.07873483693241297
cust_f421c7c0,0.8551069072538606,0.3309336484801234,0.8276153776746926,0.27862013956510356,0.22594193368521012,3330.288800918775,0.05698672982679821,0.13578120076346598,0.4276683977701844,0.18075257836639486,0.5010843380958012
cust_bb4e2e8e,0.7704747399617914,0.6446365360033426,0.7121426365067502,0.333444072384008,0.1718380341888504,13158.00889671874,0.282596013903608,0.25802263118603463,0.5768503226410427,0.315557100409385,0.34244305619639676
cust_09eb6a90,0.7309821610446587,0.8398450181739163,0.18568666282227098,0.22347784142548877,0.4245120908521681,191402.14138373884,0.569419030676206,0.4606322763059796,0.07644297546649224,0.33359553257084107,0.46630961415717254
cust_fbd59f02,0.8934343339392145,0.4742617053142078,0.749095957317191,0.40996774406875164,0.10122805844392967,14158.159409194115,0.24140798404714967,0.785835527397544,0.6262667875172983,0.2038234154569061,0.1717954684937968
cust_79732c7f,0.7893536127693727,0.7551567169395391,0.09903688142654922,0.4901390991100014,0.48502196077157794,5673.3462514377,0.6130455828794725,0.5218259545208552,0.06821010898485431,0.5957410602287339,0.028093029769229047
cust_dc48499e,0.8348140026191505,0.4056017603395642,0.37715939236353524,0.2831813783196018,0.5183300480234634,4919.5861784053,0.4220781781852662,0.6837046755533761,0.29411498126888386,0.15301684435257762,0.17572121117206838
cust_25a55bcb,0.5196811673248397,0.5208338413756411,0.4761753553023048,0.13276206580845523,0.5652946540169008,47139.002228718964,0.5690873507392767,0.2863877982112749,0.12062876192814898,0.40846955499574067,0.16424502684462175
cust_2f4e1898,0.7128994138217624,0.47065877245905763,0.3136540465147082,0.0959069517299311,0.41019537833192665,1946.2677032260158,0.3415301631326233,0.5955965811565609,0.16658089675613724,0.10005898596210214,0.2526216727121987
