id,latent_payment_reliability,latent_liquidity,latent_digital_engagement,latent_price_sensitivity,latent_urgency,latent_customer_value,latent_retry_responsiveness,latent_delayed_retry_responsiveness,latent_message_responsiveness,latent_alternate_method_responsiveness,latent_human_escalation_responsiveness
cust_13ee55ed,0.5361407877880318,0.7032930079412346,0.20920615675855278,0.277672644165057,0.47293351137996065,2588.9223185257533,0.5043230447061995,0.1509566920393459,0.06483848755800782,0.5905244755608231,0.038072008014797445
cust_c7a1e382,0.8623240931234336,0.7327566933371752,0.464382519648757,0.23192171159807784,0.03728136433659311,98321.57743619659,0.2729024359468106,0.15057783713063955,0.2737951603546235,0.09652468253037275,0.5740528266085775
cust_50e6c10c,0.9861369162757927,0.5432739334057876,0.5363364179616407,0.6084235618533852,0.5503639346476332,18512.77676058538,0.030707219457935683,0.6488320269630988,0.19458010527986042,0.06533871922044533,0.21584095603360134
cust_126bc1d5,0.7229386121723044,0.5100446351975825,0.11987182345213179,0.18798208493088253,0.49520597310450043,129035.47130141161,0.2678229559365103,0.5872204087552068,0.05438361674027901,0.1476649859548109,0.6922226828214738
cust_67c81303,0.8460625818478278,0.406604976981137,0.22009547396769225,0.3800255240863723,0.1667087682515643,5849.492162736475,0.2922672358364884,0.28670558653574196,0.14666494684733836,0.3359922385544503,0.2916101854291618
cust_52d7e155,0.8120441659154876,0.2563842235831483,0.046650619281833096,0.36544850000213225,0.43232763837630767,2802.4987568929732,0.37788055232739415,0.4846541777251403,0.02720430448758006,0.16335619043200927,0.1845534085278142
cust_8d44c3db,0.6799003864131329,0.33556370822336845,0.2176449284860581,0.08302468938269407,0.17114021903051957,78041.32531340785,0.5912085394476311,0.3761591850057649,0.1275479421642341,0.2669435326107736,0.7723696760465617
cust_8fb5a521,0.8318798060781808,0.5604654969684495,0.6407876333414473,0.08504756832931908,0.23480746283295528,62993.98262222106,0.07942535700112043,0.4077281063898691,0.1661123892266402,0.2040825416121706,0.6575903223697466
cust_7f158e4d,0.8209241591498394,0.5906608435371277,0.19682331379822507,0.08905212156212243,0.23931547712708245,73031.74694635077,0.30217418672807844,0.9104407206556042,0.04546806124808073,0.26997177588198384,0.31062943931618914
cust_1abc6eb1,0.6991705467566676,0.634418746627727,0.5615230149637541,0.3712020841656611,0.014646712760903468,230799.1617564471,0.21444518931439724,0.5930243128301366,0.5052696350334867,0.16588596644498857,0.8083937192730484
cust_846f9476,0.6220745338436381,0.8862598674566192,0.3041115364366712,0.28443470278778993,0.49167118508722407,145405.22337956203,0.11069744281404645,0.5073141152338442,0.2384110978789788,0.2797069275043486,0.7338554258671282
cust_ecc08671,0.7684782308491629,0.47357504462435496,0.17321751781819525,0.29948100526649807,0.47293894975860534,4349.707815592088,0.25457187449886876,0.6924032642281613,0.040477937419737715,0.35465778547312304,0.02105768725080273
cust_10ca9e40,0.639694559407635,0.5795273413099772,0.2481135442286698,0.09891779309868202,0.529110659147493,9771.799892926794,0.5649246028319602,0.5940185697878252,0.22838065614336767,0.15250648489222546,0.11949212031469157
cust_e84a2d4d,0.8938081236833884,0.321155374246608,0.14234324263688933,0.19732649671815725,0.3173589158015941,21499.870602387487,0.09336567265849667,0.6303988259640699,0.08141413133605625,0.09546201583823533,0.060038447028444936
cust_c6e5c860,0.7346108668323295,0.8152657413953696,0.05532475212239747,0.38501714630197875,0.5814155395191136,31387.462114944614,0.4435501714571181,0.4988429603733361,0.022381768851563583,0.4534203335490231,0.010076576913844962
cust_138016c5,0.6862012052751716,0.5682736678717674,0.4348265207752834,0.3232259487828471,0.14658721337781055,590728.0902712359,0.4147754558890565,0.3961222223121681,0.32191046981366495,0.15246899707053652,0.7535692536528645
cust_983ac764,0.9200458924753812,0.6063893952062445,0.2745449455154981,0.5880888632570785,0.009685008730229127,38092.488786650734,0.4542385044526714,0.7672922262475455,0.24778007023476828,0.44369341397927853,0.04438490613596041
cust_83c9b465,0.5964520678085996,0.5106718720888161,0.29669001230429687,0.3860703069470394,0.22782674143306664,202667.30587538253,0.4816058715705435,0.39887004358745254,0.18156764328826497,0.16283736507115365,0.9838548283911324
cust_e8caa89e,0.7184266003948911,0.6428084924164802,0.41815867021110414,0.6064753972752488,0.15340073402534282,3215.539967265175,0.24374649502574236,0.6951823557971818,0.31876105365714547,0.34633983041484856,0.08397255379477016
cust_7cc68222,0.7441508898880583,0.5589743288402353,0.0938088011305312,0.19458005571248718,0.5665436924419209,488335.96496651217,0.6835454040314922,0.4567547130367015,0.05556032663539546,0.44608799024417894,0.6345585904452318
cust_cc302634,0.7403287456383015,0.5171230661598507,0.2665917719150782,0.1347492091185119,0.25109480198075323,3779.7389598725163,0.3809550992539064,0.41657127487532775,0.05566790463043806,0.24062873573106758,0.20551167452096392
cust_3082e5ff,0.5051070750084472,0.5076488893678986,0.5880225549503674,0.3964959288374275,0.8011157800397651,14475.19290024714,0.003319922616063024,0.4552930476802582,0.5520525160905766,0.45784317791529106,0.2458849256981126
cust_5afe5707,0.7340458546975082,0.5144915589711643,0.4267923085396794,0.43105975200733776,0.15317847574794316,12759.276921591494,0.4972042582628749,0.22032213900767353,0.2677994434110096,0.22457699099382383,0.06897474340378991
cust_a6e91c17,0.8159088664011114,0.7202984971706432,0.3686122374216173,0.3452684788554327,0.01605550495697266,5342.947692833088,0.1410303001761971,0.5739697384483666,0.17121712995184474,0.07040732036525435,0.021427178713488076
cust_723bb899,0.7106580346853681,0.6742391239955088,0.5315530375825233,0.4546816546770229,0.1173191692798344,17796.512861084007,0.3074409307225857,0.33458203330648184,0.3610330579244126,0.6022932373450235,0.2231427541775569
cust_8dff307b,0.7405886933761874,0.837225362023864,0.04423881382134025,0.0689142336246653,0.5317888221489034,30731.974148169924,0.25960859464806296,0.6934047976701696,0.020590400109064863,0.3795707088084706,0.1331043619265052
cust_ab856b03,0.7473303003105404,0.2791801246862372,0.2269968936978246,0.0791667251884865,0.3314651163238219,3069.6006039514004,0.18879751202053222,0.7201554553249127,0.1426339059197354,0.11417014385882789,0.11915892030659561
cust_60d9f7e8,0.5818445187940021,0.5800348321969545,0.21646939694879383,0.5358727485707212,0.048799063734483686,58150.26699883942,0.13174959207820217,0.285218479151265,0.15480452746957876,0.33209701724709473,0.9127988474139002
cust_b6ddb769,0.9573750867963798,0.24144864333559082,0.4492324285924122,0.19835638651967066,0.4478696372347283,32978.41237136956,0.2771113068558205,0.4052986021950616,0.37990962985936017,0.20102623141488735,0.28133314639503015
cust_4f512ab5,0.8983829291818851,0.2090278122995811,0.6175672160730772,0.3764688872061785,0.41799417421244217,39550.78480018578,0.23929328958553525,0.3625068984087943,0.3381490905881284,0.1363871096966352,0.15963151303494716
cust_84cc98f7,0.9000075569853275,0.8039986849436879,0.5446112836229684,0.5494319927876713,0.5073266236436265,13248.776663402605,0.27961396171524616,0.20958630840352843,0.41237711831328594,0.34345865252147195,0.20692387076575647
cust_f87a6c9c,0.7986227258615279,0.425212155914857,0.40904217767522777,0.39531445143977173,0.16401090433086382,2521.165502559107,0.10100953056453923,0.6349178438040404,0.30044534597780204,0.20315794029459874,0.22571687988242015
cust_e898e41a,0.45412564812408523,0.5357621107995996,0.7503040014515255,0.2784408959679925,0.5302113334449672,20676.80128532474,0.4909672050907274,0.7422126364888293,0.2834041266063825,0.4046679422399547,0.0571544340145491
cust_b21f7271,0.8695656423632281,0.34675376189848955,0.21597730135869672,0.290952839969633,0.0682805799042897,12529.028384406281,0.621256055359844,0.44126104357697643,0.12281899500402944,0.11102485274146653,0.01138607282950554
cust_ccc27fa5,0.852791054177988,0.5601426897368166,0.7375883258058782,0.2481250882689073,0.4937106759286915,50141.87339485174,0.05797177940464385,0.529357647425128,0.3877493522854308,0.04250858372625663,0.6074289184938374
cust_3edbb6b0,0.7896651118248146,0.3443588079443674,0.5079605867725253,0.3026445210414225,0.4774970834370071,273223.3888998925,0.6421697071281344,0.550312266816702,0.3568397786414122,0.26852232062067394,0.9307223415786002
cust_3275ecd5,0.6717159273069995,0.3504446851030982,0.7282293860376485,0.08212997717032769,0.5447045553994044,167401.85317214386,0.19167182555213966,0.7542281573000299,0.5763371433598262,0.20752432410860377,0.3144813503962824
cust_7e4589be,0.9300487650049081,0.24497826394220776,0.21756361854922956,0.36077984797631735,0.4648394797073212,3869.8093565082536,0.40701770178983043,0.49954881586148336,0.1270658107354843,0.08147702422090768,0.3643792120515377
cust_a8c90fb3,0.5936872294855895,0.3455897997145851,0.3379406250562519,0.1911886633837271,0.13683421939541038,207448.9193910426,0.4839201073737771,0.3541430512275148,0.2959821939945092,0.28311404648061983,0.6974710387033218
cust_4d9148bd,0.6452209454982287,0.42132765177344567,0.2400376274004539,0.2318301556753256,0.08235938469393862,6213.321877724691,0.2775969021151962,0.3427905363567117,0.21861037113675763,0.14409408987340888,0.18533958145486526
cust_1b48a357,0.8438139089840042,0.29565370349803655,0.47924815056151476,0.14894091472257498,0.4130082057601514,5474.488720579087,0.22871736727342046,0.4910352020746192,0.27732756709021594,0.21293650058752386,0.16030729221954737
cust_6e5cd44e,0.8465439775875031,0.6407042536477808,0.3631154859620123,0.1545533936078751,0.3392345471481261,17920.480358613466,0.501960357073694,0.3408522109696348,0.13294640118145765,0.09573200000118201,0.13934910440508766
cust_2b923b17,0.6476161024970195,0.6479368633466537,0.15819869236919853,0.1795801813159373,0.5663046040084926,1164.4255521782618,0.3898709106266233,0.08948888090474262,0.033840006456346335,0.22599888396894016,0.17522966926198308
cust_49664894,0.5981854598515122,0.1944827773151105,0.21012877596064722,0.3108044827528846,0.5368897574052253,87626.85501356653,0.4315644097590583,0.5960063488282018,0.1857505817906055,0.06811598202136501,0.39113715412229694
cust_6f062299,0.3305982662128886,0.9567009338121334,0.23352755966530414,0.2819056120527658,0.15697572320022554,19187.671550596096,0.5706569562739939,0.521373058831018,0.0716861217364358,0.48485525688671777,0.054833564206548106
cust_2d599ef6,0.7455903773537857,0.4172273149195362,0.3011757663559059,0.01258256231941252,0.1699430373076555,45684.642036035424,0.21536659067590574,0.4050080375106989,0.24520375365396824,0.37544038545905156,0.09040573551881467
cust_065620bc,0.7006471685156439,0.8055395277610847,0.46458645394440373,0.21658587279291552,0.04166792680855707,3607.363055996915,0.8045372716008606,0.6270916905621413,0.29994053788655034,0.6872166490997456,0.11569163651772096
cust_a8557bd0,0.42369637617328626,0.7757315921861854,0.727555665082727,0.29162176201501516,0.19969711586504263,26554.855593846205,0.4594362079046772,0.5204737434097164,0.5230311220347958,0.33509847293016454,0.22289533259253086
cust_75220adc,0.8816137237444795,0.5752938803066162,0.16076985685005135,0.5273306617558514,0.28964876788537214,33901.421593982624,0.5994125096097618,0.5949777480588626,0.1338979982962258,0.19827436380433722,0.12063103937562084
cust_b458f918,0.7106707397893303,0.6782601046335696,0.33971171748941414,0.5588267988550666,0.14321064568759417,6608.131626055832,0.12635204852251972,0.6888516908395025,0.26327374170717643,0.471956598070171,0.08814954992720941
cust_8b914917,0.8012651685583932,0.5153789775711619,0.5862370254027305,0.43531904240108293,0.06853944633620346,5509.814322463263,0.3834094556995059,0.6386628773900164,0.20239330210861128,0.370395282875668,0.09287961684229953
cust_4728c031,0.4827266473954049,0.22419880462964203,0.4828908257003191,0.2908121971145569,0.3229579364418297,7881.072078697084,0.42150669829358156,0.4350981492153378,0.361061170505685,0.05491671850697112,0.0006388270378002411
cust_58b72b9d,0.7310275843344283,0.3647106111706046,0.8240978573539469,0.7772905824994117,0.3832210136368524,9915.518629836677,0.2929059254148415,0.7423183785196487,0.5507724507861714,0.2131898156303776,0.350047943197448
cust_1e2a9884,0.9599026792781916,0.14092388575039055,0.5605973018284607,0.30463171424645535,0.46121250175675754,25421.552062604307,0.31977729817568756,0.3886015184078381,0.2882062171412873,0.059029936310547766,0.07733642262902525
cust_245a9d94,0.9377061171378271,0.458933416922937,0.32539884172300676,0.21957621045190084,0.323997187552259,47023.21854561113,0.17827960871316262,0.445526431795959,0.283463709169982,0.15521419378104473,0.13751112220497413
cust_3cf36ed2,0.5200773384557181,0.4361324835888661,0.4500068736718699,0.39866708685031954,0.1093707685765687,44485.612539550224,0.6095951987939838,0.4332732058312047,0.35301442942990807,0.33802920636135153,0.07759605832289615
cust_9daa477d,0.8322948610550663,0.8687140992867926,0.3839366992950285,0.104593802758143,0.37495344690973215,76544.46752267411,0.05990784451801893,0.6358726501657874,0.2778048778393367,0.41183495882494264,0.44581833829762446
cust_47f9f8c2,0.9204506322545386,0.17463140073608377,0.47842134537197356,0.05940747756061887,0.4832761026379821,77137.74125872055,0.5316544398284268,0.368394030380711,0.2726540793236629,0.024821079368923457,0.548615007396646
cust_9514abc2,0.5250128862323833,0.5564808587034517,0.469976405493755,0.21989204385947228,0.07650397730214334,10006.811491729855,0.1827191576975939,0.8045288783337086,0.102650910349169,0.18607469071547278,0.11763601063938739
cust_9dd0f015,0.5502430279679531,0.2821759209146778,0.4306233546729679,0.44653072516435854,0.5852672394098896,4125.739528898944,0.37229110768703894,0.585547613646653,0.12034565742927258,0.1629174760480418,0.030936686586037224
cust_f26baaac,0.7213746899994635,0.3836187497501708,0.02519213795125977,0.29859815020255515,0.35242699600113825,4423.012144954882,0.3158813988251327,0.7162251159544604,0.020506951597234004,0.06333196197784335,0.45761522437888025
cust_5653ef0d,0.843987733230605,0.5625960908197252,0.7849130714155478,0.12585531293947813,0.5334361070627631,5795.458486181566,0.2944524028750005,0.4821171597172326,0.5988524588167984,0.5013850579461888,0.005023734717569123
cust_e7a962d3,0.8287174455547255,0.44958916982028996,0.8095516216160878,0.5717817688732537,0.29067762014015214,3600.76505417977,0.3775633526866681,0.45754379191640177,0.33332420718271916,0.3584811560203547,0.015545282717577057
cust_352e67b7,0.8844238031401147,0.4830638181257817,0.14595618324336668,0.16713932003697798,0.5359007395604057,3968.867499383707,0.133387086348998,0.6623330050648321,0.06622535822292185,0.42570117958083814,0.027215582106923267
cust_75c39232,0.8120026738210534,0.6990077685174485,0.6455919868866475,0.33827113487096977,0.2614539239408718,13257.690493486001,0.21880245805691273,0.2967927158853477,0.18947165246306982,0.6416881555790825,0.44433960325271665
cust_4772ee3e,0.7983819001647926,0.8706548348902209,0.3394928378039029,0.14273587226448653,0.5636938000779661,4076.7302168774845,0.5264762964828933,0.3379869920299047,0.17566235167564542,0.5940218879528899,0.16427029612310268
cust_7faac38d,0.8863741251820081,0.37131242889141175,0.21815026282582758,0.10313150696855847,0.06702560973780038,8928.214402963062,0.27446067053926093,0.39901556627107226,0.16059095960839515,0.06509515130895954,0.2498787628915239
cust_eb004987,0.6617428151807752,0.4115842421019243,0.15110840814799673,0.11678624281475691,0.2103531084775278,7788.215298615323,0.3622459924036371,0.8047444468414238,0.08686534769052334,0.31786456949611275,0.04302606334356852
cust_7ba9abe1,0.5773662878674293,0.899048703792496,0.6334280579969864,0.33145894234952306,0.258682149419128,16915.484867882118,0.5693046483821708,0.3523709451095733,0.5655613179076968,0.45392876793175335,0.1916441874154505
cust_aa0eb82d,0.7852480958557778,0.825686716609098,0.5199977337605874,0.48123684288945906,0.24587081019138599,10509.839443182123,0.21292219854615246,0.766132986390346,0.2072204175446685,0.3752511611770508,0.2218820731319529
cust_1a05e710,0.933011406912112,0.6819766852054037,0.11758230576270116,0.3659731328791134,0.4704172712456358,229850.03737251912,0.31001324519893086,0.7629805526947161,0.03645616071012671,0.3840081648266947,0.8550292181794781
cust_152d5eb0,0.6287830689174394,0.652496441790298,0.42159653676757247,0.5007660037304121,0.39699983085000246,91876.20765375077,0.35856635111966323,0.45600834722067607,0.39739337860490886,0.3276722580333179,0.3846574716070344
cust_a4eca1d3,0.5028460767742164,0.485378994106751,0.35330910690732986,0.40159472745712826,0.699660604718424,13829.383411357494,0.689317511416228,0.3815577685812953,0.17171293932679624,0.3827545161715387,0.12782456366961065
cust_9a00e6c5,0.5828900355594426,0.6540269114838333,0.22387022983968813,0.2982074362459582,0.4867223508209676,16163.873711868608,0.40794648792124016,0.6785746403543842,0.1634893247578609,0.31077172350007226,0.1635313578751092
cust_f806d7b7,0.6912727084247898,0.4322764666130639,0.5557284985708302,0.21286281957446632,0.46658542200597825,139646.53431491635,0.3483679756806327,0.6102807265048383,0.49342787058540244,0.19853526376478084,0.7737164182122792
cust_09333849,0.887557174319845,0.3154090681608563,0.39568312618131163,0.2773815273259221,0.33455860898306733,3596.489412548234,0.27534594973827287,0.2707980295103191,0.19904172741657805,0.09360203387882975,0.08150370031752988
cust_32320afc,0.7215113541375073,0.5663354176282799,0.46033645319061334,0.08273322433550985,0.4943737732262505,80072.10388405505,0.13785261409547492,0.3122079568421811,0.3579512755107086,0.027032942863132722,0.8847167382599409
cust_5364c397,0.7754873134859962,0.7442092033999076,0.5763398588818305,0.23086449162330944,0.09227595630608233,51989.601561320706,0.32072160753748064,0.5804250569629321,0.3750533754198178,0.05990129669626313,0.43779340282354545
cust_27767779,0.9880830726351856,0.4994245275051366,0.4346077922995215,0.5045193211827858,0.4825178040804836,38889.32439952359,0.2090052521216634,0.19556881575781027,0.35000618595490635,0.22076680660767192,0.09595181173347124
cust_c75017dd,0.7827264487008627,0.5701078825876201,0.5743302099729454,0.06376464736298278,0.24031847346304003,12071.87410821437,0.2859071286441744,0.39286975256258355,0.3746034473703195,0.258740319348977,0.11853571100649392
cust_50650fa7,0.5789014874211865,0.35799279348113516,0.5174159140685409,0.059119809726378335,0.5080505834827623,471009.3232722143,0.3360670836872929,0.6334576192943563,0.48058954635408163,0.03778533990297038,0.393463972325408
cust_71e656a0,0.6035611213382229,0.7772480751420939,0.3716503306593354,0.37506404844406355,0.25043955640265503,20852.966720238306,0.23416139241893236,0.44144974481543314,0.12976863942019176,0.10759164206383341,0.08959500683498875
cust_85ff6758,0.6162531699408906,0.5381039747343446,0.30970750232326,0.37918824699669385,0.4310011549951187,30455.99017309428,0.2545320726905145,0.5692306991916033,0.14076490410700188,0.15390717965174344,0.03755040684788352
cust_618685de,0.4737079487853328,0.4750515961394134,0.7772523978006586,0.5122562557417076,0.43599210948581163,16115.647994764206,0.1147158673792946,0.4790646919268973,0.4174953618390105,0.17868287825350415,0.2777694853971698
cust_0efb712f,0.7119461378934063,0.807841843101086,0.4052463746512655,0.11692530022305848,0.1487859525143598,46171.79897881722,0.3717963330239713,0.8184634353734174,0.35792977035445855,0.2450140480345369,0.23406681297364493
cust_37b6f044,0.7643324832923795,0.29178312160413583,0.1784987385916717,0.22548809773433784,0.07525467358540075,47704.164393152554,0.22872125585629083,0.502208278386528,0.10397742141590981,0.1486828482101126,0.482553165538748
cust_cd592703,0.6572256997031024,0.5414981149029866,0.17354968728836065,0.12865856160105896,0.10218239576362834,231361.3971198994,0.24304472756111756,0.4937816338975712,0.08004894940435663,0.27514940602070104,0.7441380303787527
cust_486454e4,0.7583853814269531,0.6200629107219422,0.5463265173182308,0.24369122368703802,0.035376462730673824,21846.147088222522,0.3730318710909986,0.3893351567691643,0.46355680301723795,0.23244661840341244,0.16607756911560764
cust_73db636e,0.8438805407930565,0.5212509683727778,0.3782193459532282,0.07168845418211495,0.2965822853353398,42862.80812510408,0.17783581817134775,0.48901978862453055,0.1563992100142899,0.47057649697894716,0.024194458606844407
cust_e7c4b5eb,0.914329501056511,0.4472171097937838,0.34466631667923614,0.25999118026067747,0.31103794874360813,26564.28068327997,0.03233337083299687,0.5331528448586164,0.1936014586600645,0.19470596933635728,0.12234931751508146
cust_5227eff4,0.8517416835409418,0.6302145559373369,0.4016601598577735,0.040893786815485555,0.10975005418362316,21727.733675966796,0.08238295744965986,0.6627604105533675,0.17446180883143136,0.15511578851392865,0.15992706186588063
cust_fc46b65f,0.6416262433172877,0.5475362233531439,0.267324428122956,0.28022782622447767,0.6534280367527698,8994.212474499016,0.1792547296569956,0.4837821790268777,0.1697231121496263,0.3235968379225582,0.10047474282279459
cust_14dc5ad8,0.6848098330071244,0.8749418746439263,0.2944923973018807,0.46094336515457174,0.23631251804997114,19643.839256642932,0.5105505947792872,0.5432369931820985,0.19927079591356944,0.3988258836490195,0.17831462299986256
cust_be5378da,0.870975667578662,0.6531229332573472,0.33669214725033847,0.11018432183424827,0.5387155958666869,72942.40951336839,0.2782944846017884,0.5911253332450622,0.1969616701828095,0.22077507349110886,0.7091621494746456
cust_4713babd,0.7709288123475289,0.7735349667281253,0.0811644707814737,0.33638973102190195,0.1819778972951594,35066.04733659884,0.22478759865025322,0.4835539032754266,0.03462899356658759,0.4424176711515181,0.052079967952717125
cust_204c58d2,0.7939142499818057,0.651154028999101,0.16048485435611445,0.27364290254958845,0.38604985296535593,12383.986647301968,0.4900915977172284,0.3950038849643955,0.1461974372657435,0.47399428215512784,0.030028074292647908
cust_92ddefa2,0.6266716112272631,0.7353366234811686,0.6542104194137867,0.2575958715838415,0.19938974934330195,9963.879271198532,0.17859586260303925,0.4639263377847116,0.48544666720906876,0.41818801498612584,0.46245066220117315
cust_b33d76a5,0.6422608813374759,0.3478319886239603,0.15402152104397943,0.4665746610910703,0.36271760604290143,60426.80813366186,0.042003679758581665,0.28785438370831656,0.03044692526761324,0.28316478896601033,0.747940052532126
cust_12c94155,0.8240284446793714,0.6438939585423209,0.3781999645409492,0.19402318720704828,0.43587657362776766,49302.156106171795,0.08768008752920324,0.6167391085750104,0.13442652494307855,0.5823592727354349,0.3906525475610739
cust_15e0ee9c,0.34642820239444233,0.7245014159337707,0.3858219355350288,0.22798927832944263,0.65108208401374,12905.18465694909,0.14667071288631367,0.5355058392038897,0.23803991461083543,0.6034339505283264,0.11992097895092836
cust_9db10748,0.7351855507562459,0.45566230075340997,0.4368343315939517,0.3350489442480576,0.5039306854041864,14027.214715908021,0.0740809604163521,0.30536749292926213,0.39079119781573696,0.12920198631307292,0.43324263951343917
cust_1d6bdfeb,0.7643774616271725,0.6564779863262835,0.11205689120151763,0.4218049848378667,0.20060685316030732,116993.7437016969,0.5627518200609227,0.9059521283445197,0.06512922590890188,0.21946248500814824,0.7678825615259867
cust_6d993f58,0.8204829409453953,0.3205383116975871,0.3355311389443137,0.14283293043964712,0.5529724491872482,17122.377238622266,0.26568590651442925,0.5857838670530388,0.2868725010632956,0.21832285610244856,0.08993089397896123
cust_217aacc3,0.2940568141918211,0.7150901867269055,0.2777084886811238,0.24004781407234468,0.13865340827059,6498.4596840663335,0.05082660490289191,0.190701242499176,0.07400970587035287,0.5987456977436317,0.04232195191879039
cust_1bf6a5cf,0.932787317229445,0.47894992383312,0.3216277764154619,0.025233090304336483,0.3624407183448976,1548.0448407579752,0.26464308338629255,0.4189323583481282,0.09623815187178669,0.2357461013379525,0.06936803569663685
cust_d42cd331,0.7498751097747913,0.5359611106088384,0.2285375159379048,0.2836782597825274,0.6634611703201715,29901.213749994175,0.20251489031820266,0.28827504496810985,0.16028129968062116,0.39215318173460406,0.18897544362716212
cust_43547df4,0.8998506398569218,0.5412627684402164,0.18021226370749419,0.03796416371442603,0.6330216528227911,29962.090101796795,0.12429548708378091,0.5357402245512752,0.06891055366542752,0.17545881690298568,0.16445687297806888
cust_1e023def,0.6453671092901303,0.6165563226218522,0.3146914998181454,0.09618781388158666,0.2234153844769413,9171.657398594063,0.4226633045444184,0.5987201237357243,0.0752957242058669,0.4434805540090452,0.02292143845121514
cust_16d5445d,0.9387284374587641,0.35004865578000893,0.5274023125083824,0.12646340218024835,0.20277668102628052,198208.29296302792,0.5515703050075245,0.47605369432730854,0.36637417204166456,0.2667916509391786,0.6926703852388895
cust_e491896e,0.8586482624656822,0.7215009518751088,0.20188332419789132,0.17739255452417507,0.04922282349346798,1811.1898094343512,0.6417635553652593,0.19835923942875763,0.1551413504920818,0.2515997961054458,0.13671688927543413
cust_55d4acd3,0.6445451911167429,0.4389253099358539,0.24426821062988222,0.21267519110018943,0.2431497637075561,3509.747603585231,0.6628288854581899,0.46605244827960945,0.1069374396678077,0.07894931932061838,0.1536223491250655
cust_4bdaa4d1,0.39345703245888985,0.22218818862637738,0.30356041127548367,0.308566684894616,0.16136962103139296,10740.709063242597,0.3106191435689434,0.29324482887624675,0.1528293280728266,0.12199414055663328,0.04800688745091969
cust_ef244374,0.7730881398772028,0.5431450659435348,0.39070165149048974,0.37275573586109967,0.2842853397313081,123329.14412450547,0.32133191115738075,0.2598837884133227,0.3599304760548518,0.236642456780569,0.849766343290611
cust_dadfdbd3,0.8275097604510666,0.576443314238504,0.364286795162923,0.1913480515997418,0.11389766131597946,3598.3757137354323,0.4637390407645758,0.585333627966025,0.28872590594785225,0.15358254965709944,0.03053184496928489
cust_ec71e98f,0.6968086480157766,0.5614193995225503,0.38634778293300726,0.2284784993953062,0.06895181197190434,18072.08109727007,0.24972187199364038,0.36547664913552386,0.36813439623975325,0.0964525571525164,0.11441789466484519
cust_d0091e18,0.5324138864132043,0.5922338198649602,0.4225905530781852,0.511007497025735,0.1423509145717085,9412.317114566542,0.5603107957011657,0.5241685679899324,0.17986805122811192,0.5469157283311055,0.08050426281494558
cust_73cfb679,0.80526836636041,0.6126191948089571,0.16741244874484706,0.09240004157617225,0.16726028268034904,8306.076511760097,0.6658262406327674,0.5003749626772578,0.12538293666182523,0.295889382697799,0.09472533180185379
cust_0fad476b,0.8502705636568445,0.8459215489982348,0.49905794885788707,0.28509934273880844,0.4395797342333946,10386.736050573481,0.622903008635785,0.5576344229201505,0.3447182449634106,0.3594772671544437,0.11922059496092431
cust_cbc7d791,0.547655233633619,0.550916563111026,0.3097390670771549,0.26627798456433877,0.08978973204831424,32431.042579145265,0.5120886053606992,0.8421662159045448,0.23210280650143053,0.14799531308878489,0.14946935493799304
cust_eb0f7acb,0.8225901477115684,0.5336475696755264,0.20879689608464663,0.5221816232463522,0.19982817136954464,22590.59638438349,0.4076785224782235,0.21104285293539504,0.0986883809589806,0.04256038132428809,0.028938168419106666
cust_a846e51a,0.36078930658184555,0.5934969739288147,0.32316113021359444,0.42136419819851667,0.12122329779946195,62364.637209772234,0.2476389444195425,0.9049029193021253,0.05774676145302,0.38563949103795325,0.6344951748699578
cust_4b122d32,0.6561867605451747,0.6301529768714645,0.354588585551082,0.4148205257536215,0.46788338664606816,2859.7748347353477,0.2746501385973113,0.44107065558598796,0.11209822616356152,0.32941969802476356,0.4298645012983908
cust_4e40e7a8,0.6369859317140273,0.4077952142952383,0.287539829006204,0.2172001403455526,0.09604927786426154,4656.480364739848,0.09328523643570182,0.6189349661259436,0.2083141532947037,0.25290992487042757,0.09188960358628431
cust_a5d5f5c2,0.4472568215644759,0.42850677250191244,0.46120038113537004,0.41695222210351685,0.26736588579949055,184720.14926264732,0.3942054798822241,0.4314002049345318,0.4169319649641008,0.2508980588317749,0.6507084041678663
cust_dd938922,0.7473473563510126,0.7616745669612311,0.2800735498682194,0.09234680648883238,0.4273777579025186,45180.930415084236,0.6500966387369472,0.5675797302463498,0.11901691536193143,0.5651859498032864,0.483770463250174
cust_939b1afa,0.48287812646076805,0.15592783115524325,0.8469206525508942,0.39114747261756816,0.37068034204642225,3748.749843106928,0.20945708841621122,0.3195689597486302,0.2725262130469435,0.10694865903144551,0.38272446434534707
cust_2528db1d,0.7428259138615332,0.2801313464109024,0.16071636250136923,0.1181095201949504,0.6490614808166342,9054.362701910368,0.779011030579996,0.14147031983419567,0.13949188938443188,0.01696926161880809,0.08854898183402357
cust_3f01257d,0.8946300802661309,0.6657603293053039,0.08092098843414457,0.2963237901259396,0.4880704971088441,27628.296190351608,0.3195805606340645,0.4504813347491491,0.05480365510092105,0.23052497976058473,0.20961052257313958
cust_28251ece,0.3993999184207379,0.7825325265408131,0.6724662131942923,0.33103094521485893,0.4325718361760781,13447.549513322527,0.137131284847653,0.49638275740212934,0.20754126495965625,0.2892251320919683,0.14011747202427235
cust_e45065bf,0.8594950598912089,0.5501604977244565,0.4808520235895496,0.25275927136337695,0.5276076119664057,32469.394484462213,0.206403343231018,0.3519227501553541,0.420092778768405,0.3700171611135212,0.07316527865284754
cust_7b4132ff,0.88118580269435,0.5113556769462687,0.27979643305984264,0.20197392017067714,0.4339748215981755,5188.023918502627,0.027416946486980443,0.2507892937940894,0.17381818812137667,0.42196533095515726,0.03455059079682296
cust_0e03e6fe,0.6825336172935994,0.26442166008212153,0.4211455894021372,0.269695791224542,0.18693642300883864,19078.07416673913,0.4056091659894983,0.8822212500293709,0.2877701281119173,0.1933144722043975,0.02255103340861181
cust_3cb56e4a,0.9435372745094889,0.7752446070723663,0.4976695078598016,0.1593859643552385,0.2565310837193753,209590.94822543793,0.5633768982775955,0.15921324584764954,0.37605182869080356,0.4658521909615623,0.47770677897733244
cust_0299201a,0.8711312832554869,0.3591063495261334,0.499719233403453,0.33999396230197454,0.35764482736048153,27176.348741112906,0.4481356060345456,0.2528100902957405,0.20488261141019737,0.18169444801015278,0.13936379595982082
cust_b0cbc171,0.7101499839172075,0.4703017376391023,0.6039584884008139,0.07944124310942505,0.21394012498232212,31978.36807256658,0.34703814613661516,0.20445955020144926,0.2664367759250256,0.3373692481004272,0.026124449119209255
cust_9014f45d,0.5911421696093524,0.552214755848175,0.6075910306168605,0.04465222780669775,0.017779932959758767,14075.318923474339,0.029223483607264813,0.6832677315412813,0.21725368536875433,0.44264430554721995,0.18662135727548548
cust_f7f74d3f,0.833260207786345,0.24553436143054808,0.8594405839730791,0.34715969735731006,0.2533792332386493,24500.70374647423,0.5254963956690732,0.6625122238871789,0.5033843197200125,0.09264837881407552,0.4731738544481522
cust_669f8659,0.6457124567448856,0.6283356295738206,0.3119567040107905,0.23044604609344752,0.2692294845126634,51198.79994013866,0.4527755653331188,0.6539902129520807,0.2938184996989654,0.2656252105930399,0.5728916835739809
cust_19a5ff59,0.6935800676379985,0.6941318856556737,0.8049813714647934,0.2525291944324963,0.08994905748431607,12694.89693443721,0.44134769769053467,0.13938255564618254,0.5400320670498826,0.298541858079853,0.07490756734522427
cust_0d0c767c,0.881790377350211,0.6720541979888517,0.7055777567202823,0.39027423142422235,0.24478316715349277,250041.29670564015,0.45325887810312426,0.5925777121952956,0.4756698921700291,0.34387693794898244,0.6928178118196623
cust_244e3d2b,0.8261294844707987,0.4945848310770521,0.3782624320453967,0.32325089270195456,0.3927513190677771,63454.12475917338,0.28163594624785016,0.27422598073039633,0.21840666152181745,0.40319554031132887,0.765365464299054
cust_78c5169d,0.8568607546280255,0.42309816890752844,0.24318536459398785,0.02131780189174212,0.11300914328333952,91702.61371492721,0.11747348515651646,0.7120054129436223,0.17775685560023688,0.14718795011727753,0.5965090873585438
cust_249bf8ac,0.7438014219534269,0.7024867099027032,0.5250404935846164,0.18794042057262048,0.565109511335081,77828.19813708031,0.21454618620690089,0.8583582653352352,0.3611081489120966,0.31505239452652795,0.6820632976613916
cust_dae7e484,0.8397738367357566,0.3900600766409432,0.5680357102568839,0.4298481772378371,0.486008502701706,16493.43437775988,0.38551046230502584,0.7544113586149088,0.4924127489545376,0.3303298974100768,0.06193800311837171
cust_1f7a973a,0.5936922782494783,0.4614875831350817,0.24816171259759046,0.3184763495816656,0.650631525752445,403755.3761366184,0.35178254889941657,0.25430344765586654,0.1892686251886783,0.2616460906425484,0.5760364375587026
cust_89786167,0.6648639483263172,0.6615908586807046,0.46534997826947605,0.20160745412647824,0.39234812817588255,18187.85019941059,0.27227399232838606,0.3647202285602745,0.4223058601445551,0.31012980749949987,0.0021795064486125697
cust_9b42a0d6,0.7882288536773945,0.805592649701792,0.31310693464745,0.28476587995789765,0.2296703820517183,96700.27529688386,0.20116602014098586,0.6401140976163716,0.1750399492885887,0.6623238474528405,0.9159599419205159
cust_3164964c,0.8136104331479568,0.7429020972210553,0.04461416427714465,0.3557781864995671,0.5476413597083374,156377.8226899038,0.19433600287649816,0.6303042207684316,0.031114398315277292,0.1126048368113365,0.8630333252487897
cust_20708282,0.6875679366994446,0.5369720361941458,0.625917063551129,0.41960403059577916,0.20003257811305258,3709.871449106068,0.42482341158096637,0.32354569261037713,0.33460533800564396,0.34466713756055467,0.3673878962534487
cust_6dcce2fb,0.6311693055199584,0.795591016598804,0.39512415706941967,0.17715718483130968,0.1157721837093457,3422.1103944338774,0.2520657397985072,0.4910722634298716,0.2875999062540549,0.3012965172317961,0.33610136902430676
cust_f262fd13,0.6411118661947346,0.4863644740695781,0.4352873321921157,0.42982350327523033,0.18112979380988914,74429.92667231619,0.37275684758456923,0.5790025111163241,0.31786141322805866,0.3005156137311,0.42407455230160357
cust_9a31a48a,0.9264071896752796,0.45558693562796726,0.6189038618309401,0.7281239716586098,0.2231023103614734,139070.41747376806,0.4910224633046588,0.41864647844887554,0.29414304941036473,0.28938846320112177,0.8555208725146097
cust_0714d622,0.761784058992629,0.4964761173651715,0.11425978658836326,0.4211247452998945,0.29522917567934065,128613.31700485226,0.5979315237259961,0.2312622062415176,0.06720591619817046,0.07182323399409565,0.9440057033704533
cust_eb123f7e,0.6597062961865192,0.41784748533530475,0.8361213565759764,0.23525711758821158,0.3172289222031797,209628.53687451727,0.12896364396628848,0.6685507559845746,0.7615328224685753,0.291098393073683,0.6640190857706071
cust_9664e6f6,0.6148832676928878,0.3421092021404045,0.1671715789473261,0.43420866184396695,0.24096268432495713,22800.50525288775,0.15118621697692108,0.5037837250527395,0.057321703544414605,0.13242445688101653,0.143900552418331
cust_34716e03,0.8990779625192267,0.5998364817343711,0.27640390444479634,0.2699472348049308,0.4203084575729961,2627.308894410033,0.47750703496870106,0.45301466326011697,0.22556248941684162,0.1651453059107271,0.44459640464236355
cust_aaac2160,0.7941588010730953,0.7460910126030244,0.5028412104873439,0.4044881567576118,0.6775487349388635,53909.9681591584,0.12040091274309517,0.49088971364597,0.3874966851155482,0.44477051975967075,0.8203401857926699
cust_00eb80b2,0.8886103191715774,0.6083231875705911,0.16615909981206514,0.19574824693067217,0.17683370592244746,41932.16823561416,0.6564865802048672,0.37404958203173294,0.04108858716027662,0.13994944314969646,0.08494145413544209
cust_ca98fe8e,0.6107488971049376,0.8342836647449487,0.27594921856458704,0.2423282444079683,0.4272971650215577,15169.34570150317,0.03905386705640298,0.35448694297001315,0.04691128881261288,0.29446349505206426,0.16294975632155473
cust_cee97d8c,0.7249297948176291,0.7045907858368954,0.20857716070640603,0.1806521719654541,0.15692374376274681,121581.39419792556,0.33183200503215676,0.42418631013236846,0.07710391743053883,0.42254586792457116,0.7062374026411261
cust_2de48dfc,0.8326668203305413,0.5685034143039147,0.5426902678306688,0.052645125040329845,0.11341824320825424,23885.616545903104,0.5264605703874673,0.3622686967805995,0.2619675261737843,0.42574540357159635,0.4292898658179806
cust_7ab4bb95,0.48152669946429966,0.5584688533701239,0.6749823033163351,0.26556567380567336,0.5572989863002139,3128.659076240432,0.47427519007505825,0.6446880969481917,0.17109116456671142,0.31303103444172314,0.14570207976697117
cust_1fc4a9f8,0.5481264684345962,0.7333068725956321,0.5312017678155426,0.03225344795976174,0.603798958502093,17206.25151408542,0.04374816307892518,0.3812050596948345,0.16451932494319155,0.2034389103671207,0.0820033561895532
cust_5fd748ed,0.8430404078574681,0.46713468699575916,0.6651630115548768,0.45606822260014135,0.2950560257279211,40945.16198413371,0.1860768118519583,0.6060192290795473,0.22792999251481158,0.13560970883490328,0.05284074371614196
cust_97f752e6,0.41103260020926985,0.49620468950473623,0.7139132921954402,0.09630411477856306,0.23555704365597516,62335.74397736836,0.3673492782395098,0.5434511354376459,0.3163049536418032,0.24537072945355026,0.7467766187780908
cust_721f869c,0.6127429729073346,0.16270624957160787,0.46435470548673713,0.318710253406059,0.14472764542106994,4574.501116452519,0.4297486936523685,0.5191909552262608,0.41254374867199073,0.04850192793882435,0.005126483715955043
cust_043afb8c,0.5051221422732473,0.8086665706052156,0.5068458951033651,0.36346051754146086,0.41059338015563246,19191.96575047962,0.46920251792897905,0.6273284734452965,0.15645282279652153,0.35399202305468946,0.11992237651539601
cust_5f138035,0.8908342181824737,0.4079254843816456,0.6857067849505841,0.13709090884085295,0.4948088171142372,8912.96428699287,0.2133564840612084,0.535992546860105,0.6046545211707116,0.09562965317808952,0.043637121744559484
cust_1aacfc7a,0.9250954568522062,0.5187808367746151,0.44937191170126584,0.18790680930906603,0.4183957348456491,26329.232331731608,0.7709363244424081,0.4395993317815211,0.38377437100231276,0.3898631353172799,0.058652299218764206
cust_4cd4d086,0.8413377132522121,0.5394922294972537,0.4641742033010731,0.49014260285596506,0.2510679497999333,9417.725012883644,0.19347821766415207,0.6444724085086528,0.3443472630679118,0.37366055430739303,0.40626898610832424
cust_0c93282c,0.8726710938994252,0.637170936120758,0.3389710886977921,0.18299699624792196,0.18306988835985205,35368.90560016396,0.4791513185824282,0.682773246993784,0.3279684884547826,0.28889174916275107,0.032848765096090124
cust_61ade0fe,0.8629378784320448,0.8708491325783787,0.3403914640475463,0.06489989518508243,0.29107716395626737,1932.5008776758698,0.24299082646617448,0.19237757373549327,0.2375710654206504,0.4514251365737643,0.1095148272076402
cust_04d72db5,0.7752754790372239,0.7105723119615088,0.46612341003432084,0.168904540721398,0.12579767986464274,8222.261279412258,0.17464743984628497,0.30898014040058325,0.1774078029073817,0.28335353324475177,0.3089214664683339
cust_153896c7,0.7649782317838612,0.15569793239163468,0.3001914919127459,0.09040558057437673,0.30274470453647795,11428.796311932876,0.35547216547151866,0.6425453572231328,0.11905981229192901,0.03704844341578214,0.413191501636649
cust_464c2fbc,0.719614003363136,0.2678484868127659,0.522657155477979,0.4619497336068905,0.48866384924997525,89337.0780950989,0.32113627492253854,0.8318960852976829,0.3128167606303463,0.07205288605722913,0.7726323156830406
cust_88dfb044,0.9255266653045706,0.4883351359234655,0.19927502717867177,0.15880791120109256,0.10357002620840192,84470.92489736502,0.3733846336627742,0.3862581486014973,0.08901862955748048,0.320472607911001,0.868648561212441
cust_cf1256e2,0.6888935782828196,0.48083188715458236,0.12263824411450511,0.13226055248855054,0.3282357369755786,45374.11727760997,0.405865448754904,0.5951503094435425,0.08602833044249358,0.38202666525052686,0.17828011948716174
cust_70f37fe0,0.702923337745433,0.4140816221588909,0.41916812529566616,0.1787788426780436,0.2061691969503903,3094.0956365823727,0.27811486137802255,0.4298688942389477,0.320860052955689,0.25575457977743055,0.18670521050282454
cust_4d7d7d66,0.7494452856361309,0.2612393973089597,0.4865920429489078,0.0704760903131422,0.5540431270199575,5232.427384901502,0.40749044677222285,0.4711772166721777,0.31873675970044996,0.026205218882913932,0.2343454250988755
cust_0b479ead,0.5499186699537062,0.8456513496340513,0.2423952507631207,0.17639852087938274,0.21755589981021153,38721.23184561757,0.3577978383039654,0.4414089688256396,0.07449658497773026,0.7290437466661354,0.24787605825533607
cust_56862b53,0.8403830414387726,0.6959537386751647,0.06909429335703825,0.2564916817861521,0.20964642503286723,60125.00635576085,0.5049134736884043,0.3673689906742577,0.050250662172270734,0.403251636907586,0.8680159479337719
cust_83b824d1,0.8722420117407357,0.5150307232541051,0.15743508153620397,0.4206929277249079,0.24300092015420086,3994.8769191110705,0.05063223237024958,0.6667719021590801,0.08051877049810727,0.2928109027246011,0.3295183494078904
cust_2f465e4d,0.8603523302826941,0.6513496916046856,0.24219133302927567,0.32175400669848786,0.4304109047159445,210647.51035612746,0.7605707441018396,0.7436094240737753,0.19791160479592435,0.1524359845426704,0.6621604260129386
cust_c22c42b3,0.8472879448832681,0.7091796789095589,0.4716469325631273,0.5865604041344809,0.3697057888577197,2316.7043668789956,0.2451247128686631,0.33047785012248093,0.30182126351247973,0.21328066883873512,0.0248828020275194
cust_84dd3a4d,0.8476761193351184,0.5079953145893872,0.4591283892479175,0.20290052004246326,0.11903020006857958,20993.102861232248,0.47699319380813576,0.6448176016939959,0.2222474382666134,0.24292911155983252,0.09235509638780773
cust_fd76bc35,0.7616098626877267,0.22499757609530993,0.6003662191044322,0.4859791555663611,0.5135373662712668,6313.9744745069465,0.2653963876871555,0.28157027405204216,0.45561063651946354,0.0743036020408085,0.09838322474862402
cust_fd39d223,0.9443333842430134,0.39294267792016935,0.11441840120734975,0.08107332556844075,0.18589035461842243,140050.96347978248,0.16882045840459003,0.32034181694320696,0.084195665884503,0.11096394702312601,0.6795261547702653
cust_342c7828,0.9359166186537071,0.3044493155156128,0.46785410097201297,0.21896060384480484,0.11128293261556206,29275.486856789485,0.2520262205893223,0.45309753342795844,0.18720942923741937,0.1787632507211364,0.09345827318086371
cust_8e5a8a1c,0.6396129897505972,0.3227671310647324,0.3182228213342101,0.5393560849063922,0.1267950055025019,13907.98750583351,0.5282176213257159,0.3180529124797713,0.07132037054010415,0.22126247768342175,0.4512979683538172
cust_aefceb7b,0.745971209813721,0.8363966544909703,0.23230641814652198,0.16213164755915596,0.40639862428179524,32391.70233397646,0.19874085468868963,0.3829178571081528,0.08984269356791769,0.26902006872136675,0.0603720249935581
cust_4d26f060,0.8760635989228867,0.6488507783130061,0.2265230264993933,0.12973579605393143,0.19979000103073163,43013.23145155939,0.18197331904385716,0.5958296052789025,0.09744915798811364,0.2612831589747899,0.3896060970916083
cust_4d396422,0.6897455423790283,0.21246433721830765,0.47966344880496725,0.22663573719821659,0.18045437369288977,6961.141578442024,0.2644455089316404,0.5330383588997827,0.36494906535366883,0.05344383404113734,0.22716119342678126
cust_452a34a3,0.5636495032127292,0.3584405544743852,0.2865185843801031,0.313293780181166,0.31830581028524074,12479.978527134563,0.04867670871701081,0.5940536684910395,0.1377373161645587,0.17156007704993154,0.12910320287329
cust_89c53836,0.5841356266596411,0.808923558500371,0.13358470124572303,0.183304176386245,0.20275226031446247,48100.01411096918,0.14694179119714346,0.35632986063156186,0.10825305204352477,0.49379572762372226,0.15718619971030426
cust_5203b786,0.8774967462433664,0.2770568153435429,0.06009756657424561,0.4209918194590711,0.45056464284725456,10165.227800207107,0.41321990379676454,0.16083086791112433,0.043360567424139934,0.12267341941876685,0.377188400270674
cust_f38896ed,0.41807386326646684,0.6050677793536973,0.5314121552810768,0.43468108824495905,0.4549506714087008,59416.050104269125,0.2098807629774728,0.08954300582909767,0.07471570270491859,0.17181225020371235,0.5676786049147597
cust_af6526ae,0.5229869142162702,0.5584297445969962,0.6859468987374702,0.04532287131669762,0.6616085558682602,1235.333613392785,0.20067805729238627,0.6026338393021592,0.5987553572275509,0.40633381656496054,0.14595068796498248
cust_9880ae7f,0.6293632618789163,0.2709288265075761,0.15023904628947862,0.295540656642057,0.31325824557105264,22032.128147189906,0.1890241976748705,0.5676509822986416,0.07349630537179692,0.08005878247690151,0.3100746450997549
cust_c781207a,0.9058859230900714,0.3463044235682643,0.5560768401915716,0.26783255106672876,0.31619895496885947,1255105.3241569956,0.4119097794746317,0.29817198493123537,0.4963772434212489,0.2627916006471444,0.6139626367566147
cust_f44851f9,0.5284186131805374,0.6977293409090449,0.326040152958418,0.42182128705937655,0.2990506174242752,12973.529648401323,0.3106100403328249,0.3910804536228266,0.20104509790279387,0.4237941173014074,0.3311637775474903
cust_e6ab7a32,0.5285992127712194,0.6511369658785764,0.413708626588756,0.08185379300898843,0.4655680675149962,19232.689788822812,0.46120699234053464,0.5618436932471801,0.19212941776023829,0.2752236809951555,0.09152198329804341
cust_15d05bfb,0.6459459215086969,0.519263227609923,0.323905808628676,0.15264086821926137,0.58566232462117,13707.670942849316,0.4398496704036526,0.3094636028684231,0.14954167781282418,0.18676758377535513,0.041604606879420025
cust_a5c065a6,0.6397098072360936,0.23427394039439223,0.22632848050891605,0.2777545376600983,0.22025531018954833,125074.52134155437,0.1670698115175535,0.4716173461082776,0.17112724945378996,0.13469846241730507,0.8746164687574002
cust_c75a3750,0.9165672348944167,0.4260847538182899,0.25957361948266927,0.279894174849302,0.511845301120297,192706.35966427447,0.044824746673715284,0.3099782292913245,0.2520262556532572,0.29669699117090814,0.7823155251474924
cust_5a03bdd9,0.8882789213370604,0.7319479436213063,0.2270321822768362,0.8301381980633078,0.3878824374150721,59075.782579808394,0.4666066627064717,0.6060809161418472,0.09476503907764548,0.4107554292554887,0.7190848297504151
cust_88073101,0.9314800897198494,0.6141197831939872,0.43604371193413705,0.7916766700988224,0.17369595415655922,223930.8551897218,0.3192595610547713,0.4384881534243504,0.18678388954536593,0.11851355713899123,0.7394323627583237
cust_b265fa3c,0.6866003824657777,0.26152189463924874,0.4759492792197442,0.1751307509676434,0.17691207811437953,681.5059194101801,0.3277736964097518,0.5278799145612343,0.2017331780419182,0.11834797851168823,0.16290579095759167
cust_f192acc4,0.5401008394224334,0.6115574050134635,0.6214270799348762,0.14457261062133017,0.43713659279391465,41077.70206583251,0.14365063228998556,0.28958225790342973,0.4726433629206208,0.4019484905754981,0.11085139467875935
cust_9a6d94bc,0.6711750695222533,0.4752200157346572,0.5427119387789022,0.16786470344830412,0.2618757540804252,9824.035806593365,0.05945168133737725,0.19047320924369088,0.3839077938487678,0.25076883518299403,0.4363243149645246
cust_53f842de,0.695860162461289,0.31210339195107833,0.21791301070593763,0.4584898784034966,0.15341672312718566,35665.05019798279,0.11517324324585214,0.5681029385337854,0.10817400462493369,0.19187596662813525,0.5076128827387596
cust_3b819342,0.7211849469764492,0.5038555791249114,0.41309516241437416,0.2292818606037187,0.36499693730767907,29208.179515377647,0.2581763607357034,0.2532018202356692,0.23150536006302305,0.22559843883021094,0.15438288823837565
cust_18bc951a,0.6191174350025836,0.3926742356746098,0.1938436605663058,0.49020475010617487,0.2297133535743668,107050.71006654088,0.8087274692126508,0.11232388135267375,0.185014369980728,0.24468367719128722,0.6623209136541008
cust_bb61ef48,0.8526354281834081,0.8104078840277054,0.20619211996329895,0.48161182295638405,0.18089034616846875,661435.9218891342,0.012980086185699577,0.4459715020866368,0.1714157926008755,0.0825213975244247,0.8013585472039298
cust_cba70ed7,0.8319448262657829,0.671015275917947,0.25121734403096424,0.6701963957100215,0.3274385025793718,38250.32365970921,0.21521236036935057,0.15037335992569675,0.0639286109212435,0.6521893468809202,0.26483505559412357
cust_0e0b33d7,0.6593636287931148,0.7184142170297876,0.8289546920373286,0.11587691349111583,0.46582266853083715,5510.781313840826,0.08510797487916232,0.6246534333845328,0.4693878932145546,0.478563863197131,0.0684620399316914
cust_5bb96676,0.8346233648750192,0.7091716027414011,0.018408840340570734,0.15195389387494823,0.4502093520598149,8489.968072254851,0.33966673165181255,0.46231089225050204,0.01704845862266736,0.2628451498087662,0.09820938518107006
cust_50c0d14a,0.712457611324147,0.708046571624311,0.2667527054008753,0.411268640338921,0.3094359935172088,63404.115402001,0.49215382092924664,0.5442672467319645,0.2325677049164941,0.45077131656748326,0.7823167032083641
cust_1ca01b00,0.7154833775146282,0.5295399507109034,0.44562148275776425,0.04132646303376804,0.5189227628342525,12424.315731362594,0.11223534099127161,0.119629678853936,0.3441738489009,0.29509649392805887,0.1962527972767681
cust_741eb5b2,0.4464630828830791,0.36823591467784267,0.2713977415327962,0.1587788616657018,0.10501074399743629,689609.6785414454,0.1946361972128777,0.08152743986648955,0.2299688233460398,0.151090188016382,0.6732265148026557
cust_00c84374,0.8836558904808876,0.1647632657887041,0.2909438485114146,0.3055537400257072,0.11126420336388415,7526.948671293254,0.31506576391050756,0.8298701190782933,0.07068062322463514,0.02280530346628207,0.17286217818730898
cust_73cfe0e5,0.5947891813441221,0.4523647732345968,0.3515084215999165,0.2764230365621595,0.35998818131156785,219785.45520760413,0.24109375472827319,0.5682964452024316,0.24435762225538107,0.10460454572090508,0.5815209463716271
cust_651288e3,0.8938244018795255,0.6455435615536148,0.5488966460161971,0.2110584710512206,0.270854890842805,23973.03613565459,0.6438278262259594,0.23905375606927445,0.3761099632306048,0.39840780297469114,0.32858201515084623
cust_504a2f13,0.922088138220604,0.4452887364938028,0.2703954295945297,0.0810349341532919,0.43173475694567526,32957.71592085173,0.7360506221203862,0.4418611132679294,0.14156358938378896,0.18635396368667304,0.19241002308681954
cust_11ce53b1,0.7810709471018286,0.5323790876599381,0.3846803497638772,0.20056776653453282,0.4846187584446868,7718.7107579978765,0.6733594327294747,0.43363004852099024,0.27564248855845147,0.3697100151596741,0.1808715883366183
cust_87ce7e20,0.772683485204745,0.47237422974639326,0.12601389209345756,0.3662233877088736,0.7714313626673841,79931.39199643226,0.10437585018629252,0.5611977093249677,0.1119264119914791,0.3069901884393633,0.9346614466854366
cust_f57e9812,0.7235488024661264,0.43885561544317203,0.2818412457135539,0.31604867908932055,0.2571573349132133,12397.07518346543,0.3780884465955988,0.2423126986087253,0.23667592928261283,0.25690728685221104,0.2210390248263859
cust_43ee4d1d,0.7849014738430209,0.39678476594041434,0.22322683011419825,0.20242943432085997,0.6087234828257341,259894.90910578182,0.7309390300625916,0.5457903439057313,0.08960622240934653,0.32145603624372004,0.7615719200528982
cust_228704c3,0.9252160959665854,0.3325141498047055,0.7743293214843563,0.34800797189348,0.43975980256796154,10436.846616850651,0.43265660435035264,0.19664531013335412,0.4106251338805243,0.114769892467336,0.10251066436689883
cust_c75a90f5,0.6091428628392754,0.4098556436616937,0.7691251690436269,0.2626138991093091,0.28039204646844995,112457.4223980433,0.6408765787658991,0.7059187245204556,0.4958783111129391,0.2026364780261102,0.5773000448781883
cust_7fa44128,0.8001017604981498,0.4885253828835467,0.5427536965085824,0.12254804961316383,0.24521242539240518,245020.97871861607,0.25873773660504973,0.8049898362060035,0.5055723555614471,0.20997444096182635,0.9003904631638674
cust_7dfdd8aa,0.7435545564996711,0.699162102397829,0.31024010061513446,0.09915568405567479,0.3297129181919653,5642.7114307163965,0.21868288321487436,0.7877433567323114,0.14363329042805661,0.5684405080320446,0.14087357841473402
cust_45f1c6fa,0.7563675339094885,0.33575325762248426,0.7123854585370908,0.26756700088072327,0.4745949526639275,12051.89233354823,0.3914120827791903,0.833786513975856,0.6369996925147074,0.2858984797568597,0.3206527983828138
cust_8f3a040e,0.6105580533150133,0.6529827939198073,0.538163399648726,0.2257994063667687,0.23891311744730956,15469.049237271716,0.2293339161163844,0.2625652681992526,0.09915561899610706,0.47618813609556004,0.02030181179397115
cust_849e04a2,0.8745022499137662,0.39132963462049974,0.5073652645223498,0.08237307634520796,0.08794660902449218,42506.4790659114,0.20468208899717316,0.4559346250880589,0.4340107996925939,0.1126787505117718,0.017688858986593274
cust_b77337e3,0.5163483200793237,0.42554539500246286,0.3386615138565034,0.34960620590963437,0.28044986790243437,35822.002413352886,0.10225024751917079,0.6459405144077434,0.1304343362198633,0.17870374639310407,0.08824445291174407
cust_242149ae,0.6621799953670565,0.5192680922577364,0.2179400775042238,0.48099511189966565,0.7602618714539674,2555.5988557719093,0.46401419416305406,0.4889931920934505,0.08944081038373251,0.08255393722817836,0.004510890986898885
cust_4f3ae3e0,0.85826709670302,0.3308796882522048,0.42878470051944195,0.18528733282569282,0.036356654086726205,6462.303850212882,0.35393825931600303,0.262606796067943,0.250923702446972,0.12116186048645984,0.1406757758501875
cust_0ca68981,0.8721676048551855,0.22615134187128455,0.28737475092268044,0.36536684561137156,0.5129342337979302,1294.545092805902,0.6814257856970402,0.4562917414685893,0.23166482953373754,0.14694986731320944,0.1941214288110004
cust_504fac93,0.7119146401360081,0.556862814096531,0.5751581451264072,0.020882354312027146,0.4277561951077427,63987.746056142445,0.7121141088296731,0.3436909926838797,0.3217191042519458,0.37191306307896005,0.382886934986479
cust_47c071ac,0.5561923302490189,0.09808174863939473,0.09862693826761175,0.2530409751751172,0.08567507826294736,133875.66766781517,0.6051428880688495,0.5552791912529342,0.0578248848935178,0.05234854847421039,0.8142201739975722
cust_b4dceb61,0.9284483883139907,0.4225568443069014,0.08434067407242926,0.15852915483251862,0.13123658401067034,5527.924868472663,0.097791555614558,0.5351551588739147,0.03486329473125729,0.1689325343473709,0.12031274014977679
cust_0efab662,0.35216321333544504,0.47546781484001244,0.6856994067453862,0.006680635260706237,0.2058756207632277,24855.2229218188,0.494298487966302,0.3558073217257658,0.20449380258300123,0.3904904951732701,0.11492308353025223
cust_512d1935,0.9540707724715923,0.6388097877523397,0.9131045322436597,0.31581580677314547,0.09850247978939858,727.0120266447544,0.11179900435798547,0.10573840600212756,0.3822473466636504,0.4565932393955658,0.3264922541257736
cust_b843bc6b,0.7022285344297388,0.6349128138143268,0.4894176285289975,0.23560325451882877,0.4990112477678237,1622.6590102561547,0.08094136311538126,0.8483415032207438,0.21748307787175122,0.0878171158007474,0.039967972650228896
cust_ee6df318,0.44343283859098315,0.28359747456379764,0.5167615649676891,0.29965866879622616,0.18320712420721233,5130.61567280202,0.3694223559645339,0.2540353091509155,0.4071122101445128,0.2203897773344471,0.28061201367146543
cust_ac860246,0.7264964495003707,0.38062682425342115,0.34107713495887954,0.39210329990713405,0.2928671694330758,10063.909814613855,0.3796504615235432,0.21350872476638852,0.2455456103158238,0.14640636783072702,0.014312625713781614
cust_9b8b3ca8,0.6804527431221291,0.08489590345421993,0.26134158895761134,0.28497567014652636,0.15147706686074358,38791.955007239354,0.5612331041023453,0.5246142107661058,0.19154442600681315,0.06875556547823855,0.0011794357623040182
cust_0adcc08a,0.8506551108880688,0.47741134671975066,0.11983911552552258,0.3165877655749295,0.3311754132837711,98246.72058785066,0.338875316568061,0.5609300305174157,0.06698873061093792,0.09058003607490947,0.7496189284885645
cust_7b662b9a,0.5677380989577926,0.6014286140802624,0.16022777938560107,0.6181530666691316,0.3627698198667638,633.1715269706131,0.6763406325370924,0.5647292470270824,0.10450590788226458,0.29131221267115864,1.162274480135434e-05
cust_6e31e962,0.7057624241322571,0.2417259173177509,0.18709514914791112,0.7589816024867743,0.5077585312253003,5292.63354849711,0.42391970503604265,0.874150804708631,0.15169557501137862,0.04319502776979217,0.24438595200979946
cust_bd47f202,0.8605710057736096,0.6390316372462982,0.2851661315519457,0.4751358400436428,0.04165032405188028,59618.60332393842,0.3412926950059637,0.6004803312781815,0.19425176546027118,0.4045545610650904,0.599241181683467
cust_f1d77607,0.8400963603693758,0.35179865133200017,0.4749721608192267,0.47304040770248734,0.20502223822769897,2018.0860527149027,0.1916726079087593,0.55730972225184,0.25078866304835373,0.26824648506330045,0.4942610680681063
cust_3803174f,0.8783987494106751,0.3917797316081639,0.19798575926635548,0.33470178437527265,0.026869885987969723,13408.215612303416,0.8832550179289369,0.5492798955890301,0.06294273342143886,0.15200643279100515,0.3082866949481137
cust_b2edae66,0.5260706598979076,0.887492664757386,0.3025976604246773,0.45010183231516543,0.6036358419002857,66009.61290304673,0.2403487063166552,0.38359573845558886,0.09676015161757763,0.08708803015735367,0.698982035797171
cust_06c55d9c,0.6522235590734682,0.3326034962722175,0.6535350071772562,0.19189198903579543,0.2883239092824723,440.64476646231833,0.3973395475666437,0.4671306575738835,0.35878917337816024,0.1645933745761628,0.10868085499185066
cust_a178377e,0.6204544994542195,0.6587023082519714,0.513654390900932,0.2483490744156087,0.42726176863192616,788081.241952259,0.2921420393532989,0.4780197751410947,0.35928612838367746,0.6051699617964448,0.680422619855483
cust_871adc49,0.794370867189384,0.2141110550142223,0.1982871318303438,0.6226941598184972,0.0577976822376412,17519.989900036697,0.37085834283215285,0.0757840711973275,0.04707834976048419,0.012000375352906992,0.3214111062084417
cust_cfc3d552,0.679428252060496,0.17077673933670406,0.154603265831849,0.38622335450885037,0.17910736324809845,39797.71152533291,0.17065380170682148,0.6360310609391315,0.01362898621172248,0.05520859172281978,0.36937080581852566
cust_c0149af3,0.8375339978596428,0.8123084135191518,0.19929361699342357,0.3737107350657939,0.38801235510714954,27240.586200346785,0.5112875921464703,0.19609547519927586,0.064376677334864,0.29882100355136765,0.058327499485674686
cust_81084d8a,0.9105794240262185,0.5148139202081548,0.3501376780861657,0.27459958046151717,0.4904849070730202,6956.187674522642,0.21960945633577308,0.7103612381438448,0.10846722073357075,0.040208407506288214,0.22924113442310248
cust_ba0ca9b3,0.6998893115079146,0.41855769192854847,0.5890150111809953,0.8688583757090054,0.2277719339677808,6370.683824190888,0.6859527713005492,0.3394438838397684,0.24840000896390851,0.12843210310291817,0.18466621698071928
cust_8711ba1f,0.5525602807350973,0.4331477941068865,0.42270996912455056,0.1686278433793574,0.1664119057220014,27931.349694302044,0.30214966502246043,0.604035175737765,0.19018372778592216,0.2694118388833499,0.023957661988254258
cust_1ebb3ebf,0.6044547815180457,0.5343489772734533,0.4294417774583755,0.2608352499785414,0.4201871724022531,17224.58984267764,0.13377815213566555,0.5285005751467196,0.19766646696750292,0.3229883255636516,0.06816428715312176
cust_61624075,0.8266756224109757,0.20977643042688898,0.1068072990312213,0.2152172841156809,0.6132596000841203,15589.582079050884,0.31977773968086465,0.6428337468761843,0.04040916840069358,0.03668833328923149,0.3342919860538082
cust_f225085b,0.822963328045515,0.1682839617663489,0.48215150770266246,0.4568752805388871,0.24719904846413018,154202.9049627486,0.15201162903685925,0.8194284017844401,0.2553533639776657,0.10718433473465906,0.5505405803271876
cust_2037e126,0.7078178479079262,0.8320938999701293,0.29219094979456656,0.26726450534099777,0.4849452145422441,29349.604732420554,0.2382528967972774,0.6534356789108217,0.18523706783108995,0.7384193926191142,0.33828293019512784
cust_dae6d942,0.7033128612599655,0.5195109677224362,0.28709990917768935,0.4878521828679295,0.2328175723229373,8842.328553365289,0.16801971108972916,0.056482578634616434,0.03141274139673549,0.21279826179113023,0.3732282283744336
cust_1237ca34,0.617367203462501,0.07245958698307109,0.24683164785205586,0.2989622303230091,0.4539701061864386,3205.1427704460516,0.24455187505754164,0.5504759556869354,0.148757481952617,0.06093296355555598,0.39524151026145027
cust_6ad19184,0.7632802600283615,0.8470991613900591,0.17889733564799334,0.35868312328195723,0.2800364579742605,6972.82590127834,0.29176275994913325,0.6695817489105103,0.10807703446063414,0.40046750921761315,0.34867267709634764
cust_f040e91d,0.5700302420476361,0.4791990724758017,0.6463206291969538,0.31079915844812606,0.03953494823327294,100181.34288869333,0.6441966375044103,0.633495036070808,0.15062096541048864,0.21870459990650895,0.8068077070463827
cust_e3544522,0.8699850498975588,0.5240659382531682,0.3985184859112005,0.24230820695746777,0.41797373836160173,59393.7684599786,0.11854727614988896,0.2841378694691169,0.34593956063657705,0.3187822340192962,0.848183373832556
cust_d39530d6,0.5378496056022486,0.4260339085696918,0.5112683375321618,0.436846707336316,0.0998746070768457,24799.084354732735,0.27907906425000983,0.19465569869398933,0.3777754119365566,0.08918452148024159,0.019239308739059
cust_12401ab8,0.9475586706577183,0.3937192970567179,0.531288043128008,0.2918158817697585,0.5064914420753037,77077.72153301226,0.3745014975848601,0.5058625382030321,0.4227837321661142,0.1733747285544558,0.6239326814953967
cust_7dc04918,0.7356621172709714,0.5725317429305793,0.3066264563613176,0.10247944717479127,0.3456220722291824,95706.6750316784,0.579938745222046,0.6828202152247578,0.27015392109872627,0.3774410925484016,0.33128309772616577
cust_cdb206f3,0.7067139715973874,0.131730059312409,0.4974743673591093,0.572697967497327,0.18723033842851483,150559.1518940048,0.5658137270211715,0.8387124297447561,0.24275734812743271,0.0768071093205695,0.49808402406906366
cust_fe504823,0.5389434357136421,0.6941025525145967,0.3089802686738898,0.16502563619650215,0.23369387044442227,15874.647722338084,0.05040732009912725,0.30929845805912626,0.20007448058879276,0.10088894499731078,0.19718604560760367
cust_5226356f,0.9055190726592792,0.39612073002184667,0.6083902572858515,0.2994021819182933,0.4734672507153547,19693.594967104924,0.6228737113049355,0.529620797705548,0.47240261252368393,0.3627975950896838,0.28122881424839796
cust_273d03e2,0.7389539187606882,0.5262739218062391,0.1948155655779524,0.5828955274091032,0.25779476197913337,13518.278239543248,0.42231420709804907,0.44881086260028635,0.11499766617303375,0.2719672165921968,0.1741481518475305
cust_4ca7896b,0.8501378837547245,0.3174906540501658,0.29995126451659043,0.3897374122986727,0.19822886493724443,43936.462053021154,0.20448455789381131,0.5058517805722325,0.10120912649121831,0.15431574325440026,0.23904286805868524
cust_9ae17114,0.9209695822610184,0.07430072515797137,0.38999263724761735,0.28378832043373653,0.6131939036842685,7976.806226778719,0.36185256482117534,0.7490844638751045,0.13600206567616055,0.03687978670563984,0.008638804715959493
cust_a91b7a5b,0.7089001648330489,0.936644649943173,0.35539299495986554,0.39039299385903486,0.38863334304327923,100749.6673886064,0.505748342006966,0.5381879454766337,0.13167932796084236,0.18194174492456955,0.5881427159094864
cust_5ac3faea,0.7628884946392004,0.5166971751880427,0.7314207042528714,0.3288163345437861,0.06786296326041392,4646.477010482907,0.2985875009894886,0.46685668934878644,0.38866122105266,0.3008649145390791,0.0071993932673344516
cust_0ffbea92,0.8418933293338435,0.6103991751663308,0.5298917520644592,0.05959941305391536,0.42566254036786505,76127.39357012222,0.68740386844233,0.6027237226534714,0.39747916010770357,0.38249792898981194,0.8800971001740278
cust_6feb8eea,0.3705272322866212,0.3294657179026031,0.48502229043211115,0.17947649577541747,0.267577493414914,9376.042017560374,0.5183737946392954,0.5490789466079292,0.16839017694806413,0.16184522499674453,0.09681554189944382
cust_b7c24e9a,0.9235738716746449,0.5898872798981685,0.4561220458880998,0.44383271656115797,0.1836655772057707,98403.61139606447,0.024604448520392452,0.398303137309108,0.23216557847058755,0.34332072190402807,0.7352307418027586
cust_9c2a1240,0.6419772013649073,0.641860803114088,0.6059378458061992,0.6052431541702556,0.5062157030872928,26418.22790359359,0.7857519134749167,0.5450612895082602,0.4175511225021129,0.3737117921572338,0.026316624991770805
cust_ec8c04cf,0.8151036449998678,0.25119957130504145,0.5286359222745497,0.04874789354794722,0.025356040398287667,39959.72571550636,0.5913761189688674,0.3014739070592638,0.49614649117718906,0.22429164205165947,0.16548894709031864
cust_260a06c7,0.6254722852029807,0.7691746266161903,0.3569094411049172,0.2792910005963114,0.25392333924201044,14291.401262670666,0.42464309852994464,0.23318756613191005,0.16899967552651024,0.10319910475363524,0.6555669056990825
cust_f280ca85,0.8524846946966982,0.5572324512653382,0.39774014157114895,0.1846182072084983,0.18380833271235017,9615.575086159968,0.11785566447397428,0.7735646232282133,0.2329996883888017,0.5250938997386384,0.4927250915658793
cust_d1e5c780,0.7839768240346489,0.5692084567210582,0.536674495405135,0.2664572716849368,0.34391865396131566,3871.603265752359,0.19801091528495918,0.19939170860869598,0.4553960323714966,0.4902902083605882,0.3126179612394768
cust_0875bdc4,0.9485655930438374,0.4809408086867165,0.4866986317882783,0.6365546488395846,0.15171657823795895,46301.05827437417,0.5646534295238568,0.644169385044464,0.3894867384951861,0.10235909191737515,0.13600400697584228
cust_3e64e736,0.6922783467882693,0.6555269924202892,0.5779953021604829,0.596145643157007,0.18824546896624747,19292.536682802973,0.18722363849942533,0.41487021744929137,0.3745067104538484,0.21177040697977784,0.12681874051066624
cust_87716784,0.672782876925408,0.2572876852583334,0.29293129336446583,0.3659274662635997,0.42420308512293964,19006.347777553943,0.18661950532283503,0.49105025295664456,0.2142410466180394,0.17505726123195067,0.22822746518843862
cust_75f9959b,0.8392522459187491,0.35774881190380164,0.20458169220180814,0.47199442793933,0.5615244962281344,14832.344401558646,0.4386639630394794,0.4812369867963239,0.0706143415925028,0.21922545765023047,0.2459816390506646
cust_931bdab6,0.9219888926011907,0.8394552599547392,0.7887130995910832,0.07282010255801931,0.7060531096081425,317668.1953251368,0.03602479337392513,0.7018117338511508,0.43434867303123786,0.39218553862126504,0.8278094765261765
cust_1475db08,0.9627200664916363,0.3022420586711376,0.3348633889055041,0.35695477773254636,0.09519234960674199,87146.95140685985,0.45451211842507744,0.7676115823276048,0.17263262693481124,0.17385950167878034,0.6000094272914414
cust_1aac9524,0.6422604121856758,0.5445840774078454,0.7248816715077555,0.32084981840945787,0.33946909883241394,18090.52882550661,0.3082828494621791,0.3952357149390411,0.6227651391819493,0.47834374200049057,0.059670061862831615
cust_c59b535c,0.722225768268389,0.7147330630049955,0.15142563161956712,0.39028409402543984,0.2140089286809989,4282.465278260611,0.49651832747739266,0.6206142881811454,0.10391282138779577,0.45365792285954426,0.15445025396306597
cust_ba492be3,0.8941890773560366,0.37331591367031475,0.26537730609060406,0.44950937382547657,0.2191514715467335,10017.045521526548,0.31602723141081734,0.1791146129666584,0.173618027053168,0.16520202730828315,0.07186003590554933
cust_90c7d340,0.785485312949542,0.4486492285698702,0.29823441680176727,0.6911127521944449,0.45695172888434943,49250.757740170186,0.5835601290275254,0.6850502407128248,0.11760837226536915,0.3061673003159025,0.14296179352898425
cust_98e3e4eb,0.6541806791805036,0.3103942688507598,0.34793804207029594,0.0831723082687327,0.040272653463548046,5151.55600125479,0.20099524136688965,0.5351769212992541,0.2544176866892617,0.2888928200302615,0.26731437702025407
cust_b5313fcf,0.8459764397256575,0.2696832032060091,0.6818509821560571,0.08150556752622216,0.28975191607283735,322029.45038146625,0.34553265056218235,0.582334310749476,0.546379134960372,0.17029569992883897,0.8441748568392882
cust_81c6e55b,0.972560360982064,0.8853983608152418,0.7333405687967901,0.4162906392385764,0.484797058045769,45524.28991508209,0.5600232856315759,0.6915406613093096,0.27056948224628397,0.6445895389123206,0.006582268670402206
cust_e12f6d12,0.7623320310224038,0.43249100273042074,0.5625798416412724,0.1767105409115672,0.2323372852625959,7178.359470518434,0.08831622843380353,0.4601847546213705,0.5010735836696366,0.15278027228772767,0.05738286219425374
cust_eddccf0a,0.8010576855221059,0.7669780544170448,0.445485327261045,0.09706316935115863,0.15054502355925664,20278.70204554834,0.5737011542516209,0.47248404408727995,0.18146989194287325,0.3931058768546223,0.0627157093034386
cust_573d38aa,0.9076933752529074,0.8210315962568082,0.49803507310156736,0.11398728414893015,0.5678828588036471,22557.248674335708,0.005882463472454903,0.4332242871988182,0.4632525542383376,0.2544900411113247,0.14785460180537174
cust_812742a0,0.6358908466502847,0.5101948109246465,0.1095488971546481,0.19459088730587842,0.3685331056429183,9913.837364429897,0.30859137025672817,0.5800084646578967,0.01661375892785779,0.10742618484017503,0.032126209032939175
cust_49b3aa9f,0.7730690630534395,0.777461266295674,0.5025388214106746,0.21041056928025753,0.25384641022807164,45138.77801589795,0.10023228712782077,0.6700976762054272,0.3198472092169109,0.3707435859054643,0.057386274047164565
cust_832bc858,0.796933314493547,0.46196528943023324,0.156894085350257,0.3529865759662519,0.16464028280368992,38801.86197127331,0.20025990865213517,0.26353251725232846,0.06927261276638957,0.18949005965561555,0.0724275246360756
cust_8088ff78,0.5579937981845732,0.6521085747813825,0.3041258447700401,0.5321274567984865,0.43180038736403104,44330.41006797233,0.3184343219049095,0.4077633581319289,0.12747441462794087,0.04267077048216915,0.0010787485841939931
cust_0b2719ce,0.6555161341525785,0.3220987280561479,0.485806360906531,0.1591897469583901,0.15855703782368386,6756.844040471241,0.6140938717049986,0.6046769756883775,0.2804175473082492,0.21924655850257327,0.25457484529268604
cust_e6d99d84,0.7375608125398512,0.499186224848529,0.5156062238947523,0.32926232695382107,0.3346800125020154,131968.10160452774,0.4452273349586378,0.657935270816975,0.38686947317996484,0.20203425811751008,0.5981232999642621
cust_4c2c8083,0.7691719243887588,0.8168631079372517,0.7045738824001591,0.20172419337998754,0.23367866843174648,12201.22271260911,0.04184076220224876,0.2938627673102733,0.33625401543963773,0.16776121476397687,0.06872669232965595
cust_1b1cc1c0,0.6633561156220958,0.4917351774094256,0.19439743052999026,0.1858217664529369,0.2703143057734232,2023.1599129892086,0.24270109545627463,0.7560257082941038,0.06321761065470453,0.21006334034046045,0.20622803342946358
cust_b3e1a46a,0.8249281293226916,0.48948332556984514,0.30986378526131597,0.1305820592397156,0.4704237677064511,103230.0114983889,0.3789530047639759,0.35437729029533954,0.17857149245281073,0.06722133192351529,0.4073082807166755
cust_6d526e87,0.9501557058674723,0.3256021600973243,0.3810247409960762,0.132260001366423,0.23404384988500082,3032.873532665178,0.6205435082692008,0.43409780947899573,0.1550805247059502,0.2441125536893354,0.03397924807376143
cust_84a3194e,0.7869889045373606,0.5118428847781921,0.6483694262540242,0.2056044615108019,0.3459684463662456,4147.766335435189,0.18854835806502612,0.4471051643693597,0.5662523834898054,0.39266850139110115,0.2103502322834869
cust_c576079c,0.7858132276948803,0.4531093815919237,0.05904354929622758,0.06568567593365138,0.3823857975433409,10478.954763234082,0.3362517725577081,0.38879731621026914,0.039869864416144006,0.3190001810175756,0.20149287523524673
cust_43575f9d,0.7447977587883647,0.5850218282118418,0.10072846167440193,0.18460770317983013,0.6087182821701136,801.220590816543,0.4396820620840033,0.7524980296814752,0.03468204777458796,0.35165701836379065,0.08323274471541864
cust_1fc50d1c,0.8500344445501385,0.37215547538517246,0.5450682729099071,0.26433322075997956,0.24249020185364292,51218.18387534995,0.10018058495483549,0.8067342020738926,0.369231388729114,0.32555518401774325,0.9090429493624683
cust_9dc6f24f,0.6693833245794956,0.6024405006298671,0.33632109333888477,0.26289838173755814,0.6074147506803714,7498279.324211359,0.6187731802053672,0.579066030350832,0.18934682099586847,0.14149003280745662,0.8177947377233286
cust_ffe5de21,0.5947984586048704,0.127843167989447,0.7159535871616268,0.4577376535526041,0.40875056788730374,215.07136765287922,0.49313490543156624,0.23138014200140308,0.3564348428982396,0.08313075762319694,0.10562678824143476
cust_aa430c2b,0.8308325424317684,0.7658437119942156,0.41879593686622685,0.4614070450697248,0.2122767378428368,244401.58368651508,0.6238396747131424,0.466882360944866,0.19933654727461855,0.08496992918952931,0.6899320752897178
cust_960d8304,0.7107440661119684,0.19168036305559863,0.4681398920366629,0.3731073454535307,0.8271583548331436,19507.96981256204,0.27745342193357636,0.6409398948177258,0.2329315075942676,0.07004737403638568,0.435968310504336
cust_0a1ed499,0.9111909683630777,0.5777598697345905,0.09085584552075256,0.16471005908987887,0.13856293158012842,12502.14178081153,0.468090518605203,0.35126884573650363,0.039021088440855604,0.10578516818191903,0.06539888626566721
cust_57cd94bd,0.7037097830398636,0.4365184243885302,0.5530213870740017,0.3204452444064774,0.44968700264018163,2538.4402242815554,0.21190584609883453,0.6790067560276598,0.2882366847081977,0.1279579189819955,0.07103217640208608
cust_29156038,0.6160129610686236,0.13945358235419827,0.16437375529439702,0.2984569705304431,0.2472198192496662,14838.309742719364,0.8653836377942149,0.6603553212501649,0.1187692269384711,0.008369344890851902,0.03281970779594811
cust_ced3d2b2,0.9192549612331995,0.3808838199878511,0.48884011046250303,0.06313210476442252,0.2647123564086554,12894.21484439565,0.16986993915389706,0.364451647693495,0.23630461996583887,0.2198219416934263,0.13096882644291
cust_0da8d910,0.6485865482112869,0.3969031585189867,0.3023958986764179,0.20784524626204218,0.3256304751485822,609859.7988064317,0.17897272037907933,0.49735124034664135,0.1783802707477382,0.3388908581491817,0.6176531538335345
cust_bfa7aa64,0.8228224298391852,0.47298298230855607,0.46055471169974865,0.1994695449148944,0.4880001671814796,23797.598894698644,0.4620092523268437,0.5344763160883695,0.4232986139595142,0.11353685338961703,0.059095725525191684
cust_40e6a8ea,0.842999910343702,0.746071594088901,0.09466304025182666,0.22127286463731308,0.6244254780142595,70066.8090893418,0.2416754395206304,0.42454754677362644,0.04140902518875795,0.19786034123082938,0.6377845147476008
cust_ff814f4a,0.8080690906051645,0.8534033133918715,0.507690101182526,0.10391245738917279,0.15959047560795556,73546.46858219671,0.25208529347196756,0.42343455579940625,0.37620918862312225,0.45232399256709516,0.6195071509569655
cust_38cdd7da,0.6810268453938026,0.37118609576117917,0.22629561557875222,0.21661166825538322,0.5303767396482862,201642.9977201472,0.49707799851367324,0.7121485552935903,0.1327636731110564,0.14332803783510717,0.45306609170339157
cust_37a341b0,0.681545057553361,0.6261230831418124,0.33280583621319465,0.1733042430528214,0.06166520067047396,3854.715960755543,0.19448756775392542,0.6937373385663514,0.19162819385779292,0.41710131126285155,0.2885403917593991
cust_be8d7f89,0.6391463924740027,0.421899853197925,0.348412878930307,0.09836022022272525,0.42425770421701103,30732.294613653103,0.40407984394304847,0.41146854818266887,0.3027517423404525,0.24769146408262396,0.1938008901855841
cust_16a0b4e9,0.8746317780763856,0.25860955424453524,0.2747486915368469,0.3745632655492411,0.320724583405354,54514.61796289799,0.1744484388828817,0.6621452036771948,0.1367331008479191,0.20441240645038147,0.3072737636086796
cust_25741807,0.7991806516994826,0.47832942846500615,0.6552727218366053,0.20108091330909295,0.18503633890029575,13242.42750560216,0.3279053872529554,0.507484291366719,0.41598157122045454,0.1711120450203113,0.008118958315310964
cust_08bb4813,0.7058127463651737,0.7761948760156431,0.009730677460119108,0.24340499075635214,0.41184161294478716,1784.140773692206,0.32579248451819814,0.6786065391805979,0.008868056763203815,0.4157651417519325,0.17743001684264512
cust_60436f49,0.7066089236459407,0.46435532591902734,0.431330532180436,0.34363007822756947,0.41879687131131016,127291.99300643374,0.6286834737154474,0.2885859611741846,0.2205555723205734,0.04784589791503596,0.772245212126546
cust_47901433,0.8808200997815288,0.5451410705985277,0.27746151199660807,0.12205919612436189,0.5596840657685517,104631.77591877214,0.021162536428045418,0.5205499924523755,0.12089708765476298,0.12985129059154016,0.589263262941341
cust_d2adbfdb,0.9592106782818841,0.5836790437155779,0.601360807286689,0.23591484898501142,0.4167888132775763,262939.9747894768,0.10595268187465894,0.6766437934609086,0.38126494237851355,0.3405275481184422,0.7753302854472173
cust_01458016,0.6122054346779803,0.39920390601436356,0.5403714537983666,0.5732828940401226,0.7797792863361251,94775.51772823338,0.3372960410665097,0.8657731591416346,0.399470517097265,0.37349557774225856,0.530217635416073
cust_b99166d0,0.98586394761713,0.4356437377832895,0.162126025015326,0.3721644525139939,0.3129817244811186,118050.67596284344,0.5302540338759039,0.7039686604153883,0.029063845429378617,0.3023744618061425,0.542098413015462
cust_e32ad86b,0.9405017108501285,0.41392991648543376,0.3599387728356577,0.2339662532470851,0.08864378416065208,82305.53645287263,0.3920991047118803,0.7155152603252,0.17692770317636444,0.21082285090887554,0.9418130780642205
cust_f317cc8e,0.7787558749654839,0.8033093197463116,0.38432606127457886,0.3906790279415898,0.2900582595004881,50272.48843348926,0.44129491409153443,0.5843769833932428,0.26256068594102805,0.3969957865914352,0.6962468487598978
cust_793c87f0,0.5330030545799677,0.41822192139252135,0.37324542091764007,0.7467852591621483,0.24650434030462168,117674.30447510496,0.18343760870542303,0.3733578152965996,0.32117587409195575,0.17650294934946353,0.37661128407264
cust_c0e42016,0.9607008711133213,0.6581773117951719,0.2918019738642605,0.39815197270431857,0.458172426253597,5340.853525774737,0.27974400637104546,0.45295645844909044,0.1454316270672867,0.3586409653609456,0.2989396885254753
cust_7bfb07f9,0.8448050976637831,0.7460606340888283,0.3095539822093148,0.2944031978291468,0.2936526501618483,8295.727258929935,0.6125144667273069,0.43824161276253826,0.08560611068197983,0.4556157162334638,0.42169135004532093
cust_0fdf32de,0.7849372225760419,0.4539458154424186,0.5751580185765405,0.29569572432413116,0.3159046761293871,346437.84979278705,0.1597835306760454,0.19611368592675366,0.14373058453153928,0.2640483987481448,0.8006119737353815
cust_e20c711d,0.8590899364427259,0.3101703351336488,0.4220658169868474,0.22101878078216827,0.4878271101518289,46582.41306471199,0.5320303200819042,0.5186678641220968,0.24651693634030883,0.13928943161220306,0.12461643632828792
cust_5d66b1be,0.8245776588605184,0.22949251324130956,0.5287144947218039,0.26527327022197,0.1568378047696003,20280.544657164195,0.5245054146419048,0.5516232144356047,0.33047525258129434,0.12774321104470782,0.44979793499409015
cust_5d4ede68,0.7730396297582384,0.3573761709649153,0.5414130770998217,0.4487101998081061,0.7502867227770652,6926.888719982351,0.6785259561546699,0.7806151493901282,0.4308807268548289,0.1434466790106192,0.14518741229811416
cust_77aa22f1,0.3929288428552391,0.21740224999671204,0.21707093876813824,0.5317223543303153,0.2943195457896108,89290.06095315295,0.10262678604039384,0.47718260915074895,0.1662573276841141,0.13270651318435858,0.23384519595995942
cust_dcd0c4e3,0.7306856849395968,0.3223218984559012,0.2473461216017105,0.5702179535655592,0.6064799367080084,6848.080619474818,0.42222783654680823,0.3435788090567588,0.1419381027793681,0.01974524340737706,0.08000723832268543
cust_f46a5fb9,0.8482502946417644,0.26683108620989515,0.5105023370388555,0.3362050099273259,0.17449421012543587,184002.16895305496,0.2818408813511928,0.36210779088917566,0.24720033245637796,0.1646286710453877,0.7994665281021721
cust_f0ffcb6d,0.92242423035835,0.5685909193041323,0.47218431872494354,0.02362658062368342,0.5084055651533477,153904.42527916076,0.1079228032583856,0.33716981338954516,0.3216986255270769,0.21208350511970817,0.7546645209612456
cust_c4c57fbe,0.4033497452763017,0.4930352192133339,0.33304119188391546,0.38541725866447296,0.39006831313862433,3121.6898141679108,0.27155609872548436,0.6024408685177471,0.2422184702047641,0.3539457615030503,0.14882061848501574
cust_8d7e2c7f,0.6970878500794788,0.0987094309434472,0.22685757229833545,0.04443016593889432,0.3042294529352918,8108.853165377315,0.5569727846050234,0.25589642513527605,0.1716297478184139,0.05515203402921515,0.055288865834531825
cust_7b57afe2,0.7547367093783732,0.6367585722787366,0.7431845943344644,0.2472204165758639,0.470647471605547,9666.937225345246,0.32661863357672416,0.664362957182302,0.4009239978921586,0.24727510869168778,0.2805109336257187
cust_367d6bc0,0.8551258877009782,0.39145029529624215,0.2387807323320714,0.38172713559061766,0.31596248732723714,17657.59189134791,0.3133650845343481,0.36967021240702524,0.19335767299839368,0.11212569922049208,0.07546011032281993
cust_6beddc97,0.9312468323332154,0.4892811475859337,0.9667302230707795,0.43151801143183854,0.013052055828718623,94296.9078671026,0.6104030042760636,0.716507482199612,0.6782784805680329,0.2100992279722687,0.5389295187082223
cust_16d591e8,0.69809695511793,0.762615349276246,0.3849985495579234,0.4824113665260716,0.6137573200742606,65015.6024696569,0.5799512707143006,0.3822191849914785,0.2776721439718254,0.602164916298789,0.9530689940860123
cust_ffab7ecb,0.9347224669620847,0.5492999470455339,0.888526188282685,0.2741924178799711,0.41638856380847517,7205.438319867108,0.20957698605208272,0.40324192354325866,0.44557827331363487,0.4182247199795613,0.26959219517324384
cust_aba782bb,0.7593839200548341,0.5739873774451419,0.25953702636491505,0.3766453650738174,0.4572894109679707,1238.089842860021,0.4990569893085537,0.3343308471555078,0.1144634029669191,0.11057869908427076,0.09203116203852815
cust_263557ab,0.8526028862133048,0.9158203660625595,0.2158723051470138,0.2629074038356852,0.5592783883286085,20974.235894540157,0.6268035700781649,0.3972319861715348,0.13284614427140548,0.2789949095963166,0.0024757293453390385
cust_416b05ee,0.7206071327407875,0.6939906366678797,0.45019930839191213,0.20430684819110265,0.19231448649000152,3855.8519390907104,0.27394813660883716,0.6499953888345543,0.4043382856602289,0.3398110872287218,0.060294016789064715
cust_d0a5f030,0.9745046566038378,0.5889515158985725,0.5909233402190539,0.19147466390965037,0.08001064367975326,94934.05649859349,0.3159889560747582,0.37573563090055717,0.35140778512400384,0.289747259750879,0.5352702056455232
cust_58b79524,0.7313767855353477,0.6819414725178266,0.8846220891372821,0.25375493296167634,0.11009818443357305,49288.085909834634,0.2593655283127471,0.6146064473835176,0.5883237022875355,0.23997237971661553,0.22163735836923942
cust_15824891,0.5712695099067961,0.4078888614869209,0.5202297685759957,0.009022240176050297,0.16353793199751876,8669.184761957185,0.2427587268882404,0.5387753294024615,0.2396000288385227,0.21937475359529035,0.444640159724993
cust_cff21d99,0.37755614630165124,0.13402827129175027,0.29465791890995446,0.27480577072225637,0.23272337761630388,42007.076484016165,0.39797179001127364,0.2757967986004729,0.12143740456997418,0.06008052863337972,0.04040872681955516
cust_81450cf3,0.9090725045241052,0.4463570212974666,0.41115138423076975,0.12948020830595253,0.5769045307315883,4279.1347632959605,0.14195769045431927,0.3789597673324854,0.2430551853736296,0.11569856632793935,0.027482015709018946
cust_b69797f1,0.85771117615026,0.6967492656116425,0.560717126601787,0.2993240236132851,0.5494611008831194,25641.858008892643,0.1826718715819421,0.593930141312256,0.46246276446017925,0.09311627358979054,0.33866968747142173
cust_2ff6e45e,0.8429569901698175,0.7739135457634801,0.46586764433924577,0.09991982249703124,0.23732129352459075,9848.192529420026,0.18423446385703598,0.6195551554891512,0.1453137151843067,0.40928865074312837,0.104164623733873
cust_51b9ebdf,0.7828658637111726,0.4014269552265028,0.8081916365199009,0.1880220849462481,0.301837398696066,170136.68765971172,0.296452377035777,0.32582439641513744,0.7468907385889201,0.21352529432006406,0.7973323674202629
cust_5c982ce4,0.7727473487139548,0.35705746545178896,0.5159523712209452,0.18143316321078323,0.15641780825285434,30357.177443788503,0.3946831517831605,0.6334663904030401,0.4413862953413405,0.18101377189773402,0.11410887469624263
cust_13d0b143,0.9494807328520009,0.2537503649805727,0.3917979373985339,0.17512285870909902,0.3568796375110611,12604.607357355582,0.4015956051364858,0.23734332460225763,0.3468571991183305,0.12452830203354306,0.008998068834176233
cust_b80d81bf,0.3158792053970375,0.6054419224296079,0.3519960733024846,0.04830710296783271,0.03766408633092826,21369.022253109542,0.5918273392461578,0.3371136772962189,0.2885713550251296,0.5388202170740292,0.031425593522562606
cust_ed381e8f,0.8641358809709893,0.27840602190435876,0.1612823475687098,0.4493634650133981,0.11286018781795079,19063.41545140536,0.5335620671663698,0.3029233551418378,0.09274613703077633,0.14138116247992968,0.15439546091561987
cust_4db55253,0.5613547224537736,0.13897912464158976,0.665487711315808,0.4447493077202805,0.23638744324097286,29715.35273119597,0.20219617250600191,0.34251173481300073,0.5606010602525691,0.011745916037465701,0.1643123136830519
cust_712f98dc,0.9026847040167102,0.49221958337648986,0.1376498222264813,0.47214028200733693,0.30124006976823875,348426.9129904516,0.22362691988431055,0.7873073453430939,0.0606468083193475,0.42598110448665066,0.2373661530968133
cust_65441199,0.7583516890306946,0.5450311631707093,0.47864762137572636,0.31897765280095147,0.4084798279965174,5098.30480009338,0.21143198438035135,0.7348963378000406,0.14034552086602856,0.4506775651867697,0.10683371073014504
cust_192f3f62,0.5399462989584306,0.43183295531540333,0.43233671457300366,0.17012246513243257,0.6810524194299103,16451.210963722766,0.49204378413981265,0.5720258477124429,0.2347545097188688,0.04318617439358369,0.24501606423102185
cust_80135268,0.9883616035748564,0.5877472046028647,0.6347588643066692,0.21660078970476804,0.33051947300203893,15900.042653755521,0.24129557464277004,0.49097973063561745,0.33116252143522085,0.48748451011896266,0.01753014535391449
cust_b52cbe46,0.47714908963007735,0.6167688748897195,0.48145527083517997,0.42041743672282184,0.5045469369597155,102041.411489225,0.45089506777171134,0.6766451955473869,0.21422270020920223,0.3721369338266438,0.43440848447020397
cust_c3890376,0.8648975338325489,0.2552212171086954,0.3296036939958925,0.2206774022101498,0.25972488758409196,1197.6409990739016,0.13249908018514114,0.4728181080122337,0.23850899602952302,0.1651062938293715,0.05682586837695848
cust_02b0532f,0.8785765258516495,0.47960071948254945,0.28406873956183554,0.5500950383049479,0.1992386632909451,118679.49796158995,0.02623855637389754,0.5735562476316681,0.11209412347823776,0.06236811980319156,0.618405673954933
cust_d37a6bd2,0.7379319325688973,0.8040746360102561,0.38740841926921815,0.2930684483198573,0.5513080296571434,141178.44963071667,0.527258458755881,0.39373261752994654,0.15836165603927246,0.16064592157077998,0.8061403337042832
cust_62815f2b,0.767671476676205,0.34611268889651264,0.23229339117628453,0.18121395916768387,0.29379227793779256,19967.182233369746,0.18489691026596744,0.4825767829519161,0.1432736350552309,0.21805844671454255,0.6912790203024315
cust_7c738b1c,0.8798010815694935,0.43789895493798636,0.07909720606680402,0.344495519275487,0.32815338233482333,41986.25378161275,0.559163244188303,0.46619935389609374,0.03614786706062651,0.30806139524416115,0.1345373068215173
cust_2d54d7d6,0.5690155532041932,0.5452605198220882,0.7112007063551213,0.03983846323453839,0.055115612309786885,48911.55516582503,0.2475978683366443,0.47409631638919464,0.21135873791011692,0.4397926819051621,0.03119166041255789
cust_101dfd00,0.8141388888317148,0.24458477321483155,0.26595991218302617,0.1622765830923965,0.25529041242326184,54200.6329762182,0.3296201426619566,0.6254361163500785,0.10037388011463025,0.15332793526615074,0.6936142283009209
cust_c394a2f8,0.9268325524198799,0.5084202177171924,0.6010209044136966,0.35112919916935187,0.540599947046298,56262.55687973843,0.385229131462827,0.43502259794992193,0.3991731312142834,0.20117616466204782,0.09369602212590494
cust_bded5c90,0.635061720795866,0.5393827539745085,0.5502331306713151,0.5180223226436931,0.08661964311198778,10789.446288267016,0.10325523670961849,0.5954915223773933,0.4323629206653157,0.07615706172875254,0.0747293783931733
cust_de72a5da,0.8788854733571582,0.5155747755123836,0.5778627528260599,0.15028110280525953,0.45079968034425066,279033.20035939413,0.20867983098444917,0.5188069143190719,0.5008385350552583,0.4016873215314304,0.341555758817999
cust_a04cfcc6,0.4284939116269567,0.07841828572306189,0.4218598354720617,0.5538952126258656,0.5101706033751973,213355.24391586264,0.23287102976300877,0.6391179209493881,0.3034964419441788,0.06600159971646624,0.6892959101380064
cust_7248d92e,0.89343068244143,0.7825895979416566,0.23727502533643358,0.21415949031800166,0.6314012391726994,11577.128030774018,0.5730943624571121,0.8541478741756775,0.21505458724743454,0.3705160548585452,0.03720026778968054
cust_2fa2ffd8,0.9661879109685854,0.27287904632090826,0.5149103868348215,0.3535472762145866,0.47126294020927806,6628.504933141371,0.36985825630497204,0.21204992083318555,0.28263269164825433,0.20203984869817676,0.16154971039012234
cust_e7466a11,0.6391901246774909,0.678132005207806,0.5033558888746726,0.3534701341320457,0.15533132872732422,1168.873320966719,0.30198051315240176,0.25953874142327293,0.2879188467731129,0.1358342107181506,0.2531391694352433
cust_984dd4d5,0.2860494137155349,0.4766205776051159,0.593522817404214,0.21359275259153432,0.5426462469528742,15235.553214307978,0.3906385218025076,0.6294270182371469,0.3202606140624292,0.2102794944176641,0.05623102163052555
cust_292cf08e,0.8433381589415716,0.3684181951579522,0.7810935697067466,0.041593388218159624,0.591224148955649,65196.48331004433,0.43730097176246097,0.11404647551633476,0.48249011742043146,0.27424680468794893,0.766641906375089
cust_3ee03fa1,0.8318979616853304,0.49437411378718055,0.055421782102068017,0.440703479272135,0.5811161119511834,41765.70064136782,0.4181959132821681,0.3417547522939991,0.027466514723216935,0.3079015102408124,0.024722550622206324
cust_44e4a127,0.8893717255374164,0.43197582437892784,0.3630667400453096,0.7647318139975654,0.21857877669206147,20629.220942539694,0.1442600947588046,0.8460141419182593,0.1598755304204699,0.3410893381417496,0.16703576591711772
cust_5370580c,0.9578634365528278,0.5424178740332982,0.5875852708866153,0.3488955408998155,0.2624627640635839,75297.9052168704,0.21260820579567813,0.6088464280830409,0.3756489723344746,0.35761271146495055,0.48239809522391525
cust_108a739f,0.8328507769420386,0.07910925124517677,0.5412980220369136,0.5698059613292787,0.3689257198445432,97497.05178709346,0.34247731966074924,0.6383188043379954,0.33422843932587215,0.02098010217890937,0.5003686189835707
cust_de92384b,0.534960197047589,0.30318063494072656,0.49254292298020225,0.30992285782269924,0.451296519647321,4564.756150712142,0.1461361780414115,0.199067249749325,0.10231745831623036,0.217539901209533,0.050013595920545675
cust_2522a074,0.850722401043333,0.5859050355162664,0.586915522254774,0.4047474855719099,0.16138728299519411,38985.07207416979,0.18046478079180708,0.3759442018841917,0.5091015417518859,0.21995062923762057,0.10870095082493444
cust_e4f288e9,0.7739798503966663,0.41601680197863444,0.6524458372675941,0.4050961615856,0.22685671780777283,2767.966952150826,0.08847369929216169,0.29332281216683426,0.5422485433912726,0.29087775785754516,0.12853445704395045
cust_3bc52aaf,0.7018510843601933,0.3931511304035295,0.1636983829757243,0.2327790974257666,0.6200369115116122,46869.91698588314,0.39795706531369646,0.3811180561637458,0.06445755150417846,0.14315333922699308,0.04036521956538812
cust_3389508d,0.5596689633591537,0.5685938716324784,0.5642764353930169,0.549408511804624,0.32593714670649565,7127.7119511636265,0.15495821191875325,0.7038851240266466,0.405661235399175,0.19350872178182216,0.5258444206565578
cust_b57b0cc6,0.8036480762792683,0.5385552217506735,0.8320002217396189,0.495563279342645,0.06446851629378228,85738.31090913847,0.556024060657119,0.3973298878979447,0.24261683417673904,0.19488171044694777,0.5590029233817767
cust_311d76a9,0.9403797313961011,0.5962096334397906,0.506809551916203,0.17069662983314152,0.4405624761585898,62220.8115410669,0.5358730524276462,0.6520436738326509,0.48099724568227786,0.31565465884672966,0.715134457728863
cust_370a98a4,0.7000872735023363,0.41416103980289354,0.46749573243568526,0.35049528751402576,0.19347579203761092,30773.28969398774,0.24140277255320491,0.6865123490984679,0.358867298554955,0.10496294233673606,0.3200274457788741
cust_c054bcf7,0.8200311491858662,0.6332301368215005,0.04927358689589971,0.2545050345234254,0.03577804375924894,18093.09849972667,0.19608402008046308,0.508784404464556,0.031036130924213073,0.2665699202985616,0.17008420741396177
cust_d0c0f815,0.941216004084982,0.44995406471547766,0.7254148375802938,0.25787431718881204,0.17552432900343568,11909.688895727864,0.49418330913597575,0.22638894560691689,0.6140095704183709,0.15646533315446,0.4690058414643896
cust_6c7d3f07,0.629487943958381,0.10524109600570161,0.3395568093876266,0.3491048624963798,0.1504199816914031,10112.966695089912,0.3056537911662527,0.8073027144585981,0.28562757877685735,0.03227303521131342,0.052176126046731226
cust_a20b0fc0,0.9420547683617231,0.3665061928425445,0.11331670853837779,0.5295074900595648,0.36662697125144733,41420.96818822959,0.22701901000074404,0.6513537153989488,0.06233055823429387,0.22001170035386497,0.19344828142960577
cust_f1e92177,0.6846171692980846,0.23957757899627355,0.12265058427555796,0.27287183869810533,0.350270024417106,1790.595877131075,0.12143435107109352,0.34712797792118655,0.08887075914990969,0.1374009588687254,0.5029953000498226
cust_a8df8c44,0.9053975997415523,0.5020335184837936,0.15723579208277172,0.08439444563612213,0.586154642855678,14137.808165618655,0.3486578989527759,0.5224166779051237,0.09197757719938944,0.3268934757399563,0.22557009961740965
cust_99a34077,0.7935762523992896,0.25413801928955526,0.4296579686831583,0.27203387215609354,0.30519399259513275,171024.91151720105,0.6343938388784484,0.43853240990168096,0.14171373922087835,0.05638553777591955,0.4828066085416409
cust_5457f335,0.8057594002358599,0.4679377904390189,0.33468150395090274,0.11022151163785542,0.3739272509902667,13515.07025363567,0.34949215816582496,0.5702444263134206,0.16199502740916652,0.08517432083817264,0.09186692524545728
cust_ea37e4f4,0.9480458350373281,0.7351237370348872,0.398050782090815,0.27356934382963327,0.38937312348877673,79810.01474801447,0.30593438109492554,0.5235380261265803,0.28016333630347695,0.35321575912724085,0.5044017656731932
cust_6abe22e6,0.7351328574339947,0.6650566572820792,0.11579240145378747,0.11444979003092556,0.4955927586968932,16410.21686720177,0.08724930635759336,0.4189073000756003,0.04002523121691323,0.1476797656760787,0.05367112096362936
cust_e1029242,0.534410349238632,0.40500444218483667,0.10947652957317405,0.44679827446806725,0.3043098801557958,1821.7573411108442,0.3348125836793837,0.29002397236368094,0.055125925244293106,0.1969212726839412,0.3640571484991367
cust_75b9d124,0.8350381080098865,0.7062649364967554,0.48325826535920924,0.5239766184579445,0.27113374649399385,49444.361841600374,0.6532206065314153,0.6567111778926205,0.2522257239515427,0.22318498209252163,0.02659810482272016
cust_f4cb94b7,0.8615792110703702,0.6963385703686864,0.13211630813010738,0.2093229546864111,0.23762790679351625,108835.03797559731,0.18922915848981303,0.23059339316719174,0.08333975535772492,0.5246797782743212,0.9473288984174256
cust_5d394139,0.9618858900639652,0.25630874375695906,0.5196728513974902,0.07333516072982248,0.20151711461723273,5468.022619884031,0.07980790706310228,0.30010446515706934,0.5024649641567207,0.10734966954579002,0.039927003323329824
cust_9d70b90c,0.6781457750494779,0.29295507919870023,0.10310304863124786,0.16343228097798268,0.25817314031654315,10692.32971508095,0.19510013429404927,0.5123205720311792,0.06801027151233147,0.07608082169133822,0.28426684135894187
cust_85951aa3,0.7972920387529139,0.35070263500789817,0.05453304862289968,0.5286669320067369,0.3453229088695477,1775.5357185449516,0.22567914706813405,0.595490631217284,0.019772901282916228,0.09937705839896499,0.012497586790556434
cust_cf069fb0,0.6391950205463955,0.40697237623442,0.7274454578278851,0.16443502652745537,0.3209626847350462,9429.32650252717,0.5814468145929561,0.9480404947193679,0.3818193629673537,0.11960774503109935,0.8114796066344769
cust_1197acbe,0.8741909100499893,0.6732072126016049,0.48821409789962394,0.5732212022648104,0.407865667354643,4125.160211888264,0.483060385959778,0.4077515451491583,0.37857396736650084,0.0780375604559602,0.11254266351367785
cust_ff9ab0d8,0.7220962956593238,0.4396645569584433,0.20008345581838932,0.8160049034935687,0.18180054172457347,139238.60476049184,0.09194087202447063,0.6543229421068713,0.18258189843940398,0.05848504792947687,0.7349376751767153
cust_839ffeda,0.813343431790165,0.7768451449887857,0.32728812098672144,0.3017661136409884,0.4355793830151964,23094.356171047275,0.6083070438287321,0.4412359900207737,0.18487012294349575,0.08881724366640605,0.3716410793413199
cust_dc8e47e7,0.4482169075034122,0.49113362320190157,0.21007946785286766,0.31907072831691635,0.24077869825201081,7559.165524614831,0.38504356411934554,0.560711270916013,0.17081608869697185,0.24588770682768457,0.034310379257579265
cust_013f38bd,0.7184597290358686,0.6919463138392384,0.5656690861340513,0.19391498920873623,0.11669722058950437,8655.469001960926,0.6999546590737116,0.2803494856028857,0.3505824859101386,0.43042022374625794,0.1418735220639373
cust_50284e08,0.8840033361940097,0.49746292684063537,0.4096120681525996,0.4980436091728448,0.14896049950212764,23864.156835044767,0.232787860519248,0.4446471777479954,0.24148167129008452,0.41693208096625856,0.007074710141000785
cust_a8740a61,0.5092828930579996,0.4072515421839407,0.12368444150111005,0.1973167406099433,0.27369554073998725,13097.546087737894,0.13021526129968566,0.2627955961925874,0.09166132172217233,0.15818193714972287,0.11715549719262186
cust_a5634da7,0.5701311401138671,0.24589881335270952,0.410407785523533,0.18060925349552331,0.14018323678778644,102446.67850547029,0.4567632267212406,0.2755410964979605,0.22850742511584568,0.18678834559957752,0.4708138166611954
cust_f5177cb1,0.6668837622569583,0.1950879760248939,0.18603923564593117,0.0667529512859154,0.3308436920575468,411760.35165806516,0.22964638123522763,0.7185569815808118,0.17621578263005652,0.01602134288422225,0.7165504626033848
cust_c2af78a8,0.8168654073608018,0.4133557862722376,0.3943813592812695,0.24038579722640008,0.06493048761233923,27455.92277079288,0.47423043516124813,0.46350197517695796,0.3594971514320121,0.10388836995720564,0.4346888013633358
cust_3ad6c4db,0.9434812684262214,0.42417770443975494,0.47140854297333634,0.25967600900235427,0.2993231252560502,215775.42033762156,0.16838673744806995,0.24134403712185584,0.3028868958420748,0.1820381059417311,0.7146627733825696
cust_710766eb,0.9306041300255304,0.48071066818006786,0.46044892810087756,0.1346277688408622,0.3074994664551455,26701.090917920494,0.14923549450511459,0.45661429920992386,0.3587135009999181,0.23720681372154734,0.14019348954173155
cust_da88346e,0.799701157549949,0.2164793209526799,0.2955909450007054,0.23059674709173872,0.13030591487571128,32923.291648738814,0.22130822684637916,0.2981135192199257,0.25589129929196475,0.15141088930595442,0.5853906408145527
cust_5de16ef6,0.5353866654821945,0.5654917927708708,0.43199834808088977,0.09458782243793744,0.7009833681929273,27994.88256889669,0.44489087480659334,0.7173827281226871,0.17522651991960753,0.3297200656783298,0.10837772944733999
cust_1dc7c6e7,0.6062363704833275,0.7410960402572413,0.10320729412843697,0.4881897002744012,0.216816816949376,70197.634906338,0.259830526975672,0.6853444988183943,0.06842034288848335,0.545740446170925,0.7941663120519135
cust_7c4791fa,0.7960438451872399,0.5012733978331356,0.11907379945103558,0.17292352835174798,0.13543540188965578,77691.31414178175,0.14778851579821808,0.45806558005357845,0.10976387927627497,0.34140661277687656,0.9182312462231967
cust_c8762c8b,0.8534112320589027,0.4646323143737467,0.06477071617475698,0.22103194329603532,0.1233356678767103,929.6351814521261,0.46824542359532323,0.5199636997739759,0.02152734153312156,0.1617151141291911,0.11176594897577828
cust_74dd3482,0.6851892663460196,0.2543065509073652,0.49308197289184835,0.44121519047256175,0.46413457927539936,18600.875454503977,0.11074406842936332,0.5134081426082444,0.13987487360455006,0.1260044256734155,0.043322681274546124
cust_f88c4b11,0.6200370431363671,0.45912002021860016,0.5131829114768774,0.14847936190899838,0.22402619891449926,2822.6684902275433,0.12116559076026145,0.6225005800312918,0.3839187983856577,0.20298257211873505,0.39875649133872865
cust_aeff8f78,0.7261685227014564,0.6638954668018578,0.5407117163602505,0.45106699249450627,0.5401975421285241,33678.16084487259,0.6514881040507466,0.3589468064157453,0.30942964687444335,0.6047177948960192,0.13667305106999272
cust_24b66836,0.642288948685446,0.3305102298209651,0.562603665503571,0.15252273659372023,0.6714175685325957,3512.3151752465537,0.31250211353542556,0.3745295762363017,0.4338873912783012,0.30794831190663124,0.4347160517081033
cust_ea324b16,0.846029942656397,0.486312681710949,0.4272596777997245,0.1437957169225602,0.35097330191693465,20971.75686420785,0.6500156234369668,0.11675287438121959,0.21902808015095684,0.1404747745672724,0.14020872279677568
cust_96b42d93,0.9038764524996699,0.41961813572572754,0.40115216614160654,0.3042850017681422,0.15317765226201208,3296.5527370327895,0.37340832456091466,0.4338085927187896,0.2324110460809964,0.15118752690751253,0.18178682762913548
cust_c2dd0c9d,0.9459888642339813,0.5820420085273822,0.05437028965246203,0.12901222781132266,0.625196523507533,6903.146625429646,0.28434294529646,0.42786067246227244,0.027848875691888125,0.1325715556838873,0.020634147382781128
cust_340a5b84,0.684494691172863,0.2063900277382793,0.40119063958088463,0.2644666691833229,0.45090146924422,8917.484371390345,0.1908096298784593,0.7328162259904556,0.3492465194957131,0.05670067940322742,0.15686296011357775
cust_825f51dc,0.8783463377208377,0.845444669214592,0.37902999162262196,0.28127356857605346,0.37197691388353454,1320.442457565454,0.2626578152997371,0.7000704659474963,0.29334501373498445,0.47644710140275354,0.4196117101066216
cust_dc555e68,0.6853851232845549,0.8995912633930638,0.4580418448694678,0.1664917961754189,0.3101333829370855,391362.56899423123,0.21161940198579524,0.4808747470504921,0.23911196602302925,0.5396238602316479,0.6836041860947859
cust_f8e999c9,0.6109403812167733,0.7386539832387522,0.40631610532050405,0.38406007064871134,0.1357012443665831,9819.3993365434,0.13207340045663532,0.6745830142778104,0.2703795128571294,0.6139853570757859,0.15758599374788237
cust_d704bdeb,0.6161571570308023,0.33079540420233183,0.7599465056272753,0.2873302958080959,0.29758272293149163,11482.40011891523,0.15647332698827204,0.31777904733873674,0.4166226988070235,0.22893362905043746,0.09079030784066544
cust_0198b63d,0.8839358893531676,0.6085523877881587,0.2826716577535421,0.20226192832595163,0.6840423445702932,8095.7574806190205,0.09885511633854187,0.5933336885987899,0.18170845748140027,0.3002973484466685,0.08987760205868316
cust_b24678f2,0.9660047815153513,0.37179488881298106,0.7676478042591239,0.21154115498463913,0.21449653731647345,3020.592077555286,0.4702856674105102,0.26680762709352746,0.445183415154819,0.1548664168032012,0.037799563486288976
cust_be68f7d9,0.6246451098478728,0.6091584616666166,0.3971204781871968,0.43409502585337234,0.23412761732545528,3745.256927252109,0.1802386181647473,0.1614008238154179,0.38577260351428905,0.21512739428248623,0.0026839144766639222
cust_24446b9d,0.8998953872974707,0.3419283815919801,0.6905369974906593,0.24038207987222382,0.4995759971548686,51176.111640903284,0.0868711539349289,0.6358727135326385,0.493127580290138,0.15861911591757044,0.4017289201349556
cust_621bb292,0.831433563266984,0.3527606962364168,0.167810626816636,0.14260665225374658,0.3973031616839489,7517.421423908819,0.13817358952410583,0.2051795962482383,0.13711103800533098,0.1358290418350672,0.3316831248378163
cust_b3acb13b,0.7565602094952536,0.44446783845325694,0.345452771876018,0.558850300974044,0.3133240493079587,45723.830957885206,0.3263764712574807,0.10484938077594143,0.22028891669460368,0.31757267054728217,0.011771061907037798
cust_222bf09e,0.5407085836187174,0.22016757252677907,0.1827772877435724,0.25764653780374447,0.4112990826829634,227923.68093526707,0.49024197023049854,0.5600853083023295,0.13188128216370665,0.1618611063327787,0.9115330054484548
cust_42de6a61,0.5675413361460682,0.6540520602447942,0.3800425121972143,0.3751771904172239,0.09036648264442508,216609.70346907654,0.43306599015783603,0.6379277869119695,0.22857318664884735,0.29722708563379585,0.4941379558633761
cust_ec050b8f,0.8414753578761289,0.6088034469888627,0.38270438689601116,0.8061979380904545,0.14432375232407635,14220.979437317434,0.11837015072386513,0.5533700608853708,0.3113096443961249,0.5372899458597465,0.004927475857797758
cust_ec4adc2d,0.6141009604919039,0.3491000126122705,0.5790720076199072,0.20527664188843125,0.41285420781333687,83498.23723038686,0.07175253603191073,0.44940232780587913,0.3101796730876326,0.05315437657093304,0.540449206614729
cust_762ecebb,0.9190041251689108,0.39039348432806475,0.19735667529469642,0.3307391953819995,0.506622755096994,22072.86023997197,0.08404310409159985,0.5504919823969586,0.1333721385158111,0.06846835401685762,0.12340448317717635
cust_f49dcc4c,0.6965031225182559,0.7110899607278912,0.5289627296431744,0.1524879249805653,0.246997251412286,154983.09011309606,0.09215398642827616,0.8944855221914946,0.1541939456769968,0.34299060613097343,0.8101568150020322
cust_1370599d,0.8947474384856624,0.5417798427499446,0.3106341163387581,0.14531017097041257,0.09401005408041559,12790.70439690597,0.49477784844168865,0.2025875246636975,0.08062477849428921,0.469965241494068,0.15911034183987727
cust_7adc83ed,0.8070271045410871,0.5029906400527127,0.4604890950406648,0.45888153234015205,0.5155681698070782,111491.39280406182,0.24405104376918507,0.4723881137558767,0.35786411791610884,0.29051124092860153,0.5800747093586459
cust_7b3ec51e,0.800688341455291,0.3660411907125911,0.1913823600302,0.16848964425959193,0.19992683817275164,25285.455984956316,0.5841790123604971,0.9537579142257431,0.11258484020285747,0.112150093237558,0.07181565036898449
cust_d9cdc5b7,0.7695020785507584,0.17969761962630362,0.23184749180380274,0.365370236170208,0.24779652967977542,548375.827266539,0.3893523215134405,0.6546901331774845,0.19375780517983088,0.052559209695113254,0.5455640349805978
cust_3a6d3e94,0.8238845829384255,0.31601233505761045,0.595257476053122,0.37319363865800564,0.2420352988191364,2438.294400074841,0.18540584881844968,0.46342454432521546,0.3315929638130491,0.08756114286241588,0.16076353543217003
cust_92f63be3,0.7275634253474317,0.40006140138751967,0.423260972053783,0.35090413753072053,0.5377148297361775,13097.50058679355,0.5297494835321976,0.6335120817533397,0.21614479094589883,0.0932128454693234,0.07625353301633997
cust_3952f40b,0.9079672544046862,0.13492422644667268,0.2660405082689827,0.5673613784952364,0.19313718854834552,104937.10568208451,0.15107344179561336,0.5280685795117785,0.17751326213523333,0.10875685395526881,0.5147521678777849
cust_ef71a7e0,0.529014828995314,0.35742335506786693,0.4826588030928128,0.2253501715721822,0.4271972868642152,9563.097726089694,0.5232626467542526,0.26709406653434214,0.2094625786676237,0.09230875181327484,0.17613693070248787
cust_ecb5ea9e,0.9013499573265799,0.40627988437742224,0.2775807355437309,0.267418869488724,0.06862989957081392,2741.686121590293,0.047062274488046625,0.6323766303394699,0.18635417570432714,0.17223467990683516,0.20412795136509926
cust_ddf4bfa2,0.6867089542444155,0.45620673345621043,0.30291422829593473,0.09712421450326256,0.20865403042848518,24547.71083944364,0.12314622400022036,0.49591413145647245,0.23218690503967943,0.32002150792118755,0.1839086162832977
cust_861ac480,0.7832789497166085,0.5319625905941016,0.46999155538415316,0.21791389510427145,0.6453156774552501,7318.9065237138275,0.2815991010847385,0.5978363006971681,0.35884645293336087,0.13929413195287213,0.012141138528292798
cust_c2571e66,0.8019508648843728,0.6711554479221585,0.5058174478890778,0.11927780852794273,0.2382500818202877,41537.05430771894,0.06679995555954232,0.7533781815927205,0.3416662599077411,0.2510710660055913,0.1231335611037553
cust_bc44773d,0.9116304912242703,0.35240250164225095,0.08543996121685775,0.5509359587073828,0.23965192009236855,66592.94851635375,0.5771293316378604,0.5148530321980546,0.038781523489976676,0.11257249024897024,0.9196224814073678
cust_36f46cdc,0.47784401527153986,0.3208297626837938,0.3933536884961145,0.2895128500256637,0.23522393862847257,143970.6591481942,0.21120000512139014,0.2927003978736438,0.1583381018357238,0.06726519935436871,0.6749620620294892
cust_b2677ce5,0.890129785285501,0.683312849149319,0.4230889310601416,0.25705987236915295,0.5673119218639601,9693.41981774229,0.31997907596350733,0.6820413697904937,0.14382566543816427,0.14489673740311473,0.30950654436128483
cust_dbf13ec4,0.821339859896431,0.724008854401506,0.3747485337238449,0.2969225801041865,0.19795169540831198,276233.33749825653,0.20548978544388108,0.4928481439360886,0.3666905613651399,0.5614369821383357,0.47289963910565685
cust_336e698a,0.8817156387874869,0.6827047525109659,0.5354783033523534,0.23345747916917065,0.19368016221012116,5985.735277549295,0.4205581575522185,0.5851376822420875,0.3730109484275675,0.35167400510475383,0.057525072601431575
cust_5298f228,0.9390507005580634,0.5691211143068898,0.6242056459885101,0.5502757886087616,0.24357722711084384,368809.49753386714,0.18409833934417466,0.24721643501025653,0.4830730516468384,0.2679999022147842,0.5982830233322408
cust_f8752fb9,0.6839481272020155,0.8650338392968351,0.5288353833085693,0.0760207580724886,0.499479929057576,3291.9450073964285,0.3139988806471203,0.1828062284105543,0.43377766850709903,0.14051092409300808,0.21315946348578205
cust_3af159e9,0.6461024374028981,0.21995718020201294,0.2452666639529765,0.06440915403169153,0.2941682919815225,5316.3844915391355,0.6396684525767683,0.9154748198108353,0.19460995811712367,0.09905969367003623,0.14189058188687265
cust_37aefd7f,0.9054293536930155,0.6305870819211445,0.6194283392464128,0.3777613610835595,0.5466576788328793,19034.013143211236,0.45223833294406096,0.3717490506230702,0.3141785160452673,0.5346376450841552,0.09437360720303493
cust_bbd6e99a,0.3796257757052204,0.4802088243130016,0.6914959295910293,0.3910086527363019,0.12793579569703836,20283.469164466016,0.49985447249573667,0.2838605323592048,0.21805976364681143,0.20575362362554284,0.365974449566867
cust_d874a888,0.7993008268247214,0.2523297711192044,0.5745343869233671,0.1913451087458981,0.5201289445974793,4929.126473154982,0.0896847462531538,0.1398254372450763,0.3344725415966272,0.13622595685053016,0.18267924041894645
cust_c9d990ca,0.8459785167771965,0.40320707887201923,0.4597689643823179,0.29375070252769175,0.5625807045310843,1828.0162196581202,0.3879820600441047,0.5657395529864834,0.29444867490782334,0.20366839678455106,0.1428198594106266
cust_5e23efce,0.8272548108874038,0.3406177985185657,0.49846523621780797,0.3560897236651112,0.15230832785792553,10280.56100533345,0.10594181184880015,0.2869796786250445,0.28265029389435337,0.1220445761034154,0.2643219531154131
cust_742045b1,0.6875870643663767,0.46397309911278783,0.1957027415859423,0.2886058112904719,0.2709268246694854,710.1346992952458,0.6600573666025015,0.8828866877370027,0.14804348926711955,0.07908373897330954,0.1275477743937752
cust_f74a6032,0.6734311858035648,0.17516367697124413,0.5077506774413341,0.406812447959988,0.20511475064269166,4358.754718379082,0.174574495757932,0.2152450405552257,0.33303355884752256,0.09759193118545463,0.5009523943517179
cust_9ed33b72,0.6420516900363851,0.16204595629661445,0.7409507697768715,0.34307163605777663,0.2558833674424472,8956.786886111935,0.31951497950898555,0.4492951114429981,0.525164266434239,0.04035496164761553,0.6309652462766276
cust_d83e6dbb,0.6135253311385875,0.676993223661904,0.4560296400670065,0.2484070159866808,0.6791626078379861,10107.61847797897,0.2340707609063074,0.36256902632019206,0.2561687194246707,0.47220305470734325,0.5607337240246424
cust_2b786474,0.8105508392957869,0.47933731268189783,0.3244603193425731,0.19008815637816706,0.3533370934043884,180834.48978202522,0.3208608399880544,0.5318176985576649,0.09924768972449205,0.24170626979598403,0.7406204715562471
