id,latent_payment_reliability,latent_liquidity,latent_digital_engagement,latent_price_sensitivity,latent_urgency,latent_customer_value,latent_retry_responsiveness,latent_delayed_retry_responsiveness,latent_message_responsiveness,latent_alternate_method_responsiveness,latent_human_escalation_responsiveness
cust_7aebe184,0.5355008738019764,0.2579174150971349,0.25482509817675386,0.4256707579182249,0.16596992439680264,4970.534123831536,0.14707886775567872,0.4664348436385921,0.2093242701328456,0.11847899947506993,0.1075942407300301
cust_e6e7bd1e,0.8077015611062445,0.3877431724929063,0.43657177921397283,0.07115905718232877,0.5628109322360564,1137.537811865237,0.2086012342720127,0.6120535635997856,0.19052147991989182,0.16597181154575202,0.023964586321597592
cust_f397bb29,0.7884669740537971,0.5905520046036214,0.2671385217561358,0.46055885411823766,0.12531942851699965,28346.037730525528,0.20131990910862196,0.3782219121672362,0.2165261312719758,0.3342533145820935,0.21677521308597406
cust_c9cfb7a6,0.7286533836321651,0.5354942967697136,0.4124965974263792,0.07684684413183453,0.19809675753562256,139760.92505421038,0.2841476806491797,0.36933525894492114,0.2711293853954261,0.20869625150899326,0.3330541549179523
cust_28ab2442,0.8159425179826948,0.25086314577418023,0.3806228716036444,0.39615366496912224,0.03815468469550316,77885.66925484169,0.49228722698369953,0.3353653144461065,0.2051297650808132,0.1994445758283853,0.7148677608197149
cust_2f605c9d,0.9783636786277687,0.41373597111145993,0.6056265004059349,0.4779647136632137,0.14720113908233423,218147.8121321584,0.2571353961938732,0.4454772582908494,0.2918308635651892,0.3330621408992523,0.4311452271337469
cust_d7c981b6,0.48757501038995243,0.6897812768108104,0.32591452092214324,0.24792474210163234,0.06158551712732098,334797.2294158387,0.22260298345008955,0.20437462692295819,0.2615552610483175,0.3076161216258706,0.48564429870992926
cust_ffa4ddf4,0.634909822384335,0.44106686288338187,0.2825658292283192,0.6224598563849763,0.42708357336685127,16867.92990696292,0.2769705588814728,0.7938760111473717,0.17854747898423326,0.14609048669699234,0.18915066857038015
cust_2d6a8e95,0.558704887656711,0.2354894322094647,0.4413477684402732,0.29089226721489303,0.29899503749366513,19151.99518336517,0.22888462349126987,0.39121994583801567,0.16974141670223622,0.17409765617706777,0.06392729168549117
cust_3531350e,0.8960872676793371,0.6446150538762672,0.1590519959014287,0.46813159643063024,0.05492771447172515,20656.144978581604,0.0541969534904542,0.6973848478459894,0.05577454154998134,0.35286971987050886,0.10488645290547162
cust_c77472ef,0.498447999975619,0.7242074516439588,0.692702641258008,0.30483091689197317,0.12758605382378727,10359.137103728945,0.5015231320272455,0.4988509743264478,0.25950121391558256,0.24819370537063856,0.022723574116013986
cust_a71c37bb,0.837899532942079,0.8950242736732116,0.46671931103929104,0.38249594196555065,0.6024428337094984,3790.260656703153,0.2625777689093468,0.3727048049267809,0.31008971152813797,0.6700006544911605,0.1390838372670624
cust_02723563,0.6011290683821744,0.4895653151238298,0.18320008392835768,0.19340554843939287,0.19670248505631385,418290.14230402466,0.47029877165466194,0.21350883415685354,0.16455171391523438,0.14701873331577006,0.8343406819575919
cust_5036a610,0.6301879688253837,0.6124319733673272,0.7758676424236809,0.4512345744422058,0.28862918289892975,163663.50893319392,0.2579906588118701,0.4457097975857978,0.3934860714363726,0.39751823809224257,0.877388996343792
cust_9887a9fe,0.8560348396296464,0.7671529798478804,0.4609423392128072,0.43661758835548636,0.08159786274678103,1856.8054621807387,0.34797208964270404,0.1836133873925136,0.4173937435755613,0.06551589041474366,0.0694447340623089
cust_d27858ed,0.6738128863509731,0.4346668469229709,0.24137552654783334,0.6421951848869225,0.5332053733049205,105627.31212980812,0.2402658657020249,0.39122442585690675,0.21634825707494107,0.15802428373673455,0.6665608314610095
cust_35a901cc,0.7053190976398258,0.6715454224023996,0.5794222585480028,0.24066842752391215,0.10348521814706003,16081.88298953156,0.18237865849497117,0.5387804929476246,0.3803693969314323,0.17238542348694585,0.158592766176561
cust_6192e631,0.9607196996526876,0.5255572334189591,0.09173648618908377,0.2802454386744401,0.39070601420680473,11571.501681434984,0.21336887356292492,0.21050721976082695,0.0615235897650233,0.2967372198399798,0.07404062419902116
cust_92290965,0.861499180651792,0.4040144628222886,0.33144884615599796,0.360102823154352,0.3693867032808887,33964.732568782216,0.4543752439401311,0.13673466028074158,0.2190013249288216,0.2227905792759135,0.18236376926953618
cust_496c5033,0.7772993793018482,0.5184224333173358,0.04127890715987388,0.5964808932021055,0.519464926191089,4049.9554659305763,0.447597272805325,0.25283558674092643,0.027322213706431862,0.16353915512449646,0.11167615146537273
cust_f6609257,0.6214001257113558,0.787991787277264,0.13831832735627775,0.07762837440423805,0.8785659670803387,6116.253127952442,0.21927182180126198,0.4560721639227764,0.05028723711128599,0.46364472540125556,0.055117527959634836
cust_8da7861c,0.7991300975529618,0.8311913356162512,0.657419142874843,0.5840840330275894,0.5091012279191234,23790.465115901796,0.42188426223326186,0.49543876961963096,0.34019505973314756,0.5333740737241196,0.34026417409418536
cust_8108db71,0.8086454103939413,0.7876030440628922,0.4608735400718518,0.12744453276398238,0.283066237712788,5169.213941475446,0.19246467995136368,0.6256216725408398,0.1683471490113375,0.7458514533682736,0.035498846767879275
cust_5109a7fc,0.7976950602725126,0.4248561529950882,0.18196369903187357,0.2816352283369997,0.3511934855647778,2870.213408168345,0.47949612349990667,0.3533227358061791,0.12558484653064375,0.1808630360992004,0.436812585200882
cust_924f8cb8,0.6640496773061906,0.34885146466613737,0.5323584571155447,0.40703922271716164,0.3442532982622528,7595.87572818524,0.2718619825088904,0.4377282048359481,0.1787039364355486,0.1792024937329008,0.06819418282850793
cust_43fdec8e,0.8045150409013142,0.2752939212334691,0.6272869389353268,0.22257320657244228,0.47650117992998975,93497.95361145675,0.49183037735940155,0.5812686200261792,0.32929898583467243,0.15644932476657192,0.689636804391065
cust_95a8d1b8,0.34753181347215323,0.40653889916141084,0.3816901587086357,0.1833496775415946,0.7437528015351254,93245.42716340163,0.48329115252184074,0.34311983679076336,0.2613523419297283,0.1746485380990382,0.830429385198551
cust_a137ac10,0.8232726041808265,0.77602003966472,0.690674868551972,0.3106111294336821,0.30590808670372815,2854.2744533168952,0.37571621161929053,0.42126411300236866,0.32243165613762487,0.05700762979520106,0.0343721385913329
cust_2c8a573e,0.9037344560201865,0.46483277223549707,0.26289786990188363,0.2967595306170262,0.44172244433061997,5521.286191875307,0.17619948606401142,0.6475816004305214,0.14348882442252714,0.12472930729762995,0.3287312224908134
cust_46fb82f3,0.6883595665704115,0.4668545194352665,0.24109731673292364,0.04191569952866605,0.4416326979190763,98899.31920559435,0.41661641443782355,0.6032812939428632,0.22371083737422182,0.30982899816615267,0.7045430773623357
cust_c711b506,0.8195150433711916,0.6617021907896476,0.24696627922578002,0.21789728952577533,0.2677752510224731,1391.5314591008014,0.5904247237526471,0.6855902045871668,0.08625058288405571,0.40827289325828425,0.03554737587474362
cust_06e5a67b,0.6064946569272426,0.3833770202326736,0.4345983542201563,0.09547495457494588,0.4968755298929593,35568.58896472854,0.6704493749652022,0.6756219661410159,0.29732609392677983,0.0925914272785217,0.26590175139251476
cust_0a9b6a9c,0.6955821033111159,0.31153077695496534,0.40655007412288985,0.3732234347502348,0.2701911330483865,5642.726287958043,0.5424344253439847,0.29346096060693044,0.2349213103803006,0.16652827343841803,0.07825453094133376
cust_58257718,0.8313106109955707,0.12470136266280556,0.2950077649653179,0.5760532636370798,0.6135630931101522,27242.94885976387,0.5952826745831732,0.7402984013943602,0.2693568135466679,0.09601237996821141,0.11748049552081812
cust_fb38d692,0.8797930595859036,0.9019767288779477,0.37603368268160886,0.49420522960235524,0.11316530799338986,3873.155668316591,0.3012195838706262,0.457621702516181,0.28069219898567793,0.5854802738617514,0.07009308965592384
cust_41ca528a,0.9308087730901863,0.3217021704943107,0.3742162582331826,0.14112455432924864,0.4871739367212959,13978.999271653971,0.523038525594614,0.5798963471233864,0.1473742808388739,0.11371567835327956,0.30229455093439
cust_e0544f15,0.7041074008444242,0.3283904734771741,0.3806837224487372,0.5097288081622582,0.23788254795031144,27619.264994067853,0.4047151682735807,0.8336024803259007,0.19513051357539582,0.14068059652610668,0.30861762984315233
cust_dbe44c2f,0.8871402821855459,0.8344283973447264,0.42391031326570905,0.5219645604423783,0.13154885554448742,156905.036378269,0.15213501610585473,0.19187713898027955,0.24245264324439855,0.4434816893458165,0.5981607688223672
cust_f35732a2,0.45224879510557486,0.6198496810808054,0.5979507520305375,0.274535755287242,0.37582291448465643,187235.55383500727,0.13656856573582568,0.3742942447485267,0.5491647877866114,0.5448667835011237,0.695574578416978
cust_79097821,0.9701254086681775,0.6498611066772478,0.31414650415707607,0.30784851885195447,0.37285026258602055,19638.10350707745,0.5263316707967267,0.3264275427731116,0.2094572532542482,0.2213053475613485,0.07841114149225935
cust_4a0be9ad,0.665825468960035,0.8116252189377731,0.7009561310834068,0.34194218738980975,0.7178065272147285,105959.044261692,0.1385162425965816,0.3270565252415606,0.45441314615952716,0.5127573761972167,0.7106594597072524
cust_09066a40,0.9645325650764687,0.4881477082183913,0.229795857554365,0.13895554933479326,0.6208778288215903,4845.3394340158175,0.11116791830294717,0.5273737558657146,0.13125333573073844,0.27234747690456257,0.22985375608716657
cust_4eb5dfbe,0.9399893038398137,0.6292342166758652,0.018835667128609627,0.38429780634661054,0.05555836457493232,84626.96696771833,0.2725433006940115,0.7156170163477352,0.010956074255926172,0.2959296640649077,0.8706891185955996
cust_fd563acc,0.808395132748781,0.3095115429680433,0.07085299502170475,0.2385698371103801,0.18531629882691397,256896.28457197524,0.7143453741861621,0.6410002208887762,0.03727507098461049,0.07813901626154464,0.25765189749471074
cust_04e5b127,0.6243125021244968,0.45224932172857135,0.11054885786611632,0.4151676701438466,0.2604264880242937,12597.93941113133,0.45273535269262377,0.4427448122714658,0.07524973489209656,0.21756323984037687,0.1672594091682305
cust_978b7950,0.8597604305752182,0.5595561364082519,0.1403513947084532,0.21640260736370434,0.4207325204420184,40211.4061836704,0.6960984950214804,0.2665213814087354,0.03567297275437216,0.39135329728388923,0.10123193771824728
cust_6c0d2026,0.896869041690091,0.22103824357287913,0.14622335968798852,0.24380460001560217,0.34325781795646604,43702.39349970524,0.17601977665449597,0.45877213397568367,0.10048470549642072,0.0823079361139071,0.005333089709451374
cust_fa9cb7ce,0.7580249169398088,0.4422894917516427,0.552144468314602,0.0376189124156104,0.3295947193152926,42649.70445676242,0.17820904096624676,0.6452766087385117,0.3864563606642796,0.2815164126751022,0.12138522992441302
cust_9b06031a,0.7631168727865449,0.7000956293677943,0.3960184821757474,0.08375264487209896,0.1362925580102072,34307.442461488376,0.05548328492382763,0.45284124199572867,0.14953896832520547,0.15075110312638856,0.08228246615600543
cust_dad88b18,0.8998172751119669,0.1995666907973909,0.17025214537108335,0.6112476562726634,0.3806103924064608,16462.69039789566,0.22935876207140832,0.45008462566696805,0.10725930828549289,0.026262739087562683,0.18201400576883867
cust_b9d660b5,0.7233304744139571,0.20741667615062215,0.18807999850242754,0.4535052871781631,0.21708260794831533,6369.4608121385245,0.49705824536116694,0.7236240273669023,0.15546627270227817,0.0023010888915580814,0.10513507892638448
cust_2dbc061d,0.7443315890330117,0.6392184117124375,0.75164858788818,0.4107864564788902,0.3561121592802425,6797.031436021847,0.4234271499680961,0.6511267967033615,0.6726350094566691,0.11790339183067929,0.15652014340313428
cust_6248e3c2,0.8930733809197133,0.6932583050003776,0.4200373914937535,0.6002179741031074,0.563907642697503,5247.379031908097,0.14395056812546977,0.27412377777499486,0.20351106012686485,0.3293761758761338,0.080258022335323
cust_163fc05c,0.9639880770638121,0.83675036942256,0.6029458829897998,0.3191029617374376,0.2023075065271356,97009.05745490723,0.2911942163935292,0.7755252296570148,0.12677156462159164,0.4777950374103273,0.879026723254101
cust_a4796756,0.9356639494315785,0.422489942039249,0.2607136549412577,0.0558464592425124,0.2627297956090384,50180.33535430195,0.45266908361205427,0.46130191116956853,0.2024010458306873,0.13816983530441437,0.5442473435210102
cust_dcf8b4eb,0.47531383241879616,0.5066667509899037,0.4859571743412402,0.4990092958815204,0.04093494937908564,32679.978537066432,0.47845681848669724,0.26672274339173335,0.3929635722838106,0.22118728097343743,0.2666391602151683
cust_0fe98b0b,0.9767772320286506,0.565160224717049,0.5773945504222833,0.5933882080801969,0.20833578845834133,14457.147602154315,0.48804631226557726,0.23672181275118842,0.24474487176073206,0.16651936291440217,0.009391123194431318
cust_a51e1cc4,0.9367765453068009,0.8933626094258218,0.705948055466482,0.199118646818156,0.41441703008532316,26056.261036084943,0.6909164220003152,0.31293647544533676,0.3064730591450899,0.2841623376759791,0.060575402837079344
cust_057f8e82,0.4337582215292979,0.6654009707569971,0.10405134395332066,0.420279905057982,0.13136442723023392,23494.93743308696,0.4737665609206634,0.23881456448889932,0.058750362366044,0.31577839116254414,0.04202111615937378
cust_5336f9ce,0.7344507676011048,0.47233497920805073,0.3297409146550532,0.2918633081526999,0.18322374018285167,29499.5405435207,0.5212761320552688,0.2298527555846971,0.19290779736125094,0.3236242293912292,0.1341613062315324
cust_9b2f7219,0.6892267928702718,0.682635245837491,0.3538759558498018,0.23607673481772376,0.27765728735278494,27386.917648422765,0.24975196137834496,0.8284769467084547,0.27003726951416235,0.42750643065499966,0.015080253269805582
cust_da3173a2,0.4950892281657268,0.5751421763517127,0.09747261622363598,0.357599550392221,0.5690843916871408,11753.15436749875,0.15220881634493824,0.6446256881538769,0.0889726777476583,0.455216372260549,0.04068332565194821
cust_118f0197,0.8666699089874677,0.517926515900023,0.16411830637115551,0.4468601778122884,0.74729054407885,154925.85256092288,0.36311801262695376,0.3715867993923243,0.154713534654111,0.22165443566552417,0.6764524981594024
cust_c93422bf,0.480765321144156,0.422105815679751,0.14729804809575417,0.32363534140563766,0.25097137610949466,1673.5479136289641,0.01881322078114791,0.7127165175303526,0.1416838404338794,0.05553953214363811,0.04564138631412971
cust_efa6b7e8,0.6297834680945275,0.5310250283502224,0.3633817797623842,0.3903630569401754,0.49828852862614037,9707.985782835489,0.06062976065924481,0.22446871232723944,0.23653032442646352,0.47807523061963947,0.15075483089197628
cust_23a30aba,0.8616632099843902,0.40469432626129836,0.23118116489900645,0.11173009350212162,0.1575912741796749,34366.709993401404,0.5272596475297479,0.7173635741512732,0.15016263290548532,0.14815926624743744,0.26218866229637616
cust_61844f34,0.8564806176502378,0.14211743357129544,0.2850096800744005,0.23277323697975105,0.2694617458848566,16556.07861797053,0.3230672123432888,0.5442831190676398,0.13106534380267834,0.09648179756256595,0.13604986338497624
cust_dd36e8d8,0.9120267862197271,0.6596261479607398,0.24958321880202947,0.05841342764185437,0.16063605739830691,45934.04475958796,0.5876738721338355,0.17229933504220787,0.206268114064952,0.2062027608952969,0.46956684489312134
cust_6d689a48,0.8604585730001336,0.44373409530962754,0.5159904707795382,0.08136902615976811,0.2104320490892447,44800.176468240075,0.15895164808657714,0.8256861063203631,0.40804762039345704,0.23560639960184535,0.11489190640813447
cust_27fa292b,0.9449046496806071,0.8677941613908418,0.4014878359029661,0.2644522700979024,0.14699284818523697,15821.434706113012,0.5189179619875837,0.6488515851663115,0.24472133114641234,0.061885485491355904,0.03201070419141248
cust_5fbc148a,0.712674116214614,0.40326824798150906,0.3578093519004169,0.36674811668433893,0.17918791809198847,62247.30042440411,0.5629436669819592,0.4213132265256835,0.2793457371047787,0.16756498808758621,0.5845171016698445
cust_dfcb23aa,0.7774543010532678,0.4129628367175761,0.41821553485203816,0.277662472654584,0.11050282241493503,80213.62044300216,0.45446146641858304,0.7002158554988377,0.3766324723479766,0.18499061858279886,0.4311660640389768
cust_da16916e,0.8552184647069101,0.7020739991520499,0.5465345160189531,0.1655156677337305,0.5003801689193949,41758.38835299016,0.1771462779434416,0.5753974706616551,0.3187113952703584,0.41491472062338947,0.14911584106579287
cust_d36110d8,0.5282768590187621,0.6843723137068579,0.5590765654986207,0.1991746784705358,0.21152361387380753,16509.262530394077,0.15161461295193776,0.41376322657431425,0.15921524629279055,0.20191919481883902,0.1739585204529184
cust_e6f74246,0.9302573955648564,0.24855464849495132,0.161581085816339,0.3458108039252827,0.5833927943629262,33458.051268737116,0.2622114024360394,0.813866600095119,0.07042126366863193,0.12922733583972992,0.22806761279826976
cust_5faf6f6d,0.5948812327909816,0.30804488925526075,0.6290423145977094,0.4207869094418219,0.42118793892010487,2500.7313626036475,0.16898525680253557,0.4410265955629675,0.1862082881054381,0.02062926719519094,0.3511411856304206
cust_1ced9742,0.9778833814505744,0.6711580084251225,0.44017415959036726,0.18607421174943156,0.1967666323348463,3678.698279281285,0.12512216331508877,0.7654335490775294,0.33556658678362644,0.3076355359853205,0.03611344042188427
cust_1c3c2439,0.7962411152593082,0.5903052944940808,0.6153090668795015,0.17796572971346467,0.0625690495550341,20822.271834616502,0.22244351697674594,0.26631301184199596,0.38278420861034046,0.29990551783705194,0.054566664541650996
cust_7e00d3ad,0.9235460872558281,0.08837862637126857,0.2960905488262806,0.5392382765695959,0.373905635324903,42950.5538125827,0.35346557094120107,0.8971870176807932,0.20998329836593033,0.06187132675551601,0.009916368242958253
cust_150407ff,0.8050440825832921,0.5789434302118369,0.6492273112446251,0.37203515316936525,0.3105960816637541,4726.800188167157,0.4534782243109659,0.6546942260948716,0.4656264344748353,0.3312101336310323,0.18404875769245446
cust_085bd9ea,0.8878133892192365,0.6621420760585173,0.4882227050959488,0.14081244266613657,0.22915260952270577,34613.75889215446,0.5745145453484892,0.3074690851010632,0.18813049469211054,0.24381903119253964,0.035409432398674674
cust_b14ef470,0.7363652867832885,0.2959280412351845,0.2601091952433889,0.05681366807788241,0.36056693740057344,16220.045193282062,0.5179450325401977,0.4662464342883574,0.12634531894340023,0.0790377163259038,0.5354635010644188
cust_28c8f543,0.6807111736930813,0.11610755517366754,0.5210469415434329,0.09968695986004561,0.4795938084775918,13664.261498290825,0.12660687531655085,0.38202868066533685,0.3465668354057664,0.09076084897348088,0.3485633286550849
cust_60d2bfed,0.9961392539912783,0.3841425521317767,0.7534797616310942,0.06825654130529114,0.22300404743993518,154298.8784108524,0.5229780869259119,0.14177347073629967,0.27182529122408805,0.20959477579748403,0.8038589425660339
cust_3a1a6580,0.7493157685408733,0.8023657700552047,0.5297500794463094,0.33106204141818013,0.2668192892642545,19598.174135938374,0.22519855206792364,0.5743537661192296,0.1612214026972772,0.23595595411348733,0.07214514269640765
cust_c7be8a6c,0.842546815964929,0.8869140363421044,0.2975283237013469,0.2350417879864481,0.5436533722162447,1493.7838424585384,0.26260339813516514,0.3328662312518038,0.10537196387108977,0.5994899018955504,0.30564842268771847
cust_2e1a2937,0.6079569250916527,0.4951257880342916,0.5722281032735186,0.2363107068549905,0.21379702904196957,6874.120027621105,0.21245963478807564,0.763749972048223,0.38230148785780854,0.19279724022797587,0.228666391016116
cust_76cc2626,0.9736857954150366,0.5967756261839254,0.3904955898632884,0.46503903851764194,0.27258553199053115,8273.542914663245,0.7200142927211504,0.371032243685769,0.17908199693794122,0.28532384543093464,0.03197467459361081
cust_0fe401ac,0.8331206856505715,0.1319969891324865,0.11895773966333716,0.40507240783244797,0.384445240627095,25856.130454970695,0.10460214376748146,0.3741525985278295,0.03532234194377088,0.009851612009662041,0.028106525598575665
cust_61edfe4a,0.9145264620035211,0.6570315542601821,0.28817826655528217,0.6546157519919131,0.28256627102303417,8987.382334251855,0.17219089520978104,0.3783469618181834,0.10781095479976983,0.40301491205569007,0.009134020482012409
cust_0abf11dc,0.5476853095940648,0.1951248448657894,0.22496952043990065,0.13660486889184897,0.2533367532878717,4038.3053307757245,0.3176540963956087,0.8413535551536333,0.14046221709816817,0.13391955601971867,0.035546809900273195
cust_27880cc1,0.8893909984148741,0.6128072238893555,0.1614001796032156,0.4529608782413728,0.5805035346659987,23658.857782263596,0.4061308696016511,0.7130243676056341,0.126731953896266,0.3668129642280916,0.33783239133421766
cust_0a57619e,0.6938902593835524,0.32888370516403026,0.24181900653576924,0.1913148594052277,0.1066865681886017,20992.443632082886,0.5416027344899618,0.6498695734078195,0.13180633267445907,0.22280409125351402,0.013989822041974223
cust_7b001531,0.618149431057278,0.4317990899085709,0.5213664378382664,0.327472025757013,0.23870272231025422,12554.841066784224,0.3437271756126917,0.619709353159833,0.2563656236387592,0.25488082858199307,0.05966589837924974
cust_ce3674d1,0.6761653426069527,0.5582127464908413,0.9188381317844745,0.11517984952544576,0.5289137966188096,46130.67585767769,0.5998980524728401,0.33531394878865634,0.3049441342116151,0.356123673452227,0.23132504377295166
cust_1bdfb3f5,0.672096108588467,0.3939630763714646,0.6243732274174009,0.47538957779546176,0.4960970469998817,34959.15749702557,0.28884929710798224,0.7487919064677477,0.4171155489740007,0.07851793446038807,0.164682255965404
cust_81704055,0.660183560808794,0.6714163874335026,0.2963385395675407,0.08144903843207503,0.7901086372603593,5295.86088792423,0.17390910198718978,0.8708180543161923,0.04563317000226427,0.1646318740357914,0.056180890443737926
cust_64bfbc87,0.9169281302143204,0.47224180289015233,0.17224291488029755,0.40580044482314004,0.18680368969352995,48314.030850459116,0.2741835882915566,0.44242053885005483,0.1606582363118488,0.18662456586125553,0.005481386155060367
cust_9d545cce,0.6930882600138925,0.4375966667939332,0.23816297609144013,0.27471953718859504,0.3287725368257447,153060.67643470957,0.17473596753835166,0.422775714792389,0.11624811073815225,0.24325975471080233,0.6259298048219617
cust_269d4805,0.6563813227691998,0.4491933735609814,0.7412865595548438,0.5947591888958771,0.3172370062614802,14917.358427134897,0.4832560371028493,0.6734718133846941,0.39967117163278887,0.012363600811180936,0.07629285409836413
cust_033d25f0,0.7866603017769886,0.7795815282045053,0.3246001809936453,0.18574585302015217,0.1666293425988604,31605.527993115986,0.3878457050401272,0.3752041644285291,0.25148513533538763,0.4255141754708123,0.37482088020713467
cust_e392582a,0.9657171114182717,0.3965068870991258,0.7979501282261994,0.5090341865231565,0.3372753494727337,1131.2192110538608,0.6085784382429397,0.42576422659613467,0.363446358106585,0.2106490959048156,0.09085220335852902
cust_150cc4c8,0.5374623881333539,0.591241843329547,0.5432107288510808,0.4523226292259295,0.07959687264763758,5163.520454666365,0.159459353358859,0.32327284638857895,0.40587536363374993,0.3785207658533631,0.13928982905373596
cust_8f35ef2f,0.6994816109075745,0.7615734296557725,0.20370638316836487,0.39180319816529874,0.31462144042410084,34103.13200022792,0.3868734782441291,0.13670423931266565,0.06368637108762736,0.08305304578355216,0.3455951479152935
cust_3e7f54ec,0.8960272562098659,0.5262371321779902,0.6799690737606503,0.14440561069641675,0.2863350584017322,207200.8283000812,0.2249486350273453,0.5327758057709596,0.4693322838579744,0.23708455285107077,0.4622485775971005
cust_a12eaffb,0.8490032134061856,0.5976067240449365,0.5198560979036928,0.18422653409209236,0.23838114224821205,33317.1156122732,0.1690271062762708,0.7477419687996935,0.248914743328928,0.095795251089466,0.07231239566508285
cust_760f25d5,0.7529170533007805,0.47730587012520864,0.21877170926313078,0.10905654559782656,0.6247010057894011,45394.20687275235,0.4511003948895857,0.3156014292549345,0.18245501532930417,0.2726571698495248,0.20527041875380214
cust_2a051c21,0.9062915736446052,0.569129229389747,0.231155162847494,0.027387236514636027,0.7343881308406616,38116.21162959262,0.18531343855767451,0.6532833453500649,0.20858945008337007,0.34023269205553974,0.14624723722610172
cust_54d00925,0.9164998941541072,0.42542606865006044,0.2056964153732308,0.28614829511350437,0.3779339706611261,2040.766145073209,0.16391466944990266,0.6286378517758687,0.08823522776535207,0.2330178147612586,0.39280127595585324
cust_e0873bfa,0.8114524650734043,0.4529965362530941,0.5874971964475829,0.4143321640440352,0.5070396258982703,13514.767926376051,0.6091878127477262,0.6203718178566904,0.19196975845609845,0.10494277027011868,0.15829039724786484
cust_67a98d58,0.7258493253809436,0.5869173963306056,0.49947422490751914,0.2810938297060484,0.6772795063601864,6166.570409269202,0.38898368934449684,0.5842796473095344,0.39824270334986106,0.4089055222028747,0.0831767002834272
cust_61f4b03d,0.44666259229550814,0.7193699418079981,0.6908530834642441,0.27224210383493247,0.4166674649121549,132244.62649010523,0.41979037027219573,0.8395383576303468,0.2649211373688967,0.5524812995201942,0.897596899729379
cust_e066a28b,0.4812232297272223,0.4529949094290204,0.2073209796056113,0.3056652982011639,0.07383264028304008,4432.369793945815,0.41809678895175345,0.6726003978185036,0.1174093782803681,0.14157376112187406,0.22694192163481472
cust_7d3dac2d,0.8280989208700021,0.7533395223665249,0.4306290899956049,0.16938375595308477,0.2559054073138251,64558.400819809875,0.24903383680924973,0.33479618599671007,0.3851179232952803,0.6362816087536629,0.50834675970764
cust_b40c2fd6,0.9603733332847951,0.28266416171286507,0.4057546952635387,0.25961948743124486,0.04673550995798878,60731.73600569439,0.6246237682560345,0.6788141423671994,0.396595573627388,0.18630738160907206,0.6766094208574078
cust_4e1ddb88,0.6878298313642175,0.4685957094006565,0.5960407886808108,0.6325980219945275,0.5165922864402063,29083.317018585192,0.11653596148636863,0.7248222432870266,0.5097097492617628,0.2176470313438189,0.24281234401002438
cust_7bbdaf48,0.7338246861916883,0.6213548648858178,0.16615736370295006,0.23464166048286145,0.37989821543924174,163911.50098748718,0.07884397603352887,0.41519659607547715,0.09623771966216105,0.1298968484902553,0.9081840260162938
cust_cfbc0276,0.8167698294597473,0.20422356043398618,0.5820214167908342,0.33263580995021563,0.2624291191341342,3906.137235186852,0.4058677822118522,0.3049521180948923,0.3763504198271051,0.118787636899138,0.24886146643560575
cust_33f3a435,0.27608764660776003,0.3048257513404179,0.2828106188579639,0.19168915759143831,0.4297029353618383,29935.623341932704,0.1951255484688176,0.400036456204676,0.19475847445635627,0.2600380789466423,0.09267961523453593
cust_3dad7e28,0.9704970381941038,0.32721402897401947,0.487138768636062,0.08372572378087924,0.25789960451982635,24212.845057930248,0.595814023383695,0.5506358888973364,0.15318840588585533,0.21016188529879964,0.32967154909520163
cust_8210b00a,0.9712311584411135,0.30816955820309827,0.4245717460589887,0.3571988564860889,0.4170109769207172,12499.444262844105,0.05560239505537046,0.27643206539678605,0.27976933883132427,0.2057544164798883,0.14274274092615571
cust_c26714c9,0.8801969150644302,0.5908969703217172,0.794059765154257,0.3753900911202171,0.3523468664595069,35303.099914103026,0.3593438165716203,0.46140553846825083,0.5959618688584909,0.29707327413180784,0.0894661889395621
cust_3fb2824f,0.8901768575274789,0.19199730425142053,0.2571355722111424,0.6787686790675477,0.18388686502360505,5650.460763895113,0.5166924207325415,0.7113831315483045,0.14798700424842118,0.1645640405782666,0.020176620335312593
cust_4e353f7b,0.9738103351706513,0.4914648975982599,0.3381015279939804,0.19230997468585065,0.2956047688895101,3627.5852384625687,0.17261853529870977,0.6462040504388877,0.21180281833976536,0.2344832740001559,0.21447321782768367
cust_0f9e931d,0.8232738968006538,0.8248684116855788,0.024731801735317072,0.1619772497733621,0.3855071793021212,117849.10862985248,0.19034884613663225,0.23797337608964886,0.021598826106417723,0.5847718814413825,0.6691652835251963
cust_6d218a7e,0.81717721890932,0.8594844764271183,0.21396714269376632,0.4839800640007363,0.06981251423657746,16484.812752961207,0.17562138706323793,0.5873763380450416,0.09525580523550153,0.5590922261096227,0.1427422672702157
cust_96726843,0.817383867724455,0.6476083136729305,0.3879286253750608,0.08265640951448215,0.24534923536345182,32507.419836844845,0.27359340664059634,0.35983817514695854,0.20253410414781173,0.18087908051625348,0.12507082147242896
cust_f3500ab2,0.6034392008388104,0.12937606969866186,0.28002186886849734,0.44763936798606097,0.3868101921444747,20806.662254533425,0.2519200151532002,0.9064157742259594,0.16935037777761672,0.030920752694414667,0.23820120187027682
cust_893b095c,0.7165254710523318,0.912980656299268,0.519073346211598,0.6040778315673627,0.20260031380352708,8131.101604556931,0.22677225337773724,0.43205234617041655,0.4184459936334548,0.24186432297413266,0.03715717690064295
cust_8b85af5a,0.6418769955909478,0.8458098158860796,0.39298780275717554,0.49570402847505496,0.26500657630247815,42643.069634218955,0.4029821666242277,0.30182126170138895,0.2599013702832188,0.45445009710259227,0.6153321776105243
cust_577462d4,0.8122717411895151,0.5109810697372448,0.25758990267876564,0.5320079480729969,0.24927248986168504,14363.0111445273,0.4468041540095769,0.5842628215629355,0.08504457825674751,0.14430752153154866,0.39480204531702273
cust_be76eb31,0.9140047093935625,0.6343425947898729,0.38458053299809714,0.4746448297740019,0.05083253309329596,27318.20799027658,0.41318607930289947,0.317977756041603,0.3175635591444602,0.14836095604717192,0.13245802781278435
cust_febef8fe,0.8570723523653029,0.38052499046008464,0.37925826900369863,0.07841515759543877,0.5756861910311117,6798.0392564183185,0.39189328498879544,0.21826083930483053,0.2560708598028659,0.06942660696379567,0.13100979552907335
cust_bd025dfc,0.7966290328067747,0.7240755274717452,0.338572173061515,0.143176139949613,0.2631892874473799,11878.254851173931,0.5774476315754783,0.20128251900757937,0.10766534780582294,0.4742599181857708,0.1490854512995609
cust_9d79225f,0.6485783747361071,0.584143375697202,0.33512446972975135,0.07285858064322298,0.09669214040564296,33983.89391398985,0.4056949189983186,0.6542397737026859,0.2295968116398732,0.26659932443500484,0.344781859491006
cust_0f762720,0.6349721394763479,0.5407884961390466,0.45216100488555433,0.336059834171234,0.1842127670935384,36881.911818010485,0.6597798250821683,0.3774689026749242,0.22469525913668412,0.2080036232257159,0.07181161486701704
cust_9b7fdd2c,0.6296720384386738,0.387770300092442,0.5800092194455754,0.20418011947647624,0.21732353269379204,6066.9110104420415,0.3256153061383285,0.22568795307836645,0.24217432384627144,0.3020627576419456,0.03332522288602612
cust_133d8341,0.5407210123621321,0.724136742868221,0.11480860714429289,0.38998624323168735,0.19839903274527823,34041.3914970177,0.4767085022051152,0.574920398068568,0.07181941772148412,0.3861355590925556,0.05246612293837663
cust_29881d64,0.6585164263049702,0.37031136871708825,0.8960228742640094,0.008249845888672794,0.41247375820633514,2303.2722313865243,0.5045688833973817,0.3662451839027232,0.7332563469082568,0.10116107467653852,0.29506423587392283
cust_cf4164a7,0.9044424814641343,0.2070082886169049,0.05057343528503718,0.40331427846098283,0.33460166962877297,35900.34031864983,0.27402203755222204,0.3219151876893059,0.038111089193193295,0.09885074441126489,0.11171639527364922
cust_34a5f865,0.6075606516953435,0.4610491196710675,0.619034440976304,0.307923836818386,0.10583309366933902,36297.65193505013,0.2945578320591801,0.7529971915997073,0.36907415370178853,0.31278605531788395,0.38094382325930853
cust_c400c046,0.7354140304929659,0.3845729743366757,0.3023717685717614,0.2536635533429545,0.5861007851280522,44217.21171836544,0.5674073107686165,0.8035521105855101,0.28206286862515456,0.264940073893407,0.026262558614460137
cust_5af952a0,0.5826514324876501,0.7280421765127177,0.3199956096825441,0.2978660274379549,0.5762011520461575,24772.841917296442,0.3468187795575507,0.302309137647822,0.1733239817806031,0.522271446383697,0.09278520725933641
cust_4fb5eaa9,0.7155870079705665,0.35258574764881817,0.4255302741101344,0.2153270060978813,0.20731044837806245,27568.69455375787,0.2750098614013419,0.7609147153190169,0.32459212357586814,0.28331425747952915,0.019638228463659233
cust_3dab76cc,0.9601379583321203,0.5209671421098703,0.6566148195158241,0.19632959321183824,0.056139992557913444,4493.528468698007,0.4066803415262857,0.3651214255605233,0.4689003907956039,0.45215144223700754,0.24509293292374687
cust_37df3763,0.621300103507347,0.6040668535165169,0.2748349151173271,0.47194352657915184,0.2693562823534753,2236.902871681366,0.19779055745810162,0.7425241742663502,0.20571912806995016,0.5210427261791736,0.16924462588326417
cust_c96bf895,0.5373070301766337,0.3083913262593753,0.2245304112322731,0.2441382827781846,0.47059230447056916,32671.317671428063,0.2305030670882365,0.7170862160930649,0.18113284718476524,0.12733428561214397,0.13249219023406927
cust_d015b1d6,0.9072958944559802,0.2766675075819283,0.12330553734816507,0.39804813566945335,0.287739907755526,3003.463361310923,0.021922089129883693,0.5968193452385058,0.08666579030366046,0.20209409656371957,0.43139709751121846
cust_eae9b0f9,0.8242036217412222,0.7919862323976136,0.3972867276728931,0.13440764033541344,0.2511859166614968,96245.13521587671,0.48082736945667803,0.7053052347579414,0.293595299023079,0.23812705948240792,0.7803396221378796
cust_689c773d,0.869979999558904,0.21704739779324358,0.6383158951182893,0.27630542898659344,0.4783249246706597,1397.639409487903,0.43721742133217895,0.45646155473876415,0.28394187936296394,0.11837667112572116,0.19847306723776434
cust_b68faa28,0.6242437934711202,0.34584338853075647,0.28121411077148395,0.13924914630695515,0.367772725430641,10265.68792661708,0.3498282581553554,0.8293490118007422,0.22524363268398415,0.19016727261264119,0.1460070565323211
cust_fd787b5b,0.9014928286601117,0.24815783344969533,0.36665799448478276,0.4864937057227978,0.20714470348506955,373243.78244190366,0.3547518882978803,0.7283150881575121,0.11457861399413923,0.15301666723782037,0.5216936355950869
cust_f4cd742a,0.8987573198142271,0.38017674173178134,0.6354224195768182,0.14280483335725877,0.5449404292278984,485820.7107336226,0.2510652935437653,0.3374509474599085,0.4970109188645822,0.062428337866932686,0.8730798627262654
cust_686e9b8f,0.7756498982584598,0.49350129281592453,0.5729529552570312,0.32107639527158005,0.08703951190418717,398278.6889899758,0.38648656711081864,0.6326383081391322,0.4973700446030535,0.22754388946693505,0.6829294535554989
cust_0603cb08,0.945589954110568,0.11924030360111222,0.6607626386946397,0.2856658114553899,0.3552038394284442,209449.38718611462,0.37970029174704834,0.59193178336075,0.2907877588281194,0.07094222426275068,0.6588418581350558
cust_c8b2af35,0.6430783934961588,0.7595049938215872,0.45409085218497103,0.11458568990990646,0.5553648900588067,32674.11733782116,0.09134635064103067,0.4775071020528732,0.33785727598541354,0.5131086699170606,0.7417088206807718
cust_46a344d7,0.6713260833857411,0.7647174486979685,0.42614034168566545,0.34225867601142007,0.34209705580660904,314609.56181222637,0.09160393680925683,0.6051329023797075,0.17186227420030042,0.33867047601912037,0.6510591545721716
cust_0bd4464f,0.7302060959427705,0.5289227600316976,0.24143102849783135,0.4293446546050083,0.1755515317005594,4612.8915384520515,0.17066181808795844,0.29591688407285477,0.1456680431283491,0.27717795696567926,0.21109033954997103
cust_85d8260a,0.5449401145173923,0.486805089396881,0.5974194323736702,0.6861993260019947,0.3647186783950605,111806.7544283413,0.08697808093541502,0.49007069852836915,0.29318956671902896,0.3025107785331195,0.6395774979613839
cust_ffa68d38,0.7724980095181877,0.6790432483618247,0.4337491802238452,0.43168465966419256,0.21588140250250826,30521.432230288035,0.635251025821033,0.48449619811253364,0.25601632386787676,0.27577646278389983,0.2806290197402647
cust_30cc4041,0.9553871641949075,0.6331730146093852,0.5995416537574758,0.400134919510553,0.22938516183188132,23314.506394442084,0.4632392918534109,0.331610346904432,0.2841847809338934,0.22260074206492886,0.1956629061980149
cust_25d57ede,0.621212030544032,0.4252666400380587,0.2566984248635178,0.16846369292033136,0.2642182677811416,25023.242844582433,0.4172462628399966,0.5738376384756106,0.22790467406717851,0.16548125587839,0.3566585678261272
cust_33dc58a2,0.9508052652766558,0.4050321314089177,0.4054356657770578,0.20930587074140372,0.27000582131890183,1186.3269963010175,0.3888101395614725,0.4593485303637596,0.2422951756982446,0.09002115223409807,0.10807113964372972
cust_cd01dd47,0.6375226498224527,0.303844153908381,0.6332235728405385,0.23042233750090166,0.5119508702005443,64835.60049591768,0.11630693206992329,0.5451366957956892,0.21289958954646,0.059658146757183755,0.6888657690165193
cust_55ff1b66,0.5244526423947727,0.5940716594557733,0.6849279040219092,0.157273380016611,0.2347522460719673,81297.95858173739,0.4557542796127628,0.9238987627319334,0.43494975589597046,0.37680323626337864,0.5277378326104553
cust_40befcf3,0.8082349443401693,0.10934928811184565,0.5751452590853717,0.18976947786663,0.13806104259011162,23644.62257746124,0.5743711934122187,0.3859137242514337,0.5301071256006228,0.08411247572073483,0.25961432490834757
cust_bc99406c,0.857521855076956,0.5846632038999529,0.26021072579921495,0.25410934800693424,0.302065473183218,17766.001275390052,0.5173212492065493,0.5936221648980397,0.21922783617636118,0.023614945413254554,0.02076890115693327
cust_d36c2ba9,0.9645934433219455,0.35193899944746604,0.24817694019840314,0.2462507445488381,0.3860335981104912,12485.958382377294,0.30442857625861164,0.6339498915286831,0.11479322077441677,0.09714076734151192,0.2218622915951868
cust_fbd3e2f3,0.7844355878131068,0.8779849125480045,0.6763941652079916,0.20620501400416855,0.13908077400757457,13751.14490164912,0.24175011621601683,0.3082238330900189,0.2613266340448997,0.35372078199117446,0.05428873940913383
cust_eef09d1e,0.6259538361424353,0.20120555679786,0.5387242178909052,0.21602872801660336,0.5379982610881142,69089.1318629526,0.5513159052354172,0.40201252777295476,0.323100946210737,0.13972097157876762,0.8800339008187774
cust_d3cd8058,0.5585964898246103,0.6262941106857383,0.14433726284381215,0.38828026167520957,0.19758690654192582,4743.504424985376,0.2529044072706424,0.4436796845782914,0.08671854323191122,0.3868916053685547,0.031156612368102566
cust_c6c83c7e,0.962723421121051,0.20555044858886012,0.10183388652671492,0.3100698940081197,0.04840410372057708,5956.774532435617,0.6070486326129655,0.7322897806310901,0.047023400548240266,0.09379056488155744,0.02474470844268788
cust_0f164d86,0.8545185979100516,0.1705673092370992,0.642193674094921,0.1399437297279831,0.16536683147097025,40539.302560488955,0.5512011475676875,0.3188563445098152,0.4456989128372304,0.14546210910556348,0.48338512167392134
cust_9c22f656,0.964770660404035,0.28680508456918496,0.6972332721959629,0.14757890883122993,0.1516988811121582,25355.253079764316,0.42606211354766693,0.8029421364373549,0.256139702104645,0.24795765819367532,0.054771720241640245
cust_83b9071f,0.9791624711742811,0.1467687406027982,0.3395741337165218,0.11743259316830196,0.4676808866673172,8430.096541336305,0.3003487961300833,0.5198415895823563,0.26320607107067706,0.06675042242695516,0.002896630447788444
cust_3bdfddb2,0.9344960838385151,0.5143242133973942,0.5601216326713369,0.3291498653075486,0.07815243334846302,6258.151261114869,0.5226215668661414,0.5978929647979703,0.06246978151495427,0.36502143005915283,0.17320019423742644
cust_eee332cd,0.8261635785491813,0.8578615355331717,0.6932640715698306,0.265183494400434,0.4574598721984535,13871.709774346706,0.3043104285916628,0.36702131049155085,0.3064865286767458,0.3264088461769629,0.029602087215344706
cust_c8a11cbc,0.6380928775424306,0.5149804095079756,0.14023751543584512,0.3952936661172081,0.44351354995819764,15045.429310032492,0.7917495127587136,0.6555778924207339,0.11549224262725641,0.41777035173726956,0.14836538122778548
cust_49eab801,0.791599046680442,0.4893034648250635,0.579404273794634,0.07458307548937916,0.8006489797115236,22266.39396252445,0.41397060061509844,0.2331810399314376,0.4935551033517311,0.21022933923316994,0.023129833576260046
cust_4b69221e,0.6822829033034296,0.6094380059737422,0.748513988979088,0.23397254842440374,0.3016693960553097,2818.5559880950836,0.1707981878579788,0.763802211437288,0.4380861155826432,0.07514476957766565,0.11700096683514492
cust_ef037d08,0.619754260688121,0.5466742828078871,0.28250108595879164,0.21703493183914105,0.18530171363886336,3840.637710864761,0.6687665422372906,0.4134380352017065,0.2348941776168081,0.25324304999539154,0.008274157776924543
cust_05fef2fd,0.4403885777933324,0.7693328671020458,0.3199045806093826,0.1737495548571719,0.11616654769388768,4027.3116317151607,0.19230022235358432,0.34101373495505316,0.054132909230177155,0.5221293005848365,0.3361205997718112
cust_508ac9a7,0.6807786945904497,0.5809583212237821,0.7827853661019369,0.38750166279598197,0.19656981507703836,17972.39791729946,0.09878144202819304,0.25107903379201096,0.6633643596486333,0.27954200555566716,0.07817083481074504
cust_30f36137,0.9301942471897036,0.7351503384757964,0.582770287341725,0.40428844049527923,0.14163009689667075,2611.3612291033737,0.4994103293927468,0.5360929135505876,0.40748579988326883,0.3501010090285249,0.2051310582133866
cust_95f32c4d,0.9349609414259509,0.49243280708975967,0.48974858318894027,0.15384961556447205,0.060598878776356675,27129.889766753036,0.0792781621248252,0.6367780251490375,0.2701401262507241,0.35994591434854073,0.19737760646906588
cust_f47acc0a,0.5511307062731875,0.4946596376308371,0.5143534509809989,0.4083409012919191,0.3864435098341427,7960.861127413749,0.20463098655855022,0.8414657642920059,0.24197654204939406,0.3495942375921511,0.09544047873973709
cust_f54ef6b3,0.5680631040458647,0.5652845062685853,0.5867558053601861,0.2745934911935977,0.3483061050185548,49312.43672628591,0.8742980691260245,0.3608467878172546,0.4301822828935982,0.1817810734705582,0.0061676492072503634
cust_0c85fde4,0.5497904293050822,0.41563914934625584,0.3421307004578107,0.33811542922076165,0.09594661641342389,749.2384373953261,0.3661563196019712,0.37106836720230524,0.09284514526069146,0.10666207153831422,0.11653071986993026
cust_3d5c75bd,0.7957417898272254,0.5458075556990982,0.3835263906827026,0.03448400816982182,0.522975517069184,6296.475659347455,0.4872917263085824,0.6267740475792655,0.3200972454141119,0.19169196952833142,0.12007288842533365
cust_718814c8,0.6429752781837242,0.4022825887835925,0.4509124828296466,0.3809510839816475,0.30895566101059135,1753.112088312853,0.12604729671265785,0.29839658885421705,0.37278019015901104,0.3569119762607323,0.2794890401123377
cust_ab5544b2,0.5260798340533026,0.47812832366604385,0.26635554545416,0.09095866701422078,0.18322023575983348,40106.098900908815,0.34428601790987473,0.1932519234624138,0.12502746128075287,0.13543313073388188,0.03386437107652919
cust_c58dfeb0,0.9723437993482374,0.2600780944000251,0.3364104676809206,0.30408571123206546,0.3868234738302742,9094.9408432226,0.5096365383971552,0.37544348915643294,0.19804049289113607,0.1277420492676042,0.08045612334956785
cust_c67feb98,0.5129255073843112,0.7183670551178226,0.4026024414128763,0.4516469756251341,0.06464657788536787,10562.909230785379,0.10168198444963435,0.7117312589533635,0.13663444994827928,0.6686749849463487,0.1120553987124065
cust_3fc9d18f,0.528249888404003,0.4330760367739357,0.6504782790817852,0.4819826079817002,0.5410049720690847,8785.503919418117,0.5864588717348982,0.4603329692638786,0.5583732364130294,0.2129850081457516,0.12488611404960688
cust_e7668a6b,0.6021747462775984,0.4137888746000034,0.031006583148963547,0.21973667111142678,0.1137537946087382,272202.98394802,0.15578408533639262,0.3702292916934731,0.018719998909534595,0.2944970922415438,0.949930717519713
cust_5973a488,0.8204994272715636,0.6096121723112791,0.6412790616909829,0.14710086468532152,0.37038227233157356,17084.38239880488,0.0814488332787289,0.40945120925530176,0.22748909989691438,0.42755165955244706,0.13871761490560455
cust_a0b1ed04,0.7897941223861591,0.7370153153161307,0.8987684447427148,0.40291398329535044,0.053025035424127835,41968.14030972189,0.3487793415134776,0.5326485327749629,0.49888279903734867,0.5001934736494723,0.4117748703552559
cust_83d81b5d,0.6288330579307916,0.4929146330203131,0.47820270793372344,0.3609073764972308,0.20875683400157408,67607.0947902754,0.30716434855989994,0.4911827328282402,0.3016529524051361,0.24007417316833116,0.581199454226878
cust_fd36c202,0.8099233824749997,0.5449028737915167,0.6027157343606379,0.20560867062230162,0.08553566026026557,688.5266550360805,0.1461230620663548,0.33041067250835154,0.47268109447605233,0.07281515856476493,0.29181623965294956
cust_38c509c8,0.6823011146294952,0.4104753903739173,0.3677964715177363,0.3172490064230772,0.289003825059574,12218.054134305909,0.38208842905263796,0.35154917332124447,0.15262307313935644,0.20291832616596786,0.018001704001710313
cust_9fdbe495,0.47787640850858365,0.20798858042192553,0.685083257386113,0.4808986079604402,0.1844316332450889,87679.87272936467,0.36653073700011735,0.5381720237452038,0.17677577944693026,0.11751486634620524,0.582214338390575
cust_9b00f6bc,0.45014988104696313,0.4832912551625549,0.32485069752325463,0.19943564855300258,0.24189208355572042,4247.165259337589,0.20936168049634798,0.8934924300695617,0.159750399216466,0.2957673609721793,0.06355160530670845
cust_5a7586db,0.7622538845918871,0.4829901599819584,0.6820077477545861,0.05330678880671584,0.30505295709245056,5416.0885357846355,0.258242730792029,0.8468026117589168,0.4158817783669386,0.19459758060807647,0.0405448949725075
cust_69c1a63e,0.876561327212374,0.48023091987316063,0.20330868543485586,0.39441544635647235,0.3997057154637276,123152.82620419856,0.44500237580268465,0.13263916378520202,0.1081565561282818,0.09453408540043659,0.6968165211354809
cust_4d985381,0.9949048305810061,0.4543450881797017,0.2607688091602984,0.11336369602261384,0.41490061075766127,3258.4442568146424,0.10721844590529668,0.06400940191060776,0.17480599196570393,0.3386054289722089,0.02031609929405544
cust_d4b9fdd2,0.635125768478937,0.6869277863013042,0.6897268068245449,0.31465268019243803,0.3390331038997179,4085.0344616240786,0.6359506512686798,0.7118128652098761,0.4963006676422318,0.38032487410001065,0.4118685004045563
cust_6a3f8464,0.8772813358872141,0.6018533014092976,0.38377916920987326,0.32728265691602837,0.14424606032354978,43766.27363713553,0.14211044095310313,0.7009059296545821,0.23205906869471754,0.18781095671914141,0.16126685343513197
cust_0deaba83,0.786332360440663,0.8177466710733231,0.6482487197974132,0.44600647345983674,0.12172408904822975,519709.01237621653,0.5279510256456748,0.290764795086175,0.3557758820635691,0.41778930711796747,0.9170965043058016
cust_1b050445,0.598223379950431,0.26003073766126616,0.1600708642451965,0.29832384376819066,0.30519218377995955,5743.191754480698,0.3768764828832287,0.7833663873949439,0.05430975318779466,0.22230505334004713,0.04429764373948036
cust_395d5a11,0.758794370052207,0.6690987857187997,0.3559556764570949,0.1136832301972909,0.30234379368483727,34451.51389936373,0.41410418467569343,0.6718754107190263,0.2994661998970007,0.2533551418248525,0.32457624033315197
cust_febdb010,0.9523750738444651,0.45955909808734846,0.3716331503133739,0.04917510436856338,0.38246091516805947,97632.5174001519,0.23154263276541384,0.5145702177287232,0.035944941988774265,0.25145475834941156,0.8349618144660588
cust_b0809981,0.7145359803242537,0.6143323518217646,0.6179293792747165,0.3653085237112636,0.1362060755214189,60111.763047819746,0.362629316514829,0.3885848378516336,0.4356484299638551,0.2682797489235585,0.7806307247661411
cust_74541b0e,0.9116601873690251,0.7688085301762458,0.21474233594309033,0.2275037781707558,0.22631037977135332,37694.95831813577,0.5068013151450665,0.7903022166559257,0.11072243124644966,0.426099388010457,0.08489072919317539
cust_4e4d23b9,0.6645473862803342,0.37667213102042385,0.14204967785973466,0.20144268704297794,0.3477308968763692,89527.10133721592,0.03676018616415147,0.3027203158732215,0.07526340499770873,0.2303105139681989,0.45988322804432197
cust_4c93b002,0.6681375338713159,0.7386055670813434,0.383445710356109,0.09272829044821497,0.7503513455762588,21880.937521718057,0.3889366516365413,0.26995966882804207,0.34583923839952446,0.4825960091361107,0.1785904505196101
cust_8c4995d2,0.8480202691798395,0.7123824876861218,0.6086210977622987,0.2592992995953584,0.19955829613006945,4059.4901618749223,0.4838340789539357,0.5411373208327799,0.32298332887069153,0.18269764179321069,0.15848806153878572
cust_9708b252,0.9226255546905733,0.7575252875598983,0.4599993566829305,0.16035200690204746,0.7542295625490336,511991.1549990788,0.5121381337478563,0.6509156464253443,0.3664189049192711,0.11608492806687666,0.8045878090563392
cust_35456286,0.9169289675773383,0.36654789899174894,0.5394883858961179,0.34373204697070675,0.6042717651173278,14985.068316297135,0.37709966358798197,0.7210957264161191,0.33911863685050225,0.06441826682251965,0.12592019416847605
cust_829f704f,0.6345098775266916,0.2938635518062373,0.5031930087697037,0.28392112416290327,0.18297564032450786,25846.214446130074,0.5335150486767662,0.5853958520591297,0.3209367822881958,0.1635524587750662,0.5566316541311035
cust_25efa309,0.8557175853757942,0.5458507308001961,0.7246853837326684,0.046694592496893804,0.49266407219878583,2163.2715675082504,0.3073204416922468,0.2591824640165593,0.4046377446803591,0.10246299277738176,0.022820684554381326
cust_92237c67,0.6321100584422261,0.6605549984970904,0.3504630915812805,0.16746976009124115,0.3484475514314404,5982.797595480195,0.033058583893813616,0.9203448506726378,0.10304556252457947,0.5756367328542166,0.03747255830977561
cust_6e51aeaa,0.5221702210619295,0.45824108571440897,0.1431837299689683,0.1855570047950051,0.2032606321514338,15149.087372001077,0.38117126114803707,0.4225543097390683,0.12341486181782015,0.09540386944845829,0.36070205931977123
cust_ee6674dc,0.9734454018966253,0.2903860008931467,0.2929451208521037,0.31690494714927625,0.4509105629191261,62349.36540526185,0.2403198824678829,0.42394273370265645,0.24921606930961632,0.12021402197152249,0.49589602837321123
cust_37fd9be1,0.5258100771151057,0.3859474170986064,0.2792056044743153,0.2761387428750204,0.12230666010688325,10487.811242192205,0.22334803777363274,0.7069746380852856,0.10998762597837393,0.28662853682548106,0.15477296798151152
cust_c09598b1,0.7933813112028312,0.43335013461012095,0.24513761902921846,0.01297492706819405,0.7024861420675842,5971.181111142694,0.48066217275475626,0.29870198053717323,0.20565123439248695,0.3867347308232755,0.09843295214056283
cust_90795442,0.6782298173435627,0.5894901562450513,0.7277607090150425,0.4410163914374572,0.36775445396528295,3296.006623200778,0.781872501198862,0.5400820299201845,0.27569425646219725,0.4971412148734192,0.25367696689345814
cust_8d4aac11,0.9341969163725001,0.4743069797968059,0.3186145540050633,0.23278004450755257,0.3004476315111558,4340.925899299694,0.0545228053144601,0.7626794725363517,0.29782636839019955,0.25669373447463895,0.001111872095842327
cust_d3a912b2,0.7959925296495413,0.5237760796354333,0.2850595289984563,0.6637731905153923,0.4059498842821935,45960.71587737782,0.19047904838480653,0.42045942660368424,0.23730689493001556,0.4381360053207023,0.3677739333193092
cust_2349c85f,0.5005840242680674,0.7189792938265587,0.46191396837117304,0.21486126129056676,0.5218820490792708,4374.8326103672825,0.08467155110207168,0.524532531087289,0.1015638818907367,0.4678010215066797,0.07814811097905666
cust_6b26840b,0.5057391840231026,0.549318673751468,0.15665797434843137,0.18657251077240428,0.17754694906453602,24095.806718150852,0.26446878725392026,0.8916153292900694,0.03974232412878926,0.23382124567070775,0.3227904528250154
cust_f839a5dc,0.8054804424812075,0.6114851344925359,0.31651440233449335,0.104416465529936,0.3268761686208975,33426.494358640586,0.030293146395742446,0.30833833428398294,0.1878713275314724,0.4247324004008365,0.22932955200089813
cust_e8b95764,0.8249322774409342,0.4197551787736978,0.5214681840984935,0.14783317828916404,0.30197875811892766,7759.864735547574,0.23303839501350432,0.3072209640086234,0.24674393181753831,0.33955912870800475,0.1926855425423957
cust_cdd52906,0.562760986131402,0.6200575921805647,0.21727962330234604,0.07139485479055971,0.498174650632281,32060.25397165761,0.3601214087593542,0.3955800334847263,0.19285242883862258,0.33816122916684577,0.6342146027760305
cust_868f9646,0.8842956705695244,0.3205931115161053,0.27098821027991504,0.26293743532990405,0.2523619123869613,5431.892772170073,0.4346868325146666,0.46089523167063207,0.25385824899968995,0.26287534807671314,0.7227233568303003
cust_c7b94df7,0.5076750128440036,0.5567486387333028,0.4247185327533844,0.09028875431624651,0.4052507736412859,254842.39883494226,0.1687486405110036,0.5948040690171474,0.16510973672974263,0.5198767715932265,0.4529194653447129
cust_6f4e2d39,0.7731090967120381,0.6367464838669129,0.6823308637057759,0.3793244588870019,0.7705715159334017,5195.9091506285195,0.28367664796603914,0.5204003321755097,0.3716803770057173,0.11970911058986851,0.14865548646166316
cust_c91686ae,0.8500006361886817,0.15613206905922994,0.37080454235127047,0.16777389821201028,0.4214295200368639,809.9541629327513,0.29227082573998764,0.7196249440358172,0.14658653562007012,0.09482802735019992,0.1715753812847617
cust_0d69cc25,0.5864676897987376,0.38613883283807876,0.6277543030948382,0.6270444313032943,0.4022083671881626,12960.156690602687,0.5697205093181636,0.4563849268899648,0.4472962413756517,0.07650835055993778,0.007668797818645845
cust_dc46b3a2,0.822629932724644,0.696105578140223,0.09986252165104628,0.16551973289213648,0.2035939155652763,394098.5456823978,0.5569852897989793,0.5189356526259444,0.06481737101646169,0.5571697647415726,0.7775988933064588
cust_9578eb19,0.8995845944613523,0.4021141342410398,0.27077990824618714,0.2756006234412642,0.46750648746819584,59802.318175060325,0.3036698798565897,0.1984318776245255,0.12434120703610009,0.16540669739285,0.37781130674816127
cust_477b0ecc,0.7771474050713684,0.6107719481495357,0.38627103147989345,0.030519089214161497,0.27023454557626153,123712.0137823923,0.22674902668539998,0.7452437099297265,0.23952593573958392,0.037242103296347626,0.9119466004411192
cust_8b1bdb53,0.95984001997034,0.7152613525959258,0.7117759121611364,0.17270235862289948,0.06886824658615007,30390.296531885695,0.3228956811653919,0.3082170792338532,0.45544411811196833,0.44968866799559165,0.5704702172624265
cust_c4ac6020,0.5595127140358909,0.5333326038758097,0.3376722395141993,0.2152361574666982,0.2808208313999716,35269.53313577985,0.35004441762364785,0.5105180188665355,0.23592801696206256,0.0701173492738433,0.48631692126657133
cust_dc85ce15,0.743051416436235,0.21536791535814592,0.33997454182522324,0.4682318025090425,0.3103939378570604,9785.680688556238,0.40699087311143883,0.35817835274036985,0.06234656138433126,0.1831315580965009,0.11655584569941066
cust_d7dbc682,0.7614468470071896,0.7549358093699573,0.35718983113879266,0.12061995736666782,0.5349664814471954,15988.31650272153,0.14305302739828832,0.2424725484760942,0.2847669350533907,0.4313375001229337,0.06977129719455144
cust_17beae9d,0.6172822876885172,0.5304371304967771,0.20438381318087373,0.2890079712871932,0.370794732123433,27810.039288055672,0.3180281340361637,0.18946855911601207,0.12259307619190629,0.3340995440852988,0.12210389652848729
cust_3447966e,0.9598162302897129,0.34178712068440353,0.06233927019604362,0.24599565376542726,0.2807583788899787,57484.6466389325,0.22158324199403043,0.316291962358655,0.009390589934033003,0.04902394137631074,0.762428926433593
cust_8d9d05b8,0.5168762552979876,0.2918502216435025,0.14389321950320771,0.4019029387672699,0.23264332711520982,312428.2030073034,0.2754207268431472,0.7965502200643939,0.11601264449635405,0.13055630896413897,0.2185624299554179
cust_9b985ed4,0.8156820640091023,0.5518946348185912,0.598293274462805,0.48648350048890693,0.5102862261141748,56873.409525870426,0.08460146059535296,0.3832232153670615,0.2018333034743644,0.1196997110662146,0.5811104659772476
cust_ec0cb6cd,0.7110944159457491,0.5306226522814709,0.26748507932990895,0.37674955426141227,0.26550012283541297,21753.458023515723,0.28432808920529107,0.5945036981779206,0.16544498369449387,0.07862032199284057,0.01758551657533258
cust_96e54d6b,0.8600963592289764,0.3273917673786442,0.4722253676161469,0.5398102257972605,0.15825916813993066,7265.811494092656,0.14645269949129447,0.3878751825738474,0.28221380572179705,0.2074492690979586,0.12478566594855002
cust_08e60e13,0.8429696604813525,0.1835508665473973,0.8498454128944186,0.36406655261213294,0.8348875806357406,13636.013634564873,0.3818939881067285,0.3835715435156993,0.7860583188731773,0.16334253978631766,0.007144263648403671
cust_f3cd1ede,0.8891934649384524,0.40177231149590953,0.20425883476674048,0.07382180554273772,0.26759162707208717,37578.00684685029,0.2126356112573978,0.2853913766308277,0.12632771890480182,0.22629082788181532,0.009933171056685116
cust_a19b8adc,0.6812813162517691,0.25338555727221873,0.32652302980869435,0.36536397248143465,0.10291132569867417,62628.08360954757,0.47901228784367034,0.4245861966920157,0.2581542770237388,0.16143435248856686,0.8499393585559476
cust_bc7c9cc4,0.45287022991686954,0.6409098850972216,0.49319999163331985,0.310411972638963,0.22105885301939102,22637.518487916535,0.22750944354908614,0.6719620516583458,0.40196060211200096,0.13917102406224444,0.31612056161513435
cust_09a42319,0.7775811820459304,0.5106402179553415,0.515692209187644,0.1962427689090018,0.8219334022528457,104689.46996598516,0.05085069546282518,0.6816735722056922,0.30532050340177497,0.28180351621908284,0.6398331062930624
cust_f18f915d,0.9560556726998147,0.24619188083358634,0.6551398474871777,0.5342172135691787,0.28736319639810665,43452.33159155545,0.42189571811582655,0.29131914936793823,0.25325353104583975,0.1301057870630371,0.03769910000461758
cust_680967b5,0.8153256076762422,0.4268101627275059,0.16550655632919073,0.1734198748817649,0.3230427966874451,6201.263384195713,0.13499770520951673,0.693369280585692,0.12255168749737277,0.2564176060846637,0.1243557096097475
cust_def431b5,0.6071263994419274,0.10725922770902623,0.2799994592504661,0.4538480673262971,0.21127820833464253,447917.0280770362,0.23169170448081378,0.5818211212072845,0.18971741994123845,0.03892946653921315,0.5234312372451303
cust_5f3944ad,0.8518196200075044,0.5581522437254175,0.6583748484180124,0.4551106130022017,0.451655459092705,56640.67561674739,0.24294714425379185,0.1809619893576256,0.39188970286707775,0.05830710441452268,0.40415681664903536
cust_7bf918d3,0.7229352841851762,0.09047813673195888,0.26999058640501994,0.5981996337923351,0.12274200647485575,82610.70386198866,0.3054670480903752,0.28083677679513364,0.11351450908820007,0.05769855364585654,0.7751325869321679
cust_aa2d23db,0.5593469000124545,0.511691764634378,0.4370290162200305,0.3154304748150448,0.5311391780776065,97642.06582231235,0.16471327432369495,0.1826027718231471,0.24765717843920862,0.15118789592018383,0.7615092414165523
cust_fbf42c91,0.6801804841078377,0.5084085992929178,0.5597762418663212,0.2543642845090766,0.22485796774973313,14974.537894795176,0.3428061309481675,0.8150002695675239,0.4207389677182739,0.39072243641532867,0.022295239374383612
cust_1d43edde,0.8714299972148402,0.34909935441439366,0.3006111439452755,0.19107404510134698,0.07104790695147088,188885.2757219853,0.3703493865115012,0.4859300861286214,0.2270405250544883,0.2691763134794465,0.9284610455831109
cust_5caeaf5c,0.9309699237157604,0.5791961161029636,0.17503293772937495,0.30777122273486296,0.3562138134406331,7224.513385933945,0.5733739865211878,0.6155897019809908,0.14294714917281512,0.24501662042611996,0.2549851770917219
cust_a827eecd,0.933062500087662,0.43096076635219266,0.4950460683334693,0.22922639436101816,0.4308950220213904,39933.50803018206,0.5777962437311778,0.8617659760050497,0.4244081942273278,0.33788114286650606,0.01594159926355056
cust_7e26f51d,0.7593255378824962,0.3124551518914516,0.4241138733263004,0.1934789343060593,0.1344703269718253,9212.104678850626,0.2970443343787338,0.8826027700521477,0.33026422646987275,0.22151896680507882,0.4719850731476646
cust_d4f5f511,0.3192684197186464,0.39718350604088976,0.49595294433100867,0.2769251423411971,0.0972870172307997,138462.67923370347,0.4413858080281501,0.2895579001835741,0.28222702653695475,0.17606730518562852,0.676228493210484
cust_f51d77f1,0.6251331907221613,0.9255433503236472,0.4206390338033335,0.30465214404790636,0.4868194295712298,279018.7162604688,0.40041867722508295,0.8425626121932127,0.33685125761266804,0.32626918405434086,0.9746312820238581
cust_128ea6d2,0.7857898270345307,0.7254421679877551,0.22487644362917525,0.26645442182025214,0.3694852378209843,50316.18716931158,0.38708984023853305,0.47724730266470944,0.19465706261054203,0.47455806920577276,0.6968776778352154
cust_78e29e51,0.49498956244356385,0.6121989822238807,0.2645792182981861,0.17436128836745637,0.7573532351982569,4239.473075768973,0.33081755943978614,0.6131440440225132,0.11961415724735544,0.317912214979131,0.055491216588550246
cust_7f8f2d8b,0.5639977937350307,0.5404500276832517,0.3018132616574082,0.5744222615293033,0.24546447487369422,5123.197390241213,0.42289429015626995,0.49722104689619673,0.1791434905332942,0.16437769572440405,0.2143960219574762
cust_f6f5fdf8,0.8372771800028733,0.32616157523886086,0.2969814344793188,0.5562414809255889,0.29815931166316945,9971.876347798585,0.3716010095288632,0.5677599013221063,0.2328162000274019,0.21819962606691248,0.049377040814258144
cust_9612fe02,0.9149771410100175,0.3109264708429394,0.4487617559048639,0.32094801444392446,0.16605132288981747,8726.527812022634,0.08164536888050677,0.5407427110035558,0.3037225697497003,0.01782432587439264,0.16838766149967332
cust_dae015b9,0.8934864767873103,0.5327415412926815,0.5972434429637253,0.3915671795964317,0.1974685491652908,166506.08645150482,0.47998314230912825,0.9632742118191457,0.2970134468294046,0.15493340720815515,0.619043615314753
cust_b1671137,0.7362560240438019,0.5659071326392872,0.24640382511937522,0.4979599860927211,0.35668351516726415,9358.24749375061,0.6563217276589224,0.7814027841844505,0.20402931304688735,0.3632411783356677,0.23129036585015325
cust_ecb9feb1,0.972344451428654,0.4894917846614288,0.2688198217101006,0.2922394081491462,0.34996328173396324,20267.991436456272,0.13002593171416976,0.3392356628364846,0.07785334825139803,0.18093973710554323,0.06720721337436149
cust_5ebaaa31,0.8936212151555883,0.6146286913731511,0.3226293159846094,0.35759381541752844,0.17979595427872627,56439.74842590534,0.030915419687114285,0.861162073740464,0.2730877021967381,0.07233553250442955,0.7921780667880932
cust_7931cb0d,0.7306945406689823,0.09129826554018465,0.17609795517978907,0.496668805074408,0.5215100457780214,7273.777637182868,0.3260369121323304,0.5757997989622929,0.06047943682520721,0.05176972395860662,0.15685881978575225
cust_be7e1615,0.8151793674774682,0.23128991028744933,0.480548467364007,0.33935472651346454,0.1687175268237729,46722.13961314296,0.37047867814493207,0.128334630471663,0.2521583427857553,0.1490325751314953,0.010618919265454572
cust_f9bd0965,0.6684767839855046,0.3664219215159026,0.07294108770824727,0.5335753552686133,0.33226744692729976,44237.81647906934,0.489006712262755,0.4113708055929892,0.04336533136126087,0.08846949459706627,0.006103215000557473
cust_22ba4bbe,0.6554377161652442,0.3940960067125506,0.37172816726659735,0.472116844401918,0.47824866498407215,117756.49355552868,0.22037910626881016,0.5522828552108773,0.202114027319606,0.16422654325446465,0.3023130898811022
cust_82a80707,0.6136702760383477,0.6656644558338342,0.21496562301834146,0.1942902071799327,0.32623416285938855,7040.41785840788,0.1911668825959188,0.1955446700843052,0.1490037574571894,0.27892657075555,0.16038790330061917
cust_ab28b02a,0.817553030986805,0.5396783055632658,0.7448870016078197,0.14842854176488288,0.11601684802805927,5058.171455060393,0.31794686633010383,0.6231862748412108,0.22827468660236325,0.4832698102817385,0.008010884336539162
cust_723822fa,0.8363612594440074,0.7939566986333259,0.3582928266143289,0.42185913721825924,0.19541873720296668,60887.09604123398,0.3814911302081219,0.28103392534930965,0.21420993960504917,0.26453007220513347,0.7208998751421422
cust_5fbbb85e,0.7939156169177156,0.5255826788878062,0.40361120385123844,0.32380672518867915,0.4331146261072901,6475.571257321984,0.08438242830856726,0.6231586793231345,0.1216739303056563,0.08160478277227202,0.25020554023054786
cust_328e4c88,0.8937995458319639,0.19511248327243833,0.41476339474223073,0.19373050223020893,0.09507357830274293,15121.429450723674,0.19342800889613398,0.6530795650749962,0.27838376907829687,0.16952521232794057,0.05310616971954233
cust_b5c7729e,0.8995355768103958,0.5204673215751612,0.4021372603444777,0.5139163462376252,0.5145062006860232,10652.088449182682,0.5215638401017161,0.5596637831109701,0.10477952561267105,0.26987506565158215,0.4189119771251943
cust_0387b038,0.9164937359719781,0.7727456957630109,0.5335188355061689,0.14984018997625945,0.2706902063184644,15940.811364485398,0.18089613595105283,0.8231219210286593,0.3915724549563333,0.16277007250902084,0.06309907611552823
cust_22679f22,0.7217831660728392,0.7112236691922033,0.19702143148303092,0.18562488308133268,0.43758458928842475,6110.679292319717,0.04575646506803354,0.7594873152558732,0.16387247271579958,0.2332001697517186,0.0351815071831812
cust_4c43c6bd,0.7956211684436294,0.8169364696679128,0.20512967228477272,0.4837739051895967,0.3197393440622503,9229.848436413944,0.3634806347228995,0.44709291964528447,0.08431227427614639,0.7276909930226613,0.07210231338060699
cust_a83b69d4,0.8090358064446764,0.3397538962136527,0.656933257156909,0.3709241819700109,0.13215392764396383,1334.965963395901,0.22196164909855576,0.24669403610646995,0.46405379481010595,0.22089495210686605,0.1545219321618741
cust_126088f8,0.7602666969122535,0.661929942776198,0.16248230907934857,0.41414473496182297,0.1340891185590693,160897.39013009664,0.2763983941384572,0.6530013746217601,0.1369772321793665,0.3009845735230749,0.6655739118079448
cust_8743eef5,0.9064399571279783,0.8034692240137356,0.4737508794493646,0.10022590882864987,0.16545396009071148,36320.31812846708,0.5078941577998575,0.5445857909894535,0.26445456873014633,0.2933194984922211,0.47103908531897026
cust_e492b854,0.6426704936019715,0.34634469233809523,0.1080866733639964,0.20465051097297585,0.22376701944234878,232150.01201441625,0.6938800602421547,0.5141134284882497,0.0698030169194308,0.2281674052492492,0.3759006951173756
cust_dc318997,0.9026312262330054,0.6255490372812729,0.3763530597699606,0.7304380184021328,0.39393214768614593,14042.529402766417,0.4890910793874935,0.7556902340704371,0.2122390735307333,0.23939636452014595,0.20672516996133836
cust_353d0dd7,0.7914882311994614,0.17191530590025592,0.7173469755854188,0.521366972692152,0.32910700460277514,3436.909499388761,0.2855513919939626,0.44240492629247335,0.7011324848029364,0.04914261323315733,0.15333980066128378
cust_dc1ccecd,0.798063124510846,0.3225256985513701,0.17809174975544922,0.12528785885730478,0.414757730747948,8973.127074768945,0.37559029206347144,0.6598093203112831,0.04992226519058948,0.16865412780445188,0.3614418923338012
cust_0f1dc43c,0.6717500442042601,0.6730797737589144,0.443765981215016,0.15939339058900617,0.5171786713288421,22486.678705442795,0.3471869599706663,0.3138659393399152,0.3789481043886404,0.43749406909959077,0.4069421690650606
cust_b3b4d09f,0.7710763638654753,0.3101903375098541,0.10767818357297826,0.3196916715991765,0.4688669875919477,10180.13236967483,0.22924869948750257,0.712872539938485,0.07386474393043266,0.27825252526785077,0.03808569445629409
cust_cc13041c,0.8625384172133509,0.8623835659453793,0.17807955661822306,0.3747256666403159,0.5800293797752301,36615.71776768249,0.3579959141583559,0.7290691105202705,0.11944114211391112,0.6165089385918533,0.13091872053573522
cust_39c7385d,0.8235819610799621,0.44153553793409045,0.6588130814282431,0.4324338444210591,0.3580009959988348,7358.428703657171,0.1658023302277161,0.66467960198633,0.32562315239878675,0.20087273777482192,0.20509463878083897
cust_96a36ab4,0.5745488414978898,0.35106185770393156,0.3056808431886513,0.16665111040116018,0.29960380718100277,2884.3808694743457,0.567978778495012,0.4374080908523167,0.17571915283959064,0.12831484819174468,0.08737346627862709
cust_2fb3d5a6,0.8915070607058917,0.31297841274015614,0.24577489497787883,0.3976168539175629,0.21721513881024382,10951.682737241219,0.15088721619076986,0.47568851255541794,0.12390800446157196,0.1581497987609913,0.09577322429187911
cust_ab8fc7a6,0.5108675152445491,0.3978148537245745,0.3846083173368472,0.48785336597409984,0.3648012692235626,39354.93203651029,0.4682083855229646,0.2856073146170988,0.370245497453242,0.3264037368113421,0.36965336023968803
cust_f731eb37,0.5001629245538501,0.5002543308392277,0.382233175372158,0.6383665403856523,0.3833837108338066,22634.884941192697,0.21883231499800337,0.7119695199200843,0.21451973421523057,0.45410775676351717,0.06250806986621699
cust_1cd1c5be,0.8079808754583973,0.6732723482466307,0.5627211735429863,0.20310967028381588,0.06364639015337632,6941.814706867497,0.20089353230223272,0.43379033216153373,0.25608615217208947,0.09672668120115044,0.10407443914629798
cust_af0c3692,0.8048870011942418,0.4545017639428553,0.6913397951296286,0.20056330964285404,0.05883603813114826,1424.5941630626485,0.4771904357864624,0.6566841957970019,0.5740735889025995,0.24400824975861185,0.23502012112563486
cust_8cf77006,0.7276142705352191,0.10937126751787428,0.7136336289577934,0.15831914880614045,0.5298285143932543,20287.423222466117,0.2061328419203103,0.4829668623437677,0.320631283002766,0.0741047009752,0.19538986448389858
cust_11059d20,0.6116341251513776,0.7807656360711934,0.4281890441470072,0.37965460899216147,0.7211787317587319,6891.866185352748,0.32357174905596253,0.8783274236893261,0.24911665870936453,0.16938637530169098,0.44791680095623415
cust_1225d944,0.7184633649843792,0.6887579963392072,0.5678303949605366,0.6256346406802598,0.3420317819844355,5604.438683097096,0.1098852244961351,0.5174640105989035,0.15400974082915386,0.037440276233531494,0.07327060759077628
cust_524fae19,0.5903193030575585,0.40177976103385926,0.7659500774136961,0.10398122719355464,0.3564804339153193,17908.34549389261,0.510548199133006,0.1836675470968621,0.2698842333597175,0.2556487813219534,0.12968894554859492
cust_ddcd4a53,0.822095508876886,0.6757836202536145,0.5923192513981539,0.1642335818372869,0.5342214037836105,9767.26513675785,0.31800241793572176,0.7822508371659956,0.4352441949565313,0.5270156405574881,0.08713657921535085
cust_197f7e3d,0.8753631639363751,0.47427436793511135,0.3225293523308317,0.07261056682645593,0.3632680984579155,4767.212586535928,0.2565667603473742,0.6451998872142942,0.11935731534360795,0.20823696132113828,0.22169681513716322
cust_638f9401,0.9172706476836586,0.706649805622834,0.20479815558452108,0.20446819653776938,0.18796219244325402,26695.68412244523,0.4010762368884427,0.4567742908307943,0.10528603660974532,0.4794656787280816,0.03570177839776337
cust_e4de7e8a,0.7554315639923829,0.5749171219883025,0.36179880956252186,0.034071274158638115,0.3994799391388886,46064.75719494965,0.21864018265230423,0.6099759932161992,0.13209606993009856,0.3534296783327492,0.23350674339192384
cust_585b8493,0.5841602036898698,0.2453344448990798,0.43679170291418506,0.36430805707067876,0.4714507935462135,11091.869845559455,0.6340693126466995,0.25451530323382326,0.4136664275565971,0.03452852796020582,0.1458897504606596
cust_fe52ccd7,0.7812460053341779,0.7888246554937894,0.3251047907187384,0.37323761839152525,0.2925808681924254,106360.2628780235,0.47922895764882034,0.6820280379664369,0.22764983993192137,0.5422664796161749,0.8469947129755566
cust_06d1b32c,0.9132924631769965,0.7851904465348314,0.40648755070439435,0.5203050344994657,0.3274100824528178,10968.761761776168,0.5001767810177563,0.6445800472287564,0.3075981481659754,0.32360256428489176,0.029201163747751092
cust_d440c2d8,0.7735077177769698,0.6155625091760406,0.3829068177832377,0.4737388175832468,0.2089747613458455,9169.36222974275,0.19022784739615653,0.5135632417924969,0.2877490847050941,0.08410849244604068,0.41662409667324496
cust_4e76f28a,0.7888793847900466,0.27142835021434825,0.5677418617258827,0.0765100515074511,0.35591951395645965,103606.7385195627,0.42480517494540576,0.4869949107147578,0.21229081553791782,0.15005020851861717,0.4980599311438302
cust_3faad78c,0.7776046544492118,0.5732867831030226,0.42446918244364845,0.19775047853703173,0.2888720854745857,3574.4170541445333,0.12056065674129715,0.11978440515736903,0.3601856127552401,0.2392755733726771,0.023535696806233818
cust_898227aa,0.7480884624727517,0.3613019386409922,0.5509482035516381,0.008917084664573123,0.06928016838094418,11637.590753502152,0.44066577255899636,0.23430259267032877,0.2264625442303389,0.2943595880608938,0.2629667286750369
cust_51ea8a3a,0.8779810075473381,0.6938673859808923,0.5206965906955149,0.4740850216159801,0.17911171815273155,1544.519485194612,0.6396884379021862,0.4502523418667378,0.42448899002077917,0.412932839145063,0.1517228871645067
cust_ca80d95a,0.82556985801415,0.830660757554228,0.6565200630570324,0.2199148611103692,0.3693862640550462,33215.67584955712,0.3495948668525386,0.4485497132913219,0.4344343701895875,0.20751001702929323,0.1414204003999705
cust_5cadfce4,0.8565806875420577,0.656149063588406,0.45460667989646036,0.5625132251381506,0.23427801624886102,5001.394346409357,0.45216653540028456,0.5892535306011785,0.3551253047460458,0.20347671710066703,0.11835936351894899
cust_b4eca1d8,0.8125598035018503,0.4753031062517665,0.7305498585958001,0.44305807690921234,0.19745698124131006,79834.8400116354,0.663334814626283,0.47622418383709775,0.47251027206705265,0.1410615882008578,0.9250636925482609
cust_c4e48a1f,0.6086956335770479,0.15539050786355516,0.45586845292269046,0.1381365755276776,0.32009927715585323,54878.38172752147,0.6018903875587329,0.19501901159984208,0.12461227632899535,0.09601653167609805,0.5953370091053766
cust_c249b202,0.5883889938675285,0.5723892222614925,0.8561309027988736,0.2891960410864244,0.484755678833742,210.70787958036055,0.31589584230657464,0.3470968355056543,0.6221445551796686,0.07194748484259052,0.08230079619842184
cust_b7825d1d,0.4785100515045272,0.2648029366696484,0.46709526114000066,0.18470423218220533,0.26711726861015683,9879.130724514302,0.12359905292673533,0.5393505698683957,0.20463577026843266,0.15259351830878337,0.10996268612510116
cust_c36e00fe,0.5201653334346273,0.5810874175241645,0.24796738974439342,0.06711208002406949,0.31296152665437504,16334.009207277182,0.6292857264224859,0.35425887497508324,0.0623758684485691,0.027550639144034064,0.18045951054743453
cust_98d62a00,0.603215823217652,0.5231967054770756,0.17314016070013333,0.15173979961597767,0.3413567474577396,15202.864229553466,0.4287527850925116,0.6365869240373484,0.053499134504663926,0.09821306387081082,0.07970185552762633
cust_69b8bae7,0.9594494125886427,0.5594498150738423,0.09624158646283888,0.22344530610012814,0.17141837573981886,18627.172231012803,0.1066828104716575,0.6376505874498475,0.09014073524106021,0.5279554049201601,0.2297605724629968
cust_2ac63aec,0.9046033383769567,0.45013227380918397,0.0958334623463603,0.5529268197113861,0.6292817652464724,3787.906632466499,0.310675670958798,0.6382374332170602,0.04227100111920221,0.3056508479178309,0.5638352326572662
cust_8238bbfe,0.8600952497366602,0.20233692273120413,0.36755630495041547,0.21701254490441033,0.3361128176426321,4771.081944470698,0.19646695477828102,0.3856540876803341,0.21928964850962904,0.148824002049354,0.12578768620279138
cust_078142d5,0.8167369640956617,0.45690804391654405,0.4466617283962864,0.18848246729387233,0.1246122037639105,138284.27273925798,0.26604078821450516,0.5879156556041998,0.14369203742877754,0.041805960706060324,0.8242371368736559
cust_19155683,0.7167994451952032,0.3340712787731916,0.08530328809986958,0.17753390954812215,0.1655067353739341,429365.5416146122,0.05681095052026935,0.38384797614397315,0.049177720308102864,0.12682874695082352,0.4203206555941601
cust_8713a2d6,0.6593219841514214,0.3383182957221515,0.5003435971330609,0.1969108921795873,0.3020815310651677,165739.82869443792,0.04309427988293979,0.40086170844431557,0.2729676519844213,0.17065546939104242,0.8533834850729859
cust_f197eb50,0.7078381143722594,0.35382519569508397,0.30842724566187685,0.09128909846307623,0.4183933037138824,74892.17758534582,0.3569700996285767,0.17903106655197945,0.21591481003807594,0.26537514496511155,0.862038067329878
cust_9888f0f4,0.8072625857430135,0.8013107143842635,0.2916243158580284,0.3653012784082814,0.2710555040153538,61769.01344165713,0.4596725898416448,0.4658370044930014,0.1180830596417386,0.5193623677396031,0.3628651997160707
cust_ff9305a9,0.6450649833706215,0.36779293242987465,0.5826975628726214,0.23264658064698318,0.5867647440194205,107246.23615254027,0.05724566071565225,0.5364570783125995,0.4529949066213279,0.1284328069885188,0.8051239137911118
cust_ed25c060,0.7593696175289032,0.37034694809745694,0.3919111340176003,0.3776151982784714,0.13118555245217062,225640.87095679253,0.4050030310242751,0.5877370453484235,0.18444611868476754,0.1682740084612208,0.7000132582954388
cust_43f80d28,0.799580319521236,0.5068504046235303,0.3854329201006942,0.2588415232273097,0.38134060634219613,5496.066315054641,0.5472357755935526,0.47778479904772286,0.2094243183862221,0.33346853247133074,0.5225229894110179
cust_3e79860e,0.8908654838773394,0.35139871049794813,0.42413648380678187,0.22247362744209,0.31402399224012373,16430.22018666062,0.32250135808559144,0.6855464682798827,0.3606819092951458,0.16371473327672217,0.055992450349939556
cust_617f22cb,0.8754536509783307,0.593739000177005,0.3668164265532358,0.5135076267725537,0.5294732523373935,4565.678265540301,0.4819594476766973,0.47561055615877773,0.23291513250790802,0.49562166352230036,0.3154775004497874
cust_2cb76309,0.6977645041768359,0.7652692619532945,0.3262406750303649,0.44858804085603665,0.5967283442397051,6647.245994236903,0.3617621053465519,0.43382656088849614,0.15993651805141884,0.27631198816148683,0.22715972560881453
cust_924074ef,0.8066006430184083,0.1379262901477708,0.3517467223168312,0.3662475415398941,0.17522312903160203,22345.16177894766,0.3139400825205536,0.2668090541715725,0.22940978210429552,0.09077218610394315,0.2277034808114594
cust_5ea2966b,0.5187670917364967,0.5447589453098278,0.11545312612334929,0.2891707432505892,0.18258055527016107,86220.89386077232,0.050201182244511346,0.36202025533016147,0.02099124314360111,0.3279926528245577,0.5157735210283658
cust_f86705f5,0.5962315014427775,0.2972820456652323,0.40082836848573655,0.10134913247738285,0.48937292801556875,98449.4897732355,0.30125983020759617,0.7510299089628871,0.19319690250356364,0.16759512773340657,0.6076620839934955
cust_f6e303e2,0.4977981100969847,0.28524068395350294,0.4377500166472517,0.0844993283812043,0.14787673539894303,64518.89001131686,0.06195995209606398,0.4158056613070934,0.20967318030252813,0.10404288522707071,0.5168252725516166
cust_60e625bc,0.8262551371336876,0.7667732724836613,0.30050697471103016,0.3501206449871078,0.38913408442049136,27279.58391143315,0.1517407263002126,0.5600722643332889,0.2081062843243825,0.28731368316331196,0.47148328040566356
cust_8cfe46e0,0.7541855455520499,0.440975337196933,0.3092468433387178,0.15789561943371297,0.6520123897851158,2428.0855516395213,0.07812707290618544,0.6133841173544373,0.2468830309629564,0.18657398762088195,0.1350412611938358
cust_647a83b5,0.9146343909222596,0.813645613130211,0.7317261275703018,0.07494559287973178,0.458701683390331,6849.3790361740985,0.4334757317039219,0.12860351660116606,0.4974200633193186,0.41943955909064357,0.10437509358905503
cust_52040c8c,0.9610067063079898,0.5876767116252647,0.5920823374304616,0.15135836497419647,0.5049448401916375,9407.724795634707,0.21007997108662105,0.3489580415648116,0.34869519507679697,0.1749717756489429,0.034394138466931616
cust_393ef2f7,0.7618494466377914,0.3746701510014761,0.2839950271067616,0.3462683037835642,0.3738610101768843,192459.9574782196,0.17310656636738583,0.6316311603597708,0.21601755122609023,0.19997833986615696,0.4849924860675458
cust_732c6ebe,0.6712307195829819,0.4802047850507916,0.3237827360685,0.12568569959659753,0.09835534572785343,79085.9968208705,0.4838577755476804,0.6145512149470491,0.20911591457477882,0.41740877039378477,0.33420397331603735
cust_0e1cf6ea,0.5307631351796356,0.5542049616364505,0.577482974042142,0.3950468747944181,0.750367759909801,8707.182965488892,0.18885530135261933,0.6412804736656083,0.19239142525298508,0.2685775751488383,0.7544402693055632
cust_d5bb5185,0.6174135663889404,0.9312800633715979,0.6279586663867285,0.19702294974930068,0.37176990383918124,8003.307643003695,0.2756216074129778,0.3500891660836503,0.48615248308224085,0.9190446857423172,0.06871925648098849
cust_605ae48c,0.7202751074463216,0.4278987103409214,0.41143744723114906,0.3340482669382208,0.5191499572014958,15927.34607777719,0.5716328695575542,0.42685236658210823,0.23274824853420448,0.39231755846774863,0.16843964505314712
cust_1552d5ff,0.5417278015288981,0.4137141043880917,0.5676783290070377,0.2821462229191027,0.36156937475307915,36915.12843711149,0.18643166730696428,0.5132591977792154,0.509107362887419,0.28691917202011574,0.153657924510023
cust_415698f5,0.7505874631794386,0.24532551605821862,0.5357652994622686,0.31399880288524307,0.25940011177334266,20326.303545492123,0.3201812260038428,0.6944114351592391,0.4291552706541924,0.05387639932085015,0.39875290888227755
cust_d6739c8b,0.8597619075521858,0.6969846840577657,0.5656784741817948,0.18081989817008395,0.490675309497265,6402.956135855294,0.5666461316943063,0.5810427594101227,0.21006536279314475,0.12576643179530475,0.054191433219063535
cust_0af9257b,0.703687094479045,0.31271274871356314,0.7900308265825621,0.34857847079993665,0.21049265574236192,10569.603965090799,0.46111034855655797,0.5523486352069751,0.5241062193312632,0.14849441299375482,0.04966935668397645
cust_5e7b3fba,0.9242038734732994,0.6640344405380226,0.05013564920609288,0.46802340066291104,0.3484421008323899,2155.264798387323,0.2532151188436405,0.5943526803723964,0.02950909909128593,0.06687875681890866,0.13608165649571502
cust_81be03d8,0.8583712940682771,0.6479773125808113,0.6975798004925409,0.24776687447613374,0.17269686610586826,21162.27667776702,0.2698341496985115,0.2788497244437746,0.3871145971382018,0.34225378678438484,0.04909412070780406
cust_ae0374f2,0.7043883592860128,0.3150007090515795,0.28816144173855734,0.19095359450327762,0.3025483119941668,81107.48537838669,0.2745413951472077,0.6467245130386128,0.26544724213617726,0.23718954385399268,0.4760513107132839
cust_52711d15,0.7905250311597969,0.7196507505463664,0.31012096268551403,0.3645313457784263,0.627554832896538,15836.558838288032,0.112774902975103,0.5158081888924448,0.13309417114839306,0.4188452957268156,0.08177390686880533
cust_8dbb55c6,0.5687738427137033,0.32677632854782274,0.5100253187417236,0.12364765795016242,0.1883711954338229,55233.56038576387,0.5508894992586073,0.46507713232565506,0.31695034085000445,0.10951512439385143,0.8071525297614932
cust_0f9a80da,0.4833193130059592,0.14853716898809427,0.6355404229861905,0.24636235109229243,0.20781347198521077,43934.08829098285,0.32434813105089766,0.5017534731567905,0.3698549743464286,0.1190772024110913,0.12729409717676984
cust_eb27b74a,0.8849262178810966,0.5342844309877504,0.5697416116891927,0.01187968436714867,0.27666801286971326,105026.97157362274,0.6144421549563215,0.24900436570092277,0.5043233433690608,0.13042317384829483,0.4045281661716979
cust_a58c9779,0.5755779772931661,0.44798110670270513,0.5688278908403773,0.16123270628358505,0.09727470584353343,35651.61786122382,0.17561313904872536,0.571373905214104,0.2472035315612112,0.15325103674646384,0.1317014036394773
cust_6f4ed8ae,0.473137954063704,0.17788576586339913,0.21138181078445678,0.3634658521505977,0.5189062423721176,22821.552837129235,0.2966682249644739,0.5930767519687246,0.039442477598425014,0.07655474769371486,0.2048852208426572
cust_1dde2b03,0.9874467400851755,0.40302127111594427,0.23511087461271865,0.11838797195820536,0.44313817764278446,43343.35722437123,0.26275570183096536,0.6171507300909729,0.12190629213657904,0.08488357139580022,0.053644884063325904
cust_3fbedaf0,0.8761950534310192,0.4797611108898127,0.01134590830745387,0.2031554294291177,0.13445423941414802,29573.523051602555,0.02801400469218185,0.7011980403164291,0.007511410380702768,0.22450177517481035,0.02589681766038487
cust_260a7d1a,0.4739751593478471,0.6480617137406877,0.47621453003820935,0.18366167588419519,0.19590542405967876,51623.215689656194,0.29592369001825697,0.23904868685242744,0.3128313841135805,0.2814617476654209,0.3856649865765169
cust_1b51dbcd,0.7678456460773727,0.7277889845812366,0.23010284315268603,0.13937494816302573,0.7003298340878468,521.5414786253959,0.17768341327721687,0.358765944084067,0.19489447555058093,0.30857343512251295,0.006697289162097276
cust_cc604fc3,0.9038416522367538,0.3496905123368563,0.7503409038238387,0.037932292640428945,0.3400197999996574,429949.1204704675,0.18628107151842843,0.42058219104673006,0.1858403251770531,0.03042281383473304,0.822837710120768
cust_47c0f726,0.5712739074811126,0.7897129135109902,0.5053591586666902,0.15306933079452872,0.19184541094152482,103578.43625127093,0.07881933738904177,0.5684202681517246,0.19447254507061768,0.38285245703157816,0.8066162507208805
cust_271ef63d,0.7771719692317522,0.5704859761912808,0.5503701506433856,0.2289193599455466,0.1959129664379219,13376.328453150216,0.5814257372748384,0.5963853175740921,0.4340977669040521,0.3405079674924209,0.02384340252283784
cust_29318501,0.6519106272225008,0.6595590441446559,0.3694139406312026,0.3668051069052875,0.6111857815797748,2817.4550613563947,0.24856718180467577,0.5968625236563975,0.22019492400497886,0.28859946520443025,0.008264261683286617
cust_9a831d08,0.6642904034361998,0.30760985313327066,0.1655214485926949,0.5358973644395166,0.2509139253925178,306994.16772218887,0.12424331570289507,0.6002850719217264,0.055960025719829734,0.25760352946039355,0.767170698846225
cust_ddd91abb,0.5448014975229344,0.5240587448131343,0.37949970720686704,0.31544088736541503,0.5860864861135497,194192.9806834723,0.5627332992209945,0.32489885578896044,0.22381599851490525,0.20175925259973582,0.4384506745442165
cust_d3662ea5,0.820082159854442,0.6734227629550663,0.6987231957172754,0.09261925640487685,0.07043563780645444,84191.38886766709,0.140906059908078,0.4446401639877092,0.5030324798033524,0.32536597399448264,0.875434524871761
cust_0fd93788,0.765972481095729,0.6450925828138079,0.14523655342096853,0.411465868556867,0.2524658315800705,337724.104477242,0.3023313064352312,0.7698319757914888,0.0765394943082034,0.2688703398130713,0.9107667799523261
cust_9c327061,0.8465427859487475,0.3086662785976176,0.4138500626839876,0.23499244174035308,0.2326478307938425,175.78229774804882,0.1059219564708584,0.6966937924834965,0.28064192955296635,0.23875785911247235,0.09251497591100845
cust_1e76bd24,0.6925828204794877,0.5426256161010231,0.2631877473041245,0.22566575698653096,0.4587651236915505,85100.74653960591,0.1864356168702212,0.4085997798128081,0.17976711383175795,0.21518990834448065,0.7992465684234776
cust_a2999054,0.9787615546427993,0.3372519446445154,0.6334541016894902,0.03162902904865668,0.3565494019458017,10636.778492510353,0.7356442364644067,0.836601731910792,0.48118779566960235,0.1808512832308729,0.11437045681491755
cust_9e39223b,0.6316916530293003,0.6316720738663694,0.23245419813859325,0.16623464563166385,0.32703650793988726,27417.068359314893,0.4378985494913445,0.5222317434677505,0.18790331583645556,0.2966142540154237,0.011957893619595721
cust_995b829b,0.7235006265354388,0.32437847858828023,0.5316145496187047,0.37986017127228316,0.10120797154657772,1427.2482659645677,0.16916472371106647,0.2674347387253573,0.2207367345046234,0.08154507613434873,0.13238902881059628
cust_675ccfae,0.8162983079900928,0.3828345119532687,0.5305060987772453,0.5399267615384553,0.14516035698635824,4143.07993431356,0.3097479660174361,0.6914830627115934,0.19805840975848946,0.11504011622591573,0.04447767689820254
cust_752ab0a2,0.638133988939607,0.7293329213180805,0.36665963500351706,0.0637424734841735,0.36177791964042677,25269.172302757157,0.2539661357105041,0.7181145272249899,0.3281191918438052,0.2865063804158257,0.16498074734357454
cust_89bcbcfc,0.49170400808141906,0.2480821840650385,0.9564537337610443,0.49879425188316123,0.5350619315258961,3863.596369470155,0.34021359527441675,0.4604228348967446,0.588570972833432,0.12227492342771808,0.054012569033587636
cust_3430e9df,0.853562310037189,0.6127823294524493,0.5414727208114785,0.232231638248586,0.341329129680819,19297.141385772535,0.179379435940365,0.3946386015316673,0.5122065858022408,0.31992988333727423,0.02421166766904843
cust_18164d1c,0.9511648970648887,0.36903770921228934,0.5374974574072175,0.4108860250646739,0.38985295928309804,5000.518600366523,0.2232878412436743,0.540067208409072,0.421755316851143,0.32549709676723654,0.011932953121678946
cust_a7a1bc67,0.8154976049876043,0.27489174193702953,0.4988963719908032,0.30000315323960824,0.4384132228879342,3987.4447019942363,0.5328356082924491,0.42461712319390876,0.4481111423188956,0.12082497187218548,0.19514406352055766
cust_abcaf2b7,0.6422054747506492,0.328451287236689,0.5073008050720552,0.20144932127681936,0.027863560892325157,14343.160608094096,0.5029794358246795,0.4307247627230503,0.25978850495273437,0.04726866782844345,0.1449483314083578
cust_d9b60a25,0.6234734716347148,0.8784690675600199,0.45291602843705614,0.0132411121555846,0.06094697402810208,140168.0862419279,0.33518737487020045,0.5598833897438059,0.37213144189008884,0.6851691638966222,0.2196569677184241
cust_315da777,0.8501684178216311,0.3914376283099796,0.1803899947342033,0.14842781732109053,0.21106683056121014,8745.341857943187,0.4836197875302054,0.8439947883516941,0.1315453990241211,0.16536053629780573,0.25100528040952413
cust_cd8fbf64,0.8234169643842897,0.4650013553654011,0.2393049996530178,0.19897213064859298,0.2805213449698922,14898.060652139413,0.7014056314888689,0.2318654379581828,0.1119806280562407,0.17249199520505756,0.3470689273606039
cust_333d88c0,0.6513318608188091,0.3275625805615167,0.36167423338597154,0.13782063395415092,0.44375497640460165,34681.26905525079,0.214595228034852,0.43387620064127,0.2652213923104636,0.15646199736698285,0.018345439277786688
cust_8e9d2ba4,0.6981124733978942,0.6202576852679385,0.7608139155296664,0.09704565217636,0.19731136329231438,51155.27833765336,0.011582591695658857,0.49693982725329866,0.010587095395193317,0.3863422655314084,0.7076170325988302
cust_0b570968,0.8317311718411011,0.43797194635261116,0.7122374032416039,0.4464335850260418,0.4334345505501462,29923.496692413093,0.34205051607246173,0.30751380248299914,0.4188745327048924,0.1689160243469498,0.03025810491218548
cust_0a15e2e5,0.8060730756475017,0.4765403912151719,0.30977652684789975,0.26983773133106326,0.3428281429443125,5911.483613684592,0.42138897317687984,0.47800034744743125,0.24928854707587852,0.09294154100371703,0.6350483034776725
cust_e12957d3,0.33945803306278394,0.4513184700149809,0.4481663393983633,0.1849236493603535,0.48176858892750074,21946.1901529624,0.20012282693827685,0.6037534624463843,0.2780538838224534,0.22208469625645302,0.07934458517547516
cust_4737b04f,0.858188545233135,0.20608804934631958,0.36749236621510917,0.02776407105562879,0.05277874892734091,1602.962749849351,0.2815565741988775,0.4639009861029294,0.2110914414098827,0.04167173591451155,0.0032234481571211653
cust_f88f4e9e,0.7508379458842425,0.7068588966932832,0.02776861538854994,0.21321145967690533,0.14511371216853114,93121.42372104636,0.2772586192875884,0.31427893454358846,0.012866019226567058,0.5005645322987095,0.5582130483634314
cust_ab2bc765,0.8402165451340966,0.3378038410844504,0.4900612542077674,0.05949971192924625,0.6110232944578154,2573.745484677015,0.2596212324819607,0.5660644089870899,0.22692753959421108,0.05857034126385881,0.12515541424154747
cust_3d988bdf,0.8481743371498963,0.6605912005311504,0.4162069305208057,0.19550265922582138,0.14882724803098357,39551.54028539945,0.1262978146846948,0.48179734404500607,0.32461665943598533,0.4515146220894078,0.11872084274202607
cust_d4fd1546,0.7555181373935865,0.7442986739065574,0.26219347975460233,0.2508285003343047,0.6124737262097216,9198.103356455307,0.3207122417236097,0.15045691331368127,0.19339273600617526,0.11498179151348054,0.2727667544351429
cust_b07464cb,0.8324439215249968,0.1717012425055979,0.7366146105507286,0.1459902306718201,0.06009369297732028,133324.14771957736,0.4830240419261437,0.7216017445947547,0.25497456863906415,0.10716302608472135,0.5570661302714234
cust_28d341fe,0.8432952938162569,0.5828774938316638,0.10335180026966548,0.11006313909324505,0.2751954160740073,162784.3041145439,0.20520287826778746,0.1432492645305043,0.06520899062771508,0.4051585694444845,0.8222454065863581
cust_175754cb,0.8760317740066826,0.22635437870747027,0.17323863097352618,0.5614663126395572,0.0729521041342977,654874.544138519,0.33010917402424245,0.6133058004932807,0.15153515871746956,0.12633061443915036,0.6228012947964482
cust_d67b8058,0.838655321955145,0.33946684229684343,0.8008099664650379,0.39307870336411643,0.3522828474020488,8666.71557209452,0.3989326824488215,0.6495427695698862,0.36632585297039155,0.13812175656145517,0.2395169313700312
cust_95777054,0.9226427176589242,0.6675419981747613,0.4095556853989747,0.30559369416254906,0.24180572261600075,242160.23072071868,0.4522462643679194,0.06335609065222358,0.28357469185860235,0.3549308360195049,0.8484748336485026
cust_2aad82c6,0.900860069708273,0.7462132315209491,0.526405357154616,0.36741599181599155,0.5703852288830007,2172.3221375759863,0.22592249185126445,0.33542757299224724,0.43623927486289477,0.330729216109713,0.1155142923601261
cust_f7c235c3,0.6279894536666352,0.38080251869355636,0.192959183440499,0.06219647689507647,0.8727730734775223,74071.0474893628,0.37779875633862114,0.43099030177164704,0.16072479100318615,0.25394318517018166,0.6932650946728038
cust_49612013,0.8140612823759674,0.6425769501445694,0.13783148038032383,0.16013856067342033,0.32916806759915057,1246.6563371774478,0.4301320551799521,0.4855276563793278,0.1046742568730285,0.0851596061456699,0.19878673625951332
cust_9bc13aba,0.8647248776851849,0.6039425936091811,0.15714361443602587,0.07084750268753301,0.58043986589691,121434.78226132583,0.25182496612058086,0.6579358239099076,0.1397719081360364,0.2679106773142351,0.32306324308471246
cust_82c10703,0.7373388535207139,0.40041282756646834,0.2031649427705032,0.1644789321898258,0.19370663090676085,52797.02105821989,0.3769318375342057,0.5330857402861897,0.1310672402312935,0.27022408785798707,0.5657417340589828
cust_edfd7ba6,0.9146283978855366,0.33704770369277565,0.31197860713550296,0.22602168852149893,0.14109718421885967,322333.2002426271,0.19853807997628053,0.4302903419758911,0.20521260074001102,0.17086276447131868,0.9080931568661065
cust_298e6563,0.8904215640513556,0.4542682659093075,0.5168047638626087,0.4066761523736021,0.2276878055279539,7336.823767981462,0.09698565839389704,0.6725191112886092,0.22080483854053765,0.30992905203837384,0.2161021938445388
cust_6710548f,0.8533039196566646,0.5811785415479994,0.21403531007938872,0.1898573408300205,0.15476524402138364,17058.38788735485,0.22723467666032368,0.6699978450063825,0.17095924868574638,0.3532126121992961,0.0637564677335742
cust_515bb72b,0.34467338054138585,0.3668407267814731,0.29603975898615553,0.12025391130831362,0.720274754799618,224579.94775857066,0.6060062150477747,0.1757792799411778,0.2496108197750029,0.15686928338772566,0.6737315718318753
cust_4187dffc,0.6431461666324212,0.37500757475616875,0.1131777004965593,0.7741418378585374,0.5832737802387994,14006.117544735696,0.12263065738865188,0.46111629066157134,0.05518148220849813,0.21884517611802123,0.006848414937342174
cust_2777f4ae,0.5025790782759167,0.34110021722520517,0.26168635203254365,0.2864624886391516,0.18908534102039623,1184.041603520535,0.42889897666825816,0.6916791352052174,0.2215941221903896,0.2650947298532349,0.34184173085935626
cust_bd280f52,0.7842942013457207,0.6184214578226407,0.23559798195009649,0.38400782288192004,0.4122654047240224,3100.8130634792833,0.3801138636218622,0.7292065765095932,0.19225151862115883,0.22693807093832005,0.003319913427209788
cust_a92a5327,0.7950607711188212,0.5392358553192969,0.40951008607860523,0.2767294839938554,0.28606844299853024,4392.021053259606,0.24571248944473084,0.26821448158013816,0.35498408907712997,0.4072730613081309,0.08388719438369169
cust_df879266,0.6775048554394454,0.6203958839810503,0.7083475312674621,0.05913093287752331,0.26708908171964824,45136.67328824153,0.2277822521467471,0.6219592154181912,0.4967464387808547,0.175967108902156,0.11244254780376738
cust_12249460,0.5495724617923059,0.505354806555116,0.31160642241602243,0.10785590094536567,0.033469937098428555,16243.554874922811,0.4796437063687284,0.3635367332693808,0.2812664132383116,0.3520579384765458,0.0006697008010978365
cust_b98e94aa,0.7950405064679292,0.642365262528799,0.15403754862704988,0.7491232997149541,0.22158428113906967,16380.690469686959,0.18134008722727396,0.37833067534803894,0.0862196229334665,0.44100480622144334,0.27943644590829264
cust_31bc9793,0.421051833988243,0.6349201155523285,0.4981079876527571,0.16536433051314667,0.5595518455864789,67964.03286078802,0.41469993034971525,0.5709566271208688,0.37428501376177137,0.5946297203613944,0.8705160159252672
cust_04fc19c5,0.8825528396190696,0.319392472755599,0.42614279572962876,0.09833584981897248,0.18219575337193222,3344.1651995835155,0.4302316183141876,0.6960959259196721,0.19153234087668422,0.18305803597572165,0.0480429699374327
cust_66c067f9,0.8811485341694218,0.4524234689674804,0.29049969622770494,0.18944856739280586,0.22206146432728657,54517.83193428,0.1831354993866608,0.3328307231604918,0.12719910240477594,0.07380978679856047,0.8693118127541317
cust_7b3b7625,0.5213607469364587,0.6594458242070262,0.12649321162910312,0.3973277886886602,0.20193892928007287,366242.6459301775,0.047156688852440926,0.19714961508360118,0.04463720182059187,0.2377109541091354,0.6974313334310817
cust_784bf5b5,0.8129138975695686,0.30902051259513014,0.47608176399777624,0.5254404693610603,0.5453236151342226,33692.591945599976,0.31929923138052196,0.38725979399702887,0.030533016496649686,0.11699179992634325,0.31546681207475646
cust_6e84c200,0.5469486918547616,0.6356558866671884,0.2849119780365592,0.25443219183841126,0.3442240083655194,2760.3906941543937,0.23317223806934284,0.4883091175191109,0.2693583698048625,0.4910665852084818,0.22816778301156887
cust_efcb3863,0.40298801910228477,0.582237714791744,0.7099865608860814,0.38587160405358156,0.2550494048413916,65270.300631425605,0.3626404624792666,0.7318430071058374,0.244583641032262,0.21766726745162715,0.9050302270953376
cust_80eabb0c,0.6970904898599809,0.6149570802093496,0.43626948097713486,0.31369531866332884,0.2188943278569752,6212.231211441292,0.3470097848371886,0.3723244172953305,0.216343516633482,0.09475812127361946,0.02764612982346292
cust_32da1668,0.6177611859697273,0.36798631388813363,0.5320068282415914,0.11953628758490115,0.48464978642689294,3528.9826084595647,0.1901114523709416,0.10822594797732057,0.3961884515773699,0.2104441516849376,0.05598545165038146
cust_66cc1b5a,0.5323388163285024,0.8499427209265826,0.4551135550680683,0.3926155609599019,0.23439024206551934,6412.527881632092,0.3660708399660098,0.6674783133559824,0.20326168401445943,0.5730884584645707,0.13276529188489147
cust_e04baa7c,0.8491273536162075,0.3672666971826547,0.8040118531497406,0.15591669260286162,0.4030454307458707,20691.2785838325,0.6106022992150751,0.5859855970606446,0.6466089196089437,0.22571059699715196,0.31314057583267485
cust_3814a1e4,0.842027292019531,0.681417324215038,0.6043662514293312,0.35849319872229135,0.5257789768865418,853.8406401584074,0.039379523029627585,0.6583959376930657,0.3842477762360222,0.4665381797162318,0.18870710568646795
cust_171d74c8,0.8952465419820977,0.5991211494394995,0.12332748931455272,0.2726700532934866,0.36637897110061785,50083.109339271534,0.3981200506108774,0.542623635817315,0.06388551977178457,0.19960898333583976,0.5240744293384806
cust_ffa0b9f1,0.7296676336671085,0.6575405427647308,0.6967911112895537,0.021549514677844103,0.7262210007461873,302194.1451405985,0.4208016521330434,0.5913179825380638,0.6551891264286908,0.6108127569987214,0.8421633315805854
cust_1f37c751,0.738694872472306,0.4949384797648707,0.40114531150426536,0.27680302010852414,0.2410240446961837,36213.37045089901,0.08454358175040022,0.29591710320222714,0.27355058849396746,0.16638506728129296,0.20262592227503062
cust_57a6a5b4,0.9614444690287273,0.3576361151630981,0.17506166024878053,0.2518408714681249,0.5838880795836493,9766.452062831167,0.48320345026821154,0.7652899055898819,0.1392908170745113,0.14790084277569018,0.4391955365681796
cust_22282687,0.8593836572829439,0.20387141452461835,0.0641061531498827,0.2793908356133711,0.5780364955117144,28074.25134127436,0.20550535336891296,0.33661336782771717,0.0359817333213259,0.09773647691469639,0.21608822764809074
cust_1a9326b0,0.9273755144380978,0.928016723103431,0.4372578591194145,0.09368986284505453,0.4380362499152443,9510.790688015297,0.4413001383415116,0.6570709636867887,0.04705591969307346,0.397545017251648,0.016203534947531517
cust_e729d266,0.8498466055836308,0.4423743409130353,0.2891725542128412,0.7397246101846645,0.5548191609421883,42475.162375211235,0.1837529809973308,0.7578987735269171,0.1378878769955973,0.22107291249640076,0.16767755510517784
cust_09cfabb4,0.8834908381728881,0.498808858732016,0.25555687174884917,0.3009342086805271,0.33160469482893734,14629.912219523805,0.3733300508250829,0.5099239687008936,0.13279128516469366,0.325458542552054,0.0029717678695567315
cust_7bf088f9,0.8942890183988067,0.6316228736932241,0.41319612219404,0.07426433104283309,0.6014600724097162,118626.39261349263,0.5610002450708489,0.5409845063866181,0.22413121799447824,0.39377917995577194,0.8040336896323101
cust_ebe7cae3,0.7907491433448957,0.6392369752605853,0.43624434258409395,0.08067345472661845,0.1555730659641239,11309.970956671506,0.26383810160551985,0.2641242494635516,0.2766275264399562,0.35785688641803104,0.7256032190369297
cust_db1700c4,0.8251532401702887,0.5280559229561655,0.44980082722510534,0.17261114487364781,0.03883754104712037,7618.968424262529,0.1144331315333081,0.25022131878625525,0.3728227567768238,0.48185782370145286,0.09391276186133543
cust_bec04cc3,0.8288888783881839,0.7763005609880363,0.4149646700923371,0.3972777127372856,0.5915653348315412,61745.27467723205,0.7807448968123223,0.4828948503773837,0.34994306653325025,0.3844421350247165,0.8276991247002493
cust_1119d65e,0.9486816339977494,0.4714959468530571,0.27704737209058217,0.18268245016285597,0.34454205739474647,161734.41595713716,0.6941215443383475,0.8072749187940242,0.19436094675955454,0.4438250485469935,0.8026906771741721
cust_31fb6d20,0.849662583014058,0.14533317667525567,0.17321976852783091,0.09766550289934521,0.4124232658161795,8539.397815613142,0.8207798008106525,0.2002654050301817,0.1214624477157155,0.10962551482793179,0.23996071507288066
cust_7eaa8f8c,0.8816968604753707,0.7604172646922439,0.2837399624264709,0.367146992489962,0.33747368174494125,46723.851306202276,0.09427404634757437,0.07263748876929992,0.1734912496001903,0.47378759080029237,0.06007832517999647
cust_b8582321,0.830859063858339,0.506090125934841,0.4746652527358668,0.18149897444516966,0.3358943759059148,28900.707898682624,0.1670245306227535,0.735629819467006,0.21006562222383687,0.31856803392788524,0.0007677375333549871
cust_ac124400,0.6600903075187878,0.2803578480123161,0.3516819317566171,0.2153014228503384,0.12624092597763384,140156.71303462877,0.452766689879817,0.585154492649339,0.32888998820706117,0.11448321640546046,0.5152149620547898
cust_7cc37761,0.7007002929088637,0.6031930156190789,0.6187886633534531,0.26799036666630266,0.5351919123388064,150490.25628258093,0.6219732010928324,0.39673530560044545,0.33077190045364024,0.23456785796481186,0.8017473605425827
cust_ccb2f4d8,0.6610691799617802,0.4655039424340529,0.40415402344380696,0.6601767480623354,0.04928581244795714,17959.77729133214,0.0555894320431803,0.645709806932317,0.27959792565094355,0.2189740680786441,0.23885321547965205
cust_ad865b47,0.8515577448090519,0.4989148062379335,0.2804315282047796,0.3826365165316315,0.6036725952947509,12030.85478763987,0.24067217249006034,0.5466613221522462,0.20850797664363357,0.35812061704351406,0.05331097190124696
cust_2a3910fb,0.8454993908205946,0.4416426244402081,0.49234883120145034,0.08038770437178734,0.45935516470596455,2083.3134222998515,0.1285710231832749,0.5900223179960221,0.09170088481418087,0.04081054862625816,0.2267300685994663
cust_1e267734,0.7619739983974513,0.7024066435360817,0.2821076696088615,0.11581591863472696,0.5985509215353318,74151.87504406791,0.16915817731664207,0.46840806507125565,0.11428349371398464,0.5191863308303241,0.6501191812183302
cust_fbbcd339,0.6334046896923378,0.027774272141788327,0.2533652440382341,0.04939452481046857,0.218752450866507,845.268056304706,0.37093906647794817,0.9379675643221551,0.22022945912263883,0.023518442087307814,0.39378802996845896
cust_5d462237,0.9467679398951748,0.35279989016366375,0.5716079784742534,0.3845771924915604,0.2201292139011432,27864.130902141496,0.26052448449070703,0.3847705787776775,0.35325865747733753,0.24000761785271468,0.030264376514742147
cust_fbc6472b,0.9416721734533252,0.49591703328126524,0.5133501665574043,0.12564434159865537,0.4057673688208419,9682.884746260486,0.27829545740282846,0.4337485397798345,0.16070283318732415,0.3396114060796384,0.36839229855812367
cust_e8357b7e,0.6572309622284151,0.5950145543359354,0.3254725420061222,0.48483503906474523,0.47384960630305506,103177.8004814649,0.2894570896590599,0.32971762304424107,0.1858510029636446,0.28253837978724466,0.9152009978105061
cust_d0fa3c39,0.8809077842551287,0.5267307248539178,0.014108183285989754,0.26008083201312815,0.35968771369135627,14979.864523119699,0.3633616527615926,0.4102362001335449,0.008952948493913713,0.4876888719144078,0.3684293816637158
cust_e4df987e,0.6229435106046284,0.508664742269384,0.618905899597728,0.19280957728305642,0.48846961917720105,27789.340339497285,0.341197765312418,0.3416531616671022,0.5271439544695541,0.1647208283475821,0.21872985441911383
cust_7a593496,0.7217626677257037,0.15562384827389683,0.47810619772536195,0.16231792854351632,0.1244458115319978,167469.05726039255,0.511215439639761,0.32004108654856545,0.23529572919087546,0.1097784664121176,0.6534463759108106
cust_73c020a9,0.6474377187064115,0.4498783979160603,0.2349190681281789,0.2916366137482501,0.5321825341368703,19444.25421925176,0.13951019185603536,0.3757027187583258,0.09498968341448416,0.26627395175172963,0.23188978605174573
cust_1763cd81,0.8885207879203162,0.6296151586271469,0.8075442815230565,0.2855544895776491,0.36636759357379206,88813.77167901918,0.2850678926966793,0.7448364823035938,0.6859771355446955,0.5301885431099276,0.8658844879211804
cust_5dd47f90,0.9690088713489524,0.7377472464532153,0.2909255976619128,0.49278738234133235,0.2496285904455175,18524.827427221775,0.47896184727466806,0.7161904359621283,0.1622426617690804,0.06226306455455488,0.06051370927878113
cust_e6cfbd42,0.7942714610832188,0.7553441158665228,0.2103517753455784,0.6119811474978872,0.1529534251770104,2150.0938700926513,0.09832545313271743,0.9085322284036027,0.062083305599529286,0.3270763501554532,0.3926542013315301
cust_88e7c436,0.9772158649483563,0.33167891631913804,0.12906468580331884,0.4192987773002617,0.36535990910690547,4256.729379903504,0.1394970410922766,0.4127988707446597,0.08211138834381584,0.08206469869650572,0.015199776532919833
cust_35b46f81,0.9224632665070442,0.39524574328308665,0.43523238563349714,0.19630866707789152,0.16623306163800325,64042.8484383876,0.32972979798281254,0.6363921528086836,0.18512617714955046,0.18475651195071882,0.8477017092509623
cust_d19360da,0.8116874889446397,0.5304783941081757,0.3696126947941917,0.08250013932481835,0.2798860221941944,17595.231477809513,0.0847259530145556,0.3378644061145214,0.21401162380928385,0.09658556345103679,0.2512602567137148
cust_a72d88b9,0.29657396915944306,0.458820221839184,0.11906475495346369,0.4478662844383241,0.5608314260166356,378615.42032150517,0.6630403777664723,0.3496235389407674,0.09411608135280156,0.25569747387156905,0.8030920400253115
cust_6b3ac056,0.8400219560686187,0.5004418564257587,0.6789953438243396,0.09892996091507174,0.18722516959586194,85604.49094430445,0.14790447292935324,0.5986662939438304,0.371207675350588,0.24192940165033402,0.4433179361796328
cust_983bc060,0.710780537785552,0.3672550635024587,0.693531917350854,0.34261565970956565,0.3156241676567455,4774.62904581447,0.47660854997945323,0.3080334983077454,0.329176840493893,0.10403912345705603,0.044862679050419275
cust_9b274511,0.7899282576264298,0.5931034170074789,0.3360865903287184,0.25353827869194917,0.20938676226747263,85303.47349775356,0.3902115319808787,0.4971720036483022,0.1815573892496429,0.11970659795879048,0.764237090943167
cust_8b14aa08,0.329440049261746,0.7160868868341274,0.24338507794430558,0.1447391926590217,0.24316422223831574,33202.60086265596,0.56728794557666,0.43563876328888945,0.06947816719797746,0.3912089650677328,0.4609486288382043
cust_c60e6262,0.8469434388205869,0.827013614442377,0.062011431984824124,0.3514212336390374,0.2051847334264811,44627.80413987672,0.2179859257012749,0.48402518384864407,0.0146790263806823,0.3806524100434628,0.05933568575734309
cust_39aec418,0.42972269423501835,0.3762027822951852,0.40629210506218005,0.16890262585438034,0.19726439000002777,10918.751180890144,0.6301511417611287,0.724289285695532,0.2577872405209077,0.10796269233440882,0.06856980040894024
cust_fe07b902,0.6596991145014507,0.5852051217018143,0.46602463802690935,0.2863608147753111,0.12000668280007323,51939.65767575269,0.31769470342678696,0.4119008773395912,0.1826306560613081,0.2648522913739777,0.5667340828990451
cust_69088898,0.9284245074907979,0.4555428183707816,0.3954676818561083,0.18551680183599822,0.22689555773888104,68409.1616548732,0.23548417711286646,0.42700045005806864,0.19778834428402453,0.32537965779816924,0.5839313452101277
cust_64bf51cf,0.8722796323494345,0.7067926942882655,0.6849639969764535,0.12865260943261764,0.1237798870305573,7276.662738403377,0.1905766305817091,0.37249670785505407,0.2970323790723834,0.5286103639187716,0.266980857509227
cust_df38cb3e,0.8069931695128927,0.3194432493881476,0.2930339328582547,0.3595150298840762,0.3040240759905418,42282.09040653599,0.3935586892257313,0.20881852309281917,0.20493807604523076,0.22929402877406682,0.19850477673656336
cust_5270fd85,0.8611068398811118,0.8292803326983369,0.35470315613446235,0.19363007970556334,0.3671988636468038,6185.6199642883685,0.40349525395179775,0.2549678551655184,0.2910716638777858,0.6186941892204756,0.08296904565546138
cust_3bb567d8,0.806528246786362,0.36044068575094745,0.3373864963302867,0.383140308306396,0.5872626848189048,25125.376784179873,0.7967077611802481,0.8312646926531359,0.27535769472009314,0.14913306338647198,0.1139898852300557
cust_c93f6aad,0.6473129652267042,0.5390880020071115,0.24895445588304108,0.29708675388257044,0.2488366826940401,2514.471909813941,0.5886609751917659,0.800938737568119,0.13778569516560263,0.23313387619972353,0.3762023504336561
cust_dd62bd10,0.8443440801479081,0.10292635500558114,0.46983326693593563,0.17745637941825473,0.047733517646176574,3822.664421364837,0.31996860630446256,0.5383178958988943,0.3481078271063327,0.03903673026008165,0.11152703875033473
cust_d304fb6b,0.7331280710211412,0.21136599843910694,0.4833445102528157,0.22939854289118528,0.0365553491658399,3654.4335395089415,0.2074549168153937,0.6253194622782313,0.30492383091267655,0.055794787831067755,0.09906614817357041
cust_1bcd0f35,0.33643603272319866,0.751739987345908,0.7878163296879593,0.5136664722565849,0.5470792290490094,131101.53875083028,0.247261089829494,0.7670268624831531,0.7635847410614225,0.5592102541405293,0.7875729130732753
cust_6e07794b,0.8411412599643237,0.5152232943751134,0.12590726263144109,0.30127236273771374,0.34810759565457794,65026.35218202501,0.24638159935861945,0.633077047724469,0.11037677417871036,0.43281716477900667,0.7256304200524692
cust_a0522c67,0.5258832749512999,0.8433043445631098,0.18228898576956248,0.389637352590033,0.37595548624782865,59763.361823968764,0.16025131203074927,0.2509778313197092,0.09984966310558913,0.34771937803317743,0.780471515331397
cust_8b942add,0.7344448527637578,0.6405179485971233,0.2936405915253428,0.32044326968431225,0.41787808434418333,232428.11508343165,0.17356185213103292,0.783855591315985,0.23106580738477098,0.22830761670093117,0.813190484396196
cust_e8e4ee25,0.7748210035621362,0.3917921199190676,0.21734621413018956,0.18810069440662538,0.296844608243768,13352.587956997615,0.4336432258336696,0.6706265990829317,0.03869550908889752,0.28570845821426893,0.5251452967316588
cust_80704fd0,0.7532856705947448,0.513446429574327,0.21051863621638303,0.2680466762063148,0.15542931614240074,15759.694287118364,0.27075761027861067,0.3536181279569384,0.0553184699127357,0.4110664922132729,0.23846798610059594
