case_id,y_0,y_1,y_2,y_3,y_4,y_5
case_cf58f7ce,1,1,0,1,1,1
case_fba0be92,0,1,0,0,1,1
case_4ad363b6,1,1,1,1,1,1
case_bbd56b87,1,0,1,1,1,1
case_8a778c4b,0,1,1,1,1,1
case_e446f254,1,1,1,1,1,1
case_a6a41ab7,0,0,1,1,1,1
case_3b84fac9,1,1,1,1,1,1
case_cf0e2394,1,1,1,1,0,1
case_aff56edd,1,1,1,1,1,1
case_c87b29f2,1,1,1,1,1,1
case_7f4ddf44,1,0,1,1,1,1
case_5ad61108,1,1,0,0,1,1
case_89d2790b,1,1,1,1,1,0
case_449e1f25,0,0,1,1,1,0
case_6a84404f,1,1,0,1,1,0
case_e576dff4,1,1,1,1,1,1
case_b44d9f2b,0,1,1,0,1,1
case_a037ffb1,1,1,0,1,1,1
case_844190cc,1,1,1,1,1,1
case_b2e10b12,1,1,1,1,1,1
case_ffc529d7,1,1,1,1,1,1
case_3daca848,0,0,0,1,0,1
case_d8a9858a,1,1,1,1,0,1
case_f5e3357e,1,0,1,1,0,1
case_d77914c2,0,1,1,0,0,1
case_808f62b3,1,1,1,1,1,1
case_8a6d157e,0,0,1,0,0,1
case_16ec684e,1,1,1,1,1,1
case_36154275,0,0,1,0,0,1
case_7b7a2b62,0,1,1,1,0,1
case_4c275e3b,0,0,1,1,1,1
case_6b8c7999,1,1,1,0,0,1
case_afd3d794,1,1,1,0,0,1
case_c0d839ce,1,1,1,1,1,1
case_e899a597,1,1,1,1,1,1
case_a23e506e,0,0,0,1,0,1
case_576fa0cb,1,1,1,0,1,1
case_93e728bb,1,0,1,1,1,0
case_0c8041c5,1,1,1,0,1,1
case_a09227d8,0,0,1,0,0,1
case_d95dc84b,1,1,1,0,0,1
case_d8b60979,1,0,1,1,1,1
case_82f1e290,1,1,1,0,1,1
case_43d0333e,1,1,1,1,1,1
case_59a954db,1,1,1,1,1,1
case_ee5239aa,1,1,1,0,0,1
case_b60ba159,1,1,1,1,1,0
case_2e79e65e,0,1,1,1,1,1
case_23a545f7,1,0,1,1,0,0
case_46b0c76a,1,1,1,1,1,1
case_2a921273,1,1,1,1,1,1
case_747bd0ce,1,1,1,1,1,1
case_793c6fc5,1,0,1,0,1,0
case_540003b0,0,1,1,1,1,1
case_c83581cd,1,0,1,0,0,1
case_254c50c0,1,1,1,1,1,1
case_59d4ef51,0,1,1,0,1,1
case_ff37cf0b,0,1,1,1,1,0
case_f3be1713,0,0,1,0,0,1
case_650e22a4,1,1,1,0,0,1
case_f6db432a,0,1,1,0,1,1
case_2552fd83,0,1,0,0,1,1
case_88b54341,1,1,1,0,1,1
case_b314791b,1,1,1,1,1,1
case_dbb132fa,1,1,1,1,1,1
case_0ce836a2,1,0,1,1,1,0
case_fc96dcb5,1,1,1,1,1,1
case_99b01f8d,1,1,0,0,1,1
case_369d8d84,1,1,1,1,1,1
case_5e738f37,1,1,1,1,1,1
case_3cd1b4ab,1,0,1,1,1,0
case_9b54e5cc,1,1,1,0,1,1
case_f2f3af6a,0,0,1,1,1,1
case_78ebb061,1,1,1,1,0,1
case_cf1a1838,1,0,1,0,0,1
case_e92a4f3e,0,1,1,0,1,1
case_a6eee264,1,1,1,0,0,1
case_8c33a8af,0,1,1,0,1,1
case_148799a4,1,1,1,1,1,1
case_6c4e5a4a,0,0,1,0,1,0
case_f31c2235,1,1,1,1,1,1
case_94392a00,1,1,1,1,0,1
case_45b32867,0,1,1,1,1,1
case_521eadb5,1,1,1,0,1,1
case_4e36a9ea,1,1,1,1,1,1
case_6f0254b2,0,1,0,1,0,0
case_baa1945f,0,0,1,1,1,1
case_fa9794e2,1,1,1,1,1,1
case_32cb408f,0,1,1,1,0,1
case_a622f077,1,0,1,1,1,1
case_579fbe17,0,0,1,1,1,0
case_b5cc448a,1,1,1,0,0,1
case_f1397a29,1,1,1,0,1,1
case_92e2a509,1,1,1,1,1,1
case_82e4821e,1,1,1,1,1,1
case_6a20d5d1,1,0,1,1,1,1
case_406a1c74,1,1,1,1,1,1
case_532f0a7e,0,0,1,1,1,0
case_ca8c0c1b,0,0,1,0,0,1
case_3a458399,1,1,1,1,1,1
case_ba0216b9,1,1,1,1,1,1
case_370909e3,0,1,1,1,1,1
case_6c6676c9,1,1,1,1,1,1
case_550a9328,1,0,1,0,1,1
case_7a19b5d8,1,0,0,1,1,0
case_ecec4cd8,0,0,1,0,0,1
case_d218a431,1,1,1,1,1,1
case_0dfb7f2b,1,0,1,1,1,1
case_4ac9d018,0,0,1,1,1,1
case_cbfaaf32,0,0,1,1,0,1
case_6b5aa128,1,1,1,1,1,1
case_5db5744f,1,0,1,1,1,1
case_385fa649,1,1,1,1,1,0
case_cd6f4a62,1,1,1,1,1,1
case_5d46a3ab,0,0,1,0,0,1
case_dc4d6293,0,1,1,0,1,1
case_9da5a4a4,0,0,1,1,0,1
case_ec3cd1f4,0,0,1,0,1,1
case_4432d8c2,0,1,0,1,1,1
case_54e4d98c,1,1,1,1,1,1
case_90e96069,1,1,1,1,1,0
case_ee519ce2,0,0,1,0,1,0
case_8a361358,1,0,1,1,1,1
case_e713273d,1,1,1,1,1,1
case_59c4a0e6,0,0,1,1,0,1
case_b6a053d6,0,0,1,0,0,1
case_70cff6c1,1,0,1,1,1,0
case_ae825ee9,1,1,1,1,1,1
case_447de89c,0,0,0,0,0,1
case_e52740c6,1,0,1,0,1,1
case_d5c72057,0,0,1,1,1,1
case_0f296965,0,1,1,1,1,1
case_0b6f8033,0,0,1,0,1,1
case_fbb6bc80,0,1,1,0,1,0
case_a2429b67,0,0,1,1,1,1
case_3d1c28ab,1,1,1,1,1,1
case_6d93daef,1,0,1,0,1,1
case_f7290554,1,1,1,0,1,1
case_cb86b35a,1,0,1,0,1,1
case_d66ac423,1,1,1,1,1,1
case_c4ff5612,1,1,1,0,1,1
case_965a192d,1,1,1,1,1,1
case_bd3975e8,1,0,1,0,1,1
case_8ef1c41d,0,1,0,0,1,1
case_af756fba,1,0,1,1,1,1
case_e05c5b92,1,1,1,1,0,1
case_ce8cc84d,1,1,1,1,1,1
case_528821fd,1,1,1,1,1,0
case_c504594e,0,1,1,0,0,1
case_18df758d,0,0,1,1,1,0
case_ba5685b9,0,1,1,1,1,1
case_4ecbd0e1,1,1,1,1,1,1
case_f77ae264,1,1,1,1,1,1
case_4176bb16,0,0,0,1,1,1
case_7b900b6b,1,1,1,1,1,1
case_a04b1506,0,1,1,1,0,1
case_ebd723a4,1,1,1,1,0,0
case_66117e93,1,1,1,1,1,1
case_5a4b983c,1,1,0,1,1,1
case_2a5e2eeb,0,1,1,0,1,1
case_6f3a884c,1,0,1,1,1,1
case_1a9f1907,0,0,1,0,0,0
case_c1e9c30f,0,1,1,0,1,1
case_f8b50bda,0,1,1,1,1,0
case_0102f2a3,1,1,1,1,1,1
case_69ed7fb1,1,1,1,1,0,1
case_8c6174dc,1,1,1,0,1,0
case_1a669239,1,1,1,1,1,1
case_9ad948d9,1,1,1,1,1,1
case_889c178d,1,0,1,1,1,1
case_5014ab21,0,0,1,1,1,1
case_f378f074,0,0,1,1,1,1
case_4133c073,1,1,1,1,1,1
case_6d4cdacd,0,1,1,0,0,0
case_3d252cb3,0,1,1,1,0,0
case_5fe2b3e3,1,0,1,1,1,1
case_3547b558,1,0,1,1,0,1
case_983bb206,0,1,1,0,0,1
case_096e128b,1,1,1,1,1,1
case_dcba8cf6,0,0,1,0,0,1
case_5a433d9f,1,1,1,1,1,1
case_99e3cc26,0,0,1,1,1,1
case_a699eb17,0,0,1,1,0,0
case_4db115ab,1,1,1,1,1,1
case_edf7ba9c,1,0,1,1,0,0
case_0c41abab,1,1,1,1,1,1
case_00c1abf8,0,1,1,1,1,1
case_5747930a,0,0,1,1,1,1
case_15e56dea,0,1,0,0,0,1
case_303cb686,0,0,1,1,0,0
case_db8862b7,0,1,1,1,1,1
case_13b6d881,1,1,0,1,1,1
case_713778a5,1,0,1,0,1,0
case_3bb48535,0,0,1,1,1,1
case_192485f1,1,1,1,1,1,1
case_58cc3a00,1,1,1,1,1,1
case_e6fb3669,1,0,1,1,1,1
case_769fb0a1,1,0,1,0,1,1
case_91b97eb0,1,1,1,1,1,1
case_c02e2b12,1,0,1,0,1,1
case_f72d4919,1,1,1,1,1,1
case_c0021e62,0,1,0,1,0,1
case_1bfbc0ea,1,0,1,1,1,1
case_4da47290,1,1,1,1,1,1
case_f5c4784c,1,1,1,1,1,1
case_8359631d,1,0,1,1,1,1
case_61afcea8,0,1,1,0,1,1
case_290ce003,1,0,1,0,0,0
case_601f7108,0,0,1,0,1,1
case_d6f9b146,1,1,1,1,1,1
case_cfcc9cb4,0,1,0,1,0,0
case_cb00ae1b,1,1,1,1,1,1
case_e885ec43,0,0,1,1,0,1
case_8652a819,1,0,1,1,1,1
case_3d511436,0,1,1,0,0,0
case_10ae8bcf,0,1,0,0,1,1
case_a488157f,1,0,0,0,1,0
case_55aaf787,0,1,1,1,1,0
case_0760ac34,0,1,1,1,0,1
case_6d1bd926,0,0,1,1,0,1
case_a7eda7d8,1,1,1,1,1,1
case_30dde881,0,1,0,0,0,0
case_379161f6,1,1,1,1,1,1
case_f9de370e,1,1,1,1,1,1
case_5cb4d473,0,0,1,1,1,0
case_b396c263,1,0,1,0,0,0
case_3d1fb9aa,1,1,1,1,1,1
case_f1137723,0,0,1,0,1,1
case_91e35f75,1,1,1,0,1,1
case_7a41854c,1,1,1,1,0,1
case_ba35bd2d,0,0,1,1,1,1
case_8991090b,1,1,1,1,1,0
case_9c6514a3,0,0,1,1,0,1
case_0339d6f6,1,1,1,0,0,1
case_673fa079,1,1,1,1,1,1
case_f0dfb364,0,1,1,0,1,1
case_bdad2675,0,1,0,1,1,0
case_6895ec3a,1,1,1,1,1,1
case_948aece2,0,0,1,1,1,0
case_304bb96a,1,1,1,0,1,1
case_caff2de4,1,1,1,1,1,1
case_36f80550,0,1,1,1,1,1
case_459f1dc4,1,0,1,1,1,0
case_63e7575a,1,0,1,1,1,0
case_ae767128,1,0,1,1,1,1
case_2a225597,0,0,1,1,1,0
case_999fad0f,1,1,1,1,1,0
case_f8d733ed,1,1,1,0,1,1
case_6b760310,1,0,1,0,0,1
case_7393f67b,0,1,1,1,1,1
case_41607c08,1,1,0,1,1,1
case_0a10493f,1,1,1,1,1,1
case_7456342c,0,1,1,1,1,1
case_b96c9b6c,1,0,1,1,1,0
case_ee9426ec,0,1,1,1,1,1
case_abc86f3c,1,1,1,1,0,1
case_ebea088c,0,1,1,0,1,1
case_8685b897,0,1,1,1,0,0
case_52efdad4,1,0,1,1,0,1
case_b97e64bc,0,1,1,0,1,1
case_b578e83a,0,1,1,1,1,1
case_3856e10d,1,1,0,1,1,1
case_92e9217a,0,1,1,1,1,1
case_c4bd31bc,1,0,1,0,1,0
case_3ec2bf49,1,0,1,0,1,1
case_c47e6fbb,1,0,1,1,1,1
case_085fa67d,0,1,1,1,0,1
case_7cda9824,1,1,1,1,1,1
case_01faa4a4,1,0,1,0,1,1
case_b1bd11d3,1,1,1,1,1,0
case_f90a857f,1,0,1,0,1,1
case_ca9348ce,0,0,0,1,0,0
case_7bca495e,0,1,1,1,1,0
case_a4f9e895,1,1,1,0,1,0
case_4fd525b7,0,0,1,1,0,1
case_19b08aa6,1,0,0,1,1,1
case_ad8926ac,0,0,1,0,0,1
case_06a06e6c,1,1,1,0,1,1
case_dbda26b1,1,1,1,1,1,1
case_50156434,1,1,1,1,1,1
case_35b1e0af,0,0,1,0,1,1
case_ac66ac56,1,0,1,1,1,0
case_504c2da0,1,0,1,1,1,1
case_dafcba31,1,1,1,1,1,0
case_d91863b6,0,0,1,1,0,1
case_b64d60c6,1,1,1,1,1,1
case_66898079,0,1,1,0,1,1
case_334f414c,1,0,1,0,1,0
case_bf0dcc0b,1,0,1,1,0,0
case_de02d904,1,1,1,1,1,1
case_7167271f,1,1,1,1,1,1
case_a187730c,0,1,1,1,1,1
case_d1988808,0,1,1,1,1,1
case_fb04d91b,0,0,1,0,0,1
case_8a6a748c,1,0,1,0,0,1
case_876b7dad,1,1,1,1,0,1
case_1b2bad04,0,0,1,0,1,1
case_93379628,0,0,1,1,1,1
case_c411e20e,0,0,1,1,1,0
case_4c37251f,1,1,1,1,1,1
case_09138f62,1,1,0,0,1,1
case_30030950,0,0,1,1,1,0
case_99365df5,1,1,1,0,1,1
case_5f52f28f,1,0,1,1,1,1
case_1e145ad8,1,1,1,1,1,1
case_0b74fd1f,0,0,1,1,1,0
case_4aa6c233,1,0,1,1,1,0
case_527565e5,1,1,1,1,1,1
case_902e5632,1,1,0,0,1,1
case_e0acfad1,0,1,1,1,1,1
case_b6b0f7e7,0,1,1,1,1,1
case_543147f8,1,0,1,1,1,0
case_2e92045b,0,1,1,1,1,0
case_0bb88b49,0,0,1,1,1,1
case_ac29c027,1,1,1,1,1,1
case_af0ae395,1,1,1,1,0,1
case_19d10858,1,1,1,1,0,1
case_4692451a,1,0,1,1,0,0
case_49c1f358,1,1,1,1,1,1
case_ed07fcc2,0,1,1,1,1,1
case_66fa50af,1,1,1,1,1,1
case_ff2379a2,1,1,1,1,1,1
case_236858e6,1,1,0,1,1,1
case_9d2abcd2,0,1,1,1,1,1
case_88b02e6f,1,1,1,1,0,1
case_f30b95a4,0,1,1,0,1,0
case_a0fd6ac0,1,1,0,1,0,0
case_f039ca41,0,1,1,1,1,1
case_225723b3,0,1,0,0,0,1
case_aa7d47e4,0,0,1,1,0,1
case_aa506014,1,0,1,1,1,1
case_8e0ba9b9,0,1,1,1,1,1
case_09da7efe,0,1,1,1,1,1
case_75a8516f,1,0,1,0,0,1
case_b64c682d,1,1,1,1,1,1
case_06a8aef5,1,0,1,0,0,1
case_7d273acb,1,1,1,1,1,1
case_8e4ba85f,0,0,1,1,1,1
case_87cfb8f4,1,0,1,0,0,1
case_43a4a4a8,1,0,1,0,1,1
case_36f1195e,0,0,1,1,1,1
case_b9896eb8,0,0,0,0,1,1
case_0b194eed,1,0,1,1,0,1
case_8bfce922,1,1,0,0,1,1
case_0cbf6795,0,0,1,1,1,0
case_b8f34c22,0,0,1,1,1,0
case_45a1d39a,1,1,1,0,1,1
case_7b56adf3,1,0,1,0,1,1
case_3d1ac9e6,1,0,1,0,1,1
case_fa605c3f,0,0,1,0,1,0
case_7987e98e,0,1,0,0,1,1
case_be756ce3,0,0,1,0,1,1
case_ad1c4cc3,1,1,1,1,1,1
case_094180c3,0,0,0,0,0,0
case_e1803cf3,0,0,1,1,1,1
case_5d7df8ad,1,1,1,1,1,1
case_f1714619,1,1,1,0,1,1
case_45f23b6b,0,1,0,1,1,0
case_520212ea,0,0,1,0,1,1
case_a059ee8f,0,1,1,0,1,1
case_77699fcc,1,1,1,1,0,0
case_2b01526f,1,1,1,1,1,1
case_cb7c6d59,1,1,1,1,1,1
case_17436bb2,0,0,1,0,0,1
case_6e41527d,0,1,1,1,1,1
case_092e6cb5,1,1,1,1,1,1
case_d707676e,1,1,1,1,1,1
case_14fa4d39,0,1,1,1,1,1
case_c77c2381,0,1,1,0,1,0
case_d5878426,1,0,0,1,0,1
case_dd070519,1,1,0,1,1,1
case_1aebe649,1,1,1,1,1,1
case_dae7f992,1,1,1,1,1,1
case_e2ffc980,1,1,1,0,1,1
case_9287a47c,1,0,1,1,1,1
case_eb3b5262,0,1,1,0,0,0
case_eb66ad49,0,0,1,1,1,0
case_bfcfae41,1,1,0,1,1,1
case_508b2815,0,0,1,0,0,0
case_1e6a9dc8,1,1,1,1,1,1
case_83d3f184,0,1,1,0,1,1
case_8db44814,1,0,1,1,1,1
case_09271d4b,1,1,1,0,0,1
case_e8ce0320,1,1,1,1,0,1
case_1415f4a3,0,0,1,1,1,1
case_2ea7b6f5,1,1,1,0,1,1
case_69eb5acf,1,0,1,0,1,1
case_da213fb5,0,0,0,1,1,1
case_f7012757,1,1,1,1,1,0
case_485a2370,0,1,0,0,1,1
case_3981d37f,0,0,1,1,0,0
case_0c5ece20,0,1,1,1,1,1
case_ebfb99f3,1,1,1,1,1,1
case_8444411e,0,0,0,0,1,1
case_c50c0fcf,0,1,1,1,1,1
case_6b0045a9,1,0,1,0,1,1
case_3c09a196,1,0,1,1,1,1
case_8ac9f7b9,0,1,0,0,0,1
case_db9e24ae,1,1,1,1,1,1
case_f33f9cfe,0,1,1,0,0,1
case_d9b7f3d1,0,0,1,1,1,1
case_8fea1f99,1,1,1,1,1,1
case_4f0bad61,0,0,1,1,0,0
case_1a05935b,1,1,1,1,1,1
case_a252f450,0,0,1,1,1,1
case_0a240e52,1,0,1,1,1,1
case_34da2ee5,1,0,1,1,1,1
case_7dd492de,1,1,1,1,1,1
case_c20314d4,1,0,1,1,1,1
case_826b07df,0,1,1,1,1,1
case_9b029814,0,0,1,1,1,1
case_260461e9,1,1,0,1,1,0
case_3234c939,1,1,1,1,0,1
case_b137e5b2,0,0,1,1,1,0
case_178dd662,0,0,1,0,0,0
case_775c9e06,1,1,1,1,1,1
case_8a4b9cec,0,1,1,1,1,1
case_6275cad2,0,0,1,1,1,1
case_a9ece58d,0,0,1,1,0,1
case_58d46085,1,1,1,1,1,1
case_23be3748,1,1,1,1,1,1
case_89362fea,0,1,1,0,0,1
case_203bb8f0,1,1,1,1,0,1
case_a372724e,1,1,1,1,1,1
case_ec231580,1,1,1,1,1,1
case_918f6e72,1,1,1,1,1,1
case_351637ed,1,0,1,1,0,0
case_53f3e1f4,1,1,1,0,1,1
case_e5bf2d2c,0,1,1,1,1,1
case_cc9af43c,1,0,1,1,1,1
case_317ed548,1,1,1,1,0,1
case_cb617947,1,0,1,0,1,0
case_80cb9df1,1,0,1,1,1,1
case_28f59754,1,1,1,1,1,1
case_af172977,1,1,1,1,1,1
case_15fc48d3,1,1,0,1,1,1
case_3bbd7f00,0,0,1,1,0,1
case_70a8342a,1,0,1,1,0,1
case_73752baa,0,1,1,1,1,0
case_463139ff,1,1,1,1,1,1
case_a9a18b68,0,1,1,1,1,0
case_b7145d3a,1,1,1,1,1,0
case_dd285ce6,1,1,1,0,1,1
case_20b6ea0f,1,0,1,1,1,1
case_a394a2d2,0,1,1,1,1,1
case_344ca5bb,1,1,1,1,1,1
case_709e35ba,0,1,1,1,1,0
case_e073ee9a,1,0,1,1,1,0
case_25bdccf1,1,1,1,1,1,1
case_a8659b3c,1,1,1,1,1,1
case_b7ceb0b2,1,0,1,1,1,1
case_d13db396,0,0,1,1,0,1
case_00b6a3a1,0,0,1,1,1,1
case_0a32b437,1,1,0,0,1,1
case_6d1ea97c,1,1,1,1,1,0
case_0d9fb945,1,1,1,1,0,1
case_2118c3f9,1,1,1,1,1,1
case_a75f9b36,0,1,1,0,1,1
case_75e36a13,0,0,1,0,1,1
case_4464320c,0,1,1,1,1,0
case_749d1f19,1,1,1,1,1,1
case_3314f64d,1,0,1,1,1,1
case_32658136,1,1,1,1,1,1
case_f0a21b22,0,0,1,1,0,1
case_d02c7b44,1,1,1,0,1,0
case_16ca3e40,1,0,0,0,0,1
case_47454d79,1,1,0,1,0,1
case_d63c1260,1,1,1,0,1,0
case_eae152a8,1,1,1,1,1,1
case_a39cc31c,0,1,1,1,1,1
case_940e0979,1,1,1,1,1,1
case_532ff02c,0,1,1,1,1,1
case_956dc66e,1,0,0,1,0,1
case_f1b11d6e,0,0,0,1,1,1
case_011b4c86,1,1,1,1,1,1
case_ef72d3b7,1,0,1,1,1,1
case_1412f735,1,1,1,1,1,1
case_f81c88f6,1,0,1,1,1,1
case_08e5a8d3,1,0,1,1,1,0
case_e32d0533,1,0,1,1,1,1
case_cc92a99b,1,0,1,1,1,1
case_c9da44eb,0,0,1,0,0,0
case_f934b454,1,1,1,0,1,1
case_8d73329e,1,1,1,0,1,0
case_83983ce2,1,1,1,1,1,0
case_aaa63380,1,0,1,1,1,1
case_25730eed,1,1,1,0,0,1
case_bbbb5c59,1,1,1,1,1,1
case_f45eca1c,1,1,1,1,1,1
case_4deee19c,1,1,1,1,1,1
case_e2216ae7,0,0,1,1,1,0
case_cb6d151f,0,0,1,1,1,1
case_7e03e2d0,1,1,0,1,1,1
case_525bf944,0,0,1,1,0,0
case_6e63c899,1,0,1,1,1,0
case_c8a059f0,1,1,1,1,0,1
case_5c825533,1,0,1,0,1,1
case_bc485bf2,1,0,1,0,0,0
case_af780afe,0,1,1,1,1,1
case_3724601b,0,0,1,0,0,0
case_2597e647,1,1,1,1,0,0
case_904c35a0,0,0,1,1,1,1
case_6423ef7b,0,1,1,1,1,0
case_55574ba9,0,1,1,0,1,1
case_559b6276,1,0,0,0,1,1
case_96aaa5d2,1,1,1,1,1,1
case_ceee749e,1,1,1,1,1,1
case_147b569b,0,0,1,1,1,0
case_6e9d1493,1,1,1,1,1,1
case_1574cb15,1,1,1,1,1,1
case_836a841d,0,1,1,1,1,1
case_7594197e,1,1,1,0,1,1
case_6a50fa42,1,1,1,1,1,1
case_7737349b,0,1,0,1,0,1
case_af70d2a4,0,1,1,1,1,1
case_f7ae0653,1,1,1,1,1,1
case_546cf275,1,0,1,1,1,1
case_f47a1b7d,1,0,1,0,0,1
case_2bafc45e,0,0,1,1,1,1
case_9ec20829,1,1,1,1,1,0
case_d5bda5df,1,0,1,1,0,0
case_bf424b7e,1,1,1,1,1,1
case_6004a6c5,1,1,1,1,1,1
case_91684334,1,1,0,1,1,1
case_b7c30cb3,1,1,1,1,1,1
case_70900c25,1,1,1,0,1,1
case_aee69079,1,1,1,1,1,1
case_c6465ddb,1,0,1,1,1,1
case_6cad9e8c,1,1,1,0,1,1
case_48d39cbd,0,1,1,1,1,1
case_cde5188c,1,0,1,0,1,0
case_1f8e35a3,1,1,1,1,1,1
case_f054df7b,0,1,1,1,1,0
case_6bc4e8a8,1,1,1,1,0,1
case_1de40034,1,0,1,1,1,1
case_7ab25ace,0,0,1,0,0,0
case_b0bb03d9,1,1,0,0,1,1
case_23713bc6,0,1,1,0,0,1
case_6e85161c,1,0,1,1,1,1
case_f8cf3499,1,0,1,0,0,1
case_b8a63374,1,1,1,1,1,1
case_64aa3058,1,0,1,0,1,1
case_06f3fb02,1,1,0,0,1,1
case_878803e5,0,1,1,1,1,1
case_69f4e959,1,1,1,1,1,1
case_e5fc77fc,1,1,1,1,1,1
case_3a7b8989,1,0,1,1,0,1
case_8697c0a1,1,1,0,0,1,1
case_a2fb57ef,0,0,1,1,0,1
case_878382dd,1,0,0,1,1,0
case_23b71e7c,1,1,1,1,1,1
case_7ee34f8b,0,0,1,0,1,1
case_2f3e415e,1,1,1,1,1,1
case_0b6ff80e,0,1,1,1,1,0
case_edb1f80d,1,1,1,1,1,1
case_2e9c87ef,1,1,1,1,0,1
case_339896cb,1,0,1,0,1,1
case_1ac51a5a,0,1,1,1,1,1
case_e4f3bea7,0,0,1,0,1,1
case_974bb3d0,1,1,1,1,0,1
case_e2ed9b2c,1,1,1,1,1,1
case_4dbff25b,0,1,1,1,1,1
case_c6e194ba,1,0,1,1,1,1
case_64fe974b,1,0,1,1,1,0
case_e4835114,1,1,1,0,1,1
case_7cbccab7,1,1,1,0,0,1
case_56ff6e89,1,1,1,0,0,1
case_9903cbbc,1,0,1,1,1,1
case_0568808f,1,1,1,0,1,0
case_fc2b6f6f,0,1,0,1,1,1
case_a0859434,0,0,1,0,1,1
case_680c8786,1,1,1,1,1,1
case_2e3a7895,1,0,1,1,1,1
case_03b33665,1,0,0,1,1,1
case_27c169e3,0,1,0,1,0,0
case_54959901,1,0,1,1,1,1
case_82cc2da0,1,1,1,0,0,1
case_26f5308b,0,0,0,0,1,0
case_1f3f1b8b,1,0,1,1,0,0
case_1c2fb5ba,1,0,1,0,1,1
case_0d774559,1,1,1,1,1,1
case_76bfb41d,1,1,1,1,1,1
case_fa36d231,0,0,1,1,1,1
case_decf8f32,1,0,1,1,1,0
case_60eb5415,0,1,1,0,1,1
case_eb5b1a25,0,1,1,0,0,1
case_9cfbd3ff,1,0,1,1,1,1
case_3390e262,1,1,1,0,0,1
case_11deaf10,0,1,1,1,1,1
case_84586be3,0,1,1,1,1,1
case_79f5fec7,1,1,1,0,1,1
case_d3f0dc13,1,1,1,1,0,1
case_8e2126ab,0,1,1,0,1,1
case_c50555c5,1,1,1,1,1,1
case_353f71a7,1,1,1,0,1,1
case_80a18509,0,0,1,1,1,1
case_7b492679,1,1,1,1,1,1
case_e6ce0027,1,0,1,1,1,1
case_1c3094a1,1,1,1,1,1,1
case_c21e845d,0,0,1,0,1,0
case_872c5fb4,1,1,0,0,1,1
case_25e2d58c,0,0,1,1,1,1
case_0ddf348b,0,1,1,1,0,1
case_f3ebbfc9,0,0,1,1,1,1
case_ccc188b7,0,0,1,1,1,1
case_df59e73d,1,1,1,0,1,0
case_cbe43e8d,0,1,1,1,1,1
case_3bcf4d36,1,1,1,1,1,1
case_64918aee,1,0,1,0,1,1
case_c43fc1c1,0,1,1,1,1,0
case_ed121ac9,0,0,1,0,0,0
case_3a77f5b3,0,1,1,1,1,1
case_bad5e578,0,0,1,1,1,1
case_769d197b,1,1,1,0,1,1
case_46d56b09,1,1,1,1,1,1
case_a87dfdd1,0,0,1,1,0,0
case_0b29e4e7,1,1,1,1,0,0
case_9792f676,1,0,1,1,0,0
case_f09d0fb4,0,1,1,0,1,0
case_b3d7ed99,1,0,1,1,1,0
case_fed9c7de,0,1,1,1,1,1
case_5e8f110e,0,0,1,1,1,1
case_642fb475,0,1,1,1,1,1
case_9ba79e19,1,1,0,1,1,1
case_9d9d9f33,1,0,1,1,0,1
case_7bf270ec,0,0,1,1,1,0
case_bec1db8a,1,0,1,1,1,1
case_e5815d10,1,1,1,1,1,1
case_1bf338eb,1,1,1,1,1,1
case_f5dcb833,1,1,1,1,1,1
case_8548cf5f,1,1,0,1,0,1
case_a32a7da5,0,1,1,1,0,1
case_4e5826db,0,0,1,1,1,1
case_ebc66896,1,1,1,1,1,1
case_fc31ddfc,1,0,1,1,0,1
case_a6e26826,0,0,0,1,1,0
case_9484b2b6,1,1,1,1,1,1
case_aec34e98,1,1,1,1,0,0
case_0ad0fe30,1,1,1,1,0,1
case_3eb62fe2,0,1,1,1,1,1
case_be7b2ff6,1,1,1,0,1,1
case_e11f1c09,0,0,1,1,1,1
case_981d142c,1,0,1,1,0,1
case_ed3df43f,0,0,1,0,1,0
case_6984a10c,1,0,1,1,0,1
case_ee31702d,1,1,1,1,1,0
case_d76f7b66,1,1,1,1,1,1
case_f56b3ee8,0,0,1,0,0,1
case_a8803641,1,1,1,1,1,1
case_b653bec3,0,1,1,1,1,1
case_35c582d1,0,1,1,1,1,1
case_bbe3f21c,1,0,1,1,0,1
case_62d91315,1,1,1,1,0,1
case_76f737a3,1,1,1,1,0,0
case_1928d2a8,1,1,1,1,1,1
case_564a7d5f,0,1,1,1,1,1
case_7f9029ae,1,0,1,0,1,1
case_a519856c,1,1,1,1,1,1
case_a4330d06,1,0,0,0,0,1
case_9b86df2d,1,1,1,1,0,1
case_6a80ae1f,1,1,1,0,0,0
case_c1cfd402,1,1,1,1,1,1
case_74c9815f,1,0,1,0,1,1
case_27627b90,1,1,1,1,0,1
case_dd7b70a9,0,0,1,0,0,1
case_2e4d4c11,0,0,1,0,1,1
case_29c5caab,1,1,1,1,1,0
case_6d03993b,1,1,1,0,0,1
case_e63d2cc5,0,1,1,1,1,1
case_3ae887c7,1,1,1,1,0,0
case_ffa491a9,1,0,1,1,1,1
case_5a7e7452,0,0,0,0,0,0
case_35bd66e3,0,0,1,1,0,1
case_786541f2,0,1,1,1,1,1
case_156d255e,0,0,1,1,1,1
case_55df70ea,1,1,1,1,1,1
case_02c20c97,0,1,1,1,1,0
case_a9aa4b75,0,0,1,1,1,1
case_e7224196,0,1,0,1,1,0
case_864a2a21,1,1,1,1,1,1
case_429ff805,1,0,1,1,1,1
case_63054883,1,1,1,1,0,1
case_f5c21d63,1,1,1,0,1,1
case_5df58f93,1,1,0,0,0,0
case_ab8ac268,1,1,1,1,0,1
case_33176c61,1,0,1,1,0,1
case_c467c299,1,0,1,1,1,1
case_67cbbbde,0,1,1,1,1,0
case_ba00e2ee,0,1,1,1,0,1
case_bf684a08,1,0,1,0,1,1
case_2fc2b657,0,0,1,1,1,1
case_5812f99b,1,1,1,1,1,1
case_5e32e2fd,0,1,1,1,1,1
case_e9224dd1,0,0,1,0,0,1
case_13ffa74d,0,0,1,0,0,1
case_0c92711c,1,0,1,1,1,1
case_c1edd557,1,0,1,0,0,1
case_e2c55361,1,0,1,0,1,1
case_0f160d9e,1,1,1,0,1,1
case_6029ec15,0,1,1,1,1,1
case_1796921f,1,1,1,1,1,1
case_6dba97a9,0,1,1,0,0,1
case_7d970db4,0,1,1,1,0,1
case_be1caf1d,0,1,1,1,0,1
case_004496fe,0,1,1,0,1,1
case_019e63cc,1,1,1,1,1,0
case_8104e09b,1,1,1,0,1,1
case_a5763a7e,0,1,1,1,1,1
case_caac92b2,0,1,1,1,1,1
case_6e233eb4,1,1,1,1,0,1
case_589cd4e8,1,0,1,0,0,0
case_1d6f0d48,1,0,1,0,1,0
case_3c9d35a0,1,1,1,1,1,1
case_a58fc5b0,1,0,1,0,0,1
case_2424260d,0,0,1,1,1,1
case_559b7212,1,1,1,1,1,1
case_1486b1fd,1,1,1,1,1,1
case_a4c6d5c0,1,1,0,0,1,1
case_379409b3,1,0,1,0,0,1
case_8b56ea57,0,0,1,1,0,0
case_16bbdd6a,0,0,0,1,0,1
case_7cb1a2ce,1,0,1,0,1,1
case_ee3e5836,0,0,1,1,0,1
case_f73d9261,1,1,1,1,1,1
case_87dedf4d,0,0,1,1,1,0
case_e853651e,0,0,1,0,0,0
case_ce0fce51,0,0,1,1,0,1
case_47f4232b,1,1,1,1,0,1
case_c6230ac1,1,1,1,1,1,1
case_0c5dbb4b,1,0,1,1,1,1
case_c693f4db,0,0,0,1,0,1
case_22da1b77,1,1,1,1,1,1
case_3ed22d43,1,1,1,1,1,1
case_a6dc5318,0,0,1,0,0,1
case_b9f166c6,0,0,1,1,1,1
case_74db2e30,1,1,1,1,1,0
case_8ef496bd,0,1,1,0,0,1
case_dd7df0cf,0,1,1,1,0,1
case_cb6274c1,1,1,1,1,1,1
case_5949e8b3,1,1,1,1,1,1
case_50f50afa,1,1,1,1,1,1
case_bbb4fcbd,1,1,1,0,1,1
case_d69234ee,1,1,0,0,1,1
case_2a5544d6,1,0,1,1,1,1
case_6aa28313,1,1,1,0,1,1
case_9b22ed3c,1,0,1,1,1,1
case_41186c46,0,0,0,0,0,0
case_f45c3da7,1,0,1,0,1,0
case_89b461ba,0,0,1,0,1,1
case_76defac5,1,0,1,0,1,1
case_cb54b5e9,1,1,1,1,0,1
case_ac57e0e4,1,0,1,1,0,1
case_c931d790,1,0,1,1,1,1
case_4139fc31,1,1,1,1,0,1
case_cf32ee68,1,1,1,0,1,1
case_00f42aeb,1,1,1,1,1,1
case_e939f57a,1,0,1,0,0,0
case_d368d152,1,1,0,0,1,0
case_45a06bfa,0,0,1,1,1,1
case_0c7a576e,0,1,1,1,0,0
case_91585aef,0,0,0,0,0,1
case_8fd095fb,1,1,1,1,1,1
case_b07590d9,0,1,1,1,1,1
case_9d84ebb6,1,1,0,1,1,1
case_11f7fd39,0,1,1,1,1,1
case_aba2fc03,1,0,1,1,1,1
case_0425397f,1,1,1,0,0,1
case_b6c548db,0,1,1,0,0,0
case_b35c2523,1,1,1,1,1,1
case_30210891,1,0,1,1,1,1
case_371d7d76,0,0,1,0,0,0
case_6bc960a7,1,1,1,1,0,1
case_3f2d3168,1,1,1,1,1,1
case_094cc1ad,1,1,1,1,1,1
case_8ef05f90,0,0,1,1,1,1
case_9d09c105,1,1,1,1,1,0
case_1ea188a9,0,1,0,1,1,0
case_3b84ed29,0,1,1,1,1,1
case_dc90e687,1,1,1,1,1,1
case_46f1e75d,1,1,1,1,1,1
case_8ba84a12,0,0,1,1,0,0
case_45732168,1,0,1,0,0,1
case_cfb7e6b6,1,0,1,1,0,1
case_dc867a93,0,1,1,1,1,1
case_54cec7d4,0,1,1,1,0,1
case_fac82bf5,0,1,1,0,1,1
case_bbf9f5da,1,1,1,1,1,1
case_432d0a37,1,1,1,1,1,1
case_a5fb4c4f,0,0,1,1,1,0
case_d3beefa8,1,1,1,1,1,1
case_f38663e2,0,0,1,0,1,1
case_ff86fb59,1,0,1,0,0,1
case_967c7d63,1,0,1,1,1,1
case_a770275f,1,1,1,1,1,1
case_e3b7a3d7,1,0,1,1,0,0
case_448ba863,1,1,1,1,1,0
case_f6092258,1,1,1,1,1,1
case_124a1a1c,0,0,0,0,0,1
case_209599d0,0,1,1,1,1,1
case_1532c0c1,1,1,1,1,1,1
case_76128c32,1,0,1,1,1,1
case_db2804e8,1,0,1,1,1,1
case_e828ce37,1,1,1,1,1,1
case_a6fd023b,1,0,1,0,1,1
case_45c08112,1,1,0,1,1,0
case_ae44f093,0,1,1,1,1,1
case_5d5117ac,0,0,1,1,1,1
case_a5547858,1,1,1,1,1,1
case_a3ec6f84,1,1,0,1,1,1
case_b862402c,0,1,1,1,1,1
case_8869eca9,1,1,1,1,1,1
case_24fe197b,0,1,1,1,1,1
case_7c2bdd26,0,1,1,1,1,1
case_16fbc437,1,1,1,1,1,1
case_9263bbdc,1,0,1,0,1,1
case_eea890a3,1,1,1,1,1,1
case_d0ef1a76,1,0,1,1,1,1
case_c0b990d6,1,0,1,1,0,1
case_114b402a,1,0,1,1,1,0
case_634e81fe,0,1,1,0,1,1
case_290e92c1,1,1,1,1,0,1
case_238a50fc,1,1,1,1,0,1
case_b22c16e5,1,1,1,1,1,1
case_223b7f09,0,0,1,0,1,1
case_14daeb20,1,1,1,1,1,1
case_4f27730e,0,1,1,1,1,0
case_7fcf10d9,1,1,1,1,0,1
case_0dcab8a0,0,0,0,0,0,0
case_7fdb9d81,1,0,1,1,0,1
case_80d5d29a,1,1,1,1,1,1
case_8f37bc57,0,1,1,1,1,1
case_64989e17,0,1,1,1,0,1
case_1aec03c3,1,1,1,1,1,1
case_8ecd469d,1,1,1,0,1,1
case_19371acc,1,1,1,0,1,1
case_763ee7f1,0,0,1,0,0,1
case_ccdf15cd,0,1,1,1,1,1
case_4cf99648,1,1,1,0,0,1
case_e78cd93c,1,0,1,1,1,1
case_ab2c902c,1,1,1,1,1,1
case_d990a058,0,0,0,1,0,1
case_6ccaf51e,1,0,1,1,0,1
case_a0ae3753,1,0,1,0,1,0
case_26731d29,1,1,0,1,1,1
case_374f8550,0,1,1,1,1,0
case_9685b60e,0,1,1,1,0,1
case_f80f8460,0,1,1,0,1,1
case_9f52cf36,1,0,1,1,0,1
case_7489f64c,1,1,1,1,1,0
case_b4ca8810,0,1,1,1,1,1
case_4b1a9549,1,1,1,1,1,1
case_446ef966,0,1,1,0,1,1
case_f8a288b8,0,1,1,0,1,1
case_b2e28b84,1,1,1,1,1,1
case_0bbcc2df,1,1,1,1,0,1
case_de8ceaa7,1,1,1,1,1,1
case_f899f3a0,0,1,1,0,1,0
case_5418c875,0,0,1,1,1,1
case_e25b2868,1,1,1,1,1,1
case_9c99fbb2,1,0,1,1,1,0
case_1df8c870,1,1,1,1,1,1
case_661e6aab,1,1,1,0,1,1
case_88101aaf,0,1,1,1,1,0
case_c56dab55,0,1,1,1,1,1
case_7f5fe882,1,1,1,1,1,1
case_0fa14637,1,1,1,0,1,1
case_71a5a853,1,1,0,0,0,1
case_2c70b14d,1,1,1,1,1,1
case_107948dc,1,1,1,1,1,1
case_e48811a7,1,0,1,0,1,1
case_b026ce98,0,1,1,1,1,1
case_db89743b,1,1,1,1,1,1
case_bd7d14b9,1,1,1,0,1,1
case_6786162b,1,1,0,1,1,1
case_04a8e972,1,1,1,1,0,1
case_b143ed26,1,0,1,0,0,1
case_58b27aca,1,1,1,1,0,1
case_12e165f0,1,1,1,0,0,1
case_3c94b21e,1,1,1,1,1,1
case_92a6088e,1,1,0,0,0,0
case_6032802b,0,1,0,0,1,0
case_127ff87f,1,1,1,1,1,1
case_414cd32b,1,1,1,1,1,1
case_9e1fd069,0,0,0,1,0,1
case_a3c4f56f,1,0,1,1,1,0
case_e00b3639,0,1,1,1,1,1
case_e57f2984,1,0,1,1,0,0
case_6f5cb97d,1,0,1,1,1,1
case_cbc5bad0,0,0,1,0,1,1
case_e797da28,0,1,1,0,1,1
case_f34570ba,1,0,1,1,1,1
case_e089a68b,1,0,0,1,0,1
case_c42b1d3b,0,0,1,1,0,1
case_1d9d8bca,0,0,1,1,0,1
case_90548e83,0,0,1,1,1,1
case_176cfd69,0,1,0,0,1,1
case_9d50be34,0,1,0,0,1,1
case_b9b5fb25,0,1,1,1,1,1
case_f944eeea,1,1,1,0,1,1
case_fad0b1db,0,0,1,1,1,1
case_16f384e1,1,1,1,1,1,1
case_f6b81277,1,1,1,1,0,1
case_8a872bb9,0,1,1,0,0,0
case_1e9d8cb1,0,0,1,1,1,0
case_a0d95a63,0,0,1,1,1,1
case_35f29f77,0,1,1,1,0,1
case_fd6b54ff,0,0,1,1,1,0
case_777a10ac,1,1,1,1,1,1
case_ed823f84,0,0,1,0,1,1
case_966ec969,0,1,1,0,0,0
case_6bf15f99,0,0,1,1,1,1
case_763adeac,0,1,1,1,1,1
case_44fec510,1,1,1,1,1,1
case_d502cbfd,0,1,1,0,1,1
case_efba44d0,1,1,1,1,0,1
case_fd67b14b,0,0,1,0,0,1
case_5d1c1fab,1,0,1,1,0,1
case_4646ab98,1,1,1,0,1,1
case_ed7fae41,1,0,1,1,0,1
case_26861a31,1,0,1,1,1,0
case_b0a5f01b,0,0,1,1,1,1
case_79debfa7,0,1,1,1,0,0
case_ec88816a,1,1,1,1,1,1
case_87e2ad89,1,1,1,1,1,1
case_85100cd7,0,1,1,0,0,0
case_d1568948,1,0,1,0,0,0
case_2f4d22f1,0,0,1,0,1,1
case_1151d2a6,0,1,1,0,1,1
case_06cb7c81,0,0,1,1,0,0
case_9cea56cc,0,0,1,0,1,1
case_fc48d428,1,1,1,0,1,0
case_967c8d5c,0,0,1,1,1,1
case_cfb17bb0,1,1,1,1,1,1
case_fffecd83,1,1,1,0,0,1
case_50ce9a62,1,1,1,0,1,1
case_68a5de0a,1,1,1,1,0,1
case_ea1e0a30,0,1,1,1,1,1
case_2564b99f,0,0,1,1,0,1
case_fb07d4f1,1,1,1,1,1,1
case_b4cb6d1b,1,1,1,1,1,1
case_f852ff0b,0,0,1,1,1,1
case_dad6e996,1,1,1,1,1,1
case_a7c9c711,1,0,1,1,1,0
case_6fa4558c,0,1,1,1,1,1
case_cf04d373,1,1,1,1,0,1
case_d5c4bfae,0,0,1,0,0,1
case_2dd5c7b5,1,1,1,1,1,1
case_bdadae25,1,1,1,0,1,1
case_edc28e6b,1,1,1,1,1,1
case_7bc01ef8,0,1,1,1,1,1
case_8920e454,0,0,1,1,0,1
case_a28ac9a3,0,0,1,0,1,1
case_7af2eceb,0,1,1,1,1,1
case_3ccdc50f,1,0,1,1,1,1
case_f98224b8,1,0,1,1,1,1
case_6403208d,0,1,0,1,1,1
case_16b34f6b,0,0,0,0,0,0
case_cf8e8fbe,1,1,1,1,0,1
case_42cc1ec3,1,0,1,1,1,1
case_8fbfc460,0,0,1,1,1,0
case_b71ecd0a,0,1,1,0,1,1
case_c3abc9c9,0,1,1,1,1,1
case_438a085a,0,1,0,1,1,0
case_6535cd1e,1,1,1,1,1,0
case_3a2fa7a6,0,1,1,0,0,0
case_45cb3a2e,1,1,1,0,1,1
case_80c47fe3,1,0,1,1,1,1
case_ca657e95,0,1,1,1,1,0
case_72a72556,1,1,1,1,0,1
case_3736813a,1,1,0,0,0,1
case_94e57ef1,1,1,1,1,1,1
case_1dee387e,1,1,1,0,1,1
case_209d1944,1,1,1,0,1,1
case_9d34f375,0,0,1,1,1,1
case_1d277da0,0,1,0,0,1,0
case_870133b0,1,1,0,1,1,0
case_c4a47266,1,1,1,1,0,1
case_229c3b7b,1,1,1,0,1,1
case_058de173,0,0,0,0,0,1
case_1d1d40c4,0,0,1,0,0,0
case_a0b3e9a8,0,1,1,1,1,1
case_a155c799,0,1,0,1,1,0
case_8da37810,1,1,1,0,1,1
case_b0de82ef,1,0,1,1,0,1
case_d7a625b3,1,1,1,1,1,1
case_e2607cc2,1,1,1,1,1,0
case_2182bd6a,1,1,1,1,1,1
case_c71d1426,1,1,1,1,1,1
case_04f0b19c,1,0,1,0,1,1
case_4da20f5e,0,1,1,1,1,0
case_de2c1d11,0,0,1,1,1,1
case_5d359d25,0,0,1,0,1,1
case_e9a13bee,1,1,0,0,0,1
case_8cb0d680,1,1,1,1,1,1
case_6feba1d8,1,0,1,0,0,1
case_d9dbeffa,1,1,1,0,1,0
case_2a396af3,1,0,1,1,1,0
case_7ccce27a,1,1,0,0,1,1
case_9c7e51ff,1,1,1,1,1,1
case_20963994,1,0,1,1,1,1
case_e3abac2a,1,1,1,1,1,1
case_e2a49c11,1,1,1,1,1,1
case_7b8423ae,0,0,1,0,1,0
case_a1affe7f,1,0,1,1,1,1
case_90dbd61d,1,0,1,1,1,1
case_f9f7c01e,0,1,1,1,1,1
case_88fa841f,1,1,1,0,1,1
case_8b27f144,1,1,1,1,1,1
case_46410d04,1,1,1,1,1,1
case_504d6985,0,1,1,0,0,1
case_6269c274,1,1,1,0,1,1
case_cce44a9b,1,0,1,1,1,1
case_86b581ca,0,1,1,1,1,1
case_89d36535,0,0,1,0,1,1
case_885443be,1,1,1,1,1,1
case_6eee4722,1,0,1,1,0,1
case_9cd8c1dd,0,1,1,0,1,1
case_fc810816,0,0,0,1,0,1
case_fd7e373d,1,1,1,0,0,1
case_27bd6a48,1,1,1,1,1,1
case_153d9373,1,0,1,1,1,1
case_a1a0c1d6,0,0,1,1,0,0
case_3367cc67,1,1,1,1,1,1
case_5c65afa4,1,1,1,1,1,0
case_ec86e1ba,1,1,1,1,0,1
case_d5bbd24a,0,1,1,1,0,1
case_4b5e01b2,1,1,0,1,1,1
case_e96e03a7,1,1,1,1,1,1
case_e2a06cd4,0,1,1,0,0,0
case_abac7994,0,1,0,1,0,1
case_19cbc0fa,1,1,1,1,1,1
case_752298fb,1,1,1,1,1,1
case_429918e0,1,1,1,1,1,1
case_b383c8b9,1,0,0,1,0,0
case_6c1805c7,1,0,1,1,0,1
case_db0c9144,0,1,1,0,0,0
case_14659855,1,1,1,0,1,0
case_063ecd42,1,0,1,1,0,1
case_edb40371,1,1,1,1,0,1
case_bd0511c6,1,0,1,1,1,0
case_a559a4ad,0,0,0,1,1,1
case_1a17b4e7,1,1,1,1,0,1
case_300d945d,0,0,1,1,1,1
case_ba6434db,1,1,1,1,1,1
case_9b2e9974,1,1,1,1,1,1
case_86521420,1,1,1,1,1,1
case_201df0f4,1,1,1,1,1,1
case_64eab77d,1,1,1,1,1,1
case_ec769578,1,0,1,1,1,0
case_5438aadb,0,0,1,0,1,1
case_4e8b9ae9,0,0,0,0,1,1
case_08376085,1,0,1,1,1,1
case_f5233636,1,1,1,1,1,1
case_fd265324,1,1,1,1,1,1
case_d1bad899,0,1,1,0,0,1
case_ce7da7dc,1,1,1,1,1,1
case_bc5a83aa,0,0,1,1,0,0
case_cb948d0d,1,1,1,1,1,1
case_dca837cd,1,1,1,1,1,1
case_f5b757e5,1,1,1,1,1,1
case_31eda2a9,1,0,1,0,0,0
case_91761dd8,0,1,1,0,1,1
case_627db9a5,1,1,1,0,1,1
case_dcb5b793,0,1,0,0,0,1
case_669cc417,1,0,0,0,0,1
case_03c10950,0,0,1,0,0,1
case_5d547e50,1,1,1,1,1,1
case_6c881c66,0,0,1,0,1,1
case_d4fcdf32,0,1,1,1,0,0
case_bc1540a3,1,1,1,1,1,1
case_4f6b6b35,1,1,0,0,1,1
case_f2930d9f,0,1,1,1,0,1
case_1141fc13,1,0,1,0,1,0
case_0dae3393,0,1,1,1,1,1
case_8569b3b3,1,1,1,0,1,1
case_41573e84,0,1,0,1,0,1
case_13c69b01,0,0,1,1,0,1
case_5dd00e70,1,1,1,1,1,0
case_330a70d8,0,0,0,1,0,1
case_caa64fe6,1,1,0,0,0,1
case_7668feac,0,0,1,1,0,0
case_191947bf,1,0,1,1,1,1
case_f0ff2b1a,0,1,1,0,1,1
case_4709349b,1,1,0,0,0,1
case_add5bfcd,1,1,1,1,0,1
case_b7bac402,0,0,1,0,1,1
case_5b873f03,0,1,1,1,0,0
case_ceaeb22e,0,0,0,0,0,0
case_b2a9fe8c,0,1,1,0,0,1
case_1f865d9c,1,1,1,1,1,1
case_6aa232fb,0,0,1,0,1,1
case_21f95013,0,0,1,1,1,0
case_65a7b84f,0,1,1,0,0,0
case_6a205575,0,0,1,1,0,0
case_6bc06b97,1,1,1,1,1,1
case_255927eb,0,1,1,1,0,1
case_fd30758e,0,1,1,1,1,0
case_7de3f81a,0,1,1,1,1,1
case_f0718456,0,1,0,1,0,1
case_7f4b8521,0,1,1,1,1,1
case_047c341e,0,0,1,1,1,1
case_807dd2e3,0,0,0,0,1,1
case_da0cf27a,1,1,1,1,1,0
case_a0a06605,1,1,0,1,1,1
case_14194363,1,1,1,1,0,1
case_dbee1d3f,1,1,1,1,1,1
case_e8ee6ebb,0,1,1,1,1,1
case_2723a79c,1,1,1,1,0,1
case_c76128d3,0,0,1,0,1,0
case_3e20ef05,1,0,1,0,1,1
case_e0ea7f4c,0,0,1,0,1,1
case_b91606ed,0,0,1,1,1,1
case_87e33c9b,1,1,1,1,0,1
case_a89a9994,1,1,1,1,1,1
case_30a6e164,1,0,1,0,0,1
case_9136e79f,0,0,1,0,0,0
case_35c406a3,0,1,1,0,0,0
case_d27a6386,0,1,1,1,0,0
case_d7a5ec4f,1,1,1,1,0,1
case_198461c0,0,0,1,1,1,0
case_d122167a,1,1,1,1,1,1
case_9f78512a,1,1,1,1,1,1
case_ccfff5f6,0,0,0,1,1,1
case_4463ddea,1,0,1,0,0,1
case_b3fd4853,1,1,1,1,1,0
case_d3b99cba,1,1,1,1,1,1
case_a630e3cd,1,0,1,1,1,1
case_b33aa61e,1,1,1,1,1,1
case_31d199b2,1,1,1,1,1,1
case_a42b5ac8,0,1,1,1,1,1
case_961779e5,0,1,1,1,0,1
case_c72861b6,0,1,1,1,1,1
case_060506bd,1,1,1,1,0,0
case_39e2a271,1,1,1,1,1,0
case_e7c339c9,1,1,1,1,1,1
case_2c5e5ede,1,1,1,1,0,1
case_3e3cd3d5,0,1,1,1,0,1
case_969acee5,1,1,1,1,1,1
case_d89ac39e,1,1,1,1,1,1
case_56cb1088,0,1,1,1,1,1
case_c13fef52,0,0,1,0,1,1
case_a7f60fab,1,1,1,1,1,1
case_2ff9f9ac,1,0,1,0,0,1
case_0b977aaf,1,1,1,1,1,0
case_3c77b25d,0,0,1,1,0,1
case_8339f5b4,1,0,1,1,0,1
case_28dce097,0,0,1,1,1,1
case_344d7c9b,1,1,1,1,1,0
case_02d42fbd,0,0,0,0,0,1
case_3a259c2d,0,0,0,1,0,0
case_53da11bb,0,1,1,1,1,1
case_e6adca41,1,0,1,0,1,1
case_9d725741,0,0,1,0,1,1
case_053b1b9b,0,1,1,1,1,1
case_89d23011,1,1,1,0,0,1
case_aa9d4702,0,1,1,1,0,0
case_97d1d843,1,0,1,1,1,1
case_527dfe3c,1,1,1,1,1,0
case_5fa7329f,0,1,1,1,1,1
case_d58bcef3,1,1,1,1,1,1
case_4477a633,1,1,1,1,0,1
case_769d02e3,0,0,1,1,0,1
case_8547c625,1,0,1,1,1,0
case_bc3afb8b,1,0,1,0,1,0
case_cb90ea65,0,0,1,1,1,0
case_e8591b28,1,0,1,1,1,1
case_fb8a318e,0,1,1,0,1,1
case_2bcdc4e9,1,1,1,1,1,1
case_884e4fb4,0,1,1,1,1,1
case_319e75cf,0,1,1,0,1,1
case_7ec641fc,1,0,1,0,1,1
case_6e293461,1,1,1,1,0,0
case_2a44487c,1,1,1,1,1,1
case_be076322,0,0,1,1,0,1
case_488c2dee,1,1,1,1,1,1
case_2c235549,1,1,1,1,1,1
case_78151630,1,1,1,1,1,1
case_9ab3fcad,1,1,1,1,1,1
case_2e14d7b1,0,1,1,0,1,1
case_2ad8bfff,0,1,1,1,1,1
case_6be6c7b8,1,1,0,1,1,1
case_262d62f1,1,1,1,1,1,1
case_e7d5ae97,0,1,1,1,1,1
case_15ad20b1,0,0,1,1,1,1
case_2082e515,1,0,1,0,1,1
case_ec4322e9,1,1,1,1,1,1
case_ec772fad,1,1,0,1,1,0
case_66dd4ae9,0,1,1,1,1,1
case_592ab4ed,0,0,1,0,1,1
case_9c9e6868,1,0,1,1,1,1
case_32af1ce5,1,0,1,0,1,1
case_1671f403,1,1,1,0,1,1
case_14355750,1,0,1,1,1,1
case_a9fa7a6e,1,0,1,1,0,0
case_aac7af3c,1,1,0,1,1,1
case_f5d37312,0,0,1,0,1,1
case_8e8a8d48,1,0,1,0,1,1
case_1233b3e1,1,0,1,1,1,1
case_2fb69cfe,1,1,1,1,1,1
case_eff2a8f2,1,0,1,1,1,1
case_e19934b2,1,0,1,1,1,0
case_4578beaa,1,0,1,1,0,1
case_991940cf,1,1,1,1,1,1
case_c7ccd459,0,1,1,1,0,1
case_dac37d32,0,1,1,1,1,1
case_09129bc4,1,0,1,1,1,1
case_ec70d019,1,1,1,1,1,1
case_5ccf3de6,1,1,1,1,1,1
case_33e5ee4e,0,1,1,1,1,1
case_f2cba2b9,1,1,1,1,1,1
case_02f13624,1,0,1,0,1,1
case_03e6cac1,1,1,1,0,1,1
case_cae7466f,1,1,1,1,1,1
case_d0bceea6,1,1,1,1,1,1
case_4b60a732,0,1,1,0,1,1
case_5ddba5a6,1,1,0,1,1,1
case_eb58c1d8,0,1,1,0,1,0
case_38e07dca,1,1,0,0,1,1
case_b2bdb43d,1,1,1,1,1,1
case_1927e0c4,0,0,1,1,1,1
case_c662de77,0,1,1,0,0,1
case_426b1a42,0,1,1,0,0,0
case_d10371db,1,1,1,1,0,1
case_5aa0a3d9,0,0,1,0,0,0
case_5d902b29,0,0,1,1,1,1
case_586c7d1b,1,1,1,0,1,1
case_e5068c02,1,1,1,1,1,1
case_7f9d8e80,1,1,1,1,1,1
case_ef25f27b,1,1,1,0,1,1
case_b41ca3e0,0,0,1,1,0,1
case_9fb2c593,0,0,0,0,0,0
case_2b8385d0,1,1,1,1,0,1
case_9de9724e,1,1,1,0,1,1
case_91d3297a,1,1,1,1,1,1
case_738edef7,1,0,1,1,1,1
case_7a157dde,0,0,1,0,0,1
case_d858dc07,1,1,1,1,0,1
case_0f7b4ec2,0,0,1,1,1,1
case_97b68d08,0,1,1,1,1,0
case_18fff8ad,1,0,0,1,0,1
case_2d213859,0,1,1,1,1,0
case_cefbfcb1,0,0,1,0,0,1
case_5f9d43ad,1,1,1,0,1,0
case_014a13fb,0,1,0,1,1,1
case_c2648930,1,0,0,0,0,1
case_7022c6d2,1,1,1,1,1,1
case_3776f702,1,0,1,1,1,0
case_a7bf5c04,0,0,1,1,1,0
case_0e112269,1,1,0,1,1,1
case_7e8ab186,0,1,1,1,1,1
case_1058dc71,1,1,1,0,1,0
case_3ae1ac29,1,0,1,1,1,1
case_659c1f30,1,0,1,1,1,1
case_4a384c6b,1,1,1,1,1,1
case_0e6ad9d5,1,1,0,1,0,0
case_3a9f8bbe,0,1,0,0,0,0
case_df5605b9,0,1,1,0,1,1
case_78b8fd1e,1,0,1,1,1,0
case_f30b84cf,1,1,1,0,1,1
case_70cbe08f,0,1,1,1,1,1
case_623be86f,1,1,1,1,1,1
case_3ee08414,0,1,1,1,1,1
case_37ab849b,1,1,1,1,1,1
case_1a9ce2ff,1,0,1,1,1,1
case_d264ded3,1,1,1,1,1,1
case_1f2dbefe,1,1,0,1,1,0
case_a7616cf0,0,1,1,1,1,1
case_6b02b736,1,0,1,1,1,1
case_9361cf54,1,1,1,0,0,0
case_c9c00ffb,0,1,1,1,0,0
case_74b5aa7d,1,1,1,1,1,1
case_c4fda025,1,1,1,1,1,1
case_5461c910,1,0,1,0,0,0
case_8729f583,1,1,1,1,1,1
case_94ff5363,1,0,1,1,0,1
case_75496d07,0,0,1,1,1,0
case_97174697,1,1,1,1,1,0
case_8df88864,0,0,1,1,1,0
case_f1b8fcd6,1,1,1,1,1,1
case_b12176fd,0,1,1,1,1,1
case_5ed83479,1,0,1,0,0,0
case_0fd3e39c,0,1,1,1,1,1
case_be03d70c,0,1,1,0,1,1
case_e130dcdc,0,1,1,1,1,1
case_98fc116d,0,1,1,1,1,1
case_85e22608,1,1,1,0,1,1
case_c73ea784,1,1,1,1,1,1
case_52b6e4ba,0,1,0,1,1,0
case_60c93a02,1,0,1,1,0,1
case_3134675e,1,1,1,1,1,1
case_2e4928db,1,0,0,1,1,1
case_194d2f92,1,0,1,0,1,1
case_70eaaa33,0,1,1,1,1,1
case_ed47194b,1,0,1,1,1,1
case_bb98e176,1,1,1,1,1,0
case_792c3595,1,0,1,1,1,1
case_c9eace45,1,1,1,1,1,1
case_ef61933f,0,0,1,0,1,1
case_577406e4,1,1,1,1,1,1
case_4db65dd7,0,1,0,1,1,0
case_9eb4f18f,1,1,1,0,1,1
case_441cc549,0,0,1,1,1,0
case_6b948384,1,1,1,1,1,1
case_a98a1348,0,1,1,1,0,1
case_ac66f730,1,1,1,1,1,1
case_b951c59f,0,1,1,1,0,1
case_5b5fa13a,1,0,1,1,1,1
case_5464803e,1,1,1,1,1,1
case_fdb5ab46,1,1,1,1,1,1
case_1ce65a2e,0,0,1,0,0,1
case_a26fa4e7,1,0,1,1,0,0
case_6d10a25b,1,0,0,1,1,1
case_33407928,1,1,1,1,1,1
case_755b26fc,0,0,1,1,1,1
case_6fbfb222,1,1,0,1,1,1
case_189f6c6b,1,1,1,1,0,0
case_ad056017,1,0,1,0,1,1
case_40334f2c,1,1,1,1,1,1
case_959d1444,1,1,1,1,1,0
case_12aab9a1,1,1,1,1,1,1
case_b87615e6,1,0,1,0,1,1
case_e370d0af,0,1,1,1,0,1
case_6d348b17,1,1,1,1,1,1
case_1b5385a9,1,1,1,1,1,1
case_1cf3c78f,0,0,1,0,1,1
case_26dc5a62,0,1,1,1,0,1
case_a4bc4ec4,1,1,1,1,1,1
case_ccef60f6,0,1,1,1,1,0
case_ba7dd3cb,1,1,1,1,1,0
case_0e626407,0,1,1,1,1,1
case_4b596b8d,0,0,1,0,0,0
case_bc0de056,1,0,0,0,0,1
case_161e3326,1,1,1,1,0,1
case_9094cdd8,1,0,1,1,1,1
case_67421567,0,0,1,1,1,1
case_b88c6512,1,1,0,1,1,1
case_7ea8a6a9,1,0,1,0,0,0
case_aa4bf937,0,0,0,0,1,1
case_635272f8,0,0,1,1,0,0
case_5ae6772d,1,0,1,1,1,1
case_c1ab0338,0,1,1,1,0,1
case_33385242,0,1,1,1,1,0
case_fc69ebd4,1,1,0,1,1,1
case_4d9c9185,0,0,1,1,1,0
case_577c2da0,0,1,0,1,0,0
case_cf6f4e6a,1,1,0,1,1,1
case_e68dd446,0,1,1,1,1,1
case_e58a1cf5,0,1,0,0,1,1
case_6aea4d14,0,1,1,0,0,1
case_4722a73c,1,1,1,1,1,1
case_12b78f96,0,0,1,1,1,1
case_4eed5d13,1,1,1,0,1,0
case_01ca0000,0,0,1,0,1,0
case_f1566aa0,1,1,1,1,1,1
case_3f12d623,1,0,1,0,1,1
case_07dc0ab8,1,1,1,1,1,1
case_bf040f5f,0,0,0,1,0,1
case_c46e0597,1,1,1,1,1,1
case_ef4829f4,1,0,1,1,0,1
case_dc1968b3,0,1,0,0,0,0
case_7a15cbec,1,1,1,1,1,1
case_9d3cbc47,1,1,1,1,1,1
case_f816dd6f,1,0,1,1,1,1
case_ced86014,1,1,0,1,1,0
case_fd05a281,1,0,1,1,1,0
case_5d56af88,1,1,0,1,1,0
case_ff02b668,1,1,1,0,1,0
case_7a234738,0,1,1,1,0,0
case_08726405,1,1,1,1,1,1
case_d69a0c21,0,1,1,0,0,1
case_9af23ba3,1,1,1,0,0,1
case_4cf6f322,1,0,1,1,1,1
case_28d3c29a,1,1,1,1,1,1
case_80fb10a2,1,1,1,0,1,1
case_eaf90954,0,1,1,1,1,0
case_920c5f8f,1,0,1,1,0,0
case_a7c1138e,0,0,1,1,1,1
case_7aee67ae,0,1,0,1,1,1
case_97bdc602,0,1,1,1,1,1
case_3d15bcf2,1,1,1,1,1,1
case_7c977983,0,0,0,0,0,0
case_624ed2b7,0,0,1,0,1,0
case_18098449,1,1,1,1,1,1
case_35c01451,1,1,0,1,1,1
case_44bd8b77,1,1,1,1,1,1
case_5e501fe9,1,0,1,1,0,0
case_a4be6911,1,1,1,0,0,0
case_8c3020e1,0,1,0,1,0,1
case_7c0d69a6,1,1,1,0,0,1
case_69cf8ac2,1,0,1,1,1,1
case_82171405,1,0,1,1,1,1
case_37c0a984,1,1,1,1,1,1
case_b42b6238,1,0,1,1,1,1
case_59862e0c,1,1,1,1,1,1
case_0387576d,0,0,1,0,0,0
case_ba3122a1,0,1,1,1,1,1
case_d13bfd1b,1,0,0,1,0,1
case_dd6ab409,1,1,0,0,0,1
case_e1261ed3,1,0,1,1,1,0
case_74a0393a,0,0,1,1,1,1
case_37d1fc68,1,1,1,1,1,1
case_559b6360,0,0,1,0,1,1
case_3f99c004,0,0,1,0,1,1
case_b1e385b5,0,0,0,1,0,0
case_396fb801,0,1,1,1,1,1
case_2e7659a8,0,0,1,0,0,0
case_d98c7c43,1,1,1,1,1,1
case_6f4e4ff2,1,1,1,1,1,1
case_a05d66e7,1,1,1,1,1,1
case_39111cdb,1,1,1,0,1,1
case_99281721,1,1,1,1,1,1
case_e070e8b4,1,0,1,1,0,0
case_6bb87027,1,0,1,1,1,0
case_0dbd5c17,0,1,1,1,1,1
case_97ed35f4,0,0,1,0,0,1
case_7e7cf98e,1,0,1,1,1,1
case_2a6bdd5f,1,0,1,0,0,1
case_c33bbf1a,0,1,1,0,0,0
case_ad6735b4,0,0,1,0,1,1
case_5d5ac550,1,1,1,0,1,1
case_8a338973,1,0,1,1,1,1
case_063e0e94,0,0,1,0,0,0
case_69798c4f,0,0,1,1,1,1
case_8b338cd9,0,0,1,1,1,0
case_732630f1,0,0,1,0,1,0
case_8004a3de,1,0,1,1,1,0
case_06adc134,0,0,1,0,1,1
case_b0078029,0,1,0,1,1,0
case_2cd99540,0,1,1,1,1,1
case_7cd900fb,0,1,1,1,1,1
case_627cc4c1,0,1,0,0,1,0
case_5f5b10c1,1,1,1,1,1,1
case_ff2c36ec,0,0,1,0,1,1
case_b7b97ec7,0,1,1,1,1,1
case_b47223f5,0,1,1,1,0,1
case_b715b6d0,1,1,1,1,0,1
case_a105808d,0,0,1,1,1,1
case_393addd2,0,1,1,0,1,1
case_b26bacb4,1,0,1,1,1,1
case_5b235d24,1,1,0,1,1,1
case_86eb54d6,1,1,1,1,1,0
case_3f31d04e,1,1,1,0,1,1
case_17bc6176,1,0,1,1,1,0
case_0d88785a,1,1,1,1,0,1
case_194d2372,0,0,0,0,0,1
case_2b59f9db,0,0,1,0,1,1
case_1be6d55c,1,1,1,0,0,1
case_c9a94b9d,0,0,1,1,0,1
case_2c6e8ce7,1,0,1,0,1,0
case_13d865c2,0,1,1,0,0,0
case_749dd0ea,0,1,1,0,1,1
case_4f929e9b,1,1,1,1,0,1
case_87eb2b6f,0,1,0,1,1,1
case_323663a7,0,1,1,0,0,1
case_130a15c5,0,1,0,0,0,1
case_35c26072,1,1,0,1,1,0
case_407e5929,1,1,1,0,0,1
case_52b8b7e1,1,1,1,1,1,1
case_39ab0917,1,1,1,1,1,1
case_12c41578,1,0,1,1,0,0
case_6e470873,1,1,1,1,1,1
case_ac6c58b2,0,1,1,0,1,1
case_82a4ddc0,0,0,0,0,1,1
case_b86803cf,0,0,1,0,1,1
case_a70e5b18,1,1,1,1,1,1
case_eb3a86c1,1,1,1,0,1,1
case_dfe8c7b1,1,0,1,0,0,1
case_b4acc486,1,1,1,1,1,1
case_ac633de9,0,0,1,1,0,0
case_fda34a08,1,0,1,1,1,1
case_dbb0eb52,1,1,1,1,1,1
case_272b795c,0,0,1,1,1,1
case_4cdd10de,0,0,1,1,0,1
case_9c26bd95,1,1,1,1,1,1
case_5df8b464,0,0,1,1,1,1
case_f29e40d8,0,1,1,1,1,1
case_4c87ff21,0,0,1,0,1,0
case_e25eb34b,0,1,1,1,1,1
case_e6afcb93,1,1,1,1,1,1
case_e04a9819,0,0,1,0,1,1
case_027ed992,1,1,1,1,1,1
case_d2a2673a,1,1,1,0,1,1
case_d78c9e98,1,0,1,0,1,1
case_4becd53b,0,0,1,1,0,0
case_d93a667f,1,1,1,1,1,1
case_7cc7f601,1,0,0,1,0,1
case_6a6bfdac,1,1,1,1,1,1
case_8452e77d,1,0,1,0,1,1
case_fb071529,0,1,1,1,1,1
case_7f46c96c,0,0,0,1,0,0
case_07fd71fc,1,1,1,0,1,1
case_a3afd8b1,0,1,0,1,0,1
case_93767afb,0,1,1,0,1,1
case_8c8d2b8f,0,1,1,0,0,1
case_cdf7c2b8,0,1,1,1,1,0
case_680efa13,0,0,1,0,1,1
case_789751c3,0,1,0,1,1,1
case_7307efbd,0,0,1,1,1,0
case_5198876c,1,1,1,1,1,1
case_e1aa0894,1,1,1,1,1,1
case_45abc35a,0,0,1,0,0,0
case_5345f39c,1,0,1,1,0,1
case_2c05b83e,1,0,1,1,0,1
case_7bc3d01b,0,0,1,0,1,0
case_146a8851,1,0,1,1,0,1
case_5dad0501,0,0,1,0,0,1
case_7b594e81,0,1,1,1,0,1
case_c49f266c,0,1,1,1,0,1
case_8f596791,1,1,1,1,1,1
case_4528ef38,0,0,1,1,1,1
case_947100ea,1,0,1,1,0,1
case_4f9d6b0c,1,0,1,1,1,1
case_28bb7ca4,0,1,1,1,0,1
case_74f6a3ff,1,0,1,1,1,1
case_8ed660ca,1,1,1,1,1,1
case_3f85a1e0,1,0,1,0,0,1
case_2327cee0,0,1,1,1,1,1
case_a3051095,1,1,1,1,1,1
case_27ba2b9b,1,0,0,0,1,1
case_232d66c8,1,1,1,1,1,1
case_4e1bfb5b,1,1,0,1,0,1
case_8b79d1a2,0,1,0,0,1,0
case_74be99be,1,1,1,1,1,1
case_d16e3f44,1,1,1,1,0,0
case_738cf67c,0,0,1,1,1,0
case_1d96d7be,1,0,1,1,1,0
case_af8611a9,1,0,1,0,1,1
case_cb5a5f2b,0,1,1,1,1,1
case_a7de999e,1,0,1,0,1,1
case_0b8db91f,1,1,1,1,1,1
case_c630bf0b,0,1,1,1,0,1
case_64ce56db,1,1,0,1,1,1
case_9d105f09,0,0,1,1,0,1
case_aa6d3663,1,1,1,1,1,1
case_ae9d1267,0,1,1,1,1,0
case_651cd77f,0,1,1,1,1,1
case_d3def050,1,0,0,1,1,1
case_dd066bf8,0,0,1,1,1,1
case_ccdb0b7c,0,1,1,0,0,1
case_f65f2ea3,1,1,0,1,1,1
case_e132aa65,1,0,1,1,0,1
case_5e00828c,0,1,1,0,1,0
case_4b7ac49c,1,1,1,0,0,1
case_7339a91f,1,1,1,1,1,1
case_386d5245,1,0,0,0,1,1
case_3320a422,0,0,1,1,1,1
case_24f4d8c1,0,0,1,0,1,1
case_de38743d,1,1,1,0,1,1
case_a4f6a813,1,1,1,0,1,1
case_7f0b1434,1,0,1,0,1,1
case_859119fa,1,0,1,0,1,1
case_87346144,0,0,0,1,0,0
case_b8709e61,1,0,1,1,1,1
case_a78d5574,1,0,1,0,1,1
case_180719e2,0,0,1,0,1,1
case_21296402,1,1,1,1,0,1
case_ec5aab08,1,0,1,1,1,1
case_87d13b3c,1,0,0,1,1,1
case_ca4c615b,1,1,1,1,1,1
case_050718ba,0,0,1,1,0,1
case_1fdca39c,0,1,0,1,0,1
case_ba9a681b,1,1,1,1,0,0
case_1a487fdf,0,0,1,0,1,0
case_0009fc5c,1,1,1,1,1,1
case_fc37fb27,1,0,1,1,1,1
case_f1fd6e47,1,0,1,1,0,0
case_9a20e142,1,1,1,1,1,1
case_53beb3a0,1,1,1,0,1,1
case_8b70c723,1,0,1,1,1,1
case_67a24e54,1,1,1,1,1,1
case_f8a75255,1,1,1,1,0,0
case_e855f8d2,0,1,0,0,1,1
case_8de059bf,0,0,1,1,0,1
case_611555de,1,1,1,1,1,1
case_f2098f62,1,1,1,1,1,0
case_d392daf0,1,1,1,0,1,1
case_7a7cfa63,0,1,1,1,1,1
case_d68a2ded,1,1,1,1,1,1
case_80ba5976,1,1,1,1,1,1
case_2715315a,0,0,1,1,1,0
case_224169bd,1,1,1,0,1,1
case_e7285acb,1,1,1,1,1,0
case_396e2f8b,1,1,1,1,1,1
case_ab847b96,0,1,0,1,1,1
case_04a58df0,0,1,0,1,0,1
case_0e8ce013,0,1,1,0,1,1
case_56ce7ee9,0,0,1,0,1,1
case_18f33905,1,1,1,1,1,0
case_0e2835c0,0,0,0,1,1,1
case_cf0a3d49,1,1,1,1,1,1
case_1ffc4eee,1,1,1,1,1,1
case_f290b4ed,0,1,1,1,0,1
case_9c7b3e8e,1,1,1,1,1,1
case_7ae53b3d,0,1,1,1,1,0
case_4943db95,1,1,1,1,1,1
case_a64264b6,1,1,1,1,1,1
case_475e750a,1,1,1,0,1,1
case_5e2c8811,0,0,1,1,1,1
case_d5bd1a6b,0,0,0,1,1,1
case_bfad2b3a,1,1,1,1,1,1
case_7ad357c6,0,1,1,1,0,1
case_8cdddddf,1,0,1,1,0,1
case_7884fad9,0,1,1,1,1,0
case_29e0cafb,1,1,1,1,1,1
case_df558388,1,0,1,1,1,0
case_8d32b2d2,1,1,1,1,1,1
case_7a940894,1,1,1,1,1,1
case_9d08c98e,1,1,1,1,1,1
case_f209161b,1,1,1,1,1,0
case_61c6dd8b,0,0,1,0,1,0
case_7c73c836,0,0,1,1,1,0
case_915f0293,1,1,0,1,1,1
case_012e5e6a,1,1,1,1,1,0
case_5629a0dc,0,0,1,0,0,1
case_f7f05ee8,1,1,0,1,1,1
case_2b2109e1,1,1,1,0,1,1
case_f44df0a8,1,0,1,1,1,1
case_4b606eaf,0,1,1,0,1,0
case_c26df525,1,1,0,0,1,1
case_dd434ad2,0,1,1,0,0,0
case_a8af0d7d,0,0,0,0,0,1
case_90f41a5b,1,1,1,1,1,1
case_1bd20b18,1,1,1,1,1,1
case_a3dce919,0,0,1,1,1,1
case_9551e425,0,0,1,1,1,1
case_ecade96e,0,1,1,0,0,1
case_ea9af286,0,0,1,0,1,0
case_20599a1a,0,0,1,0,0,1
case_b61cb30c,1,1,1,1,1,1
case_01d7464f,0,0,1,0,1,1
case_5178b0be,0,1,1,1,1,1
case_65a246c1,1,1,1,1,1,1
case_fe454ed3,1,0,1,1,1,0
case_63bc7012,1,1,1,1,1,1
case_63813436,0,1,1,0,0,1
case_76c21493,1,1,1,1,1,1
case_20b64242,1,1,1,1,1,1
case_f0a58895,1,1,1,0,1,1
case_1b9825d6,1,0,1,0,1,1
case_2149348f,1,1,0,0,1,1
case_f61e01ad,1,1,1,0,1,1
case_5aecb3dc,1,1,1,1,1,1
case_6ef51c15,1,1,1,1,1,1
case_f02d1d3c,0,1,1,0,1,1
case_f7904ca3,0,0,1,0,0,1
case_123b9772,1,1,1,1,1,1
case_c72928cb,0,1,1,0,0,0
case_d622f777,1,1,1,1,0,0
case_49e32faf,1,1,1,1,1,1
case_43b72ba2,1,0,1,0,1,1
case_0e633065,1,1,1,0,1,1
case_dbafbc1f,0,1,1,1,1,1
case_635b9fbf,0,0,1,0,1,1
case_b98c0dbd,0,1,1,1,1,1
case_607c2382,1,0,1,1,1,1
case_b949e988,1,1,1,1,1,1
case_0fe1f0bf,1,1,1,1,1,1
case_d4b27c1b,1,1,1,0,1,1
case_77fab290,1,0,1,0,1,1
case_7cccc878,0,0,1,1,0,1
case_c6043095,0,1,1,0,1,0
case_75ea3c8a,0,0,1,0,0,0
case_bbd0e9ef,0,0,1,1,0,1
case_30748f7f,0,1,1,1,1,1
case_7b10d349,1,1,1,1,1,1
case_d5f98c94,1,1,1,0,0,0
case_91ee2184,1,0,1,1,0,1
case_ca28786b,1,0,1,0,1,0
case_32f8272e,1,1,1,1,1,1
case_208db9c7,0,1,1,1,1,1
case_cae91c55,1,0,1,0,0,1
case_b747440c,1,1,1,1,0,1
case_e02bc7e6,1,1,1,1,1,1
case_c415abbb,1,0,1,0,0,1
case_972dfe82,0,1,0,1,0,1
case_8fb6437d,1,0,1,1,0,1
case_1a24518c,1,1,1,0,1,1
case_7a254f98,1,1,1,1,1,1
case_d9783b56,0,1,1,0,0,1
case_1af54cff,1,0,1,0,0,1
case_3fbf3d86,0,1,0,0,1,1
case_58fd54c2,1,0,1,1,1,0
case_809df3f7,0,0,1,1,0,0
case_d491ab65,0,0,1,0,1,1
case_3a78321d,1,1,1,0,1,1
case_36a4f29d,1,1,1,1,0,1
case_79696e6c,0,1,0,0,1,1
case_4cab2d98,1,0,1,0,0,1
case_7549dc0f,1,1,1,0,1,1
case_7c6be6c2,1,0,1,1,0,0
case_27ac34a1,1,1,1,0,1,0
case_f3c066d5,0,0,1,0,1,1
case_6cc1f4e2,1,0,1,0,0,1
case_b6daf97a,0,1,0,0,0,1
case_ceaf5d08,0,0,1,0,1,1
case_1705eb12,1,1,1,1,1,0
case_35c0d628,1,1,0,1,1,1
case_adebd79c,1,0,1,1,1,1
case_dd21b58c,1,1,1,1,1,1
case_4d6e5f7f,1,1,1,1,1,1
case_1cc9cb0e,1,0,1,1,1,1
case_09ab5cca,1,1,0,1,0,0
case_38b81079,1,1,1,1,1,1
case_9eaf9d63,1,1,1,0,1,1
case_473b2744,1,0,1,0,1,1
case_c4e5a6c6,1,1,1,1,1,1
case_2588da1a,1,1,1,1,1,1
case_4d4e50b8,1,0,0,1,1,1
case_cff610e3,0,1,1,1,0,0
case_2d27aba5,0,1,1,1,1,1
case_dac305f0,0,0,1,1,0,1
case_d0f5c03e,1,1,1,0,1,1
case_a7616cc3,0,1,1,1,1,1
case_8c25492b,1,1,1,1,0,1
case_1dc8b8eb,1,0,1,1,1,1
case_10f46706,0,1,0,0,0,0
case_f64b20f7,1,0,1,1,0,1
case_370240aa,0,1,1,0,1,0
case_cfa96faf,0,1,1,0,0,0
case_f58302e5,1,1,1,1,1,1
case_4282ec2c,1,1,1,1,0,1
case_020b67c6,1,0,1,0,1,0
case_20345d80,1,1,1,1,1,1
case_74353225,0,1,1,0,1,1
case_23ba5d2e,1,1,1,1,1,0
case_e4564275,1,1,1,0,1,1
case_2b741ca7,0,0,0,0,1,1
case_3ad847c7,1,1,1,1,1,1
case_dc50e84b,1,0,1,1,1,1
case_67f409d5,1,1,1,1,1,1
case_78a9028c,1,1,1,0,0,1
case_8c578f50,1,0,1,1,0,1
case_00cbc3fe,1,1,1,0,0,1
case_6ab691b8,1,1,0,1,1,1
case_9802f185,0,0,1,1,1,1
case_5dc5ae6d,1,1,1,1,0,1
case_4798dc17,1,0,1,0,0,1
case_59f09e89,1,1,1,0,1,1
case_eef7fbaf,1,1,1,1,1,1
case_2fc3aa81,1,1,1,0,0,0
case_266f3065,0,0,1,1,1,0
case_8b8f91b1,0,1,1,0,1,1
case_79263ffd,0,0,1,1,0,1
case_d9a1c113,0,0,1,0,0,0
case_6830e19b,1,0,1,1,1,1
case_77fb3c52,1,1,1,1,1,1
case_a0f99a12,0,0,1,1,1,1
case_c26682d9,1,1,0,1,0,1
case_90cca003,1,1,1,1,1,0
case_54ffecaa,1,1,0,1,0,0
case_4011fc37,1,1,1,1,1,1
case_2dbc1cf3,1,1,1,0,1,1
case_f127a820,0,0,1,0,1,0
case_1bf5fd04,0,0,1,0,1,0
case_bddfe8bf,1,1,0,1,1,1
case_db663f8f,1,1,1,1,1,1
case_7bbbea5f,1,0,1,1,1,1
case_f2f8db55,1,1,1,1,1,1
case_985bbb85,1,0,0,1,1,1
case_2d01e53d,0,0,1,1,0,0
case_0ae99be7,0,1,1,0,0,1
case_14482095,1,1,1,1,1,1
case_c6adb2f6,0,0,1,1,1,0
case_d21b9b2d,0,0,1,1,0,1
case_5f240972,0,1,1,1,0,1
case_668432c3,1,1,1,0,1,1
case_87714162,0,1,1,1,1,1
case_8b34d567,1,0,0,0,1,0
case_50e33fdb,1,1,1,0,1,1
case_9b9f1c32,1,1,1,1,1,1
case_93904a58,1,1,1,1,1,1
case_9d289c75,1,0,1,1,1,1
case_709f1fd8,0,0,1,1,1,1
case_dc49b033,1,1,1,1,1,1
case_7ee20989,0,0,1,1,0,1
case_3b1d2ecd,0,0,1,1,1,1
case_908268f1,0,1,1,0,1,1
case_533cf1ef,0,1,1,1,1,1
case_5ba047d5,1,1,1,0,1,1
case_3b298029,0,1,1,1,0,0
case_2025e614,0,0,1,0,0,1
case_5d45b73f,1,1,1,0,1,1
case_49801afe,1,1,1,1,1,1
case_f29b4ebf,1,1,0,1,0,1
case_17aa8db0,0,1,1,1,1,1
case_ea15e14a,1,1,1,1,1,0
case_64773ff5,1,1,1,1,1,0
case_eb66edbb,1,1,1,1,0,1
case_131bb2b5,1,1,1,1,1,1
case_47467e1a,1,1,1,1,1,1
case_1a2c44e1,0,0,1,0,1,1
case_13808c8f,1,1,1,0,1,0
case_c6e7e6a2,1,1,1,0,1,0
case_83121104,1,0,1,1,0,0
case_9ed4ac65,1,1,1,1,1,0
case_3f1d2890,0,0,0,1,1,1
case_ee82c664,0,1,1,1,1,1
case_2216c767,1,1,1,1,1,1
case_69c171e5,0,0,1,0,1,0
case_733d4957,0,0,1,0,1,0
case_14bf37b5,1,1,1,1,1,1
case_275a4e3d,0,1,1,0,0,1
case_bd308caf,1,1,1,1,1,1
case_4ec6886f,1,1,1,1,1,1
case_6a1d3899,1,0,1,1,1,1
case_bfc39345,1,0,1,0,1,1
case_e3674b22,1,1,1,0,0,1
case_572e868a,0,1,1,1,0,1
case_5bab76d1,1,0,1,0,1,1
case_5fda6b43,1,1,1,1,1,0
case_3020e845,0,1,1,1,1,1
case_47231f3e,1,1,1,1,1,1
case_9e963308,0,1,1,1,0,1
case_cf0c65a3,0,0,1,1,0,1
case_4adbb127,1,0,1,1,1,1
case_6e930080,0,1,1,1,1,1
case_5e73f8c2,1,0,1,1,1,1
case_b09f1505,0,1,0,1,1,1
case_42979335,1,1,1,1,1,1
case_81b624f0,1,0,1,1,0,1
case_b7b2ed4d,1,1,0,0,1,0
case_0549cf0f,1,0,1,1,0,1
case_0dc4a7fa,0,1,1,1,0,1
case_b807e1c1,0,0,1,1,1,1
case_c7b86d55,1,1,1,1,0,1
case_469fafa4,1,1,1,1,1,1
case_84737448,1,1,1,0,1,1
case_cfa49904,1,0,1,1,1,1
case_2a2604ee,1,1,1,1,1,1
case_df0209b6,1,0,1,0,1,1
case_5138786a,1,1,0,1,0,1
case_69046e05,1,1,1,1,1,1
case_7b0f8afa,1,0,1,1,1,1
case_61d08557,1,1,1,1,1,1
case_8a816a56,1,1,1,1,0,0
case_23bf2998,0,0,1,1,1,1
case_3c2f6e6d,1,1,1,0,1,1
case_da2eced5,0,1,1,0,1,1
case_ea21e102,1,0,0,0,1,1
case_1dfb331d,1,1,1,1,1,0
case_7c761116,1,1,1,1,0,1
case_b949777d,1,1,1,1,1,1
case_c66dadd2,0,0,1,1,1,1
case_524eb99f,0,0,1,1,0,1
case_e3d0556a,0,1,1,0,0,1
case_0cd57fd7,0,1,1,0,0,1
case_e772a94a,0,0,0,0,1,0
case_fc7a28d9,1,0,0,1,1,1
case_e9976476,1,1,1,1,1,1
case_d5b9db98,0,0,1,1,0,1
case_ee931de6,1,0,1,1,1,1
case_1501628d,1,0,1,1,1,1
case_e82ea47f,1,1,1,1,1,1
case_36673bef,0,0,1,0,0,1
case_131bd1ff,1,1,1,0,0,1
case_5e579c6e,0,0,1,1,0,0
case_6c4a99dc,0,1,1,1,1,1
case_dd9f27de,0,1,1,1,1,0
case_0153302e,0,0,1,1,1,0
case_eb2935bd,0,1,1,0,1,1
case_1fd658aa,0,0,1,0,1,0
case_53bd61bd,1,0,1,1,1,1
case_aea3f2c9,0,1,1,0,1,0
case_eec76dc8,1,0,1,1,1,1
case_14a45c4b,1,1,1,1,1,1
case_6bc1fa43,1,1,0,1,1,1
case_c9031d8e,1,1,1,1,1,0
case_c17a5568,1,0,1,0,0,0
case_c99c10ae,1,0,1,1,1,1
case_6258eed1,0,1,1,1,1,1
case_f9f39bc6,1,1,1,0,0,1
case_a654dd42,0,1,1,1,1,1
case_c3183de2,1,0,1,0,0,0
case_a55e8013,1,1,1,1,1,1
case_7ea825e1,1,1,1,1,1,1
case_4e8432f7,0,0,1,1,1,1
case_ce928c21,1,0,1,1,0,0
case_85466d42,0,1,1,0,0,1
case_624d2d7a,1,0,1,0,0,1
case_8fa842e6,1,1,1,1,1,1
case_cbf271be,1,0,1,1,1,0
case_42129961,1,1,1,1,1,1
case_efba4730,0,1,1,1,0,1
case_7a3fa061,1,1,1,1,1,1
case_d7d4638c,0,0,1,0,0,1
case_14ff3a22,1,1,1,1,1,1
case_dcb04f5e,1,1,1,1,1,1
case_343453e1,1,1,1,1,1,1
case_81f57b33,0,1,1,1,1,1
case_2d972bca,1,0,1,1,1,1
case_d968e879,1,0,1,1,1,1
case_a3845cfa,1,1,1,0,1,1
case_c845a49d,1,0,1,0,0,0
case_c5355fc4,0,0,1,0,0,0
case_4ba71ff8,1,0,1,0,0,0
case_ae59f88b,1,0,1,1,1,1
case_93e88124,1,1,1,1,1,1
case_bae678e2,1,1,1,1,1,1
case_922d6371,1,1,1,1,1,1
case_f9bb0471,1,0,1,1,1,0
case_e2cb66f2,0,1,1,1,0,1
case_02659d4a,1,0,1,0,1,1
case_af3c48ce,0,1,1,0,1,1
case_a96f382a,0,1,1,1,1,1
case_f4cf0131,0,1,0,0,1,1
case_b9b34cf7,0,1,1,1,0,0
case_692293bb,0,1,1,0,1,1
case_13a60a8e,0,1,0,1,1,1
case_11b1a794,1,1,1,1,1,1
case_67ec536f,0,1,1,1,1,1
case_82456a06,1,1,1,0,1,1
case_f7a78cc5,0,1,1,0,1,1
case_df5a0189,0,0,1,0,1,0
case_5e929338,1,1,1,0,1,1
case_f5042b52,1,1,0,1,1,0
case_df1f4279,0,0,1,1,0,1
case_a1c71b93,1,0,1,1,1,1
case_380ce322,1,1,1,1,1,1
case_5b4167a3,1,1,1,1,1,1
case_39eeb189,1,0,1,0,1,1
case_fb550e16,0,0,1,1,1,1
case_21f06e08,1,1,1,1,1,1
case_6b1b12d8,0,0,1,1,1,0
case_ae7e057a,0,1,1,1,1,1
case_c15eb65f,1,0,1,1,1,1
case_467ad1dd,0,0,1,1,1,1
case_deb77249,0,1,1,0,1,1
case_ae89a58b,1,0,1,1,1,1
case_ff869ed3,1,1,1,1,1,1
case_1065bd8b,1,1,1,0,0,1
case_3d3047f5,1,0,1,0,0,1
case_29158d2d,1,1,1,1,1,1
case_88370661,1,1,1,1,1,1
case_a2479213,1,0,1,1,1,1
case_3878dd81,0,0,1,0,1,0
case_3a990607,1,1,1,1,1,1
case_3f59a61b,1,1,1,1,1,1
case_d9de3e82,1,0,1,1,1,1
case_7b605ae0,1,1,1,1,1,1
case_c9d84918,1,0,1,1,0,1
case_1fc5b40a,1,1,1,1,1,1
case_8f50e190,0,0,0,0,0,0
case_a9f67af5,0,1,0,1,1,1
case_6519329e,0,0,1,1,1,1
case_14905cdf,0,0,1,0,0,1
case_64b5b5a3,1,1,1,1,1,1
case_236dfe1f,0,0,1,1,0,1
case_c6d84ecd,0,0,1,0,0,1
case_7d2a203a,1,0,1,0,0,1
case_c5a8a5aa,1,1,1,1,1,1
case_c0fdb4e0,1,1,1,1,1,1
case_60c240ba,0,0,1,0,0,0
case_2252c059,1,0,1,0,0,1
case_d202f885,0,1,1,1,1,1
case_bfb12847,1,1,1,0,1,1
case_75adb00e,0,1,0,0,1,1
case_027e004f,1,1,0,0,1,0
case_809e8646,1,0,1,1,0,1
case_69c4d789,0,0,1,0,1,0
case_6ba6109f,1,1,1,1,1,1
case_1c5d64b8,0,0,0,0,0,0
case_0bf577fe,1,1,0,1,1,1
case_8039995e,1,1,1,0,1,1
case_69d4849e,1,1,1,0,1,1
case_b2fed8d3,0,1,1,0,1,1
case_a1324f90,1,1,1,1,1,1
case_a06eb38d,0,0,1,1,1,1
case_56588fc6,0,1,1,0,1,1
case_04af25e8,1,1,1,1,1,1
case_d6583c38,1,1,1,0,1,1
case_d4a6ac4a,1,1,1,1,1,1
case_202510ae,1,1,1,1,1,1
case_02137ca3,1,1,1,1,1,1
case_05beb458,0,0,1,1,1,0
case_54b3d6d7,1,0,1,1,1,1
case_86dcfbd4,1,1,1,1,1,1
case_aad7deb4,1,1,1,0,1,1
case_a3fdc6f2,1,1,1,0,1,1
case_c2677ed9,1,1,1,0,1,1
case_9aeeef41,0,0,0,0,0,1
case_af7e747b,1,1,1,1,1,1
case_3046d525,1,0,1,1,1,1
case_e4dd7ec5,0,0,1,1,1,1
case_19fbd300,1,1,1,1,1,1
case_3618b03e,1,1,1,1,1,1
case_4f8d7691,1,0,1,1,1,1
case_f1646a1b,1,1,1,0,0,1
case_42f4a28d,1,0,0,1,1,0
case_48430f03,1,1,1,1,0,1
case_eb645836,1,0,1,1,1,0
case_d1c52711,1,0,1,0,1,0
case_fcf578ac,1,1,1,0,1,0
case_057daecd,1,1,1,1,1,1
case_ab6881a1,1,1,0,0,1,0
case_556d6e55,1,0,0,0,0,1
case_a7a3e1fc,1,1,1,1,1,1
case_4535944d,0,0,1,0,1,1
case_50e7fe05,1,1,1,0,1,1
case_313528f6,0,1,0,0,0,1
case_70c611f6,0,1,1,1,1,1
case_e79c1236,1,0,1,1,0,1
case_d89dc82b,1,1,1,0,1,1
case_d8097419,1,0,1,1,1,1
case_b6b7c85e,1,1,1,1,1,1
case_b01a3d02,1,0,1,1,1,0
case_eda9f7ac,1,1,1,1,1,1
case_1098ac59,1,1,1,1,1,1
case_064a3ab9,1,1,1,0,1,0
case_00d43911,1,1,1,0,1,1
case_46c84219,1,1,1,1,1,1
case_2d10038f,0,1,1,1,1,1
case_75d68b4f,0,0,1,1,1,1
case_49f34fc0,1,0,1,1,0,1
case_5b186164,0,0,1,1,0,1
case_e51c9719,0,1,1,1,1,1
case_d7490796,1,1,1,1,0,1
case_2a8037b9,1,1,1,1,1,1
case_e74a29ec,0,1,0,1,1,1
case_37fee50d,0,1,1,1,1,1
case_fa95b7d7,1,0,1,1,1,1
case_2514bbad,1,1,1,1,0,1
case_c4a10b30,0,1,1,0,1,0
case_d0a63cb3,1,0,1,1,1,1
case_f06de622,0,0,0,1,1,1
case_b3ce871d,1,0,1,0,1,1
case_cc8d1041,1,0,1,0,1,0
case_8a27cb6a,0,1,1,1,1,1
case_47a7bc46,1,1,1,1,0,1
case_d515660f,1,1,1,1,1,1
case_5fa43beb,1,1,1,1,0,1
case_05821d10,0,1,1,1,1,1
case_b48cd5f7,1,1,1,1,1,1
case_63c3cc5c,1,1,1,1,0,1
case_de5e2cce,1,1,1,1,1,1
case_77f98152,1,0,0,1,1,1
case_5eb65f98,1,1,1,1,1,1
case_3f0d4ad2,0,1,0,0,0,1
case_4441e141,1,0,1,1,1,0
case_447582ba,0,0,1,1,0,1
case_e24036cf,1,1,1,1,1,1
case_8f875da2,1,0,1,0,1,1
case_b170ddbd,0,0,1,1,0,0
case_061804fa,0,0,1,1,0,1
case_eb228832,0,1,1,0,1,1
case_26d01b44,1,1,1,0,1,1
case_029244dd,0,0,1,1,1,1
case_62e48573,1,1,1,0,1,0
case_7e02c25b,1,1,1,1,1,1
case_73586b53,1,1,1,1,1,1
case_cbe08d60,1,1,1,0,1,1
case_0e7af62c,1,1,1,0,0,1
case_89116453,1,1,1,0,1,0
case_3df9fc00,1,0,0,0,1,0
case_f964625e,0,0,1,1,1,0
case_d6422087,1,1,0,1,1,0
case_1386b134,1,1,1,0,0,1
case_5537f965,1,1,1,1,1,1
case_a1e6ef3c,0,1,1,1,1,1
case_789db96f,0,0,1,0,0,1
case_d2db0104,1,1,1,1,1,0
case_e772c29a,0,0,0,0,0,0
case_26845b88,0,0,1,1,1,0
case_6e9caf02,1,1,1,0,1,1
case_a82134e1,1,1,1,1,1,1
case_72a148ce,1,0,1,0,1,1
case_d08dea19,0,0,1,1,1,1
case_28dc9b71,0,0,1,1,0,1
case_0576d584,0,1,0,0,1,0
case_f8ac4b89,1,1,1,1,1,1
case_1e28c46e,1,1,1,1,0,1
case_e105c09b,0,0,1,0,0,1
case_b4f94023,0,1,1,1,0,0
case_ee6b0922,0,1,1,0,1,1
case_7059afda,1,0,1,0,1,1
case_a5571e67,1,1,1,0,1,1
case_73a8451b,0,1,1,1,1,0
case_754892e0,0,1,1,1,1,1
case_e35966ad,0,1,0,1,1,1
case_38c86ac9,1,0,1,1,1,1
case_1b150d81,0,1,1,1,1,0
case_fc504e59,1,1,0,1,0,1
case_f33d69da,0,1,1,1,1,1
case_ccae428d,1,1,0,1,1,0
case_32c1418c,0,0,1,0,1,0
case_442e9497,1,1,1,0,0,1
case_618b76e7,1,0,1,1,1,1
case_7100e584,0,0,1,1,1,0
case_5f576c32,1,1,1,1,1,1
case_fe6c14ef,1,1,1,1,1,1
case_0a7c6d0c,0,0,1,1,0,1
case_e178579c,1,0,1,1,1,1
case_016c018e,1,1,0,0,1,1
case_9df75c35,0,1,1,1,1,1
case_8129ff5e,1,1,1,1,1,1
case_b303407c,1,1,1,0,1,1
case_6c35ae06,1,1,1,1,1,0
case_446b6028,1,0,1,1,1,1
case_361adef4,0,1,0,0,0,0
case_fafc3709,1,1,1,0,0,1
case_7f6c11c7,1,1,0,1,1,1
case_14f9c33f,1,0,1,1,1,1
case_32f7fe69,1,0,1,0,1,1
case_d428b221,0,0,1,1,0,1
case_7b9ceae0,1,0,1,1,0,1
case_571be49e,1,1,1,1,1,1
case_9ea44dae,1,1,1,1,0,1
case_6fff8702,1,0,1,0,0,1
case_157d5071,0,1,1,1,0,1
case_d09076e0,1,1,1,0,1,1
case_ec792727,0,0,1,1,0,1
case_7e361b94,0,0,0,0,0,1
case_f035713f,1,0,1,0,1,1
case_71b8f5f3,1,1,0,0,1,1
case_3e6b0037,0,1,1,1,1,1
case_7372f9db,1,1,1,1,1,1
case_e5845aae,1,1,1,1,1,1
case_a319a83f,1,0,1,1,0,1
case_54569991,1,1,1,1,1,1
case_5423efa8,1,1,1,1,1,1
case_92b847bb,1,0,1,1,0,1
case_b4409d49,1,1,1,1,1,1
case_bfcf8661,1,0,0,0,1,1
case_7321f6a5,1,1,1,1,1,1
case_609f9d9a,1,1,1,1,1,1
case_806cbec1,1,1,1,1,1,1
case_15601a53,1,0,1,0,1,1
case_7490f0ae,1,1,0,1,0,1
case_73a0f54f,1,1,1,0,1,0
case_f04e7f24,1,0,1,1,0,0
case_f0c9290d,1,0,1,1,1,1
case_47846eac,0,1,1,1,1,1
case_466f2673,0,1,1,1,1,1
case_8047fe0d,1,1,1,1,1,1
case_7dec83ee,1,1,1,1,1,1
case_6eb28293,1,1,1,0,0,1
case_81bf27cc,1,1,1,1,1,1
case_ba8bea2c,1,1,1,1,1,0
case_31f8708a,0,0,1,1,1,1
case_e79727b4,0,0,0,0,0,1
case_10991aa0,0,1,1,0,0,1
case_a9448f3c,1,1,1,1,1,1
case_6d5e42b9,1,1,1,1,1,1
case_f13e368b,0,0,0,0,0,1
case_e5fa0a22,1,1,1,1,1,1
case_d7e98b46,1,1,1,1,1,1
case_e731136e,1,1,1,1,1,0
case_3b21610e,1,1,1,1,1,1
case_d2662b3a,0,0,1,1,1,1
case_7fad4943,0,1,1,1,0,1
case_66978c58,0,1,0,1,0,1
case_1a98e346,0,0,1,1,0,1
case_061a1e0b,1,1,1,1,1,1
case_7698b94a,0,0,1,1,1,0
case_8199a6cc,1,1,1,1,1,1
case_7b2e5515,0,0,1,1,1,1
case_fbbb6d07,1,1,1,1,0,1
case_2a7ddb59,1,1,1,1,1,0
case_094641d4,1,1,1,0,0,1
case_2446aeec,0,1,1,0,1,1
case_1d518edc,1,1,1,1,1,1
case_dba27cac,1,0,1,1,1,1
case_5549ea9b,1,1,0,1,1,1
case_525a0e8d,0,1,1,1,1,0
case_a31e0542,1,1,1,1,1,1
case_04fdff8a,1,0,0,1,1,1
case_7581e83e,1,1,1,1,1,1
case_06dae08a,1,1,0,1,1,1
case_a1ad054c,1,0,1,1,1,1
case_80c54cd8,0,1,0,1,1,1
case_a5d3c91b,1,0,1,0,1,1
case_02b6f8a0,1,0,1,0,1,1
case_89f4cfbe,1,1,1,0,0,1
case_dfca4345,1,1,1,0,0,0
case_c09d87d4,0,0,0,1,0,0
case_c1a2bb18,1,1,0,0,1,1
case_f865065f,0,1,1,0,0,1
case_9ec4bca5,0,0,1,1,1,0
case_fb9b257e,0,1,1,1,1,1
case_6259d128,1,1,1,1,1,1
case_2a66c457,1,1,1,1,1,1
case_d5503e09,1,1,1,0,1,1
case_246265d4,0,0,1,1,1,1
case_47e96f40,1,1,1,0,1,1
case_dd61b716,0,0,1,0,0,0
case_bd0072bc,1,0,1,1,0,1
case_dd11728c,1,0,1,1,1,1
case_dbbb6764,1,1,1,1,1,0
case_c212e70f,1,1,1,0,1,1
case_49a0d317,1,1,1,1,1,1
case_580d2b66,0,1,1,1,1,1
case_4703493f,1,1,1,1,1,1
case_d6a0d418,1,1,1,0,1,1
case_849bf0f8,1,1,1,1,1,1
case_11ba0be5,0,0,1,0,0,0
case_bb933f3f,1,1,1,1,1,1
case_84573d0b,0,0,1,0,0,0
case_8ce8d10f,1,0,1,1,1,1
case_751db275,1,1,1,1,1,1
case_dc5723c5,0,0,1,0,1,1
case_dd50ddb5,1,1,1,1,1,1
case_d5f48499,1,1,1,1,1,1
case_2b8c1bcf,1,1,1,0,0,0
case_2542d3cf,0,0,0,0,0,0
case_dbb647f2,0,0,1,0,1,0
case_1205d4d0,1,0,1,0,1,1
case_422f1859,1,1,1,1,0,1
case_b2badda4,1,1,1,1,1,1
case_f0bf76cf,0,1,1,1,1,1
case_19a73766,1,1,0,1,1,1
case_f2aa9db7,1,1,0,1,0,0
case_a8f06448,0,1,1,0,0,0
case_8ccbd52d,1,1,1,0,0,1
case_f047bbd9,1,1,1,1,1,1
case_53d3a544,1,0,1,1,1,0
case_21d09549,1,1,1,1,1,1
case_9070b632,1,0,1,1,1,0
case_c373ab79,0,1,1,1,1,1
case_5a361f00,1,1,1,1,1,1
case_0139a2a7,1,1,1,1,1,1
case_40c79787,0,1,1,1,1,1
case_b6c84023,0,1,1,1,1,1
case_4fcc7d5d,1,1,1,1,1,1
case_244eb783,0,0,1,1,1,0
case_581330f8,1,0,1,0,1,1
case_5881c05e,0,0,1,0,1,1
case_cbf9af1b,1,1,1,1,1,1
case_925adee2,0,1,0,1,1,1
case_6e0eb524,1,1,1,0,1,1
case_5ae1ce8c,1,0,1,1,1,1
case_c6d4a74e,1,1,1,1,1,1
case_d59954c9,1,0,1,1,1,1
case_3bf4d86a,1,1,1,1,1,1
case_a0fe1048,1,1,1,1,1,1
case_721abece,1,1,0,1,1,1
case_9ae51a2a,0,1,1,1,1,1
case_6c54bc87,0,0,1,0,1,1
case_1861fba3,0,1,1,1,1,1
case_76203ae6,1,0,1,1,1,0
case_75d81b63,0,1,1,0,0,1
case_72539492,0,1,1,0,1,1
case_bf39485a,1,1,1,0,1,0
case_6af3d4d3,0,0,0,0,0,0
case_27eba7c0,1,0,1,1,1,1
case_1afbe13f,1,0,1,0,1,1
case_2085e354,0,1,1,1,1,0
case_b95f1a31,1,1,1,0,1,1
case_e17c3e74,0,1,1,1,1,0
case_cebcdd69,1,0,1,0,0,1
case_58101f16,0,1,1,1,1,0
case_3b34f1fc,0,0,1,0,1,0
case_2bf13a79,1,1,1,1,1,0
case_4eacb030,1,1,1,1,1,1
case_3f1c6dd5,1,1,1,0,1,0
case_c9fbe6b0,1,1,1,0,1,1
case_8a0bebcb,1,1,1,1,1,1
case_5eda00eb,1,1,1,1,1,1
case_abf8a666,1,0,1,0,1,1
case_99539616,1,1,1,1,1,1
case_9fa31ab0,1,1,1,1,1,1
case_26ba716c,1,1,1,0,1,1
case_23dfc5d1,0,0,1,0,1,0
case_dd385805,0,0,1,1,1,0
case_9582806e,1,1,1,0,0,1
case_52efdeca,1,1,1,1,1,1
case_9d470c93,1,1,1,1,1,1
case_e80e3634,1,1,1,1,1,1
case_f408141e,0,1,0,1,1,1
case_29a9c7c6,1,1,1,1,1,1
case_1eec2cad,0,0,1,0,1,0
case_b9450cb0,1,1,1,1,1,1
case_d6781703,1,1,1,1,1,0
case_c8b25dac,0,0,1,0,0,0
case_bf4e3550,1,1,0,0,1,1
case_58c9e5d8,1,0,0,1,1,1
case_73c8e72b,0,1,1,1,1,0
case_0b2f5502,0,1,1,1,0,1
case_52ce1a0d,0,1,1,1,0,1
case_f014d289,1,1,0,0,0,1
case_25b86cfd,1,1,0,0,1,1
case_6ee18182,0,0,1,1,1,1
case_6e700644,1,1,1,1,0,1
case_f8236589,0,0,1,1,1,1
case_7c9bbfb5,0,1,1,0,0,1
case_d0b32a81,0,1,1,1,1,1
case_6253cce5,1,1,1,1,0,1
case_96f8a5ec,1,0,1,1,1,1
case_7a369902,1,1,1,1,1,1
case_d849b3db,0,0,1,1,0,1
case_6bf5b8da,1,1,1,0,1,1
case_c51c54c3,0,1,1,1,1,1
case_069818ee,1,1,1,0,1,0
case_6d654d0a,1,1,1,1,1,1
case_bc7eb9f0,1,1,1,1,1,1
case_5b58b749,1,1,1,1,1,1
case_9025d46b,0,0,1,1,0,1
case_4bff74f4,1,1,1,1,1,1
case_ca7ea593,0,0,1,1,1,0
case_28ec12c1,1,1,0,1,1,1
case_90fd9e4c,1,1,1,1,1,1
case_37eac6f7,0,1,1,0,0,1
case_1f32fa9d,1,0,1,1,0,1
case_61faaff8,1,1,1,1,1,1
case_20cc6421,0,0,1,1,0,1
case_914c0fd7,1,0,1,0,0,0
case_8d576d47,1,0,1,0,1,0
case_ac3b0352,0,1,1,0,1,0
case_9d90eadd,1,1,1,1,1,1
case_470f4ef7,1,1,1,1,1,1
case_a99d291d,1,1,1,1,1,1
case_08ce19b0,1,1,1,1,1,1
case_bc5463a6,1,0,1,0,0,1
case_ea5a7a06,1,1,1,0,1,1
case_d3efa7da,1,1,1,1,1,1
case_492565e3,0,1,1,1,1,1
case_77e1355d,1,0,1,0,1,1
case_a91ff9b1,0,1,1,1,1,1
case_aa71e7a3,1,0,1,1,0,0
case_4bcf5903,1,0,1,1,1,0
case_ec89e76e,0,0,1,0,0,1
case_e4cac3d2,0,1,1,1,1,1
case_c8c489d2,1,1,1,1,0,1
case_0f9c8dc2,1,0,1,1,1,1
case_4b7ed226,0,1,1,1,0,1
case_55afe195,1,1,1,1,1,1
case_705d1b80,0,1,1,0,1,1
case_fee7d6eb,0,0,1,1,1,0
case_8c90401b,1,0,1,1,1,1
case_d7bddcf9,1,1,1,1,0,1
case_727c6971,1,0,1,1,1,0
case_65ab115d,0,1,1,0,1,1
case_02f2cc72,0,1,1,1,0,0
case_6346e239,1,1,1,0,0,1
case_03967255,1,1,1,1,1,1
case_270ed935,1,0,1,0,1,1
case_d3660333,1,1,1,0,1,1
case_a42bf437,1,1,1,1,1,0
case_6b6613eb,0,0,1,0,0,1
case_73dfb3dd,1,0,1,1,1,0
case_56a8ffcc,0,0,1,1,1,0
case_ee0eccb9,0,0,0,0,1,1
case_ec4c400e,0,1,1,1,1,1
case_42418e46,1,0,1,1,1,1
case_de910a5e,1,1,1,1,0,1
case_4d028d3b,0,0,1,0,0,1
case_a0406a27,1,1,1,1,1,1
case_77376c12,1,0,1,1,1,1
case_1a3413e2,0,1,1,0,1,1
case_de548182,1,1,1,1,1,1
case_622781e1,1,1,1,0,0,1
case_8c91fb30,1,1,1,1,1,1
case_9f5bcc08,1,0,1,1,1,1
case_89bf3e26,1,1,1,1,1,0
case_9c5a896f,1,1,1,0,1,0
case_e345e240,0,1,1,1,0,1
case_c0f3bd5c,0,1,1,0,1,1
case_6ac931eb,1,1,1,1,1,1
case_7f7532d8,0,0,0,1,0,0
case_00a74481,0,1,1,1,1,0
case_481e9a5e,1,0,1,0,1,1
case_674f0953,1,1,1,1,1,1
case_febcf8d8,1,1,0,1,1,1
case_09998f2d,1,1,1,1,1,0
case_77b26b37,1,1,0,0,0,1
case_4a30a276,0,0,1,0,1,0
case_0ad5ed5d,1,1,0,1,1,1
case_6d1420dc,0,0,1,1,0,1
case_fed7af94,1,0,1,1,1,1
case_73e21064,0,1,1,0,1,1
case_d7bb134f,1,1,1,0,1,1
case_020e088a,1,0,1,1,1,1
case_263a06ac,1,1,1,1,1,1
case_de4f31cd,1,0,0,1,0,1
case_117ba743,0,1,1,0,0,1
case_52eaf1eb,1,1,1,1,1,1
case_766ec32e,1,1,1,1,1,1
case_f7bfe3c8,1,0,0,1,0,1
case_2985452d,1,1,1,0,1,1
case_4df1da2c,0,0,1,1,0,1
case_0e0499bb,1,1,1,1,1,1
case_1aa1a026,0,0,1,1,1,0
case_2f213b07,1,1,1,0,1,1
case_251c4a74,1,1,1,1,1,1
case_2336977c,0,1,1,1,0,0
case_40321ce4,1,1,1,1,1,1
case_164729cf,1,1,1,1,1,1
case_c1bdb089,1,1,1,1,1,0
case_2390b76b,1,1,1,1,1,1
case_6509c428,1,1,1,1,1,1
case_6fc5a4f5,1,0,1,1,0,0
case_1aa2c5ba,1,0,0,0,0,1
case_d2a8b6ca,1,0,1,1,1,1
case_9746e9d6,1,0,1,1,1,1
case_a0f79fcc,1,1,1,0,1,0
case_d15a1726,0,1,1,1,1,1
case_b4e774e8,1,1,1,1,1,1
case_4afc1a48,0,1,1,0,1,0
case_24a37b1e,0,0,1,1,1,0
case_1893aa41,1,1,1,0,1,1
case_bfabcabe,1,1,1,1,1,1
case_e845c6e5,1,1,1,0,0,1
case_de971ece,1,1,0,1,1,1
case_624d810f,1,1,1,1,1,1
case_cea47ba6,0,1,1,1,1,1
case_36338372,0,1,1,1,1,1
case_f2fc0b82,0,0,1,1,1,1
case_16975628,1,1,1,1,1,1
case_c2ae05ec,1,1,1,1,1,1
case_9adfb4d0,1,1,1,1,1,1
case_bcd45a2b,1,0,1,1,1,1
case_d8ab619d,0,1,1,0,1,1
case_a3b8f0d9,0,1,1,1,1,1
case_0b863e9b,0,0,1,1,1,1
case_c4942c8f,1,1,1,1,1,1
case_d3cfa5b6,1,0,1,1,1,1
case_2afde7fb,0,0,1,0,1,1
case_29816f58,1,1,1,1,1,1
case_3f95b885,0,1,1,1,1,1
case_4dfc3512,0,1,0,0,1,1
case_a5c10a97,1,0,1,0,1,1
case_a0e93dfd,0,1,1,0,1,1
case_73805a11,0,0,1,0,1,1
case_29634f2b,1,1,0,1,1,0
case_dcd2541f,1,1,1,1,1,0
case_5f49ad0f,1,0,1,1,1,1
case_6c5c02c6,1,1,1,1,1,1
case_7c6df72d,1,0,1,1,1,0
case_2a3edcc0,1,0,1,0,1,1
case_58a588ad,1,1,1,0,1,0
case_ac166b64,1,1,1,0,0,1
case_8aeac1cd,0,1,1,1,1,0
case_767f911e,1,1,1,1,1,1
case_a9ffe5e8,1,1,1,1,0,1
case_eba1dd61,1,1,1,1,0,1
case_2da6bf06,0,1,1,1,0,0
case_a5cbacfc,0,1,1,1,1,1
case_ac833128,0,1,1,1,1,1
case_38549924,1,0,1,1,1,0
case_93c25bf7,1,1,1,1,1,1
case_76a6d8c6,1,1,1,1,1,1
case_8b9f5b9a,1,1,1,1,1,0
case_e751f323,1,1,1,1,1,1
case_e2bfc935,1,0,1,1,1,1
case_5545e741,0,1,0,0,1,1
case_da8bb274,1,1,1,1,1,1
case_ef7ae507,1,1,1,0,0,1
case_279578a4,0,1,1,1,0,1
case_5a7d6930,0,1,1,0,0,1
case_e4ad191c,0,0,1,0,1,1
case_ac5db3cc,0,1,1,1,0,1
case_74ad9e61,1,0,1,1,0,0
case_87c6a494,0,1,1,1,0,0
case_5d73faa9,0,1,1,0,1,0
case_9def9411,1,1,1,1,1,1
case_655eaa30,0,1,1,1,1,0
case_27176576,1,1,1,1,1,1
case_248a9ac5,1,0,1,1,1,1
case_967df06c,1,1,1,1,0,1
case_0871197b,1,0,1,1,1,1
case_9bc6ebd1,0,1,1,1,1,1
case_5b55b069,1,0,1,1,1,1
case_d98f1d3e,0,1,0,1,0,1
case_eb475743,1,1,1,1,1,1
case_5acacbfc,1,1,1,1,1,1
case_a1939fa5,1,0,1,1,1,1
case_8b1c3893,0,0,1,1,1,0
case_abe0e73d,1,1,1,1,0,1
case_a6b07baf,1,0,1,1,0,1
case_e7426cbe,1,0,1,0,0,0
case_05809e6a,1,1,1,0,0,1
case_ccea93ec,1,1,1,1,1,1
case_8d061af1,0,0,1,0,1,0
case_ed810c91,1,0,1,1,0,0
case_94642b3b,1,1,0,0,1,1
case_4277b8ec,1,1,1,1,1,0
case_9d693ab7,0,0,1,0,0,1
case_b58b2522,1,1,1,1,1,1
case_126ae811,1,1,1,1,1,1
case_72f24861,1,0,1,0,1,1
case_ae815c6b,1,1,1,1,0,1
case_8df4014d,1,1,0,0,0,0
case_aa42ccc9,1,0,1,1,1,1
case_484c5dcc,0,0,1,1,1,1
case_6c0567fd,0,1,1,1,1,1
case_cb5ec448,1,1,1,1,1,1
case_c00c69f8,1,0,0,0,1,1
case_97d7b4f6,1,1,1,1,0,1
case_95251f3b,1,1,1,1,0,1
case_6154b6c6,0,1,0,1,1,1
case_b5c894ba,1,1,1,1,1,1
case_35e00eea,1,1,1,1,1,1
case_79ad9a2b,0,1,1,1,0,1
case_4bce62a1,1,0,1,0,0,1
case_57cd5320,0,0,1,0,0,0
case_8c4ee760,0,1,1,1,0,1
case_13594505,1,1,1,0,0,1
case_dc23aa57,1,1,1,0,1,1
case_eca1398e,1,1,1,1,0,1
case_7ce27f22,1,1,0,1,1,1
case_78aec28f,1,1,1,1,1,1
case_2911055a,1,0,1,0,1,1
case_7ced7065,0,1,1,0,0,1
case_93d8e84d,1,1,1,1,1,1
case_15e469d8,1,1,1,1,1,1
case_3ec4f825,1,1,1,0,1,1
case_8e8de062,1,0,1,1,1,1
case_1f56ada0,1,0,0,0,0,1
case_ee17fc77,0,0,1,1,1,1
case_c0c96d71,0,0,1,1,1,0
case_f52cc3cf,0,1,1,1,1,1
case_cec0af58,1,0,1,0,1,1
case_c16874b6,1,1,0,1,1,1
case_09554aae,0,0,1,1,1,0
case_939061a7,0,0,1,0,1,0
case_070520ce,0,0,0,0,1,1
case_82cf2d74,1,0,1,0,1,1
case_d1b012d2,0,0,1,0,1,0
case_4c645d37,1,0,1,1,0,1
case_8c901e0d,0,0,1,1,1,1
case_46f30e50,0,0,0,1,0,1
case_97a87f6c,1,0,1,0,1,1
case_32767890,0,0,1,1,1,1
case_b7dacb37,0,1,0,0,0,0
case_a2041748,1,1,0,0,0,1
case_6e510760,1,1,1,1,1,1
case_6e9f2ec3,0,1,1,0,1,1
case_b8d80ccf,1,1,1,1,1,1
case_a450e3c7,1,1,1,1,1,1
case_cd5f76d0,0,1,1,1,1,1
case_2178697a,0,1,0,0,1,0
case_0fd79af9,0,0,1,0,1,1
case_d75da164,0,1,1,0,1,1
case_f18bfe16,0,0,1,1,1,0
case_da3ed3f3,1,1,1,1,1,1
case_842a974f,0,1,1,0,0,1
case_666a9ff2,1,1,1,1,1,1
case_4d9feed2,1,1,1,1,1,1
case_68f8c426,1,1,1,1,1,1
case_15b55ab6,1,1,1,1,0,1
case_da4738ad,1,1,1,1,1,1
case_18ac52bd,1,0,1,1,1,1
case_09fbbcfb,1,1,0,1,1,1
case_475b4d4e,1,0,1,1,1,1
case_7816073d,0,0,1,0,1,1
case_10f5fa9a,0,1,1,1,0,1
case_b5e73bef,1,1,1,1,1,1
case_5a0369b9,0,1,0,0,0,1
case_60ae79e4,1,1,1,1,1,1
case_2694df6b,0,0,1,0,0,1
case_e5c9dd79,1,0,1,1,1,0
case_8c2408a0,1,0,1,1,0,1
case_2b0ed88d,1,1,1,1,1,1
case_d45cd023,1,0,1,1,1,1
case_2fd3fc40,0,1,1,1,1,1
case_99233bff,0,1,1,1,1,1
case_b2ecef91,1,0,1,1,1,1
case_13508e8b,0,0,1,1,1,1
case_f66f0125,1,1,1,1,1,1
case_0d93bf58,1,1,1,1,1,1
case_82010bc4,1,1,0,1,1,1
case_ed8d0f03,1,1,1,1,1,1
case_687465f8,1,1,1,1,1,1
case_ea99a50f,1,1,1,1,1,1
case_89a0ddc0,0,0,1,0,0,1
case_1db0772a,1,1,1,1,1,1
case_aedfeabc,1,1,1,1,1,1
case_b1d673be,0,1,1,0,0,1
case_df68653a,0,1,0,1,1,0
case_f2442b01,1,1,1,1,1,1
case_6092228f,1,1,1,1,1,1
case_c3a3f8af,1,0,1,1,1,1
case_2fc26578,1,1,1,0,1,1
case_5efc9b06,1,0,0,0,0,0
case_cc1111a8,1,1,1,1,0,1
case_eba61c6a,1,1,1,1,1,1
case_571d669d,0,0,1,1,1,1
case_72b34310,1,0,1,0,1,1
case_af2799ae,1,1,1,1,0,0
case_e44a676f,0,0,1,0,1,0
case_2aa8e172,0,0,1,1,1,1
case_99371fc9,1,1,1,1,1,1
case_eb43f149,1,0,1,1,1,1
case_6d27f83d,1,1,1,1,1,1
case_9babd119,1,1,1,1,1,1
case_3bbda93a,0,0,1,0,1,1
case_41cfc4c3,0,1,1,1,0,1
case_19ede854,1,1,1,1,1,1
case_ccde403d,0,1,1,1,0,0
case_e8f75177,0,1,1,0,1,0
case_972fe2c7,1,1,1,1,1,1
case_d91f2e66,0,1,1,0,1,1
case_fe1e6aee,1,1,1,1,1,1
case_2733f8b0,0,1,0,0,1,1
case_25340537,1,1,1,0,1,0
case_8c647073,0,1,1,1,1,1
case_ee2c8d2a,1,1,1,1,1,1
case_24b56993,1,1,1,1,1,1
case_d2048dfc,1,1,0,0,1,1
case_13a370d0,1,1,1,1,1,1
case_2df583bd,0,0,1,1,1,1
case_962c6757,0,0,1,1,0,0
case_40741264,1,0,1,0,0,0
case_8494b6ed,1,1,1,1,1,1
case_f1d148ff,1,0,1,0,1,1
case_0adbb3ea,1,1,1,1,1,1
case_b9b80182,1,0,1,0,1,1
case_f20e7d90,1,1,1,1,1,1
case_d125cac2,0,1,0,0,1,0
case_33d70ac2,1,1,1,0,0,1
case_7b3a19c4,1,1,0,1,1,1
case_3d801331,1,0,1,1,1,1
case_4a822fc5,1,1,1,1,1,1
case_a81f490d,0,1,1,1,1,0
case_74e60382,0,1,1,1,1,1
case_b2a1fa68,1,1,1,1,1,0
case_f0db648a,1,1,1,0,1,1
case_e819f99b,1,1,0,1,1,1
case_d37bf3e2,1,1,1,1,1,1
case_e4100a42,1,1,1,1,1,1
case_c07d42e7,0,0,1,0,1,0
case_3f54c3a9,1,0,1,0,1,1
case_e355d37c,0,1,1,1,0,1
case_728c8bef,0,0,1,0,1,1
case_d6770d1b,1,1,1,1,1,1
case_3d45a9a2,1,1,1,0,0,1
case_846c581b,1,1,1,1,1,1
case_7cbef116,0,0,0,0,1,0
case_7096fad4,1,0,1,0,1,0
case_4f322b8f,1,1,1,1,1,1
case_fe98a214,0,0,1,1,1,1
case_1487ed91,1,1,0,1,1,0
case_8be755ab,0,0,1,0,0,0
case_d9028c13,0,0,1,0,0,0
case_a7fb749f,1,1,1,1,1,1
case_092abad6,1,1,1,1,1,0
case_277eedc2,1,1,1,1,1,1
case_3775145a,0,1,0,1,0,0
case_a62bb8a3,1,1,1,1,1,1
case_a883fb3e,0,1,1,1,1,1
case_70bd3d26,1,0,1,1,1,1
case_380c8761,1,1,0,1,1,1
case_35aa411f,1,1,1,0,1,1
case_800922a8,0,0,1,1,0,0
case_2dd0739e,0,1,1,1,0,1
case_448f38b6,1,1,0,1,0,1
case_b2546f91,0,1,1,0,1,1
case_0044f387,0,1,1,1,0,1
case_31224091,1,1,1,1,0,1
case_19694409,0,1,1,0,1,1
case_e7c29db7,0,0,1,0,0,1
case_2cc84283,0,0,1,1,0,1
case_9aab190a,0,1,1,1,1,1
case_b90804ae,0,1,0,0,1,1
case_d71b079f,0,0,1,1,1,0
case_139133b8,1,1,1,1,1,1
case_1d09dd94,1,0,1,0,0,1
case_5993b4a0,0,0,1,0,1,0
case_45b7f0c5,1,1,1,1,1,1
case_0d1e96c7,1,1,1,0,1,1
case_8b854bd5,1,1,1,1,1,1
case_bcc0bbbc,0,1,1,0,1,1
case_2feb0aa6,0,1,1,1,1,0
case_a69276ba,1,1,1,1,1,1
case_e8da97d5,1,1,1,0,1,1
case_1a7ebf81,0,0,1,0,0,1
case_0ff00d5e,1,0,1,0,1,0
case_d75270f7,1,0,1,1,1,1
case_c33a40c6,1,1,1,1,1,1
case_da0ef387,1,1,1,1,1,0
case_5f479ff1,1,1,1,0,1,1
case_e3af7ca1,1,1,1,1,1,1
case_3ca7d3b6,1,1,1,1,1,0
case_5b203ab0,0,0,1,1,0,1
case_e5ae15af,1,0,1,0,1,1
case_a80412b0,0,0,1,0,0,1
case_cc57520a,1,1,1,0,1,1
case_55777f40,1,0,1,1,1,1
case_f47fdfb8,1,1,1,1,0,1
case_a19ac539,1,1,1,1,1,1
case_fcd0e5a9,1,1,0,1,1,0
case_3cb03b31,1,1,0,1,1,1
case_9a5c6c1e,1,1,1,1,1,1
case_a239651c,0,0,0,0,1,0
case_3c343d7a,1,1,0,1,0,0
case_eb7cabc2,0,0,1,1,1,0
case_b17cb810,1,1,1,1,1,1
case_fdae1f42,1,1,1,0,1,1
case_d39b6973,1,1,0,1,1,1
case_a98602c3,1,1,1,1,1,0
case_d79d12df,1,1,0,0,1,1
case_9c9881af,1,0,0,0,0,1
case_47b705df,1,1,1,0,1,1
case_d8b1e226,0,0,1,0,0,1
case_dff3b765,1,1,1,1,1,1
case_5f9038c4,1,1,1,1,1,1
case_cbdf1ab1,1,0,1,1,1,1
case_3cedab03,1,1,1,1,1,1
case_e3317af2,0,0,1,0,0,0
case_13c34057,1,1,1,1,1,1
case_1109e2a3,1,1,1,0,1,1
case_f375c917,0,0,1,1,1,0
case_e4d13d66,1,1,1,0,1,1
case_5c5dd973,1,1,0,1,0,0
case_81eb82f2,1,1,1,1,1,1
case_0a1902cf,0,1,1,1,1,1
case_686ff4d3,1,1,1,1,1,1
case_ca60be50,1,0,0,1,0,0
case_ecf1aabd,0,0,1,1,0,1
case_13d9090c,0,0,1,0,0,0
case_249c1a05,1,1,1,1,1,1
case_b9c4e69a,1,1,1,1,1,0
case_888a231e,1,1,1,0,1,1
case_ad390ca8,0,1,0,0,0,1
case_dc9e31ee,0,0,1,1,0,0
case_d4e198bc,1,0,1,1,1,1
case_d1a5f313,1,1,1,0,1,1
case_7c6d1b3b,0,0,1,0,1,1
case_852f765c,0,0,1,1,0,0
case_0625a62e,0,0,1,0,1,1
case_c3d412aa,1,0,1,1,1,0
case_35b22f02,1,1,1,1,1,1
case_bc4bc286,1,1,1,1,1,1
case_93c33125,0,1,1,0,1,0
case_dc05846e,0,1,1,0,1,1
case_49be14d7,1,1,1,1,1,0
case_94d3ea04,1,1,1,1,1,0
case_91fc08d4,1,0,1,1,1,1
case_7e8f6f1a,0,1,1,1,1,1
case_d93d36f4,1,1,0,1,0,1
case_350d7d84,1,0,1,0,1,1
case_2afb0c27,1,0,1,1,0,1
case_b9095edc,0,0,1,0,0,1
case_5f811793,1,1,1,1,1,1
case_731b5ce6,0,1,1,0,1,1
case_d42df09b,1,1,1,0,0,0
case_a1a09d4b,0,0,1,0,0,0
case_c1f7eaf0,1,1,1,1,1,1
case_8e4a6b27,0,0,1,0,1,0
case_2ee5ba80,1,0,1,0,1,0
case_80b06d2c,0,1,1,1,1,1
case_fec5fd1c,0,1,1,0,1,1
case_f2baacce,0,0,1,0,1,1
case_d2c858b5,0,1,1,0,1,1
case_61c98ad3,1,1,1,1,1,1
case_635f3f19,1,1,1,1,1,1
case_ec7aac94,1,1,1,1,1,1
case_ac4d7dce,0,0,1,1,1,0
case_4a4248c8,0,0,1,1,1,1
case_1d705879,1,1,1,1,1,1
case_21fe601e,0,0,1,1,0,1
case_c1389c98,1,0,0,0,0,1
case_b756d902,0,0,1,1,1,1
case_33eeba28,0,0,1,1,1,1
case_7272863a,1,0,1,1,1,0
case_7a121c7f,1,0,1,0,0,0
case_07e735d4,1,1,1,1,1,0
case_dd339cb8,1,0,1,1,1,1
case_a2f3a086,1,0,1,0,1,1
case_eb6b9417,0,1,1,1,1,1
case_8d657b71,0,0,1,1,1,1
case_6ecc7a77,1,0,1,1,1,1
case_de58bead,1,1,1,1,1,0
case_609340ce,1,0,1,1,0,1
case_2dc2af75,1,1,1,1,0,1
case_37197846,0,1,1,1,1,1
case_ea656957,0,0,1,1,1,1
case_146fa978,0,0,1,1,1,1
case_d39f0cf4,1,1,0,1,1,0
case_a317d065,1,1,1,0,0,1
case_21b82db7,0,0,1,0,0,1
case_7f1620dd,0,0,1,1,0,1
case_e452328b,1,1,1,1,1,1
case_c21dbc1b,0,1,0,1,1,1
case_a34f798b,1,0,1,1,1,1
case_aa2c193a,1,1,1,1,0,0
case_bcb45454,1,0,1,0,1,0
case_122eae05,1,1,1,1,1,1
case_a70edbe0,1,1,0,0,0,1
case_d3f9636e,0,1,1,1,1,1
case_cd5b6581,0,1,1,1,0,1
case_755510e4,1,1,0,1,1,1
case_9d61d7c3,1,1,1,1,0,0
case_4b7eeab1,1,0,1,0,0,0
case_2096ad22,0,1,0,1,1,1
case_21531d4b,0,0,1,1,1,1
case_6f56374c,1,1,1,0,1,1
case_7d5ff57d,0,0,1,1,1,1
case_a7e97b27,0,1,0,0,0,1
case_076cbb90,0,0,1,1,0,1
case_3a8426ce,0,0,0,1,1,1
case_6def9b7f,0,1,1,1,1,1
case_44bae315,1,0,0,1,1,0
case_254dd162,1,1,0,1,1,0
case_80a85fa5,0,1,1,1,0,1
case_2313445b,1,1,0,1,0,1
case_10fda437,1,1,1,1,0,0
case_7d103086,1,1,1,1,1,1
case_10688967,1,0,1,1,0,1
case_5c44c99b,0,0,1,1,1,1
case_eecbfca1,1,1,1,1,1,0
case_13902131,1,1,1,1,1,1
case_294cbbf4,0,0,1,0,1,1
case_caa33cc7,0,1,1,1,1,1
case_0536aae4,1,1,1,1,0,1
case_20e8833e,0,1,1,1,1,1
case_02c15d7e,0,0,1,1,1,0
case_368f5064,0,0,1,0,0,1
case_5344f576,0,0,1,0,0,1
case_fd0cd9e4,0,0,1,1,1,0
case_9e58fbec,1,1,1,1,0,0
case_1510a7bc,1,0,1,1,0,1
case_14791b03,0,1,1,1,0,1
case_55d59e5d,1,1,1,1,1,1
case_408a4d68,0,1,0,0,1,0
case_0802bb2f,1,1,1,1,1,1
case_9f282568,1,0,1,0,1,1
case_a58856ac,0,0,1,0,0,1
case_c2b8c31d,1,0,0,0,1,1
case_4d06656b,0,1,0,1,0,1
case_71bd38f7,1,1,1,0,0,1
case_e2f93bad,1,1,1,1,1,1
case_7f18ebf9,1,0,1,1,0,1
case_7ceb2381,1,1,1,0,1,1
case_d917ac05,0,1,1,1,1,1
case_f01d88a7,1,0,1,1,1,0
case_358a13b9,1,1,1,1,0,1
case_91feafc6,1,1,1,1,1,1
case_86304266,0,0,1,1,1,0
case_701bcb8c,0,1,1,0,0,1
case_97a83503,1,1,0,1,1,1
case_5b18e107,0,1,1,1,1,1
case_10313bab,1,0,1,1,1,1
case_73c6764a,1,1,1,1,1,1
case_a9fc6551,0,0,0,1,0,1
case_3b5c4c36,0,0,1,1,0,0
case_668f7bc1,1,0,1,1,1,0
case_0a9e31f8,0,1,1,0,0,1
case_d0e9f07d,1,0,1,1,1,0
case_52c6c46d,1,1,1,1,1,1
case_3cf5a097,0,1,1,1,1,1
case_19970244,1,0,1,1,0,1
case_5e1424bb,1,1,1,1,0,1
case_ce5c6506,1,1,1,1,1,1
case_a1f5f90d,1,0,1,0,0,0
case_cb5a324c,1,0,1,0,1,0
case_97fca8ac,1,1,1,1,1,1
case_37a660b7,0,1,1,1,0,1
case_bb69da15,1,1,1,1,1,1
case_f99713fb,0,0,0,1,0,1
case_4e6301de,0,1,1,1,0,1
case_3c97acf8,1,1,1,1,1,1
case_369a973d,0,1,1,0,1,0
case_95f6a2f2,1,1,1,1,1,1
case_7b24e56d,1,0,1,0,1,1
case_ad2ae231,0,0,1,1,1,1
case_dca1a096,1,1,1,1,1,1
case_0c1e4de9,1,1,1,1,1,1
case_d17082f2,1,0,1,0,1,1
case_51307bb8,0,0,1,1,1,1
case_29b24ff7,1,1,1,1,1,1
case_18810c12,1,1,1,0,1,1
case_95f1e1b5,0,0,1,1,1,0
case_713c839f,1,1,1,0,1,1
case_3faed0dd,1,1,1,1,1,1
case_63d8601e,1,1,1,1,1,1
case_afa0bf99,1,1,1,1,1,1
case_6f141fb8,0,0,1,1,1,1
case_682e2ed3,0,1,1,1,0,1
case_c1dee64f,1,1,1,1,1,0
case_43c2350a,1,0,1,0,1,1
case_24282b8a,0,0,1,1,0,1
case_bab1aa2e,0,0,1,1,1,1
case_8c237a73,1,1,1,1,1,1
case_85eeed9a,1,1,1,1,1,1
case_b307cff9,1,1,1,1,1,1
case_1a832973,1,1,1,1,1,1
case_bf242b1c,1,1,1,1,1,1
case_c22a2f76,1,1,1,1,1,1
case_12141f69,1,0,0,0,0,1
case_0f46a730,1,1,0,0,1,0
case_38dd867e,0,0,1,1,1,0
case_fbb2a7c9,1,1,1,0,1,1
case_277f66ee,1,0,1,1,1,1
case_aacf2928,1,1,1,1,1,1
case_93c7c243,1,1,1,0,1,1
case_23d27b5a,1,1,1,1,1,0
case_8f5cd949,0,0,0,0,0,1
case_d60b6f62,1,1,0,1,1,1
case_1408ad3e,1,1,1,0,1,1
case_73ae3837,0,1,1,1,1,1
case_a943f69b,1,0,1,1,0,1
case_9dc6e7f0,1,0,1,1,1,1
case_832ddadd,0,1,1,1,1,1
case_647bf36c,0,0,1,1,1,0
case_63905234,0,0,1,1,0,1
case_171b0fbc,1,1,1,1,1,1
case_14df076c,1,0,1,1,1,1
case_72a42e48,0,1,1,1,1,1
case_8270d945,1,1,1,0,1,1
case_e4be4a5d,1,1,1,1,1,1
case_d7ea7274,0,1,1,1,1,1
case_3ac8ef4f,1,0,1,0,1,1
case_dc8b5a2f,1,1,1,1,1,1
case_ec732d5d,1,1,1,1,0,1
case_9b4a3878,0,1,1,1,1,1
case_2f4ddf0d,0,0,1,1,0,1
case_78abcc1e,1,1,1,1,1,1
case_d4abe9ba,0,1,1,1,1,1
case_da9fafff,0,1,1,1,1,1
case_ccf745e0,1,0,1,1,1,1
case_85487852,1,1,1,1,0,1
case_4d244e03,0,0,1,0,0,1
case_6cef3665,0,1,1,1,0,1
case_513404b6,1,0,1,1,1,1
case_d40b16cb,1,0,1,1,1,1
case_9aaeb5ee,1,0,1,1,0,1
case_3b5579d6,1,1,1,1,0,1
case_c102a067,1,1,0,1,1,1
case_fcfe76ec,1,1,1,1,1,1
case_4f0f5142,1,1,0,0,0,0
case_1d182e59,1,1,1,1,0,1
case_6a56b19d,1,1,1,0,1,1
case_e04777c9,0,0,1,1,0,1
case_f50571be,1,0,0,0,0,0
case_5e0a4c5d,1,1,1,1,1,1
case_8a2127c5,1,1,1,1,0,0
case_2261e614,0,1,1,1,1,1
case_0f3dc1b3,0,1,1,1,1,1
case_cd235332,1,1,1,1,1,1
case_dc7ee558,1,0,1,0,0,1
case_bffbaaba,1,1,1,0,1,1
case_f58f321d,1,1,1,1,0,1
case_16d58541,1,1,1,1,1,1
case_e5c69387,1,1,1,1,1,1
case_af3af1b3,0,0,1,0,0,1
case_b9e4e40c,0,1,0,0,0,1
case_59b43568,1,1,1,1,1,1
case_57ed9199,0,1,1,1,1,1
case_cabee675,0,0,1,0,0,0
case_18c8b88d,1,1,1,1,1,1
case_c40171f3,1,1,1,1,1,1
case_382fb138,0,1,1,1,1,1
case_0272f414,1,1,1,0,1,1
case_65b2e873,1,1,1,1,1,1
case_1e682275,1,1,1,1,1,1
case_682a0c98,0,0,1,0,0,1
case_351142d3,0,1,0,0,0,0
case_5896d878,1,0,1,1,0,1
case_5077f38b,1,1,1,0,1,1
case_702937a3,1,1,1,1,1,1
case_ca804db2,1,1,1,1,0,1
case_6b71eee5,1,1,1,1,1,0
case_dc5f9e1f,1,1,1,1,1,1
case_763386bb,1,1,1,0,0,1
case_f6197f9f,0,1,1,1,1,1
case_4cf60095,0,0,1,1,0,0
case_d6318808,1,0,0,0,0,1
case_5ba29fa5,1,1,1,1,1,1
case_19959386,1,1,1,1,0,1
case_d437f5f4,0,0,0,0,0,1
case_f200c826,1,1,1,1,1,1
case_b3b1b381,0,1,1,1,1,1
case_b2e2a9fa,1,1,1,0,0,1
case_eea2c97b,1,1,1,1,1,1
case_b0ab46c2,1,1,1,1,1,1
case_c983a3bf,0,1,1,0,0,1
case_603346b0,1,1,1,1,1,1
case_275c701f,0,1,1,1,1,1
case_31dcb318,1,0,1,0,0,1
case_ae12da49,0,1,1,0,1,0
case_3c97303a,1,1,1,1,1,1
case_c54c8b69,0,1,1,1,1,1
case_6c06f502,0,1,1,1,0,0
case_cffa40c1,0,1,1,0,1,0
case_c49d76b4,0,1,1,0,0,1
case_e2bd65d6,0,1,1,0,0,1
case_cc5a2e31,1,0,1,0,1,1
case_1192b5c8,1,1,1,1,1,1
case_58b5e529,1,1,1,1,1,1
case_1db867c8,1,1,1,1,1,1
case_81631944,1,1,1,1,1,0
case_ee85a1fb,0,0,1,0,0,1
case_72db16a2,1,1,1,1,1,1
case_d6b59ad8,1,1,0,0,1,1
case_b9c94f69,1,1,1,1,0,1
case_f7cbb729,0,1,1,0,1,0
case_b9592778,0,1,1,1,1,1
case_70072969,0,1,1,0,1,1
case_5a4c9477,1,0,1,1,1,0
case_334f6dc9,1,0,1,1,1,1
case_d800df18,0,1,1,1,0,1
case_a6475dca,1,1,1,1,1,1
case_98a30360,1,1,1,1,1,1
case_bf6c1afb,1,1,1,1,1,1
case_6b74a997,1,1,1,1,1,1
case_ad16350e,0,0,1,1,0,1
case_51806030,0,0,0,1,1,1
case_b8ece5c4,1,1,1,0,1,0
case_d0502861,0,0,1,1,1,1
case_630f2921,1,0,1,0,0,1
case_eb3c9061,0,0,1,1,0,1
case_d388d4c5,1,0,1,1,1,1
case_6ba060a0,1,1,1,1,1,1
case_63f3785f,1,1,1,0,1,0
case_f987d1e8,1,0,1,1,1,1
case_3fd7c568,0,0,1,0,0,0
case_db84965a,1,1,1,1,1,1
case_e37bb417,0,1,1,1,0,1
case_c81a867b,0,1,1,0,0,0
case_9b4397b6,0,1,1,0,0,1
case_c34a224b,0,1,1,1,1,1
case_bd11a5bb,1,1,1,1,1,1
case_b9012cbe,0,0,1,0,0,1
case_69d2e889,0,1,1,1,1,1
case_43fb1fb9,0,0,1,1,0,1
case_f2f1d3a5,1,1,1,1,1,1
case_e1756488,0,1,1,1,1,1
case_e2a2f9bb,0,0,1,1,0,1
case_52959a92,1,1,1,1,1,1
case_4d27ea68,0,0,1,0,0,1
case_11f49311,1,1,1,1,1,1
case_bae02d11,1,0,1,0,1,0
case_2af21eeb,0,1,0,1,1,1
case_ce50921f,0,0,1,1,1,1
case_dab670d4,0,1,1,0,1,1
case_339c01f5,1,0,1,1,1,1
case_bb3fa4c9,1,1,1,1,1,0
case_6f9e455d,1,0,1,1,1,0
case_5eaed47e,1,1,1,1,1,1
case_9fb56e01,0,1,1,0,0,0
case_f60d8019,0,1,1,0,1,1
case_03404356,1,0,1,0,1,1
case_cbb696d2,1,1,1,1,1,1
case_601d4390,0,1,1,1,0,1
case_7f84d86e,1,1,1,1,1,1
case_4be6d0d6,1,0,1,1,1,0
case_f812075e,0,0,1,1,1,1
case_485ef655,0,1,1,1,1,0
case_02e825df,1,0,1,1,0,1
case_6345fd7a,1,0,1,1,1,0
case_937576dc,1,1,1,1,0,1
case_5cd619e1,1,1,1,1,1,1
case_ffbefcdc,1,1,1,1,1,1
case_b8ff3480,1,1,1,1,1,1
case_ecfbeb23,1,1,1,0,1,1
case_f0b6a9ff,0,0,0,1,0,1
case_08baed7a,1,1,1,1,1,1
case_1812e21b,0,0,1,1,0,1
case_fae4ebe0,1,0,1,1,0,0
case_60caed46,1,1,1,0,1,1
case_8ccf4f17,0,1,1,0,1,1
case_5a465c43,0,0,1,0,1,1
case_13233f9c,1,1,0,1,0,1
case_5ffc6f0b,1,1,1,0,1,1
case_359c4ce8,1,1,1,1,1,1
case_63e2ccb4,0,0,1,0,1,1
case_8429e1b1,0,0,1,1,0,1
case_e2eb3284,1,1,1,1,1,1
case_7fec83a2,1,1,1,1,1,1
case_0b86a6ca,1,1,0,1,1,1
case_0e99b0ce,1,0,1,1,0,1
case_fff4f262,0,1,1,1,0,1
case_50ce0085,1,1,1,0,1,1
case_f44c80df,1,1,1,0,0,0
case_39402d81,1,1,1,1,1,1
case_a030eeec,1,0,1,1,0,1
case_b3b86067,1,1,1,1,1,1
case_488762eb,0,0,1,0,1,0
case_21cfa21b,1,1,1,1,1,1
case_0f3b3a73,0,0,1,1,1,1
case_7700e554,0,0,1,1,0,1
case_e2d78f24,0,1,1,1,1,1
case_cf3b18d3,1,1,0,1,0,0
case_f3e3fe15,1,1,1,1,1,1
case_7a618baa,1,0,1,1,0,0
case_00d20525,1,1,1,0,0,1
case_8d890a09,1,1,1,1,0,1
case_44ad0dee,1,1,1,1,1,1
case_fed7c734,0,0,1,0,0,1
case_5aa437c2,0,1,1,1,1,1
case_10776a96,1,0,1,1,0,1
case_ebcd29b7,1,1,1,1,1,1
case_f1888c07,1,0,1,0,0,1
case_010d99d9,0,1,1,1,1,1
case_82d10d1c,1,0,1,0,0,0
case_d23f224e,1,1,1,1,1,1
case_93f0b4fa,1,0,1,1,0,1
case_20944070,0,0,1,0,0,1
case_82782a80,1,1,1,0,0,1
case_04a69833,1,0,1,1,0,1
case_f626929b,0,0,0,1,1,1
case_f96d5b39,1,1,1,1,1,1
case_a4ed92ee,0,0,1,0,0,1
case_a21fee90,0,0,1,0,0,1
case_6e8af60b,1,1,1,1,1,1
case_96440993,0,1,0,0,1,1
case_3536a17e,0,0,1,0,0,0
case_7ccc6b71,0,1,0,1,0,0
case_74cfc8e9,0,1,1,0,1,1
case_0f5c216a,1,1,1,1,1,1
case_8f62e511,1,1,1,0,1,1
case_2947aa59,1,1,1,1,1,1
case_616a1be1,0,1,1,0,1,1
case_5e95a480,0,0,0,0,0,1
case_51143959,0,0,0,0,0,0
case_baa4459e,1,1,1,1,1,1
case_970ab116,0,1,1,1,1,1
case_da9d8937,1,1,1,0,1,1
case_c4c3aa2e,1,1,1,0,1,1
case_ff3d7dbb,1,1,0,1,1,1
case_bf1873fb,1,1,0,1,1,1
case_2b3505dc,0,0,1,0,1,1
case_f7bd1d87,1,1,1,0,0,1
case_be60aebf,0,0,1,1,1,0
case_caebb790,1,1,1,1,1,1
case_c4cf7f8b,1,1,0,1,0,0
case_0e9e2e00,0,0,1,1,1,1
case_6f086435,0,0,1,1,1,1
case_c5ec4b38,1,1,1,1,1,1
case_86b7245f,1,1,1,1,1,1
case_4a9ef8cf,1,1,1,1,1,1
case_6ba4d2e0,1,1,1,1,1,1
case_759f464f,0,0,0,0,0,0
case_9e2272cd,1,1,1,1,1,1
case_a40a3dff,0,0,1,1,0,1
case_79f2fcb1,1,0,1,1,1,0
case_2bee3878,1,1,1,1,1,1
case_4ef9c3c4,0,1,1,0,1,1
case_c4ed8ce1,1,1,1,1,1,0
case_c0c63510,1,0,1,0,1,1
case_35979d0b,0,0,1,1,1,1
case_841273ac,0,1,1,1,1,1
case_b6e80ad9,0,0,1,0,0,0
case_a046dcd7,1,0,1,0,1,1
case_510e0e87,0,0,1,1,1,1
case_f3e4ea4f,0,1,1,0,1,0
case_76d6501d,1,1,1,1,1,1
case_b1b84a5c,0,0,1,0,1,1
case_57ad3b53,1,1,1,1,1,1
case_ff4a8385,0,1,0,0,0,1
case_dcc00d9b,1,1,1,0,0,1
case_f1ca8c21,1,1,1,1,1,1
case_7d122cd6,1,1,1,1,1,1
case_85cd9c71,0,1,1,0,1,1
case_d903db93,0,0,1,0,0,0
case_c4e0914f,1,1,1,1,1,1
case_5f6a8e6a,1,0,1,0,0,1
case_6f39579d,1,0,1,1,1,1
case_4938a9d6,0,0,1,0,0,1
case_8b6ded87,0,0,0,1,1,1
case_ba305601,0,0,1,0,1,0
case_d8b7fa01,1,1,1,1,1,1
case_77f26998,0,0,1,1,0,1
case_d7ad0d64,0,1,1,0,0,0
case_f4c39d60,0,0,1,1,0,0
case_00c5cdf7,0,0,1,1,1,1
case_6448a8d9,1,0,1,1,1,1
case_e26fd0ca,0,0,1,1,1,0
case_b8846a9d,0,0,1,1,1,0
case_0ef6d665,0,1,1,1,0,1
case_f81be999,1,0,0,1,1,1
case_f5b7fb54,0,0,0,1,0,1
case_6fac27da,0,0,0,1,0,1
case_231bb979,0,1,1,0,0,1
case_36c024b4,0,0,1,0,0,1
case_5d163280,1,1,1,1,0,1
case_394f6f53,1,0,1,1,1,1
case_0b1d9e5e,1,1,1,1,1,1
case_c42a8812,1,1,1,0,1,0
case_91d5f540,0,1,1,1,1,1
case_603ae508,1,1,1,0,1,0
case_5a249d2d,1,0,1,1,1,1
case_62b12490,1,1,1,1,1,1
case_9603b605,0,0,1,0,0,1
case_70f2f809,1,1,1,0,1,0
case_17e33232,0,0,1,1,0,0
case_ac950485,0,0,1,1,0,0
case_ea4ae51c,1,0,1,1,1,1
case_74f3991c,1,1,1,1,1,1
case_2bb7d596,1,1,1,0,1,1
case_82a6c1fa,1,1,1,0,1,1
case_9885769f,0,1,0,1,1,1
case_0f7832eb,1,0,1,1,1,1
case_695c5a02,1,1,1,1,1,0
case_3e79ebb3,1,0,1,1,1,0
case_d8320e01,1,0,1,1,1,0
case_e6c361f6,1,0,1,1,1,1
case_cbe6147d,0,1,1,1,1,1
case_dfe3db22,1,1,1,1,1,1
case_f49b6e03,0,1,0,0,0,0
case_7b938e86,0,1,0,1,0,0
case_32a10cd8,1,1,1,1,1,1
case_6ad0dd46,1,0,1,1,1,1
case_5b4340d1,0,0,1,0,1,1
case_7046c178,1,1,1,0,1,0
case_18c878e1,0,0,1,1,0,1
case_cba06140,1,0,0,1,1,0
case_4aaa95a8,0,0,1,0,1,1
case_1a16f633,0,0,1,0,1,0
case_54b88f22,0,0,1,1,1,1
case_3f4e3534,0,0,0,0,1,0
case_a6ef6539,0,1,1,0,1,0
case_a7a7a32e,0,0,1,1,1,1
case_275b7f0d,0,1,1,1,1,1
case_95b8a52e,1,0,1,0,1,0
case_1d6290a0,1,0,1,0,1,0
case_60f96384,1,1,1,1,1,1
case_b7ee923e,1,1,1,1,1,1
case_0f2dee07,1,0,1,1,1,1
case_0d60fb4e,1,0,1,1,1,1
case_436ac917,1,0,1,1,1,1
case_cccae422,0,0,1,0,1,0
case_2b4aac8b,1,0,1,1,0,1
case_dca3a7bd,1,0,0,0,1,1
case_77dddf99,0,1,1,1,0,1
case_ed527f25,0,1,0,0,1,1
case_e3054440,0,1,1,1,1,1
case_0bc49aee,1,1,1,1,1,1
case_36f22b92,1,1,1,1,1,1
case_9516f35d,0,1,1,1,1,1
case_a65e2760,1,1,1,1,1,1
case_4a47d5d4,0,0,1,0,1,1
case_257391c8,1,1,1,0,1,1
case_7cc74a2c,0,0,0,0,0,0
case_a6c7247a,0,1,1,1,1,0
case_208fce61,1,1,1,1,1,1
case_d539043e,1,0,1,1,1,1
case_ce23b473,0,0,0,1,1,1
case_446e8375,1,0,1,1,1,1
case_89f12cc8,1,1,1,1,1,1
case_8c7ae90d,1,1,1,0,1,1
case_f9999228,1,1,0,1,1,1
case_18b9db3b,1,1,0,0,1,1
case_a8961c02,0,1,1,1,1,1
case_a35de2ff,0,0,1,1,0,0
case_93bc9cc9,0,1,1,1,1,1
case_b0c68902,1,1,1,1,1,1
case_63afdf9d,1,0,1,1,1,1
case_12fe823c,1,1,1,1,1,1
case_82f4a108,0,1,1,1,0,1
case_8d0abf25,0,1,1,1,0,1
case_ca922c99,0,1,1,0,1,0
case_930502c8,0,0,1,1,0,1
case_eaeee950,1,1,1,1,1,1
case_715979be,0,0,1,1,1,1
case_070304ce,1,1,1,1,1,0
case_8634276d,0,1,1,1,1,0
case_4bc89a1e,1,0,1,0,1,1
case_b3498ed7,0,1,1,1,1,1
case_a800dcbf,1,0,1,0,0,1
case_a70ebac6,0,1,1,1,1,1
case_4a090363,1,0,1,1,1,1
case_f7bc5de0,1,1,1,0,1,1
case_7d416e19,0,1,1,1,1,1
case_9fc0c61d,0,0,1,1,0,1
case_7c02f0f1,1,0,1,1,1,1
case_b6aef09c,1,1,1,1,1,1
case_d5c2c26b,0,0,0,1,0,1
case_e8a46b31,0,0,1,1,1,1
case_58c80955,1,1,1,0,1,0
case_ed3e4596,0,1,1,0,1,0
case_439e92bd,1,1,1,1,1,1
case_ece49947,0,0,1,1,1,0
case_4ff04077,0,0,1,0,1,1
case_ee6b5915,0,1,1,0,0,1
case_aa2ece84,0,1,1,0,1,1
case_df6dc718,0,0,1,1,1,1
case_e1a4d6e3,1,0,1,1,1,1
case_70f22cbb,1,1,1,1,0,0
case_0c54e394,1,1,1,1,1,1
case_1508904f,1,1,1,1,1,1
case_519c6be1,0,1,1,1,1,1
case_f1068291,1,1,1,1,1,1
case_17e7ec33,0,0,1,0,1,0
case_990e7a8c,1,1,1,1,1,1
case_43251381,1,1,1,1,1,1
case_41e0d844,1,1,1,1,1,1
case_6c490f09,1,1,1,1,1,0
case_d5e622b4,1,1,1,1,1,1
case_5e66338a,0,0,1,0,0,1
case_d1693556,0,1,1,1,1,1
case_7f8a6655,1,0,1,1,1,1
case_9e2b4b97,1,1,1,1,1,1
case_1ebb1ab9,1,1,1,1,1,1
case_fbf37aec,1,0,1,1,1,1
case_bdd08ec4,0,0,1,1,1,0
case_c647a19d,1,1,1,1,1,1
case_7715661a,1,0,0,0,0,0
case_c65f4207,1,1,0,0,1,1
case_449f4200,0,0,1,1,0,1
case_869cf7b0,0,1,0,1,1,1
case_c6b5fa9d,0,1,0,1,0,1
case_b9ce705b,1,1,1,1,1,1
case_35a3725c,0,0,1,1,1,1
case_52d6958d,1,1,1,1,1,1
case_06a00bbc,1,1,1,1,0,1
case_d18082b5,0,1,1,1,1,1
case_0820a930,1,0,1,1,1,1
case_0bb622ff,0,0,1,1,0,0
case_ddce5221,1,0,1,1,1,1
case_1893b3f4,1,0,1,0,1,1
case_347ce2d0,1,1,1,1,1,1
case_bf5196c2,1,1,1,1,1,1
case_29e142af,0,0,1,0,1,1
case_ea2d2580,1,1,1,1,1,1
case_a340c568,1,1,0,0,1,1
case_c4305e7a,1,1,1,0,1,1
case_0fb8097d,1,1,1,1,1,1
case_098405ed,1,1,1,1,1,1
case_12e8b67a,0,0,1,1,1,1
case_eb51d11f,1,1,1,0,1,1
case_815b4a82,0,1,1,1,1,0
case_b54803a3,1,1,1,1,1,1
case_3f640b6b,1,1,1,1,1,1
case_38fe7eef,0,1,0,1,1,1
case_6f048c6a,0,0,1,1,0,0
case_c10a2c93,0,0,1,0,1,1
case_6c61f79a,0,0,1,1,1,0
case_c7916618,1,1,1,0,1,1
case_2b2aae14,0,1,0,1,1,0
case_29b22a2a,1,1,1,0,1,1
case_2575da53,1,1,1,1,1,1
case_9085ecd7,1,1,0,0,1,0
case_3a2f9248,0,1,1,1,0,1
case_bc40c60e,1,0,1,1,0,1
case_cacac5fb,1,0,0,0,0,0
case_7ba81aeb,1,1,1,1,1,1
case_ce9a3d5e,0,0,0,1,0,1
case_37146275,1,0,1,1,0,1
case_e0ce62f0,1,0,1,0,1,0
case_67604329,1,1,1,1,1,1
case_509ca06a,1,0,1,1,1,1
case_d511c0b2,0,0,1,0,0,1
case_754d85d2,1,0,1,1,1,1
case_fac04487,1,1,1,1,1,1
case_ff93e7f7,0,0,1,1,1,1
case_6945f3d1,0,1,1,1,1,1
case_6d5a07bd,0,1,1,0,1,1
case_c9fa70e6,0,1,1,0,1,1
case_54cde4dd,1,1,1,1,1,1
case_8667626a,1,0,1,1,1,1
case_8c4c5102,1,1,1,1,1,1
case_dcf38d2d,0,0,1,0,1,1
case_d9aa78a0,1,1,1,1,1,1
case_74e96c19,1,0,0,1,0,1
case_261ef917,1,0,1,1,1,1
case_45e0917d,1,0,1,1,0,1
case_f971d74f,0,0,1,0,1,1
case_d2fe4107,1,0,1,1,0,1
case_2f73ea49,1,0,1,1,1,1
case_919467d6,0,0,1,1,0,1
case_1b10e273,0,0,1,1,1,0
case_6f2832e7,0,0,1,1,1,1
case_0df10595,0,1,1,1,1,1
case_6eab4938,0,1,1,1,0,1
case_d4fe5076,1,1,1,1,1,1
case_b64f4469,1,1,1,0,0,0
case_805a16e3,1,1,1,0,0,0
case_55a5b4e5,1,1,1,1,1,1
case_3d391790,1,1,1,0,0,1
case_b5e158eb,1,1,1,1,1,1
case_19c073f3,1,1,1,1,1,1
case_cc7e55ec,1,1,1,1,1,1
case_364a3c0e,1,1,1,1,0,1
case_c622af92,0,0,0,0,0,1
case_01c6d24d,1,1,1,0,1,1
case_dc937441,0,1,0,1,1,1
case_6664355f,0,1,1,0,1,0
case_f979c527,1,0,0,1,1,1
case_9a9c226d,1,0,1,0,0,1
case_ed38a1c0,1,0,1,0,1,1
case_3ce8413d,1,1,0,0,0,1
case_89ca7265,1,1,1,1,1,1
case_0fccce48,1,1,1,1,1,1
case_ca46ac1c,0,0,1,1,1,1
case_6e767beb,0,0,1,1,0,0
case_f5cbd1e5,1,1,1,1,1,1
case_a49a2659,1,1,1,0,1,1
case_aa67b81e,0,1,1,1,1,1
case_4b441bcb,1,1,1,1,1,1
case_28b1456f,0,1,1,0,1,1
case_b1788ab3,0,0,1,1,0,0
case_116fc0cb,1,1,1,1,1,1
case_aa4bf1c9,1,0,1,1,1,0
case_0e1b53f7,1,1,1,1,1,1
case_7ab01798,1,0,1,1,1,1
case_ab38690c,1,1,1,1,1,1
case_2640c055,1,0,1,0,1,1
case_d69eb7f6,1,1,1,1,1,1
case_8150ce52,1,1,1,1,1,1
case_44a94e0c,1,1,0,0,0,0
case_cd6fc79b,1,1,1,0,1,1
case_794e1f03,1,1,1,1,1,0
case_b2efb748,1,1,1,1,1,1
case_525e3b8e,0,1,1,1,1,1
case_79f00617,1,0,1,1,1,1
case_8c20b98d,1,0,1,1,1,1
case_83292169,1,1,1,1,1,1
case_63f30a26,1,1,1,1,1,1
case_4c09aaaf,0,0,1,1,0,1
case_b5fcd3c8,1,1,1,1,0,1
case_4589a255,1,1,1,1,1,1
case_08f113a8,0,1,1,1,1,1
case_3f739687,1,0,1,1,1,1
case_d7a39efe,1,1,1,1,1,1
case_33feb291,0,1,1,1,1,0
case_e094de18,0,0,0,0,1,1
case_8ea6badb,1,0,1,1,1,1
case_1844c4fa,1,1,0,0,0,0
case_f8e3ac51,0,0,0,1,1,1
case_9f1fb100,1,0,1,1,0,1
case_22809ddc,1,0,1,1,1,1
case_aa32b3be,0,0,1,1,1,1
case_34197d7e,1,1,1,0,1,1
case_77bd68c7,0,0,1,1,0,0
case_87af1b46,1,0,1,1,1,1
case_beb46165,1,1,1,1,0,1
case_1e2f4ce1,1,1,1,0,1,1
case_e10f0836,0,0,1,1,1,1
case_9c2536e1,1,1,1,1,1,1
case_c75151b9,1,0,1,1,1,1
case_649c4ed9,0,1,1,1,1,1
case_663b0e6d,0,0,1,1,0,1
case_e768593d,1,1,1,0,1,1
case_cf0039aa,1,1,1,0,1,1
case_36c2e8d0,1,1,1,1,1,1
case_9439c34c,1,1,1,0,1,1
case_3fec173d,0,0,1,0,0,1
case_99ebaf69,1,1,1,0,0,1
case_893d4c2e,0,0,1,1,0,0
case_e9053740,1,1,1,1,1,1
case_204e9cf7,1,0,1,1,1,1
case_203aee09,1,1,0,1,0,1
case_20b73c0f,1,1,1,1,1,1
case_77853b43,1,1,1,1,1,1
case_42cdb923,0,0,1,0,1,1
case_a4187e0b,1,1,1,1,0,1
case_266b600a,0,1,1,1,1,1
case_38378b02,0,0,1,0,1,1
case_e0896e28,1,1,0,1,0,1
case_b0ab575b,1,1,1,1,1,0
case_a8f523a5,1,1,1,1,1,1
case_f32a70de,0,0,1,1,0,0
case_d6fd1b61,0,1,1,0,1,1
case_bd0d6e62,1,0,0,1,0,1
case_ca68d160,1,1,1,1,1,0
case_dca919b1,0,0,1,1,0,0
case_1bc6eec5,1,1,1,0,1,1
case_72596348,0,1,0,1,1,1
case_e08f5f0c,1,0,1,1,1,1
case_2bdc09e7,1,0,1,1,0,1
case_c8d4c882,0,1,1,1,1,1
case_a45f15c6,0,0,1,0,0,0
case_0a23e875,1,1,1,1,1,1
case_3b7645f6,1,1,1,1,1,1
case_dcc4e852,0,0,1,1,0,1
case_fd40d452,1,0,1,1,0,1
case_f3f99944,1,0,1,0,0,1
case_4e5c5af8,1,1,1,1,1,1
case_af605549,1,0,1,0,1,1
case_3e503554,0,1,1,1,1,1
case_7841a0fb,1,0,1,1,1,0
case_eb0b6937,1,1,1,1,1,1
case_9bf413d2,0,1,1,1,1,1
case_739097a0,1,1,1,1,1,1
case_b495e5f2,1,1,1,0,1,1
case_04c8810a,1,0,0,1,0,1
case_a5b16d02,0,0,1,0,0,0
case_96a29ca0,1,1,1,1,1,1
case_8e4279d2,0,0,1,0,1,1
case_8b5e58df,0,1,1,0,1,1
case_8d9a0484,1,1,1,1,1,1
case_e5d188eb,1,1,0,1,1,1
case_b392bc3c,1,1,1,0,1,0
case_1ac93b78,1,1,1,1,1,1
case_a286a306,1,1,1,1,1,1
case_291172c8,1,1,1,1,1,1
case_25d6e664,0,1,1,1,0,1
case_6fc9763a,1,1,1,1,1,1
case_7d3f4a04,1,1,1,1,1,1
case_9c506a5e,1,1,1,1,1,1
case_dcd999bb,1,0,1,0,1,0
case_9109b75b,0,0,1,1,1,1
case_44d799aa,1,1,1,1,1,1
case_083e5d31,1,1,1,1,1,1
case_348f7a6f,0,1,1,1,1,1
case_d7183aeb,0,1,1,1,1,1
case_f970ba19,1,1,1,1,1,1
case_4d0c0159,1,0,1,0,1,1
case_11f109bc,1,1,1,1,1,1
case_c913d23d,1,1,0,0,1,1
case_b2a3ef28,1,0,1,1,1,1
case_480a481f,1,0,1,0,1,0
case_d1ffcbcd,0,0,1,1,1,1
case_d88b806e,1,1,1,1,1,1
case_4ddf7e60,0,1,1,1,1,1
case_a20fe3b4,1,1,1,1,1,1
case_a743b00e,1,1,1,0,0,1
case_b82cd503,0,0,1,0,1,0
case_b234e4a4,0,0,1,1,1,1
case_8e94c0f8,0,0,1,0,1,1
case_9482c0d8,1,0,1,1,1,1
case_e5d1794a,1,1,1,0,1,1
case_afb0565a,0,0,1,0,0,1
case_422ae958,1,1,1,1,1,1
case_c1486373,1,0,1,1,1,1
case_03ff096c,1,0,1,0,1,1
case_b13786fc,1,0,1,1,1,1
case_32f45b90,1,1,1,1,1,1
case_fe67e281,0,1,1,1,1,1
case_41da7451,0,0,0,1,0,0
case_eb86c2cf,1,1,1,1,1,1
case_00b21e27,1,1,1,1,0,1
case_421fa1d9,1,1,0,0,0,1
case_d4afca9d,1,0,1,1,1,1
case_9f23e5e3,1,0,1,0,0,1
case_023a0b9a,1,1,1,1,0,0
case_0b74da89,1,1,1,1,1,1
case_3e598065,1,1,1,0,1,1
case_f2be8892,1,0,0,1,0,1
case_f24334c2,0,1,1,1,1,1
case_46e97146,1,1,1,1,1,0
case_22e25946,1,1,1,1,1,1
case_a10fed46,0,0,1,0,0,1
case_5fa32c79,1,0,1,1,1,0
case_1320a431,0,0,1,0,1,1
case_949b9d92,0,1,0,0,1,1
case_ceef06db,1,1,1,1,0,1
case_41f3efe4,0,1,1,1,0,1
case_5ed2411e,1,1,1,1,1,1
case_5771d0e6,1,0,1,1,1,1
case_9226d252,1,1,1,1,1,1
case_0ec3202f,0,1,0,1,0,1
case_013edea1,0,0,1,0,0,1
case_cc461115,1,1,0,1,0,1
case_a6f2cc14,1,1,1,0,0,1
case_d62e2424,1,0,1,1,1,1
case_33908683,0,0,1,0,0,0
case_63269730,1,1,1,1,1,1
case_7ab58b8b,1,0,1,1,1,0
case_497a2247,1,1,1,1,1,0
case_8b8ff841,1,1,1,1,1,1
case_80f14359,1,1,1,1,1,1
case_1b7478d1,0,0,1,1,1,1
case_4e7b16e1,1,1,1,0,1,1
case_6af4c7d5,1,0,1,1,1,1
case_05c75136,1,1,1,1,0,1
case_bad508cf,0,0,0,1,1,1
case_7567e16f,1,0,1,1,1,0
case_aecf7be4,1,1,1,1,1,1
case_87d0a746,1,1,1,1,1,1
case_dea5f094,0,1,1,1,0,1
case_ae30e04d,0,0,1,1,1,1
case_a5b85483,0,1,1,0,1,1
case_5b87aa59,0,1,1,0,1,0
case_38f0181a,0,1,1,0,1,0
case_ae52088a,1,1,1,1,1,1
case_8067b4a1,0,0,1,0,1,1
case_7a7fd23f,1,1,1,1,1,1
case_3f15aaca,1,0,1,1,1,0
case_0c4322e0,0,1,1,1,0,0
case_6907701b,1,1,1,1,0,0
case_84a3012b,1,0,1,1,1,0
case_e12bfe05,1,1,1,1,0,1
case_f1360862,1,0,1,1,0,0
case_c9370a9a,1,0,0,1,0,1
case_b43e43ee,1,0,1,1,1,1
case_f39a66c7,1,1,1,0,1,1
case_8fe9c1ea,1,0,1,1,1,1
case_a7de01bf,0,1,1,1,0,0
case_90f88763,1,0,1,1,1,1
case_3daa892c,1,0,1,0,0,1
case_bcaa94b9,0,1,1,0,1,0
case_62ada65e,1,0,1,1,1,1
case_512feaa5,1,1,1,0,1,1
case_dd8b8d25,1,1,1,0,0,1
case_d447cc76,0,1,1,1,0,0
case_b09d5304,1,1,1,1,0,0
case_0d795b95,1,1,1,1,1,1
case_29b94212,1,1,1,0,1,1
case_7b8cbabe,0,1,1,0,1,1
case_e4338537,0,0,1,0,1,1
case_7c3893da,1,0,1,0,1,0
case_0e70cc20,1,0,1,0,1,1
case_38cbba20,0,0,1,1,0,1
case_7589438e,1,1,1,1,1,1
case_513a0e41,0,1,1,1,1,0
case_426a150f,1,1,1,1,1,1
case_a3f16b4b,1,1,1,1,1,1
case_f5deb57d,1,1,1,1,1,1
case_abd084c3,0,1,0,1,1,1
case_c0086156,0,1,1,1,0,1
case_b2eb3c91,1,1,1,1,1,1
case_b45a3e19,0,0,1,0,0,1
case_4a673795,0,1,0,0,1,1
case_ecc97302,1,1,1,1,1,1
case_8e320d28,0,1,1,1,1,1
case_5575d7c3,1,0,1,0,1,0
case_5b42f4e1,1,0,1,1,0,0
case_e20bec5e,1,1,1,1,1,0
case_e46d9309,1,0,1,1,1,1
case_9326821f,0,0,1,0,0,1
case_b9977dcf,1,0,1,1,1,1
case_2c4f4735,0,0,1,0,1,0
case_ba8703cf,0,0,1,0,1,1
case_2732a93b,0,1,1,1,1,1
case_0d3e5bff,0,0,1,1,1,1
case_5f83e65f,0,1,1,1,0,1
case_41b9ef4a,0,0,1,1,0,1
case_97b19d42,1,0,1,0,1,0
case_11b19b1f,1,0,1,1,1,1
case_01bc73f1,0,0,1,0,0,0
case_b09338b7,1,1,1,0,1,0
case_e576b59c,0,1,1,1,1,1
case_bf38bc64,1,0,1,1,1,1
case_4bf6736a,1,1,1,0,1,0
case_12e82c30,1,0,0,0,0,1
case_e1f1ace4,1,1,1,0,1,1
case_a313b340,0,0,0,0,1,1
case_af90a0cf,1,0,1,0,1,0
case_6619951c,1,0,1,1,0,1
case_aacc6e6b,0,1,1,1,1,1
case_6c453b44,1,0,1,0,0,0
case_ffc5dae5,1,1,1,1,0,1
case_79d08fde,1,1,1,1,1,1
case_469bccca,0,0,1,1,1,1
case_3bdd177f,0,1,0,0,1,0
case_4c9f2451,1,1,1,1,0,1
case_2b1565f3,1,1,1,1,1,1
case_e21ae9db,0,0,1,0,1,0
case_b2668b80,0,1,1,1,1,1
case_5545eb90,1,1,1,1,1,0
case_c1ef72f5,1,1,1,1,0,1
case_9c2c2433,1,1,0,1,0,0
case_14f725e9,0,1,0,0,1,1
case_dd907cf8,0,1,1,0,0,1
case_0f090956,1,0,1,1,1,1
case_201c9ec5,0,1,1,0,1,0
case_1b92ba1f,0,1,1,1,0,1
case_40a484a5,1,1,1,1,0,1
case_913136ce,0,1,1,1,0,1
case_a3ff45b9,1,0,1,0,1,1
case_5dfa964a,0,1,1,1,1,1
case_0d413d41,1,0,1,1,1,1
case_d1d1520b,1,1,1,1,1,1
case_d6f35dea,1,0,1,1,0,1
case_e01507ca,0,0,0,1,1,1
case_986daba6,1,1,1,1,0,1
case_b758a453,1,0,1,1,0,0
case_c8eac76d,1,1,1,1,1,1
case_85c5891f,1,0,1,1,1,1
case_04b3045d,0,0,1,0,1,1
case_fad9d586,0,1,1,1,1,0
case_3bcfd893,0,1,1,1,1,0
case_816706de,0,0,0,1,0,0
case_51a454e1,1,0,1,0,1,1
case_9eaee4d8,1,0,1,1,1,0
case_289070fc,1,0,1,1,1,1
case_bc31ca9c,0,0,1,1,1,1
case_da8f9f05,1,1,1,0,0,1
case_e4f68db8,0,0,0,0,1,1
case_86bee7ec,1,0,1,1,1,1
case_a4c088f8,1,1,1,1,1,1
case_85e05574,1,1,1,1,1,1
case_f6f60139,1,0,1,1,1,1
case_e64e7653,1,1,0,1,0,1
case_9fddbf08,0,1,0,1,1,0
case_8dd591a4,0,0,1,0,1,0
case_26fc8c28,0,0,1,0,1,1
case_474a59c6,1,0,1,1,1,1
case_f071d44c,0,1,1,1,1,1
case_e66e82f9,1,1,1,0,0,1
case_2eb70af3,0,1,1,0,0,1
case_32669b2d,0,1,1,1,1,1
case_027c2c62,1,1,1,1,1,1
case_ef0b8659,0,1,1,1,0,1
case_e7d70e47,1,1,1,1,0,1
case_976e0f4b,1,0,1,0,1,1
case_5d01fda4,0,0,1,1,0,1
case_01ce8fc1,0,1,1,1,1,1
case_5b02c1db,0,1,0,1,0,1
case_0e1d57a5,0,0,1,1,0,1
case_f7288ea2,1,1,1,1,1,1
case_e73924b3,0,1,1,1,0,1
case_85ff31fd,1,1,1,1,1,1
case_d5109266,1,1,1,1,1,1
case_7765283a,0,0,1,0,0,0
case_70fef822,1,1,0,1,1,1
case_6154ebd9,1,0,1,1,1,1
case_df762a09,0,0,1,1,1,1
case_f297ce74,0,1,0,1,1,0
case_3c85bb01,0,1,1,0,1,0
case_84334104,1,1,1,1,1,1
case_3a7c02a9,0,1,1,1,1,1
case_4ef3fcee,1,1,1,1,1,1
case_f3a2ecaa,1,1,1,1,1,1
case_e54eb670,0,1,1,1,0,1
case_971c2c89,0,0,1,1,1,1
case_dab4d71a,1,1,1,1,1,1
case_a47f06b4,1,0,1,0,1,1
case_f40a4c76,1,1,0,1,1,0
case_e7b2ac59,1,0,1,1,1,0
case_a2aed977,1,0,1,1,1,1
case_3013d334,0,0,0,1,1,1
case_26753a2c,0,1,1,0,1,0
case_8d9d3f1b,1,0,1,1,1,1
case_b2a47554,1,1,1,1,1,0
case_7220fa4d,1,1,1,1,1,1
case_a7fde98f,0,1,1,0,1,1
case_e3d777a5,1,1,1,1,1,1
case_3e391d6c,0,0,1,0,1,1
case_ad98301b,1,1,1,1,1,1
case_efc3e941,1,0,1,1,0,1
case_c32c4840,0,1,1,1,1,1
case_aeed08dd,0,1,1,1,1,1
case_f0bff252,1,1,1,1,1,1
case_acfef8ba,1,1,1,1,1,1
case_6863e263,1,0,1,1,1,1
case_5e0ded5f,0,0,1,1,1,1
case_7949b308,1,1,1,1,1,1
case_39927ac0,1,1,1,1,1,0
case_e5d8f05f,1,1,1,0,1,1
case_a4be596c,0,0,0,1,0,1
case_1ff46f24,1,1,1,0,1,0
case_d6fe275a,1,1,1,1,1,0
case_776deafb,0,1,0,0,0,0
case_7187effb,0,0,1,1,0,1
case_6a6a283f,1,1,1,1,1,1
case_e3dda35f,1,0,1,1,0,0
case_7f0857d1,1,0,1,1,1,1
case_87d2f038,1,1,1,1,1,1
case_dc5f3658,0,1,1,0,1,1
case_db23c636,1,1,1,1,1,0
case_73c6b76c,0,0,1,1,0,0
case_c9677255,1,1,1,1,1,1
case_8e98b1c7,0,0,1,0,0,0
case_a054e376,1,1,0,1,1,1
case_de6d2b02,0,0,1,0,0,0
case_d36a5d74,1,1,1,1,1,1
case_44e15ee9,1,1,1,1,1,1
case_23d6b6b0,1,1,1,0,0,1
case_9852d205,0,1,1,1,1,1
case_c7c215d7,1,1,1,1,1,1
case_dd59a19b,1,1,1,1,1,0
case_2d22c437,1,1,1,1,0,1
case_7e1a4657,0,0,0,1,1,1
case_a1a70695,1,1,1,1,1,0
case_a290fd92,1,1,1,1,1,1
case_1aba39cf,0,0,1,1,0,0
case_30dc3e5f,1,1,0,1,1,1
case_59d02062,1,1,1,1,1,1
case_ae35cd1a,0,1,1,0,0,1
case_31978b14,0,1,1,1,1,0
case_ba35091f,1,0,1,1,1,1
case_b9c79ebf,1,1,0,1,1,0
case_549994af,0,1,1,0,1,1
case_67b11bdc,1,0,1,1,0,1
case_4c0815be,0,1,1,1,1,1
case_4bba765d,1,1,1,1,1,1
case_995c4e62,1,0,1,1,1,1
case_abc9410a,0,0,1,1,0,1
case_530f6d65,0,0,1,0,1,0
case_cb81fbe1,1,1,1,1,1,1
case_44d7b29d,1,1,1,1,1,1
case_5091ccd8,1,1,1,1,1,1
case_8280150f,1,1,1,1,1,1
case_3337066e,1,1,1,0,1,1
case_e7e628f9,1,1,1,0,1,0
case_f10797bb,1,1,1,1,1,1
case_0301d934,1,1,1,0,1,1
case_ef1b9ec4,0,1,1,0,1,1
case_4c88b700,0,1,1,0,0,0
case_0d23f49b,1,1,0,0,1,1
case_5b0a1443,1,1,1,1,1,1
case_6f858cfd,1,0,1,1,0,1
case_78dbeceb,1,1,1,1,1,1
case_ad5972f3,1,0,1,0,0,1
case_cf1c6952,1,0,1,1,1,1
case_062992f3,1,1,1,0,0,1
case_5834db2b,1,1,1,1,1,1
case_56141795,0,0,1,1,0,1
case_cba6cc29,1,0,1,1,1,0
case_ff70fdb8,0,1,1,1,0,1
case_97586158,1,1,1,1,1,1
case_a99bbb97,0,0,1,1,1,1
case_00b5ad59,0,1,1,0,1,0
case_72660386,0,1,1,1,1,1
case_dd7bbb01,0,0,1,1,1,0
case_85fd115b,1,1,0,0,1,0
case_d13c45a8,0,1,1,1,0,1
case_a5503170,0,0,1,1,1,1
case_bb145bb9,0,0,1,0,0,1
case_370e08ae,0,1,1,1,1,1
case_856885e5,1,0,1,0,0,1
case_fd3b679e,0,1,1,0,0,1
case_555e65dc,1,1,1,1,0,1
case_31feb920,1,0,1,1,1,0
case_5b870e60,1,0,1,1,0,1
case_029242bf,0,1,0,1,1,1
case_af0a39bc,0,0,0,1,1,1
case_897cc94a,1,1,1,0,1,1
case_13c3e4a9,0,0,1,0,1,1
case_34784c6c,1,1,1,1,1,1
case_bab1eb31,1,1,1,0,1,1
case_877c51dc,1,1,1,1,1,1
case_d8011d32,1,1,1,1,1,1
case_604ab9d2,1,0,1,1,0,0
case_ea910d5b,1,1,0,1,1,1
case_eb387af5,1,1,1,1,1,0
case_1a8bdafd,0,0,1,1,1,1
case_3218aabf,1,1,0,1,0,1
case_eaf27f07,1,1,1,1,1,1
case_f00cd4f1,1,1,1,1,1,1
case_24673c14,0,0,1,1,1,1
case_136a29cb,1,1,1,1,1,1
case_2f4d1066,0,0,1,1,1,0
case_0bb06d60,1,0,1,1,1,1
case_be3783d7,1,1,0,1,1,1
case_045d97b4,1,0,1,0,0,1
case_c8c5ad91,1,1,1,1,1,1
case_0a02fac3,1,1,1,1,0,1
case_41bebfe7,1,1,1,1,1,0
case_6e715ea1,0,0,0,1,1,0
case_a8170f55,0,1,0,1,1,0
case_9d330e6c,0,0,1,0,0,0
case_0f32b271,0,0,0,0,1,1
case_aba7520d,0,1,1,1,1,0
case_87153927,0,1,1,0,0,1
case_9627fdb9,0,1,1,1,0,1
case_d2ce7f69,1,1,1,0,0,1
case_eaf503e0,0,1,0,1,1,1
case_9ad8609f,0,0,1,1,1,1
case_a538e961,1,1,1,0,1,1
case_865a82ea,0,0,1,0,1,1
case_a985635d,1,0,1,1,1,1
case_a56b3547,0,0,1,0,1,0
case_7138e3fc,1,0,1,0,0,1
case_fb53d934,1,1,1,1,1,1
case_0f462c74,1,1,1,1,0,1
case_e5c94b34,1,0,1,0,0,1
case_ac8b6b29,1,0,1,1,1,1
case_7aeafcb3,1,1,1,1,1,0
case_ec45ffb5,1,1,1,1,1,1
case_c6b12540,1,1,1,1,1,1
case_ad86e039,0,1,1,1,1,1
case_1dacaa46,1,0,0,1,0,1
case_dcc72dd9,0,0,1,0,0,1
case_1a74ad93,1,0,1,1,1,1
case_0c9d8e44,0,1,1,1,1,1
case_cf6f494f,1,1,1,1,1,1
case_0a1498b5,0,1,1,1,1,1
case_b8f79cdc,0,1,1,0,0,1
case_8ed08375,0,1,1,1,1,1
case_c2cb0eaa,1,1,1,1,1,1
case_deb68a07,1,0,1,1,1,0
case_71e502eb,0,0,1,1,0,1
case_0ed1c494,0,0,1,0,1,0
case_ce8bc14c,0,0,1,0,1,1
case_58941ada,1,1,1,1,1,1
case_badee208,0,1,1,1,1,1
case_ed350fbb,1,0,1,0,0,0
case_7ab2fe59,0,1,1,1,1,1
case_31326e2d,1,1,1,0,0,1
case_bfca7e82,1,0,1,1,0,1
case_76f2cca4,1,0,1,1,1,1
case_4e669b10,1,1,1,1,1,1
case_88e031cb,1,1,0,1,0,0
case_a4bb6897,1,1,1,1,1,1
case_909f8062,0,0,1,0,0,1
case_35b6ac14,1,1,1,1,1,0
case_e7d1309b,0,0,1,0,0,1
case_b3443c9d,1,0,1,0,1,1
case_393529fe,1,1,1,0,1,1
case_69463f8f,1,1,1,1,0,1
case_72907541,1,1,1,1,1,1
case_a82add39,0,0,1,1,1,0
case_a7d9d180,1,0,1,0,0,0
case_9134ae72,1,1,1,1,1,1
case_7ab9189a,1,1,1,1,1,1
case_a6bb7cc2,1,0,1,1,0,1
case_308c1c22,1,1,1,1,1,1
case_4d782048,1,1,1,1,1,1
case_6a9af973,1,1,1,1,1,0
case_1bcbea36,1,1,1,1,1,1
case_b118117f,0,1,1,1,1,1
case_942308bb,1,1,1,1,1,1
case_cb02fbd7,1,1,1,1,1,1
case_e2ad9727,0,0,1,1,0,1
case_f1ab07b7,0,1,0,1,1,1
case_b9c7d847,0,1,1,0,0,0
case_dae484a6,1,0,1,0,0,1
case_93927a7a,1,0,1,1,1,1
case_2edc591c,1,0,1,1,1,1
case_9d1b7e7b,1,0,1,1,0,1
case_091afce6,1,1,0,1,0,1
case_571db78c,1,0,1,1,0,0
case_b7b729b8,1,1,1,1,1,1
case_99e03514,0,1,1,0,1,1
case_94431d55,1,0,1,1,0,0
case_a51f85c9,0,0,0,1,1,1
case_ff3ee4c6,0,0,1,1,1,1
case_6b9ea58c,1,0,1,0,1,1
case_b0e7234d,1,1,1,1,1,1
case_4c039617,0,0,1,1,1,0
case_896e7ddc,1,1,1,1,1,1
case_8415a7ce,1,0,1,1,0,1
case_61c2aa10,1,0,1,0,0,1
case_520ed982,1,1,1,1,1,1
case_bd64efd8,0,1,1,1,0,0
case_6e85b259,1,1,1,1,1,1
case_c0146775,1,1,1,1,0,1
case_010e1792,1,1,1,1,1,0
case_ede820b4,1,1,0,1,1,1
case_10cc874e,0,1,1,1,0,1
case_7c6bade2,1,1,0,1,1,1
case_76e4e98c,1,1,1,1,1,1
case_74e477ee,1,0,1,1,1,1
case_b06ae94c,0,1,1,1,0,1
case_773b2ce0,1,1,1,1,1,1
case_ec7e0bc7,1,1,1,1,1,1
case_b2089e30,1,0,1,1,1,1
case_704562ad,0,0,1,1,1,0
case_3e1afaad,1,1,1,1,0,1
case_2affa83d,1,1,1,1,1,0
case_d01b0e5e,0,1,1,1,1,1
case_b86f8139,1,1,0,1,0,0
case_3e06b232,1,1,1,0,0,1
case_391bebe0,1,0,1,0,1,1
case_58d5debb,1,1,1,1,1,1
case_03964f80,1,1,1,1,1,1
case_fbcb3ea9,1,1,1,1,1,1
case_0c6a9ffb,1,0,1,1,1,1
case_2a4b3141,0,0,1,1,0,0
case_e0899e78,1,1,1,0,1,1
case_7d65caa9,0,0,1,1,0,0
case_cf8fea3c,1,1,1,1,0,1
case_54144e67,0,0,1,1,1,1
case_cfe99a75,1,1,1,1,1,1
case_cfeb1476,1,1,1,0,1,1
case_7893a421,0,1,1,0,0,1
case_e538430f,1,1,1,1,1,1
case_751b43e6,1,1,1,1,0,1
case_7884213c,1,1,0,1,1,1
case_9dc04bc4,1,1,1,1,1,1
case_8e73c724,0,1,0,1,1,1
case_a23d7401,1,1,1,1,1,1
case_6eb2ac10,1,1,1,1,1,1
case_0c0f4aeb,1,1,1,1,1,1
case_dfbcaf2a,0,0,0,0,0,1
case_cca73b23,1,0,0,0,0,1
case_277fc159,0,1,1,1,1,1
case_7d2c84f3,0,0,1,0,1,1
case_b6682149,0,1,1,0,1,1
case_0e398faa,0,0,1,0,1,0
case_0de61ac1,1,1,1,1,1,1
case_508e0874,1,0,1,1,0,1
case_81b81f3f,1,1,1,1,1,1
case_e3e1a47a,0,1,1,0,1,0
case_45080f29,1,1,1,0,1,0
case_c0bf40a5,1,1,1,1,0,1
case_312a3d05,1,1,1,0,1,1
case_1da76d62,0,0,1,1,1,1
case_68517daa,1,0,1,1,0,1
case_749004a5,0,1,1,0,0,0
case_b603c0ef,0,1,1,1,1,1
case_58dd00a2,1,1,1,1,1,1
case_f12e4c8c,1,1,1,1,1,1
case_30e17dc9,1,1,0,1,1,0
case_0f780027,1,1,1,1,1,1
case_9df09318,1,1,1,0,1,1
case_56a9ea6c,0,1,1,1,1,0
case_ab20a5b2,1,0,1,0,1,1
case_a51c0a39,0,1,1,1,0,1
case_603f3236,0,1,1,1,0,1
case_661286fc,1,1,1,1,0,1
case_60afa5cc,1,0,1,1,1,1
case_c90d3dde,1,1,1,0,0,0
case_ac62ac93,1,1,1,1,1,1
case_738ae4bf,0,0,1,1,1,0
case_5257f3b3,1,1,1,0,1,1
case_c465c690,1,0,1,1,0,1
case_435059e6,0,1,1,1,1,1
case_359e30d5,1,1,1,1,1,1
case_829b436c,0,1,1,1,1,1
case_be09b272,0,0,1,0,0,1
case_c6a3909f,0,1,1,1,1,1
case_1b0fde04,0,1,0,1,1,0
case_4509225a,1,1,1,1,1,1
case_8f9395fd,1,1,1,0,1,1
case_31c6a7c4,0,1,1,1,0,1
case_4e0dd217,1,1,0,1,1,1
case_98741fe1,0,0,1,1,1,1
case_49ead2b8,0,0,1,1,1,1
case_82f47e75,1,1,1,1,1,1
case_66209606,0,1,1,1,1,1
case_8855134b,0,1,1,1,1,1
case_259eccaa,0,1,1,1,1,1
case_5c3a1eec,1,1,1,1,1,0
case_877fbab1,1,0,1,1,1,1
case_b5720b63,0,0,0,0,0,1
case_dc122d0a,1,1,1,0,1,1
case_c3dc6295,1,1,0,1,1,1
case_484e884b,0,0,1,0,0,0
case_5f53ff51,0,1,1,1,1,1
case_4289e06a,1,0,1,0,1,1
case_18d7d55d,1,1,1,1,1,1
case_e6931f5f,1,0,1,1,1,1
case_75e70f90,0,1,0,1,1,0
case_017c0361,0,0,1,0,1,1
case_9b91e75c,0,0,1,0,0,1
case_7ba27fec,1,1,0,1,1,1
case_9c388810,0,0,1,1,0,1
case_db050b9f,1,0,1,1,1,1
case_4c03813b,1,1,1,1,1,1
case_86b3f1ac,1,1,1,1,1,1
case_27c324ff,1,0,1,1,1,1
case_8f727710,1,1,1,1,0,1
case_2e2f9b6d,0,1,1,1,1,0
case_0c98e050,1,1,1,0,1,1
case_fe99236f,1,0,1,1,1,1
case_3249f7d6,1,1,1,0,0,1
case_4a51c4d9,0,0,1,1,1,0
case_35244a8c,0,1,1,0,1,1
case_aa1b8094,1,0,1,1,1,0
case_e91483af,1,1,1,1,1,0
case_095081eb,1,0,1,1,1,1
case_5891f2a0,0,1,1,1,0,1
case_725855b1,1,1,1,1,1,1
case_4aed4889,0,0,1,1,1,1
case_17a1e9be,0,1,0,1,1,1
case_0791603f,1,1,1,1,1,1
case_565fdcdc,1,1,1,0,1,1
case_ebf69c4a,1,1,1,1,1,1
case_3fa72892,1,1,1,1,1,0
case_345a7325,0,0,1,1,1,1
case_49b99d2a,0,0,1,1,0,0
case_2358e7d3,1,1,1,1,1,0
case_dffe4506,0,1,1,1,1,1
case_e21da721,1,1,1,1,1,1
case_f773ea23,0,1,0,0,1,1
case_45d2f7f6,1,1,1,0,0,1
case_045d0cf0,1,0,1,1,1,1
case_9984be43,0,0,0,0,1,0
case_375ced6d,1,1,1,1,1,1
case_b622650f,1,1,1,1,1,0
case_8f40f0df,1,1,1,1,0,1
case_8206faf1,1,0,1,0,0,0
case_d8d27dd2,1,1,0,1,1,1
case_c7aa8b5d,1,0,1,1,1,1
case_c62106a1,1,1,1,1,1,1
case_c139746f,0,1,1,1,0,1
case_ce74bd7f,0,0,1,0,0,1
case_9f661e17,1,0,1,0,0,1
case_a68b078a,0,1,0,0,1,1
case_1f66b691,1,1,1,1,1,1
case_c89d0108,1,1,1,1,1,1
case_826fd361,0,0,1,1,0,0
case_488c0048,0,1,1,1,1,1
case_3cf4fc82,0,0,0,1,1,1
case_68fb6a4b,0,0,1,1,1,1
case_223ad71c,1,1,1,1,1,1
case_b16abe41,0,1,1,1,0,1
case_ce073c2c,1,1,1,1,1,1
case_bfd5ead4,1,1,1,1,1,1
case_0f93f084,0,1,1,1,1,1
case_e5a3d023,1,1,1,1,1,1
case_92b48fe6,0,1,1,1,1,1
case_5b6bf6e0,1,1,1,1,0,1
case_650d1c59,0,1,1,1,1,1
case_97adcd1b,0,1,1,1,1,1
case_f87bfba4,1,1,1,1,1,1
case_9f4cf0f7,1,1,1,1,1,1
case_6a88e914,1,1,0,0,0,0
case_d10ca80a,0,1,1,1,1,1
case_f93c3ce4,1,1,1,1,1,1
case_4e4ea662,1,1,1,1,1,1
case_0218833e,0,1,1,1,0,1
case_e84afaaa,1,0,1,1,1,1
case_8961d7e6,1,0,1,1,1,0
case_e3c7f219,1,0,1,0,1,0
case_0ad4d881,0,0,1,1,1,1
case_fb6e012d,1,1,1,0,1,1
case_a4e3fe12,0,0,0,0,1,1
case_1cca586d,1,1,1,1,1,1
case_3ea0c857,1,1,1,1,0,1
case_5677d980,1,0,1,1,1,1
case_1b89a828,0,0,0,1,1,0
case_5744799f,0,1,1,1,0,1
case_c924e98e,1,0,1,1,1,0
case_53344cd7,0,0,1,1,1,1
case_2fdc85dc,1,1,1,1,1,1
case_4f34205e,0,0,1,1,0,0
case_1baacdff,0,0,1,1,1,0
case_e4ea91fe,0,1,0,1,1,1
case_dd56af03,1,1,1,0,1,0
case_1de1b414,0,0,0,0,0,1
case_eb7ff487,1,1,0,1,0,1
case_98abdc4a,1,1,1,1,1,1
case_d6b9fc59,1,0,0,1,1,1
case_8fee9914,1,1,1,0,1,1
case_2f3c10bd,1,0,1,1,1,1
case_bbb05d26,0,1,1,0,0,1
case_cae6b5df,1,0,1,0,0,1
case_c5386651,1,1,1,1,1,1
case_4d124826,0,1,0,1,0,0
case_32858b8d,1,0,1,1,1,1
case_0d72466a,1,0,1,1,1,1
case_c5b0ec6b,0,1,0,1,0,0
case_9c8e59e3,1,0,1,1,1,1
case_e15d6901,1,1,1,0,0,1
case_c1c34695,0,0,1,1,1,1
case_9dce34ec,0,0,1,1,0,1
case_8684e7ae,1,0,1,1,1,1
case_20782c7b,1,1,1,1,1,1
case_3752182a,1,1,1,0,0,0
case_a1a42664,1,0,1,1,0,1
case_eee56432,1,1,0,1,1,1
case_d5ed717f,1,1,1,1,1,1
case_96f83357,1,0,1,1,1,1
case_2b0d8892,1,1,1,0,0,1
case_2f06e16d,0,1,0,1,0,1
case_095df1e3,1,1,1,1,1,0
case_fbd2f8db,0,0,1,1,1,1
case_543b5a6a,1,1,1,1,0,1
case_f97c5d70,0,1,1,1,1,1
case_81d74c08,0,1,1,1,1,1
case_2c27639b,1,1,1,1,1,1
case_b57415a6,1,1,1,1,0,0
case_c7a02399,0,0,1,1,1,0
case_a091a316,0,0,1,1,0,1
case_15aad630,1,1,1,1,1,1
case_3147a131,1,1,1,1,1,1
case_9e8eb9b5,1,1,1,1,1,1
case_199643a8,1,1,1,1,0,1
case_e3aaf6f5,1,1,1,0,1,1
case_8880e95f,1,1,1,1,1,1
case_38cf827e,0,1,1,1,1,0
case_8b8d5221,0,0,1,1,1,1
case_fa08ed55,1,0,1,1,1,1
case_16c8d92a,1,1,1,0,1,0
case_10f3671e,1,1,1,1,1,1
case_8ea32961,1,1,1,1,1,1
case_b620cf08,0,0,1,0,1,0
case_4da019d4,0,0,1,1,1,1
case_0ec486ab,1,0,1,1,0,1
case_59ceebfe,0,1,1,0,0,1
case_dad7e50a,0,1,1,1,1,1
case_dde4f9e1,0,0,1,0,0,1
case_5451b606,1,0,1,0,0,1
case_130df038,1,0,1,1,1,0
case_e01bb93a,1,1,1,1,0,1
case_0a343540,1,0,1,1,0,1
case_123559ff,1,0,1,1,1,1
case_626e6e2a,1,1,1,1,1,1
case_db1cae38,0,0,1,1,1,0
case_31ce64f6,1,1,1,0,0,0
case_614aa0ff,1,1,1,1,0,1
case_d4277a0e,1,1,1,1,1,1
case_129fa89c,1,1,1,1,1,1
case_849c4c91,1,0,0,0,0,1
case_b1708d4d,0,1,1,0,1,0
case_95e99254,1,1,1,0,1,1
case_1e1216f4,1,1,1,1,1,1
case_4cb79b2b,1,0,1,1,1,0
case_53774580,1,0,1,1,1,1
case_aecde5b4,0,0,1,0,0,0
case_624fff77,1,1,1,1,1,1
case_c2ab2b76,1,1,1,1,1,1
case_e8c1c3e8,0,1,1,1,1,1
case_c8dba9df,0,0,1,1,0,1
case_1efad3e3,1,0,1,0,1,1
case_c3031457,1,0,1,1,1,1
case_cafd5204,1,1,1,1,1,1
case_e383eb48,0,0,1,1,1,1
case_725039ca,1,1,1,1,1,1
case_a2df2166,0,1,1,1,1,1
case_850ad792,0,1,1,0,1,1
case_82583bc2,1,0,1,1,1,1
case_d9e6d486,1,1,1,1,0,1
case_ba943e35,0,1,1,1,1,1
case_6fd1e592,1,0,1,0,1,1
case_c6f8adf2,0,1,1,0,1,1
case_4bd43f3b,1,1,0,1,1,1
case_cfcd87fc,0,0,1,0,1,1
case_2380ee0c,1,1,1,1,0,1
case_f2ceb297,0,1,1,1,1,1
case_18262dd6,1,1,1,1,1,0
case_28f4b902,0,1,1,1,1,1
case_9638e89d,1,1,1,1,1,1
case_fb7418e9,1,1,1,1,1,1
case_90ea5f63,1,1,1,1,1,1
case_a39c7d2c,1,1,1,1,0,1
case_2b774bee,1,0,1,1,0,1
case_dcf57576,1,1,1,1,1,0
case_f2f60951,0,1,1,0,1,1
case_fe2bbbc9,1,0,1,0,0,1
case_194e1ac2,1,1,1,1,1,1
case_021ca673,0,1,1,0,1,1
case_cbabf630,1,0,1,0,0,1
case_8a6e201f,1,1,1,1,0,1
case_ce9c172b,1,1,1,1,1,1
case_c9a021ed,1,0,1,1,0,1
case_ce012618,1,1,0,1,0,1
case_9c027b33,1,0,1,1,0,1
case_4592d3b4,1,1,1,1,0,1
case_91eed642,1,1,0,1,1,1
case_718ebcdc,0,0,1,1,1,1
case_77eeaa9d,1,1,1,1,1,1
case_832607dd,0,1,0,1,0,1
case_53d3426c,0,1,1,1,1,1
case_9fe9e7d2,1,0,1,0,1,1
case_d30b20cd,1,1,0,0,1,1
case_345f82e0,0,1,1,1,0,1
case_582ac379,1,0,1,1,0,1
case_f38dec2d,1,0,1,1,0,1
case_aa3f5941,0,0,1,1,1,1
case_b8a651ad,0,1,1,1,1,1
case_2a106201,0,1,0,1,1,1
case_83d6d260,0,1,1,1,1,1
case_43482dfb,1,0,1,0,1,1
case_b9a250ff,1,1,1,1,1,1
case_feec44cc,1,0,1,0,1,1
case_c895fbf7,1,1,0,0,0,1
case_57dfa34c,1,1,1,1,1,1
case_98d8506f,1,0,1,1,1,1
case_505b2dc6,1,1,1,1,1,1
case_2100dc41,1,0,1,0,0,1
case_4c07fc63,0,1,1,1,1,1
case_299ca4a7,1,1,1,1,1,1
case_b8623ea8,1,1,1,1,1,1
case_0ba8d754,1,1,1,1,1,1
case_822e04c6,0,0,1,1,0,1
case_a46649c5,1,1,1,1,1,1
case_a19d0064,0,0,1,1,1,0
case_8c6d83cc,0,0,1,1,1,0
case_4d0b2bfb,1,1,1,1,1,0
case_551952bc,0,1,1,1,1,1
case_56637334,0,0,1,0,0,1
case_87756fd7,1,1,1,1,1,1
case_abd6d3e4,1,1,0,1,1,1
case_cb5c239f,0,0,1,0,0,1
case_ea138229,1,0,1,1,1,1
case_c15d954c,1,1,1,1,0,1
case_ea45a95c,1,1,1,1,1,1
case_890c51e6,1,1,1,0,1,1
case_26797f4d,1,0,1,0,1,1
case_74fd3d23,0,1,0,0,1,1
case_41c05245,1,1,1,1,0,1
case_6028dc74,1,0,1,0,1,0
case_cd7afcba,0,0,1,1,1,0
case_3fd6208c,1,1,1,0,1,1
case_ce6befe7,1,1,1,1,1,1
case_23de5163,0,1,1,1,1,1
case_32ae7a0d,0,1,1,1,1,1
case_c6146728,1,0,1,0,1,1
case_1dc225be,0,1,1,1,1,1
case_70e6a1f1,1,0,1,1,1,1
case_ddbd72f3,1,0,1,1,0,1
case_464bdcbd,0,1,1,1,0,1
case_852054ff,0,1,0,1,1,1
case_0f9d6d0d,0,1,1,1,0,1
case_d57d3ec5,1,0,1,1,0,0
case_afb44718,0,1,1,1,1,1
case_0c72f403,1,1,1,1,1,1
case_16aee191,0,0,1,0,0,1
case_481edc88,0,0,1,1,1,1
case_c2692e9d,1,1,1,1,1,1
case_5986db3b,1,1,1,1,1,1
case_89920fe2,0,1,0,1,1,1
case_826cb4b4,0,1,1,1,1,1
case_f4cbf267,1,0,1,1,1,0
case_cddc7b5e,1,1,1,0,1,1
case_3e95304b,1,0,1,0,1,1
case_06b7d0da,0,1,1,1,1,1
case_a2214eed,1,1,1,1,1,1
case_a7b252e9,0,0,1,1,0,1
case_826bbf56,0,0,1,0,1,1
case_2333eb83,1,1,1,1,1,1
case_6f298a57,0,1,1,1,1,1
case_e943d398,0,1,1,1,1,1
case_97b2c66d,0,0,1,1,1,1
case_f6b449bb,0,1,1,0,1,1
case_b1db5dd9,1,0,1,1,0,1
case_5f486560,1,1,1,1,1,1
case_981d1995,1,1,1,0,1,0
case_7add8865,0,1,1,1,1,1
case_a29abde6,0,1,1,1,1,1
case_53a91835,0,1,1,1,0,1
case_80b6c898,0,1,1,1,0,1
case_9acf7ed7,0,1,1,1,1,1
case_e89712cc,1,1,1,1,1,0
case_3e8f8bbf,1,1,1,0,0,1
case_8780b2f8,0,0,0,0,1,1
case_f2b91ff0,1,1,1,1,1,1
case_97de8367,1,1,1,0,1,1
case_037030c8,1,1,0,1,1,1
case_de0af251,1,1,1,1,1,1
case_54e815fb,1,1,1,1,1,1
case_f18b1201,0,1,0,0,1,1
case_0ce09b63,1,1,1,0,1,1
case_0a13080d,1,1,1,1,0,1
case_26facf1b,0,0,1,1,1,0
case_718b2946,1,0,0,0,1,1
case_ec0864d1,0,1,1,1,0,1
case_1daeaf21,1,1,1,1,1,1
case_6537ef17,0,1,1,1,0,1
case_0565fab6,0,0,1,0,1,1
case_e12423b1,1,1,1,1,1,1
case_657f676a,1,0,1,1,0,1
case_365a1759,0,1,0,1,1,1
case_b038ce96,1,0,0,1,1,1
case_999459a6,1,1,1,1,1,1
case_16b577cf,1,1,1,1,1,1
case_b5dc6d63,0,1,1,0,0,1
case_c9dc98da,1,1,1,1,1,1
case_3c027217,1,0,1,0,1,1
case_2a23134b,1,0,1,0,0,0
case_d1e2e7c6,1,0,1,1,0,1
case_87da4edf,1,1,1,1,1,1
case_c61c4315,1,1,1,1,1,1
case_45ba0255,1,0,1,0,1,1
case_9c6a6636,1,1,1,1,1,1
case_7cc0a212,0,1,1,1,1,1
case_4e65763b,0,0,1,0,1,1
case_a75db05e,1,1,1,1,1,1
case_c283c009,1,1,0,1,1,1
case_ab1dcf94,1,0,1,1,1,1
case_5cc35832,1,0,1,0,1,1
case_84afd889,1,1,1,1,1,1
case_9115bb07,0,1,1,1,1,0
case_75c42fd1,0,1,1,1,1,1
case_873ba1d9,1,1,1,0,1,1
case_ecbddf34,0,1,1,1,1,0
case_90f7cb6d,0,1,1,1,1,1
case_20ee0dfe,1,1,0,1,1,0
case_2a17e309,0,1,1,1,1,1
case_e3e5bb2d,1,1,1,1,1,1
case_1543727d,1,1,1,1,1,1
case_f32d7f2d,0,0,1,1,1,1
case_63002756,0,1,1,1,0,1
case_73dcfd22,1,1,1,1,1,1
case_85bbe88d,0,0,1,0,0,0
case_61c5e114,1,0,1,1,1,1
case_5dbfea20,1,0,1,0,1,1
case_cb990801,1,1,1,1,1,1
case_385ed57f,1,1,1,1,1,1
case_3605ccf5,1,0,1,1,1,1
case_b5d7af8c,1,1,1,0,1,1
case_3fa8159e,0,1,1,1,1,1
case_f35d6d06,1,0,1,1,0,0
case_c6f4204b,1,1,1,1,0,1
case_3b68b70c,1,1,1,1,1,1
case_59f858dd,1,1,1,1,1,1
case_ec81d865,0,0,1,1,1,0
case_2a41fba3,0,1,1,1,1,1
case_db093b66,0,1,0,1,1,1
case_f760c33c,1,1,1,1,0,1
case_f074991e,1,0,1,0,0,1
case_0229fd5d,1,0,1,1,1,0
case_17fadd60,1,1,1,1,1,1
case_aa4a6dec,1,1,1,1,1,1
case_03cf0e0d,1,0,1,1,1,1
case_3bca6df0,0,1,1,1,0,0
case_4480c70d,1,1,1,1,1,1
case_771a2c44,1,1,1,1,1,1
case_060ed34c,0,1,1,1,1,1
case_9d4e8766,1,0,1,1,1,1
case_682488cd,0,1,0,0,0,1
case_36c2f29c,0,1,1,0,0,1
case_f78eb130,0,0,0,1,1,0
case_23e3fe96,1,0,1,1,0,0
case_e0060a83,1,1,1,1,1,1
case_b98c1a5c,1,1,0,0,1,1
case_164ddb4e,0,0,0,1,0,1
case_e5341cdc,1,1,1,0,0,0
case_368b4eac,1,1,1,1,1,1
case_9f953250,0,0,1,0,1,1
case_18b83f37,0,1,1,0,1,1
case_60bc7687,1,1,1,1,0,1
case_fbd09968,0,1,1,1,1,1
case_73f8ab04,1,0,1,1,1,1
case_9fcf1e41,1,0,0,0,1,0
case_a9fb4c9f,1,1,1,1,1,1
case_4db04535,1,1,1,1,0,0
case_06457cd2,1,1,1,1,1,1
case_0a3ddc18,0,1,1,1,1,1
case_374fdaf6,1,1,1,1,0,1
case_add0170b,0,0,1,1,0,1
case_82b77f4d,0,1,1,1,1,1
case_9204a2ad,0,1,1,1,1,1
case_9806e65b,1,1,1,0,1,1
case_8094c168,1,0,1,1,1,1
case_47fe3056,1,0,0,0,1,0
case_92d5adc0,1,1,0,1,0,1
case_cf09cfd5,1,1,1,1,1,1
case_dd90a839,1,0,1,1,0,1
case_048d4ccb,1,0,1,1,0,1
case_17f2fd60,1,0,1,1,0,1
case_34bc00cf,0,0,1,1,1,1
case_496804f1,1,1,1,1,1,1
case_504fcd11,0,1,1,0,1,1
case_ec3e3946,1,1,1,0,1,1
case_e34c1ea3,1,1,1,0,1,1
case_d821e94f,0,1,1,1,1,1
case_bd5fd293,1,1,0,1,1,1
case_d984eb57,0,0,1,1,0,1
case_74fc3944,0,0,1,1,1,1
case_d4c38a69,0,0,1,1,1,0
case_82af6c22,1,1,1,1,1,1
case_68d130d3,1,1,0,1,1,1
case_b4310dcc,1,0,1,1,0,1
case_f4aa8171,1,1,1,1,1,1
case_bf627c21,1,1,1,1,1,1
case_bfc2b0ff,1,1,1,1,1,1
case_49e7c956,1,1,1,0,1,1
case_19b6d450,0,0,1,0,1,0
case_6cf4e52e,1,0,1,1,1,1
case_009971a4,1,1,1,1,0,1
case_56fe9bc0,1,0,1,1,1,1
case_d6660167,1,1,1,1,0,1
case_c81b17a8,1,1,1,1,1,1
case_92d277d8,1,1,1,1,1,1
case_200d651f,1,1,1,0,1,1
case_dfa58355,1,0,1,1,1,0
case_89dc54f5,0,1,1,1,1,1
case_9d300328,1,1,1,0,1,1
case_29d5c036,1,1,1,1,0,1
case_5959db61,1,0,1,0,0,1
case_78ab42be,0,0,1,1,1,1
case_fb3fee22,1,1,0,1,1,1
case_348cc3ca,1,0,1,1,0,0
case_8e60e1c6,1,1,1,0,1,1
case_fc2b1a7f,0,0,1,0,1,1
case_bfa852fa,0,0,1,0,0,1
case_53fe459f,1,0,1,1,1,1
case_675f6817,0,1,1,1,1,1
case_3fb6cd79,0,1,1,0,1,1
case_2fd5278c,1,1,1,1,1,1
case_3ea6e835,1,0,1,0,0,1
case_96c5f5a7,0,0,0,0,0,1
case_441d87c7,1,1,1,1,1,1
case_46efd44a,0,1,1,1,1,1
case_617d3472,0,1,1,1,1,1
case_dfbdc00d,1,1,1,1,1,0
case_639bdb1f,0,1,1,0,1,1
case_dbd31f94,1,1,1,1,1,1
case_3ac33844,0,0,1,0,1,1
case_6e245f23,1,1,1,0,0,1
case_60f3bf33,1,0,0,1,1,1
case_84ebbac8,0,0,1,1,1,1
case_7a50a6f5,1,1,1,0,1,0
case_4d8cedf6,0,0,1,1,0,0
case_ce91a8f9,1,0,1,1,0,1
case_07bdbf66,0,0,1,0,1,1
case_ca1a820c,1,0,1,1,0,1
case_d2837583,0,1,1,1,0,1
case_a012a7ca,1,1,1,1,0,1
case_78dd9c0c,1,1,1,1,1,1
case_15d92c6a,0,1,1,1,1,0
case_544fd373,1,1,1,1,1,1
case_8dd50952,1,1,0,1,1,1
case_34f06139,1,1,1,1,1,1
case_3880a964,0,0,1,1,1,0
case_341fb84b,0,1,0,1,1,1
case_f33b996e,1,1,1,0,0,1
case_c1cfcc90,0,0,1,1,0,1
case_eac08b0c,0,1,1,0,1,1
case_a889b49a,1,0,1,1,0,1
case_03c63f3a,1,1,1,1,1,1
case_b9c73ccb,0,0,1,1,1,1
case_99f26eb0,1,1,1,1,1,1
case_e6ffa655,1,1,1,1,0,1
case_6cc0fe8c,0,1,1,1,1,1
case_b967b3d2,1,1,1,1,0,1
case_15be147b,0,1,1,1,1,1
case_f5485f81,0,0,1,0,0,1
case_ff5b9ac7,0,1,1,1,1,1
case_db037971,0,0,0,0,0,0
case_bf0ad45f,1,1,1,1,1,1
case_d821fb08,1,1,1,1,1,0
case_d53858d5,1,0,1,0,1,1
case_9d517151,1,0,1,0,1,1
case_ef0fda76,1,0,1,1,1,1
case_dc119407,1,0,1,1,1,1
case_147e0c56,1,1,1,0,1,1
case_9e37b73d,1,1,1,0,0,1
case_a7dda0b7,1,1,1,1,1,1
case_19860799,1,0,1,1,1,1
case_49f05965,0,0,1,1,0,1
case_29614723,1,0,1,0,1,1
case_280f1d06,1,0,1,1,1,1
case_ac8a02be,1,1,1,1,1,1
case_6fe690ee,1,0,0,1,1,1
case_8c019dbc,1,0,1,1,1,1
case_9a5597d9,1,0,1,1,1,0
case_456b26f5,0,0,1,1,1,1
case_4276fabd,1,0,1,0,0,0
case_52cdd7ad,1,0,1,1,1,1
case_2c03b042,1,1,1,1,1,1
case_c6bb41c0,0,0,1,1,1,1
case_b6738b23,1,1,1,1,1,1
case_58c839e0,1,0,1,0,1,1
case_888681bb,1,0,1,1,1,1
case_c311ff46,1,1,1,0,1,1
case_f1eadf3d,0,1,1,1,1,0
case_7ecd34fc,0,1,0,1,0,1
case_e08867a9,0,1,1,1,1,1
case_ba44a1b6,0,0,1,1,0,0
case_a4eebed7,1,1,1,0,1,1
case_bf705253,1,1,1,0,1,1
case_b7d49f9b,0,0,1,1,1,0
case_0261918f,0,1,1,1,1,1
case_9ca64b2a,1,1,1,1,1,1
case_ecbe061a,1,1,1,1,1,1
case_12c6a642,1,0,1,1,0,0
case_dd0109ad,0,0,1,0,1,1
case_3057d1f5,0,0,1,0,1,1
case_08c71576,1,1,1,1,1,1
case_8d75a182,0,1,1,0,0,1
case_52a05f0e,1,1,1,0,1,1
case_cf179c8e,0,0,1,1,0,1
case_867a0090,1,1,1,1,1,1
case_66692e1d,0,1,1,1,0,1
case_3b3a3df6,0,1,1,1,1,1
case_e95c9fb5,1,1,1,0,1,1
case_d44ac92f,0,1,1,0,1,1
case_fe279181,1,1,0,1,1,1
case_b5b91bfc,0,1,1,1,1,0
case_96d492f2,1,0,1,1,1,1
case_2325bbc4,1,1,1,1,1,1
case_a6c2a81d,1,1,1,1,0,1
case_5e442184,0,1,1,1,0,0
case_1d873a2a,0,1,1,0,1,1
case_8aae543d,0,1,1,1,1,0
case_cbea3f9b,0,1,1,1,1,0
case_4793ac73,0,0,1,1,1,1
case_f23f5ad3,1,1,1,1,1,1
case_57c9a325,0,0,1,1,0,0
case_b16b5ed3,1,0,1,1,1,1
case_c20ff3ac,0,0,1,1,0,1
case_23513c68,1,1,1,1,1,1
case_e0722890,0,1,1,1,0,1
case_1022cb69,1,1,1,1,0,1
case_7fba68ea,0,0,1,0,1,1
case_7031adfe,0,1,0,1,1,0
case_151f4268,1,1,1,1,1,1
case_a51408da,0,1,1,0,1,0
case_9c5f51cd,1,0,1,1,1,1
case_40362b16,1,1,1,1,1,1
case_21f90ba5,0,0,1,0,0,1
case_605b6ce6,0,0,1,0,0,0
case_87c01205,1,1,1,1,1,0
case_cfb5efa4,1,0,1,1,0,0
case_204057af,1,0,1,0,1,1
case_c6d96638,0,1,1,0,1,1
case_e05fe0f9,1,1,1,1,1,1
case_77ba29d5,1,0,1,1,1,1
case_f7711133,1,1,1,1,1,1
case_d17329ef,1,0,1,1,1,1
case_b0ec0566,1,1,1,1,1,1
case_3f9bece3,1,0,1,1,1,0
case_64c12c72,1,1,1,1,0,1
case_625cad65,0,1,1,1,1,0
case_f350ddfc,0,0,1,1,1,1
case_8be1fbeb,1,1,1,1,1,1
case_053493fe,0,1,1,1,0,1
case_8426d5e3,0,1,0,1,1,1
case_f84f82eb,1,1,1,1,0,1
case_d9015b10,1,1,1,1,1,1
case_36491804,0,0,1,0,0,1
case_6316f65d,1,0,1,0,0,1
case_c0f1cf34,1,1,1,1,1,1
case_336b76ae,1,1,1,0,1,1
case_a7d6ecf9,1,0,1,1,1,1
case_e9067bfd,0,0,1,1,1,1
case_815878ba,1,0,0,0,0,1
case_48ee4e83,1,1,1,1,0,0
case_f52cd1f7,1,0,1,1,1,1
case_998afa13,0,0,1,0,0,0
case_544634d5,1,1,0,0,1,1
case_7007fa88,1,1,1,1,1,1
case_158a804a,0,0,1,0,1,1
case_3606abac,1,0,1,1,0,1
case_e3abedba,0,1,1,0,1,0
case_eb1f21f7,0,1,1,0,0,1
case_b264ca3c,0,1,1,1,0,0
case_56d737d3,1,1,1,1,1,1
case_9539cfd6,1,0,1,1,1,1
case_fd6449e8,0,0,0,1,0,1
case_39f18377,0,0,1,1,0,1
case_660f6caa,1,0,1,0,0,0
case_1ce2b730,0,1,1,0,1,1
case_cce21b12,0,0,1,1,0,1
case_85a78597,0,0,1,1,1,1
case_9ff0dd22,1,0,1,1,1,1
case_097e671a,1,1,1,1,1,1
case_9b6013f1,1,0,1,0,1,1
case_7faa20aa,0,0,0,0,0,1
case_6f6b7b4a,1,1,1,1,1,1
case_5d8c9381,0,0,1,1,1,1
case_c212c7b3,0,1,1,0,1,0
case_c5caf548,0,0,1,0,1,0
case_99cc2992,1,1,1,1,1,1
case_e02d2da6,1,0,1,0,1,0
case_59e0bed5,1,1,1,1,1,1
case_9ce4cb32,0,1,1,1,0,1
case_8da0f1e6,0,1,1,1,1,1
case_1cfdcee5,1,1,1,1,1,1
case_6967a8f3,1,1,1,1,1,1
case_74777be7,0,1,1,1,1,1
case_2d449aa4,1,0,0,0,1,0
case_73a3d865,1,1,1,1,1,1
case_de34de75,1,1,1,0,1,1
case_2e9de3f2,1,1,0,1,1,1
case_f2de00bd,1,1,1,1,0,1
case_04dc0001,1,0,1,1,1,1
case_99feb49b,1,1,1,1,1,1
case_446b0620,0,0,1,0,0,0
case_7eb96ff6,0,0,0,1,0,1
case_593e358c,0,1,1,0,1,1
case_d25bd1e6,0,0,1,0,1,0
case_a3cee060,1,1,1,1,1,1
case_693fa611,1,1,1,1,1,1
case_41e8444d,1,1,1,1,0,1
case_8e8295ee,0,1,1,1,0,1
case_9182b3ea,1,1,1,1,1,1
case_a712594c,0,0,1,1,1,1
case_2f91b985,0,0,1,0,0,0
case_e69150c5,1,1,1,1,1,1
case_8eb61961,0,1,1,0,1,0
case_a71e91dd,0,0,1,0,1,1
case_c323ff30,0,1,1,1,1,1
case_480a7cbe,1,1,0,1,1,1
case_f16028d3,0,1,1,1,1,1
case_5a6b3b03,1,1,1,0,0,1
case_6a572906,0,0,1,0,0,1
case_ed7b7d6b,1,0,1,1,0,1
case_a62a7e19,1,1,1,1,0,1
case_2a0bbd26,1,1,0,1,0,1
case_dec64786,1,1,1,1,1,0
case_dbcb24b7,0,1,1,1,1,1
case_6e3b5091,1,0,1,1,0,0
case_e088f52a,1,1,1,1,1,1
case_42a4e750,0,1,1,1,1,1
case_4bd41757,1,1,0,1,1,1
case_0496aea1,1,1,1,1,1,0
case_e37350f2,1,1,1,1,1,1
case_d3228f26,0,0,0,1,0,0
case_20015c32,1,1,0,0,0,1
case_3223c5c9,1,0,1,0,0,1
case_ef9a90ae,1,1,0,1,1,1
case_e84296cf,1,1,1,1,1,1
case_2f55f434,1,1,1,1,1,1
case_863e9527,1,1,1,1,1,1
case_da2721fe,0,0,1,1,1,1
case_3d44114c,1,0,1,1,1,1
case_9cceee15,1,1,1,0,1,1
case_671d7273,1,1,1,1,1,1
case_aac61532,1,1,1,1,1,1
case_b5beb57a,0,0,1,1,1,0
case_cc699dea,1,1,1,1,1,1
case_3888bb33,1,0,1,1,0,1
case_cfb3d9bc,1,0,1,0,1,0
case_26562f13,1,1,0,1,0,0
case_befe5a85,1,0,1,1,0,1
case_47744b42,1,0,1,1,1,1
case_e9970de9,1,0,1,1,1,1
case_b54edcc5,1,1,1,1,1,1
case_bbe78166,1,1,1,1,0,0
case_d52986e4,1,1,1,0,1,1
case_9c515095,0,0,0,1,1,1
case_3088279d,1,1,1,1,1,1
case_4e8b4275,1,1,1,1,1,1
case_864383d7,0,1,1,1,1,1
case_ed3b81f3,1,1,1,1,1,1
case_43e5a6f6,0,0,1,1,1,1
case_3a8eb0d8,1,1,0,1,1,1
case_2f8f5864,1,1,1,1,1,0
case_514e813c,0,1,1,1,1,1
case_de00278b,1,1,1,0,1,1
case_205c0270,0,0,1,1,1,1
case_f57dbd11,0,1,1,1,1,1
case_8926005a,1,1,1,1,1,0
case_38196469,1,1,1,1,1,1
case_65fa8af7,1,0,1,1,1,1
case_ba8677a2,1,1,1,1,1,1
case_973734a2,1,1,1,1,1,1
case_2f7d3d8c,1,0,1,1,1,1
case_feda3d22,1,0,1,1,0,0
case_c7260c61,1,1,1,1,1,1
case_d0250972,1,1,1,1,1,1
case_3e8b6b4e,0,1,0,0,0,0
case_58da25a5,0,1,0,0,1,1
case_cfbe788d,1,0,1,1,1,1
case_694a36c3,0,0,1,0,0,1
case_97bac892,1,0,1,1,1,1
case_97b801b2,1,1,1,1,1,1
case_314a8f61,1,1,0,1,0,1
case_951591d3,1,1,1,1,0,0
case_43bb01e1,1,1,1,1,1,1
case_f5cfb7c0,1,1,1,1,1,1
case_6464e1a4,0,1,1,1,1,1
case_f30f1b95,0,1,1,0,0,1
case_90f7ef2e,1,1,1,1,1,1
case_3ce2651d,1,1,0,0,0,1
case_2da8d8dd,0,1,1,0,1,0
case_b62add16,0,1,1,1,1,0
case_08347e9a,1,1,1,1,1,1
case_ed194c21,0,0,1,1,0,1
case_c4db7c64,0,1,0,0,1,0
case_90eb771f,1,0,1,0,0,1
case_3c7ddc79,0,0,1,1,1,1
case_b06103a8,1,1,1,1,1,1
case_00a96a02,1,1,1,1,1,1
case_f14b628c,1,1,1,1,1,1
case_3366132a,1,1,0,1,1,1
case_3bd12c42,0,0,1,1,0,1
case_9fbc23b8,1,0,1,1,1,1
case_b94808db,1,1,0,1,0,1
case_ac572802,0,1,0,1,0,1
case_e4dfc813,1,1,0,1,1,1
case_2cad7a2d,0,0,1,0,1,1
case_3d0d7deb,1,1,1,1,1,1
case_36c7c27b,1,1,1,1,1,1
case_1a9a8b89,0,0,1,1,0,0
case_c7efc7de,1,1,0,1,1,1
case_f871b265,1,1,1,1,1,1
case_e1fef4db,1,1,1,1,1,0
case_e199314e,1,1,1,1,1,1
case_3e55867b,0,0,1,0,0,1
case_cb4c465e,1,0,1,1,0,0
case_60c9d836,0,0,1,0,1,0
case_b50993b7,0,0,1,1,0,0
case_b9a67838,1,0,1,1,1,0
case_df1f64b7,1,1,1,1,1,1
case_8ddb3bb0,1,1,1,1,1,1
case_698ddd88,0,1,1,0,0,1
case_5c3f669a,1,0,1,1,0,1
case_e9e417de,1,1,1,1,1,0
case_15f809ea,1,1,0,1,1,1
case_2599a7af,0,1,1,0,1,0
case_968f2b4d,1,1,1,1,1,1
case_a193edaa,1,1,1,1,0,1
case_986f1e96,0,1,1,1,0,0
case_e2f4f704,0,0,1,1,1,1
case_6b8fc9cd,1,1,0,1,1,1
case_f6d4ea27,1,1,1,1,1,1
case_fed62758,1,1,1,1,1,0
case_42e497a6,1,1,1,1,1,1
case_adebe7d7,1,1,1,0,1,0
case_1fee7f71,1,1,1,1,1,1
case_6f0786d6,1,1,1,1,1,1
case_72b1f4fa,1,0,1,0,1,1
case_2e5dd281,0,1,1,1,1,1
case_b5834322,0,0,1,1,1,1
case_9ac4cad1,0,1,1,1,1,1
case_9e1a1389,0,0,1,1,0,1
case_42e8a1c8,1,1,1,1,1,0
case_0ea76d53,1,1,1,1,1,1
case_244305db,0,0,1,1,0,0
case_0a919deb,1,1,1,1,1,1
case_2b3d4087,0,1,1,1,1,1
case_8acdc8c5,1,0,1,1,1,1
case_ad7b90db,0,1,1,1,0,1
case_4cc4c576,1,0,0,1,1,0
case_fc77a25a,1,1,1,1,1,1
case_0a11d489,1,1,1,1,1,1
case_59bdeacf,1,1,1,1,0,1
case_097dd610,1,1,1,1,1,1
case_d69be600,1,1,1,1,1,1
case_ee4447fb,1,1,1,0,1,1
case_4475ede4,1,1,1,0,1,0
case_93fbe0e2,1,1,1,1,1,1
case_4718fcae,0,0,1,1,0,1
case_ebbc57b0,1,1,1,1,1,1
case_e9f38a94,1,1,1,1,1,1
case_b557835f,1,0,1,0,0,1
case_172317fd,0,0,1,1,0,0
case_78c506b0,1,1,1,1,1,1
case_75a99b1e,0,1,1,1,1,1
case_9a7b4217,1,1,1,1,1,1
case_3986c878,1,0,1,1,1,1
case_924c02f5,0,0,1,0,0,1
case_8e5b8d8a,1,1,1,1,1,1
case_ddd12797,1,0,1,1,1,1
case_a6add2eb,1,1,1,1,1,1
case_68bd611a,1,0,0,1,1,1
case_1586184d,1,1,1,1,1,1
case_3257528a,1,1,1,1,1,1
case_9c9f73ec,1,1,1,1,1,1
case_7deb83b6,0,0,1,1,0,1
case_5cc24622,0,1,1,1,1,1
case_7e07f888,1,1,1,1,1,1
case_efaba5d9,1,1,0,1,1,1
case_a358a6df,0,0,0,0,1,1
case_2e1ca2e4,0,0,1,0,0,1
case_c7fbf8c4,1,1,1,1,1,1
case_b2aae7e3,1,0,1,1,0,1
case_c5de1b44,1,1,1,1,1,1
case_f0b3e203,0,1,1,1,1,1
case_a8bfbcd1,1,1,1,0,0,0
case_97518d62,1,1,1,1,0,1
case_fea75efd,0,0,1,0,0,1
case_bd96647b,1,1,1,0,1,1
case_782df1ad,1,1,1,1,1,1
case_5f93c307,1,1,1,0,1,1
case_8b5fbdfd,1,0,1,1,1,1
case_5ffb902c,0,1,1,1,1,1
case_6c585c96,1,1,1,0,0,0
case_7b41b26e,1,0,1,0,1,1
case_d1fdb699,1,1,1,0,1,1
case_897b07c6,1,1,0,1,1,1
case_3ee850b2,1,0,1,0,1,1
case_7b977903,1,1,1,1,1,1
case_c76ca43e,1,0,1,0,1,0
case_e966fcdc,0,1,1,1,1,1
case_b76842cb,1,1,1,1,1,1
case_2fafea1c,1,1,1,1,1,1
case_4142a3f6,1,1,1,1,0,0
case_ded94a25,0,1,1,1,0,1
case_a95fe9f9,1,0,1,1,1,0
case_705dec9e,1,1,1,1,1,1
case_26f4bac0,1,1,1,1,1,1
case_a0cba688,0,1,1,1,1,1
case_3b642728,1,0,1,1,1,1
case_ac30f378,1,1,1,1,1,0
case_8ec76c3a,1,0,0,0,0,1
case_fcef8ffc,0,0,1,1,1,1
case_08732486,1,1,1,1,1,1
case_cb3b4eb8,0,0,0,0,0,1
case_31a25a88,1,1,1,0,1,1
case_5b3c17f6,0,0,1,1,0,1
case_7b37ded7,0,1,0,0,1,1
case_01b309df,1,0,1,0,1,1
case_7e52dc66,1,1,1,1,1,1
case_c82edbbc,1,1,1,1,1,1
case_da8d35b9,0,0,0,1,0,0
case_da6af96e,1,1,1,0,1,0
case_0d44a14a,0,1,0,0,0,0
case_24f8af18,1,1,1,1,1,1
case_e9cb28fb,0,0,1,1,0,0
case_b31050f0,1,0,0,1,1,0
case_13ebc339,0,0,0,0,0,0
case_b153f0d5,1,1,1,1,0,1
case_f5c57b69,0,0,1,1,1,1
case_1b0aa77b,1,1,1,1,1,1
case_d68c3464,1,1,1,1,1,1
case_9a6004e9,0,0,1,0,0,1
case_f43e3324,1,0,1,1,1,1
case_5f4722bd,0,0,1,1,1,1
case_15f12991,0,0,1,0,0,1
case_af1a9cc2,1,1,1,1,1,1
case_e82649b5,1,1,1,1,1,0
case_6abbc075,1,0,0,1,0,0
case_d82d5dae,1,1,1,1,0,1
case_37e76f72,0,0,1,0,0,1
case_e1594b6e,1,0,1,1,1,1
case_3a718359,1,0,1,0,1,1
case_068c4472,0,1,1,1,1,1
case_ea255a91,0,0,1,0,1,0
case_fc643172,1,1,1,0,0,0
case_236a036d,1,1,1,1,1,1
case_a6cce548,1,1,0,0,0,1
case_12ba3058,1,1,1,1,1,1
case_9ccdc1c0,1,1,1,1,1,1
case_6429c2d4,0,0,1,1,1,0
case_776ff30c,0,0,0,0,0,1
case_d0942180,1,1,1,1,1,1
case_ff1059dc,0,1,1,1,1,1
case_7c0b82f0,1,1,1,1,1,1
case_596c95b7,1,1,1,1,1,1
case_96e93cd1,0,0,1,0,0,1
case_c9c259f4,0,1,0,1,0,1
case_4d4e9058,1,0,1,1,1,1
case_a541ce1b,1,1,1,1,1,1
case_ad90a4d9,0,0,1,0,0,1
case_d82acecb,1,1,1,1,1,1
case_770c8d8b,1,0,1,1,1,1
case_d6f84653,0,1,0,1,1,1
case_8d629319,1,1,1,1,1,1
case_991ce54b,1,1,1,1,1,1
case_15ac0b0e,0,0,1,1,1,1
case_c1fa9fca,1,0,1,1,1,1
case_5afa6024,1,0,1,0,0,1
case_b5ac8427,0,1,1,0,1,1
case_44258db2,1,1,1,1,1,1
case_3648e74b,0,0,1,0,1,1
case_278974d7,0,1,1,1,0,1
case_b69759fc,1,1,1,0,1,1
case_e1c3b528,0,0,1,1,1,1
case_4284d3e2,0,0,1,0,0,0
case_2e6f100f,1,0,1,1,1,1
case_ed528851,1,0,1,1,0,1
case_9ea7b123,0,1,1,1,1,1
case_61472312,1,1,0,1,1,1
case_3fd1b5e2,1,1,1,1,1,1
case_5244b62a,1,0,1,1,1,1
case_a2341324,0,0,1,0,0,0
case_66329e2f,0,1,1,1,1,1
case_c5322769,1,0,1,1,1,1
case_dd6b518c,1,1,1,1,0,1
case_1e47e9fc,1,0,1,1,0,1
case_e5e88965,1,0,1,1,1,1
case_da155a90,1,1,1,1,0,1
case_14d344bd,1,0,1,1,1,1
case_bf113706,0,0,1,0,1,0
case_17e1ae26,0,1,1,1,1,1
case_eeb00295,1,1,1,1,1,1
case_af171e7b,1,1,1,0,0,1
case_36660d1b,0,0,1,1,0,1
case_ada4c85b,0,0,1,0,1,0
case_003dd01f,1,1,1,0,1,1
case_1a96a457,1,0,1,1,0,1
case_d5d66a8c,1,1,1,0,1,1
case_37dbb515,1,1,1,0,0,1
case_165c2fc5,0,0,1,0,0,0
case_a014e0e9,0,1,1,0,0,1
case_f009f1e0,1,0,1,0,1,1
case_d9c3595e,0,0,1,0,0,1
case_e9af783e,1,1,0,1,0,1
case_b5694069,1,1,1,1,1,1
case_85b91f65,0,1,1,1,1,1
case_58213f7e,0,1,1,0,0,1
case_11b975b5,1,0,1,0,1,0
case_e49348e1,1,1,1,0,0,0
case_3f99bfeb,1,0,1,0,0,0
case_72fea281,1,0,1,1,1,1
case_5a376cfa,0,1,0,1,1,1
case_dca31f9c,1,1,1,1,1,1
case_cc038dfd,1,1,1,1,1,1
case_7859adf7,1,1,1,1,1,0
case_d7537b2b,1,1,0,0,1,1
case_33613731,0,1,1,1,0,1
case_0a08266b,1,1,1,1,1,1
case_ec76324a,1,1,1,1,1,1
case_016c7c7f,0,0,1,0,1,0
case_619041d9,0,0,1,0,1,1
case_9b7526d4,0,1,0,0,1,0
case_01cc4d87,1,0,1,0,0,1
case_9f2ce2b0,1,1,1,1,0,0
case_a18fa99f,1,1,1,1,1,1
case_12a1837c,1,0,1,1,1,1
case_f8e79f4e,1,1,1,1,1,1
case_b4b4477a,1,1,1,1,1,1
case_73bfadc4,1,1,0,0,0,1
case_ee30a60d,1,0,0,1,0,0
case_0181e8a9,1,1,1,1,1,1
case_dce30460,1,0,1,1,1,1
case_675aec8e,1,0,1,1,1,1
case_e2a8027e,0,0,1,1,0,1
case_6e152a25,1,1,1,0,1,1
case_2edceec5,1,0,1,0,1,1
case_7fa1c83a,1,0,1,0,0,0
case_d7cfaca7,1,1,1,1,0,1
case_42f15146,0,1,1,1,1,1
case_ab0ebe74,1,0,1,1,1,1
case_d8a03f41,1,1,1,1,1,1
case_f5f8bfa0,0,0,1,1,0,1
case_9955c0b8,0,1,1,1,1,1
case_5d655fb4,1,1,1,0,1,1
case_9a79cf9f,0,1,1,1,1,1
case_96581aec,0,1,1,1,0,1
case_41236eb0,1,1,1,1,1,0
case_25bdb8bc,0,0,1,0,1,1
case_f92d9ebe,1,1,1,1,1,1
case_d57abdee,1,1,1,0,0,1
case_064959ee,1,1,1,1,1,1
case_8b34a892,0,0,1,1,0,1
case_221b3a06,0,0,1,1,1,1
case_d1892f09,0,1,1,1,1,1
case_b7259707,0,0,1,1,1,1
case_882da3c5,0,0,1,1,0,1
case_1ebf6546,1,0,1,1,1,0
case_3e1029b3,0,0,1,1,1,0
case_7519cb1d,1,1,1,1,0,1
case_13a45a43,0,1,0,1,1,0
case_f2a1a01d,0,0,1,0,1,1
case_60b5c539,0,1,1,1,1,1
case_408dc23b,0,1,1,0,0,1
case_df177b1d,1,1,1,1,1,1
case_e720a80a,1,1,1,1,1,1
case_6693d072,1,1,0,0,1,1
case_1fee5ede,1,1,1,1,0,1
case_5801e7ef,0,1,0,1,1,0
case_064c8d04,0,1,1,0,1,1
case_5d788982,1,1,1,1,1,0
case_a2864799,1,1,1,1,1,1
case_5996077d,0,1,1,1,1,1
case_55742655,1,0,1,1,0,1
case_3ac4be73,1,0,1,1,1,1
case_21e4eaa8,1,1,1,1,1,1
case_033775ca,0,0,1,1,0,1
case_3cd2b038,0,0,1,0,0,1
case_5bec8dc1,0,0,1,1,1,1
case_48e1e79b,1,1,1,1,1,0
case_033af2df,1,0,1,0,1,0
case_4faa8700,1,1,1,1,0,0
case_05c8416f,0,1,1,1,0,1
case_e080a935,1,0,1,1,1,1
case_d2daa034,1,1,1,0,1,1
case_3e07b00c,0,1,0,0,0,0
case_1e99302c,1,1,1,1,1,1
case_eebd0f0a,0,1,1,1,1,0
case_d546f545,1,1,1,1,1,0
case_aec28308,0,1,0,0,0,1
case_11bbd405,1,0,1,0,1,1
case_f728b35e,0,0,1,0,0,1
case_cdf602dd,0,1,1,1,1,0
case_49ec27ac,1,1,1,0,0,1
case_2c1ff5a8,1,1,1,1,1,1
case_78d9d620,0,0,1,0,0,1
case_79341f89,1,0,1,0,1,0
case_4924ee96,0,0,1,1,1,1
case_393c865d,1,0,1,1,1,1
case_3a180165,1,1,1,1,1,1
case_52ea7b1f,1,1,1,1,0,1
case_3ddcd1fa,1,1,1,1,1,1
case_dbc8af81,1,0,1,0,1,1
case_0adb0205,0,0,1,0,1,1
case_6ee9af24,1,0,1,0,0,1
case_5b67d674,0,1,1,1,1,0
case_180f1755,1,1,1,0,0,1
case_02927358,1,1,1,1,1,1
case_57153ef3,0,0,1,1,1,1
case_7abd9be2,1,1,1,1,0,1
case_f2b3dbe4,1,1,1,1,1,1
case_5551ad71,0,0,1,0,1,0
case_f0671c76,0,1,0,1,0,0
case_23d59907,0,1,1,0,1,1
case_b5cb5d0e,1,0,0,1,0,1
case_88c9bbb3,1,1,1,1,1,1
case_1d5ba32f,1,1,0,1,1,1
case_06b7cc06,1,1,1,1,1,1
case_b8a25973,1,1,1,1,1,0
case_c0c2fb27,1,1,0,1,0,0
case_07a6e294,1,1,1,1,1,1
case_afd1f044,1,1,1,1,1,0
case_a7f4d266,1,1,1,1,1,1
case_d5cf46a7,0,1,1,1,1,1
case_745f5ca9,1,1,1,1,1,1
case_19846353,1,1,1,1,1,1
case_46206abc,1,1,1,1,1,1
case_cff701dc,1,1,1,1,1,1
case_ef734586,0,0,1,1,0,0
case_734ae63d,1,0,1,1,1,1
case_3033fef2,1,0,1,0,0,1
case_042820e2,1,1,1,0,0,1
case_40cd9591,1,1,1,0,1,0
case_9f27afff,1,1,0,0,1,1
case_0a7d4aa8,1,0,1,1,1,1
case_8163a884,1,1,1,1,1,1
case_27ff191b,1,1,1,1,1,0
case_cfa4b98a,1,1,1,1,1,1
case_9f96613b,1,0,1,1,1,0
case_a4041575,0,1,0,0,1,1
case_28f162f7,1,0,1,1,0,1
case_1ab130bc,1,1,1,0,1,1
case_4460d229,1,1,1,0,1,1
case_c37a3124,1,1,1,1,0,0
case_f00c6add,1,1,1,1,1,1
case_29555d66,1,1,0,1,1,1
case_6286b627,1,0,1,1,1,0
case_ee17b2b1,1,0,1,0,0,1
case_5c953b19,1,1,1,1,1,0
case_a587f11f,1,1,1,1,1,1
case_7adcc1f4,1,1,0,1,1,1
case_f0b2ed15,1,1,0,1,0,1
case_7497d08b,1,1,1,1,0,1
case_97c1e288,0,0,1,1,1,1
case_8dd52da1,0,0,1,0,1,1
case_3358c850,1,1,1,0,1,1
case_5077a482,1,1,1,1,1,1
case_82d24d2a,1,1,1,0,1,0
case_7823c060,1,0,1,1,1,1
case_4f4e250e,0,0,1,0,0,0
case_a968a488,1,1,1,1,0,1
case_49cb9970,1,1,1,0,1,1
case_65020e5c,1,0,1,1,1,1
case_dd9e21eb,1,1,1,1,1,1
case_ab527d9f,0,1,1,1,1,1
case_abcdb19a,1,1,1,1,0,1
case_01163fd0,0,0,1,1,0,1
case_297e6f7a,0,1,0,1,1,1
case_9746c4cb,1,1,1,0,0,0
case_8e86ce45,1,1,0,0,1,0
case_b63b6ae1,0,1,1,1,1,1
case_3ea015d8,1,1,1,1,1,1
case_93aef24e,0,0,0,1,0,1
case_11192849,1,1,1,1,1,1
case_13e4be9a,1,1,1,1,0,1
case_f2e139b5,1,1,1,1,1,1
case_f4c87e17,1,0,1,1,0,0
case_b7247f29,1,1,1,1,1,1
case_04041f64,1,0,1,0,0,1
case_a6058c74,1,1,1,0,1,1
case_4961a427,1,1,1,1,1,1
case_e18e0932,0,1,1,1,1,1
case_b3da939e,1,1,1,0,0,1
case_457b70e0,0,0,1,1,1,1
case_688a2d49,1,1,1,1,1,1
case_5df7c22a,1,0,1,1,1,1
case_5c532bb7,0,1,0,0,0,0
case_6cdc996e,1,1,1,1,1,1
case_f1c4ba0a,1,1,1,1,1,1
case_b7190b4f,0,0,0,0,0,1
case_d22ca638,0,0,1,1,1,0
case_95ccf35e,1,1,1,1,0,1
case_e86d3aaa,1,0,1,0,1,1
case_f391f4f3,0,1,1,1,0,1
case_67d392fa,1,1,1,1,1,1
case_4dd5293b,0,0,1,1,1,1
case_b5941cb3,1,1,1,0,0,1
case_91476be5,1,1,1,0,1,1
case_9780a9eb,0,1,1,1,0,1
case_58bcbb36,1,1,0,1,1,1
case_620cfbd8,1,0,0,1,0,0
case_cbc7cc31,1,1,1,1,1,1
case_fc20cd08,1,1,1,0,1,1
case_bb90c052,1,1,1,1,0,1
case_d14b9a2d,0,1,1,1,1,1
case_8736171e,1,1,1,1,1,0
case_e91cbf51,0,1,1,0,1,1
case_50d1651f,1,0,1,1,0,0
case_b889422f,1,1,1,1,0,0
case_98ad2757,0,1,1,1,1,0
case_f025f7df,1,1,1,1,1,1
case_d02e07bb,0,1,0,1,1,1
case_66032f3e,1,1,1,0,0,1
case_fe5abebd,0,1,1,0,0,1
case_10296faf,1,0,1,0,0,1
case_82ffd1db,1,1,1,1,1,1
case_81c0b2b3,1,1,1,1,1,0
case_f7e5cab7,1,1,1,0,1,1
case_8daffebc,0,1,0,0,0,1
case_3f3e3d61,0,0,1,1,0,1
case_960e1c4c,1,1,1,1,1,1
case_0acc9610,0,0,1,0,1,0
case_122242fa,1,1,1,1,0,1
case_7796e51b,0,0,1,0,1,1
case_7b27bcc2,1,1,1,0,1,1
case_e7634c90,0,1,0,1,0,0
case_be4482f5,1,1,1,1,1,0
case_b8bb1889,1,0,1,1,1,1
case_80592d6d,1,0,0,0,0,1
case_f6c8ffd4,1,0,1,0,1,0
case_7ea75425,1,0,1,0,1,1
case_d269d11e,1,0,1,1,0,1
case_2c5246ac,1,1,1,1,1,1
case_a9a27749,1,0,1,1,1,1
case_10fd416f,1,0,1,1,1,0
case_174e8d56,0,1,1,1,1,1
case_daa7131d,1,0,0,0,1,1
case_74a50fbe,0,0,1,1,1,1
case_32f3b40e,0,0,1,1,1,1
case_abd070be,0,0,1,1,1,1
case_c41aecc5,1,1,1,1,1,1
case_dbd96e0e,1,1,1,1,1,1
case_ce38cc98,1,0,1,0,1,1
case_18bff0ec,0,0,1,0,0,0
case_22916043,0,0,1,0,1,1
case_0afa66db,1,0,1,0,1,1
case_bb4d3fff,1,1,1,1,0,1
case_9ff09717,1,0,1,1,1,1
case_007d0416,1,0,1,1,0,1
case_b0896545,1,1,1,1,0,1
case_ee11bb91,1,1,1,0,1,1
case_e9234d60,1,1,1,1,1,1
case_8bcfeb67,1,1,1,1,1,1
case_54827377,1,0,1,1,1,1
case_ca9a3d08,0,1,0,0,0,1
case_b3e86e01,1,1,1,0,1,1
case_94360430,1,0,1,1,1,1
case_6582fe0d,0,0,1,0,1,1
case_0b40305e,1,1,1,1,1,1
case_a8f99d3f,1,1,1,1,0,1
case_d27207c3,1,1,1,0,1,1
case_1d4ddcb9,0,1,1,0,1,1
case_c7deea3f,1,1,1,1,1,1
case_b61250ff,1,0,1,0,1,1
case_18deda52,1,1,1,0,1,1
case_dfdafa0a,1,1,1,1,1,1
case_1a105e09,1,1,1,0,0,1
case_2132d792,0,1,1,1,1,1
case_96a7a75c,1,0,1,1,1,1
case_a7dcb10e,1,0,1,0,1,1
case_1217c5f7,0,0,1,1,1,1
case_b3ac691d,1,0,1,1,1,1
case_48c5f42e,1,1,1,1,1,1
case_75eec3b0,1,1,1,1,1,1
case_52a1922f,1,1,1,0,1,1
case_4438f62b,1,1,1,1,1,1
case_5447e93a,1,1,1,1,1,1
case_378eb28a,1,1,1,1,1,1
case_cd875a53,1,1,1,1,1,1
case_a8be5cde,1,0,1,1,0,0
case_7f5547fb,0,0,1,0,0,1
case_aef7ad96,0,0,1,1,1,1
case_a555d310,1,1,1,1,1,1
case_0dbe864c,1,0,1,1,1,1
case_c4cae63a,0,0,0,1,1,1
case_829cbd54,1,1,1,1,1,1
case_66dcd413,1,0,1,0,1,0
case_551ae27e,1,1,1,1,1,0
case_977b42f5,1,1,1,1,1,1
case_ddc8bbc0,1,1,0,1,0,1
case_094fccc8,1,1,1,1,1,1
case_e6f705e9,1,0,0,0,1,1
case_e6cf16bf,1,1,1,1,1,1
case_f7b65f69,1,1,1,1,1,1
case_32b6422f,1,1,1,1,1,1
case_589d050b,1,0,1,1,1,1
case_17c8cfac,0,0,1,0,0,1
case_a2144db5,0,1,1,1,1,1
case_a1d59d38,1,1,1,1,1,0
case_89f044de,1,0,1,0,0,0
case_7d63c0a3,1,0,0,0,0,0
case_7774da98,1,1,1,1,1,1
case_b8d5f5b7,1,1,1,1,1,1
case_01edd7e7,0,1,0,1,0,0
case_41180682,1,0,1,0,1,1
case_d40860e3,1,1,1,1,1,1
case_902951a0,0,1,1,0,1,1
case_c6a261bd,1,1,1,1,1,1
case_874031ef,1,0,0,0,1,1
case_da3a3abd,1,1,1,1,1,1
case_b53a7c2b,0,0,1,0,0,1
case_a3956a37,1,1,1,1,1,1
case_de67e9e4,0,1,1,1,1,1
case_25042643,1,1,1,1,0,0
case_b76c568a,1,0,1,0,1,1
case_31a3a157,0,0,1,1,1,1
case_9ae741be,1,0,1,1,1,1
case_9d9baf0d,1,0,1,1,0,1
case_a1392180,1,1,0,0,0,1
case_61bced1a,1,1,1,1,1,1
case_67ec0e62,0,0,1,1,0,1
case_7304ecb0,0,1,1,0,0,1
case_c583e822,0,1,1,1,1,1
case_4e5ab9e2,0,0,1,1,1,1
case_51de0a96,1,0,1,1,0,1
case_cc4b62de,1,1,1,1,0,1
case_fe22208d,1,1,1,0,0,0
case_017dc891,1,0,1,1,1,1
case_62e64a4a,0,0,1,0,0,1
case_286d74be,0,1,1,1,1,1
case_00e35fc0,0,0,1,1,1,1
case_4ff8708e,1,1,1,1,1,0
case_d34c8c15,1,1,1,1,1,1
case_838cab5c,1,1,0,0,1,1
case_5e1296f4,1,1,1,1,1,1
case_33b9bd16,0,0,1,1,0,1
case_ade442c4,0,0,1,1,1,0
case_61a455a6,1,0,1,1,1,1
case_ccebb0bc,0,1,1,1,1,0
case_39cc5630,0,0,1,0,1,1
case_044ebdae,1,0,1,1,1,1
case_a959ec21,0,0,1,0,0,1
case_28b63812,1,1,1,1,1,0
case_4e5f4c27,0,0,1,1,1,1
case_21392816,1,0,1,1,1,1
case_8a119ada,1,1,1,1,1,1
case_279d8cfa,1,1,1,1,0,1
case_87d0d500,1,1,1,1,1,1
case_473413b2,1,0,1,1,1,1
case_d816158b,0,1,0,1,0,1
case_64ffadbd,1,0,1,1,1,0
case_99e1b3d0,0,0,1,0,1,1
case_8bf4c036,1,0,0,0,1,1
case_8768f0b9,1,1,0,1,1,1
case_ed47231d,1,1,1,1,1,1
case_27effc4d,0,0,1,0,0,1
case_2913f722,0,0,0,1,0,1
case_9f61aad6,0,1,1,1,1,1
case_f8627077,1,1,1,1,1,1
case_f7d23ce2,1,0,1,1,1,1
case_b533dd76,1,0,1,1,1,1
case_4159b8c9,0,1,1,0,1,1
case_ab73915d,1,1,1,0,1,0
case_2f91e239,1,1,1,1,1,1
case_914f1894,1,1,1,1,1,1
case_536a9a22,0,0,0,0,0,1
case_3e476f4f,1,1,1,1,1,1
case_79919916,1,0,1,0,0,1
case_92fb33a6,0,1,1,1,1,1
case_76b257cd,0,1,1,1,1,1
case_c6bff8fc,1,1,1,0,1,1
case_e3a6d6fb,1,1,1,1,1,1
case_3d14b25f,1,0,1,1,1,0
case_089a091e,1,1,1,1,0,1
case_cebcec8f,1,1,1,0,0,1
case_f53bb217,1,0,0,1,1,1
case_80ff158f,1,1,1,0,1,1
case_3a7b56a0,1,0,1,1,1,1
case_74f19b3c,1,0,1,1,1,0
case_9bf6797f,1,1,1,1,1,1
case_568cecdc,1,1,1,1,1,1
case_ab84f1b4,1,1,1,1,1,0
case_0876ba7a,0,0,1,1,1,1
case_76f469aa,1,1,1,1,1,1
case_b16db0b1,1,1,1,1,1,1
case_629466a7,1,1,1,1,0,1
case_cce0561a,1,1,1,0,1,1
case_c5268868,0,0,1,1,0,1
case_1365a4c4,1,1,1,1,1,0
case_cb003402,0,0,1,1,1,1
case_d8bd4c53,0,0,1,1,0,0
case_87217b7b,1,1,1,1,1,1
case_bd8ac737,1,1,1,1,1,1
case_208ce5d1,0,0,1,0,1,0
case_bdacce43,1,1,0,1,1,1
case_af545b9f,0,0,1,1,1,1
case_3b42b49f,0,1,1,1,0,1
case_e9a519d8,0,1,1,1,1,0
case_2a996cc0,1,1,1,1,1,1
case_f3c0981d,0,1,1,1,1,1
case_5824f563,1,0,1,1,1,1
case_0092385f,1,0,1,1,1,1
case_56c0a0db,1,1,0,1,1,0
case_2f50bbb7,1,0,1,0,0,1
case_4631b6c5,1,1,1,1,1,1
case_e62dde53,0,0,1,1,1,1
case_e3ea964f,1,0,1,0,1,1
case_1cab1eb4,0,0,1,0,0,0
case_b0e59ba4,0,1,1,1,1,1
case_0b63bd83,0,0,0,0,1,1
case_eb1671d3,0,1,1,1,1,1
case_511ff9d8,1,1,0,1,1,1
case_09762f00,1,1,0,1,1,1
case_03c8940a,0,1,1,1,1,1
case_8636af9b,1,0,1,1,1,1
case_791c66fd,0,1,1,0,0,1
case_09b01308,1,1,1,1,1,0
case_2d303b79,0,1,1,0,0,0
case_c98c0c94,1,1,1,1,1,1
case_217a79cc,0,1,1,0,1,1
case_13d6396b,1,0,0,1,0,0
case_e711225b,0,1,1,1,0,1
case_9e967a37,1,1,1,1,1,1
case_60e4688a,1,1,1,1,1,1
case_e264d985,1,1,1,1,0,1
case_0229c3ea,1,0,1,0,1,1
case_0e5b91a8,0,1,1,0,1,1
case_fdfb329c,1,1,1,1,1,1
case_7e89e084,1,1,1,1,1,1
case_92d75726,1,1,1,1,1,1
case_0a50561f,1,1,1,1,1,1
case_fbc38565,0,1,1,1,1,0
case_74875cd1,1,0,1,1,1,1
case_a0d541b5,1,0,1,1,1,1
case_b729104d,1,0,1,1,1,1
case_8fe83682,1,0,1,1,0,1
case_3a51bd8c,0,1,1,1,0,1
case_f413a3b8,1,1,1,1,1,1
case_c6109fd2,1,1,1,1,1,1
case_de69e3fa,1,1,1,1,1,1
case_68de5ae3,1,1,1,1,1,1
case_4f88ec4c,0,0,1,1,1,1
case_a2bd0fe9,1,1,1,1,0,1
case_3a6753a1,0,0,1,1,1,0
case_3dae47ad,1,0,1,0,1,1
case_f1287192,1,1,0,0,1,1
case_3127c999,0,0,1,1,0,1
case_eb47806f,0,0,1,0,1,0
case_76c4038b,0,1,0,1,0,1
case_730b6151,1,1,1,0,1,1
case_109e6a3b,1,1,1,1,1,1
case_4dc2f17b,1,0,1,1,1,1
case_0b542580,1,1,1,0,0,1
case_10e4ce07,1,0,1,1,1,1
case_6f9e872a,0,1,1,1,1,1
case_49b09efb,1,1,1,1,1,1
case_3bf142e9,1,0,1,1,0,1
case_b75cd2fb,1,1,1,1,1,1
case_4fddcbfd,1,1,1,0,1,0
case_52685e83,1,1,1,1,1,1
case_cd8eda2a,1,1,0,1,1,0
case_eacc4a97,0,0,0,0,0,1
case_b316a16a,1,0,1,1,1,1
case_3bd10f1d,0,0,1,1,0,1
case_68afdd4c,1,1,0,1,1,1
case_42171cb1,1,0,0,1,0,1
case_369c5d6e,1,1,1,1,1,1
case_4bf8b009,0,0,1,1,1,1
case_4ef2c82d,0,1,1,1,0,1
case_837ae7bf,1,1,1,1,1,1
case_68eed086,1,0,1,1,1,0
case_ab3f67fe,0,1,1,1,0,1
case_cdbcd146,0,0,1,1,1,1
case_09ffb97e,0,1,1,0,1,1
case_ebf5853c,1,1,1,1,1,1
case_8f92edae,0,1,1,1,1,1
case_e56fece6,0,0,1,1,1,1
case_1751e0ac,0,0,1,1,1,1
case_b7202bcb,1,1,1,1,1,0
case_b04b2ad2,0,1,0,0,1,1
case_64a16baa,1,1,1,1,1,1
case_c7910312,1,0,1,0,1,1
case_405eff98,1,1,0,1,1,0
case_64416fe1,0,1,1,1,1,1
case_742ad873,1,1,1,1,1,1
case_17502f45,1,1,1,0,1,1
case_4114cd21,1,1,1,1,1,1
case_6d7e8034,1,1,1,1,1,1
case_e788b299,0,0,1,0,1,1
case_d1733215,0,0,1,1,1,0
case_a2051eb4,1,1,1,1,1,1
case_8aa6fec0,0,0,1,1,0,0
case_f124a562,1,1,1,0,1,0
case_d7b62b73,0,0,1,0,0,1
case_92577b4f,1,1,1,1,1,1
case_5d26d004,1,1,1,1,1,1
case_be26d46b,1,1,1,0,1,1
case_dc906ac3,0,1,1,1,0,1
case_42a230d9,1,1,1,1,1,1
case_ccfd993c,0,0,1,1,1,0
case_cabef87a,1,1,1,1,1,1
case_e4fee3c4,1,0,1,1,0,1
case_917fe99e,0,1,1,1,1,0
case_443cddc1,1,1,1,1,1,1
case_d968db0b,1,1,1,1,1,1
case_e4f4bd93,0,0,0,1,0,0
case_ebb6bc33,1,0,0,0,1,1
case_442f93f1,1,0,1,1,0,1
case_d9330672,1,0,1,1,0,1
case_9285a594,1,1,1,1,1,1
case_d7bf93c4,1,1,1,1,1,1
case_797c3799,0,1,1,1,1,1
case_6e5a8d05,0,1,1,0,1,1
case_cf8c406c,1,1,1,1,1,1
case_a55bdd6f,0,1,1,1,1,1
case_1fc17efd,1,1,1,1,1,1
case_fd4596dc,0,1,1,1,1,1
case_e4f2bace,1,1,1,0,0,0
case_9ad75f94,0,1,1,1,1,1
case_6a0bca58,1,1,1,0,0,1
case_e9e30d52,1,1,1,1,1,1
case_a55acd9e,1,1,1,1,1,1
case_25b6a51b,0,1,1,1,1,1
case_2cbb22a7,0,0,1,1,0,1
case_dc9667f8,0,0,1,1,1,1
case_b36a9001,0,0,0,1,1,0
case_3ffa519a,0,1,0,1,1,1
case_05f3dc00,0,1,0,0,0,0
case_0b06cad5,0,0,1,0,1,1
case_50c938a3,0,1,1,0,1,1
case_5c789b8c,1,1,1,1,1,1
case_67a0df5a,0,0,1,0,0,0
case_1163d422,0,0,0,1,0,0
case_f990f624,0,0,1,0,0,1
case_7144aec9,1,0,1,1,1,1
case_9fe4b30a,0,0,0,0,0,0
case_1581dd25,1,0,1,0,1,1
case_9cf73ce5,0,1,1,1,1,1
case_75dc4892,0,0,0,0,1,1
case_c3cde8a6,0,1,1,0,1,1
case_bac397ef,0,1,0,1,1,1
case_963feecb,0,1,1,1,0,1
case_708ffce8,1,1,1,1,1,1
case_68bd5db9,1,1,1,1,1,1
case_4beba79d,0,0,1,1,0,1
case_fff8fc3a,1,1,1,1,0,1
case_f9daf174,1,1,1,0,1,1
case_70570f39,1,1,1,1,1,1
case_62ec6359,1,0,1,1,0,1
case_4850c255,1,1,1,1,1,0
case_7396e177,1,0,1,1,1,1
case_b415447a,0,1,1,0,0,1
case_2d29ef89,0,1,1,0,1,1
case_4c5afd96,1,1,1,1,1,1
case_24426e2b,0,1,1,1,1,1
case_564e5b4d,1,0,1,0,1,0
case_fc4ce260,1,0,0,1,0,1
case_e6524bbc,1,0,1,1,0,0
case_42984177,1,1,1,0,1,1
case_4b12afd4,1,0,1,1,0,0
case_5e4843e8,0,1,1,1,1,1
case_9895aae8,1,0,1,1,0,0
case_edc30208,0,1,0,1,0,1
case_02bdb066,1,1,1,1,1,1
case_b023eeb5,1,0,1,1,0,1
case_0d14c1fc,0,1,1,1,1,1
case_dbc2303b,1,1,1,1,1,1
case_8e0fd3ae,1,1,1,0,1,1
case_e2c3df88,1,0,0,0,1,0
case_c346312b,0,1,1,0,1,1
case_5eca8dd9,1,1,1,0,1,0
case_f50cbedb,1,1,0,1,1,1
case_d68526f5,1,1,1,1,1,1
case_5a3b9c35,1,0,0,1,1,1
case_f7cc35d6,0,1,1,1,0,1
case_9d8853f7,1,1,1,1,1,1
case_a58b7d68,0,1,1,1,1,1
case_98de7c7f,1,1,1,1,0,1
case_37fa323a,1,1,1,1,1,1
case_09158613,0,0,0,1,1,1
case_ff2f27a1,1,0,1,1,1,0
case_c0a44ab9,0,1,1,1,1,0
case_11240c00,1,1,1,1,1,1
case_cbcf34a1,1,1,1,1,1,1
case_590f0426,1,0,1,1,0,1
case_b30e677c,1,0,1,0,1,1
case_829a7bb9,0,1,1,1,1,1
case_1a5bf826,1,1,1,1,1,1
case_d6c285c5,0,1,1,1,0,0
case_0220370a,1,0,1,0,0,1
case_724f2d4f,0,0,1,1,1,0
case_6dcf5eef,1,0,0,1,1,1
case_a6cac1cc,1,1,1,0,1,1
case_8577e585,1,0,1,1,1,1
case_ce1ba6af,0,0,1,0,1,1
case_0ce62bf7,0,1,1,1,1,1
case_374aa419,1,1,0,1,1,0
case_799a4397,1,1,1,0,1,1
case_3fd65bf5,1,1,1,1,1,1
case_4dcab110,1,0,0,0,0,0
case_59feaa49,0,1,0,1,1,1
case_7b98ac58,1,1,1,1,1,0
case_2e0283b4,1,1,1,1,1,1
case_903aab93,1,0,1,0,1,0
case_4ff606ee,1,1,1,1,1,1
case_9f532994,0,1,1,1,1,1
case_21085375,0,1,0,0,0,1
case_33ba5f66,1,1,1,0,1,1
case_10ebbad1,1,1,1,0,1,1
case_ce9bbc96,1,1,1,0,1,1
case_21a2d8c6,1,1,1,1,1,1
case_356f5ff7,1,0,1,1,1,1
case_8f98ba12,1,1,1,0,1,1
case_ec7af715,1,1,1,0,1,1
case_38f2cdc8,0,1,0,0,0,0
case_51929241,1,1,1,1,0,1
case_befea45e,0,1,1,1,1,1
case_f5c881a0,1,1,1,1,0,1
case_0572bedf,0,1,0,0,0,1
case_4c53dbfe,0,0,1,1,1,1
case_3329a591,0,0,1,1,1,1
case_353123a5,0,0,1,0,1,1
case_d24a78f5,1,1,1,1,1,0
case_938949a7,1,0,1,0,1,0
case_c264adc2,0,0,1,1,1,1
case_28483587,1,1,1,1,1,1
case_297c0317,0,0,0,1,1,1
case_044fcf44,1,1,1,1,1,1
case_e734b28d,0,1,1,0,0,0
case_d25c1bec,1,1,1,0,1,1
case_1b3407cf,0,0,1,1,1,1
case_e12cc60a,1,0,1,0,1,1
case_9c61fb89,0,0,1,1,1,0
case_9d05686f,1,1,0,1,1,1
case_c454b929,1,1,1,1,1,1
case_33a1c245,0,0,1,1,1,1
case_5ce59b54,1,1,1,1,1,0
case_1a4a79da,1,1,1,1,1,1
case_7959b6f6,0,0,0,0,1,0
case_7fc1fc8c,0,0,1,1,1,0
case_5c39c1b8,1,1,1,1,1,1
case_a19d3851,0,1,1,1,1,1
case_bb93af28,1,1,1,1,1,0
case_f9831d30,1,0,1,1,1,0
case_1d733801,1,1,1,0,1,1
case_1e6a6daf,0,0,1,1,0,1
case_24c8e24c,1,0,1,0,1,1
case_abe0a841,1,1,1,1,1,1
case_6ed4c01f,0,1,1,1,0,1
case_5f382bab,1,1,1,1,1,1
case_a527ca0f,1,0,1,1,1,1
case_14a9ae84,0,0,1,0,0,0
case_80527735,0,1,1,0,0,1
case_342280a6,1,1,1,1,1,1
case_1c4e468d,1,1,1,1,1,1
case_74399174,1,0,1,0,0,0
case_353db821,0,1,1,1,1,1
case_de1e50f5,1,1,1,1,1,0
case_9ab5fb0e,0,0,1,0,1,0
case_c87708ca,1,1,0,0,1,1
case_588c18da,0,0,0,1,0,0
case_46411558,0,1,1,1,1,1
case_3ad83154,1,1,1,1,1,1
case_5426e9d4,1,1,1,1,1,1
case_166e6fd7,1,1,0,1,0,1
case_0b4799ef,1,0,1,1,1,1
case_f520d8bd,1,1,1,1,1,1
case_429ed0a3,0,0,1,1,1,0
case_f706b1ee,0,1,1,0,1,1
case_b011f9e7,0,0,1,1,0,0
case_962ad5dd,0,1,1,0,1,0
case_5cc4c3b8,1,1,1,1,1,1
case_67c48505,0,0,1,0,1,1
case_a54ad437,1,1,1,1,1,1
case_fb61edd2,1,1,1,1,1,1
case_2f9344f4,1,1,1,1,1,1
case_c06306e0,0,0,1,1,1,1
case_3179659e,1,1,0,1,1,1
case_076f7ba8,0,1,1,1,1,1
case_1f2d14f1,0,0,1,0,1,0
case_26dab87f,0,1,1,1,0,1
case_55a5ba17,1,1,1,1,1,1
case_ee523130,1,0,1,1,1,0
case_89518919,0,1,1,1,1,1
case_92df8714,1,1,0,1,1,1
case_7531b084,0,1,1,1,1,1
case_61f5c4df,1,1,1,1,1,1
case_1c95eaa4,1,1,1,1,0,0
case_94e1774d,1,1,1,1,1,1
case_9aa9d607,1,1,1,1,1,1
case_531a7a7d,1,1,1,1,1,0
case_bd2aee1e,1,1,1,0,1,0
case_38735cfa,0,1,1,1,0,1
case_3e3979a5,1,1,1,1,1,1
case_2615c5b6,0,0,0,1,1,1
case_adf3a6ec,1,1,1,1,1,1
case_8bbb35ba,1,1,1,1,1,1
case_c82b1213,1,0,1,1,0,0
case_03fe736e,1,0,1,1,1,0
case_f9e0e51b,1,1,1,1,1,1
case_89002c5c,1,1,0,1,1,1
case_20497a98,0,0,1,1,0,1
case_9b4bc63a,1,0,0,1,1,1
case_353c7569,0,1,1,1,1,1
case_60ea9985,0,1,1,1,1,1
case_68c8ed72,0,1,1,1,1,1
case_40547e60,0,0,1,1,1,1
case_03e24b71,1,0,0,1,0,1
case_eeb70f1f,1,1,1,0,1,0
case_69aa966d,0,1,1,1,0,1
case_9d4bc6ba,1,1,1,1,0,1
case_b817ef90,1,1,1,1,0,1
case_874d8d0a,0,0,1,1,1,1
case_871efbd9,1,1,1,1,1,1
case_1937baf9,1,0,1,0,1,1
case_bee09f35,1,0,0,1,0,0
case_cfcbfbe5,1,1,1,1,0,1
case_c46679e8,1,1,1,1,1,1
case_5cf16f7c,1,0,1,1,1,0
case_54defb09,0,1,0,1,0,1
case_57cfbaf6,0,0,1,0,0,0
case_f9d97f4e,0,0,1,1,0,0
case_c40a66dc,0,0,1,0,1,0
case_abb73a7a,1,1,1,1,1,1
case_92b2b197,1,0,1,0,0,1
case_2c72ecef,0,1,1,0,1,1
case_d87085ec,0,0,1,1,1,1
case_307418d3,0,1,1,0,1,1
case_838e823f,1,1,1,1,1,1
case_10421181,0,0,1,0,0,0
case_c3201df7,0,1,1,1,1,1
case_36d1daaf,0,0,1,1,0,1
case_7851f918,1,1,1,1,1,1
case_a4d4c64e,0,1,1,1,1,1
case_d2cad8e8,0,1,1,1,1,1
case_b5e5106b,0,0,0,1,1,1
case_2a5764e2,1,1,1,1,1,1
case_7ce4e537,1,1,1,1,0,1
case_a9ee4062,0,1,1,1,0,0
case_31f8900a,1,1,0,1,1,1
case_b5b8f9b8,0,1,1,1,1,1
case_950feb23,0,0,1,1,1,1
case_ea32cd7b,1,0,1,0,1,1
case_021fc9d6,0,1,1,1,1,1
case_3449b1e1,0,0,0,0,1,1
case_a3198788,1,1,1,1,1,1
case_0f72980b,1,1,1,1,1,0
case_80721f30,1,1,1,0,1,1
case_2648342c,0,1,1,1,1,1
case_992d83f1,1,1,1,1,0,1
case_afedfee3,0,1,1,1,1,1
case_d1e26858,1,0,0,1,0,1
case_31d54d64,0,1,1,1,0,0
case_6c1adbbc,0,1,1,1,1,0
case_cc084b73,0,1,1,0,0,1
case_a2fe07d0,1,0,1,1,1,1
case_a7d53cd5,1,0,1,1,1,1
case_92fe6ac6,0,0,1,1,0,1
case_5126fa08,1,1,1,1,1,1
case_416a5e6e,0,0,1,1,0,0
case_4cdb7091,1,0,1,1,1,1
case_94ad12d1,1,1,1,1,1,1
case_8fe22f11,1,1,1,1,1,0
case_7c5de14d,1,0,1,1,1,1
case_166ed1fc,1,1,1,1,1,1
case_0b9a6996,1,0,1,1,1,1
case_d1517fe3,1,1,1,0,1,1
case_2ebf6af7,1,1,1,1,1,1
case_7088b331,0,1,1,1,1,1
case_5d2a3e78,1,1,0,1,1,1
case_4bd6791a,0,1,1,1,1,1
case_ae84a360,0,0,1,0,0,1
case_617dc06b,0,1,0,1,1,0
case_f6ea5175,1,1,1,1,1,1
case_3ac689c2,1,1,1,1,0,1
case_f1827747,0,1,0,0,1,1
case_7e1718b1,0,1,1,1,1,1
case_50896322,1,0,1,0,0,1
case_a0231362,1,1,0,1,1,1
case_25843f51,1,1,0,1,1,1
case_96f3c044,1,1,1,0,1,1
case_217e55af,0,1,1,0,1,1
case_58f66296,0,0,1,1,1,1
case_a33ef9c8,0,1,1,0,0,0
case_86898b04,1,1,1,1,1,1
case_42e5f520,1,1,1,1,1,1
case_f6b14897,0,1,1,1,1,1
case_32801b5c,1,1,1,1,0,1
case_af214b21,0,1,1,0,0,0
case_6b0042e8,1,1,1,0,1,1
case_fe96bbc9,0,1,0,1,0,1
case_bab75294,0,0,1,1,0,1
case_0a35a415,1,1,1,1,1,1
case_28edf11a,1,1,1,1,0,1
case_ce60213d,1,1,0,0,0,0
case_73cca458,1,0,1,1,1,0
case_091cccb9,0,0,1,1,1,1
case_fbae5380,1,1,1,1,1,1
case_34f90005,1,1,1,1,0,1
case_a391e856,1,1,1,1,1,1
case_b767e0f7,1,1,1,1,1,1
case_5d3e387f,1,0,1,1,1,0
case_8d955225,1,1,1,1,0,1
case_b692b65b,1,1,1,0,1,1
case_97828784,1,1,1,1,1,1
case_e7effae4,1,1,0,1,1,1
case_b8aa07ec,1,1,1,1,1,1
case_e10ead91,1,1,1,0,0,1
case_f32a2db1,1,1,1,0,1,1
case_ea0ce34c,1,1,1,1,0,1
case_229d3890,0,0,1,0,0,1
case_f928ed2d,1,0,1,1,1,1
case_39af1e0a,1,1,1,0,1,1
case_e2f9aff8,1,0,1,1,1,0
case_f50495e3,0,0,1,0,0,1
case_35a379d0,1,0,1,1,0,1
case_e68e7c57,0,0,1,1,0,0
case_b450f4ab,1,1,1,1,1,1
case_cb7de0cd,1,0,1,1,1,0
case_9d7b25a0,0,1,1,1,1,0
case_8b4a82df,1,1,1,1,1,1
case_4f2db2a4,1,0,1,0,0,0
case_18b985e2,1,1,1,1,1,1
case_3e322946,1,1,1,0,1,1
case_3ce63d92,0,1,1,0,1,0
case_a94bd533,1,1,1,1,1,1
case_aefc279e,0,1,0,0,1,1
case_b518a968,0,1,1,1,1,0
case_7cc92a6d,0,0,1,1,0,1
case_734b4743,1,0,1,1,1,1
case_855817aa,0,0,1,1,1,1
case_b7da4095,1,1,1,1,1,1
case_b418b04d,0,0,1,0,0,0
case_0434add9,1,0,1,0,1,1
case_9f3edbf0,0,0,1,0,0,1
case_823d7a5c,1,1,1,1,1,1
case_330eac34,1,1,1,0,1,1
case_8ed13a9a,1,1,1,1,1,0
case_0b253f14,1,1,1,1,1,1
case_b36ecc63,1,1,1,1,0,1
case_b1e4ce19,1,0,1,0,1,0
case_f1dc3e5b,1,1,1,1,1,1
case_c3d32dc5,1,1,0,1,1,1
case_5938243e,1,0,1,0,0,1
case_6bda0e91,0,1,1,1,1,1
case_7dbab283,1,1,0,1,1,1
case_bce4cf48,0,0,1,1,1,1
case_3e7312e9,1,1,1,1,1,1
case_86e19e05,0,0,1,1,1,1
case_a2bed634,0,1,1,1,0,1
case_eec6ff48,0,1,1,1,1,1
case_57cf94be,1,1,1,1,1,1
case_14f042f8,1,1,1,0,1,1
case_076609d8,0,1,1,0,1,0
case_2d8fccf0,0,0,1,1,1,1
case_ec05a6b0,0,0,0,1,1,0
case_f009c06e,1,1,1,1,1,1
case_72a47e5c,0,0,1,0,0,0
case_fa33b3a2,1,0,1,1,0,1
case_c0744967,0,0,1,1,1,0
case_beec704b,1,1,1,1,1,1
case_2a166966,0,0,1,1,0,1
case_7361d6b5,1,0,0,1,1,0
case_c515d80b,1,1,1,1,1,1
case_71b91f9e,0,1,1,1,1,1
case_1f47ce38,0,1,1,1,1,1
case_2a74191c,0,1,1,1,1,0
case_b23bf3d4,1,1,1,1,1,1
case_a0460203,1,1,1,0,0,1
case_6df58dab,0,0,1,1,1,1
case_41e516be,1,1,1,1,1,1
case_41100826,1,1,1,1,1,1
case_8988341b,1,0,1,0,1,1
case_38e2057e,1,0,1,1,0,1
case_3ec3ed44,0,1,1,0,1,1
case_e6901d1b,0,0,1,0,1,0
case_3c360ee8,0,0,1,0,1,1
case_e30fbe5b,0,0,1,0,1,1
case_2b3c2968,1,1,1,0,0,1
case_d68dc142,1,0,1,1,1,1
case_d0b62f2e,1,1,1,0,1,1
case_a2097e5a,1,1,1,1,1,1
case_d4dca4d4,1,1,1,1,1,1
case_cb391868,1,1,1,1,1,1
case_cd75715f,1,1,1,1,1,1
case_129e38a0,1,1,1,1,1,1
case_2daa3660,1,0,1,1,0,1
case_64b7bf28,1,0,1,0,1,1
case_eab863c5,1,1,1,1,1,1
case_5da75f6b,1,1,1,0,1,1
case_74e6917a,1,1,1,1,1,1
case_9160ef55,1,1,1,1,1,1
case_bc3d2880,1,0,1,1,1,1
case_ed5bb1e2,1,1,1,1,1,1
case_3c6b2b1d,0,0,1,1,1,1
case_e8c48467,0,1,1,1,1,1
case_c6f98a6b,1,0,1,0,1,1
case_2cf4f950,0,1,1,1,0,0
case_fcda00a9,1,1,1,1,1,1
case_831e68b3,1,1,1,0,1,1
case_380a6cf0,0,0,0,1,0,0
case_c2b4f80c,1,0,1,1,1,1
case_9d8cf76a,1,1,1,1,1,1
case_e9aee2ce,1,1,1,0,1,1
case_c153c036,1,0,1,1,1,0
case_04a83552,0,1,1,1,0,1
case_66a39269,0,0,1,1,1,1
case_ebf78437,1,1,1,1,1,1
case_cb591e47,1,1,1,1,0,1
case_17633622,0,1,1,1,1,0
case_c5380d63,0,1,1,0,0,1
case_362a1b2c,0,1,1,0,1,0
case_d6b51e36,0,0,1,1,0,1
case_d3eab456,1,0,1,1,1,1
case_e38bdd9c,1,1,0,1,0,1
case_90aaadef,1,1,1,1,1,1
case_7e2ea57f,1,0,1,1,1,0
case_27d13514,0,0,1,1,1,1
case_b9c30e92,1,1,1,0,1,1
case_7090de46,1,1,1,1,1,1
case_2cfbd8e6,0,1,1,1,1,1
case_528c80e8,1,1,1,1,1,1
case_31b945d0,1,0,1,0,1,0
case_9b19caab,0,0,1,1,0,1
case_8df412ce,1,1,1,1,1,1
case_3a65dc73,1,0,1,1,1,1
case_552097a9,1,0,1,1,1,1
case_8f6d0850,1,1,1,1,1,1
case_480b595f,0,0,1,1,0,1
case_7baf0859,0,0,1,0,1,1
case_a086db79,1,0,1,1,0,0
case_543343e0,0,0,1,1,1,1
case_b5aed82e,1,1,1,1,0,1
case_0f9fca9d,1,0,1,1,1,1
case_5032ce2b,1,1,1,1,1,1
case_4f5c0b7c,0,0,1,0,1,1
case_befa33a3,1,0,1,1,1,1
case_3287068e,1,0,1,1,1,1
case_27d22b74,1,1,1,1,0,1
case_796a91bc,0,1,1,1,1,1
case_b4c7790f,1,0,1,1,0,1
case_de0d12f1,0,0,0,1,1,0
case_0ef01462,0,1,1,1,1,1
case_314ae899,1,1,1,1,1,1
case_0e4139d3,1,1,1,1,1,1
case_a784f687,0,0,1,0,0,0
case_3695e3f3,0,1,1,1,1,1
case_f0941a67,0,1,1,1,1,1
case_30657d53,1,0,1,1,1,1
case_cfb2a885,0,0,1,0,0,0
case_b4d8e19b,0,0,0,1,0,1
case_739ede68,1,1,1,1,1,0
case_00762e82,0,0,1,0,1,1
case_5ea844a1,1,1,0,1,1,1
case_c0d064ed,1,1,1,1,1,1
case_d6bf20b4,1,0,1,1,1,1
case_53d1f9d5,1,0,1,0,0,1
case_770da609,1,1,1,1,0,1
case_0fef7079,1,1,1,1,1,1
case_350993e5,1,1,1,1,1,1
case_81a05f59,1,1,0,1,1,1
case_b47aea38,1,1,1,1,1,1
case_69552180,1,1,0,1,1,1
case_9d113a3f,1,0,1,1,1,1
case_a4ccbdc7,0,0,0,0,1,1
case_9636e661,1,1,1,1,1,1
case_6870cdb6,1,1,1,1,1,1
case_966ef1c7,1,1,0,1,1,1
case_1dabd8b4,0,1,1,0,1,1
case_b87771b3,1,1,1,1,1,0
case_90fc3fbb,0,0,1,1,0,1
case_f5443e97,0,1,0,1,1,1
case_bf9d8f3c,1,1,1,1,1,1
case_7099bc2f,0,1,1,0,0,1
case_a96e60ec,1,1,1,1,1,0
case_bf7c27a5,0,0,1,1,1,0
case_34689255,1,0,1,0,1,1
case_882346e8,0,1,1,1,1,1
case_6fa91346,0,0,1,1,0,1
case_eb392441,0,0,1,1,0,1
case_fb261cee,0,1,1,1,1,1
case_2bf3dbd9,1,1,1,1,1,1
case_fec8446b,1,1,1,0,1,1
case_c30112da,1,1,1,1,1,1
case_3509054d,0,1,1,1,1,1
case_1616c8a6,0,0,1,1,1,1
case_499cf4f6,1,1,1,0,1,1
case_6052dc1b,0,0,1,0,1,1
case_9ae3e685,0,0,1,1,1,1
case_6e9695ad,1,0,1,0,1,0
case_9eb82b83,0,0,1,1,0,1
case_e63e427a,0,1,1,1,1,1
case_9c39b306,0,1,1,1,0,1
case_80a43e90,0,1,1,0,1,1
case_1f77c862,1,0,0,1,1,0
case_2ba8c0af,1,1,1,1,1,1
case_3cfb051f,1,1,1,1,1,0
case_d7232bdf,1,1,1,1,0,1
case_c36d7c47,0,0,1,0,0,0
case_563b8f4c,1,1,1,1,1,1
case_fcc482d9,1,1,1,0,1,1
case_5169b12e,0,0,1,1,1,1
case_cf3c127d,0,1,0,0,0,1
case_0f82c775,1,1,1,0,0,0
case_5e0865cd,0,0,1,1,0,1
case_6c0cc03b,1,1,1,0,0,0
case_a9380f17,0,0,1,1,1,0
case_729c79ea,1,1,1,0,0,1
case_e52bc1f9,1,1,1,1,1,1
case_703ac3ca,0,0,1,0,0,1
case_b4e87bf9,0,1,1,0,1,1
case_96420028,0,1,1,1,1,1
case_4473b2f2,1,0,1,0,0,1
case_7763a8f7,1,1,1,1,1,1
case_67f6c61b,0,0,1,1,0,1
case_72876a9d,0,1,1,1,1,1
case_3ac48e4a,0,0,1,0,0,1
case_fae00738,1,1,1,1,1,1
case_982250b8,0,1,1,1,1,1
case_f36fecbf,1,0,1,0,1,1
case_f3dad986,0,1,1,0,1,1
case_230499c8,1,0,1,1,0,0
case_98942602,0,1,1,1,1,0
case_beadab6a,0,0,1,1,1,1
case_6d499888,1,1,1,1,1,1
case_b7f6e23f,1,1,1,1,1,1
case_2e6e0526,1,1,1,0,1,1
case_27dc70a4,0,0,0,0,1,1
case_3cd216dd,0,0,1,1,1,1
case_8173c06b,0,1,1,0,1,1
case_332bf3ca,0,0,1,1,1,1
case_eef44c2b,0,0,1,1,0,1
case_fc358a2f,1,1,0,0,1,0
case_bca9e59f,0,1,1,0,0,1
case_55c340cc,1,1,1,1,1,1
case_8655c70b,0,1,0,1,1,1
case_6a9f38c7,1,0,1,1,1,1
case_67e48423,1,0,0,0,0,1
case_a6528968,1,1,1,1,1,1
case_21353b07,0,0,1,1,1,1
case_d054126c,1,1,1,1,1,1
case_592d88e7,1,1,1,0,1,1
case_e9832eaa,0,1,1,1,0,1
case_48ba2d9a,0,0,1,1,0,1
case_6e7be257,1,1,1,1,0,1
case_ef68a015,1,0,1,1,0,1
case_61da88e1,1,0,1,0,1,1
case_ccb8f266,1,1,1,1,1,1
case_2550e8bd,1,1,1,0,1,1
case_b58dee46,1,1,1,1,1,1
case_624a6244,1,0,1,1,0,1
case_bee7d69f,1,1,1,1,1,1
case_c8be0583,1,1,1,1,1,1
case_d777bd1a,0,1,1,1,0,0
case_8551ce01,0,1,0,1,1,0
case_e56a717c,0,0,0,1,1,1
case_7a395ed3,1,1,1,1,1,0
case_df0a0d1b,1,1,1,1,1,1
case_7689be11,1,1,1,1,1,1
case_75aa7d33,1,1,0,1,1,1
case_14ba87a6,1,1,1,1,1,1
case_362b994a,1,1,1,1,1,1
case_de242a2f,0,1,0,0,0,1
case_60adb464,1,1,1,1,1,1
case_132e2698,1,1,1,1,1,1
case_8930da75,1,0,1,1,0,1
case_8120f173,0,0,1,0,1,1
case_134ba9c3,0,0,1,1,1,1
case_a8a0b0dc,1,1,1,1,1,1
case_c1518b7f,0,0,1,0,1,1
case_2816fec0,1,1,1,1,1,1
case_3690cf32,1,1,1,1,1,1
case_d1c7e01f,0,1,1,0,1,1
case_9dcbc93a,1,1,1,1,1,1
case_5f8840d0,1,1,1,1,1,1
case_e17a1290,0,0,1,1,1,1
case_68cb730f,0,0,1,1,1,1
case_95382a55,1,1,1,1,1,1
case_2daec563,0,0,1,0,1,1
case_8331a2fc,0,1,1,1,1,0
case_66126db0,1,0,0,0,1,1
case_3713f27b,1,1,0,1,1,1
case_9b6c043e,0,0,1,1,1,1
case_e2291da0,1,0,1,1,0,0
case_3379852b,1,1,1,0,1,1
case_1f0c91fa,1,0,0,0,1,0
case_8f409f4c,0,0,1,1,1,1
case_62da629a,1,1,1,1,1,1
case_8ff436a9,1,1,1,1,1,1
case_972856aa,1,1,1,1,1,1
case_b53542b7,0,0,1,1,1,1
case_e96dc7e6,0,1,0,0,1,1
case_fa4719ce,0,1,1,1,1,1
case_0d581828,0,1,1,1,0,1
case_1111243e,1,1,1,1,0,0
case_3c8458de,0,1,1,1,1,0
case_055738af,1,0,0,1,1,0
case_99ea5507,0,1,0,1,1,1
case_d30973bf,0,0,1,1,0,1
case_37cb06a3,1,1,1,1,1,0
case_c837af1e,1,1,0,1,1,1
case_0782166e,1,0,1,1,1,0
case_9dd6b447,1,1,1,1,1,1
case_9cbf0e1a,1,1,1,1,1,0
case_77f95d86,1,1,1,1,1,1
case_55d10fb0,0,1,1,1,0,1
case_3dc33fcf,1,1,1,1,0,0
case_306792db,1,1,0,1,1,1
case_e9c62eb5,0,1,1,0,1,1
case_61743a50,1,1,1,1,1,1
case_d8e441f3,1,1,1,1,0,0
case_65a80b01,1,1,1,1,0,1
case_7e050612,1,1,1,1,1,0
case_95530337,1,0,1,0,1,1
case_af22b266,1,1,1,1,0,1
case_be8e68ae,1,0,1,0,1,1
case_0b2de32d,0,0,1,1,1,1
case_34451e34,0,0,1,0,0,0
case_20e65c14,0,1,1,1,1,1
case_4db03582,1,0,1,0,1,1
case_1ef156ae,1,1,1,1,1,1
case_27d3e4e7,1,1,1,1,1,1
case_a88fd305,1,1,1,1,1,1
case_69487779,0,1,1,1,0,0
case_97182cb9,1,1,1,1,1,1
case_aa322f04,0,0,1,1,0,1
case_b3a71ed3,0,1,1,1,1,1
case_a7b8487c,1,1,1,0,1,1
case_7f82277a,1,1,1,1,1,1
case_94f26b8f,1,1,1,1,1,1
case_438846f6,0,1,1,1,1,1
case_54071d77,0,1,0,1,0,0
case_1d8725d9,1,1,1,1,1,1
case_7701e436,0,1,1,1,1,1
case_9131dae2,0,1,1,0,1,1
case_b46545d2,1,0,0,0,0,1
case_18cf7961,1,0,0,0,1,1
case_7b6588bc,1,1,1,1,1,1
case_dc1b09c2,0,1,1,0,1,1
case_7048edf8,0,0,0,1,1,1
case_7709ec09,0,0,1,1,0,1
case_86c0b89d,1,0,1,0,1,1
case_4e9daa8c,0,1,1,1,1,0
case_6e19217a,0,1,1,0,1,1
case_384d2ce5,0,1,1,1,1,1
case_eacfb217,1,1,1,1,1,1
case_889e6537,0,0,1,0,1,1
case_6ae9e36f,1,1,0,0,1,1
case_d6d12335,1,0,1,1,1,1
case_3601b3df,1,1,1,1,1,1
case_9502d62d,1,1,1,1,1,1
case_14a146fb,0,0,1,1,1,1
case_19f1b02d,0,1,1,1,1,1
case_a094e034,1,1,1,1,1,0
case_78b3b506,0,0,1,1,1,0
case_00229f1f,1,1,1,1,1,1
case_88cab12e,0,1,1,1,1,1
case_66c4f93b,1,1,1,1,1,0
case_e59cac82,1,1,1,0,1,0
case_aa8dea68,1,1,1,1,1,0
case_e5480dae,1,1,1,1,1,1
case_f604e10e,1,1,0,1,1,1
case_6ff0e591,0,0,1,0,0,0
case_375d3456,0,0,0,0,1,0
case_03e024f5,1,1,1,0,1,1
case_60ea2464,1,1,1,1,1,1
case_da47629b,0,0,1,0,0,1
case_36a00f3c,0,0,1,1,0,1
case_b8c72947,1,0,0,1,0,1
case_5350b933,1,1,1,1,1,1
case_907d922e,1,0,1,1,1,1
case_b379ab5e,1,1,1,1,1,1
case_d27f02ce,0,0,1,0,1,1
case_ee4abc95,0,1,1,0,0,1
case_4b863d9c,1,1,1,1,1,1
case_cf969609,1,0,1,1,1,0
case_483a494c,1,1,1,1,1,1
case_c0785a78,0,1,1,0,0,1
case_9a512c86,0,1,1,1,1,1
case_fb5d419c,0,0,1,1,0,1
case_9182142e,1,1,1,1,1,1
case_dc912461,0,0,1,1,0,0
case_493033b2,1,1,1,1,0,1
case_37395857,1,1,1,1,1,1
case_1c8a603c,1,1,1,1,1,1
case_144fa0c0,1,1,0,1,1,1
case_d669b2d8,1,1,1,0,0,1
case_69ecd780,1,1,0,1,1,1
case_0d8322a5,1,0,1,0,1,0
case_a96d3092,1,1,1,1,1,1
case_cea8f630,0,1,0,1,1,1
case_9eb50d06,1,0,1,1,1,1
case_5f7931d1,1,0,1,1,1,1
case_4fbfcd7d,1,1,1,1,1,1
case_53a7a8ae,1,1,1,1,1,1
case_a89eabd7,1,0,1,1,0,1
case_0f616a36,0,0,0,1,0,1
case_fafc8ff2,1,1,1,1,1,1
case_9e07c483,0,1,1,0,1,1
case_1f130803,1,1,1,1,1,1
case_aba6f0e5,1,1,1,1,1,1
case_f3fa38a4,1,1,1,1,1,1
case_53f21f01,1,1,1,1,1,1
case_cd9a5b2c,1,1,1,1,1,1
case_b8104732,0,1,1,0,1,1
case_6cb8a422,1,0,1,1,0,1
case_1b1ea0af,0,1,1,0,0,1
case_c128fe4e,1,1,0,1,1,0
case_5f4abb85,1,1,1,0,1,0
case_b2085d09,0,0,1,1,1,0
case_b8ab5678,0,1,1,0,0,0
case_7d682497,1,1,1,1,0,1
case_380048a7,1,0,1,1,1,1
case_e10e35b6,0,0,1,1,1,1
case_aa69ecb4,0,1,1,1,0,0
case_68bb9e0c,1,0,1,1,0,1
case_6172cc87,0,1,1,0,0,0
case_2790d9a4,1,1,1,1,1,0
case_65d9bc78,0,1,1,1,0,0
case_869d77fd,0,0,1,0,0,1
case_098fc0fc,1,0,1,1,0,1
case_665db8ba,0,1,1,1,1,1
case_3a315bc2,1,0,1,0,1,1
case_8cfb0ccd,1,1,1,1,1,1
case_3047a0e6,1,1,1,0,1,1
case_e75c73d1,1,1,1,1,1,1
case_e84ac0f8,1,1,1,1,1,1
case_37a98be9,0,0,1,1,1,0
case_f5e461a6,0,1,1,0,1,1
case_953f0493,1,1,1,1,1,1
case_5944a6eb,1,1,1,1,1,1
case_4cdba2b0,1,1,1,0,1,1
case_7c1d0aa5,1,1,1,1,1,1
case_7c85d9e1,1,1,1,1,1,1
case_c6c8f22a,1,0,1,1,0,1
case_7b091ee5,1,1,0,1,1,1
case_d1f6e531,1,1,1,1,1,1
case_23a39712,1,1,1,1,1,1
case_d04dc14a,0,0,1,1,0,1
case_6aae046b,1,0,1,1,1,0
case_f7fed87a,1,1,1,0,1,1
case_8520723d,0,0,1,0,0,0
case_560466e0,1,0,1,0,1,1
case_8e00ac63,0,1,1,0,1,1
case_9c6c9fa0,1,1,1,1,1,1
case_f29e1cf1,1,1,0,1,1,1
case_71c7da80,0,1,1,1,1,1
case_0f68f770,0,0,1,1,0,1
case_24cea66f,1,1,0,0,0,1
case_c72bf067,0,1,1,1,0,1
case_3426455c,1,0,1,0,1,1
case_6c35455f,1,1,1,0,1,1
case_e5cba5f6,1,0,1,1,1,1
case_bd764867,1,1,0,1,1,1
case_7f40480c,1,1,1,1,1,0
case_905a536f,0,0,1,1,1,1
case_4cdb84eb,1,1,1,1,1,1
case_36169bad,1,1,1,1,1,1
case_1d3f24dc,1,1,1,1,0,0
case_4941a82a,1,0,1,1,1,1
case_be17af98,0,1,1,1,1,1
case_ecf4c2dd,1,0,1,0,1,1
case_77890a44,0,1,1,1,1,1
case_1c2862e5,1,0,1,0,1,1
case_e49d3252,1,0,1,1,0,1
case_8469ec7c,1,0,1,1,1,1
case_7b64fa54,1,1,1,0,1,1
case_13498eec,1,1,1,1,1,1
case_a828e485,0,1,0,0,0,0
case_1070c1f7,0,0,1,1,1,1
case_6c7286d0,1,1,1,1,0,1
case_d50b4954,1,1,0,1,1,1
case_07fd8fb5,1,0,1,0,1,1
case_d33cf70e,1,1,1,0,1,1
case_376dec50,0,1,0,0,0,1
case_3fe2e777,1,0,0,1,1,1
case_ce6fc580,1,1,1,0,1,1
case_0124a4bc,0,0,1,0,1,0
case_7f4dab71,1,1,1,1,1,1
case_2143a960,1,0,0,1,1,1
case_c468850e,1,0,0,1,1,1
case_0ca80860,1,1,1,1,1,1
case_d3c88a73,0,0,0,0,1,0
case_9995ec3a,1,0,1,1,1,1
case_72d3d214,1,1,1,0,1,1
case_831873f1,0,0,1,0,1,0
case_8fd49fbb,0,0,1,1,1,1
case_509a6576,1,1,1,1,1,1
case_2eab9ac8,1,1,1,1,1,1
case_a931406e,0,0,1,0,0,1
case_1cb8dc49,1,1,1,0,0,1
case_ccab36c9,0,0,0,0,1,1
case_f6ed6c88,1,1,1,1,1,1
case_8a4679c5,1,0,1,1,1,1
case_b58781f7,0,0,1,1,1,1
case_a3d126e5,0,1,1,0,1,1
case_79d16d12,1,0,1,0,0,1
case_877b9448,0,0,1,1,1,1
case_bcdd55d4,1,1,1,1,1,1
case_3853f432,1,0,1,1,1,0
case_d9cbbada,1,1,1,1,1,1
case_29a2e967,0,0,1,1,1,1
case_66ca4d4f,1,1,1,1,1,1
case_9884dbd7,0,0,0,0,1,0
case_c2a1e9e4,0,0,1,0,1,1
case_f5836c33,0,0,0,0,1,1
case_caa99282,1,0,1,1,0,1
case_b90ecb02,1,1,1,1,1,1
case_7eaed002,1,1,1,1,1,1
case_6ffc579f,1,1,1,1,1,1
case_55cbbbf7,1,1,1,0,1,1
case_21b32350,1,0,1,0,1,0
case_b8a66af4,1,0,1,1,1,1
case_2f36cb65,0,1,1,0,0,1
case_61879a22,1,1,1,1,1,1
case_fc046d5f,0,0,0,1,1,0
case_523908cf,0,1,0,1,1,1
case_88b40264,1,1,1,1,1,1
case_0b096e4f,1,1,1,1,1,1
case_eafdf738,1,1,1,1,1,1
case_5af86b19,0,0,1,0,1,1
case_34eb340d,1,0,1,1,1,1
case_64042f39,1,0,1,1,1,1
case_dc02fb73,0,0,1,0,1,1
case_b7189696,1,1,1,1,1,1
case_ac58f45c,1,0,0,1,1,1
case_99f73bfe,0,0,0,0,0,1
case_355d7b3f,1,1,1,1,1,1
case_a852b31d,0,1,1,1,1,0
case_7883406e,0,0,1,0,1,0
case_acad34e5,1,1,1,1,1,1
case_f51e0ad6,1,1,1,1,1,1
case_1f1e9cee,1,1,1,1,1,1
case_4b79b5d3,1,0,1,1,1,1
case_503668e1,1,1,1,1,1,1
case_82896f96,0,0,0,1,0,0
case_a6cd18e5,0,0,1,1,0,1
case_b30fb811,1,1,1,1,0,1
case_6ad97a89,0,0,1,1,1,1
case_fdcfb6be,1,0,1,1,1,1
case_094f06b7,0,1,1,0,1,0
case_1c232e78,1,0,1,1,0,1
case_d2a91e83,1,1,1,1,0,1
case_61248875,1,1,1,1,1,1
case_ebe2245f,0,0,1,0,1,1
case_90d6a2f9,1,1,1,1,1,1
case_0d7f41d2,1,1,0,0,0,1
case_c5dda9ae,1,1,1,1,1,1
case_50050a76,1,1,1,1,1,1
case_cb57f715,1,1,1,1,1,1
case_ae72e768,0,0,1,1,0,1
case_fcd2829c,0,1,1,0,1,1
case_ffd93cba,1,1,1,1,1,1
case_ee860961,0,0,1,0,0,1
case_3b751e75,1,0,1,1,1,0
case_0058dfd9,1,1,1,0,1,1
case_25ff9908,0,1,1,1,1,1
case_30af9d59,0,1,1,1,0,1
case_5543b95a,1,1,1,1,1,1
case_96f6ae87,0,1,1,0,0,1
case_cc5ba7aa,1,1,1,1,1,1
case_bfa96f51,1,1,1,1,1,0
case_081b4572,1,0,0,1,0,1
case_7080d38b,1,1,1,1,1,1
case_1f39c91c,1,1,1,0,1,1
case_a0c27b91,1,1,0,0,1,1
case_5062ec0e,1,0,1,1,1,1
case_2efde36b,0,0,1,1,1,1
case_56268a8c,1,1,1,1,1,1
case_47809ddc,0,0,1,0,1,1
case_5d0df4af,1,1,1,1,1,1
case_f8bbacc8,1,1,1,0,1,1
case_523201bf,1,1,1,1,1,0
case_9fae8598,1,1,1,0,1,1
case_573dee6a,1,1,1,0,1,0
case_cd609a1a,1,0,1,1,1,1
case_2e74b76e,0,0,1,1,0,1
case_6b2379ea,1,0,1,0,1,1
case_7ab57434,1,1,1,1,1,0
case_dce51512,0,0,1,0,0,0
case_84b46885,1,1,1,1,1,1
case_84953e0a,1,1,1,1,1,1
case_daea7dc8,1,1,1,1,1,1
case_af7ae5f1,0,0,1,1,1,0
case_33317c02,1,1,1,1,0,1
case_172155e5,1,1,1,1,1,1
case_3836c1ba,0,0,1,0,1,1
case_d2c77250,1,0,0,1,1,1
case_592354f7,0,1,1,1,1,1
case_d8f318ef,1,1,1,1,1,1
case_87310e5e,0,1,1,1,1,0
case_241a4cc0,1,1,1,1,1,1
case_a4b74974,1,1,1,1,0,1
case_40768a48,1,0,1,0,1,1
case_b040d571,0,1,1,1,1,1
case_2c9366a9,0,1,1,1,1,1
case_5610bb8d,0,0,1,1,0,0
case_f8164ac0,1,1,0,1,1,1
case_62129dc6,1,0,1,0,1,1
case_69d76c82,1,0,1,0,1,1
case_80978da9,1,1,1,1,0,1
case_e9ba2c0f,1,1,1,1,1,1
case_e11e1646,1,1,1,1,1,0
case_91fa7337,0,1,1,0,0,1
case_7a63b7d1,1,1,1,1,1,1
case_6c75790b,1,1,1,0,1,1
case_23c74b16,0,0,1,1,0,1
case_f4abfaac,1,1,1,1,0,1
case_90c2aa6c,1,0,1,1,1,1
case_971c8ec0,1,0,1,1,1,1
case_25d29080,1,1,1,0,1,1
case_5fec09c9,1,1,1,1,0,1
case_5a0f2f88,1,1,0,1,1,1
case_fa00685c,0,1,1,0,0,0
case_26175a4b,0,1,1,1,1,1
case_4ea956d0,1,1,1,1,1,1
case_c9f854d6,1,0,1,1,0,1
case_cfd7610d,1,0,1,1,0,1
case_05f10132,1,1,1,0,1,1
case_727b108e,1,0,1,1,1,1
case_50ab36fe,1,1,1,0,0,1
case_6c41492d,0,1,1,1,1,1
case_1bd8cd15,1,1,1,1,0,1
case_755c8f0c,1,1,1,1,1,1
case_9ed55093,0,0,1,0,1,1
case_3e1de0a9,0,1,1,1,0,1
case_5f3ce52a,0,1,1,1,0,1
case_d0b18b7f,0,1,0,1,1,1
case_e41182d7,1,1,0,1,0,1
case_0b9bb519,1,1,1,1,0,0
case_c55333de,0,0,1,1,1,1
case_0e1a8329,0,1,1,1,1,1
case_22cd2516,1,1,1,1,1,1
case_5a6ce3ae,0,0,1,1,0,0
case_eb137d57,1,0,1,1,1,1
case_a16c6bcb,1,0,1,1,1,1
case_b6c7a589,1,1,0,1,1,1
case_abc1bc3b,1,0,1,1,1,1
case_1292f5e5,0,0,1,0,1,1
case_71b51e7a,1,0,0,1,1,1
case_7dfe1f51,1,1,1,1,0,1
case_eb0f7fc9,1,1,1,0,0,1
case_e4f3b8d1,0,0,1,1,0,0
case_0ff9aafe,1,0,1,1,1,1
case_9356f063,0,0,1,1,1,1
case_8cbcc75a,0,0,1,1,1,1
case_ffd837df,1,1,1,1,1,1
case_beaf40fb,1,1,1,1,1,1
case_f462342e,1,0,1,0,1,1
case_73a5fe2d,0,1,0,0,1,1
case_60cebe3f,0,0,1,1,1,1
case_e8570426,0,1,1,1,1,1
case_f3f6349f,1,0,1,1,1,1
case_53b5c24c,1,0,1,1,0,1
case_33ba341b,0,0,1,1,1,1
case_0f32ec58,1,1,1,1,0,1
case_d5588916,1,0,1,0,1,1
case_cffe1bed,0,1,1,0,1,1
case_982a3442,1,1,1,1,0,0
case_46434055,1,1,1,1,0,1
case_e9cbaafa,1,1,1,1,1,1
case_fbaef2d1,0,0,1,1,0,0
case_07b33d67,0,0,1,1,1,0
case_ef2d8e20,1,1,1,1,1,1
case_4bd406cc,1,1,0,1,1,1
case_5e4f491b,1,1,1,1,1,0
case_aee97b67,1,1,0,1,1,1
case_cb36c788,1,0,1,1,1,1
case_cd2752f2,0,0,1,0,1,1
case_e8861685,1,1,1,1,1,1
case_9af7df21,1,0,1,0,0,1
case_f8c8fefc,1,1,0,1,0,1
case_49f27ac7,0,0,1,1,1,1
case_e5851d39,0,0,1,1,1,0
case_a770a0fa,1,1,0,1,0,1
case_89c84b97,1,1,1,1,1,1
case_5ba9550e,1,1,1,0,0,1
case_0bcc5871,1,1,1,1,1,0
case_dc8f495a,0,0,1,0,1,1
case_aa12245e,0,0,1,1,0,1
case_06b4e037,1,1,0,1,1,1
case_f8c51dc6,0,1,1,1,0,0
case_73ae1252,1,0,1,1,1,1
case_542fc2d2,1,0,0,1,0,1
case_1bda6d2f,1,1,1,1,1,1
case_dcad55e6,0,0,0,1,1,0
case_c4c8357c,1,0,1,0,1,1
case_39585d84,0,1,1,0,0,1
case_7bcdc8c5,1,0,1,1,1,1
case_7907bf49,1,0,1,1,0,0
case_5eff147f,1,1,1,1,1,1
case_40801b69,1,1,1,1,1,1
case_00062009,1,1,1,1,1,1
case_0d0c36fd,0,0,1,1,1,0
case_b9fea402,0,0,0,1,1,1
case_5113640d,1,1,1,1,1,1
case_ae152db1,1,1,1,1,1,0
case_57a9c4bb,0,0,0,0,0,0
case_c84b6c84,0,0,1,0,1,1
case_9a72cc7b,1,1,1,1,1,1
case_1a76c9e7,1,1,1,0,1,0
case_04cb9cb6,0,0,1,1,0,1
case_5ae6fd59,0,1,0,1,1,1
case_7c3c35ee,1,1,0,1,0,1
case_3f55d2fe,1,0,1,1,1,1
case_9d26d2bf,0,1,1,1,1,1
case_60c306dd,0,1,1,0,1,1
case_054e1893,0,0,1,0,1,1
case_c8905d2a,0,1,1,0,0,0
case_7139c55a,1,1,1,1,1,1
case_6206ed46,1,0,1,1,1,1
case_2f6b0f8a,0,1,0,0,0,1
case_6ef4c78a,0,1,1,1,0,1
case_e5ebda5d,0,1,1,1,0,0
case_24053386,0,1,1,0,1,1
case_4785430c,1,1,1,0,1,1
case_b9e27254,0,1,1,1,1,1
case_357d5b86,1,1,1,1,1,1
case_5b6ab14d,0,1,1,1,1,1
case_c13ee7e5,0,1,0,0,0,0
case_761beeb6,1,1,1,1,1,0
case_c0adc7f0,0,1,1,1,1,1
case_3b607fb7,0,1,1,1,1,1
case_e109819f,0,0,1,0,0,1
case_c80a5376,0,0,1,1,1,1
case_623169c5,0,0,1,1,1,1
case_c06f2dd5,0,1,1,1,1,0
case_33b1df98,1,1,1,1,1,1
case_8b97fa36,0,0,1,0,1,0
case_9d4561ad,1,1,1,1,1,1
case_31ae6180,1,1,1,1,1,1
case_9f226dae,1,1,0,0,1,1
case_3543d4f6,0,1,1,1,1,1
case_3cf14a52,1,0,1,1,1,1
case_e2e71cbd,0,1,1,1,1,1
case_73987f17,0,1,1,0,1,1
case_696a5c50,0,1,1,1,0,1
case_a1841310,1,0,1,0,1,0
case_14cb954d,1,1,1,1,1,1
case_db044374,1,1,1,1,0,1
case_dc34b36b,1,0,1,1,1,0
case_ad1ddab3,0,1,1,0,1,1
case_79ca3e64,0,0,1,0,0,1
case_bbf620e2,0,1,1,0,1,1
case_1582c47e,1,0,1,1,1,1
case_8cafc089,1,1,1,1,1,1
case_85331495,1,1,1,1,1,1
case_0d41acb5,1,1,1,1,1,0
case_05164e75,1,0,1,1,1,0
case_ea36ed26,0,1,1,1,0,1
case_59cf78b5,0,1,0,0,1,0
case_c96c7b27,0,0,1,1,0,1
case_cc9b7c8d,0,1,1,1,1,1
case_eb228d2a,1,1,1,1,1,1
case_7d9f8f94,1,1,1,1,1,0
case_8c914029,0,1,1,0,1,1
case_ee3c9630,1,0,1,1,1,1
case_5f86c0a3,0,0,1,0,1,1
case_31533bf0,1,0,1,1,1,1
case_1b7a9713,1,0,1,0,1,1
case_3587d338,1,1,1,1,1,1
case_096941e1,1,1,1,0,0,1
case_d6d7b64b,0,1,1,0,1,1
case_13c3f1eb,1,1,1,0,1,1
case_fc561d0b,0,0,1,1,1,1
case_9e5f812b,0,0,0,1,1,0
case_fb4f8fad,1,1,1,1,1,1
case_d30ae41f,0,1,1,1,1,1
case_80eafff2,0,0,1,1,0,1
case_142175d7,0,0,1,1,1,1
case_be66b934,1,1,1,1,1,0
case_756516b4,1,0,1,1,0,1
case_733db0db,1,0,0,0,1,1
case_7f3dad74,1,1,1,1,1,1
case_b39182fc,1,0,1,0,0,0
case_ddca2113,1,1,0,1,1,0
case_02fef2ce,1,0,0,1,1,1
case_dde24ad7,1,0,0,1,1,1
case_35984d9f,0,1,1,0,1,1
case_9d4f4dde,0,1,1,1,1,1
case_785dd826,1,1,1,1,1,0
case_2197ee5b,0,0,1,1,1,1
case_537fca21,0,0,1,0,0,1
case_ea4ca2ee,1,1,1,0,1,1
case_20ca0aef,1,1,1,1,1,1
case_7adc5bfe,0,1,1,1,1,0
case_d8ecb4f5,1,0,1,0,1,1
case_f193b5c3,1,1,1,1,1,1
case_2b9e81d6,1,0,1,1,1,1
case_107e5ac5,1,1,1,1,0,0
case_5c323986,0,1,0,1,0,0
case_b31416fa,1,1,1,1,1,1
case_77af2493,1,1,1,1,1,1
case_93a82ab5,1,0,1,1,1,1
case_b4ea3f3f,1,1,1,1,0,1
case_e26ed542,0,0,1,1,1,1
case_9b1ae6ff,1,1,1,1,0,1
case_bbdbbdcf,0,0,1,0,0,1
case_a140f04f,0,1,1,1,1,1
case_d85b7524,1,1,1,0,1,1
case_5cdf58db,0,1,1,0,1,1
case_830b1fff,1,1,1,1,1,1
case_3f534292,1,1,0,1,1,0
case_542c079b,0,0,1,1,1,1
case_ef461a0a,1,1,1,1,1,1
case_7257edf9,0,1,1,1,1,1
case_1d5b443e,0,0,1,1,1,1
case_098e755a,0,1,1,0,1,0
case_99a6782e,1,1,1,0,1,1
case_a57e6257,0,1,1,0,0,1
case_71b2b7f6,0,0,1,1,0,1
case_3a2af69b,0,1,1,0,0,1
case_9f98fa7e,1,0,1,0,0,0
case_c1cf0ffd,1,1,1,1,1,0
case_81d6b28d,0,0,1,1,1,1
case_af8dfab9,1,1,1,1,1,1
case_aa85e649,0,1,1,0,1,0
case_696dd3d8,1,1,1,1,1,1
case_1126bc2d,1,1,1,1,1,1
case_b198c802,1,1,1,1,1,1
case_e63ea288,0,1,0,0,0,0
case_6e8afcd2,1,1,1,1,1,1
case_c28841e2,1,1,1,1,1,1
case_6cdac44c,0,0,1,1,1,0
case_5a808d25,0,0,1,0,1,1
case_48d044c0,1,1,1,1,1,1
case_33a35587,1,0,1,1,1,1
case_b6bb6784,1,1,1,1,1,1
case_48421250,0,1,1,1,1,1
case_64c88004,1,0,1,1,0,1
case_d61ef9d6,1,1,1,1,1,1
case_28776f89,0,0,1,0,1,0
case_cb54c804,0,0,1,1,1,1
case_a131caeb,1,1,1,1,0,0
case_35eecacb,1,1,1,1,1,1
case_2f259eda,1,0,0,1,1,1
case_11d6e62c,0,0,1,1,1,1
case_5bccafcf,1,0,1,1,1,1
case_48b52704,1,1,0,0,1,1
case_b7170c8f,1,1,1,1,1,0
case_ff1f2ad0,0,0,1,1,0,0
case_bb42518c,1,1,1,1,1,1
case_8102a88e,1,0,1,1,0,1
case_732aea4d,1,0,1,0,1,1
case_26ca326b,0,1,1,1,1,1
case_fb702948,0,0,1,0,0,1
case_e82584d5,1,1,1,1,1,1
case_93d5432d,1,1,1,1,1,1
case_c17ccff1,0,1,1,0,0,0
case_c9072f0c,0,0,1,0,1,1
case_bc5c6637,0,0,1,0,1,1
case_b5edc018,1,1,1,1,1,1
case_5e2ce29f,0,0,1,1,1,1
case_02283133,0,0,1,1,0,1
case_72450633,1,0,1,1,1,1
case_6b8299ab,0,0,1,1,1,1
case_80704846,1,0,1,1,1,1
case_64e1341b,0,0,1,1,0,1
case_ba4de11e,0,1,1,1,1,1
case_c950ab1c,1,1,1,1,0,1
case_037670ee,1,0,1,1,1,1
case_66fe74cf,0,0,1,1,1,0
case_46e3b191,1,1,1,1,1,1
case_4ed74a73,0,1,1,0,0,0
case_8484dc0e,1,1,1,1,1,1
case_e3c96652,1,1,1,1,0,1
case_fc19730d,1,0,1,0,0,1
case_0f385f93,0,0,1,1,0,0
case_7353de3e,0,1,1,1,1,1
case_2dcecb0c,0,0,1,1,1,0
case_abc5091f,1,1,1,0,0,1
case_a18bf177,1,1,1,1,1,1
case_9403ae77,0,0,1,1,1,0
case_d9bd6813,1,1,1,0,0,1
case_5ec225cc,0,0,1,1,1,1
case_1470c059,1,1,1,1,1,1
case_353e8daa,1,0,1,0,1,1
case_1e67d0a1,1,1,1,1,1,1
case_6efe1a87,0,1,1,1,1,1
case_9f53e8f3,1,0,0,0,1,1
case_339a3b7f,1,1,1,0,0,1
case_044f5637,1,1,1,1,1,1
case_cb49d491,1,0,1,1,1,1
case_e1147cab,1,1,1,1,1,1
case_b73f3c4e,1,1,1,1,1,1
case_9da2f826,1,0,1,1,1,1
case_c749b2ea,0,0,1,0,1,1
case_ff914c9e,0,0,1,1,1,1
case_f2a24d26,1,1,1,0,1,1
case_4a734f7c,1,1,1,1,0,1
case_818f831e,1,1,1,0,1,1
case_e591e344,1,1,0,1,0,1
case_8c8031c8,0,1,1,1,1,0
case_0aaa2106,1,1,1,1,1,1
case_bac331ce,0,1,1,1,1,0
case_3effe86e,1,1,1,1,1,1
case_d3bfc9f3,1,1,0,1,1,1
case_3b166750,1,0,1,0,0,0
case_88132128,1,1,1,0,0,0
case_7b4c7b9c,1,1,1,1,1,1
case_fbbb1cd5,1,1,1,1,1,1
case_c3d4873e,1,0,1,1,0,1
case_29905f7a,1,0,1,1,1,1
case_3cee3036,0,1,1,1,1,1
case_87175980,1,0,0,0,1,0
case_0a8afeda,1,0,1,0,1,1
case_5be43506,0,0,1,1,1,1
case_c784c2f6,1,1,1,0,1,1
case_4e05f000,1,1,1,0,0,1
case_3940441a,1,0,1,1,1,1
case_0706744b,1,1,1,1,1,1
case_66242eaf,1,0,1,0,1,1
case_12ca4e0e,0,0,0,1,0,0
case_e5bc7cb2,0,0,0,1,1,1
case_99d6d3da,1,0,1,1,1,0
case_1e7bbcf8,0,0,1,1,1,1
case_936502d6,1,1,1,1,0,0
case_0117ea74,1,1,0,1,1,1
case_ae8901ad,0,0,1,0,1,1
case_79ebf3ff,1,0,0,1,1,0
case_2e34f8a7,0,1,1,1,1,1
case_b4479752,1,1,1,1,1,0
case_2e59586f,1,0,1,0,0,1
case_747cd27f,0,0,1,1,1,1
case_6656b9b0,1,0,1,0,1,0
case_f441d8b8,1,1,1,1,1,1
case_b26f4ca1,1,1,1,1,1,1
case_b6d291f9,1,1,1,1,1,0
case_cdeeb8b3,0,0,1,1,1,1
case_3753fc3c,1,1,1,1,1,1
case_a9263e2d,0,0,1,0,1,1
case_d7a75762,1,0,1,1,1,1
case_1bccd862,1,1,0,1,1,1
case_4cc1c95f,0,0,1,1,1,1
case_f0ec3c40,0,0,1,1,0,1
case_3a9e2733,0,1,1,1,1,1
case_85a6a49d,1,1,1,1,1,1
case_f54a4c33,0,0,0,1,1,1
case_c480ecb6,1,0,1,0,1,0
case_2b2774f6,0,0,1,0,0,0
case_a6a0c8be,1,1,1,1,1,1
case_6cd62d9b,1,1,1,1,1,1
case_21ce8b80,0,0,1,1,1,0
case_59db7359,1,1,0,1,1,1
case_962c1dec,1,1,1,1,1,1
case_6babf8f2,1,1,1,1,0,1
case_5fad3208,1,1,1,1,1,0
case_0f4961ce,1,0,1,1,0,1
case_803b3c14,1,1,1,1,0,1
case_bf1da122,0,1,1,1,0,1
case_b0a9c651,1,1,1,1,1,1
case_ab36849d,1,0,1,0,1,1
case_cd4b8394,1,1,1,1,1,1
case_04f4edca,0,0,1,0,0,1
case_b1e1e12e,1,1,1,1,1,1
case_b5e3c0c7,1,0,1,1,1,1
case_049fbfed,0,0,0,0,0,1
case_e4cbe7b2,1,1,1,1,1,1
case_1ff481dd,1,0,1,0,1,0
case_1747a58a,0,1,0,1,1,1
case_e61a6a4f,1,1,0,1,0,1
case_5ab253d7,1,0,1,0,1,0
case_f5f1c11e,1,0,1,1,0,1
case_83959e64,1,1,0,1,1,1
case_c94e200c,1,1,0,0,1,1
case_44854249,1,1,1,1,1,1
case_fb5b83f9,1,0,1,1,1,0
case_9078ffbe,1,1,1,1,1,1
case_4f7906b1,0,1,1,1,0,1
case_22736732,1,1,1,1,1,1
case_67340acc,1,1,1,1,1,1
case_97bf7f8b,0,0,1,1,1,1
case_02ccf7e9,0,0,1,1,0,1
case_4d74e8b0,1,1,1,1,1,1
case_41b4b5cb,1,1,1,0,1,1
case_01b24a88,1,1,1,1,1,1
case_d8b3f744,1,1,1,1,1,1
case_b951f731,1,1,1,1,1,1
case_d63e7ff4,0,1,0,0,0,1
case_c879b16f,1,1,1,1,1,1
case_1905034e,0,1,0,1,1,1
case_0fb6dcff,1,1,1,0,1,1
case_aa4b462f,0,0,1,0,1,0
case_55c25035,1,1,1,1,0,1
case_3451e467,0,1,1,1,1,1
case_7577e410,1,0,1,0,0,0
case_4d423ce6,1,1,1,0,0,0
case_417da3a3,1,1,1,1,1,0
case_9341eb13,0,1,0,1,1,1
case_1266164c,0,0,1,1,1,1
case_93442563,1,0,1,1,1,1
case_3203b586,0,0,1,1,1,1
case_af22f9b1,1,1,1,1,1,1
case_05a56aa7,0,0,1,1,0,1
case_8ce120f3,1,1,1,1,1,1
case_7be4e700,0,1,1,1,0,1
case_26de02ae,0,0,0,1,0,1
case_f14ddf64,0,0,1,1,1,0
case_7c2ddcb6,1,0,1,1,1,0
case_a9193352,0,1,0,0,0,1
case_a820c4ba,1,0,1,1,0,1
case_46506a45,1,1,1,1,1,1
case_763643e6,1,0,1,1,1,1
case_d665dd53,1,0,1,1,1,1
case_99371f99,1,1,1,1,1,0
case_9d2e1cf1,1,1,1,1,1,1
case_e15098c5,1,1,1,1,1,1
case_8930d8fc,1,0,1,1,1,1
case_4f7a9487,0,1,1,1,1,1
case_e9c4f42f,0,1,1,1,1,1
case_9b6f5b58,1,1,1,0,1,1
case_831fd345,0,0,1,1,1,1
case_b28192e5,1,1,1,1,1,1
case_b1db6177,1,1,0,1,1,1
case_f799ac25,0,1,1,0,0,0
case_00584c86,0,0,1,0,0,1
case_a795256a,0,1,1,1,1,1
case_679565d9,1,1,1,0,0,0
case_a6a22567,1,1,1,1,1,1
case_fe85269e,0,1,1,0,1,0
case_a3155f91,1,1,1,1,1,0
case_7460755c,1,1,1,1,0,1
case_e0a68708,1,0,1,0,1,0
case_de15ec5d,1,0,1,1,1,1
case_a5c92ec9,0,1,1,1,1,1
case_c528df65,0,1,1,1,1,1
case_82f69953,0,1,1,0,0,1
case_d311f807,1,1,1,1,1,1
case_38480960,0,0,1,1,1,1
case_beeac456,1,1,1,0,1,1
case_d36fe7b6,1,0,1,1,1,1
case_8b275cca,0,1,1,1,1,1
case_8daef15c,0,0,1,0,1,0
case_aa152f51,1,1,1,1,1,1
case_3abbcd5a,0,1,1,1,1,0
case_a3fe7e63,1,0,1,0,0,0
case_13234676,1,1,1,1,1,1
case_9beab67c,0,1,1,1,1,1
case_caea5061,1,0,1,1,1,1
case_e75615ca,1,1,1,1,1,1
case_58ce331d,0,1,1,1,1,1
case_cbd4464c,0,1,1,1,1,1
case_dc8073bd,0,1,1,1,1,1
case_603b52f4,0,1,1,1,0,0
case_c5ba516f,1,0,1,0,1,1
case_2cee948e,0,0,1,1,1,1
case_615de7c5,0,1,1,1,0,1
case_c2bf3543,0,0,1,1,1,0
case_10e828e2,0,0,1,1,1,1
case_584f28e2,1,0,1,1,1,1
case_c6fc6c98,1,0,1,1,1,1
case_1e1e6c0f,0,1,1,0,1,1
case_d4405515,1,1,1,1,0,1
case_deb90c73,1,0,1,1,0,1
case_6e5644c6,1,0,1,1,1,1
case_8b8fadf5,1,1,1,1,1,0
case_c7f5bf70,1,1,1,0,1,1
case_f12259c2,1,1,1,0,1,1
case_9b05cfa8,1,0,1,0,0,0
case_d8e7d289,0,1,1,1,1,0
case_9ed21484,1,0,1,1,0,1
case_21d81e9a,0,1,1,1,0,1
case_9e37905c,1,0,1,1,1,1
case_277fbd8e,1,0,1,1,1,1
case_56a05d72,1,0,1,0,0,0
case_e90ea966,1,1,0,1,1,0
case_9b1cce7f,1,1,1,1,1,1
case_4d824320,1,1,1,0,1,1
case_d33c6821,1,1,1,1,1,1
case_d3862cf1,1,1,1,1,0,1
case_02720a53,1,1,1,1,1,1
case_8c701bac,1,1,1,0,1,1
case_459fc42a,1,1,1,1,1,0
case_57e1c648,1,1,1,1,1,1
case_54adaed7,0,0,0,0,0,0
case_beac7d77,1,1,1,1,1,1
case_39d8b9bf,0,0,1,0,0,1
case_92290d82,1,1,1,1,1,1
case_e5a8c56d,0,1,1,1,1,0
case_786cd1da,1,1,1,1,1,1
case_641f585e,1,0,1,0,1,1
case_865025ab,1,1,1,1,1,1
case_b81bb33b,0,1,1,1,1,1
case_1135dca7,1,0,0,1,0,1
case_c00c051b,1,1,1,1,1,1
case_cc17ca40,0,0,1,1,0,1
case_13e61e67,1,1,1,1,1,1
case_4e6de78d,1,1,1,1,1,1
case_0c66f8ca,1,1,1,0,1,1
case_6c285deb,0,0,1,1,1,1
case_f43b5244,1,1,1,0,1,1
case_73b6bd3b,1,0,1,1,0,1
case_e9b6e9eb,1,1,1,1,1,1
case_ac628d1f,1,1,1,1,1,1
case_10dffda9,1,0,0,1,1,1
case_a17521bd,1,1,1,0,0,1
case_42a67ae6,0,1,1,0,1,1
case_d74576c0,1,1,1,1,1,1
case_45573bb5,1,0,1,0,0,1
case_2111ba71,1,1,1,1,1,1
case_a6654512,1,0,1,1,1,1
case_9d90e402,1,1,1,1,1,1
case_d670bcc1,1,1,1,1,1,1
case_c3554a14,0,0,1,0,1,1
case_414b0cb2,1,1,1,0,1,0
case_6c50d145,1,1,1,1,0,1
case_f0089d91,1,1,1,1,1,1
case_ff3d8a49,1,1,1,0,1,1
case_7e8ccf07,1,1,0,1,1,0
case_0aeeda7c,1,1,1,1,1,1
case_362b8522,0,0,1,0,0,0
case_20114e08,0,0,1,1,0,0
case_85e258f5,1,0,1,0,1,1
case_eeb6d513,1,1,1,1,1,1
case_0348515d,0,0,1,1,1,1
case_fbbebe2d,1,0,0,1,1,1
case_17889f06,0,1,1,1,0,1
case_79d527ae,0,1,1,0,1,0
case_5b543c4a,0,0,1,0,0,1
case_0ea1ad23,1,0,1,0,0,0
case_73bf5698,1,0,0,1,0,0
case_38e765da,0,0,1,0,1,0
case_d5d04d1c,1,0,1,1,1,0
case_aeeee3f4,1,0,1,1,1,1
case_3fef9bcd,1,0,1,0,0,0
case_6bbd7139,1,1,1,1,1,1
case_83671463,1,0,0,1,1,0
case_bd59e18f,0,0,0,0,1,0
case_6050d752,1,1,1,0,0,1
case_9127a3e0,0,0,1,1,1,1
case_16859512,0,0,1,1,0,1
case_4894f7c3,0,0,1,1,1,0
case_c2a25657,1,0,1,0,1,0
case_9341eef3,1,0,1,0,1,1
case_f6e181fc,1,1,1,0,1,1
case_35914a8a,0,1,1,1,1,0
case_fe846fae,0,1,0,1,0,0
case_3889277b,1,1,1,1,1,1
case_12327eec,1,1,1,0,1,1
case_87056ddc,0,1,1,1,1,1
case_0a8c168f,0,1,1,1,1,1
case_7668e4f5,1,1,1,1,1,1
case_51ceb1f1,1,1,1,1,1,1
case_c62b4786,1,1,1,1,1,1
case_cf28840e,0,1,1,1,1,1
case_3008bdc1,1,1,1,1,0,1
case_92e1c075,0,0,1,0,0,1
case_2d833627,1,1,1,1,1,1
case_08fdcc20,1,0,1,0,0,1
case_205cac85,1,1,1,0,1,1
case_83d24c3a,1,1,1,1,1,1
case_1c2f261a,0,0,1,1,1,1
case_f2282b79,1,0,1,1,1,0
case_3bf002e9,1,1,1,1,1,1
case_fe064a9e,1,0,1,1,0,1
case_88d976d5,0,1,1,1,1,1
case_f2af110e,0,0,1,1,1,1
case_72940b92,0,1,1,0,1,1
case_d61ec371,0,0,0,1,1,1
case_078f40a0,0,0,1,1,1,1
case_fb638a43,1,1,1,0,1,1
case_c9f51a29,1,1,1,1,0,1
case_4a72c210,0,1,1,1,0,1
case_133180c3,1,1,1,1,1,1
case_d88b3704,0,0,1,1,1,0
case_1dc8485d,1,0,1,0,1,1
case_c3d20c91,1,1,1,1,1,1
case_032132f0,0,0,1,1,0,1
case_5645f665,0,0,1,0,1,1
case_a344b232,1,1,1,1,1,1
case_ed4c63a3,1,0,1,1,0,1
case_fa0fa5e5,1,1,1,1,1,1
case_ed39e11a,1,1,1,1,1,1
case_21b86fb6,0,1,1,1,1,1
case_cc6bda7d,0,1,1,0,1,1
case_b2349e54,0,0,1,1,0,1
case_2c711d7f,1,1,1,1,1,1
case_8e0d3e11,0,1,0,0,1,1
case_fa668c81,0,1,0,1,1,1
case_1f7836cf,1,0,1,0,1,1
case_1bb22ad3,1,1,1,1,1,1
case_b7c11697,1,0,1,1,1,1
case_55fa7666,0,1,1,1,1,1
case_4f35d4c7,1,1,1,1,0,0
case_82dc2332,1,0,1,1,1,1
case_59e0b51b,1,0,1,0,1,0
case_892f5bad,0,1,1,1,1,1
case_d776afc4,1,1,1,1,1,1
case_bcc90a95,1,0,1,1,1,1
case_5ee22fe3,1,1,1,0,1,1
case_ee3317d7,1,1,1,1,1,1
case_f0ed9151,1,1,1,0,1,1
case_1c9be458,0,1,1,1,1,1
case_2ce544cd,0,1,1,1,1,1
case_3a25edc1,0,0,1,0,0,0
case_65cbeb8d,0,1,1,1,1,1
case_993e367e,1,0,1,1,1,1
case_28e6c092,1,1,1,1,1,1
case_c1b5ca04,1,0,1,1,0,1
case_f7e5c0ec,1,1,1,1,1,1
case_26915c4f,1,1,1,1,1,1
case_9af42c3e,1,1,1,1,1,1
case_9850f6ae,0,1,0,1,0,0
case_448859c7,1,1,1,1,1,1
case_3cfb2e8d,1,1,1,1,1,0
case_f91ed64d,0,0,1,1,1,0
case_320a6b3a,0,1,1,1,1,1
case_c7a081d2,0,0,1,1,1,1
case_af6dba46,0,1,0,1,1,1
case_f277de7c,1,1,0,1,1,1
case_e59af958,1,1,1,0,1,0
case_8da6f2a7,1,1,1,1,1,1
case_7f56e8de,0,0,1,0,1,1
case_42ff0cd3,1,1,1,1,1,1
case_e2843ef9,0,1,1,0,1,0
case_dd434f8f,1,0,1,1,1,1
case_1dd4723b,1,0,1,0,1,1
case_2cae27e7,1,1,1,1,1,1
case_1f3ae7e4,1,0,1,1,1,1
case_f1d0c83a,0,0,0,0,1,1
case_c0b49832,1,1,1,1,1,1
case_b643f0dd,0,0,1,0,1,0
case_46994ae4,1,0,1,1,1,1
case_62b3d5f8,0,1,1,1,0,1
case_79be9a91,1,1,1,1,0,0
case_fb01f438,1,1,1,1,1,1
case_c38b2a32,1,1,0,0,0,1
case_7e3c9150,0,1,1,0,1,0
case_1ddfc2db,1,1,1,1,1,1
case_c8d99226,1,1,1,1,1,1
case_84f07a8e,1,0,1,0,0,1
case_313bb03c,1,0,1,1,0,0
case_bdcd3c03,1,1,1,1,1,1
case_6c26c414,1,1,1,1,1,1
case_21edcd4a,1,1,1,1,1,1
case_e2dfadd9,0,0,1,0,0,0
case_cdc567fd,1,1,1,1,1,1
case_3a9fb930,1,1,1,1,1,0
case_ae4a727d,0,0,1,1,1,1
case_93764740,1,1,1,1,0,1
case_629403f9,0,0,1,1,0,1
case_b0415bd6,1,1,1,1,1,1
case_d5e316cf,0,1,1,0,1,1
case_09ba77f3,1,0,1,0,1,1
case_093e5070,1,1,1,1,1,1
case_c71deec1,1,1,1,1,1,1
case_ccf05f9b,1,1,1,1,1,1
case_6f36be57,0,1,1,1,0,1
case_2b8c7671,1,1,1,1,1,1
case_195e9735,1,0,1,1,1,1
case_ba972111,0,1,0,1,0,0
case_bb04f784,1,0,1,0,1,1
case_3bdd6568,1,1,1,0,1,1
case_8f069f57,0,1,0,1,1,1
case_76d995ae,1,1,1,1,1,1
case_2680a70c,0,1,1,1,1,1
case_aaa4c02a,0,1,0,1,1,1
case_f62e3a68,0,0,1,0,1,1
case_0ea929c2,0,0,1,1,0,1
case_128f8b49,1,1,1,1,0,1
case_b597ba85,0,1,1,1,0,1
case_f53cd6f9,1,1,1,1,1,1
case_440b27af,1,0,1,0,0,1
case_03c05f7f,1,1,1,1,1,1
case_4741b471,1,0,1,1,1,1
case_0460d055,1,1,1,1,1,1
case_b1cc5f6d,1,0,1,0,0,1
case_34faf984,1,1,1,1,1,1
case_511217bc,1,1,1,1,0,0
case_f4ff30bc,1,0,1,1,1,1
case_1cede150,0,1,1,1,1,1
case_7bd2cd3f,0,1,1,1,0,1
case_06a45633,1,1,1,1,1,1
case_41bd8229,1,0,1,0,0,0
case_3d8e4a9d,1,1,1,1,1,1
case_27f3d751,0,0,1,1,0,1
case_3e247e31,1,1,0,1,1,1
case_5282de0e,1,0,1,1,0,1
case_328156b8,1,0,1,0,1,1
case_00ad6c94,0,1,1,1,1,1
case_60e214c0,1,1,1,0,1,1
case_95388637,1,1,1,1,0,0
case_ecf7d0c8,0,0,1,1,0,0
case_3acac13b,1,1,1,1,1,1
case_daf43003,1,1,1,1,1,1
case_b7339d64,1,0,0,1,1,0
case_dfdbe978,0,0,1,1,0,1
case_eb67a73e,1,1,1,1,1,1
case_135c3873,1,1,1,1,1,1
case_59b1f379,0,1,1,1,1,0
case_786ccb59,1,0,1,0,1,1
case_97e550d0,0,1,1,1,1,1
case_39fded9d,0,1,0,0,1,1
case_ad116349,0,1,1,1,1,1
case_2fa64843,1,1,1,1,1,1
case_c83e2ea4,1,1,1,1,1,1
case_7f9c4f23,0,0,1,1,0,0
case_51b8797c,1,1,1,1,0,1
case_ce369903,0,1,1,0,1,1
case_1878fa21,0,0,0,0,1,1
case_baf93d8f,1,1,1,1,1,1
case_8d1534f2,1,1,1,0,1,1
case_719d1692,1,0,1,1,0,1
case_aaef924a,0,1,1,1,1,1
case_6c7d1b47,1,0,1,1,1,1
case_a2e30b81,0,1,0,1,1,0
case_b3e112ee,1,1,0,1,1,1
case_c44cfdb3,0,1,1,0,1,1
case_aa705992,0,1,1,1,1,0
case_d5bd3eeb,0,1,1,1,1,1
case_0d72fc60,0,0,1,1,0,1
case_e047976e,1,1,1,1,1,1
case_0159280c,0,1,1,1,1,1
case_727cf54b,0,0,1,1,0,1
case_8eb473ca,1,1,1,1,1,0
case_6282a01f,0,0,1,0,1,1
case_5068d218,1,1,1,0,1,1
case_0e3a77f2,1,1,1,1,1,0
case_f288451f,0,0,0,0,1,0
case_6d72dbd9,1,1,1,0,1,1
case_0a011069,0,1,1,0,0,0
case_a9545247,0,1,1,1,1,0
case_73b1140d,1,0,1,1,1,1
case_5b66ae41,0,0,1,0,1,0
case_c17e52c9,1,0,1,1,1,1
case_92058872,1,0,1,0,1,1
case_f91c6221,1,1,1,0,1,1
case_7b1289b4,1,1,1,1,0,1
case_97236ae2,1,0,1,1,0,1
case_78b8455a,0,1,1,1,1,0
case_19731e51,1,0,1,1,0,1
case_1c42c148,1,1,1,1,1,1
case_5f715223,0,0,1,1,1,1
case_2f5f2272,1,1,1,1,0,1
case_940fdac9,1,1,1,1,1,1
case_4f40932e,1,1,1,0,1,1
case_1a2bed15,1,0,1,1,1,0
case_df3dc162,1,0,1,0,0,1
case_0041fc41,1,0,1,0,1,1
case_967cea73,1,1,1,0,0,0
case_a31cb15e,0,0,1,1,1,1
case_2b43fe11,0,1,1,1,1,1
case_76338cc6,1,1,1,1,1,1
case_1e6ca83b,0,1,1,0,1,1
case_895a52bf,0,0,1,0,1,1
case_d19bb291,1,0,1,1,1,1
case_a4217022,1,1,1,1,1,1
case_7c338cb7,0,1,1,1,0,1
case_82f01080,1,1,1,1,1,0
case_74765e92,1,1,0,0,0,1
case_62baa7e4,0,0,1,0,0,0
case_152fcbff,1,1,1,1,0,1
case_eee2ac2e,1,1,1,1,0,1
case_57ce3532,1,1,1,1,1,1
case_3a78c561,1,0,1,1,1,0
case_251455f4,0,0,1,1,1,1
case_ae14dea7,1,1,1,1,1,1
case_74f8ed3b,1,1,1,1,0,0
case_b9d323b1,1,1,1,1,1,1
case_d5e3eeda,1,0,1,1,1,1
case_926a4870,1,1,1,1,1,1
case_18301713,1,0,1,0,1,1
case_480d3a2e,0,1,1,1,1,0
case_667cef2f,1,0,0,1,1,1
case_d22d14e5,1,0,1,1,0,1
case_1110192a,1,1,0,0,1,0
case_39d25238,1,1,1,0,0,1
case_50f4e2f4,1,1,1,1,1,1
case_d9fb41c5,1,0,1,1,1,1
case_944aa1a7,1,1,1,1,1,1
case_ad4b768a,1,0,1,1,1,0
case_31db6e95,1,1,1,1,0,1
case_70e16242,1,1,1,1,1,1
case_297a7584,1,1,1,0,1,1
case_15df8082,1,1,1,1,1,1
case_1856ca52,1,1,1,1,1,0
case_d6043ed4,1,1,1,1,1,0
case_330ebe24,0,0,1,1,1,1
case_0ae42042,0,1,1,0,1,1
case_5b0cbe9b,0,1,1,1,1,1
case_56d3322a,0,1,1,0,0,1
case_40f0927e,1,1,1,1,1,0
case_53dee18a,1,1,1,1,0,0
case_a349a5ec,1,1,1,0,1,1
case_2874f3d1,0,1,0,1,0,1
case_88f8690b,1,1,1,1,1,1
case_de7ad411,0,1,1,1,1,1
case_8ad764ce,1,1,1,1,1,1
case_19561b3b,1,1,1,1,1,1
case_118a8ddb,0,1,1,1,1,1
case_fb822eb0,1,0,1,1,0,0
case_1c90f925,1,1,1,1,1,1
case_c99d0ad2,0,0,1,1,0,1
case_67ecc5ab,0,0,1,1,1,1
case_af0e2587,1,1,1,1,1,0
case_a7aa0c23,0,1,1,1,1,1
case_2d9eb0e3,1,1,0,0,1,1
case_fe43e2f0,1,1,1,1,0,1
case_e16aad7f,0,0,1,1,1,1
case_3b8d9a01,0,0,1,1,1,1
case_691f4bd1,1,1,1,1,1,1
case_1424d414,0,0,0,0,0,1
case_bb51fb9c,0,1,1,0,0,0
case_3a6fe153,0,1,1,1,1,1
case_90a0b8e7,0,0,1,1,1,1
case_23f45ca5,1,1,1,1,0,1
case_f6bd5bbb,1,1,1,1,1,0
case_ed7f5895,1,1,1,1,1,1
case_d5ca9892,0,1,1,0,0,1
case_72dadae4,1,1,1,1,1,1
case_c5fc8587,0,1,1,1,1,1
case_1ef2446b,1,1,1,1,1,1
case_6aaabd53,0,0,1,1,1,1
case_b677e759,0,0,1,1,1,0
case_81189e48,1,1,1,1,0,1
case_f3cb3667,1,1,1,1,1,1
case_a6036508,1,1,1,0,0,1
case_3fd496b0,1,1,0,1,1,1
case_4ddf9b49,0,0,1,0,0,1
case_644e403c,0,0,1,1,1,0
case_4aa51040,1,0,1,0,0,1
case_0270e585,0,1,0,1,1,0
case_0bd1307b,1,1,1,1,1,1
case_9347fc28,1,1,1,1,1,1
case_3e3c90e1,1,1,1,1,1,1
case_7b9587e3,1,0,0,1,1,1
case_dcfbedb3,0,0,1,1,0,1
case_8816f4c1,1,1,1,1,1,1
case_ad4576ee,0,1,1,0,0,1
case_f2a6ad3c,1,0,1,0,0,0
case_b49c569c,1,1,1,0,1,0
case_73974dea,0,1,1,0,1,0
case_4b3be7fd,0,1,1,1,1,1
case_cfa1af6f,0,1,1,1,1,1
case_0f9bef6e,1,1,1,1,1,1
case_bfae0225,1,1,1,1,1,0
case_e3ec499b,0,0,1,1,1,1
case_f970fdef,0,1,1,0,1,0
case_5d4cadb9,0,1,0,1,0,1
case_e90f2f98,0,1,1,1,1,1
case_b97d6ae6,1,1,1,1,1,1
case_63f64e53,1,1,1,1,1,1
case_24607143,0,1,1,1,1,1
case_4974fb40,0,0,1,0,1,0
case_b7908ffb,1,1,1,0,1,1
case_0daea390,0,1,1,1,1,1
case_b1c86db1,1,0,1,1,1,1
case_4a45ee6c,1,1,0,1,1,1
case_d938d48d,1,1,1,1,0,1
case_c6919363,0,0,1,1,0,1
case_7ca31e58,1,1,1,1,1,1
case_67614d21,1,1,1,0,1,1
case_4afdc81c,0,0,1,1,0,1
case_26c94838,1,1,1,0,1,1
case_22fd928d,1,1,1,0,0,1
case_a13f2f9b,0,0,0,1,1,1
case_62f7b34a,0,1,1,1,1,1
case_eef16295,0,1,1,1,1,1
case_1db06399,1,0,1,1,1,0
case_89558ef7,0,1,1,1,1,1
case_60fbd33e,1,0,1,1,1,1
case_6c952d3c,1,1,1,1,1,1
case_8d376520,1,1,1,1,1,1
case_71b00e70,0,0,1,1,1,1
case_1727a5ce,1,1,1,0,0,0
case_d0b7bdaf,1,0,1,1,0,1
case_ca042e0c,1,0,1,0,1,0
case_5d288c93,1,1,1,1,1,0
case_a4801aab,1,1,1,1,0,1
case_1b3c0efd,1,1,1,1,1,1
case_351dbf06,1,1,1,1,1,1
case_109d7dde,0,1,1,1,1,1
case_358acdcc,0,1,1,0,1,1
case_65699293,0,1,1,1,1,1
case_7045c36b,1,0,1,1,0,1
case_6fccfe0c,0,1,0,1,1,1
case_edad3258,1,1,1,1,1,1
case_d4be4ba0,1,1,1,0,0,1
case_5f6c5590,0,0,1,1,1,1
case_370a85ee,0,1,1,0,1,0
case_f0d46820,0,0,1,1,1,1
case_deab243c,1,1,1,1,1,1
case_1ff9c8e2,0,1,1,1,1,1
case_fe41a1f8,1,0,1,1,1,0
case_a1748ae1,0,1,1,1,1,1
case_cf10f3d3,1,1,1,1,0,0
case_642870ef,1,1,1,1,1,1
case_0a2ea1f1,0,1,1,1,1,1
case_c8c5628a,1,1,1,1,1,1
case_5ed6f0d1,0,0,1,1,1,0
case_7443e940,0,0,1,0,1,1
case_14d0f734,0,1,1,0,1,0
case_13ef847b,1,1,1,1,0,0
case_2e241894,1,0,1,0,1,1
case_4f5ce240,1,1,0,0,0,0
case_d6993b3c,0,0,1,1,1,1
case_ce36366a,1,0,1,0,1,1
case_47760ea6,1,0,1,1,1,0
case_bd23a3a0,1,0,1,0,0,0
case_82e6c0d6,0,0,1,0,0,1
case_305c616d,1,1,0,1,1,1
case_0c7124a8,0,0,1,0,0,1
case_59b1437a,1,0,1,0,0,1
case_fb10022d,0,0,1,1,1,1
case_92602a4f,0,0,1,1,1,1
case_ecfb9c26,1,0,1,1,0,1
case_b8030a87,0,0,1,1,1,1
case_b5eb0595,0,0,0,1,1,0
case_f644f138,1,1,1,1,1,1
case_f51ba5cb,1,1,1,1,1,1
case_df8264a9,1,1,1,1,1,0
case_94926f69,1,1,1,1,1,1
case_094f896b,1,1,0,1,1,1
case_39fa9beb,0,1,1,1,1,1
case_fdb51d6a,1,1,1,0,1,0
case_b1974c14,1,0,1,0,1,0
case_4041108c,1,0,1,1,1,1
case_d3e5650d,1,0,1,1,1,1
case_f68d90b3,0,0,1,0,0,1
case_b57bf0fc,0,0,1,1,0,1
case_aa0dbf63,0,0,0,1,0,1
case_c50e762b,0,1,1,1,1,1
case_1f6f5094,0,1,1,1,1,1
case_c650ca95,1,1,1,1,1,1
case_114df301,1,1,1,0,1,1
case_e35d2acc,1,1,1,1,0,1
case_5c814bd6,0,1,1,1,1,1
case_1ec17f4e,0,0,1,1,0,1
case_72df1cf3,0,1,1,1,1,1
case_fdea2c32,1,0,1,1,1,1
case_b5004bfd,1,1,1,1,0,1
case_fd201ea0,0,1,1,0,1,1
case_c57a8f50,1,0,1,1,1,0
case_b3ea0e51,1,1,1,1,1,1
case_a0429e3f,1,1,1,1,0,1
case_638d6a3c,1,0,1,1,1,1
case_fdb636cc,1,0,1,1,1,1
case_9be3552f,1,0,1,1,1,1
case_0cce392a,1,0,1,1,1,1
case_4ce887aa,1,1,1,1,0,1
case_5ce73a30,0,1,1,1,0,1
case_dd66c545,1,0,1,0,0,1
case_982b1634,0,0,1,1,0,1
case_b7cf6d3a,1,1,1,1,1,1
case_fdebc1a9,1,1,1,0,1,1
case_b7782fb2,0,1,1,0,0,1
case_a2e87256,1,0,1,1,1,1
case_5e461d5a,0,0,1,0,0,1
case_1f353935,1,1,1,1,1,1
case_da972619,1,1,1,0,0,1
case_4293ad33,1,1,1,1,1,1
case_685ca903,1,0,1,1,1,1
case_87dc788b,1,1,1,1,1,1
case_f1f192a7,1,1,1,0,1,1
case_d71bea4f,1,0,1,1,0,1
case_6b201a5b,0,1,1,0,0,1
case_ed3376bb,0,1,1,1,1,1
case_13fe4799,1,1,1,1,1,1
case_27dcc049,0,0,1,1,1,1
case_5e736e5f,0,0,1,1,0,1
case_f6b9969a,0,1,1,1,1,1
case_a0be7db0,1,0,1,1,1,0
case_fe439980,1,1,1,0,1,1
case_5c0cd158,0,1,1,1,1,1
case_0b9f2a3a,1,0,1,1,1,1
case_6c65d952,1,1,1,1,1,1
case_78cc0cb1,1,1,1,1,1,1
case_a0ba0f59,0,0,1,0,1,0
case_d371d767,1,1,1,1,1,1
case_71b2485a,1,0,1,0,1,1
case_09445261,1,1,1,1,1,0
case_8c9e3286,1,1,1,1,1,1
case_5c3b662e,1,1,0,1,1,0
case_94449f82,1,1,1,1,1,1
case_b9d1780b,0,1,1,1,1,0
case_e8507038,0,0,1,1,0,1
case_ab137e39,0,0,1,1,1,0
case_44a4fb21,1,0,0,1,1,1
case_c5c1d04f,0,1,1,1,0,1
case_113b26d1,1,0,1,0,0,1
case_c906ec4e,1,1,0,0,1,1
case_008d418c,1,1,1,1,0,1
case_54215637,0,0,1,1,0,0
case_0f496f5e,1,1,1,1,1,1
case_567e4579,0,1,1,1,1,0
case_b7c9cb08,1,1,1,1,1,1
case_81da40ee,1,1,1,1,1,0
case_fe7998aa,0,1,1,1,1,0
case_5f25f7d2,1,1,1,0,0,0
case_314abede,1,1,1,1,1,1
case_71744cc4,1,0,1,1,1,1
case_b56b2b99,1,1,1,1,1,1
case_49080e6a,1,1,1,1,1,1
case_ca7205d9,0,1,1,1,0,0
case_360a0332,1,1,1,0,1,0
case_f43be4ad,1,0,1,0,1,1
case_cc28ed9b,0,1,1,1,1,1
case_ef1aef7d,1,1,1,1,1,1
case_8888d7e2,1,1,0,0,1,0
case_d65e58d9,0,1,1,1,0,1
case_75114ab0,0,1,1,0,1,0
case_29523502,1,1,1,1,1,1
case_9ba9ab0e,0,1,1,0,1,1
case_1787e2de,0,0,1,0,0,1
case_36326671,1,1,1,1,0,1
case_47f51977,1,0,1,1,1,1
case_0684e6e2,1,0,1,1,1,1
case_567a78d1,1,1,1,1,1,1
case_5850a50a,1,0,1,1,1,0
case_c3ac1fc7,0,1,1,1,1,1
case_c0cb2810,0,1,0,1,1,1
case_e106dcbc,1,1,1,0,1,1
case_a63a76b0,0,1,1,1,1,1
case_a6b45ff9,1,1,1,1,1,1
case_496f9ec9,0,0,1,0,1,1
case_fa2ef55b,1,1,1,1,1,1
case_17acef0b,1,1,1,1,0,1
case_297946ec,1,1,1,1,1,1
case_89a0fa8c,1,1,1,0,1,1
case_c7c0add2,1,1,1,1,0,1
case_8dbe80e1,0,1,1,0,0,1
case_27860af6,1,1,1,1,1,1
case_f5eec08e,1,1,1,1,1,1
case_8502e6e4,1,1,1,0,1,1
case_871c7f43,1,1,1,1,1,1
case_d4834ca1,0,0,1,0,1,1
case_046bc11a,0,1,1,1,0,1
case_43defbbf,0,0,1,0,0,1
case_56a21a27,1,1,1,1,1,1
case_0910eeac,0,1,1,0,1,1
case_3579f225,0,1,0,1,0,1
case_fc8b9334,0,0,1,1,0,1
case_fba7e99a,1,1,1,1,1,1
case_32e9feb2,0,0,1,0,0,0
case_20e69eea,1,1,1,1,1,1
case_2d066bda,1,1,1,1,1,0
case_761c02cf,1,1,1,0,1,1
case_6bb6915a,0,1,1,1,1,1
case_2e117bda,1,1,1,1,1,1
case_ff77d577,1,0,1,0,1,1
case_ea7408cc,0,1,1,0,1,1
case_1600a6c9,1,1,1,1,1,1
case_7ad097da,0,0,1,0,1,1
case_2cdfaa7e,1,1,1,1,1,1
case_7be422d4,0,0,1,1,1,0
case_e7d3e0dc,0,1,1,0,1,1
case_d9ea8994,1,1,1,0,0,1
case_3c734663,1,0,1,1,1,1
case_40bb2e79,1,0,1,1,0,1
case_cd6b7922,0,1,1,1,0,1
case_cd1018d5,1,1,1,0,0,1
case_bebfb19c,1,0,1,1,1,1
case_04cb298e,1,0,1,1,0,1
case_f9a1db72,0,0,1,1,0,1
case_a3e53c57,1,1,1,1,1,1
case_c7b894eb,0,0,1,1,1,1
case_452ccbf9,0,1,1,0,1,1
case_f1c35e1d,1,1,1,1,1,0
case_f3ea2f36,1,0,1,1,1,1
case_1e083a81,0,0,1,1,1,1
case_feeaaf38,1,0,1,0,1,1
case_2f612d88,1,1,1,1,0,1
case_aa74df05,1,0,1,1,1,1
case_3b30f82a,1,0,1,1,1,1
case_d34012d9,1,0,1,0,1,0
case_1662a360,0,0,0,1,1,1
case_e0215446,0,1,1,1,1,0
case_69d51cc9,0,0,1,1,0,0
case_e6175ae6,0,0,1,1,0,1
case_534759ba,1,1,1,1,1,0
case_5ce1a83f,0,1,1,1,0,0
case_ea0dc7be,1,0,0,0,1,1
case_343c14fd,0,0,1,1,1,1
case_af14e49d,0,0,1,0,1,1
case_de6c9e91,0,1,1,1,1,1
case_b6a2c28e,1,1,1,0,1,1
case_803a037e,1,1,1,0,0,1
case_e20f7f11,1,0,1,1,0,1
case_1cf60351,1,1,1,1,1,1
case_bd6e5f0c,0,1,1,1,1,1
case_29e46d7d,0,0,0,1,1,0
case_2b5e85f9,0,0,1,0,0,1
case_9a29f2d9,0,0,1,0,0,0
case_23fea5a4,0,1,1,1,1,1
case_a7a21bde,1,1,1,0,1,1
case_12e9f3ac,1,1,1,1,1,1
case_a140861a,1,1,1,1,1,1
case_4d62aef1,1,0,1,1,1,1
case_11819cd0,1,0,1,0,0,1
case_3a639bf1,1,0,1,1,1,1
case_2371c0a9,0,1,1,1,1,1
case_4721991b,1,1,1,1,1,1
case_cf95621c,1,1,1,1,1,1
case_855f0061,0,1,1,1,1,0
case_9102a3e8,1,1,1,1,1,1
case_50a38883,0,0,1,1,1,0
case_b75adc3a,0,0,1,0,0,1
case_eb3a985c,0,1,1,1,1,1
case_1b830111,0,1,0,0,0,0
case_8245286e,0,1,1,1,1,1
case_8678f6b0,1,1,1,1,1,0
case_c429d589,1,1,1,1,1,1
case_5143aa9e,1,1,0,1,0,0
case_0bb2ee13,0,1,1,0,0,1
case_9beca3aa,0,1,1,1,1,0
case_5f70b404,1,0,0,0,1,1
case_d276434e,1,1,1,1,1,1
case_f5e0a3ea,1,1,1,0,1,1
case_6a6f9d36,0,1,1,0,0,1
case_155ec545,1,1,0,1,0,1
case_28ee6ef1,1,1,1,1,1,1
case_bc265bf6,0,0,1,0,1,1
case_30c874b3,0,1,1,1,1,1
case_0440c088,1,0,1,0,0,0
case_ba00bb86,0,1,1,1,1,1
case_ca18fbb9,0,1,1,0,0,1
case_0162a8f3,0,0,1,1,1,0
case_4e74e7be,1,1,1,1,1,1
case_70e2de5a,1,0,1,1,0,1
case_218403e3,1,1,1,1,1,1
case_2b649c8b,1,1,1,1,1,1
case_32de5e9d,1,1,1,0,1,0
case_e377b5ab,1,1,1,1,0,0
case_edbd33bb,1,0,1,1,1,1
case_3c60a307,1,0,1,0,1,1
case_379deb15,1,0,1,1,0,1
case_63d49684,1,1,0,1,1,1
case_370eb12c,0,1,1,1,1,1
case_26dac3c5,1,1,1,0,0,0
case_581c6572,0,0,1,1,1,1
case_cff21735,1,1,1,1,1,1
case_d551fe19,0,1,0,1,0,1
case_bd8caa27,1,1,1,1,1,1
case_6e25c1bf,0,0,1,1,1,1
case_27c22d56,1,1,1,0,1,1
case_db5d90e9,1,1,1,1,1,1
case_ebe15ef2,0,1,1,1,1,1
case_00be6e10,1,1,1,1,0,1
case_1bb0390f,1,1,1,1,1,1
case_5be8141d,0,1,1,1,0,1
case_1ec969ae,0,0,1,0,0,0
case_a13b4582,0,0,1,0,0,0
case_32cdf643,0,0,1,1,1,1
case_985a9919,0,0,1,1,1,1
case_052ca099,0,0,1,0,0,0
case_bf522e77,1,0,1,1,1,1
case_7c2c69cf,1,1,1,1,1,0
case_30aa778a,0,0,1,0,1,1
case_c9298645,1,0,1,0,0,1
case_c54cb143,1,1,1,1,1,1
case_e074b090,1,0,1,1,1,1
case_1a10b029,0,1,1,0,0,1
case_05d82d73,0,1,1,1,1,1
case_619e9a28,0,1,1,1,1,1
case_977766c0,1,1,1,1,1,1
case_757fbec6,1,1,1,1,0,1
case_ddf04762,0,0,1,1,0,1
case_af5e62ba,0,1,1,1,1,1
case_00f6205f,1,0,1,1,1,1
case_824568c5,1,1,1,1,1,1
case_1e663e4b,0,1,1,0,1,1
case_ace67e7f,1,0,1,1,1,1
case_80b946df,0,1,1,1,1,1
case_7cce7cf3,1,1,1,1,1,1
case_d811614d,0,1,1,1,1,1
case_88651603,0,1,1,0,0,0
case_882b8279,1,1,1,1,1,1
case_a92711d1,0,1,1,1,0,1
case_34de1f63,1,1,1,0,1,1
case_9df66084,0,1,1,1,1,1
case_43afdee0,1,1,1,1,1,1
case_5bb74aad,1,1,1,1,1,1
case_0cb859c6,0,1,1,1,1,0
case_9ce910e8,0,0,1,0,1,0
case_be3d79b4,1,0,1,0,1,1
case_1fbe4400,0,1,0,1,0,0
case_d7435f12,0,0,1,1,0,1
case_99cd0465,1,0,0,1,0,0
case_0b8c034c,1,0,1,1,1,0
case_63ac2ffc,1,0,1,1,0,1
case_db2e67c1,0,1,0,0,0,1
case_321a85a3,0,0,1,1,1,1
case_abdd6ae1,1,1,1,0,1,1
case_3a358dac,1,1,0,0,0,0
case_3789ea3a,1,1,1,1,1,1
case_84881eb4,1,1,1,1,1,1
case_eab0851e,1,0,1,1,0,1
case_c18c5561,1,1,1,0,0,1
case_75d2f35d,1,1,1,0,0,1
case_cedf2151,1,1,1,1,0,1
case_7736fde0,1,1,1,1,1,1
case_e943e4f4,1,1,1,1,1,1
case_d6382b4d,1,1,1,0,0,1
case_1a61fe74,1,0,0,1,1,1
case_feb2a633,0,0,1,1,1,1
case_25d79445,1,1,1,1,1,1
case_73a4b54e,1,1,1,1,1,0
case_0cc1e3c9,0,0,1,0,0,0
case_5967a545,0,1,1,1,1,1
case_683f092f,1,1,1,1,0,1
case_2027e5f7,1,1,1,0,1,1
case_e23424b7,0,0,1,1,0,1
case_16ee7b26,0,1,0,0,0,1
case_20078c11,1,1,1,1,1,1
case_46a34b86,0,1,1,0,1,1
case_32458fb3,1,0,1,0,0,1
case_c2b7cc3c,0,1,1,0,0,1
case_65195251,1,0,1,1,1,1
case_cf1f3b44,1,1,1,0,1,1
case_3307a88e,1,1,1,1,0,1
case_3c2feeae,1,1,1,1,1,1
case_32652afe,1,1,0,1,1,1
case_eac5e132,1,1,0,1,1,0
case_35d71fe1,1,1,1,1,1,1
case_9d5d8431,1,0,1,1,1,1
case_466d2a1f,1,0,1,1,1,1
case_863ef19e,1,1,1,1,1,1
case_4088e9b3,0,1,0,1,1,1
case_b0ec8d4b,0,1,1,0,1,1
case_73b709de,1,1,1,1,1,1
case_53fc3062,1,1,1,1,1,0
case_ba986a25,1,1,1,1,1,1
case_ef272849,0,1,1,1,1,0
case_a7aed740,0,0,1,0,0,1
case_5a67dade,0,0,1,1,0,1
case_555b5761,0,0,1,1,1,1
case_138e3611,1,0,1,1,1,1
case_954a047d,0,0,1,0,0,1
case_4750e879,1,1,1,1,1,1
case_605ea05e,1,1,1,1,0,0
case_40926c27,1,1,1,0,1,1
case_1dde3e5d,1,0,1,0,0,1
case_319a11a9,0,1,1,1,0,1
case_bca07353,1,1,1,1,1,1
case_902ebbe2,1,0,1,1,0,1
case_8db7fa29,1,1,1,1,1,1
case_62dea774,0,1,1,1,1,1
case_5ff49247,1,0,0,1,0,1
case_cf216a5e,1,1,1,1,1,1
case_cfcaf939,1,1,1,0,0,1
case_65972262,0,0,1,0,1,1
case_53e43f3d,1,1,0,1,1,1
case_62b4324e,0,1,0,0,1,1
case_17c1e1cb,1,0,1,1,0,0
case_09ab752e,1,0,1,1,0,1
case_2f9ff4c6,0,0,1,1,0,1
case_ff361b56,0,1,1,0,1,0
case_22cc84c8,1,1,0,1,0,1
case_571db7f1,0,1,1,1,1,1
case_e5260445,0,1,1,1,1,0
case_8dbd2cd6,0,0,1,1,1,1
case_ac48d18b,1,1,1,1,1,0
case_d6a2609c,1,1,1,1,1,0
case_ac064391,1,1,1,1,1,1
case_517050ea,1,1,0,1,1,1
case_09174c87,1,0,1,1,0,0
case_5721df88,1,0,0,0,1,1
case_7bce6337,1,0,1,1,1,1
case_42d52d45,1,0,1,1,0,0
case_8cd3b8e6,0,0,1,1,1,1
case_ebc13779,1,1,0,1,1,1
case_4a4aada5,1,1,1,1,0,0
case_da6a2720,1,0,1,1,1,1
case_eb94396c,1,0,1,1,1,1
case_8b5dc1a4,0,1,1,0,1,1
case_641f1cca,0,0,1,1,0,1
case_d77b5d66,1,1,1,1,0,1
case_20e13cf3,0,0,1,1,1,1
case_44172ee3,1,0,1,1,1,1
case_40c385f5,1,1,1,1,1,1
case_11252824,0,0,0,1,0,0
case_e9df6a87,1,1,1,1,1,1
case_76caaaa9,0,1,0,0,1,0
case_d88f30cf,0,0,1,0,1,1
case_77e824d2,0,0,0,0,0,1
case_f301589d,1,1,1,1,1,1
case_45f36a43,0,0,1,1,1,0
case_e7950174,1,1,0,1,0,1
case_d80c2133,0,0,1,1,1,1
case_b6a37100,1,1,1,0,1,1
case_ac37276c,1,1,1,1,0,1
case_548d5b0f,1,0,1,0,1,1
case_48859c12,1,1,1,1,1,1
case_efe2ce2f,0,1,1,1,1,1
case_e66b693c,1,1,1,1,1,1
case_f56936d3,0,0,1,1,1,1
case_2277d588,0,0,1,1,1,1
case_7e2ed476,1,1,1,1,1,1
case_6d42b9f6,0,1,1,1,0,0
case_6ea77629,1,0,1,1,1,1
case_27440a1e,0,1,1,1,1,1
case_e94cf134,1,1,1,0,1,1
case_b1952891,0,1,1,1,1,1
case_f9c0d3ff,1,1,1,1,1,1
case_c1ac9152,0,0,1,1,0,1
case_3d4276ed,1,1,1,1,1,1
case_e53a019a,1,0,1,0,0,1
case_daa3ed62,1,1,1,1,1,0
case_48b4eaef,1,1,1,1,1,1
case_19deb19f,0,1,1,1,1,1
case_a7fe59ad,0,1,1,1,1,1
case_9a9744d5,0,0,1,1,1,1
case_fec703c9,1,1,1,1,1,0
case_6e725f7a,0,1,1,1,0,1
case_404f70ab,1,1,1,1,1,1
case_8163d0ab,1,1,1,1,1,1
case_31023901,1,1,1,1,0,1
case_19d06837,1,1,1,1,1,1
case_7310df41,1,0,0,0,0,1
case_fc308c29,1,0,1,0,0,1
case_cc8cbfd5,1,1,1,1,1,1
case_16fdc452,0,0,1,0,1,0
case_e00d8f02,0,0,1,1,1,0
case_e82fde9b,1,0,0,0,1,0
case_575a5b9d,0,0,0,0,1,0
case_2b09c603,0,1,0,0,1,1
case_8986d61c,0,0,0,0,1,1
case_0a36b1dd,0,0,1,1,1,1
case_4feefb82,1,0,0,1,1,1
case_d07a4ab9,0,0,1,0,1,1
case_0516123a,1,1,1,1,1,1
case_8b171bb6,0,0,1,1,0,0
case_b0a5b73d,0,0,1,0,0,1
case_84b15fa9,1,1,1,1,0,1
case_7af2b999,1,1,1,1,1,1
case_2446a8c8,1,0,1,1,1,1
case_79806914,1,1,1,1,1,1
case_fa71a5b4,1,0,1,0,1,1
case_a829eed7,0,1,1,1,1,0
case_b6cf7e9f,1,1,1,1,1,1
case_1fc1e333,1,0,1,1,1,1
case_c37a6bcc,1,1,1,1,1,0
case_22eb1568,0,1,1,1,1,1
case_32530c6d,1,1,1,1,1,0
case_106e281a,0,1,1,1,1,1
case_437b2a78,1,0,1,1,1,0
case_8e09fd6a,1,1,1,1,1,1
case_f0a7ca06,1,1,0,0,0,1
case_47b23725,0,1,0,0,1,1
case_49ea6271,0,1,1,1,1,1
case_9525e15f,1,1,1,1,1,0
case_15a59c2e,0,1,1,1,1,1
case_3f7ab4e2,1,1,1,1,1,1
case_74aaf674,1,1,0,1,1,1
case_07ba45ae,0,1,1,1,1,1
case_e2e0345f,0,1,0,0,1,0
case_47bda949,1,1,1,1,1,1
case_821259ec,1,1,1,1,1,1
case_4d42e0c1,1,1,1,1,1,1
case_d1d52cc9,1,0,1,1,1,0
case_a875feec,1,1,1,0,1,1
case_152d11a0,1,0,1,1,1,0
case_abb001f7,0,1,0,1,1,1
case_e50ce9a4,1,1,1,1,1,1
case_74a5281f,1,1,1,1,1,1
case_503ee5e4,1,1,1,1,1,1
case_b96d2eec,1,1,1,1,1,0
case_a063f6bf,0,1,1,1,1,0
case_46226f40,0,1,1,0,0,1
case_95696e51,0,0,1,1,1,1
case_7190ba4e,1,1,1,1,1,1
case_7b47f0db,0,1,1,1,1,1
case_be91ba43,0,1,1,0,1,1
case_ccf333c6,0,1,1,1,1,1
case_9704900a,1,1,1,0,1,1
case_ffe15e09,0,1,1,0,0,1
case_c0ca40e2,1,1,1,1,1,0
case_431e72c5,0,0,1,0,0,1
case_80358b8e,1,0,1,1,1,1
case_be6bf977,0,1,1,1,1,1
case_16572383,0,0,1,0,0,1
case_8b51645f,1,1,1,1,1,0
case_af4719bb,1,1,1,1,1,0
case_41cb1f2b,0,1,1,1,1,1
case_02b9852d,0,1,1,1,0,1
case_cbe9ab66,1,1,0,1,0,0
case_a963ac07,1,1,1,1,1,1
case_0769a03c,1,1,1,1,1,1
case_8c3f699e,1,1,1,1,1,1
case_a8fcb154,1,1,1,1,1,1
case_06a6f683,1,1,1,1,0,0
case_a193b491,0,0,1,1,1,1
case_80d38f0c,1,1,1,1,1,1
case_440f5cb9,1,1,1,1,1,1
case_136117ef,1,1,1,1,1,1
case_877139ae,1,0,0,1,0,1
case_72f7fc93,1,1,1,1,0,0
case_5b88e3e9,1,0,1,1,1,1
case_0103af2a,1,1,1,1,1,1
case_7b1ac9f1,1,0,1,1,1,1
case_cae0039e,0,0,1,1,1,0
case_92227a00,0,1,1,1,1,1
case_4759a5dc,0,0,0,1,0,0
case_cf70c5ee,1,1,1,0,1,1
case_4d294bad,0,1,1,1,1,1
case_2c812f48,1,0,1,0,0,1
case_8676004d,1,1,1,1,1,1
case_38f5007f,1,1,1,0,1,1
case_960e4b5d,0,0,1,0,1,1
case_847cc789,1,0,1,0,1,1
case_b84edf63,0,0,1,1,1,1
case_9870fa14,1,0,1,1,1,0
case_4eb16807,1,0,1,1,1,1
case_52a01a6f,1,1,1,0,1,1
case_0089d165,1,1,1,0,1,1
case_109cc620,0,0,0,0,0,0
case_ba208bd1,0,0,1,0,1,0
case_9c4bad57,0,0,1,0,0,0
case_94de97d5,1,1,1,1,1,1
case_3438373c,1,0,1,1,1,1
case_1698771a,1,0,1,0,1,1
case_43150869,1,1,1,1,1,1
case_d5626cb7,0,1,1,0,1,1
case_2c33b217,1,1,1,1,1,1
case_16d4d9d0,1,1,1,1,1,0
case_fd16c3cc,0,0,0,0,1,0
case_4bd0d87e,0,0,1,1,1,1
case_c70736eb,0,0,1,1,1,1
case_033ca5e4,1,1,1,0,1,1
case_cc9a619e,1,1,1,0,1,1
case_acbab034,1,1,1,1,1,1
case_ed2fd1ef,0,0,1,1,0,0
case_a4ba6943,0,1,1,0,1,1
case_30349199,0,1,0,0,0,1
case_5fe3da32,1,0,1,0,0,1
case_6e9c013d,1,1,0,1,1,1
case_a2cef3a0,1,1,1,0,0,1
case_4a9d168f,1,1,1,1,1,1
case_6ace9b6d,0,0,0,0,1,1
case_0beb19d6,1,1,1,0,0,1
case_41409b54,0,0,1,0,0,1
case_e33ab559,0,1,1,1,1,1
case_7f7f59d7,1,0,1,0,1,0
case_62de2abe,1,1,1,1,1,0
case_e8d0dc6c,0,1,1,1,1,1
case_fd19f861,1,1,1,1,1,1
case_b8d615b9,0,0,1,0,0,0
case_61fbe156,0,1,1,1,0,1
case_4ff186c0,0,1,1,1,1,1
case_a2883aed,1,1,1,1,1,1
case_a1471cbe,1,1,1,1,0,1
case_474f428d,1,1,1,0,1,1
case_abf0c1b7,1,1,1,1,0,1
case_3265fb12,1,1,1,1,1,1
case_9b275bd3,1,1,1,1,1,0
case_0a0111ff,1,1,1,1,1,1
case_f89aa388,1,1,1,1,1,1
case_57893f80,1,1,1,1,1,1
case_46b75a26,0,0,1,0,0,1
case_37489a27,1,1,1,1,1,1
case_b35d79c9,1,1,1,1,1,1
case_658b362d,1,1,1,1,1,1
case_404b0824,0,0,1,1,1,1
case_1ad6e5eb,1,0,1,0,1,1
case_ce87d47a,1,1,1,0,1,0
case_b4f43eca,0,0,1,1,1,1
case_10feaf54,1,0,1,1,0,1
case_8d4a659c,0,0,1,1,1,1
case_39f50b02,0,1,1,0,0,1
case_31c1995a,0,0,1,1,1,1
case_8ee89607,1,1,1,0,1,1
case_81d6988a,1,1,1,1,1,1
case_105e79b3,1,1,1,1,1,1
case_9de3e81c,1,1,1,0,1,1
case_48bde8d5,0,0,1,1,1,1
case_092564ba,1,0,1,0,0,1
case_6c9f1045,1,1,1,1,1,1
case_51dceda6,1,1,1,0,1,1
case_d6b0c7ec,1,0,1,0,1,1
case_0604a685,0,1,0,1,1,1
case_1cbc6d04,1,1,1,1,1,1
case_329937c8,1,0,1,1,1,1
case_00737251,1,0,1,1,1,1
case_c642e9c3,0,0,1,0,1,0
case_a367bedd,0,1,1,1,1,1
case_502453fc,0,0,1,1,1,1
case_ca10adba,1,0,1,1,1,1
case_4445d64b,0,1,1,1,1,1
case_2f9bca78,0,0,0,1,0,1
case_a0331c98,1,1,1,0,0,1
case_fbe2afa5,1,0,1,1,1,0
case_3aeb6726,1,1,1,1,1,1
case_8e7a954e,1,0,1,1,0,0
case_b1afdf8d,1,0,1,0,0,1
case_1bc20dba,0,0,1,1,0,0
case_194ab134,0,0,0,1,0,1
case_f2164665,1,0,1,1,0,0
case_de083481,1,0,1,1,1,1
case_83b1b236,1,0,1,1,0,1
case_6d91aa20,1,1,1,1,1,1
case_90cb0bbf,1,1,1,1,1,1
case_47005105,1,0,1,1,1,1
case_34809bbf,1,1,1,1,1,1
case_10e2cf27,0,0,1,1,1,1
case_0a629f1f,1,0,1,1,0,1
case_fe3a38f9,0,1,1,1,1,1
case_1cd34977,1,0,1,1,1,1
case_3ba59274,0,0,1,0,1,1
case_1c831703,1,1,1,1,1,1
case_dcbd9eb1,1,0,1,0,1,0
case_2beb669b,1,1,1,1,1,1
case_8bee3b8e,1,0,1,0,0,1
case_e8b37b84,1,0,1,1,1,1
case_52433f9d,1,1,1,1,1,1
case_4d169bc7,1,1,1,1,1,1
case_56871d9e,1,1,0,1,1,1
case_f8a21538,0,0,1,1,1,1
case_1f5144a2,0,0,1,1,1,1
case_ea8e28fa,1,1,1,1,1,1
case_e8b789e7,0,1,1,0,1,0
case_b4c21620,1,0,0,1,1,0
case_3dad736e,1,1,1,1,1,0
case_0d8b521b,1,1,0,1,1,1
case_d78bdd49,1,1,0,1,1,1
case_8df23e78,1,1,1,1,0,1
case_73b00953,1,1,0,1,1,0
case_1c4ce11b,0,0,1,1,0,1
case_e7aafaa7,1,1,1,1,0,0
case_2192481b,1,1,1,1,1,1
case_e518796a,1,1,1,1,0,1
case_78a155c4,1,1,1,0,1,1
case_b19a9859,1,0,1,1,0,0
case_0b80941e,1,0,1,1,0,1
case_d429364d,0,1,1,1,1,0
case_b30aaef3,0,0,0,1,1,1
case_0a99c936,1,0,1,0,0,0
case_ea7cc015,1,0,1,1,1,1
case_54c0c0b4,0,0,1,1,1,1
case_820bbfdb,1,1,1,1,1,1
case_6b39c99e,1,1,1,1,1,1
case_4e1945db,1,0,1,1,1,1
case_ec5b1a4a,0,0,1,1,1,0
case_a33cbc73,1,0,1,1,0,0
case_de5ca5d4,1,0,0,1,1,1
case_a09bddfd,1,1,1,1,1,1
case_3bb536ea,1,0,1,0,0,0
case_244d8eba,1,1,1,1,1,1
case_4b0aebb4,0,0,1,0,1,1
case_5e87c2da,1,1,1,0,0,0
case_b600cd1b,1,1,1,1,1,0
case_0d4b82f1,1,0,1,1,1,0
case_875f740a,0,0,1,0,1,0
case_4deee38e,0,1,1,1,1,1
case_7c4f7ac8,0,0,1,1,0,0
case_75d01ac6,1,0,1,1,1,1
case_f264fe08,1,1,1,1,1,1
case_d52a2396,1,1,1,1,1,1
case_586986c6,1,1,1,1,1,1
case_746cb047,0,1,1,0,0,1
case_88022b29,0,0,1,1,0,0
case_5a54c0d5,1,1,1,1,1,1
case_51c90cc7,1,1,1,1,1,1
case_de45f8a4,1,1,1,1,1,0
case_6f0fe6eb,0,0,1,1,1,0
case_d31bc2ad,0,1,1,1,1,1
case_5a36b151,1,1,1,0,1,1
case_3158379a,0,1,1,1,0,1
case_7809cb16,1,1,1,0,1,1
case_694d154d,0,1,0,0,1,0
case_f83025a8,1,0,1,1,1,1
case_75447607,0,1,1,0,1,1
case_2b4cc37b,1,1,1,1,1,0
case_097b3d7c,0,1,1,0,1,1
case_e7b3c5ec,1,1,1,1,1,1
case_bb6f942a,0,1,1,1,1,1
case_fd79e98f,1,1,1,0,1,1
case_c5c63f90,0,1,0,0,1,1
case_e3bf8ba0,1,1,1,1,1,1
case_c4507fcd,0,1,1,1,1,1
case_b6f3c1df,0,1,1,0,1,1
case_13fcd5c1,1,1,1,0,1,1
case_8ff878ec,0,0,1,1,1,1
case_3760895d,1,1,1,1,1,1
case_84868507,0,1,1,1,1,1
case_b1274f2b,0,1,1,1,0,1
case_21f8d858,0,1,1,1,1,1
case_e828de68,1,1,1,1,1,1
case_f90964df,0,0,1,1,1,0
case_b77b7e2a,1,1,1,0,1,0
case_74bafd0a,0,1,1,0,1,1
case_bb9aa2b3,1,0,0,0,0,1
case_c434f1c8,1,1,1,1,1,1
case_052e733d,1,0,0,1,1,1
case_c5adb041,1,1,1,1,1,1
case_c7938b64,0,0,1,0,1,1
case_2e961ea3,1,0,1,0,1,1
case_83d15ccb,0,1,1,1,1,0
case_641ffd3f,1,0,0,1,0,0
case_ca474922,0,1,1,1,1,1
case_609c9a70,1,0,1,1,1,1
case_0b8bfad8,1,0,1,1,1,1
case_41cf8ca1,0,1,1,1,0,0
case_dcf802a4,1,0,0,0,0,1
case_aeb15bed,1,1,1,1,0,1
case_0cd52429,1,1,1,1,1,1
case_35ac0a40,0,1,1,1,0,1
case_c586061f,1,1,1,1,1,1
case_42c36149,1,1,1,1,1,1
case_492921c7,0,0,1,1,1,1
case_22bfc09e,1,1,1,0,1,1
case_da645c32,1,0,1,1,1,1
case_bf7c97e9,1,1,1,1,1,1
case_9baa8687,1,1,1,1,1,1
case_e69dafa8,0,0,1,0,1,1
case_4bed9d52,1,1,1,1,1,1
case_3ae69f8f,1,1,1,1,1,1
case_7154ba6b,1,1,1,1,1,1
case_bbec43fd,1,0,1,1,1,1
case_d01998ef,1,0,1,1,1,1
case_959517e0,0,1,0,1,0,0
case_9e652197,1,1,1,0,1,1
case_fff0ea5c,1,1,1,0,1,1
case_e35567a0,0,0,0,0,0,0
case_17c20998,1,1,1,1,1,1
case_67f1bdfa,0,0,0,0,0,0
case_64685377,1,1,1,0,1,1
case_bb5b01a4,1,1,1,0,1,1
case_635bb9d5,1,1,1,1,1,1
case_ebf364f9,0,1,1,0,1,1
case_2fdad619,1,1,1,1,1,1
case_267b3978,1,1,1,0,0,1
case_754f2fe0,0,1,1,1,1,1
case_e856ac74,1,1,1,1,1,1
case_6223848a,1,1,1,1,0,0
case_72974891,1,0,1,0,1,1
case_3698de10,1,1,1,0,0,1
case_ae586dd6,1,1,1,1,1,1
case_9b9d089d,1,1,1,1,1,1
case_dbcf3bac,1,1,1,1,1,1
case_22b411a3,0,0,1,1,1,0
case_63ee761a,1,0,1,1,1,1
case_83102df0,1,1,1,1,0,1
case_fc9acd44,1,1,1,1,1,1
case_ee78b847,1,1,1,1,1,1
case_b4cb4398,1,1,1,1,1,1
case_4a1be593,1,1,1,0,0,1
case_8f8c84fe,1,0,1,1,1,1
case_1e4ca7c3,1,0,1,1,1,1
case_40861abf,1,0,1,1,0,1
case_a8e496d8,0,1,1,1,1,1
case_2e09f8b0,0,0,1,1,1,1
case_1e23223c,1,1,1,1,1,1
case_0e01aeeb,1,0,1,1,0,1
case_9e9aede3,1,0,1,1,1,1
case_70b3d160,0,0,1,0,0,1
case_6b079d53,0,1,0,0,0,1
case_8ce86e0b,0,1,1,1,0,1
case_8419dd0c,1,0,1,1,0,1
case_f1006bca,0,0,1,1,0,1
case_329672d4,1,0,0,1,1,1
case_1505cab3,0,1,1,1,1,1
case_dc8ccb2f,0,0,0,1,1,1
case_9211fe95,0,0,1,1,1,1
case_a24fdc45,1,1,1,1,1,0
case_4a88740b,1,1,1,0,0,1
case_b12c783d,0,0,0,1,1,0
case_f4c03259,0,1,1,1,0,1
case_c6c028bf,0,1,1,0,0,1
case_088fca57,1,1,1,1,0,1
case_6bc1984d,1,1,1,0,1,1
case_30ec56ee,0,1,1,1,1,1
case_2e02df30,1,0,1,1,0,0
case_00dc24c8,0,0,1,0,1,0
case_4b700d71,1,1,1,1,1,1
case_5d69cedd,1,1,1,1,1,1
case_fdef1afe,0,1,0,1,1,1
case_b70d5e6b,1,1,1,1,1,1
case_58813e88,1,0,0,0,0,1
case_412f5e17,1,1,1,1,1,0
case_ded1219f,0,1,1,1,0,1
case_97727f50,0,1,1,1,1,1
case_622fe1f0,1,1,1,1,1,1
case_a54f8bdd,1,1,1,0,1,1
case_904cc0b6,1,1,1,1,0,1
case_2c9a5d30,0,1,1,1,1,1
case_29df1fe2,1,1,1,1,1,1
case_d69a1769,1,0,1,1,1,0
case_915b27a9,0,1,1,1,1,1
case_4cf7b53f,1,1,1,1,0,1
case_1b174536,1,0,0,1,1,1
case_497698d8,1,1,1,1,1,1
case_5344de30,0,0,1,0,1,1
case_c9bdca16,1,0,1,1,1,1
case_f39269df,0,1,1,0,1,1
case_bf0d06c1,1,0,1,1,1,1
case_fc1feb4c,1,1,1,1,0,1
case_8fddc652,0,1,1,1,1,1
case_372400a5,0,0,1,0,0,1
case_0f0089a3,0,0,1,1,1,0
case_63bef0df,1,1,1,1,1,1
case_1bb3cb3e,0,0,1,0,1,1
case_74b3cc22,1,1,1,0,1,1
case_6ac78115,1,1,1,1,1,1
case_c1cae3cf,1,0,1,0,1,1
case_b9cf75fd,1,0,1,1,0,0
case_571cd6fa,0,1,1,1,1,1
case_d6354569,0,1,0,1,0,0
case_bbc10e66,1,0,1,1,1,1
case_54a4f698,0,1,1,1,0,1
case_941dad30,1,1,1,1,1,1
case_fb5f4be7,1,1,1,0,1,1
case_ea8db5a5,1,1,1,0,1,0
case_a032fbb6,1,1,1,0,1,0
case_d30abcde,1,1,1,1,1,1
case_611690df,1,1,1,1,1,1
case_45c572f1,1,1,1,0,1,1
case_250d957f,1,1,1,1,1,1
case_3375d0c4,1,0,1,1,1,1
case_c8de409d,0,0,1,1,1,1
case_2c8f8140,1,0,1,0,0,0
case_121ff0ed,1,0,1,1,1,1
case_fe87af25,1,1,1,1,0,0
case_1fae2793,1,0,1,0,0,0
case_ea7d46a1,1,0,1,1,1,1
case_eee5b468,0,0,1,1,1,1
case_c2c02ad1,1,1,1,1,0,1
case_acfeb211,1,0,1,1,1,1
case_aec2972c,0,1,1,1,1,0
case_0d8bad97,1,1,1,1,0,1
case_1eab5cc7,1,1,1,0,0,1
case_e7edc408,0,0,1,0,1,0
case_0ad96118,0,1,1,0,0,1
case_ea8a0c47,1,0,1,1,1,1
case_c9767984,1,1,1,1,1,1
case_a88aca4d,0,1,1,1,1,1
case_183df118,1,1,1,1,1,1
case_0e9f3b64,1,0,1,0,1,0
case_9c0a719f,1,1,0,1,1,1
case_4757ab2d,0,0,0,0,0,0
case_f919b041,1,0,1,1,0,1
case_fb46498f,1,0,1,1,1,1
case_e050bd31,1,0,1,1,1,1
case_fec7ede8,1,1,1,1,1,0
case_673825d9,1,1,1,1,1,1
case_13029308,1,0,1,1,1,0
case_c54cc81e,1,1,1,1,1,1
case_5741fe94,1,1,0,1,0,1
case_dd26101d,1,0,1,1,1,1
case_d9e342b0,1,1,1,1,1,1
case_0d15a07b,1,0,0,0,0,0
case_7278a46a,0,1,1,1,1,1
case_e2fc7efb,0,1,1,1,1,1
case_fab7bf78,1,0,1,1,1,1
case_d11cb886,1,1,1,0,0,1
case_e9ac10ef,1,1,1,1,1,1
case_34a7f621,1,1,1,0,1,1
case_dc899aa8,0,1,1,1,1,1
case_e6eb2dd8,1,1,1,1,1,1
case_67b31b00,1,1,1,1,1,1
case_374cc8c8,0,1,0,0,1,1
case_5e79bd95,0,0,0,1,1,0
case_addd9a5d,1,0,1,0,1,1
case_aae687c5,1,0,1,0,1,1
case_0bd1b4df,1,1,1,1,1,1
case_375cb310,0,0,1,1,1,1
case_918ae2c3,1,1,1,1,0,1
case_ecac5582,1,1,1,0,1,1
case_cde87ea9,0,1,1,1,1,1
case_be1f48b3,0,0,1,0,1,0
case_5882aba4,0,0,1,1,0,0
case_5fa1e42d,1,1,1,0,1,1
case_a7ffb9bb,1,1,1,1,1,1
case_42d6a732,1,1,1,0,1,0
case_a8506dff,1,0,0,0,0,0
case_c33c2a3c,1,0,1,1,1,1
case_acfc059c,0,0,1,1,0,0
case_f1420357,1,1,1,1,1,1
case_95040493,1,0,0,0,0,1
case_005030ab,1,1,1,1,1,1
case_04316573,1,1,1,1,1,1
case_78e1e2c7,0,0,1,1,0,1
case_1b1d1952,1,1,1,0,1,1
case_05a3ce0f,1,1,1,1,0,1
case_b453d21f,1,1,1,1,1,1
case_fd0037ac,1,1,1,1,1,1
case_c199be62,0,0,1,0,0,1
case_baac372f,1,0,1,0,1,1
case_8343b23b,0,1,1,1,1,1
case_5713b081,0,1,1,1,1,1
case_d62b0789,1,1,1,1,1,1
case_4c178c34,0,0,1,0,1,1
case_fed89f66,1,1,1,1,1,1
case_3a236daa,1,1,0,1,1,1
case_cbb7e314,0,1,1,1,0,0
case_08235ec3,1,0,1,1,0,0
case_d9f2778b,1,1,1,1,0,1
case_f4d5397c,0,0,1,1,0,0
case_7456e476,1,0,1,1,1,0
case_f65e5e82,1,0,1,0,0,1
case_1f9fdaf8,0,1,1,1,1,1
case_0f8ce7d3,0,0,1,0,0,0
case_c18e856e,1,1,1,1,1,0
case_3cb83a6b,1,1,1,0,1,0
case_59021f6d,1,0,1,0,1,0
case_c5bb360c,1,1,1,1,0,0
case_317aec30,1,1,1,1,1,1
case_a8277a27,1,1,1,1,1,1
case_8f1a4b59,0,1,1,1,1,1
case_a74f9656,0,1,1,1,1,1
case_e8ee1864,0,0,1,1,0,0
case_b435c711,1,1,1,0,1,0
case_f905797e,1,1,1,1,1,1
case_cff747f1,1,1,1,0,1,1
case_27ed671e,0,0,1,0,1,1
case_c244f309,1,1,1,1,0,1
case_0346f7d1,1,0,1,1,1,0
case_f1cfa301,1,1,1,1,1,1
case_11db00c1,1,1,1,1,1,1
case_ad2a9bb8,0,1,1,1,0,1
case_c6e3bed4,1,0,1,1,1,1
case_2b1e7f07,1,0,0,1,0,1
case_eb3adc40,1,1,1,1,0,1
case_623ea98b,1,0,1,1,0,1
case_80cfc450,0,1,0,1,0,0
case_94553c5b,1,0,1,0,1,1
case_1e5b87e4,1,0,1,1,0,0
case_2c814f0e,1,1,1,1,1,1
case_98ec8dfc,1,1,1,1,1,1
case_59b27974,1,0,1,0,0,1
case_1f44e5af,0,0,1,1,1,1
case_ac4cd375,1,1,1,1,1,1
case_abe474bc,0,1,1,1,0,1
case_b720fbf3,0,0,1,0,1,1
case_67df6632,1,1,1,1,1,1
case_425bf073,1,1,1,1,1,1
case_28efde2d,0,1,1,1,1,0
case_b95363ec,1,1,1,1,0,1
case_9b1d3030,0,1,1,0,1,1
case_c89e7cd6,0,1,1,1,0,1
case_69fe4062,1,1,1,1,1,1
case_3cfefdb7,1,0,1,0,1,0
case_ccca1eee,0,1,1,1,1,1
case_22464b1c,1,0,1,0,0,1
case_122bd400,0,0,1,1,1,1
case_9df25627,1,0,1,1,1,1
case_0acca3c3,0,0,1,1,1,0
case_e5254991,0,0,1,0,1,0
case_8dcdc058,1,1,1,1,1,1
case_e953d0c2,1,1,1,1,0,1
case_7ada25f7,0,0,0,0,0,1
case_3af53a4e,0,1,1,1,1,1
case_f7cd12b3,1,1,1,0,1,1
case_6bc74d06,0,0,0,0,0,1
case_abab3b8f,1,0,1,1,1,1
case_f10caf51,0,1,1,1,0,1
case_3d0736e5,0,0,1,1,1,1
case_b88caec9,1,1,1,1,1,1
case_d9783851,0,1,1,1,1,1
case_2051515d,1,0,1,1,1,1
case_de0e0844,0,0,1,0,0,1
case_ee3c9ca5,1,0,1,1,1,1
case_e45870a6,1,1,1,0,1,1
case_6ac9f520,1,0,1,1,0,1
case_5116b30d,1,0,1,1,1,1
case_80ac1ff7,1,0,0,0,1,1
case_c2926f14,0,0,1,1,1,1
case_acd5b05c,0,0,0,1,1,1
case_2df3b253,0,0,1,1,1,1
case_61ce3705,1,1,1,1,1,1
case_ed4b8ad6,1,0,0,1,0,0
case_853ce08b,0,0,1,0,1,0
case_7fd46c02,1,1,1,0,1,1
case_6d40a7a0,0,0,1,1,1,1
case_74ddb2aa,0,0,0,1,0,1
case_42c510fd,0,0,1,0,0,0
case_7e8884d8,1,0,1,1,1,1
case_4cdf7099,1,1,1,0,1,1
case_e10dba1d,1,0,1,0,0,1
case_3eb15e5d,1,0,1,1,1,1
case_75683abc,0,1,1,1,1,1
case_57c0eb6d,0,0,1,1,1,1
case_47849ce2,1,1,1,1,1,1
case_138f5f0a,0,0,1,0,1,1
case_11fd6002,1,1,1,1,1,0
case_cb2a5ea3,1,1,1,1,1,1
case_0a7b4d5e,1,1,1,1,0,1
case_5e5c9d4f,0,1,1,1,1,0
case_15827a0e,0,0,1,1,1,1
case_6b72f427,0,0,1,1,0,1
case_fdeccb32,1,1,1,1,1,1
case_60b7d3ea,0,0,1,1,0,1
case_0c25278e,0,0,1,0,0,0
case_96218be3,0,0,1,0,1,1
case_492deb89,0,1,1,1,1,1
case_03a0f0b6,1,1,1,1,1,1
case_3ddd5d72,1,1,1,1,1,0
case_9ebecf77,1,1,1,1,1,1
case_a6cb568a,0,0,1,0,1,1
case_8b098c7b,0,0,0,1,1,1
case_c142c60f,0,0,0,1,1,1
case_d5b0a0ac,1,1,0,1,0,1
case_4b2e7dd0,0,1,1,1,0,1
case_3303b920,1,1,0,0,0,0
case_bef30c56,0,1,1,1,1,0
case_315d89fb,0,0,1,0,0,1
case_9adc39ed,1,1,1,1,1,0
case_bf071cf9,1,1,1,1,1,1
case_33cc84c6,0,0,1,1,1,0
case_6f6ef7c6,1,1,1,1,1,1
case_411f0914,1,1,1,1,0,1
case_cc9563a0,1,1,1,1,1,1
case_30c21fd8,1,1,1,0,1,1
case_df90ee29,0,0,0,1,0,0
case_53156125,0,1,1,1,1,1
case_2ef133a2,1,1,1,1,1,1
case_c433afb0,0,1,1,1,0,1
case_635ebc2b,0,0,1,0,0,1
case_2e7ceaa4,1,1,0,0,0,0
case_84e63733,0,0,1,1,1,1
case_47605344,1,1,1,0,1,1
case_2f2030d3,1,0,1,0,1,1
case_2591f5d8,0,1,1,1,1,1
case_9fb1fcc7,1,0,1,0,0,1
case_874d7779,0,1,1,1,1,1
case_41821436,1,1,1,1,1,1
case_26b88149,1,0,1,1,0,1
case_764b351b,1,1,1,1,1,1
case_cd3e33d0,1,1,1,1,1,1
case_adf269a0,0,1,0,0,0,1
case_386e2e72,1,1,1,1,1,1
case_10d8b6b5,1,1,0,1,1,1
case_56d3e01d,1,0,1,1,1,1
case_0e4cf317,0,1,1,1,1,1
case_e9e968c3,0,0,1,1,1,1
case_6f3bfc31,0,1,1,0,1,0
case_e027d713,0,0,1,0,1,0
case_507a6def,1,1,1,0,1,1
case_6826778e,0,0,1,0,1,1
case_bd5e4d2c,0,1,1,0,1,1
case_91500470,1,0,1,1,1,1
case_da05161a,0,1,1,1,1,1
case_e66b488f,1,1,0,1,0,1
case_753445f7,0,0,1,1,1,1
case_03d07454,1,1,1,1,1,1
case_35c8ec96,1,1,1,1,1,1
case_1d7342e0,1,1,1,1,1,1
case_fc5ffa2f,1,1,1,1,1,1
case_3ec42940,1,1,1,1,1,1
case_9e4ba021,1,1,1,0,1,1
case_a7088b8d,1,1,1,1,0,0
case_5c30a23a,1,0,0,0,0,1
case_d5c00f3d,1,1,1,0,0,1
case_2fb31fa5,1,1,1,1,0,1
case_298aa8fd,1,0,0,0,0,1
case_bde6fa91,1,1,1,1,1,1
case_aebd9d8a,1,1,1,1,1,1
case_56f64567,1,0,0,1,1,0
case_6679c52b,1,1,1,1,1,1
case_ce9697c7,1,0,1,1,1,0
case_76327e01,1,0,1,1,0,0
case_9b134c82,0,1,1,1,0,1
case_3aa15024,1,1,1,1,1,1
case_cb64e6fe,0,1,0,1,0,0
case_18ac96ac,1,1,0,1,0,0
case_ea797a8b,0,1,1,1,0,0
case_18e61539,0,1,1,0,0,1
case_139258dc,1,1,1,1,0,1
case_1596aab2,1,1,1,1,1,1
case_a7918569,1,1,1,0,1,1
case_b0139949,1,1,0,1,1,1
case_c10a1454,1,0,1,0,1,1
case_e935b5f6,0,1,1,1,1,1
case_7c73b0fe,1,1,1,1,1,1
case_a03475a1,1,0,1,1,1,1
case_bc6713ee,1,1,1,1,1,1
case_698954f2,1,1,1,1,1,1
case_1863b27f,1,1,1,1,1,1
case_645e2c3b,0,1,0,1,0,1
case_96e27f08,0,1,1,1,1,1
case_68340c03,1,1,1,1,1,1
case_74f94b35,1,0,1,0,0,1
case_8763ca67,1,1,0,0,1,1
case_aab8e049,0,0,1,1,1,0
case_98dc9b8e,0,1,1,1,1,1
case_caeeeb7e,0,0,1,1,1,1
case_bb23cf64,0,0,1,1,1,1
case_2f7ec5b3,1,1,1,1,1,1
case_04459c9e,0,0,1,1,0,1
case_a6025c85,0,0,1,1,1,0
case_76e06c1f,1,1,0,0,0,1
case_16fe05c2,0,1,1,0,1,1
case_2657c26f,1,1,1,1,1,1
case_597290f0,1,1,1,0,1,0
case_7680ae93,1,1,1,1,0,1
case_6cd07262,0,1,0,0,0,1
case_94251831,1,1,1,0,0,1
case_be333448,0,1,1,1,1,1
case_8766d3a9,1,1,1,0,1,1
case_ec359cff,1,0,1,1,1,1
case_862e71a8,0,0,1,1,1,0
case_7072541f,0,0,1,0,1,0
case_368f338d,1,1,1,1,1,1
case_8c51bd4f,1,1,1,1,1,1
case_7964c93b,1,0,1,1,1,1
case_77ecdf5e,0,1,1,1,1,1
case_44056172,1,0,0,1,0,1
case_43be9665,1,1,1,1,1,1
case_2378f2a6,0,1,1,1,1,0
case_96986c48,0,1,1,0,1,1
case_00ccd0f0,1,1,1,0,1,1
case_90dd82ae,0,1,1,1,1,1
case_cb8250fb,1,0,1,0,1,1
case_0f6f2409,0,0,0,1,0,1
case_51e58531,1,1,1,0,0,0
case_143479e1,1,1,1,0,1,1
case_f203bec4,1,1,0,1,0,1
case_1e8c8801,0,0,1,1,1,1
case_5283269b,0,0,0,0,0,1
case_527f1225,1,1,1,1,1,1
case_267a89a8,1,1,1,1,1,1
case_7e1f5266,1,0,1,1,1,1
case_21ff6b5a,1,1,1,1,1,0
case_99c16aa9,1,1,1,1,0,0
case_8b614eb9,0,0,1,1,0,1
case_7cc16474,0,1,1,0,0,0
case_cdbe060f,0,0,1,0,1,0
case_1e38f453,1,1,1,0,1,0
case_62ee8b60,1,1,1,1,1,0
case_437a9653,0,1,1,0,1,1
case_9ad55952,1,1,1,1,1,1
case_b46eace8,1,1,1,1,0,1
case_40c69dfc,0,0,1,1,0,1
case_251572e5,1,1,1,1,1,1
case_49c0d133,0,1,0,0,1,0
case_6f1dabee,0,0,1,0,1,1
case_c8c9efe6,1,0,0,1,1,0
case_4dd51c91,0,1,1,1,1,0
case_d5d71eeb,1,1,1,1,1,1
case_f5f76e9b,1,1,1,1,1,1
case_6a425557,0,0,0,1,1,1
case_9c263ded,1,0,1,1,1,1
case_b9fe34b3,0,0,1,1,1,1
case_dd05c7c2,1,1,1,1,1,1
case_03c0b0fb,1,0,0,0,1,1
case_5c6f63e7,0,1,1,1,1,1
case_fa22e3c6,1,1,1,1,1,1
case_45a528ec,0,0,1,1,0,1
case_286664e3,1,0,1,1,0,1
case_67a049be,1,1,1,1,1,1
case_570fa085,0,0,1,1,0,0
case_1c6485ea,0,1,1,0,0,1
case_6256b7f8,0,1,0,0,1,1
case_2bcfc8b4,1,1,1,1,1,1
case_23348ecc,0,0,1,1,1,1
case_e97ad122,0,0,1,1,1,0
case_5d51d20a,0,0,0,0,0,1
case_44a1cbec,0,1,1,1,0,1
case_96082ae9,1,0,1,1,1,1
case_f6342984,0,1,1,1,1,0
case_494bf545,1,1,1,1,1,1
case_dda5a1f7,1,0,1,1,1,0
case_2a275777,1,1,1,1,1,0
case_4034f9dc,1,1,1,1,1,1
case_a3337a68,1,0,1,0,1,1
case_4293c2c6,1,0,1,1,1,1
case_8b5b564a,1,0,1,1,1,0
case_fed7fcd1,1,1,0,1,0,1
case_78dee574,1,0,1,1,1,1
case_6f52b0a4,0,0,1,0,1,1
case_5f6d8dc8,0,1,1,1,0,1
case_17244cf8,1,1,1,0,1,1
case_6b8107ca,1,1,0,1,1,0
case_b8242a3b,1,0,0,1,1,1
case_7a271c1c,1,1,1,1,1,1
case_de9df142,1,1,1,1,1,0
case_ee4767c6,1,1,1,1,0,1
case_60cb7c83,0,1,1,1,1,0
case_63f829f3,1,0,1,0,0,1
case_15e9a857,0,0,1,1,0,1
case_41900ad7,1,1,1,1,1,1
case_49d9cfc7,1,1,1,0,0,1
case_87396e59,0,0,1,1,1,1
case_cfc74a91,1,1,1,0,0,0
case_14a8a2c2,1,0,1,0,1,1
case_25081330,0,0,1,0,1,1
case_186814b0,1,1,1,1,1,0
case_27b592ce,1,1,1,1,1,1
case_84a5bef9,1,0,1,1,1,0
case_8c4ee876,1,0,1,1,1,1
case_ba0c5d21,0,1,1,0,0,1
case_7805ffa5,1,1,0,0,0,0
case_0df39b75,1,0,1,1,1,1
case_a96ea520,1,1,1,1,1,0
case_b2cfdef5,1,1,1,1,0,1
case_c25e2452,0,0,1,0,1,1
case_7dd4c2da,0,0,1,0,1,1
case_dbc9342e,1,1,1,1,1,1
case_254d239b,1,1,1,1,1,1
case_b576b539,1,0,1,1,1,1
case_7f7723c6,1,1,1,1,0,1
case_742a45c3,1,1,1,1,1,1
case_57888903,0,0,1,0,1,1
case_24f38c18,1,1,1,1,0,1
case_e314e551,1,1,1,0,0,0
case_2f55bce1,1,1,1,1,1,1
case_51e39c88,1,0,1,1,1,1
case_fd19cdff,1,1,1,0,1,1
case_46df6a68,1,0,0,1,0,1
case_2db0808f,1,1,1,0,0,0
case_90cfa3da,1,0,1,0,0,1
case_6211d261,0,0,1,1,0,0
case_37024a2b,0,0,1,1,1,1
case_6ffdc3dc,1,1,1,0,0,1
case_eabb6ba6,0,1,0,0,0,0
case_9b4ee493,1,1,1,1,1,0
case_bac4837d,1,1,1,1,1,1
case_7a1920c8,0,0,1,1,0,1
case_57d14b2e,0,0,1,1,0,0
case_6bcade24,1,1,1,1,1,1
case_f4cd3b7e,1,1,1,1,1,1
case_fefc2dbc,0,1,1,1,0,1
case_719ac7db,1,1,1,1,1,1
case_7d7afb44,0,1,1,1,0,1
case_e7051447,0,1,1,0,1,1
case_33f7edc4,1,1,1,1,1,1
case_98f61d53,0,0,0,0,0,0
case_91125bda,1,0,1,1,1,1
case_a7a59868,1,1,1,1,1,1
case_e2be8e8e,1,1,1,1,1,1
case_7a7ad4cc,0,1,1,1,1,1
case_f3807394,1,0,1,1,0,1
case_92e0ff06,0,0,1,1,1,1
case_4d595b77,1,1,0,0,1,1
case_235c28d2,0,0,1,0,1,1
case_be66e2d2,1,1,1,1,0,0
case_f37f5f18,0,0,1,1,0,1
case_a9412755,0,1,1,0,1,1
case_4578aa17,0,0,1,1,1,0
case_ea8ff3fe,1,0,1,1,0,0
case_333ef6b6,0,0,1,1,1,1
case_e3910a31,1,1,1,1,1,1
case_dbd93146,0,0,1,0,1,1
case_2e893b7a,1,0,1,0,1,0
case_8230f71e,1,0,1,1,1,1
case_f9eb6065,0,1,1,1,1,1
case_67f77a58,1,0,1,1,1,1
case_e92d1057,1,1,1,1,1,1
case_f0df5b91,1,0,1,0,1,1
case_e0017469,1,1,1,1,1,1
case_55c1f3eb,0,1,1,0,0,1
case_33959022,1,1,1,1,1,0
case_dd0bac95,1,1,1,1,1,1
case_5beb0961,0,0,1,0,1,1
case_4dceede9,1,0,1,1,1,0
case_5ebd484f,0,0,1,1,1,1
case_0a0076c1,1,0,1,1,1,0
case_b43844c0,1,1,1,1,1,1
case_2471c824,0,1,0,0,1,0
case_430bf7cb,1,1,1,1,1,1
case_68b85e13,1,1,1,1,1,1
case_523f505e,1,0,1,1,1,1
case_aa758843,0,0,1,1,1,0
case_d8ff8a23,1,0,0,1,1,1
case_a66f4bf8,0,0,1,1,1,1
case_3827bace,1,1,1,0,1,1
case_77861b79,1,1,1,1,1,0
case_16abd202,1,0,0,0,0,0
case_eeedf0c3,1,0,1,1,0,1
case_f1f89764,1,1,1,1,0,1
case_1ac28ae1,1,0,1,1,1,0
case_990bbf43,1,0,0,1,1,1
case_1894666f,1,1,1,1,1,1
case_ee3a58b7,1,1,1,0,0,1
case_a0f2cdc7,1,0,1,0,0,0
case_05c6f1b9,1,0,1,1,0,1
case_137adc2a,1,1,1,1,1,1
case_1e69b0dc,1,1,1,0,0,0
case_08c407cd,1,1,0,1,1,0
case_eb74f14f,1,1,1,1,0,1
case_178b6774,0,1,1,1,1,1
case_85676319,1,1,1,1,1,1
case_bc27ab7f,0,0,0,0,0,0
case_63ec8e55,1,1,1,1,1,1
case_4c88c320,1,1,1,1,1,1
case_ca0de5b4,0,1,1,1,1,1
case_3bb57cb6,1,1,1,1,1,1
case_197dc497,0,0,1,1,1,0
case_c8fb5a56,1,0,1,0,0,1
case_66c49ff9,1,1,1,1,1,1
case_409d5bfd,1,1,1,1,1,1
case_aadfdabf,1,1,1,1,1,1
case_aaf223ba,0,0,0,0,0,1
case_b1627edc,0,0,1,1,1,0
case_9a6bdff2,0,0,1,1,0,1
case_a21ffb70,1,1,1,1,1,1
case_c4835f23,1,1,1,0,1,1
case_3a740fd6,0,1,1,0,1,1
case_9c7867b0,1,0,1,1,1,1
case_6d66b3d6,1,1,1,1,1,1
case_398fa1da,1,1,1,1,0,1
case_388cb047,1,0,1,1,1,1
case_2909dbde,0,1,0,1,1,1
case_9588d81f,1,1,0,1,1,1
case_d8429817,1,1,1,1,1,1
case_a03552aa,1,1,1,1,1,1
case_c34357c4,1,1,1,1,1,0
case_1bef8272,1,1,1,1,1,1
case_f044985a,1,1,1,1,1,0
case_54d3a1e0,1,1,1,0,1,1
case_ec36c963,1,0,0,1,0,1
case_741744b6,1,1,1,1,1,1
case_2f42a962,1,1,0,1,1,0
case_44f96c04,0,1,1,1,1,1
case_73272c08,1,1,1,1,1,1
case_0888695d,0,1,1,1,1,1
case_02b7ea27,0,0,0,0,0,1
case_25324801,1,1,1,1,1,1
case_f3e745bd,0,1,1,0,0,1
case_346fe5cb,1,1,1,1,1,1
case_19039e64,1,0,1,1,1,1
case_ecb2b1a6,1,1,1,1,1,1
case_74539ce8,0,0,1,0,0,1
case_45a8e42b,1,0,1,0,1,0
case_077a2e8d,0,0,1,1,0,1
case_019a84fc,0,0,1,0,0,1
case_2c218557,1,0,1,0,1,1
case_4f8c48fe,0,1,1,0,0,1
case_20caca01,1,1,0,1,1,1
case_daa4f253,1,1,1,1,1,1
case_c1d1fd71,0,0,1,0,0,0
case_c3af722b,0,0,1,0,0,1
case_25d85187,1,1,1,1,1,1
case_e0ed1b46,1,1,1,1,1,1
case_61a090d4,1,1,1,1,1,1
case_b5c4d5c8,1,1,1,1,1,1
case_e065c7b5,1,0,1,1,1,1
case_331c3de5,1,0,1,1,1,0
case_90be05c5,1,1,1,1,1,1
case_7e299a5e,1,0,1,0,0,0
case_4c070c2d,1,0,1,1,0,1
case_0f3975d6,0,1,1,1,0,1
case_800fcf27,1,1,1,1,0,1
case_00d32d99,1,0,1,0,0,1
case_fee1e0b9,0,0,1,0,0,1
case_76174452,0,1,0,1,1,1
case_aacdcd94,1,1,1,1,1,1
case_245ad064,0,1,1,0,1,0
case_720a027e,1,0,1,1,1,0
case_8c25dcf7,1,1,1,1,1,1
case_28edbac7,0,0,1,1,1,0
case_edcaa96d,0,0,1,0,0,0
case_bd6ed8c9,1,0,1,1,1,0
case_69f223f2,1,1,1,1,1,1
case_6f1efb46,1,1,1,0,0,1
case_de081277,0,0,1,1,1,0
case_ea73f1a4,0,1,1,1,0,0
case_5ab28237,1,0,0,1,1,1
case_de60964c,1,1,1,1,1,1
case_1eb5b50a,0,0,0,0,0,1
case_1857e8c3,1,1,1,1,1,1
case_4b77dd50,1,1,1,1,1,1
case_29a63314,0,0,1,0,0,0
case_0ccede98,0,0,1,1,1,0
case_714bc5e8,1,1,1,1,1,0
case_f385215f,1,1,1,0,1,1
case_ed5173ea,1,1,0,1,1,1
case_c35b401e,1,1,1,1,1,1
case_3272d749,1,1,1,1,1,1
case_79556d31,1,1,1,1,1,1
case_afd598ce,1,1,1,1,1,1
case_dda3929e,1,0,1,1,0,1
case_a99b1462,1,1,0,1,0,1
case_93203631,0,1,1,1,0,1
case_f0901d83,1,0,1,0,1,1
case_d40e9bf3,0,1,1,1,1,1
case_11defe71,1,0,1,0,1,1
case_e20e2b6a,0,1,1,1,1,1
case_2411d388,1,1,0,1,0,0
case_30430060,1,0,0,0,1,1
case_650f1456,1,1,0,1,1,1
case_d7135058,0,1,0,1,1,1
case_22aae7df,0,0,1,1,0,1
case_653fad4e,1,1,1,1,1,1
case_18df2308,1,1,1,1,0,1
case_eeabba00,0,0,0,1,0,1
case_89bb2469,0,1,1,1,1,1
case_d197aec4,1,0,1,0,0,1
case_a177a1cc,1,1,1,1,1,1
case_596160a1,1,0,1,1,0,0
case_373f3c62,1,0,1,1,1,1
case_7ec0b530,1,0,1,0,1,0
case_d7ad8b54,1,1,1,1,1,1
case_74c8e304,1,0,1,1,0,1
case_e33e90e6,0,1,1,1,0,1
case_dcdfed2c,0,0,1,1,1,1
case_0f9db2e4,1,0,1,1,1,0
case_4a0f4d6a,0,1,1,0,1,1
case_b2c93d7e,1,0,1,1,1,1
case_da39a5fe,0,0,1,0,1,1
case_dd240152,0,0,1,1,0,1
case_2b70fc8d,0,1,1,1,0,1
case_01f3ad11,0,0,1,1,1,0
case_9d6253ed,1,1,1,0,1,1
case_27c25fb4,0,0,1,0,0,0
case_33d81064,0,1,1,1,1,1
case_e72edcf3,0,1,1,0,1,1
case_21f44162,1,0,1,1,1,1
case_c5eaae3a,1,1,1,1,1,1
case_0cffd98e,1,1,1,1,1,1
case_a091554d,0,0,1,1,1,1
case_9be2c5c0,0,0,1,0,1,0
case_477b392c,1,1,0,1,1,1
case_3eac13f8,1,1,1,1,0,1
case_c483bb91,1,1,1,1,0,1
case_e250d789,1,0,1,1,0,1
case_9f254623,1,1,1,1,1,1
case_0255719b,0,0,1,0,1,1
case_e87fb1cd,1,0,1,1,1,1
case_9b6f1dfb,0,0,1,0,1,1
case_e1dfec9d,0,1,1,0,0,1
case_d639950c,0,0,1,1,1,1
case_e9d4d739,0,1,0,1,1,0
case_83092740,0,1,1,0,1,1
case_0713625c,0,0,1,1,0,1
case_72ed12bf,1,1,1,0,0,0
case_7b7fee34,1,1,1,0,0,1
case_3634ebb2,0,0,1,1,0,1
case_76767ba2,1,1,1,1,1,1
case_b8bcc40e,1,1,1,1,1,1
case_3be0d244,1,1,1,1,1,1
case_08ce8899,1,1,1,1,1,1
case_365f4c6d,1,0,1,1,1,1
case_d7b24573,1,1,1,0,1,1
case_f15f5c9a,1,1,1,1,1,1
case_6d9bd18f,0,0,1,0,1,0
case_fcf6ef15,1,1,1,1,0,1
case_e76766b9,0,0,1,0,1,1
case_25749040,0,1,1,1,1,1
case_ab096cc5,1,0,1,1,1,1
case_2019092f,1,0,1,1,1,0
case_d671311f,0,0,1,1,1,1
case_93e7a483,1,1,1,0,1,0
case_e8cafce2,0,1,1,0,0,1
case_f14a00d9,1,0,1,1,0,1
case_65751320,0,1,1,0,1,1
case_dd74429e,1,1,1,1,1,1
case_7f8ee6da,0,0,0,1,1,1
case_84216418,1,1,1,1,1,1
case_fbd82b9d,1,1,1,0,1,1
case_d1fb127d,1,0,1,0,0,0
case_66515c66,1,1,1,1,1,1
case_d1334ce8,0,1,1,1,1,1
case_cafe6e01,0,0,1,1,1,1
case_4208d6dc,1,0,1,1,0,1
case_6b593a95,0,1,1,1,0,0
case_71eb9e4a,1,0,1,1,1,1
case_be22ee11,0,1,1,1,1,1
case_35f8a2b2,1,0,1,1,1,1
case_b2f56362,1,1,1,0,0,1
case_c2c2453f,1,1,1,1,1,1
case_b5e8921c,1,1,1,1,1,1
case_e848485b,1,1,1,0,1,1
case_8b532797,1,1,1,1,1,1
case_abfde0c8,1,1,1,0,0,1
case_6f452db9,1,0,1,1,1,1
case_18a5945d,1,1,1,1,1,1
case_e4514f57,1,1,1,1,0,1
case_af231d44,1,1,1,1,1,1
case_d7dd8e9c,0,1,1,1,0,0
case_fdac5e79,1,1,1,1,1,1
case_a64ec1e6,1,1,1,1,1,1
case_b3b0758e,1,1,1,1,1,1
case_d0de4d7a,1,0,1,1,1,1
case_35e2ba7d,1,0,0,1,1,0
case_35857fb4,1,1,1,1,0,0
case_daec9945,0,1,1,1,1,1
case_0c6f5f98,1,0,0,0,1,1
case_2ad7f4d7,1,1,1,1,1,1
case_19f1aacf,1,0,1,1,0,1
case_eaf042ba,1,1,0,0,1,1
case_a6207ba5,1,1,1,0,1,1
case_10fcafa7,1,1,1,1,0,1
case_60da357e,0,1,0,1,0,1
case_de3798a7,1,0,1,0,0,0
case_4f260c2d,1,1,1,1,1,1
case_2de20487,1,0,0,1,1,1
case_2ea0a5e4,1,1,1,1,1,1
case_572fb981,0,0,1,1,1,0
case_ce725752,0,1,1,0,0,1
case_3989cb7e,0,1,1,1,1,1
case_d0dfa6fa,1,0,1,1,1,0
case_27d2faf2,1,1,1,1,1,1
case_7d8f8be7,0,0,1,1,1,1
case_1ac7d9dc,1,1,1,1,1,1
case_88592e99,0,0,1,0,1,1
case_d0576b4a,1,1,1,1,1,1
case_0337d039,1,1,1,1,1,1
case_557415aa,0,0,1,1,0,0
case_83bb0536,1,0,1,1,1,1
case_37fd20f6,1,1,0,1,1,1
case_44f837f1,1,1,1,1,1,1
case_98db2685,1,1,1,0,0,1
case_10d5feea,0,1,1,1,1,1
case_b6245572,0,1,1,1,1,1
case_00d54d1a,1,0,1,1,1,1
case_39089e6b,1,0,1,1,0,1
case_a50e7783,0,1,1,1,1,1
case_ed0fc330,0,1,1,1,1,1
case_4ca7aef8,0,1,1,0,1,0
case_27d5cb08,1,1,1,1,1,1
case_3e308e80,1,0,1,1,0,1
case_f8af59be,0,1,1,1,1,1
case_0e8228f6,0,1,1,1,1,1
case_9dae22e9,1,0,1,1,0,1
case_c41ed404,1,0,1,1,1,1
case_4273dbd8,1,0,1,1,0,1
case_82313b80,0,1,1,1,1,0
case_c394f69c,1,1,1,1,1,1
case_c7bfab4c,0,0,1,0,0,0
case_916a2825,1,0,1,0,0,0
case_8f6ae2d1,1,0,1,1,1,1
case_fffc85eb,1,1,1,1,0,1
case_e58f8363,0,1,0,1,0,1
case_70445c72,1,1,1,1,1,1
case_406336b2,1,1,0,1,1,1
case_e48752d5,1,0,1,0,0,0
case_af12f500,1,1,1,1,1,1
case_a51625db,1,0,1,1,1,1
case_3afe213c,0,1,1,1,0,1
case_184553c4,0,0,1,0,1,1
case_cdde6fac,0,1,1,1,1,1
case_6eab7b7f,1,1,1,1,1,1
case_f5217084,0,0,1,0,1,1
case_cd1e104d,1,0,1,0,1,1
case_52f22d5b,1,0,0,1,1,1
case_9aabd5cc,0,0,0,0,0,0
case_76fe4099,0,1,0,0,0,1
case_1b8c2c61,1,1,1,1,1,0
case_f5935586,1,1,1,1,1,1
case_3f653366,0,1,0,0,1,0
case_55ff8f8a,0,0,0,0,0,1
case_1dcd53b4,0,0,1,1,0,1
case_e589e2a0,1,1,1,1,0,1
case_ff47430d,1,1,1,1,1,1
case_cba232c1,1,1,1,0,0,1
case_d1a7a1bc,0,1,1,1,0,0
case_d413a16d,1,1,1,1,1,1
case_cd799f0e,1,1,1,1,1,1
case_ebf4196f,1,0,1,0,1,1
case_d2484957,0,1,1,0,1,1
case_7df1e83b,1,1,0,1,1,1
case_a33ff55b,0,0,1,1,1,1
case_1a75b25a,1,0,1,1,1,0
case_88ec5b47,0,0,0,1,0,1
case_41affe3e,1,1,1,0,1,1
case_12e9fe96,0,0,1,1,0,0
case_800231bc,1,1,1,1,1,0
case_a65efbef,0,1,1,1,0,1
case_1d8c8b28,1,1,1,1,1,1
case_fe5b945b,1,1,1,1,1,1
case_1b7fd2c0,1,1,1,1,1,1
case_5063a313,1,0,1,1,1,1
case_1b9282b4,1,1,1,1,1,1
case_7aa53d5a,1,1,1,1,1,1
case_25133179,0,1,1,1,1,1
case_6ee73f7d,0,0,1,1,1,1
case_3da5e803,0,0,1,0,0,0
case_49d88074,1,1,1,1,1,1
case_71dd0a82,1,1,0,1,1,1
case_250bd359,1,1,1,1,1,0
case_2e063040,1,1,0,1,1,1
case_97ce2c49,0,1,1,1,1,1
case_193ec276,0,0,1,1,1,1
case_333a7f93,1,1,0,0,0,1
case_96568b70,0,0,1,1,1,1
case_2b150f34,0,0,1,0,1,0
case_9f3eed0d,0,0,1,0,1,1
case_63677ab8,0,1,1,1,1,1
case_e63a5bf8,0,0,1,1,1,1
case_41bd83a7,1,1,1,1,1,1
case_50443c79,1,0,1,1,0,1
case_393cb92a,1,1,1,0,1,1
case_2ec79504,1,1,1,1,1,1
case_efc15b93,1,1,1,1,1,1
case_d8677b99,1,1,1,0,0,1
case_6508caf5,1,0,0,0,1,0
case_8ea79ffe,1,1,1,1,1,1
case_7fdee333,1,1,1,1,1,1
case_ef974d11,1,0,1,0,1,1
case_3c4cfc6e,1,1,1,0,1,0
case_0a639d97,1,1,1,1,1,1
case_880d8557,0,0,1,0,0,0
case_a8aa5d78,0,0,1,0,1,1
case_7e37644d,1,0,1,1,1,1
case_5d06f6f0,0,1,1,0,0,0
case_6a9c6891,0,1,1,1,0,1
case_087d6e52,1,0,1,1,1,0
case_3ab68568,1,0,1,1,0,1
case_a3875a34,0,1,1,0,1,1
case_27075fe9,1,0,1,0,0,1
case_dc3789bb,1,0,1,1,0,0
case_e276fb28,0,1,1,0,0,1
case_1d2e6251,1,1,1,1,1,1
case_9eac8811,0,1,1,1,0,1
case_7e1b3523,1,1,1,1,0,0
case_f60d5f46,1,1,1,0,1,1
case_07d7d41b,1,1,1,1,1,1
case_32ed46e9,1,0,1,1,1,1
case_172e811f,1,1,0,0,1,1
case_a645a11c,0,0,1,0,0,0
case_0eb2f325,1,0,1,1,1,1
case_21d3c3b1,0,1,1,1,1,0
case_0fc2e71f,0,0,1,0,0,0
case_4c5ef4b8,1,1,1,1,1,0
case_56036244,0,1,1,0,0,1
case_9fe60216,1,1,1,1,0,1
case_21e08299,1,1,1,1,1,1
case_31228ec1,1,1,1,0,1,1
case_6c6d448b,0,1,0,1,1,0
case_f6b3d6aa,1,0,1,0,1,1
case_d5f47591,1,1,1,1,1,1
case_26b4d284,0,1,1,0,1,1
case_725eb55b,1,1,1,1,1,1
case_b1e0b3b3,0,0,1,0,1,0
case_00e4d9a9,0,1,1,1,1,1
case_ad4e6272,0,0,1,1,1,1
case_831cb55f,0,1,1,1,0,1
case_df2aa147,1,1,1,1,1,0
case_a97696dd,1,1,1,1,1,1
case_ca617801,0,1,1,1,1,1
case_31316576,1,0,1,0,1,1
case_0a4f3bf7,1,0,1,0,0,1
case_dd0a8b17,1,1,1,1,1,1
case_55b501e8,0,1,1,1,0,1
case_6db69d30,1,1,1,1,1,0
case_bf4ec814,0,0,1,1,1,1
case_7c528ab0,1,1,1,0,0,0
case_7454f032,1,0,1,1,1,1
case_a8124bf2,0,0,1,0,1,1
case_85cf7176,1,1,1,1,1,1
case_d9213852,1,1,1,1,0,1
case_c875c1e0,1,0,1,0,1,1
case_183b446c,1,0,1,1,1,1
case_c271ada7,1,0,1,0,1,1
case_6bebeeae,0,1,1,1,0,1
case_e4d08fa2,1,1,1,1,0,1
case_3d7fa041,1,0,1,1,1,1
case_ac9709aa,1,1,1,1,1,1
case_4e43ad1b,1,1,1,1,1,1
case_93c50f7a,1,1,1,1,0,1
case_ad268b48,1,0,1,0,1,1
case_a2f37585,0,1,1,0,0,0
case_eb6376a3,1,1,0,1,0,1
case_605c1cbe,1,1,1,1,0,0
case_72711903,0,1,1,0,1,1
case_7852794c,1,1,1,1,0,0
case_777dc2d0,0,1,1,1,0,1
case_8b8a71cb,1,0,1,1,1,1
case_7559729d,1,1,1,0,0,1
case_d02ad2ba,0,1,1,0,0,0
case_a8d9bb39,0,0,1,1,1,1
case_9ff8c86d,1,1,1,0,1,1
case_b7b78595,1,1,1,1,1,0
case_14331add,0,1,1,1,1,1
case_86857633,1,1,1,0,0,0
case_a21fee57,0,0,1,0,1,0
case_5ec8a834,0,1,1,1,1,1
case_53af06a5,1,0,1,1,1,1
case_9c539200,0,0,1,1,1,1
case_3358f014,1,0,1,0,1,1
case_ad0f861f,0,1,1,1,1,1
case_fd394afd,0,0,1,1,1,1
case_242cec0d,1,0,1,1,1,1
case_e849c224,1,1,1,1,1,0
case_7cb3a71a,1,1,1,1,1,1
case_a0cf9eea,0,0,1,0,0,1
case_d2d0c009,0,1,1,0,0,1
case_59026b5d,1,1,1,0,1,1
case_b98baf42,1,1,0,1,1,0
case_45a01d9f,0,0,0,0,0,0
case_babded74,0,1,1,1,1,1
case_d60d8598,1,1,1,1,1,0
case_b30ffa30,1,1,1,1,1,1
case_f708b7e5,0,1,1,0,1,1
case_3c0ae918,0,0,1,0,1,1
case_52b917cd,0,1,1,0,0,0
case_d5eb1e5e,1,1,1,1,1,1
case_ca8fff81,1,1,1,1,1,1
case_97285a3e,1,1,1,1,1,1
case_8dbae7b1,0,0,0,1,0,1
case_ade02d30,1,1,1,1,1,1
case_4d266245,1,1,1,1,1,1
case_d809cc07,1,1,1,1,1,1
case_9831ed1a,0,0,1,1,1,1
case_549690a6,1,0,1,1,1,1
case_2e8aaa5a,1,1,1,1,1,1
case_bacf6896,1,1,1,1,1,0
case_1aa26379,0,1,1,1,1,1
case_92a8dee9,0,0,1,1,0,0
case_23e13546,1,1,1,1,1,1
case_882bdae2,0,0,0,1,1,1
case_71dd93a5,1,1,1,1,0,1
case_0f7a984a,1,1,1,0,1,1
case_b4f9c120,0,1,1,0,1,0
case_fa869c10,1,1,0,0,1,0
case_90ff5624,1,1,1,1,0,1
case_42d483ca,1,0,1,0,0,0
case_c9663b71,1,0,1,1,1,1
case_51006be9,1,1,1,1,1,1
case_e88ea7ca,0,1,1,1,1,1
case_ab4e05bf,1,1,1,1,1,0
case_21534e0f,0,1,1,1,0,0
case_ce7cbe17,1,1,1,0,0,1
case_211101bf,1,1,0,1,1,1
case_79c745c0,1,1,1,0,1,1
case_83c2ed34,0,0,1,1,0,1
case_e51c0e44,0,1,1,1,0,0
case_06d71dbb,0,0,1,1,1,1
case_b8094e7a,1,1,1,0,1,1
case_ab8a4de4,0,1,1,0,1,0
case_0f34d0a7,1,1,0,0,1,0
case_a244ec95,0,0,1,1,1,1
case_67d524af,1,1,1,1,1,1
case_96240d9d,1,0,0,1,0,0
case_026aff32,1,1,1,1,1,0
case_9f054572,1,0,1,1,1,1
case_a041ce5c,1,1,1,1,1,1
case_04ab807f,0,1,1,1,1,1
case_1a42b123,1,0,1,1,0,0
case_d12b244e,0,1,1,1,0,1
case_36b09c1c,1,1,1,1,1,1
case_b5f144d4,1,1,1,1,1,1
case_a0354c98,0,1,1,1,0,1
case_f781593c,1,1,1,1,1,1
case_28cbb16c,1,0,1,0,0,1
case_418125c0,0,1,1,1,1,1
case_6020c6f8,1,0,0,1,1,1
case_32fa6320,1,1,0,0,1,0
case_ec469407,0,1,1,1,0,0
case_388a9fb5,0,0,1,1,0,1
case_9b21f3cc,1,0,1,1,1,0
case_5ccc5138,1,0,1,0,0,1
case_29325a65,0,1,1,0,1,1
case_7d11882f,1,0,1,1,1,1
case_175e412d,1,1,1,1,1,1
case_a534d844,1,1,1,0,0,0
case_0eab85fe,1,1,1,1,0,1
case_1b8c79ba,1,0,1,1,1,1
case_c4f35c3d,1,0,1,0,1,0
case_01ac9bbd,0,1,0,1,1,1
case_f664c85b,0,0,1,1,1,1
case_09325ea2,0,1,1,1,1,1
case_9175f429,1,1,1,1,1,1
case_7018f978,0,1,1,1,1,1
case_8968ad9e,0,0,1,1,1,0
case_cb642941,1,0,1,1,1,1
case_331a0126,0,0,1,1,1,0
case_9a1727c1,0,1,1,1,1,1
case_ea11a17a,1,1,1,1,1,1
case_e1a00427,0,1,1,0,1,1
case_e9d26ea5,1,1,1,1,1,1
case_daa96998,1,0,1,1,0,0
case_524c05c1,0,0,1,0,1,1
case_843f57c2,0,1,1,1,1,1
case_f59a4aac,1,1,1,1,1,1
case_3a4ff826,1,1,1,0,1,1
case_46a9921a,0,0,1,0,1,1
case_d4476826,1,0,0,0,0,0
case_9a35018c,0,1,1,0,1,1
case_b4d87b0c,0,0,0,1,0,0
case_9e72f294,1,0,1,1,0,0
case_c4ed48b0,1,1,1,1,1,1
case_fc20e02d,0,1,0,1,1,1
case_8c3d3fe6,0,0,1,1,0,1
case_a5d832ca,1,1,1,1,1,1
case_f779fee4,0,1,1,0,1,1
case_e7d11428,0,1,1,0,1,1
case_2920ddb9,1,1,1,1,0,1
case_42233fcd,1,1,1,1,1,1
case_065fe7a7,1,1,1,1,0,1
case_33a06998,1,1,1,0,1,1
case_2cedd20c,0,0,1,0,1,1
case_43e83a4a,1,1,1,1,1,1
case_15892501,1,0,1,1,0,1
case_62dc4ef5,0,0,0,0,0,1
case_466a11ef,0,1,1,1,1,1
case_449fc6f3,1,1,1,0,1,1
case_c3c1dd87,0,0,1,0,0,0
case_5c6e409d,0,1,1,1,0,1
case_1f52ffe6,1,1,1,1,1,1
case_25b371bd,0,1,1,0,1,1
case_6952e939,1,1,1,0,0,1
case_4602e558,1,1,1,1,1,1
case_64ea2985,1,0,1,1,1,1
case_d54b64ef,1,0,1,1,1,1
case_26a524e9,1,1,1,1,1,0
case_4d6c25c2,0,1,1,1,0,1
case_0f2e17e3,0,1,1,0,0,1
case_b632d58f,1,1,1,1,1,1
case_dcdaf52c,0,0,1,0,1,1
case_2d0dd85d,1,0,1,1,1,1
case_8498581b,0,1,1,1,1,1
case_a1099a8d,1,1,1,0,0,1
case_5c5475d1,1,1,1,1,1,1
case_6ff9102a,0,1,1,1,0,1
case_df6ab934,1,0,1,1,1,0
case_541acc07,1,1,1,1,0,1
case_46bab07f,1,1,0,1,1,1
case_434b0f2e,0,0,1,1,1,1
case_03a32592,0,0,0,1,0,1
case_6409563f,1,1,1,0,1,1
case_509f6a19,0,1,1,1,1,1
case_1af9f51a,1,1,1,1,1,1
case_ba0ecdcc,1,1,1,1,0,1
case_a4aacf41,0,0,1,1,0,1
case_cc3b5a70,1,0,1,1,1,1
case_4b528810,0,0,1,1,1,1
case_799ab84f,1,1,1,1,1,0
case_8ba5af02,1,0,1,1,1,1
case_76467390,0,1,0,0,1,0
case_a47cce0a,1,0,1,0,1,0
case_c502ac9a,0,1,1,1,0,1
case_f2df24ff,0,0,1,0,1,1
case_c52bbfa4,1,1,1,0,1,1
case_2e1fa74d,1,1,1,1,0,0
case_650af1da,0,1,0,1,1,1
case_04df4ac0,1,1,1,1,0,1
case_fdbfdb28,0,1,1,1,1,1
case_00867d7b,1,0,1,0,0,1
case_7e0d97b1,1,1,1,1,1,1
case_8bd31b09,1,1,1,1,1,1
case_facbfd5b,0,0,1,1,1,1
case_079c6fe8,1,0,0,0,1,1
case_062d8232,1,1,1,1,0,1
case_9a053f78,1,1,1,1,1,1
case_7b1680f7,1,1,1,1,1,1
case_cad1aecd,1,1,1,0,1,1
case_61fcacdb,0,1,0,1,0,1
case_6aefbf50,0,1,1,0,1,1
case_fa3444e8,1,1,1,0,1,0
case_8b5f1c66,1,0,0,1,0,0
case_7d861279,0,0,0,1,0,0
case_62ed8fdf,0,0,1,1,0,0
case_bf5e23e7,0,1,1,1,0,0
case_136d0e0d,1,1,1,1,1,0
case_8dae598d,0,0,1,1,1,1
case_6d0c5737,1,1,1,1,1,1
case_be3f3469,1,1,1,1,0,1
case_c3ebb502,0,0,0,0,1,0
case_458fea5c,1,1,1,1,1,0
case_98ef8b1d,1,1,0,1,1,1
case_f6e7315f,1,1,0,1,0,1
case_f394fff8,0,0,0,1,0,1
case_34c610be,1,0,1,1,0,0
case_57368049,1,1,0,1,1,0
case_917fee33,0,0,1,0,1,0
case_2e9fb1bc,1,1,1,1,1,1
case_c4d4321a,1,0,1,1,1,0
case_f45f33b8,1,1,1,1,1,1
case_fb2f9a6c,1,1,1,1,0,1
case_31cdcfd4,0,0,1,1,1,1
case_7dad449e,0,1,1,1,1,1
case_c5ad5739,1,1,1,1,0,1
case_b349b526,1,1,1,1,1,1
case_5871a264,1,1,1,1,1,1
case_ec3983ec,1,1,1,1,1,1
case_3156dd9a,0,0,1,0,0,1
case_f85662ff,1,1,1,1,1,1
case_2a13ee1f,0,0,1,1,1,0
case_0d4560f3,1,0,1,0,0,1
case_b05fcf6e,0,0,0,0,0,0
case_94d3b266,0,1,1,1,1,1
case_753936c1,1,1,1,1,1,1
case_e35cdd32,1,1,1,1,1,1
case_02038399,1,1,1,1,1,1
case_ce29ad61,1,1,1,1,1,1
case_eab00e6d,0,1,1,1,1,1
case_3b1f7421,1,0,1,1,1,1
case_107a285f,0,0,1,1,0,1
case_00136e7f,0,0,1,1,1,1
case_26ee3a70,1,1,1,1,1,1
case_b19324f2,1,1,1,1,1,1
case_8d938a34,1,1,1,0,1,1
case_fc1519e3,1,1,1,0,1,1
case_b79d4526,0,0,1,0,1,0
case_6d5bb756,1,1,0,0,0,1
case_98447770,0,1,1,1,1,1
case_cadd118d,0,0,1,1,1,1
case_13748fae,1,0,1,0,0,1
case_455fb0a4,1,1,1,1,1,1
case_c46ea761,1,0,1,0,0,1
case_ee925628,1,0,1,1,1,1
case_41ef73e3,0,0,1,1,0,0
case_a13a2e71,1,1,1,1,1,1
case_675819d6,1,1,1,1,1,1
case_3805929b,1,1,1,1,0,1
case_96662b63,0,1,1,1,0,1
case_bdeb317a,0,1,1,1,1,1
case_fa997cd9,1,1,1,1,1,1
case_eb679965,1,1,1,0,1,1
case_f9947745,0,0,1,0,0,1
case_ae94f6b5,1,1,1,1,1,1
case_f6654278,1,1,1,1,1,1
case_beda5279,1,1,1,1,1,1
case_67b08421,1,1,1,1,1,1
case_22370fc8,1,0,1,1,0,0
case_f2b6c617,1,1,1,1,1,1
case_8c1932b2,1,1,1,1,1,1
case_b13b28c7,1,1,0,1,1,0
case_716a8d86,1,1,1,1,1,1
case_2ba2c770,0,0,1,1,1,1
case_a1d3183b,1,1,1,1,1,0
case_67e384a3,1,1,1,1,1,1
case_8e294f73,1,1,1,1,1,1
case_a48bce89,0,0,1,0,0,0
case_6dd776a0,1,1,1,1,1,1
case_5c2dc94d,0,1,1,1,1,1
case_aa3449ef,1,1,1,1,1,1
case_bdc6f397,1,1,1,1,1,1
case_90bd8560,0,0,1,1,1,1
case_523ae7dc,1,0,1,0,1,1
case_4f0fc932,0,0,1,1,1,0
case_a0608b25,1,1,1,1,1,1
case_6648dc30,1,1,1,1,1,1
case_46af76f8,0,0,0,1,1,0
case_0c808ecb,0,0,1,1,1,1
case_a1f81009,1,1,1,0,0,1
case_b94d2df7,0,0,1,1,0,0
case_5994ae41,1,1,1,1,1,1
case_17b9483f,1,0,1,1,0,0
case_86b76303,0,0,1,0,0,0
case_f0e496af,0,1,0,1,1,1
case_96fac2c9,1,0,1,0,1,1
case_2db69ea0,0,1,1,1,1,1
case_aef41bda,0,1,1,1,1,0
case_802a83cc,0,1,0,1,0,1
case_890a561d,1,1,1,1,0,1
case_ea3fd4af,1,1,1,1,1,1
case_2efe02d4,1,0,1,1,1,1
case_10511c38,1,1,1,1,1,1
case_f30ce3bf,1,0,1,1,1,1
case_8e1c7b25,1,1,1,0,1,1
case_7d4413a9,0,0,1,1,0,1
case_ce33e161,1,0,1,0,1,1
case_fe5b06cf,1,0,1,0,1,0
case_fda4c3a9,1,1,1,1,1,1
case_1477dc73,0,0,1,1,0,1
case_44ec10e0,1,1,1,1,1,0
case_2480676d,0,1,1,1,1,1
case_0b650cb3,1,1,1,1,1,1
case_66f38536,1,1,1,1,0,1
case_5893feda,1,1,1,0,1,1
case_02e178eb,1,0,0,0,1,1
case_f61d2dbf,1,0,1,0,1,1
case_8887ed7a,1,0,1,1,0,0
case_cc50ec3a,0,0,1,1,1,1
case_6160c80a,1,1,0,1,0,1
case_33486db7,0,1,1,1,1,1
case_e74dce0a,1,1,1,0,1,1
case_e16ef8c9,1,1,1,0,1,0
case_dcba4cd3,1,0,1,1,1,1
case_daf9627b,0,1,1,1,1,1
case_800d6cac,1,0,1,1,1,1
case_f1ee4957,0,1,1,1,0,1
case_33a9bee9,1,0,1,1,0,1
case_3a65f6ed,1,1,1,1,1,1
case_a0c37372,1,0,1,0,1,0
case_6fb3bee6,1,1,1,1,1,1
case_cb4ece24,0,1,1,1,1,1
case_7a1c8873,0,0,1,1,0,1
case_5b40b550,1,1,1,1,1,0
case_40a42f03,0,0,1,1,1,0
case_3f155672,1,1,1,1,1,1
case_c8dcb8d5,1,1,1,1,0,1
case_4bc425e1,1,1,1,1,1,1
case_b91d0b23,1,0,0,1,1,1
case_6d2c5eb1,1,1,0,1,1,1
case_7b266946,0,1,1,0,0,1
case_74b28125,1,0,1,0,1,1
case_25e821b2,0,0,1,0,1,1
case_b2ab1641,1,1,1,1,1,1
case_dd4b68a5,0,1,1,1,1,1
case_710bd2de,1,1,1,1,0,0
case_cf0ba84d,1,1,1,1,0,0
case_2adcdca4,1,1,1,1,1,1
case_790ccca1,0,1,1,0,1,1
case_9cceb404,1,0,1,0,1,0
case_36630638,1,1,1,1,1,1
case_00db351c,0,1,1,1,1,1
case_e248faa7,1,1,1,1,0,1
case_9fdf2d1b,1,0,1,1,0,1
case_e9ed31b4,1,0,1,0,1,1
case_520aec18,0,0,0,0,1,1
case_b2cef000,1,1,1,1,1,1
case_f643ff5b,1,1,1,1,1,1
case_649138d9,1,1,1,1,0,0
case_5270fe1f,1,1,1,1,1,0
case_1a0deb7e,1,0,1,1,1,1
case_d63bba20,0,0,1,1,1,1
case_57135cc2,0,0,1,1,1,0
case_402bf708,1,1,1,0,1,1
case_0b12c4f8,1,1,1,1,1,1
case_010a565c,1,0,1,0,1,1
case_22dc65fd,1,1,0,1,0,1
case_1f6941fc,1,0,1,0,1,1
case_17b3c148,0,0,1,1,1,1
case_a90d58ff,0,1,1,0,0,1
case_f472802c,1,0,1,1,1,1
case_42bce075,1,0,1,1,1,1
case_4841943b,1,1,1,1,1,1
case_a9c5f5a1,0,0,1,1,1,1
case_0bb108d2,1,1,1,1,1,1
case_97c587cb,0,0,1,1,0,1
case_baa5e71f,0,0,0,0,0,1
case_07b6132b,0,0,1,0,0,0
case_96d8e165,0,0,1,1,0,0
case_cba3a7ee,0,1,1,1,1,0
case_1ab36557,1,1,1,1,1,0
case_d9b31f35,0,0,1,0,0,1
case_78590b75,1,1,1,1,0,0
case_45d0d52f,1,1,1,1,1,1
case_f8b3fe27,0,1,1,1,1,1
case_4187779b,0,1,1,1,1,1
case_5d8b53e1,1,1,1,1,1,1
case_bd1901a5,1,1,1,0,1,1
case_375f6d10,1,0,1,1,1,1
case_f51605d9,1,0,1,1,1,1
case_6b4d9838,1,0,1,1,1,1
case_da211f50,1,1,1,0,1,1
case_261abbf2,1,0,1,0,1,0
case_f711897b,1,1,1,0,1,1
case_abf4af8b,1,1,1,1,1,1
case_a60d29e0,0,1,1,1,1,0
case_ca4ea7d3,1,1,1,1,1,1
case_6cc94699,0,0,1,0,0,1
case_0342a087,0,0,0,0,0,1
case_330b5af9,1,0,1,1,1,1
case_e41a7701,0,0,1,0,0,1
case_fcb3fb33,0,0,1,1,0,1
case_ea3348c6,1,1,1,1,1,0
case_65757076,0,0,1,0,1,0
case_6865d3e2,1,0,1,1,1,0
case_4624e3a2,1,1,1,1,1,1
case_26ab4a46,1,1,0,0,1,1
case_2fc03ac1,0,0,1,1,0,1
case_8f241e65,1,1,1,1,0,1
case_f402ca70,0,0,1,1,1,1
case_4da178b7,1,0,1,1,1,1
case_3d784126,1,1,0,1,1,1
case_315ef896,1,0,1,1,1,1
case_fe6c7490,1,0,1,0,0,0
case_dbc1a205,0,0,1,1,1,0
case_7e0a4a8d,1,0,1,0,1,1
case_e11d3f12,1,0,1,0,0,1
case_e308c7fe,1,0,1,1,0,1
case_33dd8175,1,0,1,0,1,1
case_2ef746c8,1,0,0,1,1,0
case_8e0f022f,1,1,1,0,1,1
case_d73715c5,1,1,1,1,1,1
case_b03e47d6,1,0,1,0,0,1
case_894d7fcf,0,1,1,0,0,1
case_eba94e1c,0,1,1,1,1,1
case_f6a441f3,1,1,1,1,0,1
case_5b1ac584,0,0,1,1,1,0
case_5d836173,0,1,1,1,1,1
case_baa74841,0,1,1,0,0,0
case_641d128b,1,0,1,1,1,1
case_207a629c,0,1,1,1,1,0
case_7e4ebf7b,0,1,1,0,1,1
case_594d9e77,1,1,1,1,1,1
case_414b0a8f,1,1,1,1,1,1
case_401cc0fd,0,1,1,0,1,1
case_c30b6fcf,1,1,0,1,1,1
case_e0d342cd,1,0,0,0,0,1
case_e0e5e677,1,1,1,0,1,1
case_66c011f7,0,0,1,0,1,1
case_deb388ab,1,1,1,1,1,1
case_e88092c5,0,1,1,1,0,1
case_10db90bc,1,0,1,1,0,0
case_019ba032,1,1,1,1,1,1
case_e4acfc7e,1,0,1,1,1,0
case_e1064823,0,1,1,0,0,1
case_2272f108,1,1,1,1,1,1
case_70fe9fe8,0,1,1,0,1,0
case_a563cc12,0,0,1,1,0,1
case_d039d347,1,0,1,1,1,1
case_525abce6,1,1,1,1,1,1
case_60118a45,1,1,1,1,1,1
case_1b8be4d5,0,0,1,0,0,0
case_ebbf02c3,1,0,1,1,1,1
case_4107595c,1,1,0,1,1,1
case_d524e5d5,1,1,1,1,1,1
case_11ac6545,1,0,1,0,0,1
case_dfd396a2,0,0,1,0,1,1
case_6ca03722,1,0,1,1,0,1
case_52a991d0,1,0,0,0,1,1
case_4394b761,1,0,1,1,1,1
case_a3569dc7,1,0,1,1,1,1
case_95096f36,1,0,0,0,1,1
case_71e657bc,0,0,1,1,1,1
case_c259b46f,0,0,1,0,1,0
case_68724b44,1,1,1,1,1,0
case_4476ed06,0,1,1,1,0,1
case_cab34bf7,1,1,1,1,0,0
case_4139be65,0,1,1,1,1,1
case_7f3321ec,1,1,1,1,1,1
case_7a1d5abb,1,1,1,1,1,1
case_8b797d5d,1,1,1,0,1,1
case_f99ede65,1,0,1,1,1,1
case_9b8a7bde,1,1,1,0,0,1
case_ab10bb67,0,1,1,0,1,0
case_a7ef0e1d,0,0,1,0,0,0
case_1368912b,1,0,1,1,1,1
case_41afc838,0,0,1,1,0,0
case_58b2d069,1,0,1,0,1,1
case_2a6c73db,1,1,1,1,1,1
case_3cd9f241,0,0,0,0,0,1
case_27bb4220,1,0,1,1,1,1
case_74b94af6,1,1,1,1,1,1
case_31057de3,1,1,1,1,1,0
case_b18ca401,0,0,0,0,0,1
case_74218634,0,0,1,0,1,1
case_1d56084e,0,0,1,1,1,1
case_65bff8dd,1,1,1,1,1,1
case_6b31c9fd,1,0,1,1,1,0
case_70a2d85a,0,0,1,0,1,1
case_0ba7aee8,1,1,1,1,1,1
case_fbd1a12d,1,1,0,1,1,1
case_d4820be6,1,0,1,1,1,1
case_9afb673f,1,1,1,1,0,1
case_077b2a7f,1,1,1,1,1,1
case_b0633e04,1,0,1,1,0,1
case_e52b6e44,1,1,1,0,1,0
case_5f741fc7,1,0,1,1,1,1
case_c8747524,1,1,1,1,1,0
case_3d804ed1,1,1,1,1,1,1
case_3d6c37ea,1,1,1,1,0,1
case_b3fdd6ce,1,1,0,1,1,1
case_00f65bb6,1,0,1,1,1,1
case_408f2a69,0,0,1,0,1,1
case_bb011884,1,0,1,1,1,1
case_f41a23e6,0,1,0,1,1,1
case_55702211,0,0,0,0,1,1
case_04601b28,0,0,1,0,1,1
case_4aec28de,1,1,1,0,1,0
case_a0fb730f,1,1,1,0,1,0
case_3444418c,1,1,1,1,1,1
case_b4cbebee,1,1,1,1,1,1
case_44e405b0,1,0,1,1,1,1
case_3af3a572,0,0,1,1,1,1
case_9bfc6d0a,1,1,1,1,1,1
case_fd7b4092,1,1,1,1,1,1
case_5bf2d771,0,0,1,1,1,1
case_4adf831a,0,0,1,1,0,1
case_917d9ae4,0,1,1,1,1,1
case_7fb77a50,0,0,1,1,1,1
case_0777c893,1,0,1,0,1,0
case_a2b39403,0,1,1,1,1,1
case_d904a681,0,0,1,1,1,1
case_a86fe42c,1,1,1,1,1,1
case_dc7a8121,0,1,1,1,0,1
case_964b2589,1,1,1,1,1,1
case_6c64a584,1,0,1,1,1,1
case_3a840bef,1,1,1,0,0,1
case_fca06a1d,1,1,1,1,1,1
case_1f1fc8f6,1,1,1,1,0,0
case_f5765ec8,0,0,1,1,0,1
case_5ad40291,1,1,1,1,1,1
case_f9a4078b,1,1,1,1,1,1
case_be7343bb,1,1,1,1,1,1
case_1d121ec1,1,1,1,0,1,1
case_4932345f,1,1,0,1,1,1
case_80419370,1,0,1,1,1,1
case_28ec1d37,1,1,1,0,1,1
case_ad4e0ba7,1,0,1,0,0,1
case_cc8326b7,1,1,1,1,1,1
case_ed4b4463,0,1,1,1,1,1
case_b42b8c4a,1,1,1,1,1,0
case_95fdff7f,0,0,1,1,1,1
case_c6108413,1,1,1,0,0,1
case_7b01648b,0,1,1,0,1,1
case_bb087960,1,0,1,1,1,1
case_e1213408,0,1,1,0,1,1
case_309a6fb1,1,1,1,1,0,1
case_99a29ba4,0,0,1,1,0,1
case_a18557be,0,0,0,1,0,0
case_6d05e5f2,0,1,1,1,1,1
case_899dfb5d,0,1,0,1,1,0
case_565ee8d0,0,1,1,1,1,1
case_f18f7282,1,1,1,0,1,1
case_63659ff2,1,1,1,1,1,1
case_2307ccfe,1,1,1,1,1,1
case_e218abe9,0,0,1,1,1,1
case_f1b23fb6,0,1,0,0,0,1
case_1f34c134,1,1,1,1,1,1
case_b8e5e4f1,0,1,1,1,1,1
case_c0ce6f66,0,1,1,1,1,1
case_ad5154a0,0,0,1,1,1,1
case_f2b1f224,1,1,1,1,0,1
case_3e9fd346,1,1,1,1,1,1
case_dc122f85,1,0,1,1,0,1
case_a9931789,0,0,0,1,0,1
case_78296c0b,1,1,1,1,1,1
case_b1bb42c6,1,1,1,1,1,1
case_a8aad4aa,0,1,1,1,0,1
case_2299c1f8,0,1,1,1,0,0
case_f51a50ca,1,1,1,1,1,1
case_7bc29e46,1,1,1,1,1,1
case_62325385,1,0,1,1,1,0
case_2d2b542d,0,1,1,1,1,0
case_61354b46,1,0,1,0,1,1
case_42222c8e,1,0,1,1,0,1
case_389f679b,1,1,1,1,1,1
case_321dd2a8,1,1,0,1,1,0
case_aa92ac05,1,1,1,0,1,1
case_abc9dd47,1,1,0,1,1,0
case_eda74a12,0,1,1,1,0,1
case_b4b8e1ba,1,1,1,1,1,1
case_88833754,1,1,1,1,1,1
case_80e9be8f,0,1,1,0,1,1
case_4609c0f7,1,0,1,0,0,0
case_c519c18c,1,1,1,1,1,1
case_b8f9ee52,1,0,1,0,1,1
case_25ddec2c,0,0,1,1,1,1
case_490722e8,1,1,1,1,1,1
case_22bc421e,1,1,1,1,1,1
case_8dcf66e5,1,1,1,0,0,1
case_e4148bf4,0,0,1,1,0,1
case_0bfb4563,1,0,1,1,1,1
case_bb829eac,0,0,1,1,1,1
case_002df4e6,1,0,1,1,1,1
case_8eb089af,0,0,1,1,0,0
case_daa362ce,0,0,1,1,0,1
case_457be518,0,0,1,1,0,1
case_5336512c,1,0,1,0,0,1
case_65f9b3ec,1,1,1,0,1,0
case_cab8415a,1,1,1,1,1,1
case_cdc31b69,1,1,1,1,1,1
case_5bb12fae,1,0,0,0,0,1
case_bc7e896b,0,0,1,0,1,1
case_99973931,0,1,0,1,1,1
case_c243d183,1,1,0,1,1,1
case_efa22a0e,1,1,1,0,1,1
case_f1b45201,0,0,1,1,1,1
case_f093a5bf,1,1,1,1,1,0
case_326acbe5,1,1,1,1,1,1
case_03f60b71,0,1,1,0,0,0
case_475cbe52,1,0,1,0,1,1
case_7ca7737b,0,0,1,0,1,0
case_adc1623d,0,0,1,0,1,1
case_be1f49dd,1,0,1,1,0,1
case_9a424317,1,1,1,1,1,1
case_f1f2a027,1,1,1,1,1,1
case_bb70bd24,0,0,1,1,1,0
case_bf45f6df,1,1,1,0,1,1
case_0e49e919,1,0,1,0,1,1
case_cebabb08,1,1,1,1,1,1
case_3ac82e58,0,1,0,0,0,1
case_df74eaf6,1,1,1,1,1,1
case_930759d4,1,1,1,1,1,1
case_3f8a5bd9,1,0,1,1,1,1
case_e0979c13,1,0,1,0,0,0
case_16912ebc,1,0,1,0,0,1
case_751ed44d,1,1,1,1,1,0
case_8b8b2a1c,0,1,1,1,1,1
case_398b4ae1,0,1,1,0,0,0
case_4d95b480,1,1,1,0,0,0
case_a3475df8,0,0,1,0,0,1
case_8e362cc0,0,1,1,1,1,1
case_bb9019a3,1,1,1,0,1,0
case_88e129a3,1,1,1,1,1,1
case_6a988826,1,1,1,1,1,1
case_15ed9bfd,1,0,1,1,0,1
case_ed53d22a,1,1,1,0,1,1
case_8b28897b,1,1,1,1,1,1
case_c3dc6a97,0,0,1,0,1,0
case_532c15f6,0,0,1,0,1,1
case_076bf72d,0,1,1,1,0,1
case_a15ed964,1,0,1,0,1,0
case_ecc17344,0,0,1,0,1,1
case_b4a6a0c8,1,0,1,0,1,1
case_aeb40902,0,0,1,0,1,1
case_a5c8a5f9,1,0,1,0,1,1
case_3f7b2d5e,1,0,1,1,1,1
case_69983ecc,1,1,1,1,1,1
case_88e090ec,0,1,1,0,1,1
case_7af2cb4c,1,1,1,1,1,1
case_5dee0e44,1,1,1,0,1,1
case_1dc6961e,1,1,1,1,1,1
case_0112c8e1,1,1,1,0,1,1
case_1d2058be,1,0,1,0,1,1
case_f8c8781d,0,0,1,1,1,1
case_eeaa64a8,0,0,1,0,1,1
case_3dd8cd25,0,1,1,0,1,1
case_f1dfe3cc,0,1,1,1,1,1
case_b690fb74,0,0,1,0,0,1
case_1cf5e52e,0,0,1,0,0,1
case_2d0bee7b,1,0,1,1,1,1
case_a6cd3d60,1,1,1,1,1,1
case_5ac8ca86,1,1,1,1,1,1
case_199c5de7,1,1,1,1,1,1
case_036622da,0,1,1,1,0,1
case_4714668f,1,1,1,0,1,1
case_44b1a351,1,1,1,0,0,1
case_3be646b3,1,0,1,1,1,1
case_d7bb206b,1,1,1,0,1,1
case_269032fd,1,1,1,0,1,1
case_006f519f,1,1,1,0,0,1
case_96bd8323,1,1,1,1,1,1
case_25b10187,0,0,1,1,1,0
case_22c5046d,1,1,1,1,1,1
case_bec7d7a0,1,1,1,1,1,1
case_dce32859,0,0,1,1,0,1
case_baf829f8,1,1,1,1,1,1
case_a5f65e5e,1,1,1,1,1,1
case_143fcf94,1,1,0,1,1,1
case_fa33b95b,1,0,1,1,1,0
case_530d6539,1,1,1,1,1,1
case_12cab11d,1,1,1,1,1,1
case_c4204c12,0,0,1,1,1,1
case_c3603a91,0,1,0,1,0,1
case_f58a9709,1,0,1,1,0,0
case_50c390be,1,0,1,1,1,1
case_95381cb5,0,1,1,0,0,0
case_58120fca,0,1,0,1,1,1
case_6d665bab,1,1,1,1,0,1
case_b2da3bce,1,1,1,1,1,0
case_5eb34304,0,1,1,1,0,1
case_466741d3,0,1,0,1,0,1
case_a37cfc74,0,1,1,1,0,1
case_38a0eaf5,1,0,1,1,0,1
case_40537324,1,1,1,1,1,1
case_75c33a5f,0,1,1,1,1,1
case_23f59217,0,0,1,1,1,0
case_f0f4ae1e,0,1,1,1,1,1
case_a9bae76a,1,1,1,1,1,1
case_f6820d19,1,1,1,0,1,1
case_15a05944,1,0,1,0,1,0
case_9977ecc6,1,1,1,1,1,1
case_110d692a,1,1,1,1,1,1
case_738142d7,1,1,1,1,1,1
case_919ea4c2,1,1,1,1,0,1
case_520fa343,1,0,1,1,1,1
case_f0fd6e2d,1,1,1,1,0,1
case_4eac214b,1,1,1,1,1,1
case_4e9270fb,1,1,1,1,0,1
case_823cd3ca,0,0,1,1,0,0
case_c2b99271,1,1,1,1,1,1
case_8e17c5be,0,1,1,1,1,1
case_03137034,0,0,1,0,1,1
case_c4a1220e,1,1,1,1,0,1
case_b4b2ec35,1,1,1,1,0,1
case_8598a5f5,0,0,1,0,1,1
case_8d8b705f,1,1,1,1,0,1
case_75f8b112,1,0,1,1,1,1
case_3b0f4be8,1,0,1,1,1,1
case_d0555100,1,0,1,1,0,0
case_583a15ec,1,1,1,1,1,1
case_efeb65b2,1,0,1,1,1,0
case_89a7f55e,1,1,1,1,1,1
case_047326b6,1,0,1,0,1,0
case_2c80586c,1,1,1,1,1,1
case_471d2c40,1,0,0,1,1,1
case_ef1a9f48,1,1,1,1,1,1
case_1278f209,0,0,1,1,1,1
case_bd76c1ca,1,0,1,1,1,0
case_58feed4c,0,1,1,1,1,1
case_33481012,1,0,1,1,1,1
case_02b00540,0,0,1,0,1,0
case_5a0093df,1,1,1,1,1,0
case_2850a6a9,1,0,1,0,0,1
case_20e406b6,0,1,1,0,1,1
case_9594cd01,0,1,1,0,0,0
case_315e191d,1,1,1,1,1,1
case_9008bf30,1,0,1,1,1,1
case_887055f7,1,0,1,1,1,1
case_94257df8,0,1,1,1,1,1
case_c65ac635,0,1,0,1,1,0
case_9977ddfd,1,1,1,1,1,1
case_14b8c246,1,1,1,1,1,0
case_f11417fb,0,0,1,1,1,0
case_83d52718,0,0,1,1,1,0
case_3b266993,0,1,0,1,0,0
case_7766c244,0,0,0,1,0,1
case_a317f29f,1,1,1,1,1,1
case_5b5267a3,1,1,1,1,1,1
case_a45ebca8,1,1,1,0,1,1
case_0129b44e,1,1,1,1,1,1
case_9b7c2f92,0,1,1,1,0,1
case_65f14d84,1,1,1,1,0,0
case_40f561ed,0,0,1,1,1,1
case_467ee845,1,1,1,1,1,1
case_0c482fe9,1,0,0,1,1,0
case_09a78d6d,1,1,1,0,1,1
case_099cc30a,0,1,1,1,1,1
case_7753584f,1,0,1,1,1,1
case_48bb2e29,1,1,1,1,1,0
case_efe8e583,1,1,1,1,1,1
case_36125ff7,0,0,1,1,1,0
case_7fdcd2df,0,0,1,1,1,1
case_4bd66381,0,1,1,1,1,1
case_b93baa02,0,1,1,1,1,0
case_951d0891,1,1,1,0,1,1
case_580ed5ba,0,0,1,1,0,1
case_1bf0e387,0,0,0,1,0,0
case_d7e1688f,1,0,0,0,1,1
case_1a5e7280,0,1,1,0,1,1
case_455f317d,0,0,1,1,0,0
case_858b55d2,0,0,0,0,1,1
case_634402a2,0,1,1,1,0,1
case_a15a71cf,1,0,1,1,1,1
case_77ee7917,1,1,1,1,1,1
case_98f6e212,0,1,1,0,0,0
case_f6f8cb67,1,1,1,1,1,1
case_039faed3,1,1,1,1,1,1
case_9bc4fa7e,0,0,1,1,1,1
case_0e246a54,0,1,1,1,1,1
case_65a31c1d,1,1,1,1,1,1
case_67c58f97,1,0,1,1,1,1
case_d6a6249d,1,1,1,1,1,1
case_86a391e4,1,1,0,1,1,1
case_aa8694a0,0,0,1,0,1,0
case_e1fe246d,1,1,1,1,0,1
case_86450cf0,1,1,1,1,0,1
case_82094cab,1,1,1,1,1,1
case_20f7be64,0,0,1,1,1,1
case_753c95f2,1,1,0,1,1,1
case_7fd17179,0,1,1,1,1,1
case_5a37705e,0,1,0,0,1,1
case_fb4bf799,0,1,0,0,1,1
case_c2d388e8,1,1,0,1,1,1
case_44df3ed5,1,1,1,1,0,1
case_ac714e9e,0,0,0,1,1,1
case_19cff02c,1,0,1,1,0,0
case_9647a76f,1,1,1,0,1,1
case_1a029e50,1,0,1,1,0,1
case_522f80a6,1,1,1,0,0,1
case_39ca6b0c,0,0,1,1,0,1
case_b4ceae1d,0,1,0,0,1,1
case_66e4767a,1,1,1,1,1,1
case_55ebfeb8,1,1,0,1,1,1
case_51dacfc8,1,1,1,1,1,1
case_0a3c73e9,1,0,1,0,1,1
case_bfcef3c4,1,1,1,1,1,1
case_35b19d3a,1,1,0,1,1,0
case_021876ba,0,0,1,0,1,1
case_92126fe7,1,1,1,1,1,1
case_d9a54ed8,1,1,1,1,1,1
case_3ed863f1,0,0,1,1,1,1
case_7272a010,1,0,1,1,1,1
case_163336a4,1,1,1,1,0,0
case_3dc80c27,0,1,1,1,0,0
case_37dcca78,0,0,1,0,1,0
case_d7c3c8fd,1,1,1,0,1,1
case_0d646829,1,0,1,0,1,1
case_da0b5839,0,0,0,0,1,1
case_f99e0a1b,1,1,1,1,1,1
case_f274bc9f,1,1,1,1,1,1
case_5f3fbf0a,1,1,1,1,1,1
case_b56c9440,1,1,1,0,1,1
case_c7db6447,1,0,1,0,1,1
case_1ac2b7d8,1,1,0,1,1,1
case_fa6e1c86,1,0,1,0,1,0
case_74b06398,1,1,1,1,1,1
case_7ccd26c0,1,1,1,1,1,1
case_ebe225ff,1,0,1,0,0,1
case_c851fc75,1,0,1,1,0,1
case_69880adb,1,1,1,1,1,1
case_fd50d35b,0,0,1,0,0,1
case_c5899014,0,1,1,1,1,1
case_dd87ff91,1,1,1,1,0,1
case_5a604cd6,0,0,1,0,0,0
case_1e71492d,0,1,1,1,1,1
case_a9c41a99,0,0,1,1,1,1
case_83d651da,1,0,1,0,0,0
case_a7f2b243,0,0,0,0,1,1
case_7b5a97c9,0,0,1,1,1,1
case_e64a2917,1,0,1,0,1,1
case_03ed7c73,0,0,1,1,0,1
case_a873eb90,1,1,1,1,1,1
case_4ab0bdbb,0,1,1,1,1,1
case_863b87ad,1,1,1,1,1,1
case_894615a4,0,1,1,1,0,0
case_ea5bf98a,0,0,1,0,0,1
case_eb022f59,0,0,1,1,1,1
case_772df759,0,0,1,1,0,1
case_23eb9354,1,0,1,1,0,1
case_3c3a17d8,0,1,1,1,1,1
case_bc70925a,0,1,1,1,1,0
case_b9f1e8e4,1,1,1,0,1,0
case_619c9f37,1,0,1,1,1,1
case_a91387e0,0,0,1,0,1,1
case_7d6c4376,1,1,1,1,1,1
case_65879be1,1,0,1,1,0,1
case_e1a740a6,0,0,1,1,1,1
case_ae036303,0,0,1,0,0,1
case_0b0f62f4,1,0,1,1,1,0
case_5ba97056,0,0,1,0,0,1
case_c8ba55de,0,0,1,0,0,1
case_555c2f28,1,1,1,1,1,0
case_763ea6ee,0,1,1,1,0,1
case_62bef860,1,1,1,0,1,1
case_0e0c62c4,0,1,1,1,1,1
case_9d4bbf85,0,0,1,1,1,0
case_79d6f150,1,1,1,1,1,0
case_8a98a95e,1,1,1,0,0,1
case_1154260a,1,0,1,1,1,0
case_66c6e8cc,1,1,1,1,1,0
case_382c5b89,0,1,1,1,1,1
case_908350c9,0,1,1,1,1,1
case_74a105b6,1,1,1,0,1,1
case_cc24da73,1,1,1,1,1,1
case_8e970bf4,0,0,0,0,1,1
case_561e3cc8,1,1,1,1,1,1
case_d1a67928,1,1,0,1,1,1
case_2d5bb095,1,1,1,1,0,1
case_46b0aca9,1,0,1,1,0,0
case_7ac1e683,0,1,0,1,1,0
case_536fdb7e,1,1,1,1,1,1
case_5701d2dc,1,1,1,1,1,1
case_ca78b8a1,1,1,1,1,1,1
case_6cd4f3d2,1,0,1,1,1,1
case_39f89bdc,1,1,1,1,1,1
case_37d4fe18,0,1,1,1,1,1
case_1fdcd515,0,0,1,1,0,0
case_aaa3a4fa,1,1,1,1,1,1
case_edc8d50f,0,0,1,1,0,1
case_67e9ed20,0,1,1,1,1,1
case_ec132735,0,0,1,0,1,1
case_2f82c845,1,1,1,1,1,1
case_366e3b48,1,0,1,1,1,0
case_1777c2c3,1,1,1,1,1,1
case_fd32ad38,0,1,1,0,1,1
case_295fe701,0,0,1,0,0,0
case_d5083301,0,1,1,1,1,0
case_7570bf15,0,0,1,0,1,1
case_4b73cc63,1,1,1,1,1,1
case_a0d786c2,0,0,1,1,1,1
case_15c9dd24,1,0,0,1,1,1
case_0b6af91d,1,0,0,1,1,0
case_96797291,1,0,1,1,1,1
case_64a37207,0,1,1,0,1,1
case_375d75ff,0,0,1,1,1,1
case_04973bc7,0,1,1,1,1,1
case_56d06601,1,0,1,1,0,1
case_5ae47ef9,1,1,1,0,1,1
case_c5a8334f,1,1,1,1,1,1
case_22ce1385,1,1,1,1,0,1
case_6e560ef1,0,0,1,0,0,0
case_e0bd04c5,1,1,1,0,1,1
case_0c56590c,0,0,1,1,1,1
case_d3f458f8,1,1,1,1,1,1
case_f4be9ebd,0,0,1,0,1,1
case_75a87827,1,1,1,0,1,1
case_1cbb7384,1,1,1,1,1,1
case_fb106655,0,0,1,0,0,1
case_be3a136e,1,1,1,0,0,1
case_27614ab6,1,1,1,1,1,1
case_fb45d751,0,0,1,1,1,0
case_e0e3cb5d,1,0,0,0,1,1
case_3edef4e1,1,0,1,1,1,1
case_4f483de0,0,0,1,1,1,1
case_bfb1694b,0,1,1,1,1,1
case_3728adf9,1,1,1,1,1,1
case_e14176d4,1,0,1,1,0,1
case_990d582d,1,1,1,1,1,1
case_bbd4213c,1,1,1,0,1,0
case_acf33eef,1,1,0,1,1,1
case_cc54a7a3,1,0,1,1,1,1
case_6f88aac5,0,1,1,0,1,1
case_855c6ef6,0,0,1,0,0,1
case_997f871b,1,1,1,0,1,1
case_3753b9e3,1,1,1,1,0,1
case_a67a1575,1,1,1,1,1,1
case_1a6ad14d,0,1,1,0,1,1
case_44a6d96d,1,1,1,0,0,1
case_75861f5b,0,0,1,1,0,1
case_6e7bb25d,1,1,1,1,1,1
case_b7ec7bc6,0,0,1,1,1,1
case_cb70744d,0,1,1,0,0,0
case_133934eb,1,1,1,1,1,1
case_45db05a9,1,0,1,1,0,1
case_0364538e,0,1,1,0,1,1
case_24acf897,0,0,1,0,1,1
case_8d0bb3ee,1,1,1,1,1,1
case_0a8e83d2,0,0,1,1,1,1
case_549969da,1,1,1,1,1,1
case_a275d43d,1,1,1,0,1,1
case_086ec286,1,0,1,1,1,0
case_6336e79c,1,1,0,0,1,1
case_7bb6131a,0,1,1,0,1,1
case_3da64c14,1,1,1,1,1,1
case_4c42245f,0,0,1,1,1,1
case_1e892908,1,1,1,1,1,1
case_3489a78a,0,1,1,1,1,0
case_815e4dc9,1,0,1,1,0,1
case_e658591f,1,1,1,1,1,0
case_668d52ff,0,0,1,0,0,0
case_348bfcd7,0,1,1,1,0,1
case_bd954803,1,1,1,1,1,1
case_08656839,0,1,1,1,1,1
case_e9d49f55,1,1,1,1,0,0
case_97a5bb2f,1,1,1,1,1,1
case_058c8238,1,1,1,1,1,1
case_438adace,1,0,0,1,0,1
case_1395d598,0,0,1,1,1,1
case_cbb693ad,0,1,0,0,0,0
case_9455817a,1,1,1,1,1,1
case_31d2297e,1,1,1,1,1,1
case_1d54629d,0,0,1,1,0,1
case_51dc325d,0,0,0,0,0,1
case_b0553f82,1,0,1,1,1,1
case_49969eea,1,0,1,1,1,1
case_038c1baf,0,0,0,1,0,1
case_baa5e5d4,0,1,1,1,1,1
case_cb7ff2ec,0,0,1,1,1,1
case_2af77001,0,1,1,1,1,1
case_a382c694,1,1,0,1,1,1
case_6c550f7e,0,0,1,1,1,1
case_1a218785,1,1,0,1,1,1
case_536c83d3,1,0,1,1,1,1
case_47545736,0,1,1,0,0,0
case_a76735b2,0,0,0,1,0,1
case_86c1da01,0,1,1,1,1,1
case_17e39a15,1,0,1,0,0,1
case_c2d3947e,1,0,1,0,0,1
case_7073dfaf,0,0,1,0,0,1
case_05e3e787,1,1,1,1,1,1
case_5e06f361,0,1,1,1,1,0
case_21bc6c93,1,1,1,1,1,1
case_5426c98c,1,0,0,0,0,1
case_35bc989c,1,1,1,1,1,1
case_e928018e,0,0,0,0,1,0
case_ec049bee,1,1,1,0,1,1
case_4a12c6a0,0,1,1,1,0,1
case_cc474c95,1,1,1,0,1,1
case_b1906bd8,1,1,0,1,1,0
case_880a7260,1,0,1,1,1,1
case_f0a09352,0,0,0,0,1,0
case_a2e8f330,0,1,1,1,1,0
case_c24d9b92,0,0,0,0,0,0
case_afaf1207,1,1,1,1,1,1
case_ebfb6307,1,1,1,0,1,1
case_7f9e5774,0,1,1,1,0,1
case_38a0fa71,0,1,1,1,1,0
case_7772f0de,1,1,1,1,1,1
case_7524351b,1,1,1,1,1,1
case_e6645185,1,1,1,0,0,0
case_362c751f,0,0,1,1,1,1
case_e5b33684,0,0,1,1,1,1
case_6288fd9f,1,1,1,1,1,0
case_57ec8edd,1,1,1,1,1,1
case_3263f4ff,1,0,1,0,1,1
case_98d927f5,1,0,1,1,1,1
case_fef8f982,1,1,1,1,1,1
case_6199420d,0,1,1,1,0,1
case_09967d0c,1,1,1,1,1,1
case_4e802df7,1,1,1,1,1,1
case_6b1b926d,0,0,1,0,1,1
case_25fcb87b,1,1,1,1,1,1
case_94c30afb,0,1,1,1,0,1
case_74af1a81,1,0,1,1,1,1
case_d95f77d1,0,0,0,0,1,1
case_60492d65,1,0,1,0,1,0
case_06ee1f0a,1,0,1,0,1,0
case_d18d4d1c,1,1,1,0,0,1
case_e2c31fa0,1,1,1,1,1,1
case_50448b8b,0,1,0,0,1,1
case_6b5006c1,1,1,1,1,1,1
case_a1d37907,1,0,1,1,1,1
case_00493547,0,1,0,1,1,1
case_db3fb99e,0,0,1,0,1,1
case_3dbcb85e,0,1,1,1,1,1
case_53ed4694,1,1,1,1,1,1
case_0df3832b,0,0,1,1,1,0
case_ae95a5e3,1,0,1,1,0,0
case_adc59c0a,1,1,1,1,1,1
case_fb6b633e,1,1,1,0,1,1
case_545cb447,1,0,1,1,1,0
case_54118cdf,1,0,1,1,1,1
case_36e45953,1,1,1,0,1,1
case_28422a3b,1,1,1,0,1,1
case_4b440105,1,0,0,1,1,0
case_6350ca38,1,0,1,1,1,1
case_23eacb1c,0,0,0,0,1,1
case_e6ad7dfc,1,1,1,1,1,1
case_be8793d6,1,1,1,1,1,1
case_084e6355,1,1,1,1,1,1
case_d215bd72,1,0,1,1,1,1
case_3ffbc32b,1,1,1,0,0,0
case_10e6f651,1,0,1,1,1,1
case_bf253254,1,1,1,1,1,1
case_e718068c,1,0,1,1,1,1
case_9478ecca,0,1,1,0,1,0
case_3bfa6447,1,1,1,1,1,1
case_7c8d8339,1,1,1,1,1,1
case_347dc310,0,0,1,1,0,1
case_88a3b56c,1,0,1,0,0,1
case_551438e5,1,0,1,1,1,1
case_30ab65c5,1,0,1,1,1,1
case_75360208,1,1,1,1,1,0
case_3077c2f9,0,0,0,0,0,0
case_fa3a5d1d,0,1,1,1,1,1
case_48963ac5,1,1,1,0,1,1
case_2afd0ee7,1,1,1,0,1,1
case_152af2bf,1,1,1,1,0,1
case_2356fd5f,1,0,0,0,1,0
case_da6f24ae,0,1,1,1,0,1
case_cee0f1d1,0,0,1,1,1,1
case_985d301b,1,1,0,1,1,1
case_a6e84529,1,1,1,0,0,1
case_1d4de6c2,0,0,1,0,1,1
case_4277d701,1,1,1,1,1,1
case_c148b012,1,1,1,1,1,1
case_341422c7,1,1,0,1,1,1
case_2097b6fe,0,1,1,1,1,1
case_5cceca61,0,1,1,0,1,1
case_deacc5e4,1,1,1,0,1,1
case_6b3aadb7,0,0,1,0,0,1
case_b674fe38,0,1,1,1,1,1
case_4607c339,1,1,1,1,1,1
case_27838a0c,1,1,1,1,1,1
case_49993ee7,0,0,1,1,1,1
case_8f1561e3,1,1,1,1,1,1
case_b58eba23,1,1,1,1,1,1
case_35eace28,1,1,1,1,1,1
case_c9b61841,0,1,0,1,0,0
case_2cfc1629,0,1,1,1,1,1
case_0975012b,1,0,1,1,1,0
case_4a769418,0,0,1,0,1,1
case_4fda93d3,1,1,1,1,1,1
case_27e7356f,1,1,0,1,1,1
case_bdc47c7e,1,1,1,1,1,0
case_eae8706b,1,0,1,0,1,1
case_8d307837,1,1,0,1,1,1
case_a5b47ef1,1,0,0,0,1,1
case_860f1aa4,1,1,1,1,1,1
case_86a5b39c,1,1,1,0,1,1
case_62148455,1,1,1,0,1,0
case_a8eac941,0,0,1,1,1,0
case_3c2668b0,1,1,1,1,1,1
case_6c723f95,1,0,1,0,0,0
case_db967305,0,1,1,1,1,1
case_14240ff8,0,0,1,1,0,1
case_a9c53b74,1,1,1,1,1,1
case_7c229007,0,0,0,1,0,1
case_4544ae85,1,0,1,1,1,1
case_982d7e1d,0,1,1,1,1,1
case_d0f6748b,1,1,1,1,1,0
case_842e2a8c,0,0,1,0,1,1
case_bc0fd48d,1,1,0,0,0,0
case_7c175406,1,1,1,1,1,1
case_c0b8dc4d,0,1,1,0,0,1
case_409b46fd,1,1,1,0,1,1
case_17255fa8,0,0,0,1,1,1
case_8017942c,1,0,1,1,1,1
case_f153876b,1,1,1,1,1,1
case_100fba52,1,1,1,1,1,1
case_22405666,0,1,1,1,1,1
case_68d2381a,0,0,1,0,1,1
case_5a062e11,1,1,1,0,1,0
case_a819fefc,1,0,1,0,1,1
case_39cb87c0,1,0,1,1,1,0
case_764c7b47,0,1,0,1,1,1
case_5fe0f971,1,0,0,1,1,0
case_c77f4f19,0,1,1,1,1,1
case_e8ac21ca,0,1,1,1,0,0
case_975d7a70,0,0,1,0,0,1
case_e4006039,1,0,1,1,0,1
case_604deeab,1,1,1,1,1,0
case_a337f40a,1,1,1,1,1,1
case_f180413e,1,1,1,1,1,1
case_5b565314,1,1,0,1,1,1
case_184464ad,1,1,0,1,1,1
case_14e638fb,1,1,1,1,1,1
case_293474ea,1,1,0,0,1,0
case_0d598473,1,0,1,1,1,1
case_2e596869,1,1,1,1,0,1
case_c19e9f57,1,0,1,1,0,1
case_fa8c8d79,0,1,1,0,1,1
case_1039ce72,1,0,1,0,1,0
case_3da5ae7c,1,1,1,1,1,0
case_d4a0854e,0,0,1,1,1,0
case_59a963cd,1,0,1,0,1,1
case_9db0a69e,1,1,1,0,1,0
case_5ce8a6cd,0,0,1,0,0,1
case_b9d2f455,0,0,0,0,0,1
case_fc3c861e,1,0,1,1,1,1
case_b87aa9c6,1,1,1,1,1,1
case_70fd3f0c,1,1,1,1,1,1
case_2ca889e8,1,1,1,1,0,0
case_92446498,0,0,1,0,1,0
case_1de5607e,1,1,1,1,0,1
case_12553047,0,1,1,1,0,1
case_a9a34193,0,0,0,1,0,1
