id,latent_payment_reliability,latent_liquidity,latent_digital_engagement,latent_price_sensitivity,latent_urgency,latent_customer_value,latent_retry_responsiveness,latent_delayed_retry_responsiveness,latent_message_responsiveness,latent_alternate_method_responsiveness,latent_human_escalation_responsiveness
cust_0bbe9090,0.5437154777308749,0.1747086409780983,0.2846489209623873,0.23260644665154406,0.16230707765002575,36246.39752851551,0.2706759105730876,0.47249952411908686,0.10205924851535574,0.10413254156643802,0.03417492109905118
cust_6661682b,0.970368017025551,0.6778130031942298,0.25649391249799136,0.2511295709811604,0.7349143416996481,25679.034653280283,0.4271265835175711,0.6305522877869414,0.20842711634734556,0.13052283748125246,0.43607023622194346
cust_f1955326,0.41751754377870093,0.5020606188427895,0.355577864162659,0.2323306696553944,0.2380989751037639,18099.807328064806,0.48715723371868136,0.5458986784142036,0.23524299045276514,0.10534338338927049,0.4942938461966385
cust_cad9f187,0.7414246124205821,0.23654527962883,0.6551816933026156,0.38835951333749186,0.12183433564343278,4603.631188603027,0.3022716844695106,0.2678226191740232,0.3496752790972545,0.07300842268117351,0.16732150754284106
cust_46d9eaae,0.8820451504414458,0.673398094070327,0.25445887870792716,0.13732138274387287,0.343235301124041,16198.22095944626,0.4145466546128532,0.513519256872187,0.16443397805481644,0.0750413465298877,0.3168369045002828
cust_e380e961,0.715398715371664,0.3560864405344119,0.5443401481012511,0.18232193663548757,0.13548298981548135,9696.408231625015,0.7643455303817523,0.630018306966579,0.20164616191470675,0.16474261813435323,0.010607169892287075
cust_323dde2d,0.6335620947400967,0.5445015754563859,0.35444698731691676,0.26594297512987003,0.18695352967821446,420459.02217870846,0.4824494007456508,0.7311586078947101,0.25173533481801824,0.334408978212696,0.3122102598959346
cust_7faa847b,0.7783505035137518,0.563202774162069,0.5750659041294804,0.25583661053295975,0.32567448909726826,13274.358239220172,0.15369444934865734,0.7162938750145641,0.4719322520064598,0.1867875281206529,0.04545933162407664
cust_27b0a6c6,0.7148736984379512,0.16066607443017974,0.14276569059839803,0.1433938429738113,0.5630171665488822,18107.734368846704,0.36932361892181476,0.5230977620778873,0.06632940558474767,0.03267803678050202,0.013565428433765061
cust_752a8e05,0.6634823873840254,0.340336207219471,0.3673142270308693,0.10416891489962996,0.5388461145955337,4832.549028922273,0.19757412421238457,0.46072760561286297,0.31318625585032867,0.17284606496315522,0.26938386220108845
cust_7299ca98,0.9488407852915626,0.5772181642846357,0.5501822177570957,0.3219866844740568,0.29204109325994876,14895.407541281778,0.18494244958020198,0.6401589531864647,0.21946869333246327,0.060584837259761146,0.028888316798574516
cust_ca5d711f,0.5810865522991498,0.3696752418011115,0.440278612777574,0.3870276333767643,0.23389138993555553,259994.56585343898,0.17872183362732227,0.5979958731152146,0.30116669863723255,0.29727709837774313,0.7159508141613625
cust_d4c17197,0.8197904985116258,0.20043160878110905,0.6142055859705936,0.3513839355986175,0.15317660258392388,135024.17392102798,0.6744720655862928,0.47164530134723054,0.2945903259089812,0.1586770366756497,0.5933855245807201
cust_9fa727ea,0.7869985632963126,0.47891044169485075,0.33908909605747284,0.12182358423502308,0.634311081711216,20305.81973487815,0.1116920774636348,0.4003068274126667,0.20469523466210826,0.336762683671806,0.06324176247557765
cust_e83563c1,0.6304176145513292,0.48391770364421877,0.029845159853720802,0.43925776358074303,0.49427265231986145,8440.23226584214,0.1331328850068267,0.22608029626297463,0.00998288487453692,0.3628619963749792,0.05214795765359334
cust_37895325,0.9419895053829822,0.40822799135668514,0.03771339399615849,0.38302754908663617,0.09816863813723399,197073.5976291895,0.28736386840177436,0.6242905598304666,0.015334889356346889,0.08302724522302556,0.6947793748766578
cust_a1eedb54,0.6421230469884406,0.5107719074257148,0.35247042187106287,0.502429898215997,0.5645404939400199,50385.78096763044,0.4163976818185266,0.13759527293248514,0.25005317058619253,0.15262245777604624,0.931383360825514
cust_bcc8937b,0.9195495143224632,0.46547276900401285,0.36457624213215145,0.3159822234228185,0.09439208835432177,1165.5391524555257,0.14028870142215635,0.3721475189643071,0.2943350725538186,0.0761513850346029,0.08108192199266354
cust_4b98aa79,0.6992555690513956,0.827445698891798,0.5041177622679602,0.24376077262786008,0.07358430213579649,592.173795175644,0.2370521711058265,0.5923208240801815,0.22434037381708286,0.4058584404524664,0.3752863799151477
cust_ef2c391b,0.5811841025174584,0.8836674787740727,0.7391719203806315,0.19771283954380883,0.1961407797762161,6936.150854066192,0.4592550934993134,0.19004741186460927,0.30012644649031955,0.6047827094200768,0.18156528013989698
cust_51607b0e,0.8926906918236652,0.8506505705590796,0.4736402470991968,0.3154201407579862,0.09947162845135499,992.6476002696818,0.5188031406938807,0.4173719595573382,0.21924897723903253,0.2722120749079625,0.053315779962382855
cust_7d366f6e,0.8479024275319567,0.7401607515802753,0.2155505052144831,0.07913249738491422,0.12737214166138652,4311.696206773684,0.16708572015146086,0.49641063904994753,0.05052192021770851,0.555523624050069,0.003970948728360283
cust_63557fcf,0.6754048767952749,0.545853887395601,0.17910870278621227,0.27918107227224537,0.25988309123619097,4099.087851679951,0.5064791326008502,0.2451983293304447,0.09340699815257932,0.41682744651999604,0.005937467872763985
cust_183f19e6,0.7522650920735149,0.3665782784395959,0.6206512668880616,0.09202566834317896,0.2751876156316651,4386.98872492153,0.28994736868671284,0.39313395375420657,0.5367148920110436,0.11958676804498021,0.21669074946877687
cust_994a9dad,0.9982635380434526,0.13609937632992916,0.8341126089958951,0.40913028935498663,0.3091773945562569,22354.18160774978,0.2737573047124751,0.175542939256087,0.4231853000187715,0.07821803339891185,0.34390300239907895
cust_7e0906d0,0.797478171014676,0.35086041992323025,0.3917933214930251,0.2756261897220446,0.2488055262036653,7471.352823703807,0.21190133057807892,0.34996101615436215,0.23724743558804753,0.21950176019296078,0.050878315239808604
cust_8a8500cb,0.6103202425516882,0.8501488588800429,0.1769191047932256,0.2882272936033761,0.3876255975781272,14774.593241563989,0.19328504375912398,0.37469773624591446,0.04666429070493364,0.18247670451195813,0.1398230222540757
cust_d947e3a1,0.9242593341696194,0.32419734780440024,0.41871566232918633,0.44503211194343123,0.3841357038070553,99904.37146829886,0.6318574314993893,0.6173533376576625,0.28179876159664335,0.12874596733278262,0.8797914867444442
cust_554ba81a,0.5233061615103272,0.2892441180410004,0.46883476826186327,0.5723302472314049,0.1435889237909125,1734.4531566626313,0.32740220640912066,0.2935533669277385,0.17477473765586365,0.11990163591600426,0.22244257715188687
cust_67d8b597,0.6295357626433751,0.33945213139363944,0.22057711786996193,0.17403799280124832,0.20061299744408234,22504.595000393325,0.09921996095988853,0.47868287298099954,0.10880305079140581,0.09520179902565978,0.1847496720049719
cust_905c3b7b,0.6997613089540404,0.6088395699994188,0.10905583205082842,0.385488782176229,0.17556720190816513,3947.249039365451,0.36600099742355263,0.5719532330171049,0.04532131569250585,0.5503105580562363,0.05300978551322791
cust_d028945a,0.7982202452672178,0.39969007306228993,0.2334116838161441,0.041461968203207876,0.282478831437373,1371.5470912703927,0.26184777152357763,0.27030224777375883,0.19724678676528035,0.2220842002966765,0.08073391588145747
cust_106eebcc,0.5389431855250313,0.6708671041029189,0.05735175657112021,0.2475130911696199,0.4100242346394766,6976.174135626476,0.44931487357457345,0.18952918089826618,0.0329476322867845,0.5900021355481314,0.08038005083494439
cust_200bc576,0.6493245533483814,0.8232041594564866,0.5728643837212389,0.20452841242557898,0.5354218801112873,9524.190568277987,0.1258702925375051,0.1888783212233184,0.1999267066758268,0.5487973718006283,0.3338176856821461
cust_6287d3ad,0.9004119785296751,0.5879048339240557,0.07639073151063126,0.3439505655204843,0.2541040884392406,77734.75651199077,0.1237506835426951,0.2971562201815044,0.05831337349857498,0.13531374851428582,0.800939391693764
cust_3e1518e9,0.8820580520411302,0.4107354569340356,0.253314542047098,0.18704366847223722,0.590164988365326,39114.530521972214,0.4051056958200445,0.4784947645517254,0.09255419923053729,0.24465341794938794,0.04842861150881322
cust_af23439f,0.8944634837042013,0.5434845160667708,0.30661825081941374,0.44757827047190807,0.21964680685853685,64166.79090243934,0.3925676475935393,0.8235317155047694,0.1450934166140592,0.4246676141115091,0.7451688079300453
cust_d8bfd3c9,0.8584423570780216,0.4396752996960338,0.36771000601376014,0.5040361863615124,0.17520723549188227,114740.71836405416,0.47368032268755994,0.6863929289095503,0.08831825591675563,0.2045467182095676,0.6149434274891866
cust_af0dc136,0.8176821844084249,0.603685408870148,0.6431085991501918,0.19305606690544833,0.49972902787206996,3869.5917895384264,0.08444004876984332,0.5061208247641847,0.5381176872596536,0.4701870173701255,0.011193713183581524
cust_bb0d08aa,0.8386484664560654,0.10207488282890122,0.5075608608625759,0.24970994199975363,0.5732115467658349,192634.34655930393,0.22006992897047217,0.7741273352565414,0.40900305813657306,0.08887835483050442,0.70950841076349
cust_bdf7aad3,0.8901007789174649,0.37488194048567214,0.14296433815710116,0.47972015023865555,0.1501246273386563,4202.774409327021,0.299742569275508,0.4178342014700505,0.06109777342560521,0.11840738221093547,0.32980067343841246
cust_afde897e,0.6726080126565637,0.3816123797646709,0.3595581679026826,0.024933430979690037,0.1360266890708402,15646.872722202972,0.11349535763828258,0.39572493928340946,0.2541482695114045,0.24169524501168482,0.004348059324615424
cust_4fa699c2,0.483422379335977,0.4104123878752097,0.048688020869617155,0.23383656000941969,0.34249591137140467,10770.14899082642,0.37064029088252454,0.6199882870228235,0.010582869650453955,0.20603435228779968,0.020469461440074076
cust_cadb15a8,0.8437990973092088,0.3777056526700425,0.14760610617240058,0.3919075855086727,0.17375228782457858,18094.943979410684,0.490818691400461,0.4600390298986271,0.12454686050526916,0.12009352374396001,0.017148904387494092
cust_28bdc403,0.48430068456150877,0.646902954901067,0.3355887465425788,0.4385464039130787,0.7723114501163252,3647.9221900933017,0.08039586321633269,0.22325680782627702,0.15868086930172762,0.3701970565996329,0.07227660094876848
cust_0f0b4967,0.8553695373368772,0.31299219946013307,0.06273679390086236,0.20028510519308057,0.5430512614101058,93071.64740532837,0.2699596208712241,0.43672539568079594,0.022523682055062066,0.1205562509913747,0.5905611697361575
cust_265b5d64,0.7969132397754036,0.6879611181421014,0.7780817629270812,0.21682148022436953,0.6006696556674448,17777.5801913058,0.445754326090096,0.6583126594276477,0.251825514152798,0.3934508699817817,0.29509141782662535
cust_df0b35ee,0.7991727512391906,0.3252348837504045,0.6624218395253024,0.6961499925114515,0.1904642017999846,20172.878652594234,0.20005987623351404,0.3977380693382642,0.2898510871640477,0.27493114484042613,0.04774968728993844
cust_04499fcd,0.7115608347693003,0.4278358811641278,0.2319518417622673,0.13989150531433717,0.43084213868731347,15890.569143498788,0.22894419911576092,0.5091005915918141,0.13828511192773188,0.1680829866502094,0.36118645367457336
cust_6d579dd1,0.4748781370282809,0.3980593593495108,0.543280488149693,0.3082736071491713,0.4755459235712266,49820.8290098975,0.3140007801332529,0.11041346568155333,0.289507029329915,0.1792882399520446,0.21052920529013072
cust_61b97367,0.8490043681718851,0.3339380275171849,0.6834686808933366,0.36615698324100165,0.40726687238326,566368.1929952378,0.17851607997223268,0.7634407059401885,0.2471816444962569,0.06244672970709609,0.9138027289458237
cust_6402f8d8,0.6491321947487911,0.6948091268593865,0.43892396378882176,0.1649543192161178,0.4815668055431685,30613.669139481073,0.22841415836056578,0.5156367268012585,0.3356251771606072,0.5579855754452602,0.40033708355167147
cust_b71eea20,0.71073843181195,0.7764592514492505,0.3919969824356416,0.22912548470998678,0.15649360491738268,130580.25342892195,0.4240339648129167,0.5482343991774339,0.19632879573329257,0.5650253493811526,0.6899428682258039
cust_97cc52a5,0.7899063988214697,0.40218038868013645,0.37159519212166875,0.17805198679435857,0.6092207051995214,14763.927381709651,0.6341855444369691,0.8140976120628658,0.21149322983187038,0.358715588631948,0.05444166463760952
cust_88d6d3fa,0.8535745262019391,0.7040140268786386,0.3669753362419269,0.5366063015242378,0.4718259861125426,245098.44038176513,0.1557822234471623,0.4665423113078094,0.05847280890621547,0.30550562423140826,0.4828515305552966
cust_c78ef2ba,0.7083785011483228,0.6324677907306695,0.2539216946883432,0.2989087725599932,0.19559062660468554,187806.19601249287,0.22632673734924655,0.683583714499812,0.14230175366639192,0.2209019731628805,0.7299227370440661
cust_ca435198,0.7892747855812045,0.6530778733849445,0.5076313674851195,0.2616926318441534,0.3696933863522881,17154.264634223688,0.30922823016994855,0.30677830864499633,0.0806891004231034,0.21918186745705617,0.14027283366305096
cust_1a9bd263,0.7447161424480387,0.6587648542829498,0.31926880790373524,0.2361366041912866,0.16704685009929104,71989.1527448961,0.6193271321388999,0.6471808171474078,0.2983607935997053,0.4854217449227171,0.7690449911592697
cust_45bf681c,0.8908354642536368,0.4449771478176401,0.1982688387623662,0.1399866574732567,0.0495360588855218,1263.9824496442843,0.1909248305119515,0.9137851154843469,0.1192973054242202,0.12421396597274235,0.17096767253833392
cust_8f59ed7a,0.5704398824344702,0.5777259736838998,0.6603203859899657,0.32613620396174275,0.5682470761154912,5253.490990012942,0.3516434667330976,0.4547820660792089,0.4557466820179648,0.36498430668591786,0.09898721628076398
cust_8d66bf04,0.8379367283653882,0.8376059595624602,0.7626334229325439,0.19265155640088644,0.0710902355537226,101730.85173560574,0.7094312098835918,0.34623183632931365,0.13898584025679936,0.5902986968169349,0.8830182035089171
cust_33a598b9,0.8771621756215499,0.616922697138729,0.5912774045846074,0.3953585124340621,0.24271799918131917,145970.45289343948,0.4563027548222519,0.4998309007193616,0.41544561785385814,0.3278291951578382,0.5838901934600993
cust_a4e875ee,0.5395490711504148,0.35562524026887415,0.6541316497547119,0.3943548235175372,0.2457125770820607,31966.483506479697,0.12128064165501538,0.2883881083726313,0.33668538951177907,0.11978875642304775,0.08928670561310142
cust_c83f4fd2,0.8204434964922106,0.5505851789118782,0.5362155402883565,0.24682343015871078,0.2696857736246487,20747.32370325158,0.5833338591205719,0.43802625587277877,0.28445299420769715,0.20359854226933677,0.04502214432383245
cust_9351a293,0.6888895412643479,0.4068762319269665,0.4763140381655757,0.13466197868539986,0.2657262988066115,51309.479952494985,0.4196935390279855,0.8762923233388018,0.21602478356419294,0.2264731887664133,0.8759190167343024
cust_b7148852,0.7816347846372622,0.6895525417752247,0.4912441620676913,0.14569762765844588,0.22688839261903732,61146.00531652569,0.6523264972263741,0.5727888515939217,0.3618140006969532,0.4190207052399549,0.4933606627406056
cust_5d2fe170,0.9449850456618765,0.31709636699915145,0.255881130429938,0.19816536569646634,0.5783764195473424,160195.4042931481,0.4248466671202439,0.5375185984581644,0.16328374952844976,0.11838282013132655,0.829065049645336
cust_e128ab9b,0.919638056736423,0.32168360889317527,0.6678570606641296,0.4341929464907633,0.237119627589081,152122.49936379836,0.3891345838047812,0.3296252687615667,0.22338164454290707,0.2794359620186544,0.6516165553563426
cust_388d3485,0.8198123508637309,0.22906385965065335,0.15567187760640072,0.07065419038960614,0.16417542338709273,190670.23940661133,0.24350250978222535,0.7224626430818112,0.0928835953576061,0.19445308798364613,0.4625951383328725
cust_06cdcae7,0.7150303648225818,0.5809303823054603,0.0820639318500082,0.146079552707827,0.12267531243802864,29040.906768564513,0.033549524308434935,0.3401239965594184,0.05897511787782325,0.1274111451357177,0.19872033020113783
cust_859632f8,0.6932532653842476,0.40123558991423725,0.2106944432439408,0.5588961342689109,0.16386304837910962,480506.18867363833,0.08923169941072256,0.6083446869893429,0.16239169368472955,0.13677279978458173,0.4647357823127814
cust_1b4f5169,0.8426470325433074,0.6563079669669661,0.31089013614666755,0.49851421386819056,0.19927005267078116,383222.19491930626,0.5480120544732722,0.714263089009339,0.1512242344330716,0.17653878870834466,0.626668799569107
cust_b4cee416,0.8282515443331401,0.4817887336205305,0.1528106002934941,0.2677827145776029,0.4049490030409729,126680.9688174718,0.31338860897107823,0.42847656065028555,0.09500096063461218,0.031934822299664094,0.7922260633658086
cust_90b8fbb5,0.9388056375888818,0.30531616522805294,0.6692486338381137,0.04499725597054551,0.37069269287473483,41768.54661077556,0.25977801471142653,0.5368358238991978,0.14846287896226548,0.12874349356375464,0.18209687257291665
cust_4e0ec3e7,0.7318400181807502,0.48500318099349954,0.6166250623705583,0.12897398277663985,0.2526857962624733,22411.38561049849,0.15106618126459576,0.39299113385578754,0.3819184169316835,0.14630997204383125,0.22884776449849692
cust_8665ab54,0.8764228227597226,0.6504416722074958,0.1347057908141168,0.15742784126211293,0.28490587600734935,8279.881897675356,0.20154982543566244,0.6285613757805021,0.08412970332720769,0.38794535983097234,0.31930976392950183
cust_e267d50f,0.7784534804488255,0.6440831638684246,0.2913506239805563,0.4322586576312092,0.30605696191501447,12600.392666485652,0.15205329123064404,0.7399638505177869,0.20457577250500902,0.5128063823982676,0.00701414340588703
cust_75447bf6,0.6999235658511701,0.4942056935670076,0.4888261608519117,0.3332412974656359,0.3096008045430323,60362.45750614396,0.47114261577637767,0.6000646403659698,0.30634570143000217,0.10661998404342822,0.9721715141793099
cust_edba5f4f,0.7120896171771819,0.34998802836207366,0.45984671725189535,0.079492716946978,0.16975701963551731,10648.396090225882,0.37449265920360525,0.8485117226098823,0.2507099272028174,0.1210900989098529,0.10726383390815815
cust_591e621f,0.8404432045136045,0.4378563257132483,0.6859608801630902,0.3966509556688117,0.23883441163104116,1362.8647780362583,0.4743481746420237,0.514597187407399,0.3615033300209692,0.36672164991491807,0.15059062852525873
cust_d428191f,0.9440405618094728,0.2721412893877556,0.6857791407616058,0.17029983619500166,0.4249701814111468,55570.877482833464,0.31141784047468285,0.2522560788328275,0.39283229384981516,0.20808120255774326,0.8345432944493524
cust_699f9922,0.5290327505021777,0.47195607203116996,0.23629772959680767,0.1821565998657838,0.3997961911260297,95197.93135538056,0.5384391047328173,0.5176102095340834,0.1772391028427118,0.30825972389314726,0.4396590932496492
cust_fdd6ed41,0.7804992906937295,0.5850270354067955,0.614597663239449,0.5759793278613334,0.6840473864239196,24168.496490085454,0.17627819215339638,0.9310749849005812,0.21269060197988954,0.3248978400080154,0.2773042121400547
cust_0288e957,0.8716668951667088,0.6058424800094722,0.3695736336646234,0.20782967037324748,0.3468096574571377,136125.69468496364,0.1385792939356145,0.42679656359648277,0.21173548290361177,0.49164574733557376,0.7876840651476317
cust_c08cde37,0.6724089979640655,0.04129699731560017,0.06592117899073631,0.5288570788043382,0.4471175669626763,18040.602884027765,0.4157780210112371,0.2849764959531641,0.049947625092586725,0.010578338561625608,0.06491258292963699
cust_dbc24bf2,0.503865698764809,0.6957467674748006,0.15705753111527979,0.5553107566798507,0.38717959449377226,28440.367748937086,0.5215412451611902,0.5726224044912396,0.14160249127616292,0.5045706832934411,0.2847619859361501
cust_d9547f5c,0.9272211451003441,0.43653890182168453,0.1954008783973875,0.13564458247203143,0.5122347749733701,8572.171383840094,0.18225448397223795,0.42528719224218103,0.11132458289702364,0.08848319595042747,0.015068527652423712
cust_c6725410,0.8461903872705545,0.6295865309975569,0.12781520605277077,0.22865777848716062,0.2485711317364302,4215.892959990587,0.40538010016477977,0.673871018039137,0.045757627627685704,0.3830323659694928,0.23043234876954544
cust_19afa682,0.7858509806925613,0.7321974290199992,0.4772388111643717,0.15746464831811366,0.8225796471995532,68179.64425729329,0.6133455570672989,0.5351472444414171,0.18867826852484607,0.29837270755921785,0.6933642268597717
cust_98dc8229,0.9103439957288516,0.5451281870816537,0.6331398710430913,0.2675274568437812,0.15931232994713582,8967.458623518503,0.10936113741253252,0.5359320095344635,0.4500852990645466,0.33870600770161735,0.11914782487248333
cust_5f751ab8,0.8175951897841411,0.5423013031385439,0.33624934754210994,0.35047676359885205,0.5046510163278745,16742.12975816909,0.448611314955735,0.43561456704853385,0.15547050628877265,0.2219211899947006,0.6019002100171941
cust_8574fea8,0.6299544016152712,0.7673786881421262,0.006989639045869036,0.1153762634827437,0.1447018526454352,8330.233746923388,0.34310476058241374,0.48180469489935557,0.003010490118575561,0.10897116141707817,0.26128392202825956
cust_bcedbd99,0.9528781596091653,0.49107125549988206,0.17072401145609514,0.01740424646028909,0.27122341632238833,112693.05671822392,0.6318753861633573,0.28668581124501935,0.12596481691321823,0.27351465340935127,0.6978933071640642
cust_f92902fa,0.7530098998238742,0.29397500071203286,0.06234219692857798,0.24475588301497211,0.16803561001831688,15216.486634098124,0.03755196644665637,0.3392738473156469,0.046512217588850595,0.16357683948886972,0.011289165442272294
cust_942ec37f,0.7799771869037633,0.6992992821404505,0.45661560206022406,0.8750359760224553,0.39609117510982894,220.7480873231477,0.6448879610914623,0.5031103012035738,0.3929288614834315,0.5083524173472882,0.031977610229005395
cust_ad4811b2,0.8621961214056911,0.3447468495960858,0.6570260925086527,0.40211047868006317,0.2003055763225665,23382.333380240736,0.2408391962427563,0.5428510934136862,0.1880677040583294,0.12190870774751812,0.4506764626717293
cust_43c0cde1,0.6029534448823883,0.5733298337211127,0.6479604932764894,0.13295769453169845,0.2388233133324157,22041.69848537669,0.5378892508763462,0.20864258459860943,0.3307313877785991,0.24659431744041443,0.3433971309324325
cust_2e276307,0.35598125690765187,0.6331282977668186,0.7967245287779886,0.0880452866295117,0.06805802923707809,33811.947775061504,0.367317448350967,0.6306188431279866,0.6520808248741878,0.2673082573231227,0.004799692430161483
cust_1cae64dd,0.8048446052461135,0.47865747720307433,0.24770541249669012,0.110696858207017,0.703229265105581,8179.903739180798,0.27996020797805216,0.6495644239660261,0.21174485859676123,0.34975663409992425,0.22970218018471944
cust_fa5e34b4,0.6267293327159739,0.7475800665184734,0.2960106620577901,0.7700291299610037,0.35173870106176475,17499.476866224053,0.6587312561636953,0.32597409126548155,0.16148373981698802,0.4238326204492014,0.04972743884702359
cust_201eec4a,0.5613642369036664,0.8404109234751242,0.2333624695099164,0.26318295151351984,0.5937896110563363,20126.366494751026,0.375687548990014,0.22451301002124077,0.1860112235661492,0.5577363684553782,0.18754203602077532
cust_a4977a41,0.7032100999105748,0.6374813053242666,0.2828629036638966,0.49005889905480654,0.11905222110019568,2173.1904741082367,0.2219149946980601,0.6369364087768556,0.1448875877888892,0.39738073433743126,0.14399805779875433
cust_91103305,0.7808606375224707,0.4542140728461689,0.6547650582308236,0.2931322017841164,0.518878189515794,17578.29355502966,0.4137357582417884,0.5601087638276653,0.34634977074193246,0.12471898097039893,0.08225654211200836
cust_0d57951c,0.5869166044892062,0.556458612882488,0.6250405054139888,0.15051244447551174,0.4539048617422067,109343.74309179028,0.5151775674939484,0.4386497351851643,0.28904472890945826,0.3439430009909014,0.8778260993797269
cust_b824a9bf,0.7972087316297185,0.3153532745589562,0.3184933785347875,0.18997849484435753,0.5265423923993517,22716.36292682236,0.3140122196607926,0.6412313833547084,0.23817061859646557,0.15483499692419186,0.38251234742200785
cust_f85ad7f1,0.7524614417941214,0.5115637970272,0.2545088275302607,0.600730802525212,0.17749430960849716,9679.42154906384,0.5290512446509981,0.5372488961760011,0.1346605241721873,0.30618285979032056,0.015128647682579302
cust_17a15b60,0.8441764871685986,0.2341100438713345,0.37308353360005764,0.17068630835434118,0.20699203590998239,2498.015459275434,0.06486803615481525,0.29774541095193724,0.2919422763007167,0.07891474209269929,0.30646033321422583
cust_93455be5,0.7337865442689693,0.4842675186094969,0.04946515416253976,0.13233867612775496,0.29785023407985495,52969.58225277367,0.15848976980366433,0.12692936903487806,0.008598327775884138,0.22129304902292635,0.7369572735966207
cust_5820e019,0.8465711295034667,0.4487233233341199,0.3234056962312634,0.34786639034081973,0.09622593871571188,149511.51699590657,0.1268012348242569,0.8164038270849145,0.18283529062723675,0.222095580894895,0.4391477890867984
cust_5e84a173,0.8217521616234823,0.4188521796933918,0.5511135964797396,0.4842634718850343,0.5965812861069283,2742.7716469323937,0.3228796128905036,0.545443310864386,0.4209829732928829,0.25801716708282324,0.06479352434398614
cust_5f230c33,0.9415007434599144,0.3398234809429235,0.2691735708720735,0.19790948619352125,0.5419467224652352,107111.46559091541,0.3932440943834439,0.8224271030448265,0.2536928106003974,0.12164715181035377,0.8037553780960713
cust_ca160790,0.8409474164169446,0.6334982949761452,0.34463535465074485,0.3115500474189403,0.2206213221276213,10612.886929094007,0.1882454989890967,0.5264094743841273,0.2247917917715782,0.5286551637256008,0.36598092709261604
cust_00615662,0.8258138104847291,0.3781171860727004,0.277611794802526,0.02548515204598388,0.6580898565887205,50941.78887343767,0.7899894577530641,0.4298906691146602,0.16894432089968434,0.07643041422011013,0.4989974427711404
cust_e68787e4,0.7574286445515602,0.7420073091786563,0.6910874551462874,0.5887840862249959,0.11566407632536702,17589.71525678997,0.3688695749948369,0.46419145965184544,0.6682023748357988,0.3022928175045547,0.06061133920172832
cust_8ad298d1,0.857651812773671,0.7341760480976511,0.6434954505690326,0.24916131645230036,0.3365014680049431,12820.985326564874,0.18325594493210792,0.35474996094118005,0.3753216466605482,0.14733386929405762,0.09830249886667465
cust_fa60e90f,0.8623689800523064,0.4877711794519455,0.6124466452122785,0.3022650451892513,0.24163242834693802,334145.98930129,0.07893504460856121,0.7250729373879577,0.17420334471589022,0.27564465751186534,0.746902309543451
cust_e578c30f,0.8217784219656221,0.2956271434257216,0.42581273958739235,0.24506175333051816,0.5049566659060947,5000.657118234,0.1420443043731703,0.341048665089732,0.2735881494433984,0.18119727033784758,0.13781914178840748
cust_f85de8fc,0.7038706483588157,0.12045398003991453,0.2911496741734301,0.4281543873804145,0.28793488087964986,7283.836447756661,0.4576558058060868,0.36371878434760746,0.21688337081393325,0.015126896866723687,0.27605110691647256
cust_10f1ce7c,0.3988015441219246,0.4948244929581894,0.5097837376267806,0.22336779881300528,0.1299936469490481,158804.1350097031,0.2084862855520216,0.20945595458084157,0.41859404306987474,0.3016272227084672,0.8305478138748392
cust_16ad06bb,0.2597620286255638,0.7625789910947244,0.8711617389308899,0.20324181339844283,0.23519151446486264,16108.746013671494,0.02196530863967877,0.43247690815344236,0.5942036250571672,0.33526463325426165,0.2912824472430978
cust_972af096,0.5076020732511632,0.6594051369282522,0.7835489461678979,0.16340342752459514,0.23759863453551,17976.595146798078,0.2953229471344359,0.47387174797345105,0.5143255553670978,0.2619184873154549,0.05023590687853902
cust_d99e7d31,0.7705480063036879,0.1795552521050088,0.9052097087068797,0.3578954419668102,0.21857426725698298,44009.896468005114,0.48224125119648775,0.3918632888298382,0.792641090277317,0.03866450492747529,0.23540095249092663
cust_74ef06f6,0.8745724041212457,0.536798137446317,0.27440325212310535,0.34172478188058664,0.23988080330480532,10187.479188435425,0.41264823169824455,0.36153982176367944,0.08924437181065413,0.3534526051664302,0.3961101927155573
cust_01cc0362,0.9813717173414208,0.45950182126281763,0.16465292820411045,0.37327320198590036,0.1390488644751444,50431.29570197695,0.668927728305555,0.3924582154041146,0.09132277984807861,0.41373395866901247,0.7074822290474087
cust_50743c0c,0.7244573001264014,0.31402947390265934,0.2509872816542097,0.14388428334325243,0.16138157474292977,618279.2122978139,0.2853921280336,0.48486601479915187,0.11680871354842941,0.05554073696462157,0.6392455273428589
cust_5ca26133,0.7112056139294152,0.4278379240448275,0.19376477707238285,0.28781582414214474,0.33514078437153494,76724.56294485557,0.08142183186760132,0.1732006544286545,0.09523560694095375,0.0559893539273924,0.2943710584657475
cust_08b4be8d,0.7638259890698235,0.6951484255440664,0.25649859259126584,0.03369469724529934,0.526426763387722,11535.107781409015,0.3214735066632713,0.7487309819583565,0.21663128588813899,0.3245277492987307,0.06815816678701103
cust_65b7b0be,0.7575081944409954,0.062391543124063135,0.35568529936307586,0.3581985978181142,0.1663338095148905,13961.202847400227,0.6077149839731917,0.31040530860547905,0.17956648228156674,0.040900325834705945,0.19555239106548475
cust_7e8afac4,0.6740251429809266,0.227073197485515,0.44890067169001713,0.2751148024238997,0.43417281838511035,8011.6196072835155,0.2702039081519697,0.3698258137826246,0.25634244895159214,0.09601533697343612,0.041252674562739795
cust_9049979f,0.7766143969311773,0.5994691228432989,0.16034507815431617,0.35747223285946755,0.48365812590132395,3879.5085666503774,0.04069436634267329,0.4214614911098826,0.14107180516973972,0.34634882209560336,0.11219510652966204
cust_1a2cb08d,0.7133430770435666,0.2772238739311997,0.3433812724065486,0.16486092423488424,0.11990622198768887,2491.3197107199667,0.23035947793671213,0.7194637578984893,0.11158538065904655,0.13772510444090916,0.0033621662429982506
cust_9987c002,0.8236853125212042,0.7351677620229531,0.20181452778568845,0.2569493041759748,0.6393417000244136,20326.609715484286,0.15762339403667713,0.499726421446893,0.08494660822333779,0.21323090800749891,0.08894030080814543
cust_e8da0343,0.7251956860126489,0.6305808724724085,0.4457270670551321,0.6379638031997131,0.3556781648869735,146544.79218328715,0.10267353035834714,0.4535545774755708,0.35501680784584366,0.09960939938800556,0.6551119479941215
cust_c500a5b9,0.9766229522140938,0.22404628917689276,0.44339253237550996,0.1101379096172533,0.33462267579599947,39903.10720560132,0.5274372064861694,0.510987918812426,0.35853924925945335,0.16290452217970125,0.18037239778556646
cust_dd7b2964,0.7133487718615572,0.6190708048041407,0.5714207212926048,0.3495109752430121,0.15431896898109715,10422.322461548565,0.4082064251257079,0.6220180675715292,0.1877736391771094,0.26359248169219424,0.5262340374236323
cust_398ce9de,0.624066183038487,0.37881876876940124,0.7751822841299545,0.15004238352052207,0.4737516314399414,708318.9553192639,0.34635203035012496,0.4055405306691138,0.37563681053122694,0.038847490848086266,0.48417277260303954
cust_c0166216,0.9190480532522671,0.5632926647778672,0.4126870597765687,0.5727011667964437,0.712491206025764,12181.601579446535,0.12452741403342155,0.3037108712054712,0.07730684313827994,0.5402878243353004,0.09857383511762025
cust_e4f947e0,0.8854036799780938,0.642926389824757,0.18001089000855527,0.6079203469664523,0.4518225671664396,620287.6317045345,0.4982446058201802,0.6841097838221015,0.15573707204491577,0.35182090159411517,0.8083468560267786
cust_62f5162c,0.4842821720447549,0.8448642860674138,0.7381432940323339,0.12386928932022936,0.1555999860094435,37134.2954388675,0.6781635545295969,0.24560047823918285,0.5709594994820153,0.4295455708062744,0.07594870296775685
cust_689b182c,0.8028505847879315,0.48953988497889805,0.4009029618546113,0.19615758208261236,0.44495696509974464,14656.116454740073,0.2575299239324684,0.5016885410573991,0.15872085920609444,0.1024965011036835,0.2587165577200418
cust_506835e5,0.6509442004874667,0.779705014000548,0.6774468060436725,0.5127786193757625,0.8013583022716689,347723.1827778967,0.4213264178856438,0.445438743898772,0.4867947267112141,0.21538887653119357,0.7552177101460779
cust_62c6c8e7,0.6975317064260934,0.5811130055772665,0.506276951252038,0.38880098372345845,0.15397462289017833,392573.40277459903,0.49407416968395823,0.6909660683794527,0.37869292186765774,0.2803898228262705,0.8423109782614449
cust_a7b3c6f3,0.8792013036907819,0.8655113574453761,0.4083579689540854,0.12151744304029347,0.2714859522151804,8613.84337539901,0.4791384378468124,0.5651744576019757,0.18407476134495473,0.2606427507262245,0.2462582787083282
cust_fb805f25,0.8393517883983445,0.480522730454455,0.44922963012755857,0.5990843226086267,0.30441409240858974,655089.9580184298,0.31613013389800065,0.49016784314027867,0.2873346769106033,0.34920353403341503,0.4987674534258116
cust_503543fb,0.9282265074801099,0.6512118977796287,0.6345024380472917,0.15205883218876481,0.22104972753606975,21697.912905981866,0.48259374398405963,0.4865563243580335,0.28316009890690463,0.4698544477044178,0.3916795254139636
cust_dfaa98ff,0.646236623969835,0.39058039681453444,0.7417966675705435,0.2168869928551412,0.13249534470779253,8008.91352652889,0.4346683187629585,0.5960192297274339,0.5857668789322024,0.19998874701413,0.06497297845367127
cust_5e8d3012,0.5618118445139915,0.1769354235573368,0.43519089001336436,0.09052341915988502,0.4346052762154268,97322.50266253254,0.29101964824560805,0.3425276449742954,0.2739426229509534,0.10662845554365652,0.5103344727508909
cust_8f5a0593,0.7635696605611131,0.26163391075510123,0.7015171555036348,0.28710486497443993,0.5330981167580229,18621.619505942912,0.06504447456115767,0.3291243260747506,0.6182263127814434,0.1661196791184148,0.01726283016984517
cust_eba46abf,0.8119578622805967,0.713373679386418,0.7125325498431428,0.4414098494486172,0.3716386781215796,61393.0144397034,0.22056080261197816,0.5243398662669763,0.5604040738893734,0.23354384536099854,0.5850426376020752
cust_ea02e661,0.8404757569699846,0.6287631935519525,0.4115635088742538,0.5162828908650767,0.42619626422774565,18295.7047359811,0.36140392805363436,0.25543669855766116,0.2912730182321925,0.3210225913749637,0.0569546728703733
cust_464fc838,0.82535124573051,0.714178013602772,0.5610854731188993,0.5228335286441581,0.4730363377580638,38198.392238227214,0.35406513612136736,0.5082093479461325,0.2111482308057639,0.08473263804340798,0.08396788542375788
cust_55a3fa8f,0.9852745084617709,0.7590818708262432,0.24246519529803345,0.13245181558907057,0.30565493240608727,15955.201998538794,0.6377928274352193,0.6147811182511407,0.17133905709996225,0.42816262056416216,0.3593576114216407
cust_cbf37a42,0.7564358611735761,0.7062888919179766,0.46219119750761584,0.2221958512956155,0.2558309719130899,43126.38968336466,0.2860795152978669,0.7962784298342789,0.4196521566184117,0.4057726256873873,0.14726337462066733
cust_755a9773,0.7046653868600423,0.35062074106354957,0.38272346369612237,0.18452401089762047,0.12547118078961186,13113.9054746747,0.1701696155303796,0.26336894401279703,0.15834911598248305,0.08597304056155357,0.1641761484218217
cust_4092bff2,0.9213967805611153,0.34728077820336184,0.3580756123715888,0.401694639420837,0.16659303020664049,8491.914403383473,0.555676892064283,0.5404024937435686,0.2895485264424556,0.07906624939685457,0.43992147498717216
cust_df04bc6e,0.889223582052039,0.6498023759923831,0.3065011754724449,0.24181802877264966,0.14440922894795488,1614.407451144083,0.23646723123686195,0.5414492811470097,0.15884816106232294,0.1884410820230882,0.07981700546134536
cust_06adb762,0.8053892342977079,0.38322509389999576,0.31964505809497246,0.11371944617636992,0.45411730404782064,5412.0528794546135,0.5593001850528272,0.5546468117868895,0.24869309177010687,0.06650337151689414,0.021067562038604295
cust_8f5d822a,0.7863398974264979,0.6759289557569417,0.40554714919034707,0.4148194851710975,0.22712163967482502,35650.24039909716,0.4762388176746978,0.2282555144863598,0.10440334101236735,0.20759686224637997,0.08764388002103489
cust_b2d488b7,0.9142259200880921,0.31700427649750706,0.36158686838190346,0.33082546356289333,0.5631815633410127,17729.52223842373,0.2777919801191733,0.2776958018223066,0.197786667075047,0.1354501648980179,0.2038926704942726
cust_a62d991c,0.4063056319327838,0.48323159249879444,0.6717002825645488,0.4199758331746717,0.3729159254509041,22215.508480696728,0.1278130794082824,0.6724431686614575,0.30000143831400344,0.40615361513402776,0.07251562892773145
cust_a72091b6,0.8242283769162905,0.5451753286267231,0.5346896231962989,0.25221850080140423,0.7180342870166952,16977.985256355394,0.3533507950356878,0.8014761812325695,0.14868416359620087,0.15976919657373917,0.012037453933520315
cust_46508f01,0.7234180622844136,0.7753277235249437,0.21017567835826856,0.16870249108936525,0.08497561356495911,1148.6662828846677,0.2629269823054422,0.19122924790789933,0.09731612905773825,0.15984825065554079,0.14926704689666648
cust_12e5ffd2,0.819904375825037,0.5911770750105663,0.10833110856728319,0.2916163628485859,0.5136488880561298,32137.532251611592,0.4542639609497669,0.9268120121374775,0.08796729371272557,0.40184480874405676,0.04232907737132117
cust_f46fc30c,0.9459925008794795,0.6381882688209791,0.15920049643206605,0.32328906836716337,0.31591061799641323,71100.97131953992,0.3965524961928141,0.6454553456324493,0.12662884348219478,0.18075504485488125,0.5521814897655429
cust_be5377c3,0.7246562052740616,0.4368983321210062,0.5509178131356515,0.15549442205245984,0.18534720531644996,10554.598168712686,0.4028651565671046,0.3108211498279098,0.4323180521692184,0.12796067415778387,0.1134569278235131
cust_79cd4903,0.8773914334520132,0.521317185801664,0.19436170655293325,0.11975186181264703,0.6777755295380593,93578.51938668986,0.061474218421616496,0.5676009872116476,0.06797607700882032,0.2563397775266405,0.7066127278939357
cust_fc90a464,0.8482084329100393,0.3192799962536884,0.18865164513728708,0.29842526633606364,0.27676446070510347,2134.4649466355345,0.1604930074793333,0.47633986287442737,0.16700795260691836,0.058635965888894054,0.40349259403003884
cust_7470f99b,0.7495489574448093,0.7254989889759312,0.22320614075480316,0.09896678648138142,0.3303586538882326,6037.158874377092,0.47308031396066424,0.4640467301285437,0.15139174147578136,0.4027815484314822,0.04580574241828599
cust_c3c9e91f,0.7725542123652407,0.47884429227406866,0.24565806582585462,0.10540707895754846,0.1662958163947939,89521.97611766272,0.5361165733611959,0.5546867035439228,0.2288178028886051,0.2627178023362029,0.5204820597496926
cust_399cf2ff,0.8684771807980889,0.1875427293524424,0.768193785514033,0.6063487314579425,0.7592510794649862,24793.01535057247,0.11168291584023439,0.5361235756921663,0.23853559887156905,0.14589662229192485,0.05877090984880222
cust_4120e8cc,0.35729945356781595,0.20684412629648727,0.2695041628147806,0.25779760922158185,0.39792601243067793,15116.171897126478,0.6487626386615923,0.6465666082870017,0.10389601384904658,0.1307028257648322,0.03780967252771945
cust_498ce93e,0.9117378350650824,0.48617500878604236,0.6424556168811667,0.3530360818505062,0.29828822418016715,60068.821826999236,0.40996884151721086,0.25819936837059476,0.5433778922554751,0.04350111342224785,0.742771982190196
cust_cedca487,0.4552220379124826,0.7090973661773875,0.4703699980360946,0.09673456506241256,0.5304558919562544,1718.2265212655673,0.15986690017513638,0.7420084868908753,0.3684255591181258,0.5070257625674651,0.3077512300918508
cust_32cf70ab,0.5255138873395023,0.5707246372647131,0.09826297768197768,0.1713617531424791,0.5356135267368675,20865.32120213432,0.317649293364338,0.25290306266794155,0.0644416089903434,0.45650271925213604,0.03405447593144691
cust_7f69898f,0.6517448486033808,0.19906893343772625,0.32925959925145665,0.11614899559754364,0.3829131093850633,1527.9697814554802,0.21686351000934825,0.6039951798156865,0.0376337000318092,0.05439232038238666,0.18290427623119476
cust_06a50ac8,0.8189334292692588,0.43334284557129693,0.6493583527165058,0.19053308207402528,0.09915338377076963,10184.984217604466,0.3882849507318693,0.35241938997003913,0.3555815140373411,0.06624911697962954,0.3127060718520507
cust_62bd7425,0.8948439487307193,0.17192736486597293,0.47780890428750733,0.2790555919180813,0.31591174712367415,15792.124020944033,0.33342718393554244,0.411781223835556,0.3645715949653566,0.06921448050487838,0.2930818871956283
cust_f84aa966,0.6713539757280569,0.24589373184233332,0.3767152731636062,0.3142627880465873,0.1422243136282034,3881.3037514992448,0.30218490643470525,0.5815035619133382,0.3651442682113352,0.09994898506447224,0.33117943495355856
cust_a44a67cc,0.7442212952537641,0.5967293329346742,0.4082506416921451,0.1734667195600572,0.09833364532333082,2567.194079902162,0.2244794354081828,0.5115163013005458,0.3273264764830011,0.3193329156289501,0.16073132334776405
cust_269a263e,0.7295282392929748,0.5521134020433722,0.06569362561272175,0.4913136581424256,0.47704904591626446,75772.26099373441,0.14666186378971674,0.6181080689835583,0.03343804238759046,0.1877323259581684,0.52305883856291
cust_d5c877da,0.8998092109826005,0.7193835310852016,0.3431218648798034,0.48222579641107577,0.21882398005683865,2538.0809033886517,0.4911939998748221,0.369862764160552,0.07451592830622696,0.2900724754805011,0.21567344865760013
cust_0f4c9f66,0.8604771495597854,0.5561515312074451,0.14564791921123943,0.23207586946936484,0.5799948391361183,992798.3763118511,0.4657931003544077,0.8782545504572266,0.03910751097438625,0.4375639906841623,0.6019023407685359
cust_e525fba4,0.7023130994751856,0.6511385911632381,0.7591804556574758,0.06596009040820686,0.24514389823335497,25252.02083525134,0.30262123262374363,0.12625612303450018,0.3591958620515678,0.2516850365046378,0.29246820167404963
cust_c0b59603,0.9083976907868088,0.7396465146245413,0.3246500707617584,0.07553201758484156,0.3833039826741727,1605759.1185019247,0.6127413762749969,0.5076607154135951,0.2148301965513543,0.6449560511454338,0.5384088815735052
cust_a28be185,0.6158556952409021,0.44050617970168704,0.47758429247521644,0.325535066530774,0.16068455413331342,44617.14204577342,0.21318794945213332,0.3885181912488677,0.26856546220159006,0.2374354459555858,0.47192222981039733
cust_969912c6,0.9229034686924574,0.5983317487662129,0.32513320638249366,0.3984573923609978,0.21527661801941428,46613.62164270768,0.38036206200120676,0.2662289448211899,0.2037565683504087,0.4070829274557556,0.06510210360315163
cust_a800879d,0.7725169604630107,0.47637158794775175,0.6027836724298866,0.14817758278548943,0.7901229951486913,139691.1915232194,0.2210203278403201,0.2771445668727767,0.4872579813852452,0.24856458695274206,0.7292326020681608
cust_2e35f2ad,0.8647333942449469,0.2852985501668843,0.5396192092962862,0.2169267243431176,0.3679972233984183,8912.444825790746,0.07815020356526194,0.776894515572441,0.3341214864958848,0.10796454713109975,0.30570254649454615
cust_ac4b1dd8,0.9002871982388368,0.5285838148874303,0.16958370189049632,0.12417040176858567,0.3651120239980798,184715.83182223275,0.006837612336939685,0.3934887741073796,0.10385853630981193,0.28274430181890825,0.3281856325623216
cust_be180983,0.6420751580907942,0.42028419647620857,0.5785263551808147,0.5103588958653719,0.3530838276638715,6447.479402279475,0.3408143147854831,0.2342585401457415,0.3249124508800067,0.10495201516978828,0.03711444971090589
cust_a3294cf4,0.954307252394628,0.703558931529174,0.5830293188974479,0.33141847733611324,0.2609680857039284,75826.65571966203,0.5244153129989411,0.6723455828579705,0.35819446498195184,0.43129332887388616,0.6516954648729542
cust_a77077a0,0.8253898598472881,0.740342396746752,0.6807310226861564,0.2975687640141456,0.06730031394141922,82120.96119733466,0.1340250082167052,0.46166913662044123,0.21774513575643503,0.674060935697064,0.7859543152856966
cust_1fb0ae71,0.6149205373414551,0.43921500557456783,0.23676460365245,0.26196549403775987,0.1818238869600927,8514.954392069729,0.42197897950154273,0.5084689003392685,0.15143297486657437,0.15126774380823044,0.01598709246947781
cust_bfe36001,0.6497537147319767,0.3582516482817652,0.3336436049069107,0.4124205640210529,0.6853735189937382,12700.80555571634,0.6596583752971767,0.4911715004487856,0.09786941396006657,0.20236348480443542,0.22616560437015956
cust_5a966c82,0.5850247488856732,0.3700415449872668,0.41086704076366976,0.34192967734395363,0.22204299390224394,99849.0960425293,0.33573489055438765,0.3780074156269264,0.2512788040687623,0.317813088734522,0.3827387839483902
cust_4190eb09,0.6216793421383575,0.4922845938010184,0.23118088498034114,0.32640296724989254,0.5569231058083846,7106.463281163571,0.37020520531534923,0.3597630057363458,0.1724103934686028,0.17190508584970735,0.17673488460058798
cust_6c9bef4a,0.7219857312510244,0.8553132860562469,0.5137618893117274,0.0640214993052509,0.6092935182459193,12435.425990508173,0.20413267202907256,0.37261679959150523,0.3934051924401364,0.22108769780695411,0.03797965710602329
cust_3f3ffc44,0.887006040947295,0.21022659081074183,0.5475128334797532,0.36960193710600653,0.30555052838216823,344.1982598940896,0.32205854854635846,0.22335502813741018,0.13167607831280664,0.17281038429512793,0.0884318185790915
cust_ac4bcc83,0.8932157379997575,0.9267008753884378,0.5033259761372019,0.1253944673097881,0.2867167883983437,55517.405254368176,0.15308309434816628,0.3762560615895426,0.3918322171773701,0.08765272083940398,0.7665750942826501
cust_d4de7d20,0.6705367851344592,0.5912642906535492,0.4187071259073894,0.3745056065240851,0.027134466178194167,52770.31970510484,0.23926880608158713,0.16603693991445928,0.3610836122014057,0.46526960672396517,0.7779455359448139
cust_d3a4a18a,0.9420703028990468,0.9040733502204524,0.8151844701630299,0.21577923709716323,0.5915413529366933,83124.44909226005,0.4091544995325298,0.4380050046725317,0.3469707852811679,0.5720546807199101,0.4396917664347473
cust_e10aabc5,0.9124112055400524,0.6464652481059079,0.610028427604425,0.267745969715911,0.4182242876739926,8604.55094389602,0.8701052216186561,0.07693904061900134,0.28292536708143384,0.3999019344746133,0.1402264062452145
cust_26f7efc8,0.9282246194005654,0.3924073878483844,0.6923418977758452,0.22843140961903136,0.5720383918839729,1798.0791000673555,0.5382647062189229,0.7091550126836386,0.5760543540401685,0.35820918574184013,0.07485571104373899
cust_a697d54c,0.8001988058013705,0.2572423649465434,0.4497188645941192,0.2262734643785254,0.1643672210168023,3370.2413468449154,0.406073867493658,0.5479567115278796,0.33633513974737284,0.14879547077632452,0.18039579607275089
cust_c432748c,0.8386208301295763,0.21587523559071797,0.38023929633449727,0.7882005219648422,0.18029144413876963,4202.82929255893,0.41038818271257527,0.27666056444097975,0.2620876132242821,0.02129372381526172,0.016681699608071737
cust_5c07b10f,0.8699518305485259,0.44787584047649154,0.5476197908354835,0.45999460159879957,0.41602242144801616,82126.57239851006,0.21187813969105238,0.36057377012535136,0.33967433437532485,0.3875888768140931,0.8324839093961149
cust_eb222b82,0.3428505526361964,0.809951963560821,0.2725952977142963,0.3163582456682104,0.4970036401014251,57055.62479325382,0.47514271508993805,0.44611227039642715,0.18808079292531982,0.41676250521996633,0.9114583450700547
cust_2ae6c8d1,0.8043499796964987,0.5477411818275908,0.40092336945869533,0.311992847430431,0.4142477782475471,2386.849255140564,0.1260258629536126,0.6192707042681523,0.3188698546353767,0.25480022500165395,0.27216489630302043
cust_abf43ad5,0.8429423000989001,0.8054473276354934,0.18668340123777846,0.20314615079153767,0.4310200265626721,12909.527275130282,0.3583006446243172,0.5553960417090429,0.18055264110348704,0.4314279449929434,0.005849836566801606
cust_d0e4b82e,0.6079419491085147,0.4766785417689171,0.4237830955353752,0.170725511640197,0.2816360198704246,61820.87300160255,0.3696867387339034,0.7340006196882127,0.25322023027512,0.20219798883480067,0.8054600928709211
cust_f8af951c,0.6072432706566158,0.8253223313934845,0.39302872689472873,0.17570337946654008,0.4371198810919243,11111.24516155658,0.40928830838546504,0.09193387486589617,0.15649504797647223,0.5695587782507101,0.031822159579651524
cust_1cac2245,0.41418642680695805,0.410239882620453,0.1386177322367182,0.041482409256165934,0.2057243857578264,18209.467163882015,0.4104138966352128,0.2131913048343803,0.0645841483540812,0.07755858120184368,0.009393108248117597
cust_f6585c34,0.8435824452781402,0.5133950893096743,0.30682932707209576,0.303591254692698,0.38802279625998654,6180.50849166205,0.7289564413713604,0.2834518249149135,0.21883103049151026,0.343102141964916,0.1469781199097595
cust_dadc9f99,0.7052504065095683,0.364363929621234,0.3041060373589253,0.29240534493276005,0.30469078481971623,21293.927522562735,0.3075571127389571,0.6135741299967438,0.11091314300732642,0.08554663351549052,0.11834469734672437
cust_05dfbafc,0.9588099042089633,0.6014347016983826,0.3865147372044977,0.4925451766816243,0.13432662834042072,353.9546685616043,0.5483337228783424,0.6003777378331906,0.18066619487361382,0.543080507841077,0.09481074276466912
cust_57cb019b,0.7133945491571843,0.23106235814304932,0.14939884412300708,0.6036225832925132,0.19386954307522383,51950.37084675376,0.368061169416421,0.40261052945474696,0.08090003116464907,0.07245133384430288,0.797779771068999
cust_5216deda,0.6400959607980217,0.5631907673233837,0.5366685026274003,0.2590657756818959,0.18005289546455555,9550.653063720521,0.0574527282009432,0.16494585410422205,0.32549177270756563,0.4043433707176862,0.25072810289919834
cust_e8fc7fb6,0.8288607087503498,0.3807420219052521,0.09147888797216293,0.0983025916114772,0.24058868146982584,126481.83150659924,0.41857688738889376,0.49195853721363797,0.05590329265165915,0.2391585923062196,0.596017497219997
cust_c97c5b06,0.6666351562791647,0.48442281043293717,0.1444740643091708,0.15509778415781134,0.5517010846637282,63303.32246496858,0.41868920229051865,0.21021155213217846,0.11937874493395824,0.15957984159277336,0.7136824033006237
cust_600732e4,0.9573387261606509,0.8085201166085811,0.7941595816671753,0.1560693876764283,0.3449618479528444,54955.0197494838,0.3702047061055632,0.7072119365482112,0.3787755087626965,0.3223049449981611,0.774268201878971
cust_c42b3eab,0.7204170366898124,0.6990905623335293,0.6106148742626326,0.26903519837343,0.33803364835331523,39918.79053004994,0.2942081357423667,0.427732680403423,0.34523694701699503,0.33719165012279173,0.06648738100531192
cust_65c610bb,0.5832219837622785,0.6553520879109568,0.07395202287123823,0.25709702776717686,0.1444300881140943,71358.80658845876,0.5028315390455684,0.3215341808297105,0.03679201263620615,0.2016440131226905,0.7470100992096359
cust_62927166,0.812308959353567,0.4014178213090305,0.3233260175665653,0.16715240516677,0.18834481226027966,58850.29284594303,0.1671507270175699,0.5471707123037846,0.31711796267983144,0.1590307559714555,0.5737178482348455
cust_0fa3c635,0.7698721205923064,0.26213356076876965,0.6218736563460853,0.31446992502721943,0.7299083512416309,163113.36702518113,0.09680541134506516,0.19713531212291321,0.21212776056623822,0.11689238957973107,0.8954646864881337
cust_cd6194f0,0.7736622016284492,0.5544541990554397,0.36436554583509667,0.3068839681565694,0.05141241097222265,18389.769900292362,0.4688988198371887,0.5464502275421753,0.09384965410431063,0.2722337695719826,0.016703819901293767
cust_a508f51b,0.7504452436324535,0.333071014024865,0.301963598081582,0.21641789335636813,0.26116391513289494,97588.75466012076,0.06012184184000356,0.17094031169100543,0.05941720366759629,0.2451080328829086,0.37674318333560386
cust_e028873c,0.7414628277635675,0.4010185152351296,0.5487910119247071,0.3538411734084324,0.13076897852784822,529.6722663602992,0.5910029135323689,0.20091141506635013,0.5436516949248055,0.24751553685255476,0.032932472371438586
cust_537d9edd,0.838252200541016,0.544116050367003,0.19472866541099954,0.0646378916531248,0.3181545210531714,14356.341424928085,0.06839819216352157,0.5132332499825365,0.1674383753306354,0.27976162605348276,0.28867289864407775
cust_6e7de954,0.6665374033892533,0.5481004034232247,0.2992988913513446,0.2408734230522022,0.15324934994027767,80283.18932849538,0.6666543717667575,0.3040673708290529,0.20432314723526274,0.17661265565199685,0.7116203203472501
cust_66fdfad7,0.9398822670817039,0.7631517965648171,0.2991820877439332,0.2939099169133422,0.24253374608150247,232110.6152327172,0.340124088986858,0.3095582635598122,0.2672589027965367,0.1215268095398798,0.7717260376095634
cust_82967318,0.7751365701837482,0.8174684889598256,0.16485943573790465,0.28929713672520485,0.3555491318203022,9296.123340389551,0.19250944650602267,0.557435994794719,0.09999253764131341,0.6299046920514613,0.12331045684881323
cust_64272dea,0.8584674778618852,0.44211615884800504,0.7022889137915109,0.2223456116047573,0.2676193137684559,529183.7454680192,0.07029747731274362,0.6733287057343446,0.3699188344758927,0.4091119276945009,0.7480284366986847
cust_6893e5e2,0.5993174795350867,0.3743941030158961,0.22868658922040638,0.19184119166260963,0.49774022131430984,81039.92508222898,0.40992836251012144,0.560512383312175,0.1631612655261493,0.21654877993312877,0.552631521973294
cust_b4e8cc11,0.8773883135308795,0.6911273220297551,0.3727550044865797,0.3708520340862817,0.289042931141595,9224.63341757044,0.15113572535374806,0.6281169571482129,0.23031832055003607,0.5887181977052836,0.2601855487928558
cust_2441f0a9,0.6547748199383209,0.7462021209022958,0.16597815694291132,0.2648103101265556,0.6523311757667379,34366.63945789353,0.0768976984185426,0.17739613147640088,0.13233999313484432,0.352952209191498,0.07517759892530229
cust_5091c944,0.7794309954916304,0.3141342268756796,0.1612516317966182,0.3821906233892953,0.23658449756629948,50797.72582445394,0.40431069820715343,0.4257284409151132,0.08772970522361741,0.177714972173525,0.9552815655721132
cust_b00ba2f7,0.8834482371127786,0.5053474927558315,0.4515163378222744,0.3530046036957076,0.37963025588939353,14975.209994817336,0.6021399759990703,0.3281200751236819,0.1641695144760968,0.17886169024055587,0.16298609171737594
cust_b3ce4d2b,0.7982022844994812,0.6376719230916948,0.47055739900560495,0.039082602188300286,0.3900795052370476,47153.45987018005,0.11607006882148449,0.17055631804074722,0.2961503121551206,0.3705858938600937,0.013086305056980193
cust_050cb188,0.8673818989277695,0.27166717001629365,0.24298321070354892,0.2923250526751044,0.1895731869332694,25031.236562681333,0.32254289230797384,0.7055243809805417,0.19792997396874218,0.10535582314821051,0.6075958291632277
cust_b5d521bb,0.7801807711197095,0.6439113821977654,0.5631783463337284,0.1846436603800499,0.3872653935318902,85063.17938384769,0.13499814639889904,0.6185229929544345,0.4800766375248084,0.5071566907462918,0.7553663269196812
cust_1fe2254c,0.6797628712787885,0.6501999917970105,0.044025383036570324,0.17616214855991785,0.21739177359502168,4107.891951731455,0.20656018462233725,0.516227283980746,0.030693727860952556,0.46189980173739176,0.06119553810665467
cust_72919a68,0.4717157963077711,0.3483911422198246,0.20839270620439487,0.286827887632874,0.3299594731149442,16095.069063719788,0.41570484666043134,0.4798330626944636,0.11662869339555569,0.0742758039528456,0.28040436093726295
cust_9913431c,0.5459759363850237,0.1390627178317163,0.6573689897333811,0.1741296293045583,0.03679895641757015,18187.431426603835,0.08040919644917759,0.17394701519167055,0.6192404629316564,0.09258548919550637,0.1352539720450045
cust_0f7332d6,0.6113309115611585,0.5687158594246465,0.2278695109984578,0.45405698505111053,0.2220900698709029,6581.436249678532,0.4338247474102722,0.7570814576874739,0.1287368384063614,0.3219384530782649,0.08373675579750607
cust_4b67731e,0.8138442996488884,0.7083298923138488,0.593122576034924,0.34567638449268406,0.15545642560588935,50475.2113998432,0.4314611030681761,0.47775645944314704,0.3219637971502539,0.3842368659328671,0.5873702195979462
cust_5ee97f29,0.9531742550640029,0.5624645131216859,0.1787630728723229,0.1718200502593034,0.5470335021713817,14186.490601522197,0.3232384953854082,0.6004683579363232,0.16775599522114443,0.35248914928156105,0.2818198515818209
cust_c144944c,0.9448918344240174,0.36072599667872507,0.12031731043303447,0.28104803914816257,0.2229716238905459,7838.459002620879,0.046192903330649106,0.6951033774565762,0.08311396105422568,0.23459600674040682,0.035581323407493676
cust_1bbf4234,0.717299114890073,0.31926048516576827,0.619792281716241,0.5280619089851919,0.37090475473025664,12976.11223977702,0.19560252086071508,0.4831407323324309,0.3661161994997802,0.2378139143544345,0.0032395952100189693
cust_04e4ac26,0.5135937480416669,0.5118979734400314,0.748585945438621,0.49940343403062126,0.2698325601976466,48216.19577877608,0.6254129690695915,0.8212470269020284,0.5353877794140214,0.37918354091233136,0.027099559745457212
cust_14809a5b,0.6576265923983077,0.2594123814483666,0.848682240977984,0.21877491713341157,0.04916912898671844,2542.224462730097,0.13848635277052,0.7443753921078925,0.5245651779289549,0.1218415959933399,0.013788959204783006
cust_f0c10198,0.5829953428231764,0.45691252774474705,0.4995713168511424,0.10534041045053726,0.03336747850550881,2075.592010407562,0.23868684525258602,0.2786852667703264,0.27302003967913385,0.3014281110693478,0.2493062238642498
cust_9300fde6,0.7603691564756255,0.4323484358405051,0.23571358805510792,0.6276873738765246,0.7198682934608475,10606.024734049874,0.16945730752357022,0.3845968648007886,0.09532630914693666,0.18346735618121254,0.14232993712069053
cust_46587b94,0.9757188827831373,0.5438849021271547,0.36162313256815243,0.3470777371849101,0.009635140532510864,174135.76935258013,0.17728634852256173,0.731488302358273,0.07147475139798727,0.10241595878132634,0.5590423114630827
cust_216b56a4,0.8630656399559069,0.49455883029470193,0.49852176926934905,0.2837231167410968,0.440568089252849,6408.597038643769,0.3824417429279855,0.25945130428734187,0.3367890402235409,0.3585268559071877,0.17952757567456787
cust_a9325b7d,0.809655795041984,0.8576182243527959,0.43555393215524973,0.3147194754465454,0.5425461423504744,17671.355304371707,0.44132228529280504,0.47388318394992196,0.13080763516540078,0.35766309109829425,0.01738456590712767
cust_09d93e3b,0.6430983979113496,0.6867144068153669,0.14390470769883063,0.12076815939788381,0.3160378724365837,987.8924230377887,0.13614133991087315,0.8390991579604474,0.08297981307839694,0.3982641724362047,0.11841832744990329
cust_22127d98,0.8224968135499948,0.2433536002056199,0.25619547131881804,0.15179247805951712,0.13371915371580415,570690.7456389824,0.31149067872368696,0.37084432901992154,0.11652607572094083,0.07816607675314163,0.9209243166613578
cust_0d9028d4,0.7990643174306754,0.5759702255319219,0.771228165665315,0.644066867611399,0.20663286417737234,256013.8879449133,0.5572573865335682,0.13267317164405007,0.31287798271754447,0.4809846956610979,0.45499366189419804
cust_5b725987,0.8809779464038376,0.5407897208340574,0.13617088084719534,0.3054065779275146,0.22417021731297282,7607.411947695912,0.711565650607299,0.6341423925641337,0.11912901639588262,0.12765980494170057,0.0329929620819237
cust_6113eda8,0.44446250657678116,0.6500495988734156,0.5183090138295318,0.23359077309690332,0.1723347930627106,25587.31900365264,0.0405819102168577,0.3697561362712399,0.45947389933008614,0.537708371830391,0.05998601802404655
cust_5a175f1d,0.9438637178760739,0.6400262465056757,0.3934643087833192,0.5583546598190888,0.13543629869477827,646301.3995048059,0.08545361646392281,0.5683227500994695,0.3228769994077394,0.3160315494229444,0.505019012393482
cust_3fb8694b,0.4202362564469229,0.3590455487276967,0.2503028676695098,0.1362654503848676,0.2598544724543703,6080.36169494324,0.47008468897794936,0.5075980301544731,0.2116061445868654,0.14084729705134025,0.566101273390258
cust_73c45ab8,0.7440452478804191,0.41715802511235905,0.12820694538569574,0.18367510755726268,0.27040671986640835,512.0175647812179,0.24787928468116638,0.3529949264387938,0.043695865772596834,0.31446575356207424,0.2521605907147171
cust_14428327,0.8553162239491514,0.49637130831317267,0.5718044902397474,0.18226012024709107,0.22804919272644605,5471.7654437185365,0.3013640559534102,0.8196306109639145,0.4468749714866206,0.39646222686752297,0.07304791385688299
cust_0f2692d2,0.6965896237743296,0.7577731285651145,0.19300631598329582,0.14296601226695962,0.4661346429201657,100159.88117038117,0.19503727106223773,0.8509180897044136,0.10293876646213267,0.5476275465249448,0.5827542726582293
cust_2e770cbf,0.5698097313362828,0.6082624182676988,0.08762784812350026,0.15986366581692685,0.3998508920804189,64427.65680793142,0.3582378519452357,0.843981829505056,0.06431328316932446,0.5261169081382653,0.4071728563711538
cust_4b17425c,0.8324465984478652,0.5676616306365498,0.5829137655093762,0.27436786592587187,0.4028924090339018,11955.800428425051,0.4075806047101418,0.7268912497552339,0.05342355336451007,0.2884525082928183,0.01929877465282054
cust_3eea07a1,0.787893678755274,0.34626225886695394,0.5336879294232617,0.40293199882693664,0.5802678105322765,163674.69329568662,0.507453590251592,0.7386494562780136,0.13354891073111977,0.10874000601929935,0.8202796796577472
cust_53c33de7,0.622473528715509,0.493672022174202,0.14978337964038801,0.26570278622725824,0.4693529726740514,25077.338130374046,0.10111140335439738,0.47054643402438634,0.040409759062090836,0.38658188641362845,0.016131730485935712
cust_65f3f4a2,0.5940235670386003,0.5208842931497251,0.28645846244581863,0.28660852420489785,0.3822748073973168,12100.777847314457,0.4018234365909359,0.13713408107624908,0.19399441958097696,0.27068376946806155,0.17009258643035347
cust_2361f1a6,0.7477239434539068,0.32119938503750806,0.24075825792064173,0.09261634625127348,0.19626236720009427,2313.1195014689765,0.05697405472720258,0.23562642737363437,0.14474814959909163,0.19595597804774395,0.2167759581205102
cust_3ad40a3a,0.6149946288962188,0.8601011326517353,0.5962471040730947,0.3918028594693884,0.05017571951304893,4729.627221089849,0.478685225277834,0.6628603245546273,0.489194930527158,0.3432488674497604,0.07916788095961605
cust_7f5579ef,0.8513338377170921,0.3990252864077733,0.42388917013557276,0.16698071171170384,0.5725452144201653,131626.06810678236,0.24189196302678317,0.3506952313702719,0.2994777685584739,0.25529254916923,0.5685682528049201
cust_5fd16cbb,0.9861623292924007,0.486286537869594,0.18327802242366595,0.24218312031463698,0.1927934863428756,154947.94203035068,0.07641593326110518,0.20682428443972176,0.15650581943650727,0.08574603602326673,0.6657318049973925
cust_9ef7c4ff,0.9497274429371177,0.15323894330669918,0.26654645600492544,0.5652786124385064,0.8018237601798704,245689.08200832165,0.2342043764899396,0.3250310664847349,0.11706213374323426,0.05291684067104439,0.7249269679189952
cust_59464ff9,0.6826671208786144,0.8636038540480009,0.4853202973500684,0.04227799859937554,0.13955663956193323,14620.008431168739,0.5268179790019809,0.2011176419732057,0.21523015912057392,0.23386313409786152,0.025001032460314567
cust_429af85f,0.7399958871303385,0.6144950720222001,0.3969595198858266,0.5645793460074842,0.740490717525114,38499.72149263573,0.34354819190202146,0.5834953907469569,0.38539568396323803,0.2856224417684956,0.4516920883996269
cust_1a4d1b70,0.7032292747022536,0.6331678269301584,0.3970285649944112,0.2399293704256701,0.28971723863333976,428870.3607846451,0.3105072165305559,0.8689004918317195,0.3070203867149171,0.17506032845486805,0.6964269847354643
cust_5ac5ad0d,0.7688070087594194,0.5625869970966424,0.34190962282862275,0.1805436628266435,0.12124949064367901,84722.52172932915,0.3435878865345729,0.9068285324740005,0.18472676417013534,0.24544668747212253,0.6947985387980348
cust_36567e81,0.5762105061866277,0.445353651125385,0.4423742033847191,0.21703082023880996,0.3434408426449852,19173.74521224072,0.7991827735059351,0.2960879862643677,0.3357280061478617,0.303659929777617,0.12638119998061556
cust_7dec192b,0.5721761822792265,0.43867149114759574,0.39245453467197855,0.35652455549214457,0.424263492942308,17451.84404512506,0.5309766240574836,0.11150882201968922,0.252671229963461,0.0533497225531753,0.19014583654923836
cust_d24d4683,0.6358639287007634,0.16485283264610906,0.20563371976172312,0.21727486063935098,0.3461148933907724,38057.01271737498,0.2888385298801566,0.46492051005671403,0.1763233145718318,0.04638688938285527,0.29481016785094777
cust_0447347f,0.8464323702367977,0.4536810650606963,0.11689588571761514,0.11468788262531514,0.1519229387614856,295137.5617438256,0.509449991178749,0.32635395559887603,0.022782810569809943,0.08261659210471854,0.2680911046432243
cust_04444605,0.9136959977738535,0.5806625558235193,0.2563602834793543,0.16324940334617025,0.31887229094726716,16044.754223793045,0.23707325468747034,0.43385076132878186,0.1809917411367252,0.1691300967678013,0.13007496019393844
cust_b24c16b2,0.7974212328862466,0.8643116917360296,0.1320197797482601,0.3921507183103776,0.26091871899058955,4449.2379219249115,0.0561019531459616,0.24855833264066426,0.09469855327527904,0.28575826861134734,0.03396381273522849
cust_f45ef2d0,0.9607848045045416,0.43164889514412424,0.5515468499326663,0.19447572614957864,0.07685234323320268,804.7945785154205,0.7548343893200151,0.5028569817468613,0.4371280764572927,0.28218271920824795,0.5292480385421533
cust_45a888b5,0.8669507323194245,0.4155441686202841,0.10277277701197887,0.6252211595470826,0.3264176297653914,62713.58457439758,0.14157379848964624,0.4693221174885544,0.059553187351519314,0.29655677079740655,0.8989608334742546
cust_50fb1501,0.8592952633374995,0.2731453584256858,0.3962855423707073,0.46206337802969805,0.48234287115253577,13473.701717973261,0.25563799306157375,0.5050717836409704,0.16667997342412016,0.0325047286334481,0.05976165209990031
cust_dcea38b6,0.652087780397036,0.6738188360337127,0.7626269057151271,0.5026974940936726,0.20967966470110982,16006.710404056235,0.23071802944274195,0.19008635395796902,0.3883806385755775,0.4730969547050411,0.3108039738683277
cust_5d2275fb,0.9689376338422753,0.4589408715943668,0.570716440240738,0.4785361440755101,0.07810325378957664,8364.4190105627,0.48545511035986677,0.4069691470803332,0.3863113189836132,0.0313343526328911,0.12243364512345523
cust_a16f3dda,0.9409878003038031,0.5542757185365647,0.608731711991865,0.457403305054108,0.24454924193584754,3592.498988572127,0.5031207450105446,0.24258797068268795,0.2640434059760134,0.3779260663903269,0.056326011592590416
cust_2dafecb5,0.8430777288817533,0.3087511018264747,0.1417562758361772,0.34273102084061613,0.038831144063130645,36696.02904069682,0.25012830873424147,0.458633307913147,0.05446347452705267,0.06383662487037671,0.11626224025175329
cust_58c956fb,0.5141262509148379,0.2691196674274303,0.2530217174470579,0.18121021609418012,0.1851552082591402,3382.6688764494274,0.20488071741391486,0.6075806060383196,0.08283007706763808,0.17891671167533693,0.15044880508700076
cust_4df6f433,0.8650891785404021,0.45428495908838107,0.3712159353159755,0.37928232944246376,0.1277380113581191,366840.9832873905,0.04587385122624073,0.20664970727417592,0.2366716335680666,0.34214443137146316,0.5858650492575601
cust_f05f1d2e,0.5940382747362198,0.38070770077459387,0.3364929288954313,0.3765618137448317,0.14312836522672082,10779.820026418107,0.6675700476046,0.5023373005776893,0.23191618882701248,0.06804087601115957,0.25192994560808585
cust_c3f6b451,0.8431644012618658,0.28856707830761996,0.05034121557356781,0.6159576465372486,0.08023937358036665,23955.120985314952,0.21259532947515977,0.8860136962311554,0.03454934761671578,0.17980493135580353,0.09234592899292644
cust_e3b26b41,0.5117711325110945,0.626483757895091,0.5119672202204751,0.4447613295916319,0.39630840865878786,6936.432434679445,0.397335609275164,0.4165298655477152,0.43938033386637854,0.2054136924885489,0.11591567894366087
cust_da6205d3,0.46376251961126863,0.35023636008602566,0.727259674152082,0.13011008579710914,0.5364365186428135,61987.64900750182,0.41329200443791847,0.5350615410083082,0.4375239534573744,0.2569155975534286,0.7396716022462503
cust_aa732d5a,0.6599192518586753,0.8162719698788159,0.6210103164007232,0.24654446497344523,0.2572681349249672,2287.1160722026284,0.40459671670692715,0.45510616168024753,0.29342354080944644,0.2213104359799914,0.05001034121247387
cust_b9fca485,0.7112280884285646,0.16364511150942368,0.47711151911872407,0.4804695953914349,0.33313283475779754,2628.8389384550237,0.1754099801298955,0.49684836020382034,0.27305472568548766,0.12104074022832993,0.05751222126395143
cust_1fde7770,0.8936890667273525,0.579657616484131,0.08681592074433729,0.22700509857648044,0.44136556678454325,758539.0526015689,0.06301852736855494,0.6652125096553153,0.07737581265709272,0.08716135299793894,0.6713681133177498
cust_40e74e5c,0.8696388298740164,0.27580632568157604,0.34509493782388484,0.09755202976035526,0.07083477360605864,29905.815766211428,0.21068384637764778,0.5760741759543374,0.24515253114313296,0.08833706614864281,0.2629248237301912
cust_26ff6b5f,0.5003515290729078,0.4900724477493761,0.28763237769312,0.39307825375649524,0.0940715693381268,12985.891206268412,0.06455096055654254,0.7617075878927058,0.1974894774656422,0.17128723739352547,0.2056120241725013
cust_81c5fa82,0.6832040120640755,0.46650076169814886,0.6458457087368488,0.06569925571052597,0.07178618558295348,1447.7873694789967,0.1861307509007998,0.5056053013247886,0.5038084691884301,0.3341825605220403,0.056917713595048665
cust_e437ca75,0.7513669314655299,0.5040271639668056,0.7375864914305207,0.6365991176589448,0.31637100130518075,14471.569758171887,0.4295021444812753,0.20440941398831652,0.584409241278712,0.21955181516848524,0.4150634717540137
cust_6907031a,0.6471293390952259,0.5101313049995335,0.16870473195245073,0.5210251560002771,0.6838114397201327,29972.373835912767,0.45252654480101684,0.4676191533390144,0.11473214248796072,0.2046889301758038,0.16950631696451984
cust_ce886d1e,0.6037115124116496,0.4277045683540304,0.6213565224265402,0.22764363923117722,0.07863322025221856,92694.39235399054,0.7197159197737368,0.6592654182999275,0.44349642909250786,0.2673882120531402,0.31438963732929176
cust_031195ec,0.3688272774959738,0.2996394753570004,0.2307843307415708,0.22694545287853002,0.3254497859154468,9723.65850294215,0.3948151165696623,0.5355865160788431,0.19505210230803366,0.2600131522734115,0.11823946458248649
cust_5c4be2de,0.7490939155221572,0.5388205038110163,0.6491639522216697,0.3012895545937272,0.08590447038191604,7206.513638017676,0.22523094921357384,0.5754651229089103,0.42703970102494887,0.1957088688443792,0.3968264812217933
cust_b324e63c,0.7654820290557828,0.8396875499649286,0.44035210549553694,0.20835335342841127,0.7163085426070012,71477.7804500622,0.24725633421085672,0.44167252398484286,0.21908426999794609,0.7524050489819719,0.7964204326452013
cust_dbbaa4d4,0.7090869534366135,0.39403366104979176,0.6293336201014654,0.3577156405272751,0.14282976094335728,1526.9274081097167,0.3435783940539964,0.5561939609625081,0.3735520893519021,0.3351983784674981,0.177561961483599
cust_a9b1b23a,0.8645118398785661,0.21327580035066512,0.41713227568859007,0.20780085443398455,0.3622046068308249,82084.26755163513,0.6284275554104556,0.5170827790589497,0.1525621367656882,0.14811952806286074,0.5786520074304491
cust_454f0445,0.704719771830831,0.4738491025507313,0.7613290280717483,0.1913481640122428,0.7586322374296816,33076.99328167596,0.5295932536163965,0.3611518000652568,0.46673532275851604,0.271221590039337,0.039098198849806726
cust_bde301ae,0.8305812141070714,0.3871932294671107,0.5906517994462029,0.008138061654364183,0.15221830159328362,539.8959811173846,0.41596661724454553,0.5855865587145339,0.4882362767347591,0.19039097223005416,0.027280724845972232
cust_27ef424e,0.4340862811390749,0.6952954212854452,0.30661902080236464,0.07081185244050785,0.42812759321890415,2673.5965255217175,0.4440314876232111,0.4669899680182874,0.14723216775102146,0.41605537461461595,0.20168791984305856
cust_ef2f2b23,0.8126928498453739,0.28382934189447523,0.18924034572509546,0.32899080424873306,0.6571272691417831,28752.459884366763,0.2022679638225192,0.7250393349675875,0.09913366454354962,0.17537981177915066,0.12136246516840035
cust_3f2e4763,0.690336441406058,0.54904638560182,0.2315384466549199,0.09266425985051557,0.4145338532217951,134545.1481960187,0.4834135764627012,0.41948301963341744,0.12389886528210732,0.2889968298366279,0.35968570930795224
cust_a69f93a6,0.6308646814916072,0.1847835650786434,0.26181497108855817,0.37639838257267566,0.22859013323649,76071.61620999033,0.3290700858182767,0.3309790583008444,0.14380390262704915,0.09932209580671265,0.8476389540678664
cust_711160fc,0.8199743926313976,0.7344929025735091,0.28626104465808666,0.10878132283783824,0.32453801643810193,15295.218190466952,0.44150083345237545,0.41965236090646285,0.07546993296552026,0.46925029126759876,0.08991980267342502
cust_276697fa,0.5923590126291854,0.5209130898512553,0.26116330480346645,0.2935803494608215,0.05181611676206242,1778.599371618725,0.4360967909805163,0.6747381021721155,0.14705366821406582,0.4195531253472798,0.03609642508906157
cust_55dd2675,0.6092458578597031,0.5150309057488981,0.21532541649083362,0.04065777918434023,0.029053659233780747,10959.73354937441,0.13702697022079252,0.1662204892879781,0.144736758646995,0.18083934684883046,0.10524472108974578
cust_05bbedae,0.8647955017186424,0.23877554792011493,0.05195832256872953,0.4297264229844825,0.23988176638187855,26713.888444802233,0.07107227048759843,0.48729595392390646,0.04277539978340487,0.09503294269244603,0.20426211247391352
cust_c00158d0,0.4994199343005545,0.37568850863997927,0.4479962361822842,0.542534383037692,0.2577389965093347,86099.9921004243,0.3715645334826178,0.3843095204113328,0.4028977485222014,0.20919979249999343,0.8941406485804717
cust_ca790773,0.5632261628941768,0.501148843163696,0.3505572629355455,0.14259924629917028,0.32504092377109695,126815.46444182593,0.21384249733842067,0.5166045557940531,0.2013077439797816,0.38178060768007577,0.7372753764393231
cust_e38d6c05,0.8639623978308508,0.208898053738902,0.6264539540933048,0.4819746495948818,0.2466946444215312,4815.374240318754,0.0878108909708372,0.2864781465980912,0.5399197809085874,0.17140663149009075,0.06914175016428253
cust_17879106,0.772745172763673,0.620810535564689,0.1745375119097061,0.2573589817521162,0.7421542640977498,94702.6362087814,0.28312179785927494,0.3531979260300843,0.15609370561604632,0.47451936526758204,0.9052880822889525
cust_d524c565,0.6173543473479419,0.18169670258327492,0.36868389643564714,0.3725123785946091,0.5849905719151896,58895.39999645241,0.29315005427835295,0.499195152572102,0.17747677248675567,0.09934190539596471,0.760173546749878
cust_a8eeda6f,0.8577056111817813,0.5980019219346782,0.4923514590912327,0.6559562537562782,0.3047670425941448,82982.03205012022,0.22198074199667459,0.2850308553286032,0.34193718470446544,0.22120067152296308,0.31200358006617823
cust_3e1ff23a,0.7855386903122858,0.5957445857696062,0.429839602360507,0.6001330722618382,0.40350089690468827,152457.62362274114,0.4335974415355447,0.4806224468093636,0.27799641555904814,0.485688951480352,0.7816277160834955
cust_719490c8,0.6883573849095947,0.10391623031642315,0.034470936153008294,0.2784703183660952,0.5871107368275936,17965.531966284954,0.19391723763953936,0.9255959861466739,0.028805440591445044,0.01100888427463554,0.4502129024661781
cust_a0c1ab24,0.9270942504350076,0.5277895049250054,0.2637070255696631,0.1232240949069557,0.4193655863486319,80687.00381030417,0.48808487243425985,0.36660373472510466,0.19517606815132066,0.42977615569041955,0.479350745728688
cust_c1228823,0.5252830937294377,0.680419754337,0.3568716382299038,0.3672681049033028,0.5054060421954116,11338.920669035044,0.565241404468453,0.7897884958194862,0.06976824659704899,0.4695181338020471,0.33546373192422463
cust_a1f78fe2,0.8346996804658675,0.6659203453681802,0.04654107520740671,0.04341749997486711,0.3807760122291786,3251.1077206271616,0.18665606688146508,0.32786159320198155,0.03121386634825818,0.34400164301929886,0.1747672747509848
cust_c48eefe9,0.5621612439861623,0.6482731064484593,0.31215828886701974,0.05450677644725563,0.18801109383188178,12062.532030457354,0.312616515471383,0.8830573016000931,0.22658294081533079,0.5590927215888327,0.2265970759283712
cust_ddcd85c1,0.8534264898219064,0.3542770532899549,0.15905956228866874,0.4914093010830794,0.47319032152919827,56359.0270328919,0.3926234863241317,0.5474215369570947,0.09728054995234395,0.18839437381383523,0.7133112920165184
cust_4db72449,0.7111019480314519,0.7339232878907346,0.24582364787370162,0.20836293077800525,0.7841346919206932,1454.9334588258905,0.2455288612114295,0.27045913560111695,0.20144019863772314,0.4444976656874407,0.06532854542258476
cust_b51241bf,0.7399908428683655,0.46074459377518423,0.5089902329226862,0.4623397430858514,0.39114291604165774,19618.805788080543,0.5576661446222165,0.5458989916124196,0.11816529301052031,0.23262409718594612,0.059847911995161006
cust_affaecee,0.7825822219307992,0.7585892757969982,0.1800069707835828,0.4520848996392575,0.2332374132700858,2335.3639343887326,0.4859488986500445,0.5956558740767547,0.17727745890904623,0.24287991641328233,0.3687285461467742
cust_cdaa6e20,0.8927697546664427,0.33213085816172744,0.23536691428876383,0.5268570215965321,0.83812874075848,4974.6530463008285,0.11607252064553114,0.5888924787821139,0.18502738382263376,0.23046753478710152,0.06892820227028706
cust_d650c326,0.6769034978326426,0.530085586938236,0.2771407708278351,0.6405194703222882,0.3743410148023333,35739.37486589125,0.37549711985276246,0.6283008579769298,0.20142102967617528,0.14336278756457607,0.024845329062143234
cust_a60a5f8f,0.6935444200833791,0.2842381651692438,0.6421184890907486,0.4883084817518283,0.4635990288522674,55090.83156115478,0.056349869567488865,0.68404852798018,0.45941713786698035,0.07931628009799065,0.6533395420641189
cust_bf9c6112,0.9765138504248959,0.61045736187162,0.6492503466684854,0.27777916082969545,0.37999125118065774,1492829.5430482568,0.5007998561906017,0.24106762577694196,0.41294718497235633,0.1993300607471934,0.5915373834489157
cust_e432f8ae,0.7495892145973476,0.769249774662286,0.2555089508994417,0.18295928841496403,0.3279312028324935,32606.814717248053,0.07829204466379999,0.327424660266646,0.22019981057542698,0.05122261606318228,0.04140626767706363
cust_bbf7b27d,0.8547668040295079,0.6406549797933815,0.30003939138404917,0.27042811675405853,0.6656811943612971,11573.09690927949,0.24710028121879712,0.6519671544392451,0.11901703376358866,0.2334853762627639,0.21726781380155957
cust_72e29ab8,0.8480321860116946,0.27279400210700794,0.5085389812342453,0.26592509094334715,0.40147435631711215,19739.883232286797,0.31359142604955065,0.5757988131003272,0.3572414828213147,0.2140654434835362,0.2525607564995288
cust_d120c595,0.883240593407246,0.7673355269664573,0.10359725361443556,0.6499535263442785,0.36247071564789357,28044.952803188982,0.6298187171463031,0.8506293398548311,0.0522381069083088,0.5195793819267166,0.24416808344290214
cust_ff3c7884,0.7870348283649836,0.32904496723779153,0.11228394283248805,0.49119582153962743,0.5764350754511456,17257.623227278174,0.41660562109821253,0.2483505341488619,0.06590368696710115,0.17949194204127855,0.08245709031076816
cust_f6233a90,0.5647517256650741,0.47794693714703146,0.3029675703751733,0.02298256875822744,0.24364581047822642,26188.01373868953,0.12785749201952634,0.7772987184840515,0.07376631946001748,0.30995469627061095,0.008086731880911123
cust_addec010,0.8292493625232965,0.25782621661494587,0.5722766500187039,0.5543785664496281,0.23551451838597565,3498.414107805085,0.27179676944991793,0.2933603698055623,0.5123551568784579,0.21787702183890875,0.30783741251890306
cust_c403d61f,0.7150752127661472,0.16401083278072687,0.0736049707516036,0.26449015935697123,0.2119711582439418,990.3341081655217,0.24063280842152535,0.2804390935192835,0.02708961251257024,0.09133316274061123,0.06590866590415356
cust_90da633b,0.8661142567722704,0.5856167915224612,0.45081858193879226,0.5309562829351201,0.5183727215388609,2251.722013068975,0.6216239238636526,0.22837978791380162,0.2388279794934233,0.4598271907135,0.11305593996024024
cust_27e99463,0.900604792338277,0.34870500869645826,0.40466886295710414,0.39558593129387093,0.2816213621097936,45476.631698288606,0.6116276066146822,0.6852793366663958,0.32680721964894277,0.24977237310064765,0.2277681183213103
cust_df05f45e,0.8094988217264227,0.6307371197684954,0.2054678932764145,0.1232744532747466,0.18260375528258083,8385.58580685537,0.7790137611165397,0.550747402329356,0.11473571868879932,0.47360557744062753,0.05832677738352372
cust_e75c8c79,0.5707328048273068,0.20108563506843868,0.6768074481195777,0.07438992701741927,0.26568766260792176,1613.711057847128,0.3861501761175332,0.25351055153516805,0.41847693824901344,0.08985195432495327,0.19236755474915324
cust_0675b2f6,0.8564039958576066,0.30940961702608477,0.25409778566821983,0.44408277834218685,0.25392726517191966,56095.51668437274,0.3666312539498004,0.8717528635681532,0.1740773344131187,0.08612370631918898,0.43531516524430314
cust_2c5ef3ae,0.8645339175974848,0.3219556667408816,0.22149069128895332,0.505727125903588,0.621552907636187,28427.732011145043,0.27376255342759126,0.5749346576203868,0.1489099865145365,0.02712578878904066,0.1486532309602705
cust_40470830,0.6535880645015266,0.1834423256560783,0.6494470887861727,0.23808551008684226,0.42525740818762797,1605.1845208858335,0.4927988027778324,0.08038626894732155,0.3227589595032331,0.0764566291315608,0.011465074968589646
cust_a7f7e67e,0.8463565964484909,0.5241327532622714,0.3832463349929494,0.12033015088036136,0.24857540311762708,23017.433422730206,0.28509345232142347,0.6570917136258123,0.25072227334309405,0.04212616495926143,0.02088359910110461
cust_894e19f2,0.9067077335055611,0.4191132330401711,0.6881753334534173,0.09775876636553009,0.5503755190443091,2488.157774225792,0.09018872866850469,0.20218387305149518,0.4667549663329243,0.10696744016327445,0.5585138840706809
cust_c1bd24ea,0.7629211224600215,0.4057499051955195,0.08548720701536898,0.17455813301487244,0.4023295972808283,86482.22985212234,0.3641318935997879,0.5156014762905518,0.049210593685957045,0.31147422087952303,0.4261317302473959
cust_4fba96b1,0.8609774825253621,0.6934573113066378,0.17487487025170684,0.22500346297250415,0.3283882117063712,231671.80037214278,0.37138477731503006,0.628170794403602,0.15859889622066958,0.04303043633363485,0.5510202870715576
cust_8b409d66,0.5976880224036152,0.7712352040266405,0.3034691641761701,0.5390696562079121,0.23691399172315725,63061.0701363356,0.27308786113782746,0.7144540500106369,0.1495891489459191,0.45925402326563236,0.4681788807927838
cust_e8e7dac5,0.6911712581741637,0.42389676646433966,0.25662601092551374,0.2377261617430977,0.15057879297655402,4123.073678176198,0.21223408493265458,0.49911547978123355,0.21047473772178435,0.17734429871348117,0.4117489730197531
cust_f5128590,0.9144059436143663,0.29279501192559665,0.566371864803909,0.3173644781347374,0.48633459185926015,23070.112256496886,0.5063697545190753,0.5867788493199556,0.24693005451255368,0.1794470620665583,0.11157471817824259
cust_326a7025,0.8622053841781756,0.7168993328081137,0.4577583759749812,0.2443515481671536,0.2611901498852564,5035.071720846702,0.6569416484246572,0.22281897023985137,0.15596681640040808,0.4961129685756762,0.1399039090702505
cust_a9edd440,0.8647448732062157,0.6781275324454058,0.6023249916823449,0.4808335214027463,0.13492989401067237,129857.63961122211,0.4256150381800227,0.37731257818411174,0.3001952665420314,0.20761160514536045,0.581706142435829
cust_23843657,0.8502286256458708,0.48842490498568375,0.46805950623366654,0.2730870567521677,0.9006995637120967,5350.113294687412,0.1473329964546389,0.8145003522694233,0.2920389959409828,0.18761972892610718,0.556154149683586
cust_3346b143,0.5041707317804656,0.6035681683419967,0.8014069947377571,0.18303376367434332,0.15067856251401332,44840.994140836774,0.5299444987818719,0.36895952972785157,0.7501000066867802,0.26282678828623784,0.05905168665530001
cust_1e4868b5,0.5812041127726628,0.13703655751676716,0.39728083220029925,0.21420964827919578,0.17855906616604578,36599.46316155137,0.2709274996184707,0.09589629154241919,0.17109686866179086,0.054711221669600706,0.046364511515064114
cust_2be510a4,0.8236969184468215,0.5242550598105895,0.5315825828180967,0.46495112603198224,0.4114711660629531,61283.26892109842,0.38781935215535185,0.370109644677263,0.3997296675412043,0.09537678804264894,0.869458096152101
cust_a75614f4,0.82438724832702,0.5832501873676833,0.3839593519136786,0.27204606672875037,0.0620839510285587,6744.788757431029,0.4299126036551807,0.17002815604942545,0.2147699243952156,0.13348636366681305,0.14316415296748464
cust_87b34b3c,0.8530354154193079,0.6272704744738123,0.27888337412176145,0.21005843203978658,0.3336292240387047,29318.77464175535,0.4752587064320326,0.49515068071012647,0.2685563753517438,0.20992253783357206,0.34083012485538317
cust_fd7876bc,0.8037966115066602,0.5608779346553835,0.4320508852662702,0.18706319050877535,0.32881436735174263,6197.871623194061,0.15853341579855626,0.4847790901279717,0.29832932860034117,0.3972208893655995,0.08729025974863472
cust_486d6c4e,0.8443728302596266,0.2990919519920805,0.650203537117838,0.18780069856997794,0.14123243035279306,7551.403689721412,0.3637044325640793,0.3915235879979445,0.5252530018230765,0.14458084596272403,0.19694773202932622
cust_b1d47108,0.6533188830936398,0.36264875972837907,0.24307508280196405,0.17176764815101123,0.27926048682217014,80339.12167185635,0.44567537889616166,0.6342871021818597,0.1873141747271349,0.0709765866607202,0.6756156822313014
cust_8f811243,0.8121092946299089,0.3540607827580197,0.3693426913206045,0.16246580184580794,0.4294100511791235,15248.257063919518,0.33549875804902024,0.6207534372813791,0.26672657897849916,0.10472908904916779,0.03383853438586512
cust_8482dae0,0.6732469757154343,0.7948591338019126,0.10450884014457028,0.3428666466066149,0.22442493900309418,7043.575703398767,0.13430835105731717,0.2797705656503722,0.07931129421138429,0.3046013489977574,0.06359075383831193
cust_49acb96e,0.8342338797572809,0.2716782746863314,0.5893222535858481,0.03185816719602644,0.4647952620190458,54370.566033424344,0.40284144078099543,0.6946322025688146,0.26813483274222394,0.16251217624784692,0.4866004123121278
cust_74d945fb,0.8421279287795164,0.3606482971021824,0.6398134111566691,0.4916641553746248,0.3075781812143167,87588.97143440245,0.2768626868296405,0.6307278179540212,0.5339407087302123,0.1979543997563403,0.6105755672572126
cust_358740bd,0.9135059492039995,0.5099811172682417,0.2081789202933617,0.3838428329754572,0.41336332277792487,17224.28051786186,0.5705172749552679,0.793077883074162,0.14436467490585242,0.28532088214059576,0.20817515755995894
cust_83fbb372,0.8168457888191618,0.7345884896391106,0.43152688402917083,0.8307806706318398,0.4871356540112562,2925.3617789922964,0.4401750412205914,0.20508767168540878,0.3900473091382264,0.11981089224863777,0.04181653144846014
cust_38fcec4c,0.48146828040457884,0.8198191014422634,0.31065539854565233,0.3774688360969245,0.5579520908313124,15417.839887479126,0.1858371294136535,0.5822544567472665,0.2669282772353674,0.28444796921552395,0.22883641511423247
cust_446e7959,0.9211154361540179,0.26158871580797183,0.6999482937714027,0.6827185663765283,0.46944526747854487,47821.63041791252,0.6364520130247593,0.3975974910729566,0.5207881109057667,0.08517525239694759,0.017056082319946913
cust_1b637a77,0.29468480672090286,0.5359096823357826,0.5594812475246999,0.07606389209548421,0.06133586191120189,33039.10554453198,0.5009795604509852,0.4543679007353836,0.44183756345600167,0.3717110082070188,0.033096769566826556
cust_b794fa2b,0.8247610746779942,0.31626117979600826,0.27632435816129874,0.5505160427034355,0.4332526211091646,39077.152312243794,0.45547065215078547,0.2978385461380831,0.18286390445948145,0.2482432486336693,0.0802608952345436
cust_51261ad5,0.8387251205980303,0.5067604702776732,0.28436853647757526,0.27605208793683916,0.3133107284610772,40301.57077312495,0.3100049541103263,0.6128672489249023,0.22827791508444978,0.06960200747363943,0.19969296380883303
cust_e426ddd4,0.733819415837887,0.44048131322245865,0.5896621278736862,0.4667892834137377,0.19803460188038916,1146.2148246021468,0.065499115605661,0.4558291396250405,0.48337322197460525,0.1358776700497022,0.4601554113806528
cust_d6e197ea,0.9356837877400587,0.1453669453588962,0.505914648020716,0.22150535197057047,0.40411003750039576,11955.400334634227,0.3425849279579601,0.5539547582919676,0.3203595044984998,0.08576621737552655,0.21853722521781221
cust_b705909e,0.8545820751772316,0.661173877437365,0.3144826781719216,0.3597724822271416,0.4170991602113873,44323.34678635157,0.3396764179062844,0.7439719623895457,0.08318213039465049,0.12641130009394508,0.005643911243533146
cust_861f4985,0.8497580810960551,0.6115560023445823,0.7477922372874108,0.6185777977122164,0.31118810168886507,4804.357329255478,0.5270375873423937,0.5774588710978478,0.6505883516918142,0.06117543174145572,0.1607883271302307
cust_5ec608d2,0.8712892045580066,0.7872854992860672,0.20808718945428795,0.5951540564270448,0.6647732020014073,3024.164523219348,0.46889639561424157,0.5389951975263526,0.10273911568177149,0.21178018889545638,0.043552787097448226
cust_de6aad63,0.5515231853827207,0.4996871158236268,0.5195062230161313,0.11655928243902207,0.6165585760174117,39106.359205960944,0.20291126491796804,0.28136479443623497,0.1439758932755103,0.33143031409429335,0.18049603050282936
cust_01a47ba1,0.532206600378654,0.2738108113536657,0.08124090455150759,0.4585614427989075,0.4007856993789784,5219.038518695197,0.02597537561854607,0.7658414953426617,0.0458900843225064,0.07521915090946592,0.09286167281764598
cust_8a0954cd,0.9754531045546695,0.6521883892391755,0.34372806045695947,0.49231772152327263,0.27183524219969196,34346.797133123895,0.6556076172529713,0.5783335250856769,0.20010840596643256,0.2822624875330385,0.11231642660276768
cust_eadc9ae2,0.6991378949052627,0.2918217562601262,0.5162261256833788,0.6412328341213241,0.5335037819279993,733.5153745571217,0.4551108648470618,0.6855981161247081,0.2246971934087694,0.2398131052312039,0.041598043158299604
cust_2f2ff9f0,0.5453876767124802,0.18783043645436237,0.5287187025998655,0.2112970454310419,0.4756437218740405,4945.927902636776,0.5128752182531913,0.6128702089193387,0.3511323373734469,0.168604797704399,0.05774423970581553
cust_1db9a931,0.8223230696615179,0.34771832850921935,0.6491618213013931,0.18102821112048714,0.45367987548569066,40989.14032322084,0.5249792177001923,0.6825119692422161,0.2824258350441402,0.15560017011460237,0.22822074093464084
cust_1bef05ed,0.8374941728496491,0.4069324421459284,0.3413660546113321,0.2972459468124562,0.3772981159926526,63249.180778696886,0.18630461690946315,0.9332396963331921,0.13121957465337644,0.2794434205854079,0.572559604253335
cust_1d8dec49,0.7365527277188193,0.38141887047808454,0.49895744906631895,0.09261294209203987,0.12369398482207522,14230.827089783805,0.20112145936793568,0.33851523656648963,0.4099911256297193,0.10859952389523189,0.29924579409416285
cust_2b53201a,0.9229885065699504,0.47106172346881836,0.45431315599513167,0.12434516697359174,0.5194568024292612,12392.295434258742,0.44248401268311793,0.15373975812066626,0.12288716161346709,0.12878326911765442,0.22377185456740264
cust_268ec3fc,0.8710827425959875,0.25584921631830265,0.3654819621108138,0.3241784248246529,0.25470503210472417,4319.7117339344795,0.8334296377465297,0.3705548748596349,0.2930263343455221,0.19719296786546947,0.05149327338257421
cust_7915f7a6,0.9700199550500107,0.3412375562194871,0.4482838582771681,0.4763720800317785,0.31042920061382134,158609.08477265152,0.13505815305663577,0.6376185315636967,0.23622201921925712,0.2442405059382403,0.6642415711582864
cust_82ac4c2f,0.5469023247779616,0.7925835669147723,0.28711406180024746,0.13384698350454494,0.4531611364338684,550204.3492024539,0.3555716224899632,0.3650787092092116,0.25024574037084607,0.5113767365127038,0.10870253678966378
cust_bf6cde25,0.660668363349169,0.4332008690628419,0.7619115480299228,0.33830456793511265,0.40981823708326265,18662.112056368827,0.21361465391658305,0.5965434456672452,0.4507233173542598,0.2580162128258103,0.009451954002472259
cust_8f3b7a68,0.7976738147019926,0.6899706284357684,0.33648068299249484,0.2188332741074928,0.40965240444445267,48804.71516247019,0.06218841984469446,0.11714217139645418,0.2378347682919321,0.5705853011624601,0.014524966162640726
cust_df181d04,0.5945867137534163,0.19170165546470083,0.507461581639491,0.42681205342360157,0.1117590534344123,24717.319903727355,0.21863423888447406,0.4538991520475706,0.3986728707816946,0.07498078362973591,0.46405088989511734
cust_5abb24da,0.6957640237730611,0.2361112891551533,0.6861756902507257,0.5256034757000345,0.4024818617315695,287972.415477571,0.41534626532327634,0.2619556185985089,0.4395717224154304,0.13137027165448728,0.46684358388432956
cust_780b1c31,0.9235224440042832,0.436828502970375,0.6683476679684526,0.3794355313024169,0.45377808681942056,586.8162027977656,0.41402338910158953,0.35877403309049305,0.3738468968955214,0.1826735768359332,0.0029300402648548135
cust_bdc53ad1,0.7530321438331578,0.2136504781305764,0.2021585820174306,0.296595006611905,0.05996875900969681,768.7071672347973,0.2635490126467843,0.3366908119632931,0.10704147121772241,0.09374566508277288,0.004080487574911977
cust_63c1acc2,0.8862031830233149,0.6571794308613662,0.4522351697298321,0.3717900044865937,0.1494525742610501,5205.820071461641,0.24208406989164447,0.19924862048391015,0.2765420358374893,0.19926450583030567,0.11758033969212972
cust_7962ea0a,0.9253334157263974,0.555992125219049,0.5729815111651483,0.0031361956368389987,0.2646429996545287,9973.828406379776,0.344890307838339,0.4764041598867581,0.5199789283366048,0.26310805299401724,0.1481667617351209
cust_253ccad5,0.5550877710820981,0.5758495258301379,0.26474670620409535,0.36079541392484954,0.1445658984068358,76690.87462469698,0.6476836128507428,0.3737065178552286,0.24578581144330353,0.43993609970351055,0.5312524896311442
cust_d703dd10,0.5920629447228812,0.7411557768105693,0.5606626557514923,0.6686374287500857,0.4595755196919636,35072.89901775814,0.6248232848718913,0.5949429675415695,0.5178036140119304,0.2972942393734463,0.11187849333831869
cust_6e474571,0.6088707831661103,0.6405100680737082,0.3731592805228307,0.21942462458112488,0.1416066464155266,4423.793861375063,0.34710457800117117,0.17451947011390212,0.21751300572192156,0.4135631013771681,0.4747552812917284
cust_b8416a99,0.9502848688243359,0.7523565777377619,0.010474504247648357,0.16206161654780293,0.17229110639903053,11897.406642525346,0.2599119735345537,0.7369600068019108,0.004466566128986949,0.2209721189600701,0.047501952010888956
cust_3fa1cecb,0.6476648057772317,0.3015469777156542,0.08328447822520975,0.14819164808072183,0.19717578657460413,12651.695784769596,0.4814981628384582,0.5778078531583267,0.05747695360517843,0.08204898617029643,0.08951130546334826
cust_96388ee1,0.8988404648072508,0.3974865155497482,0.44707601634160987,0.37102170826871517,0.19329131960136275,3301.776564681631,0.3240797751513731,0.5538203503261234,0.2735445104163181,0.3655095901762139,0.2163485806272715
cust_582f9da6,0.7334975888221115,0.26949283917740496,0.8467561432218043,0.10542212755790112,0.6173788634586758,10094.126032163247,0.5513408152383213,0.44629630838155243,0.32371934236826055,0.20249378814275637,0.0663287441108719
cust_f7a92ce3,0.6155033737185435,0.7752446540086564,0.4957925427245518,0.20216978557686435,0.6776922395780159,546852.4865889705,0.47633609958763223,0.6094538761549667,0.23720521905500472,0.15502797943795443,0.7376562516112157
cust_3a8c361a,0.7034025785260578,0.49472981241352326,0.3269093190358304,0.6899115205275248,0.2491291950323974,2753.704962951977,0.6093350952067231,0.6619189337546711,0.22326103206984718,0.1420043340644077,0.04607848037431779
cust_dbb73f4b,0.9578921881238697,0.6746756726865064,0.1659143203002936,0.26707778515613273,0.49150005510961753,33549.36995155068,0.1305943933177946,0.7473627921860889,0.10165263624260155,0.4460121625358079,0.038366432003067684
cust_1561ec29,0.8559448360977638,0.5912005922455531,0.15765086435691145,0.1432279840782135,0.025652982898565317,7104.564031884842,0.783556380693377,0.7567046935302683,0.11469752326496133,0.11392070107839963,0.30327003906872
cust_41b89f63,0.6591431704548489,0.5626943259588011,0.5904143948397864,0.09023581018773623,0.11467352632088312,16457.742613440965,0.31572302084380904,0.6990438680128145,0.3581235519309317,0.07348708450835566,0.12798742636104946
cust_6c4e8ea6,0.579260027359142,0.6443418954830186,0.3861656763457297,0.13445630657437294,0.3090044410251237,14783.684370489307,0.20098469401284996,0.46312811857720776,0.319951094364018,0.4109232331272489,0.030394776600093126
cust_9894c573,0.7470835916382574,0.2780022531777608,0.3328710597109484,0.20604496031553413,0.5364767825922976,3687.7995131295474,0.38911726748543607,0.44000867249179515,0.26484831917377666,0.14678709516325394,0.003162756209313066
cust_952aac3b,0.9254520241694021,0.07024810904740929,0.6028952016051469,0.4538778079254524,0.6072016147724425,1862.1950498758158,0.13552264477362563,0.2035810270444428,0.4336227876374968,0.019759373676618983,0.4129638271761529
cust_6c000fe1,0.5810497413310519,0.604285653867954,0.5553068451847575,0.07590255457038764,0.4213856729363381,6766.86865603821,0.11870671808996172,0.5045144574417254,0.2988313230938381,0.04283090496790443,0.17847418081966734
cust_7dae0f3c,0.29232242114551915,0.705576714312136,0.4963653840908019,0.4313892426052996,0.39387313443220034,5366.33071140129,0.3389752212604897,0.5822190514811575,0.1561024427420227,0.2108386527441463,0.14876313970987579
cust_48b4cff3,0.8701064964507068,0.6521985344340024,0.2838179062101923,0.3913306594723763,0.1778834645482028,56745.99831355487,0.1381520534127606,0.12004144493548681,0.2708919850108092,0.5342415146359253,0.8369313234532186
cust_952ff0c8,0.9143458061823648,0.5990170165323713,0.6519710203827462,0.15803458791451291,0.6397964879718928,2037.5750828751975,0.44929275633327603,0.7017115447102981,0.36408145603377357,0.32773263944234615,0.1287350961792836
cust_c92b88ea,0.730710082124665,0.43086929818893804,0.19439720142885233,0.4151831664756475,0.4436017699036619,371180.3245636218,0.5701256619767201,0.8874129534978578,0.11301303057353798,0.18642363289336022,0.7378604406711374
cust_ef6878ec,0.7436117526762894,0.40286348943450445,0.8166748136246631,0.09008837701289471,0.09227014245056557,23478.50174473467,0.4982171015393313,0.2073540663597563,0.2530727297746499,0.20436523879971144,0.13474076659392212
cust_eba0e2ec,0.5754297869680322,0.8205623040263199,0.16904578964373476,0.05707785432834391,0.18306179307083276,8403.623196260738,0.5893969166308706,0.35345632242590735,0.06010366326878532,0.6967773975873288,0.14625164283833128
cust_9918c501,0.9150463486386093,0.6666166847452875,0.20411651376977324,0.27382036075452953,0.45018337884686926,10837.663758482304,0.12941629259179244,0.519230966698808,0.17729490400226205,0.4218746024888501,0.009085895848840031
cust_fa6861b1,0.8488209940734027,0.8572179616851715,0.25237461445763676,0.6107626162214171,0.6492220800276494,27273.326315330003,0.45162691735015764,0.3581309984612786,0.11044589200415952,0.6147591539259445,0.17900481349014047
cust_6459809d,0.5531580227704113,0.6151284531524247,0.46893043504230086,0.4688327443169426,0.5350222575564567,169045.23564813816,0.2669026327855977,0.8676407035063772,0.09581670555964726,0.2244793740781517,0.6028891934608401
cust_a07055ec,0.5565195701382443,0.5650552770639403,0.05070561586477088,0.20280835712494724,0.26352651619537243,116567.13285469005,0.062370777602488076,0.6746447219625075,0.03733227281880759,0.475838849302359,0.6618454948346135
cust_b295940c,0.7780115297431232,0.38663981315039536,0.06083400397331147,0.15309479141494892,0.08914748041171655,9520.4961162601,0.313699342655364,0.6263909546436378,0.05669637937674684,0.2768864697167406,0.09712195928763498
cust_1d60218d,0.755845386197864,0.5961488708314174,0.32977846495138025,0.31842072185790227,0.5521312450556219,25518.266715042733,0.16752503359165702,0.6918858550289955,0.16247045992413545,0.315752637310225,0.03282770868473944
cust_609dab42,0.8956302079775031,0.6193211717336883,0.5523336305633303,0.5902296879018891,0.24201124209026656,8275.521487845574,0.6333096086143009,0.8006995941038481,0.2877387455715425,0.3394027942140985,0.6842436937957092
cust_458db0ef,0.9182568091041605,0.627313529384627,0.3937201052216041,0.5756033340350492,0.13569170597356053,43474.896722260564,0.2227352311364838,0.7274146883039324,0.2030521408734558,0.33521262933607016,0.21397436230569858
cust_a9e25b0d,0.7453011954767575,0.45728343491147144,0.5488079777393315,0.07141636534415487,0.07638630187244978,20596.823998114403,0.3071287690634325,0.34010510693020723,0.4930817876817395,0.1548683340741661,0.00816765250597811
cust_d317307d,0.594323998134066,0.37541265302430815,0.5987467066637299,0.4118293483703202,0.20946061477940225,150904.74784211966,0.5357479127504738,0.26077167393506356,0.27482767469825425,0.10953850743612273,0.7333796616154276
cust_785742dc,0.9333697800601556,0.8334532572201558,0.1885498608749746,0.3075052890163105,0.6813866141945595,14156.123710625616,0.3157496916905409,0.614372986353571,0.16851618593182102,0.24942814812308556,0.03258978916555154
cust_4920e427,0.3453862905065173,0.5594909562324362,0.47546461292825104,0.2309491003868025,0.5291384503506347,65309.56052540645,0.21837675696355868,0.3042695628482795,0.189945773357769,0.1351014981415583,0.6775657653779658
cust_caade290,0.915214812321618,0.6429843569819416,0.9237551123167015,0.1690893771697079,0.15807967279603982,50086.847391806645,0.03366837961958441,0.5982701911919914,0.5255188691997064,0.2602040204724645,0.412524901625039
cust_97b835bf,0.7493300561187541,0.529547860746165,0.5069935830496248,0.22948407912160151,0.3036704127787043,15787.118625248882,0.4233444622754817,0.4595564681116178,0.39666236214562023,0.042277791884933365,0.37202734832600093
cust_2a691725,0.8767309692788092,0.38218838750733813,0.2829828929304299,0.40251319164761495,0.04572331362665197,8291.185759428356,0.3263105612928516,0.5336353898995168,0.13574306480186105,0.199145768551997,0.33729729232858335
cust_9f8e4ece,0.8158265831878962,0.5129749205362667,0.06793598679673893,0.05608939458601839,0.1827808000684667,8106.742963637506,0.2894071820682944,0.16353836318198714,0.036445853301855555,0.43365847713687417,0.04012321649523233
cust_7d7b3031,0.6642478180942859,0.7309235153465836,0.6086913791611062,0.37360924490637853,0.11999591611745737,6592.715880497269,0.183202614552241,0.3266648655484342,0.14412830579268732,0.29419522364393724,0.4807224015982836
cust_efb6cb51,0.6449206402330118,0.3549936377431436,0.23887389536714698,0.3484134013701455,0.12813936807467247,317374.9204495366,0.3284720934036924,0.45773979268776954,0.1958761540424764,0.14391677115620746,0.6990981481862842
cust_dc503e87,0.951561526236483,0.4728456267440875,0.3620100752166079,0.4787562950901232,0.5540003914427123,65661.28233970318,0.6447745610964926,0.37798398823480506,0.11095946711819663,0.15745908760452154,0.5861010876399275
cust_4283b9b3,0.9270276294968872,0.15049861514581006,0.333680290711893,0.2569950460157904,0.4305027818475465,102933.9886752986,0.2727068209695272,0.8233515691627667,0.1671827413224295,0.05082615204646753,0.7700409215256057
cust_0d273033,0.9235002468139608,0.28571979851565127,0.11860393050677932,0.40277322077835565,0.280031711512249,6412.060984403026,0.3591457148990467,0.7348576459041896,0.10462159999430014,0.04806198610065766,0.054041851278474384
cust_c1925869,0.6104270575124794,0.6498831583137068,0.7409279039448967,0.21610387807914463,0.037102995853517715,1793.923699920589,0.0844804262652456,0.7067950145168779,0.11414698868693389,0.4820588148270171,0.022397485804920264
cust_60325b40,0.8298256809709965,0.5176778445348637,0.4787153091002524,0.20032205012214674,0.3206983241277509,5514.924488405343,0.37701506456459793,0.6741466144127326,0.3772110012488018,0.2601632083410097,0.07555803466905917
cust_35b5e43b,0.7869154936259667,0.5365326803365247,0.19146799592639613,0.17485466610939968,0.4155249342472389,4772.796790650816,0.15171504615360643,0.2656746485612979,0.12500205210145846,0.18994269254686671,0.1694586654358696
cust_4fc39c5a,0.5593769293746585,0.236471451769668,0.20793683602231702,0.23214258297877255,0.21617358040460488,7109.098435368725,0.35271700190759236,0.3142886238746892,0.13676264549260542,0.16717431092445453,0.10060141067162473
cust_dbf0df53,0.398575931138924,0.7713655504269021,0.1777604142615232,0.38247413710315725,0.19133292972791252,10615.82476080545,0.16793401906018562,0.4416429649540676,0.17439098851132986,0.20163015030870995,0.1999902905547864
cust_1f37544d,0.6140560678493093,0.4641725150427954,0.2694607370312738,0.15379286751312735,0.5615291188491011,12088.720649710654,0.17539281043145466,0.6670825802697268,0.2124866669163092,0.39277808663205016,0.02294098167467499
cust_d51c767e,0.8417956655041328,0.6870577311863995,0.23231678661289767,0.1762591438619857,0.21508452639870998,32362.412231963855,0.31050188415511293,0.6353712087723342,0.17588841275578604,0.25530944006820455,0.4613302974931163
cust_b31f1da5,0.6755495889551315,0.7805641482777878,0.39587288263333115,0.3971949007893446,0.6508059101785642,631.6267137139082,0.0752387490142985,0.49844176373202836,0.2536227733128183,0.3763624121779514,0.1498395503600294
cust_4fe834a5,0.7469371778775264,0.7729707851679795,0.8811207742772409,0.08803361215031054,0.09182563416490372,311136.43607525,0.07859497142845469,0.5185466271323306,0.46346810087924234,0.47245516182500935,0.818152709226057
cust_fd5b04c1,0.8208780156370774,0.6803667041983934,0.4352294779475348,0.6063486784234489,0.32600943073509675,301490.78660116985,0.3136746411407707,0.3763978025731468,0.3987150565394585,0.1799305705370602,0.25122392714131087
cust_54eba327,0.9416620520710164,0.4966509263442162,0.2983721536127373,0.4881756298924571,0.7969923755953107,36704.10431128597,0.4046529212587108,0.15446525423169719,0.15777945094509366,0.33447423693878287,0.76856069556134
cust_6991864f,0.9444028867197374,0.5091786524762709,0.13638524197893642,0.12485569052984179,0.44251881589059056,10333.489764576214,0.3605947514057826,0.5573267205136244,0.08914943239155833,0.2452085756673303,0.037123717524851746
cust_6f070d12,0.6763291995327444,0.36566557571744446,0.39131213149535315,0.2827624468249988,0.6047313740160382,7968.69174263831,0.2629163563258091,0.08896483039839746,0.2568341864232236,0.11644926513010508,0.13149292651198463
cust_e1c0408d,0.8634280450071046,0.3852104079848861,0.4558078671670821,0.3144234879974536,0.490436364574063,324634.10978206573,0.515631686217026,0.2885229861056394,0.20484582294263287,0.13598111197735563,0.5570614696961944
cust_0d40ce20,0.48966932408595193,0.13572470568890146,0.4715807353726997,0.033238198663738894,0.11044318695153098,24699.099631672034,0.19639678937126323,0.2971122096226137,0.17394838580797392,0.10735532287288907,0.45352664607497933
cust_4f3055c4,0.919816747230734,0.6222732844982081,0.10967221439145444,0.36987439354101564,0.13820212473680019,10586.934230405606,0.32733483561469634,0.7118273656254307,0.025996081239911987,0.355005413992813,0.3860193574876865
cust_5ae8d31e,0.9016003286171269,0.3799608827059408,0.5124809794634411,0.1585173838587247,0.13431231133930177,84863.58794179249,0.392350736636364,0.5365888841124046,0.3650875402865799,0.28011434973283666,0.5399476768384199
cust_b91ee6a1,0.7204910274693652,0.4150879943839896,0.1781628320698076,0.5642485562685328,0.5328950025695542,355340.7611776943,0.2657968769122434,0.2618368742350832,0.10664044140790954,0.1507848626611964,0.6817492876943928
cust_51ef043a,0.6681122195183462,0.7542102171564433,0.4718480533045339,0.44057783278161006,0.24235456441620132,1504.8214607415457,0.2517241534359533,0.484965862909905,0.3311981728733007,0.29013383922662134,0.07294312566007372
cust_675303d2,0.7276479319621827,0.49705503958290986,0.8930958699736096,0.43006500276749,0.2859912947340779,21170.866656077353,0.18959796608552293,0.7148027991576804,0.3776421296155358,0.41902089634667106,0.003069398985256058
cust_9fb8b8f0,0.9366461356024021,0.33618057175935634,0.46448864177389765,0.3714977585469204,0.678421010070085,2153.1522981121107,0.2901752108841257,0.6784981084134057,0.17442493008961313,0.08415657395499762,0.053340567005120534
cust_c23d051e,0.7337233952327237,0.48744559716954927,0.6260592162019717,0.3082437464979324,0.5320267935784306,22044.404464024934,0.17429013422829331,0.4384564444117189,0.4250046904952988,0.19206847605976016,0.007852440218281418
cust_1bd7e7b5,0.7279945640329802,0.6220813004469568,0.4670330629074391,0.04480078539583806,0.08898723236315448,19294.676516833933,0.4542025843393926,0.23790329425713408,0.3115645316327425,0.3550330273105217,0.06349623276773318
cust_a048a09c,0.7970421213887872,0.2477861446290229,0.42830268907986335,0.4869329329961986,0.13083401871525507,6622.969680469363,0.17493735519078096,0.36510120287401154,0.24785715829975363,0.018606070920073516,0.39561379393242035
cust_bd9add16,0.57732664784921,0.5335293277284349,0.09115422973930805,0.015650964053537476,0.42893999855809556,6133.482378555974,0.41370903939434156,0.6155885672982825,0.05584984429894186,0.41687861807634935,0.08802371874566298
cust_8708c1bf,0.564725271702036,0.44061070107167793,0.6983803493572829,0.5289621134399469,0.220999072500826,19609.160237835815,0.4446807981089593,0.4783894585260468,0.35225308824932927,0.16891026447635252,0.20962842006758625
cust_047a23d8,0.3809558851895012,0.5395293193846337,0.5387058272216794,0.17107683295546922,0.558099687842756,11765.284695944309,0.19996023923905248,0.711681855295214,0.2789384386252413,0.19489621715094627,0.005951897840552896
cust_974b2eb5,0.951426451510163,0.7786078747587544,0.47806938855730213,0.09439116721903029,0.20938061038183153,86878.19783229158,0.11904024971659583,0.3819214061287882,0.2426948763297481,0.4098258674461633,0.8860773898762303
cust_76d2284b,0.8110891337900266,0.5877654221118417,0.2757423324565647,0.1930201279423082,0.42623897117197174,291043.2525550461,0.5815580979865707,0.5532766813381471,0.17511721169197228,0.4417379904955464,0.9182594515289253
cust_6af4ab7b,0.5012478846805475,0.3287456908346808,0.2670680320231824,0.22373254192510372,0.6794081651019874,9293.703340661592,0.31226542638477384,0.5550166400497625,0.19395092297083263,0.20024219369228713,0.31121899690863863
cust_e1ae17f0,0.9138833235213468,0.5967055271392502,0.8383401282968409,0.07462747200234464,0.4314149949310265,2902.695124621906,0.5379221899922648,0.6562999250760833,0.5080608355144863,0.4035596097585419,0.22430922170970707
cust_543a559f,0.7983168979057121,0.19284958533465363,0.3000508982280408,0.1661039160078506,0.15948034936296998,3162.277029775122,0.42483605418189496,0.5902770523868028,0.14560499457738968,0.1399974889363773,0.12179457504604992
cust_c7124121,0.45392550416012234,0.2831216300422968,0.25321010047172104,0.4950060742969202,0.21972384977940485,1065595.9670639473,0.196622257455233,0.5833547010626755,0.2296350625689483,0.26845287361809766,0.8849884225108584
cust_cdf752c7,0.7829364086571678,0.3625703019146091,0.6762346802286223,0.15124630842768563,0.1746962313515131,13775.61073750096,0.4787179292176143,0.32011799030930027,0.4772178096048044,0.2506456427762961,0.11203964178731998
cust_76b007ee,0.4720141683372991,0.44108605638838577,0.43829425377150866,0.3098110581390516,0.12453794801202418,6607.542988150097,0.2855071017846833,0.45044288968401297,0.34874864057431426,0.11750597735371052,0.15394889782129081
cust_09c1f939,0.8033764130017166,0.7103523900813585,0.6883350160879717,0.3310374694651494,0.05481938955497527,124481.52905618856,0.590663931069177,0.8906517420697767,0.33708321075864367,0.5556761854218064,0.7755070530793501
cust_973d7798,0.5699051461441206,0.6937467172065005,0.44295881086774785,0.16772723930548894,0.4150371495003238,3264.0709007438277,0.45775996635740396,0.31915206870067786,0.3217837718733289,0.17118687217875972,0.5072374734813381
cust_ed554233,0.8437913697102554,0.43146129910579195,0.2370657799557872,0.28608096121065635,0.18162639753695295,34517.915788721766,0.11592232731834526,0.616366293313687,0.033953120841557764,0.27849965020438,0.07316079114416585
cust_c31a31f1,0.6740590337877371,0.6106768584068597,0.27243607055725216,0.22432393574384207,0.28219783430949913,18083.01617190291,0.3866560806139956,0.6078282238421105,0.14567366606769658,0.2317542666384413,0.06206655888122418
cust_464f87c2,0.5509848246702075,0.6426730460710696,0.14978955257665505,0.14383257287456694,0.24656117047194015,19768.09879547062,0.3621690002053774,0.5126811103283665,0.03365741967416198,0.3573313784979071,0.14414510693776492
cust_84bc589f,0.887019025594121,0.260017630359643,0.4467735796938787,0.18437467055245982,0.1090380037031175,26420.360527730074,0.317421951989297,0.6485375832232818,0.3299806224141602,0.05967000739682485,0.052208361429440055
cust_d19649a2,0.39322926042547357,0.486038867779182,0.313073794351755,0.22025346815529323,0.28368317299060236,34552.13519934808,0.2695789041054305,0.26605112103435186,0.1967100130210153,0.3660700880758217,0.15428416674504758
cust_0d64dd05,0.859752333405186,0.5420080887383861,0.6688196497786982,0.33949895945905806,0.42552665284570085,12069.460106868024,0.5952996856897049,0.5372126109522495,0.49975363473186657,0.11869327685373272,0.2684928260608173
cust_3a5a7960,0.8607489320084414,0.48310422597260855,0.350596679214529,0.17327514469233496,0.23138108692585443,214153.39154932255,0.2745195895147218,0.8384055326771351,0.3135622044119634,0.25527907933126404,0.4418155623785445
cust_d9c440df,0.7423732616697538,0.4530111865196164,0.15663570790737447,0.2218423845812532,0.10917192872562152,4327.468813106498,0.23593573612125862,0.33659312890412046,0.06709725124477396,0.1564466460965613,0.33516101067459764
cust_bba01165,0.8010291120777094,0.5182839369067658,0.6640535506351438,0.26961381888316005,0.769793178963368,29540.27156708446,0.278949698348136,0.47025673608468666,0.442549532292693,0.4721079975153367,0.08254567775047891
