id,latent_payment_reliability,latent_liquidity,latent_digital_engagement,latent_price_sensitivity,latent_urgency,latent_customer_value,latent_retry_responsiveness,latent_delayed_retry_responsiveness,latent_message_responsiveness,latent_alternate_method_responsiveness,latent_human_escalation_responsiveness
cust_7d87d8c8,0.8796205736298405,0.24643550201915207,0.4808476953271984,0.21925153277889772,0.5071137636390808,173138.78695507595,0.7080916444592738,0.7125526012363398,0.4375038513326998,0.1587530279002082,0.4559829117884782
cust_cb860765,0.9846811738012905,0.7770453330384277,0.3119833917748906,0.1769470640734588,0.14629067425229197,237379.93191985093,0.15334385618280164,0.44476093331256417,0.21803239078800227,0.6898609743437771,0.44109173629219706
cust_6243c340,0.8503728978781282,0.6615580090645704,0.3998981773978092,0.2762995630245688,0.17784616173524795,196888.5829741293,0.21754051519444037,0.15919183049480984,0.2320978582024396,0.40329070375369025,0.848176701604929
cust_67348e25,0.5732262716691094,0.5574432871669087,0.5091320328632977,0.32969753923138495,0.36738120941633273,22673.322454185505,0.3716729202529174,0.29157901234665207,0.13169424214099426,0.12101194164112024,0.09887737789754072
cust_6d874025,0.8195973114798519,0.869237283017217,0.35662266932711034,0.27424306746005545,0.25827090195905705,35965.56153310063,0.1430698269486132,0.4220402232723914,0.2765848091662397,0.1387654608917199,0.009923207803324745
cust_9438d65d,0.9204969567668665,0.5975545608972923,0.08711029360046087,0.19020078964174128,0.11532074387434194,89624.24952893649,0.7164317876647494,0.6747902664400015,0.04301256576559749,0.17005055780246453,0.9334635229982463
cust_94b2f481,0.46060488512015796,0.5974847975088269,0.5812411307624987,0.4028529786466077,0.2120091631213401,75664.7864588845,0.4906234336243691,0.19315411321248716,0.40450972504525007,0.3374933095388605,0.4881349333377992
cust_8743c10b,0.7901165397041705,0.27393865055062855,0.5381593251676808,0.3284451490960592,0.7120330136044528,39824.885693208285,0.31018339434033476,0.5187146110843953,0.4109183554791363,0.23531029338035134,0.023552736733867118
cust_5ff4c24f,0.572937365309047,0.3632313801491956,0.3015230504819024,0.12495548945295532,0.3248415120297584,5206.059473175348,0.19035615237814094,0.8075091573083185,0.17493624794663096,0.24028298775885426,0.3082930785310398
cust_a28954e6,0.9523514435997387,0.32155056676270904,0.2292267376453686,0.2166434088861975,0.17076411310727477,68320.19164613882,0.4038949631206799,0.23444134290675978,0.07931538466874131,0.2025120385063588,0.8518301687532904
cust_d0f4caf9,0.8933050707186327,0.6181801255260688,0.10046113790609386,0.2878341092017308,0.44527736244291616,34073.95576061768,0.44864886383467023,0.5514637363721214,0.04796473444089671,0.430506530927582,0.003317078719973167
cust_5a6037ae,0.6326367058117441,0.5843474021438945,0.20140231054620134,0.5073617319505433,0.3478433538208206,7275.144253024866,0.2544380434154766,0.8017257344653324,0.14944755175456123,0.5156205675100825,0.12732421303344243
cust_3ab20ea9,0.5735573329692369,0.5459722507440793,0.8738486329795614,0.32039696533206813,0.22246812210260924,17965.74426250442,0.4546851808575912,0.3724008232782099,0.4631366913751483,0.4171602147402185,0.07241677179332286
cust_d653e168,0.7647466786439154,0.6086247206717318,0.5422706362600815,0.11448734175585401,0.36540618946260045,116569.96065495392,0.35678591755812483,0.8662642605761686,0.19796464689942034,0.5033655702283696,0.3122697279427734
cust_04a31c09,0.7542077796396568,0.7404538350358802,0.05567981389289022,0.34811678116038225,0.6731841318422361,8705.279986681266,0.7489785651558715,0.7492095627812024,0.03738237206299673,0.18160064115383354,0.33804384893734635
cust_91fde450,0.8585903364054197,0.1397900533493399,0.16159846598338004,0.3098453055233865,0.2467419719670469,1745.7514825498677,0.5449532311336014,0.8986948435832683,0.14429036853940094,0.08125688074502392,0.2469398911149041
cust_e450500d,0.8097657175894283,0.44334868526383653,0.033713606665841944,0.35520662350802434,0.18924140999484917,36386.16561371468,0.2533277835893144,0.47575182256721504,0.023961304792348804,0.4352996602215919,0.15142253844818254
cust_3898fab2,0.8694592540406804,0.5053200678459507,0.4376465844569168,0.3664785296953874,0.339253569313793,17177.434367304548,0.3608149664237885,0.37076000472383197,0.3726048896811624,0.37347819883058936,0.3229176556843958
cust_ab845562,0.9190781288976639,0.8944275708178608,0.6850158864748694,0.23025497496045105,0.16531477905637904,3653.4717229110624,0.2863736154715466,0.7052449610903837,0.5179154296082678,0.3022294908755461,0.1810719693129339
cust_b4da42be,0.8993280037664155,0.41523937269192435,0.3106231281930021,0.5135050084260288,0.3182606886032416,221189.05022427568,0.7671170647945688,0.18106935577579542,0.1591229695789538,0.18682526760287518,0.9888482325199214
cust_b8b903d5,0.727691741227669,0.6407574338679944,0.4033961349480601,0.4101775815115611,0.19218237906083693,2118.168296775218,0.31324307110936656,0.7793844009059698,0.24927117530134935,0.4121942408414467,0.19388221005921408
cust_9c914fb8,0.8508934756291046,0.2565065183080485,0.3051835771376595,0.1974081341867509,0.3605859110900533,210830.8708872897,0.44625937595073223,0.13767381524536693,0.03402109239085166,0.19625025809898292,0.8397522130778291
cust_a5d546a0,0.3506660342697259,0.35065545752927024,0.29485386777210604,0.42048984998401323,0.178296165005885,16860.99890311797,0.206892090988336,0.6124443307793457,0.20595806379404466,0.1398624596862493,0.2611541826471127
cust_62df2d1a,0.8310099880888436,0.3652530284369218,0.49264440686674477,0.1951033885306591,0.8139471642209001,1779324.6295847453,0.36077425048419504,0.6831609969011788,0.12090647214801986,0.06163745512555348,0.47117836914042954
cust_2c7e71de,0.7371131214311836,0.24489275159498183,0.26907794315326033,0.3845461396850412,0.4733148068223352,7948.369651783522,0.2081811503458153,0.7142075548933263,0.24803188668845963,0.22852642887022176,0.39733652637689043
cust_e90f1a51,0.8618737892290518,0.5724899512797238,0.5134768434738802,0.20405061776941097,0.6366198189025535,79265.964224657,0.4870957581929255,0.4426131237649021,0.37400118015008954,0.24649751535073516,0.8837537791705217
cust_b01aeb24,0.7281047293039151,0.69765061915884,0.04893211762524579,0.33259056865537484,0.4019425441425925,5208.177635930961,0.5711772626616538,0.6268337945362601,0.023237814708706797,0.3341633135257657,0.1037219938702995
cust_0a2cc00f,0.8306177270932593,0.40950281427487073,0.5355027922427682,0.22924823005173103,0.25591375299876024,187573.62707345255,0.27077964341305755,0.6095562777821552,0.341709888695068,0.14335429623234855,0.7202637016579067
cust_ceb26254,0.6943647139624503,0.40368600151565726,0.4580774220268963,0.36364732518142256,0.4742336207736757,132843.40642351905,0.3046282334470933,0.4694069767459607,0.37242527838816136,0.2970016512513286,0.5652374621890587
cust_bb6da7cd,0.9059960929235628,0.4510698988881265,0.19194638443254833,0.6103261702059719,0.5984047731371258,18563.285844107275,0.4439232320537798,0.21113929885562085,0.1674374931867461,0.38460106519085796,0.24848818861170727
cust_6227601e,0.6049046850302882,0.42901615379364216,0.49430748429180615,0.12782375525498588,0.2149977932709166,846.0826217713059,0.36627762377533807,0.7162125668225848,0.40599703690480216,0.18068189325281067,0.01052811594057938
cust_163b5745,0.6420633755513402,0.4569568860816336,0.21409563111815172,0.08823205538204879,0.2389113254098306,22847.821550572393,0.7785470609009861,0.4185617001799289,0.05992987110774501,0.2629544055591166,0.033355003806180485
cust_7477c7ef,0.3033450448328506,0.5763499159673903,0.5984806356079303,0.37796601951388886,0.3891013914253831,59111.960601666484,0.2607489097794342,0.5360112694899385,0.36175851342561505,0.4166825692714508,0.7090430799215955
cust_74481ba7,0.8517288771177545,0.19226487712698095,0.4514410074713403,0.20422691768452925,0.5096749049824996,17671.303424982852,0.40514029121820383,0.6702892769587774,0.27514090338711455,0.167121068092867,0.075216544374231
cust_db0ebdbf,0.7507705190856244,0.26901695096719513,0.34393630050267565,0.2704474811923342,0.1970940525898022,109783.52018811769,0.09947726669484064,0.11628444062649208,0.11731264235162148,0.14466947551741488,0.5949221307289787
cust_13e890c5,0.9047145417443363,0.3986856401093792,0.23110647907394974,0.36001832448957005,0.0828374705799969,9585.860187511034,0.10647436444831038,0.22566335857926115,0.08740641316947757,0.03080655848341527,0.023945416348720477
cust_137d875f,0.7696551322659203,0.6954967438723495,0.31526155425280544,0.08903841395345156,0.06481984013232235,1798.0670624071909,0.2375644109088024,0.5552689661496045,0.11589782330324493,0.3837456240413562,0.09773109326433564
cust_3a41f418,0.9155449554858152,0.8020933402147978,0.74999783781851,0.12797806584729887,0.42557911947980637,97725.50205499343,0.25096358453598905,0.49899711270534974,0.5216428245859676,0.32441097506271505,0.5155142341072114
cust_a6e00bb8,0.8869868168322155,0.24742102804252206,0.27329388925169495,0.3752227774902464,0.45152389407805843,33653.17422904026,0.4092348720766471,0.7153579362488768,0.23150743401072493,0.1274475975488659,0.1678007345056631
cust_c33f6b12,0.9582896977569675,0.23529379052473806,0.5575428383056102,0.32172370800731503,0.09610468067937705,15493.66036654561,0.16020785370303703,0.26737422784523146,0.4212334909054556,0.06040411836910982,0.29226425565621256
cust_c6697e44,0.7287922878360639,0.2782793653595652,0.5989558551942012,0.3163465340745134,0.17660820389273413,12242.773630258,0.08310712969253477,0.7204007392011955,0.18211631576176782,0.08986093472718443,0.12028995083055496
cust_59f63f32,0.6557909516345053,0.7093364511549352,0.15448671274309336,0.3777374225652708,0.4536741688875157,1592331.8882564553,0.30511531311606527,0.8678438350883292,0.07177031851550428,0.10806686684491325,0.26117464693920167
cust_66d6e607,0.48217247047806994,0.5557493302658331,0.570946594480085,0.4627786071930895,0.2318595178220663,10149.76227732211,0.16847616273434057,0.7953622416858361,0.4183994157715149,0.2481592375240655,0.07812813602623915
cust_ee7ce10d,0.9355545354909346,0.2632355481760151,0.198397287397455,0.16911635030889882,0.1609374358654685,9423.285281306102,0.04193834110442177,0.14824452080997597,0.07791926297268767,0.19419180112973808,0.36562176734834806
cust_df90ffb9,0.9157186585116415,0.6331937136476213,0.4195010032977075,0.19903456115646576,0.13187917145359068,9202.713947440321,0.2924525703328034,0.32126835547485905,0.367896884323905,0.35479394428919714,0.10315307922629612
cust_822450f6,0.7845295171199994,0.6631050372050625,0.5314488111023191,0.6457762220755687,0.28304245786781507,30022.087273557518,0.10830777490478333,0.5846857210788081,0.29513511549364946,0.17629378946759391,0.12048263359352586
cust_9c1e91dd,0.5925435525237098,0.8520813476040987,0.1412910254747584,0.37386077380836,0.5543292150860258,3201.8903579224448,0.2967161385436098,0.693650332571596,0.04533290028614273,0.5248734059695345,0.10732894288900788
cust_3abf970b,0.5050596961837117,0.6893060828578925,0.25376456746923604,0.3286221534903412,0.0529527896503783,14260.838797981201,0.3242355960778318,0.24465172345974523,0.1253316373421944,0.1162870561717541,0.125382702501216
cust_d3e03685,0.909517999619425,0.3067719660299219,0.1547316492803039,0.26947329230896155,0.7758804916207741,7403.748518375287,0.1553558675535418,0.745770542421502,0.10907729157026497,0.12353037030572514,0.13456136962432505
cust_1cb93115,0.7013519796643563,0.4856963412034032,0.17657115451457758,0.3562835863372691,0.618495939189576,2400.089077322015,0.21077140641860645,0.1484174135877155,0.07595456967677351,0.20256867097651465,0.18150477317168645
cust_bc0cba97,0.5738577749381183,0.24843107561470373,0.39383449296921164,0.4249328218771839,0.281254369220775,218067.88213407708,0.19510548306214265,0.5751907574779426,0.16094573336492193,0.21938864802659383,0.6600887582717436
cust_3a91ff8c,0.29843714733372645,0.2769590140336637,0.15515899683539672,0.17450042841167426,0.5423084213207086,29052.52991328055,0.10921116034061365,0.6762061211533271,0.11388283223151201,0.12007041706802514,0.01705449620433877
cust_020ab8b8,0.6426856307539079,0.8500652188014433,0.2289261020977328,0.5191661667512989,0.698252868877777,30304.22664978749,0.2054134045974921,0.2994962840005194,0.18221648420155565,0.37455335620704366,0.16026376875762058
cust_5c77dd63,0.8225867272014759,0.5027061001014215,0.40751317176826385,0.13205805407979315,0.1077850663971394,3286.2411568435614,0.17918469990574037,0.5471063016585596,0.37549610873791345,0.024266279499573308,0.19487391733617862
cust_d0298795,0.7645813259293872,0.4480126909316434,0.6616311075643128,0.30445153354514914,0.2583313634231166,8996.537066611036,0.5013941971276323,0.33140074343376363,0.4751230291003031,0.14551368144779592,0.09625731462632742
cust_e244d713,0.5838901363730953,0.3507725049647999,0.5350040409330209,0.3311502998868323,0.15853103316645134,3056.1210137007424,0.7312193209818149,0.6454449291220776,0.3694273307931117,0.15175467770093135,0.015751524129398023
cust_71971aa3,0.654818930450667,0.43316981638753105,0.7916838794966827,0.33487362291154954,0.3128596919319706,25162.64332281537,0.0461420618729492,0.5192599307291542,0.1884971894905849,0.20665647652601374,0.062303578286288026
cust_8b6451f8,0.9297794679443682,0.2126206182494621,0.6178532239234622,0.2125652198358454,0.15107866224298247,154523.2455709937,0.7067049646481407,0.26717636475842416,0.4654274237136527,0.10638389494526403,0.8697309319993042
cust_11ea6ed6,0.7560285876698355,0.6653802987738424,0.3141938482368898,0.14463314046355322,0.32495207181868346,10625.695494457528,0.4487059065313465,0.22146852533870134,0.1629750242073961,0.4999626015510814,0.11719140149571738
cust_bd32c6c1,0.8423996666887532,0.35064525459985385,0.3952103205617498,0.23706150064283973,0.13092002967730748,68774.67459446737,0.4952989489955279,0.799016798552235,0.14304306166444056,0.21669280258736817,0.6925049910774845
cust_a0352355,0.7167793969663132,0.21885570294595863,0.1886449065556352,0.4240971291753107,0.06114190517562538,75179.45401803876,0.27467745362510815,0.44404850422633807,0.16388615181035826,0.11559218870959977,0.587876937618516
cust_7b8470de,0.5630743590517429,0.3986627969205544,0.051668281414206346,0.14014366166163958,0.39839006230418333,6089.986697788077,0.5797983152843212,0.23686871799900402,0.024430839607628808,0.3104343848772382,0.046961112072311906
cust_82fa0987,0.8349664328275095,0.2348584038817513,0.4181640434890506,0.26042915737072264,0.17669315351558593,86588.08479985358,0.5338933333466263,0.6769638069452449,0.27671546438339845,0.01144327647167589,0.669613934936424
cust_d2ab83b7,0.78209313255908,0.45867558648176554,0.3135908253458814,0.14491648870187354,0.21339331846705636,538021.4245298901,0.181814488319505,0.7589097669049157,0.18721671541751228,0.1444242231781709,0.520226516644628
cust_3bd4ac7c,0.4793282867315186,0.29611540077900667,0.19594807583775586,0.25163306017621934,0.4285816028841147,148510.0501643674,0.5132499923177901,0.29904278695472264,0.18691598304806953,0.08061342345619534,0.7819550708654073
cust_f8f9bdb4,0.8663689819208729,0.627842779966954,0.5224561788396833,0.6327683687278652,0.3442261717657916,38415.40016569294,0.2002424295385132,0.2482489582159006,0.3334078779425895,0.25830818039429143,0.031214114416567715
cust_d17d4835,0.8179741437163387,0.5282787369235871,0.05200208583100826,0.23673985709027787,0.5765069116266937,38768.00879376971,0.30274554491248434,0.6245840214914503,0.02857983553754516,0.264175170277634,0.36812661404521646
cust_aeb39199,0.7863815168288623,0.6361054504785324,0.09898247108113986,0.5789341612160855,0.34033584184500737,9039.088321923198,0.4172492570505486,0.22653012331390757,0.04702383249419988,0.2774389942766398,0.09051949383475574
cust_7082d5da,0.9118762570763668,0.5038848219117527,0.4678526855924988,0.07062382993554538,0.4079138684664249,118778.98366866127,0.611361760584648,0.666713338653901,0.14723730539970536,0.30610637732154045,0.681637900759731
cust_32528199,0.5883615638011075,0.502832621851468,0.3300216015866878,0.37046859503638163,0.32627042262608275,17297.259665986086,0.1782254361205382,0.46436469649863454,0.29510030306141605,0.23331653069629785,0.17889514303177095
cust_b450fb8f,0.9586977439172839,0.4179095564001141,0.2697055395599749,0.09323501980437071,0.3004486353353737,13922.115112255828,0.8246230123184292,0.31165937292109724,0.17468166443927888,0.25461219070598134,0.09017994084706328
cust_7ae060e5,0.7448510048151187,0.7829716931789874,0.47186697618628476,0.22809693945234524,0.6064286206573041,12502.235291133322,0.13820677253589636,0.578429297829037,0.35053677511394604,0.6520986156359552,0.13729069187282308
cust_df795e7e,0.7710290982485416,0.14459652548803395,0.4337872092235607,0.06915732376310675,0.11562156129719686,13914.399583362838,0.22874197301328048,0.5136188386583713,0.18096861502038247,0.06577008808987306,0.19097601505999887
cust_7048ecf8,0.9439638648733657,0.5096082473288519,0.3278321310727636,0.03522597170010409,0.28933033877369385,3622.198029282411,0.4811948433107219,0.8360664464696259,0.038483047416264946,0.23445262262310632,0.031850690627446665
cust_e431266e,0.8078901794421548,0.37219573313919524,0.10462337056654185,0.13163176038259952,0.47644381325452273,25397.213511210026,0.565096035781489,0.31984341403026684,0.059056878978984616,0.22920072506793848,0.09490240369707481
cust_3431b5b4,0.8122913754269583,0.37147416076263007,0.7210328386310908,0.29723520785952634,0.39820315924740735,125457.16995935536,0.45513583102830196,0.659832463716929,0.3973490613366613,0.30116519046238094,0.9287467767931143
cust_b086706d,0.8870488574797938,0.6437278525680137,0.21390528798399258,0.22102274306256925,0.023227912159623335,58536.305985387204,0.3255261507867878,0.44425894984136083,0.16210734015542996,0.045521581056897915,0.5062744295463701
cust_bd030e02,0.8370706351004201,0.1863627724595612,0.23261452041167593,0.5121111654795307,0.5687950610258802,154494.43144996482,0.5226602259006722,0.4989913449430934,0.2094010221153825,0.1252427663311024,0.8319300813176824
cust_667678d2,0.6540700436481983,0.5796532408893806,0.07934596042214873,0.19694215614926036,0.3905019034007236,6098.249396423454,0.6248411145181629,0.0952859086858161,0.024048968500104913,0.3197255188727184,0.09248123917683357
cust_57d76387,0.7701561394636378,0.40186605038415735,0.5005851108022309,0.09967346514347619,0.4758750741831014,4737.908513782888,0.46340253563698103,0.4755461051045188,0.12310822086951244,0.22478429435839284,0.016191731349858508
cust_a3dc6678,0.7792292782057884,0.6016919576627752,0.6497418753974321,0.2858927253726085,0.3453073757518811,1183.411975019109,0.7914533872953325,0.40541922233388317,0.3735811931761555,0.2241337015399184,0.12555187808340582
cust_1ccbc286,0.6632009031218543,0.5736282536365145,0.10333952181254615,0.26636545971151193,0.43969915776759,2753.961525310138,0.5030776420229947,0.43241869324047666,0.09324495871147503,0.5211777051607469,0.20636725920040258
cust_5a3cfd32,0.6576985763134058,0.5509764545809406,0.46637179180398974,0.6248909662388099,0.4350922102308049,52964.66616194908,0.5011748748486093,0.3041642780036478,0.3811681735076306,0.12261244790103426,0.8083759249691401
cust_545aba01,0.8187861232133723,0.8012657165155114,0.36846720767709107,0.4309214854218985,0.5212603180995188,11810.383127206987,0.3466771809425279,0.691559583220222,0.12736048993409327,0.30455213962017097,0.3108681380688243
cust_8362d501,0.7460132228039149,0.26031205345861985,0.26144794615426764,0.1584394453636736,0.38413165716258724,57021.746894529744,0.24386944796403495,0.8111836448883577,0.21103480147833556,0.05233320101769577,0.8056680708951294
cust_c773f829,0.852137264069121,0.6901240180152279,0.5439350482455598,0.3526452488036364,0.6285373791770618,8210.320261398352,0.4666026680847861,0.4234089386283134,0.363291356068743,0.533767988299593,0.04522950464499301
cust_ca307be9,0.6933283851035414,0.37767908668542666,0.6195280277097804,0.12159277720842174,0.5965528178703035,18210.879711606154,0.8177538245064391,0.4214346046370269,0.3481551978400452,0.169777192787086,0.23552057642251456
cust_d844e953,0.5676865846441406,0.375003666171006,0.5780463788740469,0.2057348238075394,0.5061238601789579,47130.45299065302,0.1649184151250418,0.27257427443188403,0.4475515068104873,0.29344263315339564,0.2912106376650927
cust_431cb8a0,0.4773789881106476,0.8355163885568715,0.43317810940031976,0.24392591885125187,0.4203961649489005,103336.69855331401,0.371271646501886,0.5584058826555606,0.3263124026566794,0.406213747456922,0.8383452260199632
cust_ac4fbe80,0.6160881341676909,0.6674191078008292,0.32920872004497787,0.2584394629810225,0.14589007981221402,14076.203647486876,0.6558853905681914,0.6125789793680979,0.2684832009491427,0.09521050660573535,0.0287521346794834
cust_5a0d1687,0.7283396069708998,0.4996566291983841,0.36935679809026845,0.3439028360575332,0.21982544252252037,16085.482535826668,0.16853884845409214,0.33329857443382377,0.3457917108420207,0.4459624352598513,0.036454796550607904
cust_f5d6a54f,0.6388984624170724,0.5873576099273912,0.12273056254256276,0.211672390711452,0.5906235636535209,812.1643062476542,0.41167454204108256,0.2868550198276953,0.06417950695611542,0.19870606470214167,0.0826240558866112
cust_d69ba23d,0.8836578123100646,0.2693332362200348,0.11101967044237583,0.13433930702992047,0.12840167452173845,237659.89778648395,0.14330785747672445,0.5931828619586185,0.064315345995983,0.1816158914276332,0.292353539566971
cust_4f74ed07,0.862452560693605,0.6445950896450601,0.717894472196808,0.3973690955611665,0.21342613129833654,78648.12688507495,0.17093108446380745,0.35508172126947846,0.5001997468740137,0.0915090707959977,0.5226762685764832
cust_89dbb0d6,0.820144008131085,0.5728325542897981,0.0918627223231882,0.16129663431170188,0.021651377300393067,12522.413333167704,0.41988585598763833,0.0973984282764482,0.03761278248855895,0.189808042244099,0.32097794576695576
cust_b082cd9c,0.6705441051540723,0.6523248122667455,0.15289169522361984,0.29554931558317615,0.26299927064445733,9777.763665429475,0.22294487580651323,0.24978482098987445,0.12497171541541129,0.13595454963386117,0.04221915994326281
cust_66fd5faf,0.6798759720289369,0.7407783001012471,0.7825377106967861,0.20909831207072643,0.6931953480461289,167203.19572923557,0.29630511692544226,0.5772709292385111,0.6494654889519684,0.5816218250178482,0.5373433254843162
cust_bd81408c,0.7866746531351039,0.6156058159037018,0.1393934887059161,0.5717885542895099,0.40823602292106786,35437.80958214653,0.03944529889374177,0.5530832604726462,0.10000848900301362,0.32272986732185055,0.02052909689087579
cust_637fea9f,0.9078737472225621,0.6096907488544019,0.3374047444312345,0.13702007164373364,0.354499977352582,10070.337564132555,0.3319775371317201,0.7346155511606038,0.2069679293331383,0.2705637059955801,0.1333575477140888
cust_ba6a3060,0.5854955719632189,0.15916579563337913,0.5535068060789756,0.23312751479130345,0.3770785240528324,204912.1211752741,0.22985619267216525,0.2834489140998432,0.4223054969354648,0.04043741923801141,0.7833100075307757
cust_04a09279,0.5166507339334714,0.43125313475380966,0.5710198282738174,0.36389712231429744,0.2854530201458448,5884.9099229110825,0.4845324273378575,0.39107543873701145,0.39692083166352626,0.15657632449582284,0.0576222599130731
cust_f7e1fad4,0.8409283884894654,0.54410259852159,0.36070298000613865,0.2661074627913386,0.10948800136909506,150902.11337485074,0.33214167635383074,0.7658992918802197,0.2148747034708177,0.441607686701667,0.7101389893631386
cust_b340ebca,0.4198738099099133,0.5667042981012091,0.23384502693481593,0.32626847569151185,0.30936799132636317,3733.152403918762,0.2886586870225076,0.31710905024546215,0.046994602165206935,0.12100847523485614,0.07361833877124059
cust_8ba83a9c,0.8656067941800051,0.445146937992862,0.3974074097292565,0.01671674629953738,0.6053987306797401,217744.83657143134,0.20431253128899937,0.6062471068016919,0.2491047897413383,0.10503136014240741,0.6481775374850952
cust_52cbcf80,0.8630937229791276,0.5654739105864477,0.6582226672700358,0.24709229994528245,0.139384272366584,14883.91977172435,0.59522899062927,0.6653805819666296,0.43578632014704616,0.2621585656848366,0.25470350478572035
cust_67ecd993,0.5985526344161436,0.43703960451255963,0.3267669024041909,0.129939746629807,0.2667266176026738,4561.28689724417,0.12084004958682375,0.38072523433953437,0.08684527464633035,0.15541180962031959,0.04092144140728668
cust_fa89292a,0.8431028624698929,0.20550649448622704,0.44321012875512283,0.08270231745423574,0.38231446197706137,4613.649742146797,0.5254482033905266,0.4842618811090662,0.14296426395004758,0.1330587775824497,0.008622570646176097
cust_818eac80,0.7565679302726998,0.23274522952760815,0.32360223716984704,0.37025082390975644,0.3200557914094612,7360.976429002761,0.22524079347810322,0.7787781488728984,0.2551976283295374,0.0011175176865157765,0.265865747245127
cust_97c05885,0.8181500212384295,0.37611703267342483,0.8199452525830861,0.34153062810308077,0.21910886520228248,162411.23683120278,0.0731649308117797,0.6621361010067716,0.6614189090735162,0.18095670776010098,0.6993197494731542
cust_2624b05f,0.8911080209909719,0.7397377758532703,0.40246684038460195,0.44127941975104507,0.17037758851395315,32223.55513286494,0.2655217309495501,0.3200308520847578,0.31661647922034264,0.2676144763859717,0.07250391699960611
cust_6fd49e02,0.9066069205058881,0.572067441500082,0.5498016599795021,0.2714683678180749,0.4782645782570277,74631.29200148863,0.5860973403075704,0.27355081826112476,0.23886428265653573,0.39220552227224514,0.5168577265038917
cust_1ac440b5,0.8484835532430912,0.6267433261418435,0.41981659222229234,0.30712320710352486,0.49564001113143163,38331.628368537524,0.44771593975592044,0.5058614800488173,0.14859242754442628,0.483043384077408,0.22947227769214917
cust_8987b2ff,0.9023781269699893,0.828924053967957,0.6520064188575032,0.4233171261464425,0.29099017986053494,76586.19474172995,0.147025814272857,0.4504135311660982,0.38943186488486087,0.4245772407809105,0.5026654676299737
cust_255c9d32,0.9490283691989105,0.7661399265085971,0.42984473553554986,0.2687113490895483,0.39160701490958044,28039.47617441679,0.3278321378687194,0.21957552654935444,0.374369042914192,0.36750985779512296,0.16979798469415602
cust_0abd7a51,0.6589994251034381,0.3148451851091385,0.6234744402651947,0.36543288369396143,0.2944129611323018,2560.357267221007,0.5911285349184259,0.3713173898161604,0.459517875995389,0.2260393420312375,0.13055695445061694
cust_4a4f8a06,0.6729563357432943,0.5619999630740495,0.07718656240054678,0.21346261077868164,0.5558001523348701,7604.150383604606,0.5097146232982587,0.22282885669096592,0.053126267244827656,0.4432040233572709,0.10758876005573913
cust_9f4b1eff,0.7814049372782944,0.5349505990553339,0.47520294365237614,0.408265892593047,0.10530306245527604,173817.05070992932,0.21716624141499938,0.6342663559404645,0.2609482092854623,0.4410344192233019,0.7225533851285246
cust_2d07436a,0.5752647543514632,0.4419920852892538,0.11713209180601594,0.558046390798691,0.4781350443208677,11992.611408162351,0.24826040922807505,0.583618077905011,0.04460009314077433,0.08745932712645765,0.20330552724878045
cust_66797deb,0.8973748287085991,0.4400725078819183,0.5684772845871522,0.37456288517802266,0.2581490732336454,31652.391650808488,0.14623866117287368,0.6476667924899623,0.4276163496753337,0.18343558621775588,0.0129246576508155
cust_e6e22f04,0.8370866824069294,0.715485758409794,0.27319124534045996,0.19578275955820915,0.15956381020469085,34750.868442074934,0.28116607267444704,0.2614949018432231,0.10863302089363129,0.18843956723335503,0.03120230139650941
cust_30b9f442,0.5204902531986704,0.37921191805059573,0.37162678929028115,0.4529651949031333,0.1421432390015003,37465.37388182668,0.22156550417423704,0.4154761876458314,0.13439352290790474,0.2277723385812686,0.012402641811043384
cust_de910461,0.7866300445208058,0.18421828507296667,0.5502263218022136,0.2359571735100765,0.36763870758116124,2259.343798258475,0.5349614451595676,0.7685449292370352,0.4361014465030187,0.06108087369723482,0.003710603564919223
cust_69e3543d,0.45221331228123696,0.4852126986502283,0.515295897946361,0.5866537602099895,0.21971266113345447,26164.903121111012,0.33400538539170294,0.7217064390727058,0.43668934358902417,0.45941592530218384,0.263336667707639
cust_713af03e,0.5817147618731507,0.20764487451971556,0.163588825178747,0.5019139972610013,0.06369062629405088,19974.336008517002,0.3707494679924025,0.3716462584279558,0.10399118325398775,0.07045938092472753,0.1310926283188421
cust_e915b018,0.9205174208852279,0.8394398616052663,0.09212499763765201,0.21385054328546962,0.47533797330573413,3200.6905924341672,0.3760252246226041,0.2626356613535375,0.06494622910766766,0.43698715330547167,0.03671143046933538
cust_355f2ad3,0.9705406992504602,0.9207448882545568,0.14146859503091813,0.5262259667648141,0.25661209214248026,50041.34461660423,0.6647461201554797,0.626788104839077,0.13475564049313768,0.20355538252161165,0.8582072773994426
cust_4609add5,0.8238932870424416,0.3922493786778594,0.552492554274867,0.6412427278133057,0.09102465229448953,88255.30398761768,0.6543173794266551,0.9119329973304879,0.26351842082174876,0.16238365639661026,0.5959844078048978
cust_9f19683e,0.8636954354850604,0.6167626477903364,0.550954671794479,0.5746454995226558,0.38862515506458223,6056.263289020718,0.3498122204315365,0.6812312586064033,0.45987602281483037,0.43423235735848487,0.3512630696337816
cust_43102bc0,0.6936120975780323,0.4087155120199383,0.24745261980968974,0.3869450708815059,0.29190225458014163,40405.37510841315,0.15857154703707016,0.8581403122752531,0.14042854232373464,0.23544772118325868,0.16709586634868487
cust_780a2ace,0.7102271273075511,0.504960921436582,0.11960569980239634,0.34709974267462107,0.38229671762396356,39879.456717852845,0.36944021938817023,0.22171416162070942,0.05552456357634696,0.29262361158239913,0.12859896226914116
cust_321cc226,0.6732949503040739,0.5272542588023539,0.040460119451391,0.1925872683127023,0.2039359462442332,63758.5812757559,0.3014108433570295,0.4715505992561189,0.004595661202213781,0.4316034295175122,0.7818922778857609
cust_f3a1573b,0.7366146175000884,0.22553426479631156,0.3252989606130287,0.07828990694781282,0.17025616881897504,48792.474768557484,0.43424549509731203,0.1840388099571647,0.11263421718077041,0.1432296351630682,0.023440863774611274
cust_0df0c4ed,0.7465287859600009,0.22168095413208314,0.4569671819346274,0.17273629072809604,0.317124936134873,186267.87752376226,0.7230704068078819,0.6594439611542021,0.3087420074914812,0.06101377084102587,0.806739012967979
cust_5901d8c6,0.9002298909492588,0.398571912529706,0.18530946153650363,0.24468393132954647,0.193545393939395,116796.18984898466,0.14411582743884285,0.3604194765603921,0.08358580940763831,0.2024587262332398,0.6635546092452862
cust_182ff015,0.7255138605826943,0.41094770570193745,0.5615738790868043,0.18233137318636153,0.48103306994245887,7389.327639573841,0.3770690485557534,0.4933647716378406,0.3215090455548744,0.24591813290365144,0.005187212574759838
cust_2892d2d3,0.9324518643493218,0.47003810719034766,0.3723845666156257,0.24549585337138877,0.18077202071667836,27289.57284179561,0.11842049526424724,0.2752461331084455,0.19813000404670603,0.15603521206815155,0.30468123767051725
cust_4cd42ba8,0.8790650333870171,0.6065362375621942,0.09282999957556927,0.3589875612975914,0.17203492449858457,70986.60372713143,0.6574836804425072,0.686298112464221,0.07348280640735633,0.34812544869194334,0.7394834682909092
cust_83810857,0.9446460847677812,0.4475970930021059,0.29068016006705033,0.5265864810660568,0.28541335900411824,32323.37354406429,0.06754729916298009,0.4766943039399088,0.2617656705100468,0.1951537128705372,0.019999871985772282
cust_532abb39,0.5801194459348805,0.7913019431041609,0.37809914454097626,0.39119990336190535,0.3324388896424933,45433.00262855944,0.11076581462513724,0.4214800639921628,0.1879575438526661,0.5777982228830897,0.20027340239403182
cust_c4549b86,0.6885993739398847,0.4552003498020774,0.37180225698931796,0.425788574863014,0.3045948157167352,3363.3210205831983,0.10443115663349352,0.7250279173552219,0.3010972161126316,0.3347370592042766,0.23827242713641206
cust_d937af93,0.8230515311535558,0.3924333569746828,0.2843562472021859,0.3773018559674076,0.23385232557168698,1703.4612844579267,0.3233987135452591,0.509622034733518,0.07366214966991,0.30867701118723057,0.08335994343584341
cust_0b0f3167,0.9378167150515833,0.5580874410490099,0.3639832157586996,0.41719160373522074,0.3036840737848087,4219.446018673933,0.7040017434369846,0.6890216722760159,0.2186383638412225,0.14195792704145907,0.20421322322665436
cust_cee4e1cf,0.8100649454032387,0.37221894809982214,0.24018948120819109,0.16153519982641823,0.38798595014269965,12242.966512673194,0.1448820035190487,0.4911587264765508,0.10979289347743583,0.23368035795278963,0.14816468696306384
cust_9a78b48b,0.9146525851509244,0.6422602953063051,0.3703283369297958,0.19996264734870722,0.5163704789550957,16380.756067834538,0.47300729608107434,0.9027206311873148,0.3579353812044565,0.21851396703170484,0.14062151378702656
cust_bf4c32fc,0.6169965102332292,0.27073676191172596,0.556512811739262,0.2883124504822186,0.4512327115343148,39907.50401733718,0.23706144912820046,0.786202661379902,0.42697457029962066,0.11957719597883806,0.00038960390246838537
cust_7b4a90cb,0.6719834476567701,0.6523207900893854,0.12797344892870324,0.12876397141207738,0.36872503557756525,3584.206478597151,0.6508732335888363,0.3579069054811855,0.058328310594694927,0.14584273048504834,0.22464437275023652
cust_c780516c,0.8463441150487175,0.2295230208318799,0.28222699746694385,0.5470469328573686,0.24402545328740893,1462.323808898807,0.39631665700326046,0.7846407352627178,0.21192350502735452,0.21459361432378532,0.2458770639795714
cust_fae0a6f3,0.5712563381920883,0.7101766678327194,0.265742250552391,0.10133390210562292,0.24143034534394367,56353.6641859971,0.5036171348312306,0.13838212535384917,0.052203343826915424,0.12942307017599372,0.5651943389314825
cust_294287e8,0.4681806824110272,0.7340578052845855,0.2681861852079922,0.04349106070370915,0.3531115229900461,11418.023402408116,0.5743131442896444,0.4877758119665131,0.12792690506741444,0.23967990026697186,0.0008731835692000065
cust_15fccc32,0.4330560216004588,0.2938232364646647,0.33700719376345567,0.3645825448411802,0.4857124131894358,11052.054588988158,0.5942912864939338,0.3533523965701761,0.17822843331288724,0.2131327065090807,0.16448456669522796
cust_1bf91321,0.8170890430301674,0.3999572359586965,0.5717547345752103,0.05309453221324113,0.6853310116945979,1211.2643106820008,0.5473385783407314,0.7935654857613096,0.26296141756657604,0.07267872992903306,0.4775787711225289
cust_107917d3,0.6720380321813143,0.5746161321267774,0.9286523079434311,0.46507273870636257,0.2611062752068585,7465.762765071528,0.34195017938290156,0.7012253547034116,0.13244929123896454,0.3027966077980774,0.15322010927049892
cust_8eb39f6f,0.6207620500668775,0.5172907618323818,0.21801324165797037,0.4203064495656823,0.5574407054531467,62077.687580131904,0.23005699554586434,0.6597896345161695,0.06501266817519,0.3201477095297959,0.8394379275143105
cust_3db4493f,0.7967925061523545,0.43332035831011473,0.5347292603728998,0.07052446351547804,0.10282141509041165,9352.901211679584,0.45096766728014587,0.7060967406253068,0.42636911596752974,0.021456743939990672,0.271922547470626
cust_68b42167,0.7937540895689799,0.5320306379165474,0.3529309830493133,0.0900297221580989,0.4604514481770531,9321.415987905848,0.3031854431472718,0.26491884061099596,0.2297409150719151,0.284843788370334,0.14096719928990503
cust_688a234d,0.9650138587785224,0.6929136572664074,0.14921806828714523,0.5206089889970706,0.12115867636975468,47165.440269902116,0.5818145823298758,0.30622363181308637,0.1404326355804343,0.34019160526387526,0.0008026779115092611
cust_a3f1ad81,0.7848686857578969,0.36387185659736554,0.3058167650622683,0.34287624355606205,0.453097097308925,1255.71920742903,0.25430965095570257,0.7991109109357631,0.1855554677082149,0.16051289198571475,0.029936843428118927
cust_ac4975e2,0.930154544894726,0.5663501843417766,0.21597654286058907,0.12543864028000723,0.603141349732499,87263.13073782816,0.5393892798830174,0.7707355378498366,0.10739033195690045,0.3172493063974744,0.5593906731493022
cust_66f3e764,0.835670347838678,0.4664062407757702,0.5203597501733425,0.4434345171469657,0.2124808177060905,29587.284779112117,0.3317081164165462,0.4856050829776147,0.23323875469909885,0.1288173717882319,0.499551119305202
cust_842dd670,0.8526366858183977,0.646174381025867,0.5214756161389928,0.30943646496269317,0.21239396230887966,32131.17441904566,0.243278166431415,0.17819441445373627,0.4346511387119155,0.10912246878766997,0.18407281454778465
cust_8497454d,0.8283198805547084,0.5991301648025495,0.3003157870428803,0.3413754998226552,0.4536365069119136,27119.270051893127,0.17157498820089748,0.4630409714464549,0.13736562239148462,0.10004516891286996,0.19745147611209182
cust_7b13491a,0.7259065703245436,0.25196826076746126,0.18179187208296374,0.30480807267796284,0.4487830351970434,178039.26601526834,0.47167253883402877,0.5090508137527457,0.08262972500523834,0.035123813749256286,0.39322443755428677
cust_3e981e4c,0.9318378995473424,0.6718268967095412,0.29498639799375775,0.21124155879087694,0.554053067976103,37327.24410555985,0.4178360704032573,0.7684302238311969,0.17236149845260226,0.2676453388835577,0.47560841384603453
cust_0919bc82,0.6826381338626244,0.5864104219956107,0.10275675026765263,0.2535823383384403,0.3698025513007683,7719.682367578383,0.400353420171312,0.32010131961720334,0.0798228006173741,0.2714508127840838,0.06688419901987115
cust_f74e5cac,0.8688538468965702,0.5953335616267204,0.3993605431265534,0.24098991540295844,0.28101191099635564,21861.53228242187,0.1509040852925235,0.6288668454672499,0.3349075776923747,0.4178651122532104,0.02358101122387849
cust_1c3a1baf,0.7341475812994169,0.5771305083883062,0.7225061456669268,0.5297966395601151,0.26180456272073055,304094.4665150142,0.7501773990853001,0.6490364184607689,0.4763534637308349,0.15992706766348713,0.4234472578267382
cust_bda258b5,0.73347982979153,0.22833066807903787,0.5189480017758904,0.2991343105089754,0.680001811793003,309168.80257173325,0.0799173405024986,0.47284259160500347,0.25039266047433106,0.14293718656030618,0.43903350343735204
cust_7c525a73,0.6154011509745205,0.4943196085137477,0.580800612340965,0.14299586697955965,0.20110411416837623,36181.26077812854,0.1095907825288572,0.37704972744977344,0.3860511707351761,0.0627998832610157,0.49717897224421026
cust_36d8f68a,0.8870227598798092,0.559423747036303,0.0802057087477645,0.6992323656196177,0.6834135215120036,149989.14663043054,0.2717182738281838,0.46013721293793336,0.07288357043155634,0.15021297741711082,0.5780906019227291
cust_b5f32f73,0.9628129835733453,0.5029746616003484,0.28948379870534835,0.27951944326081696,0.13084127791969977,142832.15321102808,0.26794314427230165,0.7826258657665731,0.19300194134108656,0.43481542410445656,0.7413967642202605
cust_69ab52c2,0.926125832156251,0.2426668202929034,0.04185996311611912,0.43563290674039096,0.1707953572943029,2719.997728247377,0.2890484275526921,0.7743040431076512,0.008277250730617778,0.14017612633668167,0.005199251617606701
cust_a2a6c328,0.8113930543111518,0.48311926120727,0.2767555353853398,0.26638118642536174,0.39110206339286113,38402.87776410052,0.44461236611039023,0.711342307946215,0.12393075934832573,0.3324843436430321,0.1769049330620604
cust_4a900ad1,0.8431209337107884,0.41790759465838656,0.5084677318284893,0.4942075041415371,0.306941698760474,93853.01401036217,0.11815790488729774,0.27767014981920524,0.3228300840098979,0.03530315080182904,0.578479198106027
cust_9cdfd4b2,0.8247217783788431,0.4876178934498831,0.5942587976236393,0.2674103882867812,0.16260131945744105,228955.8023674383,0.2044148579851227,0.28711467569921545,0.34223665686902116,0.06405620549850206,0.9025938031186942
cust_c1d49757,0.4203550071682201,0.6205937272728604,0.5182789433150515,0.29395749441020214,0.5163488178320712,56571.15297357934,0.13622357422043785,0.6941424063924959,0.38787482169658716,0.24672598118523342,0.7450013385356875
cust_5c960e55,0.48911678393955327,0.20388018895149349,0.6215265548397275,0.07698649219392113,0.15414055934309165,7561.050287337946,0.42292494263567854,0.22745634086749236,0.49844788176701815,0.08859704648685805,0.051853243309683036
cust_d4b24152,0.8116280185688236,0.6109407843702023,0.4954407261076947,0.1892457095122709,0.27964630788170425,133020.98249806586,0.21993555823261743,0.3751244453749807,0.20847289240313363,0.3855556900279775,0.6993150782813717
cust_31185797,0.8201066183693072,0.5372473846041903,0.6382614838949564,0.3644981507735985,0.6397415496464182,15945.89511309186,0.30091920088144003,0.774935150844843,0.2899039063102133,0.2977125133224521,0.00790966748095525
cust_50042292,0.9150597704631653,0.653078799220337,0.538866141875467,0.5503269023165914,0.3063370292360816,3816.891726891552,0.23980596543570323,0.11089818797155002,0.3722046440894753,0.30533740088651357,0.34583488104510535
cust_d38045f1,0.7633179443509399,0.7022744697292356,0.3319315410229518,0.34094816905152875,0.5132995550694561,5347.995121704603,0.17818012282878692,0.22437977962993125,0.27309563509171836,0.6355807740931204,0.18597655210951672
cust_bb5237a6,0.726612466316837,0.09475503057455356,0.7041193331694686,0.57792333695331,0.12825680143244567,10233.377328037148,0.29883137702312385,0.4943502320081815,0.34761868738531543,0.04478543062508899,0.06948664411402122
cust_04000c76,0.856965577054834,0.41938954409232404,0.22695194389288165,0.26158435203513647,0.017082829584023487,29525.549385259375,0.3536308413487099,0.5614324187158412,0.21437507944043013,0.08767328478123874,0.09182433304673188
cust_cf8a17fa,0.7125547221899136,0.5844697747268068,0.35456195050102296,0.34422626920806537,0.7358120998217057,110339.79809150669,0.28250999245232955,0.3391547388336568,0.19175843662891506,0.2115922346119667,0.933141134840979
cust_47cf2e62,0.7046322937674774,0.6252136718451231,0.3554436121969,0.31035873585984336,0.10509524250826578,204069.13764921032,0.3350134952571125,0.38531645009684634,0.1656203655379722,0.29211452634672375,0.8097757122877314
cust_aee2d95a,0.6067809669693741,0.282041731849351,0.4858096531962597,0.40470757321666395,0.5778545461151979,3399.8802693986295,0.3691251862755954,0.39683854066764723,0.19286408586976284,0.15912718821946986,0.2002192321012962
cust_a437f431,0.6364568421742614,0.4736704258242269,0.14002643573156148,0.3784071966726329,0.5262152720722556,7546.523450601698,0.048231552332066406,0.7456968632764348,0.040017101129658325,0.2802489096197806,0.11887131434334813
cust_34b1ffc5,0.8654670898622068,0.3557719080984345,0.7088892830169443,0.2955227929898701,0.05505037260991418,6771.823145908833,0.2878263255278784,0.7138230012291538,0.3704585104057133,0.17033147700725745,0.06474516982768713
cust_4edc4cc9,0.7900665662822665,0.2323319594932079,0.6102428391220158,0.48894876373802804,0.26768132664506455,25849.53424746956,0.22514834170343942,0.46610031322026635,0.2673732603420667,0.118459693473139,0.04009348211304926
cust_1ea5815f,0.8935299666810727,0.3905729613052523,0.23603926980502782,0.3703777214494515,0.5569166520795472,3733.6068217879274,0.4953805670372509,0.3962910750168048,0.1667827930720357,0.28086258890982396,0.0638472171560561
cust_c6bcdbb3,0.7597524959381422,0.32974342457209155,0.5456261916989317,0.44560758196626804,0.3985468856039694,43017.98392430417,0.07069209133115924,0.44175004222218334,0.4537524397531684,0.13388475611745992,0.10760341917224939
cust_d555cb9e,0.6744669430333274,0.34571857127751054,0.6487945313958413,0.6469665990169918,0.09199604009342705,12029.255097815381,0.577325878346768,0.22690517241474922,0.27981452703137466,0.3077249899391067,0.2085185631389648
cust_081d49e2,0.558521453159993,0.8485648871149998,0.3131711418340443,0.33898521224159506,0.23174441034940246,27625.418218585703,0.6007884916254663,0.6603975924191696,0.26453292214421303,0.6493667698007797,0.0331513803187308
cust_8856d881,0.5842287474624426,0.4951092209856707,0.2857765173923528,0.19518317030109117,0.5003152573453292,9681.654263288452,0.22343871536718465,0.36476030664286535,0.1334521315646483,0.34881422814982527,0.09281496206482227
cust_b04e1b6b,0.8645910882205939,0.761041664592301,0.5694923581536147,0.257170148024243,0.3706497114583094,29208.29337246458,0.3054302990770007,0.29724937867711265,0.22642627956210595,0.33034819982638103,0.2596022909767979
cust_1f895266,0.9891683315465822,0.49868403403492656,0.6679371186483917,0.12728137456331623,0.4184063231093966,57031.70536625108,0.1987034458651456,0.5326454954842764,0.43060071914794257,0.11120849013149467,0.8583974653519945
cust_2ea6379d,0.9411872705833285,0.34519644181007136,0.6137492376328715,0.5203822948627799,0.5227659927786723,165602.73616494634,0.8133079166690008,0.8327906574148485,0.14832745019690222,0.2745052580802464,0.6072512660620486
cust_0574357e,0.7167739943224578,0.6146773385490657,0.13560242087121924,0.46080640076377705,0.2085927649443502,65011.60300232123,0.26533549549512025,0.3315793462269034,0.0500669707695485,0.19896478134577172,0.6736913422398253
cust_2cc0ab37,0.8206271170538042,0.31636625577661104,0.5076568409196655,0.35035040341142776,0.27972214888081365,48965.18176838075,0.5265820495502621,0.30434434636341173,0.4026061687753318,0.2176944975047794,0.11388924273698223
cust_9bbb9192,0.7510567175200198,0.34347129794249487,0.5854494167394441,0.497031733138579,0.27096120625712533,37526.52522884802,0.37613671788245595,0.3055131694353229,0.12491630518205003,0.28966397945957606,0.39009524989359373
cust_3e7d5c59,0.5930828845934302,0.2976942180950315,0.5266764860436064,0.14420574084277263,0.40410460366384393,4223.002900021541,0.2766473372360469,0.33606449745997374,0.36308184854891484,0.054679179549580015,0.24287581577019096
cust_ba7ca728,0.8517124304420897,0.4643369437528693,0.36450475906898905,0.6850439206894555,0.35453649581964825,28015.212355737487,0.35098207501576606,0.4723681576844664,0.23272411010013844,0.25270194057437784,0.14017257314041187
cust_bca064d3,0.9394682619936209,0.48561534731875294,0.5109500799352663,0.1869131342370841,0.05204026628595968,2044.7773705065092,0.14792939045850678,0.5027378420825185,0.384558377963787,0.054167898701215814,0.2822403566652894
cust_31f68e76,0.8792749974186472,0.8026786346149657,0.03945472242189956,0.23995868571331339,0.4346981332186199,22849.059093834054,0.21422226538653738,0.6724986379243525,0.016508807203613494,0.29868494000388784,0.0664215729987463
cust_47ff8642,0.6642386893083911,0.33981298731947823,0.3730027490552234,0.23758956776934137,0.553583868726712,3887.021064773394,0.2510129856143651,0.26360341387472425,0.3304689251401243,0.12306049196355594,0.07080241052763837
cust_16e89ba7,0.9535898209198628,0.6510182628372296,0.1569263358293282,0.5630482282948251,0.7473519522744004,48059.14527447574,0.2893394993429264,0.6400089234290851,0.10351884120978933,0.44050348153421764,0.07554443817750352
cust_45f3b308,0.8008333866215377,0.6296161487910257,0.20685741733994772,0.05373907870579367,0.739502592064435,92267.1265250251,0.14493878725823653,0.40662311475399554,0.18824196006463573,0.2684011295427841,0.7853620278109225
cust_7bff1920,0.5883871296372643,0.6680771738858795,0.1280786443227433,0.4223281408762786,0.3522822944165469,70984.72504171047,0.3427750888086546,0.39783918763841436,0.0701547433210901,0.10080552807181581,0.921321740735668
cust_7591e7e2,0.8335153249956323,0.4938026415160632,0.1306801398764508,0.16181516071552904,0.5613896100105508,34993.73153622191,0.3583900902847202,0.10862736964481509,0.12725414311350428,0.1518998791827523,0.03543707410060038
cust_00b92b75,0.5893343328550714,0.657053855882799,0.5184324932783765,0.29701866408815364,0.1937055824079685,28232.66915158454,0.10242721504370844,0.1721366927920369,0.3577359061495742,0.06457404066571104,0.3945198250060883
cust_84b097e3,0.9064749248455037,0.9192471720495031,0.7122193901489967,0.2661972715463318,0.2770155935304364,71513.0847308094,0.3781421871387034,0.24060091655118432,0.41195189531096277,0.044618568836259885,0.6201305868793766
cust_ca3293eb,0.9176655095211617,0.4981626304581379,0.5781784945582442,0.10631647783625676,0.36070755094768586,14296.367545654362,0.04446321839545485,0.7246498049866986,0.3277037816026562,0.15237137981835017,0.5487947483197421
cust_b671b1d4,0.6598166307337426,0.5128567167151772,0.699196455407977,0.05352814973691018,0.4318061044455317,46628.015630318936,0.4634410984487293,0.6110488437790746,0.5858133957573065,0.30755556323227334,0.14996796678797905
cust_bd18523b,0.8126616727776894,0.5661326587294372,0.7298689040151566,0.17284620206112292,0.045395957443147776,17268.848983185497,0.6067295736746128,0.748572079829491,0.4910772328819598,0.1114789696458557,0.04902639361470978
cust_a2dc9321,0.9328310674383058,0.7419913720562961,0.20361932732890267,0.2642744353963169,0.6417775376741913,32241.80920312827,0.5843464530373664,0.7416936356807212,0.13207211089692347,0.2592414428191978,0.0926721553019225
cust_91c13664,0.9147347101969902,0.6694997791333965,0.6494707496204413,0.0736965085111281,0.2552847919463008,6597.938591248351,0.4452567347334426,0.5944259383952074,0.2750023231199552,0.495846300120455,0.07392744912937473
cust_30cf4c63,0.9612897950472838,0.7905660203515453,0.7101164918343101,0.35572717379298174,0.0500985870104258,5501.250817323582,0.2812417802575942,0.3630120657152319,0.5633664332116514,0.3979122380548322,0.15679850526491645
cust_6d9b42ea,0.795107039261037,0.5774827406603936,0.5139159001102668,0.3263613595436403,0.6399559060061307,16734.16694502307,0.1733287070416832,0.19942143439910961,0.2339656290890391,0.25560761401666315,0.23449434870378646
cust_04788fee,0.8837595429446098,0.6589601516029012,0.07938814997440878,0.1692483404971871,0.12430061879332858,9586.02915284289,0.36342672765849443,0.7317434285724711,0.06013443752921206,0.5486890690860897,0.13582768726545075
cust_d0af4908,0.7569236800472537,0.606304636863256,0.18788181301280776,0.24441823477883526,0.6844388110593863,6615.105946991669,0.7122381518077555,0.44018879489750457,0.1306492676368673,0.07694984655850141,0.011209636438803457
cust_bbbe2d0d,0.39593649499908157,0.6124006748422289,0.4901794349361251,0.09663384011694494,0.7618994396099703,1492.4320789515818,0.15525801363282812,0.2059440599539438,0.32660817533772696,0.3391033572947467,0.08599294418387068
cust_9ad1074c,0.714438773417338,0.44958630002400757,0.8193935562406418,0.41241117729772386,0.6033417439583282,17888.255261520993,0.1168329591060744,0.23257032866060656,0.5709244528350527,0.15809270404105333,0.11188237420921439
cust_5e39155f,0.6747514103765628,0.862356700654445,0.32012946002180853,0.07565796287007262,0.2388432103096744,20537.703201042652,0.5032012444041096,0.2159006617523974,0.1779008801598475,0.52400263128963,0.3577857763549988
cust_5de95ef2,0.8391817319464097,0.6195897373592052,0.6070668000717592,0.6811580850746021,0.3438263756362602,164831.8915009651,0.21374676595746095,0.1822046368214974,0.5493491974614615,0.562867173714283,0.38842527006653405
cust_8768978f,0.969109382101167,0.3248232896735383,0.7235975504821277,0.5177468778653889,0.505087904036607,79557.80336487276,0.17512481083673687,0.6895690728929709,0.17799221649339342,0.18990663351962506,0.5762847901200614
cust_e5b255ce,0.7868723438805098,0.2982821859178176,0.4443773174825804,0.13691081021702184,0.22402428217760723,20865.05382113775,0.05302570156242944,0.39048195731196045,0.26333323599863695,0.16093638467570942,0.004832114378914973
cust_0836feac,0.7803505339511304,0.4693854919641368,0.4681243525996447,0.5635608954029286,0.19824299261075715,43365.69158852447,0.3005661970923661,0.8130557191669806,0.12514000169360887,0.239306422078354,0.13358884983516062
cust_7d3883f7,0.7958765717071146,0.7097279404708261,0.7707035550929231,0.17159188914320275,0.46183923284257716,17988.845696970006,0.1362530883775447,0.23694142197309825,0.6649326413842925,0.6385484941585978,0.1286743327200938
cust_6db9558b,0.707334403653988,0.4191777501798526,0.17494564225062836,0.22026622266379675,0.1482776228515073,43336.567646145784,0.3774854028842062,0.5134018137814045,0.06668871764523568,0.2554249039227386,0.15817282018067505
cust_7e7464f8,0.5331120704621698,0.409066514844029,0.17528712236283758,0.32441224177655004,0.5651393482181071,3065.7110135204075,0.5015525407526001,0.6387958144125659,0.15900898936458197,0.25731685304495416,0.05813934342963365
cust_4c6d368a,0.9798258243974135,0.35851079499328553,0.10168018561955561,0.2609421022986445,0.29226445845400634,8410.022252953462,0.6450502381699583,0.7836054491108623,0.05274960373252014,0.09066821109822533,0.06511265917297322
cust_9219ca91,0.7074438636927782,0.2271444460995629,0.5102341239048064,0.3179291714119047,0.30592086544412334,27630.95976054155,0.11434175767099314,0.47548678608352085,0.16406685023895282,0.09541734845689369,0.1265355322565379
cust_e672f545,0.8234020062216795,0.35163957640275206,0.7899004014482528,0.1749943374779243,0.8317567190911127,12327.173017106426,0.17424091237656777,0.5087442077481172,0.46581311692423494,0.09728761325671982,0.39233653128809953
cust_9faa4d74,0.6160493794095564,0.2216673242021742,0.4245759555152872,0.18921566635771556,0.7031132587426011,9981.340241746808,0.4313719097476265,0.294971119936411,0.2730274574159542,0.04339160311916152,0.022941871100180762
cust_8c1ad412,0.9454739747128756,0.42124271588666035,0.2528133285333738,0.10417023819059192,0.4178932931115233,216465.4616777733,0.48158841535412916,0.20812547123005606,0.1512140779498769,0.2837036691295058,0.8051907850288301
cust_ca4ac9f6,0.9355819811640799,0.21803372807432855,0.3331386837245538,0.3769390243767273,0.4366586297637744,44319.08922992137,0.2908504450613473,0.5584955204789086,0.1791036002978718,0.0786399845131792,0.0040003341253680505
cust_46421635,0.7955586218706863,0.5413192299011843,0.4311838251231465,0.22879242381594433,0.27072226901776214,130425.77474744285,0.30708397554692557,0.54313851962496,0.3246487366010997,0.30171757795237153,0.8141597721067104
cust_9105a026,0.9601560224137622,0.3910000711518468,0.3107429389207615,0.3228238807217473,0.4412395473315393,29411.9065414731,0.45305925867019664,0.3007423319032531,0.147609478775455,0.15531758840062976,0.4278530388423895
cust_62cbc7d9,0.768596839145639,0.7371620601561104,0.12074973444682056,0.510530467354162,0.26782286023789664,5415.034499393862,0.494688931668055,0.6620413682048351,0.05437874873723034,0.6702921583128264,0.06526027714293707
cust_43447e85,0.47183944588568294,0.7220907882509396,0.49952025388279025,0.027654362574148862,0.23835478203953075,7816.152832020711,0.32970893721777916,0.6381859565690821,0.21150095727717405,0.43548565763719793,0.4752354005437519
cust_4350e0ad,0.5356278246664398,0.4545867787772593,0.8340738502934525,0.2536622620900488,0.2208224373358409,61435.501318232826,0.23531071903454825,0.5349823415418953,0.6364829372458303,0.013829564792976071,0.2895987765450522
cust_ab7bdac6,0.6120597198035888,0.48291894535066276,0.3623576536891414,0.14371639126331154,0.08183115927848081,867781.60041844,0.6220776123944899,0.17021106507485517,0.18840663114332692,0.2589032340575656,0.7003280818657854
cust_9a93eacc,0.570195479743228,0.7595102097742313,0.15855798361459464,0.1671607080602124,0.2825745599256708,5549.481502523798,0.25132764311987277,0.7321456918691814,0.10020775036144217,0.07724793058998683,0.27776399002197805
cust_aba7e109,0.7705474566854827,0.5839126283178421,0.28853080671673875,0.13645954158602452,0.40867277441898675,6676.256538261169,0.4904583659249147,0.4739500714662139,0.15211076109106908,0.42903111879887995,0.00329288928930479
cust_5f08e1ae,0.5594799971373734,0.6184652436344994,0.8315319227063586,0.10702634036774793,0.47002595217681675,260325.41113074243,0.3197238354421945,0.4905928063818418,0.34200950289718324,0.24189396944410257,0.9358447149058288
cust_46dda9c4,0.8622152510526602,0.12600897626981042,0.390642009055605,0.4867605059790125,0.11810874158269512,120819.64855795358,0.14875635327179673,0.6424003888975973,0.30012378074339524,0.04609269998429249,0.5021082446188005
cust_33f9314b,0.7892413859965383,0.422543879378191,0.30743767553450113,0.1707775645203191,0.4411623276421639,30965.796031197486,0.28259061697478777,0.4844279066328641,0.2433613479591835,0.36151674701477254,0.0718095551547072
cust_f84b73f0,0.848127137430165,0.5084281449629635,0.3702489113884091,0.24028947249813415,0.3154815277849045,16445.324769853833,0.27646595371373966,0.5957142876717517,0.26313036798040573,0.32930982767806904,0.006772695458325352
cust_37e10c68,0.7237758152554992,0.6403653333497193,0.1515976619112035,0.509091473090935,0.4718533371046066,22384.678149826508,0.0827386076193017,0.268335865248164,0.09819808782170712,0.5218612850100134,0.13767981963613665
cust_49e24cd7,0.8975617212248811,0.5415010312416616,0.1340560696716655,0.5891959275495025,0.11792629781477978,11235.301577488131,0.1567181084177639,0.32014055238708866,0.12741552342289797,0.44275052546242455,0.11706678919485605
cust_c4f62e65,0.8323889453477158,0.4809296461794646,0.15857039011565746,0.36246027697915045,0.33034954164235386,40574.06633519383,0.126507661911133,0.7824939880391566,0.1210558470209034,0.15105282209445775,0.3754632015701096
cust_161f1b01,0.8541697610858872,0.2509745260240898,0.6410358649279649,0.08254671192124118,0.5067845068437249,105979.92801405195,0.513555886549293,0.7354036689629906,0.5413719199184533,0.17946269099719148,0.6406609915242213
cust_3913ae17,0.8121076084384047,0.18753366419525613,0.19215790942651442,0.5004235620019812,0.5436884747185022,49022.0404041202,0.4989686013996033,0.7571769075382884,0.14678386220858816,0.10420558873718203,0.15951500784037367
cust_ce8fcee0,0.6393332260803959,0.362087784584266,0.6075432756718077,0.15797728481967616,0.20104811308184092,13908.587421971259,0.3676373892011322,0.670904604062883,0.5387236183522038,0.20773519628715215,0.06986142145474047
cust_a49da4db,0.721890586356292,0.7284313169598261,0.12849594833521558,0.027853435352401933,0.6521304819947454,8886.290612994017,0.4204942767342615,0.48149462012949623,0.12028737247856051,0.2129298514109673,0.10567052077861118
cust_a59ef829,0.5934184446579452,0.5577570841246087,0.34210357402927505,0.37066788964916847,0.5018529899920929,16409.26573199945,0.23087664190989762,0.6212625577227493,0.12801544121406605,0.05533581479408316,0.0011029957436945687
cust_7c6f17b4,0.8727615394590129,0.42099411604477727,0.1907996105340607,0.27201109740596907,0.2573789920876779,13578.880664306671,0.23861955778017738,0.7276825952793853,0.06399541676006429,0.022118085710221776,0.03661701846388189
cust_7c60d2e4,0.7962501601716353,0.3424328002461114,0.2832617836376838,0.3757963575929552,0.7806121151322198,52117.82479627658,0.2776459697996523,0.3160211431052409,0.14068791470757266,0.2585980288413027,0.7403091921770982
cust_ab684307,0.7289259836594236,0.43810381335556625,0.6157675330719746,0.4716828463403841,0.4116004628082536,13882.076310215449,0.468027884122741,0.5287040581833463,0.385815419257645,0.18757969089939766,0.0219818790891839
cust_ab9dcd40,0.6461446387284949,0.290584501786868,0.49878886791460314,0.0846988552348273,0.2918043058808568,1562.851874696049,0.4834789740658424,0.7088590740010763,0.31424287755167163,0.13580484064841203,0.07570193023566717
cust_2c60451b,0.5401282060259854,0.617393384318262,0.43656993890576995,0.29057132961018445,0.3865077106006463,106341.22251670984,0.5051974456611315,0.37278930762589735,0.15615578730471033,0.2143694080312669,0.6994415398247895
cust_49075c50,0.4230743693040111,0.7888934621468625,0.2991271349351135,0.15758698757686285,0.4427826980943859,47813.30214894293,0.2701002151628524,0.31096416506153635,0.22232078051635323,0.24311372255418245,0.3561165974924293
cust_6b78dba2,0.6563493288658054,0.6663951390299517,0.503627738024102,0.19512632552922798,0.39783851358231853,25898.11264884505,0.051420759456277755,0.5169982831862286,0.10078512630802569,0.3929880388222158,0.05658446673909442
cust_f27360d0,0.9248412941081555,0.5450747272212346,0.7025465074878616,0.23260084192889235,0.2031021040093535,127843.76428854604,0.3843118072634134,0.5921069472389868,0.1808424683876446,0.5173667727688062,0.5747058160718305
cust_7113b6d9,0.8874099969726066,0.5622894792531485,0.41898211601478175,0.5234809302325473,0.31882042717277204,33229.03223980495,0.5949427498821294,0.3139087454287907,0.330516644118352,0.38977483942390895,0.24575851160555726
cust_df63d132,0.9283727235829325,0.21467770600144062,0.584404366245036,0.2790075739127738,0.446379960061157,12359.117629898821,0.33031786936344315,0.6969562159437986,0.2281340707251423,0.09779099526946755,0.24213200909539434
cust_54bc7abf,0.9711505323881291,0.737036697288189,0.2961603114143719,0.3999429102917984,0.4524969126808464,238425.55259833147,0.284254313343041,0.710045524219357,0.12486812202984562,0.46678841513754066,0.5864169417298735
cust_fd590bd0,0.6422988744126796,0.25742558767305673,0.7327338586217318,0.3875724592724092,0.36317195766696064,71762.16553624325,0.1472959791824977,0.6418779130537337,0.2779466413177794,0.17624016768087275,0.8392083923860449
cust_1e89966b,0.8330247889700115,0.3310937540246607,0.5294094741750013,0.1012451798844207,0.48048046985857784,4162.907889094012,0.29299266778125,0.7077218886668306,0.11341333645523184,0.23334034541372087,0.10254254223429804
cust_af3e5a7c,0.7576561867433482,0.611382567229178,0.28455410842252676,0.20085722197466455,0.2930338744515229,189344.72422790158,0.19834614582428547,0.2248515790663818,0.12972965641275533,0.26289474888590214,0.8042267366719131
cust_631cf9bd,0.8756580433397109,0.5076757720088761,0.08943698681325093,0.6109828300878437,0.6218019725420364,9559.85613206923,0.4170675945076312,0.4281941883440125,0.043608544865967346,0.1568578976931827,0.1725201488675582
cust_703792d5,0.5493186783993457,0.5900241209750174,0.23892185108499897,0.23725260082141644,0.31367486644662507,6950.69444827949,0.21903357419670494,0.6221381618474282,0.16774540938478458,0.47226403288667274,0.06618907963407167
cust_09ed2969,0.8013127183770083,0.7196886059638907,0.5798177777763964,0.3115947025716889,0.15388598836009057,13791.64937461427,0.15877799397394707,0.7365336322230875,0.39253459523409523,0.47623108887765425,0.4837401768993959
cust_629908cf,0.7503823497370217,0.4027872023109896,0.6592550591046283,0.3584946225765161,0.4135804960081138,67176.69035701083,0.1438016821393123,0.5364169877123204,0.5977265866605733,0.200034337216013,0.7249421900250661
cust_379f5e6d,0.8969205616750222,0.2412417638872658,0.21645009717658473,0.31306034229746177,0.399290222835565,106888.2009379086,0.6922335156177492,0.33237057452942664,0.15866702669082097,0.186224857505348,0.801292026243921
cust_3098d418,0.769393350071131,0.5023754181747381,0.26315401110929665,0.20744742295020474,0.3957367960284222,4634.379112123431,0.38310975680619286,0.4998862859391155,0.12150531038408842,0.11184402133410365,0.17571889305315677
cust_726a4405,0.6494086928241236,0.5499116616313902,0.25495685179764704,0.19507835010990401,0.14480753298254592,12732.381151407497,0.44736496263425674,0.48679302315860135,0.20107595477799975,0.4022071370306263,0.279014889548368
cust_2b2adcdc,0.41269454399472033,0.4658070456862299,0.086463243827093,0.17817493402992932,0.09792020935887487,150104.16080806492,0.16406067752157302,0.5150743069921873,0.05228907168923873,0.10957812554988616,0.5097500042661689
cust_ef823494,0.9862017663805029,0.315619471334018,0.15108717416939912,0.20096364016709417,0.4316790124057272,21627.236002806363,0.10839846751046747,0.7744627018429057,0.06702824023850497,0.20001865883821537,0.1905010353461634
cust_a7432eaa,0.9784643823930074,0.7064034131178972,0.4606999257995408,0.08819426070464358,0.3186403646155759,2570.422159121512,0.2635222960080604,0.5749370578469231,0.3539750963162392,0.35303394390096177,0.07433012454456953
cust_404892f6,0.4908560584198209,0.881023685615043,0.4606743254388034,0.4642535306872649,0.35304271367798734,12577.132401587469,0.42446629817539266,0.4384102729032895,0.28884837644358585,0.6206994257901124,0.25748452611538875
cust_2a1c0b12,0.9670122474525393,0.6878057502551339,0.404434822884588,0.15972360308693548,0.45112861391946973,15403.914023407153,0.09549376679981415,0.4670841852033381,0.23484922984697884,0.48782404496742127,0.08840955730176708
cust_7f467c35,0.9088393515204195,0.42552860707877027,0.6414921544790224,0.43470029040752023,0.15357482991473734,88020.60873162058,0.40751747971600744,0.7656960442329922,0.32242861676557794,0.21648017293258243,0.4262895998782463
cust_490c5e80,0.8711429382861707,0.7534032857379224,0.1345305156852736,0.13302294831153058,0.08838079448261138,5691.044640962126,0.2959582093768956,0.6445331787774924,0.08891530899680483,0.3598967078039807,0.3371661796343467
cust_fa39a084,0.5565406978504037,0.5731717122956309,0.13069204519679795,0.27133057866023,0.5876865856127362,126514.17309499816,0.5778971041313093,0.08327442717234497,0.10035635162740256,0.056360710270947315,0.6052651320898914
cust_531d0462,0.7456074696258039,0.6395525552494333,0.4508109663553571,0.18528950033034716,0.21582065086094646,30397.858656577937,0.06482489425421714,0.7751927690285123,0.25856906731119716,0.41582303856632036,0.405633893154574
cust_b54f2a01,0.508228687836607,0.40382249830930106,0.08304142855610806,0.3352369101821728,0.10698064087192351,31608.530139911214,0.7820591691612163,0.7367133923244719,0.041964052764717305,0.33801057879664653,0.03475125422314666
cust_ea0e100b,0.4224646627759284,0.7948865829943096,0.29280332447803714,0.44949815430850826,0.2594440378101387,10133.002248130733,0.3699610493784347,0.25081944926791755,0.2248206011029161,0.44977806513306956,0.0940882656785486
cust_c98aa293,0.8221007533019931,0.5500218362518656,0.545604925232943,0.3485900181476926,0.12412599017570597,31829.359848650744,0.14854360872952493,0.6292855926833828,0.38803772078976867,0.09996569731020126,0.12233360498172961
cust_a57236c8,0.7119838432103524,0.610861688142194,0.44719988901268715,0.27616951342962104,0.2878101371017104,1740.4692300779277,0.03920397760070531,0.36689826804532993,0.28169665179164677,0.12469549116012557,0.11142521251616155
cust_023122a9,0.49031988035194474,0.5684600130074452,0.39979858242479044,0.09245466072114282,0.08891805448488026,512428.3938093135,0.020862232322392232,0.4392121836103437,0.2511197758005508,0.12834951414878362,0.5719807616554972
cust_8e64d5cf,0.9477240432122248,0.9313136306429309,0.5048275530103155,0.088948888215496,0.10869050453069848,14234.375322314967,0.48104841804298903,0.40732255571598147,0.2254859481327207,0.7546610082631277,0.3686562594503975
cust_538b1dbc,0.9392027648979188,0.5324903730625488,0.4175272210030986,0.3175499910871555,0.2249216931541209,9028.54157103858,0.3480985893584007,0.45909604455958497,0.36773333576559275,0.5001423752475709,0.36349486823149263
cust_4346c24b,0.7080820426409036,0.5755168966377451,0.640152072830487,0.40064152161689925,0.29094072137146537,74060.29139028116,0.3986052964932152,0.6301948090424709,0.6042105934806984,0.13824721990371536,0.9365038234070382
cust_233d7347,0.6369313988530789,0.2815452938351848,0.39916972660321526,0.38104445567639295,0.05502069488111732,31531.93522941454,0.1552214977278152,0.41667491373220383,0.3430080199439012,0.12971876772960714,0.1027651161347519
cust_dbb34304,0.8709248837086222,0.43025176825023204,0.32405272111086064,0.008648137360849392,0.5702554513649962,27762.06125752725,0.7121694781299918,0.6799316087535552,0.20840506679445586,0.22366813055291365,0.3334135103084752
cust_c4e2ce4e,0.6767684404929655,0.28044227979202135,0.2848887680459624,0.3730585106025066,0.11423509688443452,7879.887190136746,0.09523366418606317,0.42269394784087166,0.12613605685436355,0.19162944777347418,0.06404268832457678
cust_316ad2f8,0.2461990591831145,0.7274714367452028,0.44887861996410267,0.3009995144156355,0.19060257000030797,43324.6056433889,0.4786142298159028,0.4619325027071876,0.2729710640521083,0.09263767184484005,0.30506879301255013
cust_39b93ad4,0.6603432900742968,0.3296015543934142,0.2457356618695865,0.15055033018219832,0.3137393595448065,2369.17526213722,0.1864452455899352,0.6475024683141093,0.05532575669324334,0.200687208806252,0.0641543132232739
cust_0112a012,0.5590280204229897,0.5996887831825507,0.1258407816149933,0.4572205416921603,0.1358973542914791,33096.902503393925,0.10151500712978305,0.6362097544098411,0.09034177646072737,0.22753293989147974,0.06177893141309538
cust_f10fb5d6,0.8767505071954903,0.39048707024680657,0.44584372611399226,0.3957907074142563,0.7734972544296218,32783.24618655101,0.3704580158876192,0.6709379898062644,0.33489727864526486,0.0687074245822512,0.1706214456878509
cust_f594ae81,0.8077337283563905,0.3127987990682253,0.41365656659199274,0.6632206438888353,0.2837330240273115,74497.05624903068,0.4829212817235874,0.7373425196683081,0.31152307330183765,0.14523835402787835,0.7368650116209093
cust_5a954361,0.6936376800583889,0.405100396295411,0.11533809902079492,0.10275279498197239,0.6145291934434741,38293.7397473564,0.10357045948684736,0.2833792094028717,0.05457547239127648,0.1966127610804725,0.2735323974406507
cust_92223847,0.9033038624282129,0.14117589492424415,0.2932050012091153,0.17446726358888373,0.6720326573098252,13596.5801334253,0.19615066865294534,0.4858199027956731,0.17277505645915442,0.07306209852893447,0.05622258284675272
cust_6ff3e551,0.9341125417308765,0.5060706252997073,0.7648874007160861,0.32615294055858957,0.36567512213914255,20357.6878183238,0.17397934069552726,0.5318461397943087,0.5482588999152379,0.1330883246687198,0.6930320484800294
cust_d680346a,0.6483892895081093,0.4470006733206374,0.3207870091187926,0.41287662316324164,0.18802814168973808,14925.09839556701,0.18572844040771508,0.2727887944661142,0.2623823642454292,0.31157589428792487,0.006997025166752917
cust_8d8faf21,0.8185078353575267,0.8353324182397364,0.10191248138730098,0.22823720717088422,0.2706866079867587,97111.9920304134,0.11272106970965928,0.5614153350953542,0.06860303845106815,0.34930639331852154,0.7979834743702079
cust_af599516,0.8484087101272878,0.40755611642219375,0.4076442661333877,0.21595292952182332,0.36186834287127295,7836.940945050918,0.4260598509920324,0.44291199137655346,0.28587221601788276,0.32538291384608964,0.09795217352734342
cust_67724eb9,0.8299484750469637,0.26061620116830136,0.2782629631571918,0.41546171247056707,0.47965577437488793,16037.04643155241,0.33784651956137934,0.3245585833367967,0.25966990438696885,0.14629944708156328,0.11933449584119087
cust_fb7c4d39,0.8883564657780106,0.3439705807747843,0.22333106713398948,0.20867006883356673,0.8635407518403292,12095.806832982758,0.28307885684282136,0.3927436414580106,0.1391809832207567,0.1402438298795619,0.1362194782977695
cust_6fe497e4,0.8961913712361383,0.8912611473178768,0.13772529175573725,0.4789342564897962,0.18457601371011245,50601.95519001196,0.3393686311869392,0.9177158505332454,0.05637790281416601,0.5556862491598223,0.8545060463287089
cust_adfb01a7,0.5457217611890702,0.5414298696612183,0.09915233107023108,0.5200726487655365,0.4193048664524445,188985.699833068,0.3798155281924916,0.618648494867697,0.08740571575511513,0.3086802712232124,0.7178379826988008
cust_5d742cca,0.7355421008949042,0.6338101355174057,0.04835735982489665,0.36569339896065434,0.024333709644017598,109839.27563020628,0.1480274434532961,0.6131841762226784,0.014824389209836763,0.2171058028566489,0.8422368724696638
cust_283f6c35,0.753548425485063,0.30608052889742193,0.5172735053197026,0.025365497713843693,0.6761747407816052,2847.1158756115597,0.030544098445074688,0.6809551098382635,0.09836943672261156,0.2525005664420393,0.2278348869310515
cust_31aa1fa2,0.8223553512717131,0.37490198965582183,0.6423669964140402,0.29250003964784443,0.3705161793345468,47850.83014569825,0.017185914743484864,0.4758104004289667,0.2882130500002463,0.22041760760246165,0.13621692080682637
cust_a488ee3a,0.9088426505326515,0.5275879154129142,0.3746125768992711,0.38994555714258405,0.12539211044281454,7706.472283395807,0.4322786073739657,0.6824473068575165,0.20851473569306161,0.2548088420520921,0.09538096034836974
cust_90948638,0.8538848828379692,0.578119396733221,0.7888432512015516,0.32017542622098166,0.28340761797618647,50929.04305881234,0.2921721331391182,0.6883135335337534,0.25055028019550507,0.15516153678143216,0.7144908018340725
cust_89a3e8dd,0.9027126286928451,0.2582699412562942,0.5212805549067806,0.429666016031481,0.1001552841190219,26691.02448071539,0.3838515190412644,0.6234747620499876,0.27320364931666064,0.2132688506397757,0.001836875049982047
cust_dd78e0c0,0.7034685851634405,0.2878966041800372,0.34319922887021087,0.5926488011349992,0.30871907908443064,51957.644351734576,0.22996455697686663,0.8363766475150106,0.2971363696876685,0.2538751781983352,0.5028204336908153
cust_d2e1c880,0.5943022086632178,0.3625731961689367,0.13462077011260812,0.37359603997209245,0.5277425999852925,10399.928223453404,0.5873535975773146,0.7952077012993972,0.04647056428634232,0.078833520883378,0.16013933529752258
cust_e88db8a2,0.6903588620921389,0.44511696378032517,0.6910645015398823,0.20849830380461398,0.18755886705952127,1128.9334691051545,0.7612922086080101,0.24273881260613056,0.6728046496701495,0.11266083184035877,0.033172237116719364
cust_e86cd571,0.8916075232781603,0.4388535839911665,0.49522739328298276,0.530344396025792,0.4193257253729688,270677.2718540158,0.1476318574913698,0.466579476411838,0.43018268749388794,0.16145077099391802,0.8713240741631242
cust_3eedbe65,0.4938188227233999,0.6750690068692508,0.363190181630007,0.110014436664913,0.4941535765868941,125040.28011592379,0.26366794264019316,0.3934230451919104,0.22255968480621105,0.10284225503135246,0.8779901397365493
cust_7cb41c3c,0.9144679850717149,0.14653348058059482,0.23788732080079486,0.23961387951308882,0.5007493580837596,231340.08402810092,0.17095478399507907,0.31277378905898007,0.11139004470764316,0.07661739596325756,0.7556903614409717
cust_5694bdb0,0.7988475283400374,0.5779661383092877,0.21586441037347348,0.14858720477833284,0.32940174773901554,112285.94999177493,0.3155796389410569,0.5819157652566465,0.15798578323510165,0.26152184191707883,0.7436465112088115
cust_d623d976,0.566884259024639,0.41149316564954264,0.6282950645898581,0.25065116200804166,0.191259932956604,1169.190597308446,0.2213066116850087,0.5957467074463237,0.42913603785838506,0.2220233618459469,0.12039620918758544
cust_2f02fd60,0.9299858546296131,0.733877116781148,0.36864261274728766,0.23916037171596513,0.5590154451251672,99900.8005089508,0.47424151946008875,0.6811759652818555,0.30197240788164426,0.46102999350376883,0.981542592383381
cust_d0770f01,0.7552057429337569,0.09616032417154713,0.504966720007418,0.37154776922440386,0.17871528484878993,94989.14088873401,0.3107901493370589,0.583217306307652,0.3480732147222476,0.0477086430533392,0.3736113573012436
cust_229bba91,0.9501965510557258,0.5400321402945152,0.40788302084010025,0.49624065980531507,0.6405417899835991,80071.43652286062,0.2263342621571467,0.2926690694471085,0.22341340204299112,0.10336801964384755,0.4021712845320934
cust_8e6c0939,0.8819552860532954,0.3875719848115184,0.28780941818646244,0.07898075414627555,0.16107389064799715,26239.453330995893,0.039793409059830684,0.8120695744680398,0.0718378713008455,0.1568732630522112,0.005762491756068034
cust_cc2d97c7,0.7597985061197228,0.7163642092335285,0.3198251860073834,0.15486571989573555,0.24986965677681508,1393.9327448372676,0.0929951845527162,0.5447107517310487,0.24251820096820045,0.6672180175255974,0.13194387658739007
cust_71a3fcbb,0.5882354568240398,0.568607706578326,0.35044191916274203,0.08853495206714931,0.5016329782156373,47466.89162950621,0.21329526638017615,0.6466909630957612,0.31309085829219624,0.44564716138794774,0.19833107612382106
cust_da9d1338,0.8021844902848813,0.5686896649276724,0.680299209083079,0.2799525081135942,0.21061923345998212,4180.548001863429,0.3525149257761903,0.2920958101780805,0.37150551384345604,0.12775383020361253,0.19408239808848876
cust_5df65381,0.770749350860128,0.33393534449459944,0.2733164649078463,0.49359052496868366,0.06189571973479381,4248.300629601285,0.013589706551434062,0.16212311794173637,0.06393947214495622,0.22872959288164615,0.24564813365111424
cust_e8451ca0,0.6119815217362543,0.6531768212125166,0.28272750914502215,0.2684296324695345,0.24814614981515482,126199.05670679397,0.2716190858391024,0.5017959545412158,0.13982066372127233,0.49620081380599446,0.9209131329719498
cust_88d6bc70,0.7929021919380177,0.2993238178871746,0.08223113843747351,0.6596713020943887,0.33667558529475616,490.7001475129578,0.06556616568491959,0.8272158090749505,0.049514861847128895,0.18651593118043824,0.06149514740325015
cust_2afd8b30,0.8799264281307533,0.6614469842487724,0.6893987908939935,0.3308212930846121,0.393955357047808,11479.558575497964,0.37190814203428046,0.6537588258594995,0.5760658801842571,0.2576104483323293,0.27659401731651034
cust_29d30b01,0.71052793580601,0.706442189432594,0.44817426191946863,0.4612198754362148,0.22566958312143795,1211.4280052960853,0.24946860937292015,0.70595314436732,0.11761639930510268,0.26495097785238136,0.1739553556742926
cust_e7e02f2a,0.8253536385240442,0.18499512661289313,0.7070172473451852,0.07434226387864637,0.7960734855747854,28563.141089685592,0.26699614284973006,0.2546407391273173,0.2842029262599201,0.0339037428279253,0.06021051781145649
cust_e47de6a0,0.7396147751301912,0.3003717063836736,0.14307253571833758,0.1118463281533973,0.24778937803246237,78565.42924141961,0.33668160822214915,0.5807592353104835,0.08001588111198193,0.04896141278458719,0.7960056957910373
cust_d6e92dc6,0.7994230733318711,0.547413569415566,0.6746122342100281,0.22066070412228378,0.3413919906034347,2406.9444769776082,0.4155428489430556,0.324982533263095,0.2601436486913992,0.39996778168613956,0.06633372586190951
cust_063d5312,0.6213026522894577,0.4031670836499372,0.547280832030932,0.304851701879865,0.29246623310882464,1455.7888541321079,0.16678261248113035,0.644080665473986,0.35245982840129686,0.09234915785689075,0.24999772267589615
cust_30620ac0,0.6900060521799809,0.33960076622333824,0.1512042374812636,0.5056748102405679,0.25744388421544223,28094.677366903103,0.17731277913009416,0.1526688994896913,0.11498469504083843,0.030147653287964454,0.49705621207920136
cust_ab17fb67,0.5979027302114145,0.38650616637097707,0.5405855009177308,0.29800977860092426,0.16927242778062837,16831.784794060575,0.17274655499095823,0.37825728510899154,0.34542816642373536,0.033692899426749356,0.0059964190259307
cust_580b440b,0.8308959743706277,0.6088555555720223,0.22935512334792524,0.39879327862670766,0.3482793728122601,16151.463054031985,0.4016361839231191,0.7885767698736783,0.034326514847873975,0.11088406726873709,0.1063970284089343
cust_cb1c3f15,0.6273252997444808,0.22765510607306902,0.28395680724734673,0.2843013611179068,0.23335449857200508,45261.41292790504,0.26735106366035877,0.16885733024844665,0.15313709503024653,0.17323900461592073,0.07288559510675577
cust_a482b3ec,0.5762154523317324,0.3389141806686844,0.23490184400379918,0.2654107443998324,0.12410838520969913,70406.4364288919,0.2209113385983481,0.24511680775704953,0.1135190923856133,0.15573315032669477,0.5068122221140791
cust_84eba082,0.980119528489251,0.587255636439887,0.3756781244213342,0.36837857008043196,0.5598886384281891,3338.1186176324018,0.05059729226859668,0.3221114950319062,0.05003030453827198,0.0027724375533480965,0.001643980283906212
cust_bd3ce42e,0.6063407030120702,0.39001732765514074,0.38145707856822186,0.3525069880242894,0.055772356183824326,56249.28337331854,0.23398018789545302,0.7565902355870664,0.08647282641822583,0.34568966584928407,0.7370053690328682
cust_5792dbf2,0.8682437323435283,0.49133645891443406,0.666194952000444,0.36061689009975567,0.5514365999728582,36974.86303692318,0.4410825822713813,0.4212276805784656,0.355859507518621,0.1965137866727822,0.13263238575739292
cust_38cbf132,0.8588035272313398,0.5331791140700288,0.22631104782914946,0.6507906061015363,0.39058326502709667,49180.94843582641,0.4035842857315144,0.4693377128427861,0.08161521622631504,0.1577356833022545,0.07656619006216486
cust_c7660078,0.9004659250650558,0.24852641283144108,0.8113036525720301,0.10136767033103482,0.31805617769957495,17795.430961607133,0.13509235507939701,0.3679122010524586,0.4832765109596533,0.09079685493745747,0.3860399678366978
cust_e88ab0cc,0.4235793766396232,0.5975848011589522,0.12037256869518359,0.21591621081869822,0.5244554946713591,1722.0477891339287,0.3896041099410516,0.5692687795484888,0.09927135685105597,0.2363556617137283,0.18427117401008225
cust_285c9256,0.7130625174085274,0.21908577740744511,0.3900776328771354,0.17192549735436896,0.7317885543873167,126512.08221316428,0.2636145760095406,0.3147949298128936,0.3097347649371347,0.12306376182938387,0.48861323259154504
cust_ace047b0,0.7199746687860694,0.630264513290347,0.29762145687725444,0.1660910862623915,0.40142273019535346,12314.148316187402,0.38159975289369846,0.5197666941530469,0.24777045418547078,0.4989212842505112,0.11989610836082695
cust_57100f1d,0.5934755594044752,0.5203121614798687,0.5109998692608364,0.0959139485988549,0.5433545332085445,2522.1633533915215,0.33566277550204887,0.5154094891233097,0.4505692673824071,0.42000830419479873,0.06533134819231153
cust_6513e374,0.6536726948769289,0.694658463617261,0.5278353054270467,0.09929867003388179,0.44147839234532593,15858.406731981686,0.1727727429070216,0.26866934777434465,0.21686448874174355,0.36241195143605365,0.10156968207733094
cust_90236a08,0.7675842804271196,0.29085132178698375,0.0330030710000326,0.1541966168558793,0.4174310719253835,36825.79289155512,0.2738866761286224,0.1536177304803009,0.008175644519159897,0.14143960058721877,0.049628747607067605
cust_fa2662fc,0.5988986186267382,0.7412510191186434,0.23567998626074838,0.19669042580818444,0.580376905054129,29100.739132767092,0.4672322881927358,0.45141730011046644,0.12266476211054662,0.46587083585472694,0.12772951246376904
cust_829a7ee0,0.5745155670205545,0.5650691132355908,0.2733610592864799,0.15755690926430438,0.15064178974779613,1708.9541504669326,0.6279892995886462,0.6519686785963228,0.22211717200755754,0.32784536642016204,0.10515138445067133
cust_3f620ef9,0.8640005543519036,0.7600095708796871,0.3897283797255727,0.46071240387425755,0.1249126744505352,3761.2213023778413,0.21651697172360412,0.399501609767469,0.35976111913032255,0.5722063372483706,0.18402678782292337
cust_0100c2b7,0.5283059583032556,0.7648478606063009,0.5594603814928579,0.05594036314555225,0.361638706902342,45797.064277037454,0.5921460566045506,0.5963730455025361,0.25593283327126937,0.5254417868357049,0.030388645577804425
cust_6ab452d6,0.7960074635562092,0.48750862225018216,0.5605572024449555,0.20099375402119674,0.24688404413091,1681.024329848738,0.16288157940133224,0.1785132667898549,0.4649181185604423,0.3528051870867762,0.025776050590581724
cust_5606e43a,0.518471233529352,0.7690267512424366,0.21733757159872127,0.17697938376659364,0.3791441817392554,13044.02057796135,0.23171776975865285,0.5752262097721617,0.1023554883047946,0.3284087272350839,0.10232972955732368
cust_73728bcd,0.642450526359882,0.7044581146418122,0.20837996521090715,0.68326303883112,0.14737145651796435,15544.61004143026,0.2705030517832039,0.3255212750110073,0.05784802350609392,0.44109561810408676,0.109849591385279
cust_9cf352c1,0.5979401503222983,0.4670917360947164,0.7837139762344195,0.3112394498091984,0.29010126998236013,1836.3589549693065,0.4854628048292833,0.18480535896548056,0.6321527538522039,0.2716270738854658,0.11673928538166112
cust_d6b3f9d6,0.6585506861590504,0.26274739367235084,0.21534104316831001,0.18375188886137997,0.27981057694416295,22738.31345265018,0.3460233265925685,0.42348648276990214,0.20157514268150703,0.04030101507923098,0.18433827625858457
cust_acb01102,0.600431477063827,0.7329125337725543,0.7681961662948019,0.09396066413727093,0.21707204639327768,15846.326696764272,0.26945681069811456,0.8302433076951212,0.46034884983009355,0.3995672404854335,0.19683199165729176
cust_dfb0b673,0.9168046660431989,0.46539049157156925,0.748000514308949,0.23616826644231037,0.33079316582666024,7120.889075282663,0.2553360729310343,0.9285634242090516,0.457909733796985,0.37269413745162455,0.6121007485763876
cust_310223de,0.674825386460307,0.4350395042398493,0.5742596805378772,0.10927219320678533,0.17136860449746807,11865.576445294006,0.6341655736436304,0.4881722208063282,0.4226479493891104,0.2822637835788733,0.11638824021596235
cust_da96f19e,0.7443246157891391,0.531621749291631,0.6380512875240958,0.29056387179970994,0.1333242185893224,14516.50426153544,0.32529180332381413,0.5558277963436005,0.5845766250132581,0.3616979028848028,0.14007863066175885
cust_c214e65e,0.7138904015560033,0.40866926456506886,0.5003064911320074,0.23614891750753994,0.6355697054328474,1593.7191946500975,0.13229563908071623,0.3288257138636747,0.46109408352821585,0.23086326956055983,0.037782597272864066
cust_7fa6bfe5,0.6791975950013251,0.6978180112065309,0.5017339855477458,0.3342166082364579,0.5715424679736476,117232.73434244317,0.3144482558409552,0.3845870204688477,0.43298368783393226,0.38783685009464375,0.7873548824131759
cust_4ea7505b,0.868472132256576,0.4701099535317393,0.36529405085729033,0.3341332296768792,0.20919462049373364,24103.307173052985,0.287279614492706,0.3785749516335538,0.3610089231326014,0.20229883206883414,0.28459012086537366
cust_51a46142,0.8852160296453699,0.5318407375846061,0.5765508036885256,0.4848124733782867,0.5754639930811322,112595.80350913589,0.49975099870996237,0.651722457044575,0.2173407663993671,0.1370268578672386,0.7814063191318578
cust_2c566bf0,0.6829493558794065,0.5763319620168287,0.7054880187392841,0.12158767118544782,0.7565348856261962,3569.1210893875323,0.2078526563803821,0.9142051056163746,0.4633539158703534,0.08775026879727822,0.040797647797410186
cust_d001d4fd,0.8290125076838765,0.671955019559189,0.36639007363895115,0.1784249153948186,0.6264493839859251,277148.15490344074,0.5276880530700385,0.19610228145952885,0.11366734119934155,0.45021901933443975,0.6236463953969201
cust_ce9ec924,0.6961692918201693,0.6307256623158698,0.3956501554250752,0.26835128068647246,0.19403635965817062,25189.622146098627,0.28967852386281445,0.48022823014676347,0.18875798263149995,0.6187127940291348,0.4003922061012807
cust_381b2430,0.7983835413956935,0.572701442322043,0.2945621056446424,0.21557564517145802,0.2308067639703053,13353.398501306452,0.32146852908194207,0.6019768387528119,0.23786242163154447,0.2332433972004018,0.4185096572535795
cust_26d82e66,0.7159959345221828,0.5715034137423384,0.45735334138171174,0.24515251451808323,0.34646645962762634,283178.16487612954,0.2198670138273575,0.772049893594914,0.41211766140211015,0.2843403773914422,0.7998251969892304
cust_48f2e816,0.8918226030644392,0.8561380486653422,0.12733922233058892,0.4522590528033857,0.35476721440120157,8225.707152937286,0.09318871350267127,0.36897251394465486,0.0600949898782901,0.11688483671268594,0.15853080219383903
cust_fdd7d1af,0.8202127920417721,0.7823120164227887,0.593641395492408,0.13496345725918385,0.8196733759859652,55481.80089099385,0.41227590011139126,0.4400931814973666,0.0975287136791699,0.6673366404532074,0.793547028052327
cust_4fe18d17,0.9047810748168957,0.4282541444023103,0.4167051504187785,0.49113981716626376,0.42337939888262155,4476.337530185729,0.1741277314017726,0.5397796931877249,0.3458236407945398,0.14524487399239186,0.2866285453119414
cust_9bec8320,0.8766792349767879,0.6287532957888557,0.1704505817674535,0.23659177943884513,0.5485249582493649,35708.560631439075,0.4345438851878134,0.4645977991690573,0.08476135070639995,0.2788075695273104,0.18895264446326843
cust_501014ed,0.7570405589083464,0.741533308475373,0.1533278832178923,0.06416366478670678,0.24668584918276443,4964.662231019023,0.32993172376559693,0.783315747855079,0.0718236621188482,0.5520390409740298,0.14533533694702896
cust_3a3c1099,0.8449918544398566,0.459294015685039,0.550280788557434,0.0856835424938047,0.15839522047939192,26786.801944564235,0.21400438956955053,0.6834309373977646,0.1472763291966108,0.1749225837518996,0.3546191074319721
cust_e4438df5,0.4929118537192583,0.3357738174281182,0.45235731315417277,0.3569626119039396,0.2515459524618047,6996.931095219576,0.5576469980637596,0.19564996200165655,0.27873957274872235,0.17874659566251225,0.1373288463320492
cust_a00a2db9,0.6239425403463364,0.4910184815652905,0.606945108091551,0.06996265386737276,0.690255017769008,4409.589325529323,0.28370326618797626,0.27946945457474154,0.21596063940460417,0.1660951556207862,0.3925366108513606
cust_9bb4f29d,0.5298735960132187,0.3298802233581273,0.4046596232243666,0.2687072553532948,0.668888340712671,10809.188591982253,0.42596054121984284,0.40411651874029547,0.23515633456466364,0.08767192466916553,0.18492189250590568
cust_f0f49a6e,0.45932653842654797,0.7594160055216838,0.5925585437844814,0.18552728117844933,0.2255980769729247,39199.82140608765,0.3224584461651225,0.8972276290887659,0.312466069215851,0.24082087891658358,0.1135764923946252
cust_5e4f1897,0.8543663925325089,0.2342217336713705,0.8079409029933092,0.15947345527951973,0.36040956602912433,28096.44763050661,0.46687333411407056,0.5037929723962332,0.6184118700380794,0.1988619040599739,0.32452271717593717
cust_a5c33aed,0.693685199624206,0.70050101090954,0.21537054151942278,0.23939327906752308,0.20363679033516346,4401.379372500234,0.33257824004518893,0.3482867289692099,0.19102525882434096,0.5455381811633746,0.005968880601942615
cust_1f5a2f3c,0.9649699339287406,0.5834012930191821,0.4953107586913991,0.4407364908135932,0.025243717741345203,5973.21525612648,0.258177369856608,0.5134116893140817,0.15875523201396496,0.5563332973139604,0.10152214523792558
cust_9da3554c,0.33516228043099827,0.5917812312585249,0.6408782064231594,0.21528703368552027,0.5419492125801626,20640.649275157186,0.391071626159236,0.25275555791794446,0.5716223505644304,0.4421155146326216,0.08508671082849198
cust_f8220302,0.8715876482495086,0.4545653435034529,0.19237126274578165,0.24752791575994906,0.33753889198464165,42599.94223482126,0.2886201293699452,0.5629791273586718,0.1534740835850924,0.27585209921671605,0.036065844165828725
cust_f0c04824,0.9685549885848496,0.46242162154171274,0.6430646924424117,0.29802118962257906,0.48200785127517726,59966.107917857276,0.285472549799168,0.18647009640068907,0.11359725090502285,0.17468076506681865,0.7155514506797845
cust_5df1d7a5,0.9515265916388311,0.301957278582122,0.07302949510809148,0.39769027031042664,0.040786433694710564,63790.385523535384,0.09673846370211989,0.49110711276061886,0.02501927502892857,0.16385546247666388,0.8099000480933264
cust_49fd077b,0.7643033048432631,0.7828769770307229,0.3388276682118405,0.024161930946730015,0.27378989678777704,16764.384230583288,0.32523008520909186,0.3110510725722286,0.24965702784120558,0.06948608805645327,0.1411628225942012
cust_fa3e67d9,0.5098636965648873,0.35762185477943514,0.4838734486781087,0.17432206592618,0.40514940335702065,13693.5494679141,0.3728940076280938,0.41787739720467537,0.3717867254322187,0.20093800097499634,0.23803618047480882
cust_db306654,0.8265427883410849,0.3972873568944299,0.31174503465411835,0.6417540626565692,0.4361073192832313,226655.24601482667,0.5000060864316632,0.5186981230229804,0.09694592327260948,0.26430114239131447,0.5808786651767072
cust_8dfc30dd,0.7137956639147561,0.659537705257493,0.30273950250327714,0.5447546262432481,0.3951829077210327,2479.6978290054344,0.3853843479791275,0.4235152725965629,0.15996707783148792,0.23175013803104316,0.1181554747115394
cust_ea5765f8,0.664810914263831,0.5786530033443246,0.21089823344524156,0.5245936812894783,0.2587756450001826,28960.08157046078,0.13858483244774428,0.7848223633148594,0.20517248141573569,0.391758702098712,0.10358302249850969
cust_b58cb289,0.5680590270764878,0.5994308495072681,0.41957126566217695,0.19120469831660653,0.39585550746573495,10853.83890359954,0.573621914237,0.3879107721376603,0.19621843537811512,0.4715800077855251,0.050900822963546435
cust_fd828b1d,0.564238357955867,0.8090351465072424,0.18763888703341663,0.6631679387631797,0.27178367704470924,12310.743279240884,0.7029678254856373,0.22894921154620154,0.06480912157698435,0.47229581783173913,0.40171191430398384
cust_e9ce9591,0.9686237171397052,0.46155427704395413,0.1833007731634234,0.4607828096448926,0.527131490221801,50766.74193706471,0.4378425311334471,0.49711974938789394,0.1448696781975149,0.23276310304496864,0.8196135238080761
cust_21751a90,0.9727942390389301,0.820612249189961,0.46544120458182786,0.17547621093410173,0.4407227765898499,133690.40681096577,0.06617946101622861,0.831596749486464,0.2877833256630561,0.6603199823698267,0.8800430595768975
cust_573af690,0.9695936452848768,0.47389727633017475,0.29705626555642484,0.2825085213683693,0.41392066112414805,261776.21118623193,0.22205867654952188,0.6449500306581926,0.2749584239387565,0.10335907330413159,0.8994405517979381
cust_0281472e,0.5400341001108684,0.6235437102825186,0.4253830361631092,0.47035420419474105,0.30680254676966034,74220.79649671138,0.18957917243653094,0.7206299097305581,0.3817711478740731,0.4871965446149109,0.5897088184427959
cust_00544750,0.7691332663077005,0.33903451377555527,0.2830599760851343,0.2670695415909843,0.24496814819682874,394.9294051085243,0.42226108919353217,0.3317934568546428,0.19901136777125142,0.07642142279167617,0.2929926638034878
cust_b7d0916c,0.9254784373425667,0.25286809887472383,0.4352430964013221,0.29581084454619516,0.2288269510643493,5702.241270946325,0.06569308507473479,0.3195788069926471,0.31705996924829766,0.16483921383708752,0.12225102019000945
cust_0ee35ae4,0.5032703957103634,0.9079492007360424,0.49638321499678556,0.4443851049549428,0.35954607798190374,21703.631690237664,0.7983010689069138,0.6233405728450793,0.3148634851739429,0.32425146297959534,0.15331245361087337
cust_cbb56bc5,0.6504350472611847,0.27962253740964765,0.17670949960562982,0.22162685985225736,0.11328027856435856,10871.298142002941,0.4536739261110896,0.539733328239584,0.032922080534592287,0.004286477927336065,0.2216034392321742
cust_c5d94c43,0.4389346436484415,0.08332499106707277,0.06377520277654906,0.08332483486224883,0.27010844739618817,24349.470314087703,0.43495198581717665,0.5909701383889966,0.03421767823565002,0.04607866157714248,0.4394345773712544
cust_a4d2c48c,0.6499558777383858,0.13119511008860482,0.6453667320664089,0.4099013535319955,0.4565444532138206,8934.07208603827,0.20265482606674626,0.466634926112287,0.38449829621839515,0.03736370075475091,0.24486066522392907
cust_c6f7731b,0.9453431334389921,0.09773230080968665,0.37423258938131115,0.23349732758088007,0.1760595370743904,105102.77465899428,0.2031079190569981,0.5547513798914471,0.26751316223499416,0.05874559173323974,0.39382006409672815
cust_e347e3b8,0.8912041319858867,0.5939831819149795,0.3709821741745372,0.24781081801299787,0.1321745132830074,7622.070749114753,0.7510019324734509,0.23685797318320712,0.033504008422298226,0.3608646277395707,0.4420964164306603
cust_51cb5f23,0.8615189143978822,0.22308654745955758,0.3526759773913648,0.286868927560541,0.4955341607439371,179159.68025071124,0.284084525830829,0.5821183047194906,0.29205376964571417,0.1202741441396169,0.835309199441223
cust_45209aa6,0.5619030321691827,0.3425777461524265,0.5842752919582014,0.21745518451652568,0.15655113984105018,4792.074470974504,0.5363748169765657,0.5866724199176913,0.23396422997274663,0.18044765127869614,0.0389722547180535
cust_10e060d9,0.7942180492070811,0.4279310802132687,0.8785156788271212,0.19648323791759764,0.05093314524403142,6925.5166041084085,0.20934948781153026,0.5526549560621391,0.4598097104051782,0.3555088469892735,0.2844240221344667
cust_b542dfdb,0.9037960083137374,0.43762001760535063,0.01544080131352201,0.5019121553684456,0.1768843332587862,914.1800033273117,0.7805269637818973,0.43107651912470013,0.006348274184733508,0.07940113911730107,0.11314329127316698
cust_eecd298f,0.936294698983308,0.6746401464581561,0.6552071877565614,0.2141465794458889,0.2688154764836696,11626.05907815997,0.5850695239910606,0.32032231479181045,0.4033975143068751,0.050800098270712836,0.29308024004415106
cust_0ead8860,0.767733916863259,0.35262302509507937,0.400400556825966,0.20466697843150405,0.07019406304757012,72126.05427523756,0.18326760563893546,0.23040637781879067,0.21447971796508125,0.25470535423021745,0.8772423900984188
cust_afab3e19,0.9243876788898726,0.6131527217829918,0.08665657675237316,0.29238051945387117,0.2633696866136333,37058.890610955255,0.7460969196409585,0.7740223652727812,0.07398468136516931,0.31710208113810173,0.004867487003789141
cust_f12cf4d4,0.584705645763781,0.6193907069661633,0.33705681894841577,0.013255020199474036,0.2366565041021733,1289.513929209358,0.42248008134837456,0.3939058402226799,0.24860238075939595,0.4611012934797479,0.31097269193202476
cust_a68f1231,0.789341759401539,0.4270800061349055,0.2906608073036427,0.3440034759537424,0.5060451996691668,3364.6992403109093,0.37316229987419935,0.21932680617311529,0.15468050329412197,0.32006371238270936,0.047191479813877016
cust_14ca8a0a,0.53755803534944,0.6882964426088083,0.6754060217443866,0.1366191539247055,0.2559471079803197,27807.254996679934,0.23256736387085228,0.35195017917329374,0.4889349338090317,0.39052683583568787,0.04070105691789767
cust_f07e97ea,0.6972969239046283,0.473064502937561,0.21718836148786913,0.3320750511838607,0.5771149692875353,40488.929218400044,0.20377530724927229,0.42469796581283636,0.11576629444993697,0.3418409853422911,0.39046348367108413
cust_7dd2bfb5,0.8154108128556802,0.44781373878038755,0.4184911413293826,0.33664891950551956,0.24961632758805566,4802.050714622644,0.3272914528754921,0.6002589121570042,0.27005702638981627,0.24355940268995424,0.3597105192806813
cust_0332adde,0.8875309580072221,0.2538337990965715,0.5141237800772387,0.18736106584774945,0.15536747830245143,33833.46864352164,0.643071732577794,0.5289274504777078,0.25057019900206323,0.162301249218055,0.161906050746129
cust_aae76d48,0.9281773896533304,0.9243933942874757,0.695670736670435,0.4102077687569879,0.3840760610974367,15477.542322314994,0.38669351235621735,0.5795116622190541,0.5330406049714534,0.37073275574783643,0.3789596232761835
cust_186f45e7,0.8016746232928638,0.5632062250466157,0.1435314737132751,0.16265415071887276,0.4550027361930193,7029.221715064628,0.5321780240201573,0.7450830796655135,0.03899949055332406,0.36672512734599366,0.05948815673095709
cust_eeddd959,0.9415988010145914,0.2392531281734826,0.4788083555913757,0.049545947903294314,0.2385260453676049,15601.538308592395,0.34073077410184793,0.5225386679416761,0.3330972353413472,0.05555481617278369,0.3692883753334113
cust_4b303fac,0.6594331593628668,0.5104568638544038,0.7244851025463124,0.3401078843401709,0.5741120925788931,127340.02361923532,0.3989470844791849,0.7888347651329454,0.40916732978478254,0.44937523494307036,0.8217754284654329
cust_66aba758,0.7629394857626254,0.6562651180009351,0.20786879063760322,0.06156209841596678,0.7144349135717145,28825.20924680735,0.4349003512688546,0.29132291804706517,0.09494330110780012,0.1346370463749039,0.03438596939967913
cust_a01cc042,0.4994606790223553,0.6781466355721923,0.1633867445265811,0.39121812104644527,0.17216679848506364,12050.799636248204,0.6178283096177698,0.3581590875978403,0.06370660547646273,0.6323349211354278,0.020958553613239964
cust_1fc218c6,0.38934081847808744,0.681838527396726,0.20998906992776584,0.43548083299005497,0.25544723853523943,5219.42347209298,0.5738353296950589,0.3809024459980271,0.08041447150832257,0.3045864164172704,0.19754134821353986
cust_4e244180,0.7451665692834839,0.8333859592314979,0.5386985388593561,0.5611235450607058,0.24660791925722603,2323.1164990758025,0.25456275506980586,0.6038442652034015,0.15903870453142313,0.04742057099981337,0.05387063028503299
cust_d81c2bc1,0.8491041594116173,0.4227737886632722,0.33165533365032107,0.17684493792943523,0.3607385363530716,51985.21778375099,0.2755165899008671,0.4282327474609168,0.2835537052100267,0.2709437007070643,0.7292694829004717
cust_55d55781,0.9770362509681271,0.5388055526875808,0.2971820270335722,0.13717206380270536,0.7085046994250961,20264.38458823514,0.3610602752179979,0.7812474303863718,0.14892630118684266,0.19998234393231198,0.16619789714698857
cust_147a4e00,0.535251332381784,0.6432537825020017,0.4384822358777975,0.35834722808424135,0.2662051980222621,112014.28709365925,0.8107742719795462,0.3127023472095188,0.176303152165198,0.4900614259725278,0.490067073797582
cust_2c3b2111,0.668174408370516,0.33219254082388805,0.561445677970003,0.18565093115797618,0.2260097762360856,8531.439366795139,0.7387227412124745,0.5651356782059835,0.3838049451254095,0.2493158836346234,0.07213632168903063
cust_6c69c8cd,0.8611264771851,0.24138240609744455,0.2041315639055853,0.3207640926068133,0.2515802827704119,278866.0391181256,0.4432199642774576,0.27050768752406606,0.17502578258528048,0.158557541593601,0.564249987386749
cust_78a5bbe6,0.7759544738333606,0.21130201314596034,0.15247550281644806,0.34180626283061794,0.536880097407863,2371.010800159647,0.44350919008112466,0.6437169105597049,0.0382336019208863,0.017742080371928464,0.04502241667860995
cust_d37cc22c,0.9293432862611095,0.13745459110758915,0.296711341743165,0.1640533668555194,0.16364712988150035,2364.424578452987,0.5824893870889457,0.44331797379529847,0.10227085201720355,0.03663024593699274,0.10482906584153737
cust_1b788464,0.66360212269097,0.6211613614259202,0.8652711519593984,0.3979238468106061,0.3359008349206488,152444.38326800213,0.24442693527655457,0.48542417045882125,0.48046877634609136,0.075612130324154,0.9119672783643505
cust_eaf1de2e,0.7420004578971061,0.31243854463772774,0.7627566448111793,0.6548048122612891,0.3726399384329286,3206.139561819889,0.6480146950321527,0.73015880881031,0.22518912855348305,0.027963406494488936,0.19147991367011333
cust_34dc27f0,0.7725922094860187,0.3898033006582643,0.25858418634019764,0.5586397897077864,0.5058762885839988,23772.211218207718,0.404971730300889,0.5614525307166937,0.1416754588008646,0.18622302354397485,0.2819440610759508
cust_2a4f4cca,0.92299529731383,0.22023390669973772,0.7725882902577764,0.10253692554134623,0.2509741914821037,213814.96725040264,0.21007202912908876,0.6251738076494092,0.3941360744714445,0.06462708581410602,0.47516185801943855
cust_e47aefb1,0.9569322160837546,0.7656880445495071,0.3262144460131274,0.1520739064359004,0.20357196148860973,148562.545109907,0.17366037746200705,0.7927737504974816,0.26814034368070044,0.5704550156519388,0.8907815939484973
cust_ad882b3d,0.9550039771580144,0.26257636654863936,0.655390587931135,0.3346288674809092,0.3767148063998185,6213.781360221935,0.36955535515921306,0.7430272620052556,0.5005640305270871,0.14795485699880592,0.10018199552361705
cust_ae13bdb0,0.6558939689702695,0.36290053602859634,0.41405813040725203,0.08216207348855697,0.35866958373239644,11531.64083738337,0.22098148825004985,0.3270775283502793,0.15307078140768635,0.03489594506869563,0.012930666680394285
cust_4d04a7a1,0.5325956600516882,0.3735060274935864,0.627792542960697,0.07356023120350808,0.6107302250323171,205375.69646443689,0.379132927370804,0.31766257216380156,0.40888681168906194,0.19739990663432502,0.4110265865989534
cust_f513d3ca,0.950983758834021,0.6968007194199933,0.5034142154868663,0.18556099275896792,0.5502554310966351,199832.35971261447,0.30177661111194803,0.6570240106835102,0.21305175958838135,0.5987165383417454,0.8722833620681296
cust_5f90297f,0.9551678187170255,0.6512728898803974,0.6874418987048744,0.19251570428226356,0.27879244598698916,191579.66910891864,0.6915889757641146,0.5524251712303305,0.16476466657979105,0.27809906723220723,0.6068483164594743
cust_8159150b,0.915513360725202,0.26472354410490506,0.4056484150733494,0.2588053619697947,0.4347142766606128,903.1604010712985,0.12147060291988414,0.610861088219409,0.27462333724646226,0.18884987151664734,0.1033676859163048
cust_58bf0017,0.9394893826256493,0.47033374618983753,0.6111098077439789,0.23527147000180657,0.18287352075651822,22929.460095278715,0.34598463416474445,0.3409898766171251,0.3754796626614514,0.335548267301934,0.18832377588934546
cust_18ebba20,0.7226495161283171,0.646768030328654,0.43145263614992896,0.4248607473404074,0.1394393265475601,50417.60036820836,0.2718141545098429,0.2805314842978764,0.26565737485971036,0.15441116338839664,0.04653520997695798
cust_8753ec8d,0.5304966721785642,0.733430759216867,0.040969136451206895,0.18216273882209247,0.308733300916473,59826.79345675229,0.41320802244491817,0.2757943447716707,0.0364502129886908,0.11845136376830259,0.9379373994384298
cust_6cad5b73,0.8963446839523627,0.6423584045432791,0.5458809130352742,0.226843438220575,0.23698293671506337,267963.3900011024,0.413956608090684,0.6738315164651878,0.5157867859865365,0.1644763474006407,0.7529395997587814
cust_84e573ac,0.8054678410448682,0.5873134740726657,0.506448671895181,0.3551145443388492,0.31278492554201204,16153.42460662365,0.3106954338455955,0.3468677542483499,0.27479633602211245,0.1691073374824648,0.2252112447382129
cust_721f1ddd,0.6923091010059619,0.6267317700020721,0.2794636888248138,0.26101413840298227,0.2520473541256827,1789.7486828752212,0.2303916430623775,0.5693040114262441,0.17639757383939478,0.4026021132351602,0.035900936797258615
cust_1eb7ced1,0.8167687846292675,0.45448517398173466,0.7688526674569655,0.11434922629775333,0.25754617493361737,34005.157669210224,0.449007681626641,0.4741377814002034,0.23614609327361238,0.3636328169367214,0.2637845571895724
cust_7bdde264,0.8708003033687453,0.31214212092192506,0.18610498491137847,0.3562716106649856,0.09386378099785887,556699.6952140804,0.18590247616686337,0.7596704064030716,0.05214964186257832,0.10410809961733494,0.7484940274994937
cust_589801d7,0.9337854820549721,0.7429933145251341,0.2231905773464113,0.2853067249149334,0.5849947899550668,21380.02674659239,0.19527882475520505,0.4253482324803877,0.11615434666914626,0.13005182970800644,0.3739311000347943
cust_4c3a6d81,0.7560645490302151,0.4456982080494172,0.2235574883998011,0.2722967195594841,0.34621378436267336,67363.46714111514,0.11321858555243361,0.3911606489463319,0.20574581231297231,0.1720662741354832,0.7137522857113522
cust_1f23a9e3,0.7178848387374034,0.6520072967075284,0.43190236971102625,0.20009424602997428,0.38179134637920975,339752.5552834724,0.17013540435290855,0.7615485387930777,0.2913649564559202,0.3389978798952289,0.3704955117741685
cust_78062641,0.9324784937646473,0.3461464756178098,0.3065478516847718,0.6694471149067268,0.08522797908639529,5267.760083726635,0.018216424292559954,0.5764082799963995,0.21778846381545813,0.17929498832211502,0.15199452139738015
cust_aa0a61c9,0.8876656894314812,0.6318789421997413,0.08918239437523061,0.554201255533056,0.49452099026146773,39771.62377740549,0.38604764466086994,0.3731951544452518,0.04190718042128121,0.5481236092711272,0.04865873584432363
cust_44adc147,0.7769974059878667,0.6891169248101398,0.7291353426383291,0.19717472374731446,0.33212780527924907,344040.00854022277,0.24552728862037504,0.8472811465541756,0.23709989160536402,0.21028350251557576,0.32997256177542084
cust_d8407f07,0.929518513752875,0.4120780358351444,0.315589926546548,0.2598001003400998,0.38002721580417215,167014.2448884161,0.30117017443790384,0.5503913782137899,0.269665542182989,0.22869931784367456,0.8590765773140437
cust_8dd69617,0.8647438084019848,0.2635694232968422,0.5817403133831291,0.2637597366180505,0.6908997668210924,43887.62384522903,0.37673154555822785,0.6473708932462258,0.42529332558182437,0.1895011707035194,0.18184421430764483
cust_381017d8,0.6815829120695852,0.5052072241198156,0.22358325187986997,0.6410266380984625,0.187935978264125,263817.3370183874,0.25833725296731264,0.6300954247807403,0.1075656891240306,0.39866566014554067,0.7128869019124492
cust_b9c7a6b3,0.7588759394642173,0.6501437916805228,0.19311598368874147,0.4440287376636711,0.25384717857640154,211536.9940587938,0.5465082659405761,0.3247304714278008,0.10911244284519804,0.41183827875905854,0.991728528018089
cust_8daf51d2,0.580556158673979,0.351498503664812,0.45983535751029736,0.7013264120763945,0.2216572278199319,9079.758341221586,0.3485248111304718,0.23251125787500104,0.17692615428951278,0.2386351986444743,0.14717994462780962
cust_887283af,0.6836541596114325,0.28518701673700386,0.43133234936959103,0.35177793691588966,0.4931904521812258,8164.699404400914,0.39354763005204907,0.645624812069449,0.2886873941567178,0.05252751590935981,0.17360657830679255
cust_3cca7603,0.7680541121986257,0.5179059596044978,0.8157891253616865,0.3092214454405877,0.22247621077406535,145338.59628080408,0.06866288575129033,0.14985018518711313,0.5151936488440988,0.13300025662843643,0.3391056809080553
cust_73eb84aa,0.5623697599567032,0.44007793381631327,0.2654903443894973,0.1529379676449042,0.17862978536894503,22548.393288561543,0.5599154866365168,0.4283483010305251,0.2382124839419047,0.129436428753779,0.0837128963266776
cust_c7fb851e,0.6965404686499697,0.7325549660060421,0.1391269228115222,0.41636795807973054,0.1267944445923983,16946.42040551531,0.19502596506171113,0.4386484507165274,0.019283661076410958,0.6106250638078135,0.17889086659180656
cust_c99bdef0,0.571166145290963,0.6946992902284483,0.5425611991994385,0.11195044578992487,0.12445143292470401,75440.71168977676,0.4896811450887172,0.26868706522565855,0.34966028551026396,0.41189960701792816,0.5185215019366446
cust_3918c870,0.7117790289737931,0.2976647538143341,0.5336426542345963,0.46889552803913137,0.38363179066296116,3218.339647262252,0.26338609167976035,0.3812751743378085,0.25853614333405,0.1682805567449062,0.3255742444708956
cust_636e5771,0.7936784313511952,0.7144220727855263,0.8915471935320463,0.5377956944117042,0.6149651965739782,64194.31037175037,0.1595884019861156,0.6885179032382907,0.6011743341438887,0.4707240924677215,0.640197225413932
cust_4c9e0ec7,0.892465295218076,0.6910861762303661,0.4955217066405339,0.2622327159473817,0.41711547054359865,9328.67374770957,0.06422040567459054,0.7284338739233945,0.18566958917030837,0.41291265384886705,0.39236171840657375
cust_88616b12,0.9246312429841083,0.2965086126097285,0.40713874973262026,0.2231701842334434,0.33411328103193644,51254.19069067711,0.22449067185210594,0.8133434930115404,0.1949078281615527,0.1145378259107327,0.8853278859021677
cust_03b9bfea,0.7135246877104131,0.6098450205197623,0.17699796731140163,0.20086787828583133,0.13355092745013936,770017.0254935,0.3689978124395776,0.07550139762703514,0.11592662098225125,0.21698490030886994,0.43287798246204573
cust_38fb6854,0.8585009050857234,0.4742977841401357,0.3375720400985923,0.30532505138111,0.7244372791848664,160770.9431231605,0.398239402006991,0.35867469884027753,0.22687822694388451,0.16830967429475358,0.6687281597101752
cust_0c235bef,0.654106428496656,0.4671460858693198,0.28327431326433017,0.24434137325948868,0.10308695398164415,73077.55503481619,0.20360352402884827,0.505745065858056,0.2054320527206544,0.09379851437170021,0.6603580308779269
cust_abe6ec25,0.9047269335535755,0.6634344808664278,0.41888030793352826,0.13893114275521978,0.4748766283771165,36879.07323545073,0.28404925800692116,0.37373604271495303,0.11894409507515866,0.23951872102542474,0.2533650038164406
cust_929a39b9,0.8211029402642359,0.6023366271768016,0.6891153070640005,0.5482145918338728,0.3300521884044696,215076.84065358646,0.24577281121578384,0.3045935659591491,0.6205349746042564,0.3754119120776485,0.7128405478767346
cust_19fc9fdf,0.8974523098112468,0.3566763803212084,0.425836686647629,0.5726142834613623,0.32316295344356427,47647.88931685925,0.33548712464505426,0.17229383009329516,0.24339538405818256,0.26477695093715276,0.028282282043616328
cust_01d4699e,0.7452857979573513,0.29484340610149823,0.4440640599284797,0.15416702754124598,0.19431675085945976,6390.7143507489645,0.2973698911253703,0.6738438412638269,0.12685475636039886,0.1910690771623202,0.3999868112003935
cust_86bb519a,0.9218110263760141,0.4454226701394133,0.4528646703334523,0.19246499898554412,0.31830311949409007,26140.13033812367,0.21106895885343457,0.6378426686146087,0.37150737403670014,0.21395047540325934,0.35155543454629146
cust_b504b947,0.7101962322224218,0.7405081098708324,0.5134169944551193,0.3656960656125113,0.3700711498410021,178363.18470974057,0.12216534435381249,0.5577144932544312,0.3819598122291753,0.19879149539732135,0.6888776853465309
cust_420b89f4,0.7299546912482542,0.1665527714243258,0.21000295827376042,0.16002327174098518,0.16889266048974455,295507.3949471498,0.2651686459350871,0.6107184129557641,0.11891993568446202,0.09664862556629132,0.6715673136636048
cust_e60b0f86,0.7981403353155614,0.6353161758493574,0.35043292535864223,0.1771629693546319,0.058091124009974564,5615.541514541349,0.29856585955410203,0.7055433867527757,0.23230574539840207,0.24381244317307343,0.07143646799847167
cust_d4e2595d,0.8025954298222023,0.7857920319184886,0.7423216777115275,0.24672191988932174,0.5273091847006105,84385.48204840887,0.15536310513417712,0.8323087603188564,0.24745469193010886,0.5498255794500442,0.6183197140299299
cust_b5996c28,0.8178615614376274,0.26962873507809426,0.4405519350309001,0.2748269325083195,0.5882535436606201,242884.50816868563,0.7401441072267488,0.29859854079750275,0.30671748907769897,0.1568052210240665,0.7946703138642499
cust_8316c81f,0.5544286129016073,0.2816285688158902,0.2826980918563566,0.31307391435314136,0.5642098348557071,94252.80193831451,0.294080249273142,0.04837646118899316,0.20306244603579882,0.16644599076408495,0.46639931702474535
cust_04be9c75,0.9005706835798735,0.7235137886364951,0.5608680665042132,0.35212887311103214,0.47243343980854385,21169.003964640906,0.22637057537696195,0.4271647035824843,0.13437622210517336,0.5821998316984223,0.11912713442717257
cust_03f433c5,0.5128851252115327,0.18014406851800915,0.39239990991954726,0.48001492499407966,0.2989885538745061,12020.323200942405,0.14625686708182656,0.4253674689769839,0.23851508412893932,0.10501843999683867,0.4705961546011328
cust_781383b3,0.7199210064118222,0.3860160301462397,0.3909910208227131,0.1749464596263261,0.3413226732569533,8106.851974262193,0.19922750624733224,0.43231379595934427,0.20767731461828365,0.28236092821831515,0.4002982258493592
cust_0a4dc2b3,0.3395873874829766,0.649526594445417,0.40675548689048635,0.2821358902287453,0.25926535767214093,49526.82525067173,0.44055060655777334,0.2441947521797418,0.253761926658632,0.36085715329613277,0.15584572528527807
