case_id,customer_id,amount_paise,payment_method,failure_code,time_since_failure_minutes,incident_id,historical_payment_success_rate,customer_value_band,engagement_score,assigned_action,propensity,eligible_actions,policy_version,y_observed,split
case_039a01ad,cust_ee9aefdd,30448,netbanking,BANK_TIMEOUT,12,,0.8007996006953199,medium,0.46049409489416526,0,0.16666666666666666,"[0, 1, 2, 3, 4, 5]",random_uniform_v1,1,test
case_01ceb44b,cust_c506fa33,364568,card,INSUFFICIENT_FUNDS,133,,0.7271417295983217,medium,0.3820245832510345,1,0.16666666666666666,"[0, 1, 2, 3, 4, 5]",random_uniform_v1,1,train
case_784d9c18,cust_23bfd786,5072,card,INSUFFICIENT_FUNDS,64,,0.8494525367222606,low,0.6540378603907526,2,0.16666666666666666,"[0, 1, 2, 3, 4, 5]",random_uniform_v1,1,train
case_d08a045c,cust_035f7d8f,204482,card,INSUFFICIENT_FUNDS,9,,0.4485873715915313,low,0.6823107695759,3,0.16666666666666666,"[0, 1, 2, 3, 4, 5]",random_uniform_v1,0,train
case_1ca083d8,cust_3ab44eab,122594,card,BANK_DECLINE,36,,0.7250068579525,high,0.3475687707110951,4,0.16666666666666666,"[0, 1, 2, 3, 4, 5]",random_uniform_v1,1,train
case_66cb5422,cust_1e2f7528,260082,card,INSUFFICIENT_FUNDS,16,,0.9933159740005779,low,0.2862257432845053,2,0.16666666666666666,"[0, 1, 2, 3, 4, 5]",random_uniform_v1,1,test
case_272ac515,cust_872dcf16,171350,upi,BANK_TIMEOUT,21,,1.0,low,0.6293308463211735,1,0.16666666666666666,"[0, 1, 2, 3, 4, 5]",random_uniform_v1,1,test
case_00bf1e8e,cust_f3a5dd49,35925,card,BANK_DECLINE,12,,0.5934066655879717,low,0.4085869065079658,3,0.16666666666666666,"[0, 1, 2, 3, 4, 5]",random_uniform_v1,0,val
case_3e458d04,cust_bb3de0a0,24612,card,INSUFFICIENT_FUNDS,11,,0.5962951176230373,low,0.14086138625963723,0,0.16666666666666666,"[0, 1, 2, 3, 4, 5]",random_uniform_v1,1,test
case_67f36408,cust_13e309fa,39062,upi,BANK_TIMEOUT,1,,1.0,medium,0.600675254651289,5,0.16666666666666666,"[0, 1, 2, 3, 4, 5]",random_uniform_v1,1,train
case_beaf08cb,cust_6f86368c,103683,upi,INSUFFICIENT_FUNDS,77,,0.8629357116375529,low,0.12086463000598416,0,0.16666666666666666,"[0, 1, 2, 3, 4, 5]",random_uniform_v1,1,train
case_e31a4ed6,cust_f2de0a46,35722,upi,INSUFFICIENT_FUNDS,36,,0.7627312571139334,low,0.04210630615006236,0,0.16666666666666666,"[0, 1, 2, 3, 4, 5]",random_uniform_v1,0,train
case_7839d0db,cust_04e5108f,408801,netbanking,BANK_DECLINE,26,,0.6868773839805797,medium,0.4355537503777377,2,0.16666666666666666,"[0, 1, 2, 3, 4, 5]",random_uniform_v1,1,train
case_def0240a,cust_285cdb9d,88487,netbanking,INSUFFICIENT_FUNDS,5,,0.7561975622075425,low,0.6984172655402943,4,0.16666666666666666,"[0, 1, 2, 3, 4, 5]",random_uniform_v1,0,train
case_68ee9acf,cust_0435dc2b,340048,upi,NETWORK_ERROR,7,,0.8116375805288962,low,0.24508356822445643,1,0.16666666666666666,"[0, 1, 2, 3, 4, 5]",random_uniform_v1,1,test
case_65e80940,cust_f5028561,32873,netbanking,BANK_DECLINE,85,,0.37009608309517095,medium,0.4238995163359793,5,0.16666666666666666,"[0, 1, 2, 3, 4, 5]",random_uniform_v1,1,train
case_5d470fa3,cust_62281609,255555,netbanking,BANK_TIMEOUT,29,,0.496307837063008,medium,0.34595421731809783,5,0.16666666666666666,"[0, 1, 2, 3, 4, 5]",random_uniform_v1,1,train
case_42f4a089,cust_73aea668,83592,upi,INSUFFICIENT_FUNDS,17,,0.6006896656130427,medium,0.30808422335835195,1,0.16666666666666666,"[0, 1, 2, 3, 4, 5]",random_uniform_v1,0,test
case_3e930d77,cust_ae28cd0f,36850,card,INSUFFICIENT_FUNDS,48,,1.0,medium,0.03213453236758662,3,0.16666666666666666,"[0, 1, 2, 3, 4, 5]",random_uniform_v1,1,test
case_1a976c73,cust_2e411620,409145,upi,BANK_TIMEOUT,18,,0.7538145691731484,high,0.5764248181498448,1,0.16666666666666666,"[0, 1, 2, 3, 4, 5]",random_uniform_v1,1,train
case_78989aff,cust_d2f00264,488565,upi,BANK_TIMEOUT,21,,0.477652041253426,low,0.2647761436242123,3,0.16666666666666666,"[0, 1, 2, 3, 4, 5]",random_uniform_v1,1,train
case_fb3c930f,cust_076e9946,171198,upi,NETWORK_ERROR,8,,0.7036982929038075,low,0.7653792512391434,4,0.16666666666666666,"[0, 1, 2, 3, 4, 5]",random_uniform_v1,1,val
case_7dabb119,cust_0053fc82,1753613,upi,INSUFFICIENT_FUNDS,3,,0.8741042627765667,low,0.22751629740071566,0,0.16666666666666666,"[0, 1, 2, 3, 4, 5]",random_uniform_v1,1,val
case_b3dd32c7,cust_0ed18063,61093,upi,BANK_TIMEOUT,17,,0.7892588164137275,medium,0.4153742616036079,4,0.16666666666666666,"[0, 1, 2, 3, 4, 5]",random_uniform_v1,0,train
case_ff1e810a,cust_5eaa7bba,120444,upi,INSUFFICIENT_FUNDS,38,,0.6852436908872407,low,0.1562333314191515,3,0.16666666666666666,"[0, 1, 2, 3, 4, 5]",random_uniform_v1,0,train
case_a1f24f12,cust_3b7ce971,80839,card,NETWORK_ERROR,186,,0.9315697088805017,low,0.6177449899716825,5,0.16666666666666666,"[0, 1, 2, 3, 4, 5]",random_uniform_v1,1,train
case_7ba2fcce,cust_6ab2a7de,371187,upi,INSUFFICIENT_FUNDS,18,,0.5971327953335278,low,0.3769494775807703,0,0.16666666666666666,"[0, 1, 2, 3, 4, 5]",random_uniform_v1,0,train
case_bcf87680,cust_80d7e92d,19429,upi,BANK_TIMEOUT,4,,0.7227918914736862,medium,0.5650611815789086,5,0.16666666666666666,"[0, 1, 2, 3, 4, 5]",random_uniform_v1,1,train
case_ddecacde,cust_40422d9d,308714,upi,INSUFFICIENT_FUNDS,34,,0.9073418446704403,high,0.3884805460846893,1,0.16666666666666666,"[0, 1, 2, 3, 4, 5]",random_uniform_v1,0,train
case_0c109530,cust_18843fad,68452,upi,INSUFFICIENT_FUNDS,20,,1.0,medium,0.5339035630405138,5,0.16666666666666666,"[0, 1, 2, 3, 4, 5]",random_uniform_v1,1,train
case_a35052dd,cust_7694cd70,57446,card,NETWORK_ERROR,17,,0.7669476767689474,low,0.6913330082696244,2,0.16666666666666666,"[0, 1, 2, 3, 4, 5]",random_uniform_v1,1,test
case_3abce66d,cust_e2eb79d4,53528,card,BANK_DECLINE,0,,0.8311307419707389,medium,0.7068266304731008,2,0.16666666666666666,"[0, 1, 2, 3, 4, 5]",random_uniform_v1,1,train
case_f313550a,cust_d9e4124a,138578,upi,INSUFFICIENT_FUNDS,11,,0.8426127962787205,medium,0.6656630905536369,5,0.16666666666666666,"[0, 1, 2, 3, 4, 5]",random_uniform_v1,1,train
case_88fe1625,cust_a55801bc,20103,upi,BANK_TIMEOUT,94,,0.7121890803930265,low,0.3913551631075516,5,0.16666666666666666,"[0, 1, 2, 3, 4, 5]",random_uniform_v1,0,train
case_64ea152b,cust_38df158e,55587,upi,BANK_TIMEOUT,24,,1.0,low,0.5391688703195058,5,0.16666666666666666,"[0, 1, 2, 3, 4, 5]",random_uniform_v1,1,train
case_9c08ef8d,cust_cdc5a6c1,258534,upi,INSUFFICIENT_FUNDS,13,,0.6606216743456476,low,0.15118250908918124,0,0.16666666666666666,"[0, 1, 2, 3, 4, 5]",random_uniform_v1,1,train
case_b4c0dbcb,cust_990d661d,227534,card,BANK_DECLINE,23,,0.8154485765404479,low,0.27983941702044246,1,0.16666666666666666,"[0, 1, 2, 3, 4, 5]",random_uniform_v1,1,train
case_47db8f66,cust_24469c19,316214,upi,INSUFFICIENT_FUNDS,27,,0.7826842202318572,high,0.513606397141086,2,0.16666666666666666,"[0, 1, 2, 3, 4, 5]",random_uniform_v1,1,train
case_da8d4a6c,cust_cd8a76ab,428075,upi,INSUFFICIENT_FUNDS,81,,0.996600408252563,low,0.2930784934209748,2,0.16666666666666666,"[0, 1, 2, 3, 4, 5]",random_uniform_v1,1,train
case_e3df18d6,cust_445dccc8,633547,upi,INSUFFICIENT_FUNDS,15,,0.41865585998698596,low,0.6945095630488567,1,0.16666666666666666,"[0, 1, 2, 3, 4, 5]",random_uniform_v1,0,train
case_9021d3d3,cust_9f1ce343,8228,upi,BANK_TIMEOUT,23,,1.0,medium,0.42862131915413004,5,0.16666666666666666,"[0, 1, 2, 3, 4, 5]",random_uniform_v1,1,train
case_e2c114fd,cust_cf54587d,29340,upi,BANK_TIMEOUT,3,,0.5161131531347999,medium,0.722724949296112,0,0.16666666666666666,"[0, 1, 2, 3, 4, 5]",random_uniform_v1,1,train
case_b3d7b263,cust_861a218c,40558,upi,INSUFFICIENT_FUNDS,100,,0.9077224777849661,low,0.6160003391169222,3,0.16666666666666666,"[0, 1, 2, 3, 4, 5]",random_uniform_v1,1,train
case_ba6cc718,cust_f687032e,182458,upi,NETWORK_ERROR,10,,0.7841100797365157,high,0.4387650857669265,4,0.16666666666666666,"[0, 1, 2, 3, 4, 5]",random_uniform_v1,1,train
case_2f878e6f,cust_2eba86fb,313747,upi,INSUFFICIENT_FUNDS,23,,0.6535864151188566,low,0.558645240589571,0,0.16666666666666666,"[0, 1, 2, 3, 4, 5]",random_uniform_v1,0,train
case_07c6ecd8,cust_4cc63b6e,59801,upi,INSUFFICIENT_FUNDS,1,,0.9961380588020229,medium,0.5918356874928054,1,0.16666666666666666,"[0, 1, 2, 3, 4, 5]",random_uniform_v1,0,train
case_845d7f00,cust_5b99be6f,292283,upi,BANK_TIMEOUT,6,,0.8553288785394481,low,0.5551646907727694,5,0.16666666666666666,"[0, 1, 2, 3, 4, 5]",random_uniform_v1,1,train
case_3fa3eb62,cust_6e6a9010,210881,upi,INSUFFICIENT_FUNDS,36,,1.0,low,1.0,4,0.16666666666666666,"[0, 1, 2, 3, 4, 5]",random_uniform_v1,1,train
case_6b14f91a,cust_82580019,220173,upi,BANK_TIMEOUT,10,,0.8562480783563825,low,0.3385519250257452,5,0.16666666666666666,"[0, 1, 2, 3, 4, 5]",random_uniform_v1,1,train
case_4f58913b,cust_4dfbcaa0,163603,upi,INSUFFICIENT_FUNDS,16,,0.8795926402070531,medium,0.5225061066039283,0,0.16666666666666666,"[0, 1, 2, 3, 4, 5]",random_uniform_v1,1,train
case_c7034fbb,cust_85d6bb29,199271,netbanking,INSUFFICIENT_FUNDS,45,,0.573919911939772,low,0.389226749494521,1,0.16666666666666666,"[0, 1, 2, 3, 4, 5]",random_uniform_v1,0,val
case_1a8efb2c,cust_1e872833,162286,upi,INSUFFICIENT_FUNDS,31,,0.6365440186293052,low,0.25608079334885825,5,0.16666666666666666,"[0, 1, 2, 3, 4, 5]",random_uniform_v1,1,test
case_a9a7937d,cust_53532305,132492,upi,NETWORK_ERROR,148,,1.0,high,0.3493949603290612,0,0.16666666666666666,"[0, 1, 2, 3, 4, 5]",random_uniform_v1,1,train
case_4e7c66c2,cust_e4d4c592,43979,upi,INSUFFICIENT_FUNDS,14,,0.7667887945896297,low,0.7633627583246108,5,0.16666666666666666,"[0, 1, 2, 3, 4, 5]",random_uniform_v1,1,train
case_e4d9606d,cust_1ec70027,11387,upi,INSUFFICIENT_FUNDS,9,,0.8156631662860881,low,0.7654539226373971,4,0.16666666666666666,"[0, 1, 2, 3, 4, 5]",random_uniform_v1,1,val
case_e3c69de8,cust_e0075e54,6143,upi,BANK_TIMEOUT,3,,0.6817245837393897,medium,0.3764471759540663,5,0.16666666666666666,"[0, 1, 2, 3, 4, 5]",random_uniform_v1,1,train
case_09275212,cust_30d2a6e6,359551,card,BANK_TIMEOUT,42,,0.9291997565526203,medium,0.3689097630735823,1,0.16666666666666666,"[0, 1, 2, 3, 4, 5]",random_uniform_v1,1,train
case_50d047c6,cust_75506ca8,26559,card,BANK_DECLINE,35,,0.6238028747637361,low,0.4460497841607832,4,0.16666666666666666,"[0, 1, 2, 3, 4, 5]",random_uniform_v1,0,train
case_eb1cecb2,cust_8050547b,127899,upi,NETWORK_ERROR,25,,1.0,high,0.17367818078160924,5,0.16666666666666666,"[0, 1, 2, 3, 4, 5]",random_uniform_v1,1,train
case_31a2c837,cust_334809fd,157448,card,BANK_DECLINE,42,,0.8477029921574307,medium,0.6252394235181307,1,0.16666666666666666,"[0, 1, 2, 3, 4, 5]",random_uniform_v1,1,train
case_c6b1db64,cust_1206c89f,370206,card,BANK_DECLINE,22,,0.7842355314435752,low,0.2536999430876523,5,0.16666666666666666,"[0, 1, 2, 3, 4, 5]",random_uniform_v1,1,train
case_62a16133,cust_340cb024,8304,card,INSUFFICIENT_FUNDS,3,,0.42738637802755636,medium,0.4713018935978157,2,0.16666666666666666,"[0, 1, 2, 3, 4, 5]",random_uniform_v1,1,train
case_ac99c55c,cust_1f009a9f,79131,upi,BANK_TIMEOUT,94,,0.32370157444433184,low,0.7702072279890593,0,0.16666666666666666,"[0, 1, 2, 3, 4, 5]",random_uniform_v1,0,train
case_4d2f6d65,cust_16440434,107044,upi,INSUFFICIENT_FUNDS,10,,0.5247420435764714,high,0.18596373943933622,2,0.16666666666666666,"[0, 1, 2, 3, 4, 5]",random_uniform_v1,1,train
case_3bbe2af2,cust_715ab928,27557,upi,INSUFFICIENT_FUNDS,105,,0.9961333175706841,low,0.4893040877013781,3,0.16666666666666666,"[0, 1, 2, 3, 4, 5]",random_uniform_v1,1,train
case_aaafbd6a,cust_34b42dbc,325612,upi,BANK_TIMEOUT,17,,0.5949537311825153,low,0.4837603732576695,0,0.16666666666666666,"[0, 1, 2, 3, 4, 5]",random_uniform_v1,0,test
case_1ce66a0a,cust_a3e9fd01,149039,upi,INSUFFICIENT_FUNDS,68,,0.646776826156783,low,0.6277753581908373,0,0.16666666666666666,"[0, 1, 2, 3, 4, 5]",random_uniform_v1,0,train
case_b5128bf6,cust_3c5d6749,46956,upi,BANK_TIMEOUT,40,,0.6355289728661622,low,0.509566433176886,2,0.16666666666666666,"[0, 1, 2, 3, 4, 5]",random_uniform_v1,1,train
case_e8fafa4d,cust_736de426,27650,upi,NETWORK_ERROR,23,,0.40635985340939124,low,0.24180161248423887,4,0.16666666666666666,"[0, 1, 2, 3, 4, 5]",random_uniform_v1,1,train
case_ec278c3e,cust_01f1e45e,61394,upi,NETWORK_ERROR,13,,0.5718071706405473,low,0.18453786217882112,5,0.16666666666666666,"[0, 1, 2, 3, 4, 5]",random_uniform_v1,1,val
case_b1cb3582,cust_d7092992,438810,netbanking,BANK_DECLINE,2,,0.9827172608959576,medium,0.4171162048417295,5,0.16666666666666666,"[0, 1, 2, 3, 4, 5]",random_uniform_v1,1,train
case_206a7e33,cust_2a65b35d,353292,card,BANK_DECLINE,26,,0.9428336881632852,low,0.5182095838559561,4,0.16666666666666666,"[0, 1, 2, 3, 4, 5]",random_uniform_v1,0,val
case_86a8188e,cust_7d6053a5,533388,card,BANK_DECLINE,14,,0.7083652876910491,medium,0.4163831779121343,1,0.16666666666666666,"[0, 1, 2, 3, 4, 5]",random_uniform_v1,1,val
case_b065bf55,cust_6798d98d,267622,netbanking,INSUFFICIENT_FUNDS,35,,0.8226715478758454,low,0.2162268125128453,3,0.16666666666666666,"[0, 1, 2, 3, 4, 5]",random_uniform_v1,1,train
case_fd15fcdb,cust_5593f9e2,605657,upi,INSUFFICIENT_FUNDS,150,,0.8250321163385528,high,0.37381278217765757,5,0.16666666666666666,"[0, 1, 2, 3, 4, 5]",random_uniform_v1,1,test
case_128b3e00,cust_b6bf5b3b,41024,card,BANK_DECLINE,1,,0.6250098707190528,low,0.47327036897428504,1,0.16666666666666666,"[0, 1, 2, 3, 4, 5]",random_uniform_v1,0,val
case_ec80c217,cust_9f3b7e49,133208,upi,NETWORK_ERROR,5,,1.0,low,0.304113266726314,1,0.16666666666666666,"[0, 1, 2, 3, 4, 5]",random_uniform_v1,1,train
case_93e7ffb9,cust_8361210a,2454388,card,BANK_DECLINE,106,,0.9247870994056897,low,0.5534418570550319,3,0.16666666666666666,"[0, 1, 2, 3, 4, 5]",random_uniform_v1,0,train
case_a2bb7e0e,cust_3ca87438,577317,upi,INSUFFICIENT_FUNDS,4,,0.20329907703594433,medium,0.6903746731113143,4,0.16666666666666666,"[0, 1, 2, 3, 4, 5]",random_uniform_v1,1,train
case_093b4cff,cust_20b5dded,97728,upi,BANK_TIMEOUT,40,,0.8467500345251604,low,0.49165439828759,5,0.16666666666666666,"[0, 1, 2, 3, 4, 5]",random_uniform_v1,1,val
case_cf73fcd2,cust_3934f358,106786,upi,BANK_TIMEOUT,12,,0.6707305033781692,low,0.45179161725822503,2,0.16666666666666666,"[0, 1, 2, 3, 4, 5]",random_uniform_v1,1,train
case_4c269ac4,cust_62d310f0,8028,upi,NETWORK_ERROR,84,,0.6009400516605488,low,0.42195880181150747,1,0.16666666666666666,"[0, 1, 2, 3, 4, 5]",random_uniform_v1,0,train
case_898bc16b,cust_d6a842d8,8216361,card,BANK_DECLINE,15,,0.8802051820917355,low,0.49316186390908523,4,0.16666666666666666,"[0, 1, 2, 3, 4, 5]",random_uniform_v1,1,train
case_210bc29b,cust_c3d86d26,27908,upi,INSUFFICIENT_FUNDS,62,,0.8452370466982261,low,0.3453991869544751,1,0.16666666666666666,"[0, 1, 2, 3, 4, 5]",random_uniform_v1,0,train
case_7d27eca9,cust_d281572b,64982,upi,BANK_TIMEOUT,36,,0.3787250472496446,low,0.5570916122967509,4,0.16666666666666666,"[0, 1, 2, 3, 4, 5]",random_uniform_v1,1,train
case_d3038a56,cust_64092d28,234462,upi,BANK_TIMEOUT,10,,0.7621763336789373,medium,0.2333221723187557,4,0.16666666666666666,"[0, 1, 2, 3, 4, 5]",random_uniform_v1,0,train
case_5b998b45,cust_9c4317f1,12453,upi,BANK_TIMEOUT,39,,0.7229913323913792,low,0.44077566421987713,4,0.16666666666666666,"[0, 1, 2, 3, 4, 5]",random_uniform_v1,1,train
case_5a7d6128,cust_8cd0c308,464217,upi,BANK_TIMEOUT,104,,0.9015463314104125,low,0.5333802435146242,3,0.16666666666666666,"[0, 1, 2, 3, 4, 5]",random_uniform_v1,1,train
case_7e156a2d,cust_40cad235,88867,netbanking,INSUFFICIENT_FUNDS,33,,0.4882747979062704,low,0.5277951592366791,2,0.16666666666666666,"[0, 1, 2, 3, 4, 5]",random_uniform_v1,1,train
case_d37f0989,cust_ea69a8ba,141900,upi,NETWORK_ERROR,17,,0.563779510252628,low,0.6164902724042965,3,0.16666666666666666,"[0, 1, 2, 3, 4, 5]",random_uniform_v1,1,train
case_750d4daf,cust_d6cbe682,70413,card,INSUFFICIENT_FUNDS,2,,0.8040167611060685,medium,0.856872918721817,4,0.16666666666666666,"[0, 1, 2, 3, 4, 5]",random_uniform_v1,1,val
case_a078371e,cust_cdde7dc7,106172,upi,NETWORK_ERROR,45,,0.8340824365476325,medium,0.5936336376509033,2,0.16666666666666666,"[0, 1, 2, 3, 4, 5]",random_uniform_v1,1,train
case_34b96af6,cust_aa80111b,64199,upi,BANK_TIMEOUT,9,,0.6069486688755651,low,0.3448473540978051,2,0.16666666666666666,"[0, 1, 2, 3, 4, 5]",random_uniform_v1,1,train
case_bcf25f7b,cust_f7c6487e,78293,upi,BANK_TIMEOUT,52,,0.6365091597138546,medium,0.6779047575768207,0,0.16666666666666666,"[0, 1, 2, 3, 4, 5]",random_uniform_v1,1,train
case_d8448816,cust_3a94ac82,77777,card,INSUFFICIENT_FUNDS,17,,0.9948745309810303,low,0.7896959990805298,3,0.16666666666666666,"[0, 1, 2, 3, 4, 5]",random_uniform_v1,1,train
case_168bee2e,cust_fa188361,242107,upi,INSUFFICIENT_FUNDS,76,,0.8450093098715206,low,0.4341174910977058,0,0.16666666666666666,"[0, 1, 2, 3, 4, 5]",random_uniform_v1,0,train
case_f20cf2b6,cust_bad98f28,172290,upi,INSUFFICIENT_FUNDS,22,,0.8176977491213775,low,0.6274099045775006,4,0.16666666666666666,"[0, 1, 2, 3, 4, 5]",random_uniform_v1,1,train
case_7d7ec620,cust_aac2dc57,53386,upi,NETWORK_ERROR,13,,0.9439072988264519,low,0.3666136380536946,3,0.16666666666666666,"[0, 1, 2, 3, 4, 5]",random_uniform_v1,1,train
case_2bda4d23,cust_297e0344,58339,upi,BANK_TIMEOUT,40,,1.0,low,0.49992127201512776,0,0.16666666666666666,"[0, 1, 2, 3, 4, 5]",random_uniform_v1,0,train
case_ffa58095,cust_559d26a8,50776,upi,INSUFFICIENT_FUNDS,18,,0.5798350657002393,low,0.15618966491314906,2,0.16666666666666666,"[0, 1, 2, 3, 4, 5]",random_uniform_v1,1,train
case_1b3bbbe7,cust_32910903,140337,upi,BANK_TIMEOUT,18,,0.31851316163861737,medium,0.5595640611673507,2,0.16666666666666666,"[0, 1, 2, 3, 4, 5]",random_uniform_v1,1,train
case_9441a7e9,cust_68adfae8,412103,card,BANK_DECLINE,21,,0.8883545632655174,low,0.6185059672603485,0,0.16666666666666666,"[0, 1, 2, 3, 4, 5]",random_uniform_v1,1,test
case_1a6da41b,cust_61e192c6,40028,card,BANK_DECLINE,4,,0.7425969566538252,low,0.546645985308346,4,0.16666666666666666,"[0, 1, 2, 3, 4, 5]",random_uniform_v1,1,val
case_ad881b26,cust_111a69b0,74997,upi,BANK_TIMEOUT,1,,0.9339250907195586,low,0.11267769233452223,5,0.16666666666666666,"[0, 1, 2, 3, 4, 5]",random_uniform_v1,1,test
case_8503f1d8,cust_2c09a935,86916,netbanking,BANK_DECLINE,18,,0.8271793172057141,low,0.0,0,0.16666666666666666,"[0, 1, 2, 3, 4, 5]",random_uniform_v1,0,val
case_88addd43,cust_0382cd4e,102843,card,INSUFFICIENT_FUNDS,36,,0.7855878020278315,low,0.41546202665095866,4,0.16666666666666666,"[0, 1, 2, 3, 4, 5]",random_uniform_v1,0,train
case_d9b03468,cust_42a46e4e,268908,upi,INSUFFICIENT_FUNDS,40,,0.7480744046757934,low,0.2295062992802148,1,0.16666666666666666,"[0, 1, 2, 3, 4, 5]",random_uniform_v1,0,train
case_379beb7a,cust_c5d38d34,309731,upi,BANK_TIMEOUT,0,,0.7162632633555137,medium,0.18306504622796435,5,0.16666666666666666,"[0, 1, 2, 3, 4, 5]",random_uniform_v1,1,train
case_9c0f024c,cust_c43558ab,336762,upi,NETWORK_ERROR,47,,0.8341365925038619,low,0.0,2,0.16666666666666666,"[0, 1, 2, 3, 4, 5]",random_uniform_v1,1,test
case_0e575958,cust_7d6ded1c,9109,upi,BANK_TIMEOUT,37,,0.6888840305373617,low,0.4304664859773538,3,0.16666666666666666,"[0, 1, 2, 3, 4, 5]",random_uniform_v1,1,train
case_6897fc9f,cust_d256013c,25255,card,BANK_DECLINE,60,,0.7492666524212808,high,0.22914366386896867,1,0.16666666666666666,"[0, 1, 2, 3, 4, 5]",random_uniform_v1,1,train
case_5823c66e,cust_20841ea9,15323,upi,BANK_TIMEOUT,18,,0.795917143925591,low,0.07904593760121995,4,0.16666666666666666,"[0, 1, 2, 3, 4, 5]",random_uniform_v1,1,test
case_c96959ab,cust_819e2859,32884,upi,BANK_TIMEOUT,63,,0.8185411658898061,low,0.7021652743940823,2,0.16666666666666666,"[0, 1, 2, 3, 4, 5]",random_uniform_v1,1,train
case_5ddf94f2,cust_1d9b3181,57484,upi,BANK_TIMEOUT,2,,0.8608615296587534,low,0.37267304709546545,3,0.16666666666666666,"[0, 1, 2, 3, 4, 5]",random_uniform_v1,1,train
case_269e5856,cust_f40b21af,90063,card,BANK_DECLINE,4,,0.8088705569580726,low,0.6873790944122808,3,0.16666666666666666,"[0, 1, 2, 3, 4, 5]",random_uniform_v1,0,train
case_37328e42,cust_2f53a6e3,60187,upi,NETWORK_ERROR,44,,0.6742592426006446,low,0.37335908157217734,0,0.16666666666666666,"[0, 1, 2, 3, 4, 5]",random_uniform_v1,1,train
case_d725fb29,cust_d289d0a7,273019,card,BANK_DECLINE,6,,0.5185380967595493,low,0.5783232384657758,2,0.16666666666666666,"[0, 1, 2, 3, 4, 5]",random_uniform_v1,1,train
case_bb0e93c5,cust_f4ebfd1c,122141,upi,BANK_TIMEOUT,53,,0.5475123023293003,low,0.2554041991145346,1,0.16666666666666666,"[0, 1, 2, 3, 4, 5]",random_uniform_v1,1,test
case_cc4c0810,cust_81508214,21489,upi,INSUFFICIENT_FUNDS,2,,0.7448500867305604,medium,0.6699792037323986,4,0.16666666666666666,"[0, 1, 2, 3, 4, 5]",random_uniform_v1,0,train
case_1e9aaf90,cust_55383b23,26038,upi,BANK_TIMEOUT,30,,0.8656050120849554,low,0.5340101349658155,0,0.16666666666666666,"[0, 1, 2, 3, 4, 5]",random_uniform_v1,1,train
case_2c9a31cc,cust_6eadfe6a,38877,upi,INSUFFICIENT_FUNDS,14,,1.0,high,0.6536962781032142,0,0.16666666666666666,"[0, 1, 2, 3, 4, 5]",random_uniform_v1,1,val
case_d906dc48,cust_4acfdbfc,899395,upi,INSUFFICIENT_FUNDS,30,,0.6634072117676684,low,0.3924058478339584,3,0.16666666666666666,"[0, 1, 2, 3, 4, 5]",random_uniform_v1,1,train
case_e8cc10a6,cust_b3e6155d,28827,upi,INSUFFICIENT_FUNDS,8,,0.49083155306161447,low,0.5727165381359615,1,0.16666666666666666,"[0, 1, 2, 3, 4, 5]",random_uniform_v1,0,test
case_db41d023,cust_1fcbda02,92706,upi,BANK_TIMEOUT,36,,0.9858946088193042,low,0.40381376912863115,2,0.16666666666666666,"[0, 1, 2, 3, 4, 5]",random_uniform_v1,1,train
case_2e073757,cust_818df279,58406,card,NETWORK_ERROR,29,,0.621883571937544,low,0.7359653844927561,2,0.16666666666666666,"[0, 1, 2, 3, 4, 5]",random_uniform_v1,1,train
case_1db83eb0,cust_b03892d6,212368,card,BANK_DECLINE,46,,0.6849635419057039,low,0.0493380321287512,1,0.16666666666666666,"[0, 1, 2, 3, 4, 5]",random_uniform_v1,0,test
case_c959a377,cust_ca2e7213,29861,card,BANK_DECLINE,34,,0.683770608575126,low,0.40334523877051387,5,0.16666666666666666,"[0, 1, 2, 3, 4, 5]",random_uniform_v1,1,train
case_e71663db,cust_34ca9f00,189551,card,BANK_DECLINE,24,,0.7062823751846459,low,0.5615492755334689,2,0.16666666666666666,"[0, 1, 2, 3, 4, 5]",random_uniform_v1,1,val
case_3d40b80f,cust_f5842811,109106,upi,BANK_TIMEOUT,101,,1.0,high,0.828420477307063,3,0.16666666666666666,"[0, 1, 2, 3, 4, 5]",random_uniform_v1,1,test
case_d142a726,cust_89d78003,47021,upi,BANK_TIMEOUT,72,,0.9783979077051783,low,0.21682749947087404,2,0.16666666666666666,"[0, 1, 2, 3, 4, 5]",random_uniform_v1,1,train
case_9498461b,cust_aae5a9a5,172328,upi,BANK_TIMEOUT,14,,0.6909854470513394,medium,0.5676853890335196,2,0.16666666666666666,"[0, 1, 2, 3, 4, 5]",random_uniform_v1,1,val
case_c72cd0e7,cust_a75733ce,148398,card,BANK_DECLINE,20,,0.6445009889639582,medium,0.40180006511245087,5,0.16666666666666666,"[0, 1, 2, 3, 4, 5]",random_uniform_v1,1,test
case_ec78fe1a,cust_04e24ead,49100,netbanking,INSUFFICIENT_FUNDS,9,,1.0,medium,0.08907095611717296,1,0.16666666666666666,"[0, 1, 2, 3, 4, 5]",random_uniform_v1,0,train
case_2117c9be,cust_14d634e7,13731,netbanking,NETWORK_ERROR,11,,0.6257696605824916,low,0.44451069629915246,4,0.16666666666666666,"[0, 1, 2, 3, 4, 5]",random_uniform_v1,1,val
case_331177fd,cust_f10c3f04,136716,card,BANK_DECLINE,19,,0.6415402585165018,medium,0.4982084209652322,1,0.16666666666666666,"[0, 1, 2, 3, 4, 5]",random_uniform_v1,1,test
case_a8be3be3,cust_5abd9d19,13896,upi,BANK_TIMEOUT,11,,0.7239994995151723,medium,0.06717544391658027,5,0.16666666666666666,"[0, 1, 2, 3, 4, 5]",random_uniform_v1,1,val
case_2500b1e7,cust_23aabee0,310267,upi,INSUFFICIENT_FUNDS,17,,0.7299254177753527,low,0.4136468734616148,2,0.16666666666666666,"[0, 1, 2, 3, 4, 5]",random_uniform_v1,1,train
case_2e5f0125,cust_50a4d37b,403855,upi,INSUFFICIENT_FUNDS,12,,0.678616395205939,low,0.4962459409145744,5,0.16666666666666666,"[0, 1, 2, 3, 4, 5]",random_uniform_v1,1,train
case_09e583d0,cust_b2120cf4,114986,netbanking,NETWORK_ERROR,0,,0.6628331487810573,low,0.6393439336490041,0,0.16666666666666666,"[0, 1, 2, 3, 4, 5]",random_uniform_v1,0,train
case_2009231e,cust_47684e93,99052,card,BANK_DECLINE,0,,0.5018333861955101,low,0.3905474735854998,4,0.16666666666666666,"[0, 1, 2, 3, 4, 5]",random_uniform_v1,0,train
case_47de56fe,cust_981c2c03,88393,netbanking,BANK_DECLINE,97,,0.587257841974268,low,0.0,0,0.16666666666666666,"[0, 1, 2, 3, 4, 5]",random_uniform_v1,0,train
case_a637f17e,cust_76399d70,170541,upi,NETWORK_ERROR,27,,0.9636643380644897,low,0.17893688142180994,1,0.16666666666666666,"[0, 1, 2, 3, 4, 5]",random_uniform_v1,1,train
case_8ce2dac8,cust_04b9db93,91151,upi,BANK_TIMEOUT,6,,0.95972291983618,low,0.6643079973735362,0,0.16666666666666666,"[0, 1, 2, 3, 4, 5]",random_uniform_v1,1,train
case_5132353a,cust_45ce1543,200111,upi,BANK_TIMEOUT,20,,0.8315736340998873,low,0.8860895763511394,5,0.16666666666666666,"[0, 1, 2, 3, 4, 5]",random_uniform_v1,1,val
case_52330654,cust_549957ea,80262,upi,NETWORK_ERROR,5,,0.8081948473624095,low,0.5400132918476224,2,0.16666666666666666,"[0, 1, 2, 3, 4, 5]",random_uniform_v1,1,train
case_c543a6d2,cust_4a81d955,70973,upi,NETWORK_ERROR,17,,0.4720724448240402,low,0.3284553577074554,3,0.16666666666666666,"[0, 1, 2, 3, 4, 5]",random_uniform_v1,0,train
case_b9241039,cust_396e8fbb,428955,upi,NETWORK_ERROR,5,,0.6751254523618796,high,0.3346516857050969,2,0.16666666666666666,"[0, 1, 2, 3, 4, 5]",random_uniform_v1,0,train
case_0f96fd28,cust_43a9c0a5,10414,upi,BANK_TIMEOUT,20,,0.3950175169155915,low,0.5773837280344155,3,0.16666666666666666,"[0, 1, 2, 3, 4, 5]",random_uniform_v1,1,train
case_322cefb5,cust_5b522125,13895,card,BANK_DECLINE,5,,0.5548300783556246,low,0.5947501374388763,3,0.16666666666666666,"[0, 1, 2, 3, 4, 5]",random_uniform_v1,0,train
case_1478de05,cust_9da9ca8c,356758,upi,INSUFFICIENT_FUNDS,9,,1.0,medium,0.3178514277445966,4,0.16666666666666666,"[0, 1, 2, 3, 4, 5]",random_uniform_v1,1,val
case_a3a8a1dc,cust_9b393eaa,131126,card,BANK_DECLINE,32,,0.9435795391462859,low,0.0,3,0.16666666666666666,"[0, 1, 2, 3, 4, 5]",random_uniform_v1,1,train
case_5692b3fe,cust_da4170a5,109488,upi,BANK_TIMEOUT,55,,0.9053860197757363,low,0.2279448877742689,3,0.16666666666666666,"[0, 1, 2, 3, 4, 5]",random_uniform_v1,0,train
case_26646e72,cust_70a63678,91217,upi,INSUFFICIENT_FUNDS,19,,0.9330583561438652,low,0.10660613514190476,2,0.16666666666666666,"[0, 1, 2, 3, 4, 5]",random_uniform_v1,1,test
case_89e7f8aa,cust_cd98f49a,65400,card,INSUFFICIENT_FUNDS,54,,0.8432558207158319,high,0.8502051436262555,3,0.16666666666666666,"[0, 1, 2, 3, 4, 5]",random_uniform_v1,1,val
case_205e711e,cust_0c7b197d,67270,upi,BANK_TIMEOUT,34,,0.8556096472853963,low,0.4762322311420435,2,0.16666666666666666,"[0, 1, 2, 3, 4, 5]",random_uniform_v1,1,train
case_8d732dce,cust_98412d73,61383,upi,BANK_TIMEOUT,9,,0.7202900145898288,low,0.3218019793361142,3,0.16666666666666666,"[0, 1, 2, 3, 4, 5]",random_uniform_v1,1,train
case_359c294a,cust_12a3e3b5,467370,upi,BANK_TIMEOUT,2,,0.8460837900575673,high,0.5814604481865386,4,0.16666666666666666,"[0, 1, 2, 3, 4, 5]",random_uniform_v1,1,test
case_0429f115,cust_3c8f5d20,208946,card,BANK_DECLINE,3,,0.649712226102175,low,0.1416833478105753,4,0.16666666666666666,"[0, 1, 2, 3, 4, 5]",random_uniform_v1,1,val
case_af6e230c,cust_810c9f8c,218096,upi,BANK_TIMEOUT,124,,1.0,high,0.600993656510447,2,0.16666666666666666,"[0, 1, 2, 3, 4, 5]",random_uniform_v1,1,train
case_6437c8e2,cust_fc6b4dfb,283054,netbanking,BANK_DECLINE,26,,0.8794416368506253,medium,0.0,3,0.16666666666666666,"[0, 1, 2, 3, 4, 5]",random_uniform_v1,1,train
case_eb49d77b,cust_d8412b64,81949,upi,BANK_TIMEOUT,8,,0.6102087900532108,low,0.34673944529275635,4,0.16666666666666666,"[0, 1, 2, 3, 4, 5]",random_uniform_v1,0,test
case_dd94464a,cust_1de8eb5c,150030,upi,BANK_TIMEOUT,31,,0.8033076167293938,low,0.434404123310164,4,0.16666666666666666,"[0, 1, 2, 3, 4, 5]",random_uniform_v1,1,train
case_e9a31e37,cust_66afe401,280484,upi,NETWORK_ERROR,141,,0.46146015470239476,low,0.36316629156935154,2,0.16666666666666666,"[0, 1, 2, 3, 4, 5]",random_uniform_v1,0,train
case_56ff9801,cust_1114e4b3,647084,upi,BANK_TIMEOUT,9,,0.683254052161215,medium,0.26383124498579885,3,0.16666666666666666,"[0, 1, 2, 3, 4, 5]",random_uniform_v1,1,train
case_d05a8111,cust_91a6c5ea,111078,card,BANK_DECLINE,1,,0.780807662927343,low,0.935244027231749,1,0.16666666666666666,"[0, 1, 2, 3, 4, 5]",random_uniform_v1,1,train
case_5d21d16d,cust_a69792c9,430294,upi,INSUFFICIENT_FUNDS,99,,0.7619426129995895,low,0.2946643391095238,0,0.16666666666666666,"[0, 1, 2, 3, 4, 5]",random_uniform_v1,1,train
case_19c25d25,cust_9b39eb98,274736,upi,BANK_TIMEOUT,57,,0.7403777332204504,low,0.19597480803385767,5,0.16666666666666666,"[0, 1, 2, 3, 4, 5]",random_uniform_v1,1,train
case_a14e7d46,cust_684c19c6,66250,upi,NETWORK_ERROR,22,,0.7816866968214243,medium,0.41735985726107405,4,0.16666666666666666,"[0, 1, 2, 3, 4, 5]",random_uniform_v1,0,train
case_f36f1c5f,cust_20d658af,35151,netbanking,BANK_DECLINE,5,,0.49349670384830724,low,0.12820354186555225,2,0.16666666666666666,"[0, 1, 2, 3, 4, 5]",random_uniform_v1,0,test
case_52df7be3,cust_08ff607a,72042,card,NETWORK_ERROR,14,,0.37719064866811475,high,0.3561223351279101,5,0.16666666666666666,"[0, 1, 2, 3, 4, 5]",random_uniform_v1,1,train
case_1e4c4dec,cust_f3604f82,216845,upi,INSUFFICIENT_FUNDS,17,,0.7539950043685065,low,0.6999028357596112,0,0.16666666666666666,"[0, 1, 2, 3, 4, 5]",random_uniform_v1,0,train
case_32f01d0c,cust_c4763bf2,37396,card,INSUFFICIENT_FUNDS,7,,0.9292350851975077,low,0.6356366183369169,1,0.16666666666666666,"[0, 1, 2, 3, 4, 5]",random_uniform_v1,0,train
case_25a09f74,cust_55ae1873,3783241,upi,INSUFFICIENT_FUNDS,25,,0.39989906301497735,medium,0.3776956570966836,5,0.16666666666666666,"[0, 1, 2, 3, 4, 5]",random_uniform_v1,1,train
case_2e772621,cust_d349d662,45777,card,BANK_DECLINE,21,,0.48021388268387966,low,0.16613299631175357,3,0.16666666666666666,"[0, 1, 2, 3, 4, 5]",random_uniform_v1,1,train
case_0dd6ff78,cust_0e793f0b,17090,upi,INSUFFICIENT_FUNDS,26,,0.8578663835334394,low,0.4250857944222163,5,0.16666666666666666,"[0, 1, 2, 3, 4, 5]",random_uniform_v1,1,val
case_92016923,cust_8b7016ce,117081,upi,BANK_TIMEOUT,20,,0.38731384626627524,medium,0.5877111671194817,2,0.16666666666666666,"[0, 1, 2, 3, 4, 5]",random_uniform_v1,0,train
case_ed3713fd,cust_f92b4123,46164,upi,INSUFFICIENT_FUNDS,69,,0.8115415799871091,low,0.27956853167901197,2,0.16666666666666666,"[0, 1, 2, 3, 4, 5]",random_uniform_v1,0,train
case_2b8e7054,cust_9802a3cf,30998,card,BANK_TIMEOUT,56,,0.8037576155184745,medium,0.31413721962956476,2,0.16666666666666666,"[0, 1, 2, 3, 4, 5]",random_uniform_v1,1,train
case_39e0e640,cust_d0369d22,1179426,upi,BANK_TIMEOUT,1,,0.8962551346200747,low,0.1273751092841913,0,0.16666666666666666,"[0, 1, 2, 3, 4, 5]",random_uniform_v1,1,train
case_55ddf847,cust_3bf6d6aa,46076,card,BANK_DECLINE,20,,0.7618740905351271,high,0.33662668717833494,4,0.16666666666666666,"[0, 1, 2, 3, 4, 5]",random_uniform_v1,0,val
case_aa966a91,cust_02031818,105774,netbanking,BANK_DECLINE,24,,0.5665123624584611,low,0.15455913439171237,2,0.16666666666666666,"[0, 1, 2, 3, 4, 5]",random_uniform_v1,1,train
case_942b5922,cust_8d5997ff,158003,netbanking,BANK_DECLINE,41,,0.9491780953396108,low,0.9073094803759346,1,0.16666666666666666,"[0, 1, 2, 3, 4, 5]",random_uniform_v1,1,train
case_5330334f,cust_f4602fee,59373,upi,INSUFFICIENT_FUNDS,18,,0.6649967756888084,low,0.18219499119937105,3,0.16666666666666666,"[0, 1, 2, 3, 4, 5]",random_uniform_v1,1,train
case_9ea4a256,cust_1be119dc,208074,upi,BANK_TIMEOUT,9,,0.866219856407287,low,0.28565001801583556,5,0.16666666666666666,"[0, 1, 2, 3, 4, 5]",random_uniform_v1,1,train
case_53127c7f,cust_7deab5a8,8259,card,INSUFFICIENT_FUNDS,12,,0.9367649675835892,low,0.7752902158846313,0,0.16666666666666666,"[0, 1, 2, 3, 4, 5]",random_uniform_v1,1,train
case_2c4b0b3b,cust_ec8b6562,44384,netbanking,BANK_DECLINE,6,,0.7203237969512672,low,0.39075434383896496,2,0.16666666666666666,"[0, 1, 2, 3, 4, 5]",random_uniform_v1,1,train
case_63e0a215,cust_af0e3750,34638,netbanking,BANK_DECLINE,362,,0.8353648387456426,low,0.6846468995902918,2,0.16666666666666666,"[0, 1, 2, 3, 4, 5]",random_uniform_v1,0,train
case_33339825,cust_f66ca759,56775,upi,NETWORK_ERROR,24,,0.9162191012183826,medium,0.9872503131720325,4,0.16666666666666666,"[0, 1, 2, 3, 4, 5]",random_uniform_v1,1,test
case_3cd1c554,cust_ccb18f30,853608,card,BANK_DECLINE,33,,0.6138916050333979,low,0.3834313780930284,5,0.16666666666666666,"[0, 1, 2, 3, 4, 5]",random_uniform_v1,1,train
case_5fd2987c,cust_85e9f5bf,92447,card,INSUFFICIENT_FUNDS,147,,0.9670136203600039,medium,0.33681253979565196,1,0.16666666666666666,"[0, 1, 2, 3, 4, 5]",random_uniform_v1,0,train
case_38b98a1b,cust_9022c02f,55910,card,BANK_TIMEOUT,25,,0.8324104352800797,low,0.3475579724367029,2,0.16666666666666666,"[0, 1, 2, 3, 4, 5]",random_uniform_v1,1,val
case_160232f1,cust_5e8a521c,59262,card,BANK_DECLINE,1,,0.5502071231119298,low,0.3642565951469138,5,0.16666666666666666,"[0, 1, 2, 3, 4, 5]",random_uniform_v1,1,train
case_9a55d711,cust_318ddafb,80447,upi,BANK_TIMEOUT,25,,0.8266718082401568,low,0.3489850230119802,5,0.16666666666666666,"[0, 1, 2, 3, 4, 5]",random_uniform_v1,0,train
case_e76be4e8,cust_40f23bbc,126005,card,BANK_TIMEOUT,8,,0.8238218726532656,low,0.0,2,0.16666666666666666,"[0, 1, 2, 3, 4, 5]",random_uniform_v1,1,train
case_1f8e1063,cust_6a1ee9cf,13962,upi,BANK_TIMEOUT,12,,0.7520950679339318,low,0.8002210576329816,2,0.16666666666666666,"[0, 1, 2, 3, 4, 5]",random_uniform_v1,1,train
case_586c2d49,cust_aa62728c,187664,upi,BANK_TIMEOUT,13,,0.6148696172562595,low,0.0,2,0.16666666666666666,"[0, 1, 2, 3, 4, 5]",random_uniform_v1,1,train
case_43ed385a,cust_fbd801e7,46498,upi,INSUFFICIENT_FUNDS,15,,0.9812059835282299,low,0.1161979943665162,2,0.16666666666666666,"[0, 1, 2, 3, 4, 5]",random_uniform_v1,1,train
case_c9f29f19,cust_bfe41c95,166626,upi,INSUFFICIENT_FUNDS,13,,0.9183754568924536,low,0.5282636107614993,1,0.16666666666666666,"[0, 1, 2, 3, 4, 5]",random_uniform_v1,0,val
case_dfc74d29,cust_d6a988e8,507326,upi,NETWORK_ERROR,5,,1.0,low,0.05183463967994162,4,0.16666666666666666,"[0, 1, 2, 3, 4, 5]",random_uniform_v1,1,val
case_35ed8318,cust_5c8ed24f,107182,upi,BANK_TIMEOUT,21,,1.0,low,0.387906291751535,5,0.16666666666666666,"[0, 1, 2, 3, 4, 5]",random_uniform_v1,0,train
case_0f985ec2,cust_6e7751cf,265537,upi,NETWORK_ERROR,31,,0.8786565603573886,low,0.17494438854544925,5,0.16666666666666666,"[0, 1, 2, 3, 4, 5]",random_uniform_v1,0,val
case_d949e7ec,cust_1aeb0c90,406754,card,INSUFFICIENT_FUNDS,3,,1.0,medium,0.5242471147568188,5,0.16666666666666666,"[0, 1, 2, 3, 4, 5]",random_uniform_v1,1,train
case_01babaca,cust_91ebaa6e,506424,upi,BANK_TIMEOUT,8,,0.7602663660688016,low,0.06363300782242659,4,0.16666666666666666,"[0, 1, 2, 3, 4, 5]",random_uniform_v1,1,val
case_2da32695,cust_d25da3e4,61644,upi,NETWORK_ERROR,19,,0.9239334142972994,medium,0.5099472636683156,4,0.16666666666666666,"[0, 1, 2, 3, 4, 5]",random_uniform_v1,1,train
case_8acb409f,cust_cf1d76be,51265,card,INSUFFICIENT_FUNDS,10,,0.5872581823798002,low,0.31515247475306096,4,0.16666666666666666,"[0, 1, 2, 3, 4, 5]",random_uniform_v1,1,val
case_ccada543,cust_486b4311,503327,upi,BANK_TIMEOUT,57,,0.7961171105119282,low,0.5582204350420115,4,0.16666666666666666,"[0, 1, 2, 3, 4, 5]",random_uniform_v1,1,train
case_aa09c725,cust_3997f25f,37645,card,BANK_DECLINE,0,,0.7331885078938317,low,0.5272156221559186,0,0.16666666666666666,"[0, 1, 2, 3, 4, 5]",random_uniform_v1,0,val
case_e7572a84,cust_eb6c53f2,52003,card,BANK_DECLINE,138,,0.7390021861523766,low,0.8339929889924669,3,0.16666666666666666,"[0, 1, 2, 3, 4, 5]",random_uniform_v1,1,train
case_eb0e50ed,cust_40f2b845,301853,upi,NETWORK_ERROR,28,,0.9916476104985199,low,0.46286624585255565,1,0.16666666666666666,"[0, 1, 2, 3, 4, 5]",random_uniform_v1,0,train
case_cb133692,cust_8aed7952,438685,upi,BANK_TIMEOUT,6,,0.8584512899149034,medium,0.4264637924754827,2,0.16666666666666666,"[0, 1, 2, 3, 4, 5]",random_uniform_v1,1,train
case_0ba5f480,cust_e9af803c,436098,card,BANK_DECLINE,25,,0.9587598602107917,low,0.2893608080919809,5,0.16666666666666666,"[0, 1, 2, 3, 4, 5]",random_uniform_v1,1,train
case_dae7973e,cust_217a17be,43422,upi,BANK_TIMEOUT,25,,0.5928135775910283,low,0.397569843535412,4,0.16666666666666666,"[0, 1, 2, 3, 4, 5]",random_uniform_v1,1,train
case_b8c41656,cust_fde8312d,391056,upi,NETWORK_ERROR,20,,0.8454522461275019,medium,0.2950354464675926,0,0.16666666666666666,"[0, 1, 2, 3, 4, 5]",random_uniform_v1,1,train
case_91180306,cust_b7110a16,155831,card,BANK_DECLINE,5,,0.7712709587145474,medium,0.23671280186770022,0,0.16666666666666666,"[0, 1, 2, 3, 4, 5]",random_uniform_v1,1,val
case_6732aac0,cust_82a68977,22094,upi,BANK_TIMEOUT,90,,1.0,low,0.5405531807285896,0,0.16666666666666666,"[0, 1, 2, 3, 4, 5]",random_uniform_v1,1,train
case_b43fa686,cust_030b70de,92676,card,INSUFFICIENT_FUNDS,40,,0.48792841028270134,medium,0.4797469150172861,2,0.16666666666666666,"[0, 1, 2, 3, 4, 5]",random_uniform_v1,1,train
case_c244bab0,cust_626a79bd,361741,card,BANK_DECLINE,81,,0.9067860303479962,low,0.038926005804017005,3,0.16666666666666666,"[0, 1, 2, 3, 4, 5]",random_uniform_v1,1,test
case_7c0540f6,cust_0c3021c9,197051,upi,INSUFFICIENT_FUNDS,12,,0.563720453148641,high,0.37465137331478016,4,0.16666666666666666,"[0, 1, 2, 3, 4, 5]",random_uniform_v1,1,train
case_6d37eb59,cust_8311a208,2430,upi,NETWORK_ERROR,3,,0.7741798115002357,low,0.5313661411558243,0,0.16666666666666666,"[0, 1, 2, 3, 4, 5]",random_uniform_v1,0,train
case_cc87663e,cust_e463f420,10667,card,INSUFFICIENT_FUNDS,37,,0.6030157955340316,low,0.2844922491578017,2,0.16666666666666666,"[0, 1, 2, 3, 4, 5]",random_uniform_v1,1,train
case_6e8529a1,cust_e51654b9,40017,card,INSUFFICIENT_FUNDS,5,,0.9712350410761674,low,0.5324919447831424,0,0.16666666666666666,"[0, 1, 2, 3, 4, 5]",random_uniform_v1,0,train
case_bfd222fe,cust_1a4aa75c,36193,card,INSUFFICIENT_FUNDS,30,,0.9988868905691755,medium,0.9336654097041314,5,0.16666666666666666,"[0, 1, 2, 3, 4, 5]",random_uniform_v1,1,train
case_725b20bb,cust_891f9dce,90408,card,BANK_TIMEOUT,45,,0.9671385862856443,medium,0.16039635070387676,2,0.16666666666666666,"[0, 1, 2, 3, 4, 5]",random_uniform_v1,1,test
case_108f0f0f,cust_7f58eb1d,938151,upi,BANK_TIMEOUT,88,,0.6329702749764374,low,0.2785706731769,4,0.16666666666666666,"[0, 1, 2, 3, 4, 5]",random_uniform_v1,1,train
case_4cdbe8ec,cust_3aa3cbd9,197166,upi,INSUFFICIENT_FUNDS,53,,0.8864376479599971,medium,0.19637740444659096,1,0.16666666666666666,"[0, 1, 2, 3, 4, 5]",random_uniform_v1,0,val
case_754239db,cust_de021eb7,106673,card,BANK_DECLINE,6,,0.7680742595361609,low,0.2295459215255084,1,0.16666666666666666,"[0, 1, 2, 3, 4, 5]",random_uniform_v1,1,train
case_8029ba56,cust_d5077a6a,279282,upi,BANK_TIMEOUT,75,,0.7592815770604894,low,0.6461442843327683,4,0.16666666666666666,"[0, 1, 2, 3, 4, 5]",random_uniform_v1,1,train
case_e9978797,cust_b73723ee,242285,upi,BANK_TIMEOUT,56,,0.8084073126196759,low,0.7268594826187565,3,0.16666666666666666,"[0, 1, 2, 3, 4, 5]",random_uniform_v1,1,test
case_988f4205,cust_6592acaa,307567,upi,BANK_TIMEOUT,46,,0.7208683881922843,low,0.3691067807352617,1,0.16666666666666666,"[0, 1, 2, 3, 4, 5]",random_uniform_v1,1,train
case_da56be6e,cust_0c6c0219,198783,netbanking,BANK_DECLINE,50,,0.8682985510393175,low,1.0,3,0.16666666666666666,"[0, 1, 2, 3, 4, 5]",random_uniform_v1,0,val
case_abaccfdf,cust_6daa5197,70675,card,BANK_DECLINE,7,,0.7691603943152314,low,0.18982679307951483,5,0.16666666666666666,"[0, 1, 2, 3, 4, 5]",random_uniform_v1,0,test
case_4c27f389,cust_62bd5bb4,121007,netbanking,INSUFFICIENT_FUNDS,60,,0.9761554848285517,low,0.35802245125838317,1,0.16666666666666666,"[0, 1, 2, 3, 4, 5]",random_uniform_v1,0,train
case_cc0a0959,cust_1ae84e10,149139,upi,NETWORK_ERROR,1,,0.28763995601466597,low,0.3236916560579735,4,0.16666666666666666,"[0, 1, 2, 3, 4, 5]",random_uniform_v1,0,test
case_3d9e6085,cust_345c42f1,1091976,card,INSUFFICIENT_FUNDS,1,,0.8267144539198348,low,0.604122102230031,4,0.16666666666666666,"[0, 1, 2, 3, 4, 5]",random_uniform_v1,1,val
case_ce517034,cust_8ac472a4,92378,upi,INSUFFICIENT_FUNDS,28,,0.7692088698331615,low,0.39616750279356416,2,0.16666666666666666,"[0, 1, 2, 3, 4, 5]",random_uniform_v1,1,val
case_a1e5f35e,cust_5d194399,120666,netbanking,NETWORK_ERROR,19,,0.8477221110759674,high,0.07833744696197847,4,0.16666666666666666,"[0, 1, 2, 3, 4, 5]",random_uniform_v1,1,train
case_618924c6,cust_53fbe625,8965,upi,INSUFFICIENT_FUNDS,70,,0.3032206733533912,low,0.441312286156611,1,0.16666666666666666,"[0, 1, 2, 3, 4, 5]",random_uniform_v1,0,val
case_976fa974,cust_d493548a,681639,upi,INSUFFICIENT_FUNDS,44,,0.5617788760820627,low,0.2798426445187173,4,0.16666666666666666,"[0, 1, 2, 3, 4, 5]",random_uniform_v1,1,train
case_f75a6792,cust_f720ea3b,193827,card,INSUFFICIENT_FUNDS,4,,0.4996335617383598,high,0.399529171199579,0,0.16666666666666666,"[0, 1, 2, 3, 4, 5]",random_uniform_v1,1,train
case_3067dab0,cust_958e338f,1761172,upi,INSUFFICIENT_FUNDS,57,,0.8168906949659565,medium,0.4467221112930841,3,0.16666666666666666,"[0, 1, 2, 3, 4, 5]",random_uniform_v1,1,train
case_38f73160,cust_35b8125e,16579,netbanking,INSUFFICIENT_FUNDS,5,,0.6734642000458108,low,0.6258839599607998,0,0.16666666666666666,"[0, 1, 2, 3, 4, 5]",random_uniform_v1,1,train
case_6e373a4e,cust_64c53d5a,388623,card,NETWORK_ERROR,41,,0.7534062004759088,medium,0.4143456103496584,4,0.16666666666666666,"[0, 1, 2, 3, 4, 5]",random_uniform_v1,1,train
case_2d95b338,cust_1dc14edd,70530,netbanking,BANK_DECLINE,25,,0.6761713387387251,low,0.30875783119948497,4,0.16666666666666666,"[0, 1, 2, 3, 4, 5]",random_uniform_v1,0,train
case_afe5d7a0,cust_8425c11d,1546581,upi,BANK_TIMEOUT,20,,0.662088162689368,low,0.1506773918420754,2,0.16666666666666666,"[0, 1, 2, 3, 4, 5]",random_uniform_v1,1,train
case_ded1ab02,cust_e13e4be2,36244,card,BANK_DECLINE,28,,0.6583089389026181,low,0.44733661928365953,3,0.16666666666666666,"[0, 1, 2, 3, 4, 5]",random_uniform_v1,0,train
case_7069cfc0,cust_bdd9124c,58027,upi,INSUFFICIENT_FUNDS,37,,0.8463448264593474,low,0.05055238004416554,4,0.16666666666666666,"[0, 1, 2, 3, 4, 5]",random_uniform_v1,1,train
case_fda606c9,cust_4dfc37c0,10809,card,INSUFFICIENT_FUNDS,15,,0.7926512853723677,low,0.18167794740518037,0,0.16666666666666666,"[0, 1, 2, 3, 4, 5]",random_uniform_v1,1,train
case_a94e710b,cust_fd91d740,83157,upi,BANK_TIMEOUT,20,,0.7144662977433762,low,0.29975364184446374,4,0.16666666666666666,"[0, 1, 2, 3, 4, 5]",random_uniform_v1,1,train
case_36166cc6,cust_4eb6b80b,77110,upi,NETWORK_ERROR,44,,0.6737581780539611,low,0.38953515969301067,0,0.16666666666666666,"[0, 1, 2, 3, 4, 5]",random_uniform_v1,1,train
case_a54eec23,cust_386c3089,1914936,card,BANK_DECLINE,7,,1.0,low,0.0711585365344991,1,0.16666666666666666,"[0, 1, 2, 3, 4, 5]",random_uniform_v1,0,train
case_f97bd4a7,cust_0625a0fc,97740,upi,INSUFFICIENT_FUNDS,20,,0.787794873791457,low,0.2912543637307749,0,0.16666666666666666,"[0, 1, 2, 3, 4, 5]",random_uniform_v1,1,train
case_1d76b09f,cust_7d6a83e9,75774,upi,BANK_TIMEOUT,23,,0.7710107716711408,medium,0.42479579642769294,4,0.16666666666666666,"[0, 1, 2, 3, 4, 5]",random_uniform_v1,1,train
case_b00a31f7,cust_9f012917,19422,card,BANK_DECLINE,40,,0.6095267515272774,low,0.27149330383463105,2,0.16666666666666666,"[0, 1, 2, 3, 4, 5]",random_uniform_v1,0,train
case_71d3a51c,cust_48a5a498,11415,upi,NETWORK_ERROR,21,,0.7199891170310482,medium,0.7525783325665548,1,0.16666666666666666,"[0, 1, 2, 3, 4, 5]",random_uniform_v1,1,val
case_680204e8,cust_3005e1c5,50763,card,BANK_DECLINE,12,,0.8920180821969605,medium,0.830374340879569,4,0.16666666666666666,"[0, 1, 2, 3, 4, 5]",random_uniform_v1,1,train
case_59c4ca54,cust_7d1e6eb3,178911,upi,BANK_TIMEOUT,64,,0.7872177632511703,low,0.18007132963383163,1,0.16666666666666666,"[0, 1, 2, 3, 4, 5]",random_uniform_v1,1,train
case_b83ea154,cust_761567ae,120579,upi,BANK_TIMEOUT,60,,0.776172673568308,low,0.7505495782658057,5,0.16666666666666666,"[0, 1, 2, 3, 4, 5]",random_uniform_v1,1,train
case_e1c594de,cust_48ab8e96,531952,card,INSUFFICIENT_FUNDS,25,,0.2846449700747129,medium,0.011167219049155686,3,0.16666666666666666,"[0, 1, 2, 3, 4, 5]",random_uniform_v1,0,train
case_9cb71102,cust_a12b7418,25539,card,INSUFFICIENT_FUNDS,5,,0.9708214771074881,low,0.7002010674332865,3,0.16666666666666666,"[0, 1, 2, 3, 4, 5]",random_uniform_v1,1,test
case_24d66e07,cust_40b07503,129926,upi,INSUFFICIENT_FUNDS,22,,0.6007927971166473,high,0.4636101018758185,2,0.16666666666666666,"[0, 1, 2, 3, 4, 5]",random_uniform_v1,0,train
case_c46e07fb,cust_38c0c07f,145121,upi,BANK_TIMEOUT,42,,0.6192760221813244,low,0.09558158694362803,5,0.16666666666666666,"[0, 1, 2, 3, 4, 5]",random_uniform_v1,1,train
case_bd365dad,cust_7b6f9388,89007,card,BANK_DECLINE,4,,0.730830497118579,low,0.13190495258071136,3,0.16666666666666666,"[0, 1, 2, 3, 4, 5]",random_uniform_v1,1,train
case_3c20ce86,cust_5564624e,100344,card,INSUFFICIENT_FUNDS,57,,0.3746859185986392,low,0.1822096018297534,3,0.16666666666666666,"[0, 1, 2, 3, 4, 5]",random_uniform_v1,0,train
case_bb023d39,cust_69c60115,39138,upi,INSUFFICIENT_FUNDS,34,,0.8736869950504855,low,0.8773966952742545,4,0.16666666666666666,"[0, 1, 2, 3, 4, 5]",random_uniform_v1,1,train
case_366f21b5,cust_72dc5ca1,1177229,card,BANK_DECLINE,18,,0.626450733382363,low,0.35755849062397144,4,0.16666666666666666,"[0, 1, 2, 3, 4, 5]",random_uniform_v1,0,train
case_4428804f,cust_65c1d4da,520324,upi,INSUFFICIENT_FUNDS,3,,0.9214477062984495,medium,0.5418159567603222,4,0.16666666666666666,"[0, 1, 2, 3, 4, 5]",random_uniform_v1,0,train
case_6d732dfa,cust_650b4208,307199,upi,INSUFFICIENT_FUNDS,65,,0.7442983295007832,low,0.5674002617885787,1,0.16666666666666666,"[0, 1, 2, 3, 4, 5]",random_uniform_v1,0,val
case_25e56056,cust_96905ddb,113568,upi,BANK_TIMEOUT,116,,0.9555107528883586,low,0.40389523471065014,1,0.16666666666666666,"[0, 1, 2, 3, 4, 5]",random_uniform_v1,1,train
case_824c33d2,cust_089c9aa5,1287833,upi,BANK_TIMEOUT,109,,0.8912028576440356,medium,0.562463620884676,0,0.16666666666666666,"[0, 1, 2, 3, 4, 5]",random_uniform_v1,0,val
case_d7b160f9,cust_b100ed4e,62121,upi,BANK_TIMEOUT,29,,0.5629535703256403,high,0.8354911819104752,1,0.16666666666666666,"[0, 1, 2, 3, 4, 5]",random_uniform_v1,1,train
case_a44bb0a5,cust_0eb4810d,14316,upi,INSUFFICIENT_FUNDS,15,,0.5725581470049398,low,0.5294925000454077,2,0.16666666666666666,"[0, 1, 2, 3, 4, 5]",random_uniform_v1,0,val
case_2d8210f7,cust_b6df29fb,123843,upi,INSUFFICIENT_FUNDS,4,,0.9014095623708244,low,0.8342056022304577,3,0.16666666666666666,"[0, 1, 2, 3, 4, 5]",random_uniform_v1,1,train
case_5c33a730,cust_09f7628c,247291,upi,INSUFFICIENT_FUNDS,43,,0.550950138458953,high,0.6360219693085145,1,0.16666666666666666,"[0, 1, 2, 3, 4, 5]",random_uniform_v1,0,test
case_8697a955,cust_bc35c198,50455,upi,BANK_TIMEOUT,53,,0.8032579753003074,low,0.4718059917181932,5,0.16666666666666666,"[0, 1, 2, 3, 4, 5]",random_uniform_v1,1,test
case_5f9dd259,cust_0db4827b,98378,upi,BANK_TIMEOUT,106,,0.6527320752198135,low,0.24452316508636973,4,0.16666666666666666,"[0, 1, 2, 3, 4, 5]",random_uniform_v1,1,train
case_83ada0e0,cust_cc9752ab,123409,upi,BANK_TIMEOUT,7,,0.6418054605892171,low,0.413685886316736,0,0.16666666666666666,"[0, 1, 2, 3, 4, 5]",random_uniform_v1,1,test
case_d823ceb4,cust_c4d4a525,115795,upi,BANK_TIMEOUT,88,,1.0,high,0.13669687601078978,1,0.16666666666666666,"[0, 1, 2, 3, 4, 5]",random_uniform_v1,1,train
case_143f0c4a,cust_1a6a297f,46302,upi,BANK_TIMEOUT,76,,0.8720339743603466,low,0.26021016000458025,2,0.16666666666666666,"[0, 1, 2, 3, 4, 5]",random_uniform_v1,1,train
case_ab2ef2b1,cust_563db160,82950,upi,BANK_TIMEOUT,11,,0.858649258022729,low,0.424447184588012,1,0.16666666666666666,"[0, 1, 2, 3, 4, 5]",random_uniform_v1,0,val
case_6d7c7a7a,cust_aa85fc8f,91911,card,BANK_DECLINE,42,,0.8392697031532433,medium,0.48168715357466707,0,0.16666666666666666,"[0, 1, 2, 3, 4, 5]",random_uniform_v1,1,train
case_9d47b2cf,cust_5bcfbd04,187650,card,INSUFFICIENT_FUNDS,12,,0.6508010756725007,low,0.46770819433163685,1,0.16666666666666666,"[0, 1, 2, 3, 4, 5]",random_uniform_v1,0,train
case_2821495b,cust_bb480dbe,68689,upi,BANK_TIMEOUT,88,,0.9816790690653305,low,0.49139302666194834,1,0.16666666666666666,"[0, 1, 2, 3, 4, 5]",random_uniform_v1,1,train
case_d1457e6b,cust_7b91faca,2844256,netbanking,INSUFFICIENT_FUNDS,72,,0.5066757329996808,low,0.5358256200757077,4,0.16666666666666666,"[0, 1, 2, 3, 4, 5]",random_uniform_v1,0,train
case_9323820c,cust_3cebf795,122908,upi,INSUFFICIENT_FUNDS,26,,1.0,medium,0.3741188781749208,4,0.16666666666666666,"[0, 1, 2, 3, 4, 5]",random_uniform_v1,0,train
case_95d18e38,cust_cb0637c5,228588,card,BANK_DECLINE,25,,0.5448314482229668,low,0.20004872105330562,0,0.16666666666666666,"[0, 1, 2, 3, 4, 5]",random_uniform_v1,0,train
case_07774f43,cust_8ac68fb5,197572,netbanking,NETWORK_ERROR,4,,0.7617307814773645,low,0.6284011238777035,3,0.16666666666666666,"[0, 1, 2, 3, 4, 5]",random_uniform_v1,1,train
case_11bd9f21,cust_1b2d3c6b,64825,upi,BANK_TIMEOUT,68,,0.4723648692431213,low,0.6344930809983927,1,0.16666666666666666,"[0, 1, 2, 3, 4, 5]",random_uniform_v1,1,val
case_48f69530,cust_0ee94f64,17054,upi,INSUFFICIENT_FUNDS,29,,0.9061082568464173,low,0.6698721463546273,3,0.16666666666666666,"[0, 1, 2, 3, 4, 5]",random_uniform_v1,0,train
case_418ed08d,cust_7e15aede,308748,card,NETWORK_ERROR,58,,0.4493747953657166,medium,0.7659396362269554,3,0.16666666666666666,"[0, 1, 2, 3, 4, 5]",random_uniform_v1,1,train
case_8e69de3b,cust_c3b29e15,91196,upi,INSUFFICIENT_FUNDS,43,,0.9062334875551653,low,0.06278970315188837,0,0.16666666666666666,"[0, 1, 2, 3, 4, 5]",random_uniform_v1,1,train
case_ebd9c6ac,cust_8970e144,245991,card,INSUFFICIENT_FUNDS,86,,0.6885127110477038,low,0.6245290240006343,2,0.16666666666666666,"[0, 1, 2, 3, 4, 5]",random_uniform_v1,1,test
case_fee42b7e,cust_f82eae5f,231350,card,BANK_DECLINE,123,,0.8160066049963441,medium,0.5407577475990494,0,0.16666666666666666,"[0, 1, 2, 3, 4, 5]",random_uniform_v1,0,train
case_12db11ad,cust_5f38e5f4,182853,upi,BANK_TIMEOUT,17,,0.5655967686704425,low,0.7342744275798291,4,0.16666666666666666,"[0, 1, 2, 3, 4, 5]",random_uniform_v1,1,train
case_53667bb4,cust_646cb9e7,99430,card,BANK_DECLINE,49,,0.6223139221371741,medium,0.6654158134548727,2,0.16666666666666666,"[0, 1, 2, 3, 4, 5]",random_uniform_v1,0,test
case_f7851fc5,cust_70de2c09,129746,upi,INSUFFICIENT_FUNDS,27,,0.9827262404031486,high,0.26568207613291567,0,0.16666666666666666,"[0, 1, 2, 3, 4, 5]",random_uniform_v1,1,train
case_2c50abb1,cust_b366589f,207582,upi,NETWORK_ERROR,51,,0.6556441129496923,low,0.36850930921124775,4,0.16666666666666666,"[0, 1, 2, 3, 4, 5]",random_uniform_v1,1,train
case_5d9dcbfb,cust_9a45f6cf,51545,upi,INSUFFICIENT_FUNDS,2,,0.9938808350493418,medium,0.5081199106089079,1,0.16666666666666666,"[0, 1, 2, 3, 4, 5]",random_uniform_v1,0,val
case_172e2d23,cust_4d4cd217,27558,upi,BANK_TIMEOUT,45,,0.6563639902052745,medium,0.2973284297496785,0,0.16666666666666666,"[0, 1, 2, 3, 4, 5]",random_uniform_v1,1,train
case_5f4772f8,cust_82094ad2,229358,upi,INSUFFICIENT_FUNDS,28,,1.0,low,0.3054609328750496,3,0.16666666666666666,"[0, 1, 2, 3, 4, 5]",random_uniform_v1,1,test
case_2da8b761,cust_ed4333a9,150059,upi,BANK_TIMEOUT,51,,0.9614300820974329,low,0.30570964822971025,1,0.16666666666666666,"[0, 1, 2, 3, 4, 5]",random_uniform_v1,1,train
case_b80ff6cb,cust_eb3157ac,48996,upi,INSUFFICIENT_FUNDS,7,,0.9319644337358135,low,0.2002738258412049,2,0.16666666666666666,"[0, 1, 2, 3, 4, 5]",random_uniform_v1,1,test
case_27b4d9f7,cust_f67c16b6,57411,upi,BANK_TIMEOUT,75,,0.8363869574928702,low,0.4026678250567395,1,0.16666666666666666,"[0, 1, 2, 3, 4, 5]",random_uniform_v1,1,test
case_9411ff56,cust_1305dcd2,324997,upi,INSUFFICIENT_FUNDS,3,,0.7430158773095221,high,0.7667606250299546,1,0.16666666666666666,"[0, 1, 2, 3, 4, 5]",random_uniform_v1,1,test
case_7bde12e6,cust_5b3a59d3,35197,netbanking,INSUFFICIENT_FUNDS,6,,0.8266410472140546,low,0.5682186168905047,3,0.16666666666666666,"[0, 1, 2, 3, 4, 5]",random_uniform_v1,1,train
case_60af7698,cust_e6cb63bb,22779,upi,NETWORK_ERROR,4,,0.8205225388726574,high,0.48797587500263284,3,0.16666666666666666,"[0, 1, 2, 3, 4, 5]",random_uniform_v1,1,train
case_73bc8507,cust_48898f73,192674,upi,NETWORK_ERROR,27,,1.0,medium,0.5296797010843434,5,0.16666666666666666,"[0, 1, 2, 3, 4, 5]",random_uniform_v1,1,train
case_b4561e90,cust_c9028e86,1695361,upi,NETWORK_ERROR,2,,0.6943736681775785,medium,0.5421184609854842,4,0.16666666666666666,"[0, 1, 2, 3, 4, 5]",random_uniform_v1,1,test
case_0801f59a,cust_005562e6,50220,upi,NETWORK_ERROR,16,,0.5317513613702384,medium,0.14916659294968115,3,0.16666666666666666,"[0, 1, 2, 3, 4, 5]",random_uniform_v1,1,test
case_f5297708,cust_cd4a949c,233261,upi,INSUFFICIENT_FUNDS,8,,0.6298121717623846,low,0.6161207412511961,3,0.16666666666666666,"[0, 1, 2, 3, 4, 5]",random_uniform_v1,0,train
case_db73cf31,cust_af3be7fb,110606,card,BANK_DECLINE,80,,0.6618686742305022,low,0.4826508290229948,4,0.16666666666666666,"[0, 1, 2, 3, 4, 5]",random_uniform_v1,0,train
case_faf92824,cust_6b515b40,43841,upi,INSUFFICIENT_FUNDS,28,,0.9184825350913893,low,0.22061400403042963,3,0.16666666666666666,"[0, 1, 2, 3, 4, 5]",random_uniform_v1,1,train
case_7bef192a,cust_cdcedc13,156348,card,INSUFFICIENT_FUNDS,36,,0.857628927415356,low,0.6097216736328659,2,0.16666666666666666,"[0, 1, 2, 3, 4, 5]",random_uniform_v1,1,train
case_6c191d97,cust_130387be,6614,card,BANK_DECLINE,12,,0.6662735065030978,medium,0.4513418444096851,4,0.16666666666666666,"[0, 1, 2, 3, 4, 5]",random_uniform_v1,1,train
case_49835aaf,cust_7da581bb,290406,upi,BANK_TIMEOUT,52,,0.5966246469392071,low,0.5085278082468451,5,0.16666666666666666,"[0, 1, 2, 3, 4, 5]",random_uniform_v1,1,train
case_fd263161,cust_cec43c10,152779,upi,INSUFFICIENT_FUNDS,12,,0.7452817665771722,medium,0.3735214536929393,1,0.16666666666666666,"[0, 1, 2, 3, 4, 5]",random_uniform_v1,0,train
case_301deb77,cust_ee8ca40c,71980,card,BANK_TIMEOUT,5,,0.9056616908691494,low,1.0,2,0.16666666666666666,"[0, 1, 2, 3, 4, 5]",random_uniform_v1,1,train
case_55a56916,cust_619a8fd4,198223,upi,BANK_TIMEOUT,121,,0.9429363650564412,low,0.3225584304594912,1,0.16666666666666666,"[0, 1, 2, 3, 4, 5]",random_uniform_v1,1,test
case_01718f60,cust_c7ce700a,27590,netbanking,NETWORK_ERROR,165,,0.7993798983040264,low,0.11301766629905452,0,0.16666666666666666,"[0, 1, 2, 3, 4, 5]",random_uniform_v1,1,train
case_9194b633,cust_07e58aad,417664,upi,BANK_TIMEOUT,11,,0.8017619908263394,low,0.10663688343088162,2,0.16666666666666666,"[0, 1, 2, 3, 4, 5]",random_uniform_v1,1,test
case_acae6dcd,cust_18e13708,166159,card,INSUFFICIENT_FUNDS,29,,0.34520510156215467,low,0.04077335844268687,5,0.16666666666666666,"[0, 1, 2, 3, 4, 5]",random_uniform_v1,0,val
case_912bfed9,cust_9ada7a40,78465,upi,NETWORK_ERROR,74,,0.4293176269058646,low,0.4552688753281373,3,0.16666666666666666,"[0, 1, 2, 3, 4, 5]",random_uniform_v1,1,train
case_a80e12ca,cust_adfd8fb3,5372,card,NETWORK_ERROR,2,,0.4418708546946034,low,0.38890282079263094,5,0.16666666666666666,"[0, 1, 2, 3, 4, 5]",random_uniform_v1,1,train
case_3373d8d7,cust_494d8bb1,212212,upi,INSUFFICIENT_FUNDS,24,,0.7544006651462807,medium,0.4561145964884688,3,0.16666666666666666,"[0, 1, 2, 3, 4, 5]",random_uniform_v1,1,test
case_587a8f24,cust_a08a05be,63377,upi,NETWORK_ERROR,4,,0.9256149156187742,low,0.44073939229559,3,0.16666666666666666,"[0, 1, 2, 3, 4, 5]",random_uniform_v1,0,test
case_83d07a8f,cust_43a80777,338542,upi,NETWORK_ERROR,15,,0.4896959806950602,low,0.43978253649326926,3,0.16666666666666666,"[0, 1, 2, 3, 4, 5]",random_uniform_v1,0,train
case_fd96578b,cust_88592552,82878,card,BANK_DECLINE,16,,0.6506106556549556,medium,0.7553213920978485,0,0.16666666666666666,"[0, 1, 2, 3, 4, 5]",random_uniform_v1,0,train
case_3569e59e,cust_e179606d,11562,card,BANK_DECLINE,7,,1.0,low,0.4391658098216356,4,0.16666666666666666,"[0, 1, 2, 3, 4, 5]",random_uniform_v1,1,train
case_f056eb3a,cust_19407932,68346,card,INSUFFICIENT_FUNDS,25,,0.8012495055396571,low,0.14834010520438692,1,0.16666666666666666,"[0, 1, 2, 3, 4, 5]",random_uniform_v1,0,val
case_4d1a3b1d,cust_4ac4a09e,414834,upi,INSUFFICIENT_FUNDS,110,,0.6412921734801643,low,0.3687893068794655,0,0.16666666666666666,"[0, 1, 2, 3, 4, 5]",random_uniform_v1,1,train
case_9c5b0487,cust_39613a4f,153592,card,INSUFFICIENT_FUNDS,16,,0.7378338135181451,low,0.26860403680936007,3,0.16666666666666666,"[0, 1, 2, 3, 4, 5]",random_uniform_v1,0,train
case_e12da304,cust_e4303171,86696,upi,BANK_TIMEOUT,14,,0.7898591055800026,low,0.15222073795834054,5,0.16666666666666666,"[0, 1, 2, 3, 4, 5]",random_uniform_v1,1,train
case_5e7ea5de,cust_7236ea6a,25470,upi,INSUFFICIENT_FUNDS,0,,0.748258982417017,low,0.679852751692311,1,0.16666666666666666,"[0, 1, 2, 3, 4, 5]",random_uniform_v1,0,train
case_9fcc40ca,cust_fec09cf4,166103,card,BANK_DECLINE,85,,1.0,low,0.7429480419927396,1,0.16666666666666666,"[0, 1, 2, 3, 4, 5]",random_uniform_v1,1,test
case_ca617bf4,cust_a4c16b1c,181981,card,BANK_DECLINE,66,,0.5680542329155397,low,0.42694185367214643,3,0.16666666666666666,"[0, 1, 2, 3, 4, 5]",random_uniform_v1,1,val
case_aec1da90,cust_c8a844f9,13295,upi,INSUFFICIENT_FUNDS,7,,0.7943655503714934,medium,0.19562717683216452,5,0.16666666666666666,"[0, 1, 2, 3, 4, 5]",random_uniform_v1,1,val
case_0ccbf6cb,cust_81e1abc5,234776,card,BANK_TIMEOUT,16,,0.7952403168174851,low,0.30440575137627196,3,0.16666666666666666,"[0, 1, 2, 3, 4, 5]",random_uniform_v1,1,train
case_2a027a64,cust_4b012b89,260591,upi,NETWORK_ERROR,13,,0.8903874025321641,low,0.0,0,0.16666666666666666,"[0, 1, 2, 3, 4, 5]",random_uniform_v1,1,train
case_4a985201,cust_9e67c72c,224738,upi,INSUFFICIENT_FUNDS,17,,1.0,medium,0.5754950859779573,0,0.16666666666666666,"[0, 1, 2, 3, 4, 5]",random_uniform_v1,0,train
case_7fe07d84,cust_f984b70a,149484,netbanking,INSUFFICIENT_FUNDS,17,,0.6925967295414924,low,0.7998564476709451,4,0.16666666666666666,"[0, 1, 2, 3, 4, 5]",random_uniform_v1,1,val
case_ecc614f6,cust_a56a0e32,48780,card,INSUFFICIENT_FUNDS,148,,1.0,low,0.13966425954379869,0,0.16666666666666666,"[0, 1, 2, 3, 4, 5]",random_uniform_v1,1,train
case_08a93669,cust_c24690bf,127236,card,BANK_DECLINE,40,,0.8921659075881585,low,0.7208874768754221,4,0.16666666666666666,"[0, 1, 2, 3, 4, 5]",random_uniform_v1,1,val
case_ad064743,cust_4ef1cc85,9124,netbanking,INSUFFICIENT_FUNDS,2,,0.6364587755182023,medium,0.23769824193437045,2,0.16666666666666666,"[0, 1, 2, 3, 4, 5]",random_uniform_v1,1,val
case_2eb290c2,cust_2293714a,65899,upi,NETWORK_ERROR,18,,0.5952876599259072,low,0.8123832596702846,5,0.16666666666666666,"[0, 1, 2, 3, 4, 5]",random_uniform_v1,1,train
case_3c0f24d4,cust_65d721e9,100996,upi,INSUFFICIENT_FUNDS,66,,0.8894715027552299,low,0.8487811589515497,4,0.16666666666666666,"[0, 1, 2, 3, 4, 5]",random_uniform_v1,1,val
case_66f842dd,cust_535bb624,1333616,card,INSUFFICIENT_FUNDS,0,,0.6179170090210787,low,0.6144596204579595,1,0.16666666666666666,"[0, 1, 2, 3, 4, 5]",random_uniform_v1,0,test
case_73db6ba7,cust_2eff4153,130328,upi,NETWORK_ERROR,19,,0.8509230995000909,medium,0.29079019531777217,3,0.16666666666666666,"[0, 1, 2, 3, 4, 5]",random_uniform_v1,1,train
case_80d7703b,cust_56b2ceef,38322,card,BANK_TIMEOUT,35,,0.9723800960387887,high,0.33437144449097855,0,0.16666666666666666,"[0, 1, 2, 3, 4, 5]",random_uniform_v1,1,train
case_eb63f992,cust_3f7527d5,175939,upi,BANK_TIMEOUT,3,,0.8718098343661671,low,0.0,4,0.16666666666666666,"[0, 1, 2, 3, 4, 5]",random_uniform_v1,0,train
case_29fcdbb4,cust_9c2b4670,1975937,upi,INSUFFICIENT_FUNDS,5,,0.45075221358642364,low,0.10127180247290518,0,0.16666666666666666,"[0, 1, 2, 3, 4, 5]",random_uniform_v1,0,train
case_7b5d6b5b,cust_af369ffb,75384,card,BANK_DECLINE,45,,0.8794373285894063,low,0.44683620960982856,0,0.16666666666666666,"[0, 1, 2, 3, 4, 5]",random_uniform_v1,1,train
case_b2f55fa6,cust_188cdfda,43724,card,BANK_DECLINE,30,,1.0,low,0.0964583908829075,3,0.16666666666666666,"[0, 1, 2, 3, 4, 5]",random_uniform_v1,1,train
case_e112daac,cust_fc76421b,256101,upi,NETWORK_ERROR,16,,0.7211966357382861,low,0.22283448783247523,1,0.16666666666666666,"[0, 1, 2, 3, 4, 5]",random_uniform_v1,1,test
case_2805ba5c,cust_2694ed5d,40488,upi,INSUFFICIENT_FUNDS,25,,0.8363506649502481,low,0.5302990627648567,1,0.16666666666666666,"[0, 1, 2, 3, 4, 5]",random_uniform_v1,0,train
case_71c17fde,cust_78c7b099,194069,card,BANK_DECLINE,46,,0.8914681734495159,medium,0.1212070150802008,5,0.16666666666666666,"[0, 1, 2, 3, 4, 5]",random_uniform_v1,1,val
case_2d328d55,cust_8a60f0ee,16295,upi,INSUFFICIENT_FUNDS,33,,0.16491168690595964,low,0.5917190843547697,2,0.16666666666666666,"[0, 1, 2, 3, 4, 5]",random_uniform_v1,1,val
case_ec7c8310,cust_52156fa8,261628,upi,NETWORK_ERROR,4,,0.6704392501831856,low,0.2936693726037156,4,0.16666666666666666,"[0, 1, 2, 3, 4, 5]",random_uniform_v1,1,train
case_aabe04e3,cust_6189c8b9,715457,card,NETWORK_ERROR,5,,0.6846508355150628,low,0.582202090647328,1,0.16666666666666666,"[0, 1, 2, 3, 4, 5]",random_uniform_v1,1,train
case_89737027,cust_07977763,286639,netbanking,BANK_DECLINE,9,,0.44103795116272915,low,0.39964275240170044,5,0.16666666666666666,"[0, 1, 2, 3, 4, 5]",random_uniform_v1,0,train
case_5834ae9c,cust_6c54e359,1123734,card,BANK_DECLINE,18,,0.6897108743096684,high,0.533275975659189,5,0.16666666666666666,"[0, 1, 2, 3, 4, 5]",random_uniform_v1,1,train
case_bf430577,cust_bd130b34,23964,upi,INSUFFICIENT_FUNDS,77,,0.9432690146174674,low,0.324057452449507,3,0.16666666666666666,"[0, 1, 2, 3, 4, 5]",random_uniform_v1,1,train
case_c5211894,cust_2914278a,79372,upi,BANK_TIMEOUT,12,,0.8550975554703841,high,0.30787100013483176,2,0.16666666666666666,"[0, 1, 2, 3, 4, 5]",random_uniform_v1,1,train
case_f77b144c,cust_2943c9f5,44215,card,NETWORK_ERROR,62,,0.7970550735960102,low,0.26949730533532806,1,0.16666666666666666,"[0, 1, 2, 3, 4, 5]",random_uniform_v1,1,train
case_75ef9608,cust_e568f9d4,6198,upi,INSUFFICIENT_FUNDS,35,,0.5001142850001469,low,0.42733840532972234,2,0.16666666666666666,"[0, 1, 2, 3, 4, 5]",random_uniform_v1,1,train
case_2625539a,cust_f8e34eb6,71963,upi,INSUFFICIENT_FUNDS,37,,0.767971426971134,low,0.5035722489501557,4,0.16666666666666666,"[0, 1, 2, 3, 4, 5]",random_uniform_v1,1,train
case_8e0fea02,cust_dec8fb9b,130462,card,BANK_DECLINE,1,,0.5286482477077872,medium,0.19219975355492663,2,0.16666666666666666,"[0, 1, 2, 3, 4, 5]",random_uniform_v1,0,train
case_d100a9ba,cust_9e8e13fa,34720,upi,NETWORK_ERROR,35,,0.7312222585016558,low,0.30424128333354117,3,0.16666666666666666,"[0, 1, 2, 3, 4, 5]",random_uniform_v1,1,train
case_3ca13fe0,cust_44e53653,111379,upi,INSUFFICIENT_FUNDS,5,,0.8219153515173951,low,0.37653770492969085,2,0.16666666666666666,"[0, 1, 2, 3, 4, 5]",random_uniform_v1,1,train
case_9fad805b,cust_f82753c0,491098,card,NETWORK_ERROR,36,,0.7662912330515834,low,0.3882520155878364,2,0.16666666666666666,"[0, 1, 2, 3, 4, 5]",random_uniform_v1,1,train
case_c0251ab5,cust_d822709f,10788,card,BANK_DECLINE,45,,1.0,low,0.31434739376440185,4,0.16666666666666666,"[0, 1, 2, 3, 4, 5]",random_uniform_v1,0,train
case_6a9b8cb8,cust_9adbf01e,94369,card,INSUFFICIENT_FUNDS,3,,0.553447089164433,medium,0.16265751953758642,4,0.16666666666666666,"[0, 1, 2, 3, 4, 5]",random_uniform_v1,0,train
case_8e7591f8,cust_d8c5d165,232629,upi,INSUFFICIENT_FUNDS,33,,0.7856492897086443,low,0.39249668789943604,0,0.16666666666666666,"[0, 1, 2, 3, 4, 5]",random_uniform_v1,1,train
case_254cbeb0,cust_17d85afe,119768,upi,BANK_TIMEOUT,21,,0.5501994327749967,medium,0.40436956929040274,3,0.16666666666666666,"[0, 1, 2, 3, 4, 5]",random_uniform_v1,1,train
case_8f0ced40,cust_59d1c65d,148655,upi,INSUFFICIENT_FUNDS,6,,0.80903763899477,low,0.6419333092640456,3,0.16666666666666666,"[0, 1, 2, 3, 4, 5]",random_uniform_v1,1,test
case_a282b53b,cust_7cc2c638,99322,upi,INSUFFICIENT_FUNDS,7,,0.9184567641290132,low,0.37621602406143545,2,0.16666666666666666,"[0, 1, 2, 3, 4, 5]",random_uniform_v1,1,train
case_b5b60a1e,cust_dd1a6bd6,43679,upi,BANK_TIMEOUT,32,,0.7629405341927658,low,0.591413475494408,3,0.16666666666666666,"[0, 1, 2, 3, 4, 5]",random_uniform_v1,1,train
case_810ae094,cust_c6835e9c,506207,card,INSUFFICIENT_FUNDS,42,,0.8230207599582657,low,0.4056283331493826,2,0.16666666666666666,"[0, 1, 2, 3, 4, 5]",random_uniform_v1,1,train
case_95e9bd59,cust_ba84d38e,89114,upi,NETWORK_ERROR,16,,0.8308729678646665,medium,0.7840371711406544,1,0.16666666666666666,"[0, 1, 2, 3, 4, 5]",random_uniform_v1,1,test
case_95d9bd7c,cust_43460c2e,83248,card,BANK_DECLINE,55,,0.6315471284063491,low,0.5639019573742684,1,0.16666666666666666,"[0, 1, 2, 3, 4, 5]",random_uniform_v1,0,val
case_beb3f680,cust_a7524749,335367,upi,NETWORK_ERROR,15,,0.5425801111180186,low,0.12370075567461532,1,0.16666666666666666,"[0, 1, 2, 3, 4, 5]",random_uniform_v1,0,train
case_cb0de298,cust_e47c73a0,522828,card,INSUFFICIENT_FUNDS,40,,1.0,medium,0.1745412598641108,1,0.16666666666666666,"[0, 1, 2, 3, 4, 5]",random_uniform_v1,0,train
case_a0476a7c,cust_2b0687c9,73577,netbanking,NETWORK_ERROR,11,,0.5047487845422524,low,0.2603904868623769,1,0.16666666666666666,"[0, 1, 2, 3, 4, 5]",random_uniform_v1,1,train
case_6bbe26ec,cust_1c88c637,17405,upi,INSUFFICIENT_FUNDS,2,,0.9974288154770078,low,0.6958438966718308,2,0.16666666666666666,"[0, 1, 2, 3, 4, 5]",random_uniform_v1,1,train
case_c8da5bea,cust_efb437e6,41419,upi,BANK_TIMEOUT,2,,0.8078031641696444,low,0.7371300597403107,4,0.16666666666666666,"[0, 1, 2, 3, 4, 5]",random_uniform_v1,0,train
case_d10bd5a9,cust_afad47db,17192,card,BANK_DECLINE,71,,0.915929481951351,low,0.7557821954898885,5,0.16666666666666666,"[0, 1, 2, 3, 4, 5]",random_uniform_v1,1,val
case_debbbc73,cust_66191312,85879,upi,BANK_TIMEOUT,21,,0.7950742738653211,low,0.28994389029995327,2,0.16666666666666666,"[0, 1, 2, 3, 4, 5]",random_uniform_v1,1,train
case_6c7f9c27,cust_40c1951a,25185,upi,INSUFFICIENT_FUNDS,12,,0.6148181078928495,medium,0.5374453819568568,4,0.16666666666666666,"[0, 1, 2, 3, 4, 5]",random_uniform_v1,1,val
case_c269206a,cust_d4ddb5d7,103255,upi,INSUFFICIENT_FUNDS,18,,0.6506834756491077,low,0.6563338658836759,1,0.16666666666666666,"[0, 1, 2, 3, 4, 5]",random_uniform_v1,0,test
case_a4c90f4b,cust_941ff78c,86262,upi,NETWORK_ERROR,15,,0.7008331940001304,low,0.7409195620188996,1,0.16666666666666666,"[0, 1, 2, 3, 4, 5]",random_uniform_v1,1,train
case_ebbadd95,cust_3a1e5ba8,63738,upi,INSUFFICIENT_FUNDS,9,,0.8991792963254449,low,0.3937652639330001,4,0.16666666666666666,"[0, 1, 2, 3, 4, 5]",random_uniform_v1,1,train
case_539ed13e,cust_005a8905,49058,card,BANK_DECLINE,4,,0.5276947618280098,low,0.8427427423144065,5,0.16666666666666666,"[0, 1, 2, 3, 4, 5]",random_uniform_v1,0,train
case_2d37fac1,cust_498ff96e,224944,netbanking,BANK_DECLINE,4,,0.600374118452994,low,0.010529149843778701,5,0.16666666666666666,"[0, 1, 2, 3, 4, 5]",random_uniform_v1,1,train
case_a1c75016,cust_ab75093a,158831,upi,NETWORK_ERROR,56,,0.8890104218877444,low,0.6146818361671927,4,0.16666666666666666,"[0, 1, 2, 3, 4, 5]",random_uniform_v1,1,train
case_59a818bd,cust_845afcb6,84666,card,BANK_DECLINE,18,,0.7670118467241835,low,0.38604092701023407,3,0.16666666666666666,"[0, 1, 2, 3, 4, 5]",random_uniform_v1,0,test
case_dd905bf6,cust_e27a690d,874067,upi,INSUFFICIENT_FUNDS,10,,0.8197531254323132,low,0.38513946917798225,4,0.16666666666666666,"[0, 1, 2, 3, 4, 5]",random_uniform_v1,1,val
case_b6457679,cust_ca124b5e,83140,card,BANK_DECLINE,2,,0.7435334076874553,low,0.56849118169589,3,0.16666666666666666,"[0, 1, 2, 3, 4, 5]",random_uniform_v1,1,test
case_23f390ba,cust_48f8b4a6,299836,upi,INSUFFICIENT_FUNDS,23,,0.8365146271038038,low,0.5764465864520987,1,0.16666666666666666,"[0, 1, 2, 3, 4, 5]",random_uniform_v1,0,test
case_9d9af331,cust_b465cf4e,41503,card,INSUFFICIENT_FUNDS,0,,0.9336303825982255,medium,0.6670880316816908,3,0.16666666666666666,"[0, 1, 2, 3, 4, 5]",random_uniform_v1,1,train
case_ed503fed,cust_77b97bd3,236148,upi,BANK_TIMEOUT,1,,0.6537055191691922,medium,0.3948908934136124,2,0.16666666666666666,"[0, 1, 2, 3, 4, 5]",random_uniform_v1,0,train
case_9bc23275,cust_bff4fccf,343106,card,BANK_DECLINE,9,,0.9493592144860984,low,0.4971300242257255,2,0.16666666666666666,"[0, 1, 2, 3, 4, 5]",random_uniform_v1,1,train
case_29b0ad26,cust_a157f910,117540,upi,NETWORK_ERROR,2,,0.7554258356230923,low,0.4297715098492859,4,0.16666666666666666,"[0, 1, 2, 3, 4, 5]",random_uniform_v1,1,train
case_94edfd3e,cust_5a5d958a,110423,upi,BANK_TIMEOUT,66,,0.5317400291406224,low,0.026990326540457077,2,0.16666666666666666,"[0, 1, 2, 3, 4, 5]",random_uniform_v1,1,train
case_3b8b69b7,cust_f8314e22,330478,upi,INSUFFICIENT_FUNDS,61,,0.644547188477314,low,0.14127807017565858,0,0.16666666666666666,"[0, 1, 2, 3, 4, 5]",random_uniform_v1,1,train
case_d070634d,cust_57b3f2b0,38185,card,NETWORK_ERROR,55,,0.8210602972086054,high,0.34850610983380836,1,0.16666666666666666,"[0, 1, 2, 3, 4, 5]",random_uniform_v1,1,train
case_42526130,cust_2f5ccfa7,12248,upi,BANK_TIMEOUT,25,,0.6359040091384247,low,0.9304374632320468,3,0.16666666666666666,"[0, 1, 2, 3, 4, 5]",random_uniform_v1,1,train
case_5759f8ac,cust_71291c0e,38942,upi,INSUFFICIENT_FUNDS,25,,0.5814903262301915,low,0.3893139401511482,2,0.16666666666666666,"[0, 1, 2, 3, 4, 5]",random_uniform_v1,1,train
case_33bf1ac6,cust_fbe6c14a,135783,card,BANK_DECLINE,22,,0.4387545299421619,low,0.4116115520774272,2,0.16666666666666666,"[0, 1, 2, 3, 4, 5]",random_uniform_v1,1,train
case_31096677,cust_ff6850a5,57858,card,BANK_DECLINE,17,,0.6285700768291761,high,0.33832123432678524,2,0.16666666666666666,"[0, 1, 2, 3, 4, 5]",random_uniform_v1,0,train
case_dded7fac,cust_eb248532,58526,card,BANK_TIMEOUT,9,,0.8357637979917467,low,0.4842228708608235,5,0.16666666666666666,"[0, 1, 2, 3, 4, 5]",random_uniform_v1,1,train
case_adf7d1ca,cust_1279f53e,11746,netbanking,NETWORK_ERROR,48,,0.8165836300945409,low,0.1422267541315989,2,0.16666666666666666,"[0, 1, 2, 3, 4, 5]",random_uniform_v1,0,train
case_222b075b,cust_e762ff86,224804,upi,BANK_TIMEOUT,13,,1.0,low,0.2709174831557858,4,0.16666666666666666,"[0, 1, 2, 3, 4, 5]",random_uniform_v1,1,test
case_3b13413f,cust_0d6f0db2,318606,netbanking,BANK_TIMEOUT,11,,0.7426909855587939,low,0.422868859356721,5,0.16666666666666666,"[0, 1, 2, 3, 4, 5]",random_uniform_v1,1,train
case_c5507668,cust_67723766,191234,card,BANK_DECLINE,8,,0.4232612730950877,medium,0.4172874074750337,3,0.16666666666666666,"[0, 1, 2, 3, 4, 5]",random_uniform_v1,1,train
case_300c2bca,cust_33ddfd6e,108269,upi,INSUFFICIENT_FUNDS,8,,0.5982550408575515,low,0.3002764577069589,5,0.16666666666666666,"[0, 1, 2, 3, 4, 5]",random_uniform_v1,1,train
case_5eae1016,cust_9185b413,181863,upi,INSUFFICIENT_FUNDS,18,,0.8612978356789682,low,0.2956051317736893,5,0.16666666666666666,"[0, 1, 2, 3, 4, 5]",random_uniform_v1,1,test
case_2590d005,cust_febc6230,204149,upi,INSUFFICIENT_FUNDS,66,,0.7879936683753337,low,0.14207879005949584,0,0.16666666666666666,"[0, 1, 2, 3, 4, 5]",random_uniform_v1,1,train
case_b995ff96,cust_713797aa,99590,netbanking,INSUFFICIENT_FUNDS,7,,0.9217973348723848,medium,0.012406650218455967,5,0.16666666666666666,"[0, 1, 2, 3, 4, 5]",random_uniform_v1,1,test
case_3d775eec,cust_5fe6847b,223896,upi,NETWORK_ERROR,3,,0.7688635733564879,high,0.6642500987040391,1,0.16666666666666666,"[0, 1, 2, 3, 4, 5]",random_uniform_v1,1,val
case_d28de641,cust_fc443b01,60024,upi,INSUFFICIENT_FUNDS,0,,0.2521821812327959,low,0.4272697255825062,5,0.16666666666666666,"[0, 1, 2, 3, 4, 5]",random_uniform_v1,1,train
case_e091271a,cust_b8d1c83a,137271,card,BANK_DECLINE,6,,0.6194031719098219,medium,0.37831831898135476,1,0.16666666666666666,"[0, 1, 2, 3, 4, 5]",random_uniform_v1,0,val
case_a0c4de38,cust_b63d142a,98675,upi,INSUFFICIENT_FUNDS,64,,0.6502743718571233,low,0.3845526314354569,0,0.16666666666666666,"[0, 1, 2, 3, 4, 5]",random_uniform_v1,1,test
case_d2adef7a,cust_d783b20b,21375,card,INSUFFICIENT_FUNDS,30,,0.47658417992180513,low,0.1697157384303318,5,0.16666666666666666,"[0, 1, 2, 3, 4, 5]",random_uniform_v1,1,train
case_7aa9445d,cust_c8fb5ac0,188945,card,BANK_DECLINE,31,,0.6403160600268479,low,0.3720960870570567,3,0.16666666666666666,"[0, 1, 2, 3, 4, 5]",random_uniform_v1,1,val
case_c3542b5f,cust_1ef66fb5,1055917,card,INSUFFICIENT_FUNDS,18,,0.9666664988949545,low,0.3211241752331121,3,0.16666666666666666,"[0, 1, 2, 3, 4, 5]",random_uniform_v1,1,train
case_cc66b763,cust_40e8f299,207929,upi,NETWORK_ERROR,79,,1.0,low,0.6269267189772352,4,0.16666666666666666,"[0, 1, 2, 3, 4, 5]",random_uniform_v1,1,train
case_17333444,cust_20a21431,332338,upi,BANK_TIMEOUT,50,,0.43045094895706015,low,0.45198135239598264,5,0.16666666666666666,"[0, 1, 2, 3, 4, 5]",random_uniform_v1,1,train
case_4b43fa06,cust_43b1d259,67219,upi,INSUFFICIENT_FUNDS,32,,0.7679906484439654,low,0.38728120106947184,2,0.16666666666666666,"[0, 1, 2, 3, 4, 5]",random_uniform_v1,1,train
case_bcc7d519,cust_90d33ff3,59962,upi,NETWORK_ERROR,3,,0.8603891869408609,low,0.4677671904726909,5,0.16666666666666666,"[0, 1, 2, 3, 4, 5]",random_uniform_v1,1,train
case_b739b253,cust_26efbbd9,44401,upi,BANK_TIMEOUT,4,,0.4666825530135982,low,0.6406449465142864,4,0.16666666666666666,"[0, 1, 2, 3, 4, 5]",random_uniform_v1,1,train
case_50871219,cust_5db71482,43323,card,INSUFFICIENT_FUNDS,2,,0.7171647015203244,high,0.1917693232929074,3,0.16666666666666666,"[0, 1, 2, 3, 4, 5]",random_uniform_v1,1,train
case_9a1b3185,cust_2f0fea4e,15944,upi,BANK_TIMEOUT,61,,0.6144271528654816,low,0.2769249269021949,2,0.16666666666666666,"[0, 1, 2, 3, 4, 5]",random_uniform_v1,1,val
case_d0c49af2,cust_8681087b,17385,upi,INSUFFICIENT_FUNDS,167,,1.0,low,0.5887093710783224,5,0.16666666666666666,"[0, 1, 2, 3, 4, 5]",random_uniform_v1,1,train
case_826ae0d8,cust_22e060f4,83571,upi,INSUFFICIENT_FUNDS,0,,0.32147410993687425,high,0.064956160052483,0,0.16666666666666666,"[0, 1, 2, 3, 4, 5]",random_uniform_v1,0,test
case_05090a6d,cust_5dfffdf3,368936,card,INSUFFICIENT_FUNDS,110,,0.8601006387133608,low,0.25252316339030134,5,0.16666666666666666,"[0, 1, 2, 3, 4, 5]",random_uniform_v1,1,train
case_925c0f21,cust_0d775fa2,292979,netbanking,BANK_DECLINE,10,,0.7849982751401337,medium,0.5892805725714518,3,0.16666666666666666,"[0, 1, 2, 3, 4, 5]",random_uniform_v1,1,test
case_da5f2a64,cust_df3d7b0c,951355,upi,BANK_TIMEOUT,10,,0.8661675800957602,low,0.045178133050614855,1,0.16666666666666666,"[0, 1, 2, 3, 4, 5]",random_uniform_v1,1,train
case_4b8e94d4,cust_964bbf79,15618,card,INSUFFICIENT_FUNDS,85,,0.8705768517926152,medium,0.6521543785495562,0,0.16666666666666666,"[0, 1, 2, 3, 4, 5]",random_uniform_v1,0,train
case_2951aeda,cust_aa0e0701,137346,upi,NETWORK_ERROR,0,,0.5766592801920103,low,0.22073977189711919,3,0.16666666666666666,"[0, 1, 2, 3, 4, 5]",random_uniform_v1,1,train
case_7a0c8317,cust_803cee91,100745,card,INSUFFICIENT_FUNDS,8,,0.9263615966619395,low,0.1596867527105246,5,0.16666666666666666,"[0, 1, 2, 3, 4, 5]",random_uniform_v1,0,train
case_02d0d5e1,cust_ae0f39a8,28874,card,BANK_DECLINE,0,,0.5013344748867861,low,0.5195974402054464,3,0.16666666666666666,"[0, 1, 2, 3, 4, 5]",random_uniform_v1,1,train
case_0a4f59b7,cust_83a81fb6,491806,upi,BANK_TIMEOUT,86,,0.7303579368364366,low,0.32522607155656175,0,0.16666666666666666,"[0, 1, 2, 3, 4, 5]",random_uniform_v1,1,train
case_33a5c9db,cust_261125a6,407024,card,BANK_DECLINE,2,,0.7334087052319485,low,0.0,3,0.16666666666666666,"[0, 1, 2, 3, 4, 5]",random_uniform_v1,1,train
case_7ed9f915,cust_06a94e08,106907,upi,BANK_TIMEOUT,8,,0.35999970651497065,medium,0.458972025026888,5,0.16666666666666666,"[0, 1, 2, 3, 4, 5]",random_uniform_v1,1,train
case_8b3d7ca4,cust_515419d0,340549,card,NETWORK_ERROR,1,,0.564195999307702,low,0.41306208548089474,1,0.16666666666666666,"[0, 1, 2, 3, 4, 5]",random_uniform_v1,1,train
case_47174073,cust_d3d7ff3d,96890,upi,BANK_TIMEOUT,18,,0.8922118545421992,high,0.22261904148040867,1,0.16666666666666666,"[0, 1, 2, 3, 4, 5]",random_uniform_v1,1,val
case_316f4c96,cust_fdf8725b,200526,upi,BANK_TIMEOUT,5,,0.502165965450914,medium,0.4430483479927374,4,0.16666666666666666,"[0, 1, 2, 3, 4, 5]",random_uniform_v1,0,test
case_862118f8,cust_b3c22af7,42760,upi,NETWORK_ERROR,95,,0.791766071177312,medium,0.39788219172527406,3,0.16666666666666666,"[0, 1, 2, 3, 4, 5]",random_uniform_v1,1,test
case_2db7575f,cust_a6fc119b,78493,upi,BANK_TIMEOUT,68,,0.8936880473312632,low,0.07276182389722428,1,0.16666666666666666,"[0, 1, 2, 3, 4, 5]",random_uniform_v1,1,test
case_2bc97137,cust_3ae18cbe,19042,netbanking,BANK_DECLINE,20,,0.7597562332274378,low,0.19000319367976615,5,0.16666666666666666,"[0, 1, 2, 3, 4, 5]",random_uniform_v1,0,train
case_c633055d,cust_aa10016e,11961,card,BANK_DECLINE,20,,0.754031387628366,medium,0.5243695373194834,3,0.16666666666666666,"[0, 1, 2, 3, 4, 5]",random_uniform_v1,1,train
case_f6e5d596,cust_926e3488,452519,upi,NETWORK_ERROR,16,,0.570048814363498,medium,0.5874667024948991,5,0.16666666666666666,"[0, 1, 2, 3, 4, 5]",random_uniform_v1,1,train
case_bdc7d104,cust_e1412617,21076,upi,INSUFFICIENT_FUNDS,5,,0.7605413398329703,medium,0.23395411029331079,5,0.16666666666666666,"[0, 1, 2, 3, 4, 5]",random_uniform_v1,1,val
case_2efc3634,cust_571d1801,706728,upi,BANK_TIMEOUT,25,,0.5962841030147139,high,0.4109387476204237,2,0.16666666666666666,"[0, 1, 2, 3, 4, 5]",random_uniform_v1,1,train
case_42e4e9f3,cust_1b91f99c,287839,upi,INSUFFICIENT_FUNDS,78,,0.7507158068463994,medium,0.42707157657966444,0,0.16666666666666666,"[0, 1, 2, 3, 4, 5]",random_uniform_v1,1,train
case_69be9435,cust_8dd537dc,30835,upi,NETWORK_ERROR,2,,0.6843933211129819,low,0.2998838990578846,0,0.16666666666666666,"[0, 1, 2, 3, 4, 5]",random_uniform_v1,1,test
case_d13e9f06,cust_1aef781c,8374,upi,BANK_TIMEOUT,12,,0.9445965312036502,medium,0.8507565646086166,2,0.16666666666666666,"[0, 1, 2, 3, 4, 5]",random_uniform_v1,1,train
case_2df95571,cust_385fe20a,101166,netbanking,BANK_DECLINE,5,,0.6746423740590427,high,0.37315517054657593,3,0.16666666666666666,"[0, 1, 2, 3, 4, 5]",random_uniform_v1,1,val
case_64c2e2f4,cust_df230564,68906,card,BANK_DECLINE,7,,0.7414193482398942,low,0.9112771887227051,5,0.16666666666666666,"[0, 1, 2, 3, 4, 5]",random_uniform_v1,1,train
case_35c44f25,cust_9a2378e0,77921,card,INSUFFICIENT_FUNDS,24,,0.5227289793104717,medium,0.3747733169917293,3,0.16666666666666666,"[0, 1, 2, 3, 4, 5]",random_uniform_v1,1,train
case_86b7ee4f,cust_8bd7b11c,71504,upi,INSUFFICIENT_FUNDS,27,,0.6772905685907213,low,0.0,4,0.16666666666666666,"[0, 1, 2, 3, 4, 5]",random_uniform_v1,0,train
case_ddd9e69b,cust_762a9ad2,335854,card,BANK_DECLINE,14,,0.6962408445090872,low,0.40122800848593687,0,0.16666666666666666,"[0, 1, 2, 3, 4, 5]",random_uniform_v1,0,train
case_90bb09cc,cust_68767412,236150,upi,BANK_TIMEOUT,60,,0.7888100869717244,medium,0.3333993714791278,4,0.16666666666666666,"[0, 1, 2, 3, 4, 5]",random_uniform_v1,1,train
case_ea13838c,cust_9e34e7a4,245155,upi,NETWORK_ERROR,4,,0.8348154861272763,low,0.2112067932234725,1,0.16666666666666666,"[0, 1, 2, 3, 4, 5]",random_uniform_v1,1,train
case_4533903b,cust_7b7cedee,146582,netbanking,NETWORK_ERROR,14,,0.7131109333830608,low,0.0,4,0.16666666666666666,"[0, 1, 2, 3, 4, 5]",random_uniform_v1,1,test
case_c5a16ff3,cust_6e2e50fb,109702,upi,BANK_TIMEOUT,3,,0.6931188014236573,high,0.3975371871066765,5,0.16666666666666666,"[0, 1, 2, 3, 4, 5]",random_uniform_v1,1,train
case_8570a85a,cust_21556d47,287658,upi,INSUFFICIENT_FUNDS,19,,0.9821743246596901,high,0.15434763907945742,3,0.16666666666666666,"[0, 1, 2, 3, 4, 5]",random_uniform_v1,0,val
case_ac41ca8a,cust_12becb77,173162,upi,INSUFFICIENT_FUNDS,1,,0.578720039449084,high,0.0,3,0.16666666666666666,"[0, 1, 2, 3, 4, 5]",random_uniform_v1,0,test
case_a4d06759,cust_92d2b32f,68855,card,INSUFFICIENT_FUNDS,36,,0.6540560867298888,high,0.5252166772421367,0,0.16666666666666666,"[0, 1, 2, 3, 4, 5]",random_uniform_v1,0,train
case_3f512143,cust_a0f21b52,30744,card,NETWORK_ERROR,17,,0.560481740756157,low,0.6295491102998322,2,0.16666666666666666,"[0, 1, 2, 3, 4, 5]",random_uniform_v1,0,train
case_454860b2,cust_f211acf9,215525,upi,BANK_TIMEOUT,6,,0.5933688996804084,high,0.40973369917806346,2,0.16666666666666666,"[0, 1, 2, 3, 4, 5]",random_uniform_v1,1,train
case_f3107192,cust_2035f6bf,300930,card,BANK_DECLINE,17,,0.7512867365840032,low,0.43466360393414893,4,0.16666666666666666,"[0, 1, 2, 3, 4, 5]",random_uniform_v1,1,train
case_b5019fee,cust_6dbd0fe0,66358,card,INSUFFICIENT_FUNDS,24,,0.6282015618980663,low,0.2385291986541631,4,0.16666666666666666,"[0, 1, 2, 3, 4, 5]",random_uniform_v1,1,val
case_7eb6cf1a,cust_f9679ab9,25732,upi,INSUFFICIENT_FUNDS,13,,0.9357069737099893,low,0.20543393147654634,3,0.16666666666666666,"[0, 1, 2, 3, 4, 5]",random_uniform_v1,0,test
case_583c52f6,cust_e4366e40,11438,upi,BANK_TIMEOUT,5,,0.6264322755936236,medium,0.3522874095034532,1,0.16666666666666666,"[0, 1, 2, 3, 4, 5]",random_uniform_v1,1,train
case_5ac347c9,cust_8ff8c6df,263926,card,BANK_DECLINE,15,,0.9783234594470301,low,0.07723234378149471,1,0.16666666666666666,"[0, 1, 2, 3, 4, 5]",random_uniform_v1,1,train
case_f9083b86,cust_627bef91,21520,card,BANK_DECLINE,71,,0.917532692508475,high,0.521631559487933,4,0.16666666666666666,"[0, 1, 2, 3, 4, 5]",random_uniform_v1,0,train
case_b3de25c0,cust_10369661,298902,upi,INSUFFICIENT_FUNDS,46,,0.5129335068296278,low,0.8077791871949683,3,0.16666666666666666,"[0, 1, 2, 3, 4, 5]",random_uniform_v1,0,train
case_f4946cdf,cust_8814d659,349567,upi,NETWORK_ERROR,27,,1.0,low,0.6438386821755626,5,0.16666666666666666,"[0, 1, 2, 3, 4, 5]",random_uniform_v1,1,train
case_5fb6e07b,cust_0c5f9d2f,165554,card,INSUFFICIENT_FUNDS,21,,0.7342062502274962,low,0.495409670908224,2,0.16666666666666666,"[0, 1, 2, 3, 4, 5]",random_uniform_v1,1,train
case_6e2a61e7,cust_f39946f3,32248,upi,INSUFFICIENT_FUNDS,9,,0.681646796788372,low,0.1737862628263765,4,0.16666666666666666,"[0, 1, 2, 3, 4, 5]",random_uniform_v1,0,test
case_923d8820,cust_aab32506,36686,card,BANK_DECLINE,17,,0.6994769274283307,medium,0.5264263673398534,4,0.16666666666666666,"[0, 1, 2, 3, 4, 5]",random_uniform_v1,1,train
case_8587851a,cust_248ad0b2,44092,upi,BANK_TIMEOUT,4,,0.7984651404540646,low,0.48191757675833297,2,0.16666666666666666,"[0, 1, 2, 3, 4, 5]",random_uniform_v1,1,train
case_23382daf,cust_0bf54e65,62138,upi,INSUFFICIENT_FUNDS,14,,1.0,low,0.0,3,0.16666666666666666,"[0, 1, 2, 3, 4, 5]",random_uniform_v1,1,train
case_6f84599c,cust_833f9101,37250,card,INSUFFICIENT_FUNDS,5,,0.37481158700768036,medium,0.0,5,0.16666666666666666,"[0, 1, 2, 3, 4, 5]",random_uniform_v1,0,train
case_588478b9,cust_2666ecc3,218206,upi,INSUFFICIENT_FUNDS,55,,0.3117746104013058,low,0.3189092014553162,0,0.16666666666666666,"[0, 1, 2, 3, 4, 5]",random_uniform_v1,0,train
case_8ccba1ab,cust_96a31c66,31888,upi,NETWORK_ERROR,88,,0.9422190299675315,low,0.28277134902693407,2,0.16666666666666666,"[0, 1, 2, 3, 4, 5]",random_uniform_v1,1,test
case_a8b290f2,cust_26874579,94908,upi,BANK_TIMEOUT,14,,0.6459847046562494,low,0.9442075010610993,1,0.16666666666666666,"[0, 1, 2, 3, 4, 5]",random_uniform_v1,1,train
case_279dcd6d,cust_924da9ed,31736,card,INSUFFICIENT_FUNDS,41,,0.8758775843005315,medium,0.306434566932927,4,0.16666666666666666,"[0, 1, 2, 3, 4, 5]",random_uniform_v1,1,train
case_ca636927,cust_85b24880,50096,upi,INSUFFICIENT_FUNDS,50,,0.7556928335725627,low,0.05232987789540304,4,0.16666666666666666,"[0, 1, 2, 3, 4, 5]",random_uniform_v1,0,train
case_3a96efef,cust_897665c0,7322,card,NETWORK_ERROR,22,,0.9688708565105495,low,0.5437343490461615,4,0.16666666666666666,"[0, 1, 2, 3, 4, 5]",random_uniform_v1,1,train
case_abdba536,cust_b1bb6046,145722,upi,NETWORK_ERROR,10,,0.920828395810274,medium,0.6293158057356059,1,0.16666666666666666,"[0, 1, 2, 3, 4, 5]",random_uniform_v1,0,test
case_15d1adfe,cust_b3e495aa,17404,card,NETWORK_ERROR,57,,0.7871324803362174,low,0.27408356287537566,5,0.16666666666666666,"[0, 1, 2, 3, 4, 5]",random_uniform_v1,1,train
case_d9ab5840,cust_136d5002,33275,card,BANK_DECLINE,49,,0.9686511069763197,low,0.4483357187790381,1,0.16666666666666666,"[0, 1, 2, 3, 4, 5]",random_uniform_v1,0,train
case_fc8297b2,cust_df18a8e7,103942,card,INSUFFICIENT_FUNDS,8,,0.6748729018047038,low,0.31869369607670056,3,0.16666666666666666,"[0, 1, 2, 3, 4, 5]",random_uniform_v1,0,val
case_e0d8855a,cust_6f36bc8b,91734,netbanking,INSUFFICIENT_FUNDS,0,,0.9344881615991762,medium,0.7261038709561071,4,0.16666666666666666,"[0, 1, 2, 3, 4, 5]",random_uniform_v1,1,train
case_46b83780,cust_5fe23a5a,233024,upi,BANK_TIMEOUT,3,,0.7781951295348352,low,0.7510185026422451,4,0.16666666666666666,"[0, 1, 2, 3, 4, 5]",random_uniform_v1,1,train
case_016da3ae,cust_8b5fac1e,75568,netbanking,INSUFFICIENT_FUNDS,35,,0.8800321618720603,low,0.618235776328541,5,0.16666666666666666,"[0, 1, 2, 3, 4, 5]",random_uniform_v1,1,train
case_fc15752d,cust_3d7d5ead,320529,upi,BANK_TIMEOUT,67,,0.7362742115421774,low,0.06151962279577319,4,0.16666666666666666,"[0, 1, 2, 3, 4, 5]",random_uniform_v1,1,train
case_b9345bcd,cust_b1333a9f,41264,card,INSUFFICIENT_FUNDS,22,,0.943070578026195,low,0.6324774319666893,0,0.16666666666666666,"[0, 1, 2, 3, 4, 5]",random_uniform_v1,0,train
case_de7234a0,cust_abba4c0a,563632,upi,INSUFFICIENT_FUNDS,4,,0.7663061657461205,medium,0.5653147371497282,1,0.16666666666666666,"[0, 1, 2, 3, 4, 5]",random_uniform_v1,0,val
case_f392d4be,cust_bc7f119f,108210,upi,BANK_TIMEOUT,0,,0.533303430547119,medium,0.21943073021721446,0,0.16666666666666666,"[0, 1, 2, 3, 4, 5]",random_uniform_v1,1,train
case_eedb2dd8,cust_00d67605,21837,upi,BANK_TIMEOUT,4,,0.5459784190615082,low,0.44947826148569714,2,0.16666666666666666,"[0, 1, 2, 3, 4, 5]",random_uniform_v1,1,train
case_6e371411,cust_ab85ac7e,136606,netbanking,BANK_DECLINE,38,,0.8479050620825708,medium,0.5616507618821749,0,0.16666666666666666,"[0, 1, 2, 3, 4, 5]",random_uniform_v1,0,train
case_c348cb14,cust_156923a4,386618,upi,BANK_TIMEOUT,11,,0.6362521857336253,low,0.0,1,0.16666666666666666,"[0, 1, 2, 3, 4, 5]",random_uniform_v1,0,test
case_3ad18272,cust_12c605fc,480429,card,BANK_DECLINE,42,,0.9016338318979883,low,0.46991546419261865,0,0.16666666666666666,"[0, 1, 2, 3, 4, 5]",random_uniform_v1,1,val
case_32c093ad,cust_8fe60259,578870,upi,INSUFFICIENT_FUNDS,19,,0.9271762791583045,low,0.1651640760370021,3,0.16666666666666666,"[0, 1, 2, 3, 4, 5]",random_uniform_v1,1,train
case_2ac7a0c8,cust_81f754c0,252693,netbanking,BANK_DECLINE,77,,0.7461403196124008,low,0.849455897235152,0,0.16666666666666666,"[0, 1, 2, 3, 4, 5]",random_uniform_v1,1,train
case_d08ee6cd,cust_46179cce,144081,card,BANK_DECLINE,17,,0.5230599182591084,low,0.0736123057834785,2,0.16666666666666666,"[0, 1, 2, 3, 4, 5]",random_uniform_v1,0,train
case_0feadf75,cust_e179f36f,74321,upi,INSUFFICIENT_FUNDS,15,,0.8386015968644104,medium,0.2822777621950605,0,0.16666666666666666,"[0, 1, 2, 3, 4, 5]",random_uniform_v1,1,train
case_b2e0dacb,cust_5133409b,159576,upi,BANK_TIMEOUT,36,,0.336363244811381,low,0.02845070648883776,5,0.16666666666666666,"[0, 1, 2, 3, 4, 5]",random_uniform_v1,0,test
case_27bd92cb,cust_f69322cc,10807,card,NETWORK_ERROR,21,,0.9138630873349513,low,0.06582248279941874,1,0.16666666666666666,"[0, 1, 2, 3, 4, 5]",random_uniform_v1,1,test
case_a24a4bd7,cust_35c52c21,14553,upi,BANK_TIMEOUT,75,,0.7835834637449639,medium,0.2917003490016802,0,0.16666666666666666,"[0, 1, 2, 3, 4, 5]",random_uniform_v1,0,val
case_22b7d64e,cust_9425f43b,110311,upi,INSUFFICIENT_FUNDS,8,,0.47758301632440897,low,0.07998352093132002,1,0.16666666666666666,"[0, 1, 2, 3, 4, 5]",random_uniform_v1,0,train
case_6e453b6b,cust_117a5067,91667,upi,INSUFFICIENT_FUNDS,4,,0.983017733718322,low,0.27366952623297114,1,0.16666666666666666,"[0, 1, 2, 3, 4, 5]",random_uniform_v1,0,val
case_a128efbe,cust_83a0c81a,27253,netbanking,NETWORK_ERROR,11,,0.7793264309591654,low,0.3402769420431918,2,0.16666666666666666,"[0, 1, 2, 3, 4, 5]",random_uniform_v1,1,train
case_d764a9fe,cust_0f1b65bc,33698,upi,BANK_TIMEOUT,13,,0.7500908785211136,low,0.09812685014566104,1,0.16666666666666666,"[0, 1, 2, 3, 4, 5]",random_uniform_v1,1,train
case_2441aa4e,cust_632cd82b,432925,upi,BANK_TIMEOUT,6,,0.40675963309804614,low,0.6673036551121179,1,0.16666666666666666,"[0, 1, 2, 3, 4, 5]",random_uniform_v1,1,train
case_39a295f9,cust_eaca6f00,121056,netbanking,NETWORK_ERROR,6,,0.7726316813825475,low,0.2738453654047026,1,0.16666666666666666,"[0, 1, 2, 3, 4, 5]",random_uniform_v1,1,train
case_1a8cce48,cust_ba32e373,113565,netbanking,BANK_TIMEOUT,30,,0.7804625894003157,medium,0.5198406960691215,1,0.16666666666666666,"[0, 1, 2, 3, 4, 5]",random_uniform_v1,1,train
case_7eb7e109,cust_ad1bf068,262123,upi,BANK_TIMEOUT,9,,0.8101710427823052,low,0.09087051685752717,5,0.16666666666666666,"[0, 1, 2, 3, 4, 5]",random_uniform_v1,0,train
case_0bdae389,cust_09906926,1149858,upi,BANK_TIMEOUT,7,,0.5103340440263185,medium,0.5367985613365436,0,0.16666666666666666,"[0, 1, 2, 3, 4, 5]",random_uniform_v1,1,train
case_9ee2335b,cust_77a5688e,248887,upi,BANK_TIMEOUT,26,,0.8727127820389281,low,0.30384945212661446,3,0.16666666666666666,"[0, 1, 2, 3, 4, 5]",random_uniform_v1,1,train
case_313b4b10,cust_24b3981e,130714,card,BANK_DECLINE,24,,0.3405215080965228,low,0.31229128098474696,5,0.16666666666666666,"[0, 1, 2, 3, 4, 5]",random_uniform_v1,1,train
case_5d9345b0,cust_b3729958,16989,upi,BANK_TIMEOUT,31,,0.9289065766143461,low,0.21914157729114347,3,0.16666666666666666,"[0, 1, 2, 3, 4, 5]",random_uniform_v1,1,train
case_22625480,cust_ac307832,38038,upi,BANK_TIMEOUT,31,,1.0,low,0.7471589430866146,0,0.16666666666666666,"[0, 1, 2, 3, 4, 5]",random_uniform_v1,1,train
case_9a24a6c3,cust_476e5173,138737,upi,INSUFFICIENT_FUNDS,9,,0.3401868045488845,low,0.7456678656193799,0,0.16666666666666666,"[0, 1, 2, 3, 4, 5]",random_uniform_v1,1,val
case_14f69490,cust_9ea7578d,117402,upi,INSUFFICIENT_FUNDS,34,,0.8187941163659483,low,0.10620198425309853,1,0.16666666666666666,"[0, 1, 2, 3, 4, 5]",random_uniform_v1,0,train
case_246b7640,cust_4bbde6fa,166885,upi,INSUFFICIENT_FUNDS,56,,0.6393577349380586,low,0.6639249028776318,0,0.16666666666666666,"[0, 1, 2, 3, 4, 5]",random_uniform_v1,1,train
case_6f1cd24a,cust_99d19355,185554,card,NETWORK_ERROR,26,,0.8894094509548187,low,0.30262323499166177,1,0.16666666666666666,"[0, 1, 2, 3, 4, 5]",random_uniform_v1,1,train
case_24848fb6,cust_66862090,48398,upi,BANK_TIMEOUT,11,,0.5464174944037105,low,0.7941810664212915,4,0.16666666666666666,"[0, 1, 2, 3, 4, 5]",random_uniform_v1,1,test
case_cccc3c28,cust_7069c19d,28664,upi,NETWORK_ERROR,0,,1.0,medium,0.4344348357588288,5,0.16666666666666666,"[0, 1, 2, 3, 4, 5]",random_uniform_v1,1,train
case_69379bf9,cust_afc065ce,44053,upi,INSUFFICIENT_FUNDS,35,,0.472297690327443,low,0.07842121799353492,4,0.16666666666666666,"[0, 1, 2, 3, 4, 5]",random_uniform_v1,1,train
case_a7e7d81a,cust_6373508e,146768,card,BANK_TIMEOUT,7,,0.48098200514760375,low,0.2258379059497989,2,0.16666666666666666,"[0, 1, 2, 3, 4, 5]",random_uniform_v1,0,train
case_c9ae9cad,cust_2a0a98ab,25822,upi,BANK_TIMEOUT,5,,0.9882681373194958,high,0.33108924444687726,0,0.16666666666666666,"[0, 1, 2, 3, 4, 5]",random_uniform_v1,1,train
case_9e7d6e9c,cust_3f616226,107351,card,BANK_DECLINE,38,,0.8312589236969288,low,0.17281319128192496,2,0.16666666666666666,"[0, 1, 2, 3, 4, 5]",random_uniform_v1,1,test
case_4c20e41b,cust_cb0675d1,123885,card,INSUFFICIENT_FUNDS,9,,0.7541891631659737,medium,0.26858262631604674,4,0.16666666666666666,"[0, 1, 2, 3, 4, 5]",random_uniform_v1,0,train
case_4468aa3e,cust_fd204149,281278,upi,BANK_TIMEOUT,33,,0.640733419001318,low,0.7002344716804852,1,0.16666666666666666,"[0, 1, 2, 3, 4, 5]",random_uniform_v1,1,train
case_820569d5,cust_21d7a9ce,72188,upi,BANK_TIMEOUT,28,,0.32009752053840024,low,0.4524648345007902,2,0.16666666666666666,"[0, 1, 2, 3, 4, 5]",random_uniform_v1,1,train
case_b62eb7df,cust_0b036844,18873,upi,NETWORK_ERROR,20,,0.9556935178674457,medium,0.28904909149554403,3,0.16666666666666666,"[0, 1, 2, 3, 4, 5]",random_uniform_v1,1,train
case_0cadd7d9,cust_3fbfff6a,152455,upi,INSUFFICIENT_FUNDS,41,,0.40214361131664333,low,0.1748899960373423,3,0.16666666666666666,"[0, 1, 2, 3, 4, 5]",random_uniform_v1,1,train
case_7d42bc71,cust_49f316bd,16048,upi,NETWORK_ERROR,17,,0.449951441902236,medium,0.18508927566212832,0,0.16666666666666666,"[0, 1, 2, 3, 4, 5]",random_uniform_v1,1,train
case_50d6b57e,cust_94d15170,74080,netbanking,BANK_DECLINE,0,,0.8839155329430939,low,0.1230238520001968,3,0.16666666666666666,"[0, 1, 2, 3, 4, 5]",random_uniform_v1,0,train
case_c42c92c5,cust_4a4ee761,101780,upi,BANK_TIMEOUT,20,,0.9346652016016389,low,0.40797725150739816,5,0.16666666666666666,"[0, 1, 2, 3, 4, 5]",random_uniform_v1,1,train
case_7b0d7bc8,cust_014a84a9,21002,netbanking,INSUFFICIENT_FUNDS,125,,1.0,low,0.34140468106544797,0,0.16666666666666666,"[0, 1, 2, 3, 4, 5]",random_uniform_v1,1,train
case_81883549,cust_60c20616,209166,upi,INSUFFICIENT_FUNDS,74,,0.9247078244484416,low,0.33738986794984194,2,0.16666666666666666,"[0, 1, 2, 3, 4, 5]",random_uniform_v1,1,train
case_691ccbfb,cust_350a4fc6,58696,upi,BANK_TIMEOUT,41,,0.8125930940376977,high,0.4465872598209523,1,0.16666666666666666,"[0, 1, 2, 3, 4, 5]",random_uniform_v1,1,train
case_6911a1e7,cust_2c5ad4db,118659,upi,BANK_TIMEOUT,5,,0.8271723613810844,medium,0.7275648186589851,2,0.16666666666666666,"[0, 1, 2, 3, 4, 5]",random_uniform_v1,1,val
case_cdae9820,cust_a80a0b67,13626,netbanking,INSUFFICIENT_FUNDS,9,,0.42525070435926116,low,0.5194809980402101,1,0.16666666666666666,"[0, 1, 2, 3, 4, 5]",random_uniform_v1,0,train
case_3b00157e,cust_6a6a3e7d,40048,card,INSUFFICIENT_FUNDS,73,,0.6475766630471558,low,0.4280968790406556,3,0.16666666666666666,"[0, 1, 2, 3, 4, 5]",random_uniform_v1,0,val
case_1aecb305,cust_7c69491f,37138,upi,BANK_TIMEOUT,25,,0.8997499558839812,low,0.4792563977191888,1,0.16666666666666666,"[0, 1, 2, 3, 4, 5]",random_uniform_v1,1,train
case_e4f5bd0f,cust_e9997b7d,69698,upi,BANK_TIMEOUT,20,,0.7296061327244635,medium,0.40443317308782956,1,0.16666666666666666,"[0, 1, 2, 3, 4, 5]",random_uniform_v1,1,train
case_47e91835,cust_9b1050ae,17358,upi,INSUFFICIENT_FUNDS,9,,0.6703345228563032,high,0.22910097352837552,3,0.16666666666666666,"[0, 1, 2, 3, 4, 5]",random_uniform_v1,0,train
case_6ea8cda5,cust_32079188,64978,netbanking,BANK_TIMEOUT,29,,0.946912272253148,low,0.7727280417330942,3,0.16666666666666666,"[0, 1, 2, 3, 4, 5]",random_uniform_v1,1,test
case_5943455f,cust_fc4486ba,141929,upi,BANK_TIMEOUT,87,,0.811566685375171,low,0.25154166408282386,1,0.16666666666666666,"[0, 1, 2, 3, 4, 5]",random_uniform_v1,1,train
case_fce88191,cust_28e2af94,304905,netbanking,BANK_DECLINE,11,,0.9810992760748171,medium,0.23271238859406423,4,0.16666666666666666,"[0, 1, 2, 3, 4, 5]",random_uniform_v1,1,train
case_4eb1fa8c,cust_fcf32f1c,47143,upi,BANK_TIMEOUT,45,,0.5911631451472784,low,0.5761017739132297,0,0.16666666666666666,"[0, 1, 2, 3, 4, 5]",random_uniform_v1,0,train
case_50a685c4,cust_1a9dd62f,212605,card,BANK_DECLINE,8,,0.7021612173101262,low,0.39165840735565133,4,0.16666666666666666,"[0, 1, 2, 3, 4, 5]",random_uniform_v1,0,train
case_d1fd47cd,cust_023b9305,110564,upi,BANK_TIMEOUT,22,,0.7195189823073139,low,0.49806822129435663,3,0.16666666666666666,"[0, 1, 2, 3, 4, 5]",random_uniform_v1,0,train
case_b1ff3d94,cust_766443a7,60695,netbanking,INSUFFICIENT_FUNDS,47,,0.955927050887845,low,0.2874891888747142,2,0.16666666666666666,"[0, 1, 2, 3, 4, 5]",random_uniform_v1,1,test
case_b0a45254,cust_8f8cb0dd,18565,upi,BANK_TIMEOUT,1,,0.6721211735396858,low,0.4289033864029069,4,0.16666666666666666,"[0, 1, 2, 3, 4, 5]",random_uniform_v1,1,val
case_9205c1f5,cust_fc38ba17,10900,upi,NETWORK_ERROR,7,,0.9154685864127013,low,0.21269531782646614,2,0.16666666666666666,"[0, 1, 2, 3, 4, 5]",random_uniform_v1,1,train
case_ed28356a,cust_57471399,145273,upi,INSUFFICIENT_FUNDS,18,,0.8479096558146744,low,0.29618160977178953,2,0.16666666666666666,"[0, 1, 2, 3, 4, 5]",random_uniform_v1,1,train
case_d8296494,cust_63bb6c34,23604,card,INSUFFICIENT_FUNDS,10,,0.769739289129466,low,0.5608819537471116,3,0.16666666666666666,"[0, 1, 2, 3, 4, 5]",random_uniform_v1,1,train
case_9e932ebd,cust_4514e494,154504,card,BANK_DECLINE,16,,1.0,low,0.0,1,0.16666666666666666,"[0, 1, 2, 3, 4, 5]",random_uniform_v1,0,train
case_8ae2ae65,cust_fc9ba103,40987,upi,BANK_TIMEOUT,77,,0.7731901576259033,low,0.6157374123714797,4,0.16666666666666666,"[0, 1, 2, 3, 4, 5]",random_uniform_v1,1,train
case_7c595de3,cust_9307a897,69655,card,INSUFFICIENT_FUNDS,24,,0.9407145189878456,low,0.6129920968863263,0,0.16666666666666666,"[0, 1, 2, 3, 4, 5]",random_uniform_v1,1,train
case_eabd5211,cust_936976e1,825568,upi,INSUFFICIENT_FUNDS,29,,0.8797935808157951,low,0.6681472885208717,1,0.16666666666666666,"[0, 1, 2, 3, 4, 5]",random_uniform_v1,0,train
case_1fe41c41,cust_80ae6194,83542,card,BANK_DECLINE,19,,0.6889032519513103,low,0.6356245896248178,2,0.16666666666666666,"[0, 1, 2, 3, 4, 5]",random_uniform_v1,1,train
case_bf66003f,cust_c7eb173b,28816,upi,NETWORK_ERROR,13,,0.6517927496974117,high,0.42374353648426666,0,0.16666666666666666,"[0, 1, 2, 3, 4, 5]",random_uniform_v1,1,train
case_cccc7ec2,cust_07022b4b,21330,upi,INSUFFICIENT_FUNDS,10,,0.6709308274307516,low,0.21086204740512665,4,0.16666666666666666,"[0, 1, 2, 3, 4, 5]",random_uniform_v1,0,test
case_1dd52dbd,cust_00ac8d6d,34684,upi,NETWORK_ERROR,29,,0.7420546667291968,medium,0.14020772298159834,3,0.16666666666666666,"[0, 1, 2, 3, 4, 5]",random_uniform_v1,0,train
case_066cecdc,cust_1015c306,23636,card,INSUFFICIENT_FUNDS,8,,0.8326430979436246,low,0.35811636652360523,5,0.16666666666666666,"[0, 1, 2, 3, 4, 5]",random_uniform_v1,0,train
case_52917ff1,cust_da3b6a24,85724,card,BANK_DECLINE,6,,0.7131934356666355,high,0.390262657797535,1,0.16666666666666666,"[0, 1, 2, 3, 4, 5]",random_uniform_v1,0,train
case_9e09c967,cust_6aed3918,470415,upi,BANK_TIMEOUT,29,,0.8543559824690484,low,0.5327626033894631,1,0.16666666666666666,"[0, 1, 2, 3, 4, 5]",random_uniform_v1,1,val
case_beaa8f5a,cust_205f9ec4,52705,upi,INSUFFICIENT_FUNDS,45,,0.24298368366356415,low,0.2529462919343077,2,0.16666666666666666,"[0, 1, 2, 3, 4, 5]",random_uniform_v1,1,train
case_631edc99,cust_47a1ec1d,21330,upi,INSUFFICIENT_FUNDS,14,,0.9975410249183242,low,0.34337175195026864,4,0.16666666666666666,"[0, 1, 2, 3, 4, 5]",random_uniform_v1,1,train
case_cb78753b,cust_34e56289,282871,netbanking,BANK_DECLINE,35,,0.8377758305814285,medium,0.22613203131941448,1,0.16666666666666666,"[0, 1, 2, 3, 4, 5]",random_uniform_v1,0,val
case_b742b56d,cust_25aa5c0f,41721,upi,INSUFFICIENT_FUNDS,35,,0.8767100912849984,low,0.19977765232043243,5,0.16666666666666666,"[0, 1, 2, 3, 4, 5]",random_uniform_v1,1,train
case_a0272e11,cust_47c117e6,52557,upi,NETWORK_ERROR,0,,0.822407340464359,low,0.37681185299733566,2,0.16666666666666666,"[0, 1, 2, 3, 4, 5]",random_uniform_v1,1,val
case_c4c69297,cust_a630c0b4,3126,card,INSUFFICIENT_FUNDS,52,,0.9603353325962445,medium,0.5038493844220144,0,0.16666666666666666,"[0, 1, 2, 3, 4, 5]",random_uniform_v1,0,train
case_01158e39,cust_4cbbefbd,134439,upi,INSUFFICIENT_FUNDS,55,,0.404799268928119,low,0.1296877922779783,3,0.16666666666666666,"[0, 1, 2, 3, 4, 5]",random_uniform_v1,1,train
case_c24aed74,cust_e67ab9bf,91462,upi,BANK_TIMEOUT,93,,0.8327514039576495,low,0.58273583468724,2,0.16666666666666666,"[0, 1, 2, 3, 4, 5]",random_uniform_v1,1,train
case_8bf878b8,cust_5a123259,53051,netbanking,BANK_TIMEOUT,0,,0.3914223989068437,low,0.6194561189905643,2,0.16666666666666666,"[0, 1, 2, 3, 4, 5]",random_uniform_v1,1,train
case_d208bc30,cust_7371c176,78815,upi,NETWORK_ERROR,0,,0.857930433668875,low,0.3786735778150386,4,0.16666666666666666,"[0, 1, 2, 3, 4, 5]",random_uniform_v1,1,train
case_24976a47,cust_8406dabe,95220,netbanking,BANK_DECLINE,15,,0.7345098158352135,low,0.0,0,0.16666666666666666,"[0, 1, 2, 3, 4, 5]",random_uniform_v1,0,train
case_e70e26e6,cust_c5ae8830,236967,card,INSUFFICIENT_FUNDS,15,,0.7710516039223814,medium,0.40661542276430906,1,0.16666666666666666,"[0, 1, 2, 3, 4, 5]",random_uniform_v1,0,test
case_6f9b4558,cust_1c636e96,940934,upi,BANK_TIMEOUT,7,,0.9509034931705347,medium,0.0866558079932912,0,0.16666666666666666,"[0, 1, 2, 3, 4, 5]",random_uniform_v1,1,test
case_6246cf89,cust_2167a182,140189,card,BANK_DECLINE,8,,0.9711305262411518,low,0.4021060667778094,4,0.16666666666666666,"[0, 1, 2, 3, 4, 5]",random_uniform_v1,1,train
case_231c4498,cust_82ec362e,55313,upi,BANK_TIMEOUT,29,,0.6881345136075965,medium,0.14404118976065655,1,0.16666666666666666,"[0, 1, 2, 3, 4, 5]",random_uniform_v1,1,train
case_82aa314b,cust_5cdc846e,74615,netbanking,INSUFFICIENT_FUNDS,11,,0.8693866514454227,medium,0.5842994481987871,4,0.16666666666666666,"[0, 1, 2, 3, 4, 5]",random_uniform_v1,1,train
case_c582970f,cust_f5ae9745,699786,upi,INSUFFICIENT_FUNDS,4,,0.39240296527767093,low,0.377117876276192,1,0.16666666666666666,"[0, 1, 2, 3, 4, 5]",random_uniform_v1,0,train
case_43872afd,cust_97808b72,26725,netbanking,BANK_DECLINE,34,,0.7518507871364579,low,0.5082022923286419,4,0.16666666666666666,"[0, 1, 2, 3, 4, 5]",random_uniform_v1,1,val
case_f0947181,cust_acaa8559,71734,upi,BANK_TIMEOUT,0,,0.7659359368967731,low,0.07305898587004477,4,0.16666666666666666,"[0, 1, 2, 3, 4, 5]",random_uniform_v1,1,train
case_9306e336,cust_4eada625,50455,upi,INSUFFICIENT_FUNDS,13,,0.5831796068426326,low,0.17006701619829295,3,0.16666666666666666,"[0, 1, 2, 3, 4, 5]",random_uniform_v1,1,train
case_fcc663fc,cust_5df9fb9c,1210758,upi,INSUFFICIENT_FUNDS,0,,0.8172617344227069,low,0.3885958309116513,1,0.16666666666666666,"[0, 1, 2, 3, 4, 5]",random_uniform_v1,1,val
case_98df5a4f,cust_01f82932,74583,card,NETWORK_ERROR,8,,0.8656466750604199,low,0.6706152520337765,4,0.16666666666666666,"[0, 1, 2, 3, 4, 5]",random_uniform_v1,1,train
case_fe77538f,cust_10c0af4b,739868,card,BANK_DECLINE,62,,0.9524193172151789,low,0.4509111086794698,2,0.16666666666666666,"[0, 1, 2, 3, 4, 5]",random_uniform_v1,1,train
case_d832b3c8,cust_7de8cd5f,26707,upi,INSUFFICIENT_FUNDS,23,,0.723123229740888,low,0.29402867011740064,2,0.16666666666666666,"[0, 1, 2, 3, 4, 5]",random_uniform_v1,1,test
case_8a864b28,cust_598fec5c,14075,upi,BANK_TIMEOUT,4,,0.6317108069566166,low,0.17747533012571842,2,0.16666666666666666,"[0, 1, 2, 3, 4, 5]",random_uniform_v1,1,train
case_9f918c9e,cust_5fbf3169,61259,card,INSUFFICIENT_FUNDS,32,,0.853422637839561,low,0.2843873203375338,1,0.16666666666666666,"[0, 1, 2, 3, 4, 5]",random_uniform_v1,0,val
case_2fc33498,cust_064f9bc4,101435,card,BANK_DECLINE,13,,0.8338465837637423,low,0.8359233669248695,4,0.16666666666666666,"[0, 1, 2, 3, 4, 5]",random_uniform_v1,1,train
case_3c9dd75f,cust_29448dd1,123717,upi,BANK_TIMEOUT,78,,0.2702639096457165,high,0.42325449557912553,3,0.16666666666666666,"[0, 1, 2, 3, 4, 5]",random_uniform_v1,1,train
case_030930f7,cust_60c0f4c1,52816,netbanking,INSUFFICIENT_FUNDS,30,,0.8814207418535612,medium,0.3590616383148951,2,0.16666666666666666,"[0, 1, 2, 3, 4, 5]",random_uniform_v1,1,train
case_abbf0612,cust_fd5c36c4,452035,card,BANK_DECLINE,16,,0.9931818273370299,low,0.27861453458105934,2,0.16666666666666666,"[0, 1, 2, 3, 4, 5]",random_uniform_v1,0,train
case_dfe4ec73,cust_6b77983a,3207061,upi,NETWORK_ERROR,9,,0.9812491582669389,medium,0.30047483895572574,1,0.16666666666666666,"[0, 1, 2, 3, 4, 5]",random_uniform_v1,1,train
case_02c97f74,cust_cbddc883,113469,upi,INSUFFICIENT_FUNDS,11,,0.732908063959212,low,0.9029030842600971,5,0.16666666666666666,"[0, 1, 2, 3, 4, 5]",random_uniform_v1,0,train
case_d8b739ec,cust_6f731acd,206631,upi,BANK_TIMEOUT,33,,0.8639647562206706,low,0.0,1,0.16666666666666666,"[0, 1, 2, 3, 4, 5]",random_uniform_v1,1,test
case_14cc0155,cust_9902f232,42136,upi,INSUFFICIENT_FUNDS,41,,0.8154225102816871,high,0.3711663529190754,5,0.16666666666666666,"[0, 1, 2, 3, 4, 5]",random_uniform_v1,1,train
case_2337b543,cust_dda28531,44760,upi,INSUFFICIENT_FUNDS,29,,0.8557131676544419,low,0.4595918428243076,1,0.16666666666666666,"[0, 1, 2, 3, 4, 5]",random_uniform_v1,0,val
case_32f57149,cust_72fd332a,32843,card,BANK_TIMEOUT,15,,0.9107375096022368,low,0.6050753895098709,5,0.16666666666666666,"[0, 1, 2, 3, 4, 5]",random_uniform_v1,1,train
case_8afd5e66,cust_8e452ca2,431549,upi,INSUFFICIENT_FUNDS,41,,0.8722625807520096,medium,0.4540547340803396,2,0.16666666666666666,"[0, 1, 2, 3, 4, 5]",random_uniform_v1,1,train
case_5c46bf3a,cust_00274153,29924,upi,BANK_TIMEOUT,6,,0.5768168480004024,low,0.45952908770571466,4,0.16666666666666666,"[0, 1, 2, 3, 4, 5]",random_uniform_v1,1,train
case_11238073,cust_5fb17547,92754,upi,BANK_TIMEOUT,17,,0.5951400455526815,high,0.21001687666591815,2,0.16666666666666666,"[0, 1, 2, 3, 4, 5]",random_uniform_v1,1,train
case_bd219c59,cust_147ce7a8,104536,upi,INSUFFICIENT_FUNDS,0,,0.9952426110688432,low,0.7092754309903808,3,0.16666666666666666,"[0, 1, 2, 3, 4, 5]",random_uniform_v1,1,train
case_45bc60bb,cust_08bb4855,11823,netbanking,BANK_DECLINE,13,,0.7081257593639464,medium,0.8817598974381412,3,0.16666666666666666,"[0, 1, 2, 3, 4, 5]",random_uniform_v1,1,test
case_092aa58f,cust_2aa4cef2,40316,card,BANK_TIMEOUT,26,,0.7776011721282144,low,0.7515741120947481,2,0.16666666666666666,"[0, 1, 2, 3, 4, 5]",random_uniform_v1,1,train
case_89c7f62f,cust_3e867ccb,78183,upi,INSUFFICIENT_FUNDS,15,,1.0,low,0.5200114248997335,4,0.16666666666666666,"[0, 1, 2, 3, 4, 5]",random_uniform_v1,0,val
case_eee6aee8,cust_87daeb57,11426,card,INSUFFICIENT_FUNDS,0,,0.583294381837702,medium,0.702023520263129,0,0.16666666666666666,"[0, 1, 2, 3, 4, 5]",random_uniform_v1,0,train
case_eed80ccd,cust_e95e670e,21253,card,BANK_DECLINE,31,,0.9288704026861637,medium,0.20868101853664092,4,0.16666666666666666,"[0, 1, 2, 3, 4, 5]",random_uniform_v1,0,train
case_c1058af5,cust_4660ca0d,184322,card,BANK_DECLINE,8,,0.6615527166129432,medium,0.08457938880166566,0,0.16666666666666666,"[0, 1, 2, 3, 4, 5]",random_uniform_v1,0,train
case_1af7dde3,cust_bb281276,239875,netbanking,NETWORK_ERROR,35,,0.8880496421494635,medium,0.2866476902827637,2,0.16666666666666666,"[0, 1, 2, 3, 4, 5]",random_uniform_v1,1,train
case_c33e11fa,cust_fd1f5786,39628,upi,BANK_TIMEOUT,17,,0.399489771290529,low,0.2616156764226144,5,0.16666666666666666,"[0, 1, 2, 3, 4, 5]",random_uniform_v1,1,train
case_a39df5c7,cust_3c34c762,562119,card,NETWORK_ERROR,59,,0.6084657603416136,low,0.25487571862378744,2,0.16666666666666666,"[0, 1, 2, 3, 4, 5]",random_uniform_v1,1,val
case_cbb857f5,cust_ef4b5a0e,102101,netbanking,BANK_DECLINE,15,,0.49659168249674546,low,0.5715903279194231,5,0.16666666666666666,"[0, 1, 2, 3, 4, 5]",random_uniform_v1,0,val
case_f3c16dee,cust_e97cc98f,144415,upi,BANK_TIMEOUT,12,,0.9631022129568585,medium,0.1488611056998895,5,0.16666666666666666,"[0, 1, 2, 3, 4, 5]",random_uniform_v1,1,train
case_059f8f98,cust_715ed37a,182189,upi,NETWORK_ERROR,10,,0.9059049156333829,low,0.02937416841711607,4,0.16666666666666666,"[0, 1, 2, 3, 4, 5]",random_uniform_v1,1,val
case_55668450,cust_7cdb9922,165679,netbanking,INSUFFICIENT_FUNDS,2,,0.5363324007997021,low,0.6484881648178017,3,0.16666666666666666,"[0, 1, 2, 3, 4, 5]",random_uniform_v1,1,train
case_279d1350,cust_553dad38,27105,card,INSUFFICIENT_FUNDS,15,,0.7198608456726918,medium,0.608830054539799,1,0.16666666666666666,"[0, 1, 2, 3, 4, 5]",random_uniform_v1,0,train
case_34f10f4e,cust_b514f7f0,178055,upi,NETWORK_ERROR,35,,0.7369254540951523,low,0.40550102576475566,3,0.16666666666666666,"[0, 1, 2, 3, 4, 5]",random_uniform_v1,1,train
case_9e464126,cust_65dbbcf6,178271,upi,INSUFFICIENT_FUNDS,39,,0.7622070380406426,low,0.6439221470895014,5,0.16666666666666666,"[0, 1, 2, 3, 4, 5]",random_uniform_v1,1,train
case_9e8df968,cust_7f4c759a,460722,card,NETWORK_ERROR,18,,0.717494008076597,low,0.0,3,0.16666666666666666,"[0, 1, 2, 3, 4, 5]",random_uniform_v1,1,train
case_7c9b29fb,cust_5f11365d,350350,netbanking,NETWORK_ERROR,13,,0.8586971392552294,medium,0.39143167720280403,4,0.16666666666666666,"[0, 1, 2, 3, 4, 5]",random_uniform_v1,1,train
case_cee9c96d,cust_82e730b1,33129,upi,NETWORK_ERROR,5,,0.7869219442500314,high,0.6145609573979895,0,0.16666666666666666,"[0, 1, 2, 3, 4, 5]",random_uniform_v1,1,train
case_959d1457,cust_f888950e,51921,card,INSUFFICIENT_FUNDS,8,,0.5820092212384785,medium,0.4614787022442275,2,0.16666666666666666,"[0, 1, 2, 3, 4, 5]",random_uniform_v1,1,train
case_3d15a1a6,cust_108f5709,31123,upi,BANK_TIMEOUT,8,,0.7049408282903598,low,1.0,0,0.16666666666666666,"[0, 1, 2, 3, 4, 5]",random_uniform_v1,1,train
case_bafb457b,cust_57c33945,21036,upi,INSUFFICIENT_FUNDS,6,,0.6950339343872667,low,0.5844908353994654,3,0.16666666666666666,"[0, 1, 2, 3, 4, 5]",random_uniform_v1,1,train
case_1b10d3f8,cust_d6e4fcb3,41038,card,BANK_DECLINE,0,,0.7284809857286482,low,0.36196396793395313,1,0.16666666666666666,"[0, 1, 2, 3, 4, 5]",random_uniform_v1,1,val
case_e7c7483d,cust_5833fe9e,332591,upi,NETWORK_ERROR,23,,0.8224445902529849,low,0.6041679075004236,1,0.16666666666666666,"[0, 1, 2, 3, 4, 5]",random_uniform_v1,1,train
case_4b7af6cb,cust_48fdd733,131233,card,BANK_DECLINE,16,,1.0,medium,0.07456002248753106,4,0.16666666666666666,"[0, 1, 2, 3, 4, 5]",random_uniform_v1,1,val
case_c3861884,cust_e9503370,355642,upi,BANK_TIMEOUT,14,,0.5535497719255127,high,0.24027895389725096,1,0.16666666666666666,"[0, 1, 2, 3, 4, 5]",random_uniform_v1,1,val
case_bf7f736b,cust_73f63654,1286101,card,BANK_TIMEOUT,119,,0.920850148987156,low,0.27172036403332467,2,0.16666666666666666,"[0, 1, 2, 3, 4, 5]",random_uniform_v1,1,val
case_9124b3b8,cust_243c1978,378129,upi,BANK_TIMEOUT,53,,0.335881421442283,high,0.22657334798859036,0,0.16666666666666666,"[0, 1, 2, 3, 4, 5]",random_uniform_v1,0,train
case_bc379a44,cust_9303c739,183116,upi,INSUFFICIENT_FUNDS,0,,0.592145035017571,low,0.3887532253303027,4,0.16666666666666666,"[0, 1, 2, 3, 4, 5]",random_uniform_v1,0,train
case_63036569,cust_609ff759,62253,upi,NETWORK_ERROR,34,,0.7130809148060234,medium,0.5562216774618179,2,0.16666666666666666,"[0, 1, 2, 3, 4, 5]",random_uniform_v1,1,train
case_70f36d04,cust_3603ad32,337803,card,INSUFFICIENT_FUNDS,15,,0.8423756977824461,low,0.8395592584989627,1,0.16666666666666666,"[0, 1, 2, 3, 4, 5]",random_uniform_v1,1,train
case_58b7485b,cust_a135a610,909554,netbanking,BANK_TIMEOUT,11,,0.8046533571866726,medium,0.6687595393590755,2,0.16666666666666666,"[0, 1, 2, 3, 4, 5]",random_uniform_v1,1,train
case_b1f09c25,cust_68a6799b,187505,card,BANK_DECLINE,25,,0.8138082768796245,low,0.6948532687855385,2,0.16666666666666666,"[0, 1, 2, 3, 4, 5]",random_uniform_v1,1,test
case_975ad714,cust_1975035d,84086,upi,BANK_TIMEOUT,26,,0.660512844348353,medium,0.6807829552307312,5,0.16666666666666666,"[0, 1, 2, 3, 4, 5]",random_uniform_v1,1,test
case_28a5d9b8,cust_2628cc89,460507,card,BANK_DECLINE,6,,0.6998433902136787,low,0.12552041034462555,4,0.16666666666666666,"[0, 1, 2, 3, 4, 5]",random_uniform_v1,0,train
case_b797f6cc,cust_390743a9,226162,upi,INSUFFICIENT_FUNDS,29,,0.8436939098200611,low,0.3620599352795876,4,0.16666666666666666,"[0, 1, 2, 3, 4, 5]",random_uniform_v1,1,val
case_1d44d21d,cust_f1161b42,381771,upi,NETWORK_ERROR,75,,0.8959150197346997,medium,0.4749521364004279,5,0.16666666666666666,"[0, 1, 2, 3, 4, 5]",random_uniform_v1,1,val
case_a7b5c3b7,cust_6c90c0e5,187146,upi,NETWORK_ERROR,15,,0.9755440770210634,medium,0.2855052597536452,2,0.16666666666666666,"[0, 1, 2, 3, 4, 5]",random_uniform_v1,0,train
case_fa4e52e5,cust_48c9bb11,346073,upi,INSUFFICIENT_FUNDS,9,,1.0,medium,0.5149279009361304,0,0.16666666666666666,"[0, 1, 2, 3, 4, 5]",random_uniform_v1,1,train
case_5e9bad52,cust_fad4eb9a,19556,upi,NETWORK_ERROR,25,,0.49362484865755557,medium,0.42489175229752757,1,0.16666666666666666,"[0, 1, 2, 3, 4, 5]",random_uniform_v1,1,train
case_5c2b03d3,cust_1cc9cf56,405614,card,BANK_DECLINE,35,,0.8688534982812037,low,0.37303541441272536,2,0.16666666666666666,"[0, 1, 2, 3, 4, 5]",random_uniform_v1,0,val
case_8bed7e3a,cust_0a501f15,33422,upi,NETWORK_ERROR,21,,0.731518177339798,medium,0.4629980675064454,1,0.16666666666666666,"[0, 1, 2, 3, 4, 5]",random_uniform_v1,0,train
case_08790ad8,cust_f509371a,59640,upi,NETWORK_ERROR,6,,0.6961015468441456,low,0.1529089495056397,1,0.16666666666666666,"[0, 1, 2, 3, 4, 5]",random_uniform_v1,1,train
case_1f0ffe89,cust_b751e69f,153615,upi,NETWORK_ERROR,23,,0.8350353049409134,low,0.30723150443377273,3,0.16666666666666666,"[0, 1, 2, 3, 4, 5]",random_uniform_v1,1,train
case_88cb2c68,cust_1d9534fa,13869,card,BANK_DECLINE,17,,0.9313815772556117,low,0.5598515487927006,2,0.16666666666666666,"[0, 1, 2, 3, 4, 5]",random_uniform_v1,1,train
case_cd0a1955,cust_31635c67,150012,card,BANK_DECLINE,53,,0.849791704370874,low,0.8750469505886962,4,0.16666666666666666,"[0, 1, 2, 3, 4, 5]",random_uniform_v1,1,train
case_4a556d98,cust_3eecae5b,1133134,upi,NETWORK_ERROR,45,,0.39035813697134986,low,0.16373624794330302,4,0.16666666666666666,"[0, 1, 2, 3, 4, 5]",random_uniform_v1,0,train
case_932883b3,cust_e81ec1eb,42086,netbanking,BANK_DECLINE,1,,1.0,low,0.4524770190785402,3,0.16666666666666666,"[0, 1, 2, 3, 4, 5]",random_uniform_v1,1,train
case_be835a8b,cust_ab24c79d,7603,upi,BANK_TIMEOUT,75,,0.8300677794420217,low,0.23999400623946654,0,0.16666666666666666,"[0, 1, 2, 3, 4, 5]",random_uniform_v1,1,train
case_a145cfe6,cust_7f030960,76045,upi,BANK_TIMEOUT,71,,0.9532475767962322,low,0.17108211618854105,4,0.16666666666666666,"[0, 1, 2, 3, 4, 5]",random_uniform_v1,1,train
case_993f4cee,cust_a38b4f81,43446,upi,NETWORK_ERROR,1,,0.7344519520446642,medium,0.28443867326504424,5,0.16666666666666666,"[0, 1, 2, 3, 4, 5]",random_uniform_v1,1,val
case_b983402f,cust_472acf4d,134277,upi,BANK_TIMEOUT,9,,0.7259101820726177,low,0.847725230376378,2,0.16666666666666666,"[0, 1, 2, 3, 4, 5]",random_uniform_v1,1,train
case_59efbd9a,cust_2da66ce3,983260,card,INSUFFICIENT_FUNDS,3,,0.814055587239025,high,0.6240306211593074,5,0.16666666666666666,"[0, 1, 2, 3, 4, 5]",random_uniform_v1,1,train
case_e6461967,cust_71acc361,189845,upi,INSUFFICIENT_FUNDS,37,,0.6098795072291254,low,0.17302625102049407,2,0.16666666666666666,"[0, 1, 2, 3, 4, 5]",random_uniform_v1,1,train
case_f77faf1a,cust_aa53ff52,86895,upi,INSUFFICIENT_FUNDS,90,,0.6846679847056997,low,0.08763469778007357,0,0.16666666666666666,"[0, 1, 2, 3, 4, 5]",random_uniform_v1,0,train
case_152c3f8c,cust_28e35177,106765,upi,BANK_TIMEOUT,45,,0.9649278478933656,low,0.34615985484816225,2,0.16666666666666666,"[0, 1, 2, 3, 4, 5]",random_uniform_v1,0,train
case_a1f41172,cust_651d57ed,112520,card,INSUFFICIENT_FUNDS,3,,0.530001413507137,high,0.2248372271372316,2,0.16666666666666666,"[0, 1, 2, 3, 4, 5]",random_uniform_v1,1,test
case_c4447d3f,cust_f9904777,14990,card,BANK_DECLINE,2,,0.5865813122180904,low,0.18059382738176266,2,0.16666666666666666,"[0, 1, 2, 3, 4, 5]",random_uniform_v1,1,test
case_6047e9c6,cust_2bf048aa,121626,card,NETWORK_ERROR,13,,0.6118194355284475,high,0.14109648644251135,3,0.16666666666666666,"[0, 1, 2, 3, 4, 5]",random_uniform_v1,0,train
case_44e15134,cust_cbb3be5f,188700,upi,BANK_TIMEOUT,10,,0.8070675644596266,low,0.9176083799084335,1,0.16666666666666666,"[0, 1, 2, 3, 4, 5]",random_uniform_v1,1,train
case_9725c4ca,cust_6403a814,22813,card,BANK_DECLINE,7,,0.5597432732294426,medium,0.14828387130777693,3,0.16666666666666666,"[0, 1, 2, 3, 4, 5]",random_uniform_v1,0,train
case_0d5e132a,cust_e70344f2,1250425,upi,INSUFFICIENT_FUNDS,45,,0.7427089533073549,medium,0.8348410735950378,0,0.16666666666666666,"[0, 1, 2, 3, 4, 5]",random_uniform_v1,1,train
case_8c432959,cust_81beec19,161700,card,BANK_TIMEOUT,29,,0.8040550624253114,low,0.20221536220214847,3,0.16666666666666666,"[0, 1, 2, 3, 4, 5]",random_uniform_v1,1,val
case_cf668017,cust_34f8fc09,82456,card,INSUFFICIENT_FUNDS,17,,0.6128282879379089,low,0.09408315379163851,2,0.16666666666666666,"[0, 1, 2, 3, 4, 5]",random_uniform_v1,1,test
case_cb4a9dbf,cust_a603979f,71415,upi,BANK_TIMEOUT,0,,0.8476683372414497,low,0.42145943496475324,3,0.16666666666666666,"[0, 1, 2, 3, 4, 5]",random_uniform_v1,0,train
case_e8853d1c,cust_a5790ab6,87276,card,BANK_DECLINE,5,,0.8294381246031992,low,0.4412682228685816,1,0.16666666666666666,"[0, 1, 2, 3, 4, 5]",random_uniform_v1,1,train
case_0f63f516,cust_9b9c564a,16719,upi,INSUFFICIENT_FUNDS,28,,0.5332584529432864,low,0.2988210205257054,4,0.16666666666666666,"[0, 1, 2, 3, 4, 5]",random_uniform_v1,0,train
case_4ede70eb,cust_d0b4eebb,196547,card,BANK_TIMEOUT,6,,1.0,low,0.06106843783077437,2,0.16666666666666666,"[0, 1, 2, 3, 4, 5]",random_uniform_v1,0,test
case_5d8b2e6b,cust_80627808,71062,upi,INSUFFICIENT_FUNDS,7,,0.4326144012655848,low,0.24604697843920176,5,0.16666666666666666,"[0, 1, 2, 3, 4, 5]",random_uniform_v1,1,train
case_e9934af0,cust_7ce88de8,186557,card,INSUFFICIENT_FUNDS,23,,1.0,low,0.29905841431811886,0,0.16666666666666666,"[0, 1, 2, 3, 4, 5]",random_uniform_v1,0,train
case_867b3f73,cust_165d455c,229182,upi,NETWORK_ERROR,16,,0.7453220144709584,low,0.033927168141480585,2,0.16666666666666666,"[0, 1, 2, 3, 4, 5]",random_uniform_v1,1,train
case_cd4818aa,cust_f3e5bda8,134215,upi,BANK_TIMEOUT,27,,0.8206887664760552,low,0.15196879616428718,3,0.16666666666666666,"[0, 1, 2, 3, 4, 5]",random_uniform_v1,1,train
case_48892cdd,cust_246f4279,457878,upi,NETWORK_ERROR,6,,0.8013715507166042,medium,0.9384343996560975,3,0.16666666666666666,"[0, 1, 2, 3, 4, 5]",random_uniform_v1,1,train
case_ad5f5f44,cust_3d052d81,121515,upi,NETWORK_ERROR,80,,0.5413708649084965,medium,0.44748640981962723,5,0.16666666666666666,"[0, 1, 2, 3, 4, 5]",random_uniform_v1,1,test
case_b0ef886c,cust_3599bf42,52230,upi,NETWORK_ERROR,47,,0.7418438937299572,low,0.7297110838270887,5,0.16666666666666666,"[0, 1, 2, 3, 4, 5]",random_uniform_v1,1,test
case_39a8a06b,cust_e69416a6,95208,upi,NETWORK_ERROR,13,,0.869559452342653,high,0.24507974870332827,1,0.16666666666666666,"[0, 1, 2, 3, 4, 5]",random_uniform_v1,1,train
case_b1f87281,cust_14827be3,245980,upi,BANK_TIMEOUT,8,,0.8884035808308708,low,0.21421141053533843,4,0.16666666666666666,"[0, 1, 2, 3, 4, 5]",random_uniform_v1,1,val
case_3491a63a,cust_bc335254,100685,upi,BANK_TIMEOUT,65,,1.0,low,0.34880299457117536,3,0.16666666666666666,"[0, 1, 2, 3, 4, 5]",random_uniform_v1,1,test
case_45ee5f96,cust_8bee9cfb,337975,card,BANK_DECLINE,11,,0.9964498896566454,low,0.19731721026111518,1,0.16666666666666666,"[0, 1, 2, 3, 4, 5]",random_uniform_v1,1,train
case_d0c99169,cust_120f5f3c,43016,upi,BANK_TIMEOUT,3,,0.3772501216661945,low,0.8291968355296817,5,0.16666666666666666,"[0, 1, 2, 3, 4, 5]",random_uniform_v1,0,test
case_82ba0955,cust_66822dc6,16943,card,NETWORK_ERROR,8,,0.8190890345997746,low,0.7318379751948064,0,0.16666666666666666,"[0, 1, 2, 3, 4, 5]",random_uniform_v1,1,train
case_c7a0e0fd,cust_86f8853d,77311,upi,BANK_TIMEOUT,15,,0.845058633332441,low,0.764533739959519,1,0.16666666666666666,"[0, 1, 2, 3, 4, 5]",random_uniform_v1,1,train
case_dabd8716,cust_54319b67,110075,card,INSUFFICIENT_FUNDS,5,,0.9522323603919596,low,0.30653671420280126,3,0.16666666666666666,"[0, 1, 2, 3, 4, 5]",random_uniform_v1,0,test
case_d8f0c63a,cust_e36cb823,1064216,upi,INSUFFICIENT_FUNDS,103,,0.6886857608647285,medium,0.4978654750629663,3,0.16666666666666666,"[0, 1, 2, 3, 4, 5]",random_uniform_v1,0,train
case_27028bc4,cust_2c097c9f,351957,upi,NETWORK_ERROR,67,,0.8210241578869268,low,0.08473944056199995,2,0.16666666666666666,"[0, 1, 2, 3, 4, 5]",random_uniform_v1,1,train
case_57c9966b,cust_faa2d1ab,13740,upi,INSUFFICIENT_FUNDS,11,,0.7934133431141165,low,0.2626024310544943,0,0.16666666666666666,"[0, 1, 2, 3, 4, 5]",random_uniform_v1,0,val
case_080928d2,cust_739525b8,39716,netbanking,BANK_DECLINE,5,,0.7396618842758863,low,0.07330361959070622,0,0.16666666666666666,"[0, 1, 2, 3, 4, 5]",random_uniform_v1,0,train
case_8309f68d,cust_7a5b2c1d,86532,card,INSUFFICIENT_FUNDS,36,,0.9410954253000375,low,0.1322051036745744,5,0.16666666666666666,"[0, 1, 2, 3, 4, 5]",random_uniform_v1,1,train
case_6bab894d,cust_43545e7c,45318,upi,INSUFFICIENT_FUNDS,19,,0.6145838331406429,low,0.2538510403253473,0,0.16666666666666666,"[0, 1, 2, 3, 4, 5]",random_uniform_v1,1,train
case_ecc4caaa,cust_1465c775,64368,upi,BANK_TIMEOUT,18,,0.688633855640828,low,0.0,3,0.16666666666666666,"[0, 1, 2, 3, 4, 5]",random_uniform_v1,1,test
case_4ba2361d,cust_421a1685,36220,card,BANK_DECLINE,55,,0.5608600670911108,low,0.17496114133242346,5,0.16666666666666666,"[0, 1, 2, 3, 4, 5]",random_uniform_v1,1,train
case_6f886fa4,cust_1ab1c7f1,670729,card,INSUFFICIENT_FUNDS,16,,0.6972587919462675,low,0.3643687011892071,5,0.16666666666666666,"[0, 1, 2, 3, 4, 5]",random_uniform_v1,0,train
case_eabef47e,cust_1f12609d,150152,netbanking,INSUFFICIENT_FUNDS,119,,0.9449365679894943,low,1.0,0,0.16666666666666666,"[0, 1, 2, 3, 4, 5]",random_uniform_v1,0,train
case_226c1997,cust_c2014e35,161776,upi,NETWORK_ERROR,29,,0.9121555688427447,low,0.16742343978090632,0,0.16666666666666666,"[0, 1, 2, 3, 4, 5]",random_uniform_v1,0,train
case_c8c337ba,cust_6a39db71,79492,upi,INSUFFICIENT_FUNDS,34,,0.6166095303250152,low,0.5171732400041025,4,0.16666666666666666,"[0, 1, 2, 3, 4, 5]",random_uniform_v1,0,train
case_3338690f,cust_bf4db0a9,146167,upi,INSUFFICIENT_FUNDS,21,,0.78924791954766,low,0.6200484576051662,1,0.16666666666666666,"[0, 1, 2, 3, 4, 5]",random_uniform_v1,0,test
case_5dfe4a16,cust_3d407e75,88339,upi,INSUFFICIENT_FUNDS,14,,0.9218934142861809,low,0.5972935915626316,4,0.16666666666666666,"[0, 1, 2, 3, 4, 5]",random_uniform_v1,1,test
case_ef407ff6,cust_49cf9120,206141,netbanking,BANK_DECLINE,81,,0.9267014853465805,high,0.4755376345199008,0,0.16666666666666666,"[0, 1, 2, 3, 4, 5]",random_uniform_v1,1,train
case_5fccff92,cust_b930faed,27123,card,BANK_DECLINE,9,,0.7856844163321941,low,0.5084975700777544,3,0.16666666666666666,"[0, 1, 2, 3, 4, 5]",random_uniform_v1,1,train
case_02853315,cust_2c901d51,111532,upi,BANK_TIMEOUT,17,,0.7270108781996318,low,0.2247160638970128,2,0.16666666666666666,"[0, 1, 2, 3, 4, 5]",random_uniform_v1,1,train
case_00d454e7,cust_3db65f95,57166,upi,INSUFFICIENT_FUNDS,89,,0.6931810413368132,low,0.04651697892369558,4,0.16666666666666666,"[0, 1, 2, 3, 4, 5]",random_uniform_v1,0,train
case_b337ba23,cust_553e3a23,26251,upi,BANK_TIMEOUT,5,,0.9949071334205004,medium,0.18607785959990633,1,0.16666666666666666,"[0, 1, 2, 3, 4, 5]",random_uniform_v1,1,train
case_342706c2,cust_943dd127,306938,upi,INSUFFICIENT_FUNDS,3,,0.42661165614567587,high,0.03458635388260835,3,0.16666666666666666,"[0, 1, 2, 3, 4, 5]",random_uniform_v1,0,train
case_3dc03243,cust_064ea1da,117449,netbanking,INSUFFICIENT_FUNDS,39,,0.4839075820040325,medium,0.5446666528036864,0,0.16666666666666666,"[0, 1, 2, 3, 4, 5]",random_uniform_v1,0,train
case_cc87fbe4,cust_4303b5cc,435248,upi,BANK_TIMEOUT,5,,0.9296016331682543,low,0.15441174540740082,3,0.16666666666666666,"[0, 1, 2, 3, 4, 5]",random_uniform_v1,0,test
case_19b350e2,cust_8baa4578,35595,upi,BANK_TIMEOUT,9,,0.9634280272077046,medium,0.3287582666719072,2,0.16666666666666666,"[0, 1, 2, 3, 4, 5]",random_uniform_v1,1,val
case_89efbe83,cust_1f32df1d,408058,upi,BANK_TIMEOUT,9,,0.8054840341832318,low,0.5569724099240893,0,0.16666666666666666,"[0, 1, 2, 3, 4, 5]",random_uniform_v1,1,test
case_f55e247b,cust_d4b6c10c,682895,upi,INSUFFICIENT_FUNDS,9,,0.8449831149518363,medium,0.3105958815296975,3,0.16666666666666666,"[0, 1, 2, 3, 4, 5]",random_uniform_v1,1,train
case_e45eaa7c,cust_4ef827d5,57553,upi,BANK_TIMEOUT,69,,0.9292838719763893,medium,0.061972287169673845,0,0.16666666666666666,"[0, 1, 2, 3, 4, 5]",random_uniform_v1,1,train
case_ce0b1fac,cust_132c7466,21792,card,BANK_DECLINE,2,,0.6384009285925276,low,0.5809755972232413,0,0.16666666666666666,"[0, 1, 2, 3, 4, 5]",random_uniform_v1,0,val
case_5fd8e848,cust_efa3702d,30478,upi,BANK_TIMEOUT,7,,0.7473186095159682,medium,0.7354688187689868,4,0.16666666666666666,"[0, 1, 2, 3, 4, 5]",random_uniform_v1,1,train
case_b761f70e,cust_c9a92893,1063236,upi,NETWORK_ERROR,19,,0.792485928898717,medium,0.6406025102373776,0,0.16666666666666666,"[0, 1, 2, 3, 4, 5]",random_uniform_v1,0,val
case_03696d22,cust_d5a8a8d1,80919,upi,NETWORK_ERROR,5,,0.6758135501278978,low,0.12550872258927262,4,0.16666666666666666,"[0, 1, 2, 3, 4, 5]",random_uniform_v1,0,test
case_3f50c39b,cust_b30098ea,895206,card,BANK_DECLINE,16,,0.809162204110872,low,0.5482051628794313,3,0.16666666666666666,"[0, 1, 2, 3, 4, 5]",random_uniform_v1,1,train
case_78f5d07c,cust_a452c242,194955,upi,BANK_TIMEOUT,3,,0.6256351673024196,medium,0.4944149249385063,4,0.16666666666666666,"[0, 1, 2, 3, 4, 5]",random_uniform_v1,1,train
case_f1adea35,cust_b2d8e88a,17951,upi,NETWORK_ERROR,9,,0.724250516108052,low,0.44109425493401094,2,0.16666666666666666,"[0, 1, 2, 3, 4, 5]",random_uniform_v1,1,train
case_8e37e454,cust_b5a81811,73922,card,INSUFFICIENT_FUNDS,90,,0.24159608242373048,low,0.32532502936023155,4,0.16666666666666666,"[0, 1, 2, 3, 4, 5]",random_uniform_v1,0,val
case_1bf008bc,cust_74ed4e3b,778033,upi,NETWORK_ERROR,35,,0.7843487489658416,high,0.2116432554912628,4,0.16666666666666666,"[0, 1, 2, 3, 4, 5]",random_uniform_v1,1,train
case_b7cee545,cust_f0ee3ac6,1363772,card,INSUFFICIENT_FUNDS,42,,0.8418747903517265,medium,0.28466214639005094,3,0.16666666666666666,"[0, 1, 2, 3, 4, 5]",random_uniform_v1,1,train
case_d3e3c12d,cust_9e6e77ef,129647,card,BANK_DECLINE,16,,1.0,low,0.529211134238991,5,0.16666666666666666,"[0, 1, 2, 3, 4, 5]",random_uniform_v1,0,train
case_a8b607ce,cust_3e0107c8,169229,upi,BANK_TIMEOUT,3,,0.28503203114189946,medium,0.45768549852041496,4,0.16666666666666666,"[0, 1, 2, 3, 4, 5]",random_uniform_v1,0,train
case_15431d09,cust_699db6a0,445205,card,BANK_DECLINE,38,,0.6721767546723644,medium,0.5859393811875695,0,0.16666666666666666,"[0, 1, 2, 3, 4, 5]",random_uniform_v1,1,train
case_ad2e0a95,cust_6df13582,276318,upi,INSUFFICIENT_FUNDS,40,,0.9335361515468192,high,0.31353832049732877,2,0.16666666666666666,"[0, 1, 2, 3, 4, 5]",random_uniform_v1,1,train
case_07f2465d,cust_f811421d,113561,card,BANK_DECLINE,34,,0.560024614307962,medium,0.7313551335361366,1,0.16666666666666666,"[0, 1, 2, 3, 4, 5]",random_uniform_v1,0,test
case_4f92e556,cust_82dfe6de,120331,upi,INSUFFICIENT_FUNDS,9,,0.9267699250918544,low,0.339201447522583,2,0.16666666666666666,"[0, 1, 2, 3, 4, 5]",random_uniform_v1,1,test
case_b46f2cc6,cust_8df069c6,44337,card,INSUFFICIENT_FUNDS,3,,1.0,low,0.18457265579830393,3,0.16666666666666666,"[0, 1, 2, 3, 4, 5]",random_uniform_v1,1,train
case_3f1798dd,cust_6d573b0f,175339,upi,INSUFFICIENT_FUNDS,33,,0.5989326432923103,low,0.7469527837495469,0,0.16666666666666666,"[0, 1, 2, 3, 4, 5]",random_uniform_v1,0,val
case_0c60e5a1,cust_649aa1d9,40874,netbanking,INSUFFICIENT_FUNDS,9,,0.9896942803256807,low,0.5211953080027619,3,0.16666666666666666,"[0, 1, 2, 3, 4, 5]",random_uniform_v1,1,val
case_7e567c36,cust_fb3ca3b5,2713,netbanking,INSUFFICIENT_FUNDS,3,,1.0,low,0.47666394956003144,4,0.16666666666666666,"[0, 1, 2, 3, 4, 5]",random_uniform_v1,1,train
case_b358b5ef,cust_734fcc80,94249,card,BANK_DECLINE,20,,0.6638513838722854,low,0.45221836074403304,5,0.16666666666666666,"[0, 1, 2, 3, 4, 5]",random_uniform_v1,1,train
case_f3127d62,cust_d6998393,91095,card,BANK_DECLINE,58,,0.7228159639849958,medium,0.23576174301348884,2,0.16666666666666666,"[0, 1, 2, 3, 4, 5]",random_uniform_v1,1,val
case_ae03d0f2,cust_cc2929cf,977287,card,INSUFFICIENT_FUNDS,15,,0.839941226596497,low,0.17594273181077552,1,0.16666666666666666,"[0, 1, 2, 3, 4, 5]",random_uniform_v1,0,val
case_16b6393d,cust_6fb40fc0,92272,card,BANK_DECLINE,88,,0.8077729645067626,medium,0.4609367077777395,5,0.16666666666666666,"[0, 1, 2, 3, 4, 5]",random_uniform_v1,1,train
case_e4b84bdb,cust_355f5b02,84929,card,INSUFFICIENT_FUNDS,12,,0.16836658927725756,medium,0.593283935352662,4,0.16666666666666666,"[0, 1, 2, 3, 4, 5]",random_uniform_v1,0,test
case_80404228,cust_5b803a72,217963,upi,INSUFFICIENT_FUNDS,3,,0.6984925522416954,low,0.8252064153709437,2,0.16666666666666666,"[0, 1, 2, 3, 4, 5]",random_uniform_v1,1,train
case_689f080c,cust_e90f65e1,42522,card,BANK_DECLINE,11,,0.5278188794658455,medium,0.480330016004982,3,0.16666666666666666,"[0, 1, 2, 3, 4, 5]",random_uniform_v1,0,train
case_ba00219a,cust_9691146d,70010,card,BANK_DECLINE,52,,0.9728331772646523,medium,0.6071628822613857,3,0.16666666666666666,"[0, 1, 2, 3, 4, 5]",random_uniform_v1,1,train
case_9d09f9c7,cust_bd759ed2,11061,upi,NETWORK_ERROR,29,,0.3478510650030713,low,0.48486733525266146,5,0.16666666666666666,"[0, 1, 2, 3, 4, 5]",random_uniform_v1,0,train
case_e5e15b42,cust_0c7a5fb1,87960,upi,INSUFFICIENT_FUNDS,0,,0.770046172331471,low,0.6378107055058371,4,0.16666666666666666,"[0, 1, 2, 3, 4, 5]",random_uniform_v1,1,test
case_20f98566,cust_4741c647,269197,card,BANK_DECLINE,9,,0.6821103338554095,low,0.5222879065632213,2,0.16666666666666666,"[0, 1, 2, 3, 4, 5]",random_uniform_v1,0,train
case_e9a534c5,cust_763c5fdc,404677,upi,BANK_TIMEOUT,8,,0.5911307643016399,medium,0.6898234474220271,5,0.16666666666666666,"[0, 1, 2, 3, 4, 5]",random_uniform_v1,1,train
case_1230fbeb,cust_5ef1daf4,145049,card,INSUFFICIENT_FUNDS,3,,0.7765677955424464,low,0.1857214349165287,5,0.16666666666666666,"[0, 1, 2, 3, 4, 5]",random_uniform_v1,1,train
case_eb5a7959,cust_3c6332e7,413541,upi,BANK_TIMEOUT,35,,0.4760705936832402,low,0.43717178854872735,5,0.16666666666666666,"[0, 1, 2, 3, 4, 5]",random_uniform_v1,1,train
case_64241140,cust_74ad90bc,368214,card,INSUFFICIENT_FUNDS,29,,0.722841687049108,low,0.46964630653296463,5,0.16666666666666666,"[0, 1, 2, 3, 4, 5]",random_uniform_v1,1,train
case_8f86a104,cust_6b0aae3c,177603,upi,BANK_TIMEOUT,88,,0.7993041494213131,medium,0.42236171295174496,4,0.16666666666666666,"[0, 1, 2, 3, 4, 5]",random_uniform_v1,1,val
case_ca23b78d,cust_216ff555,280780,upi,INSUFFICIENT_FUNDS,20,,0.7894747924804256,low,0.8931667082171286,4,0.16666666666666666,"[0, 1, 2, 3, 4, 5]",random_uniform_v1,1,train
case_ec469d59,cust_c940137f,51355,upi,INSUFFICIENT_FUNDS,24,,0.5770969119616497,low,0.5738231945704383,1,0.16666666666666666,"[0, 1, 2, 3, 4, 5]",random_uniform_v1,0,train
case_e0f7f451,cust_4b35dc8f,670548,upi,BANK_TIMEOUT,38,,0.18409994721454337,low,0.5858773022982784,4,0.16666666666666666,"[0, 1, 2, 3, 4, 5]",random_uniform_v1,1,train
case_8c8f64f6,cust_c87e9ba9,2487582,upi,BANK_TIMEOUT,37,,0.6671906020099625,medium,0.11687996452908281,0,0.16666666666666666,"[0, 1, 2, 3, 4, 5]",random_uniform_v1,0,val
case_acebb364,cust_9be49928,48130,netbanking,BANK_DECLINE,12,,0.5555935387597525,low,0.0,5,0.16666666666666666,"[0, 1, 2, 3, 4, 5]",random_uniform_v1,1,train
case_47ee3111,cust_2a84c36f,41154,upi,INSUFFICIENT_FUNDS,18,,0.9824640893506803,high,0.33236173266250146,1,0.16666666666666666,"[0, 1, 2, 3, 4, 5]",random_uniform_v1,0,test
case_770f4e29,cust_5f23ec8f,53133,upi,INSUFFICIENT_FUNDS,49,,0.6680498913652685,low,0.6709664094128815,1,0.16666666666666666,"[0, 1, 2, 3, 4, 5]",random_uniform_v1,1,test
case_80e38440,cust_fc7393c9,17477,netbanking,BANK_TIMEOUT,3,,0.4143714742969456,low,0.3428057036414022,1,0.16666666666666666,"[0, 1, 2, 3, 4, 5]",random_uniform_v1,1,train
case_e392aa77,cust_4f9c87f7,264734,upi,INSUFFICIENT_FUNDS,34,,0.9067452286067519,low,0.236773915728517,0,0.16666666666666666,"[0, 1, 2, 3, 4, 5]",random_uniform_v1,0,train
case_9ce40c80,cust_3a913271,56910,upi,BANK_TIMEOUT,5,,0.9475086542791563,low,0.17402942709389255,4,0.16666666666666666,"[0, 1, 2, 3, 4, 5]",random_uniform_v1,1,test
case_031839b2,cust_e197a7f1,607997,upi,INSUFFICIENT_FUNDS,36,,0.5605289567667759,low,0.6960934998223461,5,0.16666666666666666,"[0, 1, 2, 3, 4, 5]",random_uniform_v1,1,val
case_920dfe3c,cust_e68477f9,885010,upi,NETWORK_ERROR,12,,0.3057034217895046,low,0.7517027020468549,5,0.16666666666666666,"[0, 1, 2, 3, 4, 5]",random_uniform_v1,1,val
case_adbc59e7,cust_e3aceab3,246826,upi,NETWORK_ERROR,26,,0.4436909071919511,low,0.5441201260267046,0,0.16666666666666666,"[0, 1, 2, 3, 4, 5]",random_uniform_v1,1,train
case_ffb9b3cf,cust_55e81753,24465,upi,INSUFFICIENT_FUNDS,0,,0.8174923125846394,low,0.604003426013898,0,0.16666666666666666,"[0, 1, 2, 3, 4, 5]",random_uniform_v1,1,train
case_ed62de19,cust_8f84cb2e,162357,upi,BANK_TIMEOUT,80,,0.44069595265089323,medium,0.5621073622813839,2,0.16666666666666666,"[0, 1, 2, 3, 4, 5]",random_uniform_v1,0,test
case_0fc43ff7,cust_aa729422,37320,card,BANK_DECLINE,19,,0.5507032810698869,low,0.10338469471917146,4,0.16666666666666666,"[0, 1, 2, 3, 4, 5]",random_uniform_v1,0,val
case_7d85294f,cust_31d83a68,159059,upi,INSUFFICIENT_FUNDS,60,,0.8579852212703716,low,0.4249691227579779,3,0.16666666666666666,"[0, 1, 2, 3, 4, 5]",random_uniform_v1,0,train
case_b41086b9,cust_42a85988,1220193,card,INSUFFICIENT_FUNDS,2,,0.8177121385711636,low,0.5502831428038832,4,0.16666666666666666,"[0, 1, 2, 3, 4, 5]",random_uniform_v1,1,train
case_da6f832e,cust_57435673,234244,upi,BANK_TIMEOUT,34,,0.7881322374447569,medium,0.052192676999204796,1,0.16666666666666666,"[0, 1, 2, 3, 4, 5]",random_uniform_v1,1,val
case_5edb40c6,cust_bcac3a77,240015,upi,NETWORK_ERROR,36,,0.8319248286783804,low,0.38993424283035644,0,0.16666666666666666,"[0, 1, 2, 3, 4, 5]",random_uniform_v1,1,val
case_23a1e6fc,cust_fe641e8a,170660,upi,INSUFFICIENT_FUNDS,12,,0.7963935954179033,low,0.3747857911945886,2,0.16666666666666666,"[0, 1, 2, 3, 4, 5]",random_uniform_v1,1,test
case_ec25934b,cust_4c65fba6,117895,upi,BANK_TIMEOUT,24,,0.9810803163872241,low,0.6235258289570336,4,0.16666666666666666,"[0, 1, 2, 3, 4, 5]",random_uniform_v1,1,train
case_5676af6f,cust_0529c4e5,26771,netbanking,BANK_DECLINE,8,,0.74620517235564,low,0.20917608390543546,1,0.16666666666666666,"[0, 1, 2, 3, 4, 5]",random_uniform_v1,0,test
case_496800fc,cust_6fb235e0,22117,upi,NETWORK_ERROR,9,,0.7699162622826603,medium,0.47783231945820054,5,0.16666666666666666,"[0, 1, 2, 3, 4, 5]",random_uniform_v1,1,train
case_6216c3a4,cust_99f4e999,538125,upi,BANK_TIMEOUT,10,,0.8656713264491736,high,0.4357503556766614,4,0.16666666666666666,"[0, 1, 2, 3, 4, 5]",random_uniform_v1,1,val
case_8f2fe813,cust_9b1670d0,111856,upi,BANK_TIMEOUT,38,,0.6368735156515368,low,0.027131927833922403,1,0.16666666666666666,"[0, 1, 2, 3, 4, 5]",random_uniform_v1,1,train
case_279d090a,cust_11f97fb9,58613,upi,INSUFFICIENT_FUNDS,17,,0.7032761814745425,low,0.6548277462721657,5,0.16666666666666666,"[0, 1, 2, 3, 4, 5]",random_uniform_v1,0,train
case_b7d8da63,cust_cb6a2e6c,367594,upi,BANK_TIMEOUT,27,,0.7641826403309102,low,0.2366100568804085,2,0.16666666666666666,"[0, 1, 2, 3, 4, 5]",random_uniform_v1,1,train
case_754c16ac,cust_0ff7f7df,37221,card,INSUFFICIENT_FUNDS,19,,0.5745202937732264,low,0.24235793139310235,4,0.16666666666666666,"[0, 1, 2, 3, 4, 5]",random_uniform_v1,1,train
case_dcbaa9e0,cust_8d0038fd,172980,upi,INSUFFICIENT_FUNDS,20,,0.26278420558959603,medium,0.7109140501901391,1,0.16666666666666666,"[0, 1, 2, 3, 4, 5]",random_uniform_v1,0,train
case_4cdbc202,cust_7a4e41f5,49973,card,INSUFFICIENT_FUNDS,17,,0.6953349023411539,low,0.3532814393986269,1,0.16666666666666666,"[0, 1, 2, 3, 4, 5]",random_uniform_v1,0,train
case_74168a37,cust_e1c808c0,177172,upi,BANK_TIMEOUT,25,,0.8831067033667046,medium,0.7811824421698169,4,0.16666666666666666,"[0, 1, 2, 3, 4, 5]",random_uniform_v1,1,train
case_081b3b1e,cust_1c043de6,59107,upi,BANK_TIMEOUT,19,,0.851658742756807,medium,0.18019717433358326,3,0.16666666666666666,"[0, 1, 2, 3, 4, 5]",random_uniform_v1,0,train
case_c346ae50,cust_dceacd63,1809427,upi,BANK_TIMEOUT,5,,0.6330407934820232,low,0.0,4,0.16666666666666666,"[0, 1, 2, 3, 4, 5]",random_uniform_v1,1,train
case_2434ca4a,cust_7449e20a,78679,upi,NETWORK_ERROR,33,,0.9086790875979971,low,0.007504250153287692,5,0.16666666666666666,"[0, 1, 2, 3, 4, 5]",random_uniform_v1,0,train
case_c7d1871e,cust_151814ec,117377,netbanking,BANK_DECLINE,26,,0.6643321624186519,low,0.13093507700950602,2,0.16666666666666666,"[0, 1, 2, 3, 4, 5]",random_uniform_v1,1,train
case_09cd5fe3,cust_87ae3a9f,390996,upi,NETWORK_ERROR,62,,0.8042470634780833,low,0.5636953341897001,0,0.16666666666666666,"[0, 1, 2, 3, 4, 5]",random_uniform_v1,1,train
case_1ba650db,cust_43373b52,193989,upi,INSUFFICIENT_FUNDS,0,,0.8900751634263727,low,0.494915401515566,2,0.16666666666666666,"[0, 1, 2, 3, 4, 5]",random_uniform_v1,1,val
case_57cb706d,cust_f666b6eb,489433,upi,INSUFFICIENT_FUNDS,28,,0.7115284839272756,low,0.480318419212441,0,0.16666666666666666,"[0, 1, 2, 3, 4, 5]",random_uniform_v1,1,train
case_113aaa47,cust_67eaa7c6,38227,upi,NETWORK_ERROR,9,,0.9109051800575675,low,0.5372158275776405,4,0.16666666666666666,"[0, 1, 2, 3, 4, 5]",random_uniform_v1,1,train
case_80fb53ea,cust_331a53fa,81631,netbanking,BANK_DECLINE,71,,0.37170248941906997,low,0.44267840863928654,5,0.16666666666666666,"[0, 1, 2, 3, 4, 5]",random_uniform_v1,0,train
case_2d2dc5bc,cust_e8926c69,132505,upi,BANK_TIMEOUT,69,,0.8297499226436695,medium,0.4862344891446343,0,0.16666666666666666,"[0, 1, 2, 3, 4, 5]",random_uniform_v1,1,train
case_914cbb02,cust_4b71a070,349975,upi,NETWORK_ERROR,8,,0.8642883651448116,low,0.7007839557659736,4,0.16666666666666666,"[0, 1, 2, 3, 4, 5]",random_uniform_v1,1,train
case_ce8a43a9,cust_a58e4515,276994,upi,BANK_TIMEOUT,42,,0.7811601232682845,low,0.2089847590737587,5,0.16666666666666666,"[0, 1, 2, 3, 4, 5]",random_uniform_v1,1,train
case_c84f94ce,cust_b41b55b8,14984,upi,INSUFFICIENT_FUNDS,50,,0.7487150435233427,low,0.08513459296063987,4,0.16666666666666666,"[0, 1, 2, 3, 4, 5]",random_uniform_v1,1,train
case_737bf74e,cust_77cfa0bd,10733,upi,BANK_TIMEOUT,5,,0.6561689684048835,low,0.29775377933421865,2,0.16666666666666666,"[0, 1, 2, 3, 4, 5]",random_uniform_v1,1,train
case_f661ff7b,cust_a551e72c,123212,card,BANK_DECLINE,19,,0.6566722498049206,medium,0.3989796433506659,3,0.16666666666666666,"[0, 1, 2, 3, 4, 5]",random_uniform_v1,1,test
case_06a71c6f,cust_23dcc3dc,123044,upi,INSUFFICIENT_FUNDS,116,,0.7925163807504613,low,0.6894917093096122,3,0.16666666666666666,"[0, 1, 2, 3, 4, 5]",random_uniform_v1,1,train
case_051aff4f,cust_cae52983,22295,upi,INSUFFICIENT_FUNDS,1,,0.75418522152563,high,0.32903340226239863,5,0.16666666666666666,"[0, 1, 2, 3, 4, 5]",random_uniform_v1,1,train
case_d9e7338f,cust_a84b07c2,47913,upi,NETWORK_ERROR,36,,0.9890696297365601,low,0.10989039779432508,3,0.16666666666666666,"[0, 1, 2, 3, 4, 5]",random_uniform_v1,1,test
case_c423833a,cust_f81a28e3,62162,card,BANK_TIMEOUT,44,,0.777189753724928,medium,0.11097258515805475,4,0.16666666666666666,"[0, 1, 2, 3, 4, 5]",random_uniform_v1,1,train
case_a2f56a5e,cust_9263dcf1,64748,card,BANK_DECLINE,9,,0.9833829812136232,low,0.20948690636115996,4,0.16666666666666666,"[0, 1, 2, 3, 4, 5]",random_uniform_v1,1,test
case_bfa89428,cust_331f2df6,52555,upi,INSUFFICIENT_FUNDS,1,,1.0,low,0.19502958643201038,0,0.16666666666666666,"[0, 1, 2, 3, 4, 5]",random_uniform_v1,1,train
case_8e616001,cust_099a7657,72998,upi,NETWORK_ERROR,24,,0.4289720632795049,low,0.07058247238819831,0,0.16666666666666666,"[0, 1, 2, 3, 4, 5]",random_uniform_v1,0,val
case_88ae0be5,cust_67a2e5e6,307197,upi,NETWORK_ERROR,3,,0.8807250598859822,medium,0.5589523337644148,2,0.16666666666666666,"[0, 1, 2, 3, 4, 5]",random_uniform_v1,1,test
case_1df4414d,cust_955bf538,71546,upi,INSUFFICIENT_FUNDS,53,,0.7850503498474732,low,0.5874533103721854,1,0.16666666666666666,"[0, 1, 2, 3, 4, 5]",random_uniform_v1,0,train
case_b990c178,cust_0d9c674a,142295,card,NETWORK_ERROR,33,,0.760225157932599,low,0.20639228799834794,0,0.16666666666666666,"[0, 1, 2, 3, 4, 5]",random_uniform_v1,0,train
case_c3c55005,cust_5b812aa9,527282,upi,NETWORK_ERROR,48,,1.0,low,0.13154418722188868,3,0.16666666666666666,"[0, 1, 2, 3, 4, 5]",random_uniform_v1,1,train
case_80776f13,cust_c0387c12,42797,card,INSUFFICIENT_FUNDS,45,,0.9733064520191296,low,0.5142115557269528,2,0.16666666666666666,"[0, 1, 2, 3, 4, 5]",random_uniform_v1,1,train
case_49d74cbe,cust_adb5b5af,103974,upi,NETWORK_ERROR,1,,0.7241375094913742,medium,0.6108866275694568,3,0.16666666666666666,"[0, 1, 2, 3, 4, 5]",random_uniform_v1,1,train
case_17969fae,cust_5b16e7fd,43018,upi,NETWORK_ERROR,10,,0.9185438902559092,medium,0.08487268829763035,4,0.16666666666666666,"[0, 1, 2, 3, 4, 5]",random_uniform_v1,1,train
case_1ca90150,cust_c0a89462,18695,upi,NETWORK_ERROR,78,,0.6473350318125828,low,0.4954669777503463,0,0.16666666666666666,"[0, 1, 2, 3, 4, 5]",random_uniform_v1,1,train
case_3757d41b,cust_fe83edb0,17326,upi,INSUFFICIENT_FUNDS,3,,0.48512875777441666,low,0.0,1,0.16666666666666666,"[0, 1, 2, 3, 4, 5]",random_uniform_v1,0,train
case_c57a9567,cust_b5153df3,37976,upi,BANK_TIMEOUT,2,,0.6243818095046564,high,0.8813351330527825,1,0.16666666666666666,"[0, 1, 2, 3, 4, 5]",random_uniform_v1,1,train
case_5640d974,cust_076b646c,30919,upi,INSUFFICIENT_FUNDS,104,,0.7818812357044426,low,0.4816014631564456,1,0.16666666666666666,"[0, 1, 2, 3, 4, 5]",random_uniform_v1,0,val
case_374fefe8,cust_0856ff41,306590,upi,BANK_TIMEOUT,59,,0.7075324744299548,low,0.4940144430826212,2,0.16666666666666666,"[0, 1, 2, 3, 4, 5]",random_uniform_v1,1,train
case_910ab610,cust_66b99ceb,16895,upi,INSUFFICIENT_FUNDS,54,,0.7670047669385742,low,0.33746050445837034,1,0.16666666666666666,"[0, 1, 2, 3, 4, 5]",random_uniform_v1,0,val
case_3867a406,cust_1820d262,529239,upi,INSUFFICIENT_FUNDS,4,,0.686796987685171,low,0.6492726894295588,4,0.16666666666666666,"[0, 1, 2, 3, 4, 5]",random_uniform_v1,1,test
case_294e0336,cust_f7c17a65,74347,upi,INSUFFICIENT_FUNDS,14,,0.639018137873777,high,0.6669798781613482,1,0.16666666666666666,"[0, 1, 2, 3, 4, 5]",random_uniform_v1,0,train
case_8c08a30c,cust_c54d16cb,111698,upi,BANK_TIMEOUT,10,,0.5264366928850059,low,0.33053491022906256,2,0.16666666666666666,"[0, 1, 2, 3, 4, 5]",random_uniform_v1,1,test
case_8b952a33,cust_d2b31f17,98725,card,BANK_DECLINE,3,,0.9132703860037409,low,0.12971846908480106,0,0.16666666666666666,"[0, 1, 2, 3, 4, 5]",random_uniform_v1,1,train
case_f2144e09,cust_281ee344,428744,upi,INSUFFICIENT_FUNDS,38,,0.9604063589116243,low,0.03577914952106551,5,0.16666666666666666,"[0, 1, 2, 3, 4, 5]",random_uniform_v1,1,train
case_1c52da0b,cust_b27c04e5,254308,upi,BANK_TIMEOUT,1,,0.7122685133085739,medium,0.6207093063720744,5,0.16666666666666666,"[0, 1, 2, 3, 4, 5]",random_uniform_v1,1,test
case_b0d2fc11,cust_5fd5454c,30466,card,NETWORK_ERROR,40,,0.41227677825759995,low,0.05094319559192606,1,0.16666666666666666,"[0, 1, 2, 3, 4, 5]",random_uniform_v1,1,train
case_90cc31d2,cust_b316a6a5,179894,upi,BANK_TIMEOUT,23,,0.6153934951612539,low,0.41843023421619063,3,0.16666666666666666,"[0, 1, 2, 3, 4, 5]",random_uniform_v1,1,test
case_02ad9e4b,cust_c8f3f659,277719,card,INSUFFICIENT_FUNDS,33,,0.6374041834028231,medium,0.3907391524936229,0,0.16666666666666666,"[0, 1, 2, 3, 4, 5]",random_uniform_v1,1,train
case_14859dd0,cust_1931cbbd,17568,upi,NETWORK_ERROR,1,,0.5109687624687242,low,0.4957677503485899,2,0.16666666666666666,"[0, 1, 2, 3, 4, 5]",random_uniform_v1,1,train
case_6a001047,cust_3b00ebf1,411514,upi,INSUFFICIENT_FUNDS,38,,0.706757913392244,high,0.7322626864810853,0,0.16666666666666666,"[0, 1, 2, 3, 4, 5]",random_uniform_v1,1,train
case_9d3f2f76,cust_9c7f3932,22840,netbanking,BANK_DECLINE,19,,0.6807955651095354,high,0.5779850116593466,2,0.16666666666666666,"[0, 1, 2, 3, 4, 5]",random_uniform_v1,1,val
case_2d84e87f,cust_b538f529,59358,card,BANK_DECLINE,11,,0.6161153053415381,high,0.4009859189931035,4,0.16666666666666666,"[0, 1, 2, 3, 4, 5]",random_uniform_v1,1,train
case_06ba5bb7,cust_f845f2e7,1453837,upi,INSUFFICIENT_FUNDS,23,,0.9952103881441432,low,0.31080285065901153,0,0.16666666666666666,"[0, 1, 2, 3, 4, 5]",random_uniform_v1,1,train
case_004ce3fc,cust_100d19df,258241,card,BANK_DECLINE,100,,0.44991660368176617,low,0.5019676018930135,4,0.16666666666666666,"[0, 1, 2, 3, 4, 5]",random_uniform_v1,1,train
case_6c6f6bf9,cust_fe744253,23509,netbanking,BANK_DECLINE,7,,0.5218560402065439,low,0.24223194038343504,2,0.16666666666666666,"[0, 1, 2, 3, 4, 5]",random_uniform_v1,0,train
case_b88a4997,cust_47a2eeb5,275519,upi,INSUFFICIENT_FUNDS,21,,0.9226063362649528,medium,0.8690527947793879,4,0.16666666666666666,"[0, 1, 2, 3, 4, 5]",random_uniform_v1,0,test
case_1ceaa684,cust_f21dad1b,90082,upi,NETWORK_ERROR,22,,0.7405327897534265,low,0.26946436537119245,5,0.16666666666666666,"[0, 1, 2, 3, 4, 5]",random_uniform_v1,0,train
case_2e57d9cd,cust_625b99b1,42908,card,BANK_DECLINE,16,,0.6009676332225482,low,0.012656456945131393,2,0.16666666666666666,"[0, 1, 2, 3, 4, 5]",random_uniform_v1,1,train
case_941a8fc6,cust_82e784b4,108069,upi,INSUFFICIENT_FUNDS,18,,0.8970289346279944,low,0.30014497940986806,2,0.16666666666666666,"[0, 1, 2, 3, 4, 5]",random_uniform_v1,1,train
case_0a19a1b9,cust_9be3cd4f,31589,card,BANK_DECLINE,2,,0.7363845017611547,low,0.16106879762721074,2,0.16666666666666666,"[0, 1, 2, 3, 4, 5]",random_uniform_v1,0,train
case_f1690d74,cust_950cd031,28805,upi,BANK_TIMEOUT,36,,0.931599290304995,low,0.2581804759594712,4,0.16666666666666666,"[0, 1, 2, 3, 4, 5]",random_uniform_v1,1,val
case_29f81d2e,cust_fe23f6c4,261490,card,BANK_DECLINE,7,,0.7468751941654614,low,0.35948075697954024,0,0.16666666666666666,"[0, 1, 2, 3, 4, 5]",random_uniform_v1,0,train
case_8f8b32ae,cust_de5f2a4c,1838982,upi,INSUFFICIENT_FUNDS,9,,1.0,medium,0.398666572621258,4,0.16666666666666666,"[0, 1, 2, 3, 4, 5]",random_uniform_v1,0,val
case_8709575c,cust_d99ca318,96779,card,INSUFFICIENT_FUNDS,26,,0.3871390705134201,high,0.29405974011505465,2,0.16666666666666666,"[0, 1, 2, 3, 4, 5]",random_uniform_v1,1,test
case_6287680c,cust_dac94ff0,127248,upi,INSUFFICIENT_FUNDS,12,,0.8418871072455962,medium,0.41898499493100844,1,0.16666666666666666,"[0, 1, 2, 3, 4, 5]",random_uniform_v1,1,train
case_dffd017e,cust_f9bd2637,66403,upi,INSUFFICIENT_FUNDS,4,,0.7526100997586319,low,0.520944113375295,0,0.16666666666666666,"[0, 1, 2, 3, 4, 5]",random_uniform_v1,1,train
case_e1e89850,cust_9b2de288,164205,upi,NETWORK_ERROR,29,,0.48808267621558205,medium,0.6467995271090989,1,0.16666666666666666,"[0, 1, 2, 3, 4, 5]",random_uniform_v1,1,val
case_87f1f49a,cust_76af839e,635174,upi,BANK_TIMEOUT,3,,0.7433953811817032,high,0.412191370002577,3,0.16666666666666666,"[0, 1, 2, 3, 4, 5]",random_uniform_v1,1,train
case_43efadf0,cust_c094e9f8,35102,netbanking,BANK_DECLINE,23,,0.8782101460836188,low,0.3338666504451297,4,0.16666666666666666,"[0, 1, 2, 3, 4, 5]",random_uniform_v1,0,train
case_c05c6cb5,cust_73f846ed,172500,upi,BANK_TIMEOUT,4,,0.6383402534405073,low,0.18097230581311635,0,0.16666666666666666,"[0, 1, 2, 3, 4, 5]",random_uniform_v1,1,train
case_46440c54,cust_1d7357c7,221441,upi,INSUFFICIENT_FUNDS,21,,0.9095812617772332,low,0.4046892766757967,0,0.16666666666666666,"[0, 1, 2, 3, 4, 5]",random_uniform_v1,0,train
case_c6ede05c,cust_0d6848ef,581522,upi,BANK_TIMEOUT,1,,0.912340761628579,low,0.24226155703951335,5,0.16666666666666666,"[0, 1, 2, 3, 4, 5]",random_uniform_v1,1,train
case_65a05e26,cust_2180eab5,294081,card,BANK_TIMEOUT,0,,0.8701931948897818,high,0.4731013344208861,5,0.16666666666666666,"[0, 1, 2, 3, 4, 5]",random_uniform_v1,1,train
case_6c56080c,cust_a3ff3b83,104371,card,BANK_TIMEOUT,9,,0.5904352354931732,low,0.11962530308452961,3,0.16666666666666666,"[0, 1, 2, 3, 4, 5]",random_uniform_v1,1,test
case_e703722d,cust_c3de09ae,824312,upi,BANK_TIMEOUT,34,,0.7418929702786347,low,0.6856328350705007,3,0.16666666666666666,"[0, 1, 2, 3, 4, 5]",random_uniform_v1,1,train
case_f03e12cc,cust_c57788eb,528379,card,BANK_DECLINE,62,,0.8510510591577348,medium,0.2788836014305521,4,0.16666666666666666,"[0, 1, 2, 3, 4, 5]",random_uniform_v1,0,train
case_65a1e2ef,cust_6d12f903,12028,card,BANK_DECLINE,13,,0.8556088754898669,low,0.498639207090229,3,0.16666666666666666,"[0, 1, 2, 3, 4, 5]",random_uniform_v1,1,test
case_80ed3ff2,cust_2ef24883,57519,upi,BANK_TIMEOUT,6,,0.5417759694609701,medium,0.5774033329093637,3,0.16666666666666666,"[0, 1, 2, 3, 4, 5]",random_uniform_v1,0,train
case_b3ee2808,cust_2f9862c1,52355,upi,NETWORK_ERROR,23,,0.704895327530018,low,0.12195374790858143,0,0.16666666666666666,"[0, 1, 2, 3, 4, 5]",random_uniform_v1,1,train
case_f244759b,cust_4ebe8acd,256277,upi,BANK_TIMEOUT,44,,0.22402210257433008,low,0.003760828114405562,3,0.16666666666666666,"[0, 1, 2, 3, 4, 5]",random_uniform_v1,1,train
case_d7afa2cc,cust_529f69d0,182685,card,BANK_TIMEOUT,101,,1.0,low,0.3109968394345587,3,0.16666666666666666,"[0, 1, 2, 3, 4, 5]",random_uniform_v1,1,train
case_4802cc91,cust_d8d07903,93677,card,BANK_DECLINE,7,,0.8755702954903797,low,0.5313093043181565,4,0.16666666666666666,"[0, 1, 2, 3, 4, 5]",random_uniform_v1,0,test
case_766ce6cc,cust_6a47d615,345881,netbanking,BANK_DECLINE,10,,0.639505039478824,low,0.27430074577121494,5,0.16666666666666666,"[0, 1, 2, 3, 4, 5]",random_uniform_v1,0,train
case_a64ed0e6,cust_d7f30278,59316,upi,INSUFFICIENT_FUNDS,13,,0.39208402411323395,low,0.0542557675149902,0,0.16666666666666666,"[0, 1, 2, 3, 4, 5]",random_uniform_v1,0,train
case_f5cddcf0,cust_2e83f681,63272,upi,INSUFFICIENT_FUNDS,54,,0.5693628256894367,low,0.28904745039153484,1,0.16666666666666666,"[0, 1, 2, 3, 4, 5]",random_uniform_v1,0,train
case_9456d433,cust_14217135,9550,upi,INSUFFICIENT_FUNDS,77,,0.647409001962587,low,0.529235380805197,0,0.16666666666666666,"[0, 1, 2, 3, 4, 5]",random_uniform_v1,1,val
case_92100a5c,cust_c30059c3,113597,card,BANK_DECLINE,40,,0.8357103646046229,low,0.09870057634190363,0,0.16666666666666666,"[0, 1, 2, 3, 4, 5]",random_uniform_v1,0,test
case_8f789bfe,cust_71ed2966,18193,upi,NETWORK_ERROR,28,,0.9393443571806516,low,0.7705502475126558,5,0.16666666666666666,"[0, 1, 2, 3, 4, 5]",random_uniform_v1,1,train
case_bd70cd98,cust_44b5c5f4,721627,netbanking,BANK_DECLINE,6,,0.6323731560829172,low,0.40089645314084715,5,0.16666666666666666,"[0, 1, 2, 3, 4, 5]",random_uniform_v1,1,val
case_21fd68d0,cust_9bf78f7d,24718,card,BANK_DECLINE,20,,0.4655033557654146,low,0.17207447576704216,0,0.16666666666666666,"[0, 1, 2, 3, 4, 5]",random_uniform_v1,1,train
case_0405b527,cust_32c83462,123160,upi,BANK_TIMEOUT,7,,0.9748895335754761,medium,0.6193475405440421,4,0.16666666666666666,"[0, 1, 2, 3, 4, 5]",random_uniform_v1,1,test
case_33a67bd1,cust_a89c68f8,37802,card,BANK_DECLINE,43,,0.7592799831851684,low,0.5565447258654316,5,0.16666666666666666,"[0, 1, 2, 3, 4, 5]",random_uniform_v1,0,train
case_fcd644bc,cust_17f5f8fc,177638,upi,INSUFFICIENT_FUNDS,10,,0.6553507465239493,medium,0.7732711931999962,0,0.16666666666666666,"[0, 1, 2, 3, 4, 5]",random_uniform_v1,1,train
case_48f99dae,cust_ca095e6f,70513,upi,BANK_TIMEOUT,67,,0.4646674563629485,medium,0.4424060251454118,0,0.16666666666666666,"[0, 1, 2, 3, 4, 5]",random_uniform_v1,1,test
case_922e4c8d,cust_8a5598fe,7657,card,BANK_DECLINE,52,,0.8448147040518668,low,0.31155862626853636,4,0.16666666666666666,"[0, 1, 2, 3, 4, 5]",random_uniform_v1,0,test
case_2cf1de15,cust_4860fd47,293666,upi,INSUFFICIENT_FUNDS,3,,0.813875817306918,low,0.5416854363302225,3,0.16666666666666666,"[0, 1, 2, 3, 4, 5]",random_uniform_v1,1,val
case_cb485ecd,cust_fcddfd13,29908,netbanking,BANK_DECLINE,3,,0.7328885865841605,low,0.7632367261026235,5,0.16666666666666666,"[0, 1, 2, 3, 4, 5]",random_uniform_v1,0,train
case_12075fe8,cust_01fa5504,218621,upi,INSUFFICIENT_FUNDS,23,,0.8474932278781554,low,0.17637830986344935,4,0.16666666666666666,"[0, 1, 2, 3, 4, 5]",random_uniform_v1,0,val
case_67cdcb87,cust_0d91f844,236158,upi,BANK_TIMEOUT,9,,0.7378537660312642,low,0.5874109859107498,3,0.16666666666666666,"[0, 1, 2, 3, 4, 5]",random_uniform_v1,0,train
case_e0b218db,cust_f19ab5d1,18936,card,INSUFFICIENT_FUNDS,2,,0.7655535595050992,low,0.7268823335162444,4,0.16666666666666666,"[0, 1, 2, 3, 4, 5]",random_uniform_v1,1,train
case_9640cecb,cust_3f005757,420390,upi,INSUFFICIENT_FUNDS,3,,0.9874323269977852,low,0.0884941619582697,5,0.16666666666666666,"[0, 1, 2, 3, 4, 5]",random_uniform_v1,1,train
case_87834586,cust_6f5f2a1d,57655,upi,NETWORK_ERROR,33,,0.4818784539459916,low,0.3245944606543414,4,0.16666666666666666,"[0, 1, 2, 3, 4, 5]",random_uniform_v1,1,train
case_9f7e2ea5,cust_29981577,433322,upi,NETWORK_ERROR,2,,0.8198170912541193,low,0.1804738871236659,0,0.16666666666666666,"[0, 1, 2, 3, 4, 5]",random_uniform_v1,1,test
case_ef53973b,cust_3306dc9d,48076,upi,INSUFFICIENT_FUNDS,7,,0.7781539831933949,low,0.32251134671275405,2,0.16666666666666666,"[0, 1, 2, 3, 4, 5]",random_uniform_v1,1,train
case_46803335,cust_cc1df9d2,90683,upi,BANK_TIMEOUT,13,,0.6536138936140415,medium,0.36942889767373227,2,0.16666666666666666,"[0, 1, 2, 3, 4, 5]",random_uniform_v1,1,train
case_a1e7fbb5,cust_9951f7bb,48962,card,BANK_DECLINE,18,,0.9576465109439896,medium,0.5425573398377384,5,0.16666666666666666,"[0, 1, 2, 3, 4, 5]",random_uniform_v1,1,test
case_1c6f1944,cust_4e7561eb,259753,card,BANK_TIMEOUT,92,,0.6141909305280541,low,0.44885413309458605,0,0.16666666666666666,"[0, 1, 2, 3, 4, 5]",random_uniform_v1,0,test
case_6be14d53,cust_ab9e4473,28985,upi,BANK_TIMEOUT,4,,0.6783865242968172,low,0.7451291208290185,3,0.16666666666666666,"[0, 1, 2, 3, 4, 5]",random_uniform_v1,1,train
case_8f44bb8e,cust_f97f669f,513392,netbanking,BANK_DECLINE,25,,0.886892641463128,high,0.006829342602650876,4,0.16666666666666666,"[0, 1, 2, 3, 4, 5]",random_uniform_v1,0,train
case_65edb054,cust_ea20b250,259280,upi,INSUFFICIENT_FUNDS,4,,0.46677586527549075,high,0.7797939174097773,1,0.16666666666666666,"[0, 1, 2, 3, 4, 5]",random_uniform_v1,0,test
case_41b6d539,cust_e2b3bcf3,21434,card,BANK_DECLINE,53,,0.8336412662773882,low,0.13917675006349314,2,0.16666666666666666,"[0, 1, 2, 3, 4, 5]",random_uniform_v1,0,train
case_9d3ebae5,cust_44f350d4,14847,card,BANK_DECLINE,16,,0.7989259124062101,high,0.3927269522512542,5,0.16666666666666666,"[0, 1, 2, 3, 4, 5]",random_uniform_v1,1,test
case_d27c5227,cust_94020158,193692,upi,INSUFFICIENT_FUNDS,3,,0.7651227748426871,high,0.09357457955898225,2,0.16666666666666666,"[0, 1, 2, 3, 4, 5]",random_uniform_v1,1,train
case_19f1836f,cust_8d43d285,112089,card,INSUFFICIENT_FUNDS,99,,0.8897511655744555,low,0.3622075016992296,5,0.16666666666666666,"[0, 1, 2, 3, 4, 5]",random_uniform_v1,0,train
case_a2b4368f,cust_6e72f0fe,180200,upi,BANK_TIMEOUT,19,,1.0,low,0.4260269815981415,0,0.16666666666666666,"[0, 1, 2, 3, 4, 5]",random_uniform_v1,1,train
case_ef803989,cust_19f134c7,33469,card,BANK_DECLINE,20,,0.6736102441153031,low,0.34582652401861247,3,0.16666666666666666,"[0, 1, 2, 3, 4, 5]",random_uniform_v1,1,train
case_628a3557,cust_4ec3f8bf,1742906,upi,INSUFFICIENT_FUNDS,4,,0.623644401627242,low,0.5273179559144067,4,0.16666666666666666,"[0, 1, 2, 3, 4, 5]",random_uniform_v1,0,val
case_a0f50e84,cust_aab1079e,29274,card,INSUFFICIENT_FUNDS,1,,0.5093664542667005,low,0.35914642674796526,2,0.16666666666666666,"[0, 1, 2, 3, 4, 5]",random_uniform_v1,1,train
case_f0664ef4,cust_583ce770,171469,upi,BANK_TIMEOUT,14,,0.9872131245876754,low,0.34894879644529897,4,0.16666666666666666,"[0, 1, 2, 3, 4, 5]",random_uniform_v1,1,train
case_574c44a9,cust_bee15a58,21983,upi,INSUFFICIENT_FUNDS,21,,0.7586449047591849,low,0.0,4,0.16666666666666666,"[0, 1, 2, 3, 4, 5]",random_uniform_v1,1,train
case_566ca024,cust_6d3d78e6,92135,upi,BANK_TIMEOUT,4,,0.6395796963860964,low,0.3235879407164804,5,0.16666666666666666,"[0, 1, 2, 3, 4, 5]",random_uniform_v1,1,test
case_e5fe81f0,cust_492953d4,149340,netbanking,BANK_DECLINE,41,,0.5291356444552786,low,0.39934085790305096,4,0.16666666666666666,"[0, 1, 2, 3, 4, 5]",random_uniform_v1,0,train
case_7fa4f2c4,cust_07cd4270,310407,card,BANK_DECLINE,9,,0.696200680917132,low,0.5848929997203112,0,0.16666666666666666,"[0, 1, 2, 3, 4, 5]",random_uniform_v1,0,train
case_28be3727,cust_997358ec,83044,upi,INSUFFICIENT_FUNDS,80,,0.7937837292343304,low,0.1993148970497717,3,0.16666666666666666,"[0, 1, 2, 3, 4, 5]",random_uniform_v1,1,test
case_5ff455eb,cust_eeee3330,105964,card,NETWORK_ERROR,2,,0.5192583010159502,low,0.34231899387021897,1,0.16666666666666666,"[0, 1, 2, 3, 4, 5]",random_uniform_v1,0,train
case_b1d94d15,cust_a0166785,199696,card,BANK_DECLINE,17,,0.6790869953230013,low,0.6035961215609931,1,0.16666666666666666,"[0, 1, 2, 3, 4, 5]",random_uniform_v1,1,train
case_8b9abd08,cust_6498451f,60021,card,BANK_DECLINE,40,,0.9731188002395738,low,0.6260520005397752,2,0.16666666666666666,"[0, 1, 2, 3, 4, 5]",random_uniform_v1,1,train
case_3e15bab9,cust_34203882,171374,upi,BANK_TIMEOUT,30,,0.611704173919809,low,0.01871901019988015,4,0.16666666666666666,"[0, 1, 2, 3, 4, 5]",random_uniform_v1,1,train
case_40beb81d,cust_eafa1d05,248237,card,BANK_DECLINE,17,,0.8639418066211495,medium,0.6620188530606071,0,0.16666666666666666,"[0, 1, 2, 3, 4, 5]",random_uniform_v1,0,train
case_3867afec,cust_00347c95,138396,card,INSUFFICIENT_FUNDS,0,,0.5444425107227678,medium,0.037017032226959,4,0.16666666666666666,"[0, 1, 2, 3, 4, 5]",random_uniform_v1,1,train
case_30a3f453,cust_c28f8a33,54254,card,INSUFFICIENT_FUNDS,52,,0.6146683977227729,low,0.697511121156786,1,0.16666666666666666,"[0, 1, 2, 3, 4, 5]",random_uniform_v1,0,test
case_0c456df5,cust_71175818,16082,upi,INSUFFICIENT_FUNDS,1,,0.8117083953289926,low,0.16680038868654154,1,0.16666666666666666,"[0, 1, 2, 3, 4, 5]",random_uniform_v1,0,train
case_982a0ea8,cust_d21e2f54,58091,netbanking,BANK_DECLINE,14,,0.5537786356077965,high,0.3581953910209799,0,0.16666666666666666,"[0, 1, 2, 3, 4, 5]",random_uniform_v1,0,train
case_8dfbb694,cust_152ef4f9,119239,netbanking,BANK_DECLINE,31,,1.0,low,0.5058866015268826,0,0.16666666666666666,"[0, 1, 2, 3, 4, 5]",random_uniform_v1,1,train
case_0bd00341,cust_63cc6466,118849,upi,INSUFFICIENT_FUNDS,10,,0.5634822544633229,low,0.6182899761432699,0,0.16666666666666666,"[0, 1, 2, 3, 4, 5]",random_uniform_v1,1,train
case_2d74d983,cust_947668bf,264785,netbanking,BANK_DECLINE,42,,0.6762857296521259,low,0.25777529082332085,4,0.16666666666666666,"[0, 1, 2, 3, 4, 5]",random_uniform_v1,0,val
case_0688d34f,cust_496062bb,153041,upi,BANK_TIMEOUT,5,,0.7712373977567546,low,0.3549275926624091,5,0.16666666666666666,"[0, 1, 2, 3, 4, 5]",random_uniform_v1,1,train
case_7b4bee16,cust_2195f658,1308246,card,INSUFFICIENT_FUNDS,20,,0.8416046799902526,high,0.4977836146128086,5,0.16666666666666666,"[0, 1, 2, 3, 4, 5]",random_uniform_v1,0,train
case_d4a2ab6d,cust_d6ce2d04,39397,card,BANK_TIMEOUT,22,,0.5063714062573805,low,0.5018565644467357,0,0.16666666666666666,"[0, 1, 2, 3, 4, 5]",random_uniform_v1,0,train
case_50cc394f,cust_1396983a,161003,upi,INSUFFICIENT_FUNDS,9,,0.5078553376637209,low,0.31036153116530685,1,0.16666666666666666,"[0, 1, 2, 3, 4, 5]",random_uniform_v1,0,train
case_3ee8aedc,cust_dfbe3b96,98214,upi,BANK_TIMEOUT,36,,0.6417460988615021,low,0.6236957671680272,2,0.16666666666666666,"[0, 1, 2, 3, 4, 5]",random_uniform_v1,1,test
case_d72b2675,cust_b479d009,70061,netbanking,NETWORK_ERROR,20,,0.8637299993949911,low,0.639354689559374,3,0.16666666666666666,"[0, 1, 2, 3, 4, 5]",random_uniform_v1,1,train
case_4d1672e3,cust_12aab274,226833,upi,BANK_TIMEOUT,29,,0.7993753892986779,low,0.7044457114581683,2,0.16666666666666666,"[0, 1, 2, 3, 4, 5]",random_uniform_v1,1,train
case_9687d513,cust_ffb2901c,155210,card,BANK_DECLINE,12,,1.0,low,0.4491427561934068,0,0.16666666666666666,"[0, 1, 2, 3, 4, 5]",random_uniform_v1,1,train
case_10422b50,cust_69a8540d,476868,upi,NETWORK_ERROR,47,,0.7034709071678377,low,0.5396823818186229,3,0.16666666666666666,"[0, 1, 2, 3, 4, 5]",random_uniform_v1,1,train
case_5b8b3c42,cust_4115c2f4,36745,upi,BANK_TIMEOUT,86,,0.7832249626685016,low,0.18380948735796,4,0.16666666666666666,"[0, 1, 2, 3, 4, 5]",random_uniform_v1,1,train
case_331baee2,cust_bdc7eb3c,143081,upi,BANK_TIMEOUT,8,,0.9320651577514585,low,0.3296445929827546,5,0.16666666666666666,"[0, 1, 2, 3, 4, 5]",random_uniform_v1,1,train
case_94d0e07e,cust_5c0a737a,27440,upi,BANK_TIMEOUT,18,,0.9231732958431179,high,0.3285914833952829,4,0.16666666666666666,"[0, 1, 2, 3, 4, 5]",random_uniform_v1,1,test
case_44de0b11,cust_97d8b010,107417,card,BANK_DECLINE,69,,0.7104906143996147,high,0.7560000212523459,2,0.16666666666666666,"[0, 1, 2, 3, 4, 5]",random_uniform_v1,1,train
case_996cbc83,cust_a4f1fe11,94012,card,BANK_DECLINE,11,,0.6833676472543038,medium,0.5926788989894004,1,0.16666666666666666,"[0, 1, 2, 3, 4, 5]",random_uniform_v1,1,test
case_efaa7bdb,cust_ad2fa384,113944,upi,INSUFFICIENT_FUNDS,33,,0.8092834117463746,low,0.8103792970538054,5,0.16666666666666666,"[0, 1, 2, 3, 4, 5]",random_uniform_v1,1,train
case_25bb8b7b,cust_b2489f86,51026,card,BANK_DECLINE,1,,0.7292358321084693,medium,0.26876055479805555,4,0.16666666666666666,"[0, 1, 2, 3, 4, 5]",random_uniform_v1,1,train
case_5af2f393,cust_ea8b0357,22095,upi,INSUFFICIENT_FUNDS,5,,0.9413796371095989,low,0.28077667099202147,4,0.16666666666666666,"[0, 1, 2, 3, 4, 5]",random_uniform_v1,1,train
case_c0134179,cust_1ded1bee,50952,upi,INSUFFICIENT_FUNDS,86,,0.8459175894989974,low,0.11089691752006256,2,0.16666666666666666,"[0, 1, 2, 3, 4, 5]",random_uniform_v1,1,train
case_6f79b188,cust_1e6fa4a1,72412,upi,INSUFFICIENT_FUNDS,23,,0.35871422067590886,low,0.9093142498034803,1,0.16666666666666666,"[0, 1, 2, 3, 4, 5]",random_uniform_v1,0,train
case_aa62725d,cust_45bdaaeb,252858,upi,INSUFFICIENT_FUNDS,15,,0.6073411283928934,low,0.3756615120595945,3,0.16666666666666666,"[0, 1, 2, 3, 4, 5]",random_uniform_v1,1,train
case_a301bc29,cust_ae0a9789,402040,upi,INSUFFICIENT_FUNDS,14,,0.6066879209291824,medium,0.23341939643236753,5,0.16666666666666666,"[0, 1, 2, 3, 4, 5]",random_uniform_v1,1,train
case_e4df8df7,cust_a62c5ccf,48378,upi,INSUFFICIENT_FUNDS,1,,0.6927370108966002,low,0.3551466407598173,5,0.16666666666666666,"[0, 1, 2, 3, 4, 5]",random_uniform_v1,1,val
case_f7bc7a2e,cust_4ffc5b42,66032,upi,NETWORK_ERROR,54,,1.0,low,0.3205760816412319,2,0.16666666666666666,"[0, 1, 2, 3, 4, 5]",random_uniform_v1,1,train
case_39efb7e2,cust_97284f0b,17773,upi,BANK_TIMEOUT,16,,0.7672858864445373,low,0.1864696526676634,5,0.16666666666666666,"[0, 1, 2, 3, 4, 5]",random_uniform_v1,0,train
case_6e54ae7e,cust_122a4094,28846,card,BANK_DECLINE,9,,1.0,medium,0.5190837951748242,4,0.16666666666666666,"[0, 1, 2, 3, 4, 5]",random_uniform_v1,1,test
case_dea0633c,cust_c90b24df,205015,upi,BANK_TIMEOUT,4,,0.927590784657967,medium,0.5220249615210723,2,0.16666666666666666,"[0, 1, 2, 3, 4, 5]",random_uniform_v1,1,test
case_020f35b7,cust_cce72f2d,53959,upi,INSUFFICIENT_FUNDS,10,,0.32771140411064403,high,0.987812514085044,0,0.16666666666666666,"[0, 1, 2, 3, 4, 5]",random_uniform_v1,0,train
case_9c67a986,cust_a08724da,79279,upi,NETWORK_ERROR,76,,0.8880536958034853,high,0.15789666184187098,5,0.16666666666666666,"[0, 1, 2, 3, 4, 5]",random_uniform_v1,1,train
case_3ba573d4,cust_dd3a568d,224402,upi,BANK_TIMEOUT,11,,0.9092591831874824,medium,0.49250380685475686,0,0.16666666666666666,"[0, 1, 2, 3, 4, 5]",random_uniform_v1,0,train
case_bf0303e1,cust_8f616790,330229,netbanking,BANK_DECLINE,15,,0.5237179500010862,low,0.6429951410655367,1,0.16666666666666666,"[0, 1, 2, 3, 4, 5]",random_uniform_v1,1,train
case_494ccc3a,cust_6cbf2359,514323,upi,BANK_TIMEOUT,31,,0.6768288163592449,low,0.25548944954913544,5,0.16666666666666666,"[0, 1, 2, 3, 4, 5]",random_uniform_v1,1,train
case_7ad61ec1,cust_09be88a6,62734,upi,INSUFFICIENT_FUNDS,24,,0.828830543920172,high,0.27354488872415333,0,0.16666666666666666,"[0, 1, 2, 3, 4, 5]",random_uniform_v1,1,train
case_890a938e,cust_8383f464,789205,card,INSUFFICIENT_FUNDS,5,,0.6076247686582075,low,0.44461542537539245,0,0.16666666666666666,"[0, 1, 2, 3, 4, 5]",random_uniform_v1,1,train
case_c0720f12,cust_6603b543,18520,upi,BANK_TIMEOUT,6,,0.748398243855694,low,0.1313354241327372,2,0.16666666666666666,"[0, 1, 2, 3, 4, 5]",random_uniform_v1,1,train
case_3d6b448c,cust_aa51f2e6,51739,upi,BANK_TIMEOUT,10,,0.37901920277506845,high,0.5113302951017843,4,0.16666666666666666,"[0, 1, 2, 3, 4, 5]",random_uniform_v1,0,val
case_58dbdde5,cust_16bb3829,16742,netbanking,BANK_TIMEOUT,16,,0.8816523060043251,low,0.4129586742873798,2,0.16666666666666666,"[0, 1, 2, 3, 4, 5]",random_uniform_v1,1,test
case_33f6fe76,cust_b28a8063,95850,upi,INSUFFICIENT_FUNDS,15,,0.8944582998531339,low,0.012436441346598007,2,0.16666666666666666,"[0, 1, 2, 3, 4, 5]",random_uniform_v1,1,train
case_977cfef8,cust_c80678c4,1091561,upi,BANK_TIMEOUT,9,,0.9155429521457261,high,0.3328485766014702,3,0.16666666666666666,"[0, 1, 2, 3, 4, 5]",random_uniform_v1,1,train
case_8cec2373,cust_894ad948,84960,upi,INSUFFICIENT_FUNDS,18,,0.9303107456370934,medium,0.3435418682357055,2,0.16666666666666666,"[0, 1, 2, 3, 4, 5]",random_uniform_v1,1,train
case_e0d55f4e,cust_86587d4d,23730,upi,INSUFFICIENT_FUNDS,12,,0.6467910336626325,low,0.6985137199232755,1,0.16666666666666666,"[0, 1, 2, 3, 4, 5]",random_uniform_v1,0,train
case_b35ce243,cust_ad222766,55800,upi,NETWORK_ERROR,9,,0.6741929393232684,low,0.3824465256998571,0,0.16666666666666666,"[0, 1, 2, 3, 4, 5]",random_uniform_v1,1,train
case_1d9b93cf,cust_0e3613ca,84692,upi,BANK_TIMEOUT,2,,0.9529446607795947,low,0.4254480357351681,2,0.16666666666666666,"[0, 1, 2, 3, 4, 5]",random_uniform_v1,1,train
case_c9f07d98,cust_8470c433,93163,card,INSUFFICIENT_FUNDS,12,,1.0,low,0.32296486279360503,3,0.16666666666666666,"[0, 1, 2, 3, 4, 5]",random_uniform_v1,1,test
case_84934d3a,cust_f351845e,98164,card,NETWORK_ERROR,23,,0.7786253668902178,low,0.18548533261515446,1,0.16666666666666666,"[0, 1, 2, 3, 4, 5]",random_uniform_v1,1,train
case_4609b009,cust_e845af37,84903,card,BANK_DECLINE,183,,0.7524317555985052,low,0.47159867953866386,1,0.16666666666666666,"[0, 1, 2, 3, 4, 5]",random_uniform_v1,0,test
case_5cbe9093,cust_86c2bb63,169930,netbanking,BANK_TIMEOUT,84,,1.0,medium,0.3080886675120261,2,0.16666666666666666,"[0, 1, 2, 3, 4, 5]",random_uniform_v1,1,train
case_54f9b473,cust_117cfb64,885472,upi,INSUFFICIENT_FUNDS,13,,0.7637390004138047,low,0.33439960338376784,0,0.16666666666666666,"[0, 1, 2, 3, 4, 5]",random_uniform_v1,0,test
case_e3577516,cust_33537c2a,29368,netbanking,BANK_DECLINE,48,,0.7935574181162331,low,0.533048507451232,3,0.16666666666666666,"[0, 1, 2, 3, 4, 5]",random_uniform_v1,0,train
case_0170ff1a,cust_3733e0a5,76223,upi,NETWORK_ERROR,17,,0.5054659630031344,low,1.0,1,0.16666666666666666,"[0, 1, 2, 3, 4, 5]",random_uniform_v1,1,train
case_6125f483,cust_e2f29355,27147,upi,BANK_TIMEOUT,18,,0.7594138410153376,medium,0.32160780657699073,2,0.16666666666666666,"[0, 1, 2, 3, 4, 5]",random_uniform_v1,1,train
case_9ed22d1f,cust_ad9530e8,123621,upi,BANK_TIMEOUT,169,,0.7577662038404671,low,0.5899422191336388,2,0.16666666666666666,"[0, 1, 2, 3, 4, 5]",random_uniform_v1,1,train
case_4cd55d79,cust_8f14aa29,373751,card,BANK_DECLINE,6,,0.976384291145362,low,0.43112653147869917,0,0.16666666666666666,"[0, 1, 2, 3, 4, 5]",random_uniform_v1,0,train
case_d128f83e,cust_3ba74198,23275,card,BANK_DECLINE,167,,0.5690222127357474,low,0.0619751425595699,3,0.16666666666666666,"[0, 1, 2, 3, 4, 5]",random_uniform_v1,1,train
case_0510240b,cust_22ce9d52,103556,upi,INSUFFICIENT_FUNDS,13,,0.7694481335342325,low,0.5934724554381998,4,0.16666666666666666,"[0, 1, 2, 3, 4, 5]",random_uniform_v1,1,train
case_92f2bd9f,cust_6433b351,109674,upi,INSUFFICIENT_FUNDS,17,,0.4454544182805015,low,0.309787767179266,2,0.16666666666666666,"[0, 1, 2, 3, 4, 5]",random_uniform_v1,1,train
case_0fa12f4f,cust_a28ea37d,9347,upi,BANK_TIMEOUT,29,,0.6097267591442204,low,0.1391767162776516,3,0.16666666666666666,"[0, 1, 2, 3, 4, 5]",random_uniform_v1,0,train
case_154ee6db,cust_81312288,37501,card,INSUFFICIENT_FUNDS,9,,0.9715318921590111,low,0.43589967147339576,3,0.16666666666666666,"[0, 1, 2, 3, 4, 5]",random_uniform_v1,1,val
case_8b222cfd,cust_0e5b5ec8,75818,card,BANK_DECLINE,13,,0.5406325613816788,medium,0.11690482472937282,0,0.16666666666666666,"[0, 1, 2, 3, 4, 5]",random_uniform_v1,0,train
case_7ab30a6c,cust_86214bbd,511044,card,BANK_TIMEOUT,82,,0.8544888669865318,low,0.48941607480334337,0,0.16666666666666666,"[0, 1, 2, 3, 4, 5]",random_uniform_v1,1,train
case_4c65bb8d,cust_02c56206,290940,upi,INSUFFICIENT_FUNDS,1,,0.8598123739015703,low,0.3068104089072911,0,0.16666666666666666,"[0, 1, 2, 3, 4, 5]",random_uniform_v1,0,train
case_e0b90455,cust_7ae75789,13208,card,INSUFFICIENT_FUNDS,7,,0.8321239794766614,low,0.7016723208946898,3,0.16666666666666666,"[0, 1, 2, 3, 4, 5]",random_uniform_v1,0,train
case_379c8a08,cust_79fd2b3c,88504,netbanking,INSUFFICIENT_FUNDS,36,,0.8491365643410264,medium,0.22866449749804252,2,0.16666666666666666,"[0, 1, 2, 3, 4, 5]",random_uniform_v1,1,train
case_d5642ae4,cust_9f7e2bc7,223301,card,INSUFFICIENT_FUNDS,19,,0.6463841497903272,medium,0.6323473890088513,1,0.16666666666666666,"[0, 1, 2, 3, 4, 5]",random_uniform_v1,0,train
case_9b2ff1e2,cust_9dcb9949,41862,upi,BANK_TIMEOUT,75,,0.7402909098278491,low,0.3998227925795591,5,0.16666666666666666,"[0, 1, 2, 3, 4, 5]",random_uniform_v1,1,train
case_ed748f2c,cust_58df8746,111070,upi,INSUFFICIENT_FUNDS,13,,0.9874427208673261,low,0.4145442074719626,2,0.16666666666666666,"[0, 1, 2, 3, 4, 5]",random_uniform_v1,1,train
case_ae778d44,cust_c38e5481,51694,upi,BANK_TIMEOUT,0,,0.2042838844049442,low,0.5531463786517617,2,0.16666666666666666,"[0, 1, 2, 3, 4, 5]",random_uniform_v1,1,train
case_42cd3cfa,cust_dfce287e,905064,upi,BANK_TIMEOUT,4,,0.6809167769680713,low,0.5169794040018014,1,0.16666666666666666,"[0, 1, 2, 3, 4, 5]",random_uniform_v1,1,train
case_74021631,cust_a83b10f6,24759,upi,NETWORK_ERROR,63,,0.8533290530418769,low,0.4944720030428935,5,0.16666666666666666,"[0, 1, 2, 3, 4, 5]",random_uniform_v1,1,test
case_0cbb6d56,cust_70f4542f,105961,card,NETWORK_ERROR,34,,0.9300917013837514,low,0.8624883553392304,4,0.16666666666666666,"[0, 1, 2, 3, 4, 5]",random_uniform_v1,1,train
case_6309d4ea,cust_302f0173,565359,card,INSUFFICIENT_FUNDS,0,,0.5249430531665681,low,0.2145029425835031,4,0.16666666666666666,"[0, 1, 2, 3, 4, 5]",random_uniform_v1,0,train
case_2801db96,cust_85404f29,234736,upi,BANK_TIMEOUT,18,,0.9437193704651432,medium,0.4442355640887664,0,0.16666666666666666,"[0, 1, 2, 3, 4, 5]",random_uniform_v1,1,test
case_45e28271,cust_73018ca6,184293,netbanking,NETWORK_ERROR,59,,1.0,medium,0.0,5,0.16666666666666666,"[0, 1, 2, 3, 4, 5]",random_uniform_v1,1,train
case_6a142081,cust_2e55ec8b,25908,upi,NETWORK_ERROR,7,,0.867182496447297,low,0.696194083328844,2,0.16666666666666666,"[0, 1, 2, 3, 4, 5]",random_uniform_v1,1,test
case_af225b51,cust_4110eb6d,259070,card,NETWORK_ERROR,94,,0.6796238773270965,medium,0.2649645938534935,5,0.16666666666666666,"[0, 1, 2, 3, 4, 5]",random_uniform_v1,1,test
case_f17e58e5,cust_76d90d4f,64735,card,INSUFFICIENT_FUNDS,44,,1.0,high,0.09784423822067201,2,0.16666666666666666,"[0, 1, 2, 3, 4, 5]",random_uniform_v1,1,val
case_94e25c23,cust_63175a6b,72471,upi,BANK_TIMEOUT,74,,0.8794540785596769,low,0.3277512777599003,4,0.16666666666666666,"[0, 1, 2, 3, 4, 5]",random_uniform_v1,1,train
case_ca94aea6,cust_dd6778d0,16627,upi,NETWORK_ERROR,6,,0.7546356520459712,high,0.6538187992253541,1,0.16666666666666666,"[0, 1, 2, 3, 4, 5]",random_uniform_v1,1,train
case_0c0391f6,cust_aa255170,31915,card,INSUFFICIENT_FUNDS,26,,0.8505532864843709,low,0.637060635844256,1,0.16666666666666666,"[0, 1, 2, 3, 4, 5]",random_uniform_v1,0,test
case_3e21593c,cust_e4277210,32525,upi,INSUFFICIENT_FUNDS,33,,0.4860828828203811,medium,0.18504445818227494,4,0.16666666666666666,"[0, 1, 2, 3, 4, 5]",random_uniform_v1,1,val
case_1b6418d6,cust_8b64161b,130201,upi,BANK_TIMEOUT,12,,0.5218004540144145,low,0.43730174586052417,1,0.16666666666666666,"[0, 1, 2, 3, 4, 5]",random_uniform_v1,1,train
case_5efe51a5,cust_ec974216,247384,netbanking,INSUFFICIENT_FUNDS,18,,0.6410323839985885,medium,0.512044002665481,1,0.16666666666666666,"[0, 1, 2, 3, 4, 5]",random_uniform_v1,0,train
case_07ce5eb3,cust_edeeabed,60153,upi,INSUFFICIENT_FUNDS,195,,0.799820569133132,low,0.6314561770029106,4,0.16666666666666666,"[0, 1, 2, 3, 4, 5]",random_uniform_v1,1,test
case_a91cedda,cust_b47f0bde,22508,upi,BANK_TIMEOUT,19,,0.4918593314108438,high,0.4022002851268053,3,0.16666666666666666,"[0, 1, 2, 3, 4, 5]",random_uniform_v1,1,train
case_8ee9c9d4,cust_d4fec438,1611232,card,INSUFFICIENT_FUNDS,7,,0.9361927051789772,medium,0.3742765972934949,1,0.16666666666666666,"[0, 1, 2, 3, 4, 5]",random_uniform_v1,0,train
case_3543fbbf,cust_632fe2be,258065,upi,BANK_TIMEOUT,44,,0.7062567057622944,low,0.42370897279955233,4,0.16666666666666666,"[0, 1, 2, 3, 4, 5]",random_uniform_v1,1,train
case_a9be181a,cust_118fc62f,112177,card,INSUFFICIENT_FUNDS,54,,0.7704143256241591,high,0.655966489210738,3,0.16666666666666666,"[0, 1, 2, 3, 4, 5]",random_uniform_v1,0,train
case_38998862,cust_339ea10f,38240,upi,BANK_TIMEOUT,5,,0.6868819798154437,medium,0.9334481548290318,4,0.16666666666666666,"[0, 1, 2, 3, 4, 5]",random_uniform_v1,0,train
case_ff3e6a9c,cust_ef91807b,41497,netbanking,BANK_TIMEOUT,2,,0.8796674857836766,low,0.5989258344758441,0,0.16666666666666666,"[0, 1, 2, 3, 4, 5]",random_uniform_v1,0,test
case_3fb18172,cust_2c49e7f8,51202,upi,BANK_TIMEOUT,85,,0.4755645194725054,low,0.10056599128639038,2,0.16666666666666666,"[0, 1, 2, 3, 4, 5]",random_uniform_v1,1,train
case_f3b673e3,cust_8f0d0d09,32994,card,BANK_DECLINE,22,,0.9485638253815181,medium,0.20597990856397572,2,0.16666666666666666,"[0, 1, 2, 3, 4, 5]",random_uniform_v1,1,train
case_e7cadc99,cust_af62f28b,41040,upi,BANK_TIMEOUT,25,,0.49737910458866896,high,0.37653613124855584,0,0.16666666666666666,"[0, 1, 2, 3, 4, 5]",random_uniform_v1,1,val
case_decf2a3b,cust_b61b776b,16101,netbanking,NETWORK_ERROR,18,,0.5509241093226138,low,0.7168324098587311,4,0.16666666666666666,"[0, 1, 2, 3, 4, 5]",random_uniform_v1,1,train
case_174fcc07,cust_fa592066,140248,card,BANK_DECLINE,62,,0.890028098815442,low,0.0,5,0.16666666666666666,"[0, 1, 2, 3, 4, 5]",random_uniform_v1,0,train
case_edb3fff5,cust_c3e08611,57820,card,INSUFFICIENT_FUNDS,37,,0.645755646132488,low,0.7369324334130108,4,0.16666666666666666,"[0, 1, 2, 3, 4, 5]",random_uniform_v1,0,train
case_fb030e3c,cust_340e4c4c,149264,upi,BANK_TIMEOUT,7,,0.8333613824240397,medium,0.04467251491419702,1,0.16666666666666666,"[0, 1, 2, 3, 4, 5]",random_uniform_v1,1,val
case_883d519d,cust_c669a677,147088,upi,INSUFFICIENT_FUNDS,37,,1.0,medium,0.7003317827381377,2,0.16666666666666666,"[0, 1, 2, 3, 4, 5]",random_uniform_v1,1,train
case_696a0f00,cust_673a5d22,876698,card,INSUFFICIENT_FUNDS,21,,0.6744950468473785,low,0.33554316107838894,0,0.16666666666666666,"[0, 1, 2, 3, 4, 5]",random_uniform_v1,1,test
case_6787ea27,cust_c4f56efb,8786,netbanking,NETWORK_ERROR,14,,0.5125996795215386,high,0.35930576342016085,4,0.16666666666666666,"[0, 1, 2, 3, 4, 5]",random_uniform_v1,1,train
case_29398284,cust_fc1a7ec5,85450,card,INSUFFICIENT_FUNDS,0,,0.621257946111863,medium,0.0743621145338452,5,0.16666666666666666,"[0, 1, 2, 3, 4, 5]",random_uniform_v1,1,val
case_1846f761,cust_6e4e42b0,288260,upi,BANK_TIMEOUT,10,,0.7396184893714658,low,0.026747003694096633,3,0.16666666666666666,"[0, 1, 2, 3, 4, 5]",random_uniform_v1,1,test
case_a244e019,cust_ecb67859,456482,netbanking,BANK_DECLINE,4,,0.5512477751579735,medium,0.21783567277782806,5,0.16666666666666666,"[0, 1, 2, 3, 4, 5]",random_uniform_v1,0,train
case_aa044329,cust_7dc2381e,167240,upi,NETWORK_ERROR,11,,0.5531168768984777,low,0.4741967990996246,2,0.16666666666666666,"[0, 1, 2, 3, 4, 5]",random_uniform_v1,1,test
case_7915a78c,cust_528515db,290162,card,BANK_DECLINE,56,,0.8752837801340042,low,0.4855306405168808,2,0.16666666666666666,"[0, 1, 2, 3, 4, 5]",random_uniform_v1,1,test
case_16803ecc,cust_c33df3ad,112571,upi,INSUFFICIENT_FUNDS,82,,1.0,low,0.5061976609525888,0,0.16666666666666666,"[0, 1, 2, 3, 4, 5]",random_uniform_v1,1,train
case_2603ab49,cust_d8230e67,214718,upi,BANK_TIMEOUT,2,,0.8512267205665202,low,0.2593320274477828,5,0.16666666666666666,"[0, 1, 2, 3, 4, 5]",random_uniform_v1,1,val
case_8ae8a095,cust_c889ddc0,62230,card,BANK_DECLINE,2,,0.7779138323096807,low,0.3576190054842424,0,0.16666666666666666,"[0, 1, 2, 3, 4, 5]",random_uniform_v1,0,train
case_80b76786,cust_4e8ed352,12528,upi,BANK_TIMEOUT,15,,0.6223528977826002,high,0.13790088369067605,3,0.16666666666666666,"[0, 1, 2, 3, 4, 5]",random_uniform_v1,1,train
case_84ca0c3b,cust_c8e263e5,181701,upi,INSUFFICIENT_FUNDS,9,,1.0,low,0.2257882914230115,0,0.16666666666666666,"[0, 1, 2, 3, 4, 5]",random_uniform_v1,1,train
case_23a8ce89,cust_b532daf6,25050,upi,NETWORK_ERROR,55,,0.8721959694003313,low,0.7232037006706714,4,0.16666666666666666,"[0, 1, 2, 3, 4, 5]",random_uniform_v1,1,train
case_df2daeef,cust_c88b9c51,107666,upi,BANK_TIMEOUT,101,,0.6525935324702907,low,0.7942655730246672,4,0.16666666666666666,"[0, 1, 2, 3, 4, 5]",random_uniform_v1,1,test
case_25e8807f,cust_2d281246,51169,upi,BANK_TIMEOUT,0,,0.6122077861142672,low,1.0,0,0.16666666666666666,"[0, 1, 2, 3, 4, 5]",random_uniform_v1,1,train
case_8d50cfe2,cust_22cea236,63056,upi,INSUFFICIENT_FUNDS,6,,0.6063489134108981,medium,0.8610082713808855,0,0.16666666666666666,"[0, 1, 2, 3, 4, 5]",random_uniform_v1,1,train
case_eeb0a91f,cust_3486065f,69827,upi,BANK_TIMEOUT,25,,0.5308739952066768,high,0.1418595029482563,5,0.16666666666666666,"[0, 1, 2, 3, 4, 5]",random_uniform_v1,1,val
case_4ec3691f,cust_84ba7faa,199959,card,BANK_DECLINE,2,,0.739659604966194,low,0.24739551380647629,2,0.16666666666666666,"[0, 1, 2, 3, 4, 5]",random_uniform_v1,1,val
case_f558523e,cust_56570819,82700,upi,BANK_TIMEOUT,68,,0.7263786063736917,low,0.2926549566049605,3,0.16666666666666666,"[0, 1, 2, 3, 4, 5]",random_uniform_v1,0,val
case_01a7d227,cust_85748455,13841,upi,INSUFFICIENT_FUNDS,28,,0.7089767847170779,low,0.09775320344917995,0,0.16666666666666666,"[0, 1, 2, 3, 4, 5]",random_uniform_v1,1,val
case_c8036b45,cust_3602da72,43242,upi,INSUFFICIENT_FUNDS,19,,0.7783682575156513,low,0.19546207190279102,5,0.16666666666666666,"[0, 1, 2, 3, 4, 5]",random_uniform_v1,0,test
case_3a4df642,cust_402b966e,51034,netbanking,BANK_DECLINE,43,,0.5171849991557051,low,0.21826186263583008,4,0.16666666666666666,"[0, 1, 2, 3, 4, 5]",random_uniform_v1,0,train
case_3cbd8099,cust_96d94517,387269,upi,NETWORK_ERROR,23,,0.5407459142039405,medium,0.8170980709432424,5,0.16666666666666666,"[0, 1, 2, 3, 4, 5]",random_uniform_v1,1,test
case_e163b299,cust_1f55e7d0,119958,card,BANK_DECLINE,37,,0.38334677365953795,low,0.28419728281890244,0,0.16666666666666666,"[0, 1, 2, 3, 4, 5]",random_uniform_v1,0,test
case_f37411f4,cust_5fd3c020,290222,upi,BANK_TIMEOUT,11,,0.48343267243644517,low,0.0,5,0.16666666666666666,"[0, 1, 2, 3, 4, 5]",random_uniform_v1,1,train
case_c7363f40,cust_7e6c25a0,163666,upi,BANK_TIMEOUT,27,,0.9660810843517893,low,0.6456962509242948,3,0.16666666666666666,"[0, 1, 2, 3, 4, 5]",random_uniform_v1,1,val
case_d91f1610,cust_aea420f0,821041,upi,BANK_TIMEOUT,8,,0.893079697580539,low,0.6821729874712638,2,0.16666666666666666,"[0, 1, 2, 3, 4, 5]",random_uniform_v1,1,train
case_296e7f11,cust_7d8fd52b,76542,upi,BANK_TIMEOUT,26,,0.5080665782675462,low,0.21941056198266795,4,0.16666666666666666,"[0, 1, 2, 3, 4, 5]",random_uniform_v1,1,train
case_634e1688,cust_b7a6c13b,118067,upi,NETWORK_ERROR,9,,1.0,low,0.674088901027224,4,0.16666666666666666,"[0, 1, 2, 3, 4, 5]",random_uniform_v1,1,train
case_908d8c46,cust_1f44181a,131417,card,BANK_TIMEOUT,101,,0.7697025829755413,medium,0.3280103888016103,1,0.16666666666666666,"[0, 1, 2, 3, 4, 5]",random_uniform_v1,1,train
case_5459a219,cust_28c0be4e,29509,upi,INSUFFICIENT_FUNDS,11,,0.38730839496629693,low,0.35110971995978796,4,0.16666666666666666,"[0, 1, 2, 3, 4, 5]",random_uniform_v1,1,test
case_c53fa3a4,cust_9c1c1eef,11779,upi,BANK_TIMEOUT,85,,0.7971118848334209,medium,0.33612351109759525,1,0.16666666666666666,"[0, 1, 2, 3, 4, 5]",random_uniform_v1,1,train
case_e0279236,cust_249ac2f5,60301,netbanking,INSUFFICIENT_FUNDS,31,,0.8314155126181901,medium,0.6032832042211795,3,0.16666666666666666,"[0, 1, 2, 3, 4, 5]",random_uniform_v1,1,val
case_d78432d3,cust_0796d57d,100290,card,INSUFFICIENT_FUNDS,22,,0.8170919197730226,low,0.32005297236664976,5,0.16666666666666666,"[0, 1, 2, 3, 4, 5]",random_uniform_v1,1,train
case_ea1aa9ac,cust_ef3856da,402798,upi,INSUFFICIENT_FUNDS,51,,0.9207670706172206,low,0.4128662566219438,1,0.16666666666666666,"[0, 1, 2, 3, 4, 5]",random_uniform_v1,1,train
case_654b990a,cust_91a85628,67947,card,NETWORK_ERROR,3,,0.8833609904275771,low,0.3947276309322974,0,0.16666666666666666,"[0, 1, 2, 3, 4, 5]",random_uniform_v1,0,test
case_f15597d7,cust_c1fd1f6b,42634,upi,INSUFFICIENT_FUNDS,13,,0.8444130914746472,low,0.3772513760156244,3,0.16666666666666666,"[0, 1, 2, 3, 4, 5]",random_uniform_v1,1,train
case_83b403ae,cust_4b4725c2,104838,upi,BANK_TIMEOUT,28,,0.8535784090507195,low,0.4461891713597131,4,0.16666666666666666,"[0, 1, 2, 3, 4, 5]",random_uniform_v1,1,train
case_06da9e10,cust_beb0d680,174005,upi,NETWORK_ERROR,16,,0.7158374068325555,medium,0.538889722552797,1,0.16666666666666666,"[0, 1, 2, 3, 4, 5]",random_uniform_v1,1,train
case_d62c69f7,cust_8d7a0a0b,72235,upi,BANK_TIMEOUT,2,,1.0,low,0.1953690948311859,4,0.16666666666666666,"[0, 1, 2, 3, 4, 5]",random_uniform_v1,1,train
case_0c1f8fd4,cust_57a755d0,193318,upi,NETWORK_ERROR,8,,0.8908257654350242,low,0.5398779524130191,2,0.16666666666666666,"[0, 1, 2, 3, 4, 5]",random_uniform_v1,1,val
case_ab939f7c,cust_928f4e06,51938,upi,INSUFFICIENT_FUNDS,43,,1.0,low,0.24091296569509554,1,0.16666666666666666,"[0, 1, 2, 3, 4, 5]",random_uniform_v1,1,test
case_bc0a9a02,cust_da582bbe,66645,card,INSUFFICIENT_FUNDS,0,,0.92209311184506,low,0.24265162020647243,2,0.16666666666666666,"[0, 1, 2, 3, 4, 5]",random_uniform_v1,0,train
case_bbfc176d,cust_c7c9dc48,27051,card,INSUFFICIENT_FUNDS,20,,0.8771855545712874,low,0.40315407817350823,5,0.16666666666666666,"[0, 1, 2, 3, 4, 5]",random_uniform_v1,1,train
case_909f3a28,cust_64d6831a,142137,upi,NETWORK_ERROR,20,,0.7561958300606012,low,0.48717461071737816,5,0.16666666666666666,"[0, 1, 2, 3, 4, 5]",random_uniform_v1,1,train
case_3e091f91,cust_9dd3cacf,47326,upi,NETWORK_ERROR,13,,0.73900084982568,low,0.17291292774493866,0,0.16666666666666666,"[0, 1, 2, 3, 4, 5]",random_uniform_v1,1,train
case_ed7954ca,cust_2205da03,86021,upi,NETWORK_ERROR,108,,0.6355522473896958,medium,0.5933226916423026,5,0.16666666666666666,"[0, 1, 2, 3, 4, 5]",random_uniform_v1,1,test
case_c86cfe8b,cust_4c6e917c,59524,upi,INSUFFICIENT_FUNDS,13,,0.7453750114736462,high,0.5080905121629817,3,0.16666666666666666,"[0, 1, 2, 3, 4, 5]",random_uniform_v1,1,test
case_0f6a8a25,cust_29a87891,104711,netbanking,BANK_DECLINE,18,,0.550730530439028,low,0.0,2,0.16666666666666666,"[0, 1, 2, 3, 4, 5]",random_uniform_v1,0,train
case_ee9220d6,cust_8413f596,52013,upi,BANK_TIMEOUT,2,,0.8862840908459524,low,0.4268830987971521,0,0.16666666666666666,"[0, 1, 2, 3, 4, 5]",random_uniform_v1,1,train
case_56269472,cust_80b2f19c,17351,upi,BANK_TIMEOUT,83,,0.8054644391132748,low,0.7242685738292509,4,0.16666666666666666,"[0, 1, 2, 3, 4, 5]",random_uniform_v1,1,train
case_6c23d127,cust_65c1db32,60807,upi,INSUFFICIENT_FUNDS,17,,0.741352286229337,low,0.3385480074071993,3,0.16666666666666666,"[0, 1, 2, 3, 4, 5]",random_uniform_v1,1,val
case_25cd0ab9,cust_ed008e38,150709,upi,INSUFFICIENT_FUNDS,67,,0.4756974208337141,low,0.3105558082970328,5,0.16666666666666666,"[0, 1, 2, 3, 4, 5]",random_uniform_v1,0,test
case_9c659b75,cust_ba017fd3,56472,card,BANK_DECLINE,77,,0.634869064841967,medium,0.33144004867073096,3,0.16666666666666666,"[0, 1, 2, 3, 4, 5]",random_uniform_v1,0,test
case_2329a8b0,cust_a1070c92,67224,card,INSUFFICIENT_FUNDS,25,,0.7439490748159279,low,0.21237470423101948,2,0.16666666666666666,"[0, 1, 2, 3, 4, 5]",random_uniform_v1,1,val
case_f4b063a0,cust_20b5b119,219355,upi,BANK_TIMEOUT,37,,0.9373981809242294,low,0.647256778602314,0,0.16666666666666666,"[0, 1, 2, 3, 4, 5]",random_uniform_v1,1,train
case_1f05b44d,cust_27f513cc,22936,card,INSUFFICIENT_FUNDS,21,,1.0,medium,0.2493701773590966,1,0.16666666666666666,"[0, 1, 2, 3, 4, 5]",random_uniform_v1,0,val
case_9cc76f63,cust_b88bed4c,102307,upi,NETWORK_ERROR,104,,0.6054406109418303,low,0.5387397934768673,4,0.16666666666666666,"[0, 1, 2, 3, 4, 5]",random_uniform_v1,1,train
case_442f114d,cust_17fecceb,122720,upi,BANK_TIMEOUT,0,,0.9998778510542584,low,0.42761272310656767,0,0.16666666666666666,"[0, 1, 2, 3, 4, 5]",random_uniform_v1,1,train
case_2d2920af,cust_d0c8b882,21580,netbanking,BANK_DECLINE,7,,0.9054754193040456,medium,0.14682512648815865,1,0.16666666666666666,"[0, 1, 2, 3, 4, 5]",random_uniform_v1,0,train
case_7b089789,cust_2c095971,12231,upi,INSUFFICIENT_FUNDS,35,,0.6549439941014513,low,0.13278368606383284,4,0.16666666666666666,"[0, 1, 2, 3, 4, 5]",random_uniform_v1,0,train
case_b9a4fbb5,cust_07c87cab,14930,upi,BANK_TIMEOUT,70,,1.0,medium,0.3755753022094754,0,0.16666666666666666,"[0, 1, 2, 3, 4, 5]",random_uniform_v1,1,train
case_75d1cec2,cust_3b429e94,143513,upi,NETWORK_ERROR,81,,0.8423761761729719,low,0.5860178141787091,4,0.16666666666666666,"[0, 1, 2, 3, 4, 5]",random_uniform_v1,1,val
case_0271b2b2,cust_e777f549,481453,upi,INSUFFICIENT_FUNDS,33,,0.9036336153124565,medium,0.1887311140810715,4,0.16666666666666666,"[0, 1, 2, 3, 4, 5]",random_uniform_v1,1,test
case_f8ab104f,cust_3497bdf2,136637,upi,INSUFFICIENT_FUNDS,31,,0.8074431454454787,low,0.8788883286140979,5,0.16666666666666666,"[0, 1, 2, 3, 4, 5]",random_uniform_v1,1,test
case_fd25260a,cust_1eab3df7,75081,upi,NETWORK_ERROR,88,,0.5042240621011971,low,0.5508191618296223,0,0.16666666666666666,"[0, 1, 2, 3, 4, 5]",random_uniform_v1,1,train
case_d85378e8,cust_6d5fe209,781510,upi,BANK_TIMEOUT,28,,0.7461113621910106,medium,0.0,0,0.16666666666666666,"[0, 1, 2, 3, 4, 5]",random_uniform_v1,0,train
case_f174b133,cust_c0a0402b,327812,upi,BANK_TIMEOUT,24,,0.6563421539295764,low,0.287699225646194,5,0.16666666666666666,"[0, 1, 2, 3, 4, 5]",random_uniform_v1,1,train
case_5d63dcfd,cust_0de96e96,359893,card,BANK_DECLINE,8,,0.5675416152397246,low,0.161023251019609,1,0.16666666666666666,"[0, 1, 2, 3, 4, 5]",random_uniform_v1,1,train
case_b93ac999,cust_7a15cc89,23858,netbanking,INSUFFICIENT_FUNDS,43,,0.8818972432763152,medium,0.4898709248826083,5,0.16666666666666666,"[0, 1, 2, 3, 4, 5]",random_uniform_v1,1,train
case_09461ab0,cust_6b53960e,23324,upi,BANK_TIMEOUT,8,,0.4692723572136087,high,0.5704302360279592,0,0.16666666666666666,"[0, 1, 2, 3, 4, 5]",random_uniform_v1,1,train
case_757c1b3f,cust_58111097,682519,card,NETWORK_ERROR,106,,0.67603102088415,low,0.5233103245289521,0,0.16666666666666666,"[0, 1, 2, 3, 4, 5]",random_uniform_v1,1,train
case_1d4581c3,cust_8461f682,223706,upi,BANK_TIMEOUT,88,,0.7289504771059523,medium,0.29264400342448244,3,0.16666666666666666,"[0, 1, 2, 3, 4, 5]",random_uniform_v1,1,train
case_34bcbd58,cust_e5563ac5,94397,upi,BANK_TIMEOUT,14,,1.0,medium,0.30755795350734144,3,0.16666666666666666,"[0, 1, 2, 3, 4, 5]",random_uniform_v1,1,test
case_3a06bbc1,cust_beadb7f9,11352,upi,BANK_TIMEOUT,7,,0.7640080001741337,low,0.40910610706753286,3,0.16666666666666666,"[0, 1, 2, 3, 4, 5]",random_uniform_v1,1,train
case_3cf3216c,cust_d89e778f,59337,upi,INSUFFICIENT_FUNDS,6,,0.9502712780622613,low,0.534159866851448,3,0.16666666666666666,"[0, 1, 2, 3, 4, 5]",random_uniform_v1,1,train
case_00086bd6,cust_1a3641c1,32007,upi,INSUFFICIENT_FUNDS,6,,0.7320114261146825,medium,0.5522861459329411,0,0.16666666666666666,"[0, 1, 2, 3, 4, 5]",random_uniform_v1,1,train
case_974aa6c8,cust_f6f72a3a,19820,upi,INSUFFICIENT_FUNDS,40,,0.5217138145382613,low,0.42049404071532387,0,0.16666666666666666,"[0, 1, 2, 3, 4, 5]",random_uniform_v1,0,train
case_a1dd11c7,cust_1c89f5bd,104998,upi,INSUFFICIENT_FUNDS,7,,0.8095683811700765,low,0.29530567048773926,3,0.16666666666666666,"[0, 1, 2, 3, 4, 5]",random_uniform_v1,1,val
case_0005cd57,cust_fbd5874d,20027,netbanking,INSUFFICIENT_FUNDS,47,,0.9006330840853771,low,0.3263307865047528,5,0.16666666666666666,"[0, 1, 2, 3, 4, 5]",random_uniform_v1,1,train
case_b0408590,cust_36026e18,592693,upi,INSUFFICIENT_FUNDS,17,,0.369346025246831,low,0.46025846898344425,5,0.16666666666666666,"[0, 1, 2, 3, 4, 5]",random_uniform_v1,0,train
case_4fbf308f,cust_39af15b9,100207,upi,INSUFFICIENT_FUNDS,14,,0.8985141435125573,medium,0.4023186053436792,1,0.16666666666666666,"[0, 1, 2, 3, 4, 5]",random_uniform_v1,0,val
case_2f871cd7,cust_c2a7b6ff,440541,card,NETWORK_ERROR,29,,0.6208348394177547,medium,0.08512471563905463,1,0.16666666666666666,"[0, 1, 2, 3, 4, 5]",random_uniform_v1,1,train
case_2d84116a,cust_2c6c1613,161348,upi,BANK_TIMEOUT,15,,0.8558877067998298,low,0.26942956142576585,0,0.16666666666666666,"[0, 1, 2, 3, 4, 5]",random_uniform_v1,1,val
case_42afb427,cust_df76cf1a,45547,upi,BANK_TIMEOUT,3,,0.5060036263264447,low,0.4622099090652731,4,0.16666666666666666,"[0, 1, 2, 3, 4, 5]",random_uniform_v1,1,train
case_cd0e021c,cust_464fe6a0,186020,upi,INSUFFICIENT_FUNDS,7,,0.9428130689732193,medium,0.6140378149841403,5,0.16666666666666666,"[0, 1, 2, 3, 4, 5]",random_uniform_v1,1,train
case_541bc114,cust_7ecc5f63,102712,netbanking,BANK_TIMEOUT,34,,0.9332903035620171,medium,0.4830886555013956,1,0.16666666666666666,"[0, 1, 2, 3, 4, 5]",random_uniform_v1,1,train
case_438cd2ec,cust_a85e1d56,152903,card,BANK_DECLINE,41,,0.806081519919336,low,0.45839916885526744,1,0.16666666666666666,"[0, 1, 2, 3, 4, 5]",random_uniform_v1,0,train
case_d1c3a59c,cust_2455e387,98143,netbanking,BANK_DECLINE,14,,0.4738011279942659,low,0.4858427576138388,0,0.16666666666666666,"[0, 1, 2, 3, 4, 5]",random_uniform_v1,0,val
case_932e6e7c,cust_5dce2f83,78462,card,BANK_DECLINE,26,,0.8762279755171579,low,0.5754582748628063,2,0.16666666666666666,"[0, 1, 2, 3, 4, 5]",random_uniform_v1,1,train
case_323daecc,cust_824a8cf9,138285,card,BANK_DECLINE,15,,0.7329776600381673,medium,0.059077783915440704,4,0.16666666666666666,"[0, 1, 2, 3, 4, 5]",random_uniform_v1,0,test
case_a483cfa0,cust_5c05f364,215150,upi,INSUFFICIENT_FUNDS,10,,0.9105510466943009,high,0.18667843817454444,3,0.16666666666666666,"[0, 1, 2, 3, 4, 5]",random_uniform_v1,0,val
case_6d786d70,cust_06f3fdb8,105502,upi,INSUFFICIENT_FUNDS,43,,0.5957942118292758,low,0.424651581445179,4,0.16666666666666666,"[0, 1, 2, 3, 4, 5]",random_uniform_v1,1,train
case_b500f733,cust_999ebd28,71857,card,NETWORK_ERROR,4,,0.787901592150539,medium,0.7198987653436407,1,0.16666666666666666,"[0, 1, 2, 3, 4, 5]",random_uniform_v1,1,train
case_3f17a87b,cust_3e1b6f18,20364,card,INSUFFICIENT_FUNDS,17,,0.8376070381715706,low,0.4363649643857369,4,0.16666666666666666,"[0, 1, 2, 3, 4, 5]",random_uniform_v1,1,train
case_adb4fe8f,cust_90cc14b8,20378,upi,INSUFFICIENT_FUNDS,22,,0.6566330703678606,medium,0.25316611504588543,5,0.16666666666666666,"[0, 1, 2, 3, 4, 5]",random_uniform_v1,0,test
case_f8493ae5,cust_a5900d44,49208,card,BANK_DECLINE,15,,0.6849535308069551,medium,0.3260402716618598,0,0.16666666666666666,"[0, 1, 2, 3, 4, 5]",random_uniform_v1,0,train
case_e079700a,cust_9e9b5505,1674750,upi,NETWORK_ERROR,10,,0.833332636903613,low,0.9588159417503421,3,0.16666666666666666,"[0, 1, 2, 3, 4, 5]",random_uniform_v1,1,train
case_45efffd7,cust_4912fb7d,17119,upi,BANK_TIMEOUT,48,,0.8260940134553031,low,0.9339934022498412,4,0.16666666666666666,"[0, 1, 2, 3, 4, 5]",random_uniform_v1,1,val
case_0358e0b5,cust_10417ae3,252609,card,NETWORK_ERROR,24,,1.0,medium,0.57159158419019,3,0.16666666666666666,"[0, 1, 2, 3, 4, 5]",random_uniform_v1,1,test
case_0a5a5f28,cust_d2f6b05a,44380,netbanking,INSUFFICIENT_FUNDS,112,,0.8673978991837448,low,0.13885743216120108,2,0.16666666666666666,"[0, 1, 2, 3, 4, 5]",random_uniform_v1,1,train
case_48ce6f20,cust_76b80ca5,175288,netbanking,BANK_DECLINE,14,,0.45808939607997223,medium,0.11065834243962931,4,0.16666666666666666,"[0, 1, 2, 3, 4, 5]",random_uniform_v1,0,train
case_c4e20192,cust_ef2f916f,845660,upi,BANK_TIMEOUT,41,,1.0,low,0.4980711314078171,4,0.16666666666666666,"[0, 1, 2, 3, 4, 5]",random_uniform_v1,1,train
case_c3971356,cust_739c0b9c,82995,netbanking,BANK_DECLINE,21,,0.7707479452895449,medium,0.2233400152367953,5,0.16666666666666666,"[0, 1, 2, 3, 4, 5]",random_uniform_v1,0,test
case_c96c8522,cust_fc622b2f,19872,card,BANK_DECLINE,1,,0.8203641115503207,low,0.5012779507697251,5,0.16666666666666666,"[0, 1, 2, 3, 4, 5]",random_uniform_v1,1,val
case_f0a98930,cust_27036322,63970,upi,BANK_TIMEOUT,88,,0.9236262897639922,low,0.9123200864197929,4,0.16666666666666666,"[0, 1, 2, 3, 4, 5]",random_uniform_v1,1,val
case_ade79794,cust_e7215167,1198982,netbanking,BANK_DECLINE,38,,0.8907005447772124,medium,0.4782695106490837,1,0.16666666666666666,"[0, 1, 2, 3, 4, 5]",random_uniform_v1,1,val
case_7f0d2f5f,cust_f34f772d,58523,upi,BANK_TIMEOUT,0,,1.0,medium,0.0,1,0.16666666666666666,"[0, 1, 2, 3, 4, 5]",random_uniform_v1,1,test
case_e3bc3412,cust_90723d14,334054,card,BANK_DECLINE,25,,0.6673363055195765,low,0.37732301288823966,0,0.16666666666666666,"[0, 1, 2, 3, 4, 5]",random_uniform_v1,0,train
case_02c4c9ae,cust_23462ee0,86691,upi,NETWORK_ERROR,86,,0.9074605248979208,low,0.7323717404172376,4,0.16666666666666666,"[0, 1, 2, 3, 4, 5]",random_uniform_v1,1,test
case_5a3f9e85,cust_3b9b4599,283430,upi,BANK_TIMEOUT,75,,0.5817050971673761,low,0.13335516566653516,2,0.16666666666666666,"[0, 1, 2, 3, 4, 5]",random_uniform_v1,0,train
case_f4b46e5a,cust_f1d30c7d,444062,upi,BANK_TIMEOUT,28,,0.6398519376131581,low,0.08896192835258945,3,0.16666666666666666,"[0, 1, 2, 3, 4, 5]",random_uniform_v1,0,train
case_473ce64c,cust_52931b47,31998,card,NETWORK_ERROR,34,,0.6196196225622056,low,0.08773217623761471,1,0.16666666666666666,"[0, 1, 2, 3, 4, 5]",random_uniform_v1,1,train
case_d7c672a5,cust_162d7ada,286447,upi,BANK_TIMEOUT,93,,0.823736851530431,low,0.35879873426501185,5,0.16666666666666666,"[0, 1, 2, 3, 4, 5]",random_uniform_v1,1,train
case_f813d790,cust_95fd18a5,303935,card,BANK_DECLINE,70,,0.7419139284729322,low,0.5088209392225146,4,0.16666666666666666,"[0, 1, 2, 3, 4, 5]",random_uniform_v1,1,train
case_0f7285c8,cust_97973a01,219618,upi,BANK_TIMEOUT,20,,0.6932299653132149,low,0.5427397705753312,5,0.16666666666666666,"[0, 1, 2, 3, 4, 5]",random_uniform_v1,1,train
case_71c59d72,cust_64798f6c,115599,upi,BANK_TIMEOUT,27,,0.4589510072263414,low,0.4883440967778775,3,0.16666666666666666,"[0, 1, 2, 3, 4, 5]",random_uniform_v1,1,train
case_9914b528,cust_86c2f71c,226894,upi,NETWORK_ERROR,20,,0.9350044329147559,low,0.23171971557980342,5,0.16666666666666666,"[0, 1, 2, 3, 4, 5]",random_uniform_v1,1,train
case_3165ec6b,cust_fc9ef946,88245,card,INSUFFICIENT_FUNDS,0,,1.0,low,0.5925858713715858,2,0.16666666666666666,"[0, 1, 2, 3, 4, 5]",random_uniform_v1,1,val
case_e03755e3,cust_345437f2,68238,netbanking,BANK_DECLINE,17,,0.8126447842977343,medium,0.4340290565480396,3,0.16666666666666666,"[0, 1, 2, 3, 4, 5]",random_uniform_v1,1,val
case_f60a4508,cust_eefff359,57797,upi,INSUFFICIENT_FUNDS,42,,0.948842269483127,low,0.22786164688419008,4,0.16666666666666666,"[0, 1, 2, 3, 4, 5]",random_uniform_v1,1,train
case_a66ade03,cust_c0ed6948,35869,card,BANK_DECLINE,1,,1.0,medium,0.44941429953449497,4,0.16666666666666666,"[0, 1, 2, 3, 4, 5]",random_uniform_v1,1,val
case_3db136a5,cust_bd99c249,49311,upi,BANK_TIMEOUT,6,,0.794831802067994,low,0.6345957374368835,4,0.16666666666666666,"[0, 1, 2, 3, 4, 5]",random_uniform_v1,1,val
case_13a856d6,cust_655c7fdf,133105,upi,INSUFFICIENT_FUNDS,43,,0.7058126699261025,medium,0.20355717227637377,2,0.16666666666666666,"[0, 1, 2, 3, 4, 5]",random_uniform_v1,1,train
case_31937c71,cust_7faecbd6,279856,upi,INSUFFICIENT_FUNDS,43,,0.7727309708635208,medium,0.05887996905723769,4,0.16666666666666666,"[0, 1, 2, 3, 4, 5]",random_uniform_v1,1,val
case_3f9ffe73,cust_4cf3fd0a,143406,card,INSUFFICIENT_FUNDS,40,,0.5809022630971311,low,0.18766469045074605,4,0.16666666666666666,"[0, 1, 2, 3, 4, 5]",random_uniform_v1,1,train
case_a8ab6d40,cust_a15f1ddd,30692,card,BANK_DECLINE,8,,0.7585492189386757,low,0.4978315252187975,1,0.16666666666666666,"[0, 1, 2, 3, 4, 5]",random_uniform_v1,1,val
case_9bc4fcbc,cust_6344b23d,67709,upi,NETWORK_ERROR,3,,1.0,medium,0.30266592579967977,0,0.16666666666666666,"[0, 1, 2, 3, 4, 5]",random_uniform_v1,1,train
case_480645d6,cust_4c844d8e,22698,upi,INSUFFICIENT_FUNDS,12,,0.4432269798582703,low,0.5715275360394223,5,0.16666666666666666,"[0, 1, 2, 3, 4, 5]",random_uniform_v1,0,val
case_21b57496,cust_2a75dba7,68342,upi,INSUFFICIENT_FUNDS,8,,0.8008608970211525,low,0.652826317070519,2,0.16666666666666666,"[0, 1, 2, 3, 4, 5]",random_uniform_v1,1,train
case_bb1eff25,cust_63ca4422,154870,upi,BANK_TIMEOUT,45,,0.9365720473329386,low,0.8836828216748129,0,0.16666666666666666,"[0, 1, 2, 3, 4, 5]",random_uniform_v1,1,val
case_2e957df5,cust_3dc713ce,148614,card,BANK_DECLINE,8,,0.888700943830937,low,0.24872438882780437,5,0.16666666666666666,"[0, 1, 2, 3, 4, 5]",random_uniform_v1,1,test
case_89bac4cd,cust_cfd19e31,9104,upi,BANK_TIMEOUT,7,,0.8125424911712944,high,0.3384043916632357,0,0.16666666666666666,"[0, 1, 2, 3, 4, 5]",random_uniform_v1,1,train
case_be3d45ad,cust_0ee9e18d,8321,upi,INSUFFICIENT_FUNDS,13,,0.32128859086664174,low,0.3170661567929173,5,0.16666666666666666,"[0, 1, 2, 3, 4, 5]",random_uniform_v1,0,train
case_44241d43,cust_bd75dd4e,49582,upi,BANK_TIMEOUT,84,,0.2000793614821813,low,0.6513798108284751,3,0.16666666666666666,"[0, 1, 2, 3, 4, 5]",random_uniform_v1,0,val
case_0aae8d37,cust_6151a06c,35402,netbanking,INSUFFICIENT_FUNDS,4,,1.0,low,0.4215743275504493,5,0.16666666666666666,"[0, 1, 2, 3, 4, 5]",random_uniform_v1,1,train
case_32f917af,cust_78531ffa,26616,upi,NETWORK_ERROR,11,,0.7461277115628032,low,0.5731844859445723,1,0.16666666666666666,"[0, 1, 2, 3, 4, 5]",random_uniform_v1,1,train
case_20244541,cust_1343fa22,28232,card,NETWORK_ERROR,12,,0.6026185683775747,low,0.20727740993252786,0,0.16666666666666666,"[0, 1, 2, 3, 4, 5]",random_uniform_v1,0,train
case_989688b9,cust_ee8b55f9,573363,netbanking,BANK_DECLINE,26,,0.7630785811395263,low,0.5786449409728753,1,0.16666666666666666,"[0, 1, 2, 3, 4, 5]",random_uniform_v1,1,train
case_fc37484c,cust_5669062f,260628,netbanking,INSUFFICIENT_FUNDS,14,,0.6691462001357255,low,0.3132973697168686,4,0.16666666666666666,"[0, 1, 2, 3, 4, 5]",random_uniform_v1,0,train
case_0dbe4d73,cust_51021f38,427403,upi,INSUFFICIENT_FUNDS,6,,0.603675530446268,medium,0.7454513596533098,3,0.16666666666666666,"[0, 1, 2, 3, 4, 5]",random_uniform_v1,1,train
case_865ef8a3,cust_3bdd883b,260834,netbanking,INSUFFICIENT_FUNDS,0,,0.9120949053451448,low,0.42469329933505007,3,0.16666666666666666,"[0, 1, 2, 3, 4, 5]",random_uniform_v1,1,train
case_f2e735a1,cust_2c6d8866,120291,upi,NETWORK_ERROR,16,,0.8286437123991585,low,0.0,3,0.16666666666666666,"[0, 1, 2, 3, 4, 5]",random_uniform_v1,1,train
case_a5de7695,cust_5aaa609e,77363,upi,INSUFFICIENT_FUNDS,9,,0.764033267212971,low,0.43520643147791493,0,0.16666666666666666,"[0, 1, 2, 3, 4, 5]",random_uniform_v1,0,train
case_6526b8f0,cust_d3f0e51a,373187,upi,BANK_TIMEOUT,1,,0.7211280508218826,medium,0.25435468790367405,2,0.16666666666666666,"[0, 1, 2, 3, 4, 5]",random_uniform_v1,1,train
case_729c1317,cust_b472933d,11348,netbanking,INSUFFICIENT_FUNDS,21,,1.0,low,0.07965220800940645,1,0.16666666666666666,"[0, 1, 2, 3, 4, 5]",random_uniform_v1,0,train
case_a75d035c,cust_1d7b791e,174067,upi,BANK_TIMEOUT,37,,0.4765997386769692,low,0.3204443395554577,5,0.16666666666666666,"[0, 1, 2, 3, 4, 5]",random_uniform_v1,1,val
case_48d0fd89,cust_dabe8b6c,71657,card,BANK_DECLINE,2,,0.8126674662494541,medium,0.6552711180542777,0,0.16666666666666666,"[0, 1, 2, 3, 4, 5]",random_uniform_v1,1,train
case_72e3e4c3,cust_f658429e,297449,upi,NETWORK_ERROR,39,,0.6551541170540653,low,0.6899229936322824,1,0.16666666666666666,"[0, 1, 2, 3, 4, 5]",random_uniform_v1,1,train
case_059639a5,cust_2a9e4aeb,62703,netbanking,BANK_DECLINE,3,,0.6324306736130043,low,0.47074716319573584,3,0.16666666666666666,"[0, 1, 2, 3, 4, 5]",random_uniform_v1,1,val
case_537cd2e0,cust_c4fdddf7,156726,netbanking,INSUFFICIENT_FUNDS,56,,0.617560276315644,low,0.46668522054138384,5,0.16666666666666666,"[0, 1, 2, 3, 4, 5]",random_uniform_v1,1,train
case_b182bbab,cust_bef4d020,42271,upi,INSUFFICIENT_FUNDS,38,,0.9541249519788904,medium,0.22482287322077066,3,0.16666666666666666,"[0, 1, 2, 3, 4, 5]",random_uniform_v1,1,test
case_95a5558a,cust_104b2f96,96684,upi,INSUFFICIENT_FUNDS,89,,0.49145502385424017,low,0.7143497548585673,1,0.16666666666666666,"[0, 1, 2, 3, 4, 5]",random_uniform_v1,0,train
case_f2443de9,cust_b8636c8b,168890,netbanking,BANK_TIMEOUT,15,,0.9720882906906491,low,0.677984596555858,4,0.16666666666666666,"[0, 1, 2, 3, 4, 5]",random_uniform_v1,1,train
case_dd3d7c13,cust_13680ff4,144651,netbanking,BANK_DECLINE,15,,0.7468194877799116,high,0.14700628650688013,4,0.16666666666666666,"[0, 1, 2, 3, 4, 5]",random_uniform_v1,0,val
case_2d0802c8,cust_350ec8ef,55361,upi,BANK_TIMEOUT,41,,0.8007999322027958,low,0.42761930759056127,0,0.16666666666666666,"[0, 1, 2, 3, 4, 5]",random_uniform_v1,1,test
case_e48d6373,cust_9472ed87,119931,netbanking,BANK_TIMEOUT,33,,0.6610741994538678,low,0.37999952363779155,4,0.16666666666666666,"[0, 1, 2, 3, 4, 5]",random_uniform_v1,1,train
case_4d171735,cust_1e28a861,102987,upi,BANK_TIMEOUT,8,,0.6432173690056239,low,0.5176299891856392,3,0.16666666666666666,"[0, 1, 2, 3, 4, 5]",random_uniform_v1,0,train
case_a4f4b9b8,cust_3a365501,52331,upi,NETWORK_ERROR,9,,0.7557074974777952,low,0.6932205561539586,4,0.16666666666666666,"[0, 1, 2, 3, 4, 5]",random_uniform_v1,1,val
case_dd6f7422,cust_89d92a69,28195,upi,INSUFFICIENT_FUNDS,16,,0.903082772596948,low,0.6507473533363409,2,0.16666666666666666,"[0, 1, 2, 3, 4, 5]",random_uniform_v1,1,train
case_7eebbc0d,cust_50872fa6,154702,upi,BANK_TIMEOUT,37,,0.2434818734628938,low,0.9169618162348843,2,0.16666666666666666,"[0, 1, 2, 3, 4, 5]",random_uniform_v1,1,train
case_59018922,cust_0718887d,359657,upi,NETWORK_ERROR,84,,1.0,medium,0.2768548705521714,3,0.16666666666666666,"[0, 1, 2, 3, 4, 5]",random_uniform_v1,1,train
case_cc140091,cust_d1986ff0,634300,netbanking,BANK_TIMEOUT,16,,0.6685083251675003,medium,0.7384315724082078,5,0.16666666666666666,"[0, 1, 2, 3, 4, 5]",random_uniform_v1,1,val
case_95c53825,cust_7085bfae,48772,netbanking,BANK_DECLINE,128,,0.9333567110765887,medium,0.482126313916145,5,0.16666666666666666,"[0, 1, 2, 3, 4, 5]",random_uniform_v1,1,train
case_c2f159c1,cust_b8f60fca,258630,upi,NETWORK_ERROR,1,,0.8989227226603652,low,0.18841718777975347,3,0.16666666666666666,"[0, 1, 2, 3, 4, 5]",random_uniform_v1,1,train
case_d60ca490,cust_e2e97f46,380008,upi,INSUFFICIENT_FUNDS,11,,0.8509615617414488,low,0.4754100299736158,5,0.16666666666666666,"[0, 1, 2, 3, 4, 5]",random_uniform_v1,1,train
case_564281f6,cust_5a267289,37171,upi,INSUFFICIENT_FUNDS,2,,1.0,low,0.23981630783472657,3,0.16666666666666666,"[0, 1, 2, 3, 4, 5]",random_uniform_v1,1,train
case_39089bb3,cust_af82b7a0,101132,card,BANK_DECLINE,22,,0.8468432805381031,low,0.5230560517386532,0,0.16666666666666666,"[0, 1, 2, 3, 4, 5]",random_uniform_v1,1,test
case_d1d5649c,cust_be85a7a7,70351,upi,INSUFFICIENT_FUNDS,63,,0.9526521894545203,low,0.24984398853279094,4,0.16666666666666666,"[0, 1, 2, 3, 4, 5]",random_uniform_v1,1,train
case_e2603469,cust_999bd0c4,327323,upi,BANK_TIMEOUT,31,,0.8339669303882393,medium,0.5598699719802916,1,0.16666666666666666,"[0, 1, 2, 3, 4, 5]",random_uniform_v1,1,train
case_b5125ffb,cust_742e4a48,31338,upi,INSUFFICIENT_FUNDS,19,,0.6623647944643641,low,0.7147634362631787,3,0.16666666666666666,"[0, 1, 2, 3, 4, 5]",random_uniform_v1,1,train
case_75f1c411,cust_8f395e30,353997,upi,INSUFFICIENT_FUNDS,25,,0.7460658572688054,low,0.5539156949297963,5,0.16666666666666666,"[0, 1, 2, 3, 4, 5]",random_uniform_v1,1,val
case_819633a4,cust_8c769c12,28287,upi,NETWORK_ERROR,23,,0.6989843503197194,low,0.3516368604536039,4,0.16666666666666666,"[0, 1, 2, 3, 4, 5]",random_uniform_v1,1,train
case_de19c625,cust_91b81565,96471,upi,BANK_TIMEOUT,20,,0.4889277119946244,low,0.47059664422034797,3,0.16666666666666666,"[0, 1, 2, 3, 4, 5]",random_uniform_v1,1,train
case_dc839b25,cust_b8248198,305463,card,INSUFFICIENT_FUNDS,55,,0.8637295250698588,low,0.43860992982690306,4,0.16666666666666666,"[0, 1, 2, 3, 4, 5]",random_uniform_v1,0,train
case_240ee493,cust_efa1baf7,210073,upi,INSUFFICIENT_FUNDS,0,,0.7313386630397547,medium,0.29169679028086415,4,0.16666666666666666,"[0, 1, 2, 3, 4, 5]",random_uniform_v1,1,test
case_bea8cb52,cust_0ce84239,174509,upi,INSUFFICIENT_FUNDS,1,,0.9914736038730478,low,0.8531463735890652,2,0.16666666666666666,"[0, 1, 2, 3, 4, 5]",random_uniform_v1,1,val
case_af437861,cust_5eabdd59,174466,card,BANK_DECLINE,20,,0.5769762787950172,high,0.40268221069347404,2,0.16666666666666666,"[0, 1, 2, 3, 4, 5]",random_uniform_v1,1,val
case_e4c99cf4,cust_64f6f3aa,310811,card,INSUFFICIENT_FUNDS,97,,0.6245513349562747,low,0.6189956080149046,3,0.16666666666666666,"[0, 1, 2, 3, 4, 5]",random_uniform_v1,0,val
case_820cbacf,cust_0c6ab1d6,266349,netbanking,BANK_DECLINE,38,,0.7053555386496939,low,0.5727295794082484,0,0.16666666666666666,"[0, 1, 2, 3, 4, 5]",random_uniform_v1,1,train
case_69c14804,cust_5fd40a19,93221,netbanking,BANK_DECLINE,44,,0.79384601899289,low,0.30611755328183227,4,0.16666666666666666,"[0, 1, 2, 3, 4, 5]",random_uniform_v1,1,train
case_accf6a57,cust_0cf40cc7,625249,netbanking,BANK_DECLINE,27,,0.9466629370669517,low,0.8211170932400127,2,0.16666666666666666,"[0, 1, 2, 3, 4, 5]",random_uniform_v1,0,train
case_67fd71a2,cust_2f8c05dc,186978,card,BANK_TIMEOUT,90,,0.88161681918234,medium,0.3993211491101386,2,0.16666666666666666,"[0, 1, 2, 3, 4, 5]",random_uniform_v1,1,train
case_62bb7a29,cust_19d9157c,17116,netbanking,INSUFFICIENT_FUNDS,13,,0.8839675012359125,low,0.12595262903612597,0,0.16666666666666666,"[0, 1, 2, 3, 4, 5]",random_uniform_v1,1,train
case_5b616e48,cust_567d3f80,350233,card,INSUFFICIENT_FUNDS,64,,0.8208419626152211,low,0.38820519124031894,1,0.16666666666666666,"[0, 1, 2, 3, 4, 5]",random_uniform_v1,0,test
case_1d384069,cust_e6237d34,208800,card,INSUFFICIENT_FUNDS,43,,0.5035030709365077,low,0.4900060452196813,0,0.16666666666666666,"[0, 1, 2, 3, 4, 5]",random_uniform_v1,0,train
case_b1adae05,cust_b9f36aa1,30439,upi,NETWORK_ERROR,9,,0.7912619758660421,low,0.7360758532484986,5,0.16666666666666666,"[0, 1, 2, 3, 4, 5]",random_uniform_v1,1,train
case_2c673445,cust_04235c3c,29495,card,INSUFFICIENT_FUNDS,29,,0.4081959413992835,medium,0.6005220361427401,3,0.16666666666666666,"[0, 1, 2, 3, 4, 5]",random_uniform_v1,1,train
case_0bb4d80d,cust_9ea758d3,87137,netbanking,BANK_TIMEOUT,5,,0.9479215535808676,low,0.2716124573646105,1,0.16666666666666666,"[0, 1, 2, 3, 4, 5]",random_uniform_v1,1,train
case_de72faf3,cust_cfff92fe,510091,upi,INSUFFICIENT_FUNDS,57,,1.0,low,0.016812495762523916,2,0.16666666666666666,"[0, 1, 2, 3, 4, 5]",random_uniform_v1,1,train
case_3871ef4b,cust_73f91b09,132511,upi,BANK_TIMEOUT,27,,0.8781694320546819,medium,0.5726347989554952,5,0.16666666666666666,"[0, 1, 2, 3, 4, 5]",random_uniform_v1,1,val
case_1d5e42ad,cust_7392a3d9,16569,upi,INSUFFICIENT_FUNDS,3,,0.9808473670250087,low,0.6291042067776236,2,0.16666666666666666,"[0, 1, 2, 3, 4, 5]",random_uniform_v1,1,train
case_ad33a3c6,cust_db194d5a,115486,upi,BANK_TIMEOUT,71,,0.8405790149516303,low,0.23880686220416236,4,0.16666666666666666,"[0, 1, 2, 3, 4, 5]",random_uniform_v1,1,val
case_1796bab2,cust_a839dfa7,49104,upi,BANK_TIMEOUT,108,,0.8386726058916731,medium,0.5525258538047496,3,0.16666666666666666,"[0, 1, 2, 3, 4, 5]",random_uniform_v1,0,train
case_b4292189,cust_51fb8c0d,587101,netbanking,INSUFFICIENT_FUNDS,11,,0.904915118381291,medium,0.4316670385316315,4,0.16666666666666666,"[0, 1, 2, 3, 4, 5]",random_uniform_v1,0,train
case_80c3ef3e,cust_6b45dacb,154746,upi,NETWORK_ERROR,13,,0.5022936256604819,low,0.05902717044158705,3,0.16666666666666666,"[0, 1, 2, 3, 4, 5]",random_uniform_v1,0,test
case_6a34446c,cust_84f5967e,44528,upi,INSUFFICIENT_FUNDS,8,,0.8548596474646449,low,0.7528558798959742,5,0.16666666666666666,"[0, 1, 2, 3, 4, 5]",random_uniform_v1,1,test
case_977eab1f,cust_81d9cd0f,22202,upi,INSUFFICIENT_FUNDS,45,,0.7939078319563401,low,0.6977436978078081,4,0.16666666666666666,"[0, 1, 2, 3, 4, 5]",random_uniform_v1,1,test
case_1464c507,cust_2f08ee14,85303,upi,BANK_TIMEOUT,29,,0.9365874871649547,low,0.29133448543222895,1,0.16666666666666666,"[0, 1, 2, 3, 4, 5]",random_uniform_v1,1,train
case_3bf7aa1c,cust_fd0590de,102198,card,INSUFFICIENT_FUNDS,17,,0.7803545189964467,low,0.4246089242242118,2,0.16666666666666666,"[0, 1, 2, 3, 4, 5]",random_uniform_v1,1,train
case_534d1997,cust_f57d3d7e,278365,upi,BANK_TIMEOUT,18,,0.6899316198446914,high,0.42460282856023934,4,0.16666666666666666,"[0, 1, 2, 3, 4, 5]",random_uniform_v1,0,train
case_23420a1d,cust_94f7baa1,63098,card,INSUFFICIENT_FUNDS,6,,0.6230631140951256,low,0.8577161992656125,4,0.16666666666666666,"[0, 1, 2, 3, 4, 5]",random_uniform_v1,1,val
case_c45159b7,cust_0f39acbf,118224,upi,BANK_TIMEOUT,26,,0.7539161681383155,low,0.20790884585341268,1,0.16666666666666666,"[0, 1, 2, 3, 4, 5]",random_uniform_v1,1,test
case_73e8627b,cust_1d2ddc00,211430,upi,BANK_TIMEOUT,20,,0.9976869059971496,low,0.5933466975060796,4,0.16666666666666666,"[0, 1, 2, 3, 4, 5]",random_uniform_v1,1,test
case_716f6c3c,cust_49c6deac,87738,upi,INSUFFICIENT_FUNDS,7,,0.8390855084936422,low,0.0,2,0.16666666666666666,"[0, 1, 2, 3, 4, 5]",random_uniform_v1,1,test
case_6d1cd318,cust_39a46487,1187603,upi,BANK_TIMEOUT,17,,0.9926712538183611,medium,0.34661675291660843,5,0.16666666666666666,"[0, 1, 2, 3, 4, 5]",random_uniform_v1,1,train
case_b49e2c30,cust_f5dbf11d,706316,upi,BANK_TIMEOUT,23,,0.8853568354382222,low,0.6773980303672631,4,0.16666666666666666,"[0, 1, 2, 3, 4, 5]",random_uniform_v1,1,train
case_969286fa,cust_ef41be00,103468,upi,INSUFFICIENT_FUNDS,57,,0.8240631046902744,medium,0.44290794240582726,0,0.16666666666666666,"[0, 1, 2, 3, 4, 5]",random_uniform_v1,1,train
case_96bcb436,cust_c911a698,645492,upi,BANK_TIMEOUT,14,,0.9265589774565711,low,0.2213233642857358,0,0.16666666666666666,"[0, 1, 2, 3, 4, 5]",random_uniform_v1,0,test
case_6e1d92a8,cust_21d94155,727709,upi,INSUFFICIENT_FUNDS,7,,0.991969846662818,low,0.5039902471271562,4,0.16666666666666666,"[0, 1, 2, 3, 4, 5]",random_uniform_v1,1,train
case_535ba1c4,cust_a1c3283b,47169,card,BANK_DECLINE,31,,0.6237406688380505,low,0.43233483117811716,3,0.16666666666666666,"[0, 1, 2, 3, 4, 5]",random_uniform_v1,1,train
case_f188d347,cust_4a70fa4d,110912,card,INSUFFICIENT_FUNDS,34,,0.4690547715576654,low,0.019731411416751485,0,0.16666666666666666,"[0, 1, 2, 3, 4, 5]",random_uniform_v1,0,train
case_9cd930ac,cust_a39f7d5c,104637,upi,INSUFFICIENT_FUNDS,37,,0.8696270674349852,high,0.7346337247154411,1,0.16666666666666666,"[0, 1, 2, 3, 4, 5]",random_uniform_v1,0,train
case_b26d6f13,cust_66bd158f,63656,upi,INSUFFICIENT_FUNDS,12,,0.46391933650566397,low,0.2248112143760212,2,0.16666666666666666,"[0, 1, 2, 3, 4, 5]",random_uniform_v1,1,train
case_9ae378bc,cust_f50aacfe,137080,card,BANK_DECLINE,110,,0.7605190077662528,low,0.6908798585646069,5,0.16666666666666666,"[0, 1, 2, 3, 4, 5]",random_uniform_v1,1,train
case_063b11a5,cust_15eab1c8,108045,card,BANK_DECLINE,1,,0.6296721344030131,low,0.8716504828979963,2,0.16666666666666666,"[0, 1, 2, 3, 4, 5]",random_uniform_v1,0,test
case_bf4ed65c,cust_3dd96720,194358,upi,INSUFFICIENT_FUNDS,52,,0.7640720395486376,low,0.10678863583402944,5,0.16666666666666666,"[0, 1, 2, 3, 4, 5]",random_uniform_v1,0,train
case_e5d15d1a,cust_b96c67b4,184403,upi,INSUFFICIENT_FUNDS,25,,0.6924582430814753,low,0.25557784687956037,0,0.16666666666666666,"[0, 1, 2, 3, 4, 5]",random_uniform_v1,0,val
case_76f248d0,cust_912dc6a8,94371,upi,INSUFFICIENT_FUNDS,190,,1.0,low,0.4553743226342667,3,0.16666666666666666,"[0, 1, 2, 3, 4, 5]",random_uniform_v1,1,val
case_550686d8,cust_f6214ad8,171070,upi,INSUFFICIENT_FUNDS,25,,0.7127504857434386,high,0.40386652961961467,2,0.16666666666666666,"[0, 1, 2, 3, 4, 5]",random_uniform_v1,1,train
case_773007a1,cust_6c905ff6,5833,upi,BANK_TIMEOUT,16,,0.830176431413512,low,0.7967629867842129,2,0.16666666666666666,"[0, 1, 2, 3, 4, 5]",random_uniform_v1,1,train
case_dcb253d0,cust_8491140c,231854,netbanking,BANK_DECLINE,11,,0.8416576584622791,low,0.28262832595626003,1,0.16666666666666666,"[0, 1, 2, 3, 4, 5]",random_uniform_v1,1,val
case_04c15b6e,cust_e0936e71,133731,netbanking,NETWORK_ERROR,15,,1.0,low,0.19184288325327517,5,0.16666666666666666,"[0, 1, 2, 3, 4, 5]",random_uniform_v1,1,train
case_b05bc2d4,cust_42af3307,135503,card,INSUFFICIENT_FUNDS,13,,0.9212793381524778,medium,0.7419880812793848,1,0.16666666666666666,"[0, 1, 2, 3, 4, 5]",random_uniform_v1,1,train
case_7b7f3df3,cust_06dce7a5,233518,netbanking,BANK_TIMEOUT,25,,0.6959903342980046,low,0.0768682417850428,5,0.16666666666666666,"[0, 1, 2, 3, 4, 5]",random_uniform_v1,1,train
case_b0745126,cust_79fae912,217885,card,NETWORK_ERROR,59,,1.0,low,0.46947073137321865,3,0.16666666666666666,"[0, 1, 2, 3, 4, 5]",random_uniform_v1,1,test
case_2ebc8bd0,cust_493ffbdf,108340,upi,INSUFFICIENT_FUNDS,5,,0.5543887968838394,low,0.5678093880744521,4,0.16666666666666666,"[0, 1, 2, 3, 4, 5]",random_uniform_v1,1,train
case_553f8503,cust_e3ba4b14,249204,upi,INSUFFICIENT_FUNDS,12,,0.6945810635601892,low,0.3030917059779173,4,0.16666666666666666,"[0, 1, 2, 3, 4, 5]",random_uniform_v1,1,val
case_99ee39e9,cust_59cd367a,1215509,upi,INSUFFICIENT_FUNDS,22,,0.42072100189237727,low,0.6281779487244812,0,0.16666666666666666,"[0, 1, 2, 3, 4, 5]",random_uniform_v1,1,train
case_2285410e,cust_475e4810,11268,card,BANK_DECLINE,115,,0.8406987098440577,low,0.44649257285264177,5,0.16666666666666666,"[0, 1, 2, 3, 4, 5]",random_uniform_v1,1,test
case_5f2fbf44,cust_83088d12,1141372,card,BANK_DECLINE,3,,0.6482470638286675,low,0.4414605209642597,3,0.16666666666666666,"[0, 1, 2, 3, 4, 5]",random_uniform_v1,1,test
case_e8c0d3da,cust_a3f77a7d,56311,upi,INSUFFICIENT_FUNDS,1,,0.7994519809451829,medium,0.3309897104343743,4,0.16666666666666666,"[0, 1, 2, 3, 4, 5]",random_uniform_v1,0,train
case_ecfebe5d,cust_07eceab1,327227,upi,INSUFFICIENT_FUNDS,13,,0.5559550126833667,low,0.41171997026454915,3,0.16666666666666666,"[0, 1, 2, 3, 4, 5]",random_uniform_v1,1,val
case_21aa38f7,cust_06084ab7,54679,netbanking,BANK_TIMEOUT,4,,0.7722994919212696,low,0.2860425706214182,4,0.16666666666666666,"[0, 1, 2, 3, 4, 5]",random_uniform_v1,1,test
case_92e74d5f,cust_5bb5e5ac,71883,upi,BANK_TIMEOUT,47,,0.9132922272931466,low,0.3887370769697737,2,0.16666666666666666,"[0, 1, 2, 3, 4, 5]",random_uniform_v1,1,train
case_2a05b78e,cust_a2620f21,44355,card,BANK_DECLINE,16,,1.0,high,0.42981251631243034,4,0.16666666666666666,"[0, 1, 2, 3, 4, 5]",random_uniform_v1,1,test
case_8fb6768b,cust_4f812461,45796,card,BANK_DECLINE,32,,0.6050177395030961,low,0.019720172811372255,5,0.16666666666666666,"[0, 1, 2, 3, 4, 5]",random_uniform_v1,1,val
case_bff68961,cust_39b30303,79366,netbanking,INSUFFICIENT_FUNDS,15,,0.834251671805632,medium,0.28681008312558887,0,0.16666666666666666,"[0, 1, 2, 3, 4, 5]",random_uniform_v1,1,val
case_01e9d604,cust_f0286eeb,87523,card,BANK_DECLINE,19,,0.37876310042471717,high,0.510032553475511,0,0.16666666666666666,"[0, 1, 2, 3, 4, 5]",random_uniform_v1,1,train
case_b5d80cbf,cust_35d6464d,207349,upi,INSUFFICIENT_FUNDS,68,,0.41508034101462066,low,0.5297666766828755,2,0.16666666666666666,"[0, 1, 2, 3, 4, 5]",random_uniform_v1,1,train
case_53161001,cust_246f3a39,23682,upi,INSUFFICIENT_FUNDS,25,,0.7651834618587938,high,0.4859878444630108,0,0.16666666666666666,"[0, 1, 2, 3, 4, 5]",random_uniform_v1,0,train
case_43638beb,cust_4b99330f,11937,upi,NETWORK_ERROR,5,,1.0,medium,0.29518237747699066,3,0.16666666666666666,"[0, 1, 2, 3, 4, 5]",random_uniform_v1,1,train
case_f082118c,cust_aa820da5,837402,upi,BANK_TIMEOUT,62,,0.9086143589815587,medium,0.45890044284533854,5,0.16666666666666666,"[0, 1, 2, 3, 4, 5]",random_uniform_v1,1,train
case_f8a39e1d,cust_41a4d830,183207,card,BANK_DECLINE,42,,0.779696814084253,low,0.22504204582773296,2,0.16666666666666666,"[0, 1, 2, 3, 4, 5]",random_uniform_v1,1,val
case_bae5fd4e,cust_4c660d50,56338,card,BANK_DECLINE,3,,0.4150825419556128,low,0.21724812551555872,3,0.16666666666666666,"[0, 1, 2, 3, 4, 5]",random_uniform_v1,0,train
case_73e54f48,cust_e82049ee,111425,upi,BANK_TIMEOUT,44,,0.9778788574872458,low,0.31601030999775714,4,0.16666666666666666,"[0, 1, 2, 3, 4, 5]",random_uniform_v1,1,test
case_79958fb0,cust_ac7fa1fc,115729,upi,NETWORK_ERROR,42,,0.856905558110365,low,0.5901321075882704,0,0.16666666666666666,"[0, 1, 2, 3, 4, 5]",random_uniform_v1,1,train
case_d4c13923,cust_dc9e2cb9,45204,netbanking,INSUFFICIENT_FUNDS,31,,0.6614067812934732,low,0.6898189368115337,3,0.16666666666666666,"[0, 1, 2, 3, 4, 5]",random_uniform_v1,0,train
case_8a4767b4,cust_22b09da0,213268,upi,INSUFFICIENT_FUNDS,37,,0.9325859995976367,low,0.36342688185475114,3,0.16666666666666666,"[0, 1, 2, 3, 4, 5]",random_uniform_v1,1,train
case_5beeef08,cust_4d6df534,105868,upi,INSUFFICIENT_FUNDS,5,,0.8492339703560698,low,0.4290512035657409,0,0.16666666666666666,"[0, 1, 2, 3, 4, 5]",random_uniform_v1,0,train
case_6beed8c5,cust_7d003bce,331804,card,INSUFFICIENT_FUNDS,32,,0.8793362716730261,low,0.5835979531708793,4,0.16666666666666666,"[0, 1, 2, 3, 4, 5]",random_uniform_v1,1,train
case_cee1d165,cust_390e9a12,25171,upi,BANK_TIMEOUT,4,,0.4458202475191688,medium,0.1650653626915917,1,0.16666666666666666,"[0, 1, 2, 3, 4, 5]",random_uniform_v1,1,val
case_8d9f0de8,cust_ed59e69f,193274,netbanking,INSUFFICIENT_FUNDS,29,,0.35778274814686983,low,0.30440303710302985,2,0.16666666666666666,"[0, 1, 2, 3, 4, 5]",random_uniform_v1,0,train
case_333636be,cust_243346c4,205781,card,BANK_DECLINE,30,,0.714678192027171,low,0.47188219126627456,4,0.16666666666666666,"[0, 1, 2, 3, 4, 5]",random_uniform_v1,0,train
case_ada8efc5,cust_181e5253,72818,card,BANK_DECLINE,49,,0.6780799339832446,low,0.5100630193210062,4,0.16666666666666666,"[0, 1, 2, 3, 4, 5]",random_uniform_v1,1,train
case_e7d619f9,cust_c7eb30fd,22413,upi,BANK_TIMEOUT,17,,0.6390985018619424,high,0.5112378211243553,5,0.16666666666666666,"[0, 1, 2, 3, 4, 5]",random_uniform_v1,1,train
case_949ba7ca,cust_e4b9db32,67990,upi,INSUFFICIENT_FUNDS,18,,0.7180522506522625,low,0.27900298760540365,4,0.16666666666666666,"[0, 1, 2, 3, 4, 5]",random_uniform_v1,1,test
case_4feaa4e4,cust_d34e2cf4,496291,netbanking,INSUFFICIENT_FUNDS,9,,0.6424580067621214,low,0.4221453888540974,5,0.16666666666666666,"[0, 1, 2, 3, 4, 5]",random_uniform_v1,1,train
case_1a490347,cust_da7a7203,55636,card,BANK_DECLINE,1,,0.7607573445088996,low,0.5812442275003459,2,0.16666666666666666,"[0, 1, 2, 3, 4, 5]",random_uniform_v1,1,test
case_2b522c62,cust_70585a1d,119383,upi,BANK_TIMEOUT,16,,0.5796248390349927,low,0.14699093914115538,4,0.16666666666666666,"[0, 1, 2, 3, 4, 5]",random_uniform_v1,1,test
case_99d39a3e,cust_46e62c1c,124670,upi,BANK_TIMEOUT,9,,0.9085666790794295,low,0.3299277918047258,1,0.16666666666666666,"[0, 1, 2, 3, 4, 5]",random_uniform_v1,1,val
case_b6cb4e44,cust_9bb00304,158785,upi,INSUFFICIENT_FUNDS,39,,0.982761397585306,low,0.20764994094581013,4,0.16666666666666666,"[0, 1, 2, 3, 4, 5]",random_uniform_v1,1,train
case_5b5584b8,cust_a5f7324a,328520,upi,BANK_TIMEOUT,61,,0.8152217284797477,low,0.41972285991070923,5,0.16666666666666666,"[0, 1, 2, 3, 4, 5]",random_uniform_v1,1,train
case_f5615b4f,cust_9349f1cb,19184,netbanking,BANK_DECLINE,12,,0.6680759710860413,low,0.2907196672297493,2,0.16666666666666666,"[0, 1, 2, 3, 4, 5]",random_uniform_v1,1,train
case_f3848ec2,cust_27c38a3a,286277,upi,INSUFFICIENT_FUNDS,4,,0.7554865412872669,low,0.44637829711602683,2,0.16666666666666666,"[0, 1, 2, 3, 4, 5]",random_uniform_v1,1,test
case_353e6a07,cust_d3765f3a,681370,netbanking,BANK_TIMEOUT,4,,1.0,low,0.2748625792504987,4,0.16666666666666666,"[0, 1, 2, 3, 4, 5]",random_uniform_v1,0,train
case_cb4a0ea2,cust_fa3a5eff,124147,netbanking,BANK_DECLINE,27,,0.8027767402961844,medium,0.3458586017824868,4,0.16666666666666666,"[0, 1, 2, 3, 4, 5]",random_uniform_v1,0,train
case_c6d23adf,cust_21da635e,57969,upi,BANK_TIMEOUT,15,,0.865693958348072,low,0.7030703710923998,2,0.16666666666666666,"[0, 1, 2, 3, 4, 5]",random_uniform_v1,1,test
case_69ee422d,cust_fff8f1bf,101594,card,BANK_TIMEOUT,0,,1.0,low,0.24236007101483406,0,0.16666666666666666,"[0, 1, 2, 3, 4, 5]",random_uniform_v1,1,train
case_df67286f,cust_f1dd5065,841608,upi,INSUFFICIENT_FUNDS,3,,0.39934775462380523,high,0.18771256561238178,4,0.16666666666666666,"[0, 1, 2, 3, 4, 5]",random_uniform_v1,0,train
case_d3068568,cust_5362a0b7,40582,card,BANK_DECLINE,17,,0.7631537226195959,high,0.6265593126524117,4,0.16666666666666666,"[0, 1, 2, 3, 4, 5]",random_uniform_v1,0,train
case_3251ae91,cust_9c67912d,105520,upi,NETWORK_ERROR,65,,0.641939859064282,low,0.13293933959681198,0,0.16666666666666666,"[0, 1, 2, 3, 4, 5]",random_uniform_v1,1,train
case_e1e83661,cust_dda72770,9172,card,INSUFFICIENT_FUNDS,34,,0.45063296022866517,medium,0.5880763268796312,0,0.16666666666666666,"[0, 1, 2, 3, 4, 5]",random_uniform_v1,0,val
case_0bc84ef2,cust_b64f7ec1,8475,card,BANK_DECLINE,34,,0.8351685416966954,low,0.3621637811695998,3,0.16666666666666666,"[0, 1, 2, 3, 4, 5]",random_uniform_v1,1,train
case_ee17a934,cust_60d25e99,1021117,upi,INSUFFICIENT_FUNDS,8,,1.0,low,0.3887487852632212,0,0.16666666666666666,"[0, 1, 2, 3, 4, 5]",random_uniform_v1,1,train
case_99d0c802,cust_5e38c514,159985,upi,INSUFFICIENT_FUNDS,150,,0.9631302294745682,medium,0.2631057994396791,1,0.16666666666666666,"[0, 1, 2, 3, 4, 5]",random_uniform_v1,0,train
case_fc0a4048,cust_900f295f,100765,card,INSUFFICIENT_FUNDS,17,,0.555853503738849,low,0.48418104993497935,5,0.16666666666666666,"[0, 1, 2, 3, 4, 5]",random_uniform_v1,1,train
case_4f998a5c,cust_a190bba7,21504,upi,BANK_TIMEOUT,8,,0.7446055233043615,low,0.3330036205535685,3,0.16666666666666666,"[0, 1, 2, 3, 4, 5]",random_uniform_v1,0,val
case_7156c85d,cust_154f712f,18683,card,INSUFFICIENT_FUNDS,6,,0.5685922734373737,low,0.7510279360669816,5,0.16666666666666666,"[0, 1, 2, 3, 4, 5]",random_uniform_v1,1,train
case_be554204,cust_7b31367d,139713,card,BANK_TIMEOUT,42,,0.8050629518240998,medium,0.392517009766756,5,0.16666666666666666,"[0, 1, 2, 3, 4, 5]",random_uniform_v1,1,test
case_4e5f1e89,cust_02849ed4,56002,upi,INSUFFICIENT_FUNDS,6,,0.3946739877473372,low,0.7992921722164332,1,0.16666666666666666,"[0, 1, 2, 3, 4, 5]",random_uniform_v1,0,train
case_ba1febac,cust_1c27f301,53587,netbanking,BANK_DECLINE,61,,0.9892084787923213,low,0.2908827618490244,3,0.16666666666666666,"[0, 1, 2, 3, 4, 5]",random_uniform_v1,0,train
case_bc93bc3c,cust_5f1ddfaa,130941,upi,BANK_TIMEOUT,21,,0.9961059113736566,medium,0.4166761658859913,1,0.16666666666666666,"[0, 1, 2, 3, 4, 5]",random_uniform_v1,1,train
case_87323ea5,cust_69b5c913,15095,netbanking,BANK_DECLINE,7,,0.8066832786405936,low,0.5007820685368447,3,0.16666666666666666,"[0, 1, 2, 3, 4, 5]",random_uniform_v1,0,train
case_538d68e9,cust_03d4422f,46673,upi,INSUFFICIENT_FUNDS,26,,0.7018314248628728,low,0.29340128026310885,2,0.16666666666666666,"[0, 1, 2, 3, 4, 5]",random_uniform_v1,1,train
case_7d7717ea,cust_94191e31,71705,netbanking,BANK_TIMEOUT,3,,0.9256192666125699,low,0.5463954992010323,1,0.16666666666666666,"[0, 1, 2, 3, 4, 5]",random_uniform_v1,1,val
case_8c2d97ee,cust_82964bab,487489,card,INSUFFICIENT_FUNDS,13,,0.48473023262797366,low,0.20092962371416506,3,0.16666666666666666,"[0, 1, 2, 3, 4, 5]",random_uniform_v1,1,train
case_2fdf6633,cust_479c5072,49206,card,INSUFFICIENT_FUNDS,26,,0.8715564872064565,low,0.28087798093572536,5,0.16666666666666666,"[0, 1, 2, 3, 4, 5]",random_uniform_v1,1,train
case_a232e451,cust_70455112,26312,netbanking,INSUFFICIENT_FUNDS,86,,0.7849472273429516,low,0.2888316547604905,4,0.16666666666666666,"[0, 1, 2, 3, 4, 5]",random_uniform_v1,0,train
case_bb125d99,cust_fb9128ab,99343,upi,NETWORK_ERROR,18,,0.38126185008930846,low,0.5036501518760169,0,0.16666666666666666,"[0, 1, 2, 3, 4, 5]",random_uniform_v1,0,test
case_7cbea52a,cust_bf5914fd,166198,netbanking,INSUFFICIENT_FUNDS,26,,0.5646659442426647,low,0.7059290378710481,1,0.16666666666666666,"[0, 1, 2, 3, 4, 5]",random_uniform_v1,0,train
case_bd77eb2b,cust_ce371a6e,28137,upi,BANK_TIMEOUT,20,,0.573747605584835,low,0.45085010305309914,1,0.16666666666666666,"[0, 1, 2, 3, 4, 5]",random_uniform_v1,1,val
case_4698a66b,cust_98e9f5dc,19072,card,BANK_DECLINE,8,,0.9482618716991786,low,0.5716215213516773,3,0.16666666666666666,"[0, 1, 2, 3, 4, 5]",random_uniform_v1,0,test
case_38710414,cust_a8706bd2,48906,upi,BANK_TIMEOUT,5,,0.7718634110532446,low,0.34267091537746946,5,0.16666666666666666,"[0, 1, 2, 3, 4, 5]",random_uniform_v1,1,val
case_e5bd9fcd,cust_1349a022,92776,upi,INSUFFICIENT_FUNDS,22,,0.6277003396809051,low,0.26978013385820143,1,0.16666666666666666,"[0, 1, 2, 3, 4, 5]",random_uniform_v1,0,train
case_ae5c3e6e,cust_616998bb,16812,upi,BANK_TIMEOUT,33,,0.6401385046308994,low,0.5888940875040553,4,0.16666666666666666,"[0, 1, 2, 3, 4, 5]",random_uniform_v1,1,train
case_2e2e5c25,cust_1915f9a8,162457,upi,BANK_TIMEOUT,8,,0.7621766437790519,low,0.3966831196652573,0,0.16666666666666666,"[0, 1, 2, 3, 4, 5]",random_uniform_v1,0,train
case_074b546b,cust_02a72741,818611,upi,NETWORK_ERROR,47,,0.4334142500382848,low,0.20494619150376606,0,0.16666666666666666,"[0, 1, 2, 3, 4, 5]",random_uniform_v1,0,train
case_dc4fec1a,cust_ad99e8f2,114712,upi,INSUFFICIENT_FUNDS,99,,0.8089670899163581,low,0.2777303191891425,5,0.16666666666666666,"[0, 1, 2, 3, 4, 5]",random_uniform_v1,1,train
case_3214380c,cust_0221eda4,13391,upi,BANK_TIMEOUT,59,,0.97413209377664,low,0.7208564833441515,2,0.16666666666666666,"[0, 1, 2, 3, 4, 5]",random_uniform_v1,1,train
case_1b670e6d,cust_6a899c54,99000,upi,NETWORK_ERROR,12,,0.7732518337748625,high,0.3829379974310397,3,0.16666666666666666,"[0, 1, 2, 3, 4, 5]",random_uniform_v1,1,train
case_a9d59447,cust_63ea4904,19968,netbanking,BANK_DECLINE,23,,0.5987997588755014,low,0.32688433764758495,4,0.16666666666666666,"[0, 1, 2, 3, 4, 5]",random_uniform_v1,1,val
case_8ba443a7,cust_3e671683,96925,card,NETWORK_ERROR,5,,0.6370062856754765,low,0.5845477796417933,0,0.16666666666666666,"[0, 1, 2, 3, 4, 5]",random_uniform_v1,1,train
case_404ce406,cust_53a6947d,14099,upi,INSUFFICIENT_FUNDS,0,,0.9214063362773024,low,0.49950296318835624,5,0.16666666666666666,"[0, 1, 2, 3, 4, 5]",random_uniform_v1,1,train
case_c0950afb,cust_469823e3,126230,card,INSUFFICIENT_FUNDS,145,,0.5893051892863964,low,0.5711999819946523,5,0.16666666666666666,"[0, 1, 2, 3, 4, 5]",random_uniform_v1,1,test
case_07c057ff,cust_39d612a2,368026,upi,INSUFFICIENT_FUNDS,9,,0.2610860897259741,low,0.0,4,0.16666666666666666,"[0, 1, 2, 3, 4, 5]",random_uniform_v1,0,train
case_768adfc5,cust_36d0a446,18653,upi,NETWORK_ERROR,8,,0.7297000267698271,medium,0.2908325391392173,5,0.16666666666666666,"[0, 1, 2, 3, 4, 5]",random_uniform_v1,1,val
case_70f1deb4,cust_813ba4fd,85655,upi,INSUFFICIENT_FUNDS,70,,0.6246285795922524,low,0.39306267001707373,2,0.16666666666666666,"[0, 1, 2, 3, 4, 5]",random_uniform_v1,1,val
case_5aa20189,cust_bde9e5be,202228,upi,BANK_TIMEOUT,48,,0.8583849943802792,low,0.17647964824908316,1,0.16666666666666666,"[0, 1, 2, 3, 4, 5]",random_uniform_v1,1,val
case_3c5a9ad9,cust_a93cead7,60761,upi,INSUFFICIENT_FUNDS,59,,0.49399663736253313,low,1.0,4,0.16666666666666666,"[0, 1, 2, 3, 4, 5]",random_uniform_v1,1,train
case_e0862f77,cust_72f6a5fe,397067,upi,INSUFFICIENT_FUNDS,37,,0.8346622850938314,low,0.3866466224023284,5,0.16666666666666666,"[0, 1, 2, 3, 4, 5]",random_uniform_v1,0,train
case_421b32e9,cust_23606168,3263,upi,NETWORK_ERROR,32,,0.716798917136261,medium,0.4868262272271857,5,0.16666666666666666,"[0, 1, 2, 3, 4, 5]",random_uniform_v1,1,test
case_8f638ea5,cust_dba0c303,40115,upi,BANK_TIMEOUT,72,,0.9091293353406958,low,0.33563572324589397,2,0.16666666666666666,"[0, 1, 2, 3, 4, 5]",random_uniform_v1,1,train
case_48b6dd8b,cust_7ab2cba5,89604,upi,BANK_TIMEOUT,47,,0.7309679572342302,low,0.2824602821828726,1,0.16666666666666666,"[0, 1, 2, 3, 4, 5]",random_uniform_v1,1,val
case_d7775f1f,cust_6a49dcfb,207888,upi,BANK_TIMEOUT,7,,1.0,low,0.8034081500662773,1,0.16666666666666666,"[0, 1, 2, 3, 4, 5]",random_uniform_v1,1,train
case_505eb2b6,cust_5c7d3fdc,73104,netbanking,BANK_DECLINE,2,,0.6502011237892455,medium,0.31877073287535695,5,0.16666666666666666,"[0, 1, 2, 3, 4, 5]",random_uniform_v1,1,val
case_5accbd8a,cust_7774d001,4312,card,BANK_TIMEOUT,18,,0.6178250733529197,low,0.21803155855192793,2,0.16666666666666666,"[0, 1, 2, 3, 4, 5]",random_uniform_v1,1,train
case_d1b8da2b,cust_6a0ae738,27696,netbanking,INSUFFICIENT_FUNDS,13,,0.6080589845509569,low,0.06273400323476355,2,0.16666666666666666,"[0, 1, 2, 3, 4, 5]",random_uniform_v1,1,test
case_21339ef7,cust_9fccaf41,121343,upi,BANK_TIMEOUT,8,,0.9386418070815467,low,0.24823896629938488,2,0.16666666666666666,"[0, 1, 2, 3, 4, 5]",random_uniform_v1,1,val
case_79695729,cust_d305ecc6,373969,upi,INSUFFICIENT_FUNDS,20,,0.8091121427921728,low,0.023433219550498485,1,0.16666666666666666,"[0, 1, 2, 3, 4, 5]",random_uniform_v1,0,train
case_5d1f059a,cust_b9aada64,225603,upi,BANK_TIMEOUT,76,,0.6385668856950533,medium,0.7559062939459906,2,0.16666666666666666,"[0, 1, 2, 3, 4, 5]",random_uniform_v1,0,train
case_019a4287,cust_123178f0,19871,card,BANK_DECLINE,24,,0.7108922263928591,low,0.4470516995239901,5,0.16666666666666666,"[0, 1, 2, 3, 4, 5]",random_uniform_v1,0,train
case_7a8b8eba,cust_a87611f9,360828,upi,BANK_TIMEOUT,24,,0.5137940948317569,low,0.8669692187155099,2,0.16666666666666666,"[0, 1, 2, 3, 4, 5]",random_uniform_v1,1,train
case_dbe166ea,cust_6bb5bbbe,2460253,card,BANK_DECLINE,8,,0.8609726596805223,low,0.09530356825811015,4,0.16666666666666666,"[0, 1, 2, 3, 4, 5]",random_uniform_v1,1,test
case_6acff210,cust_7594142b,163272,upi,INSUFFICIENT_FUNDS,44,,0.956388919089906,low,0.39660966386062824,1,0.16666666666666666,"[0, 1, 2, 3, 4, 5]",random_uniform_v1,0,train
case_56647b65,cust_b8eb99fc,1112358,card,NETWORK_ERROR,80,,0.5627224631976393,low,0.566515818811941,5,0.16666666666666666,"[0, 1, 2, 3, 4, 5]",random_uniform_v1,1,val
case_0bbb9121,cust_cb10aa07,74453,card,INSUFFICIENT_FUNDS,10,,0.8636191013322609,low,0.7040094197355464,3,0.16666666666666666,"[0, 1, 2, 3, 4, 5]",random_uniform_v1,1,train
case_f874f35e,cust_67d9d5b8,318203,upi,BANK_TIMEOUT,95,,0.8809637708874953,low,0.4825119899988095,2,0.16666666666666666,"[0, 1, 2, 3, 4, 5]",random_uniform_v1,1,train
case_f212d373,cust_5f0e664f,133279,upi,BANK_TIMEOUT,187,,0.9366524815560258,low,0.28736076035179525,4,0.16666666666666666,"[0, 1, 2, 3, 4, 5]",random_uniform_v1,1,train
case_8265d990,cust_96409850,45534,upi,BANK_TIMEOUT,28,,0.7200579997228046,low,0.2537215264531163,3,0.16666666666666666,"[0, 1, 2, 3, 4, 5]",random_uniform_v1,1,train
case_b37af778,cust_998e80fb,20012,upi,BANK_TIMEOUT,4,,0.9911231822193026,low,0.26887192563702644,1,0.16666666666666666,"[0, 1, 2, 3, 4, 5]",random_uniform_v1,1,train
case_e6e2de7f,cust_0ed45171,66165,upi,INSUFFICIENT_FUNDS,10,,0.8273795527050266,medium,0.3975848152414658,5,0.16666666666666666,"[0, 1, 2, 3, 4, 5]",random_uniform_v1,1,train
case_f1daee63,cust_487b7ba5,5158,card,BANK_DECLINE,2,,0.2781256969326568,low,0.08068071218995834,4,0.16666666666666666,"[0, 1, 2, 3, 4, 5]",random_uniform_v1,0,train
case_84f55a7a,cust_fa3e4c26,34745,upi,INSUFFICIENT_FUNDS,0,,0.7448889875769258,high,0.686299491565932,4,0.16666666666666666,"[0, 1, 2, 3, 4, 5]",random_uniform_v1,1,train
case_15a59c66,cust_f56b52f6,442908,netbanking,INSUFFICIENT_FUNDS,16,,0.9952187730365731,low,0.33975836342547266,4,0.16666666666666666,"[0, 1, 2, 3, 4, 5]",random_uniform_v1,0,train
case_e340fd77,cust_c8b33a36,52530,card,BANK_DECLINE,10,,0.5785190748293287,high,0.7039336585674142,5,0.16666666666666666,"[0, 1, 2, 3, 4, 5]",random_uniform_v1,0,train
case_e0a9b9f5,cust_68253d35,126938,upi,BANK_TIMEOUT,3,,0.7398624689945918,low,0.21503296219612691,0,0.16666666666666666,"[0, 1, 2, 3, 4, 5]",random_uniform_v1,1,train
case_2eaf4e6a,cust_3836407c,56006,upi,BANK_TIMEOUT,34,,0.7633188883694915,medium,0.4238647212495106,5,0.16666666666666666,"[0, 1, 2, 3, 4, 5]",random_uniform_v1,1,train
case_decc1fa6,cust_a96feac7,337018,upi,NETWORK_ERROR,75,,1.0,low,0.3231902648308908,0,0.16666666666666666,"[0, 1, 2, 3, 4, 5]",random_uniform_v1,1,train
case_38efea13,cust_d211bcf7,65840,netbanking,BANK_TIMEOUT,10,,0.6061657381496629,low,0.7082959751082684,3,0.16666666666666666,"[0, 1, 2, 3, 4, 5]",random_uniform_v1,1,train
case_1dcfdd90,cust_ab045902,61312,card,BANK_DECLINE,15,,0.8966130967749081,medium,0.4500046396352457,3,0.16666666666666666,"[0, 1, 2, 3, 4, 5]",random_uniform_v1,1,val
case_8424d405,cust_6321248a,418065,upi,BANK_TIMEOUT,24,,0.8661070733025236,low,0.4124918754162644,5,0.16666666666666666,"[0, 1, 2, 3, 4, 5]",random_uniform_v1,0,test
case_5671ed35,cust_aed09a5d,207329,card,INSUFFICIENT_FUNDS,7,,1.0,low,0.29119078413639854,5,0.16666666666666666,"[0, 1, 2, 3, 4, 5]",random_uniform_v1,1,train
case_4d2b5047,cust_2db01bfd,29055,upi,INSUFFICIENT_FUNDS,23,,0.8061969661166979,low,0.05190571649329318,4,0.16666666666666666,"[0, 1, 2, 3, 4, 5]",random_uniform_v1,1,train
case_268a7d5f,cust_0a55b4f9,380627,card,NETWORK_ERROR,85,,0.945356264203178,low,0.28568169744526706,4,0.16666666666666666,"[0, 1, 2, 3, 4, 5]",random_uniform_v1,1,test
case_bb032c65,cust_71219e61,299167,upi,INSUFFICIENT_FUNDS,3,,0.8768582124799145,low,0.19028115604914014,1,0.16666666666666666,"[0, 1, 2, 3, 4, 5]",random_uniform_v1,1,train
case_c2998b18,cust_22ddc9f0,16619,card,INSUFFICIENT_FUNDS,34,,0.769460759690092,low,0.7259670266961665,4,0.16666666666666666,"[0, 1, 2, 3, 4, 5]",random_uniform_v1,1,val
case_195f8dbc,cust_21cffec2,345718,card,BANK_DECLINE,59,,0.9368839861719571,low,0.26499233615517076,3,0.16666666666666666,"[0, 1, 2, 3, 4, 5]",random_uniform_v1,1,val
case_efdf7aad,cust_a0c99455,190153,upi,NETWORK_ERROR,4,,0.6206200252812808,high,0.022428589549086192,5,0.16666666666666666,"[0, 1, 2, 3, 4, 5]",random_uniform_v1,1,train
case_8cf9d30a,cust_8a29bf71,640622,card,BANK_DECLINE,2,,0.8746287990529779,low,0.34178785729952804,3,0.16666666666666666,"[0, 1, 2, 3, 4, 5]",random_uniform_v1,0,val
case_43f0dfdc,cust_2af14343,116153,card,BANK_DECLINE,8,,0.9156162921759279,low,0.306797771874975,5,0.16666666666666666,"[0, 1, 2, 3, 4, 5]",random_uniform_v1,0,train
case_cceeabd8,cust_0fe66ec9,77368,upi,BANK_TIMEOUT,60,,0.9003852973420636,low,0.3565684047480384,2,0.16666666666666666,"[0, 1, 2, 3, 4, 5]",random_uniform_v1,1,train
case_b2c41af6,cust_f49826ab,181462,card,INSUFFICIENT_FUNDS,44,,1.0,low,0.39103561468792514,2,0.16666666666666666,"[0, 1, 2, 3, 4, 5]",random_uniform_v1,1,train
case_2be9aced,cust_f92bcc2d,78111,upi,INSUFFICIENT_FUNDS,15,,0.6698295168831943,low,0.5204780785057713,3,0.16666666666666666,"[0, 1, 2, 3, 4, 5]",random_uniform_v1,0,train
case_443b73b8,cust_f9668545,283258,card,BANK_DECLINE,26,,0.8611917621917695,low,0.18080893881878424,3,0.16666666666666666,"[0, 1, 2, 3, 4, 5]",random_uniform_v1,0,test
case_a79dde22,cust_4b358c81,92375,upi,INSUFFICIENT_FUNDS,1,,0.6786239931580487,low,0.5315851834294721,4,0.16666666666666666,"[0, 1, 2, 3, 4, 5]",random_uniform_v1,1,val
case_f68b0532,cust_f59b1d7e,81766,card,INSUFFICIENT_FUNDS,11,,0.8129596507711927,low,0.0,2,0.16666666666666666,"[0, 1, 2, 3, 4, 5]",random_uniform_v1,1,val
case_2c86f9df,cust_9233b775,60625,upi,NETWORK_ERROR,44,,1.0,medium,0.5628209019394815,3,0.16666666666666666,"[0, 1, 2, 3, 4, 5]",random_uniform_v1,1,train
case_14ee09dc,cust_483baa9f,264636,card,BANK_DECLINE,1,,0.9320299285038668,low,0.5222183988043967,4,0.16666666666666666,"[0, 1, 2, 3, 4, 5]",random_uniform_v1,1,val
case_91975322,cust_52f7059b,422153,netbanking,BANK_DECLINE,3,,0.42478206563444953,low,0.4596971782464879,5,0.16666666666666666,"[0, 1, 2, 3, 4, 5]",random_uniform_v1,1,train
case_fe92b607,cust_1c8ba1e3,390253,netbanking,INSUFFICIENT_FUNDS,28,,0.5188674037590743,low,0.10853617272777663,0,0.16666666666666666,"[0, 1, 2, 3, 4, 5]",random_uniform_v1,0,val
case_9f559b10,cust_c55f7a75,9810,card,INSUFFICIENT_FUNDS,14,,0.7342514148774482,low,0.39098114622221214,3,0.16666666666666666,"[0, 1, 2, 3, 4, 5]",random_uniform_v1,1,train
case_0e7613a8,cust_714a4779,166629,card,BANK_DECLINE,13,,0.7303819742781282,low,0.6856325969740049,5,0.16666666666666666,"[0, 1, 2, 3, 4, 5]",random_uniform_v1,1,val
case_607a1587,cust_89f8c1f8,114240,upi,BANK_TIMEOUT,35,,0.6094992143417103,medium,0.20339872243613932,2,0.16666666666666666,"[0, 1, 2, 3, 4, 5]",random_uniform_v1,1,val
case_75056675,cust_37d43bd3,94906,upi,INSUFFICIENT_FUNDS,2,,0.9111468398897877,medium,0.43995350077502704,5,0.16666666666666666,"[0, 1, 2, 3, 4, 5]",random_uniform_v1,1,train
case_98948dc9,cust_30c064c5,36692,card,NETWORK_ERROR,17,,0.7762232585087241,low,0.24431565178639666,4,0.16666666666666666,"[0, 1, 2, 3, 4, 5]",random_uniform_v1,0,test
case_dac60b42,cust_e180d837,498455,upi,BANK_TIMEOUT,3,,0.7951021544117862,medium,0.6582202451018369,5,0.16666666666666666,"[0, 1, 2, 3, 4, 5]",random_uniform_v1,1,train
case_e866da59,cust_2e75822e,34442,upi,NETWORK_ERROR,17,,0.8516355615854448,low,0.11794947744407433,1,0.16666666666666666,"[0, 1, 2, 3, 4, 5]",random_uniform_v1,1,val
case_c127abe6,cust_47d4e076,172584,card,BANK_DECLINE,85,,0.48921864514755364,low,0.346491190243278,4,0.16666666666666666,"[0, 1, 2, 3, 4, 5]",random_uniform_v1,0,train
case_17efa578,cust_8d78ef0c,42034,upi,INSUFFICIENT_FUNDS,54,,0.6543251414077694,high,0.19657560846329056,3,0.16666666666666666,"[0, 1, 2, 3, 4, 5]",random_uniform_v1,1,val
case_2e32a746,cust_f69abd3d,36651,upi,BANK_TIMEOUT,27,,0.26505595193357895,low,0.6432162316209987,5,0.16666666666666666,"[0, 1, 2, 3, 4, 5]",random_uniform_v1,0,test
case_2dfddc2f,cust_cf74c832,316984,upi,INSUFFICIENT_FUNDS,52,,1.0,low,0.4015821812104716,4,0.16666666666666666,"[0, 1, 2, 3, 4, 5]",random_uniform_v1,1,val
case_8d192542,cust_4291b87b,46924,upi,BANK_TIMEOUT,3,,0.9287169396513346,low,0.5645845518966728,4,0.16666666666666666,"[0, 1, 2, 3, 4, 5]",random_uniform_v1,1,test
case_189fcb2c,cust_fcbe1698,14392,upi,NETWORK_ERROR,4,,0.853668445788497,low,0.4720866171886667,5,0.16666666666666666,"[0, 1, 2, 3, 4, 5]",random_uniform_v1,1,train
case_d4f1fdee,cust_34b1d8f8,78620,upi,NETWORK_ERROR,7,,0.6414434673091775,low,0.6032591377972752,4,0.16666666666666666,"[0, 1, 2, 3, 4, 5]",random_uniform_v1,0,train
case_6a260eaf,cust_b2f31a44,102225,upi,BANK_TIMEOUT,43,,0.8126157994386368,medium,0.46806230395219606,1,0.16666666666666666,"[0, 1, 2, 3, 4, 5]",random_uniform_v1,1,test
case_fa119356,cust_2aa4133f,131124,upi,NETWORK_ERROR,7,,0.8904065782333486,low,0.34051881803552103,2,0.16666666666666666,"[0, 1, 2, 3, 4, 5]",random_uniform_v1,1,train
case_180988a4,cust_0480646b,537412,upi,BANK_TIMEOUT,34,,0.8202327514188742,low,0.2416371462508947,5,0.16666666666666666,"[0, 1, 2, 3, 4, 5]",random_uniform_v1,1,train
case_73e7db99,cust_82347769,47696,upi,INSUFFICIENT_FUNDS,1,,0.8037172332564132,medium,0.58054324646928,0,0.16666666666666666,"[0, 1, 2, 3, 4, 5]",random_uniform_v1,1,train
case_feea783f,cust_eccc47b6,387657,card,NETWORK_ERROR,25,,0.5844902766068888,low,0.4015992486980371,3,0.16666666666666666,"[0, 1, 2, 3, 4, 5]",random_uniform_v1,0,val
case_b9b6d05a,cust_8f56538e,663502,card,BANK_DECLINE,16,,0.3860186828898694,low,0.23013322370362949,3,0.16666666666666666,"[0, 1, 2, 3, 4, 5]",random_uniform_v1,0,train
case_88e0bae4,cust_64f35002,412769,upi,BANK_TIMEOUT,20,,0.6040800101054582,low,0.23540620078768934,1,0.16666666666666666,"[0, 1, 2, 3, 4, 5]",random_uniform_v1,1,train
case_d739d186,cust_69080db2,183355,upi,NETWORK_ERROR,9,,0.6940221573633858,high,0.309331706565694,2,0.16666666666666666,"[0, 1, 2, 3, 4, 5]",random_uniform_v1,1,val
case_963a30ed,cust_a27c8eda,450260,card,BANK_DECLINE,11,,0.8649164620508636,low,0.7529219286192488,0,0.16666666666666666,"[0, 1, 2, 3, 4, 5]",random_uniform_v1,0,train
case_2ce61640,cust_edf26ea8,66587,card,INSUFFICIENT_FUNDS,17,,0.6233702736302871,medium,0.3461234900396742,0,0.16666666666666666,"[0, 1, 2, 3, 4, 5]",random_uniform_v1,1,val
case_832ba498,cust_d3a05c49,146327,upi,INSUFFICIENT_FUNDS,5,,0.6816430061076062,low,0.23376682428548068,2,0.16666666666666666,"[0, 1, 2, 3, 4, 5]",random_uniform_v1,1,train
case_d8861b53,cust_2f9ec1fb,13510,upi,INSUFFICIENT_FUNDS,72,,0.6814445640432636,low,0.4660825203857494,0,0.16666666666666666,"[0, 1, 2, 3, 4, 5]",random_uniform_v1,1,train
case_92e165a7,cust_85bba325,68665,upi,NETWORK_ERROR,85,,0.7665479912203391,medium,0.23640518210597444,2,0.16666666666666666,"[0, 1, 2, 3, 4, 5]",random_uniform_v1,1,test
case_b711a792,cust_5e5e18de,32823,card,INSUFFICIENT_FUNDS,34,,0.512505232823024,medium,0.9266707707984314,4,0.16666666666666666,"[0, 1, 2, 3, 4, 5]",random_uniform_v1,0,train
case_64bbb08c,cust_46410cb2,299209,upi,NETWORK_ERROR,19,,0.845277719141718,low,0.05196025262394807,1,0.16666666666666666,"[0, 1, 2, 3, 4, 5]",random_uniform_v1,1,test
case_d25ec3ff,cust_55a6e1c4,245870,upi,INSUFFICIENT_FUNDS,23,,0.7813556704226552,low,0.6581515069769068,1,0.16666666666666666,"[0, 1, 2, 3, 4, 5]",random_uniform_v1,0,train
case_8ba92cfb,cust_03268bab,57881,card,NETWORK_ERROR,83,,0.7686582878878203,low,0.642499318952712,0,0.16666666666666666,"[0, 1, 2, 3, 4, 5]",random_uniform_v1,0,train
case_f37edd17,cust_925b0e5b,12295,upi,NETWORK_ERROR,3,,0.658619120116781,high,0.23719382829052144,0,0.16666666666666666,"[0, 1, 2, 3, 4, 5]",random_uniform_v1,0,train
case_e7bdcd4b,cust_cf85d7dc,64994,upi,INSUFFICIENT_FUNDS,0,,0.5199880131018418,low,0.36175301110673275,2,0.16666666666666666,"[0, 1, 2, 3, 4, 5]",random_uniform_v1,1,train
case_27a0b458,cust_c48ec84e,157468,netbanking,BANK_DECLINE,40,,0.7615672912667486,medium,0.5295821713204646,4,0.16666666666666666,"[0, 1, 2, 3, 4, 5]",random_uniform_v1,0,test
case_6622db59,cust_a6aadc5d,132765,upi,INSUFFICIENT_FUNDS,11,,0.9373467640853957,high,0.41681834864733913,5,0.16666666666666666,"[0, 1, 2, 3, 4, 5]",random_uniform_v1,1,train
case_f3c7f25f,cust_ef8e135c,170068,card,BANK_TIMEOUT,52,,0.7527426001173045,low,0.06504793756546598,2,0.16666666666666666,"[0, 1, 2, 3, 4, 5]",random_uniform_v1,1,val
case_f3be2dd8,cust_1c9eab00,124695,upi,INSUFFICIENT_FUNDS,143,,0.6453891043897345,low,0.0,5,0.16666666666666666,"[0, 1, 2, 3, 4, 5]",random_uniform_v1,0,train
case_27cb33d2,cust_e45d8068,16754,card,INSUFFICIENT_FUNDS,101,,0.8507257466907111,low,0.2284325943099083,3,0.16666666666666666,"[0, 1, 2, 3, 4, 5]",random_uniform_v1,1,val
case_db3508f1,cust_3abf8d64,94028,upi,NETWORK_ERROR,6,,0.817622565591998,medium,0.29385269165229444,2,0.16666666666666666,"[0, 1, 2, 3, 4, 5]",random_uniform_v1,1,train
case_6b9603a7,cust_af4bfccd,145446,card,INSUFFICIENT_FUNDS,7,,0.6194305712780308,low,0.6153088658871856,2,0.16666666666666666,"[0, 1, 2, 3, 4, 5]",random_uniform_v1,1,train
case_bbd5c6d2,cust_d8d73f22,165490,card,BANK_TIMEOUT,7,,0.7545676459684774,low,0.2890404019522639,5,0.16666666666666666,"[0, 1, 2, 3, 4, 5]",random_uniform_v1,1,train
case_8e2197ea,cust_34270a9b,316029,upi,BANK_TIMEOUT,14,,0.7340500104316232,low,0.05331759783124146,1,0.16666666666666666,"[0, 1, 2, 3, 4, 5]",random_uniform_v1,1,train
case_c148c9c0,cust_e7477c05,68841,upi,INSUFFICIENT_FUNDS,32,,0.8983135410915427,low,0.2766929368799232,0,0.16666666666666666,"[0, 1, 2, 3, 4, 5]",random_uniform_v1,1,test
case_91a88bf0,cust_91fc8209,28924,card,INSUFFICIENT_FUNDS,9,,0.357017279448574,high,0.35073823607496724,4,0.16666666666666666,"[0, 1, 2, 3, 4, 5]",random_uniform_v1,0,train
case_4fde381e,cust_0cab1067,118779,upi,NETWORK_ERROR,60,,0.91231184207351,low,0.43280130341106837,5,0.16666666666666666,"[0, 1, 2, 3, 4, 5]",random_uniform_v1,1,test
case_96f1c136,cust_c5dfe9d0,329358,upi,INSUFFICIENT_FUNDS,4,,1.0,low,0.3317446110587976,5,0.16666666666666666,"[0, 1, 2, 3, 4, 5]",random_uniform_v1,0,train
case_d7ff4066,cust_7cb2f482,655821,card,NETWORK_ERROR,1,,0.9846758836253131,low,0.4505304638388186,3,0.16666666666666666,"[0, 1, 2, 3, 4, 5]",random_uniform_v1,1,val
case_84c2838b,cust_99a89b03,733492,card,BANK_DECLINE,0,,0.16227136629557426,low,0.5393359970026885,1,0.16666666666666666,"[0, 1, 2, 3, 4, 5]",random_uniform_v1,0,train
case_20ddb31d,cust_1d78a816,228811,card,NETWORK_ERROR,10,,0.8122153844600788,low,0.7080044785227936,0,0.16666666666666666,"[0, 1, 2, 3, 4, 5]",random_uniform_v1,1,test
case_6ebc85ec,cust_7cfb1e3a,64931,card,INSUFFICIENT_FUNDS,9,,0.8475949198856768,low,0.13143891635988433,3,0.16666666666666666,"[0, 1, 2, 3, 4, 5]",random_uniform_v1,1,train
case_f8fe72c8,cust_bd2ff83e,307576,upi,BANK_TIMEOUT,8,,0.6376175922846171,medium,0.0,0,0.16666666666666666,"[0, 1, 2, 3, 4, 5]",random_uniform_v1,1,test
case_f1b81583,cust_50d608be,543715,card,NETWORK_ERROR,1,,0.8610868594572936,medium,0.15133259242365482,1,0.16666666666666666,"[0, 1, 2, 3, 4, 5]",random_uniform_v1,1,train
case_caefe52a,cust_6b218431,179517,upi,INSUFFICIENT_FUNDS,35,,0.9156466909587561,low,0.24374705043943448,0,0.16666666666666666,"[0, 1, 2, 3, 4, 5]",random_uniform_v1,1,train
case_d16b1d98,cust_66f3b8e3,51103,upi,NETWORK_ERROR,2,,0.4808705630877689,medium,0.6642322492979734,5,0.16666666666666666,"[0, 1, 2, 3, 4, 5]",random_uniform_v1,1,test
case_827327f7,cust_e4553cd7,129306,upi,NETWORK_ERROR,50,,1.0,low,0.5841736311403518,1,0.16666666666666666,"[0, 1, 2, 3, 4, 5]",random_uniform_v1,1,train
case_41d0f922,cust_215f64b1,43489,upi,INSUFFICIENT_FUNDS,24,,0.8473550730707659,low,0.2026902606938489,3,0.16666666666666666,"[0, 1, 2, 3, 4, 5]",random_uniform_v1,1,test
case_25934d77,cust_b2a08c7c,32238,netbanking,BANK_TIMEOUT,20,,0.9450189256377239,low,0.24757474632743645,3,0.16666666666666666,"[0, 1, 2, 3, 4, 5]",random_uniform_v1,0,test
case_e9d1749f,cust_89c71ab7,350464,upi,INSUFFICIENT_FUNDS,27,,0.4751504577836203,low,0.5360601802164963,3,0.16666666666666666,"[0, 1, 2, 3, 4, 5]",random_uniform_v1,1,train
case_0d5b0d2d,cust_ad1b64c1,129549,upi,BANK_TIMEOUT,11,,0.7990786060887355,high,0.5185259284136252,4,0.16666666666666666,"[0, 1, 2, 3, 4, 5]",random_uniform_v1,1,train
case_1ed49e8d,cust_213992ec,81005,upi,INSUFFICIENT_FUNDS,5,,0.7949062501130325,low,0.46918924323351374,3,0.16666666666666666,"[0, 1, 2, 3, 4, 5]",random_uniform_v1,0,test
case_1942fad5,cust_3e877d9d,76813,upi,NETWORK_ERROR,82,,0.6734398550117129,low,0.33511406563824736,3,0.16666666666666666,"[0, 1, 2, 3, 4, 5]",random_uniform_v1,1,train
case_e5ff7aeb,cust_312c0221,11652,upi,NETWORK_ERROR,1,,0.8189940955532778,low,0.5662548007925396,5,0.16666666666666666,"[0, 1, 2, 3, 4, 5]",random_uniform_v1,1,val
case_a33894dc,cust_e1593b68,22887,netbanking,NETWORK_ERROR,52,,0.6321963087311003,medium,0.44729017946188887,2,0.16666666666666666,"[0, 1, 2, 3, 4, 5]",random_uniform_v1,1,train
case_3cb79871,cust_40eeb7fd,255261,netbanking,BANK_DECLINE,54,,0.7092979508800316,medium,0.543868412566133,1,0.16666666666666666,"[0, 1, 2, 3, 4, 5]",random_uniform_v1,1,test
case_5a07c860,cust_7f4b7a1b,117300,card,INSUFFICIENT_FUNDS,38,,0.607252497618928,medium,0.2523566745526358,1,0.16666666666666666,"[0, 1, 2, 3, 4, 5]",random_uniform_v1,1,val
case_ad1c86b1,cust_b762b78b,44588,upi,INSUFFICIENT_FUNDS,73,,0.5420528004908577,low,0.6134717750142799,5,0.16666666666666666,"[0, 1, 2, 3, 4, 5]",random_uniform_v1,1,train
case_43a0829e,cust_9fa3856d,434631,upi,NETWORK_ERROR,36,,0.8191136436234786,low,0.43429979033384913,3,0.16666666666666666,"[0, 1, 2, 3, 4, 5]",random_uniform_v1,0,val
case_2500b2b3,cust_f899fd49,371493,upi,NETWORK_ERROR,14,,0.7405159558140957,medium,0.18411959439696737,5,0.16666666666666666,"[0, 1, 2, 3, 4, 5]",random_uniform_v1,1,train
case_49a31329,cust_7bd388b4,336903,upi,BANK_TIMEOUT,66,,0.8020067504182621,low,0.43953740959343013,5,0.16666666666666666,"[0, 1, 2, 3, 4, 5]",random_uniform_v1,1,train
case_f888b2ca,cust_eeab7c85,89481,card,INSUFFICIENT_FUNDS,19,,0.799020786681246,medium,0.7698892125714669,3,0.16666666666666666,"[0, 1, 2, 3, 4, 5]",random_uniform_v1,1,train
case_c86a8270,cust_7eeefd28,154856,netbanking,BANK_DECLINE,51,,0.8332422233976238,low,0.574393375630164,5,0.16666666666666666,"[0, 1, 2, 3, 4, 5]",random_uniform_v1,0,test
case_97208e19,cust_88ec6e8b,355071,upi,BANK_TIMEOUT,20,,0.7857502112156982,low,0.45596023154191756,5,0.16666666666666666,"[0, 1, 2, 3, 4, 5]",random_uniform_v1,1,val
case_07e019e7,cust_3e361dd6,439732,upi,BANK_TIMEOUT,20,,0.8895679920702853,medium,0.5471661922670966,2,0.16666666666666666,"[0, 1, 2, 3, 4, 5]",random_uniform_v1,1,train
case_f47b0cee,cust_b9fda3aa,168565,upi,BANK_TIMEOUT,20,,0.8173103574161176,low,0.5089728562226861,2,0.16666666666666666,"[0, 1, 2, 3, 4, 5]",random_uniform_v1,0,train
case_b0307cb7,cust_fc2b01a2,1110387,upi,BANK_TIMEOUT,15,,0.5843733837120897,low,0.5831011038200732,2,0.16666666666666666,"[0, 1, 2, 3, 4, 5]",random_uniform_v1,1,val
case_f135cf38,cust_9b9ce861,15602,card,BANK_DECLINE,100,,0.6686104922544811,low,0.9799873299834235,3,0.16666666666666666,"[0, 1, 2, 3, 4, 5]",random_uniform_v1,1,train
case_cb5fb280,cust_6f95a452,170674,card,INSUFFICIENT_FUNDS,19,,0.6778498997286116,high,0.3197690371546347,2,0.16666666666666666,"[0, 1, 2, 3, 4, 5]",random_uniform_v1,1,train
case_50111f42,cust_523ed33e,20300,upi,NETWORK_ERROR,51,,0.6682145548097954,low,0.3193975172524356,3,0.16666666666666666,"[0, 1, 2, 3, 4, 5]",random_uniform_v1,1,train
case_fa0cfde3,cust_b704a499,318110,netbanking,BANK_DECLINE,76,,0.6263947531817402,medium,0.7663556043806923,3,0.16666666666666666,"[0, 1, 2, 3, 4, 5]",random_uniform_v1,1,train
case_084d340b,cust_bb98303a,10918,netbanking,INSUFFICIENT_FUNDS,0,,1.0,high,0.42094032177945184,3,0.16666666666666666,"[0, 1, 2, 3, 4, 5]",random_uniform_v1,1,train
case_809fa7f2,cust_233f5f17,38158,upi,BANK_TIMEOUT,106,,0.6958857685566889,low,0.6697357975339363,2,0.16666666666666666,"[0, 1, 2, 3, 4, 5]",random_uniform_v1,1,val
case_cf02ec8b,cust_f6093f04,71295,upi,BANK_TIMEOUT,18,,0.8087004761991682,low,0.7618436072635669,1,0.16666666666666666,"[0, 1, 2, 3, 4, 5]",random_uniform_v1,1,train
case_9724fcf2,cust_fdaf3d81,124682,upi,NETWORK_ERROR,56,,0.5975965984868797,low,0.3675443893549259,1,0.16666666666666666,"[0, 1, 2, 3, 4, 5]",random_uniform_v1,0,train
case_bd3a04b6,cust_20d7520f,34699,upi,NETWORK_ERROR,23,,0.5684815718365837,low,0.13252697056516904,4,0.16666666666666666,"[0, 1, 2, 3, 4, 5]",random_uniform_v1,1,train
case_54c57b48,cust_12cf3e98,24032,card,BANK_DECLINE,7,,0.8514306374020953,low,0.07491690056824915,1,0.16666666666666666,"[0, 1, 2, 3, 4, 5]",random_uniform_v1,1,val
case_b1c98025,cust_07b7053c,27130,upi,NETWORK_ERROR,55,,0.8723247679448756,low,0.8183706973646983,0,0.16666666666666666,"[0, 1, 2, 3, 4, 5]",random_uniform_v1,0,train
case_760f98b9,cust_f317544f,189268,upi,BANK_TIMEOUT,9,,0.7708731540549569,high,0.599293244852335,4,0.16666666666666666,"[0, 1, 2, 3, 4, 5]",random_uniform_v1,1,train
case_5a0b9244,cust_ce844267,59173,card,BANK_TIMEOUT,44,,0.7429803099041585,low,0.0,5,0.16666666666666666,"[0, 1, 2, 3, 4, 5]",random_uniform_v1,1,train
case_dcf8b158,cust_baeb87b9,206210,upi,NETWORK_ERROR,47,,0.6365050894005725,low,0.02425021272445889,3,0.16666666666666666,"[0, 1, 2, 3, 4, 5]",random_uniform_v1,0,train
case_dbd3f0a9,cust_dfa2a609,61866,card,BANK_DECLINE,3,,0.8910263212682383,high,0.13739568425650014,3,0.16666666666666666,"[0, 1, 2, 3, 4, 5]",random_uniform_v1,0,train
case_df6225c5,cust_65dc90bb,33546,card,BANK_DECLINE,6,,0.8551540285788753,low,0.1865204463626901,0,0.16666666666666666,"[0, 1, 2, 3, 4, 5]",random_uniform_v1,1,test
case_7c6b18b7,cust_f8d56d29,68100,netbanking,INSUFFICIENT_FUNDS,19,,0.8062961373737004,low,0.8404109764898271,0,0.16666666666666666,"[0, 1, 2, 3, 4, 5]",random_uniform_v1,1,train
case_988be4bb,cust_a3004075,38396,upi,BANK_TIMEOUT,52,,0.6903961560555689,medium,0.6261234177906491,3,0.16666666666666666,"[0, 1, 2, 3, 4, 5]",random_uniform_v1,1,test
case_6ae5733e,cust_5d892552,68412,card,NETWORK_ERROR,50,,0.5431557153607462,low,0.549089521432987,2,0.16666666666666666,"[0, 1, 2, 3, 4, 5]",random_uniform_v1,1,val
case_d6954699,cust_83389249,229091,upi,INSUFFICIENT_FUNDS,18,,0.815617547148667,low,0.0970382185600991,4,0.16666666666666666,"[0, 1, 2, 3, 4, 5]",random_uniform_v1,1,train
case_1ca3c775,cust_18e87e7a,182605,netbanking,INSUFFICIENT_FUNDS,3,,0.5689237422548061,high,0.4427831212131301,5,0.16666666666666666,"[0, 1, 2, 3, 4, 5]",random_uniform_v1,1,test
case_76afb7c9,cust_b42c94e6,39301,netbanking,BANK_DECLINE,4,,0.803765699315072,low,0.4760036366564877,1,0.16666666666666666,"[0, 1, 2, 3, 4, 5]",random_uniform_v1,0,train
case_d1b263a2,cust_c58f38b5,16799,upi,NETWORK_ERROR,12,,0.6778860369811207,low,0.299551960378544,0,0.16666666666666666,"[0, 1, 2, 3, 4, 5]",random_uniform_v1,1,train
case_d8146dec,cust_a55b6ce7,78328,upi,NETWORK_ERROR,50,,0.5403065128810784,low,0.31378584302576634,5,0.16666666666666666,"[0, 1, 2, 3, 4, 5]",random_uniform_v1,1,test
case_ba732d68,cust_8211f92d,693473,netbanking,NETWORK_ERROR,23,,0.5283051036357411,medium,0.2422313391475055,1,0.16666666666666666,"[0, 1, 2, 3, 4, 5]",random_uniform_v1,1,val
case_2a23d87c,cust_b2709622,45623,card,BANK_DECLINE,42,,0.37023976580083223,low,0.1874047040692331,0,0.16666666666666666,"[0, 1, 2, 3, 4, 5]",random_uniform_v1,0,train
case_8c3ea3f3,cust_e8324d74,737350,netbanking,INSUFFICIENT_FUNDS,84,,0.9786610332410837,low,0.8001646048542577,3,0.16666666666666666,"[0, 1, 2, 3, 4, 5]",random_uniform_v1,1,val
case_a4456b2f,cust_043b4386,25738,upi,INSUFFICIENT_FUNDS,3,,1.0,low,0.3428336088402827,3,0.16666666666666666,"[0, 1, 2, 3, 4, 5]",random_uniform_v1,0,train
case_cf447230,cust_180aa19f,169521,card,BANK_TIMEOUT,7,,0.6222159389656243,low,0.09149526722076023,3,0.16666666666666666,"[0, 1, 2, 3, 4, 5]",random_uniform_v1,0,test
case_d5f56f46,cust_d091b075,63566,netbanking,INSUFFICIENT_FUNDS,31,,0.6382295175534995,low,0.13468789627483402,0,0.16666666666666666,"[0, 1, 2, 3, 4, 5]",random_uniform_v1,0,train
case_d61998be,cust_03863d00,28710,upi,INSUFFICIENT_FUNDS,10,,0.82174877337414,high,0.3464972137283482,5,0.16666666666666666,"[0, 1, 2, 3, 4, 5]",random_uniform_v1,1,train
case_e0dc102e,cust_765c9c20,94684,upi,INSUFFICIENT_FUNDS,27,,0.6002278853186431,low,0.2517703266747198,4,0.16666666666666666,"[0, 1, 2, 3, 4, 5]",random_uniform_v1,0,val
case_7cb9b2f8,cust_6b921834,455338,card,BANK_DECLINE,19,,0.833723088045193,low,1.0,5,0.16666666666666666,"[0, 1, 2, 3, 4, 5]",random_uniform_v1,1,val
case_cb902102,cust_7434ca8d,254470,upi,INSUFFICIENT_FUNDS,2,,0.7883952230552463,medium,0.4524958251884864,0,0.16666666666666666,"[0, 1, 2, 3, 4, 5]",random_uniform_v1,1,val
case_8c3d82b0,cust_1ce31d8e,28696,upi,BANK_TIMEOUT,49,,0.7576571320807223,high,0.15949353180042394,0,0.16666666666666666,"[0, 1, 2, 3, 4, 5]",random_uniform_v1,1,train
case_ea59b24d,cust_8be8c434,73251,upi,NETWORK_ERROR,19,,0.8313475350317138,medium,0.21719504812387327,4,0.16666666666666666,"[0, 1, 2, 3, 4, 5]",random_uniform_v1,0,train
case_a9265477,cust_e08796fc,168127,card,INSUFFICIENT_FUNDS,0,,0.7133092508662536,low,0.8731170954770633,0,0.16666666666666666,"[0, 1, 2, 3, 4, 5]",random_uniform_v1,1,train
case_1eb24533,cust_174e7a51,92622,card,BANK_TIMEOUT,20,,0.7751811798926346,low,0.356860326117817,1,0.16666666666666666,"[0, 1, 2, 3, 4, 5]",random_uniform_v1,1,train
case_93eb2044,cust_23012b3d,239243,card,BANK_DECLINE,10,,0.46205508545841345,low,0.41393829105217583,2,0.16666666666666666,"[0, 1, 2, 3, 4, 5]",random_uniform_v1,1,train
case_449bfb5d,cust_dc386f88,47992,card,BANK_DECLINE,4,,0.9128816670355571,low,0.18964592476106584,3,0.16666666666666666,"[0, 1, 2, 3, 4, 5]",random_uniform_v1,1,train
case_5ea09ba5,cust_54a5d558,414209,card,INSUFFICIENT_FUNDS,26,,0.674253541595897,medium,0.6759463376280281,1,0.16666666666666666,"[0, 1, 2, 3, 4, 5]",random_uniform_v1,0,train
case_7e651d03,cust_a475be0a,471971,card,BANK_DECLINE,18,,0.6537366662319452,low,0.8971986202905621,4,0.16666666666666666,"[0, 1, 2, 3, 4, 5]",random_uniform_v1,0,train
case_60d0945e,cust_90445340,501729,upi,INSUFFICIENT_FUNDS,11,,0.7621366926792235,low,0.23099646195908113,0,0.16666666666666666,"[0, 1, 2, 3, 4, 5]",random_uniform_v1,1,test
case_67bd95a0,cust_62239af5,90280,upi,NETWORK_ERROR,12,,0.6167815552666653,high,0.36148909677421115,5,0.16666666666666666,"[0, 1, 2, 3, 4, 5]",random_uniform_v1,1,train
case_38f1ced4,cust_57f19044,18559,upi,INSUFFICIENT_FUNDS,11,,0.7775386646471659,medium,0.8023739764884211,5,0.16666666666666666,"[0, 1, 2, 3, 4, 5]",random_uniform_v1,1,train
case_e18ed32c,cust_96b4c515,287344,upi,BANK_TIMEOUT,7,,0.7451252461933835,low,0.36411836602737646,1,0.16666666666666666,"[0, 1, 2, 3, 4, 5]",random_uniform_v1,1,train
case_4927a920,cust_8656912f,909132,netbanking,INSUFFICIENT_FUNDS,18,,1.0,low,0.0,4,0.16666666666666666,"[0, 1, 2, 3, 4, 5]",random_uniform_v1,0,train
case_e490ee82,cust_f4718143,24721,card,BANK_DECLINE,3,,0.9618078678514463,low,0.2257734843350715,5,0.16666666666666666,"[0, 1, 2, 3, 4, 5]",random_uniform_v1,1,train
case_cd9a0f9a,cust_72d90583,9565,card,BANK_DECLINE,36,,0.36235699407014244,low,0.35535038230946314,1,0.16666666666666666,"[0, 1, 2, 3, 4, 5]",random_uniform_v1,1,train
case_be5fb89a,cust_c1261865,20626,upi,BANK_TIMEOUT,2,,0.3810628346963144,medium,0.6845825441783286,1,0.16666666666666666,"[0, 1, 2, 3, 4, 5]",random_uniform_v1,1,train
case_8c4502f9,cust_ce8bd930,31867,card,BANK_DECLINE,9,,0.4473909384661978,medium,0.8655550079638746,5,0.16666666666666666,"[0, 1, 2, 3, 4, 5]",random_uniform_v1,1,val
case_5c8b5c39,cust_8b9a351a,27615,upi,BANK_TIMEOUT,12,,0.6722847271036725,low,0.5132966215456662,0,0.16666666666666666,"[0, 1, 2, 3, 4, 5]",random_uniform_v1,1,train
case_e90cbe51,cust_7e68d0c9,82446,upi,INSUFFICIENT_FUNDS,18,,0.7053649582905364,medium,0.5202638044946524,5,0.16666666666666666,"[0, 1, 2, 3, 4, 5]",random_uniform_v1,1,train
case_f73d0eb8,cust_7456ba16,619321,card,BANK_DECLINE,19,,0.7410597842631506,low,0.3201273200665285,5,0.16666666666666666,"[0, 1, 2, 3, 4, 5]",random_uniform_v1,1,train
case_e8d47bad,cust_c318d51c,91532,card,BANK_DECLINE,22,,0.9883980464773078,low,0.42519894536197567,4,0.16666666666666666,"[0, 1, 2, 3, 4, 5]",random_uniform_v1,1,test
case_04960d0b,cust_15fb10e0,172747,upi,NETWORK_ERROR,21,,1.0,low,0.1491397661322033,1,0.16666666666666666,"[0, 1, 2, 3, 4, 5]",random_uniform_v1,1,train
case_d452118d,cust_f079f100,29520,card,BANK_DECLINE,9,,0.820333462554378,medium,0.3786599917332645,4,0.16666666666666666,"[0, 1, 2, 3, 4, 5]",random_uniform_v1,0,train
case_6045426d,cust_f15fe7dc,335315,upi,BANK_TIMEOUT,5,,0.6847338252516363,low,0.547808571958132,4,0.16666666666666666,"[0, 1, 2, 3, 4, 5]",random_uniform_v1,1,train
case_43dbaf4f,cust_117bfba3,102723,card,INSUFFICIENT_FUNDS,23,,0.5184434752348464,low,0.36909324540778415,2,0.16666666666666666,"[0, 1, 2, 3, 4, 5]",random_uniform_v1,1,train
case_67c74885,cust_b2406585,15696,upi,NETWORK_ERROR,15,,0.6007752710322012,high,0.42428096961564604,5,0.16666666666666666,"[0, 1, 2, 3, 4, 5]",random_uniform_v1,1,train
case_73c99003,cust_b1895846,105691,upi,BANK_TIMEOUT,76,,0.8695835989486868,medium,0.749516610442622,4,0.16666666666666666,"[0, 1, 2, 3, 4, 5]",random_uniform_v1,1,train
case_50372a87,cust_a147ce89,329249,card,BANK_DECLINE,7,,0.8421243759008844,low,0.10032770128938708,3,0.16666666666666666,"[0, 1, 2, 3, 4, 5]",random_uniform_v1,0,train
case_1b8f9510,cust_d0191967,119249,upi,BANK_TIMEOUT,23,,0.31514994282946884,low,0.5974222528364929,2,0.16666666666666666,"[0, 1, 2, 3, 4, 5]",random_uniform_v1,1,val
case_b1be3dc5,cust_bc8ddedd,2990610,upi,NETWORK_ERROR,5,,0.8887073856627193,low,0.2047467989615454,2,0.16666666666666666,"[0, 1, 2, 3, 4, 5]",random_uniform_v1,1,train
case_bc935592,cust_22a27fa1,13478,upi,NETWORK_ERROR,3,,0.8690203778503549,high,0.03263500332559617,0,0.16666666666666666,"[0, 1, 2, 3, 4, 5]",random_uniform_v1,1,train
case_89d4f05f,cust_b7d20b27,19697,upi,INSUFFICIENT_FUNDS,21,,0.8018216975885917,low,0.0,0,0.16666666666666666,"[0, 1, 2, 3, 4, 5]",random_uniform_v1,0,train
case_eefad276,cust_f0609034,141042,upi,INSUFFICIENT_FUNDS,114,,0.7781709198652469,low,0.7849291211570377,2,0.16666666666666666,"[0, 1, 2, 3, 4, 5]",random_uniform_v1,1,train
case_cbee819a,cust_9b2f60da,215547,card,NETWORK_ERROR,60,,1.0,low,0.2580259262976371,1,0.16666666666666666,"[0, 1, 2, 3, 4, 5]",random_uniform_v1,1,train
case_8e6d433a,cust_9f49612d,33890,upi,INSUFFICIENT_FUNDS,30,,0.7351800004683461,low,0.7680261148019476,0,0.16666666666666666,"[0, 1, 2, 3, 4, 5]",random_uniform_v1,0,train
case_416600e7,cust_b5a98d91,59484,card,BANK_DECLINE,11,,0.31808416814107865,low,0.5738649838604235,3,0.16666666666666666,"[0, 1, 2, 3, 4, 5]",random_uniform_v1,1,train
case_69d5b625,cust_50bfa753,25020,upi,INSUFFICIENT_FUNDS,140,,0.8390060360312248,low,0.11399193311332023,0,0.16666666666666666,"[0, 1, 2, 3, 4, 5]",random_uniform_v1,1,train
case_fd5f20be,cust_e60ccbbc,7293,card,BANK_DECLINE,19,,0.7219699190069028,high,0.3042013288208199,2,0.16666666666666666,"[0, 1, 2, 3, 4, 5]",random_uniform_v1,1,train
case_a4b5858a,cust_e63fb14c,111727,card,BANK_DECLINE,0,,0.6437786451450949,low,0.3137673329310071,3,0.16666666666666666,"[0, 1, 2, 3, 4, 5]",random_uniform_v1,1,train
case_7a6b82b4,cust_e0125b78,129132,upi,BANK_TIMEOUT,2,,0.8368001706911684,low,0.5121979363539652,4,0.16666666666666666,"[0, 1, 2, 3, 4, 5]",random_uniform_v1,1,train
case_c664e84a,cust_e659d13f,64216,upi,BANK_TIMEOUT,60,,0.7401463219055395,high,0.3873531357616094,3,0.16666666666666666,"[0, 1, 2, 3, 4, 5]",random_uniform_v1,0,train
case_00409c3a,cust_cf8aa62f,367429,netbanking,BANK_DECLINE,20,,0.3792100313971487,medium,0.3299717677704725,0,0.16666666666666666,"[0, 1, 2, 3, 4, 5]",random_uniform_v1,1,test
case_67e91999,cust_6801543d,33719,upi,BANK_TIMEOUT,2,,0.4449627195583467,medium,0.5503294808220262,5,0.16666666666666666,"[0, 1, 2, 3, 4, 5]",random_uniform_v1,1,val
case_11a96dfd,cust_1f75d316,66286,card,NETWORK_ERROR,12,,0.6592447651322358,low,0.5977850346832652,1,0.16666666666666666,"[0, 1, 2, 3, 4, 5]",random_uniform_v1,1,train
case_9cb618e3,cust_aac534ae,511888,upi,NETWORK_ERROR,31,,0.7275955716901552,medium,0.23091257656139763,0,0.16666666666666666,"[0, 1, 2, 3, 4, 5]",random_uniform_v1,1,val
case_5166a463,cust_a584a456,129159,netbanking,BANK_DECLINE,30,,0.5542282281230353,medium,0.38933239521058294,1,0.16666666666666666,"[0, 1, 2, 3, 4, 5]",random_uniform_v1,1,test
case_fa298907,cust_d1237271,205258,upi,INSUFFICIENT_FUNDS,7,,0.7968842722782837,low,0.5330091298739181,1,0.16666666666666666,"[0, 1, 2, 3, 4, 5]",random_uniform_v1,0,test
case_fdaf61bb,cust_68ebbf1f,94364,card,NETWORK_ERROR,137,,0.5002366429399172,medium,0.10222913060746848,5,0.16666666666666666,"[0, 1, 2, 3, 4, 5]",random_uniform_v1,1,train
case_8b7de8cf,cust_e84fac4e,66071,upi,INSUFFICIENT_FUNDS,52,,0.736143653318323,low,0.11920437967966077,4,0.16666666666666666,"[0, 1, 2, 3, 4, 5]",random_uniform_v1,0,train
case_2fa8a1c6,cust_18d9990d,113764,card,NETWORK_ERROR,23,,1.0,medium,0.295440475656886,1,0.16666666666666666,"[0, 1, 2, 3, 4, 5]",random_uniform_v1,1,train
case_61df56b7,cust_6769144e,73560,upi,INSUFFICIENT_FUNDS,14,,0.7947151595584662,low,0.3079651122128816,1,0.16666666666666666,"[0, 1, 2, 3, 4, 5]",random_uniform_v1,0,train
case_9c175e1f,cust_1faf9343,42123,netbanking,INSUFFICIENT_FUNDS,23,,0.840801024629324,low,0.5704243526017861,0,0.16666666666666666,"[0, 1, 2, 3, 4, 5]",random_uniform_v1,0,train
case_6c7c56a7,cust_d8e3f27f,27091,upi,BANK_TIMEOUT,35,,0.9920446487814408,low,0.3589933175654192,0,0.16666666666666666,"[0, 1, 2, 3, 4, 5]",random_uniform_v1,1,val
case_51851567,cust_d752e0d8,125920,upi,NETWORK_ERROR,40,,0.5676935721495179,medium,0.6917188644911152,0,0.16666666666666666,"[0, 1, 2, 3, 4, 5]",random_uniform_v1,0,test
case_a042b6ec,cust_474478e7,69038,upi,BANK_TIMEOUT,1,,0.6831613560892896,low,0.5473884764256545,5,0.16666666666666666,"[0, 1, 2, 3, 4, 5]",random_uniform_v1,1,train
case_bd574dfc,cust_6a32f590,471801,card,BANK_TIMEOUT,51,,0.9191627575076919,low,0.08938763505686806,3,0.16666666666666666,"[0, 1, 2, 3, 4, 5]",random_uniform_v1,1,train
case_37588d5b,cust_7ece385d,15209,card,BANK_DECLINE,102,,0.9792641925962756,low,0.16308440247250894,2,0.16666666666666666,"[0, 1, 2, 3, 4, 5]",random_uniform_v1,1,train
case_d2ae65c8,cust_9923d549,34751,card,BANK_DECLINE,29,,0.6904816917468706,medium,0.8587013080285149,0,0.16666666666666666,"[0, 1, 2, 3, 4, 5]",random_uniform_v1,0,train
case_3ea6e645,cust_e943049f,259273,card,BANK_DECLINE,26,,0.8861978073082255,medium,0.2537845719093489,5,0.16666666666666666,"[0, 1, 2, 3, 4, 5]",random_uniform_v1,1,train
case_e832839c,cust_ca62e49c,99432,upi,NETWORK_ERROR,4,,0.7204135194794222,low,0.6089942976193236,1,0.16666666666666666,"[0, 1, 2, 3, 4, 5]",random_uniform_v1,1,train
case_ffb0d5ff,cust_c599e503,57802,upi,INSUFFICIENT_FUNDS,55,,0.8300390520538687,low,0.7171713440199471,2,0.16666666666666666,"[0, 1, 2, 3, 4, 5]",random_uniform_v1,1,train
case_cbfa7240,cust_a1e88767,227821,upi,INSUFFICIENT_FUNDS,2,,0.9825411877590804,low,0.23648915750571964,3,0.16666666666666666,"[0, 1, 2, 3, 4, 5]",random_uniform_v1,1,train
case_685c7ece,cust_1ade1ebd,385120,upi,BANK_TIMEOUT,96,,0.507647688931446,low,0.2115527188019726,4,0.16666666666666666,"[0, 1, 2, 3, 4, 5]",random_uniform_v1,1,train
case_f1487008,cust_d462eae1,185115,card,INSUFFICIENT_FUNDS,26,,0.9347864369199642,low,0.5526296331878168,0,0.16666666666666666,"[0, 1, 2, 3, 4, 5]",random_uniform_v1,1,train
case_01ec1569,cust_90168c63,134986,card,INSUFFICIENT_FUNDS,157,,0.7299783922653695,low,0.29054566857199227,2,0.16666666666666666,"[0, 1, 2, 3, 4, 5]",random_uniform_v1,1,train
case_b7c9f4fc,cust_0bda8045,110868,netbanking,BANK_TIMEOUT,8,,0.6055908681520121,low,0.15003361879753468,2,0.16666666666666666,"[0, 1, 2, 3, 4, 5]",random_uniform_v1,1,train
case_c2d86a6d,cust_2fb723f7,361356,card,BANK_DECLINE,4,,0.43068205944368876,low,0.5039534502153894,2,0.16666666666666666,"[0, 1, 2, 3, 4, 5]",random_uniform_v1,1,train
case_d9d41cf7,cust_c2bd5b5d,116018,card,BANK_DECLINE,2,,0.994732726933623,low,0.426122021688047,4,0.16666666666666666,"[0, 1, 2, 3, 4, 5]",random_uniform_v1,1,train
case_02582aac,cust_4e74e628,21779,card,BANK_DECLINE,17,,0.724899859942868,low,0.515181893514766,0,0.16666666666666666,"[0, 1, 2, 3, 4, 5]",random_uniform_v1,0,train
case_06f7f409,cust_948ac3bf,120988,card,INSUFFICIENT_FUNDS,0,,0.5088428604203739,low,0.49669050976844176,4,0.16666666666666666,"[0, 1, 2, 3, 4, 5]",random_uniform_v1,0,test
case_2a68d895,cust_3fb0800b,49039,upi,BANK_TIMEOUT,32,,0.6742100831653656,low,0.9017421275049174,0,0.16666666666666666,"[0, 1, 2, 3, 4, 5]",random_uniform_v1,0,train
case_7db2e9e2,cust_f204ae49,33069,upi,INSUFFICIENT_FUNDS,22,,0.8328210314599056,low,0.21218191441665257,1,0.16666666666666666,"[0, 1, 2, 3, 4, 5]",random_uniform_v1,1,train
case_b558ee98,cust_301ec56b,302366,upi,BANK_TIMEOUT,17,,0.6861415185408175,low,0.19511058387282262,0,0.16666666666666666,"[0, 1, 2, 3, 4, 5]",random_uniform_v1,1,train
case_8cf2e09e,cust_3c056b00,63136,upi,BANK_TIMEOUT,23,,1.0,medium,0.667512867242241,1,0.16666666666666666,"[0, 1, 2, 3, 4, 5]",random_uniform_v1,1,val
case_a075e5d7,cust_32af4860,68757,upi,NETWORK_ERROR,3,,0.23660506518615587,low,0.5630090261223307,3,0.16666666666666666,"[0, 1, 2, 3, 4, 5]",random_uniform_v1,1,train
case_64b2e494,cust_aba2b4b6,706273,upi,INSUFFICIENT_FUNDS,8,,0.7740486228117628,low,0.9293256799268834,5,0.16666666666666666,"[0, 1, 2, 3, 4, 5]",random_uniform_v1,1,train
case_56d0e567,cust_b39c8793,74874,upi,INSUFFICIENT_FUNDS,109,,0.6096837907381801,medium,0.05189829001488476,5,0.16666666666666666,"[0, 1, 2, 3, 4, 5]",random_uniform_v1,1,val
case_4c6df213,cust_7ceed796,183174,netbanking,NETWORK_ERROR,7,,0.8426809826544904,low,0.45729423494929056,4,0.16666666666666666,"[0, 1, 2, 3, 4, 5]",random_uniform_v1,1,train
case_43452f5d,cust_54048ee9,17239,upi,INSUFFICIENT_FUNDS,34,,0.9733923488082106,low,0.29491199508327093,4,0.16666666666666666,"[0, 1, 2, 3, 4, 5]",random_uniform_v1,1,train
case_0665b178,cust_7ad995bc,204324,upi,BANK_TIMEOUT,10,,0.7718528584641714,low,0.1982236238323002,2,0.16666666666666666,"[0, 1, 2, 3, 4, 5]",random_uniform_v1,1,train
case_92a09da9,cust_185f8190,27937,card,BANK_DECLINE,7,,0.8753259509588356,low,0.7349416413624269,0,0.16666666666666666,"[0, 1, 2, 3, 4, 5]",random_uniform_v1,1,train
case_defeed00,cust_dea6402d,561735,card,BANK_DECLINE,1,,0.9072107236481055,medium,0.36628216761685833,4,0.16666666666666666,"[0, 1, 2, 3, 4, 5]",random_uniform_v1,1,train
case_208fcf39,cust_1fb921a8,226214,upi,INSUFFICIENT_FUNDS,6,,0.5640586044779936,low,0.032945533223723594,4,0.16666666666666666,"[0, 1, 2, 3, 4, 5]",random_uniform_v1,1,train
case_22e8da7e,cust_ad1db816,247580,upi,BANK_TIMEOUT,23,,0.7222670379089232,low,0.04990225641393975,0,0.16666666666666666,"[0, 1, 2, 3, 4, 5]",random_uniform_v1,1,train
case_d7ed4017,cust_954b55e3,87951,upi,INSUFFICIENT_FUNDS,7,,0.8502308664879895,medium,0.18433572093081607,1,0.16666666666666666,"[0, 1, 2, 3, 4, 5]",random_uniform_v1,1,train
case_c7d8fd93,cust_b7d6535c,92645,upi,BANK_TIMEOUT,4,,1.0,low,0.7791586469534427,1,0.16666666666666666,"[0, 1, 2, 3, 4, 5]",random_uniform_v1,1,val
case_c9d10240,cust_2b2e4428,24215,card,BANK_TIMEOUT,90,,0.8030562374065529,low,0.5812224189605996,4,0.16666666666666666,"[0, 1, 2, 3, 4, 5]",random_uniform_v1,1,test
case_3d2d2810,cust_94c4b4b5,103489,upi,INSUFFICIENT_FUNDS,7,,0.7462749894673653,low,0.6946769586626474,3,0.16666666666666666,"[0, 1, 2, 3, 4, 5]",random_uniform_v1,1,train
case_9b217e45,cust_98f7cbea,33600,card,INSUFFICIENT_FUNDS,4,,0.8891774882482893,low,0.07777984821176423,1,0.16666666666666666,"[0, 1, 2, 3, 4, 5]",random_uniform_v1,0,train
case_3bbdae29,cust_a16c01e8,22613,upi,NETWORK_ERROR,15,,0.835899121436336,low,0.1229318701827331,3,0.16666666666666666,"[0, 1, 2, 3, 4, 5]",random_uniform_v1,1,train
case_ac9d2982,cust_30f39f17,2316,upi,BANK_TIMEOUT,45,,0.7168844569976467,low,0.43814518911359246,5,0.16666666666666666,"[0, 1, 2, 3, 4, 5]",random_uniform_v1,1,test
case_b72a29b9,cust_25833f91,120248,upi,INSUFFICIENT_FUNDS,17,,0.4270151517801507,low,0.39609370924152343,3,0.16666666666666666,"[0, 1, 2, 3, 4, 5]",random_uniform_v1,0,val
case_1407ab89,cust_d86c0325,2234444,netbanking,INSUFFICIENT_FUNDS,36,,0.6979724784166053,low,0.07423128273689189,3,0.16666666666666666,"[0, 1, 2, 3, 4, 5]",random_uniform_v1,0,train
case_3786c719,cust_f2537ce5,262205,upi,INSUFFICIENT_FUNDS,43,,0.8548369022415996,medium,0.22941873975481852,4,0.16666666666666666,"[0, 1, 2, 3, 4, 5]",random_uniform_v1,1,train
case_daae2c7d,cust_662157b2,100445,upi,NETWORK_ERROR,2,,0.6674975944441897,low,0.20560427651686616,3,0.16666666666666666,"[0, 1, 2, 3, 4, 5]",random_uniform_v1,0,train
case_21830a58,cust_36284944,224344,netbanking,BANK_TIMEOUT,41,,0.6875588085510937,low,0.3706737508848253,2,0.16666666666666666,"[0, 1, 2, 3, 4, 5]",random_uniform_v1,1,test
case_e35e5c36,cust_22821c7c,35851,card,BANK_DECLINE,40,,0.7648309665195734,low,0.5956388857389727,3,0.16666666666666666,"[0, 1, 2, 3, 4, 5]",random_uniform_v1,0,train
case_67a7f544,cust_28bbb740,69316,card,BANK_DECLINE,77,,0.664660420487637,low,0.36996032651631855,1,0.16666666666666666,"[0, 1, 2, 3, 4, 5]",random_uniform_v1,0,test
case_577aa565,cust_1e16f51c,11241,card,INSUFFICIENT_FUNDS,19,,0.6245560983464282,low,0.19087507731896394,2,0.16666666666666666,"[0, 1, 2, 3, 4, 5]",random_uniform_v1,1,train
case_da5c16d1,cust_1556e03e,130993,upi,INSUFFICIENT_FUNDS,98,,0.6468124041285175,medium,0.46419102594228795,3,0.16666666666666666,"[0, 1, 2, 3, 4, 5]",random_uniform_v1,1,train
case_c55c1c67,cust_4b082ea5,521961,card,BANK_DECLINE,17,,0.9280901162587378,low,0.5370090432999964,2,0.16666666666666666,"[0, 1, 2, 3, 4, 5]",random_uniform_v1,1,test
case_b969cb1c,cust_f0529be5,1938442,upi,INSUFFICIENT_FUNDS,6,,0.5896310420043277,low,0.7720453590788221,5,0.16666666666666666,"[0, 1, 2, 3, 4, 5]",random_uniform_v1,0,train
case_c26c61fd,cust_fb0d4a9f,9983,card,BANK_DECLINE,34,,0.8828917756162523,low,0.5640014616607157,0,0.16666666666666666,"[0, 1, 2, 3, 4, 5]",random_uniform_v1,1,train
case_2fdeff1c,cust_456247dc,48627,card,BANK_DECLINE,74,,0.6472372258676546,medium,0.5859726044318332,2,0.16666666666666666,"[0, 1, 2, 3, 4, 5]",random_uniform_v1,0,train
case_29009d45,cust_e37940eb,865965,upi,INSUFFICIENT_FUNDS,33,,0.9359871034865703,low,0.0892358959629351,3,0.16666666666666666,"[0, 1, 2, 3, 4, 5]",random_uniform_v1,1,train
case_3e27e31f,cust_cf0a328c,52455,upi,INSUFFICIENT_FUNDS,42,,0.8423669484718447,medium,0.3591984792843149,0,0.16666666666666666,"[0, 1, 2, 3, 4, 5]",random_uniform_v1,0,train
case_dc5b30f6,cust_9e396f4d,558581,upi,INSUFFICIENT_FUNDS,7,,0.6616309033450527,medium,0.9173754347389029,2,0.16666666666666666,"[0, 1, 2, 3, 4, 5]",random_uniform_v1,1,train
case_308804fe,cust_f60951ed,26072,card,BANK_DECLINE,1,,0.8386816805558278,low,0.12085615037306233,4,0.16666666666666666,"[0, 1, 2, 3, 4, 5]",random_uniform_v1,0,train
case_63464dd2,cust_3dae2c2a,141609,upi,BANK_TIMEOUT,89,,0.6495552854740791,high,0.6877229129155527,4,0.16666666666666666,"[0, 1, 2, 3, 4, 5]",random_uniform_v1,1,train
case_c074d72c,cust_8aaa7b0c,43700,card,BANK_DECLINE,57,,0.7862142066157021,low,0.16662764512089565,2,0.16666666666666666,"[0, 1, 2, 3, 4, 5]",random_uniform_v1,1,test
case_1d6ff959,cust_e0b63503,25458,upi,BANK_TIMEOUT,10,,0.8165817773470618,medium,0.4381946315506986,1,0.16666666666666666,"[0, 1, 2, 3, 4, 5]",random_uniform_v1,1,test
case_8b7ee5d3,cust_eaad588f,343562,upi,INSUFFICIENT_FUNDS,37,,0.7703264254202429,medium,0.15881367748971845,1,0.16666666666666666,"[0, 1, 2, 3, 4, 5]",random_uniform_v1,0,test
case_62508d9f,cust_6631f81b,86034,upi,INSUFFICIENT_FUNDS,42,,0.9147309390118825,low,0.10297452446297062,1,0.16666666666666666,"[0, 1, 2, 3, 4, 5]",random_uniform_v1,0,train
case_038bf9b0,cust_909dee5a,59935,card,NETWORK_ERROR,10,,0.7382932123921634,low,0.4849420116401349,0,0.16666666666666666,"[0, 1, 2, 3, 4, 5]",random_uniform_v1,1,train
case_421840c8,cust_b40c3a42,28161,upi,INSUFFICIENT_FUNDS,3,,0.4637410661081722,medium,0.4354455996686421,3,0.16666666666666666,"[0, 1, 2, 3, 4, 5]",random_uniform_v1,1,train
case_64c4a263,cust_00c7b836,229312,upi,NETWORK_ERROR,12,,0.6375312332448712,low,0.6648125108954722,5,0.16666666666666666,"[0, 1, 2, 3, 4, 5]",random_uniform_v1,1,train
case_01d47b7d,cust_9ef7610b,88000,card,BANK_TIMEOUT,15,,0.5184426160945885,low,0.43724213698871806,1,0.16666666666666666,"[0, 1, 2, 3, 4, 5]",random_uniform_v1,1,train
case_af6e46b0,cust_dc36c8a4,53563,upi,BANK_TIMEOUT,42,,0.6732523843253158,medium,0.7254521130848687,5,0.16666666666666666,"[0, 1, 2, 3, 4, 5]",random_uniform_v1,1,train
case_926e1c8d,cust_257bc770,673848,netbanking,INSUFFICIENT_FUNDS,31,,0.38873132931523613,low,0.4351291264154618,5,0.16666666666666666,"[0, 1, 2, 3, 4, 5]",random_uniform_v1,1,train
case_b79618b2,cust_6de4b3f1,84512,upi,BANK_TIMEOUT,22,,0.8725156112808685,low,0.4429047983904148,4,0.16666666666666666,"[0, 1, 2, 3, 4, 5]",random_uniform_v1,1,train
case_465e5e9c,cust_9b24be3c,45445,upi,BANK_TIMEOUT,77,,0.7250113681331714,medium,0.30835452101386857,0,0.16666666666666666,"[0, 1, 2, 3, 4, 5]",random_uniform_v1,0,train
case_9aeb646f,cust_18a0e343,527436,upi,INSUFFICIENT_FUNDS,43,,0.6328670536496449,low,0.34301095355962985,1,0.16666666666666666,"[0, 1, 2, 3, 4, 5]",random_uniform_v1,1,train
case_11ee3994,cust_e4ee79db,66082,upi,INSUFFICIENT_FUNDS,36,,0.7158518854074811,low,0.6807924024278381,2,0.16666666666666666,"[0, 1, 2, 3, 4, 5]",random_uniform_v1,1,train
case_22dbaa9d,cust_d260280b,633100,upi,BANK_TIMEOUT,9,,0.6141671613053887,low,0.3945818119451137,4,0.16666666666666666,"[0, 1, 2, 3, 4, 5]",random_uniform_v1,1,test
case_7a6dcea9,cust_69a39199,45858,netbanking,BANK_DECLINE,26,,0.6149591372963976,low,0.27080801821734385,0,0.16666666666666666,"[0, 1, 2, 3, 4, 5]",random_uniform_v1,0,val
case_df91d5dc,cust_78524239,480044,upi,BANK_TIMEOUT,2,,0.6036592216674822,low,0.6106910232203239,2,0.16666666666666666,"[0, 1, 2, 3, 4, 5]",random_uniform_v1,1,val
case_d37a3221,cust_f7a9b132,117566,upi,NETWORK_ERROR,6,,0.6560396497277513,low,0.12894410087656155,5,0.16666666666666666,"[0, 1, 2, 3, 4, 5]",random_uniform_v1,0,val
case_f12fe22a,cust_254369bf,190197,card,BANK_DECLINE,45,,0.8827082679132695,low,0.17817623547509387,1,0.16666666666666666,"[0, 1, 2, 3, 4, 5]",random_uniform_v1,1,train
case_5a15c516,cust_91ee92ed,78166,netbanking,BANK_TIMEOUT,55,,0.6361150105349697,low,0.6292195997208252,0,0.16666666666666666,"[0, 1, 2, 3, 4, 5]",random_uniform_v1,1,train
case_ff45fe01,cust_9400359f,28645,upi,NETWORK_ERROR,50,,0.5452868972383507,low,0.47106360138936204,4,0.16666666666666666,"[0, 1, 2, 3, 4, 5]",random_uniform_v1,1,test
case_070ece64,cust_d5a02673,223609,card,INSUFFICIENT_FUNDS,10,,0.756946069344417,low,0.38994961373127884,3,0.16666666666666666,"[0, 1, 2, 3, 4, 5]",random_uniform_v1,1,val
case_5c3dff28,cust_9e314f5d,6912,netbanking,NETWORK_ERROR,6,,0.46756667139489344,medium,0.4297081429772239,4,0.16666666666666666,"[0, 1, 2, 3, 4, 5]",random_uniform_v1,1,train
case_b84fc38f,cust_98e93c12,154630,card,NETWORK_ERROR,68,,0.9206410448184243,low,0.5410536851750475,5,0.16666666666666666,"[0, 1, 2, 3, 4, 5]",random_uniform_v1,1,train
case_c628fddc,cust_8dd554a7,37036,upi,NETWORK_ERROR,6,,0.6728001431566921,low,0.5226577809984307,5,0.16666666666666666,"[0, 1, 2, 3, 4, 5]",random_uniform_v1,1,train
case_937f5555,cust_20604e93,234342,upi,INSUFFICIENT_FUNDS,33,,0.8287474374652305,medium,0.7265096806694249,1,0.16666666666666666,"[0, 1, 2, 3, 4, 5]",random_uniform_v1,0,train
case_a3c5acf6,cust_461cdd89,665958,upi,BANK_TIMEOUT,76,,0.7715714985285401,medium,0.33748518947446315,5,0.16666666666666666,"[0, 1, 2, 3, 4, 5]",random_uniform_v1,1,train
case_8cd53654,cust_f0912e9e,226779,card,BANK_DECLINE,7,,0.6203482026680038,low,0.5979430780811066,5,0.16666666666666666,"[0, 1, 2, 3, 4, 5]",random_uniform_v1,0,train
case_0e5e206b,cust_e87623b6,129842,upi,BANK_TIMEOUT,74,,0.9167437506615793,medium,0.7107784561176844,4,0.16666666666666666,"[0, 1, 2, 3, 4, 5]",random_uniform_v1,1,train
case_fd883188,cust_f1dadc27,80573,upi,INSUFFICIENT_FUNDS,50,,0.4186780818306255,low,0.41383814737356106,0,0.16666666666666666,"[0, 1, 2, 3, 4, 5]",random_uniform_v1,1,val
case_a1483cd1,cust_9dc9577a,1444206,upi,BANK_TIMEOUT,88,,0.7895172732845811,low,1.0,4,0.16666666666666666,"[0, 1, 2, 3, 4, 5]",random_uniform_v1,1,val
case_1a17c404,cust_ae3ae2f4,28721,upi,INSUFFICIENT_FUNDS,4,,0.7129842975775906,low,0.16601758270519484,0,0.16666666666666666,"[0, 1, 2, 3, 4, 5]",random_uniform_v1,0,train
case_eab4c22d,cust_3ecfa589,205446,upi,BANK_TIMEOUT,36,,0.5479003161445204,low,0.413692430554951,0,0.16666666666666666,"[0, 1, 2, 3, 4, 5]",random_uniform_v1,1,train
case_6dd1a7c4,cust_fa50f7ad,67448,upi,BANK_TIMEOUT,15,,0.5869878877916483,low,0.07248601204046444,2,0.16666666666666666,"[0, 1, 2, 3, 4, 5]",random_uniform_v1,1,test
case_47bac1e8,cust_a854c3d5,23080,netbanking,BANK_DECLINE,12,,0.7660420399982928,low,0.22276148199795842,0,0.16666666666666666,"[0, 1, 2, 3, 4, 5]",random_uniform_v1,1,train
case_544c8c9d,cust_cb25084b,142933,card,BANK_DECLINE,62,,0.4832372221868053,high,0.42397030553341153,2,0.16666666666666666,"[0, 1, 2, 3, 4, 5]",random_uniform_v1,1,train
case_6817f46c,cust_4b982f7b,360941,upi,INSUFFICIENT_FUNDS,16,,0.8097423772151406,medium,0.0973800549393706,1,0.16666666666666666,"[0, 1, 2, 3, 4, 5]",random_uniform_v1,0,train
case_035ee6fc,cust_b1a6add7,132683,card,BANK_TIMEOUT,9,,1.0,low,0.1277850094598135,1,0.16666666666666666,"[0, 1, 2, 3, 4, 5]",random_uniform_v1,1,train
case_c345c210,cust_32116374,1141296,upi,NETWORK_ERROR,102,,1.0,medium,0.1468022478762696,0,0.16666666666666666,"[0, 1, 2, 3, 4, 5]",random_uniform_v1,1,train
case_a76ded63,cust_dfd8c374,48737,netbanking,BANK_TIMEOUT,139,,0.8763303900515291,low,0.7556928379489752,0,0.16666666666666666,"[0, 1, 2, 3, 4, 5]",random_uniform_v1,1,train
case_acf4b5d8,cust_98c48bb8,194707,upi,INSUFFICIENT_FUNDS,23,,0.5315471546442975,low,0.7015759539527636,1,0.16666666666666666,"[0, 1, 2, 3, 4, 5]",random_uniform_v1,0,train
case_8d85df51,cust_5bd274d3,32577,netbanking,INSUFFICIENT_FUNDS,96,,0.8953312813087336,high,0.23804207503583152,1,0.16666666666666666,"[0, 1, 2, 3, 4, 5]",random_uniform_v1,0,train
case_1e2639db,cust_b03c16e3,116180,netbanking,INSUFFICIENT_FUNDS,0,,0.8315061152936777,low,0.38992432253620735,0,0.16666666666666666,"[0, 1, 2, 3, 4, 5]",random_uniform_v1,0,train
case_aa32c8d5,cust_bdfaed5b,4867,upi,INSUFFICIENT_FUNDS,64,,0.7095298852098394,medium,0.7953187288162544,1,0.16666666666666666,"[0, 1, 2, 3, 4, 5]",random_uniform_v1,0,test
case_838214f9,cust_93ef7248,33896,upi,BANK_TIMEOUT,47,,0.9572662694140266,low,0.2989117676064932,5,0.16666666666666666,"[0, 1, 2, 3, 4, 5]",random_uniform_v1,1,train
case_52f906eb,cust_ca66468e,181621,card,INSUFFICIENT_FUNDS,42,,0.7042490535645285,low,0.1435302671446601,5,0.16666666666666666,"[0, 1, 2, 3, 4, 5]",random_uniform_v1,1,train
case_fec554aa,cust_c927460e,41399,upi,NETWORK_ERROR,86,,0.6322809414793644,low,0.0,4,0.16666666666666666,"[0, 1, 2, 3, 4, 5]",random_uniform_v1,1,train
case_1a5471c7,cust_caef6b82,198652,upi,BANK_TIMEOUT,25,,0.6429475780114841,low,0.7217257300905722,0,0.16666666666666666,"[0, 1, 2, 3, 4, 5]",random_uniform_v1,0,train
case_20a45d36,cust_39b97197,166418,netbanking,NETWORK_ERROR,73,,0.45234078946158485,high,0.2962330192491932,0,0.16666666666666666,"[0, 1, 2, 3, 4, 5]",random_uniform_v1,0,train
case_dc965fcf,cust_8694a0d5,132785,netbanking,INSUFFICIENT_FUNDS,26,,0.8446370145912726,low,0.5770469666776503,3,0.16666666666666666,"[0, 1, 2, 3, 4, 5]",random_uniform_v1,0,train
case_003919d7,cust_29b490c7,557479,upi,BANK_TIMEOUT,4,,0.9081968001240099,low,0.47996058328922697,0,0.16666666666666666,"[0, 1, 2, 3, 4, 5]",random_uniform_v1,0,test
case_b3c16775,cust_0108f26f,57223,upi,INSUFFICIENT_FUNDS,17,,0.9404620635275082,low,0.4023582553759634,5,0.16666666666666666,"[0, 1, 2, 3, 4, 5]",random_uniform_v1,0,train
case_4aadcb97,cust_8d78c89a,113231,card,BANK_DECLINE,23,,0.43240561282855083,medium,0.4360574049610387,4,0.16666666666666666,"[0, 1, 2, 3, 4, 5]",random_uniform_v1,1,train
case_15d49a4f,cust_bf6c2850,257957,card,BANK_DECLINE,16,,0.7512446448796495,low,0.7280446610441793,3,0.16666666666666666,"[0, 1, 2, 3, 4, 5]",random_uniform_v1,0,train
case_558abd72,cust_b154bffd,159954,upi,INSUFFICIENT_FUNDS,0,,0.24067478074607643,high,0.5974141433688271,1,0.16666666666666666,"[0, 1, 2, 3, 4, 5]",random_uniform_v1,0,val
case_6bfaf6db,cust_5063056f,82355,card,BANK_DECLINE,17,,0.7895322487703712,low,0.5314672115360601,1,0.16666666666666666,"[0, 1, 2, 3, 4, 5]",random_uniform_v1,1,train
case_6acca444,cust_a9ba0864,212052,netbanking,BANK_TIMEOUT,4,,0.8046252707322739,medium,0.19478888258543137,5,0.16666666666666666,"[0, 1, 2, 3, 4, 5]",random_uniform_v1,1,train
case_d8dde7be,cust_7c7e3954,9960,upi,INSUFFICIENT_FUNDS,0,,0.6135311834561354,medium,0.46972035307421617,1,0.16666666666666666,"[0, 1, 2, 3, 4, 5]",random_uniform_v1,0,train
case_8349bc09,cust_14977d51,197469,card,INSUFFICIENT_FUNDS,18,,0.940587322166894,medium,0.4205051818999875,5,0.16666666666666666,"[0, 1, 2, 3, 4, 5]",random_uniform_v1,1,train
case_4c3c4192,cust_5dc09f2b,166467,upi,BANK_TIMEOUT,45,,0.6138213273632815,low,0.5761846839786304,3,0.16666666666666666,"[0, 1, 2, 3, 4, 5]",random_uniform_v1,1,val
case_2cae36d0,cust_1d0307bc,177520,card,BANK_TIMEOUT,27,,1.0,low,0.24644706844908687,4,0.16666666666666666,"[0, 1, 2, 3, 4, 5]",random_uniform_v1,1,train
case_d3acb962,cust_bb2e34d7,48581,upi,INSUFFICIENT_FUNDS,7,,0.9724412384050329,low,0.47096345769190784,5,0.16666666666666666,"[0, 1, 2, 3, 4, 5]",random_uniform_v1,1,train
case_ffcd8af7,cust_42c60999,96151,netbanking,BANK_DECLINE,54,,0.6063165244612809,low,0.12228931163153171,1,0.16666666666666666,"[0, 1, 2, 3, 4, 5]",random_uniform_v1,0,train
case_6b6cd667,cust_7d5769e2,239702,upi,BANK_TIMEOUT,16,,0.8074132733574322,low,0.7941002884212387,5,0.16666666666666666,"[0, 1, 2, 3, 4, 5]",random_uniform_v1,1,train
case_e57cb6d1,cust_7b5df814,61877,upi,BANK_TIMEOUT,7,,0.7081368183225814,medium,0.24097853841657296,5,0.16666666666666666,"[0, 1, 2, 3, 4, 5]",random_uniform_v1,1,train
case_ecd9808b,cust_e5b42f48,295360,upi,INSUFFICIENT_FUNDS,9,,0.7374893546882919,low,0.47856758901772656,2,0.16666666666666666,"[0, 1, 2, 3, 4, 5]",random_uniform_v1,1,val
case_9946f024,cust_c14d9088,104360,card,INSUFFICIENT_FUNDS,3,,0.7268866259478514,low,0.5195328709114682,1,0.16666666666666666,"[0, 1, 2, 3, 4, 5]",random_uniform_v1,0,val
case_cd4cd9bd,cust_60b9beec,60619,upi,BANK_TIMEOUT,187,,0.7668158205795399,medium,0.4028235253598567,5,0.16666666666666666,"[0, 1, 2, 3, 4, 5]",random_uniform_v1,1,train
case_24baedad,cust_66d85ad4,166215,netbanking,BANK_TIMEOUT,71,,0.887233969773864,low,0.5299913654741306,3,0.16666666666666666,"[0, 1, 2, 3, 4, 5]",random_uniform_v1,1,train
case_b2962f2d,cust_8b41f7af,65842,upi,BANK_TIMEOUT,129,,0.8051928874967336,low,0.21644500552392698,4,0.16666666666666666,"[0, 1, 2, 3, 4, 5]",random_uniform_v1,1,train
case_5b723417,cust_669f865e,162128,card,INSUFFICIENT_FUNDS,17,,0.8825921149544351,medium,0.4159806815628046,0,0.16666666666666666,"[0, 1, 2, 3, 4, 5]",random_uniform_v1,0,test
case_5b963440,cust_d7b6818f,64900,upi,BANK_TIMEOUT,9,,0.6723263752162589,low,0.2284587227088145,1,0.16666666666666666,"[0, 1, 2, 3, 4, 5]",random_uniform_v1,1,train
case_19b480e4,cust_1d171fac,71052,upi,NETWORK_ERROR,1,,0.835171566205712,low,0.5943715983760567,3,0.16666666666666666,"[0, 1, 2, 3, 4, 5]",random_uniform_v1,0,train
case_1b2a61e8,cust_9a5c3aac,231753,card,BANK_DECLINE,34,,0.8108709987118958,low,0.25782907882179995,1,0.16666666666666666,"[0, 1, 2, 3, 4, 5]",random_uniform_v1,1,train
case_5ae318bc,cust_b70c297b,1177443,card,INSUFFICIENT_FUNDS,8,,0.8301421340360553,low,0.7361637094334582,1,0.16666666666666666,"[0, 1, 2, 3, 4, 5]",random_uniform_v1,1,val
case_5623e11a,cust_1e119e47,93078,card,BANK_DECLINE,116,,0.6346539176832793,low,0.0,3,0.16666666666666666,"[0, 1, 2, 3, 4, 5]",random_uniform_v1,0,train
case_1def0f6e,cust_9b686cde,21392,upi,BANK_TIMEOUT,75,,1.0,low,0.5394862869903062,4,0.16666666666666666,"[0, 1, 2, 3, 4, 5]",random_uniform_v1,1,train
case_8f4fb544,cust_426daf01,726139,upi,INSUFFICIENT_FUNDS,16,,0.6141532733810514,medium,0.22136247739139334,3,0.16666666666666666,"[0, 1, 2, 3, 4, 5]",random_uniform_v1,1,val
case_e5006070,cust_35ee2f29,1145188,upi,NETWORK_ERROR,0,,0.8882302605446943,low,0.03229142789685944,3,0.16666666666666666,"[0, 1, 2, 3, 4, 5]",random_uniform_v1,1,train
case_64930300,cust_2370c0bc,253067,card,INSUFFICIENT_FUNDS,3,,0.64286287273287,low,0.6571254668789044,1,0.16666666666666666,"[0, 1, 2, 3, 4, 5]",random_uniform_v1,0,train
case_5d5b1c6b,cust_c61142cd,54230,upi,INSUFFICIENT_FUNDS,12,,0.6402387087830631,low,0.6185455863582692,2,0.16666666666666666,"[0, 1, 2, 3, 4, 5]",random_uniform_v1,1,train
case_b803b544,cust_60dd0b2e,75297,card,BANK_DECLINE,42,,0.713851022951157,low,0.39096530720262057,3,0.16666666666666666,"[0, 1, 2, 3, 4, 5]",random_uniform_v1,1,train
case_21bd9c19,cust_8d2a9481,334433,upi,NETWORK_ERROR,17,,0.5837559996711001,high,0.4024862374628072,3,0.16666666666666666,"[0, 1, 2, 3, 4, 5]",random_uniform_v1,1,train
case_dc244c5a,cust_6c3e2937,565211,netbanking,BANK_DECLINE,12,,0.7605759590109724,medium,0.3769952891162557,1,0.16666666666666666,"[0, 1, 2, 3, 4, 5]",random_uniform_v1,0,train
case_1d6c79a4,cust_e092960d,168926,upi,BANK_TIMEOUT,51,,0.9541351219939471,medium,0.702248634271148,1,0.16666666666666666,"[0, 1, 2, 3, 4, 5]",random_uniform_v1,1,train
case_11457b33,cust_a65dc3e4,18564,upi,INSUFFICIENT_FUNDS,60,,0.8466332317399795,high,0.7276352872807499,1,0.16666666666666666,"[0, 1, 2, 3, 4, 5]",random_uniform_v1,0,train
case_b09fa29d,cust_855a0a58,77505,upi,INSUFFICIENT_FUNDS,0,,0.6312630792234841,low,0.6658557420553334,0,0.16666666666666666,"[0, 1, 2, 3, 4, 5]",random_uniform_v1,0,train
case_9bcecb6c,cust_cc9466e1,131806,upi,NETWORK_ERROR,45,,0.6922442529563074,low,0.46812850196209366,4,0.16666666666666666,"[0, 1, 2, 3, 4, 5]",random_uniform_v1,1,val
case_4e2ab3c7,cust_1549bf0a,73072,card,BANK_DECLINE,7,,0.7358008476363352,low,0.4917604049742955,2,0.16666666666666666,"[0, 1, 2, 3, 4, 5]",random_uniform_v1,1,test
case_40f69c72,cust_8fe1e851,67891,upi,INSUFFICIENT_FUNDS,47,,0.7463781813002657,medium,0.5608008358827906,1,0.16666666666666666,"[0, 1, 2, 3, 4, 5]",random_uniform_v1,0,test
case_7450ec05,cust_fef9513b,54772,upi,BANK_TIMEOUT,7,,0.7772367561029719,low,0.8515454176837078,3,0.16666666666666666,"[0, 1, 2, 3, 4, 5]",random_uniform_v1,1,val
case_2bc13ea8,cust_52f38d10,8218,upi,NETWORK_ERROR,15,,0.514241015571623,low,0.051462123990618294,2,0.16666666666666666,"[0, 1, 2, 3, 4, 5]",random_uniform_v1,1,test
case_a5329672,cust_735d85e0,415163,card,BANK_TIMEOUT,13,,0.6380330317618665,low,0.6527574253708736,0,0.16666666666666666,"[0, 1, 2, 3, 4, 5]",random_uniform_v1,1,train
case_4bacc13f,cust_cc590cf5,74614,netbanking,BANK_DECLINE,11,,0.9365662636505344,low,0.11684137732984358,1,0.16666666666666666,"[0, 1, 2, 3, 4, 5]",random_uniform_v1,0,train
case_8ce4d7b5,cust_5937f495,181705,card,BANK_DECLINE,56,,0.5722338525264229,high,0.11670404488674554,3,0.16666666666666666,"[0, 1, 2, 3, 4, 5]",random_uniform_v1,0,train
case_b5cb2cb9,cust_71b7a284,160597,card,INSUFFICIENT_FUNDS,16,,0.5423704378965054,medium,0.0782118671736566,2,0.16666666666666666,"[0, 1, 2, 3, 4, 5]",random_uniform_v1,1,train
case_8120e478,cust_04aba928,145993,upi,INSUFFICIENT_FUNDS,5,,0.9889787481626137,low,0.606202012146178,4,0.16666666666666666,"[0, 1, 2, 3, 4, 5]",random_uniform_v1,1,train
case_d4f9c37c,cust_10103309,703514,upi,NETWORK_ERROR,50,,0.916417174802612,low,0.765928397764953,1,0.16666666666666666,"[0, 1, 2, 3, 4, 5]",random_uniform_v1,1,train
case_72b19723,cust_ad3b2b91,1865689,upi,BANK_TIMEOUT,22,,1.0,high,0.14177979222292605,5,0.16666666666666666,"[0, 1, 2, 3, 4, 5]",random_uniform_v1,1,train
case_8e8d76c8,cust_a07139c5,91365,card,BANK_DECLINE,5,,0.6123417283171761,low,0.464757240486033,4,0.16666666666666666,"[0, 1, 2, 3, 4, 5]",random_uniform_v1,0,train
case_bc7b8d13,cust_8d9e6f00,110846,upi,BANK_TIMEOUT,10,,0.33330991210140837,low,0.46261988020870703,2,0.16666666666666666,"[0, 1, 2, 3, 4, 5]",random_uniform_v1,1,val
case_af505833,cust_2dccbe69,35787,upi,NETWORK_ERROR,3,,0.7759363533302749,medium,0.3105695031197236,3,0.16666666666666666,"[0, 1, 2, 3, 4, 5]",random_uniform_v1,1,test
case_2d83265c,cust_2a7edd41,19959,upi,BANK_TIMEOUT,0,,0.4760327853657538,low,0.38594856299416175,3,0.16666666666666666,"[0, 1, 2, 3, 4, 5]",random_uniform_v1,1,train
case_7eacf4e2,cust_2ac2e5d6,12580,netbanking,INSUFFICIENT_FUNDS,2,,0.96804343398358,low,0.15116732686992923,2,0.16666666666666666,"[0, 1, 2, 3, 4, 5]",random_uniform_v1,1,train
case_b2a7af0f,cust_d6bb9395,841080,upi,BANK_TIMEOUT,58,,0.6288229681602894,low,0.07342171478221787,2,0.16666666666666666,"[0, 1, 2, 3, 4, 5]",random_uniform_v1,1,val
case_57e8d72a,cust_c5bf06b2,22049,upi,BANK_TIMEOUT,16,,0.6962909278453988,medium,0.4835850595834432,4,0.16666666666666666,"[0, 1, 2, 3, 4, 5]",random_uniform_v1,1,train
case_7c1e7cf7,cust_4d6f79b2,339581,upi,BANK_TIMEOUT,18,,0.7379064816360622,low,0.3639660065647958,3,0.16666666666666666,"[0, 1, 2, 3, 4, 5]",random_uniform_v1,1,train
case_030b04c2,cust_cf0d2105,93053,upi,BANK_TIMEOUT,7,,0.7837810393950416,low,0.5964702415329651,5,0.16666666666666666,"[0, 1, 2, 3, 4, 5]",random_uniform_v1,1,val
case_993e700a,cust_a26b27dd,34607,upi,BANK_TIMEOUT,30,,0.9342109453294845,low,0.5677080308502565,0,0.16666666666666666,"[0, 1, 2, 3, 4, 5]",random_uniform_v1,1,val
case_691e2eaa,cust_6f73ae03,38732,card,BANK_DECLINE,46,,0.9231187036444601,medium,0.3585468424071542,1,0.16666666666666666,"[0, 1, 2, 3, 4, 5]",random_uniform_v1,1,train
case_a5c514d7,cust_052a06da,39590,upi,INSUFFICIENT_FUNDS,22,,0.977717016980667,low,0.31128737472490464,0,0.16666666666666666,"[0, 1, 2, 3, 4, 5]",random_uniform_v1,0,train
case_1dc228a7,cust_1cc04a2b,94526,upi,INSUFFICIENT_FUNDS,12,,0.527581060652919,high,0.35597534624781624,0,0.16666666666666666,"[0, 1, 2, 3, 4, 5]",random_uniform_v1,0,train
case_6a180b68,cust_b23fd005,14040,upi,INSUFFICIENT_FUNDS,42,,0.8811798173298074,low,0.22010387568418416,3,0.16666666666666666,"[0, 1, 2, 3, 4, 5]",random_uniform_v1,0,test
case_420a2c00,cust_617f6049,158039,card,INSUFFICIENT_FUNDS,120,,0.8203013371604324,low,0.8235790698274321,3,0.16666666666666666,"[0, 1, 2, 3, 4, 5]",random_uniform_v1,1,val
case_6269b920,cust_28a89954,692315,upi,BANK_TIMEOUT,12,,0.9485431590644905,low,0.4648628495269569,2,0.16666666666666666,"[0, 1, 2, 3, 4, 5]",random_uniform_v1,1,train
case_6002f1a0,cust_7da70e56,506211,netbanking,INSUFFICIENT_FUNDS,65,,0.7811091183597888,low,0.9490351775156385,0,0.16666666666666666,"[0, 1, 2, 3, 4, 5]",random_uniform_v1,1,train
case_b0a3d4f4,cust_bdb12463,56366,upi,NETWORK_ERROR,28,,0.8273190577233902,low,0.6320696358238277,2,0.16666666666666666,"[0, 1, 2, 3, 4, 5]",random_uniform_v1,1,train
case_ed06541c,cust_ab098853,160743,upi,INSUFFICIENT_FUNDS,107,,0.8341586964288866,low,0.14473290688078866,2,0.16666666666666666,"[0, 1, 2, 3, 4, 5]",random_uniform_v1,1,val
case_995e196b,cust_b76e0542,161177,upi,INSUFFICIENT_FUNDS,14,,1.0,medium,0.4469241268795901,2,0.16666666666666666,"[0, 1, 2, 3, 4, 5]",random_uniform_v1,1,train
case_74ad869c,cust_71bcd276,911985,card,INSUFFICIENT_FUNDS,21,,0.9307826364755599,low,0.8958928034433407,0,0.16666666666666666,"[0, 1, 2, 3, 4, 5]",random_uniform_v1,1,test
case_899f9ca9,cust_46bbea15,221841,card,INSUFFICIENT_FUNDS,16,,0.8389525434340805,medium,0.0400582950914228,2,0.16666666666666666,"[0, 1, 2, 3, 4, 5]",random_uniform_v1,1,train
case_eca7cbee,cust_a3fd0a26,2601018,netbanking,INSUFFICIENT_FUNDS,3,,0.9078432872926198,low,0.3823573108756599,5,0.16666666666666666,"[0, 1, 2, 3, 4, 5]",random_uniform_v1,1,val
case_b71b22b4,cust_4bc37b61,94745,upi,INSUFFICIENT_FUNDS,10,,0.8227145510957214,low,0.48320103704350753,0,0.16666666666666666,"[0, 1, 2, 3, 4, 5]",random_uniform_v1,0,train
case_dc900ea8,cust_2591cfaf,350673,upi,INSUFFICIENT_FUNDS,63,,1.0,medium,0.4529152122379182,3,0.16666666666666666,"[0, 1, 2, 3, 4, 5]",random_uniform_v1,1,train
case_f1602c7b,cust_dc60f85c,272340,upi,INSUFFICIENT_FUNDS,23,,0.9759701233886156,low,0.2777428940067518,5,0.16666666666666666,"[0, 1, 2, 3, 4, 5]",random_uniform_v1,1,train
case_c22ebddd,cust_3cefe942,17100,card,BANK_DECLINE,15,,0.6101324397561723,low,0.5051491692939515,2,0.16666666666666666,"[0, 1, 2, 3, 4, 5]",random_uniform_v1,1,test
case_ad5fb014,cust_d1a2284e,87322,upi,INSUFFICIENT_FUNDS,60,,0.4859271012841625,medium,0.6172269707349805,1,0.16666666666666666,"[0, 1, 2, 3, 4, 5]",random_uniform_v1,0,train
case_7393744f,cust_f2ae3d76,189763,upi,NETWORK_ERROR,48,,0.2254404549773627,low,0.32058288969056714,3,0.16666666666666666,"[0, 1, 2, 3, 4, 5]",random_uniform_v1,1,train
case_c0dd581f,cust_8a1b60e3,59330,upi,NETWORK_ERROR,30,,0.7214320305251863,medium,0.22364992556932128,2,0.16666666666666666,"[0, 1, 2, 3, 4, 5]",random_uniform_v1,1,val
case_4123f835,cust_581688f0,29768,upi,BANK_TIMEOUT,5,,0.6469883580547988,low,0.5127823581069534,0,0.16666666666666666,"[0, 1, 2, 3, 4, 5]",random_uniform_v1,0,val
case_2c19a975,cust_0368c04e,69678,card,BANK_DECLINE,52,,0.555490376408029,medium,0.4854727890674812,2,0.16666666666666666,"[0, 1, 2, 3, 4, 5]",random_uniform_v1,1,train
case_285cd300,cust_d1ac4692,231328,card,BANK_DECLINE,84,,0.574394849176197,low,0.2188496575891908,4,0.16666666666666666,"[0, 1, 2, 3, 4, 5]",random_uniform_v1,1,train
case_628eb32a,cust_b5c510ef,20332,upi,BANK_TIMEOUT,21,,0.8895097176835614,medium,0.32744002501178465,4,0.16666666666666666,"[0, 1, 2, 3, 4, 5]",random_uniform_v1,1,train
case_41873214,cust_2cbf2b40,188964,upi,INSUFFICIENT_FUNDS,79,,0.8321061584710127,low,0.5542441185041013,1,0.16666666666666666,"[0, 1, 2, 3, 4, 5]",random_uniform_v1,0,train
case_6afa3044,cust_ea9e6c8d,25266,card,BANK_TIMEOUT,18,,0.8159618661607738,medium,0.48619720850674786,0,0.16666666666666666,"[0, 1, 2, 3, 4, 5]",random_uniform_v1,1,train
case_117f6bf7,cust_2a134de8,270353,upi,BANK_TIMEOUT,31,,0.9004205080062277,low,0.5386161170837082,4,0.16666666666666666,"[0, 1, 2, 3, 4, 5]",random_uniform_v1,0,train
case_4d7c36de,cust_bf5d924b,106859,card,NETWORK_ERROR,5,,0.43292150460038575,medium,0.3125975630611787,1,0.16666666666666666,"[0, 1, 2, 3, 4, 5]",random_uniform_v1,1,train
case_5d166953,cust_88a3f63f,144051,upi,INSUFFICIENT_FUNDS,56,,0.7668330173437757,medium,0.9214727004787446,3,0.16666666666666666,"[0, 1, 2, 3, 4, 5]",random_uniform_v1,0,train
case_0cbd09c8,cust_c4fcfeb0,28252,card,NETWORK_ERROR,17,,0.581629381294791,medium,0.5221981182420513,5,0.16666666666666666,"[0, 1, 2, 3, 4, 5]",random_uniform_v1,1,test
case_3492fe96,cust_13a24ef1,39790,card,INSUFFICIENT_FUNDS,30,,0.5680457912778429,medium,0.733375034605113,5,0.16666666666666666,"[0, 1, 2, 3, 4, 5]",random_uniform_v1,1,train
case_5dd24e21,cust_603e1d10,209546,card,BANK_DECLINE,26,,0.8455668167148198,medium,0.6516809884724258,3,0.16666666666666666,"[0, 1, 2, 3, 4, 5]",random_uniform_v1,0,train
case_4c862849,cust_05c56e2b,1336165,card,BANK_DECLINE,48,,1.0,low,0.4454319285875284,0,0.16666666666666666,"[0, 1, 2, 3, 4, 5]",random_uniform_v1,0,train
case_6644f91a,cust_f3dab55a,46999,upi,BANK_TIMEOUT,17,,0.587539944944523,low,0.20505679177176114,0,0.16666666666666666,"[0, 1, 2, 3, 4, 5]",random_uniform_v1,0,train
case_8a9c0bc7,cust_cce34bfa,127565,upi,BANK_TIMEOUT,2,,0.7289795896315093,medium,0.2698580493408338,5,0.16666666666666666,"[0, 1, 2, 3, 4, 5]",random_uniform_v1,1,train
case_3e4ad927,cust_da423043,28454,upi,BANK_TIMEOUT,38,,0.5727871812038016,low,0.6892838384138888,4,0.16666666666666666,"[0, 1, 2, 3, 4, 5]",random_uniform_v1,1,train
case_d7012aa5,cust_84e3a7eb,72228,card,BANK_DECLINE,33,,1.0,low,0.6119637363758527,3,0.16666666666666666,"[0, 1, 2, 3, 4, 5]",random_uniform_v1,1,val
case_048b1a4c,cust_b2b5f8ac,116373,netbanking,NETWORK_ERROR,2,,0.6209903398891267,low,0.12509495372136276,2,0.16666666666666666,"[0, 1, 2, 3, 4, 5]",random_uniform_v1,1,test
case_7f0f4ee6,cust_75607864,136041,upi,NETWORK_ERROR,23,,0.7098916575877494,low,0.756367994751417,2,0.16666666666666666,"[0, 1, 2, 3, 4, 5]",random_uniform_v1,1,test
case_a8064856,cust_218e3ed6,3852,upi,BANK_TIMEOUT,39,,0.945675642123944,medium,0.44553557176200564,4,0.16666666666666666,"[0, 1, 2, 3, 4, 5]",random_uniform_v1,1,train
case_b38fadab,cust_827d67bd,76943,netbanking,BANK_DECLINE,41,,0.8500993751822872,low,0.006822848360578948,1,0.16666666666666666,"[0, 1, 2, 3, 4, 5]",random_uniform_v1,1,train
case_5cfb96b7,cust_4b5c88bf,328648,upi,INSUFFICIENT_FUNDS,12,,0.6757216612708926,low,0.19661938659822803,0,0.16666666666666666,"[0, 1, 2, 3, 4, 5]",random_uniform_v1,0,train
case_58a5c47e,cust_0f707203,108478,card,INSUFFICIENT_FUNDS,27,,0.4720033323183094,low,0.595979434928848,2,0.16666666666666666,"[0, 1, 2, 3, 4, 5]",random_uniform_v1,1,train
case_12a804f3,cust_c5b44832,29961,upi,BANK_TIMEOUT,2,,0.7532426043772322,low,0.46294274195049384,2,0.16666666666666666,"[0, 1, 2, 3, 4, 5]",random_uniform_v1,1,train
case_68d6893e,cust_b7d73090,146095,upi,BANK_TIMEOUT,40,,0.8883435045377635,low,0.31976332682651765,4,0.16666666666666666,"[0, 1, 2, 3, 4, 5]",random_uniform_v1,1,val
case_8f39164e,cust_a5d30f7e,70836,card,BANK_DECLINE,8,,0.6373367128853386,medium,0.09531805744035243,2,0.16666666666666666,"[0, 1, 2, 3, 4, 5]",random_uniform_v1,1,train
case_fd6dc700,cust_a1eb59e8,68433,netbanking,INSUFFICIENT_FUNDS,29,,0.8816731196572553,low,0.38253955131751527,1,0.16666666666666666,"[0, 1, 2, 3, 4, 5]",random_uniform_v1,1,train
case_c4f17484,cust_35f37e38,741774,upi,INSUFFICIENT_FUNDS,2,,0.8269920804041606,low,0.42944663662413374,5,0.16666666666666666,"[0, 1, 2, 3, 4, 5]",random_uniform_v1,1,train
case_489a8580,cust_5dcbddbe,5797,card,INSUFFICIENT_FUNDS,0,,0.46109923070473186,low,0.11036192462089335,3,0.16666666666666666,"[0, 1, 2, 3, 4, 5]",random_uniform_v1,1,val
case_b4711d1a,cust_f2ce9213,590842,netbanking,INSUFFICIENT_FUNDS,20,,0.8077328769814756,low,0.1183953812704798,5,0.16666666666666666,"[0, 1, 2, 3, 4, 5]",random_uniform_v1,1,train
case_bac2024d,cust_096c505a,61103,upi,INSUFFICIENT_FUNDS,1,,0.6740275428691812,medium,0.16209997194127185,3,0.16666666666666666,"[0, 1, 2, 3, 4, 5]",random_uniform_v1,1,val
case_2c2a867d,cust_2241f009,52131,upi,INSUFFICIENT_FUNDS,64,,0.5707038478172122,low,0.3943592291266874,2,0.16666666666666666,"[0, 1, 2, 3, 4, 5]",random_uniform_v1,1,val
case_e120cacf,cust_7a76fcf5,13554,netbanking,NETWORK_ERROR,9,,0.7194248185069861,medium,0.21935317599697501,5,0.16666666666666666,"[0, 1, 2, 3, 4, 5]",random_uniform_v1,1,train
case_6dc2e270,cust_b316c190,84323,upi,BANK_TIMEOUT,29,,0.9572440734810299,medium,0.5657200005360568,3,0.16666666666666666,"[0, 1, 2, 3, 4, 5]",random_uniform_v1,1,test
case_722e6c59,cust_0b832506,55120,upi,BANK_TIMEOUT,7,,0.7525463349331375,medium,0.2868557357157673,4,0.16666666666666666,"[0, 1, 2, 3, 4, 5]",random_uniform_v1,1,train
case_a79b41ab,cust_d2f5687a,4788,card,NETWORK_ERROR,16,,0.7047949975260402,low,0.051063019562173725,2,0.16666666666666666,"[0, 1, 2, 3, 4, 5]",random_uniform_v1,1,train
case_3e1f68f7,cust_7a607a82,414181,upi,NETWORK_ERROR,7,,0.7459650391264709,low,0.34239265602333496,1,0.16666666666666666,"[0, 1, 2, 3, 4, 5]",random_uniform_v1,1,train
case_6df01173,cust_59d6c4f8,35053,upi,BANK_TIMEOUT,8,,0.5860337203579675,high,0.1295992895149688,1,0.16666666666666666,"[0, 1, 2, 3, 4, 5]",random_uniform_v1,1,train
case_9488a2c2,cust_2645cbc4,468586,card,BANK_TIMEOUT,51,,0.8509506667585104,low,0.7841857175538803,2,0.16666666666666666,"[0, 1, 2, 3, 4, 5]",random_uniform_v1,1,train
case_f05bb049,cust_4976a258,532901,upi,BANK_TIMEOUT,2,,0.4441398451077129,medium,0.2708642180949651,2,0.16666666666666666,"[0, 1, 2, 3, 4, 5]",random_uniform_v1,0,train
case_ca18a420,cust_ccb4f083,15883,card,INSUFFICIENT_FUNDS,59,,0.6926343063141432,low,0.16554153646894681,4,0.16666666666666666,"[0, 1, 2, 3, 4, 5]",random_uniform_v1,0,test
case_98d5456f,cust_cbb9cdbf,1396760,netbanking,INSUFFICIENT_FUNDS,17,,0.7341578158024147,low,0.7512458014081893,5,0.16666666666666666,"[0, 1, 2, 3, 4, 5]",random_uniform_v1,0,train
case_dc01ff35,cust_f3e299db,14160,card,NETWORK_ERROR,28,,0.761063249517465,medium,0.25523872509773254,3,0.16666666666666666,"[0, 1, 2, 3, 4, 5]",random_uniform_v1,1,train
case_2f0107b8,cust_58fcac52,30797,upi,INSUFFICIENT_FUNDS,35,,0.8748705389617313,medium,0.4177036483798955,5,0.16666666666666666,"[0, 1, 2, 3, 4, 5]",random_uniform_v1,1,train
case_c3f8082d,cust_47e27ede,96069,netbanking,INSUFFICIENT_FUNDS,92,,0.9517390047775836,low,0.3344632863457474,5,0.16666666666666666,"[0, 1, 2, 3, 4, 5]",random_uniform_v1,1,test
case_1729d68d,cust_390d9b0b,451317,card,BANK_DECLINE,26,,0.4337678141063953,low,0.22485105330760752,4,0.16666666666666666,"[0, 1, 2, 3, 4, 5]",random_uniform_v1,0,train
case_6c18b47c,cust_90b1fa40,134670,upi,NETWORK_ERROR,6,,0.7343184823220491,medium,0.4660131256650391,4,0.16666666666666666,"[0, 1, 2, 3, 4, 5]",random_uniform_v1,1,val
case_03d07c1c,cust_ce3f48f2,71403,upi,INSUFFICIENT_FUNDS,19,,0.9090428529514729,low,0.15555873197777,0,0.16666666666666666,"[0, 1, 2, 3, 4, 5]",random_uniform_v1,1,train
case_bc0d1247,cust_9a0d4848,13623,card,BANK_TIMEOUT,4,,0.5387422573258668,low,0.20519743031213825,2,0.16666666666666666,"[0, 1, 2, 3, 4, 5]",random_uniform_v1,1,train
case_382b10ae,cust_8d07d773,945547,card,INSUFFICIENT_FUNDS,11,,0.8431209696840701,low,0.6392278784886022,2,0.16666666666666666,"[0, 1, 2, 3, 4, 5]",random_uniform_v1,1,train
case_8c9e1ce1,cust_a0baa9d4,61875,card,BANK_DECLINE,46,,0.9821461796778038,low,0.48147925941002884,1,0.16666666666666666,"[0, 1, 2, 3, 4, 5]",random_uniform_v1,1,train
case_8d8c423f,cust_2733e64a,57233,upi,INSUFFICIENT_FUNDS,7,,0.4546323347371706,low,0.24263430908903544,4,0.16666666666666666,"[0, 1, 2, 3, 4, 5]",random_uniform_v1,0,train
case_3f3d51a0,cust_a6ab9801,486583,upi,INSUFFICIENT_FUNDS,4,,0.861730078829851,high,0.07362129695161107,4,0.16666666666666666,"[0, 1, 2, 3, 4, 5]",random_uniform_v1,1,test
case_56fd2420,cust_bcdc2fb8,1259898,upi,INSUFFICIENT_FUNDS,46,,0.7236122905130383,medium,0.5764416446888845,5,0.16666666666666666,"[0, 1, 2, 3, 4, 5]",random_uniform_v1,1,train
case_78320dae,cust_8dabaa32,131241,upi,NETWORK_ERROR,21,,0.8757345107629958,low,0.21909983411185308,4,0.16666666666666666,"[0, 1, 2, 3, 4, 5]",random_uniform_v1,1,train
case_c1fd550d,cust_ddb5743c,499361,upi,BANK_TIMEOUT,16,,0.7059607800206181,low,0.1866841619050047,0,0.16666666666666666,"[0, 1, 2, 3, 4, 5]",random_uniform_v1,1,train
case_2d4e2b9b,cust_0455b07e,420660,upi,NETWORK_ERROR,58,,1.0,medium,0.26403867313696683,1,0.16666666666666666,"[0, 1, 2, 3, 4, 5]",random_uniform_v1,1,test
case_9cecf7fb,cust_256fb454,592699,upi,BANK_TIMEOUT,74,,0.7563108902183958,low,0.09069068202390271,0,0.16666666666666666,"[0, 1, 2, 3, 4, 5]",random_uniform_v1,1,train
case_1bcbf296,cust_3b898f1f,18460,upi,INSUFFICIENT_FUNDS,79,,0.8524260750527552,low,0.44449781205261196,1,0.16666666666666666,"[0, 1, 2, 3, 4, 5]",random_uniform_v1,0,train
case_f4503114,cust_346c124d,47004,card,NETWORK_ERROR,3,,0.787248345121572,high,0.4192786651838735,0,0.16666666666666666,"[0, 1, 2, 3, 4, 5]",random_uniform_v1,1,train
case_6a72eb21,cust_2b2fa2fd,120363,upi,BANK_TIMEOUT,21,,0.6937936062851406,low,0.5455742856583734,5,0.16666666666666666,"[0, 1, 2, 3, 4, 5]",random_uniform_v1,0,train
case_8988acad,cust_4cae6be9,259350,upi,BANK_TIMEOUT,30,,0.5652555320527737,low,0.18121933572055718,5,0.16666666666666666,"[0, 1, 2, 3, 4, 5]",random_uniform_v1,1,train
case_901c9485,cust_58adc5af,30477,upi,NETWORK_ERROR,20,,0.7927183043047681,medium,0.1963523900517505,1,0.16666666666666666,"[0, 1, 2, 3, 4, 5]",random_uniform_v1,1,train
case_535e0e17,cust_40bad95c,253023,upi,INSUFFICIENT_FUNDS,98,,0.8925755614322247,low,0.31756467074744227,2,0.16666666666666666,"[0, 1, 2, 3, 4, 5]",random_uniform_v1,1,train
case_d303cfd8,cust_e880ebad,49375,upi,INSUFFICIENT_FUNDS,23,,0.5820037661259527,low,0.18206022438828667,4,0.16666666666666666,"[0, 1, 2, 3, 4, 5]",random_uniform_v1,0,train
case_6defa74a,cust_8feadf83,50956,card,BANK_TIMEOUT,86,,0.5807338507191425,low,0.5455999426883436,2,0.16666666666666666,"[0, 1, 2, 3, 4, 5]",random_uniform_v1,1,train
case_02267b61,cust_40cba39e,102714,upi,BANK_TIMEOUT,29,,0.557407931325887,low,0.004174729734896049,2,0.16666666666666666,"[0, 1, 2, 3, 4, 5]",random_uniform_v1,1,train
case_09d619af,cust_bfecc285,229166,upi,INSUFFICIENT_FUNDS,3,,0.8232468281697978,low,0.281396246504218,2,0.16666666666666666,"[0, 1, 2, 3, 4, 5]",random_uniform_v1,1,train
case_6bc68fb3,cust_0b988f74,1153540,netbanking,INSUFFICIENT_FUNDS,12,,0.678783163090824,low,0.5715708900057899,0,0.16666666666666666,"[0, 1, 2, 3, 4, 5]",random_uniform_v1,1,train
case_54186b49,cust_da97b5d4,139236,upi,NETWORK_ERROR,28,,0.791407271427763,medium,0.3200267971432501,0,0.16666666666666666,"[0, 1, 2, 3, 4, 5]",random_uniform_v1,1,test
case_665055fb,cust_84f6de8a,44337,upi,INSUFFICIENT_FUNDS,6,,0.8468340871923657,low,0.6472210361698415,4,0.16666666666666666,"[0, 1, 2, 3, 4, 5]",random_uniform_v1,1,test
case_3ed52e80,cust_a46e626d,43760,card,BANK_DECLINE,2,,0.6619576022275482,low,0.3147156475932066,5,0.16666666666666666,"[0, 1, 2, 3, 4, 5]",random_uniform_v1,1,train
case_570063eb,cust_5b3cbb67,14557,upi,NETWORK_ERROR,22,,0.8278303567394122,low,0.12977264538392388,0,0.16666666666666666,"[0, 1, 2, 3, 4, 5]",random_uniform_v1,1,train
case_0a8e6099,cust_b4bfda3f,160604,upi,INSUFFICIENT_FUNDS,0,,0.280188068549139,low,0.4795775365295723,2,0.16666666666666666,"[0, 1, 2, 3, 4, 5]",random_uniform_v1,0,train
case_7aed5cd7,cust_6cc36c0f,72150,netbanking,BANK_DECLINE,15,,0.9916819545557648,medium,0.24459744222466562,2,0.16666666666666666,"[0, 1, 2, 3, 4, 5]",random_uniform_v1,1,train
case_373706ab,cust_fa27a535,899366,card,BANK_DECLINE,3,,0.7660625121225931,low,0.42612894529703277,2,0.16666666666666666,"[0, 1, 2, 3, 4, 5]",random_uniform_v1,1,val
case_dc27a657,cust_d34fbb30,114068,upi,INSUFFICIENT_FUNDS,25,,1.0,low,0.6314872400508067,3,0.16666666666666666,"[0, 1, 2, 3, 4, 5]",random_uniform_v1,0,train
case_4e29c675,cust_92173d12,21464,upi,NETWORK_ERROR,63,,0.7590489300657932,low,0.7800247178629226,4,0.16666666666666666,"[0, 1, 2, 3, 4, 5]",random_uniform_v1,0,test
case_1fa0c982,cust_e43d236f,13276,netbanking,INSUFFICIENT_FUNDS,9,,0.6735808046121157,low,0.32425091496797753,3,0.16666666666666666,"[0, 1, 2, 3, 4, 5]",random_uniform_v1,0,train
case_14d6d923,cust_ffb1f087,204100,upi,NETWORK_ERROR,23,,0.5926639462480917,medium,0.4274928582655487,1,0.16666666666666666,"[0, 1, 2, 3, 4, 5]",random_uniform_v1,1,val
case_b5e16edf,cust_bce25cf1,9827,upi,INSUFFICIENT_FUNDS,1,,0.7340996674376905,low,0.5608084590049608,5,0.16666666666666666,"[0, 1, 2, 3, 4, 5]",random_uniform_v1,1,train
case_f7957a84,cust_e3aa7b6d,90561,upi,BANK_TIMEOUT,15,,0.823373280166115,low,0.3986937786771308,1,0.16666666666666666,"[0, 1, 2, 3, 4, 5]",random_uniform_v1,1,train
case_2c00068c,cust_41bce78f,28233,upi,BANK_TIMEOUT,59,,0.5740406389668571,high,0.6561724094556678,2,0.16666666666666666,"[0, 1, 2, 3, 4, 5]",random_uniform_v1,1,train
case_c99983e7,cust_93ea2ad0,298115,card,BANK_DECLINE,94,,0.357308851023528,low,0.12451519666018215,1,0.16666666666666666,"[0, 1, 2, 3, 4, 5]",random_uniform_v1,1,train
case_28e55c19,cust_e5fe0aaa,90986,upi,NETWORK_ERROR,21,,0.6744976060167134,low,0.25055216322829793,5,0.16666666666666666,"[0, 1, 2, 3, 4, 5]",random_uniform_v1,0,train
case_5801ae7c,cust_ee37115d,57397,card,INSUFFICIENT_FUNDS,7,,0.6848715585626521,high,0.6582388250853064,1,0.16666666666666666,"[0, 1, 2, 3, 4, 5]",random_uniform_v1,0,test
case_bdda715f,cust_139e708b,202007,upi,INSUFFICIENT_FUNDS,83,,0.9506777112784542,medium,0.6967983000656359,1,0.16666666666666666,"[0, 1, 2, 3, 4, 5]",random_uniform_v1,1,train
case_c6f0084e,cust_7d3674a4,55985,card,BANK_DECLINE,29,,0.6869598914458676,high,0.3338801383771255,2,0.16666666666666666,"[0, 1, 2, 3, 4, 5]",random_uniform_v1,1,train
case_b8e8c98b,cust_01d277b6,94176,card,BANK_DECLINE,10,,0.4808825500074394,low,0.2993638094525296,2,0.16666666666666666,"[0, 1, 2, 3, 4, 5]",random_uniform_v1,1,train
case_4f67eb2b,cust_e93b6320,298001,card,BANK_DECLINE,2,,0.809734736368397,medium,0.9871243454297434,4,0.16666666666666666,"[0, 1, 2, 3, 4, 5]",random_uniform_v1,0,train
case_29a4d767,cust_21bcc79c,471463,upi,INSUFFICIENT_FUNDS,14,,0.7980003246242263,low,0.5449682885150386,4,0.16666666666666666,"[0, 1, 2, 3, 4, 5]",random_uniform_v1,1,train
case_6a9a7e8e,cust_6fe34d21,702071,card,BANK_DECLINE,23,,0.8090301434376012,low,0.2403055989130673,5,0.16666666666666666,"[0, 1, 2, 3, 4, 5]",random_uniform_v1,1,val
case_07f0af8a,cust_fbf7d0d4,57325,upi,BANK_TIMEOUT,0,,0.7479870298875897,low,0.10184408504960889,1,0.16666666666666666,"[0, 1, 2, 3, 4, 5]",random_uniform_v1,1,train
case_ae58a7b7,cust_af958be8,51644,card,INSUFFICIENT_FUNDS,4,,0.604329932795801,low,0.1861990784247379,0,0.16666666666666666,"[0, 1, 2, 3, 4, 5]",random_uniform_v1,0,test
case_64102e14,cust_579cc29e,39358,netbanking,BANK_DECLINE,17,,0.5262618756041856,low,0.5443762896617009,5,0.16666666666666666,"[0, 1, 2, 3, 4, 5]",random_uniform_v1,0,train
case_b8f504b0,cust_311a8b28,482610,upi,BANK_TIMEOUT,69,,0.8970292874762318,low,0.13097545072735345,0,0.16666666666666666,"[0, 1, 2, 3, 4, 5]",random_uniform_v1,1,train
case_696f9f96,cust_f7b3683c,296106,upi,BANK_TIMEOUT,29,,1.0,low,0.2355520888750205,1,0.16666666666666666,"[0, 1, 2, 3, 4, 5]",random_uniform_v1,1,train
case_3904ac01,cust_e703bb97,37295,upi,BANK_TIMEOUT,35,,0.320912150495158,medium,0.5576242957396881,1,0.16666666666666666,"[0, 1, 2, 3, 4, 5]",random_uniform_v1,0,train
case_598e27b7,cust_ede53e09,64300,card,INSUFFICIENT_FUNDS,100,,0.7080386445621419,medium,0.4509227633626472,5,0.16666666666666666,"[0, 1, 2, 3, 4, 5]",random_uniform_v1,1,train
case_2d0f31b1,cust_5810d1b4,133308,upi,BANK_TIMEOUT,9,,0.8614603679516496,high,0.476596532161416,5,0.16666666666666666,"[0, 1, 2, 3, 4, 5]",random_uniform_v1,1,train
case_9c0a5502,cust_0dae02da,17818,upi,NETWORK_ERROR,16,,0.9413853986316891,low,0.24810733164336163,0,0.16666666666666666,"[0, 1, 2, 3, 4, 5]",random_uniform_v1,0,test
case_ffd13a93,cust_d36e9163,97668,upi,BANK_TIMEOUT,14,,0.8409477670013327,medium,0.2184562995745754,1,0.16666666666666666,"[0, 1, 2, 3, 4, 5]",random_uniform_v1,1,val
case_367e5aaa,cust_ca97fb03,58820,upi,INSUFFICIENT_FUNDS,41,,1.0,medium,0.6417507040902319,4,0.16666666666666666,"[0, 1, 2, 3, 4, 5]",random_uniform_v1,0,test
case_58be6cae,cust_744b337d,324917,card,BANK_DECLINE,4,,0.7255507015618528,low,0.3918774770535882,4,0.16666666666666666,"[0, 1, 2, 3, 4, 5]",random_uniform_v1,0,train
case_a219b750,cust_91fb357b,14685,netbanking,BANK_TIMEOUT,28,,0.6959906454934071,low,0.9067701917945704,4,0.16666666666666666,"[0, 1, 2, 3, 4, 5]",random_uniform_v1,0,train
case_c5c2d713,cust_195430ed,12390,upi,BANK_TIMEOUT,22,,0.8684850269842791,low,0.5438857366190827,0,0.16666666666666666,"[0, 1, 2, 3, 4, 5]",random_uniform_v1,1,train
case_c8d3530f,cust_70c26d80,51541,upi,INSUFFICIENT_FUNDS,4,,0.9916006253424414,low,0.5065526259311468,5,0.16666666666666666,"[0, 1, 2, 3, 4, 5]",random_uniform_v1,1,test
case_c0ba6360,cust_fc310f16,78635,netbanking,BANK_DECLINE,7,,0.6500496259621257,low,0.4218345133101206,1,0.16666666666666666,"[0, 1, 2, 3, 4, 5]",random_uniform_v1,0,test
case_086e5bb5,cust_84b3f372,208386,netbanking,BANK_DECLINE,17,,0.6438515735811883,medium,0.6296763473401813,1,0.16666666666666666,"[0, 1, 2, 3, 4, 5]",random_uniform_v1,1,train
case_74f7592e,cust_c0c0a9cc,510269,upi,BANK_TIMEOUT,3,,0.6067245420090617,low,0.4206639174491361,2,0.16666666666666666,"[0, 1, 2, 3, 4, 5]",random_uniform_v1,1,train
case_e1fab66c,cust_95f75e53,49500,card,BANK_DECLINE,48,,0.6418407610664456,low,0.2106181137933059,0,0.16666666666666666,"[0, 1, 2, 3, 4, 5]",random_uniform_v1,1,train
case_66ce7391,cust_f440083c,656124,upi,BANK_TIMEOUT,36,,0.9478447556982104,low,0.5893820489027971,3,0.16666666666666666,"[0, 1, 2, 3, 4, 5]",random_uniform_v1,1,val
case_93f7d291,cust_02569ca6,5762,upi,BANK_TIMEOUT,4,,0.681293218005817,low,0.5239946614786506,0,0.16666666666666666,"[0, 1, 2, 3, 4, 5]",random_uniform_v1,0,test
case_b5c8a9c9,cust_9c0a4d96,42960,netbanking,NETWORK_ERROR,17,,0.761921626869433,high,0.2496563586616965,2,0.16666666666666666,"[0, 1, 2, 3, 4, 5]",random_uniform_v1,1,train
case_57e105cd,cust_24449087,173937,card,BANK_DECLINE,19,,0.7012346011113221,medium,0.6534978135214811,1,0.16666666666666666,"[0, 1, 2, 3, 4, 5]",random_uniform_v1,0,train
case_bf06576f,cust_d4869e10,490759,netbanking,BANK_TIMEOUT,49,,0.6558169990320866,low,0.8642045080681178,1,0.16666666666666666,"[0, 1, 2, 3, 4, 5]",random_uniform_v1,1,val
case_2e6c8a6d,cust_8a781761,92889,upi,BANK_TIMEOUT,4,,0.7523899842575638,medium,0.0,2,0.16666666666666666,"[0, 1, 2, 3, 4, 5]",random_uniform_v1,1,train
case_65dc437f,cust_f81e0b65,39288,upi,BANK_TIMEOUT,15,,0.8471627060771826,low,0.43587904085507856,0,0.16666666666666666,"[0, 1, 2, 3, 4, 5]",random_uniform_v1,1,train
case_9a426af1,cust_ac5bcf73,47014,card,BANK_DECLINE,39,,0.8654696852927592,low,0.45534941278144014,5,0.16666666666666666,"[0, 1, 2, 3, 4, 5]",random_uniform_v1,0,test
case_02d58a33,cust_5115d17f,36547,netbanking,NETWORK_ERROR,61,,0.8850385067225484,low,0.24775940554037287,1,0.16666666666666666,"[0, 1, 2, 3, 4, 5]",random_uniform_v1,1,val
case_67e09679,cust_b4d85095,50782,card,INSUFFICIENT_FUNDS,24,,0.7406857034289135,medium,0.0,5,0.16666666666666666,"[0, 1, 2, 3, 4, 5]",random_uniform_v1,1,train
case_56aaec11,cust_1be4f8c8,65366,upi,INSUFFICIENT_FUNDS,23,,0.9485762772651338,low,0.45871490341589416,4,0.16666666666666666,"[0, 1, 2, 3, 4, 5]",random_uniform_v1,1,train
case_dcb0fb79,cust_5b7028c8,113137,card,INSUFFICIENT_FUNDS,0,,0.6821648291281109,low,0.2808554457118589,0,0.16666666666666666,"[0, 1, 2, 3, 4, 5]",random_uniform_v1,0,val
case_63560fa0,cust_ffc9a36e,154138,upi,BANK_TIMEOUT,46,,1.0,medium,0.3568345800841347,0,0.16666666666666666,"[0, 1, 2, 3, 4, 5]",random_uniform_v1,0,train
case_35a15b0a,cust_7e67d1a3,180960,netbanking,BANK_DECLINE,34,,1.0,low,0.209310092589848,2,0.16666666666666666,"[0, 1, 2, 3, 4, 5]",random_uniform_v1,1,train
case_08d77cce,cust_069cd839,139495,upi,INSUFFICIENT_FUNDS,12,,0.8295702075058301,high,0.05452801034532462,5,0.16666666666666666,"[0, 1, 2, 3, 4, 5]",random_uniform_v1,0,val
case_f26f5660,cust_ea3763f8,165715,upi,BANK_TIMEOUT,4,,1.0,low,0.5121198749468214,3,0.16666666666666666,"[0, 1, 2, 3, 4, 5]",random_uniform_v1,0,train
case_8b4ff1c3,cust_7aed755c,503411,upi,NETWORK_ERROR,37,,0.6068264331438886,low,0.47223423314356316,1,0.16666666666666666,"[0, 1, 2, 3, 4, 5]",random_uniform_v1,0,val
case_a07d30e4,cust_563563a1,57737,upi,INSUFFICIENT_FUNDS,15,,0.7253334721632104,low,0.061273336128775696,0,0.16666666666666666,"[0, 1, 2, 3, 4, 5]",random_uniform_v1,1,val
case_c8520731,cust_9592501e,22681,upi,INSUFFICIENT_FUNDS,39,,0.8132011598300424,medium,0.23771725017767292,3,0.16666666666666666,"[0, 1, 2, 3, 4, 5]",random_uniform_v1,1,val
case_8380f246,cust_19bfa6f9,237824,card,BANK_DECLINE,45,,0.25884445205652057,medium,0.22490175434642887,2,0.16666666666666666,"[0, 1, 2, 3, 4, 5]",random_uniform_v1,1,train
case_94158dcb,cust_250539f6,30700,upi,BANK_TIMEOUT,52,,0.4378434240332475,medium,0.2229414296494177,4,0.16666666666666666,"[0, 1, 2, 3, 4, 5]",random_uniform_v1,1,train
case_8dd7ebf9,cust_483039c6,84081,card,NETWORK_ERROR,124,,0.651040112351596,low,0.3034917172183829,0,0.16666666666666666,"[0, 1, 2, 3, 4, 5]",random_uniform_v1,1,test
case_77194ec3,cust_34b1cfe5,174604,upi,BANK_TIMEOUT,13,,0.6260990561567584,low,0.6772630283521377,3,0.16666666666666666,"[0, 1, 2, 3, 4, 5]",random_uniform_v1,1,train
case_4278c9f4,cust_2e342954,108854,upi,NETWORK_ERROR,94,,0.49867032406879286,low,0.2101849949751671,5,0.16666666666666666,"[0, 1, 2, 3, 4, 5]",random_uniform_v1,1,val
case_aa9f6d9d,cust_be8cc6f8,148778,card,BANK_TIMEOUT,92,,0.6672802136662821,medium,0.9427314035483466,2,0.16666666666666666,"[0, 1, 2, 3, 4, 5]",random_uniform_v1,1,train
case_52a84067,cust_8a8b379b,199196,upi,INSUFFICIENT_FUNDS,11,,0.7210980881936846,low,0.2431536360349436,3,0.16666666666666666,"[0, 1, 2, 3, 4, 5]",random_uniform_v1,0,train
case_7d638ee5,cust_9d910b0c,117260,upi,INSUFFICIENT_FUNDS,22,,0.4593432307465632,low,0.5801220965072178,2,0.16666666666666666,"[0, 1, 2, 3, 4, 5]",random_uniform_v1,0,train
case_5f2e5eca,cust_90aeb41c,97381,card,INSUFFICIENT_FUNDS,0,,0.5089935118904738,low,0.363023768484015,5,0.16666666666666666,"[0, 1, 2, 3, 4, 5]",random_uniform_v1,1,train
case_82056fb1,cust_0bd62bd5,1526752,card,INSUFFICIENT_FUNDS,20,,0.7793604572745113,low,0.17428489003899658,0,0.16666666666666666,"[0, 1, 2, 3, 4, 5]",random_uniform_v1,1,train
case_577a8208,cust_2be72381,86465,card,INSUFFICIENT_FUNDS,78,,0.9667920615790961,low,0.6142918857011522,2,0.16666666666666666,"[0, 1, 2, 3, 4, 5]",random_uniform_v1,1,train
case_82935ec3,cust_4ecef28f,61878,card,BANK_TIMEOUT,15,,0.8989888258127704,low,0.4294080579878675,2,0.16666666666666666,"[0, 1, 2, 3, 4, 5]",random_uniform_v1,1,val
case_3ca8010c,cust_03133558,1551259,card,BANK_TIMEOUT,5,,0.739463834716764,medium,0.41462583254882646,4,0.16666666666666666,"[0, 1, 2, 3, 4, 5]",random_uniform_v1,1,train
case_3c3edd33,cust_f12ae998,18954,card,BANK_DECLINE,60,,0.7663078896418017,low,0.0625667224446978,1,0.16666666666666666,"[0, 1, 2, 3, 4, 5]",random_uniform_v1,1,train
case_30dbb7e8,cust_df3b5846,136641,upi,NETWORK_ERROR,38,,0.8065753567247891,medium,0.5920684114667344,5,0.16666666666666666,"[0, 1, 2, 3, 4, 5]",random_uniform_v1,1,train
case_a6e58775,cust_e35cd483,217574,upi,NETWORK_ERROR,8,,0.627663644025742,low,0.18471205838059715,2,0.16666666666666666,"[0, 1, 2, 3, 4, 5]",random_uniform_v1,1,train
case_d6370a85,cust_2ed49575,30391,card,INSUFFICIENT_FUNDS,90,,0.7068024681288237,low,0.8206262731271619,0,0.16666666666666666,"[0, 1, 2, 3, 4, 5]",random_uniform_v1,0,train
case_318921ed,cust_6de8502d,292611,upi,BANK_TIMEOUT,1,,0.9536301065478322,low,0.9546652158029845,4,0.16666666666666666,"[0, 1, 2, 3, 4, 5]",random_uniform_v1,1,train
case_c149e6c7,cust_62fa858b,52132,upi,BANK_TIMEOUT,21,,0.6873272039342422,low,0.331607835054593,0,0.16666666666666666,"[0, 1, 2, 3, 4, 5]",random_uniform_v1,1,train
case_9a68b751,cust_0a16b17a,29069,card,INSUFFICIENT_FUNDS,23,,0.8684205800023154,low,0.8392091846870308,2,0.16666666666666666,"[0, 1, 2, 3, 4, 5]",random_uniform_v1,1,train
case_630485e9,cust_a2f93375,134559,upi,BANK_TIMEOUT,5,,0.5717953661820898,low,0.1699490708214414,2,0.16666666666666666,"[0, 1, 2, 3, 4, 5]",random_uniform_v1,1,train
case_57aa4b16,cust_e65f1902,119954,upi,NETWORK_ERROR,1,,0.7258353843970637,low,0.1425077186020438,3,0.16666666666666666,"[0, 1, 2, 3, 4, 5]",random_uniform_v1,1,test
case_cbe78a45,cust_cf62a4f4,1287309,upi,INSUFFICIENT_FUNDS,14,,0.8426599458955366,low,0.6141822431760195,0,0.16666666666666666,"[0, 1, 2, 3, 4, 5]",random_uniform_v1,0,train
case_ec55d4c3,cust_01c7c7f6,66736,upi,NETWORK_ERROR,17,,0.6692178206572984,low,0.7613210236572503,5,0.16666666666666666,"[0, 1, 2, 3, 4, 5]",random_uniform_v1,1,train
case_9cfe7d08,cust_395e6513,78916,upi,INSUFFICIENT_FUNDS,37,,0.8735211434093142,low,0.5195114781957416,3,0.16666666666666666,"[0, 1, 2, 3, 4, 5]",random_uniform_v1,1,train
case_962d1550,cust_79fe512d,50684,upi,NETWORK_ERROR,31,,0.4255026858016492,low,0.36217863563949526,0,0.16666666666666666,"[0, 1, 2, 3, 4, 5]",random_uniform_v1,1,train
case_e6ecd704,cust_c1d4f43e,67454,upi,BANK_TIMEOUT,7,,0.7179198749265785,low,0.6735247946632729,0,0.16666666666666666,"[0, 1, 2, 3, 4, 5]",random_uniform_v1,1,train
case_33a93b09,cust_4c679acf,113399,card,BANK_DECLINE,9,,0.6177755172411815,low,0.44271564670413965,5,0.16666666666666666,"[0, 1, 2, 3, 4, 5]",random_uniform_v1,1,train
case_902220a1,cust_9133473b,317241,upi,INSUFFICIENT_FUNDS,5,,0.49830011004501923,high,0.2460350042344835,5,0.16666666666666666,"[0, 1, 2, 3, 4, 5]",random_uniform_v1,1,train
case_7f0bcd70,cust_a3869f61,38374,card,BANK_DECLINE,29,,0.7070246458114079,low,0.07773042287211727,1,0.16666666666666666,"[0, 1, 2, 3, 4, 5]",random_uniform_v1,0,train
case_c4bcecfd,cust_454b5e8f,256712,upi,NETWORK_ERROR,14,,0.7109103264806675,low,0.49600552613896964,1,0.16666666666666666,"[0, 1, 2, 3, 4, 5]",random_uniform_v1,1,train
case_b5bdbd11,cust_ea157484,215667,netbanking,BANK_DECLINE,21,,0.988491355832915,low,0.05676580356443166,2,0.16666666666666666,"[0, 1, 2, 3, 4, 5]",random_uniform_v1,1,test
case_3959a355,cust_023e78d2,217767,card,INSUFFICIENT_FUNDS,41,,0.6206935977820278,medium,0.5898180522785975,2,0.16666666666666666,"[0, 1, 2, 3, 4, 5]",random_uniform_v1,1,val
case_62b11e4d,cust_5a7d9b8e,172805,upi,INSUFFICIENT_FUNDS,3,,0.35130429492174986,low,0.6827620355871178,1,0.16666666666666666,"[0, 1, 2, 3, 4, 5]",random_uniform_v1,0,train
case_148bdb64,cust_e199ce18,61371,upi,BANK_TIMEOUT,51,,0.9516576961074825,low,0.6715791814424845,5,0.16666666666666666,"[0, 1, 2, 3, 4, 5]",random_uniform_v1,1,test
case_028ac062,cust_ac9afc55,318596,upi,NETWORK_ERROR,0,,0.7865776758067315,low,0.0861453029880988,1,0.16666666666666666,"[0, 1, 2, 3, 4, 5]",random_uniform_v1,1,train
case_df3d3729,cust_c0bd8e82,245891,upi,BANK_TIMEOUT,156,,0.9227078635015086,low,0.3124238642539089,3,0.16666666666666666,"[0, 1, 2, 3, 4, 5]",random_uniform_v1,1,train
case_7662061c,cust_244e6df8,212908,upi,BANK_TIMEOUT,37,,0.7226555592973578,low,0.6165569873304672,0,0.16666666666666666,"[0, 1, 2, 3, 4, 5]",random_uniform_v1,1,train
case_38fc45af,cust_af8a8223,308462,upi,NETWORK_ERROR,80,,0.9783538037536978,low,0.3524573603993134,5,0.16666666666666666,"[0, 1, 2, 3, 4, 5]",random_uniform_v1,1,val
case_eecb1bd4,cust_49b07b16,103824,card,INSUFFICIENT_FUNDS,60,,0.553606357869981,low,0.39860821262823376,2,0.16666666666666666,"[0, 1, 2, 3, 4, 5]",random_uniform_v1,1,train
case_49398c58,cust_1d5b82fd,95690,netbanking,INSUFFICIENT_FUNDS,20,,0.7853107801520566,low,0.47539363046510663,4,0.16666666666666666,"[0, 1, 2, 3, 4, 5]",random_uniform_v1,1,train
case_922fa1bf,cust_241a4579,205536,netbanking,BANK_DECLINE,13,,0.7812642540344552,medium,0.35843381377733335,0,0.16666666666666666,"[0, 1, 2, 3, 4, 5]",random_uniform_v1,0,train
case_4eb92fda,cust_0bccfcee,17900,upi,BANK_TIMEOUT,40,,0.48391923127761016,low,0.3990629988276441,3,0.16666666666666666,"[0, 1, 2, 3, 4, 5]",random_uniform_v1,1,train
case_13073497,cust_8359fa3f,172233,upi,NETWORK_ERROR,19,,0.8455176512404458,low,0.30097402225237274,2,0.16666666666666666,"[0, 1, 2, 3, 4, 5]",random_uniform_v1,1,train
case_f60dd132,cust_dba939a0,120934,card,BANK_DECLINE,39,,0.67987382472349,low,0.7169983320397368,3,0.16666666666666666,"[0, 1, 2, 3, 4, 5]",random_uniform_v1,1,train
case_8e907562,cust_d5d04429,80038,card,BANK_DECLINE,27,,0.8488868675008778,low,0.28650227457387717,5,0.16666666666666666,"[0, 1, 2, 3, 4, 5]",random_uniform_v1,1,train
case_6be3f101,cust_0d3c75a7,373926,upi,BANK_TIMEOUT,0,,0.7315551494872338,low,0.0,2,0.16666666666666666,"[0, 1, 2, 3, 4, 5]",random_uniform_v1,1,train
case_b85e292a,cust_e5fc8c14,51701,upi,INSUFFICIENT_FUNDS,64,,1.0,low,0.0,5,0.16666666666666666,"[0, 1, 2, 3, 4, 5]",random_uniform_v1,1,val
case_1f900600,cust_3a8c8c71,60345,upi,BANK_TIMEOUT,27,,0.7378877261076151,high,0.3609762158527471,3,0.16666666666666666,"[0, 1, 2, 3, 4, 5]",random_uniform_v1,1,train
case_8f5d9e0b,cust_2cc417bb,39363,upi,NETWORK_ERROR,12,,0.45839399845418966,low,0.0,5,0.16666666666666666,"[0, 1, 2, 3, 4, 5]",random_uniform_v1,1,train
case_82df51f2,cust_6a2970d5,11436,card,BANK_DECLINE,23,,0.6184251143172553,low,0.37585894262740277,0,0.16666666666666666,"[0, 1, 2, 3, 4, 5]",random_uniform_v1,1,val
case_460d53b5,cust_0147ca59,212444,card,BANK_DECLINE,34,,0.8573250036027016,medium,0.12769117996518473,2,0.16666666666666666,"[0, 1, 2, 3, 4, 5]",random_uniform_v1,1,train
case_9ba59f2d,cust_2c8c90b1,71548,upi,INSUFFICIENT_FUNDS,20,,0.7719718990209653,low,0.5037829102993109,1,0.16666666666666666,"[0, 1, 2, 3, 4, 5]",random_uniform_v1,1,train
case_ae59c912,cust_d16fddc6,135636,upi,BANK_TIMEOUT,33,,0.8598876106355835,low,0.4412174535369171,0,0.16666666666666666,"[0, 1, 2, 3, 4, 5]",random_uniform_v1,1,train
case_ad39dbae,cust_093acc01,279561,upi,BANK_TIMEOUT,3,,0.754407109464247,low,0.4350527581373815,1,0.16666666666666666,"[0, 1, 2, 3, 4, 5]",random_uniform_v1,1,train
case_c49cf3bc,cust_14522b2e,21419,upi,INSUFFICIENT_FUNDS,67,,0.8184717884913336,medium,0.6463697258549657,3,0.16666666666666666,"[0, 1, 2, 3, 4, 5]",random_uniform_v1,0,val
case_0dc6e387,cust_d4ac5d3a,354646,netbanking,BANK_DECLINE,3,,0.46030671041124693,high,0.0,3,0.16666666666666666,"[0, 1, 2, 3, 4, 5]",random_uniform_v1,1,train
case_48a7a02c,cust_e5b39c5d,147499,card,NETWORK_ERROR,3,,1.0,low,0.12987309092669394,2,0.16666666666666666,"[0, 1, 2, 3, 4, 5]",random_uniform_v1,1,train
case_887c7ba8,cust_981af538,93571,card,BANK_TIMEOUT,35,,0.8817359389511796,low,0.3480898882859679,4,0.16666666666666666,"[0, 1, 2, 3, 4, 5]",random_uniform_v1,1,train
case_9fd29d01,cust_4ab2291d,153646,upi,NETWORK_ERROR,8,,0.709081395329973,low,0.043168680104368,5,0.16666666666666666,"[0, 1, 2, 3, 4, 5]",random_uniform_v1,1,train
case_d4930caa,cust_3cda2f10,69715,upi,INSUFFICIENT_FUNDS,37,,0.6800375900728932,low,0.36756563815609805,0,0.16666666666666666,"[0, 1, 2, 3, 4, 5]",random_uniform_v1,0,train
case_ff6a8c87,cust_c03cc049,151402,netbanking,INSUFFICIENT_FUNDS,3,,0.8138645504276684,low,0.7828703916385944,2,0.16666666666666666,"[0, 1, 2, 3, 4, 5]",random_uniform_v1,1,val
case_d17e1dd3,cust_39b02b1f,143437,upi,BANK_TIMEOUT,10,,0.8709827396281994,low,0.5202986880115815,5,0.16666666666666666,"[0, 1, 2, 3, 4, 5]",random_uniform_v1,1,test
case_bb124868,cust_3cd94354,1138373,card,BANK_DECLINE,37,,0.6132200750932663,low,0.36436731661312827,4,0.16666666666666666,"[0, 1, 2, 3, 4, 5]",random_uniform_v1,1,train
case_77724bc0,cust_9861e8e4,29269,card,BANK_DECLINE,25,,0.7184405876262191,high,0.621502224631974,2,0.16666666666666666,"[0, 1, 2, 3, 4, 5]",random_uniform_v1,0,train
case_2ebf76af,cust_cbd4d7b4,97032,upi,BANK_TIMEOUT,19,,0.7343325553406774,low,0.11228808620579706,5,0.16666666666666666,"[0, 1, 2, 3, 4, 5]",random_uniform_v1,0,train
case_f8586ebe,cust_25d4e327,129206,upi,INSUFFICIENT_FUNDS,8,,0.5633114487118385,medium,0.3160605528067987,5,0.16666666666666666,"[0, 1, 2, 3, 4, 5]",random_uniform_v1,0,train
case_d72a98a2,cust_24953cad,32383,upi,INSUFFICIENT_FUNDS,23,,0.5153476167758243,low,0.6860449475363251,4,0.16666666666666666,"[0, 1, 2, 3, 4, 5]",random_uniform_v1,1,train
case_4fb5b074,cust_39a79593,434245,upi,BANK_TIMEOUT,3,,0.9821851830156288,high,0.4288295474132575,0,0.16666666666666666,"[0, 1, 2, 3, 4, 5]",random_uniform_v1,1,val
case_3205e67e,cust_7d6613e4,20245,card,NETWORK_ERROR,22,,0.8274761826934428,high,0.4775621675331631,5,0.16666666666666666,"[0, 1, 2, 3, 4, 5]",random_uniform_v1,1,train
case_5593f6d1,cust_a47d69b4,51264,netbanking,INSUFFICIENT_FUNDS,11,,0.8805734994675616,low,0.04186848252331496,4,0.16666666666666666,"[0, 1, 2, 3, 4, 5]",random_uniform_v1,1,train
case_56bde270,cust_900fa17e,316840,upi,BANK_TIMEOUT,11,,0.6688548447288696,low,0.3886377072732744,5,0.16666666666666666,"[0, 1, 2, 3, 4, 5]",random_uniform_v1,1,val
case_d5a29ba5,cust_b3c0c753,1426370,upi,BANK_TIMEOUT,78,,0.7992929516994918,medium,0.4674750188054151,1,0.16666666666666666,"[0, 1, 2, 3, 4, 5]",random_uniform_v1,1,test
case_d45203c0,cust_06c8e996,109825,netbanking,BANK_DECLINE,29,,0.871096935559219,low,0.7027902948727517,5,0.16666666666666666,"[0, 1, 2, 3, 4, 5]",random_uniform_v1,1,train
case_40b1ae3d,cust_984a4578,18558,upi,BANK_TIMEOUT,12,,0.7127808429425773,low,0.3078866682498591,2,0.16666666666666666,"[0, 1, 2, 3, 4, 5]",random_uniform_v1,1,train
case_8b3058a2,cust_71b94d4d,45584,card,BANK_DECLINE,64,,0.6757461170863099,low,0.9333468222646344,4,0.16666666666666666,"[0, 1, 2, 3, 4, 5]",random_uniform_v1,0,train
case_14866a32,cust_4c091400,96658,upi,NETWORK_ERROR,9,,0.5335651930961115,low,0.4262850502004283,0,0.16666666666666666,"[0, 1, 2, 3, 4, 5]",random_uniform_v1,1,train
case_fac8c737,cust_2cff59b7,394760,upi,NETWORK_ERROR,57,,0.5903989370113174,low,0.5361465051022598,2,0.16666666666666666,"[0, 1, 2, 3, 4, 5]",random_uniform_v1,1,train
case_844a7606,cust_12ae4d20,45467,upi,BANK_TIMEOUT,8,,0.7504337492302523,low,0.48959366931305637,3,0.16666666666666666,"[0, 1, 2, 3, 4, 5]",random_uniform_v1,1,val
case_b87b8dad,cust_68034091,248289,card,BANK_TIMEOUT,27,,0.962485967458072,low,0.4588035282514174,3,0.16666666666666666,"[0, 1, 2, 3, 4, 5]",random_uniform_v1,1,train
case_3af65d7a,cust_c4b81fa5,238656,card,INSUFFICIENT_FUNDS,50,,0.5644776527414381,low,0.3790372928662478,1,0.16666666666666666,"[0, 1, 2, 3, 4, 5]",random_uniform_v1,0,train
case_4ceefa9a,cust_531db99d,61751,upi,INSUFFICIENT_FUNDS,179,,0.9666079741708018,low,0.5019414661979349,5,0.16666666666666666,"[0, 1, 2, 3, 4, 5]",random_uniform_v1,1,test
case_25f67680,cust_0e7ad364,74163,netbanking,INSUFFICIENT_FUNDS,0,,0.5934908565350062,low,0.3138802706680544,0,0.16666666666666666,"[0, 1, 2, 3, 4, 5]",random_uniform_v1,0,test
case_95402b13,cust_a793490a,586663,upi,BANK_TIMEOUT,4,,0.34775338051459137,low,0.2126651943788282,1,0.16666666666666666,"[0, 1, 2, 3, 4, 5]",random_uniform_v1,1,train
case_a8f68d75,cust_e0aa7406,286076,upi,INSUFFICIENT_FUNDS,63,,0.9533898348126799,low,0.38750465101354875,5,0.16666666666666666,"[0, 1, 2, 3, 4, 5]",random_uniform_v1,1,train
case_9e71c3cd,cust_24e3eaf8,21255,upi,NETWORK_ERROR,20,,0.6094384861507607,low,0.15167765480796458,1,0.16666666666666666,"[0, 1, 2, 3, 4, 5]",random_uniform_v1,1,train
case_0cca79d9,cust_16c9fd2f,247147,upi,NETWORK_ERROR,55,,0.5532014727665684,medium,0.0,0,0.16666666666666666,"[0, 1, 2, 3, 4, 5]",random_uniform_v1,1,train
case_3d5502c9,cust_f702f8bf,25584,card,BANK_DECLINE,5,,0.8590296057579985,low,0.4937413261034839,4,0.16666666666666666,"[0, 1, 2, 3, 4, 5]",random_uniform_v1,0,test
case_cb94655d,cust_69684e63,75083,card,BANK_TIMEOUT,28,,0.9050092132072127,low,0.3416414600266253,5,0.16666666666666666,"[0, 1, 2, 3, 4, 5]",random_uniform_v1,0,train
case_5eb525bd,cust_28bfbceb,228120,card,BANK_DECLINE,60,,0.7710416283944852,low,0.40154185557892563,0,0.16666666666666666,"[0, 1, 2, 3, 4, 5]",random_uniform_v1,0,train
case_380c4d92,cust_cfa0e937,16262,upi,INSUFFICIENT_FUNDS,44,,0.41396546449723254,high,0.5606989108540508,0,0.16666666666666666,"[0, 1, 2, 3, 4, 5]",random_uniform_v1,0,train
case_baefb4c8,cust_b58dfefa,31947,upi,BANK_TIMEOUT,13,,0.7780354360040328,low,0.03158447291990861,4,0.16666666666666666,"[0, 1, 2, 3, 4, 5]",random_uniform_v1,1,train
case_3b180f4c,cust_a5fe009e,136113,card,INSUFFICIENT_FUNDS,120,,0.8697724999020002,medium,0.08775863354210939,3,0.16666666666666666,"[0, 1, 2, 3, 4, 5]",random_uniform_v1,0,train
case_a76f76b1,cust_f948e57c,48926,upi,INSUFFICIENT_FUNDS,15,,0.7766344916653344,high,0.64332753797266,3,0.16666666666666666,"[0, 1, 2, 3, 4, 5]",random_uniform_v1,1,val
case_796e21c6,cust_1f35b523,238775,card,BANK_DECLINE,2,,0.906220322407252,low,0.33287924756273696,5,0.16666666666666666,"[0, 1, 2, 3, 4, 5]",random_uniform_v1,1,test
case_8367b28b,cust_e190eb64,838894,upi,BANK_TIMEOUT,7,,0.6908726095350236,low,0.17417059031332416,3,0.16666666666666666,"[0, 1, 2, 3, 4, 5]",random_uniform_v1,1,train
case_73d6313d,cust_73582136,49592,netbanking,INSUFFICIENT_FUNDS,21,,0.6470240579591701,low,0.6429855182726663,0,0.16666666666666666,"[0, 1, 2, 3, 4, 5]",random_uniform_v1,1,train
case_bbae4d78,cust_585627e6,71529,upi,INSUFFICIENT_FUNDS,0,,0.8251754593082279,medium,0.6593295248891891,2,0.16666666666666666,"[0, 1, 2, 3, 4, 5]",random_uniform_v1,1,train
case_ded4e0f3,cust_fc10dd94,106161,upi,INSUFFICIENT_FUNDS,9,,0.5889844389271032,low,0.6800286311515998,2,0.16666666666666666,"[0, 1, 2, 3, 4, 5]",random_uniform_v1,1,train
case_a49fc3d3,cust_6aaf7a3b,562671,upi,BANK_TIMEOUT,12,,0.6525218758884864,low,0.6865698808147676,0,0.16666666666666666,"[0, 1, 2, 3, 4, 5]",random_uniform_v1,0,train
case_c19d5f91,cust_07880749,534993,upi,NETWORK_ERROR,9,,0.5163992786394982,low,0.4147039678062625,4,0.16666666666666666,"[0, 1, 2, 3, 4, 5]",random_uniform_v1,1,train
case_e5f10dcf,cust_59da5b36,282903,card,INSUFFICIENT_FUNDS,29,,0.9028976385790877,low,0.3538233513455446,3,0.16666666666666666,"[0, 1, 2, 3, 4, 5]",random_uniform_v1,0,train
case_d4463cb7,cust_7375352d,113866,upi,INSUFFICIENT_FUNDS,40,,1.0,low,0.12252977766231976,4,0.16666666666666666,"[0, 1, 2, 3, 4, 5]",random_uniform_v1,1,val
case_567ea3fe,cust_3b93b18d,39468,upi,NETWORK_ERROR,29,,1.0,low,0.9100396116921924,1,0.16666666666666666,"[0, 1, 2, 3, 4, 5]",random_uniform_v1,1,test
case_bd7128ca,cust_476b4d16,23557,upi,BANK_TIMEOUT,42,,0.38636235961234744,low,0.5900515186129579,2,0.16666666666666666,"[0, 1, 2, 3, 4, 5]",random_uniform_v1,1,val
case_2b9cfb84,cust_682b1a85,130029,netbanking,BANK_DECLINE,28,,0.726655987810848,low,0.1894533138838713,2,0.16666666666666666,"[0, 1, 2, 3, 4, 5]",random_uniform_v1,1,train
case_0be9bd10,cust_9f44ff1a,466686,upi,INSUFFICIENT_FUNDS,79,,0.86322387723604,low,0.2611174426416186,1,0.16666666666666666,"[0, 1, 2, 3, 4, 5]",random_uniform_v1,0,train
case_c558b4f8,cust_a7b5b37a,246095,upi,BANK_TIMEOUT,17,,0.9087219615519913,medium,0.07507748351169102,3,0.16666666666666666,"[0, 1, 2, 3, 4, 5]",random_uniform_v1,0,test
case_5aee5ae9,cust_4cdb04df,63185,card,BANK_TIMEOUT,25,,0.5422814035428077,low,0.2964612506391839,2,0.16666666666666666,"[0, 1, 2, 3, 4, 5]",random_uniform_v1,1,train
case_d4fb3c95,cust_f5dd2813,29348,netbanking,BANK_DECLINE,111,,0.777533388359157,high,0.44897091235753456,1,0.16666666666666666,"[0, 1, 2, 3, 4, 5]",random_uniform_v1,0,train
case_8cb01e57,cust_67625feb,12499,netbanking,BANK_DECLINE,10,,0.8301454509920155,low,0.5573935720166054,5,0.16666666666666666,"[0, 1, 2, 3, 4, 5]",random_uniform_v1,0,val
case_6d0f28ca,cust_c1606bbd,713251,card,NETWORK_ERROR,13,,0.8541986916484475,medium,0.2697439320378132,0,0.16666666666666666,"[0, 1, 2, 3, 4, 5]",random_uniform_v1,1,test
case_bfa3d4d6,cust_79848305,30403,upi,BANK_TIMEOUT,2,,0.7486896896544609,low,0.07902037644806238,1,0.16666666666666666,"[0, 1, 2, 3, 4, 5]",random_uniform_v1,1,test
case_1c486f59,cust_b52a2ece,247851,upi,INSUFFICIENT_FUNDS,2,,0.7106773213407338,low,0.4487996066632549,1,0.16666666666666666,"[0, 1, 2, 3, 4, 5]",random_uniform_v1,1,test
case_35b7b4dc,cust_82d52b43,18032,upi,NETWORK_ERROR,4,,0.2864258194478012,low,0.21435827857331008,1,0.16666666666666666,"[0, 1, 2, 3, 4, 5]",random_uniform_v1,1,train
case_0cbfd9cb,cust_2147efde,33932,upi,BANK_TIMEOUT,5,,0.8272843629267299,low,0.251729414558276,3,0.16666666666666666,"[0, 1, 2, 3, 4, 5]",random_uniform_v1,1,train
case_41c0daa4,cust_15e6ebaf,503048,card,BANK_TIMEOUT,193,,0.9887145066109414,low,0.8124056189745753,0,0.16666666666666666,"[0, 1, 2, 3, 4, 5]",random_uniform_v1,0,train
case_abf8a139,cust_eb702330,124020,upi,BANK_TIMEOUT,12,,1.0,low,0.0,4,0.16666666666666666,"[0, 1, 2, 3, 4, 5]",random_uniform_v1,1,train
case_1df12ad4,cust_a4b08505,181145,upi,INSUFFICIENT_FUNDS,14,,0.8249759753471109,low,0.7931707073511424,4,0.16666666666666666,"[0, 1, 2, 3, 4, 5]",random_uniform_v1,1,test
case_11ed59cf,cust_2c5151f7,351489,card,BANK_TIMEOUT,37,,0.6632277474332302,low,0.27912767380215636,0,0.16666666666666666,"[0, 1, 2, 3, 4, 5]",random_uniform_v1,1,train
case_7c5fea42,cust_f28a20c0,106845,netbanking,BANK_TIMEOUT,33,,0.8396644663142684,medium,0.6790017185269334,3,0.16666666666666666,"[0, 1, 2, 3, 4, 5]",random_uniform_v1,0,val
case_adcba40d,cust_bb856728,1002177,upi,INSUFFICIENT_FUNDS,10,,0.847966720457391,low,0.6439027742245805,1,0.16666666666666666,"[0, 1, 2, 3, 4, 5]",random_uniform_v1,0,train
case_5941bf78,cust_43cfa907,62788,card,BANK_TIMEOUT,14,,0.7266510920605431,low,0.6979852208722176,3,0.16666666666666666,"[0, 1, 2, 3, 4, 5]",random_uniform_v1,1,train
case_c75736ba,cust_c1afa8f6,19786,upi,INSUFFICIENT_FUNDS,28,,0.6788289882777445,medium,0.15221388492334686,5,0.16666666666666666,"[0, 1, 2, 3, 4, 5]",random_uniform_v1,1,train
case_6470604c,cust_c198190a,504844,upi,INSUFFICIENT_FUNDS,6,,0.6592567619554343,low,0.6133378291645878,3,0.16666666666666666,"[0, 1, 2, 3, 4, 5]",random_uniform_v1,1,train
case_c7e81af8,cust_1cdd164c,439371,netbanking,BANK_TIMEOUT,4,,0.6011432136871444,low,0.3125762368723754,0,0.16666666666666666,"[0, 1, 2, 3, 4, 5]",random_uniform_v1,1,train
case_64a0a3a7,cust_40a41e4d,19291,card,INSUFFICIENT_FUNDS,40,,0.8616552891004288,low,0.6102506586143045,2,0.16666666666666666,"[0, 1, 2, 3, 4, 5]",random_uniform_v1,1,train
case_7a2fe51b,cust_af96e751,33450,card,INSUFFICIENT_FUNDS,6,,0.6430762762091193,low,0.36520971444606065,5,0.16666666666666666,"[0, 1, 2, 3, 4, 5]",random_uniform_v1,1,val
case_14d6aec1,cust_17c21043,151079,card,BANK_DECLINE,59,,1.0,low,0.10421195549887866,3,0.16666666666666666,"[0, 1, 2, 3, 4, 5]",random_uniform_v1,1,train
case_cf76df7c,cust_0b63647b,145984,upi,BANK_TIMEOUT,0,,0.8629649152317305,low,0.0,0,0.16666666666666666,"[0, 1, 2, 3, 4, 5]",random_uniform_v1,1,test
case_5c0041a3,cust_caa94d9e,227685,upi,INSUFFICIENT_FUNDS,65,,0.5108343213741559,low,0.5049731755200105,5,0.16666666666666666,"[0, 1, 2, 3, 4, 5]",random_uniform_v1,1,train
case_ec6ee472,cust_d06958ed,231363,upi,BANK_TIMEOUT,45,,0.6387367762800829,low,0.09174445897889777,3,0.16666666666666666,"[0, 1, 2, 3, 4, 5]",random_uniform_v1,0,train
case_433d3fec,cust_a3e75b81,45530,upi,INSUFFICIENT_FUNDS,40,,0.767939908509435,low,0.20310964169641396,2,0.16666666666666666,"[0, 1, 2, 3, 4, 5]",random_uniform_v1,1,train
case_fd6f397a,cust_de210d39,144060,upi,BANK_TIMEOUT,12,,1.0,low,0.5040665045392576,5,0.16666666666666666,"[0, 1, 2, 3, 4, 5]",random_uniform_v1,1,train
case_1caf7a2d,cust_ded9e9b1,33020,upi,BANK_TIMEOUT,62,,0.39398751771488777,high,0.03943084088685325,2,0.16666666666666666,"[0, 1, 2, 3, 4, 5]",random_uniform_v1,1,test
case_20559ccf,cust_f8f5e231,38517,upi,NETWORK_ERROR,9,,0.5457838928116534,medium,0.4980701923006885,5,0.16666666666666666,"[0, 1, 2, 3, 4, 5]",random_uniform_v1,1,train
case_1eda19f6,cust_a5098cc2,63379,upi,BANK_TIMEOUT,37,,0.6675438835634506,low,0.19729464702005978,3,0.16666666666666666,"[0, 1, 2, 3, 4, 5]",random_uniform_v1,1,train
case_45f93cae,cust_45758a0c,50388,netbanking,BANK_DECLINE,115,,0.7734158410009113,low,0.21222233953023967,2,0.16666666666666666,"[0, 1, 2, 3, 4, 5]",random_uniform_v1,0,test
case_3b970d4e,cust_c920e18f,174142,upi,BANK_TIMEOUT,1,,0.7676084094325814,low,0.7988575497907203,0,0.16666666666666666,"[0, 1, 2, 3, 4, 5]",random_uniform_v1,1,train
case_f0ff19e3,cust_2183e230,588255,upi,INSUFFICIENT_FUNDS,56,,0.6999792724458239,low,0.527683184398498,5,0.16666666666666666,"[0, 1, 2, 3, 4, 5]",random_uniform_v1,0,train
case_e4ae3b87,cust_e290a5e9,156391,upi,INSUFFICIENT_FUNDS,11,,0.7458420640489353,low,0.6735200455176833,5,0.16666666666666666,"[0, 1, 2, 3, 4, 5]",random_uniform_v1,0,train
case_a41b8caf,cust_26116a89,39819,upi,INSUFFICIENT_FUNDS,46,,0.8248147622543684,low,0.2255704285612993,5,0.16666666666666666,"[0, 1, 2, 3, 4, 5]",random_uniform_v1,0,train
case_0f9b0991,cust_9b3245e3,141113,upi,INSUFFICIENT_FUNDS,16,,0.5492950027039667,medium,0.262002752497735,1,0.16666666666666666,"[0, 1, 2, 3, 4, 5]",random_uniform_v1,1,train
case_3e9712cf,cust_284dde6c,46832,upi,BANK_TIMEOUT,59,,0.7322026899913459,low,0.8625140705762698,1,0.16666666666666666,"[0, 1, 2, 3, 4, 5]",random_uniform_v1,1,train
