case_id,y_0,y_1,y_2,y_3,y_4,y_5
case_d2f0ef42,1,1,0,0,0,0
case_e561ffa6,1,1,1,0,0,1
case_c01df292,1,0,1,1,1,1
case_31b285dc,1,0,1,0,1,1
case_457be786,1,1,1,1,1,1
case_f4d3dc44,1,0,1,0,0,1
case_846b2e14,1,1,1,1,1,1
case_f65bacbc,1,1,1,0,1,1
case_e7571522,1,1,1,1,1,0
case_f3d4ca5f,1,0,1,1,0,1
case_854396f2,0,1,1,0,1,1
case_12cff77a,1,1,1,0,1,1
case_7b3f82d1,0,0,1,0,1,1
case_a0abcaf1,1,1,1,0,1,1
case_16d6eb5f,1,1,1,1,1,1
case_8f33a479,0,1,1,1,0,1
case_ca6a0da5,0,1,1,1,1,1
case_e4168ddc,1,0,1,0,1,1
case_599fb7b4,1,1,1,1,1,1
case_3b3875b9,0,1,1,0,1,0
case_7baec61e,1,0,1,1,1,1
case_c5f8c29a,1,0,1,1,1,1
case_0dcf37eb,0,0,1,1,0,0
case_d4614246,1,1,1,1,1,1
case_8eedf9c5,1,1,0,1,1,1
case_94dddf8d,1,1,1,0,1,0
case_8067ff3c,0,1,0,1,1,1
case_b054a963,1,0,1,0,1,1
case_20f6204d,0,1,1,1,1,1
case_1cc19410,1,0,1,1,0,1
case_ce1ec46f,0,1,1,1,1,1
case_82499e4e,1,1,1,1,1,1
case_eda79e91,0,0,1,0,0,1
case_26510ce1,0,1,1,1,1,1
case_1f8b4678,1,1,1,1,0,1
case_3684bf20,1,1,1,1,1,1
case_11bf84e2,1,1,1,1,1,1
case_a22f3971,1,1,1,1,1,1
case_c92140da,1,0,1,1,0,1
case_8c6b15a0,0,0,1,0,0,1
case_e13632fc,1,1,1,0,1,1
case_419c08fd,1,1,1,1,0,1
case_302dd656,0,1,1,1,1,1
case_5ca3bbb3,1,1,1,1,0,1
case_84fd5dcc,1,1,1,1,1,1
case_8ce9ca32,0,0,0,1,1,0
case_6260ce4e,0,1,1,1,1,1
case_fa4dc083,0,0,1,1,1,1
case_18ef6fd6,0,1,1,0,1,0
case_d157e5f1,1,1,1,1,1,1
case_385ea6cd,0,1,1,1,1,1
case_c57d65bc,0,0,1,1,1,1
case_4db2fd29,0,0,1,1,0,1
case_1c66f9c6,0,0,0,1,0,0
case_25bd8542,1,1,1,0,1,1
case_ae33b526,1,1,1,0,1,1
case_bde3b716,1,1,1,1,1,1
case_fe06213a,0,0,1,1,1,1
case_1f734784,0,0,1,0,1,1
case_4d59de9b,1,1,1,0,1,1
case_68818f21,1,0,1,1,1,1
case_627c1d78,1,0,1,1,1,1
case_c5ce6c14,1,1,1,1,1,1
case_38f0e5f1,1,1,1,1,1,1
case_290103b3,0,0,1,1,1,1
case_4b4d1add,1,1,1,1,1,1
case_41d24024,1,0,1,0,0,1
case_c20ef417,1,1,1,1,1,1
case_04864d95,1,1,1,1,1,1
case_31cd72bf,1,1,1,1,1,1
case_aeb48bd8,1,0,1,1,1,1
case_91937c3b,0,0,0,1,1,1
case_f2873846,0,0,1,1,1,1
case_81e79e38,0,0,0,1,1,1
case_3e10b1ca,1,1,0,1,1,1
case_56418f6d,1,0,1,1,1,1
case_e5cecd74,0,1,1,1,1,1
case_c871586d,1,0,1,1,1,1
case_5b842632,1,0,1,1,0,1
case_8970676d,0,1,1,1,1,0
case_edc0bfe6,0,0,1,0,0,1
case_58783c96,1,0,1,1,1,1
case_f0071afe,1,1,1,1,1,0
case_39d7c6c1,0,0,1,0,1,0
case_97245f1a,0,1,1,1,1,1
case_7e5cc2e7,1,1,1,1,1,1
case_cf9f3a7d,1,1,1,1,1,1
case_dac652e0,1,0,1,1,0,1
case_add0dba9,1,1,1,0,1,0
case_a8120c01,1,1,1,1,0,1
case_c93bbc15,1,1,1,1,1,1
case_36817bd0,1,0,1,0,0,1
case_c0b25e8f,1,1,1,1,1,1
case_a13276c4,1,1,1,1,1,1
case_7ca8dd92,0,1,1,0,1,0
case_22a42caa,1,1,1,1,1,1
case_d0715a69,1,0,1,1,1,1
case_7bbdcf38,1,1,1,1,1,1
case_a94155bd,1,1,1,0,1,1
case_2370421b,0,1,1,1,1,0
case_f275a9b2,1,0,1,1,1,1
case_8416f605,1,0,1,0,1,1
case_6861630c,1,1,1,1,1,1
case_abc7fcb7,1,0,0,0,1,1
case_ad0b0974,0,1,1,1,1,1
case_fe614c5c,0,1,1,0,1,1
case_80a3a9cb,1,1,1,1,1,1
case_24833562,1,0,1,1,1,1
case_d09f844e,0,1,0,1,1,1
case_1780eae7,0,1,1,1,1,1
case_1484c449,0,1,1,0,0,1
case_a35b4513,0,0,1,0,0,0
case_b0099973,1,1,1,1,1,1
case_4318d0dc,1,1,1,1,0,1
case_5fe91470,0,1,1,1,1,1
case_34b140ee,1,1,0,0,0,1
case_fd3d186e,0,0,1,0,1,1
case_4967a969,1,1,1,1,1,1
case_24dbed66,1,1,1,1,1,1
case_a1a6b060,0,1,1,0,0,1
case_07333f94,0,0,1,1,0,0
case_37e9a8d8,0,1,1,0,1,1
case_62395067,0,0,1,1,1,0
case_cba11a54,0,1,0,1,1,1
case_7ac1451d,1,1,1,1,1,1
case_0ac3a7ed,0,0,0,1,0,0
case_a7b69b2e,1,1,1,1,1,1
case_fc23092c,1,0,1,0,1,1
case_4526742f,1,1,1,1,1,0
case_8060c40d,1,1,1,1,1,0
case_ea1a8161,1,1,1,1,0,1
case_e7e6fa0a,0,1,1,0,1,1
case_8db099a3,1,1,1,1,1,1
case_4b6426dc,1,1,1,1,1,1
case_c5d7691f,0,0,1,1,1,1
case_a125816b,1,0,1,0,0,1
case_23599b3f,1,1,1,1,1,1
case_4e037485,1,1,1,1,1,1
case_0806717a,0,0,1,1,1,1
case_6429d3e2,0,1,1,1,0,1
case_13edd233,1,1,0,1,1,1
case_f551ca9f,1,1,1,1,1,1
case_fa9ddd09,1,1,1,1,1,1
case_a85e87bf,1,1,0,1,0,1
case_ef54c9f5,0,1,1,0,0,1
case_3540633e,0,0,1,1,0,0
case_7a9d3f4e,1,1,1,1,1,1
case_1f89ef5e,1,0,0,1,1,1
case_241d45e0,0,0,1,1,1,1
case_8ae0323d,1,1,1,1,1,1
case_9b7553eb,1,1,1,1,1,1
case_386d77dd,1,1,0,1,0,1
case_773346cc,1,1,1,1,1,1
case_7323088f,0,1,1,0,1,1
case_53daec87,1,0,1,1,0,0
case_aa63b22f,1,1,1,0,1,1
case_7ea51296,1,1,1,1,1,1
case_90b7d3d1,0,1,1,1,1,1
case_503d7aab,0,0,1,1,0,0
case_68c1f1ad,1,1,1,0,1,1
case_7592df56,1,1,1,1,1,1
case_5736bf33,0,1,1,1,1,0
case_8ffa1c4a,1,0,1,0,1,1
case_f64bde9a,1,1,1,1,1,1
case_c55e24b1,0,0,1,0,1,1
case_937a7e4e,0,1,0,0,0,0
case_3de52f31,1,1,1,0,1,1
case_83cc1184,1,1,0,1,1,1
case_64ce0704,0,1,1,1,1,1
case_4b3d7d9e,1,0,1,1,1,1
case_8fa12565,1,1,1,1,1,1
case_3f46df6b,0,1,1,1,1,1
case_7cbdeb65,1,1,1,1,1,0
case_b658c923,0,1,1,0,1,1
case_92e08c39,0,1,1,1,1,1
case_a02ec43d,1,0,1,1,1,1
case_92643154,1,1,1,1,0,1
case_3635e0a5,1,1,1,0,0,0
case_7a0923a6,0,0,1,0,0,1
case_ef24cae3,1,0,1,0,1,1
case_311e1228,1,1,1,0,1,1
case_c4fcc6a0,1,1,1,1,1,1
case_57214e37,1,0,1,0,0,0
case_7296160d,1,0,1,0,1,0
case_54c2b56d,1,0,1,1,1,1
case_8f8096be,0,0,1,1,0,1
case_e597ad6b,1,0,1,1,1,1
case_d8ab4f22,1,0,0,0,0,0
case_fe1c6d1f,1,1,1,0,1,1
case_6cac03df,0,0,1,1,1,1
case_b8f12caf,1,0,1,1,1,1
case_907bbda5,0,1,1,1,1,1
case_c00157bd,0,0,1,0,1,0
case_108c2b2e,1,1,1,0,1,1
case_3723f6e4,0,0,1,0,0,1
case_6e599e02,1,1,0,1,1,1
case_46d12e4c,1,1,1,1,1,1
case_7fb13d69,1,0,0,0,0,1
case_f4f92697,0,1,0,1,1,1
case_4d4025f2,0,0,1,0,1,1
case_4b334da1,0,0,1,0,1,0
case_e1eaeaf0,0,0,1,0,1,1
case_cf6c9751,1,1,0,1,1,1
case_5cd6fe3f,1,1,1,1,1,1
case_d0718cfc,1,0,1,1,1,1
case_d3bddc7f,1,0,1,1,1,1
case_3fd56cba,0,1,1,0,1,1
case_3754d312,1,0,1,1,1,1
case_e4fec8d0,1,0,1,1,0,1
case_ee435f86,0,0,1,0,0,1
case_ddf71074,1,0,1,1,1,1
case_c3dfdacd,1,1,1,0,1,1
case_23b85ff4,1,0,1,1,1,1
case_0c1d889e,0,1,1,1,1,1
case_b76ed48d,1,0,1,1,1,0
case_0f7a4594,1,1,1,1,1,1
case_d24ab82f,1,1,1,1,1,1
case_71ffd7bd,0,0,1,1,1,0
case_eb0ce598,0,1,1,1,0,1
case_283b3e85,0,0,1,1,0,0
case_084c0f2d,1,0,1,0,0,1
case_7db08932,1,1,1,1,1,1
case_5f867591,1,0,1,1,1,1
case_06b93cd8,1,0,1,0,1,1
case_0229ca67,0,0,1,1,1,1
case_f9da5149,0,1,1,1,1,1
case_0533c867,1,1,1,1,1,1
case_106ee008,1,1,1,1,0,1
case_58f44610,1,1,1,0,0,1
case_cb291b5e,1,1,1,1,1,1
case_5233b366,1,1,1,1,1,0
case_432baf72,1,1,1,1,1,1
case_6350e592,1,0,0,0,1,0
case_1f10b027,0,0,1,1,0,1
case_37c3b03a,1,1,1,1,0,0
case_1a5f76a8,1,1,1,1,1,1
case_6e538750,1,1,1,1,0,1
case_6b8fe663,0,1,1,1,1,1
case_f70cd3a9,0,0,1,1,1,1
case_46017903,0,1,1,0,0,0
case_e011894a,1,0,1,0,0,1
case_bd49219f,0,1,1,0,0,1
case_04987db7,1,1,1,0,1,1
case_7ef25a9c,0,0,1,1,1,0
case_ae59b173,0,0,1,0,1,1
case_a3f15b24,0,0,0,0,0,0
case_9e639854,1,0,1,1,1,1
case_5f2c3011,1,1,1,1,1,1
case_5156bc0e,1,1,1,0,0,1
case_d7a525d4,1,1,1,1,1,1
case_9c4d1662,0,1,1,1,1,1
case_171e4d30,1,0,1,0,1,0
case_ff782e45,1,0,1,1,1,1
case_dfc730e5,1,1,1,1,0,1
case_2237f6ec,0,0,0,0,1,1
case_2604db66,1,0,1,0,1,1
case_12caf2f2,1,1,0,0,0,1
case_32bffde8,0,0,1,0,1,1
case_f72c922b,1,0,1,1,0,1
case_1f5b729f,1,1,1,1,1,1
case_4a0ae59e,1,1,1,1,1,1
case_1cb61c08,0,0,1,0,0,1
case_7b47079d,1,0,1,0,1,0
case_86899fc8,0,1,1,0,0,0
case_4799dc32,1,0,1,0,0,0
case_e72a2ae0,1,1,1,1,1,1
case_1895dbec,1,0,0,1,0,0
case_843148cc,0,1,1,0,0,0
case_7dd85785,0,1,1,1,1,1
case_b50d560c,1,1,1,1,1,1
case_e79fa16d,1,1,1,1,1,1
case_22e7e9bd,0,0,1,1,1,0
case_ce3883f1,1,0,1,1,1,1
case_cdf9f58e,1,1,1,0,1,1
case_7adf36e5,0,1,0,0,0,1
case_ffd97387,1,1,0,1,1,1
case_9375ca7c,1,1,1,1,1,1
case_3b8f22e0,1,1,1,1,1,0
case_cc0454e9,1,1,1,1,0,1
case_573d2468,1,0,1,1,1,0
case_28f08d9b,1,0,1,0,1,1
case_59c74fff,1,1,1,1,1,1
case_3bac411a,1,1,1,1,1,1
case_54218805,1,1,1,1,1,0
case_e1999abb,1,0,1,1,1,1
case_8bf01b01,0,0,1,1,1,0
case_e039efd8,1,0,1,1,0,0
case_3bfe486f,1,1,1,1,1,1
case_c7558b2c,1,1,1,1,1,1
case_318eaea2,1,1,1,1,1,1
case_957413ce,1,1,1,1,1,1
case_782fbd36,1,0,0,1,0,1
case_5c28b88a,1,0,1,0,0,1
case_fa993eba,1,1,1,1,1,1
case_63060384,1,0,1,1,1,1
case_1031752b,1,1,1,1,1,1
case_93cd7f5d,0,0,0,1,0,0
case_6dfff516,0,0,1,1,1,1
case_0c11703a,1,1,0,1,1,1
case_e9229984,0,1,0,0,1,1
case_503477a4,0,1,1,0,1,1
case_59d09f3e,1,1,1,1,1,1
case_93adbd79,0,0,1,0,1,1
case_b8dbfd21,0,0,1,1,0,1
case_609cf092,1,0,0,1,0,1
case_009f998b,1,1,0,1,1,1
case_cd855a2f,1,0,1,0,1,1
case_a6ab4c41,1,0,1,1,1,1
case_d9643173,0,0,1,0,0,1
case_4c601e0b,1,1,1,1,1,1
case_4f9a3a4b,1,1,1,0,0,1
case_a1380a6e,0,1,1,0,1,1
case_c03948e3,1,1,1,1,1,1
case_07ce86c2,0,0,1,1,0,1
case_ecd32d9a,0,0,1,0,0,1
case_3516eba8,1,0,1,1,1,0
case_f48cae1f,1,1,1,1,1,1
case_eae4bb69,1,1,1,0,1,1
case_61e90839,1,0,1,1,1,0
case_bf8d05ff,0,1,1,1,0,1
case_5592b8ac,0,1,1,1,1,1
case_c5078d2a,0,1,0,1,1,1
case_ee097515,0,0,1,0,1,1
case_c1fc8a62,0,0,1,0,0,1
case_bec5bdcd,1,1,1,1,1,1
case_80e1211c,1,0,1,1,1,0
case_757a8412,1,0,1,1,0,0
case_98b5c46c,1,1,1,1,1,1
case_c99f09f2,0,0,0,0,1,1
case_a5baa9d2,1,1,1,1,1,1
case_61a4eda9,1,1,1,1,1,1
case_2cf0acb6,1,1,1,1,1,1
case_e5ffcd51,1,0,1,0,0,1
case_db153cb0,1,1,1,1,1,1
case_8e451176,0,0,1,1,0,1
case_81d239d6,1,1,1,0,1,1
case_d3ecbec0,0,0,1,1,0,1
case_07a2e2a7,0,1,1,1,1,0
case_91fe0296,1,1,1,1,1,1
case_960022a9,1,1,1,1,0,1
case_2f436971,0,0,1,1,1,1
case_0b58a792,0,0,0,0,1,1
case_ef05444d,1,1,1,1,1,1
case_d834888d,1,1,1,1,1,1
case_bef898f9,1,1,1,1,1,1
case_d8aeb9ab,1,1,1,0,1,1
case_5f726702,1,1,1,1,1,1
case_2139bd1d,1,1,1,1,1,0
case_b3d31b0b,1,1,1,0,0,1
case_943d4973,1,1,1,0,1,1
case_91a1d322,1,1,1,0,1,1
case_35351b32,1,1,0,1,0,1
case_a395900c,0,1,0,1,0,1
case_c8c4ccb7,1,0,1,0,0,0
case_0fc02d60,1,0,0,0,1,1
case_05b60d7f,1,1,1,1,1,1
case_e1603c96,0,1,1,0,1,0
case_d25248d5,0,1,1,0,0,1
case_738a75c6,0,1,1,1,0,1
case_4f91b514,0,0,1,0,0,1
case_49ba2ef1,1,1,1,1,1,1
case_5f794e39,1,0,1,1,1,1
case_f00d3042,1,0,1,1,1,1
case_5306479c,1,0,1,1,1,1
case_7c07fd5e,1,1,1,1,1,1
case_0c65b01e,1,0,1,1,1,0
case_644909d5,1,1,1,1,1,1
case_5cd4e1ce,1,0,0,1,1,1
case_08c7c5b3,0,1,1,0,0,0
case_7a4067bc,0,1,0,1,1,1
case_fd8e88a9,0,0,1,0,1,0
case_9e6f0557,0,1,1,1,1,1
case_b82c4245,1,1,1,1,1,1
case_554d4528,1,1,0,1,1,1
case_2e49867e,1,1,1,1,1,1
case_99eb11c3,1,1,1,0,1,1
case_254a9844,0,1,0,0,1,1
case_6f49542b,1,1,1,1,0,1
case_564a597f,1,0,1,1,1,1
case_d80d1463,1,1,1,1,1,0
case_28e15e8b,1,0,1,0,1,0
case_be071614,0,0,1,1,1,1
case_1a995e1b,0,1,1,1,1,1
case_61468313,0,0,1,0,1,0
case_29c73c7a,1,0,1,0,1,0
case_9dc7decd,1,1,1,1,1,1
case_d4c17b24,0,0,0,1,0,1
case_b67d69dd,1,1,1,1,1,1
case_b8ce1bdd,1,1,1,1,1,1
case_22d8712a,1,1,1,0,1,1
case_7ab1ed4a,0,0,1,1,1,1
case_3e864631,1,0,1,1,1,1
case_469c9d5c,1,1,1,1,1,0
case_bc6eaa97,1,0,1,1,1,0
case_3ade509b,1,0,0,1,1,1
case_31a3a88e,1,1,1,1,1,1
case_764c11ad,1,0,1,0,1,1
case_1eb1b5d6,1,1,1,1,1,1
case_93853696,0,1,1,0,0,0
case_ca3fe533,1,1,1,0,1,1
case_d7ab81fe,1,0,0,0,0,1
case_21040fc0,1,0,1,1,0,0
case_0a599677,1,1,1,1,0,1
case_3441b567,0,1,1,0,1,1
case_186d3636,0,0,1,1,1,0
case_7e6a1df7,1,1,1,1,1,1
case_c63178ee,1,0,1,1,1,1
case_1eec9f90,0,1,0,1,1,1
case_b4125d21,0,1,1,1,1,1
case_361f544a,1,1,1,1,1,1
case_511b4ecf,1,1,1,1,1,1
case_44fd9d42,1,0,0,1,1,0
case_29e90006,1,0,1,1,1,1
case_795615c2,1,1,1,1,1,1
case_4ca51dbb,0,1,1,1,0,1
case_d5af8568,0,1,1,1,1,1
case_b98c8190,0,0,1,0,1,0
case_557afd7e,1,0,1,1,0,0
case_2c208bcb,0,0,1,0,1,1
case_7ce8c1a8,1,0,1,0,1,0
case_5d0e92d0,1,0,1,1,1,1
case_e0feb132,1,0,1,1,0,1
case_43ba1aca,0,0,0,0,0,0
case_3e632368,0,1,0,1,1,1
case_0daf3a51,1,1,1,1,1,1
case_4cc7f301,0,0,1,1,0,0
case_70faf427,1,0,1,1,0,0
case_0b03fe3e,0,1,1,1,1,1
case_e73c574e,1,0,1,1,0,1
case_967e4369,1,1,1,1,0,1
case_95f6d96d,1,0,1,0,0,1
case_eefad9e3,1,1,1,1,0,1
case_81b93789,1,0,1,0,1,1
case_d7a4623c,1,1,0,1,1,1
case_5d861095,1,1,1,1,1,1
case_1114ff03,0,0,1,1,1,0
case_a61f290e,1,1,1,1,1,1
case_8a84033d,0,1,1,0,1,1
case_f374f0d3,1,1,1,0,1,1
case_db7e4374,1,0,1,1,1,1
case_8076e99f,1,0,1,1,1,1
case_11ef24ad,1,1,1,1,1,1
case_3535c140,1,1,0,1,1,1
case_32f92c1f,0,1,1,1,1,1
case_f0784ca2,0,1,1,1,1,1
case_71c2c5ae,0,1,1,1,1,0
case_46dff85b,1,0,0,0,0,0
case_fbd8ce69,1,1,1,0,0,1
case_2e8aa000,1,1,0,0,1,1
case_222685ae,0,1,1,1,1,0
case_bdf5e12f,0,0,0,1,0,1
case_3f3e2dd6,1,1,1,1,1,1
case_93f25971,1,1,1,1,0,1
case_bb033afe,1,1,1,1,0,1
case_104177b4,1,1,1,1,1,1
case_6de0405d,0,0,1,0,1,1
case_d78c7378,0,1,1,0,1,1
case_f5929f0f,0,0,1,0,1,1
case_7389e9f1,1,1,1,1,1,1
case_d3b82630,1,1,1,1,1,1
case_364b6c91,0,0,1,1,1,1
case_e2c83017,0,1,1,1,1,1
case_35beafbf,0,0,0,1,1,1
case_80a05cd6,1,0,1,0,0,0
case_bfbe90c4,1,0,0,0,1,1
case_3cebe64c,1,1,1,1,0,1
case_791ede64,1,1,1,0,0,0
case_4b3959d4,1,1,0,1,1,1
case_a5bb25ca,0,0,0,1,1,1
case_3ab92409,0,0,1,0,1,1
case_2c47b859,1,1,1,0,1,1
case_55f1ae6e,1,0,1,0,1,1
case_b370af40,1,1,1,1,1,1
case_da6b1259,0,1,1,1,0,1
case_eb50670d,1,0,1,1,0,1
case_1fa4133a,1,1,1,1,1,1
case_73107bea,1,1,1,1,1,1
case_3a5770f6,1,1,0,1,0,1
case_2060b547,1,1,1,1,1,1
case_3f74b78d,0,0,1,0,0,1
case_a588c33b,1,1,1,1,1,1
case_15699a4e,1,1,1,1,1,1
case_4afaab43,1,1,1,1,1,1
case_a59bd672,0,0,0,0,0,1
case_ab4143c7,1,1,1,1,1,1
case_9afe85ed,1,0,1,1,1,1
case_98a07886,1,1,1,1,1,0
case_752812c2,0,0,1,1,0,1
case_83f70339,1,1,0,1,1,1
case_7806cdf8,1,0,1,0,0,0
case_91885a58,1,1,1,1,1,1
case_3d552d18,0,1,0,0,1,1
case_de642bcc,0,1,1,1,1,0
case_e3788194,1,0,1,1,1,1
case_5bee6e53,1,0,1,0,1,1
case_db006d29,0,1,1,0,0,0
case_a0c21388,0,0,1,0,0,1
case_1ea053ae,1,1,0,1,1,1
case_5d84292a,0,1,1,1,0,1
case_c13abf80,1,1,1,1,1,1
case_d28ffca1,1,1,1,0,0,1
case_2a968e7c,1,1,1,0,1,0
case_949753a0,1,0,1,0,1,1
case_ed33c75d,1,1,1,1,1,1
case_710caffb,1,1,1,1,1,1
case_65aa67e4,1,1,1,1,0,1
case_45259c21,1,0,1,1,1,1
case_8f8e00f3,1,1,1,1,1,1
case_9e7ca809,1,1,1,0,1,1
case_d9436d6f,1,0,1,1,1,1
case_bd9d1173,1,0,1,1,0,1
case_98b8853a,0,0,0,1,1,1
case_031b12e4,0,1,0,1,1,1
case_4ec8338e,1,1,1,1,1,1
case_dd2ff943,1,1,1,0,0,1
case_1167e39f,1,1,1,1,1,1
case_522471c1,1,1,1,0,1,1
case_90dc04b9,0,0,1,0,0,0
case_c07b2c4d,0,1,1,0,1,0
case_a2185b12,1,1,1,1,1,1
case_280420a8,1,0,1,1,0,1
case_dd580a4f,1,1,1,0,1,1
case_f73c8f04,1,1,1,1,1,1
case_85f1ced0,0,0,1,1,1,1
case_d389951d,0,1,1,1,1,1
case_a33f8ad4,0,0,1,0,1,1
case_37a5377a,0,0,1,1,1,1
case_69effcab,1,1,1,1,0,1
case_e789e888,1,1,1,1,1,1
case_ff41dbc2,1,0,1,1,1,1
case_c0cc5fb4,0,0,1,0,0,1
case_4495bb57,1,0,1,1,0,1
case_a8d53bfe,1,1,1,1,1,1
case_de4fa7b0,1,1,1,1,0,1
case_40aa4206,1,1,1,1,1,1
case_94eb5dab,1,0,1,1,1,0
case_f1e3f2a8,1,1,1,1,1,0
case_3c63c887,1,1,1,1,1,1
case_6afdf962,0,0,1,1,1,1
case_09934fe0,0,1,1,1,0,1
case_1a7bb2e5,0,0,1,1,1,0
case_0ca4845a,1,0,1,1,0,1
case_69f09b97,0,1,1,1,0,0
case_045a63ee,1,0,1,0,1,0
case_84dd9573,1,0,1,1,0,1
case_f81e5672,0,1,1,1,1,1
case_f2fa8b88,1,1,1,1,1,1
case_c874333d,1,1,1,1,1,1
case_02bd4216,0,1,0,0,0,0
case_d272799f,0,0,1,1,1,0
case_ce8b74cd,1,1,1,0,1,1
case_7b4045f4,1,0,1,1,1,0
case_330fa930,1,1,1,1,1,1
case_6d81b53b,0,0,1,1,1,1
case_4ffae222,1,1,1,1,1,0
case_18473ef7,1,0,1,1,1,1
case_daa98345,1,1,1,1,0,1
case_e781669d,1,1,1,1,1,1
case_fc92c172,1,0,1,1,1,1
case_f8e1f79f,1,1,1,1,1,1
case_ffe82d16,0,0,1,0,1,1
case_3f79683b,0,1,0,1,1,1
case_69d4be99,1,1,1,0,0,1
case_803cf630,1,0,1,1,1,1
case_da4f7168,0,1,1,1,1,1
case_9890e600,0,1,0,0,1,1
case_126df1de,1,1,0,1,1,1
case_c5622823,1,0,1,1,1,1
case_8a476a92,1,0,1,0,0,1
case_4056dcca,1,1,0,1,0,1
case_5192d53b,0,0,1,1,0,1
case_b9f4a25f,0,1,1,1,0,1
case_1cceb512,1,1,1,1,1,1
case_425d7a5f,0,0,1,1,1,1
case_8f55f7e5,1,0,1,1,1,0
case_8c6cd7b8,0,1,1,1,1,1
case_f07c3087,0,1,1,1,1,1
case_e6037b16,1,1,0,1,1,1
case_2e3d65f4,0,0,1,0,0,1
case_d1023103,0,0,1,0,0,1
case_d6c66bf7,1,1,1,1,1,0
case_35d37890,0,0,1,0,1,1
case_ead0544c,0,0,1,1,1,0
case_b89d6d3f,1,1,1,1,1,0
case_fe9531c0,1,1,1,1,0,1
case_ffbc1a57,1,1,1,1,0,1
case_2d6a4d78,1,1,1,0,1,1
case_0b46478e,1,1,1,1,1,0
case_844d6235,1,1,1,0,1,1
case_b4610495,1,0,1,0,1,1
case_1192ec85,1,0,1,0,1,1
case_8b33d1bd,1,1,1,1,1,1
case_42b8b321,1,1,1,1,1,1
case_8a62a1f6,1,1,1,1,1,1
case_15eaeee0,1,1,1,1,0,1
case_2c1bcf5d,1,0,1,0,1,0
case_3bbb2d8e,0,1,1,1,1,1
case_5d52b30a,1,0,0,1,1,1
case_723d2c48,1,0,1,1,1,0
case_8a11f80e,0,0,1,1,0,1
case_8f41e193,0,0,1,0,1,1
case_a42cfd5b,0,0,1,1,1,1
case_90f0a2d1,0,1,0,0,0,0
case_7e146714,1,1,1,1,1,1
case_8ce5206e,1,1,1,0,0,1
case_b3cb3228,0,0,1,1,1,1
case_a0485bb5,1,1,1,1,1,1
case_7fdd986d,1,1,1,1,1,1
case_8efa904b,1,1,1,1,1,1
case_72c9c862,1,1,1,1,0,1
case_adef3bd7,1,1,1,1,1,1
case_8ea5daf4,1,0,1,0,1,1
case_c4c4d82a,0,1,0,0,1,1
case_0cac853e,1,0,1,0,0,1
case_1e35c69f,1,1,1,0,1,1
case_6917e06e,1,1,1,1,1,1
case_fb5de2ed,0,0,1,1,0,1
case_5c232086,0,1,1,1,0,1
case_eb685409,1,1,0,1,1,1
case_3bda6fd1,1,0,1,0,1,1
case_e5b798e6,0,1,1,0,1,1
case_6711d730,1,1,1,1,0,1
case_5012aa02,0,1,1,0,1,1
case_d319c0a2,1,0,1,1,0,0
case_c61bea23,1,0,1,0,1,0
case_b8520293,1,0,1,1,1,1
case_504c6ca4,1,1,1,1,1,1
case_111c2b1b,1,1,0,1,1,1
case_65d1beae,1,1,1,1,1,0
case_0f9f4dd4,1,1,1,1,1,1
case_39c312e1,0,1,1,1,1,0
case_14b4d5ed,1,0,0,1,1,1
case_2ddead97,0,1,1,1,1,1
case_8f4d483c,1,1,1,1,1,1
case_2aa83bcb,1,0,1,0,0,1
case_a419762c,1,1,1,1,1,1
case_a0ac650c,1,1,1,1,1,1
case_57aac86d,1,1,1,1,1,1
case_934a1063,1,0,1,1,1,1
case_34ca23c3,0,0,1,0,1,1
case_398dc104,1,0,1,1,1,1
case_7444c49a,1,1,1,1,1,1
case_eecd2f8f,1,0,1,1,0,0
case_3a766593,1,1,0,0,0,1
case_e81b99d7,1,1,1,1,1,1
case_f89eb87d,0,0,1,1,0,1
case_ece4b2cb,1,1,1,0,1,1
case_75a46dbf,1,0,1,0,0,1
case_f78dede4,1,1,1,1,0,1
case_90317a8f,1,1,1,1,1,1
case_71fd629c,1,1,1,1,1,1
case_b54773d6,1,1,0,1,1,1
case_78af2f9b,1,1,1,1,1,1
case_98c81796,0,0,1,1,0,0
case_7144dbb0,1,0,1,1,1,0
case_c5f1c1b2,1,1,1,1,1,1
case_4382bb8e,0,0,1,1,0,0
case_fceb1830,0,0,1,1,0,1
case_c06109ed,1,1,0,1,1,1
case_5cbdc344,0,0,1,1,0,1
case_2db8d3ed,1,1,1,1,1,1
case_c1f0cd9e,0,0,1,1,1,0
case_81912b27,0,1,1,1,1,1
case_5ee3e691,0,0,1,0,1,1
case_15d75797,1,0,0,0,0,1
case_bd097bf8,1,0,1,1,0,1
case_c2f34a06,1,1,0,0,1,1
case_b5c19cd7,1,1,1,1,1,1
case_ebef1024,0,0,1,0,1,1
case_f5621caa,0,0,1,0,1,1
case_7cb19143,1,1,1,1,1,1
case_84e5a674,1,0,1,0,1,1
case_319b8807,1,1,1,1,1,0
case_cdfd2deb,1,1,1,1,1,1
case_acc6ed90,1,0,1,0,1,0
case_0923a0bb,0,1,1,0,0,1
case_3fbc5f88,1,1,1,1,1,1
case_becd0f4e,0,0,1,1,1,1
case_64a46df5,0,0,1,1,0,1
case_e39f4463,0,0,1,1,0,0
case_a8dd5414,1,1,1,1,1,1
case_4aca8e21,0,0,1,1,1,1
case_671191b9,0,1,1,1,0,1
case_0e968817,0,0,1,0,0,1
case_5dbace97,1,0,1,0,1,1
case_2dbdd2d5,1,1,1,1,0,1
case_3c8186f1,1,1,1,1,1,1
case_14f6091b,0,1,1,1,1,1
case_f9596a3c,0,0,1,1,1,0
case_5b9e2a94,1,0,1,0,1,0
case_e5ab0790,1,0,1,0,1,1
case_8b779384,0,0,0,1,1,0
case_25dd7a05,1,1,1,0,1,1
case_d595bf61,1,0,1,1,0,0
case_24117aaf,1,0,1,1,1,1
case_96184651,1,1,1,1,1,1
case_fec6dc2a,1,1,1,1,1,1
case_4fb56049,0,0,0,1,0,1
case_5a8ee5ad,1,1,1,1,1,1
case_1490327a,0,0,0,1,0,0
case_85085026,0,0,1,0,1,1
case_c9954a85,0,1,1,0,1,1
case_ff0e90a9,1,0,0,1,0,1
case_7c3bf42d,0,0,1,1,0,0
case_a12be2e8,0,0,1,1,0,1
case_75d71a40,1,1,1,1,1,1
case_0873beba,1,1,1,1,1,1
case_b39af0d5,1,0,1,1,0,0
case_a5b2e529,0,0,1,1,0,0
case_c5bc783c,1,1,1,1,1,1
case_ce04bf19,0,0,1,0,1,1
case_3f6e2ef2,1,1,1,1,1,1
case_482fda70,1,1,1,1,1,1
case_a6b5f321,1,0,1,1,1,1
case_4089d8ab,1,1,0,0,1,1
case_cb3fb7fd,1,1,1,1,1,1
case_4b7af4b7,1,1,1,0,0,0
case_969093e7,1,1,1,1,1,1
case_989135fe,1,1,1,1,1,1
case_cf73730d,0,1,1,1,1,1
case_568976a4,1,1,1,1,1,1
case_af02bf9e,1,1,1,1,1,1
case_3716fa4b,0,1,0,1,0,0
case_f65dacf5,1,0,1,1,1,1
case_77d9384d,0,0,1,1,0,1
case_94e0810d,0,1,0,0,0,0
case_8e04d2f0,0,0,1,1,0,1
case_9f90b5f0,1,0,0,1,1,0
case_d7fb07c1,1,1,1,1,1,1
case_42a8d636,0,0,1,1,1,1
case_9da9a345,1,1,1,1,1,1
case_177a4c31,1,0,1,1,0,1
case_d1ffc235,1,1,1,1,1,1
case_05162225,1,1,1,0,1,1
case_9d0896d8,0,0,1,1,0,1
case_3d086da3,1,1,1,1,1,1
case_fd39d557,1,0,1,1,1,1
case_98bcde71,1,1,1,1,0,1
case_ef8bb1a4,1,0,1,1,1,1
case_aa7f5a89,1,1,0,0,0,1
case_04c749fb,0,1,1,0,1,0
case_eef4fa7a,1,0,1,1,1,1
case_4d0709d6,1,0,1,1,1,1
case_9238ec54,0,0,1,1,1,1
case_9e79e49c,0,0,1,0,0,1
case_ae508fd5,0,0,1,1,0,1
case_aa5a3265,1,0,1,1,0,0
case_dbc19099,1,1,1,1,1,1
case_6a5414a4,1,1,1,1,1,1
case_f9cd83f7,1,0,0,0,0,1
case_af536ed3,1,1,1,1,1,1
case_18676d00,1,1,0,1,1,0
case_e8fa4c6a,1,0,1,1,1,1
case_b688de85,0,1,0,1,1,1
case_5622e9b7,1,1,1,1,1,1
case_28c980ec,1,1,1,1,1,1
case_5499869b,1,0,1,0,0,1
case_dbc115ae,1,1,1,0,1,1
case_c9db305a,0,1,1,1,0,1
case_de7a0339,1,0,1,1,1,1
case_b4ee29e2,0,1,1,0,0,1
case_6779413c,1,1,1,1,1,1
case_1d3bb4d6,0,1,1,0,1,1
case_65e91741,1,1,1,1,1,1
case_bffcd8d7,1,1,1,1,1,1
case_e4a2e963,1,1,0,1,1,1
case_8c2901fd,1,1,1,1,1,1
case_6ed085f0,1,0,1,1,0,1
case_240dafef,1,1,1,1,1,1
case_ca110e84,1,1,1,1,1,1
case_855b59d1,1,1,1,1,1,1
case_de1ced6f,0,1,1,1,0,1
case_6028981f,1,1,1,1,1,1
case_f7204ce4,1,0,1,1,0,0
case_002b6feb,1,1,1,1,1,1
case_078340aa,0,1,1,1,1,1
case_c30cda6a,1,1,1,1,1,1
case_e170b433,1,0,1,1,0,1
case_8527ce8e,1,0,1,1,1,1
case_0935ee45,1,0,1,1,1,1
case_eb720554,1,1,1,1,1,1
case_a329b054,0,1,1,1,1,1
case_e8bd5ecd,1,1,1,0,1,0
case_e7e07bad,0,0,1,1,0,1
case_5cbed15a,1,1,1,1,1,1
case_05de08b6,0,1,1,0,0,0
case_27841b5d,1,0,0,1,1,0
case_3df44094,0,0,0,0,1,1
case_ec2c9b6e,1,1,1,1,1,0
case_b33454e3,1,0,1,1,1,0
case_703b8e21,0,1,0,0,0,0
case_48ace65e,1,1,1,1,0,0
case_cc7b7032,1,0,1,1,1,0
case_fbdcbdaa,0,1,1,0,1,1
case_d8f8b47f,0,1,0,0,0,1
case_3c3dc9f6,0,0,1,0,1,0
case_6eb05891,0,1,1,1,1,1
case_82d21e4c,0,0,0,0,0,1
case_6f62e6ad,0,1,1,1,0,1
case_8274756d,1,1,0,1,1,1
case_58110675,0,1,1,1,1,1
case_ec1b2d1c,1,1,1,1,1,1
case_b920bacb,0,0,1,0,0,1
case_7017b0ad,1,1,1,1,1,1
case_8f4880d6,0,0,1,1,0,0
case_bc6d40ea,0,1,1,1,1,1
case_40e937d1,1,0,1,1,1,1
case_efabe1eb,1,0,1,0,1,1
case_506444c1,1,0,1,0,1,1
case_94aeea96,0,1,1,1,0,1
case_ac2ec520,1,0,1,1,1,1
case_514ff1f4,1,0,1,0,0,1
case_c44b91fa,1,1,1,1,1,1
case_779c48c1,0,0,1,0,1,1
case_737f11f6,1,1,1,0,1,1
case_6e634cc9,1,1,1,1,1,1
case_41d9097f,0,0,1,1,1,1
case_18118d89,0,1,1,0,1,1
case_e5061be8,1,0,1,0,0,1
case_cad6728e,1,1,1,1,1,1
case_b155a20f,1,0,1,0,1,1
case_dbe7020b,0,1,1,1,1,1
case_c3b3fa5c,1,0,0,0,1,0
case_8cee6a3a,1,1,1,1,1,1
case_df6284de,1,0,1,1,0,1
case_f524c881,1,1,1,1,1,1
case_a8bd1612,0,1,1,1,1,1
case_1540c560,0,0,1,0,1,0
case_af04a0ee,1,0,0,0,0,1
case_3321ce8c,0,1,1,1,1,1
case_69a8eb2f,1,1,1,1,1,1
case_55799004,0,1,1,1,1,1
case_a107fbc2,0,0,1,1,1,1
case_f46bc1f5,1,1,1,0,1,1
case_0efc340a,0,1,1,1,1,1
case_86995433,1,0,1,0,0,1
case_dbdd3345,1,1,1,1,1,1
case_e73b4b04,1,1,1,1,1,1
case_d5da78ea,1,1,1,1,1,1
case_c6874776,0,0,1,0,1,0
case_8f7d04a0,1,1,1,1,1,1
case_c601fa56,1,0,0,0,0,1
case_130cde64,1,1,0,1,1,0
case_3527c434,1,1,1,1,1,1
case_17607239,0,0,1,1,1,1
case_e6fa1f8c,1,1,1,0,1,0
case_1dd3ad6a,1,0,0,0,1,1
case_3286458f,1,1,1,1,1,1
case_70365c09,1,0,1,1,1,0
case_f567b3d6,1,0,1,0,0,0
case_58b22004,1,1,1,1,1,1
case_5e13fc79,1,1,1,1,1,0
case_fa1db542,1,0,1,1,1,1
case_41cc0062,1,1,1,0,1,1
case_6bb01b96,1,1,1,1,1,0
case_9b067677,1,0,1,1,1,1
case_55dce586,1,0,1,0,0,0
case_53ba46a5,1,1,1,1,0,1
case_81e74b53,1,1,1,1,1,0
case_27da1c5a,1,0,1,0,1,1
case_7071e382,0,1,0,0,0,1
case_127aa617,0,0,1,0,1,1
case_6fcc7125,1,1,1,1,1,1
case_d2f85d23,1,1,1,0,1,1
case_0b0eca4d,1,0,0,0,1,0
case_e438b84d,1,0,1,1,1,1
case_57434b21,0,0,0,0,1,1
case_047e2ee1,1,0,1,1,0,1
case_51e5aba7,1,0,1,1,1,1
case_ba8b73e3,1,0,1,1,0,1
case_eb5d2384,1,1,1,1,1,1
case_a3f95b28,0,0,1,1,1,1
case_71f274f5,1,0,1,1,0,1
case_180f44fc,0,1,1,0,1,0
case_12942ab1,1,1,1,1,1,1
case_86ebb2ae,1,1,1,0,0,1
case_79aeb542,1,1,1,1,1,1
case_ae963e82,1,1,1,1,1,1
case_d7a90919,1,1,1,1,1,1
case_b0b109f3,1,1,1,1,1,1
case_019a1064,1,1,1,1,0,1
case_661196e1,0,1,1,1,1,1
case_84bc1770,1,0,1,1,1,0
case_19a5d21e,1,1,1,1,0,1
case_3931592a,0,0,1,0,0,1
case_ad413699,0,1,1,1,0,1
case_88bc9435,1,0,1,0,0,1
case_af77c393,0,0,1,1,1,1
case_b1370385,1,0,1,1,1,1
case_897a5230,1,1,1,1,1,1
case_b9fdf48c,1,0,1,1,1,0
case_ad5a1d5f,1,1,0,0,0,1
case_6b4bf8ce,1,0,1,1,1,1
case_0323f9e3,1,0,1,1,0,0
case_d8ae6959,1,0,0,1,0,0
case_5f04662f,0,0,1,1,0,1
case_a080e6b5,1,1,1,1,0,0
case_9410f792,1,1,1,1,1,1
case_c16c4b9f,0,1,1,0,0,1
case_97813e91,1,1,1,1,1,1
case_cc7f3fc1,1,1,1,0,1,1
case_52c024d0,1,0,1,0,0,1
case_40bfa172,1,1,1,1,1,1
case_25295508,1,1,1,1,1,1
case_cee61cc1,1,1,1,1,1,1
case_b9d7e44a,0,1,1,1,0,1
case_45177e03,1,1,1,1,0,1
case_3cd92b31,0,1,1,1,1,0
case_12f622b1,1,1,1,1,1,1
case_ad689c4f,0,1,1,0,0,0
case_3ab4862a,1,1,1,1,1,1
case_6f206b76,0,0,0,1,0,1
case_6cf4612a,0,1,0,1,1,1
case_f9166309,1,1,1,1,0,1
case_f198333d,1,1,1,1,1,1
case_9d34fd06,1,1,1,1,1,1
case_da44c24b,1,1,1,0,0,1
case_d50d19cb,1,0,1,0,1,1
case_89ed6fe4,0,0,0,0,0,1
case_ce23c9d7,1,1,1,1,1,1
case_80646618,1,0,1,1,0,0
case_fe0f534d,1,1,1,0,1,1
case_90ff2e2f,0,0,0,0,1,1
case_147b92d3,0,1,1,1,1,0
case_23084167,0,1,0,1,1,1
case_1104fd44,0,0,1,1,0,0
case_accb5b24,1,1,1,1,1,1
case_84066314,1,1,1,1,1,1
case_466a7406,1,1,1,1,1,1
case_2e10ff5c,1,1,1,1,1,1
case_0abd28d1,1,1,0,1,1,1
case_c96c7223,0,0,1,1,0,0
case_6d59437f,0,1,1,1,0,1
case_50406f46,1,1,1,1,1,1
case_3e97d8ea,0,0,1,1,1,1
case_d2bae5d1,0,0,1,1,1,0
case_a97b3c2b,1,0,1,0,0,1
case_a4692acf,1,1,1,0,1,1
case_bf1e012c,0,0,1,0,1,1
case_267c5f9f,1,1,1,1,1,1
case_346cc5c4,1,0,1,1,1,1
case_9df02216,1,1,0,1,1,1
case_7944a849,0,0,0,0,0,1
case_ffac4061,1,1,1,0,0,1
case_acc6a9d3,0,1,1,1,0,1
case_f5863da4,0,0,1,0,1,1
case_231a554a,1,0,1,1,0,1
case_275cc97c,1,1,1,1,1,1
case_35881eaf,1,1,1,1,1,1
case_03fddbd6,0,0,1,0,0,0
case_5a44c71a,1,1,1,1,1,1
case_6c6bfb36,1,0,1,0,1,0
case_9e52fafc,0,1,1,0,0,1
case_4b53bb7c,0,0,1,0,1,0
case_35725c00,1,1,1,1,1,1
case_73b578c4,1,1,1,0,1,1
case_3589cf69,1,1,1,1,1,1
case_062c1421,0,1,1,1,1,1
case_3d140ea3,1,0,1,1,1,1
case_0098a260,0,1,1,1,1,1
case_8a68aa0a,1,1,1,1,1,0
case_d775e2d4,0,0,1,1,1,1
case_e2476902,1,0,1,1,1,1
case_e3f029ba,1,1,1,1,1,1
case_4cecd63d,1,1,1,1,0,0
case_2019941e,1,1,1,1,1,1
case_741d197e,1,1,0,1,1,1
case_572badef,1,0,1,1,0,1
case_50d68fa4,1,1,1,1,1,1
case_d3cd2645,1,0,1,0,0,0
case_6fae5bb9,1,1,1,1,0,0
case_1a7da549,1,0,1,1,0,1
case_59c4d5a0,0,1,1,0,0,0
case_5fb27897,1,1,1,1,1,1
case_a0305dca,0,1,1,0,1,1
case_48918f1e,1,1,1,1,1,1
case_a0d9d1a4,0,1,1,1,1,1
case_c98b15d1,1,1,1,0,0,1
case_8c4df4c9,0,0,1,1,1,1
case_8c518202,1,0,1,1,0,0
case_6d02f189,1,1,1,1,1,1
case_7d0a5587,0,1,1,1,1,1
case_95efd3c6,0,0,1,0,0,0
case_933d669b,0,1,1,1,1,1
case_caf5962f,1,1,0,0,1,1
case_146942c4,1,1,1,0,0,1
case_5382bb23,0,0,1,1,1,0
case_9b6bd584,0,0,1,1,1,0
case_ee336847,0,0,1,0,1,1
case_e171e988,1,1,1,1,0,0
case_6b4ccdf4,0,1,1,0,1,1
case_9f845144,1,1,1,1,1,1
case_48a0f712,1,1,1,1,1,1
case_473c0952,1,0,1,1,1,1
case_cfc8c9ea,1,1,1,1,0,1
case_40c2f1a0,1,1,1,1,1,1
case_abf1c812,1,1,1,1,1,1
case_a83d0492,1,1,0,1,0,0
case_3bfad2a3,0,0,0,1,1,1
case_a34658d9,0,1,0,1,1,1
case_380ff23d,1,1,1,1,0,1
case_6e809dff,0,0,1,1,1,0
case_f3fa34e7,0,1,1,1,1,1
case_931efc79,1,0,1,0,1,1
case_be5aff8c,0,1,1,1,0,1
case_dc1c3d1e,1,1,0,1,1,1
case_2be9e798,0,1,1,1,1,1
case_179531b3,1,1,1,1,1,1
case_0016d7d1,1,1,1,1,0,0
case_f9bfade2,0,0,1,1,0,1
case_88ccce3f,0,0,1,0,0,1
case_91f4dfd7,0,1,1,1,1,1
case_c6734478,1,1,1,1,1,1
case_f8fd2feb,1,1,1,1,1,1
case_aebad2de,0,0,1,1,0,1
case_14e39752,1,1,1,1,1,0
case_35b6db3c,1,1,1,1,1,1
case_2d9b50b4,1,1,1,1,1,0
case_1c7c2938,1,1,1,1,1,1
case_df8f4d51,0,1,0,0,1,1
case_9af6ea62,0,1,1,0,0,1
case_772457ae,1,0,1,1,1,0
case_ac6b93dd,1,1,1,1,1,1
case_20af922d,1,1,1,0,1,1
case_b4332bdd,0,1,1,1,0,1
case_b68e0980,0,1,1,0,1,1
case_9b131d1b,0,1,1,0,1,1
case_29e192d5,0,0,1,0,0,1
case_c8f2e28b,0,1,1,0,1,1
case_e7ed9aa2,0,0,1,0,1,0
case_d76e3b1e,1,1,1,1,1,1
case_f6a6857f,1,1,1,1,1,1
case_3e62d0df,1,1,1,0,1,1
case_e88c894b,0,1,1,0,0,1
case_423044e3,1,1,1,1,1,1
case_89c15191,1,1,1,1,1,1
case_d9793fed,1,1,1,1,0,0
case_03173e89,1,1,1,0,1,1
case_708455c0,1,1,0,1,1,1
case_a9fa0676,1,1,1,0,0,0
case_f38575db,1,1,0,1,1,1
case_8a2f5aeb,1,1,1,1,1,0
case_1856b7c6,0,0,1,1,0,0
case_1a7e0dc2,1,1,1,1,1,1
case_87e50c45,1,1,1,1,1,1
case_b9967563,1,1,1,1,1,1
case_51bf4d94,1,1,1,1,1,1
case_6a9b420a,0,0,1,0,1,0
case_2e777964,1,1,1,0,1,1
case_6932d9ca,0,1,1,0,1,1
case_4bc8eb0d,1,0,1,1,1,1
case_29492cf8,1,1,1,1,1,0
case_dd6266c8,1,1,1,0,1,1
case_e47c1d06,1,1,1,1,1,1
case_c83a9721,1,1,1,1,1,1
case_9d15d6c8,1,1,1,1,0,1
case_d07843ff,0,1,1,0,1,1
case_737b5b78,0,1,1,1,1,0
case_e625da01,1,1,1,1,1,0
case_2f188648,1,1,1,1,1,1
case_0219a66c,0,0,1,0,1,1
case_cacf8349,1,0,1,0,1,1
case_35a7ba79,0,1,1,1,0,1
case_7b162ce8,1,1,1,1,0,0
case_d2324f4b,1,1,1,1,1,1
case_ab3ab673,1,0,0,1,1,1
case_522c27c1,1,1,1,1,1,1
case_86c4f1db,0,1,1,1,1,1
case_44b10f2d,0,1,1,0,1,0
case_f98b662a,0,1,1,1,1,0
case_f787bf23,0,0,1,1,0,1
case_fe4f751b,0,1,1,1,1,1
case_490ef4d2,1,1,1,1,1,1
case_ab7d0cf5,1,1,1,0,1,0
case_b737e6ff,0,0,1,1,1,0
case_6099cffe,1,1,1,1,1,1
case_c1484987,0,0,1,0,0,1
case_1457ab18,1,1,1,1,0,1
case_47837504,1,0,1,1,1,1
case_05a8ba67,1,1,1,1,1,1
case_8e745807,1,1,1,1,1,1
case_2e05e0c9,1,1,1,1,1,1
case_5f782bb0,1,0,1,0,1,0
case_1b91fc6c,0,0,1,1,1,1
case_666c1484,0,1,1,1,0,1
case_951dc760,1,1,1,0,0,1
case_3111a317,1,0,1,0,0,0
case_e86955c3,0,1,1,0,0,1
case_7f8e2842,1,1,1,1,1,0
case_24e33be4,1,1,1,0,1,1
case_8e8d1753,1,0,1,1,1,1
case_d8b93009,1,0,1,0,1,0
case_44432a38,1,1,0,1,0,1
case_cf46550b,0,1,1,1,1,1
case_d57ab170,1,1,1,1,0,1
case_8ba11952,0,1,1,1,0,1
case_829d0426,0,0,1,1,1,0
case_791b540c,1,0,1,1,1,1
case_8ee8a1af,0,0,1,1,1,1
case_371ac289,0,1,0,1,1,0
case_3026ebd7,0,0,1,1,1,1
case_f6407233,0,1,1,1,1,1
case_5ae87055,1,1,1,1,1,1
case_1196107a,1,1,1,1,1,1
case_abc33713,0,1,1,1,1,1
case_e1f3a715,0,1,1,1,1,1
case_29b1fc0c,0,0,1,0,0,1
case_63bfd502,0,0,1,0,1,1
case_7498b343,0,1,1,1,1,0
case_e3e5c943,1,1,1,1,0,1
case_d4aafe8c,1,1,0,1,1,1
case_b7f45792,1,1,1,1,0,1
case_0caf38fa,1,1,1,1,0,1
case_bc0b25d8,0,0,1,1,0,1
case_409dbd10,0,0,0,0,0,0
case_ad626403,1,0,1,1,1,1
case_c4197086,1,1,1,1,1,1
case_81887892,0,1,1,1,1,1
case_eb96d68f,0,0,0,0,1,0
case_98a106c7,1,0,0,1,1,1
case_4d8cf332,1,0,0,1,1,1
case_abf3cdaa,1,1,1,1,1,1
case_bb91379a,0,1,0,0,1,1
case_737d8583,1,1,1,0,1,1
case_54f9f435,1,0,1,1,1,1
case_428ecb7f,1,1,1,1,0,1
case_b0c6dcab,0,1,1,0,0,1
case_35d066f0,1,1,1,0,1,0
case_ef6dcec9,1,0,1,0,1,0
case_e986e768,1,1,1,1,1,1
case_ff19c04c,1,1,1,1,1,1
case_87d4a5b3,0,1,0,0,1,1
case_dd95028b,1,0,1,0,1,1
case_5058da13,0,1,1,1,1,1
case_730ef1af,0,0,1,0,0,1
case_d2937b5f,0,1,1,1,1,0
case_fbb0bb16,0,1,1,1,0,1
case_c1cbe2b2,1,0,1,0,1,1
case_a001ede8,1,0,1,0,1,1
case_bb01783e,1,1,1,1,0,1
case_e17a304d,1,1,1,1,1,1
case_64d50392,1,1,1,1,1,1
case_86d2d745,1,0,1,0,0,0
case_79cdf893,0,0,1,0,1,1
case_e9e4cce8,0,0,1,1,1,1
case_5203faf9,1,0,0,1,0,1
case_0ba231a9,1,0,1,0,0,1
case_2ab53c4a,1,1,1,1,1,1
case_b4334824,0,0,1,1,1,1
case_33988d53,1,1,1,1,1,1
case_6286fb1f,1,1,1,1,1,1
case_54f864d5,1,1,1,1,1,0
case_78e12019,0,1,1,1,1,1
case_17662e83,0,0,1,1,0,0
case_7b16b8ee,1,0,1,1,1,1
case_de0b1108,1,0,1,1,1,1
case_20e116b4,0,1,1,1,1,1
case_37b30392,1,1,1,1,1,1
case_2e838238,1,0,1,1,1,1
case_af0cce7d,1,1,1,1,1,1
case_73503984,1,1,1,0,1,1
case_66758a83,1,1,1,1,1,1
case_4cdf04b1,1,0,1,1,0,0
case_d396363b,1,1,1,1,1,1
case_e8560d7d,1,1,1,1,1,0
case_efef7291,1,1,1,1,1,1
case_8f0e45b8,1,1,1,1,1,1
case_f441f789,0,1,0,0,1,0
case_b6dbc711,1,0,1,1,0,0
case_1aaf7f58,1,0,1,0,1,1
case_92c99cd7,0,0,1,0,1,1
case_024a317d,1,1,1,1,1,1
case_87e5eadd,0,1,1,1,0,1
case_ea10a93e,1,1,1,1,0,0
case_463d6bc5,0,0,1,1,0,0
case_07a9195f,1,1,1,1,1,1
case_0878a09c,1,1,1,1,1,1
case_a8a77081,1,1,1,1,1,1
case_7b74a9c4,1,0,0,1,1,1
case_c751d55c,0,0,1,1,1,1
case_70106a4c,0,1,1,0,0,1
case_ac14ed1e,1,1,1,1,1,1
case_5483e622,0,0,1,1,1,1
case_9433f6c8,1,0,1,0,1,1
case_475d3f80,0,1,1,1,0,1
case_00ed64b4,0,0,1,1,1,1
case_2e422022,1,0,1,1,1,1
case_9eb9860c,0,1,1,1,0,1
case_ca263d36,1,0,1,1,0,1
case_d86c5ac1,1,0,1,0,1,1
case_71f1be16,1,1,1,1,1,1
case_43422e8a,1,1,1,1,1,0
case_c1926b44,1,1,1,1,1,1
case_c3e2bde7,0,0,1,1,1,1
case_8d53b5c8,1,1,1,1,1,1
case_d663ffba,1,1,1,0,1,1
case_7cc0d845,0,0,1,0,0,0
case_39b90cc7,1,0,1,1,1,1
case_459e1e10,1,1,1,1,1,1
case_326a8545,1,0,1,1,0,0
case_4b6eab53,1,1,0,1,1,1
case_6489bfc3,1,1,1,1,1,1
case_66851101,0,1,0,1,1,1
case_6ba08ca9,0,1,1,1,0,1
case_65228749,1,1,1,1,1,1
case_4f08fea2,0,0,1,1,0,1
case_6d30206c,1,0,1,1,1,0
case_7f35dcb6,1,1,1,1,1,1
case_0c90bfd9,1,1,1,1,1,1
case_44573ac8,0,0,0,1,0,1
case_4fa39009,1,1,1,0,1,1
case_1092ecc8,1,1,1,1,1,1
case_e744eb62,0,1,0,1,1,1
case_c7a63259,1,1,1,0,1,1
case_67c75a03,1,1,1,1,1,1
case_a0923f46,0,0,1,0,0,0
case_aca5ffa8,1,1,1,1,1,1
case_fe41574a,0,0,1,0,0,1
case_1826cbda,0,0,1,0,1,0
case_c6aff083,0,0,1,0,0,1
case_f9dcf3cf,1,1,1,1,1,1
case_5d09b054,1,1,1,1,1,1
case_9727ea25,1,0,1,0,1,1
case_3e1c38f1,1,1,1,0,1,1
case_2253c092,1,0,1,1,0,1
case_18c7443e,1,0,1,1,1,1
case_01532a46,1,1,1,1,1,1
case_3380c24a,1,0,1,1,1,1
case_f7a1424f,1,0,1,0,1,1
case_1c277d10,0,1,1,1,1,1
case_1be6b9ba,1,1,1,1,1,1
case_e6e8ad94,0,0,0,0,0,0
case_91dc3a4e,1,1,1,1,1,1
case_d1043f0a,0,1,1,1,0,0
case_f04be6e9,1,1,1,1,1,1
case_f206bc14,0,1,1,0,0,1
case_94fe1d2f,0,1,1,0,1,1
case_6b8404e3,0,1,1,1,1,1
case_c49e1287,0,1,1,0,0,1
case_e722c698,0,1,1,0,1,1
case_27fbd8e8,0,0,1,0,0,1
case_80f07a99,0,1,1,1,0,0
case_07f75213,0,0,1,1,1,1
case_9ddc18fe,0,0,1,1,0,1
case_96816bee,1,1,0,1,1,1
case_8f2115d2,1,1,1,1,0,1
case_db3d4435,1,1,1,1,1,1
case_94028c09,1,1,1,1,0,1
case_22996ef1,1,1,1,1,0,0
case_426db6d1,1,1,1,1,1,1
case_a8871022,0,1,1,0,1,1
case_b3ed08f4,0,0,1,1,0,1
case_46e39560,1,1,1,0,0,1
case_aef5f20c,1,1,1,0,1,1
case_ec2f9d7e,1,1,1,1,1,1
case_8cb0fd97,0,0,1,1,1,1
case_fab56875,1,1,1,1,1,1
case_c5795f1b,1,1,1,1,1,1
case_37805a20,0,0,1,1,1,1
case_9762c30c,1,1,1,1,0,1
case_7b66c7f4,1,1,1,1,1,1
case_56575dc3,1,0,1,1,1,1
case_4510fb85,1,0,1,1,1,0
case_4760cbe7,1,1,1,1,1,0
case_d606f4bb,1,0,1,0,0,1
case_180049b3,1,1,1,1,0,1
case_badb172b,1,1,0,0,1,0
case_90dd5032,1,0,1,1,1,1
case_4d333ecf,0,1,1,1,1,1
case_a3fb58d9,0,1,1,0,1,1
case_98c36ef3,0,0,1,1,1,0
case_41a04663,1,1,1,1,1,1
case_9eaeffa6,0,0,1,0,1,1
case_0cf84378,1,1,1,1,1,1
case_496de108,0,0,1,1,0,0
case_91be2061,1,0,1,1,1,1
case_b0c2ce1a,1,1,1,0,1,1
case_b7b38821,1,0,1,0,0,1
case_1cd2a698,1,1,0,1,0,1
case_0abf7e75,0,0,0,1,1,1
case_7b735708,1,1,1,1,0,1
case_9f521243,1,1,0,1,1,1
case_0643d09b,1,0,1,1,1,1
case_46774fc4,1,1,1,1,1,1
case_b19c1372,0,1,0,1,0,0
case_d312aaf9,1,1,1,1,1,0
case_5832b6ea,1,1,1,1,1,1
case_1739c2da,0,1,1,1,1,1
case_a17da04d,1,1,1,1,1,1
case_a2743f94,1,0,1,1,1,1
case_2f0bc1d0,1,1,1,1,1,1
case_39224a4e,1,1,1,1,1,1
case_2c9ae2e2,1,0,1,0,1,1
case_4e44e6d6,1,1,1,1,1,1
case_fbecc010,0,0,1,0,1,1
case_3fb318c7,0,0,1,0,1,0
case_feadc25d,0,0,1,1,0,1
case_55627f47,0,1,0,0,1,1
case_be49d250,0,1,1,1,1,1
case_64cc5da7,1,1,1,1,0,0
case_856635de,0,0,0,0,0,1
case_02b1efce,1,0,1,0,0,1
case_93a4c663,0,1,1,1,1,1
case_6d91a9d9,1,1,1,1,1,1
case_96507123,1,1,1,0,1,1
case_627019f5,0,1,0,1,0,1
case_1ed7243c,1,0,1,0,1,1
case_bbd37d1e,1,1,1,1,1,1
case_8044bb2a,1,0,1,1,0,1
case_e62d74d5,0,1,1,1,1,1
case_c6384e3f,0,1,1,0,0,1
case_e62f729a,0,1,1,1,1,1
case_d7c0d490,1,0,1,1,1,1
case_d00541c4,1,0,1,0,1,1
case_3443232c,1,1,1,1,1,1
case_0811d6c3,0,1,1,1,1,1
case_8360d3a3,0,0,1,1,0,0
case_66f2abde,0,1,1,1,0,0
case_6ae35813,0,1,0,1,1,1
case_fe4c2e45,1,0,1,1,1,0
case_2349aa78,0,1,1,1,1,1
case_76fd072d,1,1,1,1,1,1
case_08977c97,0,0,1,0,1,1
case_f0778830,1,1,1,1,1,1
case_9517d0c1,1,0,1,0,1,0
case_756ae575,1,1,0,1,1,1
case_9a20d349,0,0,1,0,1,0
case_17b805d4,0,1,1,1,1,1
case_991257d7,1,1,1,1,1,1
case_246f8872,1,0,1,0,0,1
case_2558c832,0,1,1,1,1,1
case_09b37929,0,1,1,1,0,1
case_8463a818,0,1,1,1,1,1
case_9c221489,1,1,1,1,1,1
case_7c87ba05,0,1,1,1,1,1
case_b62ae074,0,0,1,1,1,1
case_7dd7e7f4,1,0,1,1,0,1
case_38692be9,1,0,1,1,1,1
case_5532ac92,1,1,1,1,1,1
case_dfcc76bc,1,1,0,1,1,1
case_4fa92833,1,1,1,1,1,1
case_d943d0ea,1,1,1,1,1,1
case_ee999185,1,0,1,1,0,0
case_3abc219f,1,1,1,1,1,1
case_82afea22,0,0,1,0,1,1
case_77a12c0d,1,1,1,0,1,1
case_98257897,0,1,1,0,1,0
case_dfcdd74a,0,0,1,1,1,0
case_62414969,1,1,1,1,1,1
case_9b43d773,0,0,1,1,0,1
case_842fe17e,0,0,1,1,0,1
case_c98c8540,0,1,0,1,0,1
case_a0786198,1,0,1,1,1,1
case_24110b69,1,0,1,1,1,1
case_70214b8f,1,1,1,1,1,1
case_7fb1ab25,1,1,1,1,1,1
case_bb7ebe3d,0,1,1,1,1,1
case_900c933a,1,1,1,0,1,1
case_4c038c62,0,1,1,1,1,1
case_9ac540b4,1,1,1,1,1,1
case_5208450f,1,1,1,1,1,0
case_87acf018,0,0,1,1,1,1
case_c131d603,1,1,1,1,1,0
case_fc3bbfa1,1,0,1,1,1,1
case_14cfd58d,1,1,1,1,1,1
case_bf6186d9,1,1,0,1,1,1
case_7514ead5,1,1,1,1,0,1
case_6ba76204,1,1,1,1,1,0
case_5c9aaa9c,0,0,1,1,1,1
case_296f8099,1,1,1,1,1,1
case_e6b6784a,1,1,1,1,0,0
case_3bc6b918,1,1,1,1,1,1
case_12dac34d,1,1,1,1,1,1
case_f9f32e8f,0,0,1,0,0,1
case_f1f1c7cf,1,1,1,1,0,1
case_ae1489c9,0,1,0,1,1,1
case_882de8ae,1,1,1,1,1,1
case_16ab33cc,1,1,1,1,1,1
case_49943897,0,0,1,1,0,1
case_3f35286b,1,0,0,0,0,1
case_0ccc0e45,0,1,1,1,1,1
case_99d2271e,0,1,1,1,0,1
case_8517d4ae,1,1,1,1,0,1
case_c9e3a2c1,1,1,1,1,0,0
case_d92b7e89,1,0,1,1,1,1
case_dbe92686,0,0,0,1,0,1
case_1a861a67,0,1,0,1,0,1
case_b2d7ce82,0,0,1,1,1,1
case_d16ec775,0,1,1,1,1,1
case_3661014f,1,0,1,1,1,0
case_0fc769c8,0,1,1,0,1,1
case_675339d2,1,0,1,1,1,0
case_f0ee2ec5,0,0,0,0,0,0
case_9954a139,0,1,1,0,0,1
case_96865a55,1,1,1,1,1,1
case_4befd934,0,1,1,0,1,1
case_1d706075,0,1,1,1,1,1
case_41b90b5c,0,0,1,1,0,1
case_68a98406,1,0,1,1,0,1
case_c228051e,0,1,1,1,0,1
case_faeee22c,0,1,1,1,1,1
case_086a0a20,0,1,1,1,1,1
case_92b28430,0,0,1,1,1,1
case_6cde0bff,1,1,1,1,1,0
case_513c0d81,1,1,1,1,1,1
case_45285c4d,1,0,1,1,0,1
case_c14b39bd,1,1,1,1,1,1
case_6e4a3fc9,0,1,1,1,0,1
case_33e602ea,1,1,1,1,1,1
case_726b015c,0,0,1,1,0,1
case_b6591c57,1,1,1,1,1,1
case_2f2d7022,0,1,1,1,1,1
case_51cad318,0,0,0,0,0,1
case_e3265e49,1,0,1,1,0,1
case_621d8769,1,0,1,1,1,0
case_152aabf1,0,0,1,0,0,0
case_3862a383,1,1,0,1,1,1
case_899037a3,1,1,1,1,1,1
case_feadd8e0,1,1,1,0,0,1
case_fcc08c96,0,1,1,1,1,1
case_61457257,1,0,1,1,0,0
case_e2a85068,1,1,1,0,1,1
case_12c02a83,0,0,0,0,0,0
case_5733bbab,1,1,0,0,0,0
case_389e8639,1,1,1,0,1,1
case_6e6dd01b,1,1,1,1,1,1
case_0906d6f6,1,0,1,1,0,0
case_53d286fc,1,1,1,1,1,1
case_a7792197,0,1,1,1,0,1
case_3c4efae2,1,1,1,1,1,1
case_b7e52c49,0,0,1,0,0,1
case_c62b22ba,0,0,1,0,1,1
case_01597db9,1,1,1,1,1,0
case_b0a2e50e,0,0,1,0,0,1
case_c771b63d,0,1,1,0,1,0
case_a6a3dcc9,1,1,1,0,0,1
case_f1f7e777,0,0,1,0,1,0
case_cb748462,1,0,1,1,0,1
case_14b15cdb,0,1,0,1,1,1
case_2b26f041,1,1,1,1,0,1
case_ef29d3fa,1,1,1,1,1,1
case_e78613ec,1,1,1,1,0,1
case_67cd7287,1,1,1,1,1,1
case_058f76ef,1,0,1,1,0,0
case_9c0021e5,1,1,1,1,1,1
case_167f9796,1,0,1,1,1,0
case_92d0cd67,1,1,1,1,1,0
case_efae7cf2,1,1,1,1,1,0
case_6f565508,0,1,0,0,0,1
case_679543ae,1,1,1,1,1,1
case_6394081c,0,1,1,1,1,0
case_bbcc485c,0,1,1,1,0,1
case_73632766,1,1,1,1,1,1
case_d25cba46,1,1,1,0,1,1
case_5b6a9d54,1,1,1,0,1,1
case_09e83805,0,0,1,1,1,1
case_564e2652,0,1,1,0,1,0
case_acfad928,0,1,1,0,1,1
case_b925112d,1,1,1,0,1,1
case_a5674ff4,1,0,1,1,1,1
case_42d36821,0,0,1,0,1,0
case_1ddd8a5b,0,1,1,0,0,1
case_3c998c5b,0,0,1,1,0,0
case_816a79b9,0,0,1,0,1,0
case_c3dd881f,0,0,1,1,1,1
case_3f2c67a4,1,1,1,1,0,1
case_d4bcfccc,0,0,1,1,0,0
case_be530e63,0,1,1,1,1,1
case_105f9001,1,1,1,1,1,1
case_f74cab5f,0,0,1,1,1,1
case_7d3ad3e6,1,1,1,1,1,1
case_efedc960,1,0,1,0,1,0
case_a8a48b2a,0,1,0,1,1,1
case_d0a06fd4,1,1,1,1,0,1
case_3ddff0a5,0,1,1,1,1,1
case_0f005c5e,1,1,1,1,1,0
case_ba9b229d,1,0,1,0,0,1
case_c48c9442,1,1,1,1,1,1
case_7fa3a0e7,0,1,0,0,1,1
case_4929d642,0,0,1,1,1,1
case_aa5d1e8c,1,1,1,1,1,1
case_97da14c1,1,1,1,1,0,1
case_b82f2af2,1,0,1,0,1,1
case_dbd3b12a,1,1,1,1,1,1
case_9b8d69e5,1,1,0,0,1,1
case_7516d2ee,1,0,1,0,1,1
case_555821a4,0,1,1,1,1,1
case_b31efeac,1,0,1,0,1,1
case_a3a8f3e4,1,1,1,1,0,1
case_c139c08e,1,1,1,0,1,0
case_b60f7fb2,1,0,1,0,1,1
case_ea8ec58e,0,0,1,1,1,1
case_c2b6abba,0,1,1,1,0,1
case_f19bfb0d,0,0,1,1,1,0
case_02539fa6,0,0,1,0,1,1
case_72024110,0,0,1,1,1,0
case_1a90b168,1,1,1,1,1,1
case_ca3f2522,1,1,1,0,0,1
case_278e1473,1,1,1,1,1,1
case_458648b6,1,0,1,1,1,0
case_5dd0fa09,1,1,1,1,1,1
case_8b38d6fa,1,1,1,1,0,1
case_b071bfc1,1,1,1,1,1,1
case_24cafceb,1,1,0,1,1,0
case_eb7501c6,0,0,1,1,1,0
case_dd8bea27,0,1,1,1,0,0
case_bf8b93da,0,1,1,0,1,1
case_00f65bd6,0,0,1,1,1,1
case_a5223037,1,1,1,1,1,1
case_90765a0c,1,0,1,1,1,0
case_914bbcf5,1,1,1,0,1,1
case_994fd169,0,0,1,1,0,0
case_0c5556e3,0,0,1,0,0,0
case_e81ea0a5,0,0,1,0,1,1
case_4ebc0834,1,1,1,1,1,1
case_095d086f,1,1,1,1,1,1
case_b51c9333,1,1,1,1,1,1
case_518163d0,1,0,1,0,0,0
case_e1c54390,0,0,1,0,1,1
case_f7f42948,0,1,1,0,1,1
case_b1648191,0,0,1,0,1,1
case_fc371316,1,1,1,1,0,1
case_49a9f338,1,1,1,1,1,1
case_976daa52,1,1,1,1,1,1
case_fbe99415,1,0,1,1,1,0
case_6380f1cd,1,0,1,1,1,1
case_700b27c6,0,1,1,0,0,1
case_472bf6b2,1,0,1,1,1,1
case_b7d203ce,1,0,1,1,1,0
case_b45e73fb,1,0,1,0,1,1
case_eacfdfe4,0,0,1,1,1,1
case_d4c697b6,1,0,1,0,0,0
case_e4781634,0,1,1,0,1,0
case_a4770403,1,1,1,1,1,1
case_f8db45e7,1,1,1,1,1,0
case_ea3cda0a,0,1,1,1,1,1
case_15a53bf4,1,1,1,1,1,1
case_7942442f,1,1,1,0,1,1
case_92374223,0,1,1,0,1,0
case_a1bc45d2,1,0,1,0,0,1
case_2d566036,1,1,1,0,1,1
case_fb6c21e1,1,1,0,1,1,1
case_9b4dc2e8,1,1,1,1,1,1
case_283e8b6f,1,0,1,1,0,1
case_24ef3fbb,1,1,1,0,1,1
case_84204cb2,1,0,1,1,1,1
case_4367f279,1,1,1,1,1,1
case_9518bd11,0,1,1,1,0,1
case_7aa2b674,1,1,1,1,1,1
case_886186e9,1,1,1,1,1,0
case_8555fe63,1,0,1,1,1,0
case_ff1936f1,0,1,1,1,1,1
case_0c30ea2c,1,1,1,1,0,0
case_74d3eff0,1,0,1,1,0,1
case_1025885c,1,1,1,1,1,1
case_383c6dc7,0,0,1,1,1,1
case_48a3a5af,1,1,0,1,0,0
case_0502f895,1,0,1,1,1,0
case_8db52eeb,1,1,1,1,1,1
case_f2604f61,0,1,0,1,1,1
case_22f812f2,1,1,1,0,0,1
case_138e4a57,0,0,0,1,1,1
case_f93d0e57,1,1,1,1,1,1
case_4cb7567e,1,0,1,0,1,1
case_07c26a89,1,1,0,0,1,1
case_d19a6a8a,1,0,1,1,1,1
case_9e45e65f,1,0,1,1,0,1
case_73861952,0,1,1,1,1,1
case_820e6c49,0,1,1,1,0,1
case_ad78f955,1,1,0,0,0,1
case_055c0074,1,0,1,1,1,1
case_ed430613,0,1,0,0,1,1
case_ce40d977,1,1,1,1,1,0
case_fe643369,0,1,1,1,0,1
case_0c1f0185,0,1,1,1,0,1
case_403b0f87,1,0,1,1,1,1
case_f9c287cc,0,1,1,1,1,1
case_d0998d6a,1,1,1,1,1,0
case_9d96fe75,1,1,1,1,0,1
case_a31ef5ba,0,1,1,1,1,1
case_6bfb1c32,1,0,1,0,1,1
case_2755bb84,1,1,1,1,1,1
case_9bd7827b,1,0,1,1,1,1
case_b435c472,1,1,1,0,1,1
case_49327fbe,1,0,1,1,1,1
case_8c7ccafb,0,1,1,1,1,1
case_740af3f9,0,0,1,1,1,1
case_0b5f9e75,1,1,1,1,1,1
case_9fed754a,0,1,1,1,1,1
case_3bf7b1e5,1,0,1,1,1,0
case_81e1ef4e,1,0,1,1,1,1
case_dca1f0a1,1,0,1,0,1,1
case_1a20c3b4,1,1,1,0,1,1
case_10afe451,0,0,1,0,1,1
case_09f225c3,1,1,1,1,0,1
case_f08aba7b,0,1,1,1,1,1
case_31040799,1,1,0,1,1,1
case_0892dea4,1,0,1,0,1,1
case_0ce0a61a,0,1,1,0,0,1
case_4b7ae10b,1,0,1,0,0,1
case_1503e749,0,1,1,0,0,1
case_6d9204d1,1,1,1,0,1,1
case_824f71b0,1,1,1,1,1,1
case_f7a6b08f,1,1,0,1,1,1
case_0802728c,0,0,1,1,1,1
case_46a8d4d6,0,1,1,1,0,0
case_b60b9e51,1,1,1,1,1,1
case_9185bc16,1,1,1,1,1,1
case_623803ac,0,0,1,1,1,0
case_cd4a9c23,1,1,1,1,1,1
case_5bae0bbf,1,0,1,1,1,1
case_30f02e80,0,1,1,0,1,1
case_dd52a28d,1,1,1,1,1,0
case_6e1e0799,1,0,1,1,0,1
case_a08cfb45,0,1,1,1,1,1
case_3dbc9ea9,1,1,1,1,1,1
case_9f8f255e,0,1,1,1,1,1
case_064f77a4,1,1,1,1,1,1
case_e9e2216f,1,1,1,1,0,0
case_9848c59a,1,1,1,1,1,1
case_0bf3563c,1,0,1,1,1,0
case_39d1b638,1,1,0,1,1,1
case_00a4fbab,1,1,1,1,0,1
case_94c18476,1,1,1,1,1,1
case_85e20fa6,1,1,1,1,1,1
case_fcb24f2d,1,1,1,1,0,1
case_164f44a0,1,1,1,1,0,1
case_5f323d76,1,1,1,1,1,1
case_7e8b1085,1,1,1,0,1,1
case_5b3b0911,1,1,1,1,0,1
case_11bd930b,0,0,1,0,1,1
case_f13afd3b,0,0,1,1,1,1
case_fb2a5c4e,1,0,1,1,1,1
case_d3030a57,0,0,1,0,1,1
case_1b086b49,1,0,1,1,1,1
case_2e5e94e0,0,1,1,0,1,1
case_d6f91d37,0,0,1,0,0,1
case_35860487,1,1,0,0,0,1
case_d15c1615,0,0,1,0,1,1
case_6b96cc13,1,1,1,1,1,1
case_36b72f62,0,1,1,1,1,1
case_e3d9ef60,0,1,1,1,1,0
case_66a0d0bb,1,0,1,1,0,0
case_70cf426f,1,0,1,0,1,1
case_e7a4c5fb,1,1,1,1,1,1
case_d8f4fba5,1,0,1,1,0,1
case_4171e568,1,1,0,1,1,1
case_f5dbbf11,1,0,1,1,1,1
case_9281eea2,1,1,1,1,0,1
case_d1a20928,1,0,1,1,1,1
case_d16a5b30,1,1,0,0,1,1
case_3bfa98f2,0,1,1,0,0,1
case_e06d6cb0,0,1,1,1,1,1
case_29d7fed7,1,1,1,0,0,0
case_4f5f867c,1,1,1,1,1,1
case_387a1e99,1,1,1,1,1,1
case_f60239c6,0,1,0,1,1,1
case_76c831cf,1,1,0,1,1,1
case_fe1a98a4,0,1,0,1,1,0
case_2eca049d,0,0,1,0,1,1
case_7cdf4c15,1,1,1,1,1,1
case_69af0c36,0,1,1,1,1,1
case_2177f0ca,0,0,1,1,1,0
case_a6bdcb74,1,0,1,1,1,1
case_176e6ec7,1,1,1,1,1,1
case_901bc222,0,0,1,0,1,1
case_c9c7e12b,1,1,0,0,1,1
case_4a630872,1,1,1,1,1,0
case_a1047e8a,1,1,0,1,1,1
case_e4c60567,1,0,1,1,1,1
case_a678ba89,0,1,1,1,1,1
case_cdfd848c,1,1,1,1,1,1
case_77ea4b15,1,1,1,1,1,1
case_c9476338,1,0,1,1,1,1
case_74aa07b1,1,0,1,1,1,1
case_cd2014f8,0,1,1,0,1,1
case_f9756b5d,1,0,1,0,1,1
case_2b673261,1,1,1,1,1,1
case_17a37639,0,0,0,1,1,1
case_9c00fc8e,1,0,1,1,1,1
case_4f4e81f8,0,0,1,0,1,0
case_6b38f81e,0,0,1,1,1,1
case_1620fc8b,0,0,0,1,0,1
case_74e8edd1,1,0,1,1,1,0
case_e05bd847,1,1,1,0,0,1
case_0b64382c,1,1,1,1,1,1
case_e3ae1fc2,1,1,1,1,1,0
case_b0358278,0,0,1,1,0,1
case_1dad381f,0,0,1,1,0,1
case_f83376f7,0,0,1,1,1,1
case_057e845f,1,1,1,1,1,1
case_9973b5c4,1,1,1,0,0,0
case_e0dc3e6e,1,0,0,0,0,0
case_ab0c8a44,1,0,1,0,1,0
case_96d7bf62,1,1,1,1,1,1
case_249a1f75,1,1,1,1,1,1
case_5651d6e2,1,1,1,1,1,1
case_5cdba898,0,0,0,0,0,0
case_fc35bf19,1,1,1,0,1,1
case_924f2a25,0,0,1,0,0,0
case_a6ef32e6,0,0,1,1,0,0
case_a526bef9,1,1,1,0,1,1
case_f5b68a77,0,0,0,0,0,0
case_002244e8,0,0,0,1,1,0
case_a844a426,1,1,1,1,1,1
case_f7bd35f7,0,1,1,0,0,1
case_27851c96,1,0,1,1,0,0
case_41340da6,1,1,1,1,1,1
case_7d65f9ae,1,1,1,1,1,1
case_bbefa920,1,1,1,1,1,1
case_2d158283,0,0,1,1,1,1
case_f0b0e179,1,0,1,1,1,1
case_09774961,0,0,1,1,1,1
case_badb3e14,0,0,1,0,0,1
case_9532bc70,1,1,1,1,1,1
case_9ecc3683,0,1,0,1,1,1
case_7c478a99,1,0,1,0,0,1
case_b8ffb5eb,1,1,1,1,0,1
case_f43ded92,0,1,1,1,1,1
case_c6950374,1,0,1,1,1,1
case_222ba40b,1,0,1,0,1,0
case_7f54bfed,0,0,1,1,0,1
case_44071747,1,1,1,1,1,1
case_45b560ff,0,1,1,1,1,0
case_7825c2f2,1,0,1,0,0,1
case_194f6948,0,1,1,0,1,1
case_8d002040,0,1,1,0,0,1
case_4eee57f4,1,1,1,1,1,1
case_2ba0e525,1,0,1,1,0,0
case_4863ea35,0,1,0,0,0,1
case_97b92f18,0,1,0,0,0,1
case_66636437,1,1,0,0,1,1
case_adcf1380,0,1,1,1,0,1
case_f025eefb,0,1,0,1,1,0
case_73c44e5f,1,1,1,1,0,1
case_6ef5d10b,1,1,1,1,0,1
case_da24702a,1,1,1,1,1,1
case_c15d9096,1,0,1,1,1,1
case_ee82a01d,0,0,1,1,1,1
case_f35ffd81,1,1,0,1,1,1
case_39eb0870,1,0,1,1,0,1
case_200b9ebe,0,0,1,1,1,1
case_dcee1d52,1,1,1,1,1,1
case_cfb73ca5,0,1,1,0,1,1
case_ca5536b4,1,0,1,0,1,1
case_f14340f2,1,1,1,1,1,1
case_c8b69608,1,1,1,1,1,0
case_f95303de,0,1,1,1,1,0
case_d9631c94,1,0,0,1,0,1
case_0d02300d,1,0,1,1,1,1
case_6eb2c859,0,0,1,1,0,0
case_429b1b4a,0,1,1,1,1,1
case_bdb5ef01,1,0,1,0,1,1
case_d847aa33,1,1,1,0,0,1
case_4b0b686d,1,0,0,1,1,1
case_85eb3b39,0,0,1,0,0,0
case_060655e3,1,0,1,1,1,1
case_8c0474c7,1,1,1,1,0,1
case_98e94ad4,0,1,1,0,1,0
case_a730dc41,1,1,1,0,1,1
case_b43f5f4c,0,0,1,1,1,1
case_4cd32e71,0,0,1,0,1,1
case_8efbf611,1,1,1,0,1,1
case_32aebfa9,1,1,1,1,1,1
case_f52c1e2c,0,1,1,1,1,0
case_4ba28685,1,1,0,1,0,0
case_39f53c64,1,1,1,1,1,1
case_bdff9530,1,1,1,1,1,1
case_a0320147,0,1,0,1,1,1
case_f9a646b1,1,1,1,1,0,1
case_04b4bca7,1,0,0,1,1,1
case_bcbe62d7,1,1,1,1,1,1
case_033fb968,1,0,1,1,1,1
case_96b1a66b,1,1,1,1,0,1
case_5d60b688,1,1,1,1,1,1
case_b8bd82ff,0,0,1,1,1,1
case_eecf5c60,1,1,1,1,1,1
case_be694653,0,0,1,0,1,1
case_6a61e7ba,1,0,1,1,1,1
case_84ca27ac,0,1,1,1,0,1
case_fef4ee13,1,1,0,1,0,1
case_15de6d78,0,0,0,0,0,1
case_efeb2b3c,1,1,1,0,1,1
case_eaf2e4d0,0,0,1,0,1,0
case_4160bc4e,0,1,1,1,1,1
case_8dcc6f60,1,0,1,0,1,1
case_5851555b,0,1,0,0,0,1
case_383b7b43,1,1,1,1,1,1
case_710e7882,0,0,1,1,1,0
case_a745b328,0,1,1,1,1,1
case_8c3c9278,0,0,1,0,1,1
case_de63a10b,1,1,1,1,1,0
case_4c11bccb,0,1,0,1,1,1
case_832bd6d3,1,1,1,1,1,1
case_234eed11,0,0,1,1,0,1
case_19cff646,0,0,1,1,1,1
case_60955a8e,0,1,1,1,1,1
case_5022b59a,1,0,1,0,1,1
case_b6e9bf1c,0,1,1,1,1,0
case_e50b2d05,1,1,0,0,0,1
case_e48fde1b,0,0,0,0,0,1
case_d1865458,0,1,1,0,1,0
case_0ffffe2e,0,0,0,0,0,0
case_463b1a39,1,1,1,1,1,1
case_bfa2cffd,1,0,1,0,0,0
case_1f7e0363,1,1,1,1,1,1
case_a41a25ba,1,1,1,1,1,1
case_09f10f65,1,1,1,1,1,1
case_23a62577,0,1,1,0,0,1
case_cbccc891,0,1,1,1,1,1
case_5c47984d,1,0,1,1,1,1
case_ebd510a0,1,0,0,1,0,1
case_cc84231a,1,1,1,1,1,1
case_ad6348be,0,0,1,1,1,1
case_bced504b,0,1,1,1,0,1
case_46e0887b,0,0,1,1,1,1
case_adde1ff5,0,0,1,1,0,1
case_92ec08d0,1,1,1,0,1,1
case_d9f0b4f8,1,0,1,1,1,1
case_3f4b3083,0,0,1,0,1,1
case_ecc378ef,1,1,0,0,1,1
case_86c48720,1,1,1,1,0,1
case_46a88063,1,1,1,1,1,1
case_5b644cab,0,1,0,1,1,1
case_4159b22a,1,1,0,1,1,1
case_3750235d,0,0,1,1,1,1
case_9d8ddfd2,0,1,1,1,0,1
case_90477640,0,1,1,1,1,1
case_58e7cecc,1,0,1,0,1,1
case_16cf498e,1,1,0,1,1,1
case_f0734476,1,1,1,1,0,1
case_bf815dca,1,1,1,1,1,1
case_bf04afdd,0,1,1,1,1,1
case_08e73ca8,1,1,1,1,1,1
case_c2dd4b95,1,1,1,1,1,1
case_1d843d86,1,1,1,1,0,1
case_464aad5f,0,0,0,0,1,1
case_e243a566,1,0,1,1,0,1
case_82d26351,1,1,1,0,1,1
case_d6631337,1,0,1,0,0,1
case_74bb3079,1,0,1,0,1,0
case_44f9a3d5,0,1,1,0,1,1
case_c18670bf,1,0,1,1,1,1
case_c5d50302,1,0,1,1,1,1
case_4559597b,0,1,1,1,0,1
case_e896a9e7,0,0,1,1,0,1
case_1d060c4f,0,1,0,1,1,1
case_ba0fd702,1,1,1,1,0,1
case_d7ddbf31,1,1,1,1,1,1
case_ba63b8bc,1,1,1,1,1,1
case_b120edb2,0,1,1,1,1,1
case_c9f22b52,1,0,1,1,1,1
case_57afec6c,1,0,1,1,1,1
case_6d421b22,0,1,0,1,0,0
case_6be51642,0,0,1,0,0,0
case_9cb6e89b,1,0,1,0,1,0
case_449196df,1,1,1,1,1,1
case_c4a2bfd0,1,1,1,1,1,1
case_1f4f0ff7,0,1,1,0,1,0
case_9424337f,1,0,1,0,1,1
case_53ef4ecb,0,0,1,0,1,1
case_213c8149,0,0,1,1,1,1
case_0c1041f3,1,1,1,0,1,0
case_4ff84cb5,1,0,1,0,0,1
case_b16765ba,1,0,1,1,1,0
case_e8f25fa0,1,0,1,1,1,1
case_b40a5b63,1,0,1,1,1,1
case_b29765d5,1,1,1,1,1,1
case_375f4265,1,1,1,1,1,1
case_fef02dd3,1,1,1,1,1,1
case_f697d3ab,0,1,1,0,1,1
case_fa6eaed5,1,1,1,0,1,1
case_b83aa8d7,0,0,1,1,1,0
case_b562a8ea,0,1,1,1,1,1
case_e6b866f3,1,0,1,1,0,1
case_a6d1dcde,1,0,1,1,1,0
case_e3b0b23b,1,0,1,0,0,1
case_0a543407,1,1,1,0,1,0
case_01dad512,0,1,1,1,0,1
case_d1d37b8f,1,1,1,1,1,1
case_8d60cfc6,1,1,1,1,1,1
case_0747f486,0,0,1,1,0,1
case_a6503bac,0,1,1,1,1,1
case_b307973d,1,1,1,0,1,1
case_dda3d1be,0,1,1,1,1,0
case_e024911f,1,1,1,1,0,1
case_a4c031e2,0,1,1,0,1,1
case_948cb553,1,1,0,1,1,1
case_063e1273,0,0,1,1,1,1
case_bbb19de1,0,1,1,1,1,1
case_ad1687c4,0,1,1,1,1,1
case_94b744b2,0,1,0,0,1,1
case_8c604cd5,1,1,1,1,1,1
case_b4a3ad45,0,0,1,1,0,1
case_15d80983,1,1,1,0,1,1
case_4f900d75,0,0,0,1,0,0
case_b6ff5333,1,1,1,1,1,0
case_a4f3d722,0,0,1,0,0,1
case_4a610b38,1,0,1,1,1,1
case_ab4b7b37,1,0,1,1,1,1
case_564e5961,0,1,1,1,1,1
case_0466bc46,1,0,1,1,0,1
case_202e8da4,0,0,1,1,1,0
case_89d67c0c,0,1,1,1,0,0
case_8e4494e4,0,0,1,1,0,1
case_bcb632a9,1,0,1,0,1,1
case_e8df22a4,1,0,1,1,1,1
case_4a58b44f,1,1,1,0,1,1
case_dfd6674b,1,1,0,1,1,0
case_9b184411,0,0,0,1,1,0
case_9002c17b,1,1,1,0,1,1
case_6f67bbe5,0,1,1,1,1,1
case_35809446,1,1,1,1,1,1
case_9b277a57,1,0,1,1,0,1
case_8d2851ae,1,1,1,0,0,0
case_a7fd27e1,1,1,1,1,0,1
case_4c418490,1,0,1,1,1,1
case_9ec64067,1,1,1,1,0,1
case_932fdbb5,1,0,1,1,0,1
case_c76077d0,1,0,1,0,1,1
case_bf79e8d6,1,1,1,1,1,1
case_788993f5,1,1,1,1,1,1
case_1e67ea50,1,1,1,1,1,1
case_2491b9e1,1,1,1,1,1,1
case_22f21013,1,1,1,1,1,0
case_7bfce35a,0,0,1,1,0,1
case_ae0694fa,0,1,0,1,1,1
case_3bf5b086,1,0,1,1,0,1
case_1a4428d0,1,1,1,0,1,1
case_2a2d4dba,0,1,1,0,1,0
case_bd3d748a,1,0,1,1,1,1
case_0c26a8dc,1,1,1,1,1,0
case_1409fd11,0,1,1,1,0,1
case_f6a36cf5,1,1,1,0,1,1
case_9f50f1b4,0,1,0,1,0,0
case_13b05727,0,0,1,1,1,1
case_9ad58604,1,0,1,1,1,1
case_62cbf6df,1,1,1,1,1,1
case_5554b348,0,1,1,0,0,0
case_402407e0,1,1,1,1,1,0
case_545f246e,0,0,1,0,0,0
case_7edbb17d,1,0,1,0,1,1
case_a0e7d261,1,1,0,1,1,0
case_0f73b002,1,1,1,1,1,1
case_e14c17a5,1,1,1,1,1,1
case_6e6b9a44,1,0,1,1,1,1
case_e0e431d8,1,1,1,1,1,1
case_bbe3b56e,1,1,1,1,0,0
case_9e15e522,1,0,1,0,1,1
case_f052b044,1,1,1,1,1,1
case_6c9b68e7,1,0,1,1,0,0
case_d5d07e91,1,1,1,1,1,1
case_e3f025ff,1,0,0,1,1,1
case_0de88281,0,1,1,1,1,0
case_9b812818,1,1,1,1,0,1
case_5e51ed55,0,0,0,1,0,0
case_241d8afc,1,1,1,0,1,1
case_8966eb31,1,0,1,1,1,1
case_46bfc3ab,1,0,1,1,1,1
case_84d598a9,0,0,1,0,1,1
case_b83ce95d,1,0,1,1,0,1
case_f8f6ab85,1,0,1,1,1,1
case_6760046d,0,1,1,1,1,1
case_403d80ca,0,1,1,1,1,1
case_4077f234,1,1,1,1,1,1
case_d072f311,1,0,1,0,0,1
case_87866e63,1,1,0,1,0,0
case_a8d656ee,1,1,1,1,1,1
case_d2fd2a67,1,1,0,1,1,0
case_e1928bfc,0,1,1,1,0,1
case_8ffa80ae,0,1,1,1,1,1
case_8f9ecfb6,0,0,1,0,0,1
case_43b1546b,1,1,1,0,0,1
case_f60c4fe3,1,0,1,1,1,1
case_0d89e990,1,0,1,1,0,1
case_e108bd5c,0,0,1,0,0,1
case_b00e0429,1,1,1,1,1,0
case_fdf67114,1,1,0,1,1,1
case_74ee4c9b,1,1,1,1,1,1
case_042b6231,0,1,1,0,1,1
case_83293140,0,1,1,1,0,0
case_6ba37612,1,1,1,1,1,0
case_c20990af,1,0,1,1,1,0
case_6abe56fd,1,0,1,1,1,1
case_b46175c1,1,1,1,1,1,1
case_3e6882c4,1,1,0,1,1,1
case_38f3e385,0,1,0,1,1,0
case_71c59831,1,1,1,1,1,0
case_3b330d94,1,1,1,1,1,1
case_a9f91abe,1,0,1,0,1,1
case_1028266a,1,1,1,1,1,1
case_698a9a0c,0,0,0,0,1,1
case_532a2de3,0,0,1,1,0,0
case_cdde26d6,0,1,0,1,1,1
case_04d760cf,1,0,1,1,1,1
case_d0db75f3,1,0,1,0,1,1
case_9fb9ca08,0,0,1,0,0,1
case_4dde9058,0,0,1,0,1,1
case_01026d1f,0,0,1,1,1,1
case_1c6ca440,1,1,1,0,1,1
case_1909d9c4,1,0,1,1,1,1
case_863aa6b1,1,1,1,1,1,1
case_4fe3f0e4,1,1,1,1,1,1
case_9796a1f6,1,1,1,1,1,1
case_1d133b4c,1,1,1,1,1,1
case_5cb23e71,1,0,1,0,1,1
case_6d181490,1,0,1,0,0,1
case_4ac96960,1,1,1,1,1,1
case_9ab9f190,1,1,1,1,0,1
case_93b57e27,0,1,1,1,0,1
case_9b64467f,0,1,1,1,1,0
case_4f7eb695,0,1,1,0,0,0
case_acab2cec,1,1,1,0,1,0
case_5415b3e0,0,0,1,1,1,1
case_f313a430,1,1,1,1,1,0
case_28cebc33,0,1,1,0,1,1
case_8d1dc002,0,1,1,1,1,1
case_ee27aa7a,1,1,0,1,1,1
case_08d4e695,1,0,0,1,1,1
case_98357ae5,1,1,1,1,1,1
case_0354abd8,1,1,1,1,1,1
case_bf8a3453,0,0,1,0,0,0
case_d0ad5834,1,0,1,1,1,1
case_cfa1bb0e,0,0,1,1,0,0
case_70c4ea08,0,1,0,0,0,1
case_66b3f4e8,1,1,1,1,1,1
case_2c7eee75,0,0,1,1,0,1
case_e5f5ae7d,1,1,1,1,1,1
case_759761c3,1,1,1,1,1,1
case_676c6625,0,0,1,1,1,1
case_01cf51a6,0,0,1,1,0,1
case_9187fb91,1,1,1,0,1,1
case_e5034ce6,0,0,1,1,0,1
case_b9b421c2,0,1,1,1,0,1
case_e56c8e52,1,1,0,1,1,1
case_6e4b5c8c,1,1,1,1,1,1
case_068fdd35,0,1,1,0,1,1
case_a0a9ad0c,0,1,0,0,1,1
case_b859e5f4,0,1,0,1,1,1
case_73c5f7a4,1,1,1,0,1,0
case_9c2788a5,1,0,1,1,0,1
case_6e15a9e2,1,1,1,1,1,1
case_e032c70f,0,0,1,0,1,1
case_bc9690d6,1,1,1,0,0,0
case_c4c0d195,1,1,1,0,0,0
case_0df422ed,0,0,1,1,0,1
case_73d482a4,0,0,0,0,0,1
case_1809d4f2,1,1,1,1,0,1
case_693bfbdc,1,1,1,0,0,1
case_431fbd59,1,1,1,0,1,1
case_0ffd186a,0,0,1,1,1,1
case_18df8a13,0,0,1,0,1,0
case_79f4080f,1,1,1,1,1,1
case_09b3d05a,0,0,0,1,0,1
case_5e4eb8cc,0,1,0,1,1,1
case_63bcbe88,1,1,1,1,1,1
case_c3774a3e,1,0,1,0,1,0
case_19ecf72d,0,0,0,1,1,0
case_60251c7c,1,1,1,1,1,1
case_28d03d91,1,1,0,1,1,1
case_da25b132,0,0,1,0,0,1
case_5de7fae7,1,1,1,1,1,1
case_45bea095,0,1,1,0,1,1
case_bfeabe14,1,1,1,1,1,1
case_86296e52,0,0,1,1,1,1
case_57e180ee,1,0,1,1,1,1
case_67fafd88,1,1,1,1,0,1
case_2b3e7222,0,0,1,1,0,1
case_20eb3600,1,1,1,1,1,1
case_7c6e6035,0,0,1,0,0,1
case_dad1befd,1,0,1,1,0,1
case_bc19efc8,0,0,1,1,0,1
case_f7f55b27,1,1,1,1,0,1
case_f2498955,1,1,1,1,1,1
case_712d587e,0,1,1,1,1,1
case_2d3a3129,0,0,1,1,0,1
case_3cbc41bb,1,1,1,1,1,1
case_51369496,0,1,1,0,0,1
case_8bf78aca,0,0,1,1,0,0
case_8eea14b7,1,1,1,1,1,1
case_a1f9cf28,1,1,1,1,1,1
case_9ce2deae,1,1,1,1,1,1
case_1b484e5b,1,1,1,1,1,1
case_1fc5e8e4,1,1,1,1,0,1
case_90897960,0,1,1,1,1,1
case_345dc994,1,0,1,0,0,1
case_fc890f19,1,1,1,1,1,1
case_f29fef5f,1,1,1,1,1,1
case_75dee427,1,1,0,1,1,1
case_43364bb1,0,1,0,1,0,1
case_a6c12dfb,1,0,1,1,0,0
case_88c3fb6f,0,0,1,1,1,0
case_0f631272,0,0,0,1,1,1
case_13b329a7,0,0,1,1,0,0
case_277084f8,1,1,1,1,1,1
case_ab3921ab,0,1,0,1,0,1
case_556e1f81,1,0,1,1,1,1
case_bfdd7671,0,1,1,1,1,0
case_b30f64df,1,1,1,0,1,1
case_d88dab21,1,1,1,1,1,1
case_4f6b3418,1,1,1,1,1,1
case_957ac72a,0,1,0,0,1,1
case_1916e639,1,0,0,0,0,0
case_0b284308,1,0,1,1,1,1
case_fae653c9,0,1,1,0,1,1
case_86271e6e,1,1,1,1,1,1
case_e565e700,0,1,1,1,1,1
case_425b5250,1,1,0,1,1,1
case_1ce36619,1,1,1,0,1,1
case_e703a48a,1,1,1,1,1,1
case_59e8507a,1,1,0,1,0,1
case_bc2dd06e,0,1,1,1,0,1
case_c20426ef,0,1,1,1,1,0
case_24005422,1,1,1,0,1,1
case_80321a30,1,1,1,0,1,1
case_50a1ba70,1,0,1,0,1,1
case_3c8bef37,1,1,1,1,1,1
case_3e689608,0,0,1,1,1,0
case_571e1513,1,1,1,1,0,0
case_cf1262ad,0,1,1,0,0,0
case_55a6e95c,1,1,1,1,1,1
case_4db83863,0,0,1,0,0,1
case_da9a45d2,0,1,1,1,1,1
case_dc4668aa,0,0,1,0,1,1
case_992003e2,0,0,1,0,1,0
case_7831b5f8,1,1,1,1,1,1
case_4ba47d19,0,1,1,1,1,1
case_9390e4ef,0,0,1,0,1,0
case_193f8c16,1,1,1,1,1,0
case_45d7b085,0,0,1,0,1,1
case_289de101,0,0,1,1,0,1
case_47b60708,0,1,1,1,0,1
case_aa336530,1,0,1,0,1,0
case_1450fcff,1,1,1,1,0,1
case_0743409b,1,0,1,1,0,1
case_ea17ed6f,1,1,1,1,1,1
case_85c112d2,0,0,1,1,1,0
case_7f00c09e,0,1,1,1,1,1
case_b6f61013,1,1,1,1,1,1
case_18c3d374,1,0,1,0,0,1
case_12a4d1ab,1,0,1,0,1,1
case_176d9d55,1,1,1,1,1,1
case_1953f905,1,0,1,1,0,1
case_829c75c1,1,1,0,1,0,1
case_f8ee1b05,0,1,1,1,1,0
case_c29462d3,1,0,0,0,0,1
case_cc53ca7a,1,1,1,1,1,1
case_8d69f55c,0,0,1,1,0,0
case_178e768c,1,1,0,0,0,1
case_db17f141,1,0,1,1,1,0
case_0fc51ce7,1,1,1,0,1,1
case_6c307338,1,1,1,1,1,1
case_af40efb3,0,0,1,1,1,1
case_212cfa8b,1,0,1,1,0,0
case_82bbda8e,1,1,1,1,1,1
case_57e0fd8a,0,1,1,1,1,1
case_f0cff96d,0,1,1,0,1,1
case_f1c1e2dd,0,1,1,0,1,1
case_03f08952,1,1,1,0,1,1
case_f9849e55,0,1,1,1,0,0
case_5b059d40,0,0,0,0,1,1
case_9fdc3ec8,0,0,1,0,1,1
case_273c3672,0,1,1,1,1,1
case_d08255f9,1,1,0,0,0,1
case_138d8ce7,1,1,1,1,1,1
case_898d5ea1,0,0,1,0,0,1
case_e717fcc8,0,0,1,1,0,1
case_f1692552,1,1,1,1,1,1
case_d38bc15b,1,1,1,1,1,1
case_135f3398,0,1,1,0,1,0
case_dc0cbe21,1,1,1,1,1,1
case_0b984f36,0,1,1,1,0,1
case_83ecb5af,0,0,1,1,1,1
case_a46ed19e,1,0,0,0,0,1
case_119f2e96,0,0,0,1,0,1
case_2cd4ce21,1,1,1,1,1,1
case_d7b9abcb,1,1,0,0,0,1
case_dcc30ddc,0,1,1,1,1,1
case_d58fc3f9,1,1,1,1,1,1
case_3bb7dafa,1,1,1,1,1,1
case_f4009fd4,1,1,1,0,0,1
case_8961f701,0,1,0,0,0,1
case_8c15a7cf,0,1,1,1,1,1
case_72e64fd2,0,1,1,1,0,1
case_8f256221,1,0,1,1,1,1
case_ee5a60b5,0,0,1,0,1,0
case_aef6c4b8,0,0,1,1,0,0
case_7f05de9c,0,0,1,0,1,1
case_44f19dbf,0,1,1,1,1,1
case_a7de4264,0,1,1,1,1,1
case_ab49d430,1,1,1,0,0,0
case_300c48f3,0,0,0,0,1,0
case_8fe9e13a,1,1,1,0,1,1
case_6145c03c,1,1,1,1,1,1
case_9e814200,1,1,1,1,1,1
case_0b7f7e3a,1,1,1,1,0,1
case_61d436f3,0,0,1,0,1,0
case_533530a7,1,1,1,1,1,1
case_f30ddca7,0,0,1,0,0,1
case_d5a35187,1,0,1,1,1,0
case_59b94ab2,1,0,0,0,1,0
case_a0605b9c,1,0,1,0,0,1
case_4e9c9712,1,1,1,1,1,1
case_029033e8,1,1,1,1,1,1
case_67863485,1,1,1,1,0,1
case_44c38a98,1,0,1,1,1,1
case_204b801d,0,0,1,1,0,1
case_d0bc7969,1,1,0,0,1,1
case_c0932645,0,0,0,1,1,1
case_f783e3ce,1,1,1,1,1,1
case_814dd0be,0,0,1,0,1,0
case_72977b78,1,0,1,1,1,1
case_c676924f,0,0,1,0,0,1
case_611b95ec,1,1,1,1,0,1
case_e4c7cf31,0,0,1,0,0,1
case_f74fd246,0,1,1,0,1,1
case_4ce7e7c8,1,0,1,1,0,1
case_ff196787,1,0,1,1,1,1
case_166bdefd,1,1,1,1,1,1
case_51b8ac34,1,0,1,1,0,1
case_ef09ce58,0,0,1,1,1,1
case_d609d76e,0,1,1,0,1,1
case_5b92cd2a,0,0,1,0,0,0
case_a6ff1ac6,1,0,1,1,1,1
case_0837cf0b,0,1,0,0,0,1
case_aa8d3e3e,1,0,1,1,1,1
case_ec7a6f65,0,0,1,0,1,1
case_b66e8c0a,0,0,0,0,1,1
case_da3d0c72,0,0,1,1,0,1
case_e4d031e2,1,1,1,1,1,1
case_13584619,1,1,1,1,1,1
case_1dc39d48,0,1,1,1,1,1
case_1b9deeb0,1,0,1,0,1,1
case_054f0656,0,0,1,1,1,1
case_209ee833,1,1,1,1,1,1
case_0c7411b7,0,0,1,0,0,0
case_60c3a9e0,1,0,1,0,0,1
case_57fc01a2,0,0,1,0,0,1
case_092047d6,1,0,0,0,1,0
case_2300f03e,0,1,1,1,0,1
case_72d3241f,1,1,1,1,1,1
case_06fc1298,0,1,0,1,1,1
case_5062df08,1,0,1,1,0,1
case_89cff9bd,0,0,1,0,0,0
case_ee61802c,1,1,1,0,0,0
case_49afdbd3,1,1,1,1,1,1
case_89238ba1,1,1,0,0,0,0
case_3c7388d4,0,0,1,1,1,1
case_5ba8741b,0,1,1,1,0,1
case_dbb17410,1,0,1,0,0,0
case_debe9f46,0,1,1,1,1,1
case_93ea68aa,1,1,1,0,0,1
case_8120c5ce,0,1,1,1,1,0
case_0b611f79,1,1,1,0,0,1
case_918b8432,1,1,1,1,0,0
case_8b8fe430,1,0,1,1,1,1
case_05609001,0,0,1,0,1,1
case_dc3bc3e5,0,1,1,1,1,1
case_ca60bf80,1,1,1,1,1,0
case_cfcf762c,1,0,1,0,1,1
case_521bab7b,1,1,1,1,1,1
case_0d11acfa,1,1,1,1,1,0
case_dd3a04d6,1,0,1,1,1,0
case_d18ea281,1,1,1,1,0,1
case_461d9b6c,1,1,1,1,1,1
case_0524c861,1,1,1,0,1,1
case_17f1b88c,1,0,1,1,1,0
case_34fffefa,0,0,1,1,1,1
case_56e38c71,0,0,1,1,1,1
case_29c96d9d,1,1,1,1,1,0
case_5b92aa23,1,1,1,1,1,1
case_e4662713,0,0,1,1,0,0
case_58eabc9e,0,1,1,1,1,1
case_da16e696,0,0,1,1,1,1
case_810e3fe1,1,1,1,1,1,1
case_806f4c7c,1,0,0,1,1,0
case_cb71248c,0,1,1,1,1,0
case_5e672c55,1,0,1,1,1,0
case_94353859,1,1,1,1,1,1
case_aa5d87e2,0,0,0,0,0,1
case_facad0b6,1,0,1,1,1,0
case_5049953b,1,0,1,0,0,0
case_f0aba4f7,1,0,0,1,1,1
case_b5d047f8,1,1,1,1,0,0
case_f1f6b7cd,1,1,1,1,1,1
case_1be2426e,1,1,1,1,1,1
case_aa17481e,1,1,1,1,0,0
case_4ae31f8e,1,0,1,0,1,1
case_a416cb33,0,0,1,1,0,1
case_17959eee,1,1,1,1,1,1
case_157bdfec,0,1,1,1,1,1
case_80bdec62,1,1,1,1,1,1
case_6dd59f97,1,1,1,1,1,1
case_2b26caec,0,1,1,1,1,0
case_11462f57,1,1,1,1,1,1
case_32128ca0,1,1,0,1,0,0
case_0dbe2070,1,0,1,0,0,1
case_01dfce4e,0,1,0,0,1,0
case_f2773e4d,1,1,1,0,1,0
case_b10664cb,1,1,1,1,1,1
case_0630bf9d,1,1,1,1,1,0
case_574e6de1,0,1,0,0,0,0
case_56416245,1,0,1,1,0,0
case_e4418596,1,1,1,1,1,1
case_9dead820,1,0,0,1,1,1
case_d356c780,0,0,1,0,0,1
case_164eb352,0,0,1,0,0,1
case_97ef0a4c,0,1,1,1,0,0
case_aed13509,1,0,1,1,1,1
case_f609e5ec,1,0,1,0,1,0
case_3036b39e,0,0,1,1,0,1
case_03296b63,1,1,1,1,1,1
case_61d2e9a5,0,0,1,0,1,1
case_15a2772b,1,1,1,1,1,1
case_cd44fdd3,0,1,1,0,1,1
case_bcf3a069,1,1,1,1,1,1
case_88fda0f2,0,1,1,1,1,1
case_eddd1a4d,1,1,1,1,1,1
case_2888552a,0,1,1,1,1,1
case_dfd18196,1,1,1,1,1,1
case_a93f259b,1,1,1,1,0,1
case_7ba05d76,1,1,1,1,1,1
case_94176751,0,1,1,0,0,1
case_6972bfc9,1,0,1,0,1,1
case_74cd9f88,1,1,1,1,1,1
case_cbecb583,1,1,1,1,1,1
case_4859d217,0,1,1,1,0,1
case_ca557125,1,1,0,1,0,0
case_d8953dca,0,0,1,1,0,1
case_e8162e8a,0,1,1,1,1,1
case_78097c58,0,0,1,1,0,0
case_23072217,1,1,1,1,0,0
case_72916dc8,1,1,0,0,0,1
case_e61649d6,0,0,1,1,0,1
case_27cde8c3,1,1,1,1,1,1
case_c2d366af,1,1,1,1,1,1
case_fae78a07,1,1,1,1,1,0
case_c5a0dba6,1,1,0,1,1,1
case_63657051,0,0,1,1,1,0
case_b4fa68ec,1,1,1,0,0,1
case_5da8c6d7,1,1,0,1,1,1
case_c07503ff,1,1,1,1,0,1
case_63e8983d,1,1,1,1,0,1
case_01e33e1a,0,1,1,0,0,1
case_69ebe825,1,1,1,1,1,1
case_a755661e,1,1,1,1,1,1
case_ae63f0c8,0,0,0,0,1,1
case_28863402,0,1,0,1,1,0
case_6b037d3d,1,1,1,1,1,1
case_bad4e6ee,0,0,1,1,1,0
case_e1a7bed9,0,0,0,1,1,1
case_5d954afa,1,0,1,1,0,1
case_1cf12d39,1,1,1,1,1,1
case_d4ed5a8e,1,0,1,1,1,0
case_edc95b80,0,0,0,1,1,0
case_9ec74038,0,0,1,1,0,1
case_4b40c48f,1,1,1,0,0,0
case_4e41f9d2,1,1,1,1,1,1
case_d1cca0fc,1,0,1,1,0,1
case_3e801318,0,1,1,1,1,0
case_cfdb6962,0,1,1,0,1,1
case_306f4448,0,1,0,1,1,1
case_ffde651f,1,1,1,1,1,1
case_06c3c2ad,1,1,1,1,1,1
case_63da47e3,1,1,1,1,1,1
case_452ef808,0,0,1,0,1,0
case_63efca1a,1,1,1,0,1,0
case_afb7d205,1,1,1,1,1,1
case_5f44853a,0,0,1,0,0,1
case_b83e4c86,1,0,1,1,0,1
case_7848646d,0,1,1,0,0,1
case_077fa684,1,1,0,1,1,1
case_865c7706,0,1,1,1,1,1
case_204a9042,1,1,1,1,1,1
case_36be9dcf,0,0,1,0,1,1
case_f26e392f,0,1,0,1,0,1
case_eb7db608,1,1,1,1,0,0
case_e914b528,0,1,0,1,1,1
case_b4415474,1,1,1,1,1,1
case_a21c9379,0,1,0,1,1,1
case_5c78ae7e,1,1,1,1,0,1
case_a9b7598d,1,1,1,0,0,1
case_dce68968,0,0,1,0,1,1
case_01c39ab8,0,0,1,0,1,1
case_f168b9b1,1,1,1,1,1,1
case_0d089d35,1,1,1,1,1,1
case_6ce03d01,0,1,1,1,1,1
case_fc53272f,1,1,0,1,1,1
case_7347f6fe,0,1,1,1,0,1
case_9548b09b,0,1,1,1,0,1
case_fa3a50cf,1,1,1,1,1,1
case_5ebf5cd0,1,0,1,1,1,1
case_2235b361,1,1,1,1,0,1
case_5da86ca6,0,1,0,1,1,1
case_835af8dc,1,1,1,1,1,1
case_d497826e,1,1,1,0,1,1
case_57682805,0,0,1,0,1,1
case_e657a9cf,0,0,1,1,1,1
case_136889d0,1,1,1,1,1,1
case_e905853f,1,1,1,1,1,1
case_4c4dafb3,1,1,1,0,1,1
case_3198a5e9,0,1,1,1,0,1
case_aaf9eb5d,1,0,1,0,1,1
case_a005f741,0,0,1,1,1,1
case_3f0b712b,1,1,1,1,1,1
case_f7a9a6bf,0,1,1,1,1,1
case_ea7b5a7f,0,0,1,1,1,1
case_318c8807,0,0,1,1,1,1
case_d3b20a7f,1,1,1,1,1,1
case_1f03dc44,1,1,1,1,1,1
case_7b01e6d2,0,1,1,0,1,1
case_d2a67a6f,1,0,1,1,1,1
case_76701d6c,1,1,0,0,1,1
case_f36948a5,1,1,1,1,1,1
case_adade284,0,0,1,0,1,1
case_98b97094,1,1,1,1,1,1
case_cd8b45b2,1,0,1,1,1,1
case_800829ea,1,1,1,1,1,1
case_a38cc714,1,0,1,1,1,1
case_9e6b37db,1,1,1,1,1,1
case_b65864b2,0,1,1,0,0,0
case_a5d63612,1,1,1,1,1,1
case_cee04d4f,1,1,1,0,1,1
case_20e43601,1,0,0,1,1,1
case_fbdce0d3,0,1,1,1,1,1
case_052e0958,0,1,1,1,1,1
case_1ec0b32a,0,0,0,1,1,1
case_0619d003,0,0,1,0,1,1
case_4d27015f,0,1,1,0,1,0
case_db69b27b,1,0,1,1,0,1
case_b17ece03,0,1,1,0,0,1
case_8fcdf912,0,1,1,1,0,0
case_4043afd8,1,0,1,0,0,1
case_7d126315,1,1,1,1,0,1
case_42774043,1,1,1,1,0,1
case_ce24f261,1,1,0,1,1,1
case_1e956e7a,0,1,1,1,1,1
case_c88c5202,1,1,1,0,0,1
case_130ce3d0,0,0,1,0,1,0
case_94d6b4d6,0,0,1,0,0,1
case_3072e959,0,1,1,1,0,1
case_bede25e1,1,0,1,0,1,1
case_ecee3d6d,1,1,0,1,0,1
case_9f59a046,0,1,1,1,1,1
case_6b087991,1,1,1,0,0,1
case_e51ccb81,1,0,1,1,1,1
case_e15f54c8,0,0,1,0,1,1
case_615fa694,1,1,1,1,1,1
case_41c783cf,0,1,0,1,1,1
case_f23cc4ef,0,1,0,0,1,0
case_7cdd75f3,1,1,1,1,0,1
case_94a4c052,0,0,1,1,1,0
case_24adc38f,1,1,1,1,1,1
case_a7d01122,1,0,1,1,1,1
case_f2f32ea2,1,0,1,1,1,0
case_5968c04b,0,0,0,1,0,1
case_94a2b3d3,1,0,1,1,0,1
case_ce88b010,1,0,1,0,1,1
case_43651e67,0,1,1,1,1,1
case_d1b8f5ef,1,0,0,0,1,0
case_fd85dcbd,1,1,1,1,1,1
case_658250e4,0,1,1,1,1,0
case_2e52ad48,1,1,1,1,1,1
case_209ab7cb,1,1,1,1,1,1
case_2cfba69b,0,1,1,1,1,1
case_1cca2cf6,1,1,1,0,1,0
case_7b1bcc9c,0,0,1,1,1,0
case_de51f3cf,1,1,1,1,1,0
case_4ecab5fd,1,1,1,1,1,1
case_aec307e9,1,1,0,1,1,1
case_a656c5a6,1,1,0,1,1,0
case_336a7a90,0,0,0,0,1,1
case_78600742,1,0,1,1,1,1
case_1061c92c,1,1,1,1,0,1
case_9253482c,1,0,1,0,0,1
case_bd6c1b97,1,1,1,1,1,1
case_3e34cee7,1,0,1,1,1,0
case_cd772d6b,1,1,1,0,1,0
case_55efd1a4,1,1,0,1,1,0
case_99ba2a6b,0,0,0,1,0,0
case_ac8bc46e,1,1,1,0,1,1
case_e690f659,1,0,1,1,1,1
case_421a3daf,0,0,0,1,0,0
case_80c7d33c,0,0,1,1,1,1
case_f3d4a956,0,0,1,0,1,0
case_a4854ca5,1,1,1,1,1,1
case_bc756aed,0,1,0,1,0,1
case_f0c527f6,0,0,1,0,0,1
case_3fdb709b,1,0,1,0,0,1
case_4ef009e1,1,1,1,0,1,1
case_d570c685,0,0,1,0,1,1
case_5ee1edf5,1,0,1,1,1,1
case_1512f067,1,1,1,1,1,1
case_c9f9d613,1,1,1,1,1,1
case_89f5aeee,1,1,1,1,0,1
case_e3c0b982,0,1,1,1,1,0
case_64b1b7d2,1,0,1,0,0,1
case_463dbf05,0,0,1,0,1,1
case_199e99c3,1,1,1,1,1,1
case_dd989bd7,1,0,1,1,0,0
case_2048937a,1,0,1,1,1,1
case_85126c38,0,1,0,0,1,1
case_645029b4,1,1,1,1,1,0
case_8230ad4f,0,1,1,1,1,1
case_43d316c6,1,0,1,1,1,1
case_bd3cb870,1,1,1,1,1,1
case_a4ff498b,0,0,1,0,1,1
case_cb7d364e,0,1,0,1,0,1
case_c6d75cc0,0,1,1,1,1,1
case_001ee240,1,1,1,1,0,1
case_c8bb6582,1,1,1,1,1,1
case_d68ddf09,1,1,1,1,1,1
case_089dd7a0,0,0,1,0,0,0
case_3b2e533a,0,1,1,0,0,1
case_f979a9ab,1,1,0,0,1,1
case_bfe4053f,1,1,1,1,1,1
case_a592f8dd,1,1,1,1,0,0
case_2fd79c75,0,0,1,1,0,1
case_dd3cf15f,1,0,1,1,0,1
case_48f877bd,1,1,1,1,1,0
case_72570441,0,1,1,1,1,1
case_4c9d4fcc,1,0,1,1,1,0
case_3a85a042,0,0,1,1,1,1
case_087ecd39,1,1,1,1,0,1
case_893fc409,1,0,1,1,1,1
case_fcbcd134,1,1,1,1,0,1
case_a6818072,1,0,1,1,0,1
case_de83e75e,0,1,1,1,1,1
case_876c03e3,1,1,1,1,1,1
case_51d1f75c,0,1,1,1,1,1
case_a0768dee,0,1,1,0,1,1
case_c7566cf8,1,1,1,0,0,1
case_502a5d44,0,0,1,0,1,1
case_56346d9b,0,0,1,1,1,1
case_21e202f7,1,1,1,1,1,1
case_cb5d2293,1,0,1,0,1,1
case_90030f40,1,1,1,1,1,1
case_1640e38f,0,1,1,1,1,1
case_7f3174f3,1,0,1,1,1,0
case_3c2284bd,1,0,1,1,1,1
case_36465557,0,0,1,1,1,0
case_97c7ad35,0,0,1,1,1,1
case_727b80b1,1,1,1,1,1,1
case_003fe7d2,0,0,0,1,0,1
case_6c242acd,0,1,1,1,0,1
case_5c2133d5,1,1,1,1,1,0
case_208d591b,1,1,1,1,1,1
case_4cd7c083,1,0,1,0,1,1
case_c817002c,0,1,1,1,1,1
case_3e8e5997,0,1,0,1,1,1
case_70550578,1,0,1,1,1,0
case_64fbd47d,1,1,1,0,1,1
case_8b474e3c,1,1,1,1,1,1
case_41665ace,1,1,1,1,1,1
case_82edd6f1,1,1,0,1,0,1
case_6caeb23e,1,1,1,1,1,0
case_51ebf8d5,1,1,1,0,1,1
case_54258a39,1,1,1,0,1,1
case_997da40a,1,1,1,1,1,1
case_0091d17e,1,1,1,1,1,1
case_f4d9ab0a,1,1,1,1,0,1
case_6555e1df,1,0,1,1,1,0
case_73a7615e,1,1,1,1,1,1
case_ee71cf66,0,0,1,1,1,1
case_1f1172fa,1,0,1,1,0,1
case_9bd07c2e,0,1,1,1,1,1
case_66e30924,1,1,0,1,0,1
case_b0b770d7,1,0,1,1,1,1
case_376127bc,1,0,1,1,0,1
case_4d9e3c5d,0,1,1,1,1,0
case_2233a0b4,0,0,1,1,0,1
case_b107190d,1,1,1,0,1,1
case_84df0014,1,0,1,1,0,1
case_a8fad9be,0,0,1,1,1,1
case_e893ece0,1,1,1,0,1,1
case_fce49334,0,0,1,1,1,1
case_3618156d,0,0,1,1,0,1
case_d4657cf4,0,1,0,0,1,1
case_7831c67e,1,0,1,1,1,1
case_e75f0e55,0,1,1,0,0,1
case_0071a860,1,0,1,1,1,1
case_943c92ab,1,1,1,0,1,1
case_28ec7aa9,1,1,1,0,0,1
case_14eece81,0,1,1,1,1,1
case_535f98f3,1,1,1,1,1,1
case_d234766c,1,1,1,1,1,1
case_82a36a9a,0,1,1,0,1,1
case_ad6166d6,1,0,0,0,0,1
case_c7ee6956,1,1,1,1,1,1
case_8d11a2a8,1,0,1,1,1,1
case_9bb0d151,1,0,1,1,1,1
case_2af20693,1,1,1,1,1,1
case_c2324a21,0,0,1,0,0,1
case_75f6d680,1,0,0,1,0,0
case_9b661dcb,0,1,1,0,1,1
case_b94f7d83,0,0,1,1,1,1
case_56abf6c5,1,1,1,1,1,1
case_b40491db,1,0,1,1,0,1
case_6bb720a7,1,0,1,1,0,1
case_19aa378e,0,1,1,1,1,1
case_5af8b3b3,1,1,1,1,1,1
case_a58bab61,0,0,0,0,0,0
case_88b239e8,1,1,1,0,1,1
case_16cffc08,1,1,1,0,1,1
case_b0df6e9a,1,1,1,1,1,1
case_d0a0d996,0,1,1,0,1,1
case_46eb5649,1,1,1,1,1,1
case_e590d868,1,1,1,1,1,0
case_65e954ab,0,0,1,0,1,1
case_0af31f75,1,0,1,1,1,1
case_fa16af45,1,1,1,0,1,1
case_9baa9446,1,0,1,1,0,1
case_03edc883,1,0,1,1,1,0
case_6da2b007,0,1,1,0,1,0
case_1f87b7b2,1,1,1,0,1,1
case_558c4cc9,1,1,1,1,0,1
case_7c1a958e,0,0,1,1,1,0
case_225f4e59,1,1,1,1,0,1
case_9e8a5251,0,0,0,1,0,1
case_4b2fef6a,1,0,1,1,1,0
case_62d19f57,0,0,1,1,0,1
case_5b938015,1,0,1,0,1,1
case_5fa4bd1c,1,1,1,1,1,1
case_a8228959,1,1,0,1,1,1
case_da83eb64,1,1,1,1,1,1
case_da057e91,0,1,1,0,1,1
case_169b9bee,0,1,1,1,1,1
case_7edf54c9,1,0,1,0,1,0
case_c9cd9540,1,1,1,1,1,1
case_5cb01542,0,1,1,0,1,0
case_205ac5f2,1,1,1,1,1,1
case_35a568c7,1,0,1,1,1,1
case_3acd74a8,0,0,1,0,1,1
case_e74d2d3b,1,1,1,1,1,1
case_831a4c7e,0,1,1,1,0,1
case_24bbf35c,1,1,0,1,1,1
case_0ab7bf20,1,1,1,0,1,0
case_564920e3,1,1,1,1,1,1
case_c1be188e,0,1,1,1,1,1
case_521ea1b1,0,1,0,1,1,1
case_4bd91346,1,1,0,1,1,1
case_52db5e9c,1,1,1,1,1,1
case_65650ff2,0,1,1,1,1,1
case_5674d345,0,0,1,0,1,1
case_45195b01,1,1,1,1,1,1
case_d8b81841,0,1,1,0,1,1
case_64822537,1,1,1,1,1,1
case_21185b2e,1,0,1,0,1,1
case_7caad146,1,1,1,1,1,1
case_708000bf,1,0,1,1,0,0
case_724f4c12,0,0,1,0,1,1
case_9a769db9,1,1,1,1,1,1
case_e46eed51,1,1,1,1,1,1
case_0fae4149,1,1,1,0,1,1
case_96746657,0,1,1,1,1,1
case_0941b51b,1,1,1,1,1,1
case_adf3cd09,1,1,1,1,0,1
case_d86c1e43,1,1,1,1,1,1
case_43b8b642,1,1,1,1,1,0
case_c3fb21e8,1,1,1,1,1,1
case_90025877,0,1,1,1,1,1
case_05e159dc,1,0,1,1,1,1
case_f88981d4,1,1,1,1,0,1
case_9d1fa0c3,1,1,1,1,1,1
case_c591fd0f,0,0,1,0,1,0
case_f6d5b8a7,1,1,1,1,1,1
case_a50d6c45,1,0,1,1,0,1
case_49c99da0,0,0,1,0,0,1
case_34da0487,1,1,1,1,0,1
case_b4285408,0,0,1,0,1,1
case_4dcf5d2f,1,0,1,1,1,1
case_0b47f11a,1,0,1,1,1,1
case_1308cfa7,1,1,1,0,0,1
case_9efbbc89,0,1,1,1,1,1
case_f18f5a8b,1,1,1,1,1,1
case_aad68218,1,1,1,0,1,1
case_58fb1ebe,0,0,0,0,0,0
case_705c52b9,1,1,1,1,1,0
case_08306e8c,1,1,1,1,1,1
case_f11b0479,0,0,1,1,1,0
case_7b80f7cb,1,1,1,1,1,1
case_661a6e83,1,0,1,1,0,1
case_03e14c99,0,0,1,0,1,1
case_a141ca1f,1,1,1,1,1,1
case_d4ff0f6c,1,1,1,1,1,0
case_b491867e,1,1,1,1,1,1
case_ae2be5dc,0,1,0,1,1,0
case_ee721572,0,0,0,0,0,0
case_b44f0686,1,1,1,1,1,1
case_3dcd2e0b,1,0,1,0,1,0
case_cd128bda,1,1,0,1,1,1
case_71501149,1,1,1,0,0,1
case_dc70dd01,0,1,1,1,1,0
case_178ac843,0,1,1,1,1,1
case_21c6fbbd,1,1,1,1,0,1
case_f41716e7,1,1,1,1,1,1
case_9c3b4ec0,0,0,1,1,1,1
case_bfa61489,1,1,1,1,1,1
case_0faa5804,1,1,1,1,0,0
case_5c33ea26,1,1,1,1,1,1
case_4e138e7e,1,1,1,1,1,0
case_4f30b2b3,1,1,1,1,1,1
case_913900df,1,1,1,1,0,1
case_683eb993,1,1,1,1,1,1
case_ae2f0143,1,0,0,0,0,0
case_b6882ecb,1,1,1,1,1,1
case_60d303ca,1,0,1,1,1,1
case_ce846389,1,1,1,1,1,1
case_65637b52,0,1,1,1,0,0
case_36623a3f,0,0,1,1,1,1
case_9f864a61,1,0,1,0,0,0
case_57bee628,1,0,1,1,0,1
case_bb1d631b,0,1,1,1,1,1
case_3ae655a6,0,0,1,0,0,1
case_a0f044ae,0,1,1,1,0,1
case_b9feaf1d,0,0,1,1,0,0
case_87d02aac,0,1,1,1,0,0
case_5e70a252,1,1,1,1,1,1
case_e8bf1b4d,1,0,1,0,1,1
case_63dcd9a8,1,0,1,1,1,0
case_8619dfeb,1,1,0,1,1,1
case_1aa1ffc3,1,1,1,1,0,1
case_e3468b15,0,0,0,0,0,0
case_a50498ed,0,0,1,1,1,1
case_be69e886,1,1,1,0,1,1
case_3523d1d7,1,1,1,1,0,1
case_5b856b45,1,1,1,1,1,1
case_386918a3,0,0,1,1,1,1
case_27f8b74d,1,0,1,1,1,1
case_eaa468f2,0,1,1,1,0,1
case_14a84b2f,0,1,1,1,1,1
case_bd276a52,0,0,0,1,1,0
case_09b5b668,1,0,1,0,1,1
case_144f5ac3,0,0,0,1,1,1
case_d39ee49d,1,1,0,1,1,0
case_bb08ddd8,1,1,1,0,1,0
case_7019b265,1,1,1,1,1,1
case_7d4b1bdd,1,0,1,1,1,1
case_b84fea7a,1,0,1,1,0,0
case_e1d20be5,0,1,1,0,0,1
case_d19a7187,1,1,1,0,0,1
case_95f979fa,0,1,1,0,1,0
case_9459dea4,1,1,1,0,1,1
case_20c70eb8,1,0,1,1,1,1
case_ccdcb708,0,0,0,0,0,0
case_b1b24c49,0,0,1,1,1,0
case_7328fc5d,1,1,0,1,1,1
case_ace17590,1,0,1,1,1,1
case_8182eb8a,0,0,1,1,0,1
case_b5f72355,0,0,0,0,0,0
case_3da24ff8,1,1,1,1,1,1
case_f69c016c,1,1,1,0,0,1
case_136a6f0e,1,0,1,1,1,1
case_c6f485b9,1,1,1,1,1,0
case_8373ee75,1,1,1,1,1,0
case_f03bc066,0,1,0,1,1,1
case_44a3ab59,0,0,1,1,1,1
case_c0ed7bf3,1,0,1,1,1,1
case_9c5ce7a1,0,0,1,0,0,1
case_75bbb9e3,1,1,1,1,0,1
case_24c3c4e9,0,0,1,0,0,1
case_0cb2de4e,1,0,1,1,0,1
case_cd5d18b8,1,1,1,1,1,1
case_8cf27e11,1,1,1,0,1,1
case_a27e8366,1,1,1,1,1,1
case_808d1287,1,1,1,0,1,1
case_feb82c81,1,0,1,0,0,1
case_9ff648d5,1,0,1,0,1,1
case_d372ad76,1,0,1,1,0,1
case_44d99c25,1,1,1,0,1,1
case_97ab15c9,1,0,1,1,1,1
case_cde4a258,0,0,1,0,0,0
case_ab179908,1,1,1,0,1,1
case_f023c4db,1,1,1,1,0,1
case_55a1810c,1,0,1,0,0,0
case_1b4d103e,1,1,1,1,1,1
case_5e20c8ae,0,1,0,1,0,1
case_fa61ecb4,1,1,1,1,1,1
case_8912ee3a,1,1,1,1,1,1
case_175ae4f8,1,1,1,1,1,1
case_576a987a,1,1,1,0,1,1
case_930798d6,0,0,1,0,1,0
case_004d10f4,1,1,1,0,1,1
case_aeda19e5,1,1,1,1,0,1
case_86d37fb5,0,1,1,0,1,0
case_53bfce8d,1,1,1,1,1,1
case_f1ba71a8,0,1,0,1,1,1
case_543108bc,1,1,1,1,1,1
case_c0f67639,1,1,1,1,0,1
case_40f5b41d,1,1,1,1,1,1
case_062ea941,0,1,1,0,1,1
case_e93c84c1,1,0,1,1,1,0
case_01e61cb4,1,1,1,0,1,1
case_b9b10df2,1,0,1,0,1,1
case_545eaf84,1,1,1,1,1,1
case_609d39c3,0,1,1,1,0,1
case_5096ce4a,0,0,1,1,1,1
case_322d3a71,1,1,1,1,1,1
case_499712ce,1,1,1,1,0,1
case_717e6b20,1,1,1,1,1,1
case_759cecc2,0,0,1,0,0,1
case_80954869,0,0,0,0,1,0
case_b548b67f,0,0,1,1,0,1
case_50b0c25b,1,1,1,1,1,1
case_8ca4dbbc,1,1,1,0,1,1
case_f9d4958e,1,1,1,0,1,1
case_98cce92d,1,0,0,0,0,1
case_b16a4478,0,1,1,1,1,1
case_66920753,0,0,0,0,1,0
case_87f8a935,1,0,1,1,1,1
case_6d95273f,1,1,1,1,1,1
case_a60542fd,1,1,1,1,1,1
case_b4369d56,1,1,1,1,1,1
case_f38fb72f,1,1,0,1,1,0
case_69792f9f,1,1,1,1,1,1
case_0687dbeb,1,1,1,1,1,1
case_761deda7,1,1,1,1,1,1
case_1b836fea,1,0,1,1,0,0
case_dd53c6e0,1,0,1,1,0,1
case_1367c9b7,0,1,1,0,1,1
case_27443331,0,0,1,1,1,1
case_ab1ddc19,1,1,1,1,1,1
case_81bf845e,1,1,1,1,1,1
case_20fb7980,0,1,1,1,0,1
case_aa47977c,0,1,1,1,1,1
case_af55ca96,0,0,1,0,0,1
case_e462ccb7,0,1,1,0,0,0
case_7fb7b350,1,0,1,1,0,1
case_9df1aafd,1,1,0,1,1,1
case_e502bdb4,1,1,1,1,1,0
case_7ef03786,1,1,1,1,0,1
case_bf36e0e3,1,0,1,1,0,1
case_8bcd1af1,1,1,1,1,1,1
case_cc57826d,1,0,1,1,0,0
case_fd76bd54,1,0,1,1,1,1
case_0b0ab364,1,1,1,1,0,1
case_258053ce,1,0,0,0,1,0
case_3a3182a4,1,1,1,1,1,1
case_5cb67104,1,0,1,1,1,1
case_38ed8d51,0,1,1,0,0,1
case_0472349c,0,0,1,1,1,1
case_009bb17f,1,0,1,0,1,1
case_b4177cec,1,1,1,1,1,1
case_6cfe5945,1,0,1,1,1,0
case_d765766b,0,1,0,0,0,1
case_21ec3a61,0,1,1,1,0,0
case_eeeedcc8,1,1,0,1,0,1
case_b4bd46c6,1,1,1,1,1,1
case_f6971696,1,1,1,1,1,1
case_3a7e4f8e,1,1,1,1,1,1
case_05f72bc8,0,0,1,1,1,1
case_44b633c1,1,0,1,0,0,1
case_0b950e63,0,1,1,1,1,1
case_e0089344,1,1,1,1,1,1
case_a8e8d2cc,1,1,1,1,1,1
case_ea8ab093,1,0,1,1,1,1
case_0e154fb9,0,0,0,1,1,1
case_97439055,1,1,1,1,1,1
case_32c429a4,1,1,1,1,1,1
case_0faaf004,1,1,1,1,1,1
case_f69bda41,1,1,1,1,1,1
case_5320bede,1,1,1,1,1,1
case_2690bd1b,0,1,1,1,1,0
case_d1cc20b9,1,1,1,1,0,1
case_b698fb5f,1,1,1,0,1,1
case_3c116c86,1,1,0,1,1,1
case_2ab68dbd,1,0,1,1,1,1
case_3cd83d85,0,0,1,1,1,0
case_99743a29,0,0,1,0,0,1
case_8242f89c,1,1,0,0,1,1
case_36559daf,1,1,1,1,1,1
case_c3e33cc7,0,1,1,0,0,0
case_edb29859,0,0,1,0,0,1
case_9724e247,1,1,1,1,0,1
case_dac29edd,0,0,0,0,0,0
case_47a13671,0,1,1,1,1,1
case_5f289366,0,1,1,0,1,1
case_b80beea4,0,0,1,1,1,1
case_258eecff,1,1,1,1,1,1
case_e87e6fd1,0,0,1,1,1,1
case_2d679a20,0,0,0,0,0,1
case_eed6bf0e,1,1,0,1,1,1
case_5ba0f1ba,1,1,1,1,0,0
case_b5e2b3f5,1,0,0,1,1,0
case_353bb654,0,0,1,0,0,1
case_8e373f11,0,0,1,1,1,1
case_e5f3b60d,1,0,1,1,1,1
case_a42d3ba7,1,1,1,1,1,1
case_ea602885,0,1,1,1,0,1
case_f811036b,1,1,0,1,1,1
case_2bc9023f,1,1,1,1,1,1
case_d82f5495,1,0,1,0,0,1
case_4962f77d,1,0,1,1,1,1
case_61d72191,1,1,1,1,1,1
case_4601d391,1,1,1,0,1,1
case_6f31e313,0,0,1,1,1,1
case_41f108c0,1,1,1,0,1,0
case_506e5572,0,1,1,0,0,1
case_cb1a7aa3,1,0,1,1,1,1
case_82439f9f,0,1,0,1,1,1
case_6177ab84,0,0,1,1,1,0
case_82110338,1,1,1,1,0,1
case_be84707b,1,1,1,1,0,1
case_aff78e8c,0,1,0,1,0,1
case_2fd3d609,0,1,1,1,0,1
case_20752bb2,1,1,1,1,1,1
case_a8aae6e0,0,1,1,1,1,1
case_12ace8e3,0,1,0,0,0,0
case_ccb702d2,1,0,1,0,0,0
case_5181dadc,1,1,1,1,1,1
case_6691cc33,1,1,1,0,1,1
case_bc82bed2,1,0,1,1,1,1
case_9873cd32,0,1,1,1,1,1
case_2119282d,0,0,1,1,1,0
case_4a4828ad,1,1,1,0,1,1
case_f6904f58,1,1,1,1,0,1
case_30aa1e7a,1,1,1,1,0,1
case_60691951,1,1,1,1,1,1
case_77f6674e,1,1,0,1,1,1
case_4ad52adf,1,1,1,1,1,0
case_42350bc1,0,1,1,1,1,1
case_30348a95,0,0,1,0,1,0
case_ebc54e56,1,1,0,0,0,0
case_56bedbb2,1,0,1,0,1,1
case_4eb2f6a7,0,0,1,0,0,1
case_60bca36a,1,0,1,0,1,0
case_dd20a5a3,0,0,1,0,1,1
case_d1904e54,1,0,1,0,0,1
case_beca0527,1,1,1,1,1,1
case_cd57d6d7,1,1,1,1,1,1
case_c25b52c0,1,1,0,1,1,1
case_1ac03301,1,1,1,1,1,1
case_d0263740,1,1,1,1,0,1
case_e707028c,1,1,1,1,1,1
case_17cf4384,1,1,1,0,1,1
case_0ac95064,1,1,1,1,1,1
case_1eddce3c,0,1,1,1,1,1
case_66949dda,1,1,1,1,1,1
case_8cab8f9e,1,0,1,1,1,1
case_b2674260,0,0,0,0,0,0
case_b88f6200,1,1,1,1,1,1
case_63203df5,1,1,1,0,1,1
case_5dbcdacb,0,0,1,0,1,1
case_d17f1774,1,0,1,1,0,0
case_5752b685,1,0,1,0,0,1
case_49528813,1,1,1,0,1,1
case_496925c8,0,1,1,0,1,1
case_e7a03719,0,1,0,0,0,1
case_d294d540,1,1,1,1,0,0
case_e918dd78,0,0,1,0,0,0
case_c7ddbc94,0,0,1,1,0,1
case_972e5167,1,0,1,1,1,1
case_469d8436,1,1,1,0,1,1
case_0faea6a2,1,1,1,1,1,1
case_5697ab42,1,1,1,1,1,1
case_88761bf0,1,0,1,1,1,1
case_beb6b503,1,1,1,1,1,0
case_aacab9b3,0,0,0,0,0,1
case_209951ff,1,1,1,1,1,1
case_d4b876ac,0,0,1,0,1,1
case_918531b5,0,1,1,1,1,0
case_2642b060,1,1,1,1,1,1
case_74979d77,0,0,1,1,1,0
case_2bb14af1,1,1,1,1,1,1
case_bd1c3e80,1,1,1,1,0,1
case_819ba734,1,1,1,1,1,0
case_5bbacd21,0,0,1,0,1,1
case_222f28f0,1,0,1,1,0,1
case_9b741959,1,1,0,1,1,1
case_ba620e29,1,1,1,1,1,1
case_aec267c7,1,0,1,1,1,1
case_709eaaa0,1,1,1,1,1,0
case_3bf4a815,1,1,1,1,1,1
case_e9312e1a,0,1,1,0,1,1
case_3dac656a,0,0,1,1,0,0
case_d29bd8a7,0,0,1,1,0,1
case_8e3a6fcd,0,1,1,1,0,1
case_02df2cf0,1,0,1,0,1,1
case_15f132a2,1,1,1,0,1,1
case_ee03b9af,1,0,1,1,0,1
case_f2d9e54e,1,1,1,1,1,1
case_11c6fb4d,1,0,1,1,1,1
case_eb66880a,1,1,1,1,1,0
case_817afd8c,1,0,1,1,0,1
case_da53c883,1,1,1,1,0,1
case_1c6ecc68,1,0,1,0,0,1
case_d31d5da0,1,1,1,1,0,1
case_b1400c04,1,0,1,0,0,0
case_fab8705f,1,1,1,0,1,1
case_b82908c7,0,0,0,1,1,0
case_99196455,1,1,1,0,1,1
case_14cb1dd9,0,1,1,0,0,0
case_898d7084,1,1,1,1,0,1
case_084775ac,1,0,0,0,1,1
case_756d7b57,0,1,1,0,1,0
case_7b2ef65c,0,0,1,1,0,1
case_691d9c5e,0,1,1,1,1,1
case_0b19eb61,0,0,1,1,1,1
case_145eae26,1,1,1,1,1,1
case_9dec93dc,1,1,1,1,1,1
case_c8fe0eb4,1,1,1,1,1,1
case_69215a37,0,1,1,0,1,1
case_52d6cc8c,0,1,1,0,0,1
case_bdcf17f9,0,1,1,1,1,1
case_34e81c7a,1,1,1,1,1,1
case_473f3b62,1,0,1,0,1,1
case_a6e77e98,1,1,1,1,1,1
case_8598f97a,1,0,1,1,0,1
case_82e91637,0,1,1,1,0,0
case_c9d4cdcf,0,1,1,1,0,0
case_08c80e4b,0,1,1,1,1,1
case_5e1d8bd4,1,1,1,1,1,0
case_5501b7d2,1,1,1,1,1,1
case_bb00f4d4,0,1,1,0,0,1
case_4c4c1422,0,1,1,1,1,1
case_327f5a33,1,0,1,1,1,1
case_c4b18f27,0,0,1,0,0,1
case_65f856f8,1,1,1,0,0,1
case_5340505e,1,0,1,1,0,1
case_098604e4,0,1,1,1,1,1
case_01fbe423,1,0,1,0,1,1
case_6d6f60af,1,1,1,1,1,1
case_7c9602cc,1,1,1,1,1,1
case_a9fb0c48,1,1,0,1,1,0
case_7fdd43eb,0,1,1,1,0,1
case_abce5787,1,1,1,1,1,1
case_a7498f4e,0,1,1,0,1,1
case_87a4d908,1,1,1,1,1,1
case_c9d5af0f,1,1,1,1,1,1
case_67171a1f,1,1,1,1,1,1
case_d6c3ba5e,1,1,1,1,1,1
case_0459f74b,1,1,1,0,1,1
case_f59444a2,0,0,0,0,1,1
case_3bf958f0,1,1,1,1,1,1
case_aee88ea7,1,1,1,1,1,1
case_52df641c,0,1,1,1,1,1
case_f759a3be,1,1,1,1,1,1
case_1f3b9131,1,0,1,0,1,1
case_25f04889,0,1,1,1,0,1
case_aa560863,0,0,1,0,1,1
case_704f58ed,0,0,1,1,1,1
case_1407c035,1,1,1,0,1,1
case_79cbf013,1,1,1,1,1,1
case_22c21998,1,1,1,0,1,1
case_b4bf40a1,1,0,1,1,1,0
case_36e0ff41,1,1,1,1,1,1
case_7ac97090,1,1,1,1,1,1
case_fb06fe4a,0,0,1,0,0,1
case_52c11d8d,1,1,1,1,0,1
case_011a8db7,0,1,1,1,1,1
case_7d07893b,1,0,1,1,1,1
case_f46ecee9,1,1,0,1,1,0
case_0f525d90,1,1,1,1,1,1
case_6d61be7f,0,0,1,0,0,1
case_21dc0be4,1,1,1,1,1,1
case_2ac811b4,1,1,0,0,1,1
case_71dfb0a9,1,1,1,1,0,1
case_344dcb44,0,1,1,1,0,1
case_db1badee,1,1,1,1,0,0
case_3b502f22,0,0,1,1,0,1
case_e5014051,1,1,1,1,1,1
case_dbf443a4,1,1,1,1,1,1
case_f6d3375f,1,1,1,1,1,1
case_251838df,1,0,1,0,0,0
case_6efab758,0,1,1,1,0,1
case_197eed59,0,0,1,1,1,1
case_c7200419,1,1,1,1,1,1
case_5adcdbd2,1,1,1,0,1,1
case_7506b7c7,1,1,1,1,0,0
case_0e36917d,1,1,1,1,1,1
case_1e2cc666,1,1,1,1,1,1
case_16013d91,1,1,1,1,1,1
case_8335e7ff,0,1,0,1,1,1
case_d098bd19,1,0,1,1,0,1
case_01745a00,1,0,1,1,0,0
case_c97948db,1,1,1,1,1,1
case_4af0fc1c,1,1,1,1,1,1
case_af8e25a8,1,1,1,1,1,1
case_8234807d,1,1,1,1,1,1
case_5ec62441,1,1,1,1,0,1
case_266ee078,1,1,0,1,1,1
case_c9b2000f,0,1,1,1,1,0
case_25285ad3,1,1,1,1,1,1
case_e89562ff,1,0,1,1,0,0
case_5d9134c4,0,1,1,0,1,0
case_0ef229a3,0,1,1,1,1,0
case_0fa9ba1a,0,1,1,1,0,1
case_d7cbe9ca,1,0,1,1,0,1
case_4c0bcda6,0,0,1,0,1,0
case_01a6b4ce,1,0,1,0,0,0
case_a18436ee,1,1,0,1,1,1
case_1c85ac64,1,1,1,1,1,1
case_c5977d39,0,0,1,1,1,1
case_4a9dca04,0,1,1,0,1,1
case_843c7392,1,0,1,1,1,1
case_0258e522,0,1,1,0,0,1
case_707a5b06,1,1,1,0,1,1
case_6a470e43,1,0,1,0,0,0
case_6754a821,1,0,1,0,1,1
case_1a88d8ab,1,0,1,1,1,1
case_6d42a14e,1,1,1,0,0,1
case_b8578f7e,1,1,1,0,0,1
case_e2de5a38,1,1,1,1,1,1
case_f8fa059f,1,1,1,0,1,1
case_af4fb70b,0,1,0,0,0,1
case_f94d7c2c,1,1,1,1,0,1
case_d78df5bf,0,1,1,1,1,1
case_f1433763,1,1,1,1,0,1
case_cda5341d,1,1,1,1,1,1
case_7d3bd2be,1,1,1,1,1,1
case_14202312,0,0,1,0,0,1
case_c5e0af0d,1,1,1,1,1,1
case_e2a9be11,0,0,1,0,1,1
case_b9ecbe04,1,1,1,1,1,1
case_6af4407c,1,0,1,1,1,1
case_ef96f622,0,1,1,0,1,1
case_c0bada99,0,1,1,1,1,1
case_fdcfcd7c,1,0,1,1,1,1
case_d840ed5d,1,1,1,0,1,1
case_afce9e8a,1,1,1,1,1,1
case_c30f6ad8,1,1,1,1,1,1
case_c5d39d90,0,0,1,0,0,1
case_3cddfa90,0,0,1,1,1,1
case_cc28e48f,1,1,1,1,1,1
case_5840853b,1,1,1,0,1,1
case_44490753,1,1,1,1,1,1
case_da68f397,1,1,1,1,1,1
case_7c6841ef,1,0,1,1,1,1
case_c0dc55c3,1,1,1,1,1,1
case_c8858bc9,1,1,1,1,0,1
case_1b54faba,0,0,1,1,1,0
case_ea8435e1,1,1,1,1,0,0
case_c528833f,1,1,1,1,1,1
case_31562d8a,1,1,1,1,1,1
case_5389ff5e,1,0,1,0,1,1
case_6dd82078,1,1,1,1,1,1
case_3662cc08,1,1,1,1,1,1
case_1f845e74,1,1,1,1,1,1
case_8088164a,0,0,1,0,1,1
case_b2c3030d,1,1,1,1,1,1
case_2b9bc6f1,1,1,1,1,1,0
case_4cdbc144,1,1,1,1,1,1
case_f64b5376,0,0,0,0,1,0
case_cf3f69fc,1,0,1,1,0,0
case_ee1f7738,1,1,1,1,1,1
case_f348b913,1,1,1,1,1,1
case_a91d3d16,1,1,1,1,0,1
case_03a46558,1,1,1,1,1,1
case_3d16918f,1,1,1,1,1,1
case_6b69bfdd,0,0,1,0,0,0
case_ef8e9eb9,1,0,1,1,0,1
case_017826e8,1,1,1,1,1,1
case_3a4db6c3,1,1,1,1,0,1
case_ecdd37c6,1,1,1,0,1,1
case_d8cbbd3f,1,1,1,1,1,1
case_7f5c5462,1,1,1,1,1,1
case_6fb30d94,0,0,1,1,0,1
case_1035d815,0,0,1,0,1,1
case_0e35bb73,1,1,0,0,0,1
case_5645aabe,1,1,1,0,1,1
case_17e60372,0,0,1,1,1,1
case_45941906,1,1,1,1,1,1
case_426a1096,0,1,1,1,1,1
case_f5c70bbe,0,1,0,1,1,0
case_618cbd36,0,0,1,1,1,0
case_55257564,1,0,1,1,1,1
case_796c8ce2,1,1,1,0,1,1
case_1db8f7e3,0,1,1,1,0,1
case_53798809,0,1,1,1,1,1
case_c8a1a546,1,1,1,1,1,1
case_0ee162db,1,1,1,1,1,1
case_931ab8a9,1,1,1,1,1,1
case_4cc618b0,0,0,1,1,0,1
case_4aac30fe,1,1,1,1,1,1
case_44aa6fc0,1,1,1,0,1,1
case_d832c5d5,1,1,1,1,1,1
case_b190082c,1,1,0,0,1,0
case_9becadf3,1,1,1,1,1,1
case_44944f22,1,0,1,0,1,1
case_a0f55ef9,0,1,1,1,1,1
case_b707d639,0,1,1,1,1,1
case_e9b4cf92,1,1,1,1,1,1
case_12ee33b7,1,1,1,1,1,1
case_387f6aa4,1,1,1,0,1,1
case_7bc5d1dc,1,0,0,0,1,1
case_9a581911,1,1,1,1,1,1
case_aa11a8ec,0,1,1,1,1,1
case_9b8afea6,0,0,1,1,0,1
case_66d280be,1,1,1,1,1,1
case_2e47e653,1,1,1,1,1,1
case_26bd4820,0,0,1,1,1,1
case_6edf446f,1,1,0,1,1,1
case_f8fc6ead,1,1,1,0,0,0
case_2b98cea1,0,0,1,0,0,1
case_40e37da6,0,0,1,1,1,1
case_d1249840,0,0,1,0,0,0
case_b4f3f2c3,1,0,1,1,1,0
case_6828d8c9,1,1,1,0,1,0
case_66fda137,0,1,1,0,1,1
case_85903cca,1,0,1,0,1,1
case_c7f017d3,0,0,1,0,0,1
case_33997fe7,1,1,1,1,1,1
case_469b3ba3,1,0,1,0,1,1
case_c111cdec,0,0,1,0,0,1
case_38d967ed,0,1,1,1,1,1
case_a68008d9,1,1,1,1,1,1
case_499ace99,0,1,1,1,1,1
case_4d04b985,1,0,1,0,0,1
case_94a0e984,1,1,1,1,1,1
case_87eea8db,0,1,0,1,1,1
case_cd0a2f15,0,1,0,0,1,0
case_260c8576,1,0,1,0,1,1
case_964c2f32,1,1,1,0,1,0
case_2c0692f8,1,1,1,0,1,0
case_4b24d813,0,1,1,1,0,1
case_9d54b220,1,0,1,1,1,1
case_f4d0db4e,0,1,1,0,0,0
case_13eb55b7,1,1,1,1,1,1
case_e805c319,1,0,1,1,1,1
case_15a1de1e,1,1,1,1,1,1
case_0f1cf9ee,0,1,1,0,1,1
case_c3baffc5,1,1,1,1,1,1
case_41022062,0,0,0,0,1,0
case_6e6b49ff,1,1,1,1,1,1
case_b7fb1d07,1,0,1,1,0,1
case_e81c177e,1,1,1,0,0,1
case_b047c560,1,1,1,1,1,1
case_711e5ab1,1,0,1,1,1,1
case_03ebd5d3,0,1,1,0,0,1
case_481edac5,1,1,0,1,1,1
case_c93c4dc2,1,1,1,1,1,1
case_afaed48f,1,1,1,1,1,0
case_3a1e8f12,1,1,1,0,1,1
case_570eff7d,0,1,1,1,1,1
case_fe89d456,0,0,1,1,0,1
case_016ccdf2,1,0,1,1,0,1
case_2f822a96,1,1,1,1,1,0
case_07e8fde7,1,1,1,1,1,1
case_3b3b8222,1,1,1,1,1,1
case_e714a214,1,1,1,1,1,0
case_16d18c50,0,0,1,0,0,1
case_8de1c305,0,1,1,1,1,1
case_7dddebc2,1,0,1,0,1,1
case_b6ef6c7d,1,1,1,1,1,1
case_8a00c411,1,1,1,1,1,1
case_833fd8f6,1,0,0,0,1,1
case_a6118f2c,1,1,1,1,1,1
case_37eca35a,0,0,1,0,1,1
case_d92ac823,1,1,1,1,1,1
case_209fd7eb,1,0,1,1,0,0
case_0903f400,1,1,1,1,1,1
case_e195a8bd,1,1,1,1,1,1
case_ab75277f,1,0,1,1,1,1
case_5a376190,1,1,1,1,1,1
case_103ef98b,0,1,1,1,1,1
case_864f9dc2,1,1,1,0,1,1
case_7d78d104,1,1,1,1,1,1
case_6e4d3e7e,1,0,1,1,1,0
case_521a01ac,0,1,1,1,1,0
case_bfc4c756,0,1,1,0,1,1
case_6ee335f0,1,1,1,1,1,1
case_12951f0d,1,1,1,0,1,1
case_c5a5f00e,1,0,1,1,1,1
case_4ec50276,1,0,1,1,1,0
case_635ac662,1,1,1,1,0,1
case_ce2f8ee5,0,1,0,0,0,1
case_8f28e393,0,1,1,0,1,1
case_c4eea425,0,0,1,1,1,1
case_e02e5d3f,1,1,1,1,1,1
case_5f1b50fc,1,1,1,1,1,1
case_9bda27a4,1,0,1,1,1,1
case_7446c9b0,1,1,1,1,1,1
case_3adee14f,1,1,0,1,1,0
case_d4b86a27,1,1,1,1,1,1
case_d3915454,0,1,1,0,0,0
case_56143d76,1,0,1,0,1,1
case_ea193397,1,1,0,1,1,1
case_13a42cfc,0,0,1,1,1,1
case_f78308da,1,1,1,1,1,1
case_0e666c54,1,0,1,0,1,1
case_120a7b4c,1,0,1,1,1,0
case_e4811ff9,1,1,1,0,1,0
case_d24da618,1,1,1,1,1,1
case_82b4295f,1,0,0,1,1,1
case_ee6d9db0,0,0,1,1,1,1
case_87424c9a,1,1,1,1,1,1
case_0542fc4f,1,1,1,1,1,0
case_2c74bec9,0,0,1,1,1,1
case_97e79ac9,1,1,1,1,1,1
case_bb08d9f9,0,1,1,1,0,0
case_28656b97,0,1,1,0,1,1
case_79a695ac,1,0,1,1,1,0
case_34897605,0,1,0,0,1,1
case_4f82892f,0,0,1,0,1,1
case_7d85c644,1,0,1,1,1,1
case_59f9ea13,0,1,1,1,1,1
case_6b3a3f4b,1,1,1,1,1,1
case_9a1ea1f7,1,0,1,0,1,1
case_e1256d18,1,1,1,1,1,1
case_fa8a18c6,1,1,1,0,1,1
case_04422886,1,0,1,1,1,1
case_5bf1ea0d,0,1,0,1,1,1
case_fc297b05,0,0,1,0,1,1
case_64524473,0,1,1,0,1,1
case_e4e1f655,1,0,1,1,1,1
case_4f070526,0,1,1,1,1,1
case_7f13eb43,0,1,1,1,1,0
case_60fdd953,0,1,1,1,1,1
case_9afe0268,0,0,1,1,1,1
case_f79d5c87,0,0,1,1,1,0
case_8cca4efe,1,0,1,1,0,1
case_81e32d20,0,1,1,0,0,1
case_eb698350,0,1,0,0,0,0
case_3aa2c570,1,1,1,1,0,0
case_d2229e93,1,0,1,1,0,1
case_e68771f1,1,0,1,1,1,0
case_3d213192,1,1,0,1,1,0
case_15604e88,1,1,1,1,1,1
case_a47c6625,0,1,1,1,1,1
case_65491c0b,0,1,1,0,1,1
case_d88dfd94,0,0,1,0,0,1
case_c0b0814c,0,1,1,0,1,1
case_b189ec14,1,1,1,1,0,0
case_08e9a643,1,1,1,1,1,1
case_67a754e3,1,0,1,1,1,1
case_83354250,1,1,1,1,1,1
case_e65d05ce,0,1,1,0,0,1
case_e1847d2a,0,0,1,0,1,1
case_459333ab,0,1,1,1,1,1
case_84046d65,1,1,1,1,1,1
case_10762f70,0,1,1,1,1,0
case_fa9b8a1c,1,1,1,1,1,1
case_9802e35d,1,1,1,1,1,1
case_ba308e74,1,1,1,0,0,1
case_de11b0cf,1,0,1,1,0,1
case_a88d6171,1,0,1,1,1,1
case_5aeca659,1,1,1,1,1,1
case_bc768516,0,0,1,0,1,0
case_a2008f6f,0,0,1,1,0,1
case_997ae463,0,0,1,1,0,1
case_d11b9ba1,1,1,1,1,0,1
case_83411902,1,0,1,1,1,0
case_2e85a33b,1,1,1,1,0,1
case_407adef7,0,1,0,1,1,1
case_181120c4,0,0,1,1,1,1
case_4618a25e,1,0,1,0,1,0
case_9aa631bc,1,1,1,1,1,1
case_ff1b59c2,0,0,1,1,1,1
case_b62656e1,1,1,1,1,1,1
case_4499352e,0,1,1,1,1,1
case_8686cd18,1,0,1,1,1,0
case_5400cbaa,0,0,1,1,1,1
case_ff5b50d1,0,1,1,1,1,1
case_10c55209,1,1,1,1,0,1
case_d21dd638,0,1,1,1,1,1
case_83b537e3,1,1,0,1,0,0
case_0eece7b5,0,0,0,0,1,1
case_ca57b110,0,1,1,0,0,0
case_b9a911f8,1,0,1,1,1,1
case_91f18598,0,0,0,0,1,1
case_8c73daf2,0,1,1,0,0,0
case_5eb28c24,1,1,1,1,1,1
case_74e45fbb,0,0,1,0,0,0
case_c1d8324c,1,1,1,0,1,1
case_d800337e,1,0,1,0,1,1
case_213ee40a,0,0,1,1,1,1
case_8901a079,0,0,1,0,0,0
case_53bae101,0,0,1,1,1,1
case_2ee5cca5,1,1,1,1,1,1
case_b79608d0,1,0,1,0,1,1
case_927aaf0f,1,1,0,1,0,0
case_f1dd1ef8,0,0,0,1,1,1
case_1d445be1,1,1,0,1,1,1
case_b9b7535a,0,0,1,0,1,1
case_b71921d2,1,1,0,1,1,0
case_ad682ceb,1,0,1,1,1,0
case_053f22a9,0,1,1,1,1,1
case_746bfeb2,0,1,0,1,1,1
case_d5ff0df7,1,1,1,1,1,0
case_a5b0eee8,1,1,1,1,0,0
case_f974d45a,1,1,1,1,0,1
case_eb58c6e5,0,0,1,1,1,0
case_113cf2ad,1,1,1,1,1,1
case_8eca3363,1,1,1,1,0,1
case_6d80dcc2,0,0,1,1,1,1
case_4490b3df,0,1,1,1,1,0
case_06305eca,0,1,1,1,0,0
case_2d36983f,1,1,1,1,1,1
case_76a55264,0,1,1,1,1,1
case_310b0136,1,1,0,0,1,0
case_d077d14e,1,0,0,0,1,0
case_f0715600,0,1,1,0,0,1
case_c993b838,0,1,1,1,0,0
case_a018cb8f,1,1,1,1,1,1
case_189b9e07,0,0,1,1,1,1
case_7b82beaf,0,0,1,1,1,0
case_f8ff91c9,1,0,1,1,1,0
case_dbbe8d55,1,1,0,0,0,0
case_324b9346,1,0,1,1,1,1
case_497aa205,0,0,1,1,1,0
case_334d1a98,1,1,1,1,1,1
case_015f6edf,0,0,0,1,0,1
case_c15ee896,1,1,1,1,0,1
case_d9f1a41a,1,1,1,1,1,1
case_f4d05145,1,1,1,0,1,1
case_de7323ae,1,1,1,1,1,1
case_496b4137,0,0,1,0,0,1
case_a13dcc18,1,1,1,0,1,1
case_a7ce8165,1,1,1,1,1,1
case_f10f27b9,1,1,1,1,1,1
case_50436cc6,0,0,1,0,1,0
case_10a4d4ba,1,0,1,0,1,0
case_68a9381c,1,0,1,1,0,1
case_13ae3437,1,1,1,1,1,0
case_fae6e582,1,1,1,1,1,1
case_dd7e2445,1,1,1,1,0,1
case_a448d926,1,1,1,1,1,1
case_0e239489,1,1,1,1,1,1
case_c066066e,1,1,1,1,0,1
case_319f6236,1,1,0,1,1,1
case_c43f1ef2,1,1,1,1,1,1
case_15adb449,1,0,1,1,1,1
case_ca9242d8,1,0,1,1,1,1
case_df4c5bc1,0,1,1,0,1,1
case_2440e43e,1,1,1,0,0,0
case_78645457,0,0,1,1,0,0
case_414e848c,1,0,1,1,1,1
case_5cd1679b,0,0,1,0,1,1
case_46f5826f,1,1,1,1,1,1
case_26691bb8,1,1,1,1,1,1
case_f3774d6b,1,0,1,1,1,1
case_50f56aa2,0,0,1,1,0,1
case_36f90799,1,0,1,1,1,1
case_0a0f3f8d,0,1,1,1,0,1
case_aa31cbb0,0,1,1,0,0,1
case_85d510a2,1,1,1,0,1,0
case_15d579bb,0,0,1,0,1,1
case_a3c273b2,1,0,1,0,0,0
case_8ef7ad69,1,1,1,1,1,1
case_f491cf5e,0,0,1,0,1,1
case_73194a5f,1,1,1,0,1,1
case_e053011a,0,0,1,0,1,1
case_303fe7ff,0,1,1,0,1,1
case_868b6312,1,1,0,1,1,1
case_6fb0cc00,0,0,1,1,0,0
case_0c763bdf,1,1,1,1,1,1
case_cba10886,1,0,1,0,1,1
case_a37a529c,1,0,1,0,0,1
case_baebb612,1,0,1,1,1,1
case_8d4f91de,1,1,1,1,1,0
case_b8b8f15f,1,1,1,1,0,0
case_7f7025ab,0,1,1,1,1,0
case_4a2ce87b,0,0,1,0,0,1
case_1a2c6fe2,1,0,1,0,0,1
case_1356b4d2,0,0,1,1,1,0
case_6dc4ea38,1,1,1,1,0,1
case_0ce762ff,1,1,0,1,1,1
case_08d01fd0,0,0,1,1,0,1
case_7754c654,1,1,1,1,1,0
case_22c0cfa7,1,0,1,0,1,0
case_3c5d7c89,1,0,1,1,1,1
case_fa0d7770,0,0,0,1,1,1
case_6bdbe3e1,0,1,1,1,1,1
case_751c87c7,0,0,1,1,0,1
case_2f8596e7,1,0,1,0,1,1
case_6d9250de,1,1,1,0,1,1
case_b2b3fa8d,1,1,1,1,1,1
case_da33be33,0,1,1,1,1,1
case_052c332e,0,0,1,0,0,1
case_08f94a14,1,0,0,0,1,1
case_d88a0302,1,1,1,1,1,1
case_4f298d2d,1,1,1,1,1,1
case_7d3c1701,0,1,1,1,0,1
case_01d7eef4,0,1,1,1,1,1
case_5f48eafe,1,1,1,0,1,1
case_1f6dfe39,1,1,1,1,1,1
case_8c222f46,1,1,1,1,1,1
case_0cf274dd,1,1,1,0,0,1
case_06d63b73,1,0,1,1,1,1
case_b712ae0d,1,0,1,1,0,1
case_5dca7332,0,0,1,1,1,0
case_f6cad925,1,0,1,0,1,1
case_e64db208,0,1,0,0,0,1
case_53df1a1f,1,1,0,1,1,1
case_64f572ae,1,1,1,1,1,1
case_128a04fc,1,1,1,0,1,1
case_6059a2a0,0,0,0,0,0,1
case_f3a4d218,1,1,1,1,1,1
case_1b47d1b9,0,1,1,1,1,1
case_54311c68,1,1,1,0,1,1
case_30c84d1a,1,1,1,1,1,1
case_742bf314,0,0,1,1,1,1
case_287a9ea7,1,0,1,1,1,1
case_699c28f1,0,1,0,1,0,0
case_163a24e2,1,1,1,1,1,1
case_0ce2d31c,0,0,1,0,1,1
case_7a98045e,0,0,0,1,0,0
case_f7ed074b,1,0,1,1,1,0
case_7c311cab,0,0,1,1,0,1
case_df581be1,0,1,1,1,1,1
case_34b25fae,1,1,1,1,1,1
case_ebccab3d,0,0,1,0,0,0
case_998d18bd,1,0,1,0,0,1
case_93292573,1,0,1,1,1,1
case_8a6ca32c,1,1,1,0,1,1
case_13ef1f02,0,0,1,0,0,0
case_4b80e293,0,1,1,0,1,1
case_ea8465d0,1,1,0,0,0,1
case_04bda1e2,1,1,1,0,1,0
case_8c5f2f51,0,0,1,1,1,1
case_4e35a34f,0,1,1,1,1,1
case_82b0f0c8,0,1,1,1,1,1
case_298a83b1,1,1,1,1,1,0
case_44906126,0,0,0,0,1,1
case_33160e8b,1,1,1,1,1,1
case_ffa1756e,1,1,1,1,1,1
case_7bfe3094,1,1,1,0,0,1
case_62196f7e,1,1,1,1,0,0
case_4e41ca82,1,1,1,1,1,0
case_2f22f510,1,1,1,1,1,1
case_4fd72384,1,1,1,1,1,1
case_c87da2aa,0,0,1,1,1,1
case_3bc6b9ef,0,0,1,1,0,1
case_4e30a437,1,0,1,1,0,0
case_709d6db9,0,1,1,1,1,0
case_979b26dd,1,0,1,0,1,1
case_178f511f,1,1,1,0,1,1
case_04cdee05,1,0,1,0,1,1
case_0238f06d,1,1,1,1,1,1
case_e850f1b7,1,0,1,1,0,1
case_4f20650e,1,1,1,0,1,0
case_055e2369,0,0,0,0,1,0
case_8557251d,0,1,1,0,1,1
case_56d1b75e,1,1,1,1,1,1
case_4e3016c9,0,1,0,1,0,1
case_116977b2,0,0,1,0,0,0
case_5a6a4fe4,1,1,1,1,1,1
case_14f08315,1,1,1,1,1,1
case_13cd75ba,1,0,1,1,1,1
case_5eb51b89,1,1,1,1,1,1
case_f082dd46,0,0,1,1,1,0
case_7f8b09ec,0,1,1,1,1,1
case_13ccbc34,1,1,1,1,1,1
case_0c064b15,0,0,1,0,0,0
case_0330f241,1,1,0,1,1,1
case_3c3ecee0,1,0,1,1,0,1
case_35cd0f0a,0,0,1,1,1,1
case_0b049db8,0,0,1,1,1,1
case_e6fd5a53,0,0,1,0,0,0
case_69d83cb6,0,1,1,0,0,1
case_5c5ba249,1,1,1,1,1,1
case_d1be767f,1,1,1,1,1,1
case_b51711c3,1,1,0,0,1,0
case_5812e90e,1,0,1,1,0,0
case_86320477,1,1,1,1,1,1
case_1367a797,1,1,0,1,1,1
case_0d14a624,1,1,1,1,1,1
case_34141fe1,1,0,1,1,1,1
case_f1201475,0,1,1,0,1,1
case_76cc715d,1,1,1,1,1,1
case_f912b150,1,1,1,1,1,1
case_f5df9d74,0,0,1,0,1,1
case_068f13ca,1,1,1,1,1,1
case_ffac4db4,0,0,1,0,1,1
case_64de47de,1,1,1,1,1,1
case_b5df0ec1,0,0,1,1,1,0
case_0d0b6a47,1,0,1,1,0,1
case_ad9c9bd9,0,1,1,1,1,1
case_532b34a0,0,0,1,0,1,1
case_897c46c7,1,1,1,1,1,1
case_7248f372,0,0,1,0,1,1
case_52f5a4a0,0,1,1,0,1,1
case_ba5e019f,1,1,0,1,0,1
case_9d38197f,0,0,1,0,0,0
case_ef177a5f,0,1,1,1,1,1
case_c2f6314d,1,1,1,0,0,1
case_f7231f00,1,1,1,0,1,1
case_fb819732,1,1,0,0,0,1
case_a91ebc32,1,1,1,1,1,1
case_fcb5207e,0,0,1,0,1,1
case_e0035494,0,1,0,1,1,1
case_ce2304e6,0,1,0,1,1,0
case_27dfbf76,1,1,0,1,0,1
case_a87140bf,0,0,1,1,1,1
case_0764b6f6,1,1,1,1,1,1
case_893740d3,1,1,1,1,0,0
case_08616338,1,1,1,0,1,1
case_99324162,1,1,1,1,1,1
case_860b13a4,1,1,1,0,1,1
case_cc3c377f,0,1,0,0,1,1
case_d7a0cf73,0,1,1,1,1,1
case_5e023b40,1,1,1,1,1,1
case_2f8cd0c8,1,1,1,1,1,1
case_b703b13c,1,1,1,1,1,0
case_ad36bbba,1,1,1,1,0,1
case_381d5353,1,0,1,1,1,1
case_6d42877f,0,1,1,1,1,0
case_737ce740,0,1,0,0,1,0
case_5052aa01,0,0,0,0,0,1
case_0762657b,1,1,1,1,1,1
case_12141b31,1,0,1,0,1,0
case_3c539cc6,1,1,1,1,1,1
case_a3a8701c,1,0,0,1,0,0
case_4fcec4de,1,0,1,1,1,1
case_af36211f,0,0,1,0,0,1
case_57a64784,0,0,1,0,1,0
case_147ef841,1,1,1,1,1,1
case_b5aac5bf,1,0,1,1,1,0
case_a286eb7f,1,0,1,1,0,1
case_1a0d5c92,1,1,1,1,1,1
case_54aff212,1,1,1,1,1,1
case_853f5dce,0,1,1,1,1,1
case_9b68596f,1,0,1,1,0,1
case_5c1fddfb,0,1,1,1,1,1
case_5f9ff6ce,0,1,1,0,0,1
case_3ef364a6,1,1,1,1,0,1
case_b208309a,1,0,1,1,1,1
case_fa58bb5d,1,0,1,1,1,1
case_b0e4e2d8,0,1,1,1,0,0
case_3148cda5,1,0,1,1,1,1
case_50792a4e,0,1,0,1,1,1
case_d418d76d,0,0,1,0,1,1
case_44d761aa,0,0,1,0,1,1
case_bdba4587,1,0,0,1,1,1
case_3ede29dc,1,1,1,1,1,1
case_308a5fbc,0,0,1,1,0,1
case_18e57b4c,0,1,1,1,1,1
case_402e5f81,1,1,1,0,1,1
case_637041fa,1,1,1,1,1,0
case_23f4a5b3,1,1,1,1,1,0
case_0d8e6d59,1,1,1,1,1,1
case_c446e99b,0,1,1,1,1,1
case_67227f5e,1,0,1,1,1,1
case_f33da8ae,0,1,1,1,1,0
case_d703a715,0,0,1,1,0,1
case_dd827623,1,1,1,1,1,1
case_6733e912,1,1,1,1,1,1
case_48b250ea,1,1,1,1,1,1
case_1a62bc08,0,0,1,0,1,1
case_48166c50,1,1,1,0,1,1
case_e5a0a8d3,1,0,1,1,1,1
case_08b2de8a,0,1,1,1,0,1
case_7ec85ec1,0,1,1,1,1,1
case_fd5448e3,0,0,1,0,0,0
case_e67322aa,0,1,1,1,1,1
case_0e4a65d7,1,1,1,0,0,1
case_dd5930de,1,0,1,1,0,0
case_6bd4723f,1,1,1,0,1,1
case_2faa43c3,1,1,1,1,1,1
case_c77e4df3,1,1,1,1,1,1
case_d7b1cc9f,1,0,1,1,1,1
case_afc2d4fb,1,1,1,1,1,1
case_d6a292a7,0,0,1,1,1,0
case_969a3503,1,1,1,1,1,0
case_7e24c85a,0,1,1,1,1,1
case_446703bc,0,1,0,1,1,1
case_97509f28,1,0,1,0,1,1
case_3fc1d519,0,0,1,1,1,0
case_4cab6fdb,0,1,1,0,0,1
case_a94e8073,1,1,1,1,1,1
case_eb940739,1,0,1,1,1,1
case_586c73f5,1,0,1,1,0,1
case_785e99c5,0,0,1,0,0,1
case_a1892658,1,1,1,1,1,1
case_fcf2d9e8,1,1,1,1,1,1
case_77a7a629,1,0,1,1,1,1
case_1a2bbe78,0,1,1,1,1,1
case_70c8e710,1,1,1,1,1,1
case_4c45fb08,0,0,0,0,1,1
case_d6176824,1,1,1,1,1,1
case_ceb86692,1,1,1,1,1,1
case_118e4caf,0,0,1,0,0,1
case_7d0c82ea,1,1,1,1,0,1
case_980e6baf,1,1,1,1,1,1
case_be6cf237,1,1,1,0,1,0
case_08367b55,0,0,1,0,1,1
case_5d72555d,1,1,1,1,1,1
case_cec4ab48,1,1,1,1,0,1
case_18330248,0,0,1,1,0,1
case_6a06da89,1,1,1,1,1,1
case_992d3075,0,1,0,1,0,1
case_069a028a,0,1,1,1,1,1
case_03277a53,1,1,1,0,1,0
case_843198df,1,1,1,1,1,1
case_d462c749,1,0,1,0,1,1
case_0b6a7eac,0,1,1,1,1,1
case_2b1c06ab,1,1,1,0,1,1
case_cfbe43f8,1,1,1,0,0,1
case_5b1a98bd,1,1,1,1,0,1
case_1d7d9d7e,1,1,1,1,1,0
case_eac6328b,1,1,1,1,0,1
case_6855f324,1,0,1,1,1,0
case_a2a5c40b,0,0,1,1,1,1
case_d6ee0fad,1,1,1,1,1,1
case_957cad0d,1,0,0,0,1,0
case_d4ff1e77,0,0,1,0,0,1
case_9ac01e1e,0,0,1,0,1,0
case_0c1e4a6c,1,1,1,0,1,1
case_a6a26af3,0,1,1,1,0,1
case_564d4dc0,1,0,1,1,0,1
case_8017559a,1,1,1,0,0,1
case_b38c3f31,0,0,1,0,0,1
case_e5fcaa91,0,1,1,0,0,1
case_944c85de,1,0,1,1,0,1
case_0b5a3d75,1,1,0,1,1,1
case_cb24f205,0,0,1,1,1,0
case_b94627a4,1,0,1,1,1,1
case_ea5d6031,1,0,1,0,1,1
case_4a16e4a4,0,0,0,0,1,0
case_ca508349,1,0,1,0,1,1
case_f63a68d4,1,1,1,1,1,1
case_9ac4e56c,0,1,1,0,0,0
case_3ebbe135,1,0,1,0,1,1
case_a4135981,0,1,1,1,1,1
case_6edc6e98,1,1,1,1,1,1
case_373024ed,1,1,0,1,1,1
case_27f08020,1,0,1,0,1,0
case_81b57bb3,1,0,1,1,1,0
case_e946ddd7,0,0,0,0,0,0
case_116ff666,1,1,1,1,0,1
case_4e5e3f4c,1,0,1,0,0,1
case_8760d3ae,1,1,1,0,0,0
case_37bbd3f0,0,0,0,0,1,0
case_2b49540c,0,1,1,1,1,1
case_a3685201,0,1,1,1,1,1
case_b0340895,1,1,1,1,0,1
case_ba51b305,0,0,1,1,0,1
case_2ef94d6c,0,1,1,1,0,1
case_200999e7,0,0,0,0,0,0
case_4ffe3d23,1,0,1,1,0,0
case_949a4d58,1,1,1,1,1,1
case_5b3a006c,1,1,1,1,1,1
case_52822613,0,1,1,1,1,0
case_841ef51d,0,1,0,1,1,1
case_ded75a17,0,0,1,1,0,1
case_5e70df5d,0,1,1,1,0,1
case_ea514620,1,1,1,0,1,1
case_bfce301f,0,0,1,0,1,1
case_4056048e,0,0,1,0,1,0
case_38b483d1,1,1,0,1,1,1
case_91f96235,1,0,1,0,0,1
case_c2e6c7c6,1,0,0,1,1,1
case_af7067e6,1,1,1,1,0,1
case_259a73f6,1,0,0,0,0,1
case_52e32e44,1,1,0,0,1,0
case_1c142c18,0,1,1,1,0,1
case_203a125e,0,1,1,1,1,1
case_764027a1,0,0,1,0,0,0
case_102b328b,0,0,1,0,1,1
case_b062e8d6,1,0,1,1,1,1
case_70f5d754,1,1,1,1,1,1
case_ab18b454,0,0,1,0,0,0
case_75eb82e5,1,0,1,1,1,1
case_a8f6a824,1,1,1,1,1,1
case_8c53a2b8,1,1,0,1,1,1
case_3f5647f1,0,0,1,0,0,1
case_c871bd52,1,1,1,0,0,1
case_d2ef4937,1,0,1,0,1,0
case_cd3fc324,1,1,0,1,0,1
case_09aeaf7e,0,0,1,1,1,0
case_5df4c2fe,1,1,1,1,1,1
case_e3e3375e,0,1,1,1,0,1
case_0e2ffb67,0,1,1,0,0,1
case_3af5d407,1,1,1,1,1,1
case_92a6e895,0,0,0,1,0,1
case_7b100d17,1,1,1,1,0,1
case_5d6fcc4c,0,0,1,1,0,1
case_6bd6f783,1,1,1,1,1,1
case_07d69f0a,1,0,1,1,1,1
case_e8a4decd,1,0,1,1,1,1
case_98c557fd,1,0,1,0,0,0
case_0b372f71,1,1,1,1,1,1
case_b348de70,1,0,1,1,0,1
case_a7c7cc52,0,0,1,1,1,1
case_1c20c5b3,1,1,1,1,1,1
case_4f7526f0,1,1,1,1,1,1
case_f83c0f6e,1,1,1,0,0,1
case_95af53fb,0,1,1,1,0,1
case_561f1b8d,1,1,1,1,1,1
case_8fa4082c,1,0,1,1,1,1
case_16b7afe9,0,1,1,0,1,1
case_4da3c764,1,1,1,1,0,1
case_89893b14,1,1,1,0,1,1
case_ec7e0ca4,0,0,1,1,1,0
case_e45a2f35,1,1,1,1,1,1
case_7bae6eed,0,0,1,0,0,1
case_69476ed9,0,0,1,1,1,1
case_19b0a454,1,1,1,1,1,0
case_3619a5d5,0,1,1,1,1,0
case_c4911d38,1,0,1,1,1,1
case_fa32d03e,1,1,1,1,1,1
case_18cbd992,1,1,1,1,1,1
case_8f871192,0,1,1,1,1,0
case_65c9c5af,1,1,1,1,1,1
case_42ddb5d0,0,1,1,1,1,1
case_a329a4b3,1,1,0,0,1,1
case_19fdcfba,1,0,0,1,0,1
case_d719d5d8,1,0,1,1,1,1
case_086c295f,1,1,1,1,1,1
case_5d763e70,1,0,1,1,0,0
case_11c5230e,0,0,0,0,1,1
case_f0138196,1,0,1,1,1,1
case_97ff35aa,0,0,1,1,1,1
case_eed2a2fa,0,1,1,1,1,0
case_febce103,1,1,1,1,1,1
case_c6d74984,1,1,1,1,1,1
case_de765160,1,1,1,1,1,1
case_1395af24,1,1,1,1,1,1
case_c9df12fc,1,1,1,1,1,1
case_030efc35,0,0,0,1,0,1
case_e18e76c9,1,1,0,1,1,0
case_6d56fe65,1,1,1,1,0,0
case_a02ddecd,0,1,1,0,1,1
case_7ad7d9b3,1,1,1,0,1,1
case_916314f2,0,0,1,1,1,0
case_9728da3a,0,1,1,0,1,1
case_529a7222,1,1,1,1,1,1
case_0d1ba0e3,0,0,0,1,0,0
case_7d531790,1,0,0,1,1,0
case_6798647c,1,1,1,1,1,1
case_424c7cfb,0,0,1,1,1,1
case_0688b9a6,0,0,1,1,0,0
case_6311f448,1,1,0,1,1,1
case_8fd6cde4,1,0,1,0,0,1
case_409c7e3e,1,1,0,1,1,1
case_2da7a742,1,1,1,1,1,0
case_1f58ea77,1,0,1,1,1,1
case_1e8aa481,0,1,1,1,0,1
case_d25be311,1,0,1,1,1,1
case_7a3d07f4,0,0,1,0,0,1
case_6d1cc42f,0,0,0,1,0,1
case_faaca60d,0,1,1,1,1,0
case_fb68bdc6,1,1,1,1,1,1
case_7ddbec31,0,1,1,0,1,1
case_ddbf23f6,1,1,1,1,1,1
case_361d200b,1,1,1,1,0,1
case_34111f5b,1,1,1,1,1,1
case_5e2b1594,1,1,1,1,1,1
case_3d478ef2,0,0,1,0,0,0
case_69b370fe,1,1,1,0,0,1
case_ae477e6d,1,1,1,1,1,1
case_37d0f350,0,0,0,1,1,0
case_f0d1e555,0,0,1,0,1,1
case_800f2572,1,1,1,1,1,1
case_2bcc291e,0,1,1,0,1,1
case_0a103d0e,1,1,1,1,1,1
case_9f3b95b9,1,1,1,1,1,1
case_6ed73178,1,1,1,1,1,1
case_b87a8d15,1,1,1,0,1,0
case_9393d851,1,0,1,0,0,0
case_c740a17f,1,0,1,1,0,1
case_032397e4,1,0,1,0,1,1
case_a73608e0,1,1,1,1,1,1
case_ef264ea8,0,0,1,1,0,1
case_7338ff8a,0,1,1,0,1,0
case_a9e57365,1,1,1,0,1,1
case_23fc0b5d,1,0,1,1,0,1
case_8207edb6,0,1,1,1,0,1
case_fd5988da,0,0,1,1,0,0
case_ff942a65,0,1,1,0,1,0
case_11ae893e,1,1,1,1,1,1
case_fd1ece2d,0,1,1,1,1,1
case_fb0cc8f5,1,1,1,1,1,1
case_64150a08,0,1,0,1,1,1
case_3b3e11e4,1,1,1,0,1,0
case_13663a47,0,0,1,1,1,1
case_9a341561,1,1,1,1,1,1
case_9d3ef223,0,1,0,0,1,0
case_5cf5dcde,1,0,1,1,1,1
case_95189f42,1,1,1,0,1,1
case_303834a3,1,1,1,1,1,1
case_6181922f,0,0,1,0,1,1
case_54322e0b,1,1,1,1,0,1
case_11a79d82,0,1,1,1,1,0
case_2f244f74,1,0,1,0,0,0
case_6d9ce0e9,1,1,1,1,1,1
case_f54c3aba,1,0,0,1,1,1
case_9143ae62,0,1,1,1,1,1
case_8a4c2a65,1,1,0,1,1,1
case_d2811187,1,0,1,1,1,1
case_9b6f2362,1,1,0,1,1,1
case_a862e3fe,0,0,1,0,0,1
case_f3eebb3c,1,1,1,0,1,1
case_b7cf46c0,1,0,1,1,1,0
case_69c76002,1,1,1,1,1,1
case_bad6c3de,0,0,0,0,1,0
case_7b056f09,0,1,1,0,1,0
case_c6048396,1,1,1,1,1,1
case_48883fc9,1,1,1,0,0,1
case_238bb767,1,1,1,1,1,1
case_c50de29e,1,0,1,1,1,0
case_a55edffd,1,0,1,1,1,1
case_5a6993dd,1,0,1,1,1,1
case_72c702d3,1,1,1,0,1,0
case_51f4cc0d,0,0,1,1,1,1
case_782f39d3,1,1,1,1,1,1
case_00942680,1,1,1,0,1,1
case_84293425,0,0,1,1,0,0
case_429621a2,1,0,1,1,0,1
case_ef299d7e,1,0,1,1,1,1
case_60d70c23,0,1,0,0,0,0
case_e70ea6a2,1,0,1,0,1,0
case_83b5f729,1,1,1,1,1,1
case_2a5a33e3,1,1,1,1,0,1
case_11b4ee94,0,0,1,1,1,1
case_6033c771,1,0,1,0,1,1
case_826820ea,1,1,1,1,1,1
case_3ecccf61,1,0,1,0,1,1
case_bd7eaaee,1,1,1,1,1,1
case_a328acb2,0,1,1,1,1,1
case_547a7969,1,0,1,0,0,1
case_ecb60a61,1,1,1,0,1,1
case_9d0359b1,0,0,0,1,0,0
case_a9fd8d98,1,1,1,1,1,1
case_4c8208ef,1,1,1,1,1,1
case_f3911f85,0,0,0,0,1,1
case_a240b7ba,1,1,1,0,0,1
case_27915568,1,1,1,0,1,1
case_2a6c8790,0,1,1,1,0,0
case_c024ddd5,0,1,0,0,1,1
case_56a73cc1,0,1,1,1,1,1
case_b27de8fb,0,0,1,1,1,1
case_9b7a8bc7,0,1,1,1,0,0
case_29a5037e,1,0,1,1,0,1
case_e54ab127,1,1,1,1,1,1
case_73d6c0b1,0,0,1,0,0,0
case_b362ea72,1,1,1,1,1,1
case_e88237df,1,1,1,1,1,1
case_8e03157c,1,0,1,0,1,1
case_c56c6266,1,1,1,1,1,1
case_e7ce7e70,1,1,1,1,1,1
case_320e6926,1,1,1,1,1,1
case_2e986e31,0,1,1,0,1,1
case_346036e8,1,1,1,1,1,1
case_b03fb6ad,0,0,1,1,1,1
case_11fd7edc,0,1,0,1,0,1
case_a11fc9a3,0,1,1,1,1,1
case_0106cf99,0,1,1,1,1,1
case_c6887e8d,0,0,1,1,0,1
case_debc6ac1,1,1,1,0,1,1
case_411888ef,0,1,1,1,1,1
case_a7d793f4,1,0,1,1,1,0
case_06cd245b,1,0,0,0,0,0
case_432ed5d5,1,1,1,1,0,0
case_7687edcc,1,1,1,1,1,1
case_c1fa819a,0,1,1,1,0,1
case_5f038dbc,1,0,1,1,1,1
case_a045df5c,0,1,1,1,1,1
case_7f541f31,1,0,0,1,1,1
case_288d1ee1,0,0,1,1,0,1
case_d9914ce8,0,1,1,1,1,0
case_472ace6b,0,1,1,0,0,1
case_892f74c2,1,1,1,0,1,1
case_eeffcbfc,1,1,0,0,1,1
case_fca44707,0,1,1,1,1,1
case_4fdbe560,1,0,1,0,1,0
case_20480df4,0,0,1,1,0,0
case_0b72739d,0,1,0,0,1,1
case_cc684d95,1,1,1,1,1,1
case_bd397b0c,0,0,1,0,1,1
case_c90604fd,1,1,1,1,1,1
case_23d7f06a,1,1,1,1,1,1
case_789c988b,1,0,1,1,1,1
case_bc51c48a,1,1,1,0,0,1
case_0e3e23f5,1,1,1,1,0,1
case_9e83cf6b,1,1,1,0,1,0
case_47492e8b,1,1,1,0,0,1
case_7a14be72,1,1,1,1,1,1
case_8ed16d74,0,1,1,0,1,1
case_4abde2cd,1,1,0,1,1,0
case_1f121f35,0,0,1,0,1,1
case_d32dae4d,1,0,1,1,0,0
case_6463b127,0,0,1,0,0,0
case_df42b9da,1,1,1,1,1,1
case_1109b094,1,1,0,0,1,1
case_9ec4a4c3,0,1,1,0,1,0
case_7dd380bc,1,1,1,1,1,1
case_2693c96a,1,1,1,1,1,1
case_5de15e12,1,0,1,0,1,0
case_63a68116,1,1,1,1,1,1
case_1d030167,1,1,1,1,1,1
case_d93b21c5,0,1,0,1,1,1
case_95d1be5f,1,1,1,1,1,1
case_b091531a,0,1,1,1,1,0
case_918d2566,0,1,1,1,1,0
case_694fcb2c,1,1,1,1,1,1
case_e11933f5,1,0,1,1,0,0
case_b481ff4a,1,1,1,1,1,1
case_41f5ea0c,1,1,1,1,1,1
case_2c8f7d74,0,0,1,1,1,1
case_ce4b7e3e,0,1,1,1,1,0
case_0de5a238,1,0,1,0,0,0
case_79e0e56a,1,1,0,1,1,1
case_d6c83cb0,0,0,1,0,0,1
case_018b6900,0,0,1,0,1,1
case_badd0651,0,0,1,1,0,1
case_c2e93b9c,0,1,0,0,0,1
case_5771c455,1,0,1,1,1,1
case_47b4bf9c,0,1,1,0,0,0
case_a152ba13,0,1,1,1,1,1
case_fe711e07,0,0,1,1,0,1
case_fc2a6300,1,1,0,1,1,1
case_6d2e9814,1,0,1,0,1,0
case_83e58d87,0,0,1,0,1,1
case_84b69023,1,1,1,1,1,1
case_45e6e2b1,1,1,1,0,0,1
case_447130eb,0,1,0,0,0,0
case_80eebb7b,1,0,1,1,1,1
case_254c8ddc,1,1,1,1,0,1
case_1a298169,1,1,1,0,1,1
case_464cc8d1,0,0,1,1,0,0
case_75c9b291,1,1,1,0,1,1
case_a75f2755,0,0,0,0,0,1
case_80f2fc75,1,1,0,1,0,0
case_2107a19b,0,0,1,0,1,0
case_8ea37c14,1,1,1,1,1,1
case_fef25c32,1,1,1,0,0,1
case_4cff0e7f,1,1,1,1,1,1
case_e43025aa,0,1,1,0,0,1
case_dd7f9fef,1,1,1,0,1,1
case_766974d4,1,1,1,1,1,1
case_1b3b41d8,1,1,1,1,1,1
case_f690109f,0,1,1,0,1,0
case_7e69bcf6,0,1,1,1,1,1
case_24e42bd9,0,0,1,1,1,1
case_c83fb82f,0,0,1,0,0,1
case_2532b08f,1,1,1,1,1,1
case_ebd30b14,0,0,1,1,1,0
case_88177466,0,1,1,1,1,1
case_1ee5b8df,1,1,0,1,1,1
case_b9c1351e,1,1,1,0,1,1
case_ce026a98,0,1,1,0,1,1
case_ec821d02,0,1,1,1,1,1
case_e83c4584,1,1,1,1,1,1
case_9c021039,1,0,1,1,1,1
case_9c7875d0,0,0,1,0,0,1
case_240664e8,0,1,1,1,1,1
case_d16e6ba3,1,1,1,0,1,1
case_1ca728cd,0,0,1,0,1,1
case_6ca3babe,0,1,1,0,0,1
case_c525354d,0,1,1,1,1,1
case_a04b52a1,1,0,1,1,1,1
case_85752eee,1,1,1,1,1,1
case_a8e236dd,1,1,1,1,1,1
case_ee50d7fd,1,1,1,1,0,1
case_532e53c3,1,0,1,1,1,1
case_420f9998,0,1,1,0,1,0
case_8304762a,0,0,1,0,1,0
case_585a636d,0,1,1,1,1,0
case_ddece887,1,0,0,0,0,1
case_8149eda0,1,1,1,0,0,1
case_bfa2ab2e,1,1,1,1,1,1
case_402b8ebb,1,1,1,1,1,1
case_2d812a36,0,0,1,1,1,1
case_d4739970,1,1,1,1,1,1
case_fb592d2d,1,1,1,1,0,1
case_2207f9d0,1,0,1,1,1,1
case_4608c42b,1,1,1,1,1,0
case_735c1d2e,0,1,1,1,1,1
case_7ee28bf6,1,0,1,1,1,1
case_5002d0e0,1,1,1,1,1,1
case_9dc80f4c,1,1,1,1,1,1
case_01ffa6fb,0,0,1,1,0,0
case_27e54eec,1,1,1,1,1,0
case_4894a34e,0,1,1,1,0,1
case_10f30199,0,0,1,0,1,1
case_ab2411a9,1,0,1,1,1,1
case_52a00a12,1,0,1,1,1,1
case_b17b786a,1,0,1,1,1,0
case_b3ddbcb3,1,1,1,0,0,1
case_f43f6037,0,1,1,0,0,0
case_8f663d7a,1,1,1,1,1,1
case_37cc5258,1,1,1,1,1,1
case_a35245f7,1,0,1,1,1,1
case_19f76208,1,1,1,1,1,1
case_79eff827,1,1,1,0,0,1
case_cf212f3b,1,1,1,0,1,1
case_a55be007,1,0,1,1,1,1
case_7490d21f,1,1,1,0,1,0
case_8e9239fb,1,0,1,1,0,1
case_c14de1dd,1,1,1,1,1,1
case_bf583ccb,1,1,1,1,1,1
case_cd274930,1,1,1,1,1,1
case_f4919d8b,1,1,1,0,0,1
case_2fe9b860,1,0,1,1,0,1
case_23ee13b5,1,1,1,1,1,1
case_de37b1a9,1,1,1,1,1,1
case_61f2e32a,1,1,1,1,1,1
case_8a0088bc,0,1,0,1,1,1
case_c3feaf41,0,0,1,1,1,0
case_7a2b05bd,1,1,0,0,1,1
case_48dbd0c8,0,0,0,1,0,1
case_ce435d6e,0,1,1,1,0,1
case_35121ee1,1,0,1,1,1,1
case_3eaf2783,1,1,1,1,1,1
case_461757dc,1,1,1,0,1,1
case_f15706a2,0,1,1,0,1,1
case_8237ae56,1,1,1,1,1,1
case_66eefee6,1,1,1,1,1,1
case_0ba5d6a5,1,1,1,0,1,1
case_16d0aea0,1,1,1,1,1,1
case_d9662719,1,0,1,0,0,0
case_114fcb8e,0,0,1,1,0,0
case_3f0fd59e,1,1,1,1,1,1
case_28ff08df,1,1,1,1,1,1
case_6d4bfbe8,0,0,1,0,0,0
case_0486f889,1,1,1,1,1,1
case_8d717aa7,1,1,1,1,1,1
case_39a9d340,1,1,1,0,1,1
case_7a496a5f,0,1,1,0,1,1
case_b602fcf9,1,1,0,1,1,1
case_fb8fdf2d,0,1,1,0,1,1
case_d91a2e39,1,0,1,0,1,0
case_de904458,0,1,1,0,0,1
case_b308c306,0,1,1,0,1,0
case_34ae0563,0,1,1,0,1,0
case_f2cc60d0,1,1,1,1,0,1
case_ec5ad75d,1,1,0,1,0,1
case_7bbacf76,1,0,1,1,1,1
case_509c8f9a,1,1,1,1,1,1
case_6f094eb7,0,1,1,1,1,1
case_0ad59c91,0,1,1,1,0,0
case_ee18341c,0,0,1,0,0,1
case_9d878ba2,1,0,1,0,1,1
case_b9edb1a7,0,0,1,1,1,1
case_a7c80bf6,0,1,1,1,1,1
case_e0080a3c,0,0,1,1,0,1
case_c2c86fac,0,1,1,1,1,1
case_d618e121,1,1,1,1,1,1
case_f8799732,0,1,1,1,1,1
case_7a66b440,1,1,1,1,1,1
case_640ae5b8,0,1,1,0,1,1
case_ed7062b3,0,0,1,0,1,1
case_f941a10f,1,1,1,1,1,1
case_6c7b2ba1,1,0,1,0,0,1
case_ad986640,1,1,1,1,1,1
case_01805635,1,0,1,0,0,0
case_cf2e4a6f,1,1,1,1,1,1
case_78507274,0,0,0,0,1,0
case_ed137bf0,1,1,1,1,1,1
case_ffe9ead7,1,1,1,1,1,1
case_f2eb5b41,0,0,1,1,0,1
case_b088aee2,0,1,1,1,1,1
case_c7ad2966,0,1,1,1,1,1
case_99d04df9,1,1,1,1,1,1
case_0d760c98,0,1,0,1,1,1
case_75d94799,1,1,0,1,1,1
case_609ba043,1,1,1,1,1,1
case_7e21669d,1,1,1,1,1,0
case_8b5c5979,0,1,1,1,0,1
case_c1b98e29,1,0,1,1,0,1
case_1fd105e2,1,1,1,1,1,1
case_99945fcb,1,0,1,0,1,1
case_14fd2315,1,0,1,1,0,1
case_af253b40,1,1,1,1,0,1
case_997d8cf9,1,0,0,0,1,0
case_251aca7e,0,1,1,1,1,1
case_48a20990,1,1,1,1,0,1
case_be403d44,1,1,1,1,1,1
case_dce4b5d1,1,1,1,1,0,1
case_464d138c,1,0,1,1,1,1
case_bdd9e24b,0,0,1,1,0,1
case_e32beace,1,1,0,1,0,1
case_dfcf00f3,1,1,0,0,1,1
case_3aacedf3,1,0,1,0,0,0
case_6cd61c12,0,0,1,0,1,1
case_3bf02a3d,0,1,1,1,1,1
case_2c7c95c9,0,0,1,1,0,1
case_aac77bfd,1,0,1,0,0,1
case_f555fdb0,1,1,0,1,1,1
case_5e0abfd7,0,0,1,1,1,1
case_bc12509d,1,0,1,1,1,1
case_1d89cfcd,1,0,1,1,1,0
case_487ad97e,0,0,1,0,1,1
case_7c9585c6,1,1,1,0,0,1
case_62f03d2c,1,1,1,0,1,1
case_2878b8d1,0,0,1,0,1,0
case_d88b8fef,1,0,0,1,1,1
case_52fbeb31,1,0,1,1,1,1
case_d0dda579,1,0,1,0,1,0
case_3e902a10,1,1,1,1,1,1
case_d123c2be,1,1,1,0,1,1
case_9f5fcc1c,1,1,1,1,1,1
case_7c1ab7a9,1,1,1,1,1,1
case_58ef12d7,1,1,1,1,0,1
case_37e8c8e8,1,1,1,1,1,0
case_b0b31f12,0,1,1,1,1,1
case_17fd940d,0,1,1,0,0,1
case_7c70e470,1,1,1,1,1,1
case_4811d2e2,0,1,1,1,0,0
case_76d4ce83,0,0,1,0,1,1
case_65d40cea,0,1,0,1,1,0
case_ee6de05a,1,0,1,0,1,1
case_e174e002,0,0,1,0,1,0
case_1b7c0555,1,1,1,1,1,1
case_1aec9588,1,0,1,0,0,1
case_422c7b0d,0,1,0,0,1,0
case_bc926591,0,1,1,1,1,1
case_adc5a893,1,0,1,1,0,1
case_6a9b73a7,1,0,1,0,1,1
case_de9fcc78,1,0,1,1,1,1
case_6d19c5a6,1,1,1,1,1,1
case_52af9491,1,1,1,1,1,1
case_b7b3afa5,0,1,1,0,1,1
case_f2fff389,1,1,1,1,1,1
case_bf31c5cf,0,0,1,0,1,1
case_d1d436cb,1,0,1,1,0,0
case_5f888042,1,0,1,1,1,1
case_d133f1d0,1,1,0,1,1,0
case_661138fc,0,1,0,0,0,1
case_3c868337,1,0,1,1,1,1
case_dc6dfea9,0,0,1,0,0,1
case_b486fcb5,0,1,1,0,1,1
case_449e14c4,1,1,1,1,1,1
case_c3d6c573,1,0,1,0,0,0
case_08588634,1,0,1,1,0,1
case_eb490945,0,1,1,0,1,1
case_8a399ccd,0,0,0,1,1,0
case_3ff82191,1,0,1,1,1,1
case_1bdf9553,0,0,1,0,0,1
case_91a76552,0,1,1,0,1,1
case_93c8487b,1,0,1,1,1,1
case_d711c8c0,0,0,1,0,0,1
case_d6ee9573,0,0,0,1,1,1
case_5aebd581,0,0,1,1,1,1
case_5e522db2,0,1,1,0,1,0
case_3b0064c6,1,0,0,1,0,1
case_47726b1a,0,1,1,1,1,1
case_ba9dc546,1,1,1,1,1,1
case_f6965b91,1,1,0,1,1,1
case_7628f80d,1,0,1,1,1,1
case_da65e9ac,1,1,1,1,1,1
case_1fe87492,1,0,1,1,1,1
case_9b59915a,0,1,1,1,1,1
case_7335b0fa,1,1,1,1,1,1
case_9d2e4587,0,0,0,1,1,1
case_fd56fa45,1,1,1,1,1,1
case_6cc629ee,0,1,0,1,1,1
case_ee59a12a,0,1,1,1,0,1
case_37f48ef5,1,0,0,1,0,0
case_03506495,1,1,1,1,1,1
case_83748dbb,1,0,1,1,1,1
case_36b4964f,1,0,1,1,1,0
case_374f6e9d,1,0,1,0,1,1
case_3457c271,0,0,1,0,0,1
case_8e7b6d52,1,1,1,1,1,1
case_d10048a4,1,1,0,1,1,0
case_7ebaa33d,1,1,0,1,1,1
case_f18f733f,1,1,1,1,1,1
case_eb282e07,0,1,1,0,1,1
case_082f1a56,1,1,1,1,1,1
case_7207c624,1,0,1,0,0,1
case_cf02c56a,1,0,1,1,1,1
case_e32f7c00,0,0,1,0,1,1
case_bef8a6ab,0,1,1,1,0,1
case_70c292f4,0,1,1,1,0,0
case_97306b4e,1,1,1,1,1,0
case_2661ed35,1,1,1,0,1,1
case_08e28019,1,1,1,1,0,1
case_7f1ef41c,1,0,1,0,0,1
case_4d56dac7,1,1,1,1,1,1
case_54eb1351,1,0,0,1,1,1
case_17972892,1,0,1,1,0,1
case_10b95b69,0,1,0,1,1,1
case_85e425a5,1,1,1,1,1,1
case_9b23c207,0,0,1,1,1,1
case_379f34c4,0,1,0,1,0,0
case_a9634aca,0,0,0,0,0,1
case_8c7855a2,0,1,0,0,1,1
case_c84ce9ab,1,1,1,1,1,1
case_c27814e0,1,0,1,1,0,1
case_fe8726bd,0,1,1,1,1,1
case_9e3f8ffa,0,0,1,1,1,1
case_8c40cea5,1,0,1,0,0,0
case_4950b750,1,1,1,1,1,0
case_c279cd0c,1,1,1,1,1,1
case_4111afac,1,1,1,1,1,1
case_1b698aec,0,0,1,1,1,0
case_031cfba9,0,1,1,1,1,1
case_0fb5fdb9,0,1,1,0,1,1
case_469752e9,0,0,1,1,0,1
case_2ad3720f,1,1,1,0,1,1
case_b8fea49b,1,1,1,0,1,1
case_14b33a41,1,1,1,1,0,0
case_91874a9a,1,1,1,1,1,1
case_e2891430,0,1,0,0,1,1
case_c6af16d9,1,1,1,0,1,1
case_bad7ba78,0,1,1,1,0,1
case_ca791e2b,1,1,1,1,1,1
case_27dfe5aa,1,1,1,1,1,1
case_4c672d56,1,1,1,1,1,1
case_0b251aa0,0,0,1,0,0,1
case_0abc0a21,1,0,1,1,1,1
case_7645f521,1,1,1,0,1,1
case_d917bfa3,1,1,1,0,0,1
case_3242fb51,1,1,1,1,1,1
case_74ad890b,1,1,1,1,1,1
case_7ef5092d,1,1,1,1,1,1
case_bca0bf1e,0,0,1,0,0,1
case_8286ce58,0,0,1,1,1,1
case_3881737a,1,0,1,0,0,1
case_28c0f76c,1,0,1,1,1,0
case_49446859,0,0,1,0,1,1
case_856c9d0e,1,1,1,1,1,1
case_fc798932,0,1,1,1,1,1
case_946db6c1,1,1,1,0,1,1
case_2fd0515f,1,1,1,1,0,0
case_bb4b85f6,0,1,0,0,1,0
case_3b450fc6,1,0,0,0,0,0
case_175aa07b,0,1,1,1,0,1
case_fee0a847,1,0,1,1,1,0
case_8bfe4755,1,0,1,1,0,1
case_c2855880,1,1,1,1,1,1
case_47efd0c5,0,0,1,0,0,0
case_bc615bf6,0,1,1,1,0,1
case_d3cf7d2a,1,1,1,0,1,1
case_d0798d50,1,1,1,1,0,1
case_73990ce5,1,1,1,1,1,1
case_bd3cee45,1,0,1,1,1,1
case_b2fd303a,1,1,1,0,1,1
case_985a10fe,0,0,0,1,1,0
case_0fbf69a1,0,0,1,0,0,0
case_1ed5ba1c,1,0,1,1,1,0
case_c247e410,0,0,1,1,1,0
case_5cb4b003,0,0,1,1,1,1
case_93a95165,1,1,1,0,1,1
case_612a663a,1,1,1,1,1,1
case_73b33cce,0,0,1,0,1,0
case_835b70f7,1,1,0,1,1,1
case_c309fc80,1,1,0,1,1,1
case_fcdb3bec,0,1,0,0,1,1
case_57d8abbc,1,1,1,1,0,1
case_fcee43cf,0,0,1,1,1,0
case_f7ddeeaf,1,1,1,1,1,1
case_6aae07a4,1,1,1,1,1,1
case_7f1c3916,1,0,1,1,0,0
case_4b680d2c,1,1,1,1,1,1
case_c330d35c,0,1,1,1,1,0
case_180d97e9,1,1,1,1,1,0
case_b235eec4,1,1,1,1,1,1
case_ca9ae17e,1,1,1,0,1,1
case_c4220b55,0,0,1,0,1,1
case_4197d1ec,1,0,1,1,1,1
case_15a0aae3,1,1,1,1,1,1
case_93a44ded,1,1,1,1,0,1
case_03368a56,1,1,1,1,1,1
case_a1b0cdf7,1,1,1,1,0,1
case_80fdd3a2,0,1,1,1,0,1
case_6fbaaefa,1,1,1,1,0,0
case_88ff2004,1,1,1,0,1,1
case_240f3880,1,1,1,1,1,0
case_f67162fc,0,0,1,1,1,0
case_527229d2,1,1,1,0,1,1
case_2b8bd54f,1,1,1,1,1,1
case_204ae183,1,1,0,1,1,0
case_aa8f3029,1,0,1,0,1,1
case_d4e6f11f,1,0,1,0,0,1
case_cd67dabf,1,1,1,1,1,1
case_c07e485c,0,0,1,1,1,0
case_417e8567,0,1,1,0,0,0
case_6f8369e7,1,0,1,0,1,1
case_22ae8ef5,1,1,0,0,1,1
case_6e297de8,0,1,1,1,1,1
case_d1a7b85e,1,0,1,1,1,0
case_a29f5d9e,0,1,1,1,0,1
case_46ded61e,0,1,1,1,0,1
case_ae3790e4,1,0,1,1,1,0
case_65a24aa5,0,0,1,0,0,0
case_f4f75ea6,1,1,1,1,1,1
case_eaa91a41,1,0,1,1,0,1
case_e61fc54c,1,1,1,1,1,1
case_5ebcd68d,0,0,1,1,1,1
case_47e1e708,0,1,1,1,1,1
case_89813c6b,1,1,1,1,0,1
case_6538bd66,1,1,1,1,1,1
case_9ea9b8f2,1,0,1,0,1,0
case_680770e9,0,1,1,0,0,1
case_258f7077,1,0,1,0,0,1
case_e9fbe099,1,0,1,1,1,1
case_655c9c08,0,1,1,1,0,1
case_605b4db7,1,1,1,1,1,1
case_7dca901a,0,1,1,0,0,0
case_69c7352a,1,1,1,1,1,1
case_786b55aa,0,0,1,0,1,1
case_1e2a3da8,0,0,0,1,1,1
case_8a1bd455,1,0,0,1,0,1
case_bb07688a,0,1,1,0,1,0
case_95da21b1,1,0,1,1,1,1
case_cfd00f84,0,1,1,0,1,0
case_9e92d71a,0,1,1,0,0,1
case_ea4c8db4,0,1,1,1,1,1
case_20d87d7c,0,1,1,0,1,1
case_d15862bf,0,0,1,1,1,0
case_360b85dc,1,0,1,1,0,1
case_561b06e5,0,0,1,0,0,1
case_9d7a067a,0,0,1,0,1,1
case_d26086b0,0,1,1,0,1,1
case_d2c657f9,0,0,1,0,0,0
case_5539b982,0,1,0,0,1,1
case_179833e4,0,1,1,1,1,1
case_05a5930e,1,1,1,1,1,0
case_e2e675a5,1,1,1,1,1,1
case_dfcf1451,0,1,1,1,1,0
case_91dc7401,1,0,0,1,1,1
case_4ba2c9bf,1,1,1,1,1,1
case_e18c75b5,1,0,1,1,1,1
case_c19c28a4,1,0,1,0,1,0
case_44a64ddb,1,1,1,1,1,1
case_e9797fb3,0,1,1,1,1,1
case_19c83686,0,0,1,0,1,1
case_d1587150,1,1,1,1,1,1
case_bc90ed42,1,1,1,1,1,1
case_699714dc,1,0,1,0,1,1
case_9e572381,0,0,1,0,1,1
case_c36102dd,1,1,1,1,1,1
case_298adbb8,0,0,1,0,1,0
case_9b86971d,1,0,1,1,0,1
case_02844f83,0,0,1,1,0,1
case_ad955373,1,1,1,1,1,1
case_916dd256,1,1,1,1,1,0
case_93edc510,0,0,1,1,0,1
case_515f0b98,1,1,1,1,1,1
case_330e6746,0,0,1,0,0,0
case_d1fce341,1,0,1,0,0,1
case_6a8bdaea,0,1,1,1,0,1
case_cd7ac091,1,1,1,1,1,1
case_de85e4d3,1,1,1,0,1,0
case_ce17907d,0,0,1,1,1,1
case_f5bf4033,1,0,1,1,1,1
case_21f878a0,1,1,0,1,1,1
case_fc4dd110,0,1,1,0,0,1
case_e6ec765d,1,1,1,1,1,1
case_84624a1f,1,1,1,1,0,1
case_98370374,1,1,1,1,1,1
case_85d399b0,1,1,0,1,1,1
case_5efac6e4,0,1,0,1,1,1
case_90eef3a5,1,1,1,0,1,0
case_8e86c32d,0,0,1,0,0,1
case_959acc4a,1,1,1,1,1,1
case_c9436739,0,0,0,0,0,1
case_296cfdac,1,0,1,0,0,1
case_2fee8247,1,1,1,1,1,1
case_594b9d35,0,1,1,1,1,1
case_1af8be26,1,1,1,0,0,1
case_b5ff3115,0,1,1,1,1,0
case_1e01412b,0,0,1,1,0,1
case_6ef2627f,0,0,1,1,1,1
case_2b9994d4,1,1,1,0,1,1
case_4f776fb9,1,1,1,1,1,1
case_485f00db,0,1,1,1,1,0
case_251763e9,1,1,1,1,1,0
case_5f0d55e4,0,0,1,0,0,0
case_b60fc050,1,1,1,0,1,1
case_525c7b89,1,0,1,0,0,0
case_0a37a818,1,0,1,1,1,1
case_538bd8dc,1,0,1,1,0,0
case_1fb36b9e,0,0,1,0,1,1
case_b66b1ce7,0,1,0,0,0,1
case_e52b6a97,0,0,1,1,1,0
case_61cc3c94,1,1,1,1,1,1
case_3a3f69c1,0,1,1,1,1,0
case_954c6440,0,0,1,1,0,1
case_e77f1217,0,1,1,0,0,0
case_ab145cba,1,1,1,0,1,1
case_652bd0d2,0,1,1,1,1,0
case_b82ba35d,1,1,1,1,1,0
case_dd721bcd,0,0,1,0,1,0
case_3c855ea2,0,0,0,0,0,1
case_36daa06d,1,1,1,1,1,1
case_88a2eb78,1,1,1,1,0,0
case_6d0c9d45,1,1,1,1,1,1
case_2b10aa4a,1,1,1,1,1,1
case_caa78047,1,1,0,1,0,1
case_b35eaaf5,0,1,1,1,1,1
case_2131a609,0,1,1,0,1,1
case_eb9af461,1,1,1,1,1,1
case_a04b5ccc,0,1,1,1,1,1
case_ca7bdcda,1,1,1,1,1,1
case_9bf3466e,1,0,1,0,1,0
case_b3c950f1,0,1,1,0,1,1
case_d68adeef,1,1,1,1,1,1
case_43e37b42,0,1,1,1,1,1
case_30121785,0,1,1,0,1,1
case_7056d4f1,1,1,1,1,0,1
case_6ee8843e,1,1,1,1,1,1
case_b895638b,1,0,1,1,0,1
case_a6c911bb,0,1,1,1,1,0
case_efc0006b,1,1,1,1,1,1
case_41225b02,1,1,1,1,0,1
case_f75b9b1f,0,1,1,1,1,1
case_e55acbed,0,0,0,1,1,0
case_a744908c,1,0,1,1,1,0
case_510cf2be,0,1,1,1,0,1
case_7d6c5bd6,0,0,1,1,0,0
case_d598215d,1,0,1,1,1,1
case_912a62bb,1,1,1,1,1,1
case_c9d34c02,1,0,1,1,1,0
case_5504767e,0,0,1,0,0,1
case_6031c60d,1,1,1,1,1,1
case_b8ad252e,1,1,1,1,1,1
case_bec751ae,1,1,1,1,0,1
case_292e72ee,1,0,1,0,1,1
case_6df23e1d,1,1,1,1,0,1
case_fae86c71,1,1,1,1,1,1
case_ab392276,1,1,1,1,1,1
case_0133d0ed,0,1,1,1,1,1
case_d1cfb284,0,1,1,0,1,0
case_d1b9f9ed,0,1,1,0,1,1
case_a470bc6b,1,1,1,1,1,1
case_5f3f42d2,1,1,0,1,1,1
case_8c378b7f,0,1,1,1,0,1
case_1cf14b73,1,0,1,0,1,1
case_ed988e11,0,1,1,0,1,1
case_fb008162,1,1,1,1,1,1
case_a1627ea0,0,0,1,0,0,1
case_53daf1ab,1,1,1,1,1,1
case_a080b63e,1,1,1,1,1,1
case_21645c8a,0,1,1,0,1,0
case_b00ea73f,0,0,1,0,0,1
case_90909b11,0,1,1,0,0,1
case_b8302b89,0,0,1,1,1,1
case_8e3bcfcc,1,1,1,1,1,1
case_f621b5ba,0,1,1,0,1,1
case_d1277e09,1,0,1,1,1,0
case_40862059,0,1,1,1,0,0
case_f3234f94,0,0,1,1,1,1
case_36d8f73b,1,1,1,1,1,1
case_3b06513b,1,1,1,1,1,1
case_25d28db5,0,1,1,0,1,0
case_e12c779a,1,1,1,1,1,1
case_9beea510,0,1,1,1,1,1
case_0f73a021,1,1,1,1,0,1
case_9ceed9fa,1,0,1,0,1,1
case_52bc3fe1,1,1,1,1,1,1
case_529f0826,1,1,1,1,1,1
case_8342ddda,1,1,1,1,1,0
case_b609e176,0,0,1,1,1,0
case_8d0aeaa0,1,1,1,1,1,1
case_0d0e4c82,0,1,1,1,1,0
case_350316b7,1,1,1,1,1,1
case_86e526cb,0,1,1,0,1,1
case_fc0f5b5c,0,1,1,0,0,1
case_2ad8a493,1,1,1,1,1,1
case_25d876d6,0,1,1,0,1,1
case_01b16470,0,1,1,1,1,1
case_1fbffc9f,0,1,1,1,1,1
case_63c7f1dd,0,0,1,1,1,1
case_8a7abd87,1,0,1,1,1,1
case_ada40e66,0,1,1,1,1,0
case_9f345f94,0,1,1,0,1,1
case_e4dbd1e7,1,0,1,1,1,1
case_d0317062,1,0,1,1,1,1
case_ad8d5e10,1,0,1,0,0,0
case_928acf72,1,1,1,1,0,1
case_d4a7bcc3,0,0,1,1,1,1
case_a83ac692,0,1,0,1,1,0
case_dbb71224,1,0,1,1,0,1
case_3f1f21e4,0,0,0,0,1,0
case_4b8c86bc,1,0,1,0,1,1
case_221117a2,1,0,1,1,0,1
case_f88c9c4a,1,1,0,0,0,1
case_63f4639a,1,1,1,0,1,1
case_865059a0,0,1,1,1,1,1
case_5a4619b0,0,1,0,1,1,1
case_683f4811,1,1,1,1,1,1
case_d167c2da,0,1,1,0,1,1
case_7ba87099,0,1,1,1,0,1
case_44dfeb89,1,1,1,0,1,1
case_496b9e03,1,1,1,1,1,1
case_bee18bef,1,1,1,1,1,1
case_0c5ab7ef,1,0,1,1,0,1
case_a1564c1b,1,1,1,1,1,1
case_67bb4e97,1,0,0,1,0,0
case_32a56f2d,1,1,1,1,0,1
case_c9327ceb,1,0,1,0,1,1
case_34afe8c0,1,1,0,1,1,1
case_3ace9d19,1,1,1,1,0,1
case_b26ed5e0,0,1,1,1,1,1
case_f356a585,0,1,1,1,1,1
case_c05983be,1,1,0,1,1,1
case_1623338c,0,0,1,0,0,1
case_1a3841fc,0,1,1,0,0,0
case_5d3610bb,0,0,1,0,1,1
case_ef2e8329,1,1,1,0,1,1
case_79538b57,1,1,1,1,1,1
case_d75acd3e,0,1,1,0,0,1
case_e3f3733c,0,1,1,1,1,1
case_da3bbb5d,1,1,1,0,0,1
case_5a231fa6,1,0,1,1,1,1
case_925a4dd0,1,0,1,1,1,1
case_59516be2,1,1,1,1,1,0
case_b8aec56e,1,1,0,0,1,1
case_eba0a098,1,0,1,1,1,1
case_08bd9709,1,1,1,0,0,1
case_e926d1ab,0,1,1,1,0,0
case_abcad0e9,0,0,1,1,1,1
case_827a1a5a,0,0,1,0,1,1
case_48416f6c,1,0,1,1,1,1
case_94c67411,0,0,0,1,1,1
case_e0c007b6,0,0,1,0,1,0
case_2ed4769a,1,1,1,1,1,1
case_19a496c7,1,1,1,1,1,1
case_d873b223,0,0,1,1,0,1
case_7d7904ca,1,1,1,1,1,1
case_05e27c77,1,0,1,0,1,1
case_01c2b42e,1,0,1,0,0,0
case_d3a0d3e9,1,0,1,1,1,1
case_d3c3b090,0,0,1,1,1,1
case_258656af,1,0,1,0,1,1
case_84c3cba3,0,0,1,1,1,1
case_fdf66e0e,0,1,1,1,1,1
case_a338f290,1,1,1,1,0,1
case_10aeb0dd,1,0,1,1,1,1
case_e30abe78,1,1,1,1,1,1
case_28b989be,0,1,1,1,0,0
case_1481de4c,1,1,1,1,1,1
case_5d376e33,1,1,1,1,0,1
case_cd3c3e6f,1,1,1,1,1,1
case_f4fd6d22,1,1,1,0,1,1
case_cb061e22,1,1,1,1,1,1
case_dbcc73af,1,1,1,1,0,1
case_956d87b9,1,0,1,0,1,1
case_41d27147,0,0,1,1,1,1
case_ccd9d110,0,1,1,1,1,1
case_f80df635,1,1,1,1,1,1
case_29b799a8,1,1,1,1,0,1
case_8473a29d,1,1,1,0,0,1
case_a2f15dc2,1,1,1,0,1,1
case_51bd07db,1,1,1,1,1,1
case_5aa97796,0,1,1,1,1,1
case_f37a55eb,1,0,1,0,1,1
case_e25edc03,0,1,1,1,0,1
case_0cf53ca6,0,0,0,1,1,1
case_5f5ab06d,1,1,1,1,0,1
case_1fa8d7b9,1,1,1,0,1,1
case_7858cba7,0,0,1,0,1,1
case_a899e7f3,0,1,1,1,1,0
case_0568e15e,1,0,1,1,0,1
case_0ac262ca,0,1,1,1,1,1
case_bee9704e,1,0,1,0,1,1
case_a07750b1,0,1,1,1,1,1
case_d79c9f85,0,0,1,0,1,0
case_0b68c2a7,1,0,1,1,0,1
case_da9cc7ac,1,0,1,1,1,0
case_e0c9cde5,1,0,1,1,1,0
case_8ec3cc48,1,1,1,1,1,1
case_88b9522b,0,0,1,1,1,1
case_d51cd87c,1,1,1,1,0,1
case_40a0cc8d,1,1,1,0,1,1
case_b214e823,0,0,1,0,0,1
case_af079d35,0,1,1,1,1,1
case_418bfb15,0,1,0,1,1,1
case_4d410b10,1,1,0,1,0,1
case_2d18a23e,1,1,0,1,1,1
case_6d1dbb92,0,0,1,0,0,0
case_f3f0a933,0,0,1,1,0,1
case_c572d93d,0,0,1,0,0,1
case_442c4678,1,1,1,0,1,1
case_f2639090,0,1,1,1,1,1
case_70111dbb,1,1,1,1,1,1
case_430e1d14,1,0,1,1,1,1
case_6ec8762e,1,0,1,0,1,1
case_8017ccf6,1,1,1,0,0,1
case_cbac7a08,1,1,1,1,0,1
case_e1bbbc5a,0,1,0,0,0,1
case_6cecff5a,0,1,1,1,0,1
case_89301e21,1,1,1,0,1,1
case_a0b5385b,0,0,1,1,0,1
case_a18c3961,1,1,1,1,0,1
case_244b665f,1,0,1,1,1,1
case_4fd2ba36,0,0,1,0,1,1
case_a62c8f95,0,1,1,1,1,1
case_c69ca3da,0,0,1,0,0,1
case_9538722c,0,0,1,1,0,0
case_a1883b9b,0,1,1,1,1,1
case_fac9143e,0,0,1,1,1,0
case_c92a73b8,1,1,1,1,0,1
case_727309a6,1,0,1,0,1,1
case_64bb4a32,0,1,1,0,1,1
case_95bb3f89,0,1,1,0,1,1
case_19afc85e,0,0,1,0,1,0
case_16c7cee7,1,0,1,1,0,0
case_253ddcc9,0,0,1,0,0,0
case_aedb1a91,1,1,1,1,1,1
case_9c6c0889,1,0,1,0,0,1
case_0a1ce4f4,1,1,1,1,0,0
case_2f51f5c2,1,0,1,1,0,1
case_4c68698a,0,1,1,1,1,1
case_4f05049c,1,1,1,1,1,1
case_dc32ed11,1,1,1,0,0,0
case_7502deda,1,1,1,1,0,1
case_7b489c1b,0,0,1,0,1,1
case_7c0c183c,1,1,1,0,1,1
case_4b7eaf6d,1,0,1,1,1,1
case_17a8a8bc,1,0,1,1,1,1
case_6eb6b004,1,0,1,0,1,1
case_ece8a592,1,1,1,1,1,1
case_ad6d433c,0,1,0,1,0,0
case_f69d31d8,0,1,1,0,0,1
case_f882f132,1,1,1,1,0,1
case_8093d21d,1,0,1,1,1,0
case_0b4cac31,1,1,1,1,1,1
case_476f9b47,0,1,1,1,1,1
case_5bd2cd92,0,0,1,0,1,1
case_a7815ecd,1,1,1,1,1,1
case_48a93a47,1,1,1,1,1,1
case_b6c42e68,1,1,0,1,1,1
case_e2a22b57,1,1,1,1,1,1
case_e7845a93,1,1,1,1,1,1
case_5df9c8fe,1,0,1,1,1,0
case_b0de5e95,0,0,1,0,1,1
case_2d778797,1,0,1,1,1,0
case_70199a8f,1,1,1,1,1,1
case_b462a431,0,0,1,1,1,0
case_997f9790,0,1,1,1,1,0
case_e52ddfa4,1,0,1,1,1,0
case_4d26abbb,1,1,1,0,1,1
case_b5f2c09c,1,1,1,1,1,0
case_9354eaea,0,0,1,0,1,1
case_c7ba8982,0,0,1,1,1,1
case_dbbc952c,0,0,1,0,1,1
case_7735f97e,0,0,1,0,0,0
case_f7391450,0,1,1,1,1,0
case_cb4ac533,0,1,1,0,0,0
case_48fa3192,1,1,1,1,1,1
case_cd6e4cb8,1,1,0,1,0,1
case_21b512eb,1,1,0,1,1,1
case_dc500263,1,1,1,1,1,0
case_f822e917,0,0,1,0,0,1
case_df7de828,1,0,1,0,1,1
case_b85a2c3b,0,0,1,1,1,0
case_2c7fb702,1,1,1,0,1,1
case_04bcb354,1,1,1,0,1,1
case_9f5787aa,1,1,1,1,1,0
case_554989a0,1,0,1,1,0,0
case_adeaa89c,1,1,1,1,1,1
case_a88db04c,1,0,1,1,1,1
case_f2c891b4,0,1,1,1,1,1
case_528029f4,1,1,1,1,0,1
case_46160464,0,0,0,1,0,0
case_a2477cf0,1,1,1,1,0,1
case_79f18feb,1,1,1,0,1,1
case_294b03d2,1,1,1,1,1,1
case_98fd4099,0,0,1,1,0,1
case_3e032707,0,1,1,1,0,1
case_a0170959,1,1,1,1,1,0
case_19b85af7,1,1,1,1,1,1
case_ec4b0343,1,0,1,0,0,1
case_4caddb59,1,1,0,1,0,0
case_f652a30f,1,1,1,1,1,1
case_1f8b68e9,1,1,1,1,1,1
case_3e98bf07,1,1,1,0,0,0
case_2bf3b288,1,0,0,1,1,0
case_17881d71,0,0,1,1,0,1
case_a6957fa7,1,1,1,0,1,1
case_b8ec170f,0,0,1,1,1,1
case_49364833,0,0,1,1,1,1
case_73868cfb,1,1,1,0,1,1
case_aa43c35b,0,1,1,0,0,1
case_21fda698,1,1,1,1,1,0
case_b2d114b6,0,0,1,1,1,1
case_93f5fbf0,0,1,1,1,1,1
case_3a4c79c6,1,1,1,1,1,1
case_cfc761e6,1,0,1,0,1,1
case_dfaf9152,1,1,1,1,1,1
case_414de6dc,0,1,0,1,1,1
case_0b660510,1,1,1,0,1,1
case_2afb3cfa,0,1,1,1,1,0
case_a13ca448,1,1,0,1,0,1
case_770fd084,0,0,1,1,0,0
case_c4314e23,1,1,1,1,1,1
case_3aab152c,1,1,1,1,1,1
case_30297b7e,1,1,1,1,1,1
case_542846f9,0,0,0,0,1,1
case_c40739fc,1,0,1,1,1,1
case_3d107d3d,1,1,1,1,1,1
case_e6fade98,1,0,1,1,1,1
case_9275452c,1,1,1,1,1,1
case_485346a4,1,1,1,1,1,1
case_0bc7b581,0,1,1,0,0,1
case_1bffad9b,1,1,1,1,1,1
case_e04daf07,1,0,1,0,0,0
case_896ce6b9,1,1,1,0,1,1
case_0680ec76,1,1,1,1,1,1
case_b6f45267,1,0,1,1,1,1
case_b2e043e7,1,0,1,0,0,0
case_dec8bc56,0,0,0,1,1,0
case_7dc6f5fc,1,0,1,1,1,1
case_cb1ec5cf,1,0,1,1,0,0
case_54bac677,1,1,0,1,0,1
case_d9dec3e8,1,0,1,1,1,1
case_c0625549,1,1,1,1,1,0
case_ec063ad2,0,0,1,1,1,0
case_4546c4c2,1,1,1,1,0,1
case_56b27797,0,0,1,1,1,1
case_4d4063f5,0,0,1,0,1,1
case_588e89e8,1,0,1,1,0,1
case_71e34351,1,1,1,0,0,1
case_d5c2c4fb,1,1,1,0,0,1
case_457ab375,1,1,1,1,1,1
case_c8833d6e,1,1,1,0,1,1
case_4e0f0397,1,0,1,0,1,1
case_02e4ed62,1,0,1,1,1,1
case_d3388c89,0,0,0,0,1,0
case_6defd578,1,1,0,1,1,1
case_08516bef,0,1,1,0,0,1
case_e4440f95,0,1,1,0,1,1
case_2a7dd53e,1,1,1,1,0,1
case_8a2564fa,1,1,1,1,1,0
case_434d9cc0,0,0,1,0,0,1
case_d92604ac,1,1,1,1,0,1
case_67115707,0,1,1,1,1,1
case_72255bac,1,1,1,1,1,1
case_e445f2e3,1,1,1,1,1,1
case_3cd61fe1,1,0,1,0,1,1
case_e6f9a639,1,0,1,1,1,0
case_1d79be1d,0,0,0,1,1,1
case_2a02d0d0,1,1,1,1,0,1
case_b984f3e0,1,1,1,1,1,0
case_5ddb4e50,0,0,1,1,0,1
case_cf64f5a3,1,1,1,1,1,0
case_cea0ed95,1,1,0,1,0,1
case_74b8c5ee,1,1,0,1,1,1
case_adffd834,1,0,1,1,0,1
case_2019e47c,1,1,1,1,1,1
case_1532e393,1,0,1,1,1,1
case_cc7e642d,1,0,1,1,0,1
case_6d1ee640,0,1,1,1,1,1
case_98e7f7af,1,1,1,1,1,1
case_33ca6d53,0,0,1,1,1,1
case_b836facc,0,0,1,1,1,0
case_3ed28513,1,0,1,0,0,1
case_a904ebe8,0,0,1,0,0,1
case_bde2eea9,0,1,0,1,1,1
case_0a2b8913,1,0,1,1,1,1
case_38e1accd,0,0,1,0,1,0
case_eb409dbe,0,1,1,1,1,1
case_3d36f240,1,0,0,0,0,0
case_28ce6ad5,1,1,1,0,1,0
case_91345017,1,0,1,0,1,1
case_8086c0ac,0,1,1,1,1,1
case_84e28e71,1,0,1,1,0,0
case_a2ad66f4,1,0,1,1,1,1
case_67c68220,1,0,1,1,1,0
case_e1fc668a,1,0,1,0,0,0
case_e0c447c7,0,1,1,1,0,1
case_7e5d40b4,1,1,1,0,1,1
case_e9ad0560,1,1,1,1,1,1
case_4a2ae883,1,1,1,1,1,1
case_e4d2db54,1,1,1,1,1,1
case_667d9aff,0,1,1,0,1,0
case_a8c49ceb,1,1,1,1,1,1
case_47f23148,1,0,1,1,0,0
case_8a2951fa,1,0,1,1,1,1
case_afc73102,0,1,1,0,1,1
case_c08f5a1b,0,1,1,1,1,1
case_b93e2a81,1,0,1,0,0,0
case_3bc75c68,1,1,1,1,1,1
case_3d351d23,1,1,1,0,1,1
case_740543d8,1,1,1,1,1,1
case_d31b4ade,1,1,1,1,1,1
case_3084d6ad,1,0,1,1,1,1
case_41edb342,1,1,0,1,1,1
case_f49e9e1b,1,0,1,0,1,1
case_655cc5eb,0,1,1,1,1,1
case_1175c84c,1,0,1,1,1,1
case_d89fbe5e,1,0,1,1,1,1
case_29f2a0c5,0,0,1,1,0,1
case_2f3ba54f,1,1,1,1,1,1
case_6af45c7d,1,1,1,1,0,1
case_2eda2b08,0,0,1,1,0,1
case_3bb69c6a,1,0,1,1,1,1
case_681c84d3,0,1,0,1,1,1
case_f2b25f1e,0,0,0,1,0,0
case_c474163c,1,1,1,0,1,1
case_674e328b,1,1,1,1,0,1
case_c91e160a,0,0,1,0,0,1
case_3c558a31,1,1,0,1,1,1
case_b705e1f1,0,1,1,1,0,0
case_a7585a6a,1,0,1,1,1,0
case_04574d69,1,1,1,1,1,1
case_2725a758,0,0,1,1,1,1
case_30348c15,1,1,1,0,1,1
case_6d1e483f,1,1,1,1,1,1
case_9c205e73,1,1,0,1,1,1
case_b43c5048,1,1,1,0,1,1
case_15e7d265,0,0,1,0,1,1
case_19a126a2,1,1,1,1,1,1
case_18633821,0,1,1,1,1,0
case_961be517,1,0,1,0,0,1
case_a2f93afc,1,0,1,1,1,0
case_8e438d8c,0,1,0,1,1,0
case_15c32386,0,0,1,0,1,1
case_1233f1f8,1,1,1,0,1,1
case_b6697a3e,0,1,0,0,1,1
case_ebb3d942,0,1,1,1,1,0
case_8fe3dc6f,1,1,1,1,1,1
case_9be65016,0,1,1,1,0,1
case_deae61bb,0,0,1,0,1,0
case_ee3ac498,1,1,1,1,1,1
case_2b60ba35,1,1,1,1,1,1
case_6b16149b,1,1,0,0,1,1
case_79f578d4,0,0,0,0,1,0
case_94b91c36,1,0,1,1,0,1
case_2874aa8a,1,1,1,0,1,0
case_21b5d95d,1,0,1,1,0,0
case_6c7dd0dd,1,1,1,1,1,1
case_e8a80a61,0,1,1,1,1,1
case_4c5512f9,1,1,1,1,1,1
case_44114ade,0,1,1,0,1,1
case_903bd1cd,1,1,1,1,0,1
case_6448976a,1,0,0,0,1,1
case_d479b291,1,0,1,1,1,1
case_c397d043,1,0,1,1,1,1
case_68afc9f9,1,0,1,0,1,1
case_63a8b2a7,1,1,1,1,0,1
case_0fe7482d,0,0,1,1,0,0
case_69b1fb74,1,1,1,1,1,1
case_dd6ff73f,1,1,1,1,1,0
case_0312b127,0,0,1,0,1,1
case_e85cfb47,0,1,0,1,1,0
case_abb2d50e,1,0,1,1,1,1
case_54c0b8c6,1,0,1,1,1,1
case_fda949bb,0,0,1,1,0,0
case_629c0a99,1,1,1,0,1,1
case_51f01004,0,1,1,0,0,0
case_f04abbbb,1,0,1,1,1,1
case_405bc422,0,1,1,1,1,1
case_3b5aeada,1,0,1,1,1,1
case_be7d139a,0,0,1,1,0,1
case_0b96e034,1,1,1,1,1,1
case_5096effe,1,1,1,0,1,1
case_aca06842,0,1,1,0,1,1
case_d3ebac87,0,1,0,1,0,1
case_8c45ff4c,1,1,1,1,0,0
case_10dca629,0,0,1,0,0,0
case_6275a08e,0,1,1,0,1,1
case_587513c7,1,1,1,1,0,1
case_107807fb,0,1,0,1,1,1
case_6ddd73af,1,0,1,1,0,1
case_714e0df2,1,1,1,1,1,1
case_ed93ecec,1,0,1,1,1,1
case_0fcd82de,1,0,1,1,0,1
case_7d205c7a,1,1,1,1,0,1
case_fa904d22,1,1,1,1,1,1
case_f56d8876,1,1,1,1,1,1
case_cd502a75,0,1,1,1,1,1
case_0cc84800,1,0,1,1,1,1
case_d2730199,0,0,1,1,1,0
case_700153d6,1,1,1,1,1,1
case_c5c39fab,1,1,1,1,1,1
case_71815e8d,0,1,1,1,0,1
case_adef67cb,1,0,1,0,0,1
case_6a6191fb,0,0,1,1,0,0
case_57a45980,1,1,1,1,1,1
case_dba4496b,0,1,1,1,1,0
case_c535b287,1,0,1,1,1,0
case_b3603bff,1,1,1,1,1,0
case_933bb7cd,1,1,1,1,1,1
case_790977b3,0,0,1,1,0,0
case_933fe72c,1,0,1,1,1,0
case_f313adaa,1,1,1,1,1,1
case_e817dc48,1,1,1,1,1,1
case_d49be29c,1,1,1,1,1,1
case_704fa44d,1,1,1,1,0,1
case_bf182251,1,1,1,0,1,1
case_a446c020,1,0,0,1,0,1
case_84c0e1cc,0,0,1,0,0,1
case_2002e874,0,0,1,1,1,0
case_fae789ea,1,1,1,1,0,1
case_5c7e4b67,1,1,1,1,1,1
case_f3c20805,1,1,1,1,0,1
case_0b4ea745,0,0,1,1,1,0
case_2d2eaa61,1,1,1,1,1,1
case_f9131ef9,1,1,1,1,1,1
case_4ffbee21,1,1,1,1,1,0
case_1f5fd304,1,1,1,1,1,1
case_2b60352e,0,1,1,1,0,1
case_df9d9f5d,1,1,1,1,1,1
case_dc353633,1,1,1,1,0,1
case_01365c0a,1,1,1,1,1,1
case_6ef0e064,0,0,1,0,0,0
case_cb547998,1,1,1,1,1,1
case_ac106aba,0,1,1,1,0,1
case_aabc7a0f,0,0,1,1,1,1
case_87c556f8,1,1,1,1,1,1
case_d4c22c7a,1,0,1,1,1,0
case_fbefdc13,0,1,1,1,1,1
case_8340a455,0,1,0,1,1,1
case_964bc6cb,1,1,1,0,0,1
case_a5c02b82,1,1,1,0,0,0
case_2cbbdfbe,1,0,1,0,0,1
case_4f8384de,0,0,0,1,1,1
case_5367026d,0,0,1,0,0,1
case_b7c5ad59,1,0,1,1,1,1
case_3284f5fd,1,1,1,0,1,1
case_8560c838,1,1,1,1,1,1
case_9f289ac3,0,1,0,1,1,1
case_3c0be9ae,1,1,1,1,1,1
case_22fa2eac,1,0,1,1,1,1
case_bb963533,0,0,1,1,1,0
case_b9527b0d,1,1,1,0,0,0
case_ebb30acf,0,1,1,0,1,1
case_e9d51101,1,1,1,1,0,1
case_38809198,1,1,1,1,1,1
case_eaef6803,1,1,1,1,1,1
case_907fefd1,1,1,1,1,1,0
case_63c34c34,1,1,1,1,1,1
case_334a6cce,1,0,1,1,0,1
case_7cabdcff,0,0,1,0,1,1
case_189d44d2,1,1,1,1,1,1
case_cbd09184,1,0,1,1,1,1
case_7099b2b5,1,1,1,1,1,1
case_effc912d,0,1,0,1,0,0
case_56459f0f,0,0,1,1,0,1
case_2c06de10,1,0,0,0,0,0
case_d139bf89,1,1,1,0,1,1
case_19ace363,0,0,1,0,1,1
case_b852e05b,1,1,1,1,1,1
case_eae6a904,0,0,1,1,0,0
case_a635ba84,0,1,1,1,0,1
case_f5aebbe0,1,1,1,1,1,1
case_4f740215,0,1,1,0,0,1
case_69bb35d3,1,1,1,1,1,0
case_8fcfe2a7,1,1,0,1,1,0
case_089cdfc0,1,0,1,1,1,1
case_19aebcd3,0,1,1,1,1,1
case_079dfb1c,0,1,0,1,1,1
case_83873984,1,1,1,1,1,1
case_ba932e63,0,0,1,0,1,1
case_f641debf,0,0,1,0,0,1
case_247c11a2,1,1,1,0,0,0
case_bc44cc41,1,0,1,1,1,0
case_8be1a5cb,1,0,0,0,0,1
case_8aba9ce8,1,1,1,1,1,0
case_32d4b3f1,0,1,1,1,0,1
case_3500deb3,1,1,1,1,1,1
case_dd74ac49,0,0,0,0,0,1
case_44867964,0,0,1,1,1,1
case_f464f4a6,0,1,1,1,0,1
case_4295d7ce,1,0,1,1,1,0
case_4c30ea51,0,0,0,0,1,0
case_09c8c148,1,0,1,0,1,1
case_a2e06229,1,1,1,1,0,0
case_949548c2,1,1,1,1,1,1
case_2e0d44ca,1,1,1,1,1,0
case_f830f4e8,0,0,1,0,1,1
case_bde5c8e0,1,1,1,1,0,0
case_f53df0f3,0,1,1,1,1,1
case_3c882b77,1,1,1,1,1,1
case_6ceaffa9,0,0,1,0,0,1
case_8dd1a78b,0,1,1,1,1,1
case_663adf4e,0,1,1,0,1,1
case_14eb1976,1,0,1,1,1,1
case_4ad39721,0,1,1,1,0,1
case_950149e3,1,1,1,1,1,1
case_9c4fc98b,1,1,0,0,1,0
case_38ade7b2,1,1,1,1,1,1
case_0c6c623d,0,0,1,1,1,1
case_ce392bef,1,0,1,1,1,1
case_e67e7fee,1,0,1,1,1,1
case_548e303c,0,0,1,1,1,1
case_7a7ea989,1,1,1,0,1,1
case_dabbebbc,1,1,1,0,1,1
case_4070cd2f,1,0,1,0,1,1
case_fe99f23d,0,0,1,1,0,0
case_d829adfc,0,1,1,1,1,1
case_9453a4c8,0,0,1,0,1,1
case_b42cdce7,1,1,1,1,1,1
case_8e5efd41,1,0,1,1,0,1
case_b290c70d,1,0,1,1,0,1
case_e1b08203,0,0,1,1,1,1
case_5eb116ca,0,1,1,1,1,1
case_d7dd4729,1,1,0,1,0,1
case_144c6545,1,1,1,1,0,1
case_1920db4b,0,0,1,0,1,1
case_9ac156a5,1,1,1,1,1,1
case_a857f8af,0,0,0,0,0,1
case_37190279,1,1,1,0,1,1
case_4eefbf9d,0,0,0,1,0,1
case_40fd8345,0,1,1,1,1,1
case_959ee1e4,1,1,1,1,1,1
case_a515b85e,1,1,1,1,1,1
case_bf1aae39,1,1,0,0,0,1
case_49959902,1,0,1,0,1,1
case_9d2de462,1,1,1,1,1,1
case_1bbb36d2,0,0,1,1,1,1
case_9e0366d2,1,1,1,1,1,1
case_7fecdef9,1,1,0,0,1,1
case_138475f3,1,1,1,1,0,1
case_032f91bc,1,1,1,1,0,1
case_4d9ad335,1,0,1,1,1,1
case_391d79f5,1,1,1,1,1,0
case_ab488151,1,1,1,1,0,1
case_1a7b3898,1,0,1,1,0,1
case_364f7b50,1,1,1,0,1,1
case_9d41139f,0,0,0,1,0,0
case_bcd7fc42,0,0,0,0,0,1
case_5be3e0e2,0,1,1,1,1,1
case_3e1a983f,0,0,1,0,1,1
case_d6048e83,1,1,0,0,1,1
case_7a1a6dcd,0,1,1,1,1,1
case_3a1465e2,1,1,1,1,0,1
case_da2f70d5,0,1,1,1,0,1
case_d7b25498,0,0,0,0,0,1
case_8b320374,1,1,1,1,1,1
case_28f61bc2,1,1,1,1,0,1
case_e592851e,0,0,1,1,1,1
case_65102202,1,1,1,1,1,1
case_5caf765a,0,1,1,0,1,0
case_982fe919,1,1,1,1,1,0
case_b28bfb24,0,0,1,1,1,0
case_928820fa,0,1,1,1,1,1
case_9d658897,0,0,1,1,1,1
case_93053d18,1,0,1,0,1,1
case_5063587c,0,0,1,1,1,1
case_272939bf,1,1,1,1,1,1
case_1f104f38,1,1,1,1,1,1
case_9199a5cf,1,1,1,1,1,1
case_9225c6f0,0,0,1,1,1,1
case_827377a2,0,0,0,0,1,0
case_93d89481,0,1,1,1,1,1
case_3a9ca0f4,1,1,1,1,1,1
case_2a36aac9,0,1,0,0,0,1
case_3b22f537,0,1,1,1,0,1
case_3cce2ea2,0,0,1,1,0,0
case_d42f33c4,1,1,1,1,1,1
case_74c2fee7,1,1,1,1,1,1
case_d7c01c06,1,1,1,1,0,1
case_1ccfd73c,1,0,1,0,0,0
case_5bfbb296,1,0,1,0,1,0
case_1b906221,0,1,1,1,1,1
case_51cb3767,0,1,0,0,0,1
case_b36f50a3,1,1,1,1,1,1
case_e161b49e,0,0,1,1,0,1
case_ad014ddd,0,1,1,1,1,1
case_8bb4214f,1,0,1,1,1,1
case_7eeb6a82,0,0,1,0,1,0
case_f40705fb,1,0,1,1,0,1
case_a0889903,0,0,1,1,1,1
case_2f7e949a,0,0,1,0,1,0
case_ddcdd85f,1,0,0,0,1,0
case_50460782,0,0,1,1,0,1
case_43c5404c,1,1,1,0,1,1
case_863bfcfe,1,1,1,1,0,1
case_47391a66,1,1,1,1,1,1
case_b7de8cb3,0,1,1,0,1,1
case_d2f1730f,1,1,1,1,1,1
case_38f594d7,1,1,1,1,1,1
case_1ca2cd5d,0,0,1,1,0,1
case_28d61fa6,1,1,1,1,1,0
case_002154c9,0,1,1,1,1,1
case_b54959ff,1,1,1,1,1,1
case_9ac4db56,0,1,1,0,1,1
case_d61fb37a,1,1,1,1,1,1
case_5f86dfdd,1,0,1,1,0,1
case_227201f3,0,0,1,1,1,0
case_a13f93c6,0,1,0,1,1,1
case_f50d551e,1,1,1,0,1,1
case_addf431a,1,1,1,1,0,1
case_15fdedad,0,1,1,0,0,1
case_e3d084ac,1,0,1,1,0,0
case_71e9afb5,0,1,1,1,1,1
case_7eb94e14,0,0,1,0,1,1
case_55f243e4,1,0,1,1,1,1
case_0b032b3d,1,1,1,1,1,1
case_70bf565b,0,1,1,1,1,1
case_abd64df7,1,1,1,0,1,0
case_dbd48c94,1,1,1,1,1,1
case_13696ebb,1,0,1,1,1,1
case_e164e530,1,1,1,1,1,1
case_a8552d41,1,0,1,1,1,1
case_4a7a62bd,0,0,1,0,0,1
case_ef431ccf,0,1,0,1,0,1
case_3a7929d2,1,1,1,1,0,1
case_d40ff9aa,1,0,1,1,1,1
case_403d7a06,1,1,1,1,1,1
case_e89e5cd8,1,1,1,0,0,0
case_dae33fd2,1,1,1,1,1,1
case_897bd2b4,1,1,1,1,1,1
case_f2facc73,0,0,1,0,1,1
case_50be7748,1,1,1,1,1,1
case_33ac3a34,0,0,1,1,1,1
case_518e31b5,1,1,1,1,1,1
case_95cfe84f,1,0,1,1,1,1
case_40a1cd9f,1,1,1,1,1,1
case_ba54aed1,1,0,1,1,1,1
case_9f00a4dd,0,0,0,1,0,1
case_69716ba1,0,0,1,1,1,0
case_79770dca,1,1,1,0,0,1
case_45b90dee,0,1,1,1,1,1
case_e56cba2b,1,0,1,0,1,0
case_02739bea,1,1,1,1,1,1
case_f48bbc5c,1,0,1,1,0,1
case_1c524b06,0,1,0,1,0,1
case_dd490ee6,1,1,1,1,1,1
case_937ca032,1,1,1,1,1,1
case_1cf817f8,1,1,0,1,1,1
case_98d7ac72,1,1,1,1,1,1
case_7c6a2ebe,1,1,1,1,1,1
case_0f90d537,0,1,1,1,1,1
case_8fff343c,1,1,1,0,1,1
case_98324ae7,0,0,1,1,1,1
case_1b33076e,0,1,1,1,1,1
case_634507a3,1,0,1,1,1,0
case_cdc4550e,1,1,1,1,1,1
case_332985cc,0,1,1,1,1,1
case_56d3c395,1,1,1,0,1,1
case_87f27d7a,1,0,1,1,0,1
case_2b40d274,0,1,1,1,0,1
case_3011f849,1,0,1,1,1,1
case_3c563ed7,1,0,1,1,1,1
case_1753ac99,1,1,1,1,1,1
case_0dd1792e,0,1,1,0,1,1
case_de403f5f,0,1,1,1,1,0
case_f0927314,1,1,1,0,1,1
case_68302bf0,0,1,0,1,1,1
case_53e17f41,0,0,1,1,1,1
case_63b06286,0,1,1,0,1,0
case_343caaa5,0,0,1,1,0,1
case_c8c5c347,0,0,1,1,1,0
case_f69fb3f3,0,1,1,1,1,1
case_75fb4e2b,1,1,1,1,1,1
case_ded0479e,0,0,1,0,0,0
case_0ff9985a,0,1,0,1,0,0
case_a2ad2079,1,1,1,1,1,1
case_a757ef4e,0,1,1,1,1,1
case_bd0de3f6,1,1,1,1,1,1
case_f772a357,1,1,1,1,1,1
case_246004c2,1,0,1,1,1,1
case_349b342f,1,1,1,1,1,1
case_03f49ef3,0,1,1,1,1,1
case_b1ce25d9,0,0,0,1,0,0
case_e3e3e727,0,1,1,1,1,1
case_eedae954,1,0,0,1,0,1
case_cf9227fa,1,1,1,0,1,1
case_4f00d859,1,1,1,1,1,1
case_0ef3d6f9,1,1,1,1,1,1
case_691886c1,0,1,1,1,1,1
case_f50d3bb5,0,1,1,0,1,0
case_c8ecd963,1,0,1,1,1,1
case_dc92d9c0,0,0,1,0,0,0
case_2dfdb340,1,1,1,1,1,1
case_40f08341,0,0,0,0,0,0
case_ab59acb3,1,1,1,1,1,1
case_82925aed,0,1,1,1,1,1
case_90a100f1,1,1,1,1,1,1
case_f46f9658,1,0,1,1,1,0
case_79f629bd,0,0,1,1,1,1
case_f7315464,1,1,1,0,1,0
case_83cd34b6,1,1,1,0,1,1
case_f78415d6,1,0,0,1,1,1
case_9bb913bf,1,1,1,0,1,1
case_07fb9121,0,1,1,1,1,1
case_de6cf22f,1,1,1,1,1,1
case_288478a9,1,1,1,1,1,1
case_c05333b4,0,1,1,1,1,0
case_5a2124da,0,0,1,0,1,1
case_a50239b7,1,1,1,0,1,0
case_f0486b2f,1,1,1,1,0,1
case_521d6a0b,0,0,1,1,1,1
case_235a9746,1,1,1,1,1,1
case_609a2566,0,1,1,1,1,1
case_1de9121a,0,1,0,0,0,1
case_9307f905,1,0,1,0,1,0
case_d919a789,1,1,1,1,1,1
case_d18f5764,0,1,1,1,1,1
case_7e786403,1,1,1,1,0,0
case_04bd1a91,1,1,1,0,1,1
case_16ffd4ea,1,1,1,0,0,1
case_8fbe46b7,0,1,1,0,1,0
case_aa35b451,0,1,1,1,1,1
case_689c1d07,1,1,1,1,1,1
case_6d6c8d90,1,0,1,0,0,1
case_6eed63e2,1,1,1,1,1,1
case_03007504,0,0,0,1,0,1
case_63e1148d,1,1,1,1,0,1
case_839172e6,1,1,1,1,1,0
case_a546e1cb,0,0,1,1,1,1
case_0bc65450,1,1,1,1,0,1
case_697fcc83,0,0,1,1,1,1
case_ca0e7e37,1,1,1,1,0,1
case_466dd3f1,1,0,1,1,1,1
case_30204afc,0,0,1,0,0,1
case_1a16e979,1,1,1,1,0,1
case_476496dd,0,1,1,0,1,1
case_1fbb37aa,0,1,1,1,1,1
case_4f481608,0,1,1,1,1,0
case_4d1190cf,1,1,1,1,1,1
case_11b18d37,1,1,1,1,1,1
case_da7d58c0,0,1,1,1,0,1
case_deee240f,1,1,1,1,1,1
case_fbe4088c,1,1,1,1,1,1
case_1e67729e,1,0,1,1,0,1
case_491cd240,1,1,1,1,1,1
case_17ddc64c,1,0,1,1,0,0
case_4d316a66,1,1,1,1,1,0
case_6b74876b,1,1,1,1,1,1
case_6f5b576e,0,0,0,0,1,0
case_9bef5588,1,1,1,1,1,1
case_5f8b145e,0,0,1,0,1,1
case_afb4e605,0,1,1,1,0,1
case_27d25a68,0,1,1,1,1,1
case_8b6cf081,0,0,1,1,1,1
case_aaaa35e9,0,0,1,1,1,1
case_700c6567,1,1,1,1,1,1
case_97927b86,1,0,1,1,0,1
case_57e7aed0,0,1,1,0,1,0
case_d90ae0d8,1,0,1,0,1,1
case_1fbe267f,0,1,1,1,1,1
case_7dc08a6a,1,1,1,1,1,1
case_345fe43c,1,1,1,1,0,0
case_3785d320,1,1,1,1,1,1
case_2d18a5a3,0,0,1,0,1,1
case_252506a3,0,0,1,1,1,0
case_8b205c20,0,1,1,1,0,0
case_31439d12,0,1,1,1,1,1
case_829a9d00,0,1,1,0,1,1
case_ff7f59c1,0,1,1,1,1,1
case_cb5d80d4,1,1,1,0,1,1
case_94da6b72,1,1,1,1,0,1
case_bf211e5a,1,1,1,1,1,1
case_a9a6cb0f,1,0,1,1,1,1
case_900d6532,1,1,1,1,1,1
case_c661b403,1,1,1,1,1,1
case_6888008d,1,1,1,1,1,1
case_7480d88c,0,0,1,0,1,1
case_a395ae4c,1,1,1,1,1,1
case_6a5be170,1,1,0,1,1,1
case_b043e8fa,1,1,1,1,1,1
case_cdf3481a,0,1,1,1,1,1
case_e20f088c,1,1,0,1,1,1
case_23cf3e07,1,0,1,0,0,1
case_42f306ae,1,1,1,1,0,1
case_0b3a7a1e,1,1,1,1,1,1
case_d2876a06,0,1,1,1,1,1
case_013fb292,0,1,1,0,1,1
case_62c74312,1,1,1,1,1,1
case_93ef6257,1,1,1,0,1,1
case_8186610e,1,1,1,1,1,1
case_dfe93ae0,0,0,1,1,0,1
case_75fc7a45,1,1,1,1,1,1
case_4c174176,1,1,1,1,1,0
case_73092217,0,1,1,1,1,1
case_06f38223,0,0,1,0,0,1
case_0c64e032,0,1,1,1,1,1
case_4d0b01ea,1,0,1,0,1,1
case_a95e23a2,1,1,0,0,0,1
case_64374985,1,1,1,0,1,1
case_e5a4fdca,1,1,1,1,1,1
case_b26fb110,1,0,1,1,1,1
case_ecc3c13b,1,1,1,1,1,1
case_606c850c,0,1,1,1,1,1
case_4d536418,1,1,0,0,1,1
case_a57fd2eb,1,1,1,1,1,1
case_63538731,1,1,1,1,1,1
case_7f811078,1,1,1,1,1,1
case_8451b0bc,1,1,1,1,1,1
case_ea37ccc3,1,0,1,1,0,0
case_d285eda0,1,1,1,1,0,1
case_ef16bcf0,1,0,1,0,1,0
case_c9a59efb,0,1,1,1,0,1
case_4ce3725e,0,1,0,1,1,1
case_85d2dd39,1,1,1,0,1,1
case_84b40919,1,1,1,1,1,1
case_ff712fd6,1,1,1,1,1,1
case_b6e583a6,1,1,1,1,0,1
case_e2f6a5c3,1,0,1,1,1,1
case_8cbecb28,1,1,1,1,0,1
case_5afb0143,0,0,1,0,1,1
case_2eb0df97,0,0,1,0,0,1
case_e0937d5d,1,0,1,0,0,1
case_8681491f,1,1,1,1,1,1
case_c4b54e49,0,1,0,1,1,0
case_c771a989,1,1,0,1,1,1
case_e4f3e7c3,1,1,1,1,1,0
case_5d6927a2,1,1,1,1,1,1
case_4c61e360,0,0,1,0,0,0
case_b4d715e7,1,1,1,1,1,0
case_c40c656e,1,1,1,1,1,1
case_3bf3f539,0,1,1,0,0,1
case_5d61db68,0,1,1,1,1,1
case_23e7c27a,0,0,1,1,0,0
case_d9cc332a,0,0,1,1,1,1
case_5334bfc3,0,1,0,1,0,1
case_1a2bf623,0,1,1,1,0,1
case_09b7240d,1,1,1,1,0,1
case_4cca14d2,1,0,1,0,1,1
case_d2759078,1,0,1,1,1,1
case_1f6729dc,0,0,1,1,0,1
case_cae087bf,1,1,1,1,1,1
case_d0eee852,0,1,0,0,1,0
case_cb043e7c,0,1,1,1,0,1
case_7c001ca7,1,1,1,1,1,1
case_419891ad,0,1,1,1,0,1
case_75c57725,1,1,0,1,1,1
case_de6cfb4a,1,0,1,0,1,0
case_3b0dce29,1,1,1,1,1,1
case_2e9136d6,1,0,1,1,1,1
case_4a8b93de,0,1,1,1,1,1
case_ad705ae3,1,0,1,0,1,1
case_902df504,0,0,1,0,0,0
case_a698e09f,1,1,1,1,1,1
case_2a0c0528,0,1,1,1,1,0
case_83b2e853,1,1,1,1,1,1
case_049b99de,0,1,1,1,1,1
case_1fe962ac,0,1,1,1,1,0
case_ad4e3011,1,0,1,1,0,1
case_2f383de4,0,0,1,1,1,1
case_845ceb30,0,1,0,0,1,1
case_9d3ae86c,0,0,1,0,1,1
case_ba438e24,1,1,1,1,1,1
case_36fc4d80,1,1,1,1,1,1
case_3933c47a,1,0,1,1,0,1
case_bb529653,1,1,1,1,1,1
case_0b357be5,0,0,0,1,1,1
case_e59094e0,0,0,1,1,1,1
case_c9fdb6ee,0,0,1,1,0,1
case_3fef732d,1,1,1,1,0,1
case_1fa0c48d,1,1,1,1,1,1
case_9b60e24f,1,0,1,1,1,1
case_be2e6d6f,1,1,1,1,1,1
case_f68306e8,1,0,1,1,1,1
case_c5219b40,0,0,0,0,0,0
case_b4d7884c,0,1,1,1,0,1
case_603c2f33,0,1,1,1,1,1
case_86ab2152,1,1,1,1,1,1
case_68cd0a4b,1,1,0,0,0,1
case_9d830a59,1,0,1,1,1,1
case_02a008d6,0,0,1,0,0,1
case_392dbc81,0,0,0,1,1,1
case_896301e9,1,1,1,1,0,0
case_2d8ad0c1,0,1,0,0,0,1
case_2fd0bb20,0,0,1,1,0,1
case_589cbfe8,1,0,1,1,1,1
case_402f368e,1,0,1,1,1,1
case_dae30fb5,1,0,1,1,1,1
case_e3a43c97,0,1,1,1,1,1
case_1663d4e5,0,0,1,0,1,0
case_0ea7ff6e,1,0,1,1,1,0
case_018ed6f3,1,0,1,1,1,0
case_f5e691ce,0,0,1,1,1,1
case_02b0cdde,1,1,1,1,1,1
case_81d67620,0,0,1,1,1,0
case_4da5874d,1,1,1,1,1,1
case_1cbf2dd9,1,1,1,0,1,1
case_3c1d20c2,1,0,1,1,1,1
case_eecd2945,0,0,0,0,0,1
case_281673fa,1,1,1,1,1,0
case_6fa0bba5,1,1,1,1,0,1
case_80caed45,1,0,1,0,1,1
case_8538328d,1,0,1,1,1,1
case_382c3ab0,1,1,1,1,1,1
case_24c345aa,1,1,1,0,1,1
case_40a81d2b,0,0,1,0,1,1
case_90c34df9,1,0,1,1,1,1
case_c1d13821,1,1,1,1,1,1
case_58b72e36,1,1,1,0,0,0
case_777d45c6,0,1,1,1,1,1
case_145e9fe5,1,1,0,1,1,0
case_b4b0442e,1,1,1,1,1,1
case_34da5d24,0,0,1,1,1,1
case_ecc060c5,0,0,0,0,0,0
case_f2c3685f,1,1,1,1,0,1
case_2a42804e,1,1,1,0,1,1
case_e71eb828,1,1,0,1,0,1
case_f5cdd6e8,0,0,1,1,1,1
case_0a5a3711,1,1,1,1,1,1
case_1c67776f,1,0,1,1,1,0
case_44a53168,1,1,1,1,1,1
case_0938c7f4,1,0,1,1,1,1
case_c5785602,1,1,1,1,1,1
case_772a75bd,0,1,1,0,1,1
case_a397e569,1,1,1,0,0,0
case_1b800dc2,1,1,1,1,1,1
case_557c491f,1,1,1,1,1,1
case_91cf05c6,0,0,1,1,1,0
case_50024a38,1,1,1,1,0,1
case_c69c1ca6,0,1,1,1,1,0
case_2408e537,1,1,1,1,0,1
case_f4a10abc,1,1,1,1,1,0
case_35f326ae,1,0,1,1,0,1
case_018c0265,0,0,1,1,1,1
case_ef438213,1,1,1,1,1,1
case_e89715ba,1,1,1,1,1,1
case_de58355b,0,1,1,1,1,1
case_f2272916,0,1,1,1,1,1
case_5616400b,1,1,1,1,0,1
case_7b516fb4,1,1,1,1,1,1
case_9eebcd06,1,1,1,1,0,1
case_8425c89d,1,1,1,0,1,1
case_aed3d84a,1,0,1,1,1,1
case_88549946,1,0,1,1,1,1
case_95b2778e,1,1,1,1,1,1
case_3a902aa7,0,0,0,1,0,1
case_fb9a766f,1,0,1,1,1,1
case_9f600fbc,1,1,1,1,1,1
case_35e6bbf7,1,1,1,1,1,1
case_28c2524c,1,1,1,1,1,0
case_e80eadee,0,1,1,0,1,1
case_13003d88,1,1,1,1,1,1
case_29c8bae2,1,0,1,1,1,0
case_7567078d,1,1,1,1,0,1
case_54b30bb5,1,1,1,0,0,0
case_b9b8ef21,0,0,1,1,1,1
case_c32f1caf,1,1,1,1,1,1
case_458da849,1,0,1,1,0,1
case_81083c86,0,1,1,1,1,1
case_1ebe7f60,1,0,1,1,1,1
case_5f80882b,1,0,1,1,0,0
case_90252f64,1,1,1,1,1,1
case_f11c29ff,0,0,1,1,1,1
case_1b2a7bb3,1,1,1,1,0,1
case_6ea5c24f,1,1,1,1,1,1
case_b0e0f3e3,1,1,1,1,1,0
case_47058f6c,1,1,1,0,1,1
case_fc500c19,0,0,1,0,0,1
case_77b91733,1,0,1,0,1,1
case_ef8f15f7,1,0,1,0,1,0
case_802d15a5,1,1,0,0,0,1
case_520c0e8e,1,1,1,1,1,1
case_1d4579dd,0,0,0,0,0,1
case_8bbe3823,1,0,1,1,0,1
case_47be042c,0,0,1,0,1,0
case_efe9ebac,1,0,0,1,1,1
case_d955ac63,1,1,1,1,1,1
case_86ed7082,1,1,1,1,1,1
case_39352102,1,1,1,1,1,1
case_b0112436,1,1,1,1,1,1
case_ee423c3c,0,1,1,1,1,1
case_e1437ebf,1,0,1,1,1,1
case_4eb8dc66,1,1,1,0,1,1
case_1c938ddf,0,1,1,1,1,1
case_48e6dddd,1,1,1,1,0,1
case_ca0435ef,0,1,0,1,1,1
case_11a5ee8c,1,0,1,1,0,1
case_10520183,0,0,1,1,1,1
case_cad671d5,0,1,1,0,1,1
case_4e598a6d,1,0,1,1,1,1
case_c47933b4,1,1,1,1,1,1
case_90cfcfc9,0,0,1,0,0,0
case_7506ccf0,1,1,1,1,1,1
case_949a6a01,1,0,1,1,1,0
case_a1ba1918,0,1,1,0,0,1
case_05b87656,1,0,1,1,1,1
case_33ae71ef,1,1,1,0,1,1
case_9b3fcf69,0,1,1,1,1,0
case_1807a563,1,1,1,0,1,1
case_123b0728,0,0,0,0,1,1
case_f358d237,1,1,1,1,1,1
case_9d6bdda5,1,1,0,0,1,0
case_3de375c5,1,1,1,0,0,1
case_0c0247b1,1,1,1,1,1,1
case_a5794372,0,0,1,1,1,1
case_3e4af9cf,0,1,0,1,1,1
case_ccea5a9a,0,1,1,1,1,1
case_7d8712c6,1,0,1,1,1,0
case_e64e9425,1,1,1,1,1,1
case_e516dfb3,1,0,1,0,0,0
case_f8c2de6c,0,0,1,0,0,1
case_1b935858,0,1,1,1,0,0
case_24e9e8bf,1,1,1,1,1,1
case_914b3f69,1,0,1,1,0,1
case_e70dc30a,1,1,1,1,1,1
case_37b844cb,0,0,1,0,1,1
case_c792b017,0,1,1,1,1,0
case_8719c755,0,0,1,1,1,0
case_d0bfaf85,1,1,0,0,1,1
case_9f7ba9a8,0,1,0,1,1,0
case_5cb7c20d,1,1,0,1,1,1
case_913a6366,1,1,1,1,1,1
case_d79e8d71,1,1,1,1,1,1
case_595a0ae0,1,1,1,1,1,1
case_3d4404b1,1,1,1,0,1,0
case_a6005815,0,0,1,1,0,1
case_b55a24ad,0,0,0,1,0,0
case_d5a7673d,0,1,1,0,0,1
case_cb2f7fa4,0,0,0,1,0,0
case_efd8e82d,1,1,1,0,1,1
case_f1f8b55f,1,0,1,1,1,1
case_2e1f8d3f,1,0,1,0,1,1
case_8dafe9e8,0,1,1,1,0,0
case_7803d85f,1,1,0,1,1,1
case_fa8cd3cc,1,1,1,1,1,0
case_3d06c71c,0,0,1,1,1,1
case_a698c59e,1,0,1,1,1,0
case_cf4fa262,1,0,1,1,1,1
case_d7cb3576,1,1,1,1,1,1
case_f965e23d,1,1,1,1,1,0
case_6a46f935,1,1,1,1,1,1
case_ebe6f185,0,0,1,1,1,0
case_6ac35562,1,0,1,1,1,1
case_f0043500,0,1,1,0,1,1
case_6ed475a7,1,0,0,1,1,1
case_6193f847,1,1,1,1,1,1
case_d19b5241,0,1,1,1,1,1
case_f9f568e2,1,0,1,1,1,1
case_48084af1,1,1,1,1,0,0
case_39c4b166,1,0,1,0,1,1
case_2ccabbd4,0,1,1,0,1,1
case_70038912,1,0,1,1,0,1
case_981ba23f,1,0,1,1,1,1
case_a95712f4,0,0,1,0,0,1
case_0e28ce48,1,0,1,1,0,1
case_f0c7a1ff,0,1,1,1,1,0
case_91502f3a,1,1,1,0,1,1
case_b4118677,1,0,1,1,0,1
case_afad4f15,0,1,0,1,1,1
case_5018bec6,0,1,1,1,0,0
case_13abcd92,1,1,1,1,1,1
case_f3b202d4,0,1,1,0,1,1
case_dc3bd5a7,0,0,1,1,0,0
case_5dcd277d,1,1,1,1,1,0
case_0e14bd5c,0,0,0,0,0,0
case_12e99d89,1,0,1,1,1,1
case_daf23110,1,0,1,1,1,0
case_e2507da8,1,0,1,0,1,1
case_bda09914,0,1,1,1,1,1
case_3f98c44f,1,0,1,1,1,1
case_08199ea7,0,1,1,1,0,0
case_cca61faf,1,1,1,0,1,1
case_e0da5a4a,0,1,1,1,1,1
case_5b16d4ec,1,0,0,0,0,0
case_81cd5f15,0,1,1,1,1,1
case_f21af087,0,0,1,1,0,1
case_d90f8c47,1,1,0,1,0,1
case_ec45d534,1,0,1,1,0,1
case_8a270f06,1,1,1,1,1,1
case_86f3ea65,1,0,0,1,1,1
case_cd0fcd9a,1,1,1,1,1,0
case_c30e9555,0,1,1,1,1,1
case_3aaf3022,0,0,1,0,1,0
case_4df648ca,1,0,1,1,1,1
case_59f88447,1,1,1,0,1,1
case_f8d04f95,0,0,1,0,0,1
case_7f10e894,1,1,1,1,1,0
case_744e48b5,1,1,1,1,0,1
case_70b92ee2,0,1,1,1,1,1
case_7048f066,1,1,1,1,1,1
case_3a27ad4e,1,1,1,0,1,0
case_ea22bfd2,1,1,1,1,1,1
case_98a61a4c,0,1,1,0,0,0
case_1edd4af3,1,1,1,1,1,1
case_bd1a55a8,1,1,1,1,1,1
case_9a3f2dc8,0,0,1,1,1,1
case_41ebeba4,1,1,1,1,1,1
case_d88c1df1,1,0,1,1,1,1
case_fd2d4b9b,1,0,1,0,1,1
case_2d54e360,0,1,0,1,0,1
case_ae07c69a,0,0,1,1,1,0
case_5a82e6b6,1,1,1,0,1,1
case_4b061dca,0,0,1,0,1,1
case_ec81bd10,1,1,1,1,1,1
case_d01f328f,1,0,1,1,1,1
case_03949c91,1,1,1,0,1,1
case_ae345152,1,0,1,1,1,1
case_3d7410f1,1,1,1,1,1,1
case_2c0d4b83,0,0,0,1,1,1
case_72dd704e,1,1,1,0,1,1
case_898b356b,1,1,1,1,1,1
case_cdc46b1c,1,1,1,1,1,1
case_af52172c,0,1,1,1,0,0
case_45de67d4,0,0,1,0,0,1
case_1ed29d7d,1,0,0,1,0,1
case_481c6be6,0,1,1,1,1,1
case_3ff41c06,1,1,1,1,1,1
case_85922286,0,0,0,1,1,0
case_f6875bee,1,0,1,1,1,1
case_a2a7756b,0,1,1,1,1,1
case_561f38a6,1,1,1,1,1,1
case_9da1160d,1,1,1,0,1,1
case_92e67a9f,0,1,1,1,1,0
case_c8e9a19c,1,1,0,0,1,1
case_1e2916e2,1,0,1,1,1,1
case_14b250ac,1,1,1,1,1,1
case_079ae680,1,1,1,1,1,1
case_1531f333,1,1,1,1,0,1
case_02a8994a,0,0,0,0,0,1
case_72f73f56,1,1,1,1,0,0
case_58d31b04,0,1,1,1,1,1
case_26896016,0,1,1,1,1,1
case_e4af1f21,0,1,1,1,1,0
case_88f41326,0,0,1,1,1,1
case_5ca74ffc,0,0,1,0,0,1
case_108ae933,1,0,1,1,1,0
case_d25d40ea,1,1,1,0,1,1
case_dd13e057,0,0,1,0,1,1
case_c380d538,0,1,1,1,1,1
case_45a0ec95,0,0,0,0,0,0
case_76cbafcf,1,1,1,1,1,1
case_2b58b1dc,1,1,1,0,0,1
case_79270969,0,1,1,1,1,1
case_d269cb1d,1,1,1,1,1,1
case_6ebdfd86,1,0,1,1,1,0
case_f0b38b18,1,0,1,1,1,1
case_58f801d2,1,1,1,1,1,1
case_c907edb6,1,1,1,1,1,1
case_83bae129,0,0,1,0,1,1
case_d111729b,1,0,1,1,0,0
case_bbf2034c,0,0,1,0,1,0
case_593b8f7c,0,0,1,0,0,0
case_f87834c2,0,1,1,1,0,1
case_2e63fbf1,0,1,1,1,1,0
case_b4f2cc43,1,1,1,1,1,1
case_dba5cc09,1,1,1,1,1,1
case_d26a0d8f,1,1,1,1,1,1
case_93d4bb58,1,0,1,1,1,1
case_bcd92183,0,1,0,0,1,1
case_3c689e62,1,1,1,1,1,0
case_351eb9d4,0,0,1,1,0,1
case_da2ed028,1,1,1,1,1,1
case_dfc59e11,0,0,0,0,0,1
case_1c4624af,1,1,1,0,1,1
case_749714f5,1,1,1,1,1,0
case_4fcf83b9,1,1,1,1,1,1
case_2eadef81,1,0,1,0,0,0
case_fa81eef1,1,0,1,1,0,1
case_f23470b5,1,1,0,1,1,1
case_c7c13c50,1,1,1,1,0,1
case_d58c4fc1,0,0,1,0,1,1
case_c22f1f02,1,0,1,1,0,1
case_06cac5f4,0,0,1,0,1,1
case_6f92426a,0,0,1,0,0,1
case_5ba7a7a7,1,0,1,1,1,1
case_bc0a504d,0,0,0,0,1,0
case_c99f01a2,0,0,1,0,1,0
case_a464486d,1,1,1,1,1,1
case_8c2c916f,1,1,1,1,1,1
case_1c72e585,1,1,1,1,1,1
case_2c54cb54,1,1,0,1,0,1
case_611df174,1,1,1,1,1,0
case_1407cc06,1,0,0,0,0,0
case_d20a5a98,0,0,1,1,0,1
case_686796ed,1,1,1,1,1,0
case_4c29702b,1,1,0,1,1,1
case_9e09b31b,1,1,1,1,1,1
case_90d573c3,0,0,1,1,1,1
case_b587eb5f,1,1,1,1,1,1
case_5b585ddf,1,1,1,1,1,1
case_48467d87,1,1,0,0,1,1
case_307a5fba,1,0,1,1,1,0
case_ad90248d,0,1,1,1,1,1
case_f83ad5fd,0,1,0,0,0,1
case_d1b773e7,0,1,1,1,1,1
case_14538219,0,1,1,0,1,1
case_34f8ed71,1,0,1,1,1,1
case_09fbab43,1,0,1,0,0,1
case_3bbbba52,1,1,1,0,1,1
case_119378c3,0,0,1,0,0,1
case_493c1f8d,1,0,1,0,1,1
case_06a83077,1,1,1,1,1,0
case_99d8e9f3,1,1,1,1,1,1
case_25c7a85b,1,0,1,1,1,1
case_ff4cb299,0,0,1,0,1,1
case_61cf9906,0,0,1,1,1,0
case_24a82ca0,0,0,1,1,1,0
case_a98b596c,1,1,1,0,1,1
case_381dcd10,0,0,0,1,1,1
case_53941ad9,0,1,1,0,0,1
case_c5c88b18,1,1,1,1,1,1
case_c982c61c,0,0,1,0,1,1
case_6944dff0,0,0,1,0,1,0
case_caab2fbd,0,0,1,0,1,1
case_f642edeb,0,0,1,1,1,1
case_00353c9a,0,0,1,1,0,1
case_e3964a7c,0,1,0,1,0,1
case_7d202934,1,0,1,1,1,1
case_89617a47,1,1,1,0,1,1
case_8c50a18c,0,0,0,1,1,1
case_7d803be9,0,0,1,1,0,1
case_c68353cc,1,0,1,1,1,1
case_f59ae175,0,0,1,0,1,1
case_6e2876ab,1,1,1,1,0,1
case_f1e66c62,0,0,0,1,1,0
case_6f5f5636,1,1,1,1,1,1
case_24be4d9a,1,0,1,1,0,1
case_94657564,0,1,1,1,1,1
case_f524526f,0,0,0,0,1,1
case_3ac21487,1,1,1,0,0,1
case_6b452c06,1,1,1,1,1,1
case_bc239b6c,1,1,1,1,1,1
case_f5a29268,0,1,1,0,1,1
case_389662b5,0,0,1,1,1,1
case_471f1f74,1,1,0,1,1,1
case_a937112c,1,1,1,1,1,1
case_74739e22,1,1,1,1,1,1
case_fd7777b9,0,0,1,1,1,1
case_6f7a59de,0,0,1,1,0,1
case_9b45cc73,0,1,1,1,1,1
case_a4251590,1,0,1,1,0,0
case_818ec1f0,1,1,1,1,1,1
case_b4e29686,1,1,1,1,0,0
case_0247a6da,1,1,1,1,1,1
case_79e04312,0,0,1,0,0,0
case_e17ef3fd,1,0,1,1,1,1
case_ec2bff0d,1,1,1,1,1,1
case_7d2f3510,0,0,0,0,1,0
case_34529780,1,1,1,1,1,0
case_c0a5341f,0,0,1,0,0,0
case_1fe5156e,0,0,1,1,0,1
case_680877ce,1,1,1,0,0,1
case_1624c7eb,1,0,1,0,1,1
case_bda5564d,0,1,1,0,0,1
case_76ba8f80,1,1,1,0,0,1
case_6bf7ac63,0,1,1,1,0,1
case_3bb63cd5,0,0,1,1,1,1
case_2bd36021,0,0,0,1,0,0
case_b052ade2,1,1,1,0,1,1
case_284837e5,0,0,1,0,1,0
case_f965b208,1,1,1,1,1,1
case_5c3bb2b4,1,1,1,0,1,1
case_f7e410c8,1,1,0,1,1,1
case_d7a32905,1,0,1,1,1,1
case_a9b0c018,1,1,1,1,0,1
case_050c2f81,1,1,1,1,1,1
case_8f3ba155,1,1,1,1,1,1
case_cd5253cb,0,1,1,1,0,0
case_ea26daad,0,1,1,1,1,1
case_02cc56e8,1,1,1,1,1,1
case_940eab8d,1,0,1,1,0,1
case_86521c82,0,0,1,1,0,0
case_3cbf9a68,1,1,1,1,1,1
case_d71f07ff,1,1,1,1,1,0
case_ddb73751,0,0,0,1,1,0
case_b82d9d03,1,0,1,0,0,0
case_04df6439,1,1,1,1,1,0
case_22ec0420,0,0,0,0,0,1
case_ae9e2069,0,1,1,1,1,0
case_c549c412,1,1,1,1,1,1
case_a04bf06b,0,1,1,1,1,1
case_01bc1892,0,0,1,0,1,1
case_731726dd,1,0,1,1,1,1
case_61ff560d,1,1,1,1,0,0
case_4acce7c7,1,1,1,1,1,1
case_ba165831,1,1,1,1,1,1
case_07ba6a40,1,1,1,1,1,1
case_b1165c3c,0,0,1,1,0,1
case_cf142e41,1,1,1,0,1,0
case_356e60fc,0,0,1,1,1,1
case_0db157de,1,1,1,1,1,1
case_cef2406b,1,1,1,1,0,1
case_1070e089,1,1,1,1,1,1
case_710057f3,0,1,1,0,0,1
case_91dc7ac3,1,1,1,1,1,1
case_384d87c8,1,1,1,1,1,1
case_b6e1682d,1,1,1,1,1,1
case_d4da7e1c,1,1,1,1,1,1
case_28d07ca4,1,1,1,1,1,1
case_e11a239e,0,1,1,0,1,1
case_43391bed,1,1,1,0,0,1
case_2806b8e9,0,1,1,1,1,1
case_9c1cddd4,0,1,1,1,1,1
case_4bc4ae75,1,1,1,1,1,1
case_a7843e65,1,1,1,1,1,1
case_b3a56fd7,1,1,1,1,1,1
case_07df02c1,1,1,1,1,1,1
case_af09d19f,0,1,0,1,0,1
case_1bbd6edb,0,0,1,1,0,0
case_65df2a3b,0,0,1,0,0,0
case_6f01341c,1,1,1,1,0,1
case_c343426a,0,0,1,1,0,1
case_d62ad1b0,1,1,1,1,0,1
case_5def56d0,1,0,1,0,1,0
case_9544c52e,1,0,1,1,1,1
case_6ec70b40,0,0,0,1,1,1
case_a5a7246e,1,1,1,1,1,1
case_0147c6e8,0,1,1,1,1,1
case_0d6945f8,0,0,1,1,0,1
case_198faff5,0,1,1,1,1,1
case_edf78a54,1,1,1,1,1,1
case_914f5a00,0,0,0,1,1,1
case_2355a2ef,0,0,1,1,0,1
case_92c4d94b,0,0,1,1,1,1
case_3717e472,0,1,1,0,1,1
case_36c4e2bd,1,1,1,1,1,1
case_d84d20b0,0,1,0,0,1,1
case_851c5ce9,1,0,1,0,1,1
case_34c28266,0,1,0,0,0,0
case_9a7e7fa5,0,1,1,1,1,1
case_11efbbea,1,1,1,0,1,1
case_6a2be41c,1,0,1,1,1,0
case_82baeb32,1,1,1,1,1,1
case_1e6e2684,1,0,1,1,0,0
case_813eeb03,0,0,1,0,0,0
case_49bd31f5,0,0,1,1,1,1
case_5682f9d2,0,0,0,0,0,1
case_04a118fc,1,1,1,0,1,1
case_5c68c4f9,0,0,1,0,0,0
case_c9338941,0,1,1,1,0,1
case_15e4dadf,0,0,1,0,1,1
case_ee389c73,0,1,1,1,1,1
case_73c9b254,0,1,1,1,1,1
case_5ba317de,1,1,0,1,0,1
case_afea7705,1,0,1,0,1,1
case_169d4ba3,0,0,1,1,1,1
case_1dda3e40,1,1,1,1,1,1
case_fcc8f825,1,1,1,1,0,0
case_3f459828,1,0,1,0,1,1
case_d2404df3,0,1,0,0,1,1
case_7cf61b93,0,1,1,0,0,0
case_ea1d1af5,1,0,0,1,0,1
case_7a2fe833,1,1,1,0,0,1
case_5ebce4bf,1,1,1,1,1,1
case_16637f6d,1,1,0,1,1,1
case_b8e9ff75,0,1,1,1,1,1
case_141c2322,0,1,1,1,0,1
case_b278f621,1,0,1,1,1,1
case_ac60b4ee,1,0,1,1,1,0
case_f9eb46c3,1,0,1,1,1,1
case_a4004f80,0,1,1,0,1,1
case_7a257997,1,1,1,1,1,0
case_3fc762f6,1,1,1,1,1,1
case_9d2d6a1c,1,0,1,1,0,1
case_6939d013,1,1,1,1,1,0
case_95ca3007,1,1,1,1,1,1
case_c00427ba,1,1,1,1,1,1
case_829cf3e5,0,1,1,1,1,1
case_2f1df8e4,1,1,1,1,1,1
case_3f48642c,1,1,1,1,0,1
case_ec222b22,0,0,1,0,1,1
case_555e8bfd,1,1,1,0,1,1
case_91911085,1,1,1,0,1,1
case_71d2e8fb,1,1,1,1,1,1
case_361cd91d,0,1,1,1,1,1
case_3e9b1b3a,1,1,1,0,0,1
case_c5e9fa9e,0,1,1,1,1,1
case_f1f6bb03,1,1,1,1,1,1
case_b37e850f,0,0,1,1,1,0
case_89d7a0bc,0,0,1,1,0,1
case_3f51d9ad,0,0,0,0,0,1
case_499e77f9,0,0,1,1,1,1
case_f7d491bb,1,1,1,1,1,1
case_d126cc40,1,1,1,1,1,0
case_5d545dd0,1,1,1,1,1,1
case_bc38ba62,1,0,1,1,0,1
case_721362fa,1,1,0,0,0,0
case_00405407,0,1,1,1,1,1
case_0dada4ce,0,0,1,1,0,1
case_c2aa2765,1,1,1,1,1,1
case_7df7c8cd,0,0,1,1,1,1
case_f02d90d6,0,1,1,1,1,1
case_0f089b2f,1,1,1,1,1,1
case_365e3cc8,1,1,1,1,1,1
case_f1f3a8ec,1,0,1,1,1,1
case_d836717f,1,0,1,1,1,0
case_c1eaad01,0,0,1,0,0,1
case_57c1f922,0,0,1,0,1,1
case_2df3881d,0,0,1,0,0,1
case_7f8de1e9,1,0,1,1,1,1
case_37725d5c,1,1,1,1,1,1
case_aae36325,1,1,1,1,1,1
case_fc9d78be,0,0,1,0,1,1
case_a722eaee,1,0,1,1,1,1
case_bbac0242,1,0,0,1,1,1
case_7de888ff,0,0,1,1,1,1
case_f1c3c690,0,1,1,1,1,1
case_4bb6dbf0,0,1,1,1,0,0
case_4d35a121,0,1,1,1,1,1
case_d90af92d,0,0,1,1,1,1
case_9825cab3,0,0,1,1,1,1
case_0fb8fc33,1,1,1,1,1,1
case_0d0d3c3d,1,0,1,1,1,1
case_1539f685,0,1,1,1,1,1
case_4bc14709,1,0,1,0,1,0
case_fb500204,1,1,1,1,1,1
case_dad0ea18,1,1,1,0,1,1
case_e3a26099,0,0,1,1,1,0
case_ab8d483d,1,0,0,0,1,1
case_19bcc912,1,1,1,1,1,1
case_409f5216,0,0,1,1,1,1
case_d8d568aa,1,0,1,0,1,1
case_30758937,1,1,1,1,1,1
case_7c0cbcb3,1,0,1,0,1,1
case_4a749e91,1,1,1,1,1,1
case_60d1d386,1,1,0,1,1,1
case_1845b86c,1,1,1,1,1,1
case_c38e94e5,0,1,1,1,0,1
case_1fda3850,0,1,1,1,0,1
case_3583a9f2,1,0,1,1,1,1
case_197c6076,1,1,0,1,1,1
case_4c322633,1,1,1,1,1,1
case_7bec637a,0,1,1,1,0,0
case_02b6fd6f,0,1,1,1,1,1
case_315202ab,0,1,1,0,0,1
case_18a2e84f,0,0,1,1,1,0
case_64fa596e,1,1,1,1,1,1
case_18ade3f8,1,0,1,1,1,0
case_8e4f5765,0,1,1,0,1,1
case_821bdc8b,1,1,1,1,1,1
case_698c452d,0,1,1,1,1,1
case_9ba24e9f,0,0,0,1,1,1
case_53b139e3,1,0,1,1,0,1
case_c633a636,1,1,1,1,1,1
case_1513e332,1,0,1,1,0,1
case_6592c785,1,0,1,1,1,1
case_e07a7273,0,1,1,1,0,1
case_5143c7ca,0,1,1,1,1,1
case_68d52810,1,1,1,1,1,1
case_a43d6362,1,0,0,1,1,1
case_9429c950,1,1,1,1,1,1
case_1595617e,0,1,1,1,0,1
case_ceb610ed,0,0,1,0,0,0
case_69aa5324,1,1,1,1,1,0
case_93997468,1,1,1,1,1,1
case_c24605d1,0,1,0,1,1,1
case_b263df82,1,1,1,0,1,1
case_ee6de7bc,1,1,1,1,1,1
case_841aabb3,0,1,1,1,0,1
case_e0dbcb8b,0,0,1,1,1,1
case_e623b7d2,1,1,1,1,0,1
case_2c71cb5d,1,0,1,1,1,1
case_323cf0c6,1,0,1,1,1,0
case_04f24a00,1,0,1,1,1,0
case_d101d911,0,0,1,1,1,1
case_0d9c9c75,0,0,1,0,0,0
case_8c0b8db4,0,1,1,1,1,1
case_8fbe91d2,0,1,1,1,1,1
case_ec4d17a0,0,0,1,0,1,1
case_78601164,1,0,1,1,0,1
case_3e9acadf,1,0,0,1,0,0
case_c577ce7a,1,1,1,1,1,1
case_73b98633,1,1,0,1,1,1
case_b0b14304,1,0,1,1,0,0
case_f95f842b,0,1,0,1,0,1
case_75bb58b6,0,0,1,0,0,0
case_ab216d75,1,1,1,1,0,0
case_34bff5ba,0,0,1,0,0,1
case_936cd51f,0,1,1,0,0,1
case_86105388,1,1,1,0,1,1
case_12025784,1,0,1,1,1,0
case_d0740623,0,0,1,1,0,0
case_e7596e3b,1,1,1,1,1,0
case_534861ac,1,1,1,1,1,1
case_f9b80522,0,0,1,0,1,1
case_8ca4eff5,1,0,1,1,0,1
case_e7c1ca11,0,0,1,0,1,1
case_0b35175d,1,1,1,1,1,1
case_c9d1d2bd,0,0,1,1,1,1
case_d57e0de0,1,0,1,1,0,1
case_0fc042c0,1,1,1,1,1,1
case_d02bc684,0,1,0,1,0,1
case_11419fab,1,1,1,1,1,0
case_d8843c4e,0,1,1,1,0,1
case_701b3cfc,1,1,1,1,0,0
case_c9af0974,1,1,1,1,0,0
case_b96ca746,0,0,1,1,1,1
case_aec18b6d,1,1,0,1,1,1
case_06b6ef1a,1,1,1,1,1,1
case_b5ffb0f1,1,0,1,0,1,0
case_e8cee83a,1,1,1,1,0,1
case_a1fcc9bb,0,0,1,1,1,0
case_16c6bfaf,1,0,1,1,0,1
case_2e1ff3db,1,0,1,0,0,1
case_862a6b7a,1,1,1,1,1,1
case_70652b76,1,1,1,1,1,1
case_76c6d4e3,1,0,1,0,0,1
case_72f5c478,0,0,0,0,0,0
case_327a8a2f,0,0,1,0,1,1
case_5e63cc70,0,1,1,1,1,1
case_49422637,1,0,1,0,0,1
case_9d0556b7,1,1,1,1,1,1
case_c109b365,1,1,1,1,1,0
case_9cf7246b,0,0,0,0,1,1
case_76209f3f,0,0,1,0,1,1
case_f6dc3b84,0,1,1,1,1,1
case_58f0114f,0,1,1,1,1,1
case_bd99ee41,1,1,1,1,1,1
case_d2c15fe9,1,1,1,1,1,1
case_3b96cd27,1,1,1,1,1,1
case_4e9484f4,1,1,1,1,0,0
case_41e89d0d,1,1,1,1,1,1
case_83f4ffe6,0,0,1,1,0,0
case_a6db236d,1,0,0,0,1,1
case_d9df4b5f,1,1,1,1,1,1
case_6e02a353,0,0,1,0,1,1
case_191c0f83,1,1,1,1,1,1
case_2d57f7ee,0,0,1,1,1,1
case_a7102567,0,0,1,0,1,1
case_c46f8def,0,1,1,1,1,1
case_140456eb,1,0,1,0,1,1
case_b18b5c2d,0,0,0,0,1,1
case_b816bbfc,1,1,1,0,0,0
case_5b3833d0,1,1,0,1,1,0
case_dcd9f347,1,0,1,1,1,1
case_e051e5cf,1,0,1,1,0,1
case_a7baa7ba,1,0,0,0,1,1
case_c259b6d5,1,1,1,0,0,0
case_d48e9ce0,0,1,1,0,0,1
case_59749461,0,0,1,0,0,0
case_9164e5fe,1,1,1,1,1,1
case_3e579dbd,1,1,1,1,0,1
case_c3900c3f,1,1,1,1,1,1
case_dacb8576,1,1,1,1,0,1
case_0466c986,1,1,1,0,0,1
case_89cbb778,1,1,1,1,1,1
case_ca39327b,0,1,1,1,0,1
case_9a9e060a,0,1,1,0,1,1
case_860881e8,1,0,0,1,0,1
case_6ac8d4d5,1,1,1,1,1,1
case_46d2bbd1,0,1,1,1,1,1
case_f30f4d0b,1,0,1,0,1,0
case_adee4e5c,1,1,1,1,0,1
case_26455624,0,1,0,0,0,1
case_92d7c435,1,1,1,0,1,1
case_4e89093a,1,1,1,0,1,1
case_d8ad4ed2,1,1,1,0,1,1
case_b29d9d7d,1,0,1,1,0,1
case_a3383e1b,0,1,1,1,1,0
case_3c43634f,1,1,1,1,1,1
case_bfd7306b,1,0,1,0,1,0
case_b90c0358,0,0,1,1,1,1
case_1768598f,0,1,1,1,1,1
case_25cb45da,1,1,1,1,1,1
case_4607e9ec,0,0,1,1,1,1
case_9ac58893,0,1,1,0,0,1
case_54aa58a7,0,0,1,0,1,1
case_74026eb0,1,1,1,0,1,1
case_fad30b2e,1,0,1,0,1,0
case_10889856,1,1,1,1,0,1
case_6f8a59ab,0,1,1,1,0,1
case_d80343a3,1,1,0,1,1,1
case_de99c5a6,1,1,1,1,0,1
case_72b9f586,1,0,1,0,1,1
case_6fc7f774,1,1,1,1,1,1
case_e83acb40,0,0,1,1,0,0
case_1230ba25,0,0,1,0,0,1
case_7c08214a,1,1,1,1,1,1
case_f3fd37e9,1,1,1,0,1,1
case_e7e1ab02,1,1,1,1,1,0
case_a996b0b3,1,1,1,1,1,1
case_71ccbca2,0,0,0,1,0,1
case_93b8d92a,1,1,1,1,1,1
case_43d3a201,1,1,1,1,1,1
case_ece3a338,0,0,1,0,0,0
case_18661880,1,1,1,1,1,1
case_312e0cd5,1,1,1,1,1,1
case_8a23d038,1,1,1,1,0,1
case_999593ca,0,0,1,0,1,1
case_49ba90ee,0,1,1,1,1,1
case_e2820fbb,1,1,1,0,1,1
case_9fbcfdae,0,0,0,1,1,1
case_aee672ca,1,0,1,1,1,1
case_68d541a7,0,1,1,1,1,1
case_b38e8cf1,0,0,0,1,0,1
case_b2053266,1,0,1,1,0,1
case_b10356ad,0,1,1,0,1,1
case_b1e50c96,1,0,1,1,1,1
case_79d25dcd,1,1,1,1,1,1
case_eaa8260b,0,1,1,1,0,1
case_f7a98c55,0,1,1,1,0,1
case_216c5609,0,1,0,0,0,0
case_2c352c11,1,1,1,0,0,1
case_b650d065,1,1,1,1,1,1
case_442d84af,1,1,0,1,1,1
case_19f066e5,1,1,1,0,1,1
case_75c7c548,0,1,1,1,1,1
case_0063a688,0,0,1,1,1,1
case_e70182d2,0,1,1,1,1,1
case_b34eeb01,0,0,0,1,1,1
case_e1489e8c,1,1,1,1,1,1
case_a2341068,1,1,1,1,0,1
case_a49eebed,1,1,1,1,1,1
case_2adb30ec,0,0,1,0,1,0
case_d4898eec,0,1,1,1,1,0
case_bf7d95ae,1,1,1,1,1,1
case_a3387e22,0,1,1,0,1,1
case_e9d34192,0,1,0,1,1,1
case_6a90a805,1,0,1,1,1,1
case_be2861bd,1,1,1,1,1,1
case_d7312ade,1,1,1,1,1,0
case_04e5f30f,1,1,1,1,1,1
case_9c64a732,1,1,1,0,1,1
case_2108c0d5,1,0,1,1,1,0
case_b03dcde5,0,1,1,1,1,0
case_b94c09da,1,1,1,1,1,1
case_7f1e145e,1,1,1,0,1,1
case_ba0d4d7f,0,0,1,0,1,1
case_edd48e0d,0,0,0,0,0,0
case_e9a6cf27,0,1,1,0,1,1
case_35adc529,1,0,1,1,0,1
case_f8af88b2,1,0,1,1,1,1
case_2afa6e05,1,1,1,1,1,1
case_c7a831b3,0,0,1,0,1,0
case_68e52b08,1,1,0,0,1,1
case_e2c32050,1,1,1,0,1,1
case_79dabc4f,0,0,0,0,0,1
case_10611d5e,0,0,1,0,1,1
case_bb9885f3,1,1,1,0,1,1
case_ba02b4a1,0,1,1,1,1,1
case_2d69b089,1,1,1,0,0,1
case_629699d5,0,0,1,1,1,1
case_8a7e32a2,0,1,1,1,1,1
case_d7f7e706,1,0,1,1,1,1
case_1de8d06e,1,0,1,0,1,1
case_ebe0192f,1,1,0,1,1,1
case_b5455af1,1,1,1,1,1,1
case_cd19dde3,1,0,0,1,1,1
case_631a9828,1,0,1,1,1,1
case_aed99e76,1,0,0,1,0,1
case_c327ca0c,0,1,1,1,1,1
case_b7c6c18a,1,1,0,1,1,1
case_95573222,0,1,1,1,1,1
case_30b68e63,0,0,1,1,1,0
case_6f3ffc97,1,1,1,1,1,1
case_d2b88997,1,0,1,1,1,1
case_167ed0cd,1,1,1,1,1,1
case_df67ab91,1,1,1,1,1,1
case_c66ac3f9,1,0,1,1,1,1
case_1f97b1bc,0,0,1,1,1,0
case_46a75dd1,1,0,1,1,1,1
case_aa49bfd0,0,0,1,0,1,1
case_81c524de,0,1,1,1,1,1
case_3693f40f,1,0,1,0,0,0
case_b292f89b,0,0,1,0,1,1
case_66654729,1,0,1,1,1,1
case_6173cc92,0,1,1,1,0,1
case_51757b82,0,0,0,1,1,1
case_962a9873,0,1,0,1,1,1
case_33400be2,1,1,1,1,1,1
case_f6e30e2d,0,1,0,1,1,1
case_e0a1389b,1,1,0,1,0,0
case_7339d067,1,1,1,1,1,1
case_6121460e,1,1,1,1,1,1
case_e133ba2f,0,0,1,1,0,1
case_febb945a,1,0,1,1,1,1
case_d0b157db,1,1,1,1,1,1
case_12f19494,0,1,1,1,1,1
case_e46bfc3a,0,1,1,0,1,0
case_21dac18a,1,0,1,1,1,1
case_e89cc988,1,0,1,1,1,1
case_a55e759c,1,0,1,1,0,1
case_5d667f39,0,0,1,1,0,1
case_d5f63c65,0,0,1,1,0,0
case_a2850e93,1,1,1,1,1,1
case_69b7c605,1,1,1,1,1,1
case_12b7fc5c,1,1,1,1,1,1
case_61caa54c,0,0,1,1,0,0
case_643cae5b,0,1,1,1,0,1
case_15557ca2,1,0,1,0,1,1
case_24f54ba7,1,1,1,1,1,1
case_28a3f05f,1,1,0,0,1,1
case_3fb38b90,1,1,0,1,1,1
case_4c299a99,1,1,1,1,1,1
case_7de8100e,1,1,1,1,1,1
case_672b4d8e,0,0,0,1,0,1
case_00dce4e4,0,1,0,0,0,0
case_b76be0f9,1,1,1,1,1,1
case_c3a7c77d,1,0,1,1,1,1
case_18b518cf,1,1,1,1,1,1
case_3c98b740,0,1,1,0,0,1
case_6fa89ad0,1,1,1,1,1,1
case_a6886307,1,1,1,1,1,0
case_4d2132e0,1,1,1,1,1,1
case_c51a47f0,1,0,1,1,1,1
case_ec3da0be,1,0,1,1,0,0
case_47894a2a,1,0,1,0,1,0
case_0c6961ed,1,1,1,1,1,1
case_864e7a7d,1,0,1,1,1,0
case_8b396a7f,1,1,1,1,1,1
case_49c81017,1,0,1,0,0,0
case_39759051,1,1,1,1,1,1
case_e7da272b,1,0,1,1,0,1
case_72c15033,1,1,1,1,0,1
case_92cbc8e8,0,1,1,1,1,1
case_e8271aff,1,1,1,1,1,1
case_9466336e,0,0,1,0,1,1
case_f6c46a24,1,0,1,1,1,1
case_ae3b86d9,1,0,1,0,1,1
case_e3054799,1,1,1,0,1,1
case_e37fd732,0,1,1,1,0,1
case_9ef26e75,1,1,1,1,1,1
case_49f5413c,1,1,1,1,1,0
case_a5e77050,1,1,1,1,1,1
case_209c6bcd,1,1,1,0,1,1
case_8111ab92,0,0,1,1,0,0
case_60c5d2e8,1,0,1,1,1,1
case_6874254c,0,0,1,1,0,0
case_141282b8,1,0,1,1,1,1
case_c37b5d1a,1,0,1,1,1,1
case_9c95740c,0,0,1,0,1,1
case_98e1c462,0,0,1,0,1,1
case_cfb79bcb,0,1,1,0,1,1
case_f49d0488,1,1,1,1,1,1
case_be711e75,0,0,0,0,0,0
case_b82ab1bc,1,1,1,0,1,1
case_2b3e8eae,1,1,0,0,1,1
case_95a4807a,1,1,1,1,1,0
case_6ee755f4,0,1,1,0,1,1
case_77d701b6,1,1,1,1,1,0
case_95f475f6,1,1,1,1,1,1
case_c582cdc3,0,0,1,1,1,1
case_232d5e5a,1,1,1,0,1,1
case_8143411d,1,0,1,1,1,1
case_ed900fcc,1,0,1,1,0,1
case_007f16f5,1,0,1,0,1,0
case_9164b337,0,0,1,0,1,1
case_89581a70,1,0,0,0,1,1
case_c82942b0,1,0,1,1,1,1
case_e052a5bb,0,1,1,1,0,1
case_078380d4,0,1,1,1,1,1
case_ca574c11,0,0,1,1,0,0
case_17d90e36,1,1,1,1,1,1
case_82cd8b5a,0,1,1,0,1,1
case_819db1df,0,0,0,0,1,1
case_dce69add,0,0,1,0,1,1
case_7f35682e,1,1,1,1,1,1
case_3bcae164,1,1,1,1,0,1
case_e8bcf0ce,1,1,1,1,1,1
case_cc92f000,1,1,1,1,1,1
case_4093b606,0,0,1,1,1,0
case_38ad563b,1,1,1,1,1,1
case_7816cbd7,0,1,1,1,1,1
case_810b6699,1,0,1,0,1,1
case_ff67072d,1,1,1,0,1,1
case_6e8268fd,1,0,1,1,1,1
case_87da3136,1,1,1,1,0,1
case_296cab01,0,1,1,1,0,1
case_153dfdde,1,0,1,0,0,1
case_a1b2e477,1,1,1,0,0,1
case_09fae8fb,1,1,1,1,1,1
case_cc115c4d,0,0,1,0,1,0
case_c253f4ae,0,0,1,0,1,1
case_187d2549,0,0,1,0,1,0
case_203884a3,1,1,1,1,1,0
case_1ae4d039,1,1,1,1,1,1
case_77da2d80,1,1,1,0,0,1
case_a82ff155,1,1,1,1,1,1
case_9615c232,0,1,0,1,1,0
case_5216e5c2,0,1,1,0,0,1
case_52ec5a28,1,0,1,0,1,1
case_6876ef23,1,1,1,1,1,1
case_4899582c,0,0,1,0,0,1
case_888ca3c3,0,0,1,0,1,1
case_a70a570b,1,0,1,0,0,0
case_e0baad9b,0,0,1,1,0,1
case_44404be7,1,1,1,0,1,1
case_5ce62c12,1,1,1,1,1,1
case_853bec68,1,0,1,0,1,1
case_878710ab,0,0,1,0,0,1
case_5acdda65,1,0,1,1,1,1
case_9f3c0c1b,0,0,1,1,0,1
case_698f4d16,0,0,1,1,1,1
case_153a5e13,1,0,1,1,1,1
case_7e87568f,0,1,0,1,1,0
case_6036d5d8,1,1,1,1,1,1
case_2dc0eca4,0,0,1,0,0,0
case_072e3be3,0,1,0,1,1,1
case_e0f0ac74,1,0,1,1,1,0
case_a4b163f0,0,1,0,1,0,1
case_21bbfecb,0,0,1,1,1,1
case_8fd6ce72,1,1,1,0,1,1
case_1168c0bb,0,0,1,1,0,1
case_c40f3886,1,1,1,1,1,1
case_66b5a84b,1,1,1,1,0,1
case_6a386925,0,1,1,0,1,1
case_849f5904,0,0,1,0,1,0
case_15f27e45,1,1,1,1,1,1
case_0ac8e64b,1,0,0,0,1,1
case_8e712b63,1,0,1,1,1,1
case_171c42bb,0,1,1,1,1,1
case_42cac90c,1,0,1,1,1,1
case_5d6c772e,0,1,1,1,1,1
case_a2f39e2f,1,1,1,1,1,1
case_b89ae230,0,1,1,1,1,0
case_3937b2f7,0,1,0,1,0,0
case_e5f62ad2,1,0,1,0,0,0
case_e4ea071a,0,1,1,1,1,1
case_e13aba7d,0,1,1,1,1,0
case_e1ab1d0f,0,0,1,0,0,1
case_faec303a,0,1,1,1,1,1
case_e817ea74,0,0,1,1,0,1
case_62d4275f,1,1,1,1,1,1
case_9b77adb5,1,0,1,1,1,1
case_1fdb5c56,1,1,1,1,0,1
case_2c1a545d,1,0,1,1,1,1
case_7116b7f7,0,0,1,0,1,0
case_8e9612d6,1,1,1,1,1,1
case_a40c736f,0,0,0,0,0,0
case_7523294d,1,1,1,1,1,1
case_fc7742ba,0,0,1,1,0,0
case_a56b8fe5,0,1,1,0,1,1
case_7ee6981e,1,1,1,1,1,1
case_abeec313,1,1,1,0,1,1
case_a9b38bae,0,1,1,1,1,1
case_dea55890,1,1,0,1,1,1
case_25e91d8f,1,1,1,1,1,1
case_677ceadb,1,1,1,1,1,1
case_733cce65,1,1,1,0,0,1
case_9b07c176,1,1,1,1,1,1
case_f7eb907c,0,1,1,1,1,1
case_a5bf365d,1,1,0,1,0,1
case_b105c92b,1,0,1,1,1,1
case_84d77adf,1,1,1,1,1,0
case_859f7dda,0,1,1,1,0,1
case_e805b243,1,1,1,0,0,0
case_5b0c2b28,0,1,1,0,1,0
case_33c94464,0,1,1,1,1,1
case_6a28f278,1,0,1,1,1,1
case_5f73aa23,1,0,1,1,1,1
case_2b045d61,0,1,1,1,1,0
case_2d6d3ebe,1,1,1,0,1,1
case_144639c0,0,0,1,1,1,1
case_7449a138,1,0,0,0,1,1
case_a37daa77,1,0,1,0,1,1
case_dc39327d,1,1,1,0,0,1
case_6940206c,0,1,1,1,1,1
case_bc43ab8f,1,1,1,0,0,1
case_603f5653,0,1,1,1,0,1
case_47bae58d,0,0,0,1,0,0
case_d268e3c0,0,1,0,0,1,0
case_94cee7f8,1,1,1,1,1,1
case_d42cd0a2,1,0,1,1,1,1
case_1f783913,0,1,0,0,1,1
case_3c328c6a,1,1,1,1,0,0
case_4f00b876,0,0,1,1,1,0
case_13257479,0,0,1,1,1,1
case_76c6aa46,0,1,1,0,0,1
case_c7e7b491,1,1,1,1,1,1
case_9d637567,0,1,1,1,1,0
case_0c46980c,1,1,1,0,1,1
case_bc2130e4,0,0,1,1,1,1
case_d651965e,0,1,1,1,0,1
case_56bcf168,1,1,1,0,1,1
case_85ba9a9e,0,0,1,0,0,1
case_dbe06830,1,1,1,1,1,1
case_720d349b,1,1,1,1,1,1
case_b58b034b,1,1,1,0,1,1
case_d9e714a3,1,1,1,0,0,1
case_f9055a3d,1,1,1,1,0,1
case_d8e41133,1,1,1,1,1,1
case_093c7dc3,1,1,1,1,1,1
case_ad50a92e,0,0,1,1,0,1
case_00eafe1c,1,0,1,1,0,0
case_ae6918df,0,1,1,1,1,1
case_44c5f7b8,1,1,1,0,1,1
case_09e182a5,1,1,0,1,0,1
case_5af6c4e0,1,1,1,1,1,1
case_b9592f2e,1,0,1,1,1,1
case_20f6e3d0,1,1,1,1,1,1
case_b05b5e74,1,1,1,1,1,1
case_12ae3ae0,0,0,1,1,1,1
case_8631f193,1,0,1,0,1,1
case_666f40c7,0,1,1,1,1,1
case_bed75f66,1,0,1,1,1,0
case_ee77cccb,1,1,1,1,1,1
case_cdd8ba70,0,0,1,1,1,1
case_edcce9a6,0,1,1,1,1,1
case_ddb2e6a5,1,0,1,1,1,1
case_8279bd07,1,1,1,1,1,1
case_bcb8ad58,1,1,1,0,1,1
case_e01f585e,0,1,1,0,1,1
case_4fb23cd9,0,1,1,1,1,1
case_04228523,1,1,1,0,1,1
case_7443a656,0,1,1,1,1,1
case_1d042a28,0,0,1,1,1,1
case_cd688fb7,1,0,1,1,1,1
case_9008bdeb,0,1,1,0,1,1
case_d028b313,1,1,1,1,1,1
case_4504d99e,1,0,0,0,1,1
case_583911a2,1,0,1,1,1,0
case_b45ec1ab,1,1,1,1,1,1
case_cfcab472,0,1,1,1,1,1
case_648a3282,0,0,1,1,1,1
case_560060c9,1,1,0,1,0,1
case_996cec24,0,1,0,0,1,1
case_1b11bd50,1,1,1,1,1,1
case_fa2f2413,0,0,1,0,0,0
case_e2de80bf,1,1,1,1,1,1
case_f0ca8ccd,1,1,1,1,1,1
case_e7c78cb3,1,1,0,1,0,0
case_80010dc2,1,1,1,1,0,1
case_23b7eb24,0,0,1,0,0,1
case_a1c750da,0,1,1,1,0,1
case_43f21adb,1,1,1,1,1,1
case_cb03d809,0,0,0,1,1,0
case_a82b9fec,0,0,1,0,0,1
case_14ec0464,0,0,1,1,0,0
case_b50f548e,0,1,1,1,0,0
case_b4e1ffe9,0,0,1,0,0,1
case_e7be1bbf,1,0,1,0,0,0
case_bcee270e,0,1,1,0,0,1
case_3619f6fe,0,0,1,0,1,1
case_3d18a531,0,0,1,0,0,0
case_eb351f36,1,1,1,1,1,1
case_5ae919b1,0,0,1,0,1,1
case_98dae9d4,0,0,0,1,1,1
case_3abf372c,0,0,1,1,0,1
case_f0995cc9,1,1,1,1,1,1
case_091eae2a,0,0,1,0,1,1
case_86df0643,1,1,1,1,1,1
case_29be7c38,1,1,1,1,1,1
case_4c880f2d,0,0,1,1,0,0
case_2a9b5faa,1,1,1,0,0,1
case_ee3f1863,1,1,1,1,1,1
case_2c6108b2,1,1,0,1,1,1
case_8749c8f6,0,1,1,1,0,1
case_7c1a5dce,1,1,1,1,1,0
case_6d2ede10,1,1,1,1,1,1
case_7b622739,1,1,1,1,1,1
case_72838975,0,1,1,1,0,0
case_7a53f522,1,1,1,1,1,1
case_ebd61aa2,1,1,1,1,1,1
case_f7a64704,1,0,0,0,1,1
case_bfa8f188,1,1,1,1,1,1
case_948c42ad,1,0,1,1,1,1
case_f32a8312,1,0,1,0,1,1
case_017d890d,1,1,1,1,1,1
case_a554cc8e,0,0,0,0,0,0
case_a46a2a35,0,0,1,0,1,1
case_7b9880e0,1,0,1,1,1,1
case_5653201a,1,0,1,1,0,1
case_e6802b65,1,1,1,0,1,1
case_72a9ff21,1,0,1,0,1,1
case_0cbc42ec,1,0,1,0,1,1
case_bf8607d9,1,1,1,1,1,1
case_0dffd572,1,1,1,0,1,1
case_283fe25a,1,1,1,1,1,1
case_f5c88891,1,0,1,1,1,1
case_df6f8ec0,0,1,1,1,1,1
case_d4ad8905,0,1,1,1,1,1
case_ec586808,1,0,1,1,1,1
case_5cf5a7a0,1,0,1,1,0,1
case_d22f0336,0,0,1,0,0,1
case_d8d08a57,0,1,0,0,1,1
case_ea5fb540,0,1,1,1,1,1
case_66ebb621,1,0,1,1,1,1
case_05664a34,1,0,1,1,1,0
case_f4be5817,1,1,1,1,1,1
case_00807a98,0,0,1,1,0,1
case_ef7f32ab,1,1,1,1,1,1
case_24686462,1,1,1,1,1,1
case_dc9be24e,0,0,1,0,0,1
case_deb4e096,1,1,1,1,1,1
case_334176d6,0,1,1,1,0,1
case_4593b6d9,1,1,1,1,1,1
case_9ec133e0,1,1,1,1,1,1
case_657ce497,0,0,0,1,1,0
case_5f2ec1d9,1,1,1,0,0,1
case_61cdb496,1,0,1,0,1,1
case_275a3f18,1,0,1,1,1,1
case_bd9d3037,1,0,1,1,0,1
case_02676d0c,1,1,1,1,1,1
case_cf97b147,0,1,0,0,0,1
case_9af41f4b,1,0,1,1,0,1
case_581ab2d1,1,1,1,1,1,1
case_f4551feb,1,1,1,1,1,1
case_439e3a2b,0,0,1,1,1,1
case_efeab77b,1,1,0,1,0,1
case_d5709d51,1,0,1,1,1,0
case_753a53f5,1,1,1,1,1,1
case_fba14d05,1,1,0,1,1,1
case_ca58b815,1,1,1,1,1,1
case_dd3c8307,1,1,1,1,1,1
case_01c73c08,1,1,1,1,0,0
case_946a858f,1,1,1,1,0,1
case_e9dc2de4,0,0,0,1,1,1
case_057298db,0,0,1,0,0,1
case_1b6f732d,0,0,1,1,0,0
case_3ed2efbf,1,0,1,0,1,0
case_ff1b98b4,0,1,1,1,1,1
case_87eed21f,1,1,1,1,1,1
case_9a895192,1,1,1,0,0,1
case_d477978b,1,1,1,0,1,0
case_c25f400a,1,1,1,1,1,1
case_d6333cc2,1,0,1,0,0,1
case_4004ed7b,1,1,1,1,1,1
case_0f49fc2b,1,1,1,1,1,1
case_6e8c0ab6,1,0,1,0,0,1
case_c2a68e9e,1,1,1,0,1,1
case_8517b82e,1,1,1,1,1,1
case_3e89e9f1,1,0,1,0,1,0
case_dd761361,1,0,1,1,1,1
case_7f4abfbb,1,0,1,1,1,1
case_a04cbb47,1,0,1,0,0,1
case_0e6b1d72,0,1,1,1,0,0
case_c529334e,1,1,1,1,1,1
case_ab183079,1,1,1,0,1,1
case_08efedf9,1,1,1,1,1,1
case_c6ec8888,0,0,1,1,1,1
case_8e6cde21,0,0,1,1,1,1
case_38a254d0,1,1,1,0,1,1
case_c29f5478,1,0,1,0,0,1
case_af1ee59e,1,1,1,1,1,1
case_87025b7a,0,0,1,1,0,1
case_ee642ce1,1,1,1,1,1,1
case_ac12a4f6,1,1,1,0,1,1
case_61e04fa9,1,0,1,0,0,1
case_bdfb32c4,1,0,1,1,1,1
case_ca04c43c,1,1,0,1,1,1
case_c49083fd,1,1,1,1,0,0
case_60bae149,1,0,1,1,1,1
case_55415f32,0,0,1,0,1,0
case_2382b7be,0,0,1,0,0,1
case_2e869fb7,1,1,1,1,1,1
case_f89c8e3d,1,1,1,1,1,1
case_c40f4e54,1,0,1,1,1,0
case_e6edf997,1,1,1,1,1,1
case_b83afddd,1,1,0,1,1,1
case_a9749b1c,0,1,1,1,1,1
case_949b18e0,1,0,1,0,1,1
case_7eb2f48c,1,1,1,1,1,1
case_460b9374,1,1,1,1,1,0
case_b4e6ad65,1,1,1,0,0,1
case_a9d09e36,1,1,1,1,1,1
case_2c7ab884,1,1,1,1,1,0
case_a9600f85,0,0,1,0,0,0
case_e5c48494,1,1,1,1,1,1
case_de40cba5,1,0,1,1,0,1
case_52467288,0,1,1,1,0,0
case_dacc6dff,1,1,1,1,0,1
case_7d7ffcd4,0,0,1,1,0,1
case_cdbc0a4b,0,1,1,1,0,1
case_a612f3a6,1,0,1,0,0,0
case_2b5339bc,0,1,1,0,1,1
case_3246b6d4,0,1,1,0,1,1
case_95fd1620,1,1,1,1,1,1
case_d400aa6c,0,1,1,0,0,1
case_27ad0502,1,1,1,1,1,0
case_22aba5b6,1,1,1,1,1,1
case_d3845a94,0,0,1,0,0,1
case_2af2012c,1,1,1,1,1,1
case_09e8e8aa,1,0,1,0,0,1
case_8a484753,1,1,1,1,0,1
case_9d074008,0,1,1,1,1,0
case_9797d871,1,0,1,1,1,1
case_2e338f03,0,1,0,1,0,1
case_ede9f470,1,1,1,1,1,1
case_516159e7,1,1,1,1,0,1
case_f5b7707a,0,0,1,1,1,0
case_4ab36808,1,0,1,0,0,1
case_4ad79fdc,0,0,0,1,1,1
case_601cfdef,1,1,1,1,1,1
case_107fd810,1,1,1,1,1,1
case_fc6eecd3,1,0,1,1,1,1
case_d74e6961,1,1,1,1,1,1
case_d288b864,0,1,1,1,1,1
case_5ea0ea1a,0,0,1,1,0,1
case_c98474a8,1,1,1,1,1,0
case_d958c046,1,1,1,0,1,1
case_1ad4cd92,0,1,1,1,1,1
case_1225d6fb,0,1,1,1,1,0
case_03172008,1,1,1,0,1,1
case_87026c6e,0,0,1,1,1,1
case_880ce69f,1,1,0,0,1,1
case_7190fe4d,0,0,1,0,1,0
case_b6a821f5,1,1,1,1,1,0
case_14bdf946,0,1,1,1,0,1
case_00f14a8d,0,1,1,1,1,1
case_a91794b2,1,0,1,1,0,0
case_278eab79,1,1,1,1,1,1
case_09a9c76f,1,0,1,1,1,1
case_28e7df69,1,1,1,0,1,1
case_7d893851,1,0,1,1,0,1
case_83e16888,1,1,1,0,0,1
case_c8b81125,1,0,1,1,1,1
case_742d2238,0,0,1,1,0,0
case_c56c6d3f,1,0,0,0,0,0
case_cc897926,1,0,1,0,1,0
case_b5edb3f8,1,0,1,1,1,1
case_9e01677f,0,0,1,0,0,0
case_880ef469,1,0,1,1,1,0
case_f87cfac8,0,1,1,1,1,1
case_19913ba2,1,1,1,1,1,1
case_246d5896,0,0,1,0,0,0
case_685cd098,1,0,1,0,1,1
case_c0e408be,0,0,1,1,0,0
case_3c7f767c,1,1,1,0,1,1
case_85457968,1,1,1,1,1,1
case_dacdc62b,0,0,1,0,0,1
case_9e621c76,1,0,0,0,1,1
case_2f591e2e,1,0,1,0,1,0
case_184f6921,1,1,0,1,0,1
case_ca569f4d,1,0,1,1,0,1
case_64ac3a34,1,1,1,1,1,1
case_236988fe,1,1,1,1,1,1
case_c5817dc8,0,0,1,0,0,1
case_2de66642,0,0,1,0,1,1
case_bf93d64e,1,1,1,1,1,1
case_55c43faa,1,0,0,0,0,1
case_37f0bb97,0,1,1,1,1,1
case_30348b45,0,0,1,0,0,1
case_41cbe190,1,0,1,0,0,0
case_ff164542,1,1,1,1,0,0
case_3a12f6b9,1,0,1,1,1,0
case_a0ec5b1f,1,1,1,1,1,1
case_8db1e23d,1,1,1,1,1,1
case_19e4bc37,1,0,1,1,1,1
case_f826744a,1,0,1,1,1,1
case_a44399e3,0,1,1,0,1,1
case_d2676917,0,0,1,1,0,0
case_49090f10,1,1,1,1,1,0
case_bf3acf02,1,1,1,1,1,1
case_8851a8ea,1,0,1,0,0,0
case_e362625a,1,1,1,1,1,0
case_9a43ba50,1,1,0,0,1,1
case_6d92854f,1,1,1,1,1,0
case_f2566fe5,1,1,1,0,0,1
case_b96138ad,0,1,1,1,1,1
case_9e614d48,1,0,1,1,0,1
case_a1e03bc6,1,1,1,1,1,1
case_e11561cb,1,1,1,1,1,1
case_6b360ba9,0,0,1,1,1,1
case_15b3e90c,0,1,1,1,0,1
case_a02c3734,1,0,1,1,1,1
case_ed3e4c69,1,0,1,1,0,1
case_b08229c5,0,1,1,0,1,1
case_172a049c,0,1,1,0,1,1
case_52f60a8c,0,0,0,1,0,0
case_e4c700c3,0,1,1,1,1,1
case_430770dd,1,1,0,0,1,1
case_76a88262,0,1,0,1,1,1
case_0c9e0112,1,1,0,1,0,1
case_71f38286,0,1,0,1,0,1
case_eac7c226,1,1,1,1,1,0
case_67d4887a,1,1,1,1,1,1
case_91ac9966,1,1,1,0,1,1
case_4817d1b6,1,1,1,1,1,1
case_fab1ed3a,0,0,1,1,0,1
case_bf13e4e0,0,1,1,1,1,1
case_dbfb05fe,0,1,0,0,0,0
case_3ce1e798,0,0,1,1,1,0
case_4a07339d,0,0,1,1,0,1
case_34e94430,1,0,1,1,1,1
case_84f28d04,0,0,1,1,0,1
case_5e3fe9f5,0,0,1,0,1,1
case_ec47323c,0,0,1,1,0,1
case_088b3174,1,1,1,1,1,1
case_3b66499c,0,1,0,0,1,1
case_783fa165,1,0,1,0,1,1
case_bedc01ba,1,1,1,1,1,1
case_d0b3aaca,1,0,1,1,1,1
case_87c38d69,0,1,1,0,1,1
case_b01fcbd6,0,1,1,1,1,1
case_423824ea,0,1,1,1,1,1
case_6c7ca916,0,0,1,0,0,1
case_59e4114b,0,1,1,1,0,1
case_7742d3b2,0,0,1,1,1,1
case_f67b247e,0,0,1,1,1,1
case_dcffd62d,0,0,1,0,0,0
case_6e4c0b33,0,0,1,0,1,1
case_5f19168d,1,1,1,1,1,1
case_c99d9519,0,0,1,1,0,1
case_6ca75ced,0,1,1,1,0,0
case_842823a8,0,1,0,0,0,1
case_66e835a4,0,1,1,0,0,1
case_da757cd7,0,1,1,1,1,1
case_010ea43c,0,1,1,1,1,1
case_f341c819,1,1,1,0,1,0
case_99698337,0,1,1,0,1,1
case_9961dd80,1,1,1,1,1,1
case_decd8244,0,0,1,0,1,1
case_c9540fa8,1,0,1,1,0,1
case_b59487e4,1,0,1,1,0,0
case_99df3fcd,1,1,0,1,1,0
case_646e166b,1,1,1,1,0,1
case_7aab5a62,1,1,1,1,1,1
case_baad0af9,1,0,1,1,1,1
case_e5e8303c,1,0,1,1,1,1
case_3027aa44,0,1,1,1,1,0
case_484445b6,0,1,1,1,0,1
case_4366f19e,1,1,1,1,1,1
case_7908d0cf,0,1,1,1,1,1
case_48b09582,1,1,1,1,1,1
case_90446d7c,1,0,1,1,1,1
case_f5767b27,1,0,1,1,0,1
case_14e6e450,1,1,1,1,1,1
case_fc9b57ad,1,1,0,1,1,1
case_55c70681,1,1,1,1,1,1
case_e5de6b15,1,1,1,0,0,1
case_82e039df,1,1,1,1,1,1
case_a5d87b1f,1,1,1,1,1,1
case_31977708,1,1,1,0,1,1
case_97c15207,1,1,1,1,1,0
case_e1c65910,0,0,1,1,0,1
case_510a1d56,1,1,1,1,1,1
case_6feb9f90,1,1,1,1,1,1
case_37f0b440,0,0,0,0,0,1
case_577f1459,1,0,1,0,1,1
case_0f69a163,0,1,1,1,1,0
case_57e9054f,1,1,1,0,1,1
case_c070b773,0,1,1,0,1,1
case_baf9c4d3,1,1,1,1,1,0
case_901df98d,0,0,0,1,0,0
case_eedf6651,1,1,0,1,1,1
case_6ca03cff,0,1,0,0,0,1
case_2f1df302,1,1,1,1,1,1
case_2ff19428,0,1,1,0,0,1
case_c8d41d32,1,1,1,1,1,1
case_ce404889,0,1,1,1,1,1
case_e0e636c6,1,0,1,0,0,1
case_9dab5acc,1,0,1,0,1,1
case_9b96caa4,1,1,1,1,0,1
case_79a33345,1,1,1,0,0,0
case_34046659,1,1,1,1,1,1
case_6d5c4386,1,0,1,0,1,1
case_311251d4,0,1,1,1,0,1
case_fdfb8ee0,0,0,1,1,0,0
case_8b8ff320,1,1,1,1,1,0
case_61834d26,1,0,1,0,1,1
case_51b2578c,1,1,1,1,1,1
case_8c1ba255,0,1,1,1,1,1
case_854ba794,1,1,0,1,0,0
case_dae749af,1,1,1,1,1,1
case_4588049f,0,1,1,1,0,1
case_6075c0b4,1,1,1,1,1,1
case_e6d85540,0,0,0,0,0,1
case_c0aa9378,1,1,1,1,1,1
case_6b1a79ae,1,1,1,1,1,1
case_8d651312,1,1,0,1,1,1
case_75c802fd,1,1,1,1,1,1
case_07f59877,0,0,1,1,0,1
case_11e33bec,0,1,0,0,1,0
case_c527c690,1,1,1,1,1,1
case_0209a36b,0,0,0,0,1,1
case_4cadbda8,1,1,0,1,1,1
case_f99b6653,1,1,1,1,1,1
case_c0be6148,1,1,1,1,1,1
case_187e19ad,0,0,1,1,1,0
case_67784e46,1,1,1,1,1,1
case_42b63d3d,1,0,1,0,1,1
case_89296f9c,1,1,1,1,1,1
case_78226792,1,1,1,1,0,0
case_9df3b254,0,1,1,1,0,0
case_a5bfa72d,1,1,1,1,1,1
case_2e2c48df,1,1,1,1,1,1
case_38b9c14c,0,1,1,0,1,1
case_22b15474,1,1,1,1,1,1
case_e53ab8d2,1,0,0,0,0,1
case_7806a377,0,1,1,1,0,0
case_d1f4983f,0,0,1,1,1,1
case_2dac5784,1,1,1,1,0,1
case_dee84fff,1,1,0,1,1,1
case_b2beb0a8,0,1,1,0,1,1
case_cfbed70a,0,1,1,1,0,0
case_ea3e1e69,0,1,1,1,0,1
case_8fc96c06,0,1,1,1,1,1
case_47d01274,1,0,1,0,1,0
case_9b7010ed,0,1,1,0,1,1
case_88c5be03,0,0,1,1,0,1
case_8290c6dc,1,0,1,1,1,1
case_449552b4,1,1,1,1,1,1
case_6fb89ead,1,1,1,1,1,1
case_dd1c5d04,0,1,1,1,1,1
case_61fda85c,1,1,1,1,1,1
case_93024021,1,1,1,1,1,1
case_0dde65ba,0,0,1,1,1,1
case_139ecdec,1,1,1,1,1,1
case_e3b6ada8,1,0,1,0,1,1
case_2f9ff598,1,0,1,1,1,0
case_e65c2010,1,0,1,0,1,1
case_6bcbcaea,1,1,1,1,1,1
case_6762df26,1,1,1,1,1,1
case_464ee9b7,1,0,0,0,0,0
case_5d930aaa,0,1,1,1,0,1
case_42f779e5,1,1,1,1,1,1
case_2bd1f8ae,1,0,1,1,1,1
case_033b7f32,1,1,1,0,1,1
case_d25ec8bd,1,0,1,1,1,1
case_c2db5ab7,1,1,1,1,1,1
case_4f45b72d,1,1,1,1,1,1
case_a5c7dd7e,0,0,1,1,1,1
case_5546f5df,0,1,1,0,0,1
case_3ed4c74b,1,1,0,1,1,1
case_060353af,1,0,1,0,0,1
case_9ee4961c,1,0,1,1,1,1
case_3d228888,1,1,1,1,1,1
case_15b0cb72,0,0,1,0,0,1
case_95c9f926,1,0,1,0,0,0
case_060b3c46,1,1,1,1,1,1
case_8abe1933,0,1,1,1,0,0
case_ecfa9299,1,1,1,1,1,1
case_9e6c8502,1,0,1,1,1,1
case_e5306bde,0,1,0,1,0,1
case_e2d30909,0,1,1,1,1,1
case_f2e34908,0,1,1,1,1,1
case_dac3df97,1,0,1,1,0,1
case_9b39a437,0,0,1,1,1,1
case_726ad19f,1,1,0,1,0,0
case_9e57b4cf,1,1,1,1,1,1
case_569d0dca,1,1,1,1,1,1
case_59598674,0,0,1,1,0,1
case_a39d7a83,1,1,1,1,1,1
case_c5f57937,1,0,1,1,1,1
case_ea09a9fb,0,0,1,0,1,1
case_53a42164,1,0,1,1,0,1
case_5cd3e47b,1,0,1,0,0,1
case_a17e44fc,0,0,1,0,1,1
case_3d66e9af,1,1,1,0,1,1
case_dbc4f202,1,1,1,1,1,1
case_7895b56f,1,1,1,1,1,1
case_c332b371,0,1,1,1,1,1
case_7b8077dc,1,1,1,1,1,1
case_3793ef5b,0,1,1,0,0,0
case_78c720bb,0,0,1,0,0,0
case_7ea5be79,0,1,1,0,0,1
case_f8259f64,1,0,1,1,1,0
case_03324532,1,1,1,0,0,0
case_5db606d6,0,0,1,0,0,0
case_1118cf80,1,1,1,1,1,1
case_28ec4632,1,1,1,1,1,1
case_a4b861aa,0,1,1,0,1,0
case_b2d06009,0,0,1,0,1,1
case_b2517fda,0,0,1,1,0,1
case_10a6daef,1,1,1,0,1,1
case_dce17f01,1,1,1,1,1,1
case_f9be0627,1,1,1,1,1,1
case_928867e8,1,1,1,1,1,1
case_ee125a3c,0,0,1,1,0,1
case_fbcf2add,1,0,1,1,1,1
case_e6ca7e19,0,1,0,1,0,1
case_3255f29e,1,1,1,1,1,1
case_57cced22,0,0,0,0,1,1
case_fe7eb9a2,1,0,1,1,0,1
case_21c7e69c,0,0,1,0,1,1
case_cce16f8f,1,0,1,1,1,1
case_f5a817fa,1,0,1,0,1,1
case_54e66105,1,0,0,0,0,1
case_01ef55c2,1,1,1,1,1,1
case_c133fdd5,1,0,0,1,0,1
case_db221ed3,1,1,1,1,1,1
case_6b2c1694,0,0,0,0,0,1
case_b5148893,1,0,1,0,0,1
case_5119aeaf,1,1,1,0,1,0
case_982cca64,1,0,1,1,1,1
case_b962e61b,1,1,1,1,1,1
case_39a0d0bf,0,1,1,0,1,0
case_fec0e64f,1,1,1,1,1,0
case_7414413d,1,0,1,0,0,1
case_452f63a9,1,1,1,0,0,0
case_888e09a3,1,0,1,1,1,1
case_23a89902,1,1,1,1,1,1
case_0001d8d9,1,0,1,1,1,1
case_0bd823d3,1,1,1,1,1,1
case_85101542,1,1,1,1,1,1
case_848bd4b3,0,1,1,0,1,1
case_398988cf,0,1,1,1,1,1
case_4e4d8f00,1,1,1,1,0,1
case_b5870edc,1,1,1,1,1,1
case_d8d1e865,0,0,1,1,1,1
case_0e8bd18d,1,1,1,1,1,1
case_998438e9,0,0,1,1,1,1
case_8298fbac,0,0,1,0,0,0
case_fa78fc09,1,1,1,0,1,1
case_9b37b187,1,1,1,1,0,0
case_46b02267,0,0,0,0,0,1
case_c424682a,1,0,0,1,1,1
case_fa488a5f,1,0,1,0,1,1
case_b14edc00,0,0,1,1,1,1
case_2d9de841,1,0,0,0,0,0
case_7209eacc,0,1,1,0,1,1
case_5743e509,1,1,1,1,1,1
case_c8c7cba6,1,1,1,1,0,1
case_a0af2e06,0,0,1,1,0,0
case_07300643,1,1,1,1,1,1
case_665456eb,1,0,0,1,1,1
case_ec0ed56e,1,1,1,1,1,1
case_9cf81961,1,0,1,0,0,1
case_595e9c23,1,1,1,1,1,1
case_35c3c15b,1,1,1,1,1,1
case_2165a09f,0,1,1,0,1,1
case_bdc00c35,1,1,1,0,1,1
case_6f20a5b5,0,0,1,0,1,1
case_5bb6ef06,0,1,1,1,1,0
case_eef6b04b,1,1,1,1,1,1
case_943d7845,1,1,1,1,0,1
case_c51ed95c,1,1,1,1,1,1
case_4c3d09e6,1,1,1,1,1,1
case_0780b17e,1,1,1,0,1,1
case_ca31e8f3,0,1,1,0,1,1
case_2ff82318,1,1,1,1,1,1
case_1b589348,0,1,1,0,1,0
case_fe606148,0,1,1,1,0,0
case_a03fe64e,0,1,1,1,1,1
case_c71779d0,0,0,1,0,0,0
case_9f08685f,0,1,1,1,1,0
case_d22b911c,0,0,1,1,1,0
case_62dccb92,1,1,1,1,1,1
case_14abd252,1,1,1,0,1,1
case_0fde7849,1,1,1,1,1,0
case_d9ee5bf7,1,0,1,1,0,1
case_606eeb59,1,1,1,1,1,1
case_0d88f7b6,1,1,1,1,1,1
case_dc7291ca,0,1,0,0,1,0
case_5b5d55a1,1,0,1,1,0,0
case_6ef29487,1,1,1,1,0,1
case_9e1b6f7d,1,1,1,1,1,0
case_e2c84e9d,1,1,1,1,1,1
case_3bffa00d,1,1,1,1,1,1
case_30b7c355,0,1,1,1,0,1
case_979e20d3,1,0,0,1,0,1
case_0221cb77,1,1,1,1,1,1
case_c9a39b52,1,1,1,0,1,1
case_c5671100,1,1,1,1,1,1
case_1a1fe0ab,1,1,1,1,1,1
case_b54a4f0a,1,1,1,1,1,1
case_22084b33,1,1,1,1,1,1
case_4a78cb75,1,1,1,1,1,0
case_b35892b7,0,1,1,1,1,0
case_9c0bb5f2,1,1,1,1,0,1
case_21ba3bcb,1,0,1,0,1,1
case_ff9d1bbd,1,1,1,1,0,1
case_70b45317,0,1,0,0,1,1
case_48bff313,1,1,1,0,1,1
case_8a2bbd85,1,1,1,1,1,1
case_3e91b5e3,1,1,1,0,1,1
case_16ec930d,1,1,1,1,1,1
case_2cfe3292,0,1,1,1,1,1
case_99e658e7,1,1,1,1,1,1
case_e952fd2c,0,1,1,1,1,1
case_6f7aaa6b,0,0,1,1,1,0
case_f37fa672,1,1,1,1,1,1
case_d6d879fa,1,0,1,0,0,0
case_04b05676,1,1,1,1,1,1
case_94908fcf,1,0,1,0,1,0
case_9d4f6b1b,1,1,1,1,1,1
case_66088b4a,1,1,1,1,0,1
case_77b6e351,1,1,1,1,1,1
case_d25e21e5,1,0,0,1,0,1
case_9849c186,1,1,1,1,1,0
case_dddebe53,1,0,0,1,1,1
case_2a5b8550,1,1,0,1,1,1
case_e9343b79,0,1,1,0,1,1
case_41537e7e,1,1,1,1,0,0
case_77ae2e39,0,1,1,1,1,1
case_1045cdac,0,1,1,0,0,1
case_987a3a18,0,0,1,0,0,1
case_1a36f841,1,1,1,1,1,0
case_784a9e55,1,1,1,1,1,1
case_26c6352c,0,0,1,1,1,0
case_8db12cf8,0,1,1,1,1,1
case_054a8549,0,0,1,0,0,1
case_faf0dcd0,0,1,1,1,1,1
case_0d84e5b0,0,1,1,1,1,1
case_034d086a,1,1,1,1,1,1
case_3f675494,1,0,1,0,0,1
case_7c927b98,1,1,1,0,1,1
case_c02cc873,1,0,1,1,1,1
case_b5fe0e2e,0,1,1,1,1,1
case_f42dceb4,1,1,1,1,1,1
case_f54f6883,0,1,1,1,0,1
case_e5515f37,1,1,1,1,0,1
case_f3f4c422,1,0,1,0,1,1
case_b7fb308f,1,1,1,1,1,1
case_8be82995,0,1,1,0,1,0
case_655aa88e,1,1,1,1,0,1
case_d448f91e,0,0,1,1,1,1
case_30e2d062,0,1,1,1,1,1
case_48315183,0,1,1,1,0,1
case_68b4d218,1,1,0,1,1,1
case_6a66a42c,1,1,1,1,0,1
case_6e11e208,1,1,1,1,1,1
case_851e4475,1,0,1,0,0,1
case_54d11a94,1,1,1,0,1,1
case_4556cb87,0,0,1,0,0,1
case_ebd2f0ab,1,1,1,1,1,1
case_5b4de9dd,1,1,1,1,0,1
case_f3694073,0,0,0,0,0,1
case_ec13a841,1,0,1,0,0,1
case_9395f489,1,1,1,1,1,0
case_cde3c5cd,0,0,1,0,0,0
case_a3038380,1,1,1,1,1,1
case_06adf877,1,1,1,1,1,1
case_d8e510cd,1,1,1,1,1,1
case_e4fa9d39,0,1,1,0,0,1
case_eb04d9cb,1,0,0,0,0,1
case_bab01289,1,1,1,1,1,1
case_634633f2,0,1,1,1,1,1
case_b8bd2ec8,1,1,1,0,1,1
case_45dbba25,1,1,1,0,1,1
case_74895df8,0,0,1,1,1,0
case_c5b0627d,1,0,1,1,1,1
case_bf1b285c,0,1,1,0,1,1
case_1e92a6cb,0,1,1,1,0,0
case_da211c2e,1,0,1,1,1,0
case_a61efce0,0,1,1,1,0,0
case_190714f2,0,1,1,1,1,1
case_2f890ba2,1,0,1,1,1,0
case_d8616618,1,1,1,1,1,1
case_f5b1cd8b,1,1,1,1,1,1
case_4b189d3b,1,0,1,0,1,1
case_14db56d3,1,1,1,1,1,1
case_28c8db87,1,1,1,1,1,1
case_78795c0d,1,1,1,0,1,0
case_e544b17d,1,1,1,1,1,1
case_9b723372,0,1,0,1,0,1
case_6a8f91c2,1,1,1,0,1,1
case_4e82df34,1,1,0,1,1,1
case_7a30db6b,1,1,1,1,0,1
case_b77254e0,1,1,1,0,1,1
case_1d0bbaea,1,1,1,1,1,1
case_192c0846,1,1,1,0,1,1
case_c559c7cc,1,0,1,1,1,1
case_e69f5d4d,1,1,1,1,0,1
case_23f1cb43,0,1,1,1,0,1
case_9d44ba2a,1,0,0,0,1,1
case_9e7f6fb1,1,1,1,1,1,1
case_1d87eb9a,0,0,0,0,0,1
case_171cfd82,1,0,1,1,1,0
case_f8284490,0,1,1,1,1,0
case_0be76d9f,1,1,1,1,1,0
case_68613833,0,0,1,1,0,0
case_0aa9a120,1,1,0,1,1,1
case_48ea3351,1,1,1,0,0,1
case_6599edcd,1,1,1,0,1,1
case_fd262194,1,1,0,1,0,1
case_819d7fc6,1,1,1,1,1,1
case_d92e0955,0,0,1,1,1,1
case_2b8cdc87,1,0,1,1,1,1
case_4134af7e,1,1,1,1,1,1
case_1d981c6f,1,0,1,0,1,1
case_ceca4339,1,1,1,1,1,1
case_e664a001,1,1,1,1,1,1
case_e965eb48,1,1,0,0,1,0
case_86b74ca6,0,1,1,1,1,1
case_85138340,1,1,0,1,0,1
case_12422c13,0,1,1,0,0,1
case_440ee411,1,0,1,0,1,1
case_9f01e260,1,1,1,1,1,1
case_665e36ac,1,0,1,1,1,0
case_34980ec3,0,0,1,1,0,0
case_49709f15,1,0,1,1,1,1
case_9407dcbe,0,1,1,1,1,1
case_9015782e,1,1,1,1,1,1
case_137b0821,1,0,1,1,1,0
case_4b4bc792,1,0,1,1,1,1
case_cae44e1d,1,1,1,1,1,1
case_69998141,1,1,1,0,1,1
case_b0412af6,0,1,1,1,1,1
case_5af1e9a6,0,0,0,0,1,1
case_41a1b1d1,1,1,1,0,1,1
case_264facbe,0,0,1,1,1,0
case_20e9cde7,1,1,1,1,1,1
case_e33cdb77,0,1,1,1,1,1
case_8c3dbc11,1,1,1,1,1,1
case_1b3eaabb,0,0,1,0,1,0
case_7c390fd4,1,1,1,1,1,1
case_abd30f10,1,1,0,1,1,1
case_bce3222d,1,1,1,1,1,1
case_1f4d3b24,0,1,1,1,1,1
case_30109160,1,0,0,1,0,1
case_89fc1865,1,1,1,0,1,1
case_a1f3e507,1,0,1,0,1,1
case_8900854b,1,1,1,1,1,1
case_f263cd5f,1,1,1,0,1,1
case_d2ae7d00,1,1,1,1,1,1
case_bc5c529a,1,0,1,0,1,1
case_6014d599,1,0,1,1,1,0
case_31adadf7,1,1,1,1,1,1
case_d9794df4,1,1,1,1,0,1
case_2bbf5fef,0,1,1,1,0,0
case_f8818698,0,0,1,0,1,1
case_e8605cef,1,0,0,1,0,0
case_92e5c79f,1,1,0,1,1,0
case_cb5d57fa,1,0,1,1,1,1
case_c5201364,1,1,1,1,1,0
case_30a17960,1,0,1,0,1,1
case_f9efe3dd,1,1,0,1,1,1
case_deb26dce,1,1,1,1,1,1
case_fb5e9814,0,0,1,0,0,0
case_a6859805,0,1,0,1,0,1
case_56ec24b8,0,0,1,0,1,1
case_dd675051,0,1,0,1,0,1
case_8d7ecf84,0,1,1,1,1,1
case_8df09f22,1,1,1,0,1,1
case_23fabcba,1,1,0,1,1,1
case_915b0844,1,1,0,1,1,1
case_cca74256,1,1,1,1,1,0
case_6cd98900,0,1,1,1,0,0
case_fb8fcd94,1,1,1,1,1,0
case_84e0a522,1,0,1,0,1,0
case_a734ad83,1,1,1,1,1,1
case_0daaaec6,0,0,1,1,0,0
case_2dd353ab,0,1,1,1,1,1
case_2d76a18d,1,1,0,1,1,1
case_d7a437aa,1,1,1,1,1,1
case_b71440e3,1,1,1,1,1,1
case_faffcc20,0,1,1,1,1,0
case_52ee373e,1,1,0,0,0,0
case_73af0d97,1,1,1,1,1,0
case_6e79fe3f,1,1,1,1,1,1
case_4529a025,1,1,1,1,1,1
case_5dde8258,0,1,0,1,0,1
case_4f867ccc,1,1,1,1,1,0
case_1debe306,1,0,1,1,1,1
case_3af3ef0a,1,1,1,1,1,1
case_29c3c402,1,1,1,1,0,1
case_6b46fb7b,1,0,1,1,1,0
case_a3bc9319,0,0,0,0,0,1
case_3b53a2f2,0,0,1,0,0,0
case_c73f96eb,1,1,1,1,1,1
case_9a649db5,1,1,1,1,0,1
case_0dbe834f,0,1,1,1,0,1
case_a95f2e08,1,1,0,0,0,1
case_cc7cf42c,0,1,1,1,1,0
case_3b9f1a1e,1,1,1,0,0,1
case_b22da833,0,1,1,0,0,1
case_1f689c10,1,1,1,0,1,1
case_9effa7ee,0,0,1,0,0,1
case_3c6dae4b,0,0,1,0,0,1
case_ebfcb2fe,0,1,1,0,1,1
case_4031e97e,1,1,1,0,1,1
case_b3893a5a,0,1,1,1,1,1
case_2d03751d,1,1,1,0,0,1
case_964d4e4a,0,0,0,1,0,1
case_0305c694,1,1,1,1,1,1
case_a443944e,1,0,1,1,1,1
case_d3de9189,0,1,1,0,1,1
case_7c132874,1,1,1,1,1,1
case_dbf69bc6,1,1,1,1,1,0
case_8ef6d055,1,1,1,0,0,1
case_6f65b71d,0,0,0,1,0,0
case_c82fd6ca,0,0,0,1,1,1
case_f722e721,0,0,1,1,0,0
case_c75be068,0,1,1,0,0,0
case_50d18e25,1,0,0,1,1,1
case_74f6d043,0,0,1,1,1,1
case_8bd5b48b,1,1,1,1,0,0
case_84f393ae,1,1,1,0,1,1
case_697b6ee5,1,1,1,1,1,1
case_1b2acef6,0,1,1,0,1,0
case_b6c31e25,1,1,1,1,1,0
case_be4bd52a,1,1,1,0,1,0
case_c4db7200,1,1,1,1,1,1
case_0bbd0a66,1,1,1,1,0,1
case_1f7d4362,1,0,1,1,1,0
case_36370bfc,0,1,1,1,1,1
case_74bd7a5d,0,0,1,1,1,1
case_49149445,1,1,1,1,1,1
case_c83da304,1,0,1,1,1,1
case_3790ddb8,1,1,1,1,1,1
case_f95adca6,1,1,1,1,0,1
case_c038d25d,1,1,1,0,0,1
case_dbeeb3a2,1,1,1,0,0,1
case_5f535374,0,1,1,1,1,1
case_67b47201,0,0,1,0,0,0
case_0b7658e9,1,0,1,1,0,1
case_cf6bd6ec,1,1,1,1,1,1
case_28f1cbb6,1,1,1,1,1,1
case_c81272a7,1,1,1,1,0,1
case_d815c950,1,0,1,0,1,1
case_cb3ae033,1,0,1,1,0,1
case_170b0baa,1,1,1,1,1,1
case_3c3d69a2,1,1,1,1,1,1
case_0df66532,0,0,1,0,1,1
case_600ae436,1,1,0,1,1,1
case_1a02c816,0,0,0,0,1,1
case_3640c38a,0,1,1,1,1,1
case_5cdfc1e1,1,1,1,1,1,1
case_218f503f,1,0,1,1,1,1
case_d39bc774,1,0,0,0,1,0
case_245099b2,1,0,1,1,1,1
case_967e23f8,0,1,1,0,1,1
case_992f69ba,1,1,1,1,1,1
case_49d5f602,0,1,1,1,0,1
case_74f7f255,1,1,1,0,1,1
case_a4588845,0,1,1,1,1,1
case_e305ce36,1,0,1,0,1,1
case_343def8a,1,1,1,1,0,1
case_0a626f5a,0,1,1,1,0,1
case_f49b8152,1,1,1,1,1,1
case_4e634356,0,1,1,1,1,1
case_ba75773c,1,1,1,1,1,1
case_bf624f86,1,1,1,1,1,1
case_a581f8f5,1,1,0,0,0,0
case_b8c323b7,1,1,1,1,1,1
case_58bcad51,1,1,1,1,0,1
case_38e374fe,1,1,1,1,1,1
case_5e77c414,0,0,1,1,1,1
case_13463f27,1,1,1,1,1,1
case_f94556a7,1,1,1,1,1,1
case_8bdffc12,0,0,1,1,1,0
case_afa07fbe,0,1,1,0,1,1
case_7b8bf607,1,1,1,1,1,1
case_9d650651,1,1,1,1,1,1
case_2237d909,1,1,1,1,1,1
case_114b5a7f,1,1,1,1,1,0
case_00433ec5,0,1,1,1,1,0
case_640a473f,1,0,1,1,1,1
case_03671ed0,1,1,1,1,1,1
case_e8c681a7,1,1,1,1,1,1
case_c4e87159,0,1,1,0,1,1
case_9df2e74d,0,0,1,1,1,1
case_a7e209e4,0,0,1,0,1,0
case_2ca098f3,1,0,1,1,0,0
case_9b3d274f,0,0,1,1,1,0
case_2c0dade8,1,1,1,1,1,1
case_e51d84eb,1,1,0,1,1,1
case_fcaa314e,1,1,0,1,1,1
case_d1f1be78,0,1,1,0,0,1
case_fd232e47,1,0,1,1,0,1
case_bb7636dd,1,1,1,1,0,1
case_06026408,1,1,1,1,1,1
case_d304d67a,0,1,0,0,0,1
case_388580ee,1,1,1,1,0,1
case_8b2e6734,1,1,1,1,1,1
case_8f556150,0,1,1,1,1,1
case_ec175e33,0,1,1,0,1,0
case_8df14ef0,1,1,1,1,1,1
case_7a2728f3,1,0,1,1,1,1
case_94b38643,1,0,1,1,1,1
case_ab3ea307,1,1,1,1,1,1
case_3f9874fa,0,1,1,0,0,1
case_0b1c8b02,1,1,0,0,0,0
case_8dec6ebd,0,1,1,1,1,1
case_ad104e4d,1,0,1,1,1,1
case_add3fe1d,1,1,1,1,1,1
case_ee841a42,1,1,1,1,1,1
case_e23515b9,0,1,1,1,1,1
case_a1b9181b,1,1,0,0,1,1
case_a7d1b32c,1,1,1,1,1,0
case_b79f09dc,1,1,1,0,1,1
case_049e4cfc,1,0,1,1,1,1
case_b7da4951,0,1,1,1,0,1
case_b2dd57d5,0,1,0,0,0,0
case_cf549d3e,1,0,1,1,1,1
case_8d7b7e19,1,1,1,0,1,1
case_4b6296c8,1,0,1,1,1,1
case_4ff89445,0,1,1,1,1,1
case_a1a74a0a,0,0,1,0,1,0
case_a5f23571,1,1,1,1,1,1
case_83540904,1,0,1,1,1,0
case_4973b39b,0,0,1,0,0,0
case_306e689f,1,0,1,0,0,1
case_42d444f4,0,1,0,0,0,0
case_62172333,0,1,0,1,1,1
case_ab9063df,0,1,1,1,1,1
case_5d8ad824,1,1,1,1,1,1
case_5d2dfde2,1,1,1,1,0,1
case_95d7155e,1,0,1,1,1,1
case_eb2dc986,0,1,1,1,0,0
case_6a6bd695,0,1,0,1,1,0
case_a27bfc78,1,1,1,1,1,1
case_64f15a3d,1,1,1,1,1,1
case_82984b72,0,0,0,0,1,0
case_a34a2d08,1,0,1,1,0,1
case_34f77f8c,1,1,1,1,1,1
case_d217a7ca,0,1,1,1,1,1
case_8b728805,1,1,1,0,0,1
case_c8bae5dd,1,1,1,1,1,1
case_9bbb9949,0,0,1,1,0,1
case_ecc2f750,1,1,1,1,1,1
case_151693cd,0,1,0,1,1,1
case_78a5fbfd,1,1,0,1,0,1
case_d2f556dc,1,0,1,1,1,0
case_58822928,0,1,1,0,0,0
case_fe3f6af4,1,1,1,1,1,1
case_64921cc5,0,0,1,1,1,1
case_fb791158,1,1,1,1,1,1
case_922c9c10,0,0,1,1,0,1
case_2d7599fb,1,1,1,1,1,1
case_32137440,0,0,1,1,0,1
case_0c3c891e,0,0,1,0,0,1
case_a1d7b638,0,0,1,0,1,0
case_99f0d8d9,1,0,1,0,1,1
case_d7fd4b2a,1,1,1,0,1,1
case_872755e1,1,0,1,0,0,1
case_0b8c611c,1,1,1,1,1,1
case_617f0bf6,0,0,1,1,1,0
case_25380722,1,1,1,1,0,1
case_8766fd54,0,0,0,0,1,1
case_7ed751a2,1,1,1,1,1,1
case_c916a1ea,0,0,1,1,1,0
case_722f1d91,1,1,1,1,1,1
case_bfea37f7,1,1,1,1,1,1
case_fc27c5b6,1,0,1,1,1,1
case_4f9c6a75,0,1,1,1,0,1
case_b093e10b,0,1,0,0,0,0
case_f70b8f8e,1,1,1,0,1,0
case_0f706c66,0,0,1,1,1,1
case_024702b9,0,0,1,0,0,1
case_c85f22c2,1,1,1,0,1,1
case_440e5911,1,0,1,1,1,1
case_90eb0a1c,0,1,1,0,1,1
case_28d01c19,1,1,1,1,1,1
case_4144ebf4,1,0,1,1,1,1
case_c701e8e6,1,1,1,1,1,1
case_07f7e3c3,1,1,1,1,1,1
case_e278e211,1,1,1,1,1,1
case_ffe3aa7c,1,1,1,1,1,1
case_8c0cc6e6,1,1,1,1,1,1
case_1efac586,0,0,1,1,1,1
case_7a0cb52c,1,1,1,0,0,1
case_f41b3674,0,0,1,1,0,1
case_91c94fac,1,0,1,1,1,1
case_a933a16c,1,1,0,0,1,1
case_58e19643,1,1,1,1,1,1
case_6c2a27af,0,0,0,1,0,1
case_558d9d9e,1,1,1,1,1,1
case_2bcf1716,1,1,1,1,1,1
case_10649c58,1,0,0,0,0,1
case_b3d7838d,1,1,1,0,1,1
case_93dbc440,1,1,1,1,1,1
case_087d2b12,1,1,1,0,1,1
case_352c457b,1,1,1,1,1,1
case_0318afba,1,1,1,1,0,1
case_7dcff15a,1,0,1,0,1,0
case_b966593b,0,1,1,1,1,1
case_6b20d92d,0,0,0,1,1,0
case_a52cc77d,0,0,1,1,0,1
case_a7a6162a,1,1,1,1,1,1
case_28314118,1,0,1,0,1,1
case_b530433b,1,0,1,1,1,0
case_c71b3502,0,1,1,1,1,1
case_855858b2,1,1,1,1,0,1
case_3e50647a,1,1,1,1,1,1
case_95fa1af8,1,0,1,1,1,1
case_94303605,1,0,1,0,1,1
case_ec3a6a65,0,1,1,1,1,0
case_558a945c,1,0,1,1,1,0
case_393b8985,1,1,1,1,0,1
case_b3c8a59b,0,0,1,1,1,1
case_9f84e821,0,1,1,1,0,1
case_e6af9cf0,0,1,0,1,1,1
case_eadb2f46,1,0,1,0,1,1
case_b3ad52b9,1,1,1,0,0,1
case_02992f12,1,0,1,1,1,0
case_55945706,1,0,1,1,0,1
case_ec58dc4c,1,1,1,1,1,1
case_88612ec6,0,0,1,1,1,0
case_4aeb9079,1,1,1,1,1,1
case_cfb90490,1,0,1,0,1,1
case_b43c6a39,1,1,0,0,1,1
case_7e975e9d,0,1,1,0,1,1
case_4a4e2d55,1,1,1,1,1,1
case_72eaf6ae,1,0,1,1,1,1
case_9b73f23d,1,0,1,1,1,1
case_bda8ed61,0,1,1,0,1,1
case_bd55c519,0,1,0,0,1,1
case_6a54cb52,0,1,1,1,1,1
case_77b3597f,0,1,1,0,1,0
case_89967c84,0,1,1,1,1,1
case_e195ac10,1,1,1,1,1,1
case_f4e33298,1,1,1,1,1,1
case_e8176777,1,1,1,1,1,1
case_b2802c16,1,1,1,1,1,1
case_f3bd971a,0,0,1,1,1,1
case_3e160300,1,1,1,1,1,0
case_677be62b,1,1,1,1,0,1
case_dbfd01a0,0,1,0,1,0,0
case_de4000b6,1,1,1,0,1,1
case_5cafd490,1,1,1,1,1,1
case_15cd5328,1,1,1,1,1,1
case_6d87884b,1,0,1,1,1,1
case_b393cade,1,1,1,1,1,1
case_b5c6db55,0,1,1,1,1,1
case_cdf25766,0,0,1,0,0,1
case_ffd5cebe,0,1,0,0,0,0
case_36e9ec00,1,0,1,0,0,1
case_36a0f95c,0,0,1,0,0,1
case_f9741f59,0,0,1,1,0,1
case_3d2f819d,0,0,1,0,1,1
case_a5278973,0,1,0,1,1,1
case_e6c7347b,1,1,1,1,1,1
case_ce6da40e,1,1,1,1,1,1
case_ec1e5456,0,0,1,1,0,1
case_9bdb65ce,1,1,1,1,1,1
case_0edc1c2f,1,1,1,1,1,1
case_621dd196,1,1,1,0,1,0
case_e5e3d35b,1,0,1,1,1,1
case_33075c9a,0,1,1,1,1,1
case_9e27c523,0,0,1,1,1,1
case_e8983e81,0,0,1,1,0,1
case_b207c035,1,1,1,1,1,1
case_a40b5f31,1,1,1,0,0,1
case_b571d8c5,0,1,1,1,0,1
case_d8bdd535,0,0,1,1,1,0
case_f9a91699,1,1,1,1,1,1
case_4ec07f0c,0,1,1,1,1,1
case_9251458e,0,1,1,0,0,1
case_c251e1bf,1,1,1,1,1,0
case_df37ea82,1,0,1,0,1,1
case_d736bbf5,1,1,1,1,1,1
case_b563b383,1,0,0,0,0,1
case_e7e9cc76,0,0,1,1,0,0
case_85b84298,1,1,1,0,1,1
case_359cbf35,1,1,1,1,1,1
case_690e1d9f,1,1,1,1,1,1
case_427c7a5a,1,0,1,1,0,1
case_2b89ab0c,0,0,1,1,0,1
case_c4759181,1,1,1,1,1,1
case_e9711a46,0,1,1,1,1,1
case_58ac97cd,1,0,1,1,1,1
case_3c1ed82c,1,1,1,0,0,1
case_63517e54,0,1,1,1,1,1
case_d1b722d6,1,1,1,1,1,1
case_016b4ae5,0,1,1,1,1,1
case_cd1735d7,1,0,1,0,0,0
case_585eb302,0,1,1,1,1,1
case_c5f960c8,1,1,1,1,1,1
case_ca963dd7,0,0,1,0,1,1
case_23e32a35,1,0,1,1,1,1
case_3abc746b,0,0,1,0,0,1
case_a0a61b05,1,1,0,1,1,0
case_18f858dc,1,1,1,1,1,0
case_72ea526e,1,0,1,1,1,1
case_4f220fe1,0,0,1,1,0,1
case_56e82b1a,0,1,1,1,0,1
case_08c6b996,1,1,1,1,1,1
case_15fc2cf3,0,1,1,1,1,1
case_b65d484c,0,1,1,1,0,1
case_d3fb1414,1,1,1,1,1,1
case_0964b41c,1,0,1,0,1,1
case_67edce59,0,1,0,1,1,1
case_e6cc48eb,1,1,1,1,1,1
case_961dfb81,1,0,1,0,1,1
case_4954d763,1,1,0,1,1,1
case_e9547bfb,1,0,1,1,1,1
case_56d83bba,0,0,0,0,0,1
case_a53ff68a,0,1,1,1,0,0
case_4447346c,1,1,1,1,1,1
case_b964b70d,1,0,1,0,0,1
case_404e18cb,1,0,1,0,1,0
case_41001a10,0,1,1,1,1,1
case_d491e3e1,1,1,1,1,0,1
case_38e251ad,0,1,1,1,1,1
case_b6d8965c,1,1,1,1,1,1
case_e30b8bfb,1,1,1,1,0,1
case_c9cd04a2,1,0,1,1,0,1
case_a03da6e8,1,1,1,1,0,1
case_1c6347f1,1,0,1,0,0,1
case_99f64250,1,1,1,1,0,1
case_ada3cd9e,0,0,1,1,1,1
case_47d8d4f4,0,1,1,1,0,1
case_3adb9fc4,1,1,1,1,1,1
case_8536c191,1,1,1,1,1,0
case_32601d5c,1,0,1,1,1,1
case_383e8d7d,0,1,1,1,1,1
case_8caff581,0,1,1,1,1,1
case_4671aded,1,1,1,1,0,1
case_19a7fc12,1,1,1,1,1,1
case_6daf92ba,1,1,1,0,1,1
case_f10bc392,1,0,1,1,1,1
case_c84f9481,1,1,1,1,1,1
case_2e6f6187,1,1,1,1,1,1
case_2d2738ca,1,0,1,1,1,0
case_36abb59c,1,1,0,1,1,1
case_1255de02,1,1,0,1,1,1
case_30627ebb,0,0,1,1,1,1
case_bcb4bee1,1,0,1,1,1,1
case_cf31d396,0,0,0,1,0,1
case_3c2aa514,0,0,0,1,1,1
case_bc3e3df1,1,1,0,1,1,1
case_6719d02e,1,1,1,1,1,1
case_d5024e2b,1,0,1,1,1,1
case_2c437331,0,1,1,1,1,0
case_bd646280,1,1,0,0,1,1
case_b3709ecc,1,1,1,0,1,0
case_eb06113a,1,1,1,1,0,1
case_16fcd12d,0,1,1,0,0,1
case_33db15b3,1,1,1,1,1,1
case_bc9cc410,1,1,1,0,1,1
case_16ef4245,1,1,1,1,1,1
case_0684f60f,1,1,1,1,1,1
case_fd1f1db8,1,1,1,0,1,0
case_291bd7ec,0,0,1,0,0,0
case_aa3c3a40,1,1,1,1,1,1
case_b1e779ca,0,1,1,1,1,1
case_c9081b9d,0,1,1,1,0,1
case_3d4e8976,1,1,1,0,1,1
case_2ccb866d,1,0,1,0,1,1
case_65cd224e,1,1,1,1,1,1
case_5d19ab54,1,1,1,1,1,1
case_ff37210b,1,1,1,1,1,1
case_44c177d1,1,0,1,1,1,1
case_7d38b6e4,0,1,0,1,0,1
case_5f1e2afc,1,1,1,1,1,1
case_5b2a89c0,1,1,1,1,1,1
case_ee8a0b75,1,0,1,1,1,1
case_67518316,1,1,1,0,1,0
case_ad6dd584,0,1,1,1,1,1
case_9b61018e,1,1,1,1,1,1
case_cc5b87ba,1,1,0,1,1,1
case_f78dbdc7,0,0,1,0,0,1
case_4ceb9af2,1,1,1,1,0,1
case_9f5e359f,1,0,1,1,0,0
case_b5319a02,1,1,1,1,1,1
case_673572a2,1,0,1,1,1,1
case_a79e3276,1,1,1,1,0,1
case_0b5c0c4d,1,1,1,0,1,1
case_27aace4b,0,1,1,1,1,1
case_229f9972,1,1,0,1,1,0
case_da707d87,1,1,1,0,1,1
case_70ea4e7b,0,1,1,0,1,1
case_4cdb3a66,1,0,1,0,1,1
case_9b665140,1,1,1,1,1,1
case_43aa4577,1,0,1,1,1,1
case_9cfb3d49,0,1,1,1,1,1
case_169af58a,0,0,1,0,1,0
case_64d7f960,0,1,1,1,1,1
case_deee6237,1,1,1,0,1,1
case_0792c782,0,0,1,0,0,1
case_4489e19a,1,1,1,1,0,1
case_9771661b,0,1,1,1,1,1
case_ac62ec33,1,1,1,1,1,1
case_498942e3,0,1,1,1,1,1
case_b752c46c,1,0,1,0,1,1
case_c94b0191,0,1,1,1,1,1
case_c196c2f4,0,1,1,1,1,1
case_ac951363,0,1,1,1,1,1
case_fd0c3c15,1,1,1,1,1,1
case_af811d9f,1,1,1,1,0,1
case_ef9e8a31,1,0,1,1,1,1
case_9da3c8d2,1,1,1,1,1,1
case_22cd37cb,0,0,1,0,0,0
case_d6a585d0,1,0,1,0,0,1
case_4b6f8922,1,1,0,0,0,1
case_15e22ba5,1,0,0,1,0,0
case_b790d1b5,0,0,1,0,0,1
case_d1081666,0,0,1,1,1,1
case_70dd81aa,1,1,1,1,0,1
case_affbbe83,1,1,1,1,1,1
case_ef6024d0,1,1,1,1,1,1
case_2ecd1c98,0,0,1,1,1,1
case_6a74e822,0,0,1,0,1,1
case_7c61436f,1,1,1,1,1,1
case_63e6fd1d,1,1,1,1,1,1
case_6560d1ee,1,1,1,1,1,1
case_a7140d64,1,1,1,1,1,1
case_420a7e47,1,0,1,0,1,0
case_8d58d09c,0,0,1,1,1,1
case_abd089b8,0,0,1,1,1,1
case_91dd9723,1,0,1,1,1,1
case_11906693,1,1,1,0,1,1
case_f94a221c,1,0,0,1,1,1
case_8afb561b,1,1,1,1,1,1
case_6a99dd43,1,1,1,0,1,1
case_b9ad99c7,1,1,1,0,0,1
case_210cd9eb,1,0,1,1,1,1
case_8af2439d,0,0,1,1,0,0
case_9f08ee29,0,1,1,0,1,1
case_8716ef35,0,0,0,0,1,1
case_af2f3107,1,1,1,1,0,0
case_802a9c07,0,0,0,1,1,0
case_f3204e5a,1,0,1,1,1,1
case_f1aaecc7,1,1,0,0,1,0
case_f2a567c0,1,1,1,1,1,1
case_7aaaadd0,0,1,1,1,1,1
case_2d56de5f,1,1,1,0,0,1
case_b035eac4,1,1,1,1,1,1
case_cab3b707,1,1,1,1,1,1
case_e195dcb7,1,0,1,1,1,1
case_2334b582,1,1,0,1,1,1
case_336b763c,1,1,1,1,1,1
case_05aea887,0,0,1,1,1,1
case_c98955b9,1,0,1,0,0,1
case_f388ab18,1,0,1,1,1,0
case_ec4c9686,0,1,1,1,1,1
case_4bbb265a,1,1,1,0,1,1
case_1cc854d4,1,1,1,1,1,1
case_c695fe3d,0,0,1,0,1,1
case_2af963f1,1,0,1,1,0,1
case_150c9211,0,0,1,1,0,1
case_3261f0e4,1,1,1,0,1,1
case_5df5cc93,1,1,0,1,1,1
case_f4e63059,1,0,1,1,0,0
case_a19228d0,1,1,1,0,1,1
case_47db14b6,0,0,1,0,1,1
case_da099544,1,0,1,0,1,1
case_a966d78d,0,0,1,0,1,1
case_5ab25ab2,1,1,1,1,1,1
case_e242be18,1,0,1,1,1,1
case_2bf9768a,0,0,1,1,1,1
case_b7a88d3f,0,0,1,1,1,1
case_cd448fe1,1,1,1,1,1,1
case_8690b45c,1,0,1,1,1,1
case_6a361caf,0,0,1,1,0,1
case_2a998661,1,0,1,0,1,1
case_22ef6fd6,1,1,1,1,1,1
case_80b7d219,0,0,1,1,0,1
case_bf6139cc,0,0,1,0,1,1
case_b6ca7d27,1,1,1,1,1,1
case_601f9f71,1,0,1,1,1,1
case_db9a9a51,1,1,1,1,1,1
case_a4d876e1,1,1,1,1,1,0
case_b81fd785,0,1,1,0,0,0
case_304fd03b,0,0,1,1,0,0
case_e863d475,0,1,0,1,1,1
case_b345df9a,1,1,1,1,1,1
case_03403b59,0,1,1,1,1,1
case_04733304,1,1,1,1,0,0
case_e6d801e4,1,1,1,1,1,1
case_a26e39fa,0,1,1,1,0,1
case_3efa2a62,1,1,1,1,1,1
case_098a96c8,1,1,1,1,1,0
case_f9e25b47,1,0,1,1,1,0
case_28ce48a9,0,1,1,0,1,0
case_9e66531c,1,1,1,1,1,1
case_0a97e936,1,1,0,0,0,1
case_b0724d37,1,1,1,1,0,1
case_3abcd7eb,1,0,0,1,1,1
case_bf42c9a0,0,1,0,1,1,0
case_fd3ba572,0,0,0,1,0,0
case_539f12e5,1,0,1,1,1,1
case_c5f25c6e,1,1,1,1,1,1
case_2f5b0d26,1,1,1,1,1,1
case_e326ae9c,1,1,1,1,0,1
case_ac94dad6,0,1,1,1,1,1
case_22b471c1,0,0,1,0,0,0
case_a8a3cb22,1,1,1,1,0,1
case_ed1102a9,0,1,1,0,1,1
case_d71d3fdb,1,1,1,0,1,1
case_ad883824,1,1,1,1,1,1
case_c3de161e,1,0,1,0,1,0
case_c7a2960a,0,1,1,1,1,1
case_f90ad5a6,0,0,1,0,0,1
case_e6fdb3e7,1,0,1,1,0,1
case_4d0d80b9,1,0,0,1,0,1
case_7b96406e,0,1,1,1,1,1
case_bd3fda9a,0,0,1,1,0,1
case_9b2502b8,0,0,1,0,1,1
case_508b8b66,0,0,1,1,0,0
case_3a440811,1,1,1,0,1,1
case_03a25d4f,1,0,1,1,0,1
case_06c90aac,1,1,1,1,1,1
case_d71bb9e0,1,0,1,0,1,1
case_3b7a3866,0,1,0,1,1,1
case_f3bcce21,0,0,0,1,1,0
case_3f6a38fc,1,1,1,1,1,1
case_1c2c514c,1,1,0,0,1,1
case_671e7971,1,0,1,1,1,1
case_bf1a9a50,0,1,0,1,1,1
case_9098c215,1,0,1,1,1,1
case_1726e58f,0,0,1,1,1,1
case_34adbcc3,1,1,1,1,1,1
case_579367cd,1,1,1,1,1,1
case_33a8bc2a,1,1,1,1,1,1
case_0d7d7762,1,0,1,0,1,1
case_cf508522,1,1,1,1,0,1
case_3d5e1599,1,1,1,1,1,0
case_5b19e43d,0,0,1,0,1,1
case_3e038be0,1,0,0,1,1,1
case_69d0b24b,1,1,1,1,1,1
case_229c2931,1,1,1,1,1,0
case_05ec20dc,1,1,1,1,1,1
case_bc68a3a0,1,1,1,1,0,1
case_4089ee6b,0,0,1,1,1,0
case_171a62db,1,1,0,1,1,1
case_318fca5d,1,1,1,1,1,1
case_d6cd8d88,1,1,1,1,1,0
case_b2489a8f,0,1,1,0,1,1
case_47106d50,0,1,1,0,0,1
case_a90e98ec,1,0,1,1,1,1
case_266c2aae,1,1,1,1,1,1
case_41a5fe1e,1,1,1,0,1,1
case_080eab08,1,1,0,0,1,1
case_78b0d083,0,1,1,1,1,1
case_2eda70c1,0,1,1,1,1,1
case_e0d2ed69,1,1,1,1,0,0
case_44382f5f,1,1,1,1,0,1
case_0ef6b529,0,1,1,1,1,1
case_db7a4227,0,0,1,0,0,1
case_6dadd6d8,1,1,1,1,1,1
case_fc749919,1,0,1,1,0,1
case_698261c3,0,0,1,1,1,0
case_c5e25b6d,1,1,1,1,1,1
case_390eb0a4,0,0,1,0,1,0
case_4b2bcd12,0,0,1,1,1,0
case_dfe4d6cd,0,0,1,0,0,0
case_581db53c,1,0,1,1,1,1
case_76eb3021,0,1,1,0,1,1
case_a414ccb3,1,0,1,1,1,1
case_134298f2,0,0,1,1,1,1
case_e584b519,1,1,1,1,1,1
case_36d7a37e,0,0,1,1,1,1
case_17569355,1,1,1,1,1,1
case_a19649d8,0,1,1,1,1,1
case_f867ec96,0,1,1,0,1,1
case_5ac32095,1,1,1,1,1,1
case_809b2e65,0,0,1,0,1,1
case_706e7ae2,1,0,1,1,0,1
case_3983f814,1,1,1,1,1,1
case_bfe40fc2,0,0,1,0,0,1
case_d76ca5e0,1,1,1,1,1,1
case_70f8cb8e,0,0,1,1,1,1
case_9d1ae1db,0,1,1,1,1,1
case_246438f1,1,0,1,0,1,0
case_1d553db6,0,1,0,0,0,0
case_bbd1d8e5,1,1,1,1,1,0
case_265394ff,0,0,1,1,1,1
case_f74140a6,0,0,1,0,1,1
case_8da15595,1,0,1,1,1,1
case_840fa2db,1,1,1,1,1,1
case_05ada4cc,1,1,1,1,1,1
case_53e029cd,0,0,0,0,0,0
case_8dd865e7,0,0,0,0,0,0
case_09866367,0,1,1,0,1,1
case_683349e2,1,1,1,1,1,1
case_742fd53a,1,1,1,0,0,1
case_35963d37,1,0,0,1,0,1
case_a46b92cc,0,1,1,1,0,1
case_2d341e61,0,1,1,1,0,1
case_c67bb9b3,0,0,1,1,1,1
case_6d267f5b,0,0,1,0,0,0
case_301700d9,1,0,1,1,0,1
case_1802ef43,1,0,1,0,0,1
case_b1030d67,1,1,1,1,1,1
case_ce4b822e,1,0,1,0,1,1
case_50176f89,0,0,1,1,0,0
case_24d88a96,1,1,1,0,1,1
case_6850cbfd,0,0,1,1,0,0
case_7ee9b17b,1,1,1,1,1,1
case_b545bdaf,1,0,1,1,1,0
case_8dab2583,0,0,1,1,1,1
case_a264d573,1,1,1,1,1,1
case_8f79f95d,1,0,1,1,1,1
case_7c52ce4f,1,1,1,1,1,1
case_07ce139e,1,1,1,1,1,1
case_f36d0c30,1,0,1,1,1,1
case_0e160178,1,1,1,1,0,1
case_b5c8cdee,0,0,1,1,1,0
case_1b2f6b85,1,1,1,1,1,1
case_5e5ae9b9,1,0,1,1,1,1
case_f219a60b,0,1,1,1,1,1
case_5cf99c36,1,1,1,0,1,1
case_ee002326,0,0,1,1,0,0
case_3c984a06,1,0,1,1,0,1
case_7afcb414,0,1,1,0,0,0
case_97c180f2,1,1,1,1,1,1
case_f18e79bf,1,1,1,1,1,1
case_d1c6d890,1,1,1,0,1,1
case_32c22dde,1,0,1,1,1,1
case_7407751b,1,1,0,1,1,0
case_16ea2bfc,1,1,1,1,1,1
case_c708bca8,0,0,1,0,1,1
case_6a411244,1,0,1,1,1,1
case_5ed5c2b8,1,0,1,0,1,1
case_a37a4c34,0,0,0,0,1,1
case_1ee4c800,1,1,1,1,0,1
case_13f7eb68,1,1,1,1,1,1
case_f4f52827,1,1,1,1,0,1
case_5afa6f7d,0,0,1,0,1,1
case_9e386899,0,1,1,1,1,1
case_ef36de16,1,1,1,1,1,1
case_4f116f89,0,1,1,1,1,1
case_3a1ed8c9,0,1,1,1,0,0
case_a19098ef,1,1,0,1,0,1
case_d131b3cd,1,0,1,1,1,1
case_004d2691,0,1,1,1,1,1
case_0c1ff60f,1,0,1,1,1,1
case_2865e4c8,0,0,1,0,1,1
case_0e767506,0,0,1,1,0,1
case_0b3f4ae8,1,1,1,1,1,1
case_9661dd99,1,0,1,1,1,1
case_5df864bd,1,0,1,1,1,1
case_3bb6ac3e,0,1,1,1,1,1
case_b0e1daa7,1,0,1,0,0,1
case_c47b9d67,1,1,1,0,1,1
case_83c3908a,1,1,1,1,1,1
case_2af71aca,1,1,1,1,0,1
case_4d1f820b,1,1,1,1,1,0
case_3fbc3bef,1,0,1,1,1,1
case_352fcc9c,0,1,1,1,1,1
case_e989e1b0,1,1,1,1,1,1
case_7855507e,1,0,1,0,1,0
case_62da6a3e,1,1,1,1,1,1
case_afd00499,0,1,1,1,1,1
case_766c020f,1,1,1,0,1,1
case_17419eae,1,1,1,1,1,1
case_7d79e506,1,0,1,1,0,1
case_a69dd552,1,1,1,1,1,1
case_bce120e6,1,1,1,1,1,1
case_e414190c,1,1,1,1,0,1
case_61b23bab,1,1,1,0,1,1
case_9245be6e,0,0,0,0,1,0
case_f8a2dabf,0,1,1,0,1,0
case_748f3a4a,1,1,1,1,1,1
case_d82dc786,0,0,1,0,1,0
case_2c201efb,1,1,1,1,1,1
case_544d286b,1,1,1,1,1,1
case_1675947a,1,1,1,1,0,1
case_4eb189be,1,0,1,1,1,1
case_0d832534,1,1,1,1,1,1
case_09c8c05c,1,1,1,1,0,0
case_d8555862,1,1,1,0,1,0
case_1f8ec64d,0,0,1,1,1,1
case_58ef439f,1,1,1,1,0,1
case_945e3ddb,1,1,1,0,0,0
case_4d9c27b9,1,1,1,1,1,1
case_d95c61cc,1,0,1,0,1,1
case_77fbce28,1,0,1,1,1,1
case_1a73f1a1,1,1,1,1,0,0
case_957b302d,1,1,1,0,0,1
case_2b626e95,1,1,1,1,1,1
case_1f922d36,1,1,1,0,1,1
case_bccd6e04,1,1,0,1,1,1
case_df0cf6c7,0,1,1,1,1,1
case_0e92dee9,1,1,1,1,1,1
case_b5f187ad,1,1,1,1,1,1
case_3be2a084,1,1,1,1,0,1
case_27e6a882,1,1,1,0,1,1
case_bab52fe8,0,1,1,1,1,1
case_935ed340,1,1,1,1,1,0
case_24d61aa9,1,0,1,0,0,0
case_4fa81882,0,0,1,0,0,1
case_356b6b12,1,0,1,1,1,1
case_de9d1036,1,1,1,1,1,0
case_71b9f94f,0,1,1,1,0,1
case_5406fcd8,0,1,1,0,0,0
case_a25d674d,0,1,1,1,1,1
case_df2b3399,1,1,1,0,1,1
case_4b1cda22,1,0,1,1,1,1
case_2774674b,0,1,1,1,1,1
case_84037942,1,1,1,0,1,0
case_6a013de9,1,1,1,1,0,0
case_8d64d776,1,1,1,1,1,0
case_19c9c1c8,1,1,1,1,1,1
case_add543d2,1,1,1,1,1,1
case_6938c114,0,0,1,0,1,0
case_9f7061e0,0,0,1,1,0,1
case_7a5e6d96,1,1,1,0,0,0
case_b9df3ec8,1,1,0,1,0,1
case_aac06b98,1,1,1,1,1,1
case_25128d5b,0,1,1,1,1,1
case_9415fba0,1,1,1,1,1,1
case_790cdcb4,1,0,1,1,0,0
case_7e4eb69f,0,0,1,1,0,0
case_fc236463,1,1,1,1,0,0
case_24c2ebfe,1,1,1,0,1,1
case_f7bbff95,1,1,1,1,0,0
case_b1f62b98,1,0,1,0,1,1
case_fd429575,1,0,1,1,0,1
case_ea6e28f1,1,1,1,1,1,1
case_04479a97,1,1,1,1,1,1
case_a4626a2e,1,0,1,0,0,0
case_8acb2959,0,1,1,1,1,1
case_cbca8066,1,1,1,1,1,1
case_f84bdfe8,1,1,1,1,0,1
case_b3cce4bd,1,1,1,1,1,1
case_9bbacae5,1,1,1,1,1,1
case_c0cab06b,1,1,1,1,1,1
case_8b7649c2,1,1,1,1,1,1
case_fafbe028,1,1,1,1,1,1
case_ee353649,0,0,1,1,1,1
case_c6069398,1,0,1,0,0,1
case_21b516ea,1,1,1,1,0,1
case_3fb24eef,1,1,0,0,1,0
case_efbe9529,0,0,0,0,0,0
case_d3c590f0,1,1,0,1,0,1
case_230a1b3e,0,0,1,0,1,0
case_24234d46,0,1,0,1,0,1
case_b04512b2,1,0,1,1,1,1
case_b70389d1,0,0,1,0,1,0
case_55e5bbd6,1,1,1,1,1,1
case_9fd25421,0,1,1,1,1,1
case_5bb501a2,1,0,0,1,1,1
case_accd6769,0,1,1,1,1,1
case_95f2a6d0,0,0,1,1,0,0
case_f0fe211e,0,0,0,0,0,0
case_1b1e0c19,0,1,1,1,1,0
case_39698d5f,0,1,1,1,1,1
case_60d9fe68,1,1,1,1,0,1
case_b8d4a214,1,1,1,0,1,1
case_59e44295,0,1,1,1,1,1
case_aa33c333,0,0,1,1,1,0
case_980aec18,0,1,1,1,0,1
case_3c213f86,1,1,1,1,1,1
case_94e660cc,1,0,1,0,1,1
case_c751343f,1,1,1,1,1,1
case_bf03560e,1,1,0,1,1,1
case_b0e32501,1,1,1,1,1,1
case_c1a5f6b9,1,1,1,1,1,1
case_963fa65f,1,1,0,1,1,1
case_e7a091db,1,1,1,1,1,1
case_39a3b039,0,0,1,0,0,0
case_bf1d52dc,1,1,0,0,1,1
case_a4557c24,1,0,1,0,0,1
case_ff0d2966,0,1,1,0,0,0
case_6bfc2cc0,1,0,1,1,0,1
case_c35b30be,1,0,1,1,1,0
case_edef5de3,0,0,0,0,0,1
case_52f7a028,1,1,0,1,1,1
case_1743c87f,1,1,0,0,0,1
case_fc738c9f,0,0,0,0,1,0
case_59bdc9d2,1,0,1,1,0,1
case_c130d80c,1,0,1,1,0,1
case_fdf18502,0,0,1,1,0,1
case_381ca252,0,0,1,1,0,0
case_16d966e8,1,1,1,1,1,1
case_fb4ac272,0,1,1,1,1,0
case_936cb26d,1,1,0,1,1,1
case_f0cdb032,1,0,1,0,0,1
case_89e130de,1,1,1,1,1,1
case_371dae7a,1,0,1,0,1,1
case_25727467,0,0,1,0,1,1
case_a415e40d,1,1,1,1,1,1
case_220a8e44,0,1,1,0,1,1
case_cebcc3f2,1,1,1,0,1,1
case_30593f41,1,0,1,1,1,1
case_1cdde075,1,1,1,1,0,1
case_11da3894,1,1,1,1,1,0
case_5972c066,0,1,0,0,0,0
case_d8611418,0,0,1,0,0,1
case_12019fff,1,1,1,1,1,1
case_ce9f68de,0,1,0,0,0,0
case_98ea3197,0,0,1,0,1,1
case_a771f77f,0,1,1,0,0,1
case_43c3e6e5,1,0,1,1,1,1
case_09ac94be,1,1,1,1,1,1
case_fdb48185,1,1,1,1,1,1
case_351ee050,1,1,1,0,0,1
case_c5d448ec,0,1,1,1,1,1
case_6c124b81,1,1,1,1,1,1
case_27e13304,1,1,0,1,1,1
case_0d0d5f39,1,0,1,0,1,1
case_db89b066,1,0,1,1,1,1
case_417a9d28,1,0,1,1,1,1
case_bf18c7a7,0,0,1,0,0,1
case_16805398,1,0,1,0,0,0
case_290129e6,1,1,1,1,1,1
case_84172027,0,0,1,1,1,1
case_c7432bbd,0,1,1,1,0,0
case_e0b484b4,0,1,1,0,1,1
case_c74982a4,0,0,1,0,0,0
case_d0bebe9d,0,0,1,1,1,1
case_21f5ca47,0,0,1,1,1,1
case_ceaf968f,1,0,1,1,1,1
case_d95061c8,1,1,1,1,1,1
case_14cd9594,0,1,0,0,0,1
case_1b8c24b1,1,1,1,1,1,1
case_40a31555,1,1,1,0,1,1
case_23f78c80,0,1,1,1,1,1
case_c2ac6f22,1,0,1,1,1,1
case_35e2302e,1,1,1,0,1,0
case_fed7e7f7,1,1,1,1,1,1
case_b76e8770,1,1,1,1,1,1
case_0285e209,1,1,1,1,1,1
case_600c36b1,1,0,1,1,1,1
case_e1f671fd,0,1,1,1,0,0
case_3d289ca2,1,1,1,0,1,1
case_859d2f9c,1,1,1,1,1,1
case_a77b18d5,1,1,1,1,1,1
case_6bdfe001,0,1,1,0,0,1
case_c80dbf8d,0,1,1,1,1,1
case_f3ee71ac,1,1,1,1,0,1
case_07f8de1e,1,0,1,1,0,1
case_9f915b6c,0,0,1,1,1,1
case_90ecfb84,1,1,0,1,1,1
case_406f19ea,1,1,1,1,1,0
case_f4f62068,1,0,1,0,0,1
case_0abead86,0,0,1,1,0,1
case_5b8a0edd,1,0,1,0,1,1
case_216b6da0,1,0,1,1,1,1
case_6b3a467e,1,1,1,0,1,0
case_f77f7854,0,0,1,1,0,0
case_a51b172f,1,0,1,1,0,1
case_8801b172,0,0,0,1,1,1
case_2b8a70e2,1,0,1,1,0,1
case_13761940,0,1,1,1,1,1
case_ccb8f1ad,0,0,1,1,1,1
case_a6404cb0,1,0,1,0,1,0
case_2de65ffa,1,1,1,1,1,1
case_a8c39ce5,1,1,1,1,1,1
case_26d620d1,1,1,1,1,0,1
case_206e8a79,0,1,1,0,1,0
case_e55024fa,0,1,1,0,1,0
case_859fe60f,0,1,1,1,1,0
case_27528385,0,1,1,1,1,1
case_8a94184d,0,1,1,1,1,1
case_65558827,0,1,1,1,0,1
case_e8216267,0,1,0,1,0,1
case_17e2f143,0,0,1,0,1,0
case_4012298b,0,1,1,0,1,0
case_81d238c9,1,1,1,1,1,1
case_a2228007,0,0,1,0,0,1
case_5a2d7f76,0,1,1,1,1,1
case_100ff6c0,1,1,1,1,0,1
case_d679ebd6,1,1,0,1,1,1
case_bab94d4a,1,1,1,0,1,1
case_de3ff5ac,1,1,1,0,1,0
case_1e1a033a,1,0,0,1,1,1
case_c8318609,0,0,1,1,0,1
case_9203ccc7,1,1,1,1,1,0
case_4b79fac2,1,0,1,1,1,1
case_c32d9c64,0,0,1,1,1,1
case_5fbb92af,1,1,1,1,1,1
case_f97a9272,1,1,1,1,1,1
case_daea286d,1,1,1,1,1,1
case_f03c9231,1,0,1,1,0,1
case_aec5f5d7,1,1,1,1,1,1
case_99aefe7d,1,1,1,1,0,1
case_ba69451b,0,1,1,1,1,1
case_0a505b69,0,1,1,1,1,1
case_061a4a5a,0,0,1,1,0,1
case_a9916f88,1,1,1,0,0,1
case_eb834431,1,1,1,1,1,1
case_ace7d793,1,1,1,0,0,1
case_00357c1f,1,1,1,1,1,1
case_b54f7ccf,1,1,1,1,1,1
case_67ea5975,0,0,1,0,1,0
case_43744f81,1,1,1,1,0,1
case_c7d14388,0,1,0,1,0,0
case_818579d6,1,1,1,1,0,1
case_1dffe408,0,1,1,0,1,1
case_8e88125d,1,1,1,1,1,1
case_13a793a4,1,1,1,1,1,1
case_8eef89c0,0,1,1,1,1,0
case_df084938,1,1,0,1,1,1
case_7d06e0bf,0,0,1,1,1,0
case_5ca4e284,1,1,1,1,0,1
case_e72daf3d,1,1,1,1,1,1
case_1190b09e,0,0,1,1,0,1
case_e138544e,1,1,1,1,1,1
case_bcedd07d,1,1,1,0,0,0
case_f9c14a71,1,1,1,1,1,1
case_246752da,0,1,0,1,1,1
case_56877175,1,1,0,1,1,0
case_bd8c53b1,1,0,1,0,1,0
case_9046c44d,1,0,1,0,0,1
case_67506347,1,1,1,1,1,1
case_5411a5bd,1,1,1,0,1,1
case_5dce8175,0,1,1,1,1,1
case_15021df7,0,1,1,1,1,0
case_b5eee7e5,0,1,1,0,0,0
case_8bc158c3,1,0,1,1,1,1
case_2b314329,0,0,1,0,1,1
case_2ac18459,0,0,1,1,1,1
case_46c376ad,1,1,1,1,1,1
case_019dd6c0,1,1,1,1,1,1
case_9314c583,0,0,1,0,1,1
case_5e211605,0,0,1,1,1,1
case_ad3b1893,0,0,0,1,1,1
case_5a068dc0,0,0,0,0,0,1
case_b767eb43,0,1,1,1,1,1
case_025bb6fc,0,0,1,1,0,0
case_5839bca3,0,0,0,0,1,0
case_e46bf2c3,1,0,1,1,0,1
case_ccdd7297,1,1,1,1,1,1
case_b3dff950,1,1,1,1,0,1
case_1038a1be,0,1,0,1,1,1
case_1dc9fe75,0,0,0,1,1,1
case_6c9c783a,1,1,1,1,1,1
case_3757ecd5,1,0,1,1,1,1
case_1ef8f354,1,1,1,0,0,1
case_52f87a3e,1,0,1,1,1,1
case_8265dc5a,0,0,1,0,0,0
case_b600a4ac,1,1,1,0,1,1
case_6a7ac3a7,1,1,1,1,1,1
case_44c214c9,1,1,0,1,0,0
case_3a1a4ac9,1,1,1,1,1,1
case_43f777fc,0,0,0,1,0,1
case_574f3c72,1,0,1,1,1,0
case_3cd58e47,1,1,1,1,1,1
case_c43e2c1f,1,0,1,0,1,1
case_f2dc3023,0,1,1,0,1,1
case_065fa9aa,0,0,0,1,0,0
case_b1fc69d9,1,1,1,0,1,1
case_417c2dbc,1,1,1,1,1,1
case_547af693,1,1,1,1,1,1
case_e8170e72,0,0,0,0,1,1
case_2b55ebdf,1,1,1,1,1,0
case_3753431a,1,1,1,1,1,1
case_2aaa2072,1,1,1,1,1,1
case_bf89c220,1,0,1,1,1,1
case_42450930,1,1,1,0,1,1
case_3de6570b,0,1,1,0,1,1
case_f72ba1e4,0,1,1,1,1,1
case_3eca6988,1,1,1,1,1,1
case_37c15d22,0,1,1,1,1,1
case_2b2f2a10,0,1,1,0,1,1
case_e9652a0c,0,1,1,1,0,1
case_29988a25,0,1,1,1,1,1
case_028f6e99,1,0,1,1,1,1
case_56ea220c,1,1,1,1,1,1
case_bf73e149,0,0,1,0,1,1
case_695fbab3,0,1,1,1,0,1
case_3a29c85b,1,1,1,1,1,1
case_d2156b7b,1,1,1,1,1,1
case_f7be4456,1,0,1,0,1,1
case_5066d083,1,1,1,1,1,0
case_e0456368,1,0,1,0,1,1
case_9983adc2,0,0,1,1,1,1
case_bb47f9c0,0,0,1,1,0,1
case_6cfadc83,1,1,1,1,0,1
case_2349fcc7,0,1,1,1,1,1
case_d4f18d72,0,0,1,0,1,1
case_cc0ad943,1,1,1,1,1,1
case_dd929d8e,1,0,1,1,0,1
case_b7b1cb10,0,0,1,0,1,1
case_fe4304fa,1,1,1,0,1,1
case_2cb33868,1,1,1,1,1,1
case_70529d16,1,0,1,1,1,1
case_82e587af,1,0,1,0,1,1
case_cd7717a4,1,1,0,1,0,1
case_585efe53,1,1,1,0,1,1
case_66c0864e,0,0,1,1,0,1
case_830e31d1,0,1,0,1,1,1
case_5167c135,1,1,0,1,1,1
case_1049522c,1,0,1,1,1,1
case_e594300e,1,1,1,0,1,1
case_f3c79706,0,0,1,0,1,1
case_dffeb41c,1,1,1,0,1,1
case_9ad6fb0c,1,1,1,1,0,0
case_d4df832b,1,1,1,1,1,1
case_087688be,1,1,1,1,1,1
case_da3d3417,1,1,1,1,1,0
case_00fc3fb6,1,0,1,1,1,1
case_1a6621e2,1,1,1,1,1,1
case_004f8bec,0,0,1,1,1,1
case_30655ccb,0,1,1,1,1,1
case_d7bfa62f,1,1,1,1,0,1
case_008c67cb,0,1,1,1,0,0
case_e06ca555,1,1,1,1,1,1
case_88656b56,0,1,1,1,1,1
case_0a4573b0,0,0,1,1,1,1
case_8e94cb7d,0,1,0,1,1,1
case_455980fe,1,1,1,1,1,1
case_fe5a6713,1,1,1,1,1,1
case_b7d779d9,1,1,1,1,1,1
case_d824738f,0,0,1,0,1,1
case_9f039ea4,0,0,1,1,1,0
case_ae9ed98d,1,1,1,1,1,0
case_f634a5f3,1,1,1,1,1,1
case_d1d5443e,1,0,1,1,1,1
case_42a57454,1,1,0,1,0,0
case_428cb28f,1,1,1,0,1,0
case_6c795ee6,1,0,1,1,1,1
case_44be97ea,1,0,1,0,1,1
case_53ddb2b2,1,1,1,0,1,1
case_0179f3a8,0,1,1,1,1,1
case_027294b3,0,1,1,1,1,1
case_a2378cb0,0,0,0,0,1,0
case_9e22a8cc,1,1,1,1,1,0
case_32062943,0,0,1,0,1,1
case_be98d8e7,1,0,0,0,0,1
case_608d8b64,0,1,1,1,1,0
case_bfd20c4a,1,1,1,1,1,1
case_d7943e8e,1,1,1,1,1,1
case_f61f0156,0,1,1,1,0,1
case_c191fcda,1,0,1,1,0,0
case_2301c458,1,0,1,1,1,0
case_11cb496e,1,1,1,1,1,0
case_71f78ea3,0,0,1,0,1,1
case_73bb6a98,1,0,1,1,1,1
case_57cc61e0,0,1,1,1,1,1
case_0c85eaa6,1,0,1,1,1,1
case_74057552,1,1,0,1,0,1
case_c3c40c5a,0,0,1,1,1,1
case_5b6e772c,1,1,1,1,1,1
case_0546b9c4,1,0,1,1,1,1
case_6b9950ce,1,1,1,1,1,1
case_610e6844,1,0,1,1,1,1
case_27e19ff0,0,1,1,0,1,0
case_ac1e26c6,1,0,1,1,1,1
case_543d9efb,1,1,1,1,0,0
case_5dfe3533,1,1,1,1,1,1
case_6bf9bb97,1,1,0,1,0,1
case_286d9c6c,1,1,1,1,1,1
case_f84a5801,1,1,1,1,1,1
case_a24e17a0,0,1,1,1,1,1
case_a768a58c,1,0,1,1,0,1
case_92eeaae1,0,1,1,0,1,1
case_93e53020,1,1,1,1,1,1
case_35093166,1,1,1,1,1,1
case_91d1270f,0,1,1,0,1,1
case_1366bd36,1,1,0,1,1,1
case_5b47bd60,0,0,1,0,1,0
case_f08720cf,1,1,1,1,1,1
case_e3a94bd8,1,1,1,0,1,1
case_e698993f,0,1,1,0,0,1
case_eb1dc43a,0,1,1,0,0,1
case_126195ea,1,0,1,1,1,1
case_1b73cf60,1,0,1,0,1,0
case_59879d76,1,0,1,1,1,1
case_35e9535f,1,0,1,1,1,1
case_6a44fb19,1,0,1,0,0,0
case_876a13ff,1,0,1,1,1,1
case_3e542db5,0,1,1,1,0,0
case_c8189869,1,1,1,1,0,1
case_160a2b21,1,0,1,1,0,0
case_c4910d60,1,0,1,0,1,0
case_51dd99e8,1,1,1,0,1,1
case_fc9719fd,1,1,1,1,1,1
case_35fa5716,1,1,1,1,1,1
case_b363b97a,1,1,1,1,1,1
case_e746f0ee,1,1,1,0,0,1
case_71778d70,1,1,1,1,1,1
case_a6e82bd1,1,1,1,1,1,1
case_73ebb56b,0,0,1,1,1,1
case_7edecf41,0,0,1,0,0,1
case_a66ed85c,1,1,1,1,1,0
case_ff26300b,0,1,0,1,0,1
case_32339ea5,1,0,0,0,1,1
case_e383cd93,1,1,1,1,1,1
case_7196914d,0,0,1,1,0,0
case_00348949,1,0,1,0,1,1
case_eb23706c,0,0,1,1,0,1
case_d85da16c,1,1,1,1,1,0
case_dd0bd36f,1,0,1,1,0,1
case_e308bc51,0,0,1,1,1,1
case_4e53ae12,0,0,0,0,0,1
case_bbaa86f4,1,1,1,1,1,1
case_af56e5ba,0,0,0,0,0,1
case_cc9950f0,0,1,1,0,0,0
case_8d52b434,1,1,1,1,1,1
case_564f4f87,1,1,1,1,1,1
case_5abbece3,1,0,0,0,1,1
case_54ee0c09,0,1,1,1,1,0
case_41c5e289,1,1,1,1,1,1
case_bcd57bb9,1,0,1,1,1,1
case_dbb19a2a,1,0,1,1,1,1
case_579176e5,1,0,1,1,0,1
case_65467e44,0,0,1,1,1,0
case_89b206e4,0,0,0,0,1,1
case_f82ee238,1,0,1,0,0,1
case_135cdb20,0,0,1,0,0,0
case_592944f2,1,1,1,1,1,1
case_2ea216d7,0,1,1,1,1,1
case_2067824c,0,0,1,1,1,0
case_e610cfc4,1,1,1,0,1,1
case_2e2e4995,1,1,1,1,1,0
case_af1f03bd,1,1,0,0,0,0
case_d61129a3,0,0,1,0,0,1
case_b351202a,0,1,1,1,1,1
case_3f936343,1,1,1,0,1,1
case_ad63d301,1,0,1,1,1,1
case_2206700a,1,0,1,0,1,1
case_931cfd89,0,0,1,1,1,1
case_755c19ce,0,1,1,0,1,0
case_44bb5cb2,0,0,1,1,0,1
case_e221c375,1,1,1,1,1,1
case_21001e85,1,1,1,1,1,1
case_d78ab5c2,0,0,1,0,1,1
case_13ebfbf6,1,0,0,1,1,0
case_8e36dd38,1,1,1,1,1,1
case_152736d0,0,1,1,1,1,1
case_08f1b799,1,1,1,1,1,1
case_b4752c09,1,1,0,1,1,1
case_24d981bc,1,1,1,1,1,1
case_9ac26895,1,1,1,0,1,1
case_44b766b3,1,1,1,1,0,1
case_03beaef2,1,1,1,1,1,1
case_fa64cfa5,0,0,1,0,0,0
case_7f785df9,1,1,1,1,1,1
case_7ddedafa,1,1,1,1,1,1
case_882a331e,0,1,1,1,1,1
case_c8ea7bf6,1,1,1,1,1,1
case_558ec2cd,1,1,0,1,1,1
case_5f192d52,1,1,1,1,1,1
case_eba26ed6,0,0,1,1,1,1
case_fb51d133,0,0,1,1,0,1
case_fc8f34c4,0,1,1,1,1,1
case_087f1300,0,1,0,0,0,0
case_11349555,0,0,1,1,1,1
case_1d35b40d,1,0,1,0,0,1
case_cba6bd16,0,0,1,0,1,0
case_5127d5c2,1,1,1,1,1,1
case_30ceed84,1,0,1,1,1,1
case_8ae580fe,0,0,1,1,1,0
case_8dfb29eb,0,1,0,1,0,1
case_7710087b,0,0,1,0,0,1
case_51f9e985,1,1,1,1,1,1
case_51d83e80,0,0,1,1,1,1
case_5a637c9f,0,1,1,0,1,1
case_f32b713e,1,0,1,1,1,1
case_8f4739ed,1,1,1,1,1,1
case_c1fa919b,1,0,1,1,1,0
case_0a446c74,1,1,1,0,1,1
case_f9143d8b,0,1,1,1,1,1
case_b9eca786,0,0,1,0,1,0
case_f1a38d72,1,0,1,0,0,0
case_87087582,1,1,1,0,1,0
case_c52e1f8d,0,0,1,1,0,1
case_fbf8316b,0,0,1,1,1,1
case_bbe06080,0,0,0,1,0,1
case_a76cdbb6,1,1,1,1,0,1
case_fc58b180,1,0,1,1,1,0
case_8b274fa4,1,1,1,1,1,1
case_f24d9d05,1,1,0,1,0,0
case_3b2b5238,1,1,1,1,1,1
case_ab3294aa,0,0,1,1,1,1
case_f4a7d5aa,1,1,1,0,1,1
case_91cdc86c,0,0,1,0,0,1
case_005b2261,1,1,1,1,1,1
case_a243425e,0,1,1,1,1,1
case_553e87d2,1,1,1,1,1,1
case_748695ba,1,0,1,1,0,0
case_beba00ec,1,0,1,1,1,0
case_7cb33d46,0,0,1,1,1,1
case_0bbfa5e0,0,1,1,1,1,1
case_e57e0207,1,0,1,1,0,1
case_550d18d7,1,1,0,1,0,0
case_0372da66,1,1,1,1,1,1
case_5732b66c,0,0,0,1,1,1
case_126179e7,1,0,1,0,1,1
case_3a10353b,1,1,1,1,1,1
case_416e9277,1,1,1,1,1,1
case_c987d3b6,1,1,1,0,1,1
case_496107d6,1,1,1,1,1,1
case_09a78dc3,0,0,1,0,0,1
case_c926c805,0,1,1,0,1,1
case_c12c922f,0,1,1,1,1,1
case_1d85c1dd,1,1,1,1,1,1
case_1bf6ec83,0,0,1,1,1,1
case_ce396095,1,0,1,1,0,1
case_b083ed84,1,0,1,1,1,1
case_2d417b18,1,1,1,1,1,1
case_4b2d2746,0,1,1,1,1,0
case_0166093f,0,0,1,1,1,1
case_923cbf37,1,0,1,1,1,0
case_70aa58d6,1,1,1,1,1,1
case_40a824d7,0,1,1,1,0,1
case_1e4404d6,1,1,1,1,1,1
case_99eb85aa,1,1,1,0,1,1
case_3b8bfd91,1,1,1,1,1,1
case_2f13c824,1,0,1,0,0,1
case_d314750c,0,1,1,1,1,1
case_985668ea,1,1,1,1,1,1
case_5d589282,1,1,1,1,1,1
case_80d7473a,1,0,1,0,1,1
case_9fa798ca,1,0,1,0,1,1
case_6753b302,1,1,0,1,1,1
case_fb055283,1,1,1,1,1,1
case_43d562db,1,1,0,1,1,0
case_7178a386,0,1,0,1,1,1
case_6f8fc51a,0,0,1,0,0,0
case_e8be7c4e,1,1,0,1,1,1
case_80cafa12,1,1,1,1,1,1
case_0a95c135,0,1,1,1,0,1
case_b7dd3c69,0,1,1,1,1,1
case_571009e3,1,0,1,1,1,1
case_7e6f6d34,1,0,1,1,1,1
case_a39b95e2,1,1,1,1,1,1
case_08c20cd5,0,0,1,1,1,0
case_7f0a53ed,1,1,1,1,1,1
case_45ebf76b,1,1,1,0,1,1
case_32ddd817,1,1,1,1,1,1
case_599da3e4,0,1,1,1,0,1
case_ec362713,0,1,1,1,1,0
case_1b06892c,0,0,1,0,0,1
case_141d91d2,0,1,1,0,1,1
case_bf3c50f9,1,0,0,1,1,1
case_1d97aff2,0,1,1,1,0,0
case_cf399699,1,1,1,1,1,1
case_00c8743b,1,0,0,0,1,1
case_c39fa13c,1,1,1,1,1,0
case_7b723436,1,1,1,1,1,1
case_c518e5f6,1,1,1,1,1,1
case_3b076a1f,0,1,1,1,0,1
case_89a96254,1,1,1,1,1,1
case_20f2d834,0,0,0,0,1,1
case_b7750235,1,1,1,1,0,1
case_2bcd19a7,0,1,1,1,0,0
case_b9b0ded7,0,0,1,1,0,1
case_f2376203,1,1,1,1,0,1
case_7040efb0,0,1,1,1,0,1
case_4a19244b,1,1,1,1,1,1
case_de169402,1,0,0,1,0,1
case_d41c4656,1,1,1,1,1,1
case_d407c063,0,0,0,0,1,1
case_f3a84c06,1,1,1,0,1,1
case_db1d0883,1,1,1,0,1,1
case_6303fd4b,1,1,1,1,1,1
case_0f91a037,1,1,1,1,1,1
case_a7b822ce,0,1,1,0,1,1
case_56d6ab83,1,0,1,0,0,1
case_f846cfb6,1,1,0,1,1,0
case_66341d43,0,1,1,1,1,1
case_378fab4c,0,0,1,1,1,1
case_6076301e,1,1,1,1,0,1
case_78142c87,0,0,1,1,0,1
case_9b40e2b0,0,0,1,1,1,1
case_3b496f35,1,0,1,1,0,1
case_91de30c7,1,0,1,1,1,1
case_39b8f036,1,1,1,1,0,0
case_e056717e,0,0,1,0,0,0
case_ffd0075d,0,0,1,0,1,1
case_e7897e43,0,1,1,0,1,1
case_5180dc0e,1,1,1,1,1,1
case_b2f991bb,1,0,1,1,1,1
case_2ce80e21,0,1,1,1,1,1
case_91ade2f0,1,0,1,1,1,0
case_aeefc261,0,1,1,0,1,0
case_c7788d1a,1,0,1,1,1,0
case_b4cf826b,1,1,1,1,1,0
case_79108826,0,0,1,0,0,0
case_e887b1b3,0,1,1,0,1,1
case_aab5df6b,1,1,1,1,0,0
case_dd220b7d,1,1,1,1,0,0
case_f81f8fe3,0,1,0,0,0,0
case_1187cc76,1,0,1,1,1,0
case_bdfc72d6,1,1,1,0,1,1
case_f63bf413,0,0,1,0,0,1
case_80af8daf,1,1,1,1,1,1
case_7415f74d,1,1,0,1,1,1
case_449dcc64,1,1,1,1,0,0
case_9ce52d27,1,1,1,0,1,1
case_2a4bbf58,0,0,0,0,1,1
case_1fe470b9,0,0,1,0,0,0
case_59a00543,1,0,1,1,1,1
case_b827d5d6,1,0,1,1,0,1
case_a04f8fc1,0,1,1,0,1,1
case_0ba59969,1,1,1,1,0,1
case_81459bc1,1,0,1,1,1,1
case_2787157b,1,0,1,1,0,1
case_302bea6d,0,1,1,1,0,1
case_cb6dee98,1,0,1,0,0,1
case_abaf74d6,1,1,1,1,1,1
case_6185a674,1,1,1,1,1,1
case_82ba28e6,1,0,1,1,1,1
case_ffdd3a92,0,0,1,0,1,1
case_10e07539,0,0,1,1,0,1
case_e0d35fae,0,0,1,0,1,0
case_84356d59,1,0,1,1,0,0
case_ccc60ff0,0,0,0,0,0,1
case_8c04c223,1,1,1,1,1,1
case_b55dcbe0,1,0,1,1,1,0
case_dea1e6a9,0,0,1,1,1,1
case_0c9567aa,1,1,1,1,1,1
case_734edf00,1,1,1,1,1,1
case_cddf4c7c,1,1,1,1,1,1
case_0dc75b57,1,1,1,1,0,1
case_c9a70d1a,0,0,1,1,1,1
case_391500f9,1,1,1,1,1,1
case_00377c73,1,0,1,1,0,1
case_9656544c,0,0,0,1,0,0
case_869d4175,1,0,1,1,1,1
case_cadb1891,1,1,1,1,1,1
case_c7fc6881,1,1,1,1,1,1
case_f9dd8963,1,0,1,0,1,1
case_8b274cbb,0,0,1,0,0,0
case_f3d2bf26,0,0,1,1,0,0
case_46935a2e,1,0,1,1,0,1
case_84ef39ac,1,1,0,1,1,1
case_cb034a61,1,1,1,1,1,1
case_4443f2e5,1,1,1,1,1,1
case_2f36ca54,1,1,1,1,1,1
case_0ab0dc75,0,1,1,1,0,1
case_524bd9a8,1,1,1,0,1,0
case_af3f4d86,1,0,1,1,0,0
case_57034182,0,0,1,1,0,1
case_ecf43665,1,0,1,0,1,0
case_88ce0a38,1,1,1,1,1,1
case_cb3aabdb,1,1,1,1,1,1
case_034a1851,1,0,1,0,0,0
case_da20c25a,0,1,1,1,1,1
case_2592f817,0,1,1,1,1,1
case_38251d94,1,0,1,0,1,1
case_af15ef02,1,0,1,0,1,0
case_90a90271,1,1,1,1,1,1
case_f85315a5,0,1,1,0,0,1
case_23696972,1,1,1,1,1,1
case_ea6c6558,0,0,1,1,0,1
case_1be0115c,1,0,1,1,0,1
case_85ef3a7d,1,0,1,1,1,1
case_c65acdd3,1,0,1,1,1,1
case_be6c0217,1,1,1,0,1,1
case_001369fb,0,1,1,0,0,0
case_2aaefc5e,1,0,1,0,1,1
case_a0d49f3e,0,1,1,1,0,1
case_58cfb5c2,0,1,1,1,1,1
case_9136c71a,1,0,1,0,1,1
case_fd29628e,0,0,1,1,0,1
case_5861cde8,1,1,0,0,1,0
case_7ace762f,1,0,1,1,0,1
case_d96b7149,1,0,1,1,1,0
case_78541612,1,0,1,1,1,1
case_2b8ccd9f,0,1,1,1,1,1
case_fbbb9990,1,1,1,0,1,1
case_9a7c9398,1,1,0,0,0,1
case_b65da30e,1,0,1,0,0,1
case_bf2311af,1,1,1,0,1,1
case_792d2b12,1,0,1,0,0,0
case_92a2854d,0,1,0,0,0,1
case_cdedf3e6,0,1,1,1,1,1
case_50d79935,1,1,1,1,0,1
case_1ab683c1,1,0,1,1,0,0
case_2f86c6a2,1,0,1,0,1,1
case_05a422b9,1,0,1,1,1,1
case_f2a0a122,0,1,1,0,1,1
case_90ac0d21,1,1,1,1,1,1
case_1291e62a,0,1,1,0,0,0
case_e80db5ec,0,1,1,0,0,1
case_a9e439f2,0,1,1,1,1,1
case_ac07c2c6,1,0,1,1,0,1
case_dd3b398b,1,0,1,1,1,1
case_ba328220,1,1,1,0,1,1
case_1a37e6e2,0,0,1,1,1,1
case_21c145f2,1,0,1,1,1,1
case_27301195,1,1,1,1,1,1
case_31dae599,0,1,1,0,0,0
case_430a053f,1,1,1,1,1,1
case_4fa95af8,1,1,1,1,1,1
case_be4d4664,0,0,1,0,1,1
case_2e654dfa,0,0,1,1,0,1
case_87a1e37b,1,1,1,0,1,1
case_e3455a07,0,1,1,1,1,1
case_2eb1758e,0,0,1,1,0,1
case_6a5b1d05,0,1,1,0,1,1
case_a60452ee,1,0,1,1,0,0
case_48758397,1,1,1,1,1,0
case_40499c41,1,1,0,1,0,0
case_e6c4d184,0,0,1,0,0,1
case_22311dc8,0,1,1,0,0,1
case_0d2208c2,1,0,1,0,1,1
case_2b069d5e,0,1,0,1,0,0
case_255ffb7f,1,0,1,1,1,1
case_7b702152,1,1,1,1,1,1
case_43dee76c,0,0,1,1,1,0
case_d74a1d29,0,1,1,1,1,0
case_2f8346ec,0,1,1,0,1,0
case_bf927ec3,1,1,1,0,0,1
case_a565b301,1,1,1,1,0,1
case_d5e0ace5,1,1,1,1,1,1
case_6a1feba4,1,0,1,1,1,1
case_2129bb28,1,0,0,0,1,0
case_9f8323f3,1,1,1,1,0,1
case_ac89d142,1,1,1,1,1,1
case_9b70ce64,0,1,1,1,1,1
case_f9510569,1,1,1,1,1,1
case_2a93cfac,0,0,1,0,1,1
case_2b7fb468,1,1,1,1,0,1
case_7c4bdc02,1,0,1,1,1,1
case_aa70c149,0,1,1,1,1,1
case_e45a6260,0,0,0,1,0,0
case_f75e79fc,0,1,1,1,1,0
case_d8cd7931,1,0,1,1,1,1
case_f797e2d6,1,1,1,1,1,1
case_50cb6ec3,1,1,1,1,1,0
case_45b084ca,1,1,1,1,1,1
case_2d4b6a86,0,1,0,0,0,1
case_b0d26546,1,0,1,1,0,0
case_706659ed,1,1,1,1,1,1
case_b2b26404,0,1,1,0,1,1
case_30a4fc5f,0,1,1,0,0,1
case_82f6e919,0,1,1,1,1,1
case_55d0aaef,1,1,1,1,1,1
case_3e54d3b1,1,0,1,0,1,0
case_97e361b0,0,0,1,1,0,1
case_56fb5b51,1,1,1,1,1,1
case_6133d354,1,1,1,1,1,0
case_c67a3a3c,1,0,1,0,1,0
case_76a38792,1,0,0,0,0,0
case_3d9199b1,1,0,1,0,0,1
case_190188d9,0,0,1,1,0,0
case_1a19911a,1,0,1,0,1,1
case_65931e8e,1,1,1,1,1,0
case_68edc3a3,0,0,0,1,0,1
case_84f5eb36,1,0,1,1,1,1
case_df96364e,1,1,1,1,0,1
case_5cc44bc4,0,1,1,1,0,1
case_50040b84,0,1,1,0,0,0
case_214c169a,0,0,1,0,1,1
case_beed1d10,0,1,1,1,1,1
case_f5d19b53,1,1,1,1,1,1
case_0ad8c483,0,1,1,1,1,1
case_97e0fbe9,1,1,1,0,1,1
case_b6584570,0,0,1,1,1,1
case_86006353,1,1,1,0,0,0
case_cd9d17ab,1,0,1,1,1,1
case_1183b95c,0,1,1,0,1,1
case_097dabaf,1,1,1,0,0,0
case_f52411ac,1,1,1,0,1,1
case_e9925f43,1,1,0,1,1,1
case_7235239c,1,1,1,1,1,1
case_ca2c626c,1,1,1,1,1,1
case_a2ddc425,0,1,1,1,0,1
case_93ec86a7,1,0,1,0,0,1
case_3f34307f,1,0,1,1,1,0
case_c537a331,0,0,1,0,1,1
case_e520aa5a,0,1,1,1,0,1
case_f5e39bae,0,0,1,0,0,1
case_8ae26f20,1,1,1,0,1,1
case_2bec0669,0,1,1,1,1,1
case_68b5706c,0,0,1,0,1,1
case_c2e088e4,1,1,1,1,1,1
case_370d40e0,0,0,0,1,0,1
case_b87cfcaa,1,0,1,1,1,1
case_6dec7327,1,1,0,1,0,1
case_ee109dcb,1,1,1,1,0,1
case_09ba5489,0,1,1,0,1,1
case_7c8c72b7,0,0,1,1,0,1
case_70dd4c55,0,0,1,0,1,1
case_b5771f3e,1,0,1,0,0,1
case_430d59f2,1,0,0,1,1,1
case_f48d2752,1,0,1,0,1,1
case_30724a7d,1,0,1,0,1,1
case_48f27f10,1,1,1,1,1,1
case_4004ded2,1,1,1,0,0,1
case_129e4b60,1,1,1,1,0,1
case_333df50a,1,1,1,1,1,0
case_608ffe46,1,1,1,1,1,1
case_720f03ed,0,0,1,1,1,1
case_2045f77e,1,1,1,1,1,1
case_2de95794,0,0,1,1,1,1
case_d0253dc5,0,0,1,1,1,0
case_dbb97820,1,1,1,1,0,1
case_a62bcab8,1,0,1,1,1,1
case_69295bc9,1,1,0,1,1,0
case_df161038,1,0,1,0,0,1
case_70cf1993,0,1,0,0,1,1
case_778f9cf4,0,0,1,0,1,1
case_434ac8de,1,1,1,1,0,1
case_52b4e2c0,0,1,1,0,1,0
case_d5e78228,0,0,1,0,0,1
case_4ef2c978,0,1,1,0,1,1
case_a3881f1e,1,0,0,1,0,0
case_3c7f5f8f,1,0,1,1,0,1
case_5c7f8e5f,0,0,0,0,0,1
case_70883273,0,0,1,0,1,1
case_e53cbd4e,1,0,1,0,0,1
case_e329162d,0,0,0,0,1,1
case_f1e32476,0,1,0,1,1,1
case_cdb796f2,1,1,0,0,1,1
case_d7d46d96,0,0,1,1,0,1
case_d546a838,1,1,1,1,1,1
case_377c7a5f,1,1,1,1,1,1
case_61b1ef3b,0,0,0,0,1,0
case_286ce2f1,1,1,1,1,1,1
case_0a8cbb72,1,1,1,1,0,1
case_c3164745,1,0,1,1,1,1
case_5f07237b,1,0,1,1,1,1
case_fce4384c,1,0,1,1,1,1
case_6fde3eaf,1,1,1,1,1,1
case_f452999b,1,1,1,1,0,1
case_294c99c2,1,1,0,0,1,0
case_ac579f64,1,1,1,1,1,1
case_3d73068e,1,1,1,1,1,1
case_657527e3,1,1,1,1,1,1
case_f8b4542c,0,1,0,0,1,0
case_dc4b3f6c,0,0,1,0,1,1
case_fbf47a50,1,0,1,0,0,1
case_f8ce0f04,1,1,1,1,0,1
case_84e0c4ac,0,1,0,0,0,1
case_208db9b2,1,0,1,0,1,0
case_0011ed07,1,1,1,1,1,1
case_7804784f,1,0,1,1,1,1
case_c8086157,1,0,1,0,1,1
case_32f2393f,1,1,1,1,1,1
case_736c7511,0,1,1,1,0,1
case_c3f9703b,1,1,1,0,1,1
case_9a45c228,0,0,1,0,1,0
case_7e64a7e1,1,1,1,1,1,1
case_9a0f1011,1,1,0,1,1,1
case_c9f9ed21,1,1,1,1,1,1
case_0f23118f,0,0,1,1,0,1
case_109080ff,0,0,1,0,1,1
case_5f001363,0,1,0,0,0,0
case_02f00a30,1,1,1,0,1,1
case_3479b592,1,1,1,1,1,1
case_c605c09e,0,0,0,1,0,1
case_910ca1bb,0,0,1,1,1,1
case_baa41243,0,1,1,0,1,0
case_165dd140,1,1,0,1,0,1
case_1ee3be7c,1,0,1,1,0,0
case_8406206e,1,1,1,1,1,1
case_3286a716,0,0,1,0,1,1
case_72889b73,1,1,0,1,1,1
case_ebf9a903,1,1,0,1,0,1
case_60effe37,1,0,1,1,1,1
case_d2ac3bca,1,1,1,1,1,1
case_630e1443,1,0,1,1,1,1
case_7c9790b1,0,1,1,1,1,1
case_879ac658,1,1,1,1,1,1
case_a105730d,0,1,1,1,0,1
case_e78329cf,0,0,1,1,1,1
case_551e330a,1,1,1,1,0,0
case_622219d2,1,1,1,1,1,1
case_3155e3a6,0,1,1,1,1,1
case_acf195ac,1,1,1,1,1,1
case_657f1c16,0,0,1,0,1,1
case_7c4808df,1,1,1,1,1,1
case_86b60358,0,1,1,1,1,1
case_3db1d3fc,1,0,1,0,1,1
case_1e46e48c,0,0,1,0,0,0
case_4bd0d82f,0,1,1,1,1,1
case_f4bfee54,1,1,1,0,1,1
case_98afd9e8,1,1,1,1,1,1
case_b1a464e1,1,0,1,0,0,0
case_94836fb8,1,1,1,1,1,1
case_d5b29837,1,0,1,1,0,0
case_43a94806,0,0,1,1,0,0
case_7a42d1cb,1,1,1,0,0,1
case_5215211a,1,1,1,1,1,1
case_1237f0d6,0,0,1,1,1,1
case_a8d11637,1,1,0,1,0,1
case_29a59b36,1,0,1,0,0,1
case_e064fdb3,1,1,1,1,1,1
case_dbd41478,1,1,1,1,1,1
case_143d400c,0,1,1,1,1,1
case_78721f0d,1,1,1,1,1,1
case_209f2274,1,1,1,1,1,1
case_df6552f6,1,1,1,1,1,1
case_29a7341f,0,1,1,1,1,1
case_338e71f1,0,1,1,1,0,1
case_729c32ba,0,1,1,0,1,1
case_8580ae5b,0,1,1,1,1,1
case_000780f6,1,0,1,1,1,1
case_09e28e06,1,1,1,0,1,1
case_5968327c,1,0,0,0,1,0
case_77a6c86d,1,0,1,0,1,0
case_1b7055d0,1,1,1,0,1,1
case_45c11e40,0,1,1,1,1,1
case_ab322472,1,1,1,1,0,0
case_fa980582,0,1,1,1,1,0
case_b75a17c2,0,1,0,1,1,0
case_83fe8385,1,1,0,1,1,1
case_40294ecf,1,1,1,1,1,1
case_5b4c07f6,1,0,1,1,1,1
case_4fca289d,1,0,1,1,1,1
case_b1fb4653,0,0,1,0,1,1
case_7e68ad46,0,0,1,0,1,1
case_a91171ac,0,1,1,1,1,1
case_90bb8f15,0,0,0,0,1,0
case_92a4f69e,1,1,1,1,1,0
case_521b52bf,1,0,0,1,0,1
case_403fa53b,0,0,1,1,1,1
case_b9acd652,1,1,1,1,1,1
case_3e3a4035,0,0,0,1,0,1
case_df5c37dc,1,1,1,1,1,1
case_36ed3eee,1,0,1,1,0,1
case_93b52e8b,1,1,1,1,1,1
case_df68b3fb,0,0,1,1,1,0
case_4aacd1a7,1,1,1,1,1,1
case_be9494ef,0,1,1,0,1,1
case_294df35c,1,1,1,1,1,0
case_3d28a5d2,0,1,1,1,1,1
case_ad610b07,1,1,1,1,1,1
case_3e6da90c,1,1,1,1,1,1
case_cbe5a417,0,1,1,0,1,1
case_ef3f1c21,1,1,1,1,1,1
case_51f6d4e8,0,0,1,1,1,1
case_b7a28453,0,1,1,1,1,0
case_9e0a88b3,1,1,1,1,1,1
case_af40fd9d,1,1,1,1,1,1
case_3563edd3,0,0,1,0,0,0
case_8a8f045a,1,1,1,1,1,1
case_f7afcc1d,1,1,1,1,1,1
case_c0f1afcd,0,1,1,1,1,0
case_a06fc654,0,0,1,1,1,1
case_975b7a31,0,0,0,1,0,1
case_a417b198,1,1,1,1,1,1
case_f90a151b,1,1,1,1,0,1
case_d69f8f9b,0,0,1,0,1,1
case_9418158e,1,1,0,1,1,1
case_8111a5e8,1,0,1,1,0,1
case_24cbeac0,0,0,1,1,1,1
case_0e2f11ea,1,1,1,0,1,1
case_a6c47e45,0,1,1,1,1,1
case_2a1df4ee,1,1,1,1,1,1
case_931d033e,1,0,1,0,1,1
case_9368c1c8,0,1,1,1,1,1
case_239aea8b,0,1,1,1,1,1
case_c77fc793,1,1,1,1,1,1
case_2f4803cf,0,1,1,0,0,0
case_8915d679,1,1,1,1,1,1
case_5293fffe,1,1,1,1,0,1
case_f99a98d9,1,1,1,1,1,0
case_edbf528d,1,1,1,1,1,1
case_ed3292df,1,1,1,1,1,1
case_237270fb,1,1,1,1,1,1
case_81ac3f3e,1,0,1,1,1,1
case_69a95805,1,1,1,1,1,1
case_e4230b5f,1,1,1,0,1,1
case_9e1ea85b,1,1,1,1,0,1
case_e1e215ca,1,1,1,1,1,0
case_804f33ec,0,1,1,1,1,1
case_45a9df42,0,0,1,1,0,1
case_accc466f,1,0,1,0,1,1
case_4eae70c5,1,0,1,0,1,1
case_c9864f71,1,1,1,0,0,0
case_b5b1e9eb,0,1,1,0,0,0
case_fe2977ab,1,1,1,1,0,1
case_6e1678c9,0,0,1,1,1,1
case_977e52c2,0,1,1,1,0,1
case_a06d0f1c,1,1,1,1,0,1
case_aadc466c,1,1,1,1,1,1
case_085e7029,0,0,0,1,1,1
case_3bba39ac,1,0,1,1,1,1
case_57d9b8d6,1,0,0,1,1,1
case_99dac956,1,1,1,1,1,1
case_2fcda6d8,1,1,1,0,1,0
case_d2e99dac,1,0,1,0,0,1
case_161923aa,1,1,1,1,1,1
case_58a6b460,1,1,1,1,1,1
case_d3acc315,1,0,1,1,1,1
case_918eabba,0,0,1,0,1,1
case_7964c57a,0,1,0,1,1,1
case_c7b27988,0,1,0,0,0,1
case_565fb6dc,1,1,1,1,1,1
case_e3a7f9ec,0,0,1,0,1,0
case_c3a35159,1,1,1,1,1,1
case_3fab8be4,1,1,1,0,0,1
case_97f04bd2,1,1,1,1,0,1
case_cc53928f,1,0,1,0,0,1
case_6e49b348,1,1,1,1,0,1
case_1e85ef1d,0,1,1,1,1,0
case_eaf5817e,1,1,1,1,1,1
case_5e1e84b4,0,0,1,1,1,1
case_35aa6b20,1,1,1,1,1,1
case_a1caccda,1,0,1,1,1,1
case_0832f4a3,0,0,1,1,1,1
case_c531c0de,1,1,1,1,0,1
case_644e3562,1,1,0,1,1,1
case_88a0ca49,0,1,1,1,1,1
case_5c5f450e,1,0,1,1,1,1
case_59387c6f,1,1,1,1,1,0
case_6ca778cf,0,0,1,1,1,1
case_52f47054,1,0,1,0,1,0
case_c3655171,1,1,1,1,1,1
case_1b4a8252,1,1,0,0,1,1
case_f23a0dcf,1,1,1,1,1,1
case_e54ddbe5,1,0,1,0,0,1
case_20b61b7f,1,1,1,1,1,1
case_e4f01acb,1,1,1,1,1,1
case_de86b27f,1,1,1,1,0,1
case_fc8d3d87,1,1,1,1,1,1
case_ac352437,0,1,0,0,0,1
case_70c7dca1,0,1,1,1,0,1
case_92bfeaf6,0,1,1,1,1,1
case_b628e479,0,1,1,1,1,1
case_d1fb1990,1,1,1,1,1,1
case_078ad976,1,0,1,1,0,0
case_a403e342,0,1,0,0,0,0
case_90f37d9b,1,1,1,1,1,1
case_ae25e892,1,1,1,1,1,1
case_1c3d684e,0,1,1,1,1,1
case_b1b2d0ff,1,0,0,0,1,1
case_bc0c2d49,1,1,1,1,0,1
case_43899eda,1,1,1,1,1,1
case_721d9d31,1,0,1,1,1,1
case_c1e38df9,0,0,0,1,0,1
case_5fd7799f,1,1,0,1,0,1
case_ac77a7e5,1,1,1,1,1,1
case_a60b108d,0,1,1,1,0,1
case_466c800e,0,0,1,0,1,0
case_3995f898,1,0,1,1,0,1
case_24853559,1,1,1,1,1,1
case_278e3c3e,0,0,0,0,1,0
case_bf8c67f2,1,0,1,0,1,1
case_6fe3ead0,0,1,1,1,1,1
case_925557ab,1,1,1,1,1,1
case_fa399bdf,0,1,1,1,1,1
case_f552fd15,1,1,1,1,1,1
case_19f1b6d9,1,1,1,1,1,0
case_9a27180e,1,1,1,1,1,1
case_22610d05,1,0,1,1,1,1
case_1e11c725,0,0,1,0,0,1
case_4b469e79,1,1,1,1,1,0
case_00f8115d,0,0,1,0,1,1
case_a3c7e199,0,0,0,1,1,0
case_0f13c017,0,1,0,0,0,1
case_42740501,0,1,1,1,0,0
case_ceb361ce,1,1,1,1,1,1
case_264d9f9c,0,1,0,0,1,0
case_0f78fa6f,1,0,1,0,1,1
case_1b65a8a5,0,1,1,0,1,1
case_17d20ed7,0,1,1,0,1,1
case_646ad49d,1,0,1,0,0,1
case_8de9c9b0,0,1,1,1,0,1
case_98bad9f3,1,1,1,0,1,0
case_b43599dd,0,0,1,1,1,1
case_43bd9fa2,1,0,1,0,0,0
case_07ead8d4,1,1,1,0,1,1
case_05301de8,1,1,1,0,0,1
case_5a74c15f,1,1,1,0,1,1
case_e53f5100,0,0,0,0,1,1
case_1e25ba1c,1,1,1,0,0,1
case_928b5b3f,1,0,1,1,1,0
case_21ef5895,0,1,1,1,1,1
case_ab5b718f,1,1,1,1,0,1
case_31766d88,1,0,0,1,1,1
case_f268bba8,1,1,1,1,1,1
case_fccca2c6,1,1,1,1,1,1
case_2f078da6,0,1,1,1,1,1
case_ff4e9c94,1,0,1,1,1,0
case_a4d1b6d6,1,1,1,1,1,1
case_a3795e11,1,1,1,1,1,1
case_4f1c96ef,1,0,1,0,1,1
case_8c6b1f98,0,1,1,1,0,1
case_77ff65cb,0,0,1,1,0,0
case_8ff8f5c5,1,0,1,1,0,0
case_e7726477,1,0,1,1,0,1
case_d892dab0,1,1,1,1,1,1
case_4110a9bb,0,1,1,0,0,1
case_26e89a40,0,0,0,1,0,1
case_109b0f0f,1,1,0,1,1,1
case_868f57b5,1,0,1,1,0,1
case_70b41c52,0,0,1,1,0,1
case_81e8d6f3,0,1,1,1,0,1
case_03a8c7b1,0,1,1,0,0,0
case_ad648de1,1,1,1,1,1,1
case_c47b64e6,0,0,1,0,0,0
case_2e98114a,1,1,1,0,1,1
case_609c25d7,0,1,1,1,1,1
case_8fe32df1,0,1,0,1,1,1
case_f659ccb3,0,1,1,1,1,1
case_7618418a,1,1,1,1,0,1
case_2d23922b,0,1,1,0,1,1
case_2e65bb90,1,1,1,1,1,0
case_456a00d6,1,1,1,0,0,0
case_f84cc3c2,1,1,1,1,1,1
case_878fb761,0,0,1,0,1,1
case_de9db049,0,1,0,1,0,0
case_db520e8f,1,1,1,1,1,1
case_c4ceb142,1,1,1,1,1,1
case_3d8006b6,1,1,1,1,1,1
case_b296e108,1,0,1,1,1,0
case_05ef0eb0,1,1,1,1,1,1
case_d68fb0c8,1,0,1,0,1,1
case_75acc6e4,0,1,0,1,1,1
case_df132ca7,0,0,1,0,0,1
case_35cb7d92,1,1,1,1,1,1
case_69dfebdf,0,0,1,1,0,1
case_2f80c36a,1,0,1,1,1,1
case_8a66d23a,1,1,1,1,0,1
case_52dcecc0,1,0,1,0,1,1
case_20d2236b,0,0,0,0,0,0
case_693beda6,1,1,1,0,1,1
case_7c843c0a,1,1,1,1,1,1
case_7a90a9a2,0,1,1,1,1,1
case_e42e3aa4,1,1,1,1,1,1
case_7a258dfd,1,1,1,1,1,1
case_bc8cace0,1,0,1,0,1,1
case_4ace9ed4,1,0,0,1,1,1
case_2af99411,0,1,1,1,0,1
case_0d1017be,0,1,1,1,0,1
case_b5e4771f,1,0,1,1,1,1
case_6ad91286,1,1,1,1,1,1
case_635a8b7b,1,1,1,0,0,1
case_3bbcd9f0,0,1,1,1,1,1
case_d50219c0,1,1,0,1,0,0
case_3298a1b2,1,1,1,0,1,1
case_16902bcb,1,1,1,1,1,1
case_5ff42da9,1,1,1,1,1,1
case_2ccf6dcd,0,0,1,0,0,1
case_6f60f95e,1,0,1,1,1,0
case_2f3970be,0,0,1,1,1,1
case_db1a2f81,0,1,1,1,1,1
case_e9036d37,0,1,1,1,0,1
case_25a9c060,0,1,1,0,0,0
case_1e38a28a,1,1,1,1,0,1
case_819d1065,1,1,1,1,1,1
case_f590aec6,1,1,0,1,1,0
case_2707d1ca,0,0,1,0,1,0
case_075e912d,1,1,1,1,1,0
case_d30ca71c,1,0,1,1,1,1
case_bd95024b,0,1,1,1,1,1
case_027c6b20,1,0,1,0,1,1
case_32717b4d,1,0,1,0,1,1
case_7883125a,1,1,1,1,1,0
case_fc80d696,1,1,1,1,1,0
case_a600b313,1,1,1,1,1,1
case_60d3e87b,0,1,1,1,0,1
case_5a4c9469,1,1,1,0,1,1
case_a401ab44,1,1,1,0,1,1
case_5d179662,1,1,1,0,0,1
case_e24f5841,0,1,1,0,1,1
case_a24b113f,1,1,1,0,1,0
case_838743d3,0,0,1,0,1,0
case_9ba5526f,0,1,1,1,1,1
case_4793d326,1,1,1,1,1,1
case_f2a66144,1,0,1,0,1,1
case_a0debe0a,0,0,1,0,0,1
case_0ac86a62,1,1,1,1,1,1
case_b68cf416,1,0,1,1,1,0
case_3a00beb4,0,0,1,1,0,1
case_9b130882,1,1,1,0,1,0
case_ced654c8,0,0,1,1,1,1
case_10df6369,1,1,1,1,1,1
case_d33ccbb4,1,1,1,1,1,1
case_83c39bf1,1,0,0,1,1,0
case_1766029d,1,1,0,1,0,0
case_5da66f0e,1,1,1,0,1,1
case_8c61c1a3,0,0,1,0,0,0
case_19c64b98,1,0,1,0,1,0
case_545a7142,0,0,0,1,0,1
case_4c07c956,0,1,1,1,1,0
case_e595bf5b,1,1,1,1,1,1
case_b807b3aa,1,1,1,1,1,1
case_f2f3c915,1,1,1,0,1,1
case_88c43bee,0,0,1,1,0,1
case_936d5ffa,0,1,1,0,1,1
case_0f7fd025,0,1,0,0,0,1
case_e7ccf00e,1,1,1,1,1,1
case_87241a17,1,1,1,1,1,1
case_3361d1a7,0,1,0,1,1,1
case_7b6deab4,1,0,1,1,1,0
case_b4e2766a,1,1,1,1,1,1
case_be4c9774,0,1,1,1,1,0
case_8bfab48d,0,0,1,1,0,1
case_44f9d15c,1,1,1,1,1,1
case_94db5302,1,1,1,1,0,1
case_f5474050,0,0,1,1,0,1
case_e8647a1b,0,1,1,0,1,0
case_27e83353,1,1,1,1,1,1
case_48c65428,1,0,1,1,1,1
case_cecaa715,1,1,1,0,0,1
case_9981f705,0,0,1,1,0,1
case_8d9d6074,1,1,1,1,1,0
case_5e9f15bd,1,1,1,1,1,1
case_4c4e15c3,1,0,1,1,1,1
case_a8f2b006,1,1,0,1,1,0
case_5e6fd221,0,0,1,1,0,1
case_4bd59898,0,1,0,0,0,0
case_750ddc07,0,0,0,0,0,0
case_acc9de23,1,1,0,1,0,1
case_a433af88,1,1,1,1,1,1
case_850b88ab,0,1,1,0,0,0
case_28a42266,0,0,0,0,0,1
case_6f104dc0,1,1,1,1,1,1
case_5d4fb2dc,0,0,1,1,1,0
case_15faa837,1,1,1,0,1,1
case_1f7ed07c,0,1,1,1,1,1
case_abada71d,1,1,1,0,1,1
case_e5df8b6c,0,1,1,1,1,1
case_bbae424f,0,0,1,1,1,1
case_c3947c48,1,1,1,1,1,1
case_78e5e444,1,0,1,0,0,0
case_2212aa47,1,1,1,1,1,1
case_45d181f4,0,1,1,0,0,1
case_6ddc9a58,1,0,1,1,0,1
case_551c5aec,1,1,1,1,1,1
case_70ce7d07,1,1,1,1,1,1
case_736f9a38,1,1,1,1,1,1
case_08d5a588,0,0,1,1,1,1
case_4eb4fc44,0,1,1,1,1,1
case_b2314532,0,1,0,1,1,1
case_297e025b,0,1,0,1,1,1
case_fc7ff915,1,0,1,0,0,0
case_489905c5,0,1,1,0,1,1
case_a659228c,1,1,1,1,1,1
case_e877e79a,0,0,1,1,1,1
case_2114b8eb,0,0,1,0,0,1
case_2ec68ad7,0,0,1,1,1,1
case_e0d6ab80,0,1,1,1,0,1
case_48a5c150,0,1,1,1,1,1
case_1aa73a37,1,0,1,1,1,1
case_c7429f9d,1,0,1,1,1,1
case_3c8d0a26,1,1,1,1,1,0
case_6008b72e,1,1,1,1,1,1
case_60a26b51,0,1,1,1,0,1
case_470f86ee,0,1,1,0,1,1
case_fbeb9fa6,1,1,1,1,0,0
case_994e5e0b,0,1,1,1,0,1
case_4db3a42b,1,0,1,0,1,0
case_4c713538,0,1,1,0,1,0
case_c47e6509,1,1,1,1,0,1
case_8ac70131,0,0,1,0,0,0
case_77d9f966,0,0,1,1,0,1
case_90c52fcb,1,1,1,1,1,1
case_d0faaef2,0,0,0,1,0,1
case_9ac15ae7,1,0,1,1,1,1
case_da22b2f4,1,1,1,1,1,1
case_bf11d48b,0,1,0,1,1,1
case_5055e7c8,1,1,1,1,1,0
case_beb1cd2f,1,1,1,1,0,1
case_bc5d7bbc,1,1,1,0,0,1
case_bcc580a0,0,1,1,1,1,1
case_d9eeb76d,0,0,1,1,1,1
case_6f7e16f1,1,1,1,0,1,1
case_6ddc6913,1,0,1,1,1,1
case_365ff8e0,1,1,1,1,0,1
case_31d520e3,1,1,1,1,1,1
case_a8afb45e,1,1,1,1,0,0
case_0e1a5af5,1,0,0,0,1,1
case_b5d7b2f3,0,0,1,0,0,1
case_ce99b164,1,1,1,1,1,1
case_f1a6c0a2,1,1,1,1,1,0
case_eb5bc4be,1,1,1,1,1,1
case_f457844a,1,1,1,1,1,1
case_86d3bb69,1,1,1,1,1,0
case_7bb2de65,1,0,1,1,1,1
case_f5bf1e45,1,1,0,1,1,1
case_0c7285c3,0,0,1,1,0,1
case_152d6b1a,0,1,1,1,1,1
case_e0de1de4,1,1,1,1,1,0
case_ccddf1bd,0,0,0,1,0,0
case_b77ced73,0,1,0,0,0,1
case_ee351e12,1,1,1,1,1,1
case_a8525404,0,1,1,1,1,1
case_3c7781d0,0,1,1,0,1,1
case_aa970c90,1,0,0,0,0,1
case_964267c9,0,1,1,0,0,1
case_17be9d5d,0,1,1,0,0,1
case_51629eca,1,0,1,1,1,1
case_c0122205,1,1,1,1,1,1
case_1abe92d1,0,0,1,0,1,1
case_c86e9110,0,1,1,1,1,0
case_432036ea,1,1,1,1,1,1
case_3c5e3329,1,1,1,1,1,1
case_97c98158,0,1,1,1,0,1
case_51d36a42,1,0,1,1,0,1
case_49ae91b7,1,0,0,1,1,0
case_0bc6364e,0,0,1,1,1,1
case_61a4d709,0,0,1,1,1,1
case_d1543eae,0,1,0,1,0,1
case_f6205d66,0,1,1,1,1,1
case_1537b5bf,1,1,1,0,1,1
case_c3a879a5,0,0,1,1,0,1
case_67f59da0,0,1,0,1,1,1
case_5556c65c,1,1,1,1,1,1
case_8df53fb2,1,0,1,1,1,0
case_252f16ac,1,1,1,1,1,1
case_a6ef2bb6,0,1,1,1,1,1
case_0a58d070,0,1,0,0,0,1
case_2282d45b,0,1,1,0,1,1
case_21e566e0,1,1,0,0,1,1
case_63b1f537,1,1,1,1,1,1
case_daf3fa12,1,0,1,1,1,1
case_7e39c068,1,1,1,1,1,1
case_4c9da997,1,1,1,0,0,1
case_cb79a3ce,1,1,1,1,1,1
case_20dda189,0,0,0,0,1,1
case_142e1823,1,0,0,0,1,0
case_d1878653,1,1,1,1,1,1
case_100aa026,1,0,1,0,0,0
case_2da21ed7,1,1,1,1,0,0
case_628ed4f7,1,0,1,1,1,1
case_552aa83e,0,0,1,0,1,1
case_5c786bf6,1,1,1,1,1,1
case_26e87733,0,1,0,1,0,1
case_196dfe8f,1,1,1,1,1,1
case_d4ed730f,1,1,1,1,1,1
case_104296e3,1,1,1,1,1,1
case_f250ac70,1,1,1,1,1,1
case_49b75bd6,1,1,1,1,0,0
case_d32d8356,1,0,1,0,1,1
case_718ed502,0,0,1,0,0,0
case_7e37ec5a,0,1,1,1,0,1
case_1762e4a9,0,0,1,0,1,0
case_bbf016df,1,0,1,1,1,0
case_70c36af5,1,0,1,1,1,1
case_11bea6bf,1,0,1,1,1,1
case_47545716,1,1,1,0,1,1
case_6c4e6032,0,1,1,1,1,1
case_1457aba1,0,1,1,1,1,1
case_d4d09fdf,0,0,1,1,1,1
case_e3fa0d97,0,1,1,1,1,1
case_d07e66fa,1,1,0,1,1,1
case_c7f0abf5,1,1,1,0,1,1
case_b76f3f70,1,1,1,0,1,1
case_2edb280e,1,1,1,0,0,1
case_7899c522,0,0,1,0,0,1
case_364bb34d,1,1,1,0,1,1
case_09db8a0b,1,1,1,0,1,1
case_511b1e0a,0,0,1,0,0,0
case_db45b415,1,0,1,1,1,1
case_e28927b8,1,1,1,1,0,1
case_c6e7d4b9,0,0,1,0,0,1
case_cd6f41d2,1,0,0,1,0,1
case_3d7b0f35,1,1,1,1,1,1
case_0d1de33f,1,0,1,1,1,1
case_ee40d318,1,0,0,1,1,1
case_75096fb5,1,1,1,1,1,1
case_509b6aff,0,1,1,1,1,0
case_370bbec7,0,0,1,1,1,1
case_80b6d49b,0,0,1,1,1,1
case_182ebd9f,0,0,1,1,1,1
case_26304f6d,1,1,1,0,1,1
case_bb4aa48c,1,1,1,1,1,1
case_cda6c598,0,1,1,1,0,1
case_003c0411,1,1,1,1,0,1
case_7648000f,0,0,1,0,1,1
case_89b4f07b,1,1,1,1,1,1
case_5085fc71,1,1,1,1,0,1
case_3e995232,0,0,1,0,1,0
case_5b70ff76,1,1,0,1,1,1
case_5985aea1,1,1,1,0,1,1
case_926026ab,1,1,1,1,0,1
case_2c90e7fe,1,0,1,1,0,0
case_600673d3,1,1,1,1,1,1
case_c3c84fd2,0,1,1,1,1,1
case_801f1157,1,1,1,1,1,1
case_f62c0b2a,1,1,0,1,0,0
case_f03df75e,1,1,1,1,1,1
case_f701ae89,1,0,1,1,1,1
case_6b00160d,1,0,1,1,1,1
case_67704dfb,1,1,1,1,1,1
case_4c0a9cad,0,1,0,0,0,1
case_d7d34616,1,1,1,0,1,1
case_36e51b84,0,1,0,1,0,0
case_2edf21f0,1,1,0,1,0,1
case_4dc2c8d7,1,1,1,1,1,1
case_3883f419,1,1,1,1,1,1
case_69b410ec,1,1,1,1,1,0
case_e20c3462,0,1,1,0,1,1
case_ce0fc8ca,0,0,1,0,1,1
case_31ff620e,0,0,1,0,1,1
case_46a11866,0,1,1,1,1,1
case_5397f3f5,1,0,1,1,1,1
case_a481dad3,1,1,1,1,1,1
case_8881ecd9,0,0,1,0,0,1
case_d9243c2a,1,1,1,1,1,1
case_a2ea9877,1,1,1,1,0,1
case_8ed7419e,0,0,1,1,1,1
case_00d9b377,1,1,1,1,0,1
case_45f6bd32,1,1,1,1,1,1
case_02a186a2,1,0,1,1,1,1
case_88b09160,0,1,1,0,0,1
case_4522aa38,1,1,1,1,1,1
case_b0ba4391,0,0,1,0,1,1
case_a162843b,0,0,1,1,1,1
case_18384f6e,0,0,0,0,1,1
case_9ace21e3,0,1,1,0,0,1
case_020b9cf1,1,0,1,0,1,1
case_d9b0ee60,1,1,1,0,1,1
case_60852a2e,0,1,0,0,1,0
case_2000f6aa,1,1,1,1,1,1
case_b10483d9,1,1,1,1,1,1
case_cf817e0c,0,1,1,1,1,1
case_5322a1f6,0,1,1,1,1,1
case_f9c40cf4,1,0,0,1,1,1
case_95dc3259,1,1,1,1,1,1
case_f8c59737,0,0,0,1,0,1
case_c6954da8,0,1,1,0,1,1
case_ebc56420,0,1,1,1,0,1
case_ae916071,0,1,1,1,1,1
case_05f9b73c,1,1,1,1,1,1
case_d8d58c86,0,1,0,1,0,0
case_7e043fbf,1,1,1,1,1,1
case_5fa2985f,0,0,0,0,0,0
case_fa80f93c,0,0,1,1,0,0
case_35ddcfe6,1,1,1,0,1,1
case_8c7896ee,0,1,0,0,1,1
case_2513c4b4,1,0,1,0,1,1
case_753bb7aa,1,1,1,1,1,1
case_1190d21b,0,1,1,0,0,0
case_43c5508e,1,1,1,1,1,0
case_5351cb2f,0,0,0,1,0,0
case_1b649a5d,1,0,1,1,1,1
case_2472f085,0,0,1,1,1,0
case_30d40a14,1,1,0,0,1,0
case_bb56f2e1,1,0,1,1,0,1
case_a0f9f684,0,1,0,1,1,1
case_f65f8323,0,0,1,1,1,1
case_36af66e4,1,1,1,1,1,1
case_3715a667,0,0,1,1,0,1
case_81b020b6,1,0,0,0,1,1
case_9672ec99,1,0,1,1,1,0
case_0bc3386a,0,1,0,1,0,0
case_12565883,1,1,1,1,1,1
case_ce72fba2,1,1,1,1,0,1
case_a0a27b51,1,1,0,0,0,0
case_c96845a2,1,1,1,1,1,1
case_fe3fa135,0,1,1,1,1,1
case_9a6deeb7,1,0,1,1,1,1
case_666b22e4,1,1,1,1,0,1
case_9bd5c899,1,1,1,1,1,1
case_ae607120,1,1,1,1,0,1
case_64dd7c3b,0,0,1,0,1,1
case_2535e61b,1,1,1,1,1,0
case_6635c5cf,1,1,1,1,0,1
case_1cb11662,1,1,1,1,1,1
case_114d656b,1,1,1,1,0,0
case_611978b2,0,0,1,1,0,1
case_2c79bbfd,1,1,1,0,0,1
case_9cf6121e,1,1,1,0,0,1
case_d06a7de4,1,0,1,1,1,1
case_98aae621,1,0,1,0,0,1
case_70ef68da,0,1,1,1,0,1
case_08086afb,1,1,1,1,1,1
case_4b3ebff2,0,0,1,0,0,1
case_a5aff9ec,0,1,1,0,1,1
case_308a0e6d,1,0,1,0,0,1
case_21e53e2e,1,1,1,1,0,1
case_06c399a0,0,1,0,0,0,1
case_76117484,0,1,1,1,1,1
case_bd12e068,0,1,1,0,1,1
case_750c7502,0,0,1,0,1,1
case_b6729b20,1,0,1,1,1,1
case_54181b46,1,0,1,0,0,1
case_6387c84b,1,1,1,1,1,1
case_422b655e,0,0,1,1,1,0
case_f0bc494e,1,1,1,0,1,1
case_d759cec0,1,1,1,1,0,1
case_cc20f8e0,0,1,1,0,0,1
case_89de3d58,1,1,1,0,0,1
case_4f972568,1,1,1,1,1,1
case_6a4df84d,1,1,1,1,1,1
case_f9504a3a,1,1,1,1,1,1
case_7a1e13eb,1,1,1,0,0,1
case_8e7c8dc8,1,1,1,1,1,1
case_46d9dc2c,0,1,0,0,1,1
case_0b21d012,1,1,1,1,1,1
case_3677e7da,0,0,1,0,0,1
case_9e0d7169,1,0,1,1,1,1
case_664f47b5,0,0,1,0,0,1
case_eabc1739,0,1,1,1,0,0
case_efdcfa4a,0,0,1,1,1,1
case_7754b36d,0,1,1,1,0,0
case_770cd9be,0,1,0,0,0,0
case_24b0815c,1,1,1,1,1,1
case_1059c4de,1,1,0,1,1,1
case_90d7b88a,0,0,1,0,1,0
case_4c43dd43,1,1,1,1,1,1
case_c6b8e7ca,1,1,1,1,1,1
case_f5ae64c3,1,0,1,0,1,1
case_6bc30cb7,1,1,0,0,1,1
case_4a487ca9,1,1,1,1,1,1
case_731a601a,1,1,1,1,1,0
case_1fe7d515,0,1,0,1,0,1
case_f75cc366,0,1,0,1,0,1
case_4094838b,1,1,1,0,1,1
case_985529ae,0,1,0,1,0,1
case_6bee0bdc,1,0,1,0,1,1
case_0a170dd5,0,0,1,0,0,0
case_1127510b,1,1,1,1,1,1
case_b8f36319,1,1,1,1,1,1
case_3bcfb3f1,1,1,1,1,0,1
case_23ea95c2,1,0,1,1,0,0
case_8284e633,0,1,1,1,0,1
case_48e5cd57,1,1,0,1,1,0
case_5b6be990,1,1,1,1,1,1
case_383bf5f3,1,0,0,1,1,0
case_41e9058f,1,1,1,1,0,0
case_16be755c,1,1,1,1,0,0
case_e969bd22,0,0,1,0,0,0
case_6e8861ef,0,1,1,1,1,0
case_d4bbd5a4,0,0,0,1,1,1
case_5359ca68,1,1,0,1,1,0
case_da47b50d,0,0,1,1,1,1
case_aff71f18,1,1,1,1,1,1
case_76f2cace,1,1,1,0,1,1
case_3f0de34c,0,1,1,1,1,1
case_53cbe62a,0,1,1,1,1,1
case_d5ed6867,0,0,1,0,0,1
case_702c6f8e,1,1,1,1,1,0
case_5445e97d,0,1,1,1,0,1
case_7576a3c4,0,0,1,0,0,1
case_abca8c53,1,0,1,0,0,0
case_037960bf,1,0,1,1,1,1
case_01759416,1,1,1,0,1,1
case_c2ac5aa8,1,1,1,1,1,1
case_3829ad0c,1,0,1,1,1,1
case_6a7e6f9a,0,1,0,1,1,1
case_52d4c2a0,1,0,1,0,0,1
case_17328141,1,0,1,1,0,1
case_bb025263,1,1,1,1,1,1
case_f1864c28,1,1,1,0,1,0
case_309841dd,1,1,1,1,1,1
case_dcb58caa,1,0,1,0,1,1
case_1ce633b8,1,0,1,1,1,0
case_98687135,0,1,1,1,1,1
case_1a66ae76,1,0,1,0,1,1
case_7e5716b1,0,0,1,0,0,0
case_8282ab29,0,1,1,1,0,1
case_f69bafd1,0,1,0,1,1,1
case_4c96e4b7,0,1,1,1,1,1
case_9dbd1ac0,1,1,1,1,1,0
case_626607f7,1,1,1,1,1,1
case_8122f940,0,1,1,0,1,0
case_9d5899d1,1,0,1,0,1,0
case_3d56e0aa,1,1,1,0,1,1
case_a4483b83,0,1,1,0,1,1
case_4a5f90b1,0,1,1,0,0,1
case_970137e7,0,0,1,1,0,1
case_37fd5bf7,1,1,1,1,0,1
case_4bc1971a,1,1,1,1,1,1
case_659aa7bd,0,0,1,0,1,1
case_0d50a458,1,1,0,0,1,0
case_ed898db0,0,1,1,1,0,1
case_5c426b0c,1,0,1,1,1,1
case_6e2732ec,1,1,1,0,0,1
case_a1d5bcb0,1,1,1,1,1,1
case_a58d1b77,0,1,1,0,0,1
case_46c7b84a,1,1,1,1,0,1
case_986ba6ce,1,1,1,0,1,1
case_238cdc17,0,1,1,1,1,0
case_78f2151e,1,1,1,1,1,1
case_a5c16cc4,1,0,1,1,1,1
case_78da4ae9,0,1,1,1,1,1
case_508b8142,1,1,1,1,1,1
case_f9d7b2e9,0,0,1,0,0,1
case_0819caa7,1,1,1,1,1,1
case_e43b3de4,1,0,1,1,1,1
case_01a1945f,1,0,1,1,1,1
case_82d11cde,1,1,1,1,1,1
case_6f5fc5fa,0,0,1,0,0,0
case_8a13d1d3,1,1,1,1,1,1
case_8dcd56f8,0,0,0,0,0,0
case_cbfc930e,0,0,1,1,1,1
case_eff1458f,1,0,1,0,1,0
case_bfe347b4,0,1,1,1,1,1
case_b46e0f61,0,1,1,0,1,1
case_dcbb32b8,1,1,1,0,0,1
case_a360f78f,0,0,1,1,1,1
case_92140feb,0,1,1,1,1,0
case_a1b4cd5c,1,1,1,1,1,1
case_aa0a0f59,1,1,1,1,1,1
case_78d3adee,0,0,1,0,1,1
case_27093542,0,1,1,1,1,1
case_bb1e1c5f,1,0,1,1,1,1
case_03737f2d,0,0,1,0,0,1
case_dc8a8f05,1,1,1,1,0,1
case_e9325f8a,0,0,1,1,0,0
case_7cb890aa,1,0,1,0,1,0
case_fced1e52,0,0,1,0,0,1
case_f74a00f9,0,1,0,1,1,1
case_f8d38d5d,0,1,1,0,0,1
case_85cded09,1,1,1,1,1,0
case_632bbff7,1,0,1,0,0,1
case_50d55a04,1,1,1,1,1,1
case_2f5a6aeb,1,0,1,0,1,1
case_dcaef974,0,0,1,1,0,1
case_c10fd8d2,0,1,1,1,0,1
case_c83027e7,0,1,1,1,1,1
case_ea223c38,1,1,1,1,1,1
case_bbfd84c6,1,1,1,0,1,0
case_749512df,1,1,1,0,1,1
case_04996aa2,1,0,1,0,1,1
case_f219a011,1,1,1,0,1,1
case_b45c956a,1,1,1,1,1,1
case_7f11dc84,1,1,1,1,1,1
case_8e32b814,1,1,1,0,1,1
case_ed3a5968,0,1,1,1,1,1
case_a325be70,1,1,1,1,1,1
case_98618acf,1,1,1,0,1,1
case_433fce1c,1,1,1,1,1,0
case_f4d513a8,0,0,0,0,1,1
case_65fb8371,1,1,1,1,1,1
case_9a22f099,1,1,1,1,1,1
case_c2a63f1e,1,1,1,0,1,1
case_299bfd21,0,1,1,1,1,1
case_5fe715b1,1,1,1,0,1,1
case_bc7f0577,0,1,1,0,1,1
case_53188114,0,1,1,1,1,1
case_a623ff3d,0,1,0,0,1,1
case_16e9d70c,1,1,1,1,1,1
case_829f8020,1,1,1,1,1,1
case_5aab11f4,0,1,1,0,1,1
case_9fd36621,1,1,1,1,1,1
case_c21ba6e4,1,1,1,1,1,1
case_924e6d24,0,1,0,0,0,1
case_0d1e7175,1,1,1,1,1,1
case_ec7bff75,1,1,1,1,1,0
case_828e490a,1,1,1,1,1,1
case_918ecc36,1,0,1,1,1,1
case_a14da5fa,1,0,1,1,0,1
case_1ec20065,1,1,1,0,1,0
case_d69e7e2b,0,1,1,1,1,1
case_44ce495a,1,1,1,1,1,1
case_834b72b8,1,1,1,1,1,1
case_58144c66,1,0,1,1,1,1
case_46e857a0,1,0,1,1,1,0
case_14db787e,0,0,1,0,1,1
case_8d7da0c5,1,1,1,1,1,0
case_046e43d0,1,0,0,0,1,1
case_1af25229,1,1,1,1,1,1
case_8176aee9,1,0,1,0,1,1
case_313a420c,1,0,1,1,1,1
case_6872332b,0,0,0,0,1,1
case_92056743,0,0,1,1,1,1
case_8d85320c,0,1,0,0,1,1
case_445421df,0,1,1,0,0,0
case_59cc1b07,1,0,1,1,1,1
case_0bd844e7,1,1,1,1,1,1
case_59ce2d7f,0,1,1,1,1,1
case_e099bd7c,0,0,1,0,0,0
case_fc2737a0,0,0,1,0,1,1
case_4725aa1f,1,1,1,1,0,1
case_d279a879,1,1,1,1,1,1
case_f9e15a1a,1,1,1,1,1,1
case_2ead801f,1,1,1,1,1,1
case_b72f03b4,1,0,1,0,1,0
case_6bb69c4f,0,0,1,1,1,0
case_e50e91f0,1,1,1,1,1,1
case_943821ca,1,1,1,1,1,1
case_31c57e18,1,1,1,1,0,1
case_7dc4f623,0,0,1,1,1,1
case_91c4be5f,0,1,1,1,0,1
case_454d2260,1,1,1,1,1,0
case_5c1fa013,1,1,1,1,1,1
case_efab4319,1,1,1,0,0,1
case_21882af0,1,1,1,1,1,1
case_28462a17,0,0,0,1,1,0
case_b06f90f6,1,1,1,1,1,1
case_f63c48e7,1,1,1,1,1,1
case_88a03be9,1,1,0,1,1,1
case_751a5472,1,0,1,1,1,1
case_9ebe5867,1,1,1,1,0,1
case_e742795c,0,0,1,0,0,0
case_ded37bb8,1,0,0,0,0,0
case_e6498239,1,1,1,1,1,1
case_1451ca9d,0,0,1,0,0,1
case_b9ab8a20,0,1,1,0,0,1
case_94c2490c,1,0,1,0,0,0
case_dd43bb10,1,1,0,1,1,1
case_4a52e77d,1,1,1,1,1,1
case_01850305,1,1,1,1,0,1
case_602f6fd5,0,1,1,0,1,1
case_db636125,1,0,1,1,0,1
case_1231fe94,0,1,1,0,1,1
case_82384d50,0,0,1,1,0,1
case_6aceef87,1,1,1,1,1,1
case_daffe1e1,1,1,1,1,1,1
case_37b08717,0,0,1,1,1,1
case_7837ca68,0,1,1,1,0,1
case_fb95a14d,1,1,1,1,1,1
case_a96ec1a4,1,1,1,1,1,1
case_f40b9370,0,1,0,1,0,1
case_c3d12582,0,0,1,0,0,1
case_4b3e8752,0,0,1,1,1,1
case_dee29699,1,1,0,1,1,1
case_298fa2d5,1,0,1,1,1,1
case_923c0df4,0,0,1,0,1,1
case_7b8effe0,1,1,1,0,1,0
case_0f1b2e9c,1,1,1,1,1,1
case_0d8a5b31,1,0,1,1,1,1
case_0b83fc95,0,0,1,1,1,1
case_33786ec3,1,0,1,0,0,1
case_3a682cd0,0,1,1,1,0,1
case_84b91d37,1,0,1,1,0,1
case_29891dd7,0,1,1,1,0,1
case_5ae7a0ca,1,1,0,0,1,1
case_98cf2e12,1,1,1,1,0,1
case_96ec8c86,1,1,1,1,1,1
case_0837f527,0,1,0,0,0,1
case_449e5bc1,0,1,1,1,1,1
case_06557793,1,1,1,1,1,1
case_3ffb208c,0,1,1,1,1,1
case_371ec5b3,0,1,1,1,0,0
case_ab5eb923,0,1,1,1,1,1
case_9e50efb9,1,0,1,1,1,0
case_aa61d4b8,1,1,0,0,1,1
case_692129a3,0,1,1,1,0,0
case_871fa8d9,1,1,1,1,0,0
case_b130e665,1,1,1,1,1,1
case_0da66ae7,0,0,1,0,1,1
case_2226d42e,0,0,0,1,0,0
case_6489cb98,1,1,1,0,1,1
case_fc9b5404,0,1,1,1,1,0
case_b03ed9c9,1,1,1,0,1,0
case_1f489a35,0,1,1,1,1,1
case_60f37284,1,1,1,0,1,1
case_adba83fa,1,1,1,1,1,1
case_170c10b5,1,1,1,1,0,0
case_5384e486,0,0,1,1,0,1
case_21f8dc57,1,0,1,1,1,1
case_d9c7e110,0,0,1,1,1,0
case_b0ea4310,0,1,1,1,1,1
case_b0b81348,0,1,1,0,1,0
case_a4829bf8,1,1,1,0,1,1
case_73324711,1,1,1,1,1,1
case_2d1023f4,1,1,1,1,1,1
case_4488e5c1,1,1,1,1,1,1
case_e2dbec91,1,1,1,1,0,1
case_6a2c3d1c,1,1,0,1,0,1
case_58eed3cd,1,1,1,1,1,1
case_4c4c65cb,1,1,1,1,1,1
case_ec312155,1,1,1,1,1,1
case_e8b6691c,0,1,1,1,1,1
case_7d3800ad,1,1,1,1,1,1
case_3204d9f4,0,1,1,1,1,1
case_d47caa22,0,0,1,0,0,0
case_0d29e04e,1,1,1,1,1,1
case_6b459e53,0,1,0,1,1,1
case_c1bf6203,1,1,1,1,0,1
case_3f2d16a6,0,1,1,1,1,1
case_caf2065c,0,1,1,1,0,0
case_8cb09096,1,0,1,1,1,0
case_9f2493c2,1,1,1,1,1,0
case_b0b9bfe7,0,0,1,0,1,1
case_b2c82106,0,0,1,1,1,1
case_7fc00f2d,0,1,1,0,1,0
case_b6803b36,1,1,1,1,1,0
case_80ff934a,0,0,1,0,0,0
case_c8fc46ea,1,0,1,0,1,1
case_5ce0fe5a,1,0,1,1,1,1
case_7cd54e1b,1,1,1,1,1,1
case_86444f79,0,0,1,0,0,1
case_15c7b00f,1,1,1,1,0,1
case_75d4f95c,0,0,1,1,1,1
case_3cf67d2c,1,1,1,1,1,1
case_8aaa9832,1,1,1,1,0,0
case_9b1404e9,1,1,1,1,1,1
case_7881c20c,0,1,1,1,1,1
case_cf33839d,1,0,1,0,1,1
case_ea1e29c2,0,0,1,0,0,0
case_60d84e58,1,0,0,1,1,1
case_03be6c84,0,0,1,1,1,1
case_c6675dcf,0,0,1,0,0,1
case_e204ab7c,1,1,0,1,1,1
case_1a824eb7,0,1,0,0,0,0
case_4424851a,0,1,0,1,0,1
case_3fea3254,0,0,1,1,1,1
case_30a8937f,0,0,1,1,0,1
case_c939c6aa,0,1,1,1,1,1
case_b33f22aa,1,0,0,1,0,1
case_3e56032a,0,0,1,0,1,1
case_ab88119d,1,1,1,1,1,0
case_1c92e3be,0,1,0,1,1,1
case_54a7b59e,1,1,1,1,0,1
case_b7d3226f,0,0,1,1,0,1
case_7ffa3eb8,1,0,1,1,0,1
case_2f67b2f1,1,1,0,0,1,1
case_9c63d05d,0,0,1,1,0,1
case_6e0da96f,1,1,0,0,1,1
case_a6bbdae6,1,1,1,1,0,1
case_7f3bcde5,1,1,1,1,0,1
case_be4c84cc,1,1,1,1,1,1
case_fcff7876,1,0,1,0,1,1
case_6344c961,0,1,1,1,0,1
case_e62bb1bf,0,1,1,1,1,1
case_c51bf35f,1,1,1,1,0,1
case_b68c0567,1,1,1,1,1,1
case_a2b1b96b,1,1,1,1,1,1
case_10e215dc,1,1,1,1,1,1
case_04d6fbec,1,1,1,1,1,0
case_2a0410cd,1,1,1,1,1,1
case_fc42db1b,0,0,1,1,1,1
case_9218f7db,0,0,1,1,0,0
case_907e0345,1,1,1,0,1,1
case_1c899fe7,1,1,1,1,1,1
case_57a5faf3,0,1,1,1,1,1
case_a6dd91e1,0,1,1,1,0,1
case_be781714,1,1,1,1,1,1
case_f48faebf,0,1,1,1,0,1
case_00a9466f,0,0,1,0,0,1
case_384428f8,0,0,1,0,0,1
case_36d5a061,0,1,1,1,1,0
case_33478c76,1,1,1,1,0,1
case_2e22e164,1,0,1,1,1,1
case_35a3b263,0,0,1,1,0,0
case_24834e59,1,0,1,1,1,1
case_39562ef3,1,1,1,1,1,1
case_4e4738a0,0,1,1,1,0,1
case_a058540b,1,1,1,1,1,1
case_cacf8438,1,0,1,1,1,1
case_ec28032c,1,1,1,1,1,1
case_ab86db8e,1,0,1,1,1,1
case_2b13ac3a,0,1,1,1,0,1
case_184bc172,1,0,1,1,1,1
case_2a60f961,1,1,1,1,1,1
case_6cdd12ed,0,0,0,0,0,0
case_e4a7238b,1,0,0,1,1,1
case_5b67cde6,0,0,1,1,1,1
case_49b54ddc,0,0,1,1,1,1
case_b2fa5cd4,0,1,1,1,1,1
case_7d5f64d3,1,0,1,1,1,0
case_789fa152,1,1,0,0,1,1
case_00c452ff,1,1,1,1,1,1
case_16f1aed8,1,1,1,1,1,1
case_3a479422,1,1,1,1,1,0
case_21e805ea,0,1,1,1,1,1
case_b5c6100e,1,1,1,1,1,1
case_8f1ddd4d,0,1,1,0,1,1
case_a3196edd,0,1,1,1,0,1
case_4016d5e6,0,1,1,0,0,1
case_73b21edd,0,1,1,0,0,1
case_7eb96cd6,0,1,1,1,0,0
case_a0681f3e,1,1,1,1,1,1
case_e0a53116,1,1,1,1,1,1
case_107d55fd,0,1,0,0,1,1
case_948c02a4,0,0,1,0,0,0
case_e52fbfba,1,1,1,1,1,1
case_4413fe11,1,1,1,0,1,1
case_2ea863c0,1,1,1,1,1,1
case_17b4ec25,1,0,1,1,1,0
case_a3bfee4b,0,0,1,1,0,1
case_3b5ee017,0,1,1,1,1,0
case_16eff1f2,1,0,1,0,1,1
case_21e1d95d,1,1,1,1,1,1
case_4cb28615,1,1,1,1,0,0
case_8855b14e,0,1,1,0,1,1
case_3bbedf04,0,0,1,1,0,1
case_4d45ab72,1,0,1,1,1,1
case_6d0e622a,1,1,0,0,1,1
case_75fb301b,0,1,1,0,1,1
case_9377e7e2,1,1,1,1,1,1
case_3387320c,1,1,1,1,1,1
case_d6167ec6,1,1,1,1,1,1
case_ccfd002c,1,0,1,1,1,1
case_27175b08,1,1,1,1,1,1
case_93276f6f,1,1,1,1,0,1
case_776b02ed,1,0,1,0,1,1
case_75f58381,1,0,1,1,1,1
case_b7804c87,1,0,1,0,1,1
case_c1675c3a,0,1,0,1,0,1
case_2c27c934,1,1,1,1,1,1
case_a7f50542,1,1,0,0,0,0
case_a027aa87,0,1,1,1,1,1
case_9ce3d750,1,0,1,1,1,1
case_13541fb0,0,1,1,0,1,1
case_66667ce5,1,0,0,1,1,1
case_a5944f7a,0,0,1,1,0,1
case_8c9617e9,0,0,1,1,0,1
case_772442f3,1,1,1,1,0,1
case_aba4cce0,1,1,1,1,0,1
case_7120cb57,1,0,0,1,0,0
case_dfde00f9,1,1,1,1,1,1
case_e88bd4be,1,1,1,1,0,1
case_b307fb55,1,0,1,1,1,1
case_c709037b,0,0,1,0,0,0
case_e69a122f,0,1,1,0,1,1
case_db866fde,1,0,1,0,1,1
case_6b6637c6,0,0,1,1,0,0
case_190ccf28,1,1,1,1,1,1
case_9fae3adc,0,1,0,1,0,1
case_c90dc88f,1,1,1,1,1,1
case_31de7c2f,0,0,1,1,1,1
case_5ad960a6,0,0,1,1,1,0
case_4d9bc9f6,0,1,0,1,1,1
case_a4a4cf3c,0,0,1,0,1,1
case_23e6b8b5,1,1,1,0,1,1
case_06699e09,1,1,1,1,1,0
case_d8976874,0,1,1,1,1,0
case_a2fc7d1d,1,1,1,1,1,1
case_e2bbecb1,0,1,1,1,1,1
case_0c080dc4,1,1,1,1,0,0
case_0174fb33,1,1,1,1,1,0
case_47f4d99f,0,1,0,1,0,0
case_c80bc60a,0,0,1,1,1,1
case_5ccb3be7,1,0,1,1,1,1
case_9dc8256e,0,1,0,0,0,0
case_5e2ea43c,0,0,0,1,1,1
case_c8c12bf8,0,0,1,0,1,1
case_d19772a3,0,1,1,0,1,1
case_d2422c49,1,1,1,0,0,0
case_fd4a79e0,1,1,1,1,1,1
case_f395f54a,0,0,1,1,1,0
case_26ebfa40,1,1,1,1,1,1
case_0e08a0fc,0,0,1,1,1,1
case_ecd13e21,1,1,1,1,1,0
case_f26ff54d,0,1,0,1,0,1
case_171cb873,1,1,1,0,1,1
case_f7c96a92,0,0,1,1,0,1
case_59060bf2,1,1,1,1,1,1
case_a2e10247,0,1,1,1,1,1
case_6d79d0d7,1,1,1,0,1,1
case_da760657,1,1,1,1,1,1
case_5e1e9f51,1,1,1,1,1,1
case_20649ed2,1,1,0,1,1,1
case_8640c1b8,0,0,1,1,0,0
case_bea66750,1,0,1,1,1,1
case_0bf5c71a,0,1,1,0,0,0
case_6218f944,1,1,1,1,1,1
case_94c73ef0,1,0,0,1,1,1
case_3b50e150,0,1,1,1,1,0
case_4d0e2bef,0,0,1,0,1,1
case_c9d27bfc,1,1,1,0,0,0
case_89428fd5,0,0,1,0,1,1
case_1c3f2fd7,1,1,1,0,1,1
case_d7a07133,1,0,1,1,1,1
case_5d575085,0,1,1,0,0,1
case_6d1c30ca,1,1,0,1,1,1
case_3ead16ca,0,0,1,0,0,0
case_87990125,0,0,1,1,1,1
case_d6cf98dc,1,0,1,1,1,1
case_e3fd6db3,0,0,1,1,0,1
case_03d1cfbf,1,1,0,1,1,1
case_66492b7a,1,0,1,1,1,1
case_1f162b34,0,1,1,0,0,0
case_9198f2d3,1,1,1,1,1,1
case_3f8aafb1,0,0,0,0,0,1
case_33b9ffd3,1,1,1,1,1,1
case_56ab06b4,1,1,1,1,1,1
case_ab1a9b6d,0,1,1,0,0,0
case_7e3bcfb1,0,1,1,1,1,1
case_574b8ee6,1,1,1,1,0,1
case_a3f4a28e,1,1,1,1,0,1
case_d4f12e81,0,1,1,1,0,1
case_aaad8211,1,0,1,1,1,1
case_666a1004,1,0,1,1,0,1
case_16a4188b,1,1,1,1,1,1
case_b9ef04ee,1,1,1,1,1,1
case_66065cff,0,0,1,1,0,1
case_e6fc2bf6,0,0,1,1,0,1
case_5199db40,1,1,1,1,0,1
case_c958a092,0,1,1,1,1,1
case_3c3e059f,1,1,1,1,1,1
case_b5d6677b,1,1,1,1,1,1
case_5ef4646a,1,1,1,1,0,1
case_f68cdcb7,1,0,1,1,1,1
case_445d5295,1,1,1,1,1,1
case_90e779b9,1,1,1,1,1,1
case_2a0f3158,1,1,1,1,1,1
case_bcc1d729,0,0,0,0,0,0
case_7f643567,1,1,0,0,1,1
case_a1ae737a,1,0,1,1,0,0
case_391fc611,1,0,1,0,0,1
case_7caee51f,1,0,1,1,1,1
case_1a430af1,1,1,1,1,1,0
case_9e72a54d,1,0,1,0,0,1
case_f8d4b38f,1,1,1,1,1,1
case_407a7876,0,1,1,1,0,0
case_6871d847,1,1,1,1,1,1
case_9bc5d203,1,1,1,1,1,1
case_bbd9d8e6,0,1,1,0,1,1
case_a0ac9a03,1,1,1,0,0,0
case_61b7848b,1,1,0,1,1,1
case_718c9677,1,1,1,1,1,1
case_3d58c0cc,0,1,1,1,1,1
case_356b099b,1,1,1,1,1,1
case_8800ced9,1,1,1,1,1,1
case_f8a5311a,1,1,1,0,1,1
case_bba11362,1,1,1,1,0,0
case_ff44091e,0,1,0,0,0,0
case_b7343636,1,1,1,1,1,1
case_66c33dab,0,0,1,1,1,1
case_1b909914,1,1,1,1,1,1
case_a5a6d721,1,0,1,1,0,1
case_b26c5ab4,1,0,1,1,1,1
case_52d7f53d,0,0,0,1,0,1
case_5dba715a,1,1,1,1,1,0
case_87f64576,1,1,1,0,1,1
case_04823c36,1,1,1,1,1,1
case_7265f795,1,1,1,1,1,1
case_269ee405,1,0,1,1,1,1
case_efc0fb72,0,1,0,0,1,0
case_77ce7855,1,1,1,1,1,1
case_7afac580,1,1,1,1,1,1
case_09c7c307,0,1,1,1,0,1
case_03efd11f,1,0,1,1,1,1
case_5b778852,0,0,1,0,1,1
case_e5bc4506,1,1,1,1,0,1
case_13a3f519,0,0,1,0,1,1
case_23f03877,1,1,0,1,1,1
case_b0b6c7f1,1,0,1,1,1,1
case_4716dae1,1,1,1,0,1,1
case_5a6623a7,1,1,1,1,1,1
case_aadfc89e,1,0,1,1,1,1
case_1ad6395c,1,1,1,1,1,1
case_217c5608,0,1,1,1,1,1
case_dcf1838d,1,0,1,0,1,0
case_ef47614a,1,1,1,0,1,1
case_355d3f40,1,0,1,1,0,0
case_9fe14060,1,1,1,0,1,1
case_3c07bedc,1,0,1,0,1,0
case_52bf3aec,1,1,1,0,1,1
case_ac9322e1,1,1,1,1,1,1
case_47d93ad3,1,1,1,0,1,1
case_fcd90102,0,1,1,1,1,1
case_f046101b,1,1,1,1,1,1
case_2ffa1bc0,1,1,1,0,1,1
case_1405c448,1,0,1,0,1,1
case_d08628a5,0,1,0,1,1,0
case_22088cd1,0,0,1,1,1,1
case_f870409a,1,1,1,0,1,1
case_cf710cad,1,1,1,0,1,0
case_308161cf,1,0,1,1,0,1
case_23e66599,1,1,1,1,1,1
case_5b5bee2b,1,1,1,0,0,0
case_92db3232,0,1,1,1,1,1
case_921b7f85,0,0,1,0,1,1
case_d8362304,1,0,1,1,1,1
case_17c7d20f,1,0,1,0,1,0
case_7df4c51e,1,0,1,1,1,1
case_0de76d4c,1,1,1,0,0,0
case_58e38c16,1,0,1,1,1,0
case_b629fa17,1,1,1,1,1,1
case_4b17a873,1,1,1,0,1,1
case_bf2d736f,1,1,1,1,1,1
case_ee90f54b,1,1,1,1,1,1
case_6b052a0f,1,1,1,1,0,1
case_2b982c8e,1,1,1,1,1,1
case_7c038ef9,1,1,1,1,1,1
case_e3c0c8c7,0,1,0,0,1,1
case_dc530ea4,0,1,1,0,1,1
case_df9944db,1,1,1,1,1,1
case_2ba1358e,1,1,0,1,1,1
case_626939c4,0,1,1,0,1,1
case_dc8d9dfa,1,0,1,1,1,1
case_5ce6b81a,1,0,0,1,1,1
case_b45f24d7,1,1,1,1,1,1
case_c96fa7e4,1,1,0,1,1,0
case_dff4e10f,1,1,1,1,0,0
case_d41356a0,1,1,1,1,1,1
case_fc92e896,0,0,0,0,1,0
case_ec1b6b15,1,0,1,1,1,1
case_c66911d6,1,0,1,0,1,1
case_d32adabc,0,1,1,1,1,1
case_45732610,0,1,1,0,1,1
case_252707bb,0,0,1,1,0,1
case_bf5d8e77,0,1,0,1,0,1
case_019f4750,0,0,1,1,1,1
case_28bd0644,1,1,1,0,1,1
case_3fcc467e,1,0,1,1,1,1
case_f07c97b3,1,1,1,0,1,1
case_e6d11bd8,1,0,1,1,0,0
case_8021e0ef,0,1,1,0,1,1
case_885e0d28,0,1,1,1,0,1
case_3a031dd2,1,1,0,0,1,1
case_32fe8786,0,0,1,0,0,1
case_c34183a2,0,1,0,0,0,1
case_63e76282,1,1,1,1,1,1
case_47a2f712,0,1,1,1,1,1
case_84be4b42,1,1,1,1,1,1
case_8da3f6d3,1,1,1,0,1,1
case_a4caff7d,1,1,1,1,1,1
case_7d2174bb,1,1,1,1,0,1
case_c9b047e5,0,1,1,1,0,1
case_89cc23a4,1,1,1,1,1,1
case_b327afc1,1,1,1,1,1,0
case_7331c2c4,1,0,1,0,1,1
case_ae5ee898,0,1,1,0,1,1
case_b849966b,0,0,1,0,1,1
case_66be59b4,1,1,0,1,1,1
case_90480003,1,1,1,0,1,1
case_f01b2003,1,1,1,1,1,1
case_f6819434,0,0,1,0,1,1
case_919a873f,1,0,1,1,1,1
case_c7036f28,1,1,1,0,1,1
case_bb060e8f,0,1,1,0,0,1
case_d60a8bae,1,1,1,1,1,1
case_e38e7162,1,1,1,1,0,1
case_98443baf,1,0,1,1,1,1
case_b85c960c,0,0,0,1,0,0
case_2853c0cf,1,1,0,1,0,0
case_bd29d0f0,0,1,1,1,1,1
case_a579f7d6,1,0,1,1,1,1
