id,latent_payment_reliability,latent_liquidity,latent_digital_engagement,latent_price_sensitivity,latent_urgency,latent_customer_value,latent_retry_responsiveness,latent_delayed_retry_responsiveness,latent_message_responsiveness,latent_alternate_method_responsiveness,latent_human_escalation_responsiveness
cust_de7d575a,0.9362125302518112,0.6131644396493049,0.4074847624890452,0.2771380810950366,0.5217580662360051,40783.678138245334,0.10183150329610943,0.18785382194467828,0.20102041320025343,0.2540857443532893,0.001989913839633899
cust_e6193599,0.6544667964642679,0.43271410338954036,0.46957907709750624,0.1293400251612026,0.8152941796805027,6160.472981737836,0.2827404768260769,0.8713275927937775,0.2258568364569607,0.30900268881530385,0.050507297820176565
cust_84c8d07f,0.9015775205806864,0.44744905507485244,0.3573284890169353,0.41943938023199007,0.1698800918945279,8700.359205710043,0.2698452551610516,0.4705509017325288,0.3266413377583324,0.23031468979470862,0.039553426320037756
cust_5951f503,0.5206303539397348,0.29941820831821514,0.3469470258743034,0.32725556796977223,0.1879923090373704,100903.2395490807,0.06696384058637342,0.28905370197711844,0.10919675084384406,0.18166257985829037,0.7767742784714615
cust_9df65b73,0.8688285036177578,0.7058416647095161,0.8358985597381612,0.10148952347723995,0.2980732539454696,67758.80470568883,0.03326882885957597,0.5221764170725028,0.28997992435609066,0.3091529616677712,0.8250268891168523
cust_07169c46,0.6837272794676724,0.31317529364793234,0.23441874345946226,0.2269758474830772,0.21229005077145766,19756.51558483841,0.7158554432541577,0.6151466525955163,0.11788978537828566,0.11315466267395502,0.37758659391779653
cust_8cda73f6,0.6638908875030658,0.5431015473816605,0.32974953561750553,0.47086180067948635,0.20607457014488764,11695.127253136452,0.4582759665549361,0.7724675694648,0.09416350884224559,0.32441909820624354,0.3467511653572343
cust_67358234,0.8283530878716123,0.7204095943909259,0.12696732498367572,0.10384423291854772,0.5807186464711727,369524.31404969917,0.26824488350589953,0.3322081280046588,0.052000630625187935,0.04438968119420805,0.9314337019429011
cust_175731a8,0.7767337451362296,0.7605236412160763,0.5502380250652682,0.19746501543784908,0.033350913075001286,46930.79677862058,0.24302779877390013,0.4842586140097208,0.1987026422634394,0.2766279953703624,0.2676212723556863
cust_65fdc1df,0.7865791208799315,0.37501427790390973,0.10633785660247824,0.3359293292491345,0.2842828601583467,31398.152610705885,0.3724737221499046,0.6595695310986189,0.018904551215374293,0.22089577478441202,0.2892843634984585
cust_2cc8e59c,0.8644804802674896,0.5810144343820981,0.15645776101588135,0.0957142049203216,0.5322693130401197,595.2472316308988,0.35340554959900566,0.28622990004684046,0.12162764335252998,0.3443276732313955,0.011051723182478951
cust_02e5f5ae,0.6240167322567034,0.5486360620184719,0.2505835931050908,0.2855474592693972,0.2025883293944113,97876.78388983777,0.10815485161663008,0.5619612274043273,0.10329397614544335,0.13918805872191178,0.6528471338413433
cust_ba0577c3,0.864802041863043,0.32579282609716714,0.17625731337811934,0.12652171476426075,0.11296797000609154,13259.606406946334,0.2405462189231884,0.17398030223480204,0.07555733067053551,0.15837260696443733,0.09714470389961499
cust_535cd4c2,0.8045070232193239,0.4404448862240312,0.5658617073355166,0.5349445788521471,0.5116104618640351,67552.75765563174,0.2713495537675915,0.331224840641155,0.13580045131873775,0.2079033972281446,0.8999616402619511
cust_f759e2dd,0.5093827380201003,0.6662934616100262,0.17005397927738028,0.15625054466648727,0.5136550007339417,8043.684598132161,0.4652362232596359,0.4653157384084709,0.10863946513707796,0.5697027968375884,0.15494826376626503
cust_428edb7b,0.6256043776217145,0.3548951108877257,0.38538660528026647,0.47272218461955096,0.19379203957955865,35274.95979477153,0.06650823171372787,0.22406476693708915,0.30834763204301024,0.15467313353490006,0.25492439942837397
cust_29793503,0.6410029596530539,0.48023165593682154,0.24875243521449097,0.3852488628426717,0.04707830360107285,16569.699035541813,0.2830517806947554,0.5520097392600726,0.21694203720427596,0.3433158559239218,0.09299540680847648
cust_bf7dd64b,0.4399364968379444,0.47554175195669574,0.31498019676729805,0.3040343223399853,0.3793271344114177,124232.37313931048,0.3537967153901285,0.49575203498864384,0.22694265831785743,0.31229248864362896,0.7718095879495376
cust_b2599b9d,0.774005935318917,0.4488218712107552,0.6186071260704306,0.36401131880464144,0.1822386737044627,9193.42453474286,0.5413438381781739,0.5368846334746987,0.22747724592708296,0.22567514359505297,0.016737706617574673
cust_b65c41ca,0.953993324327092,0.7350600610148667,0.3436791082174205,0.1904189740860003,0.48571990025708645,256998.58134450982,0.27242241566025055,0.470038830262098,0.24771989009155815,0.26866906142704866,0.5245370053466658
cust_8f5cdb89,0.4655006781611104,0.6135155234826963,0.22547785869001816,0.08903760365250393,0.1338408382936062,8428.20044068395,0.08514560685099376,0.6119602457714428,0.17495574945340928,0.466423281366673,0.4030789551925908
cust_9e03cf01,0.8887392016820409,0.6261314127791664,0.42784309597220815,0.4492098358419952,0.14081371370539944,17461.359590767057,0.2352678730643322,0.6752589381346557,0.1899253162400054,0.12119548367156777,0.12819714039317684
cust_88f62ce8,0.7405732471576029,0.505528527413793,0.6237685654366281,0.357404535075062,0.2725671489744283,9885.362536980701,0.13143986615215383,0.3177770456295242,0.14108790518014938,0.3688811390984983,0.3512834910446445
cust_0c320d28,0.7944385743467517,0.6872870789786583,0.569449595729686,0.25963399354830957,0.42641792389907957,8816.286768982569,0.20277973773634642,0.6601089352046733,0.13819629285923682,0.1421724092038272,0.03524327913017927
cust_27e38600,0.7010610217005203,0.5312571004056139,0.08656757990092952,0.17350895455727508,0.11921941080781957,29916.20820611921,0.2849573141749658,0.2510266536822968,0.07767774470251157,0.17554789708723842,0.005676257149510843
cust_147cd0f7,0.7425027858596619,0.9551964465480978,0.5478694975747047,0.21504110735866863,0.4182270585654226,346638.82907881413,0.22294257363843015,0.40251234205494735,0.21435780295985868,0.14767229814022184,0.2930317755054569
cust_bafad6eb,0.7495207765969067,0.4045363912348356,0.17256960980527822,0.5068754526795213,0.5025421466030331,580431.2583864498,0.05584702267964773,0.3688513672791292,0.14930189238267205,0.27266141775240443,0.4340767311468299
cust_653bebc5,0.8026296791151709,0.5567048011443323,0.3905068499130155,0.18510516684351694,0.17126241856576688,17268.42419648325,0.7088886113344225,0.18202957807088063,0.2693249817466229,0.33215592006599187,0.09904033905260647
cust_9eaa96bf,0.9397579899899519,0.43668433583320126,0.3289111872704666,0.04856989519178838,0.5217767058339171,222470.3262257597,0.2983195466942468,0.5072660390987035,0.21720035586989778,0.12302443838346257,0.5721824652592045
cust_238ee8e2,0.8297884850962856,0.25001256452401666,0.5517278898803409,0.20771898417914603,0.45562723074753275,22836.952533315984,0.5399916046539421,0.6838986149583131,0.1264336425608977,0.1847806836996726,0.3104789544187417
cust_33a77f3b,0.9509508773651298,0.5906610570816605,0.2390601613143314,0.16030298953827626,0.3694784324710667,18417.503599353946,0.35070936000972275,0.3468883651718679,0.15573802119587274,0.3643466506843067,0.08618676402338273
cust_b94c2fcd,0.7646951823925657,0.5950650587342343,0.3533930276482664,0.34776050404083275,0.13823942249057844,46390.1068129722,0.5270556204525634,0.12469601628744044,0.20412545563293708,0.38035655430801185,0.13222045616234124
cust_957d35c6,0.9089573145870067,0.3865547763124143,0.2904384216646969,0.2276160308488087,0.300862803813385,1612.690390749474,0.17979149254094015,0.5293116950753637,0.18628242245177132,0.29541450581906403,0.40622032717012396
cust_de7948cd,0.7515797274279707,0.7264676595837849,0.21727764484510836,0.36597738230077603,0.3995699650862152,159990.98134941695,0.5117718483241956,0.49715514124605914,0.15289855327790997,0.41946959573061565,0.4837211276418396
cust_855ea982,0.655745909453001,0.29556771481242844,0.4701880427718072,0.30669846869360406,0.18221157137498892,13267.842444118996,0.18883470884710662,0.38361128615629414,0.42431804402125345,0.13189786240447368,0.12227328618271104
cust_5cfd4456,0.49150592935339904,0.3392201714792233,0.40396324101120484,0.21270222529352154,0.4793518120383148,180989.35618983358,0.39050253501659604,0.4414714003106649,0.15630575149482495,0.11606347295905704,0.25770763799443536
cust_a87a7912,0.4502356942060988,0.8735322763015001,0.3996687204047586,0.07216737483621513,0.19682468723734844,66800.86118898641,0.20120875672223804,0.8829074173766742,0.2023531970324845,0.681944914864049,0.5411885524069187
cust_43ce8c6b,0.9184682413964133,0.4474149497825162,0.9035906584366469,0.2558473829017734,0.1865401851485178,6108.1136655477585,0.4735874055758696,0.38686622801658593,0.7281824030878857,0.3356239310535894,0.163604672783325
cust_22c2c326,0.9847630892096684,0.776246947677275,0.5080720564576237,0.41959213278922114,0.3681263207744156,59488.54718635877,0.4587357241098499,0.34914087848410486,0.31793774066057057,0.2255858186751485,0.8118409681632685
cust_9065f8d3,0.8752520867915213,0.3957592158554522,0.19148793927075802,0.21306316461885988,0.17831653208013717,151163.45473014968,0.3766237231900049,0.2935465852716244,0.0356065255308387,0.24008186273217746,0.7815886972593983
cust_743f116b,0.6824868817402387,0.2565208167327528,0.5151307150781425,0.32374261034081847,0.3223658762914615,19174.94906446622,0.30610258310843835,0.48024567362590415,0.4719825468698016,0.18150885970403596,0.06035500817918554
cust_f44ee62e,0.9634185020441832,0.5435854739134289,0.7001818520455183,0.4754665606601811,0.5516345349500095,1297.99421320468,0.26165377362726583,0.6873095252681058,0.5357968891940162,0.19529417851813,0.07902317863410613
cust_d8bd2b24,0.800697109280665,0.3245032960327847,0.20775498677598314,0.29031401582850286,0.6228606283445367,32077.54120657221,0.38700552154020723,0.1553990074865846,0.09316676178001834,0.14404324558120535,0.3751421947204222
cust_68b13ba4,0.9707910952144229,0.6147700548569945,0.6020458662812145,0.49040401898472713,0.11033006948666535,6189.635595380686,0.1756035407689241,0.6511436286152812,0.5612006679625486,0.31863694843108725,0.28019360230389995
cust_1079cd23,0.9141476500643972,0.42843370409319087,0.6166790046906403,0.1469585975248879,0.30447811239439193,2873.3213689519916,0.4924120819439421,0.494202769010236,0.4357144723318936,0.346407858379565,0.1746650886232307
cust_7043e38a,0.806860092626721,0.4920240100353148,0.4267544341898615,0.2023101368246726,0.09975079903089673,1961.632130621271,0.3613341189318845,0.5116863626776151,0.38280814015452846,0.1712660811683808,0.0014617873221701573
cust_a76ca76a,0.9261053140443972,0.7776651459979018,0.29454010412125536,0.2698575784276868,0.7223590711727083,947938.7426857115,0.18343823569974976,0.4058512206163484,0.15748644433165898,0.17683653223678802,0.8221105147946935
cust_8e3c86d2,0.8652031114026191,0.5058411410214926,0.5756106380413365,0.17989360392933332,0.13628240162332297,46079.288865263785,0.14615199235589613,0.5351756973770491,0.5195240889380909,0.13997988693443655,0.15199195991051936
cust_28219f4e,0.7500825052463878,0.7042982261980972,0.5553184522517214,0.14568756525080223,0.3301908786010833,11187.638660443363,0.3917879140181024,0.4338326863291974,0.2548388342764158,0.5041347745967631,0.06858633276293487
cust_c5e696fa,0.8974350410352067,0.5949710763605888,0.49098986421042723,0.3483770778176904,0.7204106691995921,14854.522572784756,0.32624469095228753,0.2702423550114878,0.2358093212414637,0.24526986602156983,0.0721454629709809
cust_b5c995fa,0.9719367194939983,0.8464738913422757,0.5336107748065047,0.09511684212574943,0.10453551982697629,178069.15234787087,0.034186036437748,0.5910600097803717,0.189652285052731,0.3428674389576281,0.5765155417844119
cust_9d3c2c19,0.9117165690863065,0.1967189096958971,0.5763446950185969,0.30207758033538107,0.234218103750451,20384.185861041406,0.2615515689092056,0.6817106732782952,0.5555983389899046,0.07300496871302051,0.5151743635714162
cust_de673293,0.6454524216107577,0.3589686320054445,0.6616363932063672,0.5263308731858773,0.352453958258168,31347.13290985809,0.17703912880084335,0.42278183954785353,0.4723705439567845,0.1707687940731341,0.18108361210425616
cust_c451452b,0.6101192620363035,0.6631237818585236,0.3532213315684235,0.1543544513916704,0.3201208313269848,19414.87214228209,0.9363896430991994,0.5313223743758702,0.13377747481444444,0.4393864229215955,0.09217072790381327
cust_1936dd30,0.6957224727643193,0.5007484192592814,0.35743065446681965,0.3082390024744038,0.41651140757404786,67366.71152531538,0.3825302540315226,0.4563520050738301,0.26435320857047556,0.38625811907786056,0.3630585817914866
cust_0cf6fb04,0.9774029782764322,0.565955898911138,0.4678534864172663,0.09148770420882438,0.08569830867462314,33236.036731455184,0.3311050618181279,0.30445171527555526,0.34705358316035917,0.20163096804608016,0.4378966362579689
cust_d82b65fd,0.7218137788318009,0.24116396636044724,0.5949679331251085,0.132009515290618,0.16165947524408128,10837.707661126913,0.21317164146953768,0.501287877379568,0.44157247127442506,0.08658031980510386,0.02716161212181722
cust_9a6eb2fd,0.7985056484820471,0.764943020622295,0.23712113356891668,0.3391187936502698,0.26937779394675787,35815.04934407391,0.11840427536991086,0.582456608453781,0.19223531526654222,0.19404195060231552,0.22459195789585223
cust_89ee5695,0.9209902042684336,0.4343986368534972,0.6731733658388002,0.5072854479679045,0.6646413609497651,17454.54852362119,0.11005899233838448,0.5749815055963805,0.2973987937418876,0.27997067986054797,0.030994905844263607
cust_1de58b42,0.7433175203617236,0.6784262505191423,0.3617242225536474,0.04156823122677079,0.1089882230296088,1492.8689591546154,0.4108925962565286,0.48229194948695653,0.2733856118001184,0.39312663794360325,0.670607417224449
cust_1528b2d4,0.7022539845150142,0.404648044255663,0.2917384225599221,0.21168379955713315,0.18830415626351907,15135.665504194072,0.41738446721138506,0.6389782020467636,0.25055348405878536,0.057243749414573934,0.1585110713575537
cust_216e36c7,0.7527038590329104,0.4381023421459538,0.593073978408642,0.3989573532727656,0.5268453426902372,196146.43202258306,0.12781672332253338,0.4972190006328153,0.3972119008942488,0.27685901462255935,0.895166626752489
cust_88991a7d,0.6821583497049788,0.5863799461038501,0.28117795603617246,0.20927674022271275,0.5082686444376855,2377.313489282665,0.5107981164362803,0.6292255252848206,0.18205565805806803,0.2369987381231687,0.5309121857265522
cust_6172eb00,0.2907122986758963,0.3668125164171388,0.4163084425585196,0.05788691739959257,0.19880169387320845,23144.455781645247,0.06182131978340819,0.34555004660866623,0.30093559767102457,0.13030187004876362,0.013793889498264267
cust_68e56efe,0.9336702936600023,0.47316323172200175,0.40343495429417703,0.529085935125189,0.3464421303535722,2306.8694942605603,0.5134268605613969,0.21838365625778108,0.1399573669760477,0.10651920634640605,0.33729716779656743
cust_cc3d19ad,0.6621333261817808,0.05364274800503347,0.07005277766775599,0.2725144569823877,0.20418375643323455,165930.3071058058,0.15666174487053566,0.5302327178585964,0.01389883124958802,0.009191063103443189,0.8062054479550699
cust_853a8f37,0.9412328373097687,0.8605089235113655,0.8227173628420976,0.49125151679097895,0.15297677952312963,4880.912899741433,0.5512139304786567,0.8031012089107175,0.7335968345666094,0.1212148883829932,0.051591247813631266
cust_fb697f77,0.9148888886035671,0.6047188836885204,0.4604157461198849,0.5138144748276001,0.218795944527139,8397.69367033381,0.27550165906955004,0.6160224915911293,0.2873410432517514,0.3649570545089368,0.017859219216556352
cust_35cefc58,0.7428908750466213,0.6146020997132631,0.5649697589017464,0.6802412947192047,0.537794220331175,1485.688185787345,0.18581406062482625,0.5739112736165954,0.3950253316188013,0.10218732253359086,0.16270175248157326
cust_7205d99f,0.656136385494898,0.5740262691214336,0.7600219839868255,0.28881132077622124,0.5065265945979872,3304.581300061475,0.3835445167294407,0.2847906055526414,0.03607584202261553,0.36275041378311956,0.09130185331034492
cust_1e3e07f1,0.7312845514144675,0.33527566064894393,0.7185340288162205,0.3402089567812337,0.19043822688366024,5123.854394966516,0.34268328107733775,0.05488337458834399,0.311670501878906,0.24030669408603528,0.2764697496432039
cust_9505b40a,0.8741580795699022,0.36645005624492866,0.06593969367579217,0.47547801906589593,0.2559678963642421,63938.43829406441,0.21698864595384118,0.28937017633425866,0.017145413703170444,0.12162599905909119,0.7859408623673078
cust_8534624e,0.8347977689052674,0.37733284777278864,0.7391438984864733,0.3495716713146993,0.3885012733335962,51577.05216942895,0.14547800673614444,0.2734361684323081,0.45986107031763923,0.2490657037249029,0.654006776535237
cust_32ad4cdd,0.8392627334339192,0.9102847257385208,0.3773979838282239,0.28928780296698137,0.46138994758322366,24724.410734855686,0.3677819439257584,0.3974656165219768,0.1604941573923077,0.1600527860289621,0.06598881324370251
cust_0760815f,0.8387453017367699,0.4358282710064864,0.5813051729388437,0.0868763631424546,0.4787726332875867,54771.33489721653,0.4151410965208731,0.07667244138879378,0.2581121678133033,0.10224818483194262,0.7600566809703088
cust_3c5c65a0,0.8905557757724212,0.7402411335029956,0.08482700848453101,0.23456576614955651,0.14691171656612118,54690.58854047416,0.12933336799007966,0.2729174991307272,0.05768738780891059,0.4504922818579302,0.7004783488114197
cust_a7f1326a,0.7781088304615932,0.8151280381641716,0.7715399528979677,0.37677084589263266,0.38709176439820686,101873.93034424922,0.19895376275493223,0.5643432696665812,0.5832379178248609,0.6896813614120498,0.595598757339883
cust_29e9035b,0.8180767635556624,0.7829788647960523,0.28973870790862355,0.47575067515908814,0.6552256250322727,3270.361156319285,0.44838016847007645,0.5979181936547044,0.16056835450250406,0.6049682757772233,0.08968628047010059
cust_4c3fee14,0.7163491307083799,0.5988339843884773,0.3238125830912051,0.16972405703577273,0.3952857823069381,11986.822013319932,0.4662953055434222,0.20956915292397596,0.20581249520639203,0.18257485728978518,0.16151375655370245
cust_0c5b7b3b,0.8474407865881671,0.7240519576898815,0.6061785574849785,0.2611764447559987,0.4351050770620774,15420.23908563885,0.14868547741162438,0.8046171110413713,0.4348639125618315,0.29088190737690717,0.14126582409319782
cust_19b6ebfd,0.7723441225698773,0.09467432568800432,0.08654808349456555,0.19558373256718012,0.10590739649334353,110046.94427477001,0.17482210270935308,0.42296544356366333,0.04536215769170152,0.01783251980340006,0.6132929538261169
cust_cd9ce38a,0.30698910510865596,0.5072088148981447,0.3273139067017984,0.516203424892198,0.6491462469796437,118209.703544498,0.25111691880462383,0.5905252450607741,0.14637454775235612,0.3484742109407849,0.7204360450686988
cust_8aaf5ca5,0.8804057286996753,0.3633759173676495,0.19366670672381678,0.22142852891180845,0.2630632332756503,3296.1095696767284,0.1666674177114817,0.4293367546356894,0.13746656707725546,0.31751561936163203,0.06802469975085633
cust_ad92f83f,0.5847641949239193,0.46640099245125183,0.31677668918936014,0.4498632830972826,0.307207158809809,314181.499190999,0.5375217843921387,0.34913465575686903,0.21420809288973885,0.2625515849130295,0.5456594906742177
cust_06204bf4,0.8244302232489611,0.4805830126539689,0.37044379327116206,0.3613554896497747,0.22601981608727256,80881.1710130696,0.3182346309811024,0.6845270349935493,0.07014961812337633,0.37958451141193683,0.6776271683973779
cust_0a784021,0.9642152581008838,0.7700988355214612,0.4636189936569826,0.16454817170193234,0.2283365645292081,103769.93421318241,0.11553662389834957,0.42782270814891854,0.3363229614801886,0.2915735480796434,0.8021638444022048
cust_cc6305a9,0.6917750116432464,0.7507902008485084,0.10130964309238179,0.22678975083049896,0.6056655533379832,70182.89318393843,0.22789024574026978,0.45482874363912745,0.07112736918056616,0.27335304312616815,0.43933316418055907
cust_d27239ac,0.5506436216070029,0.3587359779121751,0.199576997188434,0.18046022311586882,0.3336878825347467,11968.75799598833,0.33829233376402407,0.12087184597465961,0.06605143111034396,0.1405386563485768,0.03629236549366089
cust_d41c4780,0.5946429972342174,0.49764026113595194,0.3539692727862046,0.31583083863387496,0.5214376432458789,48418.300739471975,0.4643734447631544,0.34908280588639223,0.18600981732752409,0.1791359504591852,0.09385479835054297
cust_958d2918,0.7912277363318665,0.7641684747000165,0.04563382593881595,0.49033698448171564,0.6857338915855054,48671.97735754026,0.3736234666716493,0.3341404018871096,0.005119781840519895,0.2730025079631692,0.008568350046619903
cust_5ccff255,0.5589828133702531,0.8966665054273709,0.3715644282395774,0.20228049477868928,0.16052926236620815,5229.859335822702,0.40846852504870484,0.3742990842253277,0.17355600861902487,0.18088561307539552,0.15973220442717784
cust_d841832b,0.5115625870939222,0.5044094315374421,0.41356222029927264,0.19892468756044135,0.5376372055391245,26369.763669387692,0.5134763742379674,0.3543102397874132,0.16893415147399893,0.2003859857369303,0.03597110955739917
cust_a2241b07,0.7901368086563398,0.6175260448171049,0.5137503960368578,0.15419211497490867,0.1593117023622686,6332.698709118177,0.39689988146256355,0.5508191421390375,0.14742564914925266,0.13585988664696383,0.4496616114959724
cust_f5e0a7e1,0.540276244907357,0.4022816537358917,0.5683069661343711,0.1545470342914518,0.7426600039325216,19107.950847546203,0.5290352377405023,0.5089909368207832,0.2868359120516695,0.1701716951695644,0.009948354051898776
cust_9b3a1745,0.8509773976923358,0.2609531369091805,0.21805723886672693,0.23548971941816155,0.28616275358792304,3295.2973944217256,0.11445407561583769,0.1810954984458187,0.03374591735687841,0.043505176481149654,0.2359483658830073
cust_79bc88e0,0.9954387662947055,0.5203622394514807,0.1688512096551804,0.18469595320356627,0.4561119718387665,26316.19493097243,0.013937409015433779,0.5633053760380654,0.09345723757510756,0.2498596028159514,0.120695674598721
cust_39fcf63f,0.36233386144728397,0.6596688644282495,0.5118236227883258,0.22745971413909352,0.3062685620600367,7353.341209649403,0.4769105147024981,0.31262602550118723,0.3686258190193004,0.3163282723614409,0.002755002187742422
cust_1b17981b,0.8712324640727367,0.4977019078375404,0.7551746532775826,0.10409920092095865,0.3573700310404126,32516.96241851472,0.2795081636718483,0.5792676093130485,0.6299222816754741,0.15139979154358743,0.020528645823278513
cust_7e891b4e,0.6928019169813917,0.1594053627552742,0.318407998834968,0.2892011935796224,0.27830006243504973,7773.897680980655,0.1995265134968805,0.5780466228045824,0.26427034462255594,0.06675836988748718,0.08162150189288814
cust_763d8255,0.8791346744074435,0.46893681490993594,0.14822925542484144,0.2661718794498354,0.3291913027582918,28199.23235497008,0.4308223133892362,0.19538806071475348,0.13303267525797924,0.41442944229895373,0.4419706831436527
cust_bb66af38,0.6070532292182772,0.39266977072374476,0.3126565049149605,0.21053326641244077,0.22213545250201136,6470.930640221539,0.16935927445304602,0.4360570043865036,0.1601890090641145,0.10263513376559036,0.22833426628405398
cust_d2a51768,0.7191843110153556,0.2700297115309927,0.5602837551738158,0.3147936230014475,0.3483958396825471,4875.337685090134,0.5164055838457706,0.3122180530583044,0.1509327988065613,0.17193857896079132,0.1088724116704254
cust_d935389f,0.7697245197093212,0.5460998057694058,0.20108328370883785,0.05101584439535335,0.37129056541477545,59005.392536036896,0.44989666412298096,0.1614169982276086,0.02578788529738024,0.10513677081648462,0.7358722547942858
cust_5bda32a8,0.9444662365680397,0.9328090571684219,0.8196060180040725,0.05125420144293315,0.3694080851489386,651.9447130153136,0.3514401577669205,0.5341516310486469,0.524163385635866,0.46772466732410267,0.44244317185693427
cust_23816284,0.8185968241332258,0.3099780621719455,0.087069135096732,0.2624525531874951,0.5536949803947147,49623.46671818724,0.46425593590535497,0.6733380677375731,0.011817274721094935,0.057868299496681166,0.21642859322826347
cust_69507d19,0.7759951622667011,0.3829889905574635,0.7750127029453727,0.1433659266548021,0.34332265181865446,4768.383614233219,0.1880293123497446,0.6505734285474667,0.3359109439033491,0.10193126638351731,0.18938933665032956
cust_edcc1486,0.9230683503153833,0.12059916182159282,0.1838612089871436,0.2727094478061935,0.5399857448290641,70716.45200322848,0.36288264226311906,0.6305757432170715,0.14358923127508263,0.07158216046520599,0.7858215450919557
cust_7a7f7d37,0.8556831152106659,0.5858673967588524,0.43705916460096594,0.4301778045301021,0.3519208007297224,20742.137422009575,0.684804714617961,0.9511765443814117,0.13835619464055776,0.2886782003228828,0.11324982628779698
cust_a2a832f0,0.7351416897169881,0.4408793159969297,0.6820376364964034,0.41972351901979205,0.47645972867719094,7806.964966182655,0.36994600127021443,0.7617635905551965,0.21076219119079495,0.12893094475265662,0.3912840921863526
cust_124a528c,0.784472179255585,0.4932635180360659,0.2925366093716493,0.5963336342338086,0.255856434102069,9608.218553870063,0.35187402970222736,0.7600135052813828,0.13097285610889522,0.2772592956360403,0.2014368514297266
cust_c1c157d8,0.7151663402357055,0.3515654324503232,0.47439779633480295,0.6158398035962357,0.39248952211963156,9721.317876118002,0.498728859748211,0.3961749823167233,0.43825231573845425,0.15954089595933824,0.04868516081051823
cust_02293794,0.7441011671513915,0.32505985969430373,0.037239559486846506,0.27925463651966653,0.1283338705072433,6042.073546330634,0.22368365749268973,0.5168988541484535,0.007381076076265174,0.037763675722282286,0.030814924452388415
cust_cfb76ef8,0.42138395102768333,0.5172660693240347,0.25333428032610034,0.18240549712735685,0.26121352949928045,10248.169368143186,0.4544384880825765,0.08521756795854986,0.1918939596570441,0.17911853141399342,0.08287323720669555
cust_31fb7b0f,0.9260220158026777,0.6689929313938037,0.7623013290513534,0.40617371120029055,0.5481292146292901,1378.8746257915943,0.6531242359363706,0.49056765294330773,0.1631693701476788,0.165456345993326,0.1694140491658516
cust_aa64901b,0.7641827261304648,0.37759615776842853,0.22435243750484224,0.16627768356291522,0.468189368347624,18496.480726968148,0.22022591003042838,0.5464914616579349,0.13478782314163903,0.11528154414414934,0.054829464435320135
cust_f7976046,0.8070997743589167,0.5575539214275126,0.5602872803746772,0.3791050153761522,0.46102040741302885,118502.43287050356,0.6138871423979234,0.6285337384983526,0.23424922314717053,0.019061337320033123,0.6869317599487471
cust_019af318,0.5939418102771052,0.5301619187242372,0.46179118136631664,0.25034356948071035,0.27978243716566,4375.091968886436,0.5453752604784519,0.5783224216392089,0.3137024730817444,0.1821585373412333,0.4200703056454848
cust_9063d128,0.8998378938125333,0.65740729986507,0.6604523939922793,0.6423794470736418,0.1565972910931346,161501.41868203657,0.41249419877166066,0.19523027655814193,0.3987052361563818,0.5647053541014698,0.6885924480350922
cust_5146ec21,0.6931223772303192,0.47967316761979856,0.3384556966950621,0.37350585548165327,0.1492369872618709,36164.31642455686,0.5417863048323507,0.7888138053395255,0.08691958599528249,0.40351567534416394,0.13424112005261826
cust_05c8a978,0.7346042596155646,0.5488002399003218,0.4299949481326397,0.20185093482971356,0.0590869783178869,225910.3265827635,0.15344412678651856,0.554664336687098,0.21630613606226617,0.2622733510317408,0.5347563101638617
cust_6e609799,0.7988447669477703,0.4818329875657828,0.39033984096462226,0.37803224302968974,0.38274212593995854,11679.666049889223,0.535857338075586,0.43300644221891055,0.07012711018307871,0.27400689619595814,0.0631269378369162
cust_b238f416,0.7759954568199731,0.29822631921509335,0.4995551251624909,0.2814406512831719,0.5353694830837274,10248.91408835079,0.5244361044035792,0.38687026252501694,0.3431536207620529,0.24180056900590272,0.14930538321911657
cust_4a30c66f,0.6641396179140301,0.43744707220115076,0.1369862848567435,0.4110252986671133,0.2392899505651011,14814.447951593926,0.24040819885854517,0.3122166740941535,0.07294547360123517,0.08835197653089606,0.24524684017195683
cust_71c37676,0.7774779445193393,0.30653756276460326,0.788950402855579,0.06171602384996991,0.05262159037638597,97447.02504981573,0.36300581457118464,0.609496453705406,0.37681217156517627,0.19217906026905837,0.45539224002368134
cust_98b98f57,0.937580020848004,0.6630233472798616,0.24640363213961383,0.3378936404944192,0.3492572152514696,18505.063617136868,0.09599227771827314,0.7463719606476681,0.1876649054434558,0.48953122289058837,0.1419578861623169
cust_b59c8e9b,0.7250974334507376,0.4711228975496733,0.16479713569277066,0.4279240431652372,0.24838248891133463,30294.123320074646,0.49441503109241847,0.22163969461288044,0.07149323753282287,0.04519493353331175,0.0313338491778583
cust_3afba4de,0.6230798492812478,0.5656375987180281,0.22299248054477486,0.07190017407852135,0.28012531408487995,26463.773176650207,0.14796058160566625,0.5478010154713531,0.13160041149959079,0.06487589380134408,0.2082783430711188
cust_81a40347,0.5512825073827483,0.31211851749927066,0.24773875307397653,0.4107470276477176,0.6207917392726046,13472.862381059642,0.18047319818786814,0.43149897162323897,0.07695064100371711,0.055821112128562,0.39430092892552443
cust_c5ec9ac1,0.8462785790370597,0.35752670086212907,0.2607659524555303,0.11274791638194646,0.13381034527594834,30273.683809357037,0.3336090818419062,0.5654445115355812,0.18838060248179014,0.1699085011083203,0.14132830326922188
cust_8542e0c3,0.8626098741724542,0.6677160436173708,0.6096506051365359,0.3141901355008691,0.288785722552762,65589.54247704188,0.250328499864867,0.21421406053649394,0.2843086079015846,0.36460241772614455,0.5541839437613436
cust_3b01e3d4,0.8678232585862004,0.5103875146623501,0.48043249720312065,0.2230255854160115,0.05387580489468567,4974.13730250333,0.4689833174669433,0.22315382624225052,0.37285102848266627,0.4155170430522042,0.37323354345965637
cust_02597c48,0.40273625245531197,0.4172592468141354,0.057543225253962306,0.4833546127192864,0.21715176689539875,10909.810979079313,0.0660301231809945,0.8874417765502408,0.017536802732257818,0.23881888926953737,0.07137998266093291
cust_4cf04b51,0.8529019592347563,0.41752881435808664,0.3417950084373213,0.19554733102463312,0.2254904946273651,10389.393440554424,0.39507560909417894,0.305983887867582,0.18713316028066823,0.16681567923845295,0.35184322125629924
cust_4ae9b622,0.6576943690216897,0.7821773655271212,0.568155165114268,0.35694130230793447,0.4699343899539143,53263.366103373715,0.1102051734697174,0.2728623537302568,0.5277874966001722,0.6131835439888305,0.8129019935343349
cust_ff9c7344,0.816686540815253,0.6406206025509789,0.24354673432598348,0.232421726457598,0.7742220521857592,13610.874767971309,0.05742615057210201,0.6613022198975333,0.10067345581286577,0.14967335796618947,0.1976217845948459
cust_1299c1e2,0.5798486253946089,0.6119040918282928,0.45046379285783195,0.2073115053663059,0.4952462375196562,8403.98759291976,0.07390720572634589,0.5557295496917928,0.17679251952982383,0.4896495123652153,0.3255543552102987
cust_5ccd8a9b,0.7186658424363096,0.699339667596626,0.30631284423962285,0.08407360580745642,0.29031122673386806,3018.8443240612896,0.22882360859381334,0.5152114596396973,0.15295946138758065,0.33341377281267404,0.07277568153561279
cust_28e05a5e,0.39917498715230576,0.3690395594557112,0.49810086072115817,0.09460617588833747,0.4120672286200749,20594.26408999576,0.5820863871515455,0.8947270550729512,0.1923642302408198,0.24851685334279133,0.15133510839636302
cust_1d73506b,0.9581363198262706,0.3580960171534421,0.3270775840609196,0.2063373641470173,0.20763437048523503,21315.661631647017,0.4118304024816603,0.33709917217383883,0.2543646415722566,0.20271254293449845,0.37445456549788225
cust_f67ea7cc,0.6968077689813118,0.632142643092759,0.4546254959893075,0.1007710760286857,0.35737947983309926,99708.14940501205,0.1294393419596889,0.1365905461145948,0.2211531156950367,0.023710961737770035,0.8379923112251286
cust_ec94ba5f,0.9203231349850481,0.8230220867323033,0.1494864724448569,0.1441885965656753,0.40217034885925085,397928.7036173611,0.18442178633927736,0.8171562716791746,0.1200659140752951,0.6303120213316817,0.8339535242932532
cust_42a0170e,0.836952335981073,0.5873879516592823,0.4735598737464055,0.45651773358329706,0.4313586434837629,504530.54635670915,0.49647068192498217,0.7135402585711945,0.41406334967161007,0.10017407669208371,0.6025275123216903
cust_239cebd5,0.7761193123949038,0.27904753051009146,0.6675329157484111,0.28646249499992393,0.6712655919742707,39269.734322688026,0.34990607216212194,0.2977993627181181,0.13453901661232864,0.04058120408547578,0.053547057544673725
cust_f87cd771,0.8950569655300781,0.5399077488259648,0.16926672638353804,0.3302105082774834,0.6582943989555214,127349.92884587316,0.325170426814458,0.5674256011500697,0.07630752613203115,0.20665217838342026,0.7464830849932851
cust_a6a0fe5f,0.837521114285241,0.6806476906300682,0.41885539289406504,0.24510075138695112,0.29771828944996004,25018.547755784453,0.18827197967931075,0.594581980923487,0.26700380560074327,0.3881865334467077,0.16117032314865212
cust_5edfec8f,0.7324374447693898,0.6847145149144183,0.8178589942450538,0.2084963062131273,0.4171644639507132,6118.5834662844445,0.19419616411447874,0.328920236708878,0.5545922380895129,0.4482619554577392,0.12370831048876064
cust_4dfd192b,0.872666130585591,0.5905655062072958,0.1658294306571042,0.1373949512123473,0.6727413615878725,38105.343141020305,0.4997039865216128,0.5536543906430414,0.1302428720580629,0.35753632492959003,0.24747640682513147
cust_846b4a1d,0.5283774347090103,0.7643412705211191,0.12827449298622928,0.2601556025498973,0.3778923199105312,27814.824778405553,0.2791669035188512,0.4665821999102744,0.07142866036943792,0.7449624259954154,0.11704554694348147
cust_d6d9edf0,0.9659151964452469,0.6940699371336294,0.6784756147522131,0.5983117468762322,0.06132312997477308,23288.597010600824,0.5105417567806888,0.33851758826324635,0.3075303255872823,0.20846292422112495,0.4298056117989811
cust_15438165,0.8879518222207978,0.41359261722490964,0.31486083218836264,0.10140886069826881,0.4314461058731147,24515.451738659234,0.6191194531776265,0.3339022783310177,0.07863616399786737,0.162965511238033,0.2771132266118902
cust_24ede356,0.8233773909810004,0.44584747961524795,0.7700596736529073,0.09152596319809365,0.3450485498060395,73026.237501319,0.4064731990127217,0.4327950075842259,0.5815531302871548,0.12575785818569302,0.8274241493632813
cust_3face762,0.8548447821571054,0.4719661392809131,0.4167193357376812,0.3348687470639723,0.313491804783903,651279.2543285938,0.178318470203019,0.7635322890415289,0.291950883087276,0.23381747274370707,0.7456320333975364
cust_95e9bd40,0.76000057725688,0.7406429701301211,0.46825891997818453,0.18762746761656948,0.34305596147297196,9280.910430525064,0.3526100282964697,0.44629504328458286,0.37789913330754743,0.42508783845432707,0.11259318886651974
cust_f02b7715,0.8560875921822502,0.33266272936388624,0.12118762175455375,0.298722345579855,0.4924989785657663,31443.729095753763,0.34675533852114776,0.3184351421894825,0.08562904364901792,0.201375772994961,0.021383131826660226
cust_ae41cf05,0.7346309321393897,0.4114738178850686,0.5454557750696764,0.06708994813549314,0.574483563061846,14077.92875598117,0.2377985442112369,0.7530110041754647,0.5162971096467248,0.18061283115021473,0.4296682452784782
cust_e30e058f,0.7861914631741306,0.7875590782094319,0.5326233238013615,0.2685529505038625,0.4850517951988967,37397.89269334087,0.12676218750310192,0.34496355784426286,0.4364174879335193,0.3841103261227625,0.025293431861861945
cust_48d35021,0.6847174989843091,0.35442061881262404,0.4671014594438873,0.4661788718534234,0.13616412702747738,18868.474140092192,0.1336096380626677,0.3997680767646112,0.40532130912480613,0.25788218472905355,0.03365248324118287
cust_30107f7b,0.9422415097927976,0.47812963411011256,0.3969782273877306,0.10889307384975681,0.27482732735619264,11589.528053101612,0.31764344998338734,0.49717789547899677,0.3558544410722041,0.2118966789484725,0.16181867219382204
cust_3c758e82,0.9475892344880789,0.6548681366064927,0.07608415913265339,0.40096180012733756,0.08543657865218171,57509.053040931976,0.1937177923949888,0.4882912437645879,0.037666973007553235,0.15235941625328636,0.644327861794468
cust_6831c682,0.8862934495726762,0.5706092519317175,0.42976531403837914,0.28410597961362083,0.296690691449152,91811.19021962707,0.13734502385412012,0.2824114115203352,0.20529501284986582,0.08854075117610086,0.8798352505765434
cust_b5bee300,0.7918760674564801,0.538947456598624,0.3184342084742888,0.5072561017483611,0.18773769619423966,2589.8482536937145,0.2838089565626768,0.6482543820129999,0.20370988936647388,0.10471410105490643,0.10077941396943575
cust_5f50747c,0.7058779003015238,0.807120874382,0.2965632438277415,0.28121991146976916,0.2690885676518552,95062.02019964368,0.11101868809384138,0.22469097305289457,0.10922732322248853,0.3425335669527677,0.6335550213223208
cust_563728e1,0.5783269279177579,0.766609560457176,0.6774523568108378,0.454659556601151,0.10898193897613433,141058.206138063,0.3282563998793306,0.23971273366962997,0.3147602531668713,0.03743039483928733,0.5385064911341616
cust_5b91fb00,0.9760093622772833,0.6748843344015845,0.061555703754226254,0.3700297932125839,0.1338563955646613,41054.05241722228,0.1818886439416501,0.8149281815157061,0.029374087537612538,0.5751960339703582,0.0216911459833678
cust_5e76414e,0.7570643710424398,0.7219426852096559,0.20963012930474437,0.5072082043559271,0.37707962114961213,28473.98737531271,0.7012472036359652,0.6067956310998049,0.15083982257296963,0.35938579209004357,0.030736871279289233
cust_9b3be452,0.603326110603086,0.3009444787375128,0.5910737857264604,0.4224291042157034,0.164113876215533,45822.64617165776,0.42074031580688714,0.6315339199432761,0.3632366467899614,0.02846028286987757,0.05651511798564188
cust_58fecb78,0.8755951146016355,0.32815289432687095,0.5232311932377584,0.3836562578806258,0.23057737210585946,8711.549145358022,0.27022151616026513,0.8777735637806288,0.25721898831625795,0.25319185894187174,0.05558567117308884
cust_4e1dbdb8,0.8110786955180534,0.43316986411866054,0.16449666747389566,0.15490337870436047,0.2422090297494137,6284.724053134031,0.44289175588808277,0.7020203306273908,0.09667354680551808,0.3531690341232771,0.35166231047630375
cust_a3cd47c0,0.6018090947545013,0.5511801381600784,0.8336142991068966,0.3435350937628599,0.08824863256028302,10720.484321807708,0.12334383804635216,0.586734445862606,0.47681608494040306,0.23540975592739757,0.05931418475913243
cust_07106df4,0.5164604373019452,0.6114564805262027,0.10766047152289075,0.3465271893286223,0.5829131556376976,7902.017789559198,0.1699031456257101,0.45291081453901194,0.0779023377992591,0.4942277777538895,0.12824985426366087
cust_95ab80fa,0.6570827395346707,0.6376350412395998,0.5820638808241528,0.56434969732343,0.16322962193299903,2936.1916932809618,0.39023241897266414,0.17237177231625767,0.28563665454456794,0.4896356881203776,0.24186203540299653
cust_c2a4868b,0.33139611481483,0.7166313898557689,0.18677845314881325,0.3778368047071108,0.27266954213357064,18505.979098353455,0.3665703995017453,0.5798666069556285,0.06491179616097291,0.1744687724234652,0.4553812886017049
cust_fc944a2e,0.833743322275192,0.5749379328341337,0.44624511484538887,0.27021460691439314,0.32957782110888434,6463.164999567105,0.1900328177388688,0.5251756995686009,0.10043621231448364,0.46718462221394813,0.030994965195909142
cust_a226b05e,0.8037277289191106,0.6440962432840929,0.44425476536576447,0.17827431838037403,0.1069069468361573,217408.38780559425,0.6271759069771048,0.9503366047758425,0.22980468569246265,0.4506887500702908,0.4070890211397974
cust_6b2d4b5a,0.7101125687812598,0.5566187752290231,0.11474187231790511,0.2871645634268374,0.17764231359490268,44931.55897524228,0.15488127612727334,0.4746886606084254,0.04863195503132885,0.16622401996996053,0.05600806635868673
cust_5332150c,0.9887850068808611,0.7211331355572378,0.6609246306697721,0.41295673589888543,0.09603263611887161,5659.656383182924,0.5591460381916374,0.5874090246369988,0.31286129901606774,0.15151825808850444,0.04062174938340199
cust_9f6f86a4,0.8105167457785767,0.22844208868511737,0.3871533754632219,0.35333979631622947,0.27015935497022586,62864.388257649756,0.6835683380228568,0.4075831323529791,0.2614558887591317,0.08959422892955742,0.4992678287133459
cust_62258390,0.8588529393840464,0.5610434200239602,0.5623411041307461,0.663680023464215,0.24686065226677364,8559.891165225908,0.35704206390014726,0.28945287867794217,0.3880259469838798,0.27794613436838245,0.0192335429723529
cust_4f94d69e,0.9556661321172191,0.5678363722688172,0.37770795306035004,0.30574222147408364,0.30389445652742963,62781.97811035121,0.17407263575471071,0.8523628453476814,0.21015284934480294,0.3133425072624635,0.5071042095581323
cust_3524330b,0.8283928990830737,0.5216045252551189,0.4006363662975312,0.5570749530435243,0.3859297527065775,58652.82184635695,0.3039721593792427,0.5324756398089403,0.3718102424986097,0.1510751905648827,0.5546600232742622
cust_3f279c59,0.5795986536378349,0.66332843359154,0.6283055250491091,0.10246688116199833,0.23774846534704555,43231.99218453464,0.1415428679944043,0.5438649289741577,0.3443642521954018,0.25827528435315666,0.05501538554852778
cust_eb08dcde,0.9245525047841724,0.4770063918114903,0.4434600363484134,0.07835702140530248,0.11849503998117837,5850.395400954505,0.2535316173368855,0.1926490921905435,0.25353751390005247,0.11192080337162262,0.20660193460496337
cust_311cbd7b,0.9083418448890992,0.6496483675514995,0.2231517832523769,0.2457460324420741,0.06693771418666113,270.03923130685087,0.2794882206687187,0.4125682455045933,0.20817066722809052,0.1267542909814341,0.2657574529183722
cust_399a15d8,0.7214277190245294,0.509528608578295,0.39065773302893586,0.44721530308035634,0.6248171691211093,34586.966945416185,0.1443294798068742,0.2133248678320371,0.21866027743724517,0.1724572591620349,0.07118879264653301
cust_40d00822,0.6745829701149715,0.7569019205900166,0.26715493184864375,0.16877119583858868,0.4137219124449828,325631.86172492814,0.017064411518254493,0.36762288586199127,0.13388709086429154,0.4794887417045872,0.29701468643720813
cust_e92b81a7,0.8216456656435178,0.2082166841588514,0.6907212369982965,0.1552996767238553,0.3821852250750566,11927.995081318413,0.3394837243280814,0.5444162001585614,0.11080741199786784,0.024079632533922292,0.3053696663617178
cust_361e91b9,0.9358887773120295,0.3305692612303495,0.8622233017793971,0.24157559297405398,0.32009859302035926,102757.42491168347,0.2716293105155751,0.8466986449909844,0.6754855398284092,0.15724179229319535,0.6547701050664938
cust_d3c8b90b,0.8671972911525225,0.5613642476467154,0.38542346960412904,0.23048314106373724,0.3520144082411125,7990.59033713295,0.6094203751002276,0.4288752204126241,0.2090954981237362,0.4440647062464858,0.16385047593753582
cust_25296e3e,0.693276522323773,0.7420867080352499,0.6757890511601036,0.2805748498212928,0.4294897574834429,96339.82467679365,0.4584587283049534,0.6234428836109087,0.6055806823574388,0.4025092029786983,0.9333145285680903
cust_bde8cc19,0.8256807704169355,0.3210804453933588,0.3636917092038418,0.14522836442223894,0.41963906947687635,37255.76778638318,0.4234259832091694,0.6353847433000276,0.1048054619879462,0.16096866321412784,0.002026968232849879
cust_e0b946a4,0.7637192668982349,0.8074823781392867,0.11518546349039108,0.13835872253535236,0.1881820148986071,9751.023694405518,0.16242828684871966,0.4014679853391824,0.06232280553711194,0.09371656048052009,0.14858457549755016
cust_11186cfc,0.7350801238674296,0.6379361084696155,0.6305235685413174,0.05130897260968519,0.3495060173579413,158285.45318155875,0.17563570672645304,0.5373840285431475,0.5643912944154389,0.32415141400427167,0.4117119725230326
cust_e9320c43,0.8043765228736324,0.3718468310000441,0.49690626980537417,0.5108614088505977,0.4972467388705502,3131.144842546329,0.5656508384763616,0.37538094724267074,0.1146678163785735,0.029987570810436976,0.519064465132053
cust_282bc9cc,0.8833071198182794,0.4458857807047637,0.1543759603360997,0.21432158746443947,0.20628367945573228,695529.221700339,0.49250541653186886,0.3255836938048514,0.06133318675101309,0.3667936361204615,0.6094733460852951
cust_f1ecf46a,0.7542684213468673,0.6603096482953379,0.6157441588005931,0.47730892719897583,0.3269859058269761,36533.458394714595,0.08341091413318395,0.6957369407417229,0.45169818566945746,0.35759825142891083,0.09481842238752919
cust_a5bb1221,0.9210592856101703,0.8048118884822463,0.2644515187757738,0.33921306400148077,0.18591136897952115,5993.699258007248,0.08464434275259605,0.5732668459864144,0.16837758224637836,0.47226088520433107,0.4829421024980913
cust_4129a9e3,0.8143144137705025,0.19112597007456936,0.4982207581143289,0.3882247573373076,0.16942310814703399,11519.181958311015,0.5234873920771652,0.5712922896645978,0.17557919864143978,0.10245407335015448,0.24789403897511625
cust_4fdea37a,0.9184282080335109,0.7910675865270489,0.8235416182817826,0.12746075329768217,0.033469793487725046,47101.489316317966,0.5413053368407297,0.6367633420502954,0.6916044864516179,0.5379135997169453,0.013156607723185002
cust_b6c53999,0.46919231134237627,0.6809536452549194,0.6023930536186901,0.07720859314155894,0.3536146261030394,224744.7555143976,0.6143814118830959,0.6777482933985941,0.48955037699092246,0.4783923133975405,0.8901327778873134
cust_6aa4528a,0.8815031350798256,0.36420832135267606,0.6034150053836399,0.3228902315498108,0.12470772756912593,29149.950405868272,0.1187255754096663,0.237309731304947,0.03332726165239443,0.1721511028286019,0.0060057230206914045
cust_8a05af31,0.878458930004945,0.4882673026357565,0.226720039515196,0.47028484271178145,0.1672550665444312,6570.920121836818,0.22796802010441145,0.7791433624859269,0.10786516070306551,0.28026303314765044,0.07870545528015384
cust_5ab7dbf1,0.6712261843946422,0.1709145424108509,0.21778470270785122,0.2670320777014246,0.33159510793668473,49111.730927046454,0.2981470270421346,0.5561632222725102,0.05670658713754678,0.11251389211348266,0.26602022296586264
cust_db2a6653,0.6700513931982566,0.16616094474436519,0.5841024390426705,0.17457483042042413,0.4903740321992783,24499.268724830465,0.04456806796508629,0.30288328509802787,0.4149739654382434,0.13142987333716147,0.06461438628154559
cust_075a8173,0.942880424493338,0.2703019788210625,0.2840243770056614,0.055688654407117386,0.750727510205848,211313.89243567328,0.3582936692445661,0.49946165896573663,0.15021591930043024,0.04807501241952014,0.6763689661262511
cust_de03f66f,0.49350779420378577,0.297463936548102,0.4029276930533817,0.6881535251793772,0.2718147890956217,18187.367162484436,0.18867837127206985,0.8809688863770677,0.23281406661988222,0.14355903188548783,0.0206782468050236
cust_b31fef71,0.7022971571961305,0.5262470430457412,0.3328556631856903,0.2693832243969013,0.4046638185023615,31563.647824704185,0.630531364933906,0.17254722169765213,0.24895833723983096,0.17045748967959407,0.13822075509944048
cust_d79f5394,0.8349894784995283,0.19508546748757982,0.5351292171505593,0.3245358270455215,0.591402590627685,28602.994450987448,0.1584484861047285,0.17098981477441486,0.09520502145636665,0.17610526336940455,0.37117556347923536
cust_e3d0a51a,0.7789005793478986,0.7453688206534894,0.5219612018449988,0.23819026421968306,0.6988880410680627,124059.27837206147,0.18396436243386188,0.5498003574899775,0.3709513712262364,0.29865861664012094,0.828290314992429
cust_d8169aac,0.8635539710936888,0.6692626114808509,0.28845627785784406,0.43292022785643275,0.618801632316491,12089.70570873128,0.24891777994585412,0.6215149577208408,0.1396352343996507,0.47417855392094427,0.09474484126690119
cust_c62bc187,0.8831009526949755,0.5458296408299473,0.08956382045778113,0.48442935959487615,0.38782226920216917,3900.2492181217513,0.22393290632421173,0.5046222798164494,0.07061171650359045,0.3205989722480165,0.025263122767846688
cust_25b7413b,0.7440539588293069,0.6549399615048721,0.780055866210328,0.47845536790231064,0.5935288289927451,12800.005687412298,0.28899260567249324,0.7585319194030514,0.35721012860273,0.45119329519833784,0.14084979692684954
cust_f1be1a3e,0.7682128491369523,0.32700622934076257,0.36261346395011157,0.5162301919584167,0.49338553615990305,15719.038277552101,0.2486109131189909,0.4990583822965089,0.300492704523724,0.21459229190580978,0.2879812240511783
cust_d610e6c6,0.5794229339343321,0.2702437089067217,0.32695187654106145,0.3630945676102354,0.14899576602973105,7326.804881542425,0.44881349577798546,0.23107355832215148,0.23507610796922151,0.06492126250891479,0.11679471358884568
cust_3b0d5ac2,0.8571464407912427,0.6688013525371393,0.37876749666886217,0.30703305323513747,0.3565111978895141,138000.8786176016,0.2887160906782841,0.6269242269740638,0.2141145246077705,0.3526944017392269,0.5104511447957105
cust_6fb25ae0,0.9436669443469042,0.3983723056422247,0.4187991982691827,0.14043437824817243,0.44547781213142734,69291.70647442383,0.2626437794982644,0.5530345991094754,0.09891051289509713,0.09013291042261697,0.7966147789935865
cust_c61ec589,0.9463636349928481,0.7552533804368595,0.8652978001740819,0.37442112723810905,0.5785504565948953,21911.39140613177,0.43883577561780257,0.7670878603495249,0.6457282808951443,0.5223196550740862,0.3217168014334091
cust_3a5804ba,0.7040436113398558,0.41961795001854224,0.48612309058932274,0.21996502844089422,0.14406215134010195,1525.8614346067136,0.08843256545475467,0.23265909102847276,0.423568902032459,0.048547916179311784,0.07617176912993016
cust_93eb7187,0.7573573395320349,0.4369318397006351,0.3286413828608172,0.2194145380325672,0.4267033183557679,122109.10711322742,0.20547738046729414,0.16933079334514098,0.22392191137357112,0.2929348487441953,0.452801723134595
cust_96dde55b,0.7347543889019789,0.7120555682808349,0.6328252232018903,0.5067568709416851,0.07850824155050659,67091.90474198812,0.27811514576565566,0.15835121392693224,0.45688102469539843,0.3133423759582235,0.6823024400745968
cust_ed6dce99,0.7973754886122328,0.5600060399789667,0.2703143544973193,0.1787206623335155,0.15894359615882522,39906.9077757221,0.33977991447433414,0.2948643195407789,0.25035905964579197,0.5136540717725854,0.3042561811187606
cust_e60d2331,0.28974477906279783,0.48526209226890993,0.6236067835814182,0.1715651159732597,0.38872346951320036,129871.69086421345,0.11441280648411047,0.2868128688455203,0.2259555285165774,0.39337595622606536,0.6086156757459978
cust_63b6ef3c,0.856417413431313,0.06993862922788527,0.13623024640641065,0.2660209564964399,0.1700014672336283,2302.2695357824255,0.35617018108451165,0.5915129589921743,0.06728694575461017,0.03797385954369384,0.24232804645317962
cust_663acb26,0.7904217433591667,0.29365416489272944,0.2774200122329067,0.34867573402735275,0.19205019046409247,33374.10824426209,0.5404684562418101,0.44949363222255284,0.22733183435136556,0.21172751224003758,0.12565218465638384
cust_956e5dc8,0.6914873474185472,0.6282883071956581,0.2687319174509675,0.34270349003507206,0.2371526940549185,3592.928997941705,0.10198924429577619,0.4963470884295127,0.10295851751125094,0.18869043141264683,0.22225454889669657
cust_18153a11,0.6490553105883615,0.6387019564063768,0.490633551901624,0.20287087234959825,0.1692933767057476,53912.201187780105,0.26283281139986886,0.3800270065140129,0.435141740118272,0.27338053332779677,0.8339135478162155
cust_e2e8eed6,0.6218770078498053,0.6255878343059165,0.333317893872345,0.4638034441976851,0.14092242320814083,308330.0175107578,0.2316852779843408,0.2647195887268399,0.1690181355917513,0.11695083752400322,0.9118863896005427
cust_bf38eaf8,0.9165617477904668,0.3457452984835679,0.2598685997302551,0.131369597132819,0.3127706372564586,6218.939790867326,0.15112460027454383,0.690092927557132,0.2015022371823266,0.1510817337382477,0.08026268415988803
cust_f0c52585,0.7741683623190467,0.32953350527960173,0.6940317113646289,0.21893814914010917,0.345269236714059,15779.42037993111,0.317702251247251,0.9387789468430159,0.5058434673011611,0.2847465410617002,0.03722127743670672
cust_9e128d0c,0.6970484665791038,0.5712531215126705,0.09264284405090929,0.2835810785811501,0.06492224739693751,544437.1875512219,0.28169504952942404,0.5051330977728747,0.07982891567136818,0.28303365223269306,0.7167724855029443
cust_b44288b9,0.8377661789821281,0.5214589127777941,0.5575268928014334,0.46694690878290473,0.2357679584621121,103794.3113951954,0.447954087707766,0.621745885158771,0.3330599635700737,0.4566302364749635,0.6980537681173266
cust_1cc79dd6,0.6555754908654753,0.4019537686026917,0.466354533618204,0.463364809220311,0.31876025322523677,18653.179702608675,0.3753670121477644,0.41101868489285687,0.20317929531730897,0.08607964776861335,0.021602593273624415
cust_96014fd8,0.9191676573611915,0.44312717541680685,0.476526276050056,0.6895185325000904,0.44145904160956617,6964.784500675109,0.3202198813099474,0.5222881995676719,0.3915357293979624,0.1508948087340788,0.15121401851749355
cust_b7e34ad7,0.9659048582749509,0.10985289853722452,0.3486283830618956,0.4909876894961279,0.1894351530457708,498340.13841113914,0.4465098439572278,0.4616892451448408,0.19453668476707747,0.028737716482688937,0.7853575092477335
cust_8fa4b91f,0.7661117884469579,0.1749569633774323,0.27753781357135937,0.24792970316524338,0.16048548063360987,1048977.6878285436,0.17487533937276073,0.8326727614109042,0.24404652357991707,0.06089188429896119,0.6701889266671599
cust_b35242b9,0.5432077885152897,0.5005849602626987,0.6270769229940267,0.18551470246765495,0.08643002228291227,103236.32021504322,0.03146541397832975,0.9188779399622947,0.30349253003004967,0.44384067965182394,0.5875269046883257
cust_9c9cc354,0.8335794989510065,0.5797205952871202,0.2781747365002554,0.3931981990706778,0.4521281449429143,24705.137226335468,0.4116557637823813,0.46124702002921614,0.16690120365541106,0.38696136332080416,0.005537401400951548
cust_9eae0fa7,0.7870896348794195,0.431051860610227,0.1717393325469477,0.37816803340882255,0.45279132659828897,7762.686608991433,0.4210207597523559,0.4335622732853654,0.12875515144866045,0.3060899208294078,0.04953318065886386
cust_b6821342,0.7276751777567335,0.4118243954857569,0.3249195460606485,0.35549297423871845,0.4946756279670262,287874.8220572313,0.24871059851783153,0.7747751111975719,0.190479877861711,0.18487654699746828,0.876180173040434
cust_7941c61b,0.8784811241178375,0.6131518301606758,0.3284987227198484,0.12198138943661196,0.45868992126144825,6076.135024546856,0.07078741464312478,0.5835455413741891,0.1515455123839635,0.09941184382778855,0.664770079550734
cust_bd10bb1b,0.6689954955651528,0.4054162861641864,0.14951635990108392,0.026313557544825512,0.328207215143602,63534.60055625735,0.2418678003181093,0.5241842382535344,0.06681537755782921,0.27156436695525843,0.16424401493197863
cust_347071b9,0.8536420482252508,0.7763476042782007,0.5862416822745018,0.4792940731016643,0.3959823744940231,124769.70122652072,0.3601124031288869,0.32060132210479364,0.3087073433930672,0.4112523020604962,0.3530588426675146
cust_78ced1f7,0.7282375430404218,0.8171588787461943,0.7094002675598706,0.36765003253324585,0.23277500350833832,1157.896941615955,0.2123679618905614,0.7731749427751169,0.3850288463635906,0.7602520909483421,0.023194667777488676
cust_29e524b1,0.8658085059041015,0.4386572103582048,0.2973047429523585,0.1018080730755995,0.5705078308406323,10964.098568211328,0.3767171275552174,0.5511177560150005,0.2169846206198226,0.28834112717029187,0.213751176132662
cust_99e1ae71,0.6031544790113718,0.23227479322718875,0.4384052206466398,0.5587511241808409,0.41067083778202884,1340.3969882477033,0.3503651963730747,0.13221640858958142,0.27077625669331695,0.12900309549305025,0.09375966470344216
cust_0b21da7d,0.4874550871761603,0.7148259105750492,0.09906077897913915,0.46336293191378836,0.5388223104195656,7165.576406694054,0.6175818282171902,0.3527038672866876,0.06791281186679435,0.527985503635526,0.3205412924470589
cust_b51f71d4,0.5834217913197522,0.6673608885578024,0.20046337336716238,0.26995724427717616,0.49959694335950133,1271.3390541141673,0.4309421293452523,0.3229085172256203,0.060264789511938234,0.3002824100206811,0.03210745187400998
cust_9c2f9fa3,0.681515864830708,0.48845376959374304,0.5156450302713845,0.32532564581086665,0.31997080717221477,65251.92818364274,0.22267317217084132,0.33849116730555806,0.30719703147679334,0.29808848984978226,0.8935989557917994
cust_bf3fba5d,0.6302486794164546,0.695357921736875,0.049717073516869825,0.2943789733396726,0.43680379975530975,7441.926435547575,0.14773271313597608,0.5639976763828985,0.010089589102572384,0.3342156840921095,0.01922845753568442
cust_4f3b1f6f,0.6788682740823364,0.6126693682861015,0.245665655788353,0.2100658621856242,0.07517568935137621,645116.7957872379,0.2540049213976805,0.23766562458866497,0.13753159807226842,0.03384635794269829,0.7273005461572772
cust_1615ab13,0.9495320586428563,0.39059376462309026,0.28718035094932454,0.1557331589261413,0.7365025818714303,9858.338111918143,0.3865498037779922,0.6818193424786486,0.1190782094122979,0.35761573645829864,0.07084169105524644
cust_b92f2ac5,0.8339256214177915,0.60508176985056,0.6023760719018446,0.3596876214276562,0.3964267035364097,212257.1978619764,0.13932116295878016,0.5661077656095952,0.3851019064833818,0.22808005386379995,0.6863838023872315
cust_1be06eac,0.9431961746645171,0.6047794493341526,0.18724068438431013,0.14720333249383374,0.5188358035473422,5045.771464085982,0.24528346002085855,0.2805712558165118,0.06126638088658192,0.36172956229278086,0.0220657721368294
cust_0e83faf3,0.7882039011540463,0.7305088713324794,0.3726533411245973,0.09079505412808844,0.3614745955984814,49348.626084034855,0.45379512745878076,0.2958003354588782,0.35460160247244654,0.48831865722793116,0.42989440581653354
cust_d094b314,0.47885155600359686,0.19105396290165522,0.6616883371653463,0.4284351615736174,0.22522084832011408,4099.512779114526,0.520093495906171,0.41409327193911544,0.36838695052223913,0.08358288477807627,0.29643525912038404
cust_44b329ac,0.753153718760881,0.38290513933098425,0.40953824765545266,0.36769058007126537,0.14212809646331998,8520.171944136107,0.20803682901264464,0.6401463973774749,0.15117586625588805,0.19574546615414504,0.3111432837827573
cust_6f435e12,0.7229929620806687,0.6240231531272175,0.5574980772117759,0.5025083782638838,0.5518002641003898,34625.12637233063,0.1790201996348348,0.4192679107827141,0.35943369052422325,0.2875001252472039,0.004648546250141806
cust_83265f1f,0.8974109651767592,0.08292287702624158,0.25165305751968936,0.4033862929131154,0.24531195932528624,963.2734175052575,0.4850285449823767,0.46008355853391275,0.07739643329032124,0.02021975095781838,0.14823007752362927
cust_c68d5b1e,0.6477808306424866,0.7243846254560429,0.35730242875230617,0.4086638337123459,0.1370522945211629,7525.92631775716,0.11824611056451546,0.48296641834457954,0.22891681583200016,0.3447343875067276,0.29331436639365044
cust_0d7c6ab7,0.8368799350262248,0.42745494937130696,0.25006069124945884,0.17735354279278068,0.6277148190535393,9785.820462572668,0.2849659558569373,0.4250456397143365,0.12638049276420105,0.10688252346753696,0.4010735698388704
cust_b2dbe4d1,0.7458307826227152,0.6048345592433328,0.6291896784438257,0.1157493575491835,0.10203885620921002,6322.702306920967,0.7294572578729159,0.7624985214354987,0.49626901778878674,0.38507893922684594,0.11351899683005734
cust_1ffbcc0e,0.6178434997754062,0.16170908483077123,0.07177158518132165,0.2127114709810374,0.10147453270068005,31041.92423645654,0.2872748293039322,0.5794745486360343,0.04959823383637042,0.13231266490981686,0.08569091126211542
cust_83e9b39f,0.7923394568095841,0.5944991864522325,0.36607962659530463,0.3995610127318243,0.43531974479632,24342.635763749007,0.30681703063976223,0.6985577441734344,0.26402245796467455,0.09933728358006082,0.2539673668151642
cust_4fad2965,0.8479915796890936,0.5221914661472351,0.5935256835659859,0.22417353426196776,0.48550560282548655,3145.4155624688174,0.5568671853193664,0.3648506097345657,0.2993254759073463,0.3002696986592532,0.022630338787731588
cust_502f21a9,0.9856957400569643,0.41139561043154615,0.5944935309705491,0.46281965406786496,0.6709150625379716,199208.77344175294,0.34163294666290783,0.30888101211935004,0.2619171811549055,0.17690134916980504,0.790858990467092
cust_83fc9aba,0.922852499869799,0.6714870614434498,0.47948760890068365,0.4095792121061234,0.46672646234115445,58581.01980580782,0.252586477587933,0.5619642598664075,0.2910631038129578,0.09556244850966196,0.5352567355116511
cust_c0b9746f,0.580064806958581,0.5035349037837096,0.22681478213125958,0.22420784957955003,0.15070821341042276,13255.779003803022,0.4699292420957164,0.31565381366530576,0.11433695073662901,0.4424213501065227,0.1348564253764642
cust_57ed59c1,0.7392382879939111,0.8101979886635742,0.8223134078380047,0.06880639160199216,0.6997692240096834,228697.44862778994,0.19420551946410036,0.6396452767105874,0.35221983283916963,0.34283022909023925,0.5405819347045171
cust_358dd88f,0.41966353786671845,0.6392693121899792,0.37989042206657797,0.27534909107272953,0.3621315454870593,43263.28056315078,0.1448337280891697,0.11810296414653657,0.1799543354624623,0.1944119748120007,0.37645233576464
cust_ec733af6,0.7344566685210243,0.6908464543933722,0.35759788938234427,0.3134125764661726,0.2613132523424778,37323.538593651836,0.39294567604496594,0.7157924883960404,0.13458208605439842,0.3032855430221042,0.07871832549882764
cust_2adef893,0.8152669338847262,0.5731717467279306,0.5784162430501445,0.3905543122342201,0.033677040641491456,1434.267171845038,0.3030657888756478,0.7220777515635765,0.3053631711075924,0.2878284867637084,0.7399118724746514
cust_46d90596,0.8607688683376912,0.4526454607456577,0.5566700192598751,0.13306154751365307,0.19813144053514678,41299.448885559555,0.3749667010984705,0.6747339000109582,0.13468042581024747,0.005498458243847154,0.04677530841743915
cust_769894df,0.8766984006486698,0.5575821892085959,0.7082045204169259,0.32901395841075737,0.0833985849524351,9838.478600837536,0.15984214322015358,0.6645752675243017,0.3535258290017679,0.30825041796525887,0.2620558858402679
cust_23f127ed,0.7229438227258307,0.5096172037170205,0.4047667697222619,0.239862052632455,0.1555270383238764,90003.9244913391,0.5315401899661105,0.6089166067858824,0.2741577795454677,0.16738619561557977,0.6935254317897224
cust_0b367b86,0.6515555347392998,0.31092539200049346,0.24561624739780116,0.10035713507532819,0.49973506396358847,2307.49230079168,0.7137744202783315,0.607364905133472,0.09182627372847105,0.17202327157036362,0.2894505560663196
cust_17a03370,0.5950262069578364,0.24919325576732815,0.7071331764720982,0.19834086304804135,0.4188678167409038,208549.68095255387,0.29043526719536944,0.3419570596645179,0.5533979015724202,0.06597718283500813,0.9627850235370823
cust_0c914338,0.6241059540574289,0.331148710976769,0.5805066629079076,0.41180241826071895,0.5056403064906616,10897.884110656045,0.2837238203075353,0.7642646145544882,0.3317517345218811,0.06029912304880244,0.10988949823411562
cust_e58bc472,0.6276577939439694,0.6030050690086363,0.3499829333188673,0.05618952996746765,0.26969013087329086,11131.782227967811,0.32708759456940056,0.5676717253449779,0.24208338389850992,0.5062540386965674,0.4523777995522279
cust_a493d9a7,0.9064447896563705,0.41089517558525,0.6664004264235617,0.15089313147222397,0.35500163100798937,17670.468100195427,0.0798284319617392,0.47701802150810635,0.4137095139851914,0.17639581389200054,0.48995384605396847
cust_6f1a3940,0.7141761594365754,0.38648310301877026,0.6683677642694478,0.1295873417819441,0.39560785770112805,28242.534701047727,0.44353687144237214,0.389258617383549,0.4852242508833023,0.3712087333086753,0.1182470677711344
cust_c70b4a8e,0.9675591370101152,0.35054647685260293,0.2484829226698276,0.35171843433779976,0.21828884869229034,993.3101277212044,0.21252729980524743,0.3070047174293509,0.09743585833665927,0.12317691747785349,0.0611007443048475
cust_774b6106,0.9161935246633047,0.2719638497561267,0.5029748543651013,0.5947093885870783,0.5255783399550382,10470.374652880968,0.5335265865650908,0.3602248420918165,0.19305265601571509,0.17011044378474383,0.014116576421399409
cust_7f892070,0.7867512584575153,0.6357602173524851,0.3617255014951648,0.5002159845856138,0.5313980800040696,3267.5906494930955,0.40001385513561166,0.8407583650502524,0.19718060535840962,0.44746162932166755,0.12130362514859871
cust_0f2398f5,0.9301182856554284,0.32891324069428796,0.18453547676031623,0.18136111976475097,0.29835942937825577,13536.78316187096,0.15726849968211332,0.6223306326707274,0.10688032665887273,0.12940814587323698,0.01289233463637889
cust_731ea9ab,0.706904798574143,0.24273902315176799,0.410580021328014,0.5922760701085422,0.6040526534326555,5098.619622486511,0.23532766514944062,0.4799834365256012,0.3397653052739555,0.18641507251397826,0.010560480838381256
cust_100141b4,0.6720631226173628,0.2235284051987291,0.4057178914957642,0.34806593947905495,0.3859802150336172,7241.879025275241,0.346797637901283,0.34570252120334455,0.3223336924143633,0.0783341711814403,0.09506091664523952
cust_bb851292,0.7065250881779058,0.482065106962689,0.26533796386955727,0.3298340478778907,0.5569879753026724,28590.682980737325,0.1907780900518356,0.48078630112119863,0.2388146538554301,0.19562026897687812,0.010674398995309737
cust_4f532300,0.5661391719568108,0.38330087370161875,0.3824335087369908,0.07777195350359849,0.1308640445643063,6456.778210908702,0.09691214928477893,0.7609690875237891,0.1885601180182966,0.2100828345159366,0.008354083095532854
cust_530bf72e,0.8395081842306563,0.4745285484928006,0.09051998980970548,0.5337057566013649,0.12191173755416328,562918.3018044814,0.4957688402493876,0.3945494934505096,0.03947266910711016,0.2513268257253814,0.5722753510991587
cust_42ba2339,0.7380325955950632,0.3321748329877766,0.6822397223091367,0.2954264781955635,0.4947923139742056,25978.26654091048,0.45308451036912856,0.49562316552331814,0.47778843683866207,0.12326289856717108,0.05201025294804953
cust_4cca97ae,0.787625416351396,0.4725304809639989,0.26747203415557663,0.19822410274828087,0.5296167990504705,28910.56891069693,0.15165595762067186,0.5568396170708291,0.1770092532921985,0.39949897880335505,0.44642189580965586
cust_6f526766,0.7216321543050611,0.4462345568292061,0.24799541040893064,0.23223336049516644,0.27524559115663416,622.1597281177345,0.24038145217059592,0.4915653722958998,0.07702525282793182,0.07916453775987753,0.14462868490415495
cust_9f1639a2,0.5440683327341368,0.1562142023093866,0.43372940256606846,0.15234152328035083,0.35946566925598733,27083.996280508018,0.7188554207518403,0.4133070692725402,0.17842601893295687,0.029394815765330384,0.10541009243000878
cust_c993a6bd,0.683914226741373,0.1881782099165758,0.40296395553377706,0.2949274385160207,0.08022696043908872,86477.61998219196,0.2934089539137344,0.5474540010509098,0.2802896289091204,0.10016308558729378,0.8441894529436502
cust_fb77dc76,0.6772033030053352,0.7947644059157163,0.43914471489642753,0.4423673282914816,0.19778426557300594,1338.979761877255,0.3895749949086271,0.3813579848277717,0.24138288163263696,0.42849242611740973,0.2709943642610574
cust_ebff8be5,0.8709073898397824,0.42968912400891435,0.6835957012374324,0.3723993295938028,0.5961959651647601,15116.420758974655,0.27768196870766887,0.46554751337464717,0.47706387697807945,0.10860922612794063,0.014334923119675973
cust_a8f300bf,0.7530817794525356,0.39536236376244993,0.8130692085239066,0.17923719641953081,0.4679800549679454,21928.13515826135,0.17459028635340307,0.5420772219726036,0.729544968345889,0.29441026456993147,0.12461177521762247
cust_feafd3ef,0.9165171318354812,0.5616525681341317,0.4528762280046698,0.21012084106764126,0.4150340468369018,6395.7090862903415,0.11610321130721706,0.5284343514094271,0.2432882208921294,0.4264327122198529,0.22198005208003216
cust_38b0cd90,0.9157940258028833,0.36254367205556903,0.17189306904180468,0.2379925498887473,0.3468899773311142,5009.11694225344,0.40274882942385515,0.40413371126574765,0.11975660614237861,0.2177214643987939,0.14161547546686104
cust_efbdbfb1,0.7264719707452165,0.3105181144886212,0.5326108402505426,0.17555135534957658,0.37728153851862095,13958.911808977171,0.1528042729848439,0.6283195027054,0.4731808036408597,0.12856327982971877,0.21695210334563286
cust_2dc49fda,0.6040848000736813,0.6571106635070976,0.24358052693012716,0.39085308070985997,0.45093032097752406,1673.4574966866653,0.26499257007343535,0.35560686891155857,0.1003450609546078,0.177698431384576,0.020693042984108543
cust_93f7f775,0.7954919286718926,0.19959512995955295,0.6743927445881946,0.2128768532553572,0.3709551619579641,15618.52687766933,0.3234023498252512,0.44244900308591084,0.32181260078690743,0.1282940225028323,0.06463878882118398
cust_793de84d,0.820631896865013,0.49087255962677323,0.3790314461847906,0.5477759064473201,0.3510693070849657,2839.6256949185217,0.6121720842089778,0.6211736083646967,0.11765564666321049,0.37096597679887283,0.00025028358928858973
cust_18fbccf5,0.8111844956329398,0.6488591438005392,0.8183476043145113,0.21200532927945262,0.16253230873273763,9989.413089192041,0.6282256734768554,0.8284914449733505,0.6770885840795821,0.18792623593208335,0.11987435989494535
cust_ca4af691,0.7297299025582096,0.636432684557527,0.46426961331219463,0.1665954573272698,0.4487542233127566,23351.327147824988,0.27249630133608627,0.420995687803266,0.3328852717070377,0.14330973257260538,0.03465104411509121
cust_0858ba64,0.9152910213600223,0.36454372108139393,0.31610886412678735,0.1497705268929757,0.37248081964871255,6318.507100729515,0.5306361125227373,0.7384190555571982,0.24575319339850032,0.16500873688448897,0.0300557772429323
cust_f7198250,0.6193356070680073,0.4368403909207779,0.31598440283726303,0.45743827295742195,0.05693466626997367,2068.553744423763,0.16607133884118452,0.6015842283707322,0.1162929808477424,0.2572671977007088,0.22392937231627502
cust_904c7b1e,0.9573999329491355,0.5111691713679722,0.025599083516488,0.503796300510312,0.3587248985317183,79019.59971268968,0.7360657729589489,0.6414959838803151,0.01172800844663136,0.11027990170504463,0.37546584732669297
cust_8f8c8550,0.5912826802367281,0.5512056373384707,0.537624810515631,0.17525202864727288,0.2693432442569508,108157.03810363478,0.07749770883488145,0.18659755833189776,0.2471456989143303,0.37199597869443035,0.921203489414739
cust_314048ef,0.8869884385912711,0.20412158210617146,0.6519636180419311,0.3707238872417517,0.28650459204613216,11991.996363626684,0.04778283603748938,0.37176292339803096,0.18419756694799258,0.1341655973637108,0.10461309211078273
cust_260f3cc1,0.8344897557719044,0.5096606098876244,0.16985751802943105,0.5611341202395427,0.4997772986580058,5046.2335078205215,0.2979754897608346,0.6686620489186885,0.14055292755686327,0.12127575769917495,0.03904917040715319
cust_4d12b7a5,0.7000168821727042,0.3814179426647835,0.5952054402272007,0.1192365710929471,0.16061336988298763,34488.67513538452,0.06983258710580692,0.16283401627067004,0.21341856950040186,0.3168491979743028,0.2897648820493551
cust_3747cb65,0.7821016659831362,0.4286324438562859,0.34612281965061464,0.13275303400975985,0.3374207625505295,12654.963958165605,0.0990642813293017,0.7983599912640708,0.16046532274274686,0.40956124172185776,0.13820326743557998
cust_71f2f170,0.7218642469402925,0.18451426904941598,0.41673131911061007,0.24602912083123793,0.4185683444442129,86565.0370362822,0.18682170263771186,0.6732049955415512,0.3360415558663938,0.06933120799136197,0.8183862662421825
cust_17729e2e,0.7677711576829623,0.7212754034346867,0.33704248986782637,0.15278273059170625,0.40314187711507254,8460.81319434055,0.273877434327287,0.6553345769107354,0.24163893799425423,0.6739987105384427,0.17445074155886967
cust_a3e201a0,0.9206165880195811,0.39657754603325157,0.5959363799703673,0.1462804269616103,0.09699099896746165,125287.88521296246,0.12415428634430122,0.21357140901056104,0.42524229514823253,0.08403085650343683,0.6647956201794133
cust_05efeedb,0.9425132221088762,0.47047970020150043,0.44431808292871117,0.20198288214756072,0.10599976895927646,14580.630904752536,0.41524376678056796,0.5159704695673862,0.2694366157839649,0.08545673297169036,0.2175490995118498
cust_731cadcd,0.8486774190943838,0.3802602318588075,0.28866854287970717,0.08125557153901182,0.047607460161429124,16378.520995959172,0.2593933616211483,0.39999134841489026,0.17468376539182393,0.2015554987335493,0.1046828223363374
cust_91146012,0.8942166405234956,0.27846262079710354,0.0788984466511018,0.11803356176821098,0.09975241126779702,16748.33263981054,0.36047372760530527,0.3692342946567815,0.043705785988753215,0.17376962307148683,0.26554363314832796
cust_7cdb6b4f,0.5589204840149772,0.39311934735664933,0.19549219319163888,0.27410345204221,0.2944041586914988,12554.462280701286,0.3832257566616515,0.2770665946554541,0.1168160795505837,0.22100692340809566,0.04436116553674399
cust_11dbacf4,0.9145541507893774,0.7030859402537802,0.2282154799532575,0.316355987935975,0.586516561700707,49308.09423989229,0.22714955148067545,0.3760192257040306,0.1612790481744604,0.05121244603739839,0.23554849141495174
cust_0e98edd3,0.680039016903053,0.6359612542197185,0.2245032908737964,0.4003954915604675,0.3065226988800889,23788.25387042392,0.06021720183734868,0.16354998886974403,0.20200944171506027,0.5621500653010749,0.25314711684027613
cust_47778dd5,0.9917802260784456,0.48334375689811776,0.24458569070384262,0.17919142246140077,0.26260840043940564,17592.95198049067,0.2813145434061407,0.7220237746278464,0.1567228823245667,0.24096292157390714,0.1547410286418378
cust_dae2b32d,0.4859409381647743,0.6990944280552925,0.16723511614470857,0.2847580795703784,0.22924036885034127,44982.71140694868,0.35738311368962566,0.694890951133282,0.031540224862339074,0.5363528039925289,0.029628494972280643
cust_95e9b9af,0.8240771032763572,0.284213185311361,0.6173835913807497,0.5169816109282188,0.10853551382996773,29090.713808959586,0.462558703181578,0.25172265368161195,0.28598147568483373,0.13110701856675142,0.03400085294924669
cust_3948a585,0.7323542389431569,0.40646869384175965,0.21428804555725892,0.04559502905433774,0.3000893570741599,36650.10917793874,0.5966236744105337,0.804518036184121,0.10293281057244481,0.3219906635719587,0.09093390484182692
cust_c8e6f2c6,0.9291999967350397,0.3382337097157975,0.7047095258995343,0.13696419838437698,0.2279718123605856,2795.859543255541,0.27581134799232976,0.8656017998794772,0.4457289088292709,0.2567807555949008,0.12953381005137493
cust_8ffe068d,0.71799895031349,0.47362092423484414,0.06008773666177893,0.03310639739038489,0.24951653143685662,178004.6884960957,0.28909777938826164,0.5889817950098098,0.05315578926963089,0.12779412308711202,0.3387853387876789
cust_00459b75,0.8459841044747315,0.4389498203122162,0.22609290395105497,0.07957456647241089,0.2762985350565316,37747.98493508407,0.15973654058038614,0.6676547296137313,0.09014740436648234,0.03030351389701819,0.19968346415501081
cust_f1d34e15,0.7661769733886337,0.738471933986562,0.07436672847628566,0.3731327335905284,0.20615883859942175,14408.551376952495,0.16497217146440427,0.28753324982956985,0.039949458378901376,0.17838545991767904,0.14269086893220334
cust_ec2a8150,0.7642711935667063,0.5629893039969079,0.7465802726486843,0.21114498193441678,0.16072762519676834,48255.69105021276,0.4070124874714182,0.2610191379860751,0.36265748662518427,0.3047930534715195,0.1688725978493427
cust_dcb987cf,0.5099626249178848,0.14157659805904804,0.2912966171678303,0.4470260871970424,0.1479696268874622,12737.040782045915,0.40147603757081907,0.25359581181170254,0.1941428813541557,0.09989372183748059,0.07780101850947405
cust_883c0d7e,0.9416077597671861,0.5654302727874226,0.33922475460464324,0.07886793281993254,0.16514499162659485,370505.6929750262,0.447745904244289,0.2735965798842069,0.3075100201823422,0.04762671946071198,0.8128314931005409
cust_92afe581,0.7691359467819908,0.7107706031119272,0.7716622933875545,0.5028352035600503,0.6561872947143773,48922.80909940193,0.27467635283939046,0.4033995519041025,0.49469125858314705,0.49893712842098087,0.00992661705455256
cust_04e02582,0.8481560400405512,0.31295017338963993,0.46604379346015307,0.3153394721145117,0.3360236063526705,70922.61412757232,0.19237869104540922,0.392714254221147,0.34966891240213693,0.10888794913913415,0.6066855907654594
cust_54718f4e,0.8088330956391013,0.5883945448310067,0.303316930723637,0.4618290108210789,0.05636142896265553,111968.84819474604,0.25502719798613516,0.7183765428773967,0.23530722826547765,0.259701549893251,0.5806075820867955
cust_17770183,0.854562777181148,0.5730562521218553,0.35163361999702647,0.1574127972344194,0.31532898720832514,42538.64960234444,0.18279252036886348,0.6312097485328653,0.22599025080840512,0.13717713006753535,0.19502114452182928
cust_5abc1559,0.7515429072375213,0.6325836499354747,0.33266515520336476,0.00688584629189759,0.25620470048530214,10542.696300277188,0.49231192609485286,0.3713707691726737,0.2879406638590059,0.194702064914269,0.22760016493636512
cust_8f0b4e86,0.6430441864699121,0.6756371952670353,0.594679977229572,0.33781405423818184,0.32202727945349524,6797.6652108955805,0.24771401614536123,0.5880072615666871,0.3819973594646457,0.2178065164726583,0.1529156252651847
cust_d0350162,0.7476645538713217,0.550666118063455,0.4183779869635023,0.35774279271609216,0.1406909351138326,97896.44284694626,0.37668716724822443,0.457394745507636,0.31213102227408435,0.31011781835844904,0.6834331273441617
cust_e9f5801c,0.8559652019636008,0.7832314079925076,0.20202129042534053,0.14459234381160987,0.15554541692914042,10317.932667339503,0.5316448752656212,0.715466361853681,0.12349172930357875,0.188662467844086,0.3594392587168529
cust_c9d757eb,0.8650861109449463,0.4602540221950788,0.41839569987763336,0.35650552465146473,0.23724444845862772,132947.43063973406,0.2406182697121893,0.7656717982566819,0.2629842685631779,0.35601376692977343,0.3287330508068735
cust_eeb22649,0.6144027623586443,0.7716182028989308,0.21397932125508037,0.562590290458994,0.32696435555563763,34185.14036139244,0.39129540421997466,0.2610567595288487,0.12684645579938728,0.186895672689746,0.5318613092652641
cust_d154a51c,0.5839047495949312,0.6656433516501543,0.27931219694142984,0.40730035153197247,0.3611749120415431,116159.51092641395,0.6346600671836051,0.6238866312285327,0.12736960021830082,0.155261082706774,0.7965868124647891
cust_7dfbd478,0.8070055315262633,0.779543955265462,0.3448991499142689,0.18534944244951357,0.04318100213394162,12251.387356274732,0.5300636359387919,0.46025100799248153,0.11321249548677133,0.25785463554868315,0.10774741665539808
cust_89d83984,0.8913726706743745,0.42120798698339207,0.19281865532764333,0.21217891427667898,0.5773232044079896,7772.858923679386,0.29723041741404327,0.6348305890043392,0.15255287352687696,0.15105736666930128,0.08214537988173418
cust_8e3694f9,0.4148805357230863,0.42230663019011516,0.28343168986437745,0.3824584648833427,0.13557050410870938,4642.188769797438,0.17189790120826143,0.47884431777027503,0.13854080431306537,0.23363633850495455,0.10648462090776402
cust_023c51e6,0.6107553811968963,0.19616939367490216,0.3353198610180024,0.30895998099657423,0.3477115950909221,26319.91548979183,0.5147981821158504,0.2522389458225715,0.2724916225218872,0.12381010413272461,0.053902472456131424
cust_47bf370c,0.8144688189377596,0.8805475175045906,0.21560349683276903,0.21075907814914832,0.40512503355084184,165339.26987454825,0.3225714682208764,0.21371369807939997,0.18593412632180645,0.6750358132659977,0.5750291454106408
cust_26a19dae,0.9182666093420597,0.6755623894085029,0.19289243712086881,0.25089482480442005,0.2681345691552233,18790.07348365386,0.30907326622939363,0.32223723683864,0.14558634958432845,0.18370177886340555,0.005717075588162881
cust_0c3357e4,0.5369856355722509,0.7343087839395387,0.336074641370481,0.20400758233351304,0.1790142896944633,11935.405775627743,0.478049732832275,0.2718816322691001,0.2763268746129318,0.28870550758650987,0.23186713029817088
cust_e7906d94,0.8808420634793165,0.44804742199929837,0.6234975643744132,0.28085082706208525,0.2927997197812767,5070.7134379334775,0.23893906090232817,0.19514774180539085,0.2964940226889221,0.05343463581077604,0.36639367872942774
cust_9e3e3f69,0.7555514512981201,0.4670985606885487,0.16713164762554905,0.22257642921999526,0.3424476223435068,15167.037401681135,0.4133942616801068,0.548860247118483,0.029142355511748798,0.09345985281022769,0.26979528201044367
cust_7f7be821,0.7443742550551986,0.6574554708554471,0.4326279387767861,0.11434622343419647,0.34978661971972336,4903.701983575573,0.5337024097102562,0.50064580009774,0.34387020198672547,0.2424177321284048,0.3137656824742388
cust_59eb9c2c,0.4337668708202441,0.16505896236357093,0.57425917387184,0.3952827739888857,0.22081097473121167,97502.83088927648,0.400096233494081,0.4821989619494137,0.24874215144134548,0.13054696991469678,0.4379007365305007
cust_4fc9405e,0.5893993978672509,0.5383390057750241,0.0999946463346857,0.31600900178896646,0.5444946333482142,4968.601430376698,0.7459648646728837,0.3946119432256654,0.057614083546228656,0.0846248363722674,0.03191055428507481
cust_109dc3d8,0.41889437270913443,0.4406554066327176,0.30650412744711736,0.30509175638002806,0.29589699837786276,163942.88659791625,0.5568763297763384,0.6778827365808366,0.2345594457382477,0.20616488383494103,0.8246225521959853
cust_ac5d2ccd,0.8595942219277712,0.41712532627673865,0.2716753753006628,0.16860297694098636,0.42120330346065654,2136.131368507163,0.4222059974194497,0.5365812950312759,0.26638717424047026,0.35902437679766674,0.05075488154934086
cust_03cc54bc,0.8042068607780684,0.7854901545825025,0.27830769648007236,0.1302987697591941,0.2984184002077249,20511.541593754075,0.5621421685402072,0.12402257028727097,0.14972930562656683,0.32603669939933033,0.21214559434225766
cust_28824ef8,0.852631510376488,0.1972128847708274,0.10966006861766346,0.2325980886528343,0.1902499165423078,9657.191644017394,0.43063096490167496,0.5811099326740308,0.06951110386742029,0.12946936466248046,0.055544185411379364
cust_f85e7c52,0.8425322618954765,0.15145636180750727,0.2674507417567897,0.6253082161185421,0.23721079955706761,9194.781866984882,0.3618631839633823,0.431818542765033,0.2091007244458488,0.05546908980453998,0.43947337480430665
cust_d4b03846,0.588017969909555,0.6397529084290623,0.1758571707240945,0.43493721686724773,0.4005684802193541,168028.19035394368,0.5256122004755182,0.4998396301880299,0.0675060499675854,0.08873169320313427,0.788457465624938
cust_f527eb43,0.5581128970523185,0.7571222003594441,0.8053345530926327,0.2780260103929997,0.07798827314714096,22053.3678274113,0.27464828044130046,0.06551176850399469,0.4613054195897718,0.43680456204380663,0.4041625549152787
cust_778ee14a,0.7933897404798752,0.7135383484437481,0.508769958386876,0.19521503766190312,0.6796336458462408,3205.094973126945,0.368327315620072,0.3144331909249194,0.29996400165433357,0.5555870202024057,0.09002951035942268
cust_b67166a2,0.8336678381775358,0.3114137422524419,0.39360114414477615,0.34188377158529165,0.08041985832745906,26721.23533950888,0.3291150771360683,0.450130431059535,0.20132315460322978,0.17988628451338848,0.0208252066939234
cust_bf0d0f8a,0.6779970129499718,0.6924751041617117,0.24186692971020757,0.20898755759382218,0.4469044584170209,17506.142283692465,0.42180992925159483,0.46996208784591936,0.1480089689896609,0.3219788954197191,0.15643560624611963
cust_5922ca8b,0.729019935454421,0.3577003158812815,0.4306786084785196,0.3065462533336722,0.48890919309356473,23460.663498104775,0.45341566569146724,0.3905658815418355,0.14650053547176425,0.15487546272801656,0.3364865581868706
cust_fd510efd,0.6675192110609129,0.2552738303041018,0.35768511953342985,0.04267384898634412,0.22908563945971402,15992.196800151394,0.25913716871551573,0.5554260819573994,0.2976599565778405,0.037514629848244725,0.2861791284750113
cust_fb8a37b1,0.7907777742430855,0.6603947233501557,0.6421999451841248,0.1574164893731143,0.5174235024782264,1175800.893652756,0.6164753474108027,0.25880084764534933,0.6289658691886046,0.08070820987148376,0.8305378003602676
cust_58575db9,0.8143452407464334,0.829456034851893,0.3359709408280899,0.34885226716834417,0.13416676777800718,9504.767539659835,0.7506351530143728,0.6657464103812936,0.24336190729600712,0.09248504523256025,0.23678868889535168
cust_c8242195,0.7927837411672839,0.692967794561279,0.4061640601815028,0.5863838432472418,0.33859832705066345,13103.562056002365,0.3917586331501648,0.44885757725243125,0.18247189701711206,0.4660760145946484,0.18409110197775305
cust_83e7ad34,0.7751559763982447,0.7293498991966033,0.6619299190497658,0.27086578034757486,0.11484998275916407,13438.13286113079,0.45323499570391784,0.4167861793506491,0.47831507366364007,0.5381377307665915,0.16022746795670828
cust_beb99c0b,0.7227869928627123,0.5158643745667434,0.6985353706970605,0.6148387202652369,0.35240297436360146,59666.661608041584,0.19511090758444916,0.7764907550301041,0.6143512887835106,0.25394754972507294,0.7386918859163047
cust_f87d39f7,0.7925824687647195,0.8558466619021723,0.6198961618312027,0.17004782809323918,0.35281003064974675,1247.7672539406476,0.5118989714561678,0.39357509404943924,0.31639404022720446,0.1520472235065079,0.03979859335648453
cust_4bf59c76,0.7247398741297996,0.6790240644004575,0.5732070083038354,0.15720786471627224,0.2590794805888657,190518.4161254977,0.4462543582722685,0.27554118750567924,0.4172877401034474,0.41293100690248874,0.5526260190928874
cust_d052a848,0.7516773305992602,0.6627965730907797,0.6190832657299894,0.11230515783348452,0.6080506342932928,20591.153785572915,0.10749252144871899,0.46416375432448015,0.45263816192939493,0.5226742389222254,0.20129414484025293
cust_fa19be6a,0.6064237993529232,0.5484393582767373,0.20333976398424403,0.5402479983217727,0.4896498911335588,61848.70171101617,0.39813541162175914,0.410223758041975,0.11966242941107844,0.3413845477331811,0.8300282602467206
cust_d6f9a3ed,0.7533308874149943,0.5924016446922966,0.3292768390278045,0.11229443268080745,0.30401059130645014,40801.962049038724,0.35902292421368526,0.6972394942165083,0.21345861735312735,0.08412465219524429,0.04353602465881524
cust_cf3dc83b,0.8348026209233015,0.4895739480816757,0.8091096317007704,0.4199326682603451,0.24464580582269266,24136.77499375358,0.3022724852874107,0.32050459359306943,0.689384318807169,0.3402392081554969,0.08659122826606735
cust_e4a3b2c3,0.828664709675091,0.378033988889722,0.20777532382243957,0.11467514977020185,0.4062303547468388,7412.6076222056945,0.2012179451490119,0.25151588920850015,0.18149215426538673,0.13924461088270293,0.08204277893868554
cust_871f4234,0.6835529921501022,0.45295243218733067,0.12351980001437296,0.21887751640390418,0.5123177561879384,10302.45402821817,0.2737620488876465,0.48833246034929434,0.09978510401058041,0.24906740276137132,0.14052860620068913
cust_44c3231a,0.7491741153201723,0.3164469134885768,0.15388154455264105,0.21931563414231608,0.1997175137887565,5482.688653122898,0.22494870687216875,0.517899401789074,0.12971236450800536,0.21274550013220087,0.45086471572157205
cust_71eef9ff,0.7800164666923974,0.5168460447597492,0.6119648433935203,0.19131619826876178,0.4176741070430068,6966.94439016203,0.5089363391134756,0.41673630028556113,0.22869488094912288,0.19677451976856175,0.11676766021091148
cust_ceca8d5a,0.8624216857890451,0.5915838615689298,0.3618207002585027,0.2812895409275156,0.4887566442755816,6194.212669737478,0.30176734851390813,0.5930095148874027,0.14067030245664716,0.5631632071621673,0.22585797611983388
cust_da3fd4ff,0.824005738813158,0.5217684289595387,0.18324712142032282,0.2703408492929924,0.497345935811778,36317.14809856096,0.2010971285029026,0.24554206362092898,0.1037860532142062,0.4437224011003479,0.15082959186185887
cust_a91280aa,0.948175223374597,0.5994690329088491,0.21451142257795625,0.1245584874910926,0.21770336058352222,486.1217983898736,0.2062692761547777,0.6899275757056044,0.07322442210064546,0.16876234426839057,0.2873443979416086
cust_9bd41eec,0.8987222926961859,0.08973322858526853,0.6740666792111689,0.21071431745506086,0.32175193898809823,19201.23636813166,0.09252149941938205,0.3505006705041949,0.31421207381309485,0.018641419224849097,0.3353611710181737
cust_364bb52f,0.8393972335199267,0.8016335227806313,0.36976418370018244,0.30309499471696605,0.2905943744847577,10701.693552110113,0.32546184164356257,0.5267241276710205,0.19623367468838881,0.6478580963683643,0.043453187216274475
cust_77eda7e7,0.7087031591717866,0.29394061345606254,0.15379496462956938,0.23554329978553437,0.07598557441624125,3686.2343454433053,0.48099726920780916,0.4999975335761146,0.14176868530628406,0.20194053074833668,0.04156277969653018
cust_c4294064,0.9177754490269124,0.41396442259444766,0.4943034031511072,0.6435054301614399,0.07421237304938216,96055.14561262776,0.19025813573070322,0.7043113778915485,0.3671432825207854,0.02572363231433711,0.8560663905741083
cust_00f9054d,0.8303915606771469,0.8292274834198466,0.15738458679821934,0.4062613377699293,0.28816474893393973,4795.164872089498,0.3086782665541701,0.7497262516084326,0.0707650060536031,0.37553622154368776,0.08135398750481314
cust_9c65d336,0.6159709551175715,0.3852700533340121,0.4056349940613796,0.29389064909888585,0.1871879401496854,1009.2229706684367,0.32625176071410666,0.5693121670453265,0.28709362166506364,0.1342641710602291,0.03223266774774488
cust_7824513c,0.7760519490113656,0.2835302851657563,0.475223785099981,0.6693536162877617,0.436526608771361,118123.35939516728,0.2312020317533619,0.8476505204561011,0.3206240136341375,0.14073078207069487,0.6918299409884748
cust_1c14c0a1,0.632965284061232,0.6306537137876584,0.7481118610701736,0.10584983371006414,0.14726888315501083,152941.86530653297,0.21396993304899614,0.5906110544274878,0.0975259148824836,0.12905433098506763,0.7980036741671555
cust_22abc4eb,0.5032544729917726,0.29014246589965115,0.2166183740829996,0.5134300849040612,0.694755717201113,2396.6915359765335,0.3240372659651591,0.5552291883997582,0.11657517681374222,0.18545527770962122,0.16707631381443389
cust_b05285c6,0.8703183222517312,0.5112109030650599,0.4108066382765826,0.3014016592574202,0.18333387701044862,49408.77454880815,0.20851835020007037,0.5721333039651548,0.2766839475707884,0.07134226991320718,0.39132733416030724
cust_9e9538aa,0.682813120709196,0.1386967730146599,0.5656256701294261,0.044181301586459366,0.21527681240637633,59272.29437151604,0.27286988530414497,0.27290565626188396,0.4946018787682,0.07384262614865914,0.6930701229048617
cust_6ffa3229,0.5328973455749573,0.5432806174115575,0.17311580020923328,0.31941195418410245,0.4939267206919853,71487.97817064711,0.44837100141936237,0.32577410341013746,0.11102725235676808,0.08953366990996421,0.3766381632974003
cust_f0c3fa73,0.8874002790388611,0.37289943919221885,0.35321917193645846,0.4798524319370916,0.450671607093525,1007.5030995491735,0.8849609043027521,0.7638191977205175,0.05612434526830318,0.11635248563348231,0.07552930003891005
cust_35fad7d4,0.8779594856155695,0.29859472732967424,0.12792801647731317,0.0844938776084086,0.30451091328530383,1097.6310073178472,0.5048610564404334,0.6350541936311241,0.07920549886332896,0.07328525153638853,0.26989512634613555
cust_0d8ec95a,0.7785448094132127,0.6838088691712617,0.14823772237362057,0.08485474215654003,0.16467450330717168,27489.716601839926,0.1787855229011685,0.42268016617155046,0.09576384103321453,0.13593454051607382,0.12260563217626098
cust_b8436c91,0.8448751641195063,0.6676836130370789,0.6207640827224303,0.24705701989994905,0.6354970295767244,9110.753483304266,0.45341697616169035,0.2838919717205904,0.4913627460753745,0.4142043418019673,0.15957658820078552
cust_3ecc4a24,0.7714508538767033,0.4850099005852629,0.5730885363434629,0.21560772215541926,0.38072570986481136,5235.4787191378855,0.35196432940535,0.22244423013405137,0.4897197141586469,0.31632187698529596,0.17641153334342916
cust_7a9082aa,0.6248807834903437,0.5002065151151098,0.5607159286390649,0.1251181025109126,0.7225483315673954,29977.969875447157,0.24146167069480107,0.5603350246326697,0.41499823518784273,0.45470602872517324,0.10911145425256655
cust_78c0fb20,0.5525877439651514,0.18917517332080921,0.7321991728618062,0.33983240482620386,0.2535030490042575,4357.4199895896245,0.09999377028204437,0.7834327476108884,0.5468897377630012,0.09385150749553235,0.3148036054501593
cust_3bedca4a,0.9135867397504784,0.6887514430455692,0.6146412182949277,0.44705584312466373,0.240734648986722,17007.429108153006,0.26399346422348663,0.5998927671093282,0.5485332157441177,0.49348235455361866,0.4661878153056383
cust_6243d665,0.45843706405011286,0.48999587982339926,0.44840532925294346,0.03399275739214426,0.2779282143170919,34523.17965706191,0.06338697262477565,0.5948705542619613,0.1327484456928483,0.15291592422393888,0.2529256859044452
cust_2394162b,0.7031413655171943,0.7657964996893944,0.1559920690043978,0.2965507421978191,0.5904569249942754,71206.75664713861,0.3549514425837422,0.43664560956137444,0.13514428777790763,0.3524172232694865,0.6691301449418995
cust_f44f6f7d,0.7155821254725327,0.4620811483120971,0.19119431747301516,0.11339626768698777,0.32552902408589707,22064.52339477691,0.10161901169721295,0.40434842828764933,0.18467948374210497,0.15740222496930184,0.3128433851519791
cust_a31cdf1c,0.8174276755425712,0.33750406276673806,0.49988348036490143,0.10083175466175695,0.21122604356389565,201056.40929411753,0.5714149308919829,0.6276647276571801,0.29210438817234957,0.316519797847215,0.8033297180777259
cust_6c72a4c9,0.7973151724899232,0.5365891258700506,0.5214387899425441,0.13076525836119052,0.33798557762417863,28584.383940496904,0.3372214103135223,0.7261354359927058,0.22508758703533274,0.25067990416209984,0.09304656726684449
cust_72264838,0.9186843553179113,0.5203877458553151,0.35878340064714737,0.2873615341107201,0.5150474536136075,25726.561947365844,0.13291106872647732,0.47971122094663093,0.28632207468471627,0.417088432992246,0.027389853209627932
cust_1c4052cf,0.8863470642413396,0.4459807472000729,0.2602891310330139,0.6569668412631565,0.47055073140947007,21494.473753957132,0.06177645988022592,0.5007659754503728,0.24887088872719054,0.3577542839524001,0.060006515189916204
cust_da14a97b,0.9246109155435799,0.32431093251233123,0.19054338928669354,0.18952424574759114,0.2005690949510226,9558.430099945492,0.33093825843988656,0.30624318063874506,0.1478495027697807,0.13634036290998125,0.087889920949835
cust_506e73e9,0.7936413162729049,0.6812133544117694,0.06833214358448687,0.296674563355531,0.06911423460270015,216020.96383346405,0.32553209691824037,0.5439668536331718,0.04726375624505835,0.43940200955660375,0.8301175299585366
cust_46233104,0.2852038412713806,0.5516180409967748,0.43328013901035256,0.16403323975174677,0.05277095154544111,86028.70305706102,0.4639631856938383,0.4520923410102061,0.22569493291161535,0.22130458489128305,0.6577955517979284
cust_4654ccd2,0.8884226215377155,0.6943315024738623,0.4488290171873481,0.21445592835696348,0.3039230759647497,3866.7840333648373,0.034005080718763375,0.5116414012836284,0.4033168708064742,0.3866532548321036,0.3413777263946206
cust_11fa9f32,0.73496762545749,0.46821457368002556,0.47595254402903237,0.3535626134232523,0.282261683712798,26475.613537607755,0.14998446494344259,0.796656995435237,0.39718421042542107,0.2607052091902306,0.07193931184345832
cust_6983617a,0.7760999608548355,0.589043288440855,0.09906601018482569,0.2452174880463491,0.1434565710320256,132194.2350962975,0.2693794939853788,0.7940858120489217,0.055667135262839076,0.43202613229470366,0.7876309941959847
cust_7c5f4305,0.9507342184903363,0.43380813021346915,0.19961083417253087,0.44743455503141416,0.130446371285347,22189.048465397736,0.2603041892494767,0.5272991239429633,0.12103986545376264,0.34249209718509127,0.21414429324379164
cust_d5de510d,0.6893306599598417,0.5023226424237951,0.27996535721023275,0.24117241546187246,0.3680978779021201,12403.219759430433,0.19882388811485727,0.591268395520118,0.12410362091983784,0.1872639519871375,0.051125599850150014
cust_6a4aa585,0.7118879385106445,0.6205913606611722,0.4489599292941609,0.15908551933884127,0.3397353047053207,17739.16475077227,0.5704742631914067,0.6161960619542388,0.1162126115527772,0.20929079005708928,0.14518827031438478
cust_5e6cbeb6,0.663252072374868,0.7680673311033194,0.24391097475831816,0.2948014913651618,0.41369548074064294,2720.6824946770585,0.32986419851495524,0.2853744341812245,0.1090378011363724,0.6628598037798366,0.10306204306814103
cust_5f7a75c5,0.8778297560973448,0.5988169526384581,0.41893755564889557,0.22016421647077836,0.48385203451554465,9818.453214102825,0.5001883192707972,0.5197324910616044,0.40552306588596015,0.4250933305081181,0.01726825895811135
cust_cbbe4653,0.7180326097220344,0.08398457581298903,0.26087547599871697,0.30943221351401584,0.3673858023069578,9193.99681587556,0.3611180225004694,0.38529835607824353,0.09002890502310297,0.01834271054319545,0.04520479046504749
cust_6ea6ca4e,0.5806013538069595,0.5100376621801869,0.39981312402208347,0.05260075322965152,0.1730625345290229,6126.304946844067,0.2316328837874628,0.47582957351872107,0.29984453926157334,0.2126547188647149,0.08583786539821961
cust_a07a9753,0.8475078308444061,0.2762769176037936,0.4401563348609688,0.413954526286448,0.03407320082881152,39045.745671943056,0.1596772999435771,0.5292317238537774,0.40657799289845076,0.07608774126556862,0.09766963930979353
cust_d46024ef,0.6682842448611006,0.5434649274621519,0.0356153454039065,0.6568959398386163,0.07979824355774374,7317.904949670869,0.20502978242059353,0.3292454140225455,0.024093256019897726,0.1463951922246712,0.39401992513436757
cust_8d3a5e56,0.8883282755211442,0.6486348772709261,0.31260093971670716,0.0592986931263089,0.5039890406915549,18164.451245160468,0.2855736022330933,0.17417593449253405,0.3041969802368241,0.4022588371732265,0.36496976388100116
cust_e82363ad,0.6799640239503876,0.21843457098328165,0.7367165694098493,0.3245552729668526,0.18581766348722217,9660.004086263953,0.41632592498261267,0.1132608918539757,0.5785689375686149,0.11940267047318634,0.15563551914776924
cust_22fd66e2,0.8992274919861518,0.743947455165256,0.049554276083521843,0.39053358576207764,0.33363607498618303,32356.804984371647,0.46828938833055944,0.7807745571401286,0.03293740668531049,0.24053229000118284,0.11218338459107417
cust_e4998660,0.8908522651819963,0.7999240993817559,0.4385792267184101,0.41819720786153564,0.13237281212631513,3293.677115165405,0.5533902497587855,0.43802888549717284,0.29967172632260064,0.7404739606721202,0.350380724686746
cust_94982e8a,0.6703528816859272,0.6132934698412115,0.6044950653289003,0.33032190863132005,0.3349265372573937,20566.386538174505,0.32899595682381705,0.15049515393073107,0.23464751852214888,0.09978288178188606,0.20607211049873544
cust_18a60186,0.5199092287349477,0.2582199165790563,0.7395579015986717,0.30892910357072945,0.38839893950706195,541654.5275803356,0.1212838782423381,0.4668155329270557,0.5228477857502403,0.13400116649377034,0.6332366446616378
cust_17f424e1,0.8747776634222519,0.6110410710515681,0.7288191037809074,0.4276263545695988,0.2471067195988798,13373.371067366908,0.22537714276694085,0.3535227189188535,0.34750269762192826,0.06609406211924804,0.10245900773698075
cust_c88e27e7,0.8047366852682996,0.7879007953037913,0.06247464951473247,0.3574619037319694,0.47667072800061105,550.5262594324352,0.6508369766341814,0.4303705455785349,0.030172300692117925,0.2695699107215866,0.02615719422098354
cust_aa31d20d,0.8587247584732209,0.3227938722727341,0.33872371291406617,0.24458894731823994,0.4503958815322797,46961.112294153965,0.3218732593351595,0.6800167307490279,0.26962003264639217,0.1317028246048783,0.07258054669761899
cust_585bd456,0.7948132919203771,0.5552212694733482,0.07360005811029288,0.4096784002241357,0.419979719480309,8561.247279076506,0.618932636806151,0.21922431587820562,0.056709351587931264,0.2844702600115439,0.12153821735145942
cust_e02baa61,0.6443445100159305,0.559701683141754,0.4427019199633397,0.3248598314438875,0.16117820277184752,23906.765674346767,0.3673778088213103,0.7267389084186686,0.19563056282223162,0.38658391997445046,0.027411744021407412
cust_d2ec71ce,0.8927337620634291,0.6925340751144552,0.6792824843446782,0.5304447551267225,0.33790454430719363,24909.559695289005,0.15034994373296268,0.7069687239871333,0.32606735753592087,0.6224740342504406,0.4526624681941961
cust_5d7b59aa,0.8087861955335065,0.9533090932635421,0.3003886005677364,0.37382094566407087,0.2560519668917105,68409.04331258118,0.32033587311598577,0.24908330719541572,0.26972677689473334,0.7759615912352473,0.5372024074025255
cust_fc1a0c11,0.7877501007141828,0.2824957300914155,0.4523885930496096,0.02659843850514848,0.25829041399515545,10155.307269157234,0.33228884858709273,0.8232150876870729,0.16206990432329824,0.02792301295487943,0.05873230225906553
cust_760ca1a9,0.9239739422851884,0.17013322871824638,0.5461376667494529,0.2708354154463593,0.21914309992337233,4601.51309915826,0.382602792941757,0.7339448929246224,0.23222809055873064,0.009890026889504543,0.3960535675680581
cust_2b38c329,0.8733036940628232,0.09693044000118613,0.3017963247539434,0.16127709348543903,0.21843827859021012,663.9687176867648,0.17617252955803023,0.618000065910225,0.049259526444548514,0.06785135278513468,0.440271661122904
cust_501574ad,0.5320377493876223,0.353609983728539,0.3315777059014287,0.21673367038026953,0.10354280843108464,41770.77389471102,0.1867508317989677,0.8575527387736251,0.3131012595184322,0.1538820681651194,0.02683179556436789
cust_1cbb646b,0.4888063804372563,0.7047080740903274,0.6582945394054048,0.09199625936072087,0.5695749870880814,18905.694487588833,0.4755497665562565,0.6457481658087662,0.21068250403150426,0.2636640338778962,0.06403989508227717
cust_830c3334,0.9325328870659922,0.499348868258097,0.42487962484307745,0.22532905099597264,0.4197408205916611,47044.921996868994,0.3558037358585382,0.3397416363029069,0.28750916023776674,0.061429109275990136,0.0596323264446479
cust_70b6ded5,0.6881481285390016,0.784407647509899,0.42044415471581065,0.21463683145975732,0.23601004790614435,6317.392776325852,0.16865917305354203,0.7077774658924189,0.18807162436949373,0.6955145783199892,0.3926102611480677
cust_8e53e8d3,0.9631844578342642,0.5012962871965249,0.7235273906967553,0.21889436917710786,0.4801761616769404,119786.8427825218,0.1975537658082287,0.47417363546054,0.5296976870974237,0.2722767558976117,0.7731962310056648
cust_4d51b8d8,0.7484422349423668,0.5979293633379098,0.16032150321549812,0.40047398885575425,0.12107748196126464,131057.32422793473,0.6337449326132458,0.23046515419555144,0.10822160521273771,0.4657276698207563,0.7955180764737543
cust_2cb0938e,0.7396333365077483,0.3653747362361066,0.10615572505030738,0.16178773510139688,0.33753893575806493,254712.66040574832,0.44622735621533105,0.5561504601666036,0.04493138552048009,0.22509646952779558,0.46723217533321015
cust_7ba5cc7e,0.7080935483884916,0.46181996401428227,0.44915778222322006,0.44477620038869514,0.48359147616981607,4066.2497954827413,0.6205743979676726,0.3481922742680371,0.16501023310710894,0.265199279767281,0.024684066942289293
cust_730e1274,0.716409395641666,0.27002182296500776,0.4373459266216833,0.4279234972596799,0.17057618796246465,3858.383676003532,0.43880621337760617,0.3054452763554096,0.24205197361886518,0.19990191305927596,0.1432395379722919
cust_5682acfd,0.6432866953923154,0.5113544849021865,0.17845739197001123,0.5063250645967786,0.5432492450368076,96126.80476140643,0.6594583292407837,0.486989672715767,0.09416560129410124,0.10338715121261194,0.6451858707385201
cust_e3992b97,0.8051203537635847,0.635278642861279,0.17116878233529306,0.46996262557638946,0.057981739560825425,17633.197431765784,0.5949834300034177,0.4635151796310956,0.12435164542167056,0.30340540287761164,0.23170701075414218
cust_a0e49fe8,0.8298824158594731,0.1613258013164923,0.7531125631076656,0.101316189105831,0.20412455433985463,1288.6624416438158,0.39549519442033215,0.20535842932363593,0.4262762017433642,0.07846248714970122,0.15768786387849051
cust_a34cff9b,0.7839549206138559,0.6250438782920952,0.6492445772269965,0.17354674435652515,0.31979343395970766,12016.493961034628,0.3628215072182619,0.41740789763988617,0.20601285742863726,0.5126325187849506,0.11311808295914998
cust_1fb2d041,0.8874195776489215,0.1904623417188644,0.4585905490027792,0.36520449580834047,0.23152055723737364,128268.26665159446,0.2143294822733597,0.5545995241880566,0.3294880981728841,0.15538367294824326,0.3925956381677713
cust_f7f91948,0.46994646362829234,0.8236866965934628,0.35042077502825947,0.3427983787558459,0.13312466740687728,124063.86269604265,0.5607671943162371,0.6633511493827845,0.34585193078069804,0.7189156812684162,0.5720308187211682
cust_01591f35,0.9620527527958194,0.40910136779776174,0.708761824269939,0.15071858702667373,0.8559060742936386,2448.3469594990775,0.27820239656221707,0.7594260088224094,0.2581677195972142,0.05577255237864198,0.08838351113777292
cust_c4483dd3,0.8760241817072532,0.6513917177911562,0.19226237100389454,0.11495702385405353,0.2325314619033845,4838.629900350579,0.419779167759232,0.5550527499170953,0.08139340402841558,0.5899989778823546,0.16083828059862487
cust_dc7c6183,0.9477711179196534,0.6997193220825654,0.0906032986331755,0.4763650054221588,0.6296371120535615,66881.52624733064,0.42834553169096773,0.3645661741323556,0.0351672778589751,0.36430330475556905,0.4760939658737863
cust_2c0af38e,0.9211658271484193,0.517575344184874,0.5943298196113598,0.04133002357863441,0.19004379475171718,32307.958526334216,0.38045487387132926,0.6836117101255373,0.47248012926006566,0.2676125378204977,0.041398158926334465
cust_d6ad5dc5,0.8485386666256161,0.5594891389339468,0.46921775010425054,0.2782041605019513,0.4420512073239498,27713.394329634237,0.07060081316179673,0.4117368967184523,0.1896530301950396,0.053017841653882354,0.05274259425175859
cust_03752676,0.9352789119463305,0.4253263642230465,0.5152084301842844,0.25198533400671397,0.2797190488769573,65440.80682033177,0.1793668079337494,0.3138258235241619,0.4868897611500351,0.27097037113357886,0.799870902124447
cust_aa408db6,0.8191786418796929,0.44611276875938893,0.6528221758990082,0.39525867037770585,0.2897346448543357,14149.581667818013,0.4099174128696072,0.326581415101895,0.38940600593904484,0.19836956287832672,0.21116503814619145
cust_1362c44c,0.6561411341512616,0.20286307348187962,0.5640234581269405,0.10289433835839117,0.5296664757884096,21602.85421660373,0.1857855602349181,0.5807630002131094,0.21746901574193733,0.04259807236953244,0.2226276898492008
cust_66e1ae49,0.8615766401278935,0.35900800297437885,0.7350635002362765,0.06909684266621823,0.4206401899937201,30683.57554253215,0.10548176695874535,0.6254529704062685,0.43628354376001716,0.1794488461674194,0.24985945926794617
cust_df6118e7,0.7608947364765236,0.547298931173401,0.1494752532378347,0.39030462321567144,0.4758062869332565,40152.78775479015,0.6917788736004012,0.29434889785848306,0.12254663524957951,0.399175640476079,0.0882204663812975
cust_ddc5c085,0.8494923222081902,0.7983440216746328,0.8402885658448609,0.12820755802824355,0.09151263498367425,260668.8917017471,0.18106706688912894,0.26710684474475677,0.3610596270587044,0.6276968788709112,0.6344864088477441
cust_0c582c76,0.7560632058776384,0.09099397250990413,0.35301207677450547,0.10543336018877453,0.20336845526586886,88532.70142493864,0.48671706438600565,0.5413501879507873,0.31012544415928084,0.05598793688608405,0.9792826617512349
cust_61d7dd57,0.7976214452413812,0.4395655942106841,0.04832131812431748,0.18362672342813996,0.24910938717696723,30378.01198610064,0.48067060826893604,0.7405494034707192,0.034532161574449445,0.036680188416170746,0.1621109852108421
cust_ae2f159b,0.5766960791843638,0.7548522968665208,0.6236250852504079,0.1953821462776951,0.4509699286982407,29649.492031997128,0.33048596620060416,0.43742518611979125,0.19335621348243145,0.6168238797847826,0.07761791668617161
cust_00ec9400,0.7703099816079687,0.6386766892607435,0.25156968831279736,0.227060897076042,0.387246977881272,80039.42568773929,0.1346553885659179,0.32548411460071636,0.18052784465606914,0.1028326245080875,0.8303064027671604
cust_0c1e5d42,0.7779974201482664,0.5181419890446975,0.41517636757236803,0.2813148500299256,0.6350150395322388,569.2292095960426,0.30358829029318485,0.8610634369243395,0.28458201173620645,0.21572384695122376,0.21604462966291182
cust_88dde9b6,0.7220657848245089,0.47610345322190384,0.5054180958206862,0.37156905491970194,0.5018740368515662,364786.5993258639,0.16591047318549043,0.2209647588938091,0.27901015479555896,0.19850022186756994,0.814117682647256
cust_792889d6,0.6918677813805498,0.35721494679494664,0.5428049127160401,0.4090068764516854,0.42570634813061464,24598.93526312343,0.2430655292406652,0.347323863143381,0.31168454845505594,0.18957789153596166,0.14425580708783683
cust_196db1f1,0.6874975287439621,0.4417223762323863,0.14447774896105625,0.1561996080638241,0.12078031199744249,145342.31755276842,0.4235497573103276,0.23372577196378988,0.024834139329279754,0.2346701141472318,0.449424425512472
cust_fb3421ae,0.7748800365703954,0.7436219509131727,0.28811032677591186,0.40937266055779387,0.21746097701375713,1180725.7892162346,0.17315343906643157,0.49790578839346455,0.2035661098604289,0.21908318907447538,0.5431443206198484
cust_c4f3b65b,0.946369753020586,0.45588923810102117,0.39512694174972784,0.04227827159239271,0.3801740303695004,8385.83892601464,0.22593584062118746,0.6439647967021742,0.32764875732519155,0.13882029700737422,0.03190614530166715
cust_aef1938c,0.6621554258411024,0.6328406808942635,0.18745413740840428,0.1469720588190699,0.41112458282183467,71341.2451782415,0.5877716414263695,0.2543645122578158,0.06577211979748647,0.28503910041661146,0.6008095142284634
cust_a963737d,0.9022642799902918,0.30472097452184427,0.7354248465603357,0.27918902988034067,0.3635714930561652,5623.667646754057,0.2731380078010141,0.828439565965608,0.4765749756104464,0.024713693490034463,0.02730829289905712
cust_a509b45d,0.9036722637008324,0.6946920442536167,0.38359699617050025,0.4154250393521471,0.3860922735175578,2346.1516831325002,0.08398767324593454,0.6054401814617429,0.22744804163489854,0.5562650036268688,0.0721356484284258
cust_acdd0782,0.6011244706512574,0.5221140162662355,0.2103330287912194,0.37566456824641864,0.47262663806621064,24567.81341028847,0.5468613194588966,0.6962561992603429,0.17618882850544615,0.3160025934693621,0.11441892582323171
cust_a9464eda,0.4485561107471493,0.060499654363961125,0.5179358783162583,0.22191391779851014,0.4973295569007259,8997.683285529107,0.48859837400202927,0.5521656511930558,0.25459643364039986,0.016307605326032662,0.24663810320328103
cust_557e9f3a,0.6357371557534975,0.23284502149658942,0.42614968143281096,0.4033453086545479,0.1419148388292958,50954.14584762858,0.7952660304611854,0.3334581290311665,0.3683878726737224,0.214309521342926,0.5387067561050637
cust_7dec4faa,0.8029798042459226,0.611730248176553,0.408147209673793,0.6132896661559203,0.30671672642355013,20432.470639608753,0.2828669941700765,0.5623474013974916,0.37841392312338795,0.24867557168529564,0.04140993124752086
cust_5afeebd5,0.9333605905536781,0.5925337849572145,0.6165703026577913,0.4502935294893015,0.8877842274657911,52190.83204286751,0.5589481952265533,0.5420470964487465,0.2438697854671274,0.36328064879020555,0.7568597361520899
cust_f8ccbb94,0.6878205982905632,0.6220627389821748,0.5382789505536502,0.4457654922567712,0.46215191869437344,36912.16303785898,0.2833459354213459,0.7194505968578081,0.3769783001532587,0.26642308876675647,0.022932267549662093
cust_f6a440a1,0.8091580272445926,0.733195411449206,0.4228966264529554,0.3501003185233399,0.23371427792380634,14775.279654283517,0.5544402536770265,0.6485838218536147,0.29883295910772356,0.3218252031438692,0.0908742779618196
cust_57c74681,0.9820217438331895,0.5438063553912432,0.6132944464498101,0.27632170404412093,0.2264008383468068,145725.20241708707,0.7013033176512243,0.2807924781279198,0.37633477067882964,0.2576369904713996,0.8624486698438145
cust_7108db36,0.9322152551381071,0.3590928712001224,0.07453191672649558,0.21194250730229483,0.24145186723685583,41600.579777294595,0.4435037321982819,0.44381990825454587,0.027764755951513533,0.18424821388843027,0.18179000941787338
cust_caaf7707,0.7676077507126818,0.5923258236474901,0.4672398170654844,0.35331136173360456,0.2719363340387663,16077.151111332181,0.346546008643998,0.6658425984731703,0.2793190186946763,0.13798190966913837,0.34263936227150643
cust_de30ddeb,0.5578260242202612,0.5820117079278281,0.6846340029491245,0.11884947655299781,0.48321295852632307,13089.817614111947,0.12100253425590589,0.5795634253538207,0.5059381932851985,0.08459452455170145,0.05815700866912915
cust_85413d9c,0.45266540633616126,0.5284964393327817,0.25707472311630913,0.16407476833961182,0.14167536880742873,9674.89471340897,0.2809737170944446,0.5579769862586575,0.10792005678171485,0.3117735246900601,0.2782564040202681
cust_d94a3aed,0.8764792361106397,0.6748363232308962,0.25445620440990513,0.07978501542280318,0.0570351576760074,51428.46375606798,0.06050427523249752,0.47578451839314934,0.22379117463664067,0.3655502252372774,0.766173756063184
cust_083677b0,0.9696746510867383,0.24116985331825208,0.19242360412806359,0.4119447034331116,0.389107135123283,7906.908170436448,0.25407456744877077,0.8383424091479873,0.11607718828447429,0.10726922160610992,0.3504971336339836
cust_c3ac5d81,0.6498821679101291,0.730099768836282,0.37727915736957557,0.10897722527740278,0.4383075456175418,79002.57009421382,0.41845091223885317,0.5869128751464064,0.20301248275798112,0.14788369151476863,0.6217538620477262
cust_6fe5a165,0.9164845051557553,0.2351601849966825,0.03710789257206938,0.2697942528069257,0.7931057421145538,24422.875643755182,0.20363058580646642,0.5426460564538652,0.03296801773473951,0.16086411205090725,0.2509701731474105
cust_f81787fd,0.6333765644323717,0.8418848283184607,0.1692382968452499,0.22034204372293334,0.21277923513663322,7998.336894237318,0.6194625208747271,0.38689607683723176,0.13348283567683078,0.4542148455736073,0.05775982564160787
cust_3b161ee6,0.7838144287239356,0.17597800693577395,0.3118170560355358,0.5834844170598212,0.09433791239796299,14963.630957351208,0.6439779735479787,0.18101628193312608,0.12549197129571923,0.13716473710505445,0.12417366436832254
