case_id,y_0,y_1,y_2,y_3,y_4,y_5
case_285fc7d8,0,1,0,1,1,1
case_920393b2,0,0,1,1,0,0
case_a4cb58c2,0,1,1,0,1,1
case_f7498123,1,0,1,1,1,0
case_40b0ea46,0,0,1,0,0,1
case_97009af4,1,0,1,0,0,1
case_0a6424df,0,0,0,1,1,0
case_cf2ecb36,0,0,0,0,0,0
case_2f8fd77b,0,1,1,1,0,1
case_f5336346,1,0,1,0,0,0
case_5eb39edb,1,1,1,1,0,1
case_15993f65,1,1,1,1,1,1
case_9f2c08ee,1,1,1,0,1,1
case_26b6a3b3,0,1,1,1,1,1
case_27663070,1,1,1,1,1,1
case_3f61ce39,1,0,1,0,1,0
case_2ad32208,1,0,1,0,1,0
case_1e95bb02,1,1,0,0,0,1
case_56928446,1,1,0,1,1,1
case_77f138b6,1,0,1,1,1,1
case_15fc824f,1,0,1,1,1,1
case_1f789cd5,0,0,1,0,0,1
case_20330379,1,0,1,0,0,1
case_b63a8145,0,0,1,0,0,0
case_33f12f04,0,1,1,1,1,1
case_c709761b,1,1,0,0,1,1
case_5ccbcd75,1,1,1,1,1,1
case_6557595d,0,1,1,1,1,1
case_61177b02,1,1,1,1,1,1
case_b31430b3,1,1,0,1,1,1
case_ce344dca,1,1,1,1,1,1
case_4a7165d8,1,0,1,0,1,1
case_95e33a1a,1,1,1,1,1,1
case_a81154f8,1,1,1,1,1,1
case_c47796be,1,1,1,1,1,0
case_652e500f,1,1,1,1,1,1
case_8a701c3c,1,1,1,1,1,0
case_f5a62640,1,0,1,0,1,1
case_6133e3a8,1,1,1,1,0,0
case_1308a13b,1,0,1,1,1,0
case_36193fbd,0,0,1,0,0,1
case_e5d1e31e,1,1,1,1,1,1
case_71341720,1,0,1,1,0,1
case_a73f802f,1,0,1,1,1,1
case_4d7b808f,1,1,1,1,1,1
case_3eae65d7,1,0,1,1,0,1
case_c3f1b013,0,0,1,1,0,0
case_d73f2f8b,1,1,1,1,1,1
case_23f6feab,1,0,1,1,1,1
case_c0892004,1,1,1,1,0,1
case_a91e83ff,1,0,1,1,0,1
case_ca8a52e0,1,1,1,1,1,1
case_bdd3fbe2,1,1,0,1,1,0
case_d8100923,1,0,1,0,0,1
case_47dcffb7,0,0,0,0,0,1
case_1a7b96b1,0,0,1,1,0,0
case_9f74f616,0,1,1,1,1,0
case_40a169de,0,1,1,1,1,1
case_15f65ba0,0,0,1,0,1,1
case_a46e9c6f,1,1,1,1,1,1
case_8fc08aba,0,0,1,0,0,1
case_e994bff9,1,1,1,0,1,1
case_c5b91b25,0,0,0,1,0,0
case_28686b4a,1,0,1,1,1,1
case_2e9c9713,1,0,0,1,1,1
case_80252a0b,0,1,1,1,1,1
case_d8cf3bf2,0,0,1,0,0,1
case_9c67489d,1,1,0,1,1,0
case_980b1a5a,1,0,1,0,0,1
case_8c2ec7be,0,0,1,1,1,1
case_1324eee7,1,0,1,0,1,1
case_f9eb2908,1,0,1,1,1,1
case_09508114,0,0,1,1,0,0
case_f8284025,1,1,1,1,1,1
case_ddab704e,0,1,1,0,0,1
case_64765fc1,1,1,1,0,1,0
case_f67ec0b2,0,0,1,0,0,1
case_4df38d70,1,1,1,1,1,1
case_f202b732,1,0,1,1,0,1
case_167a0479,1,1,1,1,1,1
case_7f3cf83c,1,1,1,1,0,1
case_471458a3,1,1,1,1,1,1
case_ef47f27e,1,1,0,1,1,1
case_20cda53a,0,0,1,1,1,1
case_73f528b6,1,0,1,1,1,1
case_d7e94caf,0,1,0,0,0,0
case_cff3b891,1,1,0,1,1,1
case_64a255cf,0,0,1,0,1,0
case_611be51c,1,1,1,0,1,1
case_1dcf3b6d,0,0,1,0,1,1
case_0e8bce81,1,1,1,1,1,1
case_b6242ba9,1,1,1,1,0,1
case_d4b0d256,0,0,1,0,0,1
case_addc0a71,0,1,1,1,1,1
case_8d82cb00,0,0,1,0,1,1
case_1fffae63,1,1,1,1,1,1
case_aaa0d58f,1,0,0,1,1,1
case_1ebc1345,1,1,0,1,1,1
case_8f624a2e,0,0,1,1,1,1
case_a390654a,0,0,1,1,1,1
case_cca9fd4f,0,0,1,0,1,1
case_4f17f558,0,1,1,0,1,1
case_ec3f6166,0,1,1,0,0,1
case_a078f13a,0,1,1,1,1,0
case_e1ed35c6,1,1,1,1,1,1
case_d4880cc2,1,1,1,1,1,0
case_2ce655ef,1,1,1,1,1,1
case_8e0a46bc,0,1,1,1,1,1
case_bf7bec4a,1,1,1,1,1,1
case_e7d766d1,0,0,1,0,1,1
case_f81e1137,0,0,1,1,1,1
case_eaa95b46,0,0,1,0,1,1
case_78fc8e14,1,0,1,1,0,1
case_d98507c4,0,1,0,0,1,1
case_0806a1ab,1,0,0,0,1,1
case_537f75a5,0,1,1,1,1,1
case_d513c05b,1,1,0,0,0,1
case_f0ab45c4,1,0,1,0,0,0
case_c1bd25a7,1,1,1,0,1,1
case_2798aa7f,0,0,1,0,0,0
case_0ea7d498,0,1,1,1,1,1
case_21eeb4f2,0,0,1,0,1,0
case_f735d9cc,0,0,1,0,0,1
case_e1bc7333,1,1,1,1,1,1
case_ed4e00bf,1,1,1,0,1,0
case_2091ed87,1,0,0,1,0,1
case_66055db1,0,1,1,0,0,1
case_4b85fde7,1,1,1,0,0,1
case_bf31500f,1,0,1,1,1,1
case_1ccf9646,0,1,1,1,1,0
case_6cd01f72,1,0,1,1,1,1
case_e041b94c,1,0,1,1,1,0
case_86320514,1,1,1,0,0,0
case_386715ea,1,1,1,1,0,1
case_8bff1b80,1,1,1,0,0,1
case_47eff8d5,0,1,0,1,1,1
case_4a76be12,0,0,1,0,0,1
case_8aa90313,1,1,1,1,1,1
case_67867aa5,1,1,1,1,1,1
case_9cc46742,0,1,1,0,1,0
case_96482e4c,0,1,1,1,1,1
case_13198e21,1,1,1,1,1,1
case_cfaf1dbb,1,1,1,1,1,1
case_b2c6fbfd,1,0,0,0,1,0
case_04db51da,1,1,1,1,1,1
case_9e7e48f7,0,1,1,1,1,1
case_0cbbcf0d,0,0,1,1,0,1
case_20369699,0,0,1,0,1,1
case_a344549e,1,0,1,0,1,1
case_29ea4ffd,1,1,1,1,1,1
case_9f92335c,0,0,1,0,1,1
case_08ece6fd,1,1,1,1,1,1
case_95a3e1bc,1,0,1,1,1,1
case_d42956fb,0,0,0,0,1,0
case_c2626f54,0,0,1,0,1,1
case_38f4cd53,1,1,1,1,0,1
case_91998eaa,1,1,1,1,0,1
case_4cfa4959,1,1,1,1,1,1
case_90db067f,1,0,1,1,0,1
case_5ba8b121,1,0,1,1,1,0
case_e4625b6a,1,0,1,1,1,1
case_a7a097d4,0,0,0,0,0,1
case_6150021e,1,0,1,1,1,1
case_6eba40e6,1,0,1,1,1,1
case_f606b344,1,1,0,1,1,1
case_6f5fffe8,1,0,1,0,1,1
case_780afc1f,1,0,1,1,1,1
case_200e1b7c,1,0,1,1,1,1
case_22d99e68,1,0,1,1,1,1
case_81663e9a,1,1,1,1,1,1
case_90c23fd7,1,1,1,1,1,1
case_c9e19b39,1,1,1,1,1,0
case_13eb74d1,0,0,0,0,0,0
case_ef320ce1,1,1,1,1,1,1
case_71f372d8,1,1,1,0,1,1
case_ff0d2502,1,1,1,1,1,1
case_f34df223,1,1,1,1,1,1
case_f30d19ba,0,1,0,1,1,1
case_836d23a7,0,0,1,0,0,1
case_9a9cf581,0,1,1,1,0,1
case_9a6dd805,1,0,1,1,1,1
case_7d5c3a76,1,0,1,1,1,1
case_e8310b53,1,1,1,1,1,1
case_c8e483d2,0,0,1,1,1,1
case_01fa13a1,1,1,1,1,1,0
case_b7020b4a,0,1,1,1,0,1
case_9a6c77bd,1,1,1,1,1,1
case_33e315fc,1,1,1,1,1,0
case_137c2b1c,1,1,1,0,0,1
case_46f10b8b,1,0,1,0,0,0
case_302aed90,0,0,1,1,0,1
case_3f793644,1,1,1,0,1,1
case_cd5eeaef,1,1,0,1,1,1
case_1898ced8,1,1,1,0,0,1
case_47e27568,1,1,1,0,1,1
case_344d4754,1,1,1,1,0,0
case_5a597e22,1,1,1,1,0,1
case_2421b282,0,1,1,1,1,0
case_ffc6d8b1,1,1,1,0,0,1
case_e516ed63,0,1,1,1,0,0
case_8c09d4a5,1,1,1,1,1,1
case_9292b11b,0,0,1,1,1,1
case_b4193252,1,0,1,1,1,1
case_9a3975e5,1,0,1,1,1,1
case_57b3982e,0,1,1,1,1,1
case_422d6a4c,1,1,1,1,1,0
case_7083c8a4,1,1,1,1,1,0
case_1085c32b,1,1,1,1,1,0
case_0c233b80,0,0,1,1,1,1
case_e49c4cf0,1,1,1,1,1,1
case_74386c6a,1,1,1,1,1,0
case_c84886cf,1,1,1,1,1,1
case_48ed68c9,0,0,1,1,0,1
case_804a9f34,0,0,0,1,1,1
case_7939da17,1,1,1,1,1,1
case_1d09be88,1,1,1,1,1,1
case_bea9a0f0,1,1,1,0,1,1
case_fbecb265,1,0,1,1,1,1
case_a192ad85,0,1,1,0,1,1
case_28ed05ee,0,1,1,1,1,1
case_e020481b,1,1,1,1,1,1
case_7b1fcfb9,0,0,1,1,0,0
case_caaac407,1,1,1,0,1,1
case_65700556,1,1,1,1,1,1
case_1637b478,0,0,1,1,1,0
case_ea676d88,0,0,1,1,1,1
case_36e75cd5,1,1,1,1,1,1
case_c389568d,1,1,1,1,0,0
case_82b9035f,0,1,0,1,1,1
case_a4132ad4,1,0,1,0,1,0
case_67867b1b,1,0,1,1,0,1
case_70252155,0,1,1,0,1,0
case_881d44c4,1,1,1,1,1,1
case_e0e09508,1,1,1,0,1,1
case_d0951d54,0,0,0,1,1,1
case_87a1515b,1,0,1,1,1,0
case_4a78e11e,1,1,0,0,1,1
case_9b6870f9,1,0,1,0,1,1
case_5401c527,1,0,0,1,1,1
case_570553cd,0,0,0,0,1,1
case_334891c1,1,1,1,1,0,1
case_51fff900,1,1,1,1,1,1
case_76fd5aa2,0,0,1,0,0,1
case_82cc8176,0,1,1,1,0,1
case_6807026c,1,0,1,0,1,1
case_21400352,1,1,0,1,1,1
case_a8fcb7a1,0,1,0,0,0,0
case_5abea1e3,0,0,0,1,1,0
case_394df1b5,1,1,1,0,1,1
case_8df26fac,1,1,1,1,1,1
case_c94654f4,1,0,1,1,1,1
case_cd6562d1,0,0,1,0,1,1
case_2a9e9e70,1,0,0,1,0,0
case_43bcaa96,1,0,1,1,1,1
case_b781f411,0,0,1,0,0,1
case_85e605d5,1,1,1,0,0,0
case_4d044aa9,1,0,1,1,1,1
case_1629422e,1,1,1,1,0,1
case_2771e2d1,1,1,1,0,1,1
case_d42c5877,1,1,1,1,1,1
case_90e9e943,1,0,1,1,1,1
case_fffb83d4,0,0,1,1,1,1
case_c03f178b,0,1,1,1,0,1
case_b30c8728,1,1,1,0,0,1
case_492554c4,1,1,1,0,1,1
case_7fc9d9c3,1,1,0,0,1,1
case_0d478919,0,1,1,1,1,1
case_21117f08,1,0,1,1,0,0
case_1f501d9a,1,1,1,1,1,1
case_ca29855c,1,0,1,0,1,1
case_13a0ae08,1,1,0,0,0,0
case_9011db23,1,1,1,1,1,1
case_8fbbe24e,1,1,1,0,1,1
case_8ec92ca4,0,1,1,1,1,1
case_52f34ed4,1,1,1,0,1,1
case_8281a9df,0,0,1,0,1,1
case_17b5bfe5,0,1,1,1,0,1
case_61bb5362,1,0,1,1,1,1
case_85c7acc1,1,0,1,1,1,1
case_32f356c3,0,1,1,0,1,0
case_87613086,1,0,1,0,0,1
case_895c609b,0,0,1,1,0,0
case_c18ef010,1,1,1,0,1,1
case_090816e7,1,0,1,0,1,1
case_d6c9246d,0,0,0,0,1,1
case_7092e5c9,1,0,1,1,1,1
case_edd01943,0,1,1,1,1,1
case_334954f9,1,1,1,1,1,1
case_4592e8fd,1,1,1,1,1,0
case_435e0953,1,1,1,0,1,1
case_0fafb710,0,1,1,1,0,1
case_16d0218a,1,1,1,1,1,1
case_cc998d2b,1,1,1,0,1,1
case_a03e064e,1,0,1,0,1,1
case_27a59ecd,1,1,1,1,1,1
case_654525bb,0,1,1,1,1,1
case_6ad1c234,0,1,1,1,1,1
case_b15c11a0,1,1,1,1,1,0
case_d5c89b55,1,1,1,1,1,1
case_d22a15fb,1,1,1,1,0,0
case_9108e6ba,1,1,1,1,1,1
case_f21ccdb3,0,1,1,1,1,1
case_36059054,1,1,1,1,1,1
case_43a41b55,0,0,1,1,1,1
case_442ee97a,0,1,1,1,1,1
case_f61d16fd,1,0,1,1,1,1
case_4e97e7c3,1,0,0,0,1,1
case_cfa63e09,1,1,1,1,0,0
case_67fea80f,0,1,1,0,1,1
case_91f14e5a,1,1,1,1,1,1
case_308c7fc8,1,1,0,1,1,1
case_8c48cb7e,1,1,1,1,1,1
case_e27dc090,0,0,1,1,0,0
case_af2f1c31,1,1,1,1,1,1
case_8ba92109,1,0,1,1,1,0
case_cdf0db2b,1,1,0,0,0,0
case_68065c33,0,1,1,1,0,1
case_34caa447,1,1,1,1,1,1
case_23ece6a8,1,1,1,1,1,1
case_cde614b4,0,1,1,0,1,0
case_ea5c9875,1,1,1,1,1,1
case_15483531,1,1,1,1,0,1
case_36b9cc66,0,1,1,1,1,1
case_97299e32,1,1,1,1,0,1
case_dcc15d83,1,1,1,1,1,1
case_e07b19a1,0,0,1,0,0,1
case_f3f69cd9,1,0,1,0,1,0
case_e8175f9b,1,1,1,0,1,0
case_106aa8b3,1,1,1,0,0,0
case_b7eb1939,0,1,1,1,1,1
case_c49d4af3,1,1,1,0,1,1
case_f0530691,0,0,1,0,0,1
case_55573904,1,1,1,1,1,1
case_6bf2ab35,1,1,1,1,1,1
case_cb624973,1,0,1,1,1,1
case_a79f2b09,0,1,1,0,1,1
case_b32bb4a9,0,1,1,1,1,0
case_93cd0ce5,0,1,1,1,1,1
case_12482a28,1,1,0,1,1,0
case_86d26100,1,0,0,1,1,1
case_ee207d56,1,1,1,1,0,1
case_cbe0a0ee,1,0,0,1,0,1
case_dc2b2fb4,1,1,1,0,0,1
case_b54e460b,0,1,1,1,1,0
case_7522fb63,0,0,1,1,1,0
case_5d0b6b07,0,1,1,0,0,1
case_961234e1,1,1,1,1,1,1
case_c6e36b6d,1,0,1,1,1,0
case_4f022b0f,1,0,1,1,0,1
case_5f657a2f,0,1,1,0,1,1
case_30abb75f,1,0,1,1,1,1
case_afd6f18e,1,1,1,1,1,1
case_e540f316,0,1,1,0,1,0
case_0ba6a0d2,1,1,1,1,1,1
case_17eb4b64,1,0,1,1,1,1
case_739ff187,1,1,0,1,1,1
case_4cc2e344,1,1,1,1,1,1
case_ec4340e4,0,0,0,1,1,1
case_3d732d18,1,1,1,1,1,1
case_4e8e6259,1,0,1,1,1,0
case_89920b22,1,1,1,1,1,1
case_c53f7ed6,1,0,1,1,1,0
case_ba980868,0,1,0,0,1,1
case_4f78de6d,0,1,1,1,1,1
case_420980d8,1,1,1,1,1,1
case_57f1e881,1,0,1,1,1,1
case_250327b3,1,1,1,1,1,1
case_dabaf0db,1,1,1,0,0,1
case_3c87dac8,1,0,1,1,1,1
case_b9692734,0,1,1,0,0,1
case_9612f6b1,1,1,1,1,0,1
case_0d9df62c,0,1,1,1,0,1
case_0372101f,1,1,1,1,1,1
case_0d7fe016,0,0,1,0,1,1
case_0951d5e2,1,1,1,1,1,1
case_f214aa42,1,1,1,1,1,1
case_3aeeaae0,1,1,1,1,1,0
case_ea60d937,1,0,1,1,0,1
case_1b7db6d6,1,0,1,1,1,1
case_e73f3427,1,1,0,0,0,1
case_0fcebb67,0,0,1,0,0,1
case_6157119c,1,0,1,0,0,1
case_8b5a5391,0,1,1,0,0,1
case_b8573cfe,1,0,1,1,1,0
case_14085862,0,0,1,1,1,0
case_1b0337f9,1,1,1,1,1,1
case_3f5856bc,1,0,1,0,1,1
case_0a8e3cd3,0,0,1,0,0,1
case_6093fc09,0,0,0,0,0,0
case_a193d585,0,0,1,1,1,1
case_77511298,1,1,1,1,1,1
case_1574c1a8,1,1,1,1,1,1
case_ba1539d2,0,0,1,1,0,0
case_e6f2da2f,0,0,1,1,0,1
case_d1352405,1,0,1,0,1,1
case_68e6a9b8,0,1,1,1,1,1
case_d5e36d9a,1,1,1,1,1,1
case_3987e728,1,1,1,1,1,1
case_0a459af6,1,1,1,1,1,1
case_236ee56c,0,0,1,1,1,1
case_1d4fc952,1,1,1,1,0,1
case_9d72ea97,1,1,1,1,1,1
case_4a51e39a,0,1,1,1,1,0
case_cfe94117,0,1,0,1,0,1
case_01ce8de4,1,1,1,1,1,1
case_18ada8ca,1,1,1,1,1,1
case_2dd32c3f,0,1,1,1,1,0
case_1932a96c,0,0,1,1,1,0
case_79b0e51b,1,0,1,0,1,0
case_b3ca181f,0,1,0,0,1,1
case_d6b0569e,1,1,1,1,1,1
case_9b8298de,1,1,1,1,1,0
case_26371892,1,1,1,1,1,0
case_322542d7,1,1,1,1,1,1
case_10cac823,1,1,1,1,1,1
case_fa31402f,1,1,1,1,1,1
case_4535d656,1,0,1,0,1,1
case_5fdce389,1,0,1,1,0,0
case_76c1c48b,0,0,1,0,1,1
case_079f2232,1,1,1,1,1,1
case_3647f12c,1,1,1,1,1,0
case_020103b9,1,1,1,1,0,1
case_7f7d0dc0,0,0,1,0,1,1
case_01f5915b,1,1,0,0,1,1
case_05d69205,1,0,1,1,1,1
case_0c1daa92,1,1,0,1,1,1
case_3e9d4037,1,0,1,1,1,1
case_6448c260,1,1,1,1,1,1
case_5c288606,0,1,1,1,1,1
case_616d1e3c,1,1,1,1,1,1
case_459e711d,1,1,1,1,1,1
case_65e42017,1,1,1,1,1,1
case_82c4c431,1,1,1,1,0,0
case_9180c030,1,0,1,1,0,0
case_fb116a18,1,1,1,1,1,1
case_e0c3300a,1,1,1,1,1,1
case_43558cf4,0,1,1,1,1,0
case_b8775b40,1,1,1,1,1,1
case_dccfc845,0,0,1,0,1,1
case_d680d539,1,1,1,1,1,1
case_2364a34b,1,0,1,1,0,1
case_870d15fe,1,1,0,0,1,1
case_f671595a,1,0,1,1,1,1
case_7571d0d6,0,0,1,1,1,1
case_77d51654,0,1,0,1,1,0
case_d79a1378,1,1,1,0,1,1
case_d17185be,0,1,1,1,0,1
case_6d21b49c,1,1,1,0,0,0
case_0ce76529,1,1,1,1,1,1
case_c11eea7f,0,1,1,1,1,1
case_3ed457d6,1,0,1,1,0,1
case_323484e2,0,0,1,1,0,0
case_e4568623,1,1,1,1,1,1
case_48474a9f,1,1,1,1,0,1
case_659af685,0,1,1,1,0,1
case_a102b042,0,1,1,0,0,1
case_ff68583b,0,1,1,1,1,1
case_9f6ca133,0,1,1,1,1,1
case_8f98d01d,0,1,1,1,0,1
case_a2f26b8e,1,1,1,1,1,1
case_d1db6444,0,0,0,1,1,0
case_f1ecc744,1,1,1,1,0,1
case_b113196e,1,1,1,1,1,1
case_d6530fbf,1,1,1,1,1,0
case_c8bb87ee,0,1,1,1,1,1
case_52c64607,1,1,1,1,1,1
case_f9e9e989,1,0,1,1,0,1
case_54b0b93e,1,1,1,1,1,1
case_e3676d38,1,1,1,1,1,0
case_8c2661d3,1,1,1,1,1,1
case_3f5e71ec,0,0,1,0,1,0
case_be5d10bb,1,0,1,1,1,1
case_dc08ef91,0,1,1,0,1,1
case_e2f50e87,0,0,1,1,1,1
case_5f00599a,1,0,1,0,1,1
case_bdac7c51,0,1,1,1,0,1
case_cf5cf45c,1,1,1,1,1,1
case_280cba4c,1,1,1,0,1,0
case_94fe497a,1,0,1,0,0,0
case_75944bfc,0,1,1,1,1,1
case_121da47d,1,1,1,1,0,1
case_3f08ec4a,1,0,0,0,1,1
case_f6dbc415,1,0,1,1,1,1
case_9263ca8f,1,1,1,0,1,1
case_6457bb1f,0,0,1,1,1,1
case_e104c9c6,1,1,1,0,1,1
case_efa0edab,0,1,0,1,1,1
case_30a0a687,1,1,1,1,1,1
case_fd961098,1,1,1,1,0,0
case_2a3d3d11,0,0,1,0,1,1
case_bb2f3215,0,0,0,0,0,1
case_07c97616,0,1,1,1,0,1
case_e8ba1b9c,1,0,1,0,1,1
case_249c8a73,1,1,1,1,1,1
case_2a92e116,0,1,1,0,1,1
case_fb3cbf96,1,1,1,0,1,0
case_538a0aaf,0,0,1,0,1,1
case_e3f6875e,1,0,1,1,1,1
case_3b743032,1,1,1,1,1,1
case_bf61e95d,1,1,1,1,1,1
case_69841113,1,1,1,1,0,1
case_125c62f9,0,1,1,1,0,1
case_9a4b353b,0,1,1,1,0,1
case_913bb555,0,1,1,0,1,0
case_5594b0a5,1,1,1,1,1,1
case_7c2bd809,1,0,0,0,0,1
case_a0acf813,0,0,1,1,1,1
case_3f88a090,1,0,1,0,1,0
case_c08fc317,0,0,1,1,1,1
case_d9f3284c,1,1,1,0,1,1
case_26612da3,0,1,1,1,1,0
case_7635331d,0,1,1,1,1,1
case_ef612b6a,1,0,1,1,1,1
case_7cb0285a,0,0,1,0,1,1
case_d27dad7f,1,1,1,1,1,1
case_3cc4371d,0,1,0,0,0,1
case_95e4cc5e,0,0,1,0,0,0
case_53042a3c,1,1,1,0,1,1
case_70e1438d,0,1,0,1,0,0
case_eacb7078,1,1,1,1,1,1
case_3ee1bd06,0,0,0,1,0,0
case_abc6d6af,1,1,1,1,1,1
case_5ab18808,1,0,1,1,1,1
case_33a80556,0,1,1,1,1,1
case_9c03954e,0,1,1,1,0,1
case_7e8f57c7,0,0,1,1,0,0
case_d3eae5ff,0,1,1,1,0,1
case_bf872858,1,1,1,0,1,1
case_a30490ea,1,1,1,1,0,1
case_7e37ca3e,1,1,1,1,1,1
case_4ff880b1,1,0,1,1,1,1
case_34cd8dc3,0,1,1,1,0,1
case_5f8e5ae3,1,1,1,1,1,1
case_2a7f67b0,1,1,1,1,0,1
case_41b8becf,1,1,0,1,0,1
case_c7a615ee,1,0,1,1,1,1
case_016a5db0,1,1,1,0,1,1
case_4adbec09,1,1,1,1,1,1
case_2aa9cc65,0,0,1,0,1,0
case_ed8d50ca,1,1,1,1,1,0
case_3854d94b,1,0,1,1,1,0
case_03111c52,1,1,1,1,1,1
case_516cae70,0,1,1,1,1,1
case_b43c6570,1,1,1,1,1,1
case_b5e4bca1,0,1,0,0,1,1
case_d42cd49e,1,1,1,1,0,1
case_db43c139,0,1,1,0,0,1
case_95a718ad,1,1,1,1,1,1
case_275f06bd,1,1,1,1,1,1
case_fc84523e,0,0,1,0,1,0
case_aa53cecb,1,1,1,0,1,1
case_7e30294e,1,1,1,1,1,1
case_422c0f8d,1,0,1,1,0,1
case_57c635c9,0,0,1,0,1,0
case_0aba4bc0,1,1,1,1,0,0
case_b5505dbc,1,0,1,1,1,1
case_6431a574,0,0,1,1,1,0
case_04911bed,1,1,1,1,0,0
case_30c11ab3,1,1,1,1,1,1
case_d3efc451,1,1,1,1,1,1
case_28ebb347,1,0,1,1,0,0
case_12a4ae74,0,0,1,1,1,0
case_de7128e8,1,1,1,1,1,1
case_61f615da,0,1,1,1,1,1
case_8f49435a,0,0,0,1,0,1
case_f0d5cdb4,1,0,1,1,1,1
case_f5714174,1,0,1,0,1,1
case_bef43672,1,0,0,0,0,1
case_29b8a0ec,1,0,1,1,1,1
case_aa009764,0,0,1,0,0,1
case_9a168115,1,0,1,0,0,0
case_999f7262,1,1,1,1,1,1
case_c1db36cc,1,1,1,1,1,1
case_5c3bd294,1,1,1,0,0,0
case_f568b5b0,1,1,1,1,1,1
case_d2d74c19,0,1,1,1,1,1
case_46f990ed,0,1,1,0,0,1
case_8da6ca4a,0,0,1,0,0,1
case_38932267,1,1,1,1,1,1
case_d05fe6d8,1,0,1,1,0,1
case_641b2f96,1,0,1,0,1,0
case_55189e97,1,1,1,1,1,1
case_24776f56,0,0,1,0,1,1
case_c80e48d9,1,1,1,1,1,1
case_e0165e79,1,1,1,1,1,1
case_beff7579,1,1,1,0,1,1
case_69f6434f,0,1,1,1,1,1
case_681ca5de,0,1,1,1,1,1
case_964d4859,0,1,1,1,1,1
case_18de7ab9,1,1,1,1,1,1
case_ca934d2a,1,1,1,1,1,1
case_8852d80b,0,0,1,0,1,0
case_86594f08,1,1,1,1,1,0
case_024d1e4e,1,1,1,1,1,1
case_8c19b3ae,1,0,1,1,1,1
case_144d126d,1,1,1,1,1,1
case_251c91b7,1,0,1,1,1,1
case_3c749ea7,0,1,1,1,1,1
case_503ddeef,1,0,1,1,1,1
case_f4354902,1,1,0,1,1,1
case_ca79bd02,0,0,1,1,1,0
case_11145403,1,1,1,1,0,0
case_ca16ec4d,1,1,1,1,0,1
case_669296b8,1,1,1,1,1,1
case_65615500,0,1,1,0,1,1
case_5ac39830,1,1,1,1,0,1
case_3c0f4844,0,0,1,1,1,1
case_028313a4,0,0,1,0,1,1
case_f80bcc6e,1,1,1,0,1,1
case_54bd5740,1,1,1,1,1,1
case_eed64660,1,1,1,1,1,1
case_f09d56cb,0,0,1,0,0,1
case_72df7071,1,1,1,1,1,1
case_df98ebf6,1,1,1,0,0,0
case_7c27851a,0,0,0,0,0,1
case_3b1da836,1,1,1,1,0,1
case_61282cec,1,0,1,0,0,0
case_031dccaa,1,1,0,1,1,1
case_1e2509b9,1,1,1,1,1,1
case_00425356,0,1,1,0,1,1
case_623ffd63,1,1,1,0,0,1
case_4b20c744,0,0,1,1,1,0
case_3191aa6b,1,1,1,0,1,1
case_72e73867,0,1,1,0,0,1
case_f0e9723d,1,1,0,1,1,1
case_fcb09368,1,0,1,1,1,1
case_03468265,0,1,1,1,1,1
case_6adfbe35,1,1,1,1,1,1
case_4cdf1e7a,1,1,1,0,1,1
case_e2294056,0,1,0,0,0,1
case_c8a411e5,1,1,1,1,1,1
case_cc3bd7e5,0,1,0,1,0,0
case_4bd85c3b,0,0,1,0,0,1
case_d288c17b,1,0,1,1,1,0
case_a8f6d69b,1,1,1,1,1,1
case_db9e44e5,0,0,1,1,1,1
case_90b444e2,0,1,1,0,1,1
case_6786d863,0,1,1,0,1,1
case_0e8e6a5a,1,1,1,0,1,1
case_dea4d957,1,1,1,1,1,0
case_d4bbd74a,1,1,1,1,1,1
case_841ba9d5,0,1,1,0,1,0
case_e10ef3b0,0,1,0,1,1,0
case_c0b92f65,0,1,1,1,1,1
case_abbeb1f6,1,0,0,1,1,1
case_e7f70c2f,1,1,1,0,0,1
case_efc92ec2,0,1,1,1,1,0
case_4f1eff56,1,0,1,0,0,1
case_656da6c4,1,1,1,1,1,0
case_4363ddb0,1,1,1,1,1,1
case_87b9ff49,0,1,1,1,0,1
case_924f2258,0,0,1,1,1,1
case_2a3b2029,1,1,1,1,1,0
case_c182d9ba,1,0,0,0,1,1
case_f11ce416,1,1,1,1,1,1
case_d503ed53,1,1,0,0,1,1
case_d439c564,0,0,1,0,1,0
case_8eceebf0,0,1,0,0,1,1
case_2123ed13,1,1,1,1,1,1
case_55c0d95d,1,1,1,1,1,1
case_1df1d328,1,0,1,1,1,1
case_1f732d63,0,0,1,1,0,1
case_d0ef5995,0,1,1,1,1,1
case_dcb2f100,1,1,1,1,1,1
case_1d280308,0,0,1,0,1,1
case_0e02436e,0,0,1,1,1,0
case_74c30157,0,1,1,1,0,1
case_a3ff2006,0,0,1,1,1,1
case_61d60f3d,1,1,1,1,1,1
case_3094ff3b,0,0,1,0,1,1
case_4d7279dd,1,1,1,1,0,0
case_20e9ee07,0,1,1,1,1,1
case_9f24289d,1,0,1,0,0,1
case_236f674d,0,1,1,0,1,0
case_eb347ebb,1,0,1,1,1,1
case_14eb4f2f,1,1,1,1,0,1
case_8ada03e9,1,1,1,1,1,1
case_3b2f93ce,1,1,0,0,1,1
case_2b12399f,1,1,1,1,1,1
case_964819c6,1,1,1,1,1,1
case_58c8300f,0,1,1,1,1,1
case_e8726557,0,0,1,1,0,0
case_b4094103,0,1,0,1,0,1
case_3864da95,1,0,1,1,1,1
case_73ec3088,0,0,1,0,0,0
case_a8399293,1,1,1,1,1,0
case_6851398c,0,0,1,1,1,1
case_122a1b71,1,0,1,0,0,1
case_793ded55,1,1,1,1,1,1
case_70d333bb,1,1,1,1,0,1
case_a34d4f50,1,1,1,1,1,1
case_9c433d9f,0,1,1,0,1,1
case_e899c25c,1,0,1,1,1,1
case_95da3f69,0,0,1,1,0,0
case_656bb4f4,0,1,0,1,1,1
case_32bbef6a,1,1,1,1,1,1
case_b2b72f35,1,1,1,1,1,1
case_b06ba83e,1,0,0,0,0,1
case_deb82b47,1,1,1,1,1,1
case_1ac1541f,1,1,1,1,1,1
case_16d5b9de,1,1,1,1,1,1
case_03be068d,1,1,1,0,0,1
case_43ab9a84,1,1,1,1,1,0
case_31a6e5b3,0,1,0,1,1,0
case_4664a54b,0,1,1,0,1,1
case_25efaed9,0,0,0,1,0,0
case_465d645a,1,0,1,1,1,1
case_9bb7f1e2,0,0,1,1,0,1
case_0b593272,1,0,1,0,1,1
case_9d18de60,0,0,0,1,0,0
case_bee2e660,1,1,1,1,1,1
case_efa3804d,0,0,1,1,1,1
case_87b28e92,0,1,0,0,1,1
case_7d2c0ad1,1,1,1,1,1,1
case_ff58b715,1,1,1,1,1,1
case_06dfcebb,1,1,1,0,1,1
case_5ddf21bb,1,1,1,0,1,1
case_140fce33,1,0,1,1,0,1
case_34e4643e,1,1,1,1,1,1
case_84110cc6,0,0,0,1,0,0
case_98aeaaa3,0,0,1,0,1,0
case_ce721e02,0,0,1,0,0,1
case_2c60272d,1,1,1,1,1,1
case_37500f01,0,0,1,0,1,1
case_2195db00,0,1,0,0,0,1
case_9b5d3ba4,0,0,1,1,0,1
case_6f743eed,1,1,1,1,1,1
case_f99cfac7,1,1,1,0,1,1
case_a3b48f51,1,0,1,0,0,1
case_c4b2c42e,1,0,1,1,0,1
case_497f9612,1,1,1,1,1,0
case_327e7b94,0,1,0,0,1,1
case_cc9d61f6,1,1,0,1,0,1
case_862d0a83,1,1,1,1,1,1
case_78e737b4,0,0,1,0,0,1
case_a689c039,1,1,0,0,1,1
case_b00cdc1b,0,1,1,1,0,1
case_7c8fcaa0,1,0,0,0,1,1
case_831cc5d8,0,1,1,0,0,1
case_6e3406d4,1,0,0,0,0,0
case_a9ea6988,1,1,1,1,1,1
case_bdda0042,0,0,1,0,1,1
case_1838d786,1,1,1,1,1,1
case_ac8ec9c8,0,1,1,1,1,1
case_5292d137,1,0,1,1,1,1
case_3c4f5f9e,1,0,1,1,0,1
case_75fe108f,1,1,1,0,1,0
case_60ef66c5,1,0,1,1,1,1
case_82b152b2,0,0,1,1,1,0
case_d917f2de,1,1,1,1,0,1
case_e646306c,1,0,1,0,0,1
case_cfa2ecb4,0,1,1,1,1,0
case_38a74255,0,0,1,1,0,0
case_0827604f,0,0,1,1,0,1
case_0d589cdb,0,1,1,0,1,0
case_8ab24192,1,1,1,1,1,1
case_4eab95af,1,1,1,0,1,1
case_69ea6a52,1,0,1,1,0,1
case_b80e6b97,1,0,1,0,1,1
case_7999c725,0,0,1,0,1,1
case_fd9c5ec6,0,1,1,0,1,1
case_0da6caaf,0,0,1,1,1,1
case_5e56b8f0,1,1,1,1,1,1
case_7755dfe9,0,1,1,0,1,0
case_27eaa57d,1,0,1,1,1,1
case_f7b5b11b,0,0,1,0,0,1
case_96a201cf,1,1,0,1,1,1
case_c2a75ecb,1,0,1,1,0,1
case_6c89089d,0,0,1,1,1,1
case_bea06130,1,1,1,0,0,1
case_7bb37281,1,0,1,1,0,1
case_e6942606,1,0,1,1,1,1
case_98050ec4,0,0,0,1,1,1
case_c660a7b8,0,1,1,1,1,1
case_137f8d44,1,1,1,1,0,1
case_9d279b20,1,0,1,1,0,1
case_4d88c322,1,1,1,1,0,1
case_b9477d29,1,0,0,1,1,1
case_9c89c859,1,1,1,0,1,1
case_02e09782,0,1,1,1,0,1
case_d8b77ccb,1,0,1,1,1,1
case_d4cf97b8,1,1,1,1,1,1
case_502db858,1,1,0,1,1,1
case_ee052130,1,1,1,1,1,1
case_be2e15c6,1,1,1,1,1,1
case_6508f7f3,1,1,1,1,1,1
case_e4931b29,1,1,1,1,0,1
case_7b08949d,1,0,1,1,1,1
case_06f69137,1,1,1,0,1,0
case_1c397341,0,1,1,1,1,1
case_e60c2c0c,1,1,1,1,1,1
case_eedbc28a,1,0,1,0,0,0
case_07ac7196,1,0,1,1,0,1
case_7cda93d0,1,1,1,1,1,1
case_7a38be7b,1,0,1,1,1,1
case_1ed2cdb1,1,1,1,1,1,0
case_849ffabb,0,1,1,1,1,1
case_658f02ff,1,1,1,0,1,0
case_1ff0ad79,1,1,1,1,1,1
case_48d5dccb,1,1,1,1,1,1
case_62212b3f,0,1,1,1,1,0
case_3bf4ad1d,1,1,1,1,1,1
case_1bd8c1b6,0,1,1,0,0,0
case_679a79fe,1,1,1,1,1,0
case_de5fc2dd,1,1,1,0,0,1
case_0042fd5d,0,1,1,1,0,1
case_d3aad263,1,1,1,1,1,1
case_95e90979,0,0,1,1,1,1
case_ef19cb3e,0,0,1,1,1,0
case_0fe94896,0,1,1,1,1,1
case_6ce5d40b,0,1,1,1,1,1
case_11f33df7,1,1,0,1,1,1
case_3edc1705,1,1,1,1,1,1
case_89702f29,1,0,0,1,1,1
case_4164f2a5,1,0,1,1,1,1
case_fd65001b,1,1,0,1,1,1
case_eb04f54e,1,1,0,0,1,1
case_d6563238,1,1,1,1,1,1
case_55d80e8c,1,1,1,1,1,1
case_82896256,1,1,1,0,1,1
case_a04a3eab,0,1,1,1,1,1
case_9b6c7b15,1,1,1,0,0,0
case_19dfaedb,1,1,0,1,1,1
case_dc7be9e0,1,1,1,1,1,1
case_dbc55fd0,0,1,1,1,1,1
case_6d310394,0,1,1,1,0,1
case_38406c35,1,1,1,0,0,1
case_5a95f6bb,0,1,1,1,0,1
case_53876809,1,1,1,1,1,0
case_11cb5320,0,0,1,0,0,1
case_613f0a8c,1,1,1,1,1,1
case_421e508c,1,0,1,1,1,1
case_3081c99b,0,1,1,0,1,1
case_1064baa0,0,1,1,1,1,0
case_c60dc777,1,1,1,0,1,1
case_a2889058,0,1,1,1,1,1
case_aa095a6c,1,1,1,1,0,1
case_bd806c9f,1,0,0,1,1,0
case_6466c5b0,1,1,1,1,1,1
case_fb86db9a,1,1,1,1,1,1
case_05b9c886,1,0,1,1,1,1
case_54921e95,1,1,1,1,1,1
case_23c08fb4,0,0,1,1,0,1
case_c4f62321,1,1,1,1,1,0
case_68174713,1,1,1,1,1,1
case_2519c017,0,1,1,1,1,1
case_86ada377,1,1,1,0,1,0
case_f1ab87c5,1,0,1,1,0,0
case_eb80020c,0,0,1,1,1,1
case_dd6f0fc5,0,0,1,1,0,0
case_2e7b8ead,1,1,1,0,1,1
case_083cac23,1,1,1,1,0,1
case_941f7964,1,1,1,1,1,0
case_9ece5e2f,1,1,0,0,1,1
case_8e74d087,1,0,1,0,0,0
case_ea43b8c8,0,1,1,1,1,1
case_cd79b4a5,0,1,1,1,1,1
case_baa0b8e9,1,0,1,1,1,1
case_9cacab67,0,0,1,1,1,1
case_e68d2561,0,0,1,0,0,0
case_aa0c45c0,0,1,1,1,1,1
case_49f324dd,0,1,0,1,0,1
case_c59faad6,1,0,1,1,0,1
case_07a26fea,1,1,1,1,1,1
case_cbaadde9,1,1,0,0,1,1
case_6614555a,1,1,1,1,0,1
case_11004b81,0,0,1,1,1,1
case_02dd4190,1,0,1,0,1,1
case_26959982,1,1,1,1,1,1
case_ba30131d,0,1,1,1,1,1
case_a49afea7,1,0,1,1,1,1
case_80e96a4e,1,1,1,1,1,1
case_a3e95078,0,0,0,1,0,0
case_6b610c25,0,0,1,0,1,0
case_7b1b194b,0,0,1,1,1,0
case_6e04e962,0,1,1,1,1,0
case_851b7070,1,0,1,1,1,0
case_60ff28cc,1,0,1,1,1,1
case_44350f23,0,0,1,1,1,1
case_b1ded71a,1,1,1,1,1,1
case_cccf5544,1,1,1,1,0,1
case_4d4c984b,1,1,1,1,0,0
case_a17d34b7,0,1,1,1,1,1
case_279a7225,1,0,1,1,1,1
case_0e5e9fee,1,1,1,1,1,1
case_5afca259,0,0,0,0,0,0
case_b119938a,1,0,1,1,0,1
case_c9dddd81,0,0,1,1,1,1
case_548af354,0,1,0,1,1,0
case_b0960e63,0,1,0,1,0,0
case_4b67cbef,1,1,1,1,1,1
case_6b28277f,1,0,0,1,1,1
case_ad9bc19c,1,1,1,1,1,1
case_e2ce6e06,1,1,1,1,1,1
case_dd8cdfba,1,0,1,0,1,1
case_89a58e95,1,1,1,1,1,0
case_b71acd9f,1,1,1,1,0,1
case_44e44c8d,1,1,1,1,1,1
case_10ab0fa3,0,1,1,1,1,1
case_d71c4b9c,1,1,1,1,1,1
case_f23a1d2a,1,1,1,1,1,1
case_497ce0d8,1,1,1,1,1,1
case_2057fe37,1,0,1,0,0,1
case_19700fa2,1,1,1,1,1,1
case_b8c02bbc,1,0,0,0,1,1
case_60ab4b9f,1,1,1,1,0,1
case_03595e95,1,0,1,1,1,1
case_d3e28c68,0,0,1,0,0,1
case_e10082e1,0,1,1,1,1,1
case_e3707735,0,0,1,1,1,1
case_8a2d514f,1,1,1,0,1,1
case_ffeb42a3,1,1,1,1,0,1
case_59afbc4e,1,0,1,0,1,1
case_548bdfb6,0,1,1,1,1,1
case_c7ae9f4f,0,1,1,1,1,1
case_74c44106,1,1,1,1,1,1
case_36145e75,1,0,0,0,0,0
case_94fd7faf,0,0,1,1,1,1
case_b90021c7,1,1,1,1,1,1
case_914adb29,1,0,0,0,1,1
case_99c27abb,0,0,1,1,0,1
case_8f947716,1,1,1,1,0,1
case_26c0aa3a,1,1,1,1,1,1
case_8422a883,1,1,1,1,1,1
case_fe8a6ddb,1,0,1,1,1,1
case_1aa1d7bf,1,1,0,0,1,1
case_e8423fc7,1,0,0,0,1,1
case_41f179d0,0,1,1,1,1,1
case_8834a7b8,0,1,0,1,0,1
case_70fdaa41,1,1,0,0,0,1
case_85651f10,1,1,1,1,0,1
case_f1272d7a,1,1,1,0,1,0
case_35ffac11,0,1,1,1,1,1
case_caa490d4,0,0,1,1,0,1
case_0695d3d1,1,0,1,1,1,1
case_34cdda32,1,0,1,0,1,0
case_0168b9a2,1,1,1,1,1,1
case_a0c87917,1,1,1,1,1,0
case_9c7bdbea,1,1,1,1,0,1
case_a69749d7,1,1,1,1,1,1
case_06d36213,1,1,1,0,1,1
case_15e9383f,0,0,1,0,1,0
case_0cbcc4d4,1,1,1,1,1,1
case_e52e0c03,1,1,1,1,1,1
case_34877a17,0,0,1,0,1,0
case_cfbb8b8d,1,1,1,1,1,1
case_e9d0f7ca,0,0,1,0,0,1
case_c1b80503,1,1,1,1,1,1
case_0f88ecca,0,0,1,0,0,0
case_6c756906,1,1,1,0,0,1
case_cdc46317,1,0,1,1,1,0
case_90d493a9,1,1,1,1,0,1
case_fc089e73,0,1,1,0,0,1
case_d66e9e66,1,1,1,1,1,1
case_7ffe96a1,1,1,1,1,1,1
case_36ed2dd6,1,1,1,0,1,1
case_22006a92,1,0,1,1,1,0
case_1f803c15,0,0,1,0,0,0
case_d136eb21,1,1,1,1,1,1
case_0cfaa68f,1,1,0,1,1,1
case_d75f8333,0,0,1,0,0,1
case_2b7dfb7e,1,1,1,1,1,1
case_dae6860a,1,0,1,1,1,1
case_0ef9fd55,0,1,1,1,1,0
case_9c39d390,0,1,0,1,0,1
case_19be45ff,1,1,1,1,1,1
case_36bb0ab2,1,1,1,1,1,1
case_0d247cfc,1,1,1,1,1,1
case_a66912f6,1,1,1,1,0,0
case_8c0164f3,0,1,1,0,1,1
case_3c801f99,1,0,1,0,0,1
case_655c49e5,1,0,1,0,1,1
case_2222a957,1,1,1,0,0,1
case_7302fded,0,1,1,1,1,0
case_a0d21eaf,1,0,1,1,1,1
case_7abf29ca,0,1,1,0,0,0
case_85061980,1,0,1,1,1,1
case_a2a83206,1,1,1,1,1,1
case_233d7ec1,0,1,0,0,1,1
case_a596abfd,1,1,1,1,1,1
case_444a1d3c,1,1,1,1,1,1
case_2d1ed74c,1,1,1,1,1,1
case_23b7fcff,1,0,1,0,0,1
case_7e45e9af,1,0,1,1,1,1
case_92833f86,1,1,1,0,1,0
case_c750b0c7,1,1,1,1,1,1
case_de9936c2,1,1,1,1,1,1
case_f9fa5e00,1,0,1,1,1,0
case_5e32e435,0,1,1,1,0,1
case_d6e3ee47,0,1,1,0,1,1
case_59043a84,0,1,1,1,1,1
case_e15f6b92,0,1,1,1,1,0
case_17fd1155,0,0,1,1,1,0
case_5e41ca9a,1,1,1,0,1,1
case_51d2df41,1,1,1,1,1,1
case_9212a8c1,1,1,1,1,0,0
case_8346310b,0,1,1,0,1,1
case_a33ab5cc,1,0,1,1,1,1
case_2a521846,1,0,1,1,1,1
case_7c3babf9,1,0,1,1,1,1
case_5f41fefc,0,1,1,1,1,0
case_6f99e721,0,1,1,1,1,0
case_2d97ee8b,1,1,1,1,1,1
case_85342628,0,0,1,1,0,0
case_adf97396,1,1,1,1,1,1
case_1b329a7d,1,1,1,1,1,1
case_aa024677,1,1,0,0,0,1
case_66f35771,0,1,1,1,1,1
case_eacb9e8c,1,1,1,1,1,1
case_145960d4,1,1,1,1,1,0
case_3f75626d,0,1,0,0,0,1
case_b2e64457,1,1,1,1,1,1
case_44d444b0,1,1,1,1,1,1
case_095af12e,0,1,1,1,1,1
case_366dad61,1,1,1,1,1,1
case_c42ff808,1,0,1,1,1,1
case_0780a3f4,1,1,1,1,1,1
case_986a8dd2,1,1,1,1,1,1
case_c662cd28,0,0,1,0,1,1
case_a16e7bc4,1,1,1,1,1,1
case_b42ef12e,0,1,0,1,0,1
case_f2a1b37f,0,0,1,0,0,0
case_8547bde5,1,1,1,0,1,1
case_2f92b3ab,1,0,1,0,1,1
case_34e02d63,0,0,1,0,1,1
case_d804b47a,1,1,1,0,1,0
case_ccfe7b41,1,1,1,1,0,1
case_0530216d,0,1,1,1,0,1
case_c39e8b3a,1,1,0,1,1,1
case_c1d41e63,1,1,1,1,1,1
case_b6f3d297,0,1,0,1,0,1
case_072ac458,1,1,1,1,1,1
case_7951ebbe,0,1,1,0,1,0
case_aa00c848,0,1,1,1,1,0
case_fce61f4b,1,1,1,1,1,1
case_23e8cc37,1,0,0,1,1,1
case_ce376978,0,1,1,0,1,0
case_a5782321,0,1,1,0,1,1
case_afe283da,0,1,1,1,0,0
case_685bb3ca,0,1,1,0,1,1
case_5edd14e9,1,0,1,0,1,1
case_8832f78e,1,0,1,1,1,1
case_e0dbb0b5,1,0,0,0,0,0
case_858ccfda,1,0,1,1,1,1
case_49c4b9f7,0,1,1,1,1,1
case_72d66dad,1,1,1,1,1,1
case_c23a544c,0,0,1,1,0,1
case_e137d0ab,0,0,0,0,0,0
case_fd3b17ec,1,0,1,0,1,1
case_335fc5c3,1,0,1,1,1,1
case_a0198715,1,1,1,1,1,1
case_5563fd5d,0,1,0,1,0,0
case_70c09aff,1,1,1,1,1,1
case_dab11a52,0,1,1,1,1,1
case_291e8540,1,1,1,1,1,1
case_3c5b5d0e,1,1,1,1,1,1
case_16de98ea,0,1,1,1,1,1
case_c8a390b4,1,1,1,1,0,1
case_45f48f78,1,1,1,1,1,1
case_32e22afc,0,0,1,1,0,1
case_2a55be6d,1,1,1,1,1,1
case_5defc02c,1,1,1,0,0,1
case_27f11729,0,1,1,1,1,0
case_1e05ac97,1,0,1,0,0,1
case_94342f70,1,0,1,0,0,1
case_296c545c,0,1,0,1,0,0
case_356db31d,1,1,1,1,1,1
case_c2550197,0,0,1,0,0,1
case_b0d94158,1,1,1,0,0,1
case_f0586b3d,1,0,1,1,1,1
case_afa00756,1,1,1,1,1,1
case_39bca72f,0,1,1,1,1,0
case_5834183c,0,0,0,0,0,0
case_9a084ef4,1,1,1,1,0,1
case_888ef55f,1,1,1,1,1,1
case_455ef578,1,1,0,1,1,1
case_a7db8cd1,0,1,0,1,1,0
case_13bf2057,1,1,1,1,1,1
case_803fbd3a,0,0,1,1,1,0
case_fa4d452a,1,1,0,1,1,1
case_e19f3115,0,1,1,1,1,1
case_037d28a1,0,0,1,0,1,1
case_47805e3f,1,0,1,0,1,0
case_5ca33c87,1,0,1,0,0,0
case_ce4fdcdd,1,0,1,1,0,0
case_abf90586,1,0,1,0,0,1
case_fc517120,0,1,1,0,0,1
case_dc1b9f20,1,1,1,1,1,1
case_8b39da42,1,1,1,1,1,1
case_3e997fd8,0,1,1,1,1,1
case_00da19fc,0,1,1,1,1,1
case_fdc4b9de,1,1,1,1,1,1
case_e2f9f6a2,1,1,1,1,1,1
case_46b20ae5,1,1,1,1,1,1
case_af619616,1,1,1,1,1,1
case_a49eb614,1,0,1,0,1,0
case_bcd3eaca,1,0,1,1,0,1
case_4495545b,1,1,1,1,0,1
case_e9871198,1,1,1,1,1,1
case_e227b523,1,0,1,1,0,0
case_0286bab9,1,1,1,1,1,1
case_b17c871a,1,0,1,1,1,1
case_746d64a7,1,1,1,1,1,1
case_1b76e0cd,1,1,1,1,1,1
case_0d917880,1,1,1,1,1,1
case_15871b00,0,0,1,0,0,1
case_71c2204a,1,0,1,0,0,1
case_c87c0ff8,1,1,1,1,1,0
case_2161228e,0,0,1,0,0,1
case_e43a8688,1,0,1,1,1,1
case_1acceb47,0,0,1,1,1,1
case_7f8758b8,1,1,1,0,0,0
case_6ea8bb52,1,1,1,0,1,1
case_4897cf8f,1,1,1,1,0,0
case_23f32bba,1,0,1,1,0,1
case_ced31ddc,0,1,1,0,0,1
case_f8521725,1,0,1,1,1,1
case_a6bcb400,1,0,1,1,0,1
case_817358fd,1,1,1,1,1,1
case_05005673,1,1,1,1,0,1
case_141a7d6f,1,0,1,1,1,1
case_1c491f37,0,0,1,1,1,1
case_5a0cbc07,1,0,1,0,1,1
case_83419c4c,1,1,1,1,1,1
case_082d97ab,0,0,1,0,0,1
case_b2947f2b,0,0,0,1,1,0
case_8e66c145,0,0,1,0,1,0
case_21184685,1,1,0,1,0,0
case_0b5fb02e,0,1,1,0,1,1
case_372f174a,0,1,1,0,0,1
case_8843fb34,1,0,1,0,1,1
case_1e34aca7,0,0,1,0,1,0
case_eb109e38,0,1,1,1,1,1
case_51d76f7c,1,1,1,1,1,1
case_2cef3bd9,1,0,1,1,1,1
case_4edda05d,1,0,1,1,1,1
case_506c8f41,1,0,1,1,1,1
case_5c19f558,1,1,1,1,1,0
case_048ff9e2,1,1,1,0,1,1
case_53eaa459,0,1,0,0,1,1
case_33c4834d,1,0,1,0,1,1
case_8948560c,1,1,1,1,1,1
case_dbdfe5a9,0,1,1,1,0,1
case_961b0318,0,0,1,1,1,0
case_cd928ee8,1,0,1,1,1,1
case_34ce0767,0,0,1,0,0,0
case_e35b7aca,1,1,1,1,1,1
case_0614a579,0,0,1,0,0,0
case_634cc250,1,1,1,1,0,1
case_87b57f9a,0,0,0,1,0,1
case_ffddeba2,0,0,1,0,1,1
case_bfa48433,1,1,1,0,0,1
case_20aeaac2,0,0,0,0,0,0
case_2dea9eb3,1,0,1,1,1,1
case_937701cd,0,0,0,0,1,1
case_89c92ed3,1,0,1,1,0,1
case_bddcdb69,1,1,1,1,1,1
case_2d5c9a65,1,1,1,1,1,1
case_4a8cfb61,1,1,1,1,1,1
case_7cb417a5,0,0,1,1,1,1
case_72ffebf3,1,1,1,1,1,0
case_6f19d95a,1,1,1,1,1,1
case_a2f5e21a,0,0,1,0,0,1
case_75086ba8,1,0,1,0,1,1
case_fed5e337,1,0,1,1,1,1
case_e41b2ffb,1,1,1,1,1,1
case_30ad5310,1,1,1,1,0,1
case_99166c67,1,0,1,1,0,1
case_a4b2ef06,1,1,1,1,1,1
case_2b751fa3,1,1,1,0,1,1
case_843d1fe9,1,0,1,0,0,1
case_a5109523,1,1,1,0,1,1
case_544e0bb3,0,1,1,0,0,0
case_5816b9c2,1,0,1,1,1,0
case_c26710f7,1,1,1,1,1,1
case_f31f8a6e,1,1,1,1,1,1
case_365f52e2,1,0,1,1,1,1
case_a26d7b2f,1,1,1,1,1,1
case_8c5a7208,1,1,1,0,1,1
case_9d0bf379,1,1,1,1,1,1
case_2e2d751f,0,1,1,0,1,0
case_09627a74,1,1,1,1,1,1
case_65ca5f56,0,1,0,1,1,1
case_9f4b9f1b,1,1,0,1,1,1
case_c5b205af,1,1,1,1,1,1
case_0c4987f8,0,1,1,1,1,0
case_cb96a544,0,0,0,0,1,0
case_42e02a88,1,1,1,1,1,1
case_6ae08e94,1,1,1,0,1,1
case_e480efd3,0,0,1,1,0,1
case_a0e29b93,1,1,1,1,1,1
case_1425fa76,1,1,1,1,1,1
case_06541257,1,1,1,1,1,1
case_1e1754ae,0,0,1,1,0,1
case_0e71a49f,0,0,1,0,1,1
case_56daa145,0,0,1,0,0,1
case_e9ee1090,0,1,1,1,0,0
case_94f4ffd6,1,1,1,0,0,1
case_d5634404,0,0,1,0,1,0
case_df0b78ff,1,1,1,1,1,1
case_cb957399,0,1,0,1,0,1
case_cce1e46f,1,0,1,0,1,1
case_ab98a8bf,0,0,1,0,1,1
case_63d9f90e,1,1,1,1,1,1
case_60cce6f0,1,0,1,0,0,1
case_1cb16558,1,0,1,1,1,1
case_c48bda45,0,1,1,1,1,1
case_7c025c89,0,1,1,0,1,1
case_d39140af,1,1,0,1,1,1
case_fc82a875,1,1,1,0,0,1
case_0c1e5be0,1,1,1,1,1,1
case_059e39aa,1,1,0,1,1,1
case_0c53f83b,1,1,1,1,1,1
case_c9a24e68,1,1,1,1,1,1
case_6354896f,1,1,1,1,0,1
case_3810620c,1,1,1,1,1,1
case_6f2a0525,1,0,1,1,0,0
case_ce39fea9,1,1,1,1,1,1
case_878c719d,1,1,1,1,1,0
case_0df3cdbd,1,1,1,1,1,1
case_67dd18b3,0,1,1,1,0,1
case_b03a2096,1,1,1,1,1,1
case_a7ac74b9,1,1,1,1,1,1
case_893de00b,1,0,1,1,1,1
case_589e7eeb,0,0,0,0,1,0
case_9c432cd0,0,0,1,1,1,1
case_4c68a7a5,0,0,0,1,1,1
case_35a76e46,1,1,1,1,1,1
case_012b6624,0,0,1,0,0,1
case_35dc3474,1,1,0,1,0,1
case_c33d8048,1,1,0,1,1,1
case_79604e7e,1,0,1,1,0,1
case_b9fac3ad,1,1,1,1,1,1
case_9bd556d8,1,1,1,1,1,1
case_406bc428,1,0,1,1,1,1
case_419abd14,1,0,1,1,1,1
case_b331f9c9,0,0,1,0,1,1
case_48720727,1,1,1,1,1,1
case_c7fc86f5,0,1,1,0,0,0
case_87bd4db1,1,1,1,1,1,1
case_d1d7059c,1,1,1,0,1,1
case_aec98d5d,0,1,1,0,1,1
case_f7a5a41b,0,1,1,1,1,1
case_085dcd7c,0,1,0,1,0,1
case_2090e121,0,0,0,0,0,1
case_1bce15f5,1,0,1,0,0,1
case_ef0f4d33,1,0,1,1,1,1
case_f9d96ce3,1,1,1,1,1,1
case_91fcfb48,1,1,1,1,1,1
case_ce889527,0,0,1,1,0,0
case_491ab7e3,1,1,1,0,1,1
case_2453690f,0,1,1,1,0,0
case_4746353c,0,1,1,0,1,1
case_5f1fc316,1,0,1,0,1,0
case_43ab25b9,0,1,1,1,1,1
case_94ce5b71,0,0,1,1,0,0
case_097f105d,1,1,1,1,1,1
case_9ca50797,1,1,0,1,1,1
case_5042520e,1,1,1,1,1,1
case_3aa800db,0,0,1,0,0,0
case_1a796810,1,1,1,1,0,1
case_7c714766,1,1,0,1,1,1
case_22a5577d,1,1,1,1,0,1
case_9ddaa93f,1,1,1,1,1,1
case_a2f5df81,1,0,1,0,0,1
case_995c983f,0,1,0,1,0,1
case_e8ede698,1,1,1,1,1,1
case_1540da20,1,1,1,0,1,0
case_35f4e7a6,1,1,1,0,1,0
case_f53e5f6d,1,1,1,1,0,1
case_5875710b,0,1,1,0,0,0
case_d4654772,1,0,1,1,1,1
case_76831981,0,0,1,0,1,1
case_601938a7,0,1,1,1,0,1
case_e33086ff,0,0,1,1,1,0
case_789153a6,0,0,0,1,1,1
case_3689aba5,0,1,1,1,1,0
case_db8e5419,1,1,1,1,1,1
case_3ae5d4a9,1,1,1,1,1,1
case_56724b58,1,1,1,1,1,1
case_5c4781be,1,0,1,1,1,1
case_df4fbe35,1,1,0,1,1,1
case_e9f454b2,1,1,1,1,1,1
case_80267e6c,1,1,0,1,1,0
case_06b1f45e,1,1,1,1,1,1
case_83ae47e5,1,0,1,1,1,1
case_a45f18af,0,0,1,1,1,1
case_9564dec4,1,1,1,1,1,1
case_32966285,1,0,1,0,1,0
case_613faa01,0,0,1,0,1,0
case_947c44ed,0,1,0,1,1,1
case_bf3bdd1c,0,1,1,0,0,1
case_382d7389,0,0,1,1,1,1
case_621e5242,1,1,0,1,1,1
case_af7916a5,0,1,0,0,1,1
case_d147b9b1,1,0,1,1,1,0
case_75d0f92c,1,1,0,1,1,1
case_6ed0ea08,0,1,1,1,0,1
case_5ea2c7b7,0,0,1,1,1,1
case_97f7c3f9,1,1,1,1,0,1
case_6c5a63a3,1,1,1,1,0,1
case_86b1b5d9,0,0,0,0,1,1
case_1fc36b88,1,1,1,1,1,0
case_d2c262b4,1,1,1,1,1,1
case_7b99942c,0,0,1,1,1,0
case_a2db4758,1,1,1,1,1,0
case_e271176d,1,1,1,1,1,1
case_c7e1b485,1,0,1,0,1,1
case_a48ea3f8,0,1,1,1,0,0
case_1249b0e3,1,0,1,1,0,1
case_7f771612,0,1,0,0,1,1
case_7b335597,1,0,1,0,1,1
case_b2ae5a4d,1,1,1,0,0,1
case_85a987b6,1,0,0,1,1,1
case_c8c27028,1,0,0,1,1,0
case_bb9b591b,0,1,1,1,1,1
case_4f666a33,1,1,1,1,1,1
case_0d15ee49,1,1,1,1,1,1
case_b96fe046,1,1,1,1,1,1
case_d9b5dd3d,0,1,1,1,1,1
case_589edcd6,1,0,1,1,1,0
case_a6595f42,0,1,1,1,1,1
case_b79dda51,1,0,1,1,1,1
case_7d67d6a0,1,0,1,1,1,1
case_da703499,0,1,1,1,1,1
case_42af8d8a,1,1,1,1,1,1
case_267ddc18,1,0,1,1,1,1
case_b402d60f,0,0,1,1,1,1
case_8cab53b0,1,1,1,1,1,1
case_90da97dd,1,1,1,1,1,1
case_b238c177,1,1,1,1,1,1
case_7f8104b8,1,1,0,1,0,0
case_92dc1d76,1,1,1,1,0,1
case_06ca3558,0,0,1,0,1,0
case_17200f3e,0,1,1,0,1,1
case_4b75f36a,1,1,1,1,0,1
case_06eed7d4,0,0,1,1,1,1
case_ea87334b,0,0,1,0,1,1
case_002a6ae5,1,0,1,1,1,1
case_1fab5593,1,1,1,1,0,1
case_7222c49f,1,1,1,1,1,1
case_277e331e,1,0,1,1,1,1
case_8ae3dab5,1,0,1,0,1,1
case_e978d1be,1,0,1,0,1,1
case_64ebda2b,1,1,1,1,1,1
case_c90d26a1,1,1,1,1,1,1
case_7f891f53,1,1,1,0,1,1
case_c7d33c39,1,0,1,0,1,1
case_e121df83,1,1,1,0,1,0
case_52a48604,1,1,0,1,1,1
case_dd809fcc,1,1,1,1,1,0
case_4161d3b9,1,1,1,1,1,1
case_7b113659,1,1,1,1,1,1
case_c1e01fe0,1,1,1,0,1,1
case_42c33424,1,0,1,0,1,1
case_5d408d5a,0,1,0,0,1,0
case_5fd8d4d0,1,1,1,1,1,1
case_066eaada,0,0,1,0,1,1
case_26d95232,0,0,1,1,1,1
case_26dc7e44,0,1,1,1,1,1
case_04462703,0,0,1,0,1,0
case_01ae1cd7,0,0,1,0,0,0
case_408882e2,1,1,1,0,1,1
case_3064afd9,1,1,1,1,0,1
case_d074edf4,1,0,1,0,0,0
case_8eb47a69,0,1,1,1,1,1
case_6f7e560d,1,0,1,1,1,1
case_cd612b8a,1,1,0,1,1,1
case_350673ab,0,0,1,0,1,1
case_bf1232d5,0,1,1,1,1,1
case_ee69c8de,0,1,1,1,0,0
case_472b7a50,1,1,1,1,1,1
case_b92c1724,1,0,0,0,0,0
case_f47f0817,1,1,0,1,1,0
case_9a28bcde,1,0,1,1,1,1
case_1501f6d3,0,1,1,1,1,1
case_ba0ae841,1,0,1,1,0,1
case_d50f68d4,1,1,1,1,0,1
case_f41459eb,1,1,1,0,1,1
case_d707e46d,0,1,0,1,1,1
case_3889f555,1,1,1,0,1,0
case_5de72f36,0,1,1,1,1,0
case_987b8947,1,1,1,1,1,0
case_07b9368f,1,1,1,0,1,0
case_a5e5d546,1,0,1,1,1,1
case_b2cae0a8,1,1,1,1,1,1
case_28512b88,0,1,1,1,1,1
case_57e3ba67,0,1,1,1,1,1
case_438d918b,1,0,1,0,1,0
case_64f76042,1,1,1,1,1,1
case_1b234834,0,1,0,1,1,1
case_c393cdbe,1,1,0,1,0,1
case_7cc48946,1,1,1,1,0,1
case_b25f5651,1,1,1,1,1,1
case_d77a4c1e,1,1,1,1,1,1
case_a317adb6,1,1,1,1,1,1
case_499e074c,1,1,1,1,1,0
case_0d848c09,0,1,1,1,0,1
case_20628b3e,1,1,1,1,1,1
case_0395b047,1,0,1,0,0,1
case_ec1b6ac9,0,0,1,0,0,1
case_e3dcae99,1,1,1,0,0,1
case_7a801144,1,1,1,1,1,1
case_c21c2cee,0,0,1,0,1,0
case_94015dac,1,1,1,0,1,1
case_df11ee2b,0,0,1,0,1,1
case_a4b547d0,1,1,1,1,0,1
case_43a97a97,0,0,1,1,1,1
case_db9e3718,1,1,1,1,1,1
case_ccb7f865,1,1,1,1,1,1
case_51a6c491,0,0,1,1,1,0
case_384bec7a,1,1,1,1,1,1
case_56b56130,0,0,1,1,0,0
case_82af207a,1,1,1,0,1,0
case_cae12880,1,1,1,1,1,1
case_78989105,1,0,1,0,0,1
case_dacb4ad3,0,0,1,0,1,1
case_d8abdb32,0,0,1,1,0,1
case_d301b8ea,1,0,1,1,1,1
case_7656603c,0,0,0,1,1,1
case_c17f2305,1,1,1,1,1,1
case_1c735d58,1,0,1,0,1,0
case_e6cb73d0,1,1,1,1,1,0
case_732826f5,0,1,1,1,0,1
case_67a39154,1,1,0,0,0,1
case_c720539f,0,1,0,1,1,1
case_2a9688cb,0,0,1,0,1,1
case_e8024d89,1,0,1,1,0,1
case_c7f6c392,1,0,1,0,1,0
case_998e2476,1,0,1,1,0,1
case_d7b7be24,1,1,1,1,1,1
case_14bf8be9,1,1,0,1,1,1
case_54bb3975,1,0,1,0,1,1
case_56cebd9e,1,1,1,1,1,1
case_9cddfd5a,1,1,1,1,1,1
case_0712f25c,1,1,1,1,1,1
case_5fdd739f,1,0,1,1,1,1
case_9f6b28ee,0,1,1,1,0,1
case_cecf5afc,1,1,1,1,1,1
case_8e97990b,0,1,1,0,1,1
case_641f1577,0,1,1,1,1,1
case_f45e754b,0,0,1,0,0,1
case_42af4622,0,0,1,1,1,1
case_500b8db7,0,1,1,1,1,1
case_52c22d57,1,1,1,0,1,1
case_4499d207,1,1,1,1,1,1
case_b9c97c82,1,1,1,1,1,1
case_9f5d85dd,0,1,1,1,0,0
case_b365f2ae,1,1,1,1,1,1
case_a24220f1,1,0,1,1,0,1
case_0c490c3d,1,1,1,1,1,1
case_5434ec8f,0,1,1,1,1,0
case_1508fc09,0,1,1,1,1,1
case_d14068f0,0,0,1,1,1,1
case_78e21445,0,1,1,1,1,1
case_3408683a,1,0,1,1,1,0
case_0b9b75ec,1,1,1,1,1,0
case_727f38f6,1,1,1,1,1,1
case_2a994c2f,0,1,1,1,1,1
case_5af97a29,1,1,1,1,1,1
case_9a721958,1,0,1,1,1,0
case_27f61304,0,1,1,1,1,1
case_6a44f8d8,1,0,1,1,1,0
case_ab79ada5,1,1,1,1,1,1
case_2cea4d40,0,0,1,1,1,1
case_da952f6e,1,1,0,1,1,1
case_a362cf7c,0,1,1,1,1,1
case_d783bdca,0,1,1,1,0,1
case_e726d842,1,0,1,0,0,1
case_af6e4ba4,1,1,1,1,1,0
case_3d8f9539,0,0,1,1,1,1
case_c2b61bc3,0,0,1,0,0,0
case_f5afc2b5,1,0,1,0,1,1
case_4d03b8ac,1,1,1,1,1,1
case_c4b401a7,1,0,1,0,1,1
case_bb9bc873,1,1,0,1,1,1
case_86b58f5c,0,0,1,1,0,1
case_2f214f64,1,1,1,1,1,1
case_4de202b3,1,1,0,1,0,1
case_394906f8,0,0,1,1,1,1
case_e9a694ef,0,0,1,0,1,1
case_3df136a3,1,1,1,1,1,1
case_3b537b1d,1,1,1,1,1,1
case_f60f5ca8,1,0,0,0,1,0
case_fbd4c598,1,1,1,1,0,0
case_02f17b7a,1,1,1,1,1,1
case_e8febe09,0,1,1,0,1,1
case_a5608a8d,0,0,1,1,1,1
case_fd245345,0,0,1,1,1,0
case_aefd0ad6,1,1,0,1,0,0
case_05880c5d,1,0,1,1,0,1
case_a907d82e,0,1,1,0,1,1
case_fc66315a,1,1,1,1,1,1
case_a5110ef2,0,1,1,1,0,1
case_4f4c82d3,0,1,1,0,1,1
case_155427a4,1,0,1,1,1,1
case_5d9f525a,1,1,1,1,1,1
case_0e8a1368,0,0,0,1,1,1
case_da2f2a89,1,1,1,1,1,1
case_9beb38e7,1,1,1,1,1,1
case_62aa6a34,1,0,1,1,0,1
case_309be42a,1,1,0,1,0,1
case_50590704,1,0,1,1,1,1
case_e62e4bd2,1,0,1,1,0,1
case_366de45e,1,1,1,1,0,1
case_1496d8ad,1,0,1,0,1,1
case_4a49cdd9,1,0,1,1,0,1
case_b58477f3,0,0,1,1,1,1
case_e6417005,0,1,1,1,1,1
case_2ef51060,1,1,0,0,1,1
case_9ecdcac9,0,0,1,1,0,1
case_a5b17d5e,1,1,1,1,1,1
case_0a7b4e09,1,1,1,1,1,1
case_f60b1995,0,1,1,1,1,1
case_3b1ba22e,0,1,1,1,0,0
case_c6cba394,1,1,1,1,0,1
case_303f2b1f,0,0,1,0,1,1
case_4a216337,0,0,1,1,0,1
case_20c51153,0,1,0,1,1,1
case_822e319a,0,0,1,0,0,1
case_6d82c630,0,0,1,1,1,1
case_03fee9c7,0,1,1,1,1,1
case_2ff0b4b5,0,1,1,1,1,1
case_8054804a,1,1,1,0,1,1
case_fd183046,1,1,1,1,1,1
case_d816a57f,1,0,1,1,0,1
case_c4754986,1,1,1,1,1,1
case_cdd65bd1,0,1,1,1,1,1
case_39d4e31c,1,1,1,1,1,1
case_0e539dae,1,1,1,1,1,1
case_6fde58ee,0,0,1,0,1,1
case_79845836,0,0,1,1,1,1
case_701ec2db,1,0,1,0,0,1
case_df0ea9c4,0,1,1,1,1,1
case_6add6af4,0,0,1,0,1,1
case_f3f9081e,1,0,1,0,1,1
case_d56220fd,1,1,0,1,0,1
case_021ea0ba,1,0,1,1,0,0
case_5181ee8d,1,0,1,0,1,1
case_c95be50c,0,1,1,1,1,0
case_9244e59b,0,1,1,1,1,0
case_2d4872b7,1,1,0,0,1,0
case_b5c3a315,1,1,0,1,1,1
case_d2c4c37f,1,1,1,1,1,1
case_c4dc5882,0,1,1,1,0,1
case_02ad89e6,0,1,1,1,1,1
case_39525bc9,1,1,1,1,1,1
case_90ad66a7,1,1,1,1,1,1
case_1abd0253,0,0,1,1,1,0
case_1b44b3aa,1,1,1,0,1,1
case_9895e481,1,1,1,1,1,1
case_a116374b,1,1,1,1,1,1
case_4dd1a41a,1,0,1,1,1,1
case_598a70bf,1,1,1,0,1,0
case_9c6ff642,1,1,1,1,1,1
case_e9d0f131,0,0,1,1,1,1
case_1b9c2a15,0,1,0,0,1,1
case_4ce4ccda,1,1,1,1,1,1
case_acb49cd8,0,0,0,0,0,1
case_76c89fe0,1,1,1,1,1,1
case_22b3acae,1,1,0,1,0,1
case_d58c7751,1,0,1,1,1,1
case_7069c84b,1,0,1,1,1,1
case_0f13e7bf,1,1,1,0,1,1
case_dc2017b4,1,1,1,0,1,1
case_4b3d0c02,0,1,1,1,0,1
case_5fa5f972,1,1,1,1,0,1
case_1143b64c,1,1,1,1,1,1
case_1f2453a2,1,1,1,1,1,1
case_a9073130,0,0,1,0,1,0
case_be96bc34,1,0,1,1,0,1
case_75ccc4f4,1,1,1,1,1,1
case_d9ad287f,0,0,1,0,0,0
case_b31a7bf5,1,0,1,1,0,1
case_4eac6065,1,0,1,1,1,1
case_d96acc5c,1,1,1,1,1,1
case_7f2f1993,0,1,1,0,0,1
case_1f626a0f,1,1,1,1,1,1
case_0c90c8d8,1,0,0,1,0,1
case_28cd0d12,1,1,1,1,1,1
case_8bd35b87,0,1,1,1,1,0
case_f9abebe1,1,1,1,1,1,1
case_9ab4356c,0,0,1,1,1,1
case_7e3a51bd,0,1,1,1,1,1
case_41f2dada,1,1,1,1,1,1
case_24869fd1,1,1,1,1,0,1
case_b1dd85db,1,1,1,1,1,1
case_2320da94,1,1,1,0,1,1
case_f91fb609,1,1,0,1,1,1
case_321ce69b,1,0,1,0,1,1
case_5051a5b4,1,0,1,1,0,1
case_5024ef35,0,0,1,1,1,1
case_5b273a0b,1,1,1,1,1,1
case_7ab1c41c,1,1,0,1,1,1
case_b8ed649b,1,1,1,1,1,1
case_4e7844b1,1,1,1,1,1,1
case_2c6a88d0,0,1,0,1,0,1
case_dea098f1,0,1,1,1,1,1
case_a567e6a3,1,0,1,0,0,0
case_6681ca4d,0,1,0,1,1,0
case_058d5edc,0,1,1,1,1,1
case_760910cc,1,0,1,0,1,0
case_ab6e3110,0,1,1,1,1,1
case_23673166,1,0,1,1,1,1
case_ddb15d18,0,0,1,0,1,1
case_1e572039,1,0,1,0,1,1
case_b8d84f66,0,0,0,1,0,1
case_931642c2,1,1,1,1,1,1
case_83b9554b,1,1,1,1,1,1
case_516af557,1,1,1,1,1,1
case_9219bd79,0,0,1,1,0,0
case_1b2bddd4,1,1,1,1,1,1
case_a631b2d8,1,1,1,1,0,0
case_8ae7a92c,1,1,1,1,1,1
case_f9cb79ee,0,1,1,1,1,1
case_b4258345,0,1,1,1,1,1
case_2d69d7ae,1,1,1,1,1,1
case_a4ba3b5f,0,1,1,0,1,0
case_bf158d33,1,0,1,0,0,1
case_4f9345ec,0,1,1,1,1,1
case_03b79987,1,1,1,0,1,0
case_104f5357,1,0,1,1,1,1
case_b658a068,0,1,1,0,1,1
case_bd1ab848,0,1,1,1,1,1
case_3fb85e3e,1,1,1,1,1,1
case_9d85cc3c,1,1,1,1,1,1
case_d828d7c3,0,0,1,1,1,0
case_cf298eff,1,1,1,0,0,1
case_28084630,0,0,1,1,1,1
case_579bbb3f,1,0,0,1,1,1
case_20678828,0,1,1,1,0,1
case_753a8ef7,1,1,1,1,1,1
case_5b3d2f7e,0,1,1,1,1,1
case_7a23cf8e,0,1,1,0,1,1
case_2cfc19bf,1,0,1,0,0,1
case_20780c92,1,1,1,1,1,1
case_30389cd8,0,1,1,1,0,1
case_4054f0fa,0,0,0,0,1,1
case_0228a12e,1,0,1,1,1,1
case_1c755e60,0,1,0,0,1,1
case_8c886a31,1,0,1,1,1,1
case_45b3ca96,1,1,1,1,1,1
case_833b51e6,0,0,1,0,0,1
case_b2a45e73,1,0,1,1,1,0
case_fd54a70c,1,0,1,1,1,1
case_6b68ec39,1,1,1,1,1,0
case_0d236ff4,1,1,1,1,1,0
case_02a67e9d,1,1,1,0,1,1
case_84be5699,1,0,1,1,1,1
case_ca877cde,1,0,1,1,1,1
case_64e58b81,1,1,0,0,0,0
case_cd855821,1,1,1,1,1,1
case_99c57b29,1,1,1,1,1,1
case_c95f56c9,1,1,1,1,1,0
case_f2913197,1,1,0,0,1,1
case_590e95f1,1,1,1,1,0,1
case_d84cb3c0,1,1,1,1,1,1
case_a97abeed,1,1,1,1,1,1
case_4a5acdfb,0,1,1,0,0,1
case_69359247,0,1,1,0,0,1
case_b8f3ef7a,0,1,1,1,0,1
case_6f9d8f0e,1,1,1,0,1,1
case_ab710659,1,1,1,1,0,1
case_06cee85e,1,1,0,1,1,1
case_087c89fd,0,0,0,0,0,0
case_240b7506,1,0,1,1,1,1
case_8b89b35b,0,0,1,0,1,1
case_eba50816,1,0,1,1,1,0
case_5c6dfff7,1,0,1,1,0,1
case_5b14417a,0,1,1,1,1,1
case_05721062,1,0,1,1,1,1
case_dc47724c,1,1,1,1,0,0
case_3825fcb2,1,1,0,1,1,1
case_5a70730b,0,0,1,0,1,0
case_1db7b34c,0,1,1,1,1,1
case_3ee4a844,1,1,1,1,1,1
case_25088a8f,1,1,1,1,1,1
case_05fd711b,1,1,1,1,1,1
case_092f05b1,0,1,1,1,0,1
case_5a889f12,0,0,1,0,0,1
case_f380c1b1,1,1,1,1,1,1
case_13ec0fbe,0,0,1,1,0,1
case_499208ab,0,1,1,1,1,1
case_146f1bc5,1,1,1,1,1,1
case_456b9deb,1,0,0,1,0,1
case_76883c44,0,1,1,1,0,1
case_fb8ceded,1,1,1,1,1,1
case_5fa7547b,1,0,1,1,0,0
case_3eafb506,0,0,0,1,1,1
case_be8cdbd0,0,1,1,1,1,1
case_e746119e,0,0,1,1,0,1
case_c8f299eb,1,0,0,1,1,1
case_69129bcf,1,1,1,0,0,0
case_6fc22b07,0,1,0,1,1,1
case_80eb647b,1,1,1,1,1,1
case_fd5db340,1,1,1,1,1,1
case_f6e83b1d,0,0,1,1,1,1
case_aa99ed49,0,1,1,1,0,1
case_2b19f826,1,0,1,1,1,0
case_d6cb6026,0,1,1,1,1,1
case_d4fbf04a,1,1,1,1,1,1
case_9198a3dc,1,1,1,1,1,0
case_d2e83a04,1,1,1,1,1,1
case_7d9316ec,1,1,1,1,1,1
case_dcf349e9,0,0,0,1,1,1
case_cdbd3ebd,0,0,1,0,1,0
case_ea43ad66,0,1,1,1,1,1
case_c01ca31c,1,0,1,1,1,0
case_d56f80cc,1,1,1,1,1,1
case_88199899,1,1,1,1,1,1
case_f807e194,1,1,1,1,1,0
case_26dba7fa,1,0,1,1,0,0
case_c2786e3b,1,1,1,1,0,1
case_0572fc6d,1,0,1,1,1,1
case_39d33ff5,0,1,1,1,1,0
case_4a200ea0,0,0,1,1,1,1
case_6d917e5c,1,1,1,0,0,1
case_835d0a34,0,0,1,0,1,1
case_b4f699e5,1,1,1,1,1,1
case_e007fcdb,0,1,1,1,0,0
case_64cd0bd0,0,0,1,1,0,1
case_f0412c9c,0,1,1,0,1,1
case_7d6d1e1d,0,1,1,1,1,1
case_8e7a1c62,1,1,1,1,1,1
case_c8a49353,1,0,0,1,0,1
case_d86037ec,1,0,1,1,1,1
case_b2c4aa08,1,1,1,1,1,1
case_234393ed,0,1,1,1,1,1
case_7c569240,0,1,1,0,1,0
case_52829151,0,1,1,1,0,1
case_1ae9c095,0,0,0,1,1,1
case_aef8df20,1,1,1,0,1,0
case_521e3931,1,1,1,1,1,1
case_62ba8f5d,1,0,1,1,1,1
case_7e4ce774,1,1,1,1,1,1
case_2b9f1076,1,0,1,0,1,0
case_e745974c,1,0,0,0,0,1
case_5e5a51a8,1,0,1,1,1,1
case_5405956a,1,0,1,0,0,1
case_f3707ece,0,1,1,0,1,1
case_c361248b,1,1,0,1,1,1
case_9c430726,1,0,1,1,1,1
case_f581fa0e,1,0,1,1,1,1
case_bb271aaa,0,0,1,0,1,1
case_a87c0e2b,1,1,0,0,0,1
case_f3643b71,1,1,1,0,1,1
case_cba9da2b,0,0,1,1,1,1
case_95f4dbea,0,0,1,1,1,1
case_a8a43eb6,1,0,0,1,0,1
case_34528591,0,0,1,0,0,0
case_b77d4623,0,1,1,1,1,1
case_eb4bb825,1,1,1,1,1,1
case_66ca0227,1,1,1,1,1,1
case_56985581,0,0,1,1,1,1
case_76d525cf,0,1,1,1,1,0
case_5314d4e1,0,0,1,0,1,1
case_9d88e893,0,0,0,0,0,1
case_57dbec44,1,1,1,1,1,1
case_1c77d8bf,0,1,1,1,0,1
case_65b31ce2,0,0,0,1,1,1
case_d4e02a94,1,0,1,1,1,1
case_46ea7806,1,0,1,0,1,1
case_c747762b,0,0,1,0,1,0
case_d87e9ade,1,1,1,1,1,1
case_9b7c996b,0,1,1,1,1,1
case_5d6c3ed1,1,1,1,1,1,1
case_0ee7233b,0,0,1,0,0,1
case_3d6f1589,1,1,1,1,1,1
case_74a7475c,1,1,1,0,1,1
case_1ac663bf,1,0,1,1,1,1
case_bd325eb7,1,1,1,1,1,1
case_32988ac4,0,0,1,1,0,1
case_e3fe0781,0,1,1,1,1,1
case_a8a36d8b,1,1,1,1,1,0
case_4c34235b,1,0,1,0,1,1
case_39a98464,1,1,1,1,1,1
case_b5c36ee4,0,1,1,1,1,1
case_bde0b268,0,1,0,0,1,1
case_f3458a85,1,1,1,1,1,1
case_3270cfe0,0,1,1,0,0,1
case_f5ce97c9,1,0,1,1,1,1
case_a4da089f,1,1,1,1,1,1
case_72e29290,1,1,1,1,0,1
case_e7a4ae2c,0,0,1,1,1,1
case_9f59d192,1,1,1,1,1,1
case_1024cec5,1,1,1,1,1,1
case_4381c1ef,1,1,1,0,0,1
case_cd86e581,1,0,0,1,1,1
case_fe71062a,1,1,1,1,1,1
case_a9215d21,0,0,1,1,1,1
case_51af6c1a,0,1,1,1,1,1
case_e4cdf330,1,1,1,1,0,0
case_fe5dcac6,1,0,1,1,1,1
case_e01324d0,1,0,1,1,1,1
case_74dd1066,1,1,1,1,1,1
case_e4870e61,1,1,1,1,1,1
case_f4d0814a,0,1,0,1,1,1
case_27f29177,1,1,1,0,0,1
case_53fd2c30,0,1,1,0,0,1
case_03f4dbe0,0,0,0,1,0,0
case_8fae9751,0,1,1,1,1,0
case_216f2570,1,0,1,1,1,1
case_e8c163fb,1,1,0,1,1,1
case_15e681f9,1,0,1,1,0,1
case_3ca1085e,1,0,1,1,0,1
case_851d29bf,0,0,0,0,0,1
case_95c4c576,0,1,1,0,1,1
case_846d0dce,1,1,1,1,1,1
case_a8c8262c,0,0,1,1,1,0
case_9fb09b48,1,0,1,0,1,1
case_11f1edef,1,1,1,1,1,1
case_3ef98dc5,0,0,1,0,0,0
case_8a37bffe,0,1,1,1,1,0
case_65a4bbcd,0,0,1,1,1,1
case_389d6fe7,1,0,1,1,1,0
case_ea695ac0,1,1,1,1,1,1
case_dfb91ec1,0,0,1,0,1,0
case_986d75cd,1,0,1,1,1,1
case_10adddef,1,1,1,1,1,1
case_b6d44f32,1,0,1,1,1,1
case_5a4ef4d7,0,1,1,1,1,1
case_9b780bf2,1,1,1,0,1,1
case_1c4a97dd,1,0,1,1,1,1
case_04c60176,0,1,1,0,0,1
case_9197bfca,0,0,1,0,1,1
case_d8cef51a,0,1,1,0,0,1
case_56d21719,0,0,1,1,0,1
case_775d366f,1,1,1,0,1,1
case_c8306441,0,1,1,1,1,1
case_7f944c9f,1,1,1,1,1,1
case_8828f435,0,0,0,0,1,0
case_78cfbc89,1,1,1,1,1,1
case_95562d9a,1,0,1,0,1,1
case_b5156236,0,1,1,1,0,1
case_03c6098a,0,1,0,1,1,0
case_bb7f765c,0,0,1,1,0,1
case_9b7e7a48,0,0,1,0,1,1
case_64045a9c,0,0,1,1,1,1
case_e660c465,0,1,1,0,0,1
case_b8268567,1,0,1,0,1,1
case_60ca7e87,1,1,0,1,1,1
case_11d5b8dd,1,1,1,1,1,1
case_2e8409d7,1,1,1,1,1,1
case_17dab800,0,1,1,0,0,1
case_2d78271b,0,1,1,1,1,1
case_1f519a6b,0,1,1,1,1,1
case_55b1fc97,1,1,0,1,1,1
case_91dad2c4,0,1,1,1,1,1
case_6f31e16b,1,0,1,0,1,1
case_54fe666d,1,1,1,1,0,1
case_1bd97a62,1,1,1,1,1,0
case_196338fb,1,1,1,0,1,1
case_7eaad956,1,0,0,1,1,1
case_fe37ec3e,0,1,0,1,0,1
case_d4033c7d,1,1,1,1,1,1
case_fb4ee707,1,1,1,1,1,1
case_fc58538f,1,1,0,1,1,1
case_7b0f2ac2,0,1,1,1,0,1
case_9f758d00,1,0,1,1,1,1
case_d88b8299,1,1,0,1,1,1
case_98016e8b,1,1,1,1,1,1
case_e72cc2cd,1,1,1,1,1,1
case_b991ed06,0,0,1,1,1,1
case_690f0992,0,0,0,0,0,1
case_db5c58bb,1,0,1,0,1,1
case_fce694b4,1,1,1,1,0,1
case_de49458b,1,1,1,1,1,1
case_a69cee1f,1,0,1,1,0,1
case_6413496c,1,1,0,0,0,0
case_a904445d,0,1,0,0,1,0
case_af356d88,0,1,1,1,1,0
case_c12bb194,1,1,1,1,1,1
case_f37aba5d,0,1,1,1,1,1
case_f6ab3d0b,1,1,1,0,1,1
case_69ad7e1d,1,1,1,1,1,1
case_c473324d,0,0,1,1,0,0
case_11ab4d07,1,0,1,1,1,1
case_81922a38,1,1,1,1,1,1
case_f57749d5,1,1,1,0,1,1
case_83914f9c,1,1,1,1,1,1
case_eb1e90ef,1,0,1,0,1,0
case_bc502017,1,1,0,1,1,1
case_db6dc8f4,1,1,1,1,0,1
case_c7545b4a,0,0,0,1,1,0
case_33e55322,0,0,0,1,0,0
case_f83a0983,1,1,1,1,1,1
case_beae86da,0,0,1,0,1,1
case_c24937df,0,1,1,1,1,1
case_7811b2d1,1,1,1,0,1,1
case_a175e5fa,0,0,1,0,0,1
case_e4a747fb,1,1,1,1,1,1
case_2f6401db,1,1,1,1,0,1
case_74780d7e,1,1,1,0,1,1
case_a967d4f3,0,1,1,1,1,1
case_1991bca7,0,1,1,1,1,1
case_e95f6283,1,1,1,1,1,0
case_eb3e7c67,1,1,1,0,0,0
case_0d4fe2cd,1,0,1,1,0,1
case_07fb49a4,0,0,1,0,1,0
case_78eb402c,1,0,1,1,0,1
case_2be2abfb,1,1,1,1,1,1
case_3ce7c198,1,1,1,1,1,1
case_d04c33a3,1,1,1,0,0,1
case_6c3ff737,1,1,1,1,1,1
case_49cdd64f,1,1,1,1,1,1
case_7abbe030,1,1,1,0,1,1
case_d1ad2ad2,0,0,1,1,1,1
case_0d66cbc8,1,0,1,0,1,1
case_106bf829,1,1,1,1,1,0
case_98983990,0,0,0,0,1,1
case_e626488d,1,1,1,1,1,1
case_47e8d696,0,0,1,0,1,1
case_c8d7b266,1,0,1,0,1,1
case_4a1d1cb3,1,1,1,1,1,1
case_205e4932,1,1,0,1,0,1
case_99d6f424,0,0,1,1,1,0
case_d82f0e65,0,1,1,1,0,1
case_a4d8d28c,1,0,0,0,0,0
case_62108b6d,1,1,1,1,1,1
case_2bc2af42,0,0,0,0,0,0
case_ee552733,1,1,1,1,1,1
case_029aeb3a,1,1,1,1,1,1
case_75d6420c,1,1,1,1,1,1
case_50bdbb03,1,0,0,0,1,1
case_1bfdc367,1,1,1,1,1,1
case_f027cc57,0,0,0,1,0,1
case_7bc4c4bc,1,1,1,1,1,1
case_433b307b,0,1,1,1,1,1
case_1c63e6e0,0,0,1,1,1,1
case_e6f1eeff,1,1,1,1,1,1
case_6191c9c6,0,0,1,1,1,1
case_bf4e3fd9,0,0,1,1,1,1
case_399057d8,1,0,1,1,1,1
case_3f535ca1,0,1,1,1,0,1
case_391d576e,1,1,1,1,1,1
case_dc495d97,0,1,0,1,0,0
case_632c5231,1,0,1,0,0,1
case_9d884343,0,0,1,1,1,1
case_554fbade,0,0,1,1,1,1
case_68650691,1,1,1,1,1,1
case_bd5f1cff,1,1,1,1,1,1
case_271b0fba,0,0,1,0,1,1
case_72656018,0,1,1,0,1,1
case_398e0674,1,0,1,1,1,1
case_da854ac0,1,0,1,1,0,1
case_04437b73,1,0,1,0,0,1
case_57af7635,0,1,1,0,1,1
case_cd355770,1,1,1,0,1,0
case_638e5282,1,0,1,1,1,1
case_ea5d530a,1,1,1,1,1,1
case_c7afe3ee,0,1,1,1,0,1
case_08d12d5d,1,1,1,1,1,1
case_406a7d1e,1,0,1,1,1,1
case_05562bb5,0,1,1,1,1,1
case_cd4783b1,0,0,1,0,1,1
case_03c6f689,0,0,1,1,0,0
case_7d7f94bc,0,1,1,1,1,0
case_4c4face4,0,1,1,1,0,1
case_2e928e58,1,0,1,1,0,1
case_caa94f14,0,1,0,0,0,0
case_def0d580,0,0,1,1,1,1
case_b03c8da5,1,1,1,1,1,1
case_e8e966ab,1,1,1,1,0,1
case_6b654706,1,1,1,0,1,1
case_fd1ba087,1,1,1,1,1,1
case_6e40fe5b,1,1,1,1,1,0
case_78cfc038,1,0,1,1,0,1
case_8203d0ec,1,0,1,1,1,1
case_2f69993d,1,1,1,1,1,1
case_7fef0e90,0,0,1,1,0,1
case_2375a279,0,0,0,0,0,0
case_f4a83db4,1,1,1,1,0,1
case_ae5925d8,0,0,1,0,1,1
case_01774262,1,0,1,1,0,1
case_aaeb3972,0,1,1,1,1,0
case_cf4d22dc,1,1,1,0,1,1
case_6fc0f670,1,1,1,0,0,1
case_e2165684,1,1,1,1,1,1
case_504d7d78,1,1,1,1,1,1
case_15a63da5,0,1,1,0,0,1
case_09cf89e3,0,0,1,1,0,1
case_f1089c4b,0,0,1,1,0,1
case_bb604a1b,0,0,0,1,1,1
case_5844d69a,0,0,1,0,0,1
case_7c72b5ed,0,0,1,1,1,1
case_5cae0a5c,1,1,1,1,1,1
case_70efe410,1,0,1,1,1,1
case_4f21b45f,1,1,1,1,1,1
case_8afa8804,1,1,1,1,1,1
case_2edba048,0,1,1,0,1,1
case_b829ffeb,1,1,1,0,1,1
case_b4fc6464,1,1,1,1,0,1
case_aba99d44,1,1,0,1,0,0
case_03dacdd0,0,0,0,1,0,1
case_f34cce62,0,1,1,1,1,1
case_e052d507,0,1,1,0,1,1
case_fb16846a,1,1,1,1,1,1
case_85922350,1,1,1,1,1,1
case_b0f418c4,1,1,1,0,1,1
case_2f4c5630,0,1,1,1,1,1
case_cdc6d5d6,1,1,1,1,1,1
case_f7cff2c8,1,1,1,1,1,1
case_d3ed91d2,0,1,1,1,1,1
case_7a568627,1,1,1,1,1,1
case_d42fe57d,1,1,1,1,1,1
case_3ac2fbb2,1,0,1,1,0,1
case_db737e60,1,1,1,1,1,1
case_e1ce31db,0,1,1,1,0,1
case_51c5a2d6,1,1,1,1,1,1
case_2a6b14b8,1,1,1,1,1,1
case_28f50197,1,1,1,1,1,1
case_ec0729c7,0,1,1,1,1,1
case_e41ffa2c,1,1,1,0,1,0
case_215fe199,0,0,1,0,1,1
case_fdbdc5ae,1,1,1,1,1,1
case_33a1b329,1,1,0,0,1,1
case_0504d2ba,1,1,1,1,1,1
case_474f71a3,1,1,1,1,1,1
case_29d30ed2,1,1,1,1,1,1
case_8ef19baa,1,1,1,1,1,1
case_eead0737,0,0,1,0,0,1
case_e2289928,1,0,1,1,1,0
case_7687e72c,0,0,1,1,0,1
case_46217959,0,0,0,1,0,0
case_230deca5,1,1,1,1,0,1
case_55ce8958,1,1,1,1,0,1
case_34f5a40a,0,0,1,1,1,1
case_e1ebc7fe,1,1,1,1,0,1
case_339d3d58,0,1,1,1,1,1
case_74d4d509,1,0,1,1,1,1
case_f7c1717a,1,0,0,1,1,1
case_16c060cd,1,1,1,1,1,0
case_92f1dfe4,1,1,0,1,1,0
case_3701f6ef,1,1,1,0,1,1
case_6eea48ce,1,1,0,1,0,0
case_c2022ab6,0,0,1,0,1,1
case_46c0e42a,1,0,1,1,1,1
case_4c5b0291,0,1,1,1,1,1
case_e4378ef3,1,1,1,1,0,1
case_7a6fade0,0,0,1,0,1,1
case_d22975c3,1,1,1,1,1,1
case_9ad2b917,0,1,1,1,1,1
case_6bbbb199,1,0,0,1,1,1
case_4bf45b00,0,0,1,1,0,1
case_833c5e4a,0,1,1,1,1,1
case_6e609d18,1,1,1,0,1,1
case_eefb5184,1,0,0,0,0,0
case_a223e331,1,0,0,1,0,1
case_2f51efc7,0,0,1,1,0,1
case_41d00cb3,1,0,0,1,1,1
case_22b7cc62,1,1,1,1,1,1
case_5072ed70,0,0,1,1,0,1
case_78b813cf,1,0,1,1,0,0
case_32961b69,1,0,1,1,0,1
case_e988bc43,1,1,1,1,1,1
case_a0cdbaee,1,1,1,0,0,1
case_4c291346,0,1,1,1,1,1
case_291421dd,0,1,0,1,1,1
case_fc7914f4,0,0,0,0,1,1
case_243283ec,1,1,1,1,1,1
case_1425743b,1,1,1,1,0,1
case_66ad9cd5,0,1,1,1,1,0
case_da24cc75,1,1,1,1,1,1
case_e5ecc4e5,1,1,1,1,0,1
case_97c7d8f8,0,1,1,1,0,0
case_75d7c24d,1,0,1,1,0,1
case_97951c39,0,1,0,1,0,1
case_3a563407,0,1,1,1,1,1
case_bc0b4b69,0,0,1,0,1,1
case_97908f89,1,1,1,1,0,1
case_fb9f4468,0,1,1,0,1,0
case_f2192614,0,0,1,1,1,1
case_7ccade2a,0,0,1,0,1,0
case_4d5572cf,1,1,1,1,1,1
case_3bd61860,0,1,1,1,0,1
case_8f5e70dd,1,1,1,0,1,1
case_5be162fd,0,0,1,0,1,1
case_77fad3f0,1,1,1,0,1,1
case_2e5d155b,1,1,1,0,1,1
case_9cfbd6de,0,0,1,0,1,1
case_851fe2bf,0,1,0,1,1,1
case_a9b2ec07,1,0,1,0,0,1
case_b91e0990,1,0,1,1,1,1
case_d765971a,1,0,1,0,1,1
case_f1bda71a,1,1,1,1,1,1
case_01c04aed,1,1,1,1,0,1
case_9e186758,1,1,1,1,1,1
case_cbf8ba17,1,1,1,1,1,1
case_bc4e0a76,1,1,1,1,1,1
case_7afb2fb1,0,0,1,0,1,1
case_52dbf2ad,0,1,1,1,1,1
case_dc43b99d,1,1,1,1,1,1
case_8a416b6c,1,1,1,1,1,1
case_25328eab,1,1,1,0,1,1
case_ee5f1807,1,1,1,1,1,1
case_d81afdab,0,1,1,0,1,1
case_f627db72,1,0,1,1,1,1
case_ee57f331,1,1,1,1,1,1
case_9b895991,1,0,1,1,1,0
case_1a37fecf,0,0,1,1,1,0
case_60909b25,0,0,1,1,1,1
case_aa05d8f6,1,1,1,1,1,1
case_a950de75,1,1,1,1,1,1
case_a2ba9919,0,0,1,0,1,1
case_e7a6fc13,1,0,1,1,0,0
case_b013473d,0,0,1,1,0,1
case_78cfa4ef,1,0,1,1,1,1
case_b1e7b132,0,0,1,0,1,0
case_ab0ebe36,0,1,1,0,1,0
case_738736e3,1,1,1,1,1,1
case_d151935a,1,1,1,0,1,1
case_cac95e90,1,1,1,0,0,0
case_f3cc68a9,0,1,1,1,1,1
case_a247c80d,0,0,1,1,1,0
case_c6e8d3d9,1,0,1,1,1,0
case_a939fd54,1,0,1,1,1,1
case_274bcc51,0,1,1,1,1,1
case_1af7fd57,0,1,1,1,1,1
case_2ddcd189,0,1,0,1,0,0
case_c7f9b8d5,0,0,1,0,0,1
case_19124542,1,1,1,1,1,1
case_d3034e55,1,0,1,0,1,1
case_a731992a,0,0,1,0,1,1
case_6f771e7e,0,1,1,1,0,1
case_5e28a3dd,0,1,1,0,1,1
case_1a4d3e16,1,1,1,1,1,1
case_8364a58c,0,1,1,0,0,0
case_1602f2d4,1,1,1,1,1,1
case_a1408d03,1,1,1,1,1,1
case_15d44ab5,1,1,1,1,1,1
case_adf201c2,1,1,1,1,1,1
case_cf53e31c,0,0,1,0,1,1
case_6d942bef,0,1,1,1,1,1
case_4b233abe,0,1,1,1,1,1
case_6b4528d7,0,1,1,1,1,1
case_6ff660f0,1,1,1,1,1,1
case_e6dea123,1,1,1,1,0,0
case_cee3d40b,0,1,1,0,1,0
case_b642d060,0,1,1,0,1,1
case_52da42fa,0,0,1,1,1,1
case_6eb4b3c2,0,0,1,0,1,1
case_f7e96576,1,0,0,0,1,0
case_d58116e7,1,0,0,1,1,0
case_3a670ce6,0,0,1,1,0,1
case_85fc2cc8,1,1,1,1,1,0
case_30294514,0,0,1,0,0,1
case_a19bf31f,0,1,1,1,1,1
case_ea56dcfc,0,1,1,1,1,1
case_4752b683,1,1,1,0,0,0
case_1eeaacab,1,1,1,1,0,1
case_97ea7b21,1,0,1,0,1,1
case_edaa59b4,0,0,1,0,1,1
case_1b305db4,1,0,1,1,0,1
case_dcc18d06,0,0,1,1,0,0
case_7076b6b5,0,0,0,1,0,1
case_e04a2627,1,1,1,1,1,1
case_f29eb1a9,1,1,1,1,1,0
case_efb8e722,1,0,1,0,0,1
case_53c009d2,1,0,1,1,1,1
case_c0e59b9d,1,1,1,1,1,1
case_4f674744,1,1,1,1,1,1
case_4802478b,0,0,1,0,1,1
case_46fa48db,1,0,0,1,1,1
case_554c95dc,1,0,1,1,1,1
case_4de47493,1,1,0,1,1,1
case_ef913146,1,1,1,1,1,1
case_63cca6ea,1,1,0,1,1,1
case_2d3da06e,0,0,1,1,0,1
case_50ee8e56,1,0,1,1,1,1
case_13944626,0,1,0,1,0,1
case_aec4636b,1,1,1,1,1,1
case_85b47490,0,1,1,1,1,1
case_c37ff54e,1,1,1,1,1,1
case_d7638908,0,1,1,0,0,1
case_b7615d5c,1,1,1,1,1,1
case_99e1a3f8,1,0,1,1,0,0
case_6a7a04ae,0,0,1,1,1,1
case_c673be93,1,1,1,1,1,0
case_3986cdb0,0,1,1,1,1,1
case_5873b800,1,0,1,1,1,1
case_06423b78,0,1,1,1,1,0
case_6f81efe2,0,1,0,0,1,1
case_b7c824f8,0,0,1,1,1,0
case_5a8c1068,0,1,1,1,1,1
case_8be5601e,1,0,1,1,0,1
case_6cebbd4b,1,1,1,1,1,1
case_66333aba,0,1,1,1,1,1
case_1604ed28,1,1,1,0,1,1
case_c1c2e0a1,1,1,1,1,1,1
case_2501c9c0,0,1,1,1,1,1
case_e7a5b07f,1,1,1,1,1,1
case_1e44d3e9,0,1,0,1,1,1
case_9db3d12c,1,1,1,1,0,1
case_4f696cad,0,1,1,1,1,1
case_4839ffe9,1,0,1,1,0,1
case_537aa1dd,1,1,1,1,1,1
case_30841eab,1,1,1,1,0,0
case_163e771b,0,0,1,1,0,1
case_211a7fc1,1,1,1,1,1,1
case_616dbf51,1,0,1,1,1,0
case_b01debf4,1,0,1,1,1,1
case_d412d41a,0,0,1,0,1,1
case_e42ecd90,1,1,1,1,0,1
case_48f5b284,1,0,1,0,0,0
case_b6983d95,1,0,1,0,0,0
case_45d06378,1,0,1,1,0,1
case_79ead7c5,1,0,1,1,1,1
case_41728010,0,1,1,1,1,1
case_9fa46c08,1,1,1,1,0,1
case_ed36a59d,0,1,0,0,1,1
case_3c166bcf,1,1,1,1,1,1
case_f43e6fcc,0,1,0,0,1,1
case_d6cc865f,1,1,1,1,1,1
case_28f8286b,1,1,1,1,0,1
case_ec49a585,1,0,1,1,0,1
case_658a65d1,1,1,1,1,1,1
case_d7b47538,1,1,1,1,1,1
case_d33c2844,0,0,1,1,1,1
case_fb955147,1,1,1,1,1,1
case_17ebe064,0,0,1,1,1,1
case_118baf0a,0,1,1,1,1,1
case_56406b5b,1,0,1,1,1,0
case_a0a7c9ee,1,1,1,0,1,1
case_c50b131f,0,0,1,0,0,1
case_c8bb8be8,1,1,1,0,1,0
case_94c6b104,0,1,1,1,0,1
case_709420aa,0,0,1,1,1,1
case_bba9cfe0,1,1,1,1,1,1
case_328109f0,0,1,1,0,1,1
case_b2d389c5,1,1,1,1,1,1
case_53e18446,1,1,1,1,1,1
case_5deb5786,1,1,1,1,1,1
case_7313232e,1,0,1,1,1,0
case_f6dc1355,1,1,1,1,1,1
case_0484e64e,1,1,1,1,1,1
case_7fc81181,1,1,1,0,0,1
case_44c3c039,1,1,1,1,0,1
case_5bb27b3b,1,1,1,1,0,1
case_eb2bcf36,1,0,1,1,1,1
case_9664e0eb,1,0,1,1,0,1
case_2cfa3cb8,1,1,1,1,1,1
case_f08785fd,1,0,1,0,0,1
case_6547ab3a,0,1,1,1,0,1
case_ff3a607f,0,0,1,0,0,0
case_2cd35966,1,1,1,1,1,1
case_9ee2a0c7,1,1,1,1,1,1
case_bc8019d4,1,0,1,0,0,0
case_0a45c2f6,1,0,0,1,0,1
case_a92df8cf,1,1,1,0,1,1
case_9c5e4738,1,1,1,1,1,1
case_f10978f0,0,0,1,0,0,0
case_cbb0c93b,0,1,1,1,1,0
case_a6eae4f4,1,1,1,0,1,1
case_5b3d1a2f,0,0,1,1,1,1
case_afb4ec57,1,1,1,1,1,1
case_2b1a0a2c,0,1,1,1,1,1
case_77dcc64a,0,1,1,1,0,1
case_7d46409e,1,1,1,1,1,1
case_3271efc1,1,0,1,1,1,1
case_816a3209,1,1,1,1,1,1
case_f86f4961,0,0,1,0,1,1
case_b03fdc5c,1,1,1,1,1,1
case_de863770,1,0,1,0,1,0
case_81aeac02,0,1,0,1,1,1
case_d882be0b,0,1,1,1,1,1
case_2aeaf8c1,1,1,1,1,1,1
case_67d65c79,0,0,1,1,1,0
case_d4d5223d,1,1,1,1,1,1
case_6826d46c,1,1,1,1,1,1
case_fb9c02e3,1,1,1,1,1,0
case_d40a06e8,1,1,1,1,1,1
case_92021e0f,1,1,1,1,1,1
case_d02e82ab,1,1,0,1,1,0
case_69e44e28,0,0,0,1,1,1
case_609c6dd6,0,1,1,1,0,1
case_1ecd6d55,0,1,1,1,1,1
case_1f875059,0,0,1,1,0,0
case_07c38c6a,1,1,1,1,1,1
case_875f6d80,0,1,1,1,1,1
case_20b77b81,1,1,1,0,1,1
case_e07f59cc,1,0,1,0,1,1
case_e3b1e7c6,1,1,1,0,0,0
case_d3ce2e0c,0,0,1,0,1,1
case_3bb4f21c,1,1,1,0,1,1
case_60f17a12,0,1,0,1,1,1
case_b56f58c9,0,1,1,1,1,1
case_3044a7ad,1,1,0,1,0,1
case_a12ed1e8,1,1,1,1,0,0
case_96d60d7c,1,0,1,1,1,0
case_69259921,0,0,1,0,1,1
case_0bff4119,1,1,1,1,1,1
case_e0e61f40,0,1,0,1,1,1
case_7ad470ba,1,1,1,1,1,1
case_46e872c8,1,1,0,1,0,1
case_6db5c108,1,1,1,0,1,1
case_ef9d76af,1,1,1,1,1,1
case_2edb86ec,1,0,1,1,1,1
case_0a400ecc,1,0,0,1,0,1
case_e9e1392a,1,0,0,1,0,0
case_10734c66,1,1,1,1,1,1
case_b98ed8a7,0,1,1,1,1,1
case_ac8af85b,1,1,1,0,0,1
case_24c88c46,1,1,1,1,1,0
case_6449fd34,0,1,1,1,1,1
case_99e0615c,1,1,0,1,1,1
case_8b89308d,0,1,1,1,1,1
case_8c3e2fd9,1,1,1,1,1,1
case_2318239a,1,1,1,0,1,1
case_9642d062,0,1,1,1,1,0
case_5f3e63ca,1,1,1,1,1,1
case_b27fb7f6,0,1,1,1,1,0
case_f57b1735,0,1,1,1,1,1
case_a6ae3fe8,0,1,1,0,0,0
case_df794290,0,1,1,0,1,1
case_26b67486,1,1,1,1,0,1
case_5c2e8989,1,1,1,0,1,1
case_280c9194,1,1,1,1,1,1
case_eea9dafd,1,1,1,1,0,1
case_4199a234,1,1,0,0,1,0
case_2c773d52,1,0,1,1,1,1
case_b12a8eb6,1,1,1,1,1,1
case_7a208d8c,1,1,1,1,1,1
case_964dd4bd,1,1,1,1,1,1
case_cc261a4c,0,0,1,1,0,1
case_2228327d,0,0,1,1,1,1
case_6dc4c73f,1,0,1,0,0,1
case_83ce9f3a,1,0,1,1,1,1
case_9dd855d7,0,0,1,0,1,0
case_f16acbe9,1,0,0,0,1,1
case_74f670e0,1,1,1,0,1,1
case_71171741,1,1,1,0,1,1
case_7e4e23e5,1,1,1,1,1,1
case_fbff8999,1,0,1,1,1,1
case_1cd3042a,0,0,1,1,0,0
case_daabb88e,1,1,0,1,0,1
case_7e42cf97,1,0,1,1,1,1
case_abd927d3,1,0,1,1,1,1
case_b8cc0564,1,1,1,1,1,1
case_7dddbb3b,1,1,1,0,1,1
case_b53f79ba,1,0,1,1,1,1
case_f1131f21,1,1,1,0,1,1
case_a0f986a8,1,1,1,1,0,1
case_09bf68cb,1,1,1,1,1,1
case_a1df1ca8,1,1,1,0,0,1
case_611b2585,1,1,1,1,1,1
case_6e356024,1,0,1,1,1,1
case_e6bffd2a,1,1,1,0,0,0
case_9ce6ca21,1,1,1,1,1,0
case_8e34fd75,1,1,1,0,1,0
case_959c2f28,0,1,0,1,1,0
case_41c485b7,1,1,1,1,1,1
case_503fc368,0,1,1,1,1,1
case_72fac76b,0,1,1,1,1,1
case_306b4902,1,0,1,1,1,1
case_f44cdeec,1,1,1,1,1,1
case_1c32f8d2,1,0,1,1,1,1
case_1b0424f4,0,1,1,0,0,0
case_1938216b,1,1,1,0,0,1
case_b34084d1,0,0,1,1,1,1
case_b9268396,1,1,1,1,0,1
case_d57bb930,0,0,1,1,1,0
case_f6f956fa,0,0,1,1,0,1
case_35173d66,0,1,1,1,0,1
case_919ff85e,0,0,1,0,0,1
case_e422f869,0,1,0,1,1,1
case_62432df3,1,0,1,0,0,1
case_b4528b60,1,1,1,1,1,1
case_a275f406,0,1,1,1,0,1
case_17562f73,1,1,1,1,1,1
case_9d0e0035,1,1,1,1,0,1
case_7c1b87f4,1,1,1,0,0,1
case_3edb24d8,1,1,1,1,1,1
case_a0014dc9,1,0,1,1,0,1
case_49f4a56d,0,0,1,1,0,0
case_a1dda513,1,1,1,1,1,1
case_20596899,0,0,1,1,1,1
case_cf6808ed,1,1,0,1,0,0
case_71423210,1,1,0,0,0,1
case_ef979390,0,1,1,1,0,0
case_de35a1ae,1,1,1,0,1,1
case_898b322a,1,0,1,0,1,1
case_e0f5b19d,0,0,1,1,0,1
case_7225e387,1,1,1,1,1,1
case_719a9986,1,0,1,0,1,0
case_69d0180d,1,0,1,0,1,0
case_22d30370,1,0,1,1,1,1
case_56e40eba,0,1,1,1,1,1
case_82a93f14,1,0,1,0,1,1
case_41b1a773,1,1,1,1,0,0
case_13632afc,0,1,1,1,1,1
case_c7adf53a,1,1,1,1,1,0
case_7708d8ea,1,1,0,1,0,1
case_e7d03f0d,1,1,1,1,1,1
case_ade037a2,1,1,1,1,0,1
case_0fa23f22,1,1,1,1,1,1
case_b2b09446,1,0,1,1,1,1
case_a01a1e2e,1,1,1,1,1,1
case_8fcc045c,1,0,1,0,0,1
case_49dac527,1,1,1,1,1,1
case_d5b357d0,0,1,1,1,1,1
case_e959f4d3,1,1,1,0,1,1
case_57efc776,0,1,1,1,0,1
case_1280fb37,0,1,0,1,1,1
case_ac7d9220,0,1,1,0,1,0
case_fd7e06ab,0,0,0,1,1,0
case_1f902d80,1,1,1,1,1,1
case_0cfabe6f,0,1,1,1,1,1
case_320079ba,1,0,1,0,1,0
case_8afbb3ba,1,0,1,1,1,1
case_929ef0af,1,1,1,1,1,0
case_9cea8c40,1,0,1,1,1,1
case_1ce65b32,1,1,1,1,1,1
case_59bbcc53,1,0,0,0,1,1
case_9ee3488f,1,1,1,1,0,1
case_58943eb7,1,0,1,0,0,1
case_81e101a0,0,1,0,1,1,0
case_81da684e,0,1,1,1,1,1
case_c738a896,1,1,1,1,1,1
case_4115cf4d,0,0,1,0,1,1
case_4ca4f928,1,0,1,0,0,1
case_bd06faa5,1,0,1,1,0,0
case_32346135,0,1,1,1,0,1
case_b08ddde2,0,0,1,1,1,1
case_750379c8,1,1,0,1,1,1
case_ddfb0538,1,1,1,1,1,1
case_dcfab6d3,1,0,1,1,1,1
case_096ca2b1,1,1,1,0,1,1
case_095fe0c1,0,1,1,0,1,0
case_56317af0,1,1,0,1,0,0
case_b4e9c0e4,1,1,1,1,1,1
case_e461f938,1,1,1,1,0,1
case_3f015529,0,1,1,1,1,1
case_ecda2430,1,1,1,1,1,1
case_7b8551c0,0,1,1,0,1,1
case_c4cd773b,1,0,1,1,1,1
case_0e9f6b28,0,1,1,0,1,1
case_6a0bb7d4,0,1,1,1,1,1
case_211ae01c,1,0,1,1,1,1
case_22f49073,0,0,1,0,0,1
case_1e790f56,1,1,1,0,1,1
case_dbf1898b,1,1,1,1,1,0
case_43b801ce,0,0,1,1,1,1
case_f5393df0,0,0,1,1,1,0
case_7f1cb1ca,0,1,1,1,1,1
case_1d8586bb,1,1,1,1,1,1
case_070f76c9,1,0,1,0,0,1
case_85223167,0,1,1,1,1,0
case_121cbefe,0,1,1,0,0,0
case_556dbb6f,1,1,1,1,1,0
case_36f54d54,1,0,1,1,1,1
case_362bd77f,1,1,0,1,1,1
case_07e27f83,0,0,0,0,1,0
case_1a902287,0,1,1,1,1,1
case_b99d43b0,0,1,1,1,1,0
case_d1f3778f,1,1,1,1,1,1
case_a3968714,0,1,1,1,1,0
case_ee4d4a25,0,1,1,0,1,0
case_8b27d0f0,1,1,1,1,1,1
case_ccd023e2,1,0,1,1,0,1
case_8b052fe6,0,0,1,1,1,1
case_dde8e799,0,0,0,0,0,1
case_b481169d,1,1,1,1,1,1
case_6a894aec,0,1,1,1,1,1
case_de83679e,1,0,1,0,1,1
case_d1d7d173,1,0,1,0,1,1
case_03a46893,0,0,1,0,1,1
case_0f5ea5c5,0,0,1,0,0,1
case_a206558f,0,0,1,0,1,1
case_1b07959d,0,1,0,0,0,0
case_64662629,1,0,1,1,1,0
case_e9ba7650,0,0,1,0,1,1
case_a6bfca81,0,0,1,0,0,1
case_8584f564,1,1,1,1,1,1
case_fb9a8a18,0,1,0,1,1,1
case_51b9b330,1,1,1,1,1,1
case_24b1f4bf,0,1,1,0,1,0
case_2b1dd580,1,1,1,1,0,0
case_677393f6,0,0,0,1,1,1
case_81a53c53,1,1,1,1,1,0
case_b56ff616,0,0,1,1,0,0
case_def9cdf4,1,1,1,1,1,1
case_617eefd2,1,0,1,0,0,1
case_8e33be47,1,1,1,1,1,1
case_0619fd4c,1,1,1,0,0,0
case_d2f8266f,1,0,0,1,1,1
case_2f81cc7b,0,0,1,1,1,1
case_a3ef7a59,1,1,1,1,1,1
case_497890b8,0,1,1,1,0,0
case_2e5a2fba,1,1,1,1,0,1
case_9514baf2,0,0,1,1,1,1
case_f3dc6600,1,1,1,1,1,1
case_d4b5ab76,0,1,0,1,1,1
case_3d93a4b3,0,0,1,1,1,1
case_611065cc,1,0,1,1,1,1
case_99687994,1,1,1,1,0,1
case_6f269c5e,1,1,1,1,1,1
case_36aea093,1,1,1,1,1,1
case_98c7ba64,1,0,1,1,1,1
case_d3519cbb,0,0,1,1,0,1
case_48675639,0,1,1,1,1,1
case_edc032a9,0,1,1,1,1,0
case_28b32997,1,0,1,1,1,1
case_2ab61eae,1,0,1,1,1,1
case_6824006f,0,0,1,0,1,0
case_507dddf5,1,0,1,0,1,1
case_ad8efde7,1,1,1,0,1,0
case_15a8a86c,1,0,0,0,1,1
case_e571dcc8,0,1,1,1,1,1
case_83752ba8,1,0,1,1,1,1
case_dd96ec06,0,1,1,0,1,1
case_a424b0aa,1,1,1,0,1,0
case_31f22c4d,1,1,1,1,1,1
case_4adc3a9c,1,1,1,1,0,1
case_bcbfde21,1,1,1,1,0,1
case_e5f780ed,1,1,1,1,1,0
case_0df91a24,1,1,1,1,1,0
case_ce15c680,0,0,1,1,0,1
case_83f0b72d,1,1,1,1,0,1
case_1e7eeca0,1,0,1,1,1,1
case_61af5b6b,1,1,0,1,1,1
case_4a4959db,0,0,1,1,1,1
case_05ef7514,0,1,1,0,1,1
case_97fd349f,1,1,1,1,1,0
case_db970fa1,0,1,1,1,1,1
case_92fde65e,0,1,1,1,0,1
case_a63106c6,0,0,0,1,1,1
case_6c5e7692,1,1,1,1,1,1
case_692ec578,1,1,1,1,0,1
case_7753a874,1,1,1,1,1,1
case_c2fbf9eb,0,0,1,0,1,1
case_e4f4be47,1,1,1,1,1,1
case_7600f842,0,0,1,0,0,1
case_f4df7984,1,1,1,1,1,1
case_0efcb2d8,1,1,1,1,0,1
case_637c9cfc,1,1,1,1,1,1
case_bfff351c,1,1,1,1,0,1
case_df94c258,0,1,1,1,1,1
case_967923cc,0,0,1,1,1,1
case_5c06b0c1,1,1,1,1,1,1
case_c48cfeb7,0,1,0,0,1,0
case_900cbb7e,1,1,1,1,0,1
case_c882d34b,1,1,1,1,1,0
case_5ea10b52,0,1,1,0,1,1
case_ae615a15,0,1,1,1,1,1
case_066580c4,1,1,1,1,1,0
case_046788be,1,1,1,1,1,1
case_bc7576ea,0,1,1,1,1,1
case_7037093f,0,0,1,0,1,1
case_84809c4f,1,0,1,1,1,1
case_4edfeecd,1,0,1,1,1,1
case_03194abe,1,1,1,1,1,1
case_d9527beb,1,0,1,1,1,1
case_f8f40a2d,1,0,1,1,1,1
case_1aa9944f,1,1,1,1,1,1
case_711d9ed7,0,0,1,1,1,0
case_e8f05341,1,0,1,1,1,1
case_9be766ca,1,1,1,0,1,1
case_98dadfc7,1,1,1,1,1,1
case_86835042,1,1,1,1,1,1
case_fddbcc82,1,0,1,1,0,1
case_0762b830,1,0,1,0,0,1
case_7324dcf4,1,0,1,1,1,0
case_13872ad9,0,0,1,1,1,1
case_6d5bebae,1,0,0,0,1,0
case_c510e55f,1,1,1,1,1,1
case_ea090634,1,1,1,1,1,1
case_4e69fa29,1,0,1,1,1,1
case_26dc0370,1,1,1,1,1,1
case_f9970814,1,1,1,1,1,1
case_9bd4ee22,1,0,1,1,1,1
case_39024384,1,1,1,1,1,1
case_4e0ded46,0,1,1,1,1,1
case_2d100d66,1,0,1,1,1,1
case_96db0115,0,1,1,1,1,1
case_e3eaa43c,0,1,1,1,1,1
case_99715b44,1,1,1,1,1,1
case_b6ff578f,1,1,1,1,1,0
case_82590127,1,1,1,1,1,1
case_bb4702fc,1,0,1,1,0,0
case_4a0ac04c,1,1,1,1,1,1
case_2c28bcf4,1,1,1,1,1,1
case_c8ff9e38,1,0,1,1,1,1
case_ae4be9ff,0,0,1,0,0,0
case_5e4568a1,1,1,1,1,1,1
case_fc92c60c,0,0,1,1,0,1
case_100ec885,1,1,1,0,1,1
case_18637966,0,1,1,1,1,1
case_4129b554,1,0,0,1,1,1
case_5f9ffaa4,0,1,1,0,0,1
case_c992f4bd,1,1,1,1,1,1
case_d014c0b4,0,1,1,0,1,1
case_b03b92f7,1,1,1,1,1,1
case_29bd38a1,1,1,1,1,1,1
case_be74e055,0,0,1,1,1,0
case_cbf60074,0,0,1,1,0,1
case_dd204e9d,1,1,1,1,1,1
case_e877947b,1,1,1,1,1,0
case_dcb51ac3,1,1,1,1,0,1
case_0c0bef6e,0,1,1,1,1,1
case_c2929005,1,0,1,0,0,0
case_4f508a9a,1,1,1,0,1,1
case_0234132d,1,0,1,1,1,0
case_945eafe6,0,1,1,1,1,1
case_74422a89,1,0,1,1,1,1
case_3d4d3a83,0,0,1,1,1,1
case_c8ad4c33,1,1,1,1,1,1
case_92c92dae,1,0,1,0,1,1
case_49a9af09,1,0,1,0,1,1
case_44c7ee46,1,0,1,0,1,0
case_3ada074f,1,1,1,1,1,0
case_4947a038,0,0,0,0,0,0
case_e21c4945,0,0,1,1,0,1
case_5195fc82,1,1,1,1,1,1
case_a02f2031,1,1,1,1,1,1
case_f8356f7d,0,0,1,0,0,1
case_fae678dd,1,0,1,1,1,1
case_01b70353,0,0,1,0,1,1
case_8351cd18,1,1,1,1,1,1
case_ffc91607,1,1,1,1,1,1
case_397d7ca0,0,0,1,1,1,0
case_b103541a,1,0,1,1,0,0
case_78747da6,0,1,0,1,1,1
case_6e6e0767,1,1,1,1,1,1
case_3c08bb2d,1,0,1,1,1,1
case_5b34f60e,1,1,1,1,1,1
case_6700db3e,0,1,1,1,1,1
case_a556066b,1,1,1,0,1,1
case_c684f841,1,0,1,0,1,1
case_cbce9636,1,0,0,0,0,0
case_8f753214,1,0,1,0,1,1
case_481c34a3,0,0,1,1,0,0
case_87757f20,1,1,1,1,0,1
case_beba9e7d,0,1,1,1,1,0
case_be719d2d,0,0,1,1,0,1
case_84379160,1,1,1,1,1,1
case_42df6482,0,0,1,1,1,1
case_b4f94329,1,1,1,1,1,1
case_381f3135,0,1,1,1,1,1
case_7b021496,0,0,0,0,0,1
case_9aca68e4,1,0,1,0,1,1
case_c0e14303,1,1,1,0,1,0
case_1786e7a0,0,1,1,1,1,1
case_2e609227,0,1,1,1,1,1
case_812ffdc8,1,0,1,1,1,1
case_57f3d3dc,1,0,1,1,1,1
case_dc38af8d,1,1,1,1,1,0
case_0ea3f715,1,1,1,1,0,1
case_3eaaf970,1,1,1,1,0,1
case_52960357,0,1,0,1,0,1
case_39e56c39,0,0,1,1,0,1
case_0315b63a,1,1,1,1,1,1
case_dce70b48,1,1,1,1,1,1
case_e20f179b,1,1,1,0,0,1
case_1b838166,0,0,1,1,1,1
case_f416ae74,1,1,1,1,0,1
case_debc2cde,1,1,0,1,0,0
case_04b40b57,0,0,1,1,1,1
case_c6e15745,0,0,1,1,0,1
case_873c82ba,0,1,1,1,1,1
case_9cbddf0f,1,1,1,0,0,1
case_c4304a73,1,1,1,1,1,1
case_d3b113e8,1,1,1,0,1,0
case_ebe50d6a,1,0,1,0,0,1
case_e56a0902,1,1,1,1,0,0
case_52194d45,1,0,1,1,1,0
case_059e2b48,0,1,1,1,0,1
case_1b16da4a,1,1,1,1,1,1
case_07cd27e3,0,1,1,0,1,1
case_bf72ca7b,1,1,1,1,0,1
case_31f0ca77,0,1,0,1,0,0
case_6be0bafa,0,0,1,1,1,1
case_26b7ad06,1,1,1,1,1,1
case_68465b7a,1,1,1,1,1,1
case_0f6b580b,0,1,0,1,1,0
case_63b23139,0,0,1,1,0,1
case_c023a871,0,0,1,1,0,0
case_2f1d284c,1,0,1,1,1,0
case_f1202b87,1,1,1,1,1,1
case_7b8a58e4,1,1,1,1,1,1
case_d6f35424,1,1,1,1,1,1
case_e4b29577,1,0,1,1,0,1
case_3bdf469b,0,0,1,0,1,1
case_1a6863d3,0,1,1,1,1,0
case_7618953d,0,1,1,1,1,1
case_3c80027f,1,1,1,0,1,1
case_4da3e713,1,1,0,1,1,1
case_635188f2,0,1,1,1,0,1
case_225e2013,0,1,1,1,0,1
case_3b7af601,0,0,1,1,1,1
case_649c76e9,0,0,1,1,1,0
case_490ba96a,1,1,1,1,1,1
case_9f7f6bf5,0,0,1,1,1,0
case_82553062,0,0,1,1,1,1
case_eceb88af,0,1,1,0,1,0
case_7176ed22,1,1,1,1,0,1
case_6b6b30c3,1,0,1,1,0,1
case_89c85e03,1,1,1,1,1,1
case_5696abe4,1,1,1,1,1,1
case_505c56e8,0,1,1,0,0,1
case_766b7dc6,0,1,1,0,1,1
case_b8df2dba,0,1,0,1,1,1
case_1c26f4c9,0,0,1,1,1,0
case_0489563f,0,0,1,1,0,0
case_2724c8ce,0,1,0,0,1,0
case_b102528b,1,0,1,1,1,1
case_12fccac6,1,0,1,0,1,1
case_37cae308,0,1,1,0,1,1
case_57e90549,1,1,1,1,1,1
case_5c902be0,1,1,1,1,1,1
case_c6146b09,0,1,1,0,0,0
case_8d93b1aa,1,0,1,1,1,1
case_8436fe52,0,0,1,1,0,1
case_e390f406,1,1,0,1,1,1
case_31e1718a,1,1,1,0,0,1
case_27910f17,0,0,1,0,1,1
case_a21c67f7,1,0,1,1,1,1
case_e2d8f326,0,0,1,1,1,1
case_48b96316,1,0,1,0,1,1
case_80a71422,0,1,1,1,0,1
case_22d0e5f3,0,0,1,1,0,1
case_0960bd5f,1,1,1,1,1,1
case_42eb7db5,0,1,1,1,1,1
case_1334389f,1,1,1,0,1,1
case_236b91b5,1,1,1,0,1,0
case_9915ba36,1,1,1,1,0,1
case_9523d9af,1,0,1,0,1,1
case_cf9f21ab,1,1,1,1,1,1
case_c3e583f5,1,1,1,1,1,1
case_e6fbb257,1,0,1,1,1,1
case_1e412a2f,1,0,1,1,0,1
case_db42c440,1,1,1,1,1,1
case_39c047f0,0,1,1,1,1,0
case_50b9c322,0,0,0,0,1,0
case_83ad2e2d,1,0,1,0,0,1
case_2a0d46a5,1,0,1,0,0,1
case_23b2e0c2,0,1,1,0,1,0
case_0e8e3b60,0,0,1,1,1,0
case_6657742d,1,1,1,1,1,1
case_fd337f93,1,1,1,1,1,1
case_7bdd5322,1,1,1,1,1,1
case_82812590,1,1,1,1,0,0
case_a8b385ac,0,0,0,0,0,1
case_188022ee,1,1,1,1,1,1
case_7db8d719,0,1,1,1,1,1
case_e1c7e6d7,0,1,1,0,1,1
case_380fce16,0,0,0,0,1,1
case_c77767aa,1,1,1,1,1,1
case_b6a2d74e,0,1,0,1,1,1
case_6af7f603,0,1,1,0,1,1
case_ce76a816,1,1,1,0,1,1
case_fa31e73a,1,0,1,1,1,1
case_bab04aa0,1,1,1,1,1,1
case_37f5fe6b,1,0,1,1,1,1
case_43726b65,0,1,1,0,1,0
case_ad235cc1,1,1,0,1,1,1
case_afb4de88,1,0,1,0,1,1
case_4af2b53e,1,0,0,0,0,1
case_d0eb8922,1,1,1,0,1,1
case_c9e30e5e,1,1,1,1,1,1
case_7e5bb9bd,0,1,1,0,1,1
case_8d66e82c,0,0,1,1,1,1
case_a428f468,0,0,1,0,1,1
case_6d25199e,1,0,0,1,0,1
case_19d00b1e,1,1,1,0,1,1
case_50bb9d45,1,0,1,1,1,0
case_b4b35095,1,0,1,1,1,1
case_33126ed7,1,1,0,1,1,1
case_c62fc7bd,1,1,1,1,1,1
case_2aa5e8de,1,1,0,1,1,1
case_ac9d19fa,1,1,1,1,1,1
case_6a70c0f6,1,1,1,1,0,1
case_7e35bae8,1,1,1,1,1,1
case_ead391d0,1,1,1,1,1,0
case_801b29de,0,0,1,0,1,0
case_0e756586,0,0,1,1,1,1
case_7869dace,0,1,1,0,0,1
case_e3f3eefd,1,0,1,1,1,1
case_9b07d516,1,1,1,1,1,1
case_033af2b2,1,1,1,1,1,1
case_8691c6ac,1,1,1,1,1,1
case_8264aff5,0,1,1,1,1,1
case_5585ce59,1,0,0,1,0,0
case_5507de74,0,0,1,1,1,1
case_18c9439e,1,0,1,0,1,1
case_b3fa25e3,0,0,0,0,1,0
case_a06dd97e,1,1,1,0,0,1
case_0b7fa3db,1,1,1,0,1,1
case_1444c542,1,0,1,0,0,1
case_1ee7594a,1,1,1,1,1,1
case_2ea6b3e3,1,1,1,1,0,1
case_1dd5ae21,1,1,1,1,1,1
case_7b2c7544,0,0,1,1,0,0
case_f9c153b5,1,1,1,1,1,0
case_f2f9e4ff,0,0,1,1,0,1
case_9a33efd4,1,1,0,1,0,1
case_89cd57a8,1,0,1,1,0,1
case_27f941c8,0,0,1,1,1,1
case_c42cf41b,1,0,1,1,0,1
case_0333a860,0,1,1,1,0,1
case_c7256b16,1,1,1,1,1,1
case_c45875fd,0,0,0,1,0,1
case_94231041,0,0,1,0,1,1
case_a9abb4ae,1,1,0,1,1,1
case_38f98436,1,0,1,1,1,0
case_9b6441cd,0,0,1,1,1,1
case_e12fe4b5,1,1,0,1,1,1
case_031a10a1,1,1,1,1,1,1
case_4c870cec,0,1,1,0,1,1
case_125dd493,1,1,0,0,1,1
case_517d3db3,1,1,1,1,1,1
case_f7c7a876,1,1,1,0,1,1
case_6b3c27fc,0,1,0,0,0,1
case_3823c787,1,1,1,1,1,1
case_fc529a1e,1,0,1,0,1,1
case_947a1ec3,0,0,0,1,0,0
case_4d38dbb5,1,1,1,1,1,1
case_5c71a623,0,1,1,0,0,1
case_fee29043,0,1,1,0,1,1
case_11428aba,1,1,1,1,1,1
case_6067ee13,0,0,1,1,1,1
case_b7cbd308,1,1,1,1,0,0
case_13cdbde1,0,1,1,0,0,1
case_21349222,1,1,1,1,1,1
case_987a22c3,1,0,1,1,1,1
case_d7b47d64,0,1,0,1,0,1
case_fdf46be6,0,1,1,1,0,1
case_90d50d52,1,0,0,0,0,0
case_17458287,1,1,0,1,1,1
case_28837e74,0,1,1,1,1,1
case_db4d0f08,1,1,1,0,1,1
case_d1f1cbf0,1,0,1,1,1,1
case_0c3a161b,0,0,1,1,1,1
case_0b076eb8,0,0,1,0,0,1
case_2583acef,1,1,1,1,1,1
case_5ab19a6d,0,0,1,0,0,1
case_3494dae7,0,1,1,0,1,1
case_9192b1ad,1,1,1,1,1,1
case_de10d25c,1,1,0,1,0,1
case_20b21a2c,1,1,1,1,1,1
case_229891c5,0,1,1,0,1,1
case_83ba45de,1,0,1,0,1,1
case_a8633032,1,0,1,1,0,1
case_6d18f34f,1,0,1,0,0,1
case_617442a2,1,0,1,0,1,1
case_e5dc114b,1,0,1,1,1,1
case_45a5e8da,0,1,0,0,0,1
case_554a3edc,0,0,0,0,0,0
case_91ccea8c,0,0,1,0,1,0
case_a68d4cff,0,1,0,0,1,1
case_28480747,0,0,1,1,1,1
case_901457fc,1,1,1,1,1,1
case_a26d00ce,1,1,1,1,1,1
case_dc83f7b5,0,0,1,1,1,1
case_b0b8bb40,1,1,0,1,1,1
case_9eb12b79,1,0,1,0,1,1
case_5530d1a6,1,1,1,1,1,1
case_fc5e05dc,1,0,1,1,0,0
case_b4052b27,1,1,1,1,1,1
case_1105e9ce,1,1,1,1,0,1
case_83383bf9,1,1,1,1,1,0
case_8c7dce67,1,1,1,1,1,1
case_54585e47,1,0,1,1,1,1
case_78ba2203,1,1,1,1,1,1
case_c9f07602,1,0,1,1,0,1
case_dacc7425,1,1,1,1,1,1
case_f7d0c66e,1,0,1,0,1,1
case_68c15f25,0,1,1,1,1,1
case_e877d7f0,1,1,1,0,0,1
case_b868e66d,1,0,1,1,0,1
case_2c0e3ce8,1,1,1,0,0,1
case_8d4dfa57,0,1,1,1,1,0
case_ad26b838,1,1,1,0,1,1
case_79311aa9,1,1,1,1,1,0
case_47c485b3,0,1,1,0,1,1
case_d906af20,0,0,1,0,0,1
case_2283cb72,1,1,0,0,0,0
case_391e9751,1,1,1,1,1,1
case_7b5a6c1f,1,0,1,0,0,1
case_c8e1e8a9,1,1,1,1,1,1
case_c295a9c5,1,1,1,1,1,1
case_03ef7daf,1,0,1,1,1,0
case_93937977,1,1,1,1,1,1
case_46d9d8cd,1,1,1,1,1,1
case_0ec2f48b,0,1,1,1,0,1
case_0bfed99b,1,1,1,1,1,1
case_32175394,0,0,1,1,1,0
case_9a787e95,0,1,1,1,1,1
case_4f29f18a,0,1,1,1,1,1
case_66a9b6c4,1,0,1,1,1,0
case_0266d60b,0,1,1,1,1,1
case_8ed059a3,1,1,1,1,1,0
case_8d311341,0,0,0,1,0,0
case_a120e210,1,1,1,1,1,1
case_771878cc,0,1,0,1,1,1
case_5aeb959d,0,1,0,1,1,1
case_def2001a,1,0,1,1,1,0
case_4e7e69cf,1,1,1,1,1,1
case_4c1b5cda,1,1,1,0,1,1
case_bb00faf4,1,0,1,0,0,0
case_8c020cda,0,1,1,1,1,1
case_c5ff26f5,0,1,1,1,0,1
case_66b8629d,0,1,1,1,0,1
case_80921c50,1,1,1,1,1,1
case_5059dce2,1,1,1,1,1,1
case_2d6f28b5,1,0,1,0,1,0
case_561a69cb,1,1,1,0,1,1
case_e28120bd,1,0,1,1,1,1
case_6e1e1d9e,0,0,1,1,0,1
case_cc20bccf,1,1,1,1,1,1
case_52035e39,0,1,1,1,1,1
case_a0879510,1,1,1,1,1,1
case_c1584480,0,1,1,1,1,1
case_a178877f,0,1,1,1,1,1
case_047d18db,0,0,1,1,1,1
case_8550beb4,0,1,1,1,0,0
case_08b0bc06,1,1,1,1,1,1
case_696cd968,1,0,1,1,1,1
case_b4fa0f88,1,0,1,1,1,1
case_8a5017c5,0,0,1,0,1,1
case_3abdde37,1,1,1,1,0,1
case_474524ff,0,1,1,1,1,1
case_e15f0649,1,1,1,1,1,1
case_364df866,1,1,1,1,1,1
case_367ffe23,1,1,1,0,1,1
case_105cc151,0,1,1,1,1,1
case_7e5f0058,1,0,1,0,1,1
case_dbaf2594,0,0,1,1,0,0
case_3b1c5c40,0,0,0,0,0,1
case_01ca627d,0,1,1,0,1,0
case_b481878f,1,1,1,1,0,1
case_03378274,1,1,1,1,1,1
case_e789f183,1,1,1,1,1,1
case_67ff66e8,0,1,0,1,1,1
case_a6ae90ea,1,1,1,1,1,1
case_e14ff514,1,1,1,1,1,1
case_e629ab5a,0,0,0,1,0,1
case_9cfeb807,0,0,1,0,1,1
case_338ea49a,1,1,1,1,1,1
case_4b779bdc,1,1,0,1,1,1
case_645bcc20,1,1,1,1,0,1
case_6ab2ab6b,1,0,1,1,0,1
case_3405d47c,1,0,1,1,1,1
case_30c90eaf,1,1,1,1,1,1
case_2e88a372,0,1,1,0,0,1
case_0a0ecf3c,1,1,1,1,1,1
case_68454b40,1,0,1,0,1,0
case_89dfdee2,0,1,0,0,0,0
case_c18d63f4,1,1,1,1,1,1
case_84563209,0,1,1,1,1,1
case_f9b00a80,0,0,1,1,1,1
case_f58e44dc,1,1,0,1,1,0
case_fc57dd6c,1,1,1,1,1,1
case_484e8794,1,1,1,0,0,1
case_65f09866,0,0,1,0,0,0
case_6873e641,1,1,1,1,1,0
case_fe4e3a7e,1,1,1,1,0,1
case_273d4ba8,0,0,1,0,0,1
case_d96c78b8,1,1,1,1,1,1
case_b46e2551,1,0,1,1,1,1
case_bc69d48e,0,1,1,1,0,1
case_31835a15,1,1,1,1,1,1
case_91c53ea1,1,1,1,1,1,1
case_f2fae1f4,0,1,1,0,1,1
case_74433be7,0,1,1,1,1,1
case_272a19d1,1,1,1,1,1,1
case_1c0f7992,0,0,1,1,1,1
case_a34e5469,1,0,1,1,1,1
case_e9983b3c,0,0,1,1,0,0
case_0b185a67,1,1,0,1,1,1
case_19f25070,0,0,1,1,1,1
case_222f60f5,0,0,1,1,0,1
case_8907ab38,1,0,1,1,1,1
case_f6866ca6,1,0,1,1,1,1
case_04e3d24d,1,0,1,1,1,1
case_40f91354,0,1,0,1,0,0
case_9a982e41,1,0,1,0,1,1
case_c80fa801,0,1,1,1,1,1
case_53a30e1a,1,1,1,0,1,0
case_977b8291,0,1,1,0,1,1
case_e174e07d,0,1,1,0,1,1
case_a0944998,1,1,0,1,1,1
case_f4f5df2b,1,0,1,1,1,1
case_b14664c3,1,1,1,1,1,1
case_7180edd3,0,1,0,0,1,0
case_dec5a6c5,0,1,1,0,1,1
case_57a6c6bf,1,0,1,1,1,1
case_0e105e90,1,0,1,1,1,1
case_fc79864d,1,1,1,1,1,1
case_04641841,0,1,0,1,1,1
case_b08ffe63,1,1,1,1,1,1
case_de40be04,0,1,0,0,0,1
case_bc8671b4,1,1,1,1,1,1
case_e4c55547,0,1,1,0,1,0
case_111cc9f9,0,1,1,1,1,1
case_158a5ecd,1,1,1,1,1,1
case_3c901a95,0,0,1,1,1,1
case_de35b335,0,1,0,0,1,1
case_4b19f5e3,1,1,1,1,1,1
case_11803ecd,1,1,1,0,1,0
case_0f2aff8d,0,1,1,0,1,1
case_4c9e4263,1,1,1,0,1,1
case_1f3e05e2,0,1,1,0,1,1
case_1d638566,1,1,1,1,1,1
case_900c5351,1,0,1,1,0,0
case_361e90eb,1,1,0,1,1,1
case_127723bf,1,0,1,1,0,1
case_a121d870,1,1,0,1,1,1
case_ee5d6f9c,1,0,1,0,1,1
case_97f6bd05,1,1,1,1,1,1
case_c7559dc5,0,0,1,1,0,1
case_aaec8a76,1,1,1,1,1,1
case_1952bc27,0,0,1,1,0,1
case_f8d48371,1,1,1,1,0,0
case_447c73da,0,0,1,0,1,0
case_7b5f2aa0,1,0,1,1,1,1
case_4e62b605,0,0,1,1,1,1
case_8e07739d,1,0,0,1,1,1
case_07f10b23,1,1,1,1,1,0
case_53de114f,0,0,0,0,1,0
case_26ffb1a8,1,1,1,1,1,1
case_f5ea9f9b,1,1,1,0,1,1
case_5a4374fd,1,0,1,1,0,1
case_9909429c,1,1,1,1,0,1
case_012d804c,0,0,1,0,0,1
case_350c89da,1,1,1,1,1,1
case_96ccf40d,1,0,1,1,1,0
case_21d07bcc,0,1,0,1,1,0
case_9250cc5b,1,1,1,1,1,1
case_c6e41d71,1,1,1,0,1,1
case_ee97dbcd,1,1,0,1,0,1
case_1a732977,0,1,1,1,0,1
case_bd2880db,0,1,1,1,1,1
case_2dc6c113,1,1,0,1,1,1
case_fb1c9079,1,1,1,1,1,1
case_24bb7d5f,0,0,1,0,1,0
case_396f8a4f,1,1,1,1,1,1
case_3f31d160,1,1,1,1,1,1
case_d1c23a5e,1,1,1,1,1,1
case_e528579e,1,0,1,1,1,1
case_ae1682e8,1,1,1,0,1,1
case_3bc193b4,1,0,1,0,1,1
case_4ed3ffd0,1,1,1,1,1,1
case_fb545599,1,1,1,1,1,1
case_04b95dac,0,0,1,1,0,0
case_64e35265,0,0,0,1,0,1
case_c08abe39,1,1,1,1,1,1
case_12fb462e,1,0,1,1,1,1
case_e7029e41,0,0,1,1,0,1
case_f555094d,1,1,0,0,0,0
case_4dcb0bbf,1,0,1,1,1,1
case_5b064e9f,1,1,1,1,1,1
case_34914a5d,1,1,1,1,1,0
case_94f4fd8b,1,0,1,0,1,1
case_afd1f857,1,1,1,1,1,1
case_74364f3d,1,1,0,1,0,1
case_c21cbeb1,0,1,1,0,1,1
case_21696f67,1,0,1,0,1,1
case_be95a746,0,1,0,1,0,1
case_fcdf9f68,0,0,0,0,1,1
case_62940adc,1,1,1,0,1,1
case_4bb762f4,1,1,1,1,1,1
case_354fafe2,1,1,1,1,0,1
case_34c9e14e,1,0,1,1,1,1
case_a6c63a6d,1,1,1,0,1,1
case_bd4623ae,0,1,1,1,1,1
case_fe0ff607,1,1,0,1,1,1
case_1410ac95,0,0,1,0,1,1
case_1479f21c,0,0,1,1,0,1
case_b3367f8a,1,1,0,0,0,1
case_3e73170e,0,1,0,0,1,1
case_df52f28f,1,1,1,1,1,1
case_6b30d04a,0,1,1,0,1,1
case_11050ab6,1,1,1,1,1,1
case_fe307487,0,1,1,1,0,1
case_98a67398,0,0,1,1,1,1
case_0cdf0c84,0,1,1,0,0,1
case_77c3ec41,1,1,1,1,1,1
case_9a603b97,1,1,1,1,0,1
case_5e178cdf,1,0,1,1,1,0
case_031b2d50,1,1,1,1,1,1
case_1195cd55,1,0,1,1,1,1
case_e575dca8,0,0,1,1,1,1
case_0f53a225,1,1,1,1,1,1
case_74db04f7,1,0,0,1,1,1
case_96f3797d,1,1,1,1,1,1
case_e4f83363,0,1,0,1,0,0
case_f2fbf80d,1,1,1,0,1,1
case_96adee49,0,1,1,0,1,1
case_50fae5d9,0,1,1,1,1,1
case_0405875e,1,0,0,1,1,0
case_93a0cdd6,1,0,0,0,1,1
case_b15297ae,1,1,1,1,1,1
case_582a9dca,1,0,1,1,1,1
case_39c3cfc7,1,0,1,1,1,1
case_938b7b16,1,1,1,0,1,1
case_c0d55140,1,1,1,1,1,0
case_2b50a4ad,1,1,1,1,1,1
case_9e57c167,1,1,0,1,1,1
case_4de6797a,1,1,1,1,1,1
case_42a86c66,1,0,0,1,1,1
case_9efd00df,0,1,1,1,1,1
case_f6c24fc9,1,1,1,1,1,1
case_e2b73221,1,1,1,1,1,1
case_ea9a458c,1,1,1,1,1,1
case_cab31c49,0,1,1,1,0,1
case_64594eaf,1,1,1,1,1,1
case_e3bacd80,1,1,1,1,1,1
case_db6da296,1,0,1,0,1,1
case_33fce0ed,1,1,1,1,1,1
case_5fc4baeb,1,1,1,1,1,1
case_2b6ae34b,0,0,0,1,0,1
case_b1185c5d,1,0,1,1,1,1
case_6723907d,0,1,1,0,0,0
case_0590c872,0,0,1,1,1,1
case_4720d6d9,1,0,1,1,1,1
case_9acdcd2f,1,1,1,1,1,1
case_c3d3aeae,0,1,0,0,0,1
case_212c9b3a,1,0,1,0,0,1
case_f136ad20,0,1,0,1,1,1
case_ed8924e1,1,1,1,1,1,1
case_370b2bc0,0,0,1,1,0,1
case_6240625d,1,1,1,1,1,1
case_406f6111,1,1,0,0,1,1
case_73744475,0,0,1,1,0,1
case_1e67f5ff,0,0,1,0,1,1
case_b6a9cb20,0,1,1,1,0,0
case_a5fb79e1,0,1,1,1,1,1
case_b157e15f,1,1,1,0,1,1
case_a572467b,1,1,1,1,1,1
case_b0e04d4f,1,1,1,1,1,1
case_f0e954f7,1,1,1,1,1,0
case_55cb663b,1,1,1,1,1,1
case_f0ce6540,0,0,1,1,0,1
case_5a0722be,0,1,1,1,1,1
case_8a9103cc,1,1,1,1,1,1
case_43809a6f,1,0,0,0,0,1
case_84a734f9,1,1,1,1,1,1
case_8e2644f0,1,0,0,1,1,1
case_8f86571c,0,0,1,1,1,0
case_9052de79,1,0,1,0,1,1
case_bf23f967,0,0,0,1,0,0
case_ea5739bf,0,0,1,1,1,1
case_02a093fe,1,1,1,1,1,1
case_dd6d1986,0,1,1,0,0,0
case_4ed7ee53,1,1,1,0,0,1
case_36c09437,0,1,0,0,1,0
case_44ff76c8,1,1,1,1,1,1
case_7d7070fd,1,1,1,1,1,1
case_238e4a1b,0,0,0,0,0,1
case_ab43ed59,1,1,1,0,1,1
case_3dc262e2,0,0,1,1,0,1
case_d1a571d8,0,0,0,1,0,1
case_6c131755,1,1,1,1,1,1
case_a4c40fe2,0,0,1,1,1,1
case_7f2d79a3,1,1,1,1,0,0
case_60150f7d,1,0,1,0,1,1
case_8485c34d,0,1,0,0,1,1
case_41e3507b,1,1,1,1,1,0
case_895af6fd,1,1,1,0,1,0
case_a7376d50,1,0,1,1,1,1
case_b3674754,1,1,1,1,1,1
case_0f3504d4,1,1,1,1,0,1
case_f306ef8c,0,1,1,1,1,1
case_6e6c6e19,1,1,1,1,1,1
case_793cee74,1,0,1,1,0,0
case_608ed28b,1,1,1,1,1,1
case_4a58cfc8,1,0,1,0,0,0
case_f27a770e,0,1,1,0,1,0
case_cdffa08d,1,0,1,0,0,0
case_e70a090a,1,1,1,0,1,1
case_2726f75a,1,1,1,1,1,1
case_ba1dc156,0,1,1,1,1,1
case_1e6758e0,1,1,1,1,1,1
case_5a312c8e,1,1,1,1,1,1
case_52fb52a3,1,1,1,1,1,0
case_d3f076fd,1,1,1,0,1,1
case_ce0aba34,0,1,0,1,1,1
case_948469af,0,1,1,1,1,0
case_e2949990,0,1,1,1,1,1
case_cf202ed5,1,1,1,1,1,1
case_2cd9ac0c,1,1,1,1,0,0
case_f99aa337,0,0,1,1,1,1
case_6a64e2ab,1,1,1,1,0,0
case_f26e1387,0,1,0,0,1,1
case_1dc98512,1,1,1,1,1,0
case_de717c53,0,1,1,1,1,1
case_563fa6d9,1,1,1,0,1,1
case_1d36256d,1,1,1,1,1,1
case_32336737,0,0,1,0,1,1
case_624b1766,1,1,1,0,1,1
case_365dc7c1,1,1,0,1,1,1
case_3964d0a0,1,1,1,1,1,1
case_9f674fdd,1,1,1,0,1,1
case_bfd21d70,0,0,1,0,0,0
case_61281f81,0,1,1,1,1,0
case_7899b36f,1,1,1,1,1,0
case_cb8e89fb,0,1,1,1,0,1
case_509921a2,0,1,1,1,0,1
case_46703c97,1,1,1,1,1,1
case_f83466c6,0,1,1,1,1,0
case_90554aae,1,0,1,1,1,1
case_94a6978f,0,0,1,1,0,1
case_e1446833,1,0,1,1,1,1
case_877d1681,1,1,1,1,1,1
case_2d553b75,0,1,1,1,1,1
case_e02cffce,0,0,1,0,1,0
case_c5889a24,1,0,1,0,0,1
case_94f0eee5,1,1,1,1,1,0
case_9dda7bb4,1,1,1,1,1,1
case_b8941495,0,1,1,1,1,1
case_a9dd919b,0,1,1,1,1,1
case_10cea9b7,1,1,1,1,0,1
case_1af93a18,0,0,1,1,0,1
case_3566bbc6,1,1,1,1,1,1
case_760673e1,1,1,1,1,0,1
case_cd5ea085,1,1,1,1,1,1
case_38c36682,1,1,1,1,1,1
case_c7b7f98e,1,1,1,1,0,1
case_6dc44006,0,1,1,1,1,1
case_cb416928,1,1,1,1,1,1
case_e53129aa,1,1,1,1,1,1
case_77fad96e,0,0,1,1,1,1
case_0155ae12,1,0,1,1,1,0
case_4dd58ace,1,1,1,1,1,1
case_cabb9a05,1,1,1,1,1,1
case_dee2c338,1,0,1,1,1,1
case_82b05c79,1,0,1,0,1,1
case_e2e47cbb,1,1,1,1,1,1
case_f9124acc,1,1,1,1,0,1
case_228bcdeb,1,0,1,0,1,1
case_1eb8bdd4,1,0,1,0,0,1
case_52701174,0,1,1,0,1,0
case_9fed1735,0,0,0,0,0,1
case_ea223c1e,1,1,1,1,0,0
case_650497cb,0,1,1,0,1,1
case_7fcaca38,0,1,1,1,1,0
case_6238c97d,1,1,1,1,1,1
case_7f52c51f,0,1,0,0,1,1
case_b9c691bd,1,1,1,1,1,1
case_e7f6e34d,0,1,1,0,1,0
case_2a396279,0,0,1,1,1,0
case_aa6df924,1,1,1,1,0,1
case_2328427f,1,1,1,1,1,1
case_a8799cf3,1,1,0,1,0,1
case_2d4d8de2,1,1,1,1,1,0
case_5cff4758,0,0,0,1,0,1
case_c55f1b95,1,1,1,1,1,1
case_a4264041,1,0,0,1,0,1
case_6d5ceec9,0,1,1,0,1,1
case_5217a712,1,0,1,0,1,1
case_d3080694,1,1,1,1,1,1
case_0921365f,1,1,1,1,1,0
case_56c0a264,1,1,1,1,1,1
case_94256df8,1,1,1,0,1,1
case_ca8e054b,0,0,1,1,1,1
case_33b45ee1,0,1,1,1,0,0
case_46bb2cbc,1,1,1,1,0,1
case_893eaa91,0,1,1,1,0,1
case_dae7ded5,1,0,1,1,1,1
case_7095da6d,1,1,1,0,0,1
case_dab764c2,0,1,1,1,1,1
case_9433a6de,0,1,1,1,1,1
case_0ddd0540,1,1,1,1,1,1
case_b07c159a,1,0,1,0,0,0
case_8a01c87b,0,1,1,0,0,1
case_2aab3575,0,1,1,1,1,1
case_682b2d3f,1,1,1,1,0,1
case_34c9ee7a,1,1,1,1,1,1
case_9b15becc,0,1,1,1,1,1
case_280da3da,0,1,1,1,1,1
case_1026cf37,1,1,1,1,1,1
case_14346489,0,0,1,1,0,1
case_21fa529d,0,1,1,1,1,1
case_de5df93f,1,1,1,1,1,0
case_ea7decfd,1,1,1,0,0,1
case_2775a6ed,1,1,1,1,1,1
case_4506786f,1,1,0,1,1,1
case_10e86b92,1,0,1,1,1,1
case_dc865237,1,1,1,1,1,1
case_ba8469c3,0,1,1,1,1,0
case_84e3ac7f,0,0,1,1,1,1
case_fea9948f,1,1,1,1,1,1
case_c9dece4c,1,1,1,1,1,1
case_8e14bc59,1,0,1,0,0,0
case_cbd8db34,0,0,0,0,0,1
case_d1293ab2,0,1,1,0,1,1
case_1ad8cf12,1,1,1,1,0,1
case_1cb53dcb,0,1,1,1,1,1
case_06854111,1,0,1,1,1,1
case_cdd5d069,1,1,1,1,1,1
case_d3171559,0,1,1,1,1,1
case_98d51538,1,1,1,0,1,0
case_cdb1e96a,1,0,1,1,1,1
case_8946c4f0,1,1,1,1,1,1
case_f5e63844,1,1,1,0,1,0
case_68d7b788,0,1,1,1,1,1
case_edfdca25,1,0,1,0,1,1
case_2702e88b,1,0,0,1,1,1
case_e312e8e5,1,0,1,1,1,0
case_8a9c23bc,1,1,1,1,1,0
case_871e3b6f,0,0,1,1,1,0
case_d6731500,1,1,1,0,1,1
case_9905c9a6,1,0,1,1,0,1
case_a5b5e9c1,1,0,1,1,1,1
case_ca700db8,1,1,1,1,0,0
case_33dc5681,1,1,1,0,1,1
case_2bde8217,1,1,1,1,0,0
case_d560140f,1,1,0,1,1,0
case_87bb7bbe,1,0,1,1,1,1
case_7cccbfab,1,1,1,0,1,1
case_e940b711,1,1,1,1,1,1
case_d6128253,1,0,1,1,1,0
case_5c0138b7,1,1,1,1,1,1
case_790767cc,1,1,1,1,1,1
case_cf845c5d,1,1,1,1,1,1
case_c3931f63,1,1,1,1,1,1
case_376c7db7,0,0,1,1,0,1
case_3ca80e86,1,1,1,1,1,0
case_6ffe1ab3,1,0,1,1,0,0
case_4dc5e629,0,1,1,0,0,0
case_1be44322,1,1,1,1,0,1
case_49010e89,1,0,1,0,0,1
case_049f94fb,0,1,1,1,1,1
case_0372eb97,1,0,1,1,1,0
case_628a6646,1,1,1,1,1,1
case_65d502f9,1,1,1,1,0,1
case_b526ec40,0,1,0,1,1,0
case_513408ad,0,0,1,0,0,1
case_8949503d,0,0,1,0,0,0
case_84d05224,1,0,1,0,1,1
case_10219fe2,0,1,1,1,1,1
case_753d2a9d,1,1,1,0,1,1
case_d769af9b,1,0,1,1,1,1
case_f4da7a58,0,0,1,1,0,0
case_c2527672,0,0,1,1,1,0
case_3fad5de4,1,1,1,1,1,1
case_2bbacb36,0,1,0,1,0,0
case_211d52ca,1,0,1,0,0,1
case_e27894c4,0,0,1,1,1,1
case_8ff1dfcc,0,1,0,1,1,1
case_3ff6dedf,0,0,1,1,1,1
case_658847b1,1,1,1,1,1,1
case_ba36f3cd,1,0,1,1,1,1
case_15b1fec5,0,0,1,0,0,1
case_57fc580e,0,1,1,0,1,0
case_9eda4606,1,1,1,1,1,1
case_016897a9,1,1,1,1,0,1
case_d9cbadc7,1,0,1,1,1,1
case_7b7606f7,0,0,1,1,1,1
case_1a1c7337,0,0,1,1,1,1
case_3cd39f9c,1,1,1,0,0,1
case_c9dc72ae,0,1,1,1,1,0
case_fd861832,1,0,1,0,1,1
case_7287baa5,0,1,1,0,0,1
case_06db247b,0,1,1,0,1,1
case_bbc18ca7,0,1,1,1,0,1
case_b13cde8a,1,1,1,1,1,1
case_2a50aeea,0,1,1,1,1,1
case_9b3bd86a,1,0,1,1,1,1
case_abc1c342,0,0,1,1,1,1
case_61fea97c,0,1,1,0,1,0
case_cb194706,0,0,1,1,1,1
case_fd68532c,1,1,1,1,1,1
case_017c5590,1,1,1,1,1,1
case_b4e1af3d,0,1,1,1,1,1
case_6de2ed44,1,0,1,1,1,0
case_b0d816ec,0,1,1,1,1,1
case_9106f7d9,1,1,1,1,1,1
case_207aa06f,1,1,1,1,0,1
case_be66d606,0,1,1,1,1,1
case_e9a279c7,0,0,1,1,1,0
case_85b97da9,1,1,1,1,1,1
case_7e92cc0b,0,0,1,0,0,0
case_b1bdbd3e,0,1,1,1,1,1
case_6467bbf5,1,0,1,1,1,0
case_ee1d5444,1,0,1,1,1,1
case_f83a0ba9,0,0,1,1,0,1
case_6a0ac4b7,1,0,1,1,1,1
case_b6a316fa,0,0,0,0,1,1
case_a0981420,1,1,1,1,1,1
case_76d429e1,0,0,1,1,1,1
case_58ed94e5,1,1,1,1,0,1
case_279998db,1,0,1,1,1,1
case_27f0afc6,0,1,1,1,1,1
case_cd5194b6,0,1,1,0,1,1
case_d15d1afa,0,0,1,0,0,0
case_b4902821,1,0,1,1,1,1
case_a4f0c5ef,1,0,1,1,1,0
case_e788a325,1,1,1,1,0,1
case_5b5beb6b,1,0,1,1,0,1
case_87266b80,1,0,1,1,0,1
case_8203f9c2,0,1,1,0,1,1
case_f2c80921,1,1,0,1,0,1
case_6e49a7db,1,0,1,1,1,1
case_26707836,1,1,1,0,1,1
case_410b5d76,0,1,1,0,1,1
case_b17d493c,1,1,1,1,1,1
case_c8851319,0,1,1,0,0,1
case_aad032cb,0,1,1,0,1,1
case_d9740842,0,1,0,1,0,0
case_028d32f7,0,0,1,0,0,0
case_ead8ded0,1,0,1,1,0,1
case_4ca0dc92,0,0,0,0,0,1
case_e474774e,1,0,0,0,1,1
case_03c904fd,1,0,1,1,1,1
case_ff232a10,0,0,1,1,0,1
case_9921779d,1,1,1,0,0,1
case_4db7a52b,1,0,1,0,0,1
case_a0886f03,1,0,1,1,1,1
case_dbebf662,1,1,1,1,1,1
case_7267c5ae,1,1,1,1,1,1
case_7f3068f3,1,1,1,0,1,1
case_ff9a8d4a,0,0,1,1,1,1
case_6af897c2,0,1,0,0,0,1
case_1e5384df,1,0,1,1,0,1
case_afaa4d44,0,1,0,0,1,0
case_e199ef62,1,1,1,0,0,1
case_89b70cf3,0,0,1,1,1,0
case_3f7891f0,0,1,1,1,1,1
case_45a8cae2,1,1,1,1,0,1
case_47a688a7,1,1,1,1,1,1
case_50982bc4,1,1,1,1,1,1
case_d062010d,1,0,1,0,1,0
case_7ee68317,1,1,1,1,1,1
case_7a595581,1,0,0,1,0,1
case_a463028a,0,0,1,1,1,1
case_765b6099,0,1,1,1,0,1
case_372eac1e,0,1,1,1,1,1
case_ef3e7f8c,0,1,1,1,1,1
case_398ae6b8,1,0,1,0,1,0
case_c4352be3,0,0,1,1,1,1
case_7d8ea9e0,0,1,0,1,0,0
case_d91de6e7,1,1,1,1,0,1
case_d8ac6865,0,1,1,1,1,1
case_5336cb20,0,1,1,1,0,1
case_94b1f67b,0,1,1,1,1,1
case_973e56d3,1,0,1,1,1,1
case_a4e35d44,1,1,1,1,1,1
case_643b2f63,0,1,1,1,1,0
case_ec25fe32,1,1,1,1,1,1
case_cec7acb6,0,0,1,1,1,1
case_51a35a59,1,1,1,1,1,1
case_7519c909,1,1,1,1,1,0
case_32075464,1,0,1,1,0,1
case_e19b2adb,0,1,1,1,0,1
case_68d017b4,1,1,1,1,1,0
case_dfd2b7e7,0,0,1,1,0,1
case_caf8ccf4,0,0,1,0,1,0
case_9c6f5309,0,1,1,0,0,1
case_9bca3299,0,1,1,1,0,1
case_4a9b12e2,1,1,1,1,1,1
case_b58dac2e,1,1,1,1,1,1
case_5b3f7709,0,0,1,0,1,1
case_0e7ad950,1,1,1,1,1,1
case_81fba017,0,0,1,0,1,1
case_257fb3f4,0,1,1,1,1,1
case_b444a0ec,1,0,1,1,1,1
case_cf9e6937,1,1,1,1,1,1
case_0088948e,1,1,1,1,1,1
case_37c856b4,1,0,1,1,0,1
case_3c938209,1,0,0,1,1,1
case_53a14377,1,1,1,1,1,1
case_87b5e3a9,1,1,1,1,1,0
case_e93863f3,0,0,0,0,0,1
case_65fdcf5c,1,0,0,0,1,1
case_4cda5ee5,0,0,1,0,1,1
case_d4990d78,0,0,1,1,1,0
case_8f332395,1,1,1,1,1,1
case_61a87d98,1,0,1,1,0,0
case_e5d80eec,1,0,1,1,1,1
case_1eda3abc,0,1,1,1,1,1
case_7f71a4e8,1,0,1,1,1,1
case_2d70302a,0,1,1,1,1,1
case_241daf28,1,1,1,0,0,1
case_07e5a2d6,0,1,1,1,1,1
case_8b895cc7,0,0,1,1,0,1
case_7c01a7f1,0,0,1,1,1,0
case_b5677ac7,1,0,1,1,1,1
case_5538585f,0,1,1,1,1,1
case_37b140c2,1,1,1,0,1,1
case_5bf2107a,0,0,1,1,1,1
case_5a806b68,0,1,1,1,0,0
case_9464e5c0,1,1,1,1,1,1
case_f4962a49,1,1,1,1,1,1
case_e867ee42,1,1,1,0,1,0
case_2dfdfd8b,0,0,1,0,0,1
case_a71eb11a,0,0,1,0,1,1
case_d3c7f666,0,1,1,1,0,1
case_6c89cfd3,1,0,1,1,0,0
case_5f2e8fb8,1,0,1,1,0,1
case_402d6d1d,1,1,1,1,1,1
case_8893744d,1,0,1,1,1,1
case_eb79102f,0,1,1,0,1,1
case_146e0462,0,0,0,0,0,1
case_a2424fd7,0,0,1,0,1,1
case_60b16ab4,0,0,1,1,1,1
case_ca459976,1,0,1,0,0,0
case_0245e704,0,1,1,1,1,1
case_e24ea49e,0,1,1,1,1,1
case_25f72dae,1,1,1,1,1,1
case_4a114e37,1,0,1,1,1,1
case_7bfa9b3e,1,0,1,1,1,1
case_c595b018,1,1,1,1,1,1
case_c3df2039,0,1,1,1,1,1
case_3d0ab589,1,0,1,1,1,1
case_e5d6f1f7,0,1,1,1,1,1
case_a88682cd,1,1,1,1,1,1
case_cfd33c71,0,0,0,0,1,1
case_17f8982e,1,1,1,1,1,1
case_ebed2f9d,1,1,1,1,1,1
case_bdf71f54,0,1,1,1,1,1
case_6254df52,1,0,1,1,1,1
case_b07ea904,0,1,1,0,1,0
case_4e7dbf86,0,1,1,1,1,1
case_6af2a0fe,1,1,1,1,1,0
case_7deb8ffe,0,0,1,1,1,1
case_4ca41524,1,0,1,1,1,0
case_e13b8730,1,1,1,1,1,0
case_6c2134e0,0,1,1,1,1,0
case_89624385,1,1,0,1,1,1
case_0b4813da,0,1,1,1,1,0
case_8f58e073,0,0,1,0,0,0
case_6b13e5ef,1,0,1,1,1,1
case_55c1cb72,1,1,1,0,1,1
case_be49b72b,1,0,1,1,1,1
case_aca43c91,1,1,1,1,1,1
case_e638841c,1,1,0,1,1,1
case_e14378ab,1,1,0,1,0,1
case_f3d30110,0,1,0,1,0,0
case_ad04a243,0,0,1,1,1,1
case_87c77ca6,1,0,1,0,1,1
case_e43519cc,0,1,1,0,1,1
case_29372e77,1,1,1,0,1,1
case_d2181345,0,1,1,1,1,1
case_f38c13ab,0,0,1,1,1,1
case_3436bfcd,0,1,1,1,1,1
case_750727fc,1,1,0,0,1,1
case_da5ddd70,0,1,1,1,0,1
case_50397f38,0,0,1,0,0,1
case_bc9084ad,0,1,0,1,1,1
case_6e16afe1,0,1,1,1,1,1
case_8cbae24a,0,0,1,1,0,1
case_20bd3c89,0,1,1,1,1,1
case_441b6b18,1,0,1,0,0,1
case_6a7a0418,1,0,1,0,1,0
case_144d23b7,1,0,0,0,0,0
case_0e877909,1,0,1,1,1,1
case_fae7a464,1,0,1,0,1,1
case_af1a806d,0,0,1,0,0,0
case_4460df21,1,0,0,1,1,0
case_0d1e6ebd,1,1,1,1,1,1
case_ab7bb520,0,1,0,0,1,1
case_4628fa8b,0,1,1,0,1,1
case_04481684,1,1,1,1,1,1
case_79912348,0,1,1,1,1,1
case_a8787111,1,0,1,1,0,1
case_fe1dee66,1,1,1,1,1,1
case_d463fcb5,0,0,1,0,0,1
case_1bb55191,1,1,1,1,1,1
case_d7df21ce,0,0,0,1,0,1
case_568ca0ae,1,1,1,1,1,0
case_a508193a,1,1,1,1,0,0
case_e0991d81,0,0,1,1,1,1
case_dced680c,1,0,1,1,1,1
case_4b315526,1,1,1,1,1,1
case_a3adb5b8,1,1,1,1,0,1
case_ef155de3,1,1,1,1,1,1
case_bca63af1,1,0,1,1,1,0
case_d593f809,1,1,1,1,0,1
case_47735b53,1,1,1,1,1,1
case_7b234b74,1,1,1,1,1,1
case_933ed398,1,0,1,1,1,1
case_abecdfa0,0,0,1,1,1,1
case_a2330ee3,1,1,1,1,1,1
case_414f6cda,0,0,1,0,1,1
case_606135b1,1,1,1,1,1,1
case_f68bcb87,1,0,1,1,1,1
case_2d047da7,0,1,1,0,1,1
case_242b0324,1,0,1,1,1,1
case_50f22db1,0,1,1,1,1,1
case_d4a78a8b,0,1,1,1,1,1
case_1d3a0e17,1,1,1,1,1,1
case_4e9dc91f,1,1,1,1,1,1
case_748df858,1,0,1,1,0,1
case_aa8c26e0,0,1,1,0,1,1
case_6ec1adb5,1,0,1,1,1,1
case_a1ee738c,1,1,1,1,1,1
case_7175dd08,0,1,0,1,1,1
case_2a8a402a,1,1,1,1,1,1
case_6f381c1c,1,1,1,1,0,1
case_1ea196b0,1,0,1,0,1,0
case_c54e1eef,0,0,1,1,0,1
case_aecbba10,0,1,1,1,1,1
case_c462c8a8,0,0,1,1,1,0
case_dbed0523,0,1,1,1,1,0
case_657cb9a4,1,0,1,1,1,1
case_05368875,1,0,1,0,1,0
case_537c34f1,0,0,1,1,1,1
case_8271add3,0,1,1,1,1,1
case_39363639,1,1,1,1,1,1
case_c002425d,1,1,1,1,1,1
case_ff4aaf92,1,0,1,1,1,1
case_d174d2f2,1,1,1,1,1,1
case_0f86c732,1,1,1,1,1,1
case_51b66dff,0,0,0,1,1,0
case_79e1fd36,0,0,1,0,0,1
case_d570efa9,0,0,1,0,1,1
case_dccc1eff,0,0,1,1,1,1
case_539a2fe5,1,1,1,1,1,1
case_706c2334,1,1,1,1,0,0
case_5636e05a,1,1,1,1,1,0
case_44395e55,1,1,1,1,1,1
case_6dd54a29,1,0,1,1,1,1
case_65eb6f92,1,1,1,1,1,1
case_cce411ca,1,0,0,1,1,1
case_7e442d18,1,1,1,0,1,1
case_9f8efa70,1,0,1,1,1,1
case_6da2ff9d,1,1,1,0,1,1
case_1c10a919,1,1,0,1,0,0
case_13b23cd8,1,0,1,1,0,1
case_0e5b1083,1,1,0,1,0,0
case_9470120c,1,0,0,1,1,1
case_b7cf616f,1,1,1,1,1,1
case_2f07b182,1,1,1,1,1,0
case_9af84393,1,1,1,1,1,1
case_7342feda,1,1,1,1,1,1
case_2a9b3404,0,0,1,0,1,0
case_5c5036a0,0,1,1,0,1,1
case_3cbd63f2,0,1,0,1,0,1
case_ca6a9b55,0,0,0,0,1,1
case_5eb25d9e,0,0,1,1,0,1
case_df7518b7,1,0,1,1,1,1
case_7d02580e,1,0,0,1,0,1
case_d1cd6c41,1,1,1,1,1,1
case_24e077d0,1,0,1,0,0,1
case_6cd3116d,0,0,1,0,1,1
case_4e1e55f0,1,1,1,1,1,1
case_8566350c,0,0,1,1,1,0
case_83dc5294,1,1,1,0,1,1
case_d6795b30,1,0,1,1,0,1
case_841feba7,0,1,1,0,0,1
case_ee352207,0,1,1,0,1,1
case_25139287,1,0,1,1,1,1
case_c66ee61b,0,0,1,0,0,0
case_2d5ac35e,0,0,0,0,1,0
case_f0b74362,1,0,1,0,1,1
case_c0f4f2b8,1,1,1,1,1,1
case_32539a98,1,0,1,1,1,1
case_ecb5fdab,1,1,1,0,1,1
case_7424fa7c,0,1,1,1,1,1
case_2615250b,1,0,1,1,1,1
case_d3549c1e,0,1,1,1,1,1
case_38cc20dd,1,1,1,1,1,1
case_c1e3aaa0,1,1,1,1,0,1
case_4e49fd57,1,0,1,0,1,1
case_1f542ac7,0,0,1,0,0,0
case_603cf497,1,1,1,1,1,1
case_493c2a04,1,1,1,1,1,1
case_d4feed63,0,0,1,1,1,1
case_87e48c25,0,1,1,1,1,1
case_93634089,1,1,1,0,1,0
case_9fb2a36b,0,1,0,1,1,1
case_5940746f,1,1,1,1,1,1
case_aa07bfe5,1,0,1,1,1,1
case_9e382a73,0,1,1,0,0,0
case_5c8a7609,1,0,1,1,1,1
case_45dfab96,1,1,1,0,0,0
case_9df4957d,1,1,1,1,1,1
case_8ec66f24,1,1,1,1,1,1
case_1e59f582,0,0,1,1,0,1
case_883760b1,0,0,1,0,1,1
case_eda1f561,0,1,1,1,1,1
case_2416edec,1,1,1,1,1,1
case_1378aa7d,1,1,1,1,0,1
case_3c62bbc6,0,0,1,0,1,0
case_0c296413,0,0,1,1,1,1
case_e4a148f5,1,0,1,1,1,1
case_54436381,1,0,1,1,0,1
case_24594670,1,1,1,1,1,1
case_1ffa8f20,1,0,1,1,1,0
case_eaba6d03,0,0,0,0,0,0
case_6ea8034f,0,1,1,1,1,1
case_1aff95df,1,0,1,1,0,1
case_60dd5a9a,1,1,1,1,1,1
case_1148737e,1,1,1,1,1,1
case_8cc7269c,0,1,1,1,1,1
case_a56d2fc8,1,1,1,1,1,1
case_8d2e6cdc,1,1,1,0,1,1
case_09b43af3,0,1,1,1,1,0
case_25a8faba,1,1,1,1,1,1
case_e649c568,1,1,1,1,1,0
case_0805057e,1,1,1,1,0,1
case_bf8eb047,0,1,0,0,1,1
case_2e673e4d,0,1,1,1,1,1
case_6455b578,1,0,1,1,0,1
case_ec3734d0,1,0,1,1,0,1
case_bc4be45b,1,1,1,1,1,1
case_25f2fe8b,1,1,1,1,1,1
case_577b44dc,0,1,1,0,0,1
case_64e58ede,1,1,1,1,1,1
case_ff3db8ce,0,0,1,0,1,1
case_94a21bee,1,0,1,1,0,1
case_ec1e492b,0,0,1,1,0,1
case_294a4221,1,0,1,0,1,1
case_c2648010,0,1,1,1,0,1
case_8325055b,1,1,1,1,1,1
case_ac54e715,0,1,1,1,0,0
case_4b4317cc,1,1,1,1,0,0
case_f9914960,1,1,1,0,1,1
case_ff31a659,1,1,0,0,1,0
case_8dffd8ef,1,0,1,1,1,1
case_4b44ec60,1,1,1,1,1,1
case_3ba23735,1,1,1,1,1,0
case_ffbfe335,1,0,1,1,1,1
case_82ea08a2,1,1,0,1,1,1
case_76c7b644,0,0,1,1,0,0
case_05c1edba,1,0,1,0,1,1
case_361949e7,0,1,1,1,0,1
case_69d77e4c,1,1,0,1,1,1
case_6f682a4f,0,0,1,0,1,1
case_bd6aff4e,1,1,1,0,0,1
case_6b67d98a,1,1,1,0,1,0
case_c6e0d8e0,1,0,1,1,1,0
case_a6aa6d24,1,1,1,1,1,1
case_464abcd7,0,1,1,1,1,1
case_ea36b3bf,0,1,1,1,1,1
case_d35f1ed3,1,0,1,0,1,1
case_9751a170,1,1,1,1,1,1
case_6cb8502f,0,0,1,1,1,1
case_f4ee55d3,1,1,1,1,1,1
case_393ff954,0,0,1,1,1,1
case_efd1a6ab,1,1,1,0,1,1
case_af3100b8,1,1,1,1,1,1
case_0769eb3a,1,1,1,1,1,1
case_db5263c5,0,1,0,0,1,1
case_89b36b23,1,1,1,1,1,1
case_7caab041,0,1,1,0,0,1
case_0a028d84,1,0,1,1,0,1
case_868cd839,0,1,1,1,1,1
case_09fb7063,1,1,1,1,0,1
case_7c21ea0f,1,1,1,1,1,1
case_58da5fb1,1,0,0,1,1,1
case_d08bf7e8,1,1,0,1,0,0
case_9b75e5cd,1,1,1,0,1,1
case_e32325a1,0,0,1,0,1,1
case_3e31ca7a,1,1,1,1,1,1
case_48486e88,1,0,1,1,0,1
case_ff22992a,1,1,0,0,1,1
case_5170e0ae,1,1,1,1,0,1
case_40a2ad34,1,0,1,1,1,1
case_9133f249,1,0,1,1,1,1
case_25295e69,1,1,1,1,1,1
case_a3267a28,1,1,1,1,0,1
case_aa0502d7,1,0,0,1,0,0
case_4e869e32,1,1,1,1,1,1
case_8225a4fa,0,0,1,1,0,1
case_48a1d7dc,1,1,1,0,1,1
case_54f90c1e,1,0,1,1,1,1
case_47eabcd8,1,0,1,0,0,1
case_2716f3f8,1,1,1,1,1,0
case_c13b2eef,0,0,0,0,0,0
case_fdd95c2a,1,1,1,1,0,1
case_aa153354,0,1,1,1,1,0
case_db1d278d,0,1,1,0,1,0
case_67c229b6,1,0,1,1,1,1
case_da9d2168,1,0,1,1,0,1
case_f83eb869,1,0,1,1,0,0
case_c25b1004,1,0,1,0,0,1
case_e4a2dcc7,1,1,0,1,0,1
case_6f1228f4,0,1,1,1,1,1
case_fe2095d4,1,1,1,1,1,1
case_0aca6c2a,0,0,1,1,0,1
case_98256899,1,1,1,1,1,1
case_2b4e143b,0,1,1,0,0,1
case_cf5ae27d,0,0,1,1,1,0
case_74169467,1,0,1,1,1,1
case_114bbfcb,1,0,1,1,1,1
case_89bdc5c9,0,1,1,1,0,0
case_dcf1881d,0,1,1,1,1,1
case_2e3d5bf8,1,1,1,1,0,1
case_c8fe7a14,1,0,1,1,0,1
case_270335ef,1,1,1,1,1,0
case_08c41ba9,1,1,1,1,1,1
case_9065eb60,1,0,1,0,1,1
case_87498c55,0,1,1,1,1,1
case_311b0f72,0,0,0,1,1,1
case_e4aaac80,0,1,1,1,1,1
case_6e4aba58,1,0,1,1,1,1
case_057a3297,0,1,1,0,1,1
case_8884c61a,1,1,1,0,1,1
case_cde679d9,0,1,1,1,1,0
case_b7fe5af4,1,1,1,1,1,1
case_d471fa53,1,1,1,1,1,1
case_d6cd1cc8,1,1,1,0,1,1
case_a7963bef,0,0,1,1,0,1
case_f6176a6b,1,1,1,1,1,1
case_cfee022d,0,0,1,1,0,1
case_34082b8b,1,0,1,0,1,1
case_591c943a,1,1,1,0,1,1
case_4d4ccfc3,1,0,1,1,1,1
case_1176dd1b,1,1,1,1,1,0
case_4b17670a,1,1,1,0,1,1
case_a4e6008f,1,0,0,0,1,0
case_d1df2d0a,0,1,1,1,0,1
case_8e154785,1,1,1,0,1,1
case_d595baa5,0,0,1,0,0,1
case_ddd97dc4,1,1,1,1,1,1
case_e742c5cc,0,1,1,0,1,1
case_9be2cb90,1,1,0,1,1,1
case_e9a7853b,1,0,1,1,0,0
case_8e5dd198,1,0,1,1,1,1
case_d6007e97,1,1,1,1,1,1
case_4fca8ae7,0,0,1,1,1,1
case_834f0a0a,1,1,1,0,1,1
case_f2983fee,0,0,1,1,1,1
case_d79539d6,1,1,1,1,1,1
case_180cc92d,0,0,0,0,1,0
case_02040be9,1,0,1,1,1,0
case_74296587,0,1,1,1,0,0
case_2a36d71d,1,1,1,1,1,1
case_aaab032e,0,1,1,0,1,0
case_2aad5a40,1,1,1,1,1,1
case_b4a29ef0,1,1,1,1,0,1
case_3c953274,1,0,1,1,1,1
case_88f116c1,0,1,1,0,1,1
case_c736ced5,1,1,0,1,0,0
case_826840c9,1,1,0,1,1,1
case_7f698fde,1,1,1,1,1,0
case_c42761d6,1,1,1,1,1,1
case_1b98cbdb,0,1,1,1,1,1
case_e693f972,0,0,1,1,1,1
case_d7011f0f,1,1,1,1,1,1
case_78dad288,0,0,1,1,1,0
case_544ea8b8,1,1,1,1,1,1
case_9c38cf2f,0,1,1,1,0,1
case_8b1b99a8,1,1,1,1,1,1
case_8f50cf3a,1,1,1,1,1,1
case_0607caf1,0,1,1,1,1,1
case_7d6fcb56,1,1,1,1,0,1
case_733b976d,0,1,1,0,1,0
case_787e955e,1,1,0,0,0,0
case_fe25ff85,1,1,1,1,1,1
case_4da7ba3e,0,0,1,1,1,1
case_f50818eb,1,1,1,1,0,1
case_f43f5fe6,1,0,1,1,1,1
case_985c2dfa,1,0,1,0,0,0
case_98163fcc,1,1,1,0,1,0
case_7c78a86e,1,1,1,1,1,1
case_d5d8945e,1,1,1,1,1,1
case_9717a850,0,1,1,1,1,1
case_4caf675a,1,1,1,1,1,1
case_1f73f020,1,1,1,0,1,1
case_b9e483e1,1,0,1,1,1,1
case_b5faf01c,0,1,1,0,0,1
case_88f82bfa,1,0,1,1,1,1
case_666a9199,1,1,1,1,0,1
case_8efca2a9,0,0,1,1,0,0
case_c026057f,1,1,1,1,1,1
case_2baca966,1,1,1,1,1,1
case_72d055d1,1,0,1,0,1,1
case_27b90a4c,1,1,1,1,1,1
case_1b6f6ded,1,1,1,1,1,1
case_8b38b581,1,1,1,1,1,1
case_58fa71a9,1,1,1,1,1,0
case_93c3e490,1,1,1,1,1,0
case_5c9f5b38,0,1,1,1,0,1
case_6075a510,1,1,1,1,1,1
case_366f28a4,1,1,1,1,1,1
case_71905e19,1,0,1,0,1,0
case_f0b5ac45,0,0,0,1,0,1
case_e648bc9e,0,0,1,0,1,1
case_1cfe55a7,0,1,1,1,0,0
case_531c3aab,0,1,1,1,1,1
case_408e4446,1,1,1,1,1,0
case_c867b61c,1,0,1,1,0,1
case_ec6dacd8,1,1,1,1,1,1
case_5c348eec,1,1,1,1,1,0
case_1e387ba7,1,1,1,1,1,1
case_402e1543,1,1,1,0,1,1
case_fedd2de5,0,0,1,1,0,0
case_2e068360,1,1,1,0,1,1
case_cb8ba910,0,0,1,0,0,1
case_e1549520,1,1,1,1,1,1
case_fe0cdcbe,1,1,1,0,0,1
case_b55004a6,1,1,1,1,1,1
case_65597e86,1,1,1,1,0,1
case_95cd06cd,0,1,1,1,1,0
case_9b6b06f9,0,0,1,1,0,0
case_4a8859a4,0,1,1,1,1,1
case_6ae4c3d9,1,1,1,1,1,1
case_0e66aa95,1,1,1,1,1,1
case_a8cabee5,0,1,1,0,0,1
case_dcb71b07,1,0,0,1,1,0
case_5aa8514f,1,1,1,0,1,1
case_9d66ea0c,1,1,1,1,1,1
case_c2deec87,1,1,0,1,1,0
case_942a5183,0,1,1,1,1,0
case_a19af6db,1,1,1,1,1,0
case_a57e96c0,1,1,1,1,1,1
case_c892b9cd,1,1,1,1,0,0
case_696e383f,1,1,1,1,1,1
case_3967d1e0,1,1,1,1,1,1
case_c0461fe0,0,0,1,1,1,1
case_9352e46c,1,1,1,1,1,0
case_17ca5480,1,1,1,1,1,1
case_e7e02491,1,1,1,1,1,1
case_1063b096,0,0,1,0,1,1
case_9066cd41,1,1,1,1,0,1
case_4c3b7b0a,0,1,1,1,1,1
case_f9586d81,1,1,1,0,1,1
case_6c56314c,0,1,1,1,0,0
case_66309dbb,1,1,1,1,1,1
case_49bd302d,1,0,1,1,1,1
case_5d633d7f,1,1,1,1,1,1
case_d8dd811f,0,0,1,1,0,1
case_d5061c0d,1,1,0,1,1,1
case_63720f7d,0,0,1,1,1,1
case_37e35c16,0,1,1,1,0,1
case_a2187ecc,1,1,1,1,1,1
case_466a4f6d,1,0,1,1,0,1
case_97a90364,1,1,1,1,0,1
case_56206179,1,1,1,1,1,1
case_1814dfb2,1,1,1,0,0,0
case_428b2272,0,1,1,1,1,1
case_a49c5f77,1,1,1,0,1,1
case_031ba37e,1,0,1,1,1,1
case_8ed52799,1,1,1,1,1,1
case_523e41f6,1,1,1,1,1,1
case_c111b5e2,1,1,1,1,1,1
case_a20aa45b,1,1,1,1,0,1
case_b93252e1,0,0,1,0,1,1
case_02a4e43e,1,1,1,1,1,0
case_2c231730,0,0,1,0,1,1
case_30aa2ef7,0,1,1,0,1,1
case_e36fb0b9,1,0,1,1,1,1
case_0ceffa85,1,0,1,0,1,1
case_cee58c3b,1,1,1,0,1,1
case_8e285cfb,0,0,1,1,0,1
case_baf95389,1,0,1,0,1,0
case_19422f8a,1,1,1,1,1,1
case_55459cf4,1,1,1,1,0,1
case_bd20afe9,1,0,1,1,1,1
case_149c9fe1,0,1,1,1,0,0
case_ddc6c2bc,1,1,1,0,1,0
case_3beabe28,1,0,0,0,1,1
case_0102fe7e,1,1,1,0,1,1
case_ee4efdf8,0,1,1,1,1,1
case_500daf6a,1,0,1,0,0,0
case_b43a3a48,0,0,1,0,1,0
case_a6e81cc6,1,1,1,1,1,1
case_9bb571cd,0,0,1,0,1,1
case_69c065e5,0,0,1,1,0,1
case_cf8d45a6,1,1,1,1,1,1
case_ea2bff7f,0,1,1,0,1,1
case_7322abf0,1,0,1,1,1,1
case_29450406,1,1,0,0,1,1
case_8de721de,1,0,1,1,0,1
case_0fc1ff95,0,1,1,1,1,1
case_f1cda55c,1,1,1,1,1,1
case_2db5bead,0,1,0,0,1,0
case_b00690a3,0,1,1,1,1,1
case_a0dbf2e7,0,0,1,1,1,1
case_bbaf10c6,0,0,1,0,1,0
case_cecc2e23,0,0,1,1,0,1
case_9d74b08c,0,1,1,0,1,1
case_3e8c14f8,1,1,1,1,1,1
case_4815d01c,1,0,1,0,0,1
case_9c66cde9,1,1,1,1,1,0
case_e3a4199a,0,1,1,0,1,0
case_f54d7fd3,0,1,1,1,1,1
case_7bd80ef0,1,1,1,1,1,1
case_ebc4d8ab,1,1,1,0,1,1
case_f931b9d6,1,1,1,0,1,1
case_6f3cfeb6,1,0,1,1,1,1
case_6426bafe,0,0,1,1,0,1
case_fed00aec,0,1,1,0,0,1
case_d1176e0d,1,1,1,1,0,1
case_31305fbf,1,1,1,1,1,1
case_8507ae62,1,1,1,1,1,1
case_10c280d6,1,0,1,0,1,1
case_03d568ef,1,0,1,1,1,1
case_381ee36d,1,1,1,1,1,1
case_ab9a9b81,1,1,1,1,1,1
case_c0810914,1,1,1,1,1,1
case_50165b61,0,1,1,1,0,0
case_62794fd6,1,1,1,0,1,1
case_ee373c7a,1,1,1,1,1,1
case_8299ec3d,1,1,1,1,0,1
case_5eb531d2,1,0,1,1,1,0
case_96f6594c,1,0,1,1,0,1
case_4acae15a,1,1,1,1,0,1
case_c6cfccb5,1,1,1,0,1,1
case_1ed61a2b,0,0,1,1,1,1
case_eecacc73,0,1,1,0,1,1
case_9db4d5e3,1,1,1,1,0,1
case_3051ff4c,1,1,1,1,1,1
case_6c97bec2,1,0,1,0,1,1
case_af5b1ceb,0,0,1,1,1,1
case_7ecb2cfc,1,0,1,1,1,0
case_87c502e0,1,1,1,1,1,1
case_b97dfc52,1,1,1,1,1,1
case_f6d72ea4,0,1,1,1,1,1
case_5115a8e4,0,1,1,0,0,1
case_c296b13c,0,1,1,0,1,1
case_25007f71,1,0,1,1,0,1
case_9c2e5853,0,0,1,0,1,1
case_ae4cb6ba,1,0,1,1,1,1
case_7b4c506b,0,1,1,0,0,1
case_c4013e67,1,0,0,0,0,1
case_519ab61a,1,0,1,1,0,1
case_52ed27a9,1,1,1,0,1,1
case_c907f789,0,0,1,1,1,1
case_1d03a4e6,1,1,1,1,1,1
case_6a77d20e,1,1,1,1,0,0
case_a4af5338,1,1,1,1,1,1
case_253c0fc7,1,1,1,0,1,1
case_628d3ebe,1,0,1,0,1,0
case_b12b9ebf,1,1,1,1,1,1
case_73cb1ed4,1,1,1,1,1,1
case_d83a0d64,1,0,1,1,1,1
case_aeb5fabf,1,1,1,1,1,1
case_f4fb1e73,1,1,1,1,1,1
case_3ed00bc7,1,1,1,1,0,1
case_d7a3f521,0,0,1,0,1,1
case_a4125ce3,0,1,1,0,0,1
case_97749510,0,1,0,1,0,0
case_0fd336cf,1,1,1,1,0,0
case_95813986,0,1,1,1,1,1
case_90689f4b,1,0,0,1,1,1
case_51d456bf,1,0,1,1,1,1
case_ea0f8d43,0,0,1,1,1,0
case_da77e12c,0,1,1,1,1,1
case_e685e55e,1,1,1,0,0,1
case_a5b31ea0,1,1,1,1,1,1
case_f5120ec3,1,1,1,1,1,1
case_baba9a84,0,0,1,0,1,1
case_e3250344,1,0,1,1,1,0
case_7e883ad9,1,1,1,1,1,1
case_53b05e95,1,0,0,0,1,1
case_ab4eafc2,1,1,1,1,0,1
case_47233e9b,1,1,1,1,1,1
case_f267c803,1,1,1,1,1,0
case_ba2be004,0,1,1,0,0,1
case_edd82c4f,0,1,1,0,1,1
case_6c00baf0,1,0,1,0,1,0
case_9f067731,1,1,1,1,1,1
case_5c18fc4e,0,1,1,0,0,1
case_1cec780a,0,1,1,0,0,0
case_f0284970,1,1,1,1,1,1
case_6eb42a69,1,1,0,1,1,1
case_985ff9e1,1,1,0,1,0,0
case_2f51cc01,1,1,0,1,1,1
case_e8f48029,1,0,1,1,1,1
case_f69f5b99,1,0,1,1,1,1
case_84b42836,0,0,1,0,1,1
case_3fed7ff7,1,1,1,1,1,1
case_af6318cd,1,1,1,0,0,1
case_319f802b,1,1,1,0,1,0
case_4d3d5976,1,1,0,1,0,0
case_3937b120,1,1,1,1,1,1
case_a222dec3,1,1,0,0,0,1
case_71359092,1,1,0,1,1,0
case_501fe09a,1,0,1,1,1,0
case_81bf05c7,1,1,1,0,1,1
case_bf012820,0,0,1,0,0,1
case_f0a9563e,1,1,1,0,1,1
case_a20ffa43,0,1,1,1,0,1
case_97e2d905,1,1,1,1,1,0
case_5e5315a8,0,1,1,0,1,1
case_9a5b669c,1,1,1,1,1,1
case_1c8693ad,1,0,1,1,1,1
case_c04446ec,0,1,1,0,1,1
case_9820294e,1,1,1,1,1,1
case_e10fa130,1,1,1,1,1,1
case_f5d137de,0,0,1,1,0,1
case_e0f94e22,1,1,1,0,1,1
case_3cc4f3e3,1,1,1,1,1,0
case_5e28fb5a,1,1,1,1,1,1
case_ae73eb64,1,0,1,1,0,1
case_503678fd,0,1,1,1,0,1
case_0723a619,1,1,1,1,1,1
case_f1988413,1,1,0,0,1,1
case_8b3519bf,0,1,1,1,1,1
case_f948d608,1,1,1,1,1,1
case_2ef898bf,1,0,1,0,0,1
case_a6aca0f9,1,1,0,1,1,1
case_bc3d88fb,1,1,1,0,1,1
case_fc168f97,0,0,1,1,0,0
case_21fc4dbf,0,0,0,0,0,1
case_c327ee4b,0,1,1,1,1,0
case_461cdd0c,1,0,1,1,0,1
case_3928e772,0,1,1,1,0,1
case_f7caa796,0,1,1,1,1,1
case_f98666ab,1,1,1,1,1,1
case_dd66a193,1,0,1,1,1,1
case_7b06918a,1,1,1,1,1,1
case_4a7310b5,1,0,1,1,1,1
case_12b42e2d,0,1,1,1,0,1
case_1df97524,1,1,1,0,0,1
case_a01990a7,1,1,1,1,0,1
case_5b9d08b3,1,0,1,1,1,1
case_30feeca4,1,1,0,1,1,1
case_d93da666,0,0,1,0,1,1
case_6224c344,0,1,0,1,1,1
case_97c14288,1,0,1,1,1,1
case_9ecd93ca,1,1,1,1,1,1
case_2a157c4c,0,0,1,0,1,1
case_ee951bc8,0,1,1,1,1,1
case_e4d9a2c4,1,1,1,1,1,1
case_68b75ace,1,0,1,0,0,1
case_6ee54af5,1,1,1,1,1,1
case_6a5b4e8b,1,0,0,0,1,0
case_20e353fa,1,1,1,1,1,1
case_c4e9d713,0,0,1,1,1,0
case_7e5c797e,1,1,1,1,1,1
case_b11d85d8,0,0,1,0,1,1
case_50f786b2,1,1,1,1,1,1
case_92abc94a,0,1,1,0,0,1
case_0e434ffb,0,0,0,0,1,1
case_65e1816e,1,1,1,1,1,1
case_8326ce24,0,1,1,1,1,1
case_140487a5,1,1,1,1,0,0
case_b66e41ef,0,0,1,1,1,0
case_72fffce6,0,1,1,0,0,1
case_23152546,1,1,0,1,1,1
case_655cd27a,1,1,1,1,1,1
case_311afdf6,0,1,1,1,0,1
case_1c475342,1,1,1,1,1,1
case_41ab3ebb,1,0,1,1,1,1
case_9f63b3e5,1,1,1,1,1,1
case_b8f75840,0,0,1,1,1,0
case_2e78b608,1,1,1,1,1,1
case_8d8670ea,0,1,1,1,1,1
case_037991d6,1,1,1,1,1,1
case_62fde19a,0,0,1,1,1,1
case_1d89c3c6,1,1,1,1,1,1
case_0d3c0efa,0,1,1,1,1,0
case_8253b31d,1,1,1,1,1,1
case_64ba9d9c,0,0,1,1,1,1
case_cb4b140d,1,1,1,1,0,1
case_e335681d,1,1,1,1,1,1
case_e9f1a370,1,0,1,1,1,1
case_3d347703,1,0,1,0,1,1
case_6dec517a,1,1,1,1,1,1
case_e6227cb8,0,0,1,0,1,1
case_055d6a45,1,0,1,0,1,1
case_b2e53ac9,0,0,0,0,0,1
case_9cd938a4,0,0,1,1,1,1
case_31064750,1,1,1,0,0,1
case_5754c078,1,1,1,1,1,1
case_23592164,0,0,1,1,1,1
case_4a20be9f,0,1,1,1,1,1
case_7781ae79,0,0,1,1,1,1
case_a61ea7d3,1,0,1,0,1,1
case_62e431f9,0,0,1,0,0,0
case_78c160ac,1,1,0,0,1,1
case_46fac1a6,1,0,1,1,0,0
case_d5915d65,1,1,1,0,1,1
case_fe708647,0,1,1,0,1,1
case_abc772e3,1,1,1,0,0,1
case_00eef20f,0,0,1,1,0,0
case_b8be0840,1,0,1,1,1,1
case_4134210f,1,0,1,1,0,1
case_cbb5f2f7,0,1,1,1,1,0
case_4325bdfd,1,0,1,1,0,1
case_b1e20dbf,0,0,1,1,1,1
case_3fda2687,0,0,1,1,1,1
case_b35138fb,1,0,1,1,1,1
case_553307b4,0,0,1,0,1,0
case_4d2c837f,0,1,1,0,0,0
case_bb734c27,0,1,1,1,1,1
case_bc7184f7,1,1,1,1,1,1
case_4bbdd68e,1,1,0,1,1,0
case_f22c51d3,0,0,1,1,1,1
case_a3b0da3d,1,1,1,1,1,1
case_693891d4,1,1,1,1,1,1
case_0d429107,1,1,1,1,1,1
case_ab4a2d98,1,0,1,1,1,1
case_fd95c6e0,0,1,1,1,1,1
case_ff4e1cd2,1,0,0,1,0,0
case_ba17dac0,0,1,1,0,0,1
case_506d8cb4,1,0,1,1,1,1
case_14cac2a4,0,0,1,0,1,0
case_ae1d2c4a,1,1,1,1,1,1
case_5ed2c7ba,1,0,1,1,1,1
case_5c4ab3b2,1,0,1,1,0,1
case_8ef4a524,1,1,1,0,1,1
case_c267eb05,0,1,1,1,1,1
case_95a6b514,1,1,1,1,1,1
case_0df0f323,0,0,1,1,1,1
case_655a44bd,0,0,1,1,1,1
case_30d50c85,1,1,1,1,1,1
case_01e1b206,1,1,1,0,1,1
case_800a370d,1,0,0,0,0,1
case_adff1c7f,0,0,1,1,0,1
case_4493f47e,1,0,1,0,0,1
case_80ebe4ed,1,0,1,1,1,1
case_5950f110,1,1,0,1,1,1
case_96bbab80,0,0,1,1,0,1
case_402cc82f,1,1,1,1,1,1
case_1ae3f49e,0,1,1,1,1,1
case_34b50b2f,1,0,1,1,1,1
case_2f93dcbe,1,0,1,0,0,1
case_fa7c129a,1,1,1,1,1,1
case_d1bd534b,1,1,1,1,1,1
case_1ac1eb20,1,1,1,0,1,1
case_27130bf6,0,0,1,1,1,1
case_14d1cda3,0,0,1,1,1,1
case_4a052798,1,1,1,1,1,1
case_79aac731,0,0,1,1,1,1
case_3b35bf1f,1,1,1,0,1,1
case_36063e5d,1,0,1,1,1,1
case_b83af06d,0,1,1,0,0,0
case_5f8c7c63,0,1,1,1,1,1
case_0fa97d49,0,1,1,1,1,1
case_bdb66dc0,1,0,1,0,1,0
case_46a107e0,1,0,1,1,1,1
case_7a3c5cb2,0,1,1,1,1,0
case_f82306d9,1,1,1,1,1,1
case_c6afbe77,0,0,1,1,0,1
case_6ca0c4d6,1,1,1,0,1,1
case_d411c526,0,1,1,1,0,1
case_fa7d5aeb,0,0,1,0,1,0
case_bbc5388d,1,0,1,1,1,1
case_21ca7b48,0,0,1,1,0,0
case_a72fd8c6,1,0,1,1,1,1
case_fa90e4cd,1,1,1,1,1,1
case_184912b1,1,1,0,0,1,1
case_ef7253ff,1,1,1,1,1,1
case_ca7fa08a,1,1,1,1,0,1
case_762c3e4c,1,1,1,1,0,1
case_ac78d4a9,1,1,1,1,0,1
case_a69b6c0f,0,0,1,0,0,1
case_9a5e4967,1,0,1,1,1,1
case_3af081b3,0,1,1,0,1,1
case_baec252f,1,1,1,1,1,1
case_6ed70be9,0,1,1,1,1,1
case_7f8c2888,1,0,1,1,0,0
case_65190fb2,0,0,0,0,1,0
case_a3ac59d0,1,1,1,1,1,1
case_d41e07fd,1,1,1,1,1,1
case_6923b992,0,1,1,0,1,1
case_b82101fe,0,0,0,0,0,0
case_5178940e,0,1,1,1,1,1
case_20d7b37f,1,0,0,1,1,1
case_a7541e80,1,0,1,1,0,0
case_a74d1cd6,1,1,1,1,1,1
case_70513a02,0,1,1,0,0,0
case_ad7724ef,1,1,1,0,1,1
case_d0552efd,1,1,1,0,0,0
case_5ecec7ab,1,1,1,1,1,1
case_dc84faf8,1,1,1,1,1,1
case_bdb46ddd,0,0,1,1,0,1
case_6fba70b0,0,1,1,1,1,1
case_175ea7d3,0,0,1,0,0,0
case_b3ddb10c,0,1,0,0,0,1
case_bea8d60b,0,0,1,1,0,1
case_4688705e,0,1,1,1,1,1
case_ccdda24a,0,1,1,1,1,1
case_b921fccf,0,1,1,1,1,1
case_1250e4e4,1,0,1,0,0,1
case_3a64eab3,1,1,1,1,1,1
case_babc9c89,1,1,1,1,1,1
case_8e95a71f,1,1,1,1,1,1
case_c9b9c849,1,1,1,1,1,1
case_8f3d1411,1,1,1,1,1,1
case_b6833e08,1,1,1,1,1,1
case_6bd31faa,1,0,1,1,1,1
case_5899516b,1,1,1,1,1,1
case_a767f5c6,1,1,1,1,1,0
case_4e4c2e35,0,1,1,1,1,1
case_3ef978fb,0,0,1,0,1,0
case_5b85d213,1,1,1,1,1,1
case_377a57e5,1,1,1,1,1,1
case_c145876e,0,0,1,0,1,0
case_f291b988,1,1,1,0,1,0
case_3ef4f38f,0,1,0,1,1,0
case_9aff9a86,1,0,1,0,1,1
case_fd0fe911,1,0,1,1,0,1
case_b9296f3d,1,1,1,0,1,1
case_9e89c67d,1,1,1,1,1,1
case_c557457a,0,0,1,1,1,1
case_773b1610,1,1,1,1,1,1
case_e6cb8f1e,1,1,1,1,1,1
case_427155f0,1,1,1,1,1,1
case_60a83d2c,0,0,1,1,1,1
case_2769c4e2,1,1,1,1,0,1
case_fc9ca51c,1,1,1,1,1,1
case_83ed09c4,0,1,1,1,1,1
case_8741c24d,0,1,0,1,1,1
case_1c3ebd49,0,1,1,1,0,1
case_4e4580f8,0,1,1,0,1,1
case_8b4d49e5,1,1,1,0,1,1
case_b1719105,1,1,1,1,1,0
case_21234560,1,1,1,0,1,1
case_c3ce1c6e,1,0,1,1,1,1
case_3a77304d,1,1,1,0,1,1
case_7375a9f7,0,1,1,0,1,1
case_2beacaa1,1,1,1,1,1,1
case_729a90de,0,0,1,1,1,0
case_f69a9f52,1,0,1,0,1,0
case_5ca47fc5,1,1,1,1,0,0
case_ae48ed49,0,1,1,1,1,1
case_adcba865,0,0,1,0,1,0
case_7cfdf2b4,1,0,1,1,1,0
case_470c60e0,1,1,1,0,1,0
case_45c2da26,1,1,1,1,1,1
case_e372a441,1,0,1,1,1,1
case_d1d47cb3,1,1,1,0,1,1
case_408b8a70,0,1,1,1,1,1
case_d6f58ff2,1,1,1,1,1,1
case_1e670f15,0,0,1,1,0,1
case_9816f5d9,1,0,1,1,1,1
case_b6d75ef7,0,1,1,1,1,1
case_adbd1e27,1,0,1,1,1,1
case_b29649a5,1,1,1,1,1,0
case_3eb72955,0,0,1,1,1,1
case_34dfaa19,1,1,1,0,1,1
case_d6584cb8,1,1,1,1,1,1
case_85d537e7,1,1,1,1,1,1
case_253e95b2,0,0,1,1,1,0
case_da5c3a11,0,0,1,1,0,0
case_867311cd,1,1,1,0,1,0
case_22547d05,1,0,1,1,1,1
case_ac1b62cf,0,0,0,1,0,0
case_2e7372d4,0,1,1,0,1,0
case_a9da98d0,0,1,1,1,1,1
case_1f9b7994,1,1,1,1,1,1
case_e1d3a4f1,0,0,0,0,0,0
case_80d3f532,0,1,1,1,1,0
case_7f511abe,1,0,1,0,1,0
case_eee2b2b9,1,1,1,1,1,1
case_81edfca8,1,0,1,1,0,0
case_f5277260,1,1,1,0,1,1
case_658487a5,0,1,0,0,0,1
case_b2192d59,1,0,1,1,1,1
case_ff0a41fc,1,0,1,1,1,0
case_5b5e15d1,0,0,0,1,0,1
case_589cc66e,0,0,1,1,0,1
case_c0cbaf39,1,1,1,1,1,1
case_83f1c009,1,0,1,0,0,0
case_fa0c67f6,1,1,1,0,1,1
case_c8e3b475,1,0,1,0,1,1
case_32e17ead,0,1,1,0,1,1
case_38d135bd,1,1,1,1,0,0
case_8795ce21,0,0,0,1,1,1
case_54e528a0,0,0,1,0,0,1
case_7eae066c,0,1,0,1,1,0
case_9f221569,1,0,1,1,1,1
case_af8c5466,1,1,1,0,1,1
case_f8cfdbbf,1,1,1,1,1,1
case_01612cb2,1,1,1,1,1,1
case_b3cfe4b0,1,1,1,1,1,1
case_8faa962b,1,1,1,1,1,1
case_d14bbb82,0,1,1,1,1,1
case_8bcccc59,1,1,1,0,0,1
case_2a5a487c,0,1,1,1,1,1
case_73f44235,1,1,1,1,1,1
case_a2c4b768,0,1,1,1,1,1
case_ee89571e,0,1,1,0,1,1
case_52845c36,1,0,0,0,1,1
case_09b2007a,0,1,1,1,1,1
case_eebd0e11,1,1,1,0,1,1
case_b14b1c97,0,0,1,0,0,1
case_d68f73fa,1,0,1,1,1,1
case_27087b8c,0,0,1,1,1,1
case_8402061a,1,1,1,1,1,0
case_fca32bd2,1,1,1,0,1,0
case_6904613d,1,0,1,1,0,1
case_0d117819,0,1,1,1,1,1
case_5cd6f19c,0,1,1,1,1,1
case_41bb161d,0,0,1,1,1,1
case_25882956,0,1,0,0,0,1
case_e9776dfe,1,1,1,0,1,1
case_aef8d424,1,1,1,1,1,1
case_b64fc6b3,0,1,1,0,1,1
case_7395886d,1,1,1,1,1,1
case_593113bf,0,0,0,1,0,1
case_c08ea501,1,0,1,1,0,1
case_7a1f576e,1,1,1,1,0,1
case_858a91ec,0,0,1,0,1,1
case_ae783e8b,0,1,1,1,1,0
case_448e083b,1,0,0,1,0,0
case_d0a98de4,0,0,1,1,1,1
case_8c0dfade,0,1,1,1,0,1
case_93c8a14f,0,1,1,1,1,0
case_8090c600,0,0,1,1,0,1
case_8fc68483,0,1,1,1,1,1
case_a9b1e669,1,1,1,1,1,1
case_e85aed78,0,1,1,0,1,1
case_4d63eb06,0,0,1,0,1,1
case_0062a967,0,0,1,0,0,1
case_3f879351,1,1,1,1,1,1
case_9d0853e7,1,0,1,1,0,0
case_006bac70,0,0,0,0,0,1
case_b9af3482,0,1,1,0,1,1
case_73766776,0,0,1,0,0,1
case_1f275585,1,1,1,1,0,1
case_18799444,1,0,1,1,0,0
case_aace6e29,1,1,1,1,1,1
case_946da505,0,1,1,0,1,1
case_206e1f68,0,1,1,1,0,1
case_7a727407,0,1,1,1,1,1
case_82cfc726,1,1,0,1,1,1
case_041220ab,1,1,1,1,1,1
case_fb91c535,1,1,1,1,1,0
case_49abac5d,1,1,1,1,0,0
case_e7946e43,0,0,0,1,1,1
case_61c0d6a0,1,1,1,1,1,1
case_ea79a06c,0,0,1,0,0,1
case_944bd199,1,0,1,1,1,1
case_9b2714d9,0,1,1,1,1,1
case_472a39fa,1,0,1,0,1,1
case_9a9ae4a7,1,1,1,1,1,1
case_27502dc3,0,0,1,0,0,1
case_edd0886b,1,0,1,1,1,1
case_216d069d,1,1,1,1,1,1
case_e9d49496,1,1,1,1,1,1
case_f27b519d,0,1,1,0,0,1
case_5340b0ef,1,1,1,0,0,1
case_01f41681,1,0,0,1,1,1
case_d1f2cd36,1,1,1,0,1,0
case_bf12387c,0,0,1,1,1,1
case_40a93f5d,0,0,1,1,0,1
case_bb4d8c61,1,0,1,0,1,1
case_4c9d3536,0,0,1,0,1,0
case_482f21c6,0,0,1,1,1,0
case_1ed90a05,0,0,1,1,1,1
case_10b972f5,1,1,1,1,1,1
case_1c23886c,0,0,1,1,0,0
case_e480b948,1,1,1,1,1,1
case_8bf4c44e,1,0,1,0,1,1
case_9dee49b2,0,1,1,1,1,1
case_e2e2c1c4,1,0,0,1,0,1
case_395169c6,0,1,1,1,1,1
case_3e43e4f1,1,1,1,1,1,1
case_bd8e7dae,1,0,1,0,0,1
case_bedd6363,0,0,1,1,1,1
case_ca19b455,1,1,1,1,1,0
case_887313b7,1,0,1,1,0,1
case_abb0b102,0,0,1,0,1,1
case_90274bfb,0,0,1,1,1,0
case_28bbdf9c,1,1,1,1,1,1
case_0afb77f6,1,1,1,1,1,1
case_3781eb0b,1,1,1,0,0,1
case_b91d9bea,1,1,1,1,1,1
case_5716f98a,1,1,1,1,1,0
case_8cf0ff5d,0,1,1,1,1,0
case_d3780724,1,1,1,1,1,1
case_2f49715f,1,1,0,0,1,1
case_3645db8a,1,0,1,1,1,1
case_38e2f5d8,1,1,1,1,1,1
case_8d643fdb,0,0,1,0,0,1
case_6e600ecb,0,0,1,0,1,1
case_c559612e,0,1,1,0,1,1
case_2fdcecb3,1,1,1,1,1,1
case_9f1f538a,0,0,1,1,1,0
case_4a5d4534,0,0,1,0,0,1
case_9b6fe72b,0,0,1,0,0,0
case_ea91607d,1,1,1,0,1,1
case_1c575109,1,1,1,1,1,1
case_a8e4d200,1,1,1,1,1,0
case_1a6044a4,0,1,1,0,1,0
case_97223d9c,1,1,1,0,0,1
case_0c4bffd7,1,1,0,1,0,0
case_15e6f0e1,1,1,1,1,1,1
case_d8d92775,0,1,1,1,1,1
case_bc8c7dd8,0,1,1,1,1,1
case_5774eaa3,1,1,1,0,1,1
case_e2352f80,0,1,1,1,1,1
case_224b9a27,0,1,1,1,0,0
case_6b4e9bce,0,0,0,1,1,1
case_4bb91007,0,0,0,0,1,0
case_3250d1f1,1,1,1,0,1,1
case_0ec2328f,0,0,1,0,1,1
case_8e43ef44,0,1,1,1,1,1
case_167e56ab,1,1,0,1,1,1
case_afb702b1,1,1,1,1,1,0
case_b723b77b,0,0,1,1,1,1
case_ecf62520,1,1,1,1,1,1
case_c850e34c,1,0,1,0,1,1
case_61660d8b,0,1,1,0,0,1
case_cd507f1f,0,1,1,1,0,1
case_78d9250c,1,1,1,1,1,1
case_7eb4bf8a,1,1,1,1,1,0
case_11f3f935,1,0,1,1,1,1
case_5da97d6c,1,1,1,0,1,1
case_bf628fe3,0,1,1,1,0,0
case_e24d04e4,1,1,1,1,1,1
case_a93db13d,1,0,1,1,1,1
case_754cbc63,0,0,1,0,0,1
case_4d6d5261,1,0,1,0,1,1
case_680c0b70,1,0,1,1,1,1
case_453ce004,0,0,0,0,1,1
case_64e324db,0,0,0,1,0,0
case_1a18d642,0,1,1,1,1,1
case_3496d152,0,0,1,0,0,1
case_665a041d,0,0,0,0,0,1
case_3ece3fce,1,1,1,1,1,1
case_50668565,1,1,1,1,0,1
case_4569e880,0,0,1,0,0,1
case_0a193ea9,1,0,1,0,0,1
case_8f5e9e16,1,1,1,1,1,1
case_e14e4bf9,1,1,1,1,1,0
case_c0457c22,1,1,1,1,1,1
case_d78c19c7,1,0,1,1,1,1
case_db15f5cd,0,1,1,1,0,1
case_24491503,1,1,1,0,0,1
case_c104e1e2,0,0,1,1,0,0
case_ed6af4a1,1,1,1,1,0,1
case_d0f7aa5d,1,0,1,1,1,0
case_086c501b,1,0,1,0,1,1
case_f6a1e278,0,1,1,0,1,1
case_b8976bd4,0,1,1,1,1,1
case_14db11d0,1,1,1,1,1,1
case_fbe3d2ef,1,0,1,1,0,1
case_8793fe22,0,1,0,0,0,0
case_31b71e8c,1,0,1,1,0,1
case_5e790210,1,1,1,0,1,1
case_4ddedaa7,0,0,1,0,1,0
case_d7b1f11c,1,0,1,1,1,1
case_61789372,1,1,1,1,0,1
case_7ccb3564,0,1,1,0,0,0
case_48832dbe,0,0,1,1,1,0
case_0c34a79a,1,1,1,1,1,0
case_849de2ea,1,1,1,1,1,0
case_8b8d81c6,0,1,1,1,1,1
case_9f41acaa,0,0,1,1,1,0
case_114c59a6,1,1,0,1,1,0
case_0b8de731,1,1,1,1,1,1
case_fa54bf02,1,0,1,1,0,1
case_a800f14d,0,1,1,1,1,1
case_61a0ad04,0,0,0,0,0,1
case_933e9ebc,1,1,1,1,0,1
case_605542dc,1,1,1,1,1,1
case_b77a526c,1,1,0,1,1,1
case_18749283,0,1,1,1,1,0
case_3d523ce2,1,1,1,1,1,1
case_9e13f263,0,1,1,1,1,1
case_f31b0477,1,0,1,1,1,1
case_53751afa,1,1,1,1,0,0
case_2ee54de0,1,1,0,1,1,1
case_6bc197ae,1,1,1,1,1,1
case_e4391ff4,1,1,1,0,1,1
case_e88c946c,1,1,1,0,1,0
case_7e5cfdcc,1,1,1,1,1,1
case_0627622b,1,1,1,1,1,1
case_baa2aaef,1,1,1,0,0,1
case_e3f85db7,0,1,1,1,1,1
case_7173d390,1,1,1,0,1,1
case_5e45d7a0,1,0,1,0,1,1
case_e1dfbcd4,1,0,1,0,1,0
case_b35f77d6,1,1,1,1,1,1
case_3bff0733,1,0,1,1,1,1
case_18fd01d7,0,0,0,1,1,1
case_7e2c56ad,0,0,1,1,0,0
case_b2bc49f9,1,0,1,1,0,0
case_841a51ac,0,0,0,1,1,1
case_1b69bbd7,1,1,1,1,1,1
case_1ce1c1e1,1,1,1,1,1,1
case_93f01491,1,1,1,1,1,1
case_a12ea350,0,1,1,1,1,1
case_a872c047,1,0,1,0,1,1
case_9d2b78d2,0,0,1,1,0,1
case_31e6f6e5,1,1,1,1,0,1
case_c60f1c33,1,1,0,0,1,1
case_06bebcdb,1,0,1,1,1,1
case_28534b6b,1,1,1,1,1,1
case_b9cde743,0,0,1,1,1,1
case_febd3eeb,1,1,1,1,1,1
case_9289e2eb,1,1,1,1,1,1
case_1d3bdb88,0,0,1,0,0,1
case_aa94a41a,1,1,1,1,1,1
case_fa47ad30,0,1,1,1,0,1
case_dadd14e0,1,1,1,0,1,1
case_e334ec52,1,1,1,1,1,1
case_742b58b3,1,1,1,0,1,1
case_b16f6822,0,0,1,1,1,1
case_1f9f420d,1,1,1,0,1,1
case_8aa576e8,1,1,0,1,1,1
case_d3caf1fe,0,0,1,0,1,1
case_62778d10,1,1,1,0,1,0
case_e2d56962,0,1,0,0,1,0
case_0ee08fe9,1,1,1,1,1,1
case_7202c304,0,0,1,0,1,1
case_86ae4a44,1,1,1,1,0,1
case_2f8350d2,1,0,1,1,1,1
case_9af5a483,1,0,1,1,1,0
case_25f43b96,0,0,0,0,0,0
case_0358f70d,1,1,1,1,0,1
case_0a225158,1,0,1,1,1,1
case_c5f37f65,1,0,1,1,0,1
case_fdd0e551,1,0,0,0,0,1
case_7d8302aa,1,1,1,1,1,1
case_560953e8,0,0,1,1,1,1
case_ba76e5ba,0,0,1,1,1,1
case_c0026173,1,1,1,0,0,1
case_93957229,1,0,1,1,1,1
case_dc9b1c53,0,1,1,1,1,1
case_3dc49c35,0,1,1,0,1,1
case_69d13424,0,1,1,1,0,1
case_9da0fe35,0,1,1,1,1,1
case_8f006c91,1,0,1,1,1,0
case_2d0f2e37,1,0,1,1,0,0
case_8d7c8de5,0,1,1,1,1,1
case_8de82817,1,1,1,1,1,1
case_ccd47d7e,1,0,1,1,1,1
case_88de86a9,1,1,1,1,1,1
case_80710775,0,0,1,0,0,0
case_2708af25,1,1,1,0,1,1
case_e6dd2587,1,1,1,1,1,1
case_230bc0ca,0,0,1,1,1,1
case_85e24aef,0,0,1,1,1,1
case_fc5dfe5b,0,1,0,1,0,1
case_e9735595,0,1,1,1,0,1
case_4a13def2,1,0,1,0,1,1
case_228d46ab,0,1,1,1,1,1
case_4153198b,1,1,1,1,0,1
case_1f785ab5,0,1,1,1,1,1
case_5855a622,1,0,1,1,0,1
case_5628bcaa,0,0,0,0,1,1
case_341f5713,1,1,1,1,1,1
case_7e5df517,1,0,1,1,0,0
case_1202bf48,1,1,1,1,1,1
case_00ab6d4f,0,1,0,0,0,1
case_80f4e5bf,1,1,1,1,1,1
case_68e648e9,1,0,1,0,1,1
case_26ebb947,1,0,1,0,1,1
case_0b56cda6,1,1,1,0,1,1
case_86ba4cf3,0,1,1,1,1,1
case_ea237efb,1,1,1,1,1,1
case_06ea49b6,0,0,1,0,1,0
case_2b4e2947,0,1,1,1,1,1
case_0aa6e6b3,1,1,1,1,1,1
case_d5f41047,1,1,1,0,1,1
case_c00a4dbe,0,1,0,1,0,0
case_fca8e108,1,1,1,1,0,1
case_b3d4cdab,1,1,1,1,1,1
case_2337698f,1,0,1,0,1,1
case_913cd8b1,0,0,0,0,0,0
case_325f38f3,1,1,1,1,1,1
case_ace734a9,1,1,1,1,1,1
case_995549c8,1,1,1,1,1,1
case_18166ddc,1,0,1,1,1,1
case_1c1ce0c6,0,0,1,0,1,0
case_4842c8c0,1,1,1,1,1,1
case_687fad67,1,1,1,1,0,1
case_aa67871d,0,1,1,1,1,1
case_ce5af1ee,0,1,1,1,1,1
case_bc903cf2,0,0,0,0,1,1
case_eb48f407,1,1,0,0,0,1
case_5efb65ea,0,1,1,1,0,1
case_50dabff2,1,0,1,1,0,0
case_f73be659,1,1,1,0,1,1
case_535ba476,1,1,0,1,1,0
case_13ee1c9a,1,0,1,1,1,1
case_e2c27ede,1,0,1,1,1,1
case_4bb1f9db,1,1,1,1,1,1
case_9adb3623,0,1,0,0,0,0
case_4d2d2aab,1,0,1,0,1,1
case_a6e200c6,0,1,1,1,1,1
case_70c1ae3c,0,1,1,1,1,1
case_cd0f4059,1,1,1,0,1,0
case_8aadc224,1,1,1,0,0,1
case_b9c912e2,1,0,1,0,1,0
case_af63fadd,1,0,1,1,1,1
case_049aeb37,0,0,1,1,1,1
case_44002faa,0,0,1,1,1,1
case_0f61508b,1,0,1,1,1,1
case_951db867,0,0,1,0,1,1
case_0d0acf76,0,1,1,1,1,1
case_464ba42d,1,1,1,1,1,1
case_d90f3c60,1,1,1,1,1,1
case_68886d59,0,1,1,1,1,1
case_33ed3c42,1,1,1,1,1,1
case_eba4debd,1,1,1,1,1,1
case_e50e41e3,1,1,1,1,1,1
case_2586c2ce,1,0,1,1,1,1
case_370dcb8e,1,0,1,0,0,0
case_e8036181,1,1,0,0,0,1
case_b0459e41,1,1,1,0,0,1
case_4a59f7d2,0,1,1,1,0,0
case_bab57366,1,0,1,1,0,1
case_31c85c9e,1,0,1,1,1,0
case_6fa91a41,1,1,1,1,1,1
case_0ef154fc,1,1,1,1,1,0
case_3fd4d3db,1,0,1,1,0,1
case_4057028f,1,0,1,1,1,1
case_027adc1b,1,1,1,0,1,1
case_a683befd,1,0,1,0,1,1
case_df6ff8ae,1,0,1,1,1,1
case_30177d7a,1,1,1,0,1,1
case_bb41abcb,0,1,1,1,1,0
case_4a91c52b,1,1,1,0,0,1
case_4679276c,1,0,1,1,0,0
case_798422de,1,1,1,1,0,1
case_b322a90e,0,1,0,0,0,0
case_0c6f548d,0,1,1,0,1,0
case_4a0a4646,1,0,1,0,1,1
case_ed4b831c,1,1,1,1,1,1
case_d25a3a74,0,1,0,0,1,0
case_e59440ce,0,1,1,1,1,0
case_c28b15d9,1,0,1,1,1,1
case_27a85578,1,1,1,0,1,1
case_efdc2238,1,1,1,1,1,1
case_bd7d96e4,1,0,1,1,0,1
case_f468f8bd,1,1,0,1,0,0
case_f9ecbcd9,0,1,1,0,0,1
case_12a863ac,1,1,1,1,1,0
case_9ebde049,0,0,1,1,1,1
case_f1bcd39f,1,1,1,1,1,1
case_57f53309,1,0,1,0,1,0
case_42ec15d4,1,1,1,1,0,1
case_43e472eb,1,1,1,0,1,1
case_3b028fe6,0,0,1,0,1,1
case_a07444a1,1,1,1,1,1,1
case_77a1ca25,0,1,0,1,0,1
case_71c5236b,1,1,1,0,0,1
case_17c10d4e,1,1,0,1,1,1
case_161420e3,0,0,1,1,0,0
case_96945293,0,0,1,1,0,0
case_93b2fe62,0,1,0,0,0,1
case_938202ba,1,1,1,1,1,1
case_78944399,1,1,1,1,1,1
case_861691d2,1,1,1,1,1,1
case_8273a0cb,1,1,1,1,1,0
case_aff45f42,0,0,1,0,1,1
case_003aae3c,0,0,1,1,0,1
case_be9b0cbd,1,1,1,0,1,0
case_43cab763,1,0,1,0,1,1
case_4aa6703f,1,1,1,1,1,1
case_ea080b32,1,1,1,0,0,0
case_89c97e6e,0,1,1,0,1,1
case_9d6b4b0f,1,1,1,1,1,1
case_8ea46c5e,1,0,1,1,1,1
case_5168101c,0,0,1,1,0,0
case_6d2acbef,1,0,0,0,1,1
case_59e6a23e,1,1,0,1,1,1
case_721a0824,0,0,1,0,1,1
case_2aa4b2b0,0,0,0,0,1,1
case_028429c1,1,1,0,0,0,1
case_e68b64ed,1,0,1,0,0,0
case_1f3ff71e,0,1,1,1,1,1
case_9e660518,1,1,1,1,1,1
case_d3b9dfe8,0,1,1,1,1,1
case_29e01ace,1,1,1,1,1,1
case_bedfe41e,0,0,1,1,0,1
case_03bb7046,1,1,1,1,0,1
case_60cbcca1,0,0,1,1,1,1
case_90f18f3e,1,1,1,1,0,0
case_a8fef5d2,1,1,1,1,1,1
case_e6d2ae34,1,0,1,1,0,1
case_dc3b565b,0,0,1,1,0,0
case_5836ab82,1,1,0,1,1,1
case_04889078,1,1,0,1,1,1
case_e9a53139,1,1,1,1,1,1
case_9a57e39d,0,0,0,0,0,1
case_313b4dec,1,1,1,1,1,1
case_184c1611,0,1,1,0,1,1
case_ff578183,0,0,1,0,1,0
case_a2f0a650,0,1,1,1,1,1
case_c6062ee7,0,0,1,1,1,1
case_a78b584d,0,1,1,1,1,1
case_9f541b2d,1,0,1,1,1,1
case_d91bd782,0,1,1,1,1,1
case_907e48ed,0,0,1,0,0,1
case_c22e40b3,1,0,1,1,1,1
case_06bea8c3,1,1,0,1,1,1
case_c88a6f11,1,1,1,1,1,0
case_ddd5d548,0,0,1,1,0,1
case_1e6ead37,1,0,1,0,1,1
case_2f500cef,1,1,1,1,1,1
case_9959e371,1,0,1,1,1,0
case_b5761a15,0,1,1,1,1,1
case_0042f3ac,1,1,1,1,1,1
case_613d254f,0,1,1,1,1,1
case_177136df,0,1,1,1,0,0
case_280cc555,1,0,1,1,1,1
case_b9354ff0,0,1,0,1,1,1
case_1eca2f8a,1,1,1,1,1,0
case_9b6ed63e,1,1,1,1,1,1
case_b010110d,1,1,1,1,1,1
case_2b437e79,1,0,1,1,0,1
case_8fbdc553,1,1,1,1,1,1
case_5598cfef,0,0,1,0,0,1
case_efc2fe65,1,0,1,0,1,1
case_42d39400,1,1,0,0,1,1
case_0af8ec90,1,0,0,1,0,1
case_fb5afc8a,1,1,1,1,1,1
case_cff53a87,1,1,1,1,1,1
case_a756529d,1,1,1,1,0,0
case_90e1c7bf,0,1,1,1,0,0
case_ac595264,1,0,1,0,1,1
case_91b0361f,1,1,1,1,1,1
case_cb41dd18,1,1,1,1,1,1
case_eeed411d,0,0,1,1,0,0
case_57c4c652,1,1,1,1,1,1
case_3668aa62,0,1,1,0,1,1
case_89efb002,0,1,1,1,1,1
case_5bf382be,1,0,1,1,0,1
case_83800f42,1,0,1,0,0,1
case_28222b77,0,0,0,1,1,1
case_0d51c997,0,1,1,1,1,0
case_ba4b8c7b,1,0,1,1,0,1
case_16b2851d,1,1,1,1,1,1
case_3787d7cd,1,1,1,1,1,1
case_d123de47,1,1,1,1,1,1
case_18feec8f,1,1,1,0,0,1
case_d89c7f49,1,1,1,1,1,1
case_0521b035,1,1,1,1,1,1
case_123c46fe,0,1,1,1,1,1
case_1bd19766,1,0,1,0,1,1
case_b0bcfac5,1,1,1,1,1,1
case_a184cd8d,1,0,0,1,1,0
case_398c188f,0,1,1,0,1,0
case_8fa5d28f,0,1,1,1,1,1
case_46412951,1,1,1,1,1,0
case_663ecd03,1,0,1,1,0,0
case_7bed8193,0,0,0,1,1,0
case_d3be32f8,0,1,1,1,1,1
case_691833e9,1,1,1,1,1,1
case_be4130ce,0,0,1,1,1,1
case_b8aa1533,1,0,1,1,0,0
case_6b24ec35,0,1,0,1,0,0
case_f13c666d,0,1,1,1,1,0
case_47083d49,1,1,1,1,0,1
case_08701a7f,1,1,1,1,1,0
case_e0f00bf1,1,1,1,1,1,1
case_6a81b69f,1,0,1,1,1,1
case_48c013a6,0,1,1,0,1,1
case_6f1f3c2e,1,0,1,1,1,1
case_708b79ee,1,0,1,0,0,1
case_fc54f6db,1,1,1,0,0,0
case_7f2a54c8,1,1,1,1,0,1
case_40e3e6b9,0,0,1,1,1,1
case_41a960e0,1,0,1,1,1,1
case_4151b9f1,1,1,1,1,1,1
case_fdb67206,0,1,1,0,1,1
case_16470148,1,0,1,1,1,1
case_090a8769,1,1,1,0,1,1
case_027c7326,0,1,1,0,1,0
case_ca64222f,0,0,1,1,1,1
case_9f7012aa,1,0,1,0,1,1
case_89401ad9,1,1,1,0,1,1
case_a5ba139a,1,1,1,1,1,0
case_d3e64367,1,1,1,1,1,1
case_52208731,0,1,0,1,1,1
case_aaf6e1a9,0,1,1,1,1,0
case_b3ffdc4a,1,0,0,1,1,1
case_4f81dae7,1,1,1,1,1,1
case_29ef2de3,1,0,1,0,0,1
case_c9ee91ef,1,1,1,0,1,0
case_e7c20f3e,1,1,1,0,1,1
case_025e156d,1,0,1,1,1,1
case_40ade92e,1,1,1,1,1,0
case_5c951876,0,0,1,1,1,1
case_7d3f93cf,1,0,1,1,1,1
case_2db621fc,1,1,1,1,1,0
case_c743d4b4,1,0,0,1,1,1
case_2f7b8a09,1,1,1,1,1,1
case_0b9e4ebf,0,0,0,1,1,1
case_57861e17,0,0,1,1,1,1
case_1b3c4deb,0,0,1,0,0,0
case_c1d9d050,1,1,1,0,0,1
case_4dc6f76b,1,1,1,1,1,1
case_be783a9d,0,0,1,1,0,1
case_4c8f9e4f,1,0,1,1,0,1
case_a4f0c12f,1,1,1,0,1,1
case_6e66c6d9,1,0,1,1,1,1
case_adf8e0d0,0,0,1,1,0,0
case_0c71aa89,0,1,1,1,1,1
case_07d5aba5,0,0,1,1,0,1
case_15d8c73d,0,1,1,1,1,1
case_81d07fb7,1,0,1,0,1,0
case_935a4d92,0,0,1,0,0,1
case_b3344da9,1,1,1,1,1,1
case_23e2877e,1,1,0,0,1,1
case_ad8e5d59,0,1,1,1,0,1
case_6253eb46,1,1,1,1,0,1
case_ee94bd29,1,1,0,1,1,0
case_ec6ba0e2,1,1,1,1,1,1
case_c98c7096,1,1,1,1,1,1
case_e2f5da4a,0,0,0,0,0,1
case_fbcb4739,1,1,1,0,1,1
case_3d91c258,1,1,1,0,1,1
case_3c3be0e6,0,0,1,1,0,0
case_ac1b005e,1,0,1,0,1,1
case_71f84c29,0,1,1,1,1,1
case_77ea34f7,0,0,1,1,0,1
case_6b93a6b6,1,1,1,1,1,1
case_18f5fc63,0,1,1,1,0,1
case_84c96c3c,0,0,0,0,1,1
case_6b8b5524,1,0,1,0,1,1
case_2e1ca827,1,1,1,1,1,1
case_0197fcb0,1,1,1,1,1,1
case_9b140b0a,1,0,0,1,0,0
case_4c57661e,0,0,1,1,0,1
case_18b029d9,0,1,1,1,1,1
case_1ec165a1,1,0,0,0,0,1
case_95017ba2,1,1,1,0,0,1
case_dfb76f24,1,0,0,1,1,1
case_fb11076a,0,1,1,1,1,1
case_8764298f,0,0,1,0,1,0
case_f2c87724,0,0,0,1,0,0
case_d3b5b55c,1,1,1,1,0,1
case_f98fbca4,1,1,1,1,1,1
case_68a8f037,0,1,1,1,1,1
case_d4cb77e0,0,0,1,1,1,1
case_203caa36,1,1,1,1,0,1
case_1c14c972,0,0,1,1,0,1
case_dd4f564f,1,0,1,1,1,1
case_0462ab29,0,0,1,0,1,1
case_8402b8be,1,1,1,1,0,1
case_f6d23c57,1,0,1,1,1,1
case_98a56876,1,1,1,1,1,0
case_b791e2cf,1,0,1,1,0,1
case_d7395867,1,0,1,1,0,1
case_82255eaa,1,1,1,0,1,1
case_a4dfd42b,0,0,1,1,0,1
case_80cb064f,0,0,1,1,0,0
case_47bc0907,0,0,1,1,1,1
case_79367765,1,1,1,1,1,1
case_8000e876,1,1,1,0,1,1
case_89a290e5,0,0,0,1,1,1
case_24118cf2,1,1,1,1,1,1
case_370ee19e,0,1,0,0,0,0
case_61775a48,1,1,1,1,1,1
case_50d73b37,1,1,1,1,1,0
case_7c10db39,1,1,1,1,1,1
case_1ff15597,1,1,1,1,1,0
case_853a68d9,1,1,0,0,1,1
case_389a239e,1,1,1,1,1,1
case_4000a413,1,1,1,0,1,1
case_64e65d4a,1,1,1,1,0,1
case_f19c3a05,1,1,0,0,0,1
case_656a4282,0,0,1,1,1,1
case_fa2c00c0,1,1,1,1,1,0
case_ce06d2b4,0,0,0,1,1,0
case_dda37e8b,1,1,1,1,1,1
case_303dfb44,1,1,1,1,0,1
case_a26f25fe,1,0,1,1,1,1
case_37e9cf4a,1,1,1,1,0,1
case_e7adadbc,1,1,0,1,1,1
case_a035ae1d,1,1,1,0,1,1
case_bb8bf78d,1,1,1,1,1,1
case_f52942bf,1,1,1,1,1,1
case_5d439a75,1,1,1,1,1,0
case_f6092e32,0,0,1,1,1,0
case_e89dcc3d,1,1,1,1,1,1
case_8a454da2,1,0,1,1,1,1
case_febdab3c,1,0,1,0,1,1
case_2f3bed77,0,1,1,1,1,1
case_03950b02,0,1,1,1,1,1
case_0777ec90,0,0,1,0,1,1
case_c8e143c2,0,0,1,1,0,1
case_4e97b697,0,1,1,1,1,1
case_483b9057,1,0,1,1,0,0
case_652fe3bf,1,0,1,0,0,1
case_85bf2749,0,0,0,0,0,0
case_194bec00,1,1,1,0,1,0
case_e84c7e1d,1,0,1,0,1,1
case_304de99f,1,1,1,1,1,1
case_1f16e08c,0,1,1,1,1,1
case_38b68fed,0,1,1,1,1,1
case_e58b348b,0,1,1,0,1,1
case_1c882aac,0,1,1,1,1,1
case_c021ce5c,1,1,1,1,0,1
case_399721a7,1,1,1,1,1,1
case_4ff03b33,0,1,1,0,1,1
case_2f9b639e,0,1,1,1,1,1
case_96dac684,1,0,1,1,1,1
case_dfa2b60b,0,0,1,1,1,1
case_05e68fa4,1,0,1,1,1,1
case_ae97e96e,0,1,1,1,1,1
case_04309603,1,1,1,0,1,0
case_a589d19e,0,1,1,1,1,1
case_5bc216f5,1,1,1,1,1,1
case_36d82999,0,1,0,1,0,1
case_0015a1e0,1,1,0,0,1,1
case_265c4321,0,0,1,1,1,0
case_55c9ac37,1,0,1,1,1,1
case_4a15d900,1,1,1,1,1,1
case_871a26b6,1,0,1,1,0,0
case_1fb52fa5,1,0,1,0,0,1
case_0c271541,1,0,1,1,0,1
case_40587dfe,0,1,1,0,1,1
case_b6f12118,1,1,1,1,0,0
case_af8261b8,1,1,1,1,1,1
case_57791154,1,1,1,1,0,1
case_a1fd115b,0,0,1,1,1,1
case_7f6d3959,0,0,1,1,1,1
case_3f2b3f39,1,1,1,1,1,1
case_64cc1779,1,0,1,0,0,0
case_a44d5443,0,1,0,1,1,1
case_0106a16a,1,1,1,1,1,1
case_fa5f5d1a,1,1,1,1,1,1
case_b5ead1ab,0,1,1,1,1,1
case_c06e27c0,1,1,0,1,1,0
case_d0cd3b4c,1,0,1,1,1,1
case_e99c57b6,0,1,1,1,1,1
case_05c98ce1,0,1,1,1,1,1
case_83bc68be,0,0,1,1,1,0
case_31fd3119,1,1,1,1,1,1
case_112a4330,1,1,1,1,1,0
case_1bebe757,1,1,1,1,1,1
case_8ff0c32e,1,0,1,1,1,1
case_d0c0fa7d,1,1,1,1,1,1
case_08957727,1,1,1,1,1,1
case_65b6f0ba,0,0,1,1,1,1
case_4750505e,1,0,1,1,1,1
case_0376f889,1,1,1,1,1,1
case_68935525,1,1,1,0,0,0
case_bd28b736,1,0,1,1,0,1
case_367148f5,0,0,1,1,1,1
case_821657de,1,1,1,1,1,1
case_7df8daa5,0,0,1,1,0,0
case_5205a107,1,1,1,1,1,1
case_8f77eef5,0,0,1,1,1,0
case_04cb15c9,1,1,0,1,1,1
case_790f503d,0,1,1,0,1,1
case_92c62825,1,0,1,1,0,1
case_f8ec8c06,0,1,1,0,1,0
case_ce9c15f1,1,0,1,0,1,1
case_8793b9e3,0,0,1,1,1,1
case_5563cb1c,1,1,1,0,0,0
case_3cf7077b,1,1,1,1,1,1
case_f8c113b1,1,1,1,1,1,1
case_8dcc4800,0,1,1,0,0,0
case_9770e5d4,1,1,1,1,0,1
case_19f65ac2,1,1,1,1,1,1
case_54aee7e9,1,1,1,1,1,1
case_bd1ed118,1,1,1,0,0,1
case_623c2a56,1,1,1,1,1,1
case_5b43110f,0,1,1,1,1,1
case_58bce09a,0,0,1,0,1,0
case_07e080e6,1,0,1,0,1,1
case_9605cc39,1,1,1,1,1,1
case_4431a129,1,1,1,1,1,1
case_de1b66c9,1,1,1,0,1,1
case_4ac26377,1,1,1,1,1,1
case_168b1ef1,0,0,1,1,1,1
case_55f73eaf,1,0,1,1,1,0
case_c88c50ca,1,1,1,1,1,1
case_a70d2083,0,1,1,1,1,1
case_e7cfb215,1,1,1,1,1,1
case_ff64e9b3,1,0,1,0,1,1
case_3f488707,1,1,1,1,1,1
case_2ea151a7,1,1,1,0,1,1
case_69b24b9a,1,1,1,1,1,1
case_989d78f5,1,1,1,0,1,1
case_809a5f91,1,1,1,1,1,1
case_9937f418,0,0,1,1,1,0
case_752e0058,1,1,1,0,0,1
case_56c47c20,0,1,1,1,0,1
case_536ad3f4,1,1,1,1,1,1
case_b0e3709a,1,1,1,1,1,1
case_28aca712,0,1,1,1,0,1
case_0e33571c,1,1,1,1,1,1
case_ab30180c,1,0,1,1,0,1
case_f5f6349c,1,1,1,1,1,0
case_b1451ff9,0,0,1,1,1,1
case_6d8677a8,0,0,1,0,1,1
case_e69d9c72,1,1,1,1,1,0
case_794dc3d8,0,0,1,1,0,1
case_9cec5a2e,1,0,1,1,0,0
case_b140bf9e,0,0,1,1,0,1
case_eb111343,1,0,1,0,1,1
case_adddb355,1,0,1,0,1,1
case_154c9aa6,0,0,1,0,1,1
case_3e718914,1,1,1,1,0,1
case_8a37523f,1,1,1,0,1,1
case_21323ae7,1,1,1,1,0,1
case_94e4aafc,1,1,1,1,0,1
case_c2bc5e9c,0,1,1,0,0,0
case_1c840446,1,0,1,1,0,1
case_0ad924e3,1,0,0,1,1,1
case_5d4e9f88,0,0,0,0,0,1
case_7024a997,0,1,1,1,0,1
case_a51e894d,0,1,1,0,1,0
case_86a178aa,0,0,1,0,0,1
case_7814ac78,1,1,1,1,1,1
case_0a937922,1,1,1,1,0,1
case_c5437482,1,1,1,1,1,1
case_3e62c4b7,0,0,1,1,1,1
case_45bd9057,0,1,1,1,1,0
case_3f122887,1,1,1,1,1,1
case_361551ab,1,0,1,1,1,0
case_add5edbe,1,1,1,1,0,1
case_060dcc2f,1,1,1,1,1,1
case_a2c3b600,1,0,0,0,1,1
case_a1467b70,0,1,1,0,1,1
case_d3abd664,1,1,1,1,1,1
case_02231d26,1,0,1,1,1,1
case_731110ed,1,1,1,1,1,1
case_8a1ef66d,0,1,0,1,0,0
case_6848ecb7,0,1,1,1,0,1
case_9503fca3,0,0,0,0,0,1
case_c79cc1c3,1,1,1,1,1,1
case_c613a310,1,1,1,0,1,1
case_7c9875c5,1,0,1,0,0,1
case_569b9ee8,1,1,1,0,1,0
case_9e28152f,1,1,1,1,1,0
case_3725713d,1,1,1,0,1,1
case_bc13c31c,0,1,1,1,1,1
case_1589d865,1,1,1,0,1,1
case_e73a24bf,1,0,1,1,0,1
case_779fbb5f,1,0,1,0,1,1
case_c2bfba24,1,1,0,1,1,1
case_d50a5487,1,1,0,1,1,0
case_6853606e,1,1,1,0,1,1
case_7096d1b3,1,1,1,1,1,1
case_42adc4cc,0,0,1,0,1,0
case_298a9cc1,1,0,1,1,1,1
case_3fac77f0,0,1,0,1,0,0
case_bcd67a69,0,0,1,1,0,0
case_33ef936d,1,1,1,1,1,1
case_547f39a4,1,1,1,1,1,1
case_5682a633,0,1,1,1,0,0
case_08defa70,0,1,1,0,0,0
case_b0b19975,0,1,1,1,1,0
case_c9f25833,1,1,1,1,1,0
case_61cdc631,0,0,1,0,0,0
case_2e04665c,1,1,1,0,1,1
case_f96c5e64,1,1,1,1,1,1
case_7f0d843d,1,1,0,1,1,1
case_d7f173dc,0,0,0,1,1,1
case_50b2fc1f,1,0,1,1,1,1
case_26193f33,1,1,1,1,1,1
case_1839ad89,1,1,1,0,1,1
case_4eb3b2d3,1,0,1,0,1,1
case_4817f93f,1,0,1,1,1,0
case_9578445d,1,0,0,1,0,1
case_b707dff7,0,0,1,0,1,1
case_cc59dd5e,1,1,1,1,1,1
case_fbf74613,1,1,1,1,0,1
case_84e572b1,1,1,1,0,1,1
case_abdc9399,1,0,1,1,0,0
case_e8b3cb69,0,1,1,0,0,0
case_2e49a772,0,0,1,1,1,1
case_6382740e,1,1,1,0,1,1
case_6ed61ba7,1,1,1,1,1,1
case_a89d9056,1,1,0,1,1,1
case_8d093e50,1,1,1,0,1,0
case_674bfbd4,1,0,1,1,0,1
case_e9828a16,0,0,1,1,1,1
case_2fe1b182,0,0,1,1,1,1
case_acd16d77,0,1,1,0,1,1
case_f1b53c14,0,0,1,1,1,1
case_a4795a7c,0,1,1,0,0,0
case_02f28e4a,0,1,1,0,1,0
case_f44afbc6,1,0,1,1,1,1
case_23b63fa1,0,1,1,1,1,1
case_6e4f5763,1,1,1,0,1,1
case_4269c085,1,1,1,1,1,1
case_09560205,1,0,0,1,1,1
case_dd969230,0,0,1,1,0,1
case_124f86c1,1,1,1,1,1,1
case_54a2906c,0,0,1,1,1,1
case_d8a79680,0,0,1,1,0,1
case_4d3e7797,1,1,1,0,1,1
case_762982fc,1,1,1,1,1,1
case_4d3a5f2b,1,1,1,1,1,1
case_340df9c9,0,1,1,1,0,1
case_046ec8eb,0,0,1,1,0,0
case_e2f7a737,1,1,1,1,1,1
case_0f6702e7,1,1,1,0,1,1
case_686fef21,0,1,0,1,1,1
case_e9610b77,1,1,1,0,1,1
case_297e0ca1,1,1,1,1,1,1
case_834b44ba,0,0,1,1,1,1
case_ef3c9482,0,0,1,0,0,1
case_48734f6d,0,1,1,1,1,1
case_dc5a9e13,1,1,1,0,1,1
case_ec250a15,0,1,1,1,1,1
case_d353bb1e,1,1,1,1,1,1
case_ac14cff3,1,0,1,1,1,0
case_602e99a6,1,1,1,1,1,1
case_10af2eb9,1,1,1,0,1,1
case_5b4ece10,1,0,1,1,0,1
case_9c24e727,1,0,1,1,1,1
case_ccb4ffba,1,1,1,0,1,0
case_9105f7b2,1,1,1,1,1,1
case_1870cd05,1,1,1,1,1,1
case_367ab62e,1,0,0,1,0,1
case_61db91e1,0,1,0,0,0,0
case_24859b37,0,1,0,0,1,0
case_3f60ea1c,1,1,1,0,1,1
case_bbe7ff19,1,1,1,1,1,0
case_57af8a19,0,1,1,1,1,0
case_4714c7f7,0,0,1,0,1,1
case_a57b4e74,1,0,1,0,0,1
case_a933a0da,0,1,1,0,1,1
case_65916bfe,1,0,1,1,1,1
case_ae066f64,0,0,1,1,0,1
case_2d39a690,1,0,1,1,1,1
case_8d294ce8,1,0,1,1,0,1
case_2d8edc85,1,1,1,1,1,1
case_f175f194,0,0,1,1,1,1
case_aea5f91e,1,1,1,1,1,1
case_fd3c075c,1,1,1,0,0,1
case_c6a952c0,1,1,1,1,1,1
case_bcdb5a5e,0,0,1,0,1,1
case_efe30800,0,0,1,0,0,1
case_91124835,1,0,1,1,1,1
case_e1544eeb,1,0,1,0,1,1
case_ed2d3223,0,1,1,1,1,1
case_76281822,1,1,1,1,1,1
case_0e5e3f82,1,1,1,1,1,1
case_e493ee09,1,0,1,1,1,1
case_5adcc16d,1,1,1,1,1,1
case_54dc81e7,1,0,1,1,1,1
case_da5fdaa3,1,1,1,1,1,1
case_57e296a6,1,0,1,1,1,1
case_a847e95b,0,0,1,1,0,1
case_81624b66,1,1,1,1,1,1
case_8a075936,1,0,1,1,1,1
case_cd5146ca,1,1,1,1,1,1
case_436440e0,1,0,1,1,0,1
case_7dcdac9c,1,1,1,1,0,1
case_e8417daf,0,1,1,1,0,1
case_ac6ada7f,1,1,1,1,1,0
case_f5a320b6,0,1,1,0,1,0
case_cdb1f907,0,1,1,1,1,1
case_44af6e9c,1,1,1,1,1,1
case_d9fddfe6,0,1,1,0,1,0
case_60f77cd5,0,1,1,1,1,1
case_0822f676,0,1,1,1,1,1
case_fead14cd,0,0,1,0,1,1
case_3344c364,0,1,1,1,1,1
case_c17171b5,1,1,1,1,1,1
case_b45602cd,1,1,1,1,1,1
case_77b0016a,0,0,1,0,1,1
case_4157f74b,1,1,1,1,1,1
case_ab034b10,1,1,1,1,0,1
case_2f418fe6,1,0,1,1,1,1
case_a138b228,1,1,1,1,1,1
case_68c1ed64,0,1,1,0,1,0
case_865eb33d,1,1,1,1,1,1
case_3ec01d0d,0,0,1,1,0,1
case_4bddf68c,0,1,1,1,1,1
case_9f703583,1,1,1,1,1,1
case_f6d0aa24,0,1,0,0,0,1
case_b64c1d07,0,1,1,1,1,1
case_4d41ebf5,0,0,1,0,1,0
case_9e1b96d8,1,1,1,1,0,1
case_1cd08173,0,1,1,1,1,1
case_4f247ca4,0,0,1,1,1,0
case_9b5f5c46,1,0,1,0,1,1
case_dee73bea,0,0,1,1,1,1
case_4d6b7e19,0,1,1,1,1,1
case_9eebfed2,1,0,1,0,1,1
case_a8616cd1,0,0,1,0,1,0
case_b6719640,1,1,1,0,1,1
case_5e28f13b,0,1,1,0,0,1
case_69fbd55d,1,0,1,0,1,0
case_0a13b534,1,1,1,0,1,1
case_70aa7ece,1,0,1,0,1,1
case_30a34168,1,1,1,0,0,1
case_fed52ccc,1,1,1,1,0,0
case_fcd532cb,0,1,1,1,1,1
case_ce9df653,0,1,1,1,1,1
case_d3286267,1,0,1,1,1,1
case_e0679c63,1,0,1,0,1,0
case_37dc3f83,1,1,1,1,1,1
case_960bfe04,1,0,1,0,1,1
case_3ad39966,0,0,1,0,0,1
case_e3d61c60,1,0,1,0,1,1
case_66834866,1,0,1,1,1,1
case_0ba4fb98,0,0,0,0,1,1
case_0168aada,1,0,1,1,1,1
case_15dca5be,1,1,1,1,1,1
case_884e3882,0,0,1,1,1,1
case_bbc63817,0,1,1,1,0,1
case_4060650c,0,0,1,1,1,1
case_38349a96,1,1,1,1,1,1
case_f567f342,1,1,1,1,1,1
case_6e988f2d,0,0,1,1,1,1
case_466e8c40,1,1,1,0,1,1
case_04318246,1,1,1,1,0,1
case_e72f4f85,1,0,1,1,1,0
case_6e0ebc73,0,1,0,1,1,1
case_99cea094,1,1,1,0,1,0
case_babdee6b,0,1,1,1,1,1
case_73a696f2,1,1,1,0,0,1
case_3cd9f030,0,0,0,1,1,1
case_fdaee1cf,1,1,1,0,1,1
case_742fb6ea,0,0,1,0,1,1
case_d1a79bcc,1,1,1,0,1,1
case_cfed6488,0,1,1,1,1,1
case_54f9049e,1,1,1,1,1,1
case_9952fbf1,0,1,1,1,1,1
case_d27b2bb6,1,1,1,1,1,1
case_26b4e030,0,1,1,0,1,1
case_6814bd2f,0,1,1,1,1,1
case_a427dcdb,1,0,1,1,1,1
case_47ca59a9,0,0,1,1,1,0
case_9c2e79c2,0,1,1,0,0,1
case_417cb851,1,1,1,1,1,1
case_7446e3b6,0,0,1,1,0,1
case_25a4e3e2,1,0,1,0,1,0
case_309af751,1,0,1,1,0,1
case_c868780d,1,0,1,1,0,0
case_3403b11b,1,1,1,1,1,1
case_d95d1502,1,1,1,0,1,1
case_8f3a7d7f,1,1,0,1,0,0
case_3edfc38f,0,1,1,0,0,1
case_40a84bc0,1,1,1,1,1,1
case_f76e218c,0,1,1,1,1,1
case_4de2c3ba,0,1,1,1,1,1
case_ebae856f,0,1,1,1,1,0
case_bbc88c0a,1,1,1,0,1,1
case_ed68696d,1,1,1,1,1,1
case_d6b0642a,0,1,1,0,1,1
case_11191c98,1,1,1,1,1,1
case_fb78f5ac,1,0,1,1,1,1
case_4aaae546,1,1,1,1,0,1
case_59fcad19,0,0,1,1,1,1
case_76097390,1,1,1,1,1,1
case_86affb86,1,1,1,1,1,1
case_e673e380,0,1,1,1,1,1
case_7a7b3781,0,1,1,0,1,1
case_c18dd7ce,1,0,1,1,0,1
case_4b5ad385,1,1,1,1,1,1
case_fc100439,1,1,1,0,1,1
case_45b5debb,1,1,1,0,1,1
case_f4b04d05,1,1,1,1,1,1
case_744a05c5,0,1,1,0,1,1
case_4810b7cf,1,1,1,1,1,1
case_ede59e35,0,1,1,1,1,0
case_f09970d4,1,0,1,1,1,1
case_73d0ac97,0,0,1,1,0,1
case_84b40dcf,0,1,0,1,1,0
case_d1292c3b,1,0,1,1,1,0
case_4d55e7c7,1,1,1,1,1,1
case_f5831135,0,1,1,1,1,0
case_2b744af8,0,1,1,1,1,1
case_c343a954,1,0,1,1,0,0
case_f7792e0f,0,0,1,0,1,1
case_503a7e7e,0,0,1,1,0,1
case_91fbf94e,0,0,1,1,1,1
case_b26807fd,1,0,1,1,1,1
case_c6e5a135,0,0,1,1,1,1
case_bcd44cd6,1,1,1,0,1,1
case_49393b86,1,0,1,1,1,1
case_095c5cec,1,1,1,1,0,1
case_e5fab37f,0,1,1,1,1,1
case_cf5382b4,0,0,1,1,1,1
case_f16e5812,1,1,1,1,1,0
case_08bcb438,0,1,1,0,1,0
case_9f25dfce,0,0,1,0,1,0
case_99607cbc,1,1,1,1,1,1
case_2af39cf1,0,1,1,0,1,0
case_a4b6ff34,1,1,1,1,1,1
case_77ab40b6,1,1,1,1,1,1
case_0f754d41,1,1,1,0,1,1
case_073172f2,1,0,1,1,1,1
case_2b666f61,1,1,1,1,1,1
case_257dcaf8,0,1,1,0,1,1
case_34b35d23,1,1,0,1,1,1
case_c69840e5,0,1,1,1,1,1
case_ddcd9c75,0,1,1,1,1,1
case_52930adb,0,0,1,0,1,1
case_d363ef29,1,0,1,1,1,1
case_65e3042e,1,1,1,0,1,1
case_eaa25b8b,1,1,1,1,1,0
case_6699f972,1,1,1,1,1,1
case_3961e4c7,1,1,1,1,1,0
case_f12ab35b,1,1,0,1,1,1
case_5694437b,1,1,1,1,1,1
case_017881a5,1,1,1,1,1,1
case_c2a1cb19,1,1,1,1,1,1
case_15457118,1,1,1,1,1,1
case_0b124a82,1,1,1,1,1,1
case_38c404a5,0,1,1,1,1,1
case_4103cda8,0,0,1,1,0,1
case_87d077c3,0,0,1,0,0,1
case_65c3d094,0,1,0,1,0,1
case_e1294b21,1,0,1,1,1,1
case_f9dfdfab,1,0,1,1,0,1
case_529beea2,1,1,1,1,1,1
case_a2d72baa,1,0,1,1,1,1
case_a22137a6,1,1,1,1,1,1
case_9fd37146,1,0,1,0,0,1
case_6d6a7370,1,0,1,1,1,1
case_9369baf0,0,1,1,1,0,1
case_6abb3c34,1,1,1,0,1,1
case_aa6f7ed2,0,1,1,1,1,0
case_b05e2dd5,1,1,1,0,1,1
case_83b57085,1,0,1,0,0,0
case_bf98b9f8,0,1,1,1,0,1
case_cbd3898d,1,1,1,1,1,1
case_8ed6a22b,1,1,1,0,1,1
case_5e9c3806,1,1,0,0,0,1
case_66b8c8c9,1,0,1,0,0,1
case_5f59861e,0,1,1,0,0,1
case_2f376b49,0,0,1,1,1,0
case_cd5f4ad0,1,1,1,1,1,1
case_0a3bcc54,1,1,0,0,0,0
case_f343fd08,1,1,1,1,1,1
case_3d2db99f,1,1,1,1,1,1
case_0a64df91,1,1,1,0,1,1
case_fdc41a08,1,1,1,1,0,1
case_3060169c,1,1,1,1,1,1
case_1b58b2a4,1,1,1,1,1,1
case_a048b281,0,1,1,0,1,1
case_16d0e5cd,1,1,1,1,0,1
case_8da43836,1,0,1,0,0,1
case_77cdcf5e,0,0,1,0,1,0
case_4b5a6301,0,0,1,1,0,0
case_5b9ffa13,1,1,1,0,1,0
case_b53f9f40,0,1,1,0,1,1
case_c36764c0,0,0,1,1,0,1
case_dd96800c,0,0,1,1,0,1
case_361530b1,1,1,1,1,1,0
case_134bc098,1,1,1,0,1,1
case_4f8bad66,1,1,1,1,1,1
case_5693a167,1,1,1,1,1,0
case_0db816c6,0,1,0,1,1,1
case_3edbd4e8,1,1,1,1,1,0
case_9e6283d0,1,1,1,1,1,1
case_82fc797c,0,0,0,0,1,1
case_1116cc19,1,1,1,1,1,1
case_cc2b4f09,1,1,1,1,1,1
case_f7c5fdc2,0,1,1,1,1,1
case_6e7c202e,1,1,1,1,1,1
case_7673a8a6,1,1,1,1,1,1
case_613fe9b0,1,1,1,1,1,0
case_8d26f3db,0,1,1,1,1,0
case_d25028cb,0,0,1,1,0,0
case_f6976c4c,1,1,1,1,1,1
case_b63cc5fc,1,0,1,0,1,1
case_b454370b,0,1,1,1,0,1
case_810b4b98,1,1,1,1,1,1
case_81a275cf,0,1,0,1,0,0
case_81feae67,1,0,1,1,0,1
case_bcf6a8d3,1,1,1,1,1,1
case_abb5202f,1,0,1,1,1,1
case_7c5475ae,1,1,0,1,1,1
case_ff4e4609,0,1,1,1,1,0
case_5af6be69,0,0,1,0,0,0
case_11b53cfe,0,1,0,1,0,0
case_99a242e1,0,1,1,0,1,0
case_b526863a,1,1,1,1,1,1
case_7aa9a948,0,0,1,0,0,1
case_0c28bfc0,0,0,1,0,1,0
case_029711c2,1,0,1,0,0,1
case_3a5414c4,1,1,1,0,1,1
case_5da6f1d5,1,0,1,1,1,1
case_678e9ef8,1,1,1,1,1,1
case_2829ef72,1,0,1,1,1,1
case_5f8f1431,1,1,1,1,1,1
case_8b8026f5,1,1,1,1,1,1
case_71e610f5,1,0,1,1,0,1
case_4c7baffd,1,1,1,1,1,1
case_32a7bc69,0,0,1,1,0,0
case_d634d9bf,0,1,1,0,0,1
case_b64bbfe2,1,1,1,1,1,1
case_a1dd3b80,0,1,0,1,1,0
case_b1beeea7,0,0,1,1,1,1
case_51da498f,1,1,1,1,1,1
case_dc2ed8f9,0,0,0,0,1,1
case_cba13359,1,0,1,1,0,1
case_4f6c90ad,0,0,0,1,1,1
case_21efcf6e,0,0,1,1,0,0
case_928f793d,1,1,1,1,1,1
case_0c6add8f,0,0,1,1,1,1
case_e47b523c,0,0,1,1,1,1
case_484ed21e,0,0,1,1,1,1
case_7cbca544,0,0,1,1,0,1
case_363a24e9,0,0,0,1,1,1
case_859ea822,0,1,1,0,1,0
case_837bc740,0,1,1,1,1,1
case_7b1903dd,1,1,0,1,0,1
case_ca34ed27,1,0,1,0,1,1
case_7694c8a6,0,0,1,0,0,1
case_c4d8fd82,0,0,1,0,1,1
case_5f04c58e,1,0,1,0,0,0
case_f8b20f3f,1,1,1,1,1,1
case_65b9c78b,1,1,1,1,1,1
case_6057cf8f,0,0,1,1,0,1
case_7047093e,1,0,1,0,0,1
case_84277085,1,1,0,1,1,1
case_d57b9e0e,1,1,0,1,1,0
case_08e957fc,0,0,1,0,1,1
case_ffa6cf07,0,0,1,1,0,0
case_c095c3dc,0,1,1,0,1,1
case_21825651,0,1,1,0,1,0
case_bf494969,0,0,1,1,1,1
case_acb4e356,0,1,1,1,1,1
case_3fd5ac77,0,1,0,1,1,1
case_e55b6702,1,0,1,1,1,1
case_39f16a7a,1,1,1,1,1,0
case_ef157c9b,0,0,0,0,0,1
case_736f46e2,1,1,1,0,1,0
case_eb50c436,1,0,1,1,0,0
case_8521b719,0,1,1,1,1,1
case_4e868c73,1,1,1,1,1,0
case_37009566,1,1,1,1,1,1
case_ffe52d82,1,1,1,0,1,1
case_6b08c074,1,0,1,1,0,1
case_ba1969f5,1,0,1,1,1,1
case_4b14dcba,1,1,1,1,1,1
case_cecdc75f,0,0,1,0,1,1
case_33781fe0,0,1,1,1,1,1
case_863c90de,0,1,1,1,1,1
case_01271aa3,1,0,1,0,1,1
case_2abd7c83,1,0,1,0,0,1
case_3d9c545e,1,1,1,1,1,1
case_c572742f,1,1,1,1,1,1
case_102bccf7,1,1,0,1,1,1
case_58fe5857,0,1,1,0,1,1
case_84422faf,1,1,1,1,1,1
case_bc45c685,1,0,1,1,1,1
case_a17f4baf,1,1,1,0,1,1
case_6c830488,1,1,0,1,1,0
case_0a3d1ea9,0,0,1,1,0,1
case_298aa651,1,1,1,1,1,1
case_c44a7610,1,1,1,1,0,1
case_001fe0d3,1,1,1,1,1,1
case_6b9bf586,0,1,1,1,1,1
case_cc9e48f8,1,0,1,1,0,1
case_57d1b187,1,0,1,1,1,0
case_9b536e02,1,1,1,1,1,1
case_9ad581a5,1,1,1,0,1,1
case_acd272c2,1,1,0,1,1,1
case_affa41ee,1,1,1,0,1,1
case_5c43a5b9,1,1,1,1,1,1
case_99022c86,1,1,1,1,1,1
case_6ec3f0dc,0,1,1,1,1,1
case_e382ea11,1,1,1,1,0,1
case_4c6ce631,1,0,1,0,1,1
case_a1fa1f77,0,1,1,1,1,0
case_e0164e5a,0,0,1,1,1,1
case_b31e51fe,1,1,1,1,1,0
case_9657541d,0,0,1,0,1,0
case_113b2e92,1,1,1,1,1,1
case_f329adce,0,1,1,1,1,0
case_c3782f10,1,1,1,1,1,0
case_86ceb167,0,0,1,1,1,1
case_2e5150c9,0,1,1,0,1,1
case_3fea58a1,1,0,1,0,1,1
case_3c5e648c,1,1,1,1,1,0
case_97e1f74f,1,1,1,1,1,1
case_16816d76,1,1,1,1,1,1
case_f9a3592a,1,0,1,0,1,1
case_b46173db,1,0,1,1,1,0
case_7555990e,0,1,1,1,1,1
case_3f2ed00f,1,1,1,0,1,1
case_aa5b02a4,1,0,1,1,0,0
case_7538e51a,1,1,1,0,0,1
case_b4b46199,1,0,1,1,0,0
case_ac249e58,1,1,1,1,1,1
case_08a8b879,1,1,1,1,1,1
case_210059d6,0,1,1,0,1,1
case_6e87b402,1,1,1,1,1,1
case_72f889dd,1,1,1,1,1,0
case_23e5002a,0,0,1,1,0,0
case_5af0d1c6,1,0,1,1,1,1
case_78833fea,1,1,1,1,1,1
case_ac83fdaf,1,1,1,1,1,1
case_b64b449f,0,0,1,1,0,1
case_212ebbd1,0,0,1,0,0,1
case_96504937,0,1,0,1,0,1
case_5002ebcd,1,1,1,1,1,1
case_6e92b8b0,0,0,1,1,1,1
case_3699c26c,1,1,1,1,1,1
case_150faa1f,0,0,1,0,0,1
case_fe5574e7,1,1,1,1,1,1
case_a84ea447,0,0,1,0,1,1
case_40bd1303,1,0,1,1,1,1
case_4de6b083,0,1,1,0,0,0
case_90cc4df1,1,1,1,1,1,1
case_56abfc5f,0,0,1,1,1,0
case_b3d6d431,1,1,1,1,1,1
case_f70a5b82,0,0,1,0,0,1
case_22db91d0,1,1,1,1,1,1
case_64a20528,0,0,1,1,1,1
case_ae22c8fd,0,1,1,0,1,1
case_bdc0026b,0,0,1,1,1,1
case_23017c88,1,0,1,0,0,1
case_4adbfeda,0,0,1,1,1,1
case_cfb1a753,1,0,1,0,0,0
case_bdfbf5fc,1,1,0,1,1,1
case_d6f35837,0,0,1,0,1,1
case_8639069c,0,1,1,1,1,1
case_80de7685,1,1,0,0,0,1
case_0d13b314,1,1,1,1,1,1
case_a16c2b26,1,1,1,1,0,1
case_ca57ba61,0,1,1,1,1,1
case_a2bd30fc,0,0,1,1,1,1
case_39a0c921,1,1,0,0,0,1
case_06148dbc,0,0,1,1,1,1
case_acd00682,0,0,1,0,0,1
case_ab01db35,1,0,1,1,1,1
case_7dd5a7b8,1,1,1,0,1,1
case_d1bc57dc,1,1,1,0,1,1
case_b27c4aff,1,1,1,1,1,1
case_3a0a0ed0,1,1,1,1,1,0
case_5b0f0fb7,1,1,1,1,1,1
case_36cb5ba7,1,1,0,1,0,0
case_afe06ec1,0,1,1,1,1,1
case_e0599c41,1,1,1,0,0,1
case_5c860100,1,1,1,1,1,1
case_9e1d70e0,1,0,1,1,1,1
case_7a4735c8,0,0,1,0,1,1
case_0125fe5f,1,1,1,0,1,1
case_b3640d47,0,1,1,1,1,1
case_8d51bd52,1,1,1,1,0,1
case_8ad80d58,1,1,1,0,1,1
case_4c466843,0,0,1,1,1,1
case_df94ec92,0,0,1,0,1,0
case_99e5ef7e,1,0,1,1,1,1
case_9f873951,0,1,1,1,1,1
case_438cafe0,1,1,1,1,1,1
case_6788a28b,1,1,1,1,1,1
case_5d55edab,1,0,1,1,1,1
case_f1be818b,0,0,1,1,0,1
case_6bf1b297,0,0,1,1,1,1
case_f6b0debb,1,0,1,1,1,1
case_5028b448,1,1,1,1,1,1
case_52e6076b,1,1,1,0,0,1
case_b08f9952,0,1,1,1,1,1
case_5aaca3e9,1,0,1,0,0,1
case_bf0c8261,1,1,1,1,1,1
case_6052aa4b,1,1,1,0,1,1
case_09f068d6,1,1,1,0,0,1
case_5d3d947f,0,0,1,1,1,1
case_9e017cb7,0,1,1,1,1,0
case_06983416,0,1,1,0,1,1
case_826b7b23,1,1,1,1,0,1
case_c5e0795a,1,1,1,1,1,1
case_97e85f26,0,1,1,1,1,1
case_a416e0fb,1,0,1,1,1,1
case_5ef3471f,0,1,1,1,1,1
case_1e92d81c,0,0,0,0,0,0
case_b3ad38ce,0,0,1,1,1,1
case_9ac2568d,1,0,1,1,1,1
case_13411c93,0,0,1,0,0,1
case_aa21f11c,0,1,1,1,1,1
case_bb66bcdc,0,0,1,0,1,1
case_af5c9757,1,0,1,1,1,1
case_95049114,0,0,0,0,0,1
case_8ad4547f,0,0,1,1,1,0
case_bcf3ac03,0,1,1,0,1,1
case_7c243876,1,0,1,1,1,0
case_7f1af8f3,0,1,1,1,0,1
case_68b6f002,0,0,1,1,1,1
case_42cb060e,0,1,0,0,0,0
case_00948f97,1,0,1,1,0,0
case_8454c471,0,0,1,1,1,0
case_c5328f19,1,1,1,1,1,0
case_c0c2eadf,0,1,1,1,0,1
case_195ec5af,0,0,1,0,0,1
case_a41df969,0,1,1,1,1,1
case_f5447184,1,0,1,0,1,0
case_08d965d1,0,1,1,1,0,1
case_c5c97037,1,1,1,1,1,1
case_ba30fc81,1,1,1,1,1,1
case_eb2bb614,1,0,1,1,1,1
case_214d96ea,1,1,1,1,0,1
case_8b2bd2cb,1,1,1,1,1,1
case_d679a837,1,0,1,0,1,1
case_ddf3a96b,1,1,1,0,1,0
case_86a2666a,1,0,1,1,1,1
case_e57ddf66,0,0,1,1,1,0
case_7b15b4b3,1,1,1,1,1,0
case_7d82d1af,1,1,1,1,1,1
case_e2e98262,0,1,1,1,1,1
case_b5781f87,0,0,1,0,1,0
case_a41e890a,0,1,1,1,1,1
case_0627aab8,1,1,1,0,1,1
case_4042dbf6,1,1,0,0,1,1
case_e462265c,1,1,1,1,1,1
case_043a0298,1,1,1,0,0,1
case_c917ad96,1,0,1,0,1,1
case_131eaabb,1,1,1,1,1,1
case_de31bef7,0,0,1,1,1,1
case_4b3f7c36,1,1,1,1,1,1
case_15ce3a25,0,1,1,1,1,1
case_040efebe,0,1,0,0,0,1
case_19972a08,0,1,1,0,1,0
case_670e4c16,1,1,1,1,1,1
case_6bf1c7bb,0,1,1,1,1,0
case_44a85162,1,1,0,0,1,1
case_0ad3e72b,0,1,1,1,0,1
case_736eaa2b,1,0,1,1,1,0
case_ad4a4dbc,1,1,0,1,1,1
case_19bd0af0,1,1,1,0,0,1
case_9f16f1e6,1,1,0,1,1,1
case_72fdfce4,1,1,1,1,1,1
case_19c56851,1,1,1,1,1,1
case_64c97be1,1,1,1,1,0,1
case_a45dc4ba,1,1,1,0,0,1
case_cb45b879,1,1,0,1,1,1
case_54228038,0,1,1,0,0,0
case_d23ac408,1,1,0,1,0,1
case_67258323,1,1,0,0,1,1
case_f9967814,1,1,1,1,1,1
case_9ba394fa,0,1,0,0,0,1
case_04f16c63,1,0,1,0,0,1
case_3033c459,1,0,1,1,1,1
case_2cb96d9d,1,1,1,1,1,1
case_29bd41c1,1,0,1,1,1,1
case_e37a6254,1,1,1,1,1,1
case_f3721a23,1,0,1,1,1,1
case_9af68291,1,0,1,1,1,0
case_df622688,1,0,1,1,0,1
case_131d7138,1,0,1,1,1,1
case_e930731b,1,0,1,0,1,1
case_246d9ea9,0,1,1,0,0,1
case_b487724b,1,1,1,0,1,0
case_64ac2c05,1,0,1,1,1,1
case_b4af0b2f,0,0,1,1,0,1
case_1a088571,1,1,0,1,1,1
case_21f9fe43,0,1,1,0,0,1
case_49609870,1,1,1,1,1,1
case_0ccde65e,0,0,1,0,0,1
case_ff24db3f,1,1,1,1,0,1
case_9ed923fe,0,0,0,0,0,1
case_69d39852,1,0,1,0,0,0
case_94f80561,0,1,0,0,1,0
case_64503870,1,0,1,1,1,0
case_5b1db0e5,1,1,1,1,1,1
case_c2f268cf,1,0,1,0,0,1
case_3c45fc48,0,0,1,0,1,1
case_4126245d,0,1,1,1,1,1
case_33042319,1,1,1,1,1,1
case_a723b628,0,1,1,1,0,0
case_5b09c680,0,0,1,1,1,1
case_89120b60,1,1,1,1,0,1
case_f17556eb,1,1,1,1,1,1
case_2d7e41ed,1,1,1,1,1,1
case_e736cdc4,0,0,1,0,0,1
case_22f9018b,1,0,1,1,1,1
case_21d2d0c1,1,1,1,1,1,1
case_07144f6b,1,1,1,1,1,1
case_5d06c4dc,1,1,1,1,1,1
case_3fe769d4,1,1,1,1,1,1
case_6095a310,1,1,1,1,1,1
case_f3c80afa,1,1,1,0,1,1
case_3b1d5fb0,1,0,1,0,1,1
case_499f204b,0,0,1,0,0,1
case_b8b8a155,1,1,1,1,0,1
case_e0f18553,0,0,1,0,0,1
case_d5a7c779,0,1,1,1,1,1
case_772398fc,1,1,1,1,1,1
case_7e1b189d,1,0,1,1,1,1
case_0749f32a,1,1,1,1,1,1
case_6f78c64a,1,1,1,1,0,1
case_67f00bbe,1,0,1,1,1,1
case_c0cf191d,0,0,0,1,1,0
case_5d3f2469,1,1,1,0,1,1
case_77bed3bc,1,1,0,1,1,1
case_b2617ee5,0,0,1,1,1,1
case_b6c1818f,1,1,0,1,1,1
case_08a3c97b,0,1,0,1,1,1
case_a6705f14,0,1,0,0,0,1
case_f9d77f1b,1,0,1,0,1,0
case_e0fb56ba,0,0,1,1,0,0
case_0d35d54d,1,1,1,1,1,1
case_21c36343,1,0,1,1,1,1
case_7797cccd,0,0,1,0,1,0
case_49700891,1,0,1,0,0,1
case_ecf27711,1,1,1,1,1,1
case_8dee9a92,1,1,1,1,1,1
case_4a6f7982,1,0,1,0,0,0
case_13fd8f32,1,0,1,0,1,1
case_4f3bd2f1,0,0,1,1,1,1
case_0b30caea,1,1,1,1,1,1
case_5c9a110f,1,0,1,1,1,1
case_969a9173,1,0,1,0,1,1
case_ed7efe72,0,0,1,1,1,1
case_9651ef41,0,1,1,1,1,1
case_4b5151de,0,0,1,0,0,1
case_4999108a,1,0,1,1,1,1
case_13e06a7b,1,0,1,0,0,1
case_2b558843,1,1,0,0,1,1
case_466ec744,0,1,1,1,1,1
case_dbf6897e,0,1,0,0,1,0
case_394f6d6a,1,1,1,1,1,1
case_b3217f8c,0,1,1,1,1,1
case_e2548773,0,1,1,1,1,1
case_c5d7bb5f,0,1,1,1,0,1
case_ec3af198,0,0,1,1,1,1
case_2ff1f9d9,1,1,1,1,1,1
case_70235315,1,0,1,1,1,1
case_70665825,1,0,1,1,0,1
case_cfa517cb,0,0,1,1,1,1
case_a33a0c4d,1,0,1,1,0,1
case_b5100445,1,1,1,1,1,1
case_47d40875,0,1,1,1,1,1
case_de04d730,1,1,1,1,1,1
case_01966b7e,0,1,1,1,0,0
case_0ba186e1,1,0,1,0,1,1
case_0d50f5b6,1,1,1,1,1,1
case_cf5b5ae3,1,1,1,1,1,1
case_9b49a602,1,1,1,0,0,1
case_9612834c,0,1,1,1,1,1
case_a38d108a,0,0,1,1,1,0
case_d9e24a03,1,1,1,1,1,1
case_03124dce,0,1,1,1,1,1
case_a015b990,1,1,1,1,1,1
case_d718f325,1,1,1,1,1,1
case_fe87fd75,0,1,1,1,1,1
case_7cd90ebd,1,1,1,1,1,1
case_f40d1a9d,1,1,1,1,1,0
case_b0bd531b,0,0,1,0,1,1
case_773ddb32,1,0,1,0,1,0
case_47456330,1,1,1,1,1,1
case_6141431e,1,1,1,1,1,1
case_0582d139,1,1,0,1,0,1
case_05fb0f90,1,1,1,1,0,0
case_55cbdf04,0,0,1,1,1,1
case_7f2563f6,1,1,1,0,1,1
case_ee4bd805,1,1,1,1,1,1
case_4c6593b9,0,0,1,1,0,1
case_0c49a4eb,1,1,1,1,0,1
case_211db61e,1,1,1,1,1,1
case_dcea9a07,1,1,1,1,1,1
case_bf6867f6,1,1,1,1,1,1
case_3d9f425b,1,1,1,0,1,1
case_fc6152e3,1,0,1,1,1,1
case_099400a5,0,1,1,1,0,1
case_93307d6f,1,1,1,1,1,1
case_b410535d,1,1,1,1,1,1
case_ee5412f5,1,1,1,0,0,1
case_80f171be,1,0,1,1,1,1
case_9f687e91,0,0,1,0,1,1
case_071b4679,0,1,1,1,1,1
case_ddc5915f,1,1,1,1,0,1
case_4f59b626,0,0,1,1,1,1
case_dec1e60a,1,0,1,0,1,1
case_6bf7634f,1,1,1,1,1,1
case_60c06a5c,0,1,0,0,0,1
case_34b70ceb,1,0,1,1,0,1
case_d6a2a4e9,1,1,1,1,1,1
case_964afa2f,1,1,1,1,1,1
case_c29af2b5,1,1,1,1,1,1
case_59fa37fc,1,1,1,1,1,1
case_13f933f4,1,0,1,0,1,1
case_7314bdd1,1,1,1,1,1,1
case_d9aa3b83,1,1,1,0,1,1
case_cfa8e78d,1,0,1,0,1,1
case_3e3d3b15,1,1,1,1,0,1
case_ebe3c99a,1,0,1,0,0,0
case_0a39f483,1,0,1,1,1,1
case_f04f298b,0,1,0,1,0,0
case_b00b66dc,1,1,1,1,0,1
case_19d1155a,0,1,0,1,1,1
case_bc6a61f3,1,1,1,0,1,1
case_d644e1a2,1,0,1,1,1,1
case_60c29ace,1,1,1,1,0,1
case_31a8509c,1,1,1,1,0,1
case_c1aef922,1,1,1,1,0,1
case_97c17a4a,1,1,0,1,1,1
case_49168014,1,1,0,1,1,1
case_0363669e,1,1,1,1,1,1
case_9d0da3cf,1,1,0,1,0,1
case_827e2215,1,1,1,1,1,1
case_83c9e441,0,1,1,1,1,1
case_4573d2fc,1,0,1,0,1,1
case_f5a886b3,1,1,1,1,1,1
case_554a1e04,1,0,1,1,1,0
case_216f69a2,0,1,1,0,0,1
case_cd894fb4,1,1,1,1,1,1
case_d5a86862,1,1,1,1,0,1
case_630e14f4,0,1,0,1,1,1
case_9e5e9aba,0,0,1,0,1,1
case_0e4c06ef,1,1,1,0,1,1
case_36b7957f,0,1,1,0,1,0
case_dab0e5f0,0,0,1,1,1,1
case_7911836d,0,0,1,0,1,1
case_00dba7f7,1,1,1,1,0,1
case_5ea1bb3f,1,1,1,1,1,1
case_597fcda4,1,0,1,1,0,1
case_54ea7754,1,0,1,0,1,1
case_3b5dbfc5,1,1,1,1,1,1
case_d30b8100,1,1,1,1,1,1
case_c9d00794,1,1,1,1,1,1
case_e1b1a80c,1,1,1,1,1,1
case_4b555c17,1,1,1,1,1,1
case_529603c5,0,0,1,1,0,1
case_812bbdc5,1,1,1,1,0,1
case_16824f80,1,1,0,1,0,1
case_5a20dc61,0,1,1,1,1,1
case_d1b530c2,1,1,1,1,1,1
case_9f620f91,0,0,0,1,0,1
case_a868560a,1,1,1,1,1,1
case_af9da377,1,0,1,1,0,1
case_0f78efc0,0,1,1,0,1,1
case_76fea0d2,1,1,1,1,1,1
case_842fe7a3,1,0,1,0,1,0
case_e97d988a,0,1,1,1,1,1
case_561f76aa,0,1,1,1,1,0
case_39a2d4ef,0,1,1,0,0,1
case_16120d13,0,0,0,1,1,1
case_f3caf8e9,1,1,1,1,1,1
case_6d923def,0,0,0,1,1,1
case_320143fb,1,0,1,1,1,0
case_96273b68,1,1,1,0,1,1
case_ce161e68,1,1,1,1,1,1
case_53a82cb0,1,1,1,1,1,1
case_509f981a,1,0,0,1,1,0
case_8d6719b1,1,1,1,1,1,1
case_e9aee9c3,1,0,1,1,1,1
case_26da917a,1,1,1,1,1,1
case_ef641844,1,1,1,1,1,1
case_5933b469,1,1,1,1,1,1
case_986d66d0,1,1,1,1,1,1
case_6ccf79df,0,0,1,1,0,0
case_65056e1a,1,0,1,1,1,0
case_5e6d30e4,0,0,1,0,0,1
case_9ca4af10,0,0,1,1,0,0
case_7044f63b,1,1,1,1,1,1
case_f5c5b0b2,0,0,1,0,1,0
case_89ead71b,0,1,1,1,1,0
case_4b545afa,1,1,1,1,1,1
case_626519c5,1,1,1,0,1,1
case_f9b317e2,1,1,1,1,0,0
case_ffe5cd01,1,1,1,1,1,1
case_f4c49c03,1,0,1,0,1,1
case_41563e0d,1,1,1,1,0,1
case_8d8ff6f2,1,0,1,0,1,0
case_6c101708,1,1,1,1,1,1
case_f97722e9,1,1,1,1,0,1
case_d731a908,1,0,0,0,0,1
case_01f0b51c,1,0,1,0,1,1
case_514b46dd,0,1,1,0,1,0
case_5c8cc971,0,0,1,0,1,0
case_2025ec53,1,0,1,0,1,0
case_071a1f63,1,0,1,1,0,1
case_05093c88,0,1,0,1,1,1
case_26dc4c07,0,1,1,1,1,1
case_254b5424,1,1,1,1,1,1
case_f0eff239,1,0,1,1,0,1
case_fccb7237,1,1,1,1,1,1
case_e81e51bf,1,1,1,1,1,1
case_d8959646,1,1,1,1,1,1
case_fc9e8947,1,1,1,1,1,1
case_c81a923d,0,1,0,1,0,1
case_68b13284,0,1,1,1,0,1
case_e4703689,1,0,1,1,0,1
case_6628550d,1,1,1,1,1,1
case_932b5a6d,1,1,1,0,1,1
case_0f6a46d8,0,0,0,1,1,1
case_d07855b5,1,1,1,1,1,1
case_77c254e4,1,0,1,1,1,0
case_37dce046,0,1,1,0,0,0
case_720f8f1e,0,0,1,1,0,1
case_78d8f7d8,1,0,0,0,1,0
case_98036af7,1,1,1,1,0,1
case_f48b0be6,0,1,1,0,0,1
case_118fb9da,1,1,1,1,1,1
case_7f028f49,0,0,1,1,1,1
case_f9698759,1,0,1,1,1,1
case_813a24c4,1,0,1,1,0,1
case_76d815dc,1,1,1,1,1,1
case_40a65067,1,1,1,0,1,1
case_e547dddc,1,0,1,1,0,0
case_ee25b8d0,1,0,1,1,1,1
case_486bc259,1,0,0,0,0,1
case_66722706,0,1,1,1,1,1
case_77f32e33,1,1,1,1,0,1
case_d813f25e,1,0,1,1,1,0
case_747c517c,0,1,1,1,1,1
case_2bec9c14,1,1,1,1,1,1
case_6219e3d4,1,1,1,1,1,1
case_3e715439,0,1,1,0,1,1
case_375ec17a,1,0,1,1,1,1
case_003772a1,0,0,1,1,1,0
case_76785f5a,0,1,1,1,1,1
case_f3b4fd25,1,0,1,1,1,1
case_eea42ce3,1,1,1,1,0,1
case_2c54dae7,0,0,1,1,0,1
case_09a11c21,0,1,0,1,1,1
case_11e940ae,0,0,1,1,1,0
case_0879f7d3,1,0,1,1,1,0
case_c21c7c8a,0,1,1,0,0,1
case_54753756,0,1,0,0,1,0
case_3d7e30bb,1,0,1,1,1,1
case_5dfa00e5,1,0,0,1,0,1
case_c57cf3d1,0,1,1,1,1,0
case_cb857619,1,1,1,1,1,0
case_e7280862,1,1,1,1,1,1
case_925bdf12,1,1,1,0,1,0
case_e1f126b1,0,1,1,1,0,1
case_47d09de2,1,0,1,0,0,0
case_5be7a783,1,1,1,1,1,1
case_436dc4f9,1,1,1,1,1,1
case_a8292011,1,1,1,1,1,1
case_84164860,1,1,0,0,0,1
case_1e5c3623,0,1,1,0,1,1
case_0a236496,0,0,1,1,0,0
case_2e5dbb58,1,1,0,1,1,1
case_0da7f77c,0,1,0,1,0,1
case_b678e1dd,1,0,1,0,1,1
case_f5010295,0,1,1,1,0,1
case_166c1489,0,0,1,1,1,1
case_bed54761,1,1,1,1,1,0
case_3df01d9a,0,1,1,1,1,1
case_3c32e226,1,0,1,0,0,1
case_55ed88b1,1,0,1,1,0,1
case_236069e1,1,1,1,1,0,1
case_1a0eca43,0,1,1,0,1,0
case_12511c39,0,0,1,1,0,1
case_8bb74aed,1,1,1,1,1,1
case_e553b0f9,1,0,0,1,0,0
case_e9a990de,1,0,0,0,1,1
case_573e7d60,1,1,1,1,1,0
case_1390860a,1,0,1,0,0,1
case_834e8a37,0,0,0,1,0,1
case_81eea538,1,1,0,1,0,1
case_b4e36510,0,1,1,0,1,1
case_014db714,1,0,1,0,0,1
case_39056da6,0,1,1,0,1,0
case_0b66bd6b,0,1,1,1,1,0
case_8f0db2ea,1,1,1,1,0,1
case_c983bc78,1,1,1,0,1,1
case_ade604a2,1,1,1,1,0,0
case_b1f29451,0,1,1,0,1,1
case_abf80561,1,1,1,1,0,1
case_6fa0f93e,0,0,1,0,0,0
case_816f2477,1,0,1,1,0,1
case_20e35125,0,0,0,1,0,0
case_e77eee2b,1,0,0,1,0,0
case_86d04ee6,0,0,0,1,1,0
case_164da7f0,0,1,1,1,1,1
case_122e758b,1,0,1,0,1,1
case_87606c96,1,1,0,1,0,1
case_4e1adc2c,0,1,1,1,1,1
case_69c16529,1,1,1,1,1,1
case_9f767463,0,1,1,1,1,0
case_c7f75225,1,0,1,0,0,1
case_ae54d524,1,1,1,1,1,1
case_24da2cd7,1,1,1,1,1,0
case_5eb2ce3c,1,1,1,1,1,1
case_d13c6482,1,1,1,1,1,1
case_f5eb1f46,0,0,1,1,1,0
case_48a7a3f1,1,0,1,0,1,1
case_a1631ed5,1,0,1,0,1,1
case_75c29f4e,0,1,1,1,1,0
case_163e9970,1,0,0,0,0,0
case_408bc7a0,0,0,1,1,0,1
case_a5a6be43,1,1,1,1,1,1
case_84ff9abe,1,1,1,1,1,1
case_e7adc932,1,1,1,1,1,0
case_d1fa5482,1,0,0,1,0,1
case_9005ccfe,1,0,1,0,1,1
case_5262b570,1,1,1,1,1,1
case_2a0fa392,1,1,1,1,0,1
case_4f534c72,0,0,1,0,1,1
case_89f73cb5,1,1,1,1,1,1
case_5ad1599d,0,1,0,1,0,0
case_7948e043,0,0,0,1,0,0
case_d7a5955f,1,0,1,1,1,1
case_368ec934,0,1,1,1,0,1
case_ac142df3,1,0,1,1,1,0
case_c223b3b7,1,1,1,1,1,1
case_1e69777a,1,1,1,1,1,1
case_2edd0009,0,0,1,0,0,1
case_c9c10f28,1,1,1,0,1,1
case_017e3f00,1,0,1,0,0,1
case_98481ba8,1,1,1,1,0,1
case_15a53842,0,1,1,0,1,1
case_4004ed73,1,0,1,1,0,1
case_ea833ef1,0,1,1,0,0,1
case_0524c165,1,1,1,1,1,1
case_7ef20731,0,1,1,1,1,1
case_872d6c0e,1,1,1,0,0,1
case_f57ef9aa,1,0,1,0,1,1
case_93bd2150,0,0,1,0,0,1
case_cbd13a5e,1,1,1,0,1,1
case_3f1165e6,0,0,1,1,0,0
case_1471b46c,1,1,1,1,1,1
case_33019e44,1,1,1,0,0,1
case_904188f9,0,1,1,1,1,0
case_43613ea0,0,0,0,0,0,1
case_90ce9a58,1,1,1,1,1,1
case_6e03223e,1,1,1,0,1,1
case_10e2feee,0,1,1,1,1,1
case_813599a1,0,0,0,0,0,0
case_315d473f,1,1,1,1,1,0
case_774ba9cb,1,0,1,1,1,1
case_b4e9ffbb,1,1,1,0,1,1
case_8bb5660d,0,1,1,1,1,1
case_43db9e7c,1,1,1,0,1,1
case_a5b44044,0,0,1,0,1,1
case_b6cbe453,0,1,1,1,1,1
case_e1f7c9b9,1,1,1,1,1,1
case_41a48f6d,1,1,1,0,1,1
case_2d9eab0f,1,0,1,1,1,1
case_44e75f71,0,0,1,1,0,1
case_1bdcee46,0,0,1,0,1,1
case_9af1c37e,1,1,0,1,1,1
case_ff0e9053,1,0,1,1,1,1
case_5841f1a1,1,1,0,1,1,1
case_60c201c7,0,1,1,1,1,0
case_054ba38b,0,1,1,1,1,1
case_1ff1e373,1,1,1,1,1,0
case_de51af97,1,0,1,1,1,0
case_a6d13f1d,0,1,1,1,1,1
case_7e957221,1,1,1,1,1,1
case_ee822bd7,1,1,1,1,0,1
case_ec0527b7,1,1,1,0,1,1
case_cae337fe,1,1,1,0,0,1
case_3bc71862,1,0,1,1,1,1
case_517d232e,0,1,0,1,0,1
case_eac332b3,1,0,1,0,0,0
case_874bd43a,1,1,1,1,1,1
case_3a3199f6,1,0,1,0,1,1
case_15e1e40e,1,1,0,0,0,0
case_b97bdeab,0,1,1,1,1,1
case_ffff715e,0,0,0,1,1,1
case_8ae147ab,0,0,1,1,1,1
case_81c72a99,1,0,1,1,1,1
case_62141fa3,1,0,1,1,0,1
case_cc0bb912,1,1,1,1,0,1
case_c7b72f9e,1,1,1,1,1,1
case_623dc8f3,0,1,1,0,0,1
case_55fe6264,1,1,1,1,0,1
case_390d9c2e,1,1,1,1,0,0
case_389d79b1,0,1,0,0,1,0
case_041b61d1,1,1,0,0,0,1
case_5fe5a3c4,0,1,0,1,0,1
case_9ff6442b,1,0,1,0,0,1
case_de0cd283,1,0,1,1,1,1
case_4c730b64,1,1,1,1,1,1
case_44a7a70f,1,0,1,1,1,1
case_b07ee7f5,1,1,0,1,1,1
case_13c41d30,1,1,1,1,1,1
case_4fe78771,0,0,1,0,0,1
case_d1cfcf31,1,1,1,1,1,1
case_2ef4dc70,1,1,1,1,0,0
case_9f28e23e,0,0,1,1,1,1
case_05f23908,0,1,0,1,0,1
case_717093e1,1,1,1,1,1,0
case_3d10d7b8,1,1,1,1,1,0
case_50de3134,1,0,1,1,0,1
case_f323d5a2,1,1,1,1,0,1
case_18500cea,1,1,1,1,1,1
case_4e65db3e,1,1,1,0,1,1
case_ac3937cc,1,0,1,1,1,1
case_4d7c914d,1,1,1,1,0,1
case_af0440ca,0,0,1,0,1,0
case_6c7886b8,0,1,1,1,0,0
case_9ade0f47,1,1,1,1,1,0
case_ab135984,1,1,1,1,1,1
case_b0b5dd24,0,0,1,1,0,1
case_5775726a,1,0,1,0,0,0
case_c6fa3706,1,1,1,1,1,1
case_98ce8bbf,1,1,1,1,1,0
case_e53c56a2,0,1,1,1,1,1
case_be0c1db0,1,0,1,0,1,1
case_d9219a4a,1,1,1,1,1,1
case_9c6afa2c,1,1,1,0,1,0
case_5806ea1f,0,1,0,0,1,1
case_711de576,1,1,1,1,0,1
case_de13fdfe,1,1,1,0,1,1
case_1d08e1de,0,0,1,1,0,1
case_ded37887,1,0,1,1,0,0
case_7dc8d7a2,1,1,1,1,1,1
case_05cc467a,1,0,1,1,1,1
case_b338e3d2,1,1,1,1,1,1
case_b6c2a711,0,0,1,1,1,1
case_282f7a0a,1,0,1,1,1,1
case_d93914c7,0,1,1,1,1,1
case_767baf39,1,1,0,1,1,1
case_8583447c,1,1,1,1,1,1
case_3d37bad2,0,0,1,1,0,0
case_8d3f29d8,1,1,1,1,1,1
case_ee17eebe,0,0,1,1,0,1
case_6f12d3ab,1,1,1,1,1,1
case_08ffd002,1,1,0,1,0,1
case_fdf859c3,1,0,0,1,0,1
case_65f83781,1,1,1,1,1,1
case_7dcbb11a,1,1,1,1,1,1
case_4a999584,1,1,1,1,1,1
case_9621aaef,1,1,0,1,1,1
case_a4108006,1,1,0,1,1,1
case_1c280a2f,1,1,1,1,1,1
case_962d7c22,0,1,1,1,1,1
case_76468f41,1,0,1,0,1,0
case_5431a180,0,0,1,1,1,0
case_c5c7d9da,1,1,1,1,1,1
case_744bdb96,0,1,1,0,0,1
case_37cf19e4,1,0,1,1,0,0
case_e65b43ce,1,0,1,1,1,1
case_83724374,0,0,1,1,1,1
case_d18b6e8e,0,1,1,1,1,1
case_bc614ed0,1,1,1,0,0,1
case_83d2a73a,1,1,1,0,1,1
case_b93149f1,0,0,1,0,1,1
case_e5682d87,1,1,1,1,1,1
case_9deec9b1,1,0,1,0,1,0
case_1bfd898f,1,0,1,0,0,0
case_2b4ecf57,0,0,1,0,0,1
case_1650b178,0,1,1,1,1,1
case_1024c10f,1,1,1,1,1,1
case_812a89fa,1,1,1,1,0,1
case_5d41780b,0,0,1,0,1,1
case_bcf36166,0,0,1,0,1,0
case_b9d36354,0,1,0,1,1,1
case_175adb89,0,1,1,0,1,0
case_6542b2f1,1,1,1,1,1,1
case_dcf854e4,1,1,1,1,1,1
case_02e5b022,0,0,1,1,0,1
case_b3fe6a31,1,1,0,1,0,1
case_67fd605b,0,0,1,1,1,1
case_1fe2ef33,1,1,1,1,1,0
case_81e9843c,1,0,1,1,0,1
case_06c778f4,1,1,1,1,1,1
case_d4014fb6,1,1,1,1,1,1
case_bb8a4c5c,1,0,1,1,0,0
case_5b76f0b3,1,1,1,1,1,0
case_f485e498,0,0,1,0,0,0
case_8153708e,0,1,1,1,0,0
case_3d502fd4,0,1,1,1,1,1
case_cd8379f0,0,0,1,1,0,0
case_cda43bc8,1,1,1,1,1,1
case_fca8b1c7,1,1,1,1,1,1
case_bdda070d,1,0,1,1,1,0
case_d5521405,1,1,1,0,1,1
case_7ff4102a,0,0,1,1,0,0
case_3a8fda7a,1,1,1,1,1,1
case_79812b2c,1,1,1,1,1,1
case_5e5a6eef,1,0,1,1,1,1
case_8168b646,0,1,1,0,1,1
case_8d1ff197,1,1,0,0,0,1
case_8a81bdc1,0,0,1,1,1,1
case_4fe16316,1,0,1,0,1,1
case_d910e138,0,0,1,1,1,0
case_5de29135,1,1,1,1,1,1
case_ede845c9,1,0,0,1,0,1
case_210db52a,1,1,1,1,1,1
case_7c3560f0,1,0,1,1,1,1
case_11faa4e7,1,1,1,1,1,1
case_d63caa0f,1,0,1,0,1,0
case_3ef65a5a,0,0,1,0,1,1
case_602f9e2f,1,1,1,1,1,1
case_c37d5c7a,1,1,1,1,1,1
case_03451edf,1,0,1,1,0,0
case_a4cbb071,1,1,1,1,1,1
case_49689225,0,1,1,1,1,1
case_9756d17e,0,0,1,1,0,1
case_f138094c,1,1,1,1,1,1
case_63fc90db,1,1,1,1,1,0
case_61d01156,1,0,1,0,1,1
case_82d1f9f3,1,0,1,1,1,1
case_3b483049,0,1,0,1,1,1
case_8ad61866,1,0,1,1,1,1
case_57d587b9,1,1,1,1,1,1
case_c61fddde,1,1,1,1,1,1
case_925a8f97,1,1,1,1,1,1
case_38c0ce86,1,0,1,1,1,1
case_a061394f,1,1,1,1,1,1
case_527876ac,0,0,1,1,0,1
case_c3fde65f,1,1,1,1,1,1
case_c451f36e,1,0,1,1,1,1
case_a9303ede,1,1,1,1,1,1
case_066259cb,0,0,1,0,1,0
case_9d796db1,1,1,1,1,1,1
case_1074bb29,1,1,1,1,0,1
case_93da4bfe,1,1,1,1,1,1
case_47024303,0,0,1,0,0,0
case_10323821,1,1,1,1,1,1
case_becad6f4,0,0,1,0,1,0
case_66f88f88,1,0,1,0,1,1
case_cfec484d,0,1,1,1,0,0
case_82d9062f,1,1,1,0,1,0
case_ba71ee8c,1,1,1,1,1,1
case_fccd2a5b,0,0,1,1,1,1
case_8ed3f11a,0,0,1,1,1,1
case_962f5d92,1,0,1,0,0,1
case_caa4c698,0,0,1,1,0,0
case_6b36c22e,0,0,1,0,0,1
case_44c32ca3,0,1,1,1,1,1
case_6f944548,1,1,1,1,1,1
case_f3be3728,0,0,1,1,1,0
case_303fafeb,1,1,1,1,1,1
case_ad412c0d,1,1,1,1,1,1
case_2636cb6f,1,1,1,1,1,1
case_e1d0795f,0,1,1,0,1,0
case_fb858110,0,0,1,1,0,0
case_0e3c93c9,1,1,1,1,1,0
case_d81a021d,0,0,1,1,1,0
case_1bc6b8e8,0,0,1,0,1,0
case_1eaaeafb,0,0,1,1,1,1
case_58ecd9ba,1,1,1,0,0,1
case_7e333b79,1,1,1,1,1,1
case_917c3f8b,1,1,1,0,1,1
case_755924ec,1,1,1,1,1,1
case_600c5fa2,1,0,1,1,1,1
case_e4c592ed,0,0,1,0,1,1
case_1cfcaac2,0,0,1,1,1,1
case_f871eab4,1,1,1,1,1,1
case_5932e18d,1,0,1,1,1,1
case_6a9b9139,0,1,1,0,1,1
case_856fc7d3,1,1,1,0,1,1
case_2de042c3,1,0,1,0,0,1
case_a7f23ac4,1,1,1,1,1,1
case_55b595d9,1,0,1,1,0,1
case_ca028a26,1,1,1,1,1,1
case_b7d2b813,0,1,1,1,1,1
case_f2a55b6e,1,1,1,1,1,1
case_48e2f4be,0,0,1,1,0,1
case_225ba53b,1,1,1,1,0,1
case_f18642f4,0,0,1,0,0,1
case_b0e29129,0,1,1,1,1,1
case_a532d752,1,0,1,1,1,1
case_46899f8d,1,1,1,1,1,1
case_8a064929,1,0,1,1,1,1
case_9f63d1f0,1,0,0,1,0,0
case_53c563d9,1,1,0,0,1,1
case_bdd2aafa,0,1,1,1,1,1
case_a0298a25,1,0,1,1,1,1
case_ecca7290,0,0,1,1,1,1
case_b570176b,0,1,1,1,0,1
case_749f35e3,1,1,1,1,1,0
case_7e5f40e2,0,1,1,0,0,1
case_5b58e170,1,0,1,1,1,1
case_ca36d441,1,1,1,1,1,1
case_e9b87588,1,1,1,0,1,1
case_1731a857,1,1,1,0,1,1
case_b73d2705,1,1,1,1,0,1
case_a306d23e,1,1,1,1,1,1
case_c1d18ce0,0,1,1,1,1,1
case_7a27520c,0,1,1,1,1,1
case_0ebf7033,1,1,1,1,1,0
case_f851dffb,1,0,1,1,1,1
case_23521b71,0,0,1,0,1,0
case_2a046f88,0,0,1,0,0,0
case_cee35c85,1,0,1,0,0,0
case_698ee87c,1,1,1,0,1,1
case_8022927e,1,1,1,1,1,0
case_f50c61b1,1,1,1,1,0,1
case_3dd1195b,0,1,1,0,0,1
case_56cce0c9,0,0,1,1,0,0
case_aa876dd0,1,1,1,1,0,1
case_88ba6ba3,1,1,1,1,1,1
case_9cd6c6b6,0,1,0,1,1,1
case_101a4880,0,1,1,0,1,0
case_e5d0e67d,1,0,1,1,1,1
case_9adcb451,1,1,1,1,0,1
case_b1a40dd5,1,0,1,0,0,1
case_52e370ac,1,1,1,0,1,1
case_89344864,1,0,1,1,1,1
case_c5cdc520,0,1,0,1,1,1
case_c1dfb15c,0,1,1,1,1,1
case_dc3dc269,1,0,0,0,1,1
case_577483c0,1,1,1,1,1,1
case_6c3a00e4,1,0,1,1,0,1
case_3ca52461,1,0,1,1,1,1
case_cc95c6e6,1,0,1,1,1,1
case_2a39a487,0,1,0,1,0,1
case_7a95af1c,1,1,1,0,1,1
case_dd73ce96,1,1,1,1,1,0
case_7cf71a8c,0,1,1,1,1,1
case_899cd20d,1,0,1,0,1,0
case_1240071a,1,1,1,1,0,1
case_d24938f1,1,1,1,0,1,1
case_21356d24,0,1,1,1,1,1
case_52073f68,1,0,1,1,1,1
case_16170e70,1,1,1,1,1,1
case_d9100143,1,0,1,1,1,1
case_8019619a,0,1,1,1,1,1
case_e054b7ef,0,1,0,0,1,0
case_5fbd3461,1,1,1,1,1,1
case_61efe56c,0,0,1,1,0,0
case_7b67ac7b,1,1,1,1,1,1
case_1e24c204,1,1,1,0,1,1
case_d560081e,0,0,1,1,0,1
case_f96151fb,1,1,1,0,1,1
case_48cedf82,1,1,1,0,1,1
case_d09535db,1,0,0,1,1,0
case_faeeb686,0,1,1,1,1,1
case_4c60c4f8,0,0,1,0,0,0
case_dc8da182,0,0,1,0,1,1
case_7da99364,1,0,1,0,1,1
case_2120bf10,0,1,1,0,1,1
case_828d7d2d,0,1,1,1,1,0
case_28c4062e,0,1,1,1,1,0
case_5d455cea,0,1,1,1,1,1
case_f25f7674,1,0,1,1,1,1
case_fa626a5e,0,1,1,1,0,1
case_6cfad4ce,1,1,1,1,0,1
case_06c046be,0,1,1,1,1,1
case_60671c2d,0,1,1,1,1,1
case_242366c8,1,1,0,1,1,1
case_16459023,1,1,1,1,1,1
case_08fcff66,0,1,0,0,0,1
case_5083cbea,1,1,1,1,1,1
case_84958084,1,1,1,1,1,1
case_6f650e39,0,1,0,1,0,1
case_3c4c955c,0,0,0,0,0,1
case_842327e4,1,1,1,1,1,1
case_f14756b0,1,1,1,1,1,1
case_632f59bc,1,0,1,1,1,1
case_7cc30964,1,1,1,0,1,0
case_691faeb8,0,1,1,1,1,1
case_49cdef69,1,1,1,0,1,1
case_6b7bbba6,1,0,1,0,0,1
case_1c1c0f23,1,0,1,1,1,1
case_273cc5ab,1,1,1,1,1,1
case_07e21d35,1,1,1,1,1,1
case_8faa9408,0,0,1,1,0,1
case_d073288b,0,0,1,0,1,0
case_2d673866,1,0,1,0,0,1
case_2792ef95,0,1,1,1,1,0
case_291e621d,1,1,1,0,1,1
case_8618040e,0,0,1,1,1,1
case_5c87d637,0,0,0,1,0,0
case_abe7443f,1,1,1,1,1,1
case_27ec8ec0,1,1,1,1,1,0
case_f786ddc5,1,1,1,1,1,1
case_54004170,0,1,1,1,1,1
case_ecd95a84,0,1,1,1,1,1
case_12fcc9bd,1,0,1,1,0,1
case_8524678f,1,1,1,1,1,1
case_10b7552f,1,1,1,1,1,0
case_490c0a28,0,0,1,1,1,1
case_38d88886,0,0,0,0,0,1
case_a3664672,1,0,1,0,1,0
case_851ea390,0,0,1,1,1,1
case_7b1bc837,0,0,1,1,0,1
case_9596ff51,1,1,1,0,1,1
case_f377aa85,0,1,1,0,1,0
case_c2cce16a,1,0,1,1,1,0
case_e75d2997,1,1,1,1,1,1
case_a0e54de2,1,1,1,1,1,1
case_276a025f,0,1,1,1,1,0
case_ce847841,0,1,1,1,1,0
case_6b7d7f17,1,1,1,0,1,1
case_92780792,0,1,1,1,1,1
case_d1a2afc9,1,1,1,0,1,1
case_503cfdb0,0,0,1,1,0,0
case_3936bfe8,0,1,1,0,1,1
case_35d2978a,0,1,1,1,0,1
case_c3385eec,1,1,0,0,0,1
case_a832fd6b,1,1,1,1,1,1
case_f17de712,1,0,1,0,1,1
case_7fceca96,1,1,1,1,1,1
case_da599615,1,1,1,1,1,1
case_3363f1bd,1,1,1,1,1,1
case_699c05c1,0,0,1,1,1,1
case_d3926ec9,1,0,1,0,1,0
case_439c7b6b,1,1,0,1,1,1
case_9c70b26f,0,1,1,0,1,1
case_b312826b,1,1,1,1,1,1
case_68644a15,1,1,1,1,0,1
case_09e9be5f,1,1,1,1,0,1
case_bcc2cfc8,0,0,0,0,0,0
case_48adc9ae,1,1,1,0,1,1
case_241b8d54,1,0,1,1,0,1
case_05f24ba1,0,1,1,1,0,1
case_9c186527,0,1,1,1,0,1
case_acc8085b,1,0,1,1,0,1
case_be86f436,0,0,1,1,1,1
case_9e5c3615,1,1,1,0,1,1
case_d7ee4589,1,1,1,1,1,1
case_95c96707,0,1,0,1,1,0
case_01af31f0,1,0,1,1,1,1
case_b3d54dcf,1,1,0,1,1,1
case_7c438f4f,1,0,1,0,1,1
case_2bb5a715,1,0,1,0,1,0
case_8942f37a,1,1,1,1,1,1
case_b5a6fa6c,0,0,0,0,0,1
case_4f809d99,1,1,1,0,0,1
case_cebd3620,1,1,1,0,0,1
case_17812171,1,0,1,0,1,1
case_fa0a5825,1,0,1,1,0,1
case_e36382b7,1,0,1,1,1,1
case_04be3c6c,1,0,1,1,1,1
case_4ba6dcd8,1,1,1,1,1,1
case_0045daec,1,1,1,0,1,1
case_71749f76,1,1,1,1,1,1
case_f0328795,1,1,1,1,1,1
case_1eb9f6f2,1,1,1,1,1,1
case_ab34f827,0,0,0,0,0,0
case_a893a9a0,1,0,1,1,1,0
case_867e1ad6,0,1,1,1,1,1
case_35489b88,1,1,1,1,1,0
case_3a05e9fe,1,1,1,1,1,1
case_9cbbd16a,0,0,1,1,1,0
case_8ab29bd5,0,1,1,1,1,1
case_dba8670e,1,1,1,0,0,1
case_e4242d8c,0,1,1,0,0,1
case_6fc1f9fb,0,0,0,1,1,1
case_dbc5a276,1,0,1,1,1,1
case_1bd14f9d,1,1,1,1,1,1
case_86b29c60,0,1,1,0,1,1
case_59172c7a,1,0,1,1,1,0
case_a14d7da4,0,0,1,1,1,1
case_621242e5,0,1,1,1,1,1
case_e5ff39ad,1,1,1,1,0,1
case_feed45ce,0,0,1,1,1,1
case_b8b0f8cf,1,0,1,0,0,1
case_2cb86ec3,1,1,1,1,1,1
case_be51a3f7,1,1,0,1,1,1
case_1d77608c,0,1,1,1,1,1
case_74227ea4,1,1,1,1,1,1
case_2ea0a3d7,1,1,1,1,1,1
case_4d74eeb3,1,1,1,0,1,1
case_f4517ddc,0,0,1,1,1,1
case_74d0381d,1,1,1,1,1,1
case_89b0cd47,0,0,1,1,1,0
case_0101c39d,1,1,1,0,0,0
case_5739bccd,1,1,1,1,0,1
case_f3d16d12,0,1,1,1,1,0
case_babde7b8,1,0,1,0,0,0
case_aa001623,0,0,1,1,1,0
case_ed2dc146,0,0,1,1,1,1
case_5160dfde,1,1,1,1,1,1
case_c184b84a,1,1,1,1,0,1
case_4d88473e,1,1,1,1,1,1
case_71291067,0,1,1,1,1,1
case_2a3920d9,1,1,1,0,1,1
case_4008abaf,0,1,1,0,1,1
case_69c24d3f,1,1,1,1,1,1
case_182492c8,0,1,1,1,1,1
case_c073fdc3,0,1,1,1,0,1
case_bad257b9,0,1,1,1,1,1
case_b368de8e,0,0,0,1,0,0
case_7ceed78b,1,1,1,1,1,1
case_633af368,0,0,1,1,0,1
case_1b2218c8,1,0,1,0,1,1
case_3abf9535,1,1,1,1,1,1
case_54f80b49,1,1,1,1,1,1
case_806b05d3,0,1,1,0,0,1
case_6ceb8dc1,0,0,1,0,0,1
case_7507a571,1,1,1,1,1,1
case_ebfb42a5,1,1,1,1,1,1
case_cb79bf52,0,0,1,0,1,1
case_50e3a7f3,1,1,0,0,1,1
case_0c06ba94,1,0,1,1,1,0
case_9da6b16f,1,0,1,1,1,0
case_feae8c9a,0,1,1,1,1,1
case_a15959ba,1,1,1,1,1,1
case_3d19ca74,1,0,1,0,1,1
case_cf001c11,0,1,1,1,0,1
case_84376b7c,0,0,0,1,1,1
case_f60be012,1,1,1,1,1,1
case_9aec3ac4,0,1,1,1,1,1
case_60c50f89,0,1,1,1,1,1
case_00d79407,1,1,0,1,1,1
case_066b5078,0,1,1,1,1,1
case_16c12438,0,0,1,0,1,0
case_4fd15677,0,0,1,1,0,0
case_e337e738,1,0,0,1,1,1
case_bd0ea48a,0,0,1,0,1,0
case_b359b4cc,0,0,1,1,0,1
case_ffff6a19,0,0,1,0,0,0
case_d0d895f7,0,0,1,0,1,1
case_ed2c1a7d,0,0,0,0,0,1
case_e0b02e4a,1,0,1,0,1,0
case_d914c997,1,1,1,1,1,0
case_9dde01ac,1,0,1,1,1,0
case_d7aa5f49,1,1,1,0,1,1
case_5715721f,1,1,1,1,1,1
case_c7e65fbe,0,1,1,1,1,1
case_f8a4b14a,1,1,1,1,1,0
case_8236f7b6,1,1,1,1,1,1
case_5a7e9648,1,1,1,1,1,1
case_1e940881,0,0,1,1,1,1
case_c660b435,1,1,1,1,0,1
case_be2bd488,0,0,1,1,1,1
case_151a1d9a,1,1,1,1,1,1
case_9c41aed7,1,1,1,1,0,1
case_dae094fc,1,1,1,1,1,1
case_8ee3b1a2,0,1,1,1,1,1
case_948676d0,0,0,1,1,1,1
case_c353c99c,0,1,1,0,1,0
case_4b166f50,1,1,1,1,0,1
case_229fc949,1,1,1,1,1,1
case_b192e5f1,1,1,1,1,1,1
case_7bc585cd,1,1,0,0,1,1
case_101163f8,1,1,1,1,1,1
case_e4eafa08,0,1,1,1,1,1
case_63d8aab7,0,0,1,1,1,1
case_52bef4db,0,1,1,1,1,1
case_3e422722,1,0,1,1,1,1
case_7785cedd,1,1,1,0,1,1
case_6e8559cd,1,1,0,1,1,1
case_ea3113d9,1,1,0,0,0,1
case_a332f4a7,1,1,1,1,1,1
case_5907357a,1,1,0,1,1,1
case_cdaafe08,1,1,1,1,1,1
case_6017a48b,0,1,1,0,1,0
case_eef5f289,0,1,0,1,1,1
case_38bdfdf7,0,1,1,1,1,1
case_1e7ce30d,1,0,1,1,1,1
case_afc756e3,1,1,1,1,1,0
case_8f0e0b7d,0,1,1,0,1,1
case_c00680bc,0,0,1,1,1,1
case_6a178e8b,1,1,1,1,1,1
case_82634ef0,1,1,1,1,1,1
case_81337074,1,0,1,0,1,0
case_14daad44,0,1,0,0,0,0
case_128c5e60,1,1,0,0,1,1
case_c3e31442,1,1,1,0,1,1
case_c33b4fbf,1,1,1,1,1,1
case_a0055c70,1,1,0,1,1,1
case_f9a0cb3c,0,1,0,1,0,1
case_3029a994,1,1,1,0,1,1
case_4c4834df,1,1,1,1,1,1
case_caca6a8a,0,1,1,1,0,1
case_7293ff02,0,0,1,1,1,0
case_a3b3e653,0,0,1,1,1,1
case_215b797d,1,0,1,1,1,1
case_aa9748fc,1,1,1,1,1,1
case_535626e0,1,1,1,1,1,1
case_53402f56,0,0,1,0,1,1
case_6d714c15,1,1,0,1,0,1
case_888a9da3,1,1,1,1,1,1
case_700cc5d8,0,0,1,1,1,0
case_d10fc5bf,1,1,1,1,1,1
case_429e191e,1,1,1,1,1,1
case_cf9e496f,0,1,1,0,1,0
case_1b85208f,0,1,1,0,0,1
case_b38c190a,1,1,0,0,1,1
case_38437c66,1,1,1,1,0,1
case_86e71eb8,1,1,1,0,1,0
case_3418cf6f,0,0,1,0,1,0
case_0172c5b9,0,1,1,1,1,0
case_10d02f3e,1,1,0,0,0,1
case_597958fb,1,0,1,1,1,1
case_0d1e40f6,1,0,1,1,1,0
case_bfb986f8,1,1,1,1,1,1
case_13144e7a,1,1,0,1,1,1
case_6786097a,1,1,1,1,0,1
case_568d6bc3,1,1,1,1,1,1
case_29cdf43b,1,1,0,0,1,1
case_51aedf9b,0,1,0,0,0,1
case_e7bb12a1,1,0,1,1,1,1
case_e0bedf85,1,1,1,1,1,1
case_7ab371ad,0,1,0,0,1,0
case_15adc50d,1,0,1,0,1,1
case_43afb9fd,0,1,1,1,1,0
case_1d9f4643,1,1,0,1,1,1
case_ff4f615a,0,1,0,1,1,0
case_9964c597,0,1,1,1,1,0
case_52d353c3,1,0,1,0,1,1
case_157efd71,1,1,1,1,1,1
case_83274174,0,0,0,0,0,1
case_3fc04667,0,0,0,1,1,0
case_558fad8b,0,1,0,0,0,1
case_628b905b,1,1,1,1,1,0
case_c241b1eb,0,1,1,1,0,0
case_274d7664,0,0,1,1,1,0
case_c6b1e4e5,0,0,1,0,0,0
case_3b07ddcb,1,0,1,1,1,1
case_2f9bfb74,0,0,0,0,0,1
case_b4dcf1f8,0,0,1,1,1,1
case_5fa800a0,0,1,1,1,0,1
case_bda6bc06,1,1,1,1,1,1
case_41a7c028,1,1,1,0,1,0
case_49f0bc07,1,1,1,1,0,1
case_eba6b619,1,0,1,1,1,1
case_9bd9fd40,0,1,1,0,1,1
case_2c6ab600,1,1,1,0,1,1
case_40f70e72,1,1,1,1,1,1
case_a3fe6693,0,1,0,0,0,0
case_e51e8452,0,0,0,1,0,1
case_6361efe5,0,0,1,0,1,1
case_d44ddcd9,0,1,1,1,1,1
case_567643ab,0,0,1,1,1,1
case_df4a2c54,1,0,1,1,0,1
case_7e84899d,1,1,1,1,1,1
case_f313896e,1,1,1,1,1,1
case_1ea89efe,1,1,1,1,1,1
case_73f645f9,0,1,1,1,1,1
case_0a7a861d,0,1,1,1,0,1
case_a1006080,1,1,0,1,1,0
case_9397d097,1,1,1,1,1,1
case_c7787d7f,1,1,1,0,1,1
case_8c262512,1,1,1,0,0,0
case_88e84be6,1,1,1,1,1,0
case_4cd6c929,1,1,1,1,1,1
case_dd78ecdc,1,1,1,1,1,1
case_7b81161d,1,0,1,1,0,1
case_7939adec,0,0,1,1,0,1
case_3b27767f,0,0,1,0,1,1
case_7a11f762,0,0,0,1,1,1
case_b75b2c99,1,0,1,0,1,1
case_56f6d2c2,1,1,0,0,1,1
case_ab3389b4,1,1,1,1,1,1
case_2689838b,0,1,1,1,1,0
case_64eac4ea,1,1,0,1,1,1
case_b1a1744d,1,1,1,1,1,1
case_8bf20929,0,0,1,1,1,1
case_96d7fcf0,1,1,0,1,1,0
case_1b1f66e0,1,0,1,0,1,0
case_d9c2b01e,1,1,1,0,1,1
case_4b66793d,1,1,1,0,1,1
case_4c304737,1,1,1,1,1,1
case_b9ecd0bf,1,1,1,0,0,1
case_fe1eb0a8,0,0,1,0,1,1
case_c97e4f56,1,0,1,1,1,0
case_47e513e1,0,1,1,1,0,0
case_e8ea168d,1,0,1,1,1,0
case_671c9785,1,1,1,1,0,1
case_e19ae1c5,0,1,1,1,1,1
case_dd6bb61c,1,0,1,1,1,1
case_3795ec37,1,1,1,1,1,1
case_8cacc880,1,1,1,1,1,1
case_906c57c7,0,0,1,0,0,1
case_975b5fe4,1,0,1,1,1,1
case_f97eefa1,0,0,0,0,0,1
case_1716850c,0,1,1,1,1,1
case_930c5d03,0,1,1,1,0,1
case_9c4e47ca,0,0,0,1,1,1
case_9ff01210,0,0,0,1,0,1
case_f9366b9f,1,1,1,1,0,1
case_06e87870,1,1,1,0,1,0
case_1e60d381,0,1,1,0,1,0
case_6004e036,0,1,1,1,1,1
case_80ef1688,0,0,1,1,1,1
case_2100cee9,1,1,1,1,1,1
case_6c7a080e,1,1,0,1,1,0
case_bb61351c,1,1,1,1,1,1
case_eb809c4f,0,0,0,1,1,0
case_a29b24f2,1,1,1,0,1,1
case_e4056b57,0,1,1,1,0,1
case_72b58d6d,0,0,1,1,1,0
case_e34aea1e,1,1,1,1,1,1
case_426f636a,1,1,1,1,1,1
case_24c09d9c,0,0,1,1,0,0
case_da12a8de,1,0,1,0,1,1
case_95302e58,1,0,1,0,0,1
case_36e05a42,1,0,1,0,1,0
case_77292d0c,1,1,1,0,1,0
case_622f7c0b,1,0,1,1,1,0
case_5d79d0f0,1,0,0,1,1,1
case_cfbe9a27,0,0,1,1,0,0
case_c7383ad9,1,1,0,1,0,1
case_9a928f73,0,1,1,1,1,0
case_c4fd455f,1,1,1,1,1,1
case_d65c067b,0,0,1,1,1,0
case_b9b20e30,1,1,1,1,1,1
case_df61424d,1,1,1,1,1,1
case_b2e4d5e7,0,1,1,1,1,1
case_4d04037d,1,1,1,1,0,1
case_1a59835f,0,1,1,1,1,1
case_272e0a58,0,1,1,0,1,1
case_dbe7dd86,0,1,1,0,0,1
case_6e182e43,1,1,1,1,1,1
case_f3ce889f,1,0,1,1,1,1
case_d5cb445f,1,1,1,1,0,1
case_000f585d,0,1,1,0,1,0
case_d424fe65,0,0,1,1,1,1
case_0a8b9506,0,1,1,1,1,1
case_316dba8e,1,1,1,1,1,1
case_bff2f4ea,1,0,1,0,1,1
case_bbc80d39,0,0,0,1,1,1
case_d15772de,1,0,1,1,1,1
case_3c1f178f,1,0,0,1,0,0
case_1879d106,1,1,1,1,1,1
case_5a81cbec,1,1,1,1,0,1
case_3a6cd862,1,0,1,1,1,1
case_dff56266,0,0,1,0,1,1
case_fc9a7bbb,1,0,1,1,1,0
case_cc5209ca,1,0,0,1,1,1
case_db120138,1,0,1,1,1,0
case_7004bb52,0,0,1,0,0,0
case_6a2b946d,1,0,1,1,1,0
case_0998dd64,0,1,1,1,1,1
case_d91343e6,0,1,1,1,1,1
case_d8534ac5,0,1,1,0,0,0
case_684c09ad,1,1,1,1,1,1
case_5aee83c3,1,1,1,1,1,1
case_bf10e32a,0,1,1,1,0,1
case_97872451,1,0,1,0,1,1
case_7d3daba9,1,0,1,1,0,1
case_e337e64e,0,0,0,0,1,1
case_945ad742,1,1,1,0,1,0
case_0838292a,0,0,0,0,0,1
case_04c03203,0,0,0,1,1,0
case_b784bf78,1,0,1,1,0,1
case_0ca9e5c1,0,1,1,1,1,0
case_23324334,0,0,1,0,0,1
case_1065f0fa,1,1,1,1,1,1
case_f1254d43,0,0,1,1,1,1
case_e573d2ee,1,1,1,1,1,1
case_f9538fbd,1,0,1,0,1,0
case_eb5110c7,1,1,1,1,1,1
case_d8a4e831,0,1,1,1,0,0
case_c17fc3c3,1,1,0,1,1,0
case_f9c99e97,1,1,1,1,0,1
case_fdcdeedc,0,0,1,1,1,0
case_66eb8c37,0,0,1,0,1,1
case_49f50cc2,1,1,1,1,1,1
case_8874b476,0,1,1,1,1,1
case_2b181b85,0,0,1,1,0,1
case_c4cf5eb4,1,1,1,1,1,1
case_66883b7d,0,1,1,1,0,0
case_40e90705,1,0,0,0,1,1
case_d5ca8898,1,1,1,0,1,1
case_599793b8,0,1,0,0,0,0
case_11f00045,0,1,0,0,0,0
case_e750f3ca,1,1,1,0,1,1
case_74c3f655,1,1,1,1,1,1
case_52b3c95b,0,0,0,0,0,0
case_a6677011,1,0,1,1,1,1
case_2c429962,1,0,1,1,0,0
case_dcb5dc4b,1,1,1,1,1,1
case_3f39e533,0,1,1,1,1,0
case_7fabf524,1,1,1,0,1,1
case_7f768637,1,1,0,1,1,0
case_97c033f4,0,1,1,1,1,1
case_b5ae1d95,0,0,1,1,0,1
case_dcd5bb1f,1,0,1,1,1,1
case_0a9e5377,1,1,1,1,1,1
case_0fd17f6c,0,0,1,1,0,1
case_b0ce6889,0,0,1,1,1,1
case_6f80b8d5,1,1,1,0,1,1
case_0f93e99b,0,0,1,0,0,1
case_26045380,1,0,1,0,1,0
case_a5ea5a8b,1,0,0,1,1,1
case_d110a657,1,1,1,1,1,1
case_f0a07175,1,1,1,1,1,1
case_c76334f2,1,0,1,1,0,1
case_6a57b03e,0,0,1,1,1,1
case_a5c3dc83,0,1,1,0,0,1
case_d6b037f5,0,1,1,1,1,1
case_1c42d984,0,0,1,0,1,1
case_05327093,1,1,1,0,1,1
case_4e01c88c,1,1,1,1,1,1
case_8fc62749,0,1,1,1,1,0
case_85e3e49e,1,1,1,1,1,1
case_baf8c129,0,1,1,1,1,1
case_ce9f4b77,1,1,1,1,1,1
case_e42d245a,0,0,1,1,0,0
case_aee5498d,1,1,1,1,1,1
case_98ff478c,0,0,1,0,1,1
case_1e537567,1,0,1,1,0,1
case_6ba09a02,1,0,0,0,0,1
case_2dd11ace,0,0,1,0,0,0
case_9b06a776,1,0,0,0,1,1
case_3c6181a1,0,0,1,1,0,1
case_29b7f4db,1,1,0,0,1,1
case_455471c1,1,0,0,0,0,0
case_5c6843ee,0,1,1,1,1,1
case_d664be34,1,1,1,1,1,1
case_56570a98,1,1,0,0,0,0
case_15ecad89,1,1,1,1,1,1
case_5bd20217,1,0,1,1,1,1
case_0ff9a453,1,1,1,0,1,1
case_bca882c9,1,1,1,0,1,1
case_d8f9514c,1,1,1,1,1,1
case_18f18328,1,1,1,1,1,1
case_02306980,0,1,1,1,1,1
case_fb20158a,1,1,0,0,1,1
case_eec9284b,1,1,1,0,1,1
case_7378d928,1,1,1,1,1,1
case_982234d2,1,1,1,1,0,1
case_40fabdee,1,0,1,1,1,1
case_0817b28c,1,1,1,1,0,1
case_9e32c80a,0,1,1,0,1,1
case_5de53818,0,0,1,0,0,0
case_45345369,1,1,1,1,1,1
case_9f22c7e4,1,0,1,1,1,1
case_d97b356a,1,1,1,0,0,1
case_ee9f6ae0,1,0,0,1,1,1
case_5b8684d8,0,1,1,0,1,0
case_41265a14,1,1,1,1,1,1
case_354e4a6d,0,1,0,1,0,1
case_9945aa7d,1,0,1,1,1,1
case_c57c5539,1,1,1,1,1,1
case_db8d7cda,1,1,1,0,0,1
case_55b3d96e,1,1,1,1,1,1
case_269c1cf3,0,0,1,1,1,1
case_724656fe,0,1,1,0,1,1
case_feecec29,1,1,1,1,0,0
case_cec6acf1,1,0,1,1,1,0
case_dc5ae29c,1,1,1,1,1,1
case_164e78a5,1,0,1,0,0,1
case_1549e03d,1,1,0,1,1,1
case_36e39b0e,0,0,1,1,0,0
case_8ca6bc02,1,0,1,1,1,1
case_a0915f5e,0,1,0,1,1,1
case_e354ff61,1,1,1,1,1,1
case_f578dd3d,0,0,1,0,1,1
case_a792ffe0,1,1,1,1,1,1
case_9458989d,1,1,1,1,1,1
case_30a4ad52,1,1,1,1,1,1
case_cd22819c,1,1,1,1,1,1
case_409d9c58,0,0,1,0,0,1
case_fb761fb5,1,1,1,0,1,1
case_478233ad,0,1,1,0,0,0
case_8d42a48c,0,1,1,1,1,1
case_12450547,0,1,1,1,1,1
case_6b6c1c49,0,0,1,0,0,1
case_e79e5f21,1,1,1,1,0,1
case_e9e1a99a,1,1,1,1,1,1
case_095e766a,1,1,1,1,1,1
case_d40a3c24,0,1,0,0,0,0
case_5e888fd7,1,0,1,1,1,1
case_c7020cd1,1,1,0,0,1,0
case_aa60c712,1,1,1,1,0,1
case_fcc2672e,1,1,1,1,1,1
case_a1fce9f4,0,0,1,1,0,1
case_a2f01a5f,0,1,0,1,0,1
case_eb29cc2a,1,1,1,1,1,1
case_2d8d29ac,0,0,1,0,0,1
case_6210f941,1,1,1,1,1,0
case_eaf73cc7,0,0,0,0,1,1
case_5979b150,0,1,1,1,1,1
case_58838bc4,0,0,1,1,0,1
case_c8e35cd4,0,1,1,0,1,1
case_5e55e14a,0,0,1,1,0,1
case_3ef4aaec,0,0,1,0,1,1
case_b9abd989,1,1,1,1,1,0
case_21b63a7d,1,1,1,1,1,1
case_ddeb6dd4,0,1,1,1,1,1
case_4899a2c9,1,0,1,0,1,1
case_cc3a9546,0,0,0,0,0,0
case_8411b42c,1,0,1,1,1,1
case_0f1ca13a,1,1,1,1,1,0
case_7ef971ad,1,1,1,1,1,1
case_a6ae8710,1,1,1,1,1,1
case_e28513bb,1,1,1,1,1,1
case_71d87a06,1,1,0,1,0,1
case_debcfd1c,1,1,1,1,0,1
case_4ccec442,1,0,1,1,1,1
case_0c83b415,0,0,1,1,1,1
case_3b0d843c,0,0,0,1,0,0
case_d3cd14fc,0,0,1,1,0,1
case_52acddca,1,0,1,0,1,1
case_b0cf5b47,1,1,0,1,1,1
case_8d6f69f0,1,1,1,0,1,1
case_1b22999a,1,1,1,1,1,1
case_569b9685,1,1,1,0,1,1
case_9f86c4d9,0,1,0,0,1,1
case_436a3f47,0,1,1,1,1,1
case_681048d2,1,0,1,0,1,0
case_5a4c3bec,0,0,1,0,1,1
case_7239614e,0,1,1,1,1,1
case_c230857b,1,1,1,0,1,1
case_de2ffef1,1,0,1,1,1,1
case_e244b102,1,0,1,0,1,1
case_eb984fda,1,1,1,1,1,0
case_85a51f30,0,1,1,1,1,1
case_08641b88,0,0,1,1,1,1
case_6ab4d1d7,1,1,1,1,1,1
case_be448046,1,1,1,0,1,1
case_72b6404e,0,1,0,0,0,1
case_491710a4,1,1,1,1,1,1
case_0925f067,1,1,1,1,1,0
case_b4e461e4,0,0,1,1,0,1
case_5bd5faae,1,0,1,0,1,1
case_f3bec53f,0,0,1,1,1,1
case_746a22c5,1,0,1,1,1,1
case_38b3d36c,0,0,1,1,1,0
case_7e0869a5,0,1,1,1,1,1
case_17f67ed5,0,0,1,1,1,1
case_0e7b9b73,1,1,0,1,1,1
case_db5149ff,1,1,1,1,1,1
case_8ea48e9e,1,1,1,0,1,1
case_87870a0f,1,1,1,1,1,1
case_9a355482,0,0,1,1,1,1
case_46ec70df,0,1,1,1,0,0
case_3b9d892f,1,1,1,1,1,1
case_3a7ec966,0,1,1,0,1,1
case_2fc634a5,1,0,1,0,1,1
case_20a15fd6,0,1,1,0,1,1
case_2d6731ed,1,1,1,1,0,1
case_906d4096,0,1,1,0,1,1
case_f8867934,0,1,1,0,1,1
case_9bdd7457,0,1,1,1,1,1
case_7353e7c1,0,1,1,1,1,1
case_e1d8a944,0,1,1,1,0,1
case_97bdd138,1,1,1,1,1,1
case_3f8ec222,1,1,1,1,0,1
case_bb3eabb2,0,0,0,1,1,0
case_dd279ac0,1,1,1,1,1,1
case_6008c6e7,0,0,1,0,1,0
case_d6f38098,0,0,1,1,1,0
case_835d94ec,0,1,1,1,1,1
case_01d9f5c9,1,0,1,1,1,1
case_dd4821f4,0,0,1,1,0,1
case_345a45e9,0,0,1,1,1,1
case_a19100df,1,0,1,1,1,1
case_66ffdf11,0,1,1,1,0,1
case_90f48920,0,1,1,1,0,1
case_4d8a7f6c,0,1,1,1,1,1
case_a907395c,0,0,1,0,1,1
case_b9d7cca6,1,1,1,1,1,1
case_5969efd1,1,1,1,1,1,1
case_c364f3aa,1,1,1,1,1,1
case_2cfa06f2,0,1,1,1,1,1
case_525251a3,1,1,1,0,1,1
case_f9a2bae2,1,1,1,1,1,1
case_6d133b3e,0,0,1,1,1,1
case_b703901d,0,1,1,1,1,0
case_441de4b2,1,0,1,1,1,1
case_7cc73199,0,1,1,1,1,1
case_d2fb0776,0,0,1,0,1,1
case_20c9aac1,0,1,1,0,1,1
case_e61b84b1,0,0,1,0,0,1
case_c28776f0,1,1,1,1,1,1
case_21899a62,0,0,0,1,0,0
case_bcd1abde,0,0,1,0,1,1
case_f7cddafc,0,0,1,1,0,0
case_22c43565,0,0,1,0,1,1
case_970bc931,1,1,1,1,0,1
case_ff26030e,1,0,1,1,1,0
case_b25ff766,1,1,1,1,1,0
case_ac2bfe7a,1,1,1,1,1,1
case_65c60df5,0,1,1,0,1,1
case_5f50aef6,1,1,0,0,1,1
case_0cb171c8,1,1,1,1,1,1
case_a70a4b03,0,0,1,1,0,1
case_5a2315e7,1,1,1,1,0,1
case_24a1a8bb,0,1,1,1,1,0
case_53340423,1,1,1,0,1,1
case_52d0504e,1,1,1,1,1,1
case_dee40e3e,1,1,0,1,1,1
case_c27075f6,0,0,1,0,1,1
case_89191c8c,1,1,1,1,1,1
case_321515f6,0,1,1,1,1,1
case_3a495451,1,1,0,1,0,1
case_b016ba99,1,1,1,1,1,1
case_2c16efd1,1,1,1,1,1,0
case_b6d46859,0,0,1,0,0,1
case_ecbf2a50,1,1,1,1,1,1
case_284d42cf,1,1,1,1,1,1
case_af307c6d,0,1,1,1,1,1
case_d78d1530,1,0,1,0,1,0
case_53f9bae8,1,1,1,0,1,1
case_fed85b68,1,0,1,0,1,1
case_4139fa1f,1,0,1,1,1,1
case_9f544ea9,0,1,1,1,1,1
case_4166d26f,0,1,1,1,0,1
case_8d36c946,1,0,1,1,0,1
case_cefa5c2a,1,0,1,1,1,1
case_231ee1e8,1,1,0,0,1,1
case_156cff13,1,0,1,1,1,1
case_439d85b9,1,0,1,1,1,1
case_d29de8dc,1,1,0,1,1,1
case_17bf6ea9,1,1,1,0,1,1
case_65c0b15d,1,1,1,1,0,1
case_065320f5,1,1,0,1,0,0
case_e9a93048,0,0,1,1,1,1
case_97799ab2,1,0,1,1,0,0
case_39ac2771,0,0,1,1,1,1
case_a32e622d,0,1,0,1,0,1
case_038db7a2,0,0,1,0,1,1
case_cd806293,0,1,1,1,1,0
case_85c26818,0,0,1,1,1,1
case_88071795,0,0,1,1,1,1
case_dff91d76,1,1,1,1,1,1
case_e890140c,1,1,1,1,1,1
case_e39de035,1,1,1,1,1,1
case_a35358f0,1,1,1,1,1,0
case_59b73b76,1,1,1,0,1,1
case_5dbdf001,0,1,1,1,0,1
case_ad12acb1,1,0,1,0,0,0
case_00507789,1,1,0,1,1,1
case_42cd0040,1,0,1,0,1,1
case_f2828bdd,1,0,0,1,1,1
case_c222e171,0,0,1,1,0,1
case_da61906f,1,1,1,1,1,1
case_ba400abd,0,0,1,0,0,0
case_d4ead489,1,1,1,0,1,0
case_37e1ee58,0,1,0,1,1,1
case_7393304b,1,1,1,1,1,1
case_4d6947fe,1,1,1,1,1,1
case_8efdbeef,1,0,1,1,1,1
case_14db7e03,0,0,0,1,1,1
case_dd88d75e,1,1,0,1,1,1
case_8e076ad4,0,0,1,0,0,1
case_21691f0e,0,0,1,1,0,1
case_1567fcba,0,1,1,0,0,1
case_4b08a63f,0,1,1,1,0,0
case_88c3b644,1,0,1,0,1,0
case_fbde033f,1,1,1,1,1,1
case_2a4ea2a5,0,0,0,1,1,1
case_eeed011e,1,1,1,1,1,0
case_a0b14538,1,1,1,1,1,1
case_6b9f3a4a,1,1,0,1,1,0
case_aaa885c0,0,1,1,1,1,1
case_6f83f0e7,1,1,0,1,1,1
case_8590a77b,1,0,1,0,0,0
case_e3732dee,0,1,1,1,1,1
case_64a7a865,0,1,0,1,0,1
case_958b473d,0,1,0,0,0,0
case_5b60926c,1,0,1,1,1,1
case_912be6fe,1,1,1,1,0,1
case_e87dcffa,0,0,1,1,0,1
case_eac7c9b6,1,1,1,1,1,1
case_e44c4189,1,1,1,1,1,1
case_6d72cd88,1,0,1,1,1,1
case_2e0a7caf,0,1,0,1,0,1
case_170f1ebe,0,0,1,0,1,1
case_5bd5ef49,1,1,1,1,1,1
case_5421c95e,1,1,1,0,1,1
case_cd821729,1,1,1,1,1,1
case_c5cf762e,1,0,1,1,0,1
case_9ab261e5,1,0,1,1,1,1
case_88470879,1,1,1,1,0,1
case_0beb30be,1,0,1,1,1,1
case_0b68d4a0,0,0,1,0,1,0
case_a0fc362c,0,0,1,1,1,1
case_b04d8d39,1,1,1,1,1,0
case_edf22b5e,1,0,1,0,0,1
case_37d3ac18,1,0,1,0,1,1
case_c28a4fa5,0,0,1,1,0,0
case_0634692f,0,0,1,1,1,1
case_35a38cd3,0,0,0,0,0,1
case_4c4e7223,1,0,1,0,0,1
case_7b7b026f,0,0,1,0,1,1
case_c182de13,1,1,1,1,1,1
case_5131246c,0,0,0,1,0,0
case_d37ace03,0,1,1,0,0,1
case_94d8e307,1,1,1,0,0,1
case_e2ba7938,0,0,1,1,0,1
case_f629b927,1,1,1,1,1,1
case_15e27bbb,1,1,1,1,1,1
case_3f9b9c88,1,1,1,0,1,1
case_006cf1d8,1,0,1,1,1,1
case_53f93b2e,1,1,1,1,1,1
case_93e02921,0,1,1,1,1,1
case_746d3478,0,0,1,0,1,1
case_d2b3804e,0,1,1,0,0,0
case_ce476ed6,0,1,1,1,1,1
case_e39f43e9,1,0,1,1,1,0
case_d255f33b,0,1,1,1,1,1
case_59d951dd,1,1,1,0,1,1
case_6e1a85bd,0,1,1,1,1,1
case_1c0b1706,1,1,1,0,1,1
case_723b1487,1,1,1,1,1,1
case_e706b581,1,1,0,1,0,1
case_2ec04a5e,1,1,1,1,1,1
case_33143af1,1,0,1,1,0,0
case_e1b5997d,1,1,1,1,1,1
case_02f205b9,1,0,1,1,0,1
case_a62da08d,1,0,1,0,1,1
case_8778291c,1,0,1,1,1,1
case_81f4fb67,0,0,1,1,1,1
case_1e038a88,0,0,1,1,1,0
case_dc172b8c,1,1,1,1,1,1
case_ecf984ea,1,1,1,1,1,0
case_57b153bf,1,1,1,0,0,1
case_7f5c432e,1,1,1,1,1,1
case_45025630,0,1,1,1,1,1
case_45a36d54,0,1,1,1,1,1
case_ba399281,1,0,1,1,0,1
case_c5967831,1,1,1,0,1,1
case_de30f690,1,0,1,1,1,1
case_d972d0d5,1,1,1,1,1,1
case_0d3da560,1,1,1,1,1,1
case_030fe094,0,0,1,1,0,1
case_a11e662a,1,1,1,1,1,1
case_a89e0659,1,1,0,1,0,1
case_67f295dd,1,1,1,1,1,1
case_e486bbf4,1,1,1,1,1,0
case_8982d862,1,1,1,1,1,1
case_2fc30bee,1,0,1,0,0,1
case_46880d8f,1,0,1,0,1,1
case_0d50b04b,1,1,1,1,1,1
case_69f5e82c,1,1,1,1,1,1
case_ca052f2e,1,0,1,0,0,1
case_02603222,1,0,1,1,1,1
case_dd8d7620,0,0,1,0,1,1
case_3a66253e,1,1,1,1,1,0
case_d10c8a0e,1,0,1,0,0,0
case_50e98a88,1,1,1,1,0,0
case_24cd7cda,1,1,1,1,1,1
case_347db710,0,0,0,0,0,0
case_80c23273,1,0,1,0,1,1
case_a355312d,1,1,0,0,0,1
case_2a4fd3ce,1,1,1,0,1,1
case_9d1892c3,1,1,1,1,0,1
case_f0873ed1,1,1,1,1,1,1
case_34906c63,0,1,0,0,1,1
case_a15f8f15,1,1,1,1,1,1
case_05f824db,1,1,0,0,0,1
case_c39f39dd,1,0,1,1,1,1
case_860ac810,1,1,0,1,1,0
case_ca859c31,0,0,1,1,0,1
case_573e1432,1,0,0,1,1,1
case_ee9701d3,1,0,0,1,1,0
case_030cfc20,1,0,1,1,0,1
case_358db67d,1,1,1,1,1,1
case_d90aa9b9,0,1,1,1,0,1
case_97cc9e81,0,0,1,1,0,1
case_009203da,1,1,1,1,0,0
case_674ad282,0,1,1,0,0,1
case_060ed2ad,1,1,1,0,0,1
case_4974f67f,0,1,1,0,0,0
case_b43c3a04,0,1,0,1,1,1
case_01137fc6,0,1,1,1,1,1
case_7f7ee8c3,1,1,1,1,1,1
case_ebe536d0,0,0,1,1,1,0
case_0925c2c4,1,1,1,1,1,1
case_20bb72bc,0,1,1,1,1,1
case_0728e99c,1,1,1,1,1,1
case_720acfa8,0,1,1,0,1,0
case_ef333271,0,0,1,0,1,1
case_f3e07e93,1,1,1,1,1,1
case_c6f6c009,1,1,1,1,1,1
case_8608263c,1,0,1,0,0,0
case_d712267d,0,1,1,0,0,0
case_3e32b7d8,1,1,1,1,1,1
case_22bc0e99,1,1,1,1,0,0
case_73a340a8,1,1,1,0,0,1
case_739eb730,1,0,1,1,1,1
case_dbbeb7e5,1,1,0,0,1,1
case_c013c21d,0,0,1,1,0,1
case_cea41670,0,1,1,0,1,1
case_59f15823,1,1,1,1,0,1
case_ae5e91cb,1,1,1,0,0,1
case_c721eb13,1,1,1,1,0,1
case_3db2f744,1,0,1,1,1,0
case_c489d226,0,1,1,0,1,1
case_af0f6d5a,0,1,1,0,1,1
case_28bffe6e,1,1,1,1,1,1
case_c4de0da0,1,0,1,1,1,1
case_68c1cddd,0,0,1,1,1,0
case_48e73112,0,1,0,0,0,1
case_30217333,1,0,1,1,1,1
case_63776a9b,1,1,0,1,1,1
case_1557a948,1,1,1,0,1,1
case_c8260558,1,1,0,1,0,1
case_52367a5a,0,0,1,0,1,0
case_ad367c0e,0,0,1,1,1,1
case_393b819f,0,0,1,1,1,1
case_4521ce7b,1,1,1,1,1,1
case_10f5d448,1,1,1,0,1,1
case_0d8f5765,1,1,1,1,0,0
case_3ea28039,0,1,1,1,0,1
case_6b1d8f0d,1,0,1,1,1,1
case_51086a37,1,1,1,1,1,1
case_a9c67558,1,0,1,1,0,1
case_274b52c8,1,1,1,1,1,1
case_ee4b8de1,1,0,1,1,1,1
case_482ffbad,1,1,1,1,1,0
case_52e96fbd,1,1,1,1,1,1
case_9ff5aeeb,0,1,0,0,1,1
case_585ed490,1,1,1,0,1,0
case_e1491967,0,0,1,1,0,1
case_fa49b151,1,1,1,0,1,1
case_c1154165,1,1,1,1,1,1
case_b55b01c8,1,1,1,1,1,1
case_24c821ce,1,1,1,0,1,0
case_cfa41454,1,0,1,1,1,0
case_d04c1e66,1,0,1,1,1,1
case_d5d35845,0,1,1,1,1,1
case_195aa8ff,1,0,1,0,1,1
case_b6a648ef,1,1,0,0,1,1
case_1574c534,1,0,0,1,0,1
case_20ce41bc,1,1,1,1,1,1
case_ed4f1c41,0,0,0,1,0,1
case_2ce538e5,0,0,1,1,1,1
case_2bb2cc3b,1,1,1,1,0,1
case_7f49f91c,1,1,1,1,1,1
case_64d99edd,1,1,1,1,1,1
case_ca97bdc3,1,0,1,1,1,1
case_d994ab09,0,1,0,1,0,1
case_67a12165,0,1,1,1,1,1
case_2c4b4a1c,1,0,1,0,0,1
case_a0f47aab,0,1,1,1,1,1
case_9acb1741,1,0,0,1,0,1
case_b8dd239b,1,0,0,1,1,1
case_204a0b1f,1,1,1,0,1,0
case_a80df19f,0,1,1,1,1,1
case_343ccf7b,1,0,1,1,1,1
case_990c681e,0,0,1,1,0,0
case_e996277c,1,0,1,0,1,1
case_58ad8d12,0,0,1,1,1,1
case_a9bbf9c9,1,1,1,1,1,0
case_71bbdf9c,1,0,1,0,1,1
case_a8a2e58a,0,1,1,0,1,1
case_7d2c6045,0,1,0,1,1,1
case_48392e9a,0,1,1,1,1,0
case_3c29cd75,1,1,1,0,1,1
case_642e4e5a,1,1,1,1,1,1
case_d4a42e0b,1,1,1,1,1,0
case_32e91006,1,1,1,1,1,1
case_f81807b3,1,1,1,1,1,1
case_b5788b28,1,1,1,1,1,1
case_a311a436,0,1,1,0,0,1
case_24ec3fd6,1,1,1,1,1,1
case_78da4a9c,1,1,1,1,1,1
case_3f2b97b2,1,1,0,1,0,1
case_13a1a155,0,0,0,0,0,0
case_7b6d595a,0,0,1,1,0,1
case_f955cae1,1,1,1,1,0,1
case_6f2c83dd,1,0,1,0,0,1
case_cb38afd1,1,0,1,1,1,1
case_096410ce,0,0,1,0,1,1
case_8f1fa6d3,0,0,1,1,1,1
case_2d92e651,1,0,1,1,1,1
case_3570730b,1,0,1,1,1,1
case_731ea73b,1,1,1,1,0,1
case_f8e8ef59,0,1,1,1,1,0
case_06b67258,1,1,1,1,0,1
case_49b72b3d,1,1,1,1,0,1
case_3bfbc6d4,1,1,1,1,1,1
case_3a9c092c,1,0,1,0,1,1
case_b74a3ac1,0,0,1,1,1,1
case_d3de8e42,1,1,1,1,1,1
case_d6b914b7,0,1,1,1,1,1
case_43f33e52,0,1,1,1,1,1
case_f85a3c69,1,0,1,1,1,1
case_ea909014,0,1,1,1,1,1
case_046b676a,1,1,1,1,1,1
case_3530b806,0,0,1,0,1,1
case_a60807d5,1,0,1,0,1,0
case_25785898,0,1,1,1,1,0
case_1853d87c,0,1,1,1,1,1
case_ace47ef9,0,0,1,1,0,0
case_e9f9592f,1,1,1,0,0,1
case_72beb38c,1,0,1,1,1,1
case_964e1508,0,0,1,0,0,0
case_b994d807,1,0,1,1,1,1
case_6c52b06d,0,1,1,1,1,1
case_5223502b,0,1,1,1,1,1
case_a9cf7924,1,1,1,1,1,1
case_1f22f283,0,1,1,1,1,1
case_d1c42ded,0,0,1,0,1,1
case_fb742ee5,0,1,1,1,1,1
case_884bbac9,1,1,1,1,1,1
case_5cb87f0b,0,0,1,1,1,1
case_78c0de2c,1,0,1,0,0,1
case_b78de5d2,0,1,1,0,1,1
case_c9f9e85a,0,1,1,0,1,1
case_a15b8f7c,1,1,1,1,0,1
case_69df79ad,0,0,1,1,1,1
case_70988403,1,1,1,1,0,1
case_47541420,1,0,1,1,0,0
case_562745ca,1,0,1,0,1,1
case_d2f5e7ef,0,1,1,0,1,0
case_b872dceb,0,1,1,0,0,1
case_f4a240c1,0,1,0,1,0,1
case_1de3ccdc,0,0,0,1,0,1
case_72758987,0,1,1,0,0,0
case_ca855815,1,1,1,1,1,1
case_85f5d9a6,1,1,1,1,1,1
case_843feaa8,0,0,1,1,1,0
case_0bc85f10,1,0,1,1,1,1
case_fb9840bd,1,1,1,1,1,1
case_533e28e5,1,0,1,0,0,1
case_e22ffc1e,1,1,1,0,1,0
case_bb434c53,1,0,1,1,1,1
case_e7f1bbb9,0,1,1,1,1,1
case_43b82921,1,1,1,0,0,1
case_5a239ce2,1,1,1,0,1,1
case_110697be,1,1,1,1,1,1
case_300280da,1,1,1,1,1,1
case_f2de742d,1,1,1,1,1,1
case_e879e1dd,0,1,1,0,0,1
case_b5b5ffbe,0,0,1,1,1,0
case_06ab4a4b,1,1,1,1,1,1
case_72a38d48,1,1,1,0,0,1
case_0097a4cf,1,0,1,1,1,1
case_93668cf1,1,0,1,1,1,1
case_ae2f33b8,1,1,0,1,1,1
case_972b6e53,1,1,1,1,1,0
case_8700285b,0,1,1,1,0,1
case_7df3e868,1,1,1,1,0,1
case_824c16aa,1,1,1,1,1,1
case_dca69d18,0,0,1,0,0,1
case_9eacef8b,0,1,1,0,1,1
case_dc24329c,1,0,1,1,1,1
case_c0fae0ae,0,1,1,1,0,1
case_e15e0e97,0,1,1,1,1,1
case_7051ec53,0,1,1,1,1,1
case_161113bf,0,1,1,1,1,1
case_16b22f5d,1,0,1,1,1,1
case_cdab702d,1,0,1,0,0,1
case_f9f9fdf2,1,1,1,1,1,1
case_43179c95,1,1,1,1,1,1
case_f2fd2ae1,0,1,1,0,0,1
case_4b41f922,0,0,0,1,0,0
case_069d3d6f,0,0,1,0,1,0
case_fb6e3d63,1,1,1,1,1,1
case_8bd95e03,0,0,1,0,1,0
case_89e6d09b,1,1,1,1,0,1
case_5aa59824,0,1,1,1,1,1
case_6928f5ea,0,0,1,0,0,0
case_7cadb10d,1,1,0,1,1,1
case_8d63305c,0,0,1,1,1,0
case_f138088d,1,1,1,1,1,1
case_4b3edddf,1,1,1,1,1,1
case_2d2995f0,0,0,1,0,0,1
case_22a2672e,0,1,1,1,1,1
case_5cf446ff,1,1,1,1,1,1
case_0f268257,1,1,1,1,1,1
case_062fb42f,1,1,1,1,1,1
case_66160d2e,1,1,1,1,1,1
case_8c87fdf5,1,1,1,0,1,0
case_a6759799,1,0,1,1,0,1
case_d2008504,0,0,1,1,0,1
case_d79a2b82,1,0,1,1,0,1
case_caea6c8d,0,1,1,1,0,1
case_064894aa,0,1,1,0,1,1
case_27bdbaa3,1,1,1,1,1,1
case_76c7af85,0,0,1,1,0,1
case_9751fa2b,1,0,1,1,1,1
case_63bce53f,0,0,1,1,1,1
case_2207f309,0,1,1,0,1,1
case_1951ee92,1,1,1,1,1,1
case_5b2a54de,1,0,1,1,0,1
case_b5c12122,0,0,1,1,1,1
case_22d63d30,1,1,1,0,1,1
case_92ccb38d,1,1,1,1,1,1
case_aec438fe,1,1,1,1,1,1
case_d0e04183,0,1,0,1,0,1
case_1085dcf5,0,1,1,1,1,1
case_eef778c1,1,1,0,0,1,1
case_0b3186bd,0,1,1,1,1,1
case_4a796625,0,0,1,1,1,1
case_a9b5bb18,0,1,1,1,1,1
case_f68a46a9,1,0,1,1,1,1
case_54dda57d,0,0,1,1,0,0
case_f5bae5aa,0,0,1,1,1,0
case_638db04c,1,1,1,1,1,0
case_bd433688,0,1,1,1,1,1
case_3659bd86,1,1,1,1,0,1
case_7a2d655c,1,1,1,1,1,1
case_1d541714,0,1,1,1,1,1
case_24de1be4,1,1,0,1,1,1
case_8b0dbc6c,1,0,1,1,1,1
case_4a005e00,1,1,1,1,1,1
case_a583decb,1,0,1,1,1,1
case_9ac56535,0,0,1,0,0,1
case_1f92ce07,1,1,1,1,0,1
case_8bd79f41,1,1,1,1,1,1
case_af496494,1,1,1,1,1,1
case_e3347bf9,1,0,1,1,0,1
case_064353f0,0,0,1,1,0,0
case_fdd72a8a,0,1,1,1,1,1
case_7bd00290,1,1,1,1,1,1
case_5ca93ea3,0,1,1,1,1,1
case_f7183c51,1,1,0,0,1,1
case_1de3ffe9,0,1,1,0,1,0
case_3e12416c,0,1,1,1,1,1
case_628a5f44,1,1,1,1,1,1
case_11bb1910,0,1,1,0,0,1
case_046e8cd1,1,1,1,1,1,0
case_40863a38,0,1,1,1,1,0
case_620c1a55,0,0,1,1,0,0
case_6fc044bb,1,1,1,1,1,1
case_751458fc,0,0,1,1,1,1
case_88aea12f,1,1,1,1,1,1
case_25434ea5,0,0,1,1,0,0
case_12a1986c,1,1,1,1,1,1
case_1f238eb6,1,1,1,1,1,1
case_545ef149,1,0,1,1,1,1
case_ece18d33,0,0,1,1,0,1
case_19476f2d,1,1,1,0,1,0
case_eea309a5,1,1,1,1,0,0
case_ac085328,0,1,1,1,0,1
case_74e5977a,0,1,1,1,1,1
case_11cc265a,1,0,1,1,0,1
case_5a1b0581,1,0,1,0,1,1
case_79fe4536,1,0,1,0,0,1
case_83c8c679,1,0,1,0,0,1
case_4e736649,1,1,1,1,1,1
case_e5919543,1,0,1,1,1,0
case_50ee5bbe,0,1,0,0,0,1
case_7a4ef412,1,1,1,1,1,1
case_5b5687dc,1,1,1,1,0,1
case_6aec71c0,1,1,1,1,1,1
case_30244dfe,1,0,1,1,1,0
case_e62d17fa,1,1,0,1,0,1
case_88048f08,0,0,1,0,1,1
case_e092acd2,0,0,1,1,1,1
case_b626c296,0,1,1,0,1,1
case_5416d98e,0,0,1,1,1,1
case_1231adeb,1,1,1,1,1,1
case_fa642e0a,1,1,1,1,1,1
case_12581f3a,0,0,1,1,1,1
case_169606a8,1,1,0,1,0,0
case_debac268,0,0,1,0,0,1
case_d7702598,1,1,1,1,1,1
case_d281ffdb,1,0,0,0,0,1
case_48129201,0,1,1,1,1,1
case_a1c54aef,0,1,1,1,1,1
case_ed809c29,0,1,1,1,1,1
case_c883a2ef,1,1,1,1,1,1
case_48915118,0,1,1,1,1,1
case_a893f9c5,0,1,1,1,1,1
case_0c2b227a,1,1,1,1,1,0
case_9e171e6e,1,1,1,1,1,1
case_f6642e33,0,0,1,1,1,0
case_1351865a,1,1,1,1,0,1
case_cd591d0a,1,1,1,1,1,1
case_bdf22624,0,1,0,1,1,1
case_dc507d97,0,0,1,0,1,0
case_5eed9ced,0,1,1,1,1,0
case_2b106c57,1,1,1,0,1,0
case_037a9b1d,0,0,0,1,0,1
case_a779531d,1,1,1,1,1,1
case_60a36e0c,0,1,1,1,1,1
case_72056079,1,1,1,1,1,1
case_e842e082,1,1,1,1,1,1
case_500f7b63,0,0,1,1,1,1
case_a4834279,0,0,1,0,1,1
case_1c42add1,1,1,1,1,1,1
case_5bb4772d,0,0,1,1,0,1
case_2cbea23c,1,0,1,1,1,1
case_ced28d71,1,1,1,1,1,1
case_058c7c02,1,0,1,0,0,1
case_73b07b2c,0,1,1,0,0,1
case_87637409,0,0,1,0,0,0
case_4594059f,0,0,1,1,1,1
case_173a2f1e,0,1,1,1,1,1
case_ad242dac,0,0,0,0,0,1
case_b8b05954,1,1,1,1,1,0
case_dcdeaa77,1,1,1,1,1,1
case_402c0d56,0,1,1,0,1,1
case_2dfc578e,1,1,1,1,1,0
case_9432875b,0,1,1,1,0,1
case_9e336124,1,1,1,1,0,1
case_a239d5e6,1,1,1,0,1,1
case_c94d4e13,1,0,1,1,1,1
case_a852da2a,1,1,0,1,1,1
case_2a53dd74,1,1,1,1,1,0
case_fd1d7635,1,1,1,1,1,1
case_19a29956,1,0,1,1,1,0
case_43e07992,1,0,0,0,1,0
case_6f6ea80d,1,0,1,1,1,1
case_1ae24af5,0,1,1,1,1,1
case_b52155e1,1,1,1,0,1,0
case_9558eb90,1,0,1,1,1,1
case_a9ffcdfd,0,1,1,1,1,1
case_e4611f25,1,1,1,1,0,1
case_2bdff7d1,1,0,1,1,1,1
case_730afb36,1,0,1,0,1,1
case_3a5667c9,1,1,1,1,1,1
case_1e17e346,1,1,1,1,1,1
case_db3aa9ac,1,1,0,1,1,1
case_7da49868,1,1,1,1,1,1
case_8a1f7137,1,0,1,0,1,1
case_520c30d7,1,0,1,1,1,1
case_46fbc138,0,0,1,0,1,0
case_6c2f6416,0,0,1,1,1,1
case_0b063f48,0,0,1,1,1,1
case_bf62ce2a,1,0,0,0,1,0
case_c55ee63d,1,1,1,0,1,1
case_95a4783f,1,1,0,0,0,1
case_6aef2456,1,1,1,1,1,1
case_7ce35bb3,1,0,1,1,1,0
case_b309bd04,1,1,1,1,1,1
case_b77091cf,1,0,0,0,1,1
case_afe25e46,1,0,1,1,1,1
case_5cc141ad,1,1,1,1,1,1
case_d0efee67,1,1,1,1,1,0
case_fb2b3836,0,0,1,0,0,0
case_77f1db1a,0,0,1,0,1,1
case_d84cfd71,1,0,1,1,0,1
case_4e52d12d,1,1,1,1,1,1
case_727556d6,1,1,1,0,1,1
case_e3f54731,0,0,0,0,0,0
case_b8327a41,0,1,1,1,1,0
case_d85e15b0,1,1,1,1,1,1
case_d97019cd,0,1,1,1,0,0
case_4308ab67,0,0,1,1,1,0
case_473f24e9,1,1,1,1,1,0
case_ed8bb1f0,1,1,0,1,1,1
case_0b64372b,1,1,1,1,1,1
case_b69f020a,1,1,0,1,1,1
case_ed46157d,1,0,1,0,0,1
case_da6b7473,0,0,1,1,0,1
case_de803a13,1,1,1,1,0,1
case_719ddfb9,1,1,1,1,1,1
case_41c52960,1,1,0,1,1,0
case_2a712e3d,0,0,0,0,1,1
case_79a4cb3d,1,1,0,0,0,1
case_d3c69352,0,0,1,1,1,1
case_5e0440b8,1,0,1,1,1,1
case_e773d0d7,1,1,1,1,1,1
case_c9f5a976,0,1,1,0,1,1
case_53e04d9f,1,1,1,1,1,1
case_2f26d1c0,1,1,1,1,0,1
case_cb39827e,1,1,1,1,1,1
case_03c584f2,0,0,1,0,0,1
case_49438900,0,0,1,1,1,0
case_f815d4a4,0,0,1,1,1,1
case_cf512f18,0,1,1,1,1,1
case_b9d0a7f6,1,1,1,0,1,1
case_80a74b6e,0,1,1,1,0,1
case_09c711cc,1,0,1,0,1,1
case_4c7c7698,1,1,1,1,1,1
case_e170d136,1,1,1,1,1,1
case_4d02f1fd,1,1,0,0,1,1
case_e3fe57fb,1,1,1,1,1,1
case_ef6d979a,1,0,1,0,1,0
case_8bd82b1a,1,1,0,1,1,1
case_5b444d8a,1,1,1,1,1,1
case_8eb9a167,1,1,1,1,1,1
case_bb4a4d78,1,1,1,1,1,1
case_c3a39b3d,1,1,1,1,1,1
case_2c63b4b1,1,1,1,1,1,1
case_d0feb86f,1,1,1,1,1,0
case_b96defac,1,1,1,1,1,1
case_0010903b,0,1,0,0,0,1
case_00aad50e,1,1,1,1,1,1
case_1bca02f5,0,1,1,1,1,0
case_04206482,1,0,1,0,1,1
case_06a7f357,1,0,1,1,1,0
case_2a5e030d,0,1,1,0,0,1
case_15057bc4,1,0,1,1,0,1
case_b866cc16,0,0,1,1,0,1
case_17887729,1,1,1,1,1,1
case_f659cd96,0,0,0,1,1,0
case_1b6da62a,1,1,1,1,1,1
case_e4729d32,0,1,1,1,0,1
case_f2cfaa67,1,0,1,1,1,1
case_37513aa7,0,0,1,1,0,1
case_6a55c4a0,0,1,1,1,0,1
case_f3038df4,1,1,1,1,1,1
case_8b7000c1,1,1,1,1,1,1
case_b775883b,0,1,1,0,1,1
case_93420a38,1,1,1,1,1,0
case_e01572fe,1,1,1,1,1,1
case_3ab3f639,1,1,1,1,1,1
case_28f729b1,1,0,1,1,1,1
case_d08cb62e,0,1,1,1,0,1
case_a7a41579,0,1,1,1,1,1
case_6adf167e,1,0,1,1,1,1
case_74240ae8,0,0,0,1,1,0
case_3c5946bc,1,0,1,1,0,1
case_0b129e87,0,1,1,0,1,1
case_93daf8a4,0,0,1,0,1,1
case_9d62033b,0,1,0,0,1,1
case_ed5850dd,0,0,1,1,1,1
case_74e61bdf,1,1,1,0,1,1
case_9478bef8,0,0,0,1,0,1
case_87737d83,0,0,1,1,1,1
case_af906a61,1,1,1,1,1,1
case_3a63c8b3,1,1,1,1,1,0
case_47fce51f,1,1,0,1,1,1
case_c292f37d,1,1,1,1,1,1
case_e8e47e74,1,0,1,0,1,1
case_42117b6e,0,1,1,1,1,1
case_7be13e00,1,1,1,0,1,1
case_1ae956ae,1,1,1,1,1,1
case_0aa907dd,1,1,1,1,1,1
case_6cc9b13d,0,0,1,0,1,1
case_660d6fa1,1,0,1,1,1,1
case_49e9d57d,1,1,1,1,1,1
case_058e2e91,1,1,1,1,0,1
case_59162ef2,0,1,0,0,0,0
case_5e44d956,1,1,1,1,1,1
case_4dd8dc8b,1,1,1,1,1,1
case_4faaee28,1,1,1,1,1,0
case_c96a8bc3,1,0,1,1,1,1
case_0c6d0ea7,0,1,1,1,1,1
case_d4b7360b,0,0,1,1,1,1
case_add96ac0,1,0,1,1,1,1
case_e28f6b68,1,0,0,1,1,1
case_8a149673,1,1,1,1,1,1
case_ec34173a,0,0,1,0,0,0
case_978f6371,1,1,1,1,1,1
case_cb3b2d06,1,0,1,1,1,0
case_645343b0,1,1,0,1,1,1
case_8326519b,0,0,0,0,0,0
case_16f52927,1,1,1,1,1,1
case_cee3fafa,1,1,1,1,1,1
case_1ed708b8,0,0,1,0,1,0
case_bdead601,0,1,1,1,0,0
case_40d98588,1,1,1,1,1,1
case_75af2c67,1,1,1,0,1,0
case_424b0eba,0,1,1,1,0,1
case_4227ac2e,1,0,1,1,1,1
case_547d375f,0,1,1,1,0,1
case_d9c0f7a2,0,0,0,0,0,0
case_96220153,1,0,1,0,1,1
case_0b1f0c53,0,1,0,1,0,1
case_c57a5fac,1,1,1,1,1,1
case_bb8d5163,1,1,1,1,1,1
case_f023c1b6,0,0,1,0,1,1
case_e0c19be4,0,1,1,1,0,0
case_a9bcd3d2,0,1,1,1,0,1
case_1322ae47,1,1,1,1,0,0
case_e23da01c,1,1,0,1,1,0
case_d0260c02,1,1,1,1,1,1
case_e953f232,1,1,1,1,1,1
case_9efba213,1,0,1,1,0,1
case_725443d1,1,1,1,1,1,1
case_ff9fc043,1,1,1,0,1,0
case_cee89acb,1,1,0,1,0,0
case_40d6bcea,1,1,1,1,1,1
case_7aa5001e,1,1,1,1,1,1
case_5aa0d913,1,1,1,0,0,1
case_698df5b3,1,1,1,1,1,1
case_b5678ff5,1,1,1,1,1,1
case_5ea0b38c,1,1,1,0,0,1
case_3fd0affb,0,0,1,1,1,1
case_be44f6c8,1,1,1,1,1,1
case_a39e1c3f,0,1,1,0,0,1
case_4bbe982e,1,1,1,0,1,1
case_e53fe49d,1,1,1,1,1,1
case_46caaf14,0,1,1,0,1,1
case_23162e5d,0,1,1,0,1,1
case_45c88143,0,0,1,1,1,1
case_0bdc966e,1,0,1,1,1,0
case_684ceb8a,1,1,1,1,1,1
case_6b4bbd0c,1,0,1,1,0,1
case_34e074e3,0,0,1,0,1,1
case_05ade2bc,1,0,1,0,0,1
case_fabf4e0c,0,0,1,1,1,0
case_ea928434,0,1,1,1,1,1
case_5973c028,0,1,1,1,1,1
case_b10b25e1,1,1,1,1,1,0
case_7b05713a,0,0,1,0,1,0
case_e383e7ba,0,0,1,1,1,1
case_8c473e67,1,1,1,1,1,1
case_967af854,1,0,1,1,0,1
case_5de243d3,1,0,1,1,1,0
case_bf465570,1,0,1,1,1,1
case_4d923782,1,0,0,1,1,1
case_61f4e127,1,1,1,1,1,1
case_72cb81c3,0,1,1,1,1,1
case_ffdba4c7,0,1,1,0,0,0
case_1fb41b09,1,0,1,1,1,1
case_8975da73,1,1,1,1,1,1
case_df9ef4c7,0,1,1,0,1,0
case_7bcaee37,1,1,1,1,1,1
case_065f486c,1,0,1,1,0,1
case_75535c34,0,1,1,1,0,1
case_9915cdf8,0,0,1,1,1,0
case_92958e3a,0,1,1,1,1,0
case_1db2a9f7,1,0,1,1,1,1
case_e30be3dc,0,0,1,1,1,1
case_1d2d54cb,1,1,1,1,1,1
case_d1d4e27e,1,1,1,1,1,1
case_b40ab815,0,0,1,1,1,1
case_8d1f690c,0,1,1,1,0,0
case_6e5953ae,0,0,1,1,1,1
case_aa285f33,1,1,1,1,1,1
case_8e5b6267,1,0,1,1,1,1
case_c1c8e363,1,1,1,1,1,1
case_8a5fcb03,0,0,1,0,1,1
case_6ffa8455,0,0,1,1,0,0
case_ca55dcdf,0,1,1,1,1,0
case_6d023df7,0,0,1,1,1,1
case_125ae02d,1,1,1,1,1,1
case_afa880df,1,1,1,1,1,1
case_e2e7a88b,0,0,1,0,1,0
case_ced2b67f,1,1,1,1,1,1
case_c9e8d1ca,1,1,0,1,1,1
case_205c30d7,1,0,1,1,1,1
case_b8741cad,0,1,1,0,1,1
case_516c073b,1,0,1,0,0,1
case_6900a8b5,1,0,1,1,1,1
case_2836447c,1,1,1,1,0,1
case_127093e4,0,0,1,1,1,1
case_f5240e54,1,1,1,1,1,1
case_dcd96b29,1,1,1,1,1,1
case_f8aefb7b,1,1,1,1,1,1
case_b1ec70b8,1,1,1,1,1,1
case_9406d18f,1,0,0,0,0,1
case_abae0fd2,0,1,1,1,1,0
case_3722d30b,1,0,1,1,1,1
case_01b0fd45,1,1,1,1,0,1
case_04e65b10,1,0,1,1,1,1
case_50be9ab2,1,1,0,1,0,1
case_73478698,1,0,1,1,0,1
case_8ca3538a,0,1,1,0,0,1
case_4e253c13,1,0,1,1,1,1
case_28ec59be,1,0,1,1,0,0
case_f87fcdc3,1,1,1,0,1,0
case_8f3670a8,0,0,1,1,1,1
case_dbdb0a70,1,1,0,1,0,1
case_cab5fa66,1,1,1,1,1,1
case_fa02afb9,1,1,1,1,1,1
case_177a7915,1,1,1,1,1,1
case_14ff2e21,0,1,1,0,1,1
case_0632b720,0,1,1,1,1,0
case_0fa27427,0,1,1,1,1,0
case_c70bd3b3,1,1,0,0,1,1
case_0e520928,0,1,0,0,1,1
case_afa78fe1,1,1,1,1,1,1
case_a150af8a,0,0,1,1,1,0
case_379508a9,1,0,0,0,0,1
case_8d730c68,1,0,1,1,0,1
case_d6bc87a4,0,1,1,0,0,1
case_17174912,1,0,1,0,1,0
case_9b8ee0de,0,0,1,1,1,1
case_b05b3e0e,0,0,1,1,1,1
case_b2905615,1,1,1,1,1,1
case_413b6cc4,1,1,1,0,1,1
case_999c731c,0,1,1,1,1,1
case_f32e3f68,1,1,1,1,1,1
case_5cf58128,0,1,1,1,1,1
case_71ac22ce,1,1,1,1,1,1
case_2ad32354,1,0,1,0,0,1
case_4ce6933f,0,1,1,1,1,1
case_34166dd0,0,0,0,1,1,0
case_cc4c88a8,1,1,1,1,1,1
case_271c2249,1,1,1,1,0,1
case_9fe8ec9a,0,0,1,1,1,1
case_0298fe60,1,1,1,1,1,1
case_736de431,1,1,1,1,1,1
case_1f12ca49,0,0,1,0,0,0
case_e7fae470,0,0,1,0,1,1
case_f2001690,1,0,1,0,1,1
case_5e7b8c7a,0,0,1,1,0,1
case_abafb9a6,1,1,0,1,1,1
case_599e38a9,1,0,1,1,1,1
case_fb210415,1,0,1,1,1,1
case_24cf6b61,0,1,1,1,0,1
case_83666374,0,1,1,0,1,1
case_47057e00,1,0,0,1,1,1
case_6f554c2c,1,0,1,1,1,1
case_659cb639,1,0,1,0,0,1
case_4ab84747,1,1,1,1,1,1
case_2753e6ba,0,0,1,1,0,0
case_59b55eed,0,1,1,0,0,0
case_35869e52,1,0,1,1,1,1
case_04463222,1,1,1,1,1,1
case_a608083b,0,1,1,1,1,1
case_c8ee2dc9,1,1,1,1,1,1
case_f2389b82,0,1,1,1,1,1
case_ed7cc73a,1,1,1,1,1,1
case_9b57ea50,0,1,1,1,1,0
case_50c6808a,1,1,1,1,1,1
case_e1338d19,0,1,1,0,0,1
case_b66e04ba,1,1,1,1,0,1
case_eb785021,1,1,1,1,1,1
case_b829479b,1,1,1,0,1,1
case_4c3b0e2d,0,1,1,0,1,1
case_0a097c84,0,1,0,0,1,1
case_71404442,1,0,1,0,0,0
case_96909912,0,1,1,0,1,1
case_b94acb5f,1,0,1,1,1,0
case_3437577c,1,0,1,1,0,0
case_7ae7b7b1,1,0,1,1,1,1
case_4c0d8335,1,1,1,1,1,1
case_ab89862c,0,0,1,1,1,1
case_86b50ede,1,1,1,1,1,1
case_6b3ea7b8,0,1,1,1,1,1
case_568e1126,1,1,1,0,0,1
case_9cf9f39e,0,0,1,1,0,1
case_b9db53d6,1,1,1,1,1,1
case_4e40e630,0,1,1,0,0,1
case_f8dce818,1,1,1,1,1,0
case_3863ccc9,0,1,0,0,1,0
case_90535a76,1,1,0,0,1,1
case_960b3bc1,0,0,1,1,1,0
case_1911f3fe,1,1,0,0,1,1
case_5db473a9,1,1,1,1,1,0
case_3476b302,1,1,1,1,0,1
case_a4d4c19f,0,1,1,1,1,1
case_1d4dbe7a,0,1,1,0,0,0
case_47c11f85,1,1,1,1,1,1
case_899b9876,1,1,1,1,1,0
case_7176da46,1,1,1,1,1,1
case_ff2b8098,1,1,1,0,1,1
case_b68b2501,0,1,1,1,1,1
case_01118472,1,1,1,1,1,1
case_8d2ae9ab,1,1,1,1,1,1
case_bd61c864,1,1,1,1,1,1
case_ba2017df,1,1,1,1,1,1
case_1975b08a,1,1,1,1,1,0
case_29f1af97,1,1,1,1,1,1
case_19e4c62e,0,1,1,1,1,1
case_8b09fef0,0,1,1,1,1,1
case_78c7c92d,1,0,1,1,1,1
case_77c679d8,0,1,1,1,1,1
case_ccedd32b,1,1,1,1,0,1
case_ad5cdc59,1,0,1,0,1,0
case_1a6e580f,1,0,1,0,1,1
case_e7c6ebcd,1,1,1,1,1,1
case_40cb7183,1,1,1,0,0,1
case_d887d400,0,1,1,1,1,1
case_5c875ae0,1,1,1,0,1,1
case_641dd8c0,1,1,1,1,0,1
case_662321ad,0,1,1,1,1,1
case_24fd318a,1,1,1,1,1,0
case_a2afdbc8,1,1,1,1,1,1
case_5ce81147,0,0,1,1,1,1
case_9c631892,1,1,1,1,1,1
case_1846b1ab,0,0,1,1,0,1
case_e068fa00,1,1,1,1,0,1
case_e9b5058a,1,1,0,1,0,1
case_07a3a52a,1,1,1,0,1,1
case_0b7fcfa7,0,1,1,1,1,1
case_64505522,1,1,1,1,1,1
case_c7826c93,1,1,1,1,1,1
case_08ad13c5,1,1,1,1,1,0
case_d24721a4,1,0,1,1,1,1
case_49121aed,1,0,1,1,1,1
case_f5649ce5,1,1,1,1,1,1
case_ef5f6663,1,1,1,1,0,0
case_18d9c91c,1,1,0,1,1,1
case_cc75b50f,0,1,1,1,0,1
case_9911ff4a,1,1,1,1,1,0
case_cda1b302,1,1,1,1,1,1
case_da6e9be9,0,1,1,0,0,1
case_03451241,1,1,0,1,1,1
case_74e0e670,0,1,1,1,1,1
case_0d6aeb77,1,0,1,0,0,1
case_7f4b684c,1,1,1,1,1,1
case_c8d00a42,1,1,0,0,1,1
case_982713a2,0,0,0,1,0,0
case_041e5438,0,0,1,1,1,1
case_bc1dd523,0,0,1,1,0,1
case_527ce2cf,1,0,1,1,1,1
case_7a10feb8,1,0,1,0,1,1
case_9e186f18,0,0,1,0,0,0
case_14414ea6,1,0,1,1,0,1
case_81bdace5,1,1,1,1,1,1
case_6766154f,1,1,1,1,1,1
case_054fad17,0,0,1,1,1,1
case_0028944d,1,0,1,1,1,1
case_eaa4682c,0,1,1,1,1,1
case_553d9b2b,1,1,1,0,1,1
case_dad39c02,0,0,1,1,1,1
case_e9fb2152,0,1,1,1,1,1
case_14ed22d4,0,0,1,0,0,1
case_c17a1d6f,1,0,1,1,1,0
case_d017e2d9,1,0,1,0,0,0
case_d496fcf3,1,0,1,1,1,1
case_dc79bf05,1,1,1,1,0,0
case_77727c38,1,1,1,1,1,1
case_1a167917,0,0,1,0,0,1
case_3000e9a2,1,1,1,1,1,1
case_4de362e8,0,0,0,1,1,1
case_e87bf1e1,1,1,1,1,1,1
case_541bc456,1,1,1,1,1,1
case_e090f39b,1,1,1,1,1,1
case_fb409df8,1,0,1,1,1,0
case_20e4eafc,1,0,1,0,0,0
case_8fee5f00,0,1,1,1,0,1
case_7f666507,1,1,1,1,1,1
case_ede4945a,1,1,1,0,1,1
case_2a76b493,1,0,1,1,1,1
case_989255d0,1,1,0,1,0,1
case_b1759640,1,1,1,0,1,1
case_b7ab70d4,0,0,1,1,1,1
case_ac4f76c8,1,1,1,1,1,1
case_21673a25,0,0,1,1,1,0
case_0242a1f7,0,1,0,0,1,1
case_c0421343,1,0,1,1,1,1
case_83d10b43,1,0,1,1,1,1
case_d6be65bb,0,1,1,0,1,1
case_e3be5dee,0,1,1,0,1,1
case_1de72929,1,1,1,1,1,1
case_5bb39738,0,1,1,1,1,0
case_b2dd97c8,1,0,1,1,1,0
case_5795dda6,0,1,1,1,0,0
case_8b6ba1a8,1,1,1,1,1,1
case_23917929,1,1,1,1,1,1
case_b1504852,0,1,0,1,1,1
case_e7fc2bbf,0,1,1,1,1,1
case_53ed9672,1,1,1,0,1,1
case_d208911c,0,0,1,0,0,0
case_720fd7fc,0,0,0,0,0,1
case_4de53442,1,1,1,1,0,1
case_6700939c,1,1,1,1,1,1
case_5cea1fe9,0,0,1,1,1,1
case_fe902fcc,0,1,1,1,0,1
case_bf8294d2,0,0,1,0,0,1
case_01a5942c,0,0,1,1,1,0
case_45199813,1,1,0,0,1,1
case_669a2fd1,1,0,1,1,1,1
case_0b2788cf,1,1,1,1,0,1
case_2dd2871d,1,0,0,1,1,0
case_fbf1b3ee,1,0,1,1,1,1
case_095c5417,1,0,1,1,1,1
case_1c01e218,1,0,0,1,1,1
case_ffb7fee3,1,0,1,1,1,1
case_18565e72,0,0,0,0,1,1
case_00744b9e,1,1,0,1,1,1
case_c2d7cc96,1,1,1,1,1,1
case_db4c6859,1,1,1,0,1,1
case_de73d992,0,1,1,1,1,1
case_bc9597ba,1,1,1,1,1,0
case_b259aa35,1,1,1,1,1,1
case_756550a7,1,1,1,1,1,1
case_01f5dd3a,1,1,1,1,1,1
case_91cebe09,0,1,1,0,1,1
case_32a3483d,1,1,1,1,1,1
case_c1fc66ff,1,1,1,1,1,1
case_df847d1c,1,1,1,1,0,1
case_930dc2f5,0,0,1,0,1,1
case_ecab9e07,1,0,1,0,1,1
case_64cb0999,1,0,1,0,1,0
case_e3c09145,1,1,1,0,1,1
case_8068c61b,0,0,0,0,1,1
case_0fabd18c,0,1,1,1,1,1
case_2912efcf,0,0,1,0,0,1
case_f9f6d27a,1,1,1,0,1,0
case_1dbb43b4,1,1,1,0,1,1
case_63091737,1,1,1,0,1,1
case_5c252cc4,0,1,1,1,1,1
case_651d24ff,0,0,0,0,1,1
case_ca4e84f0,0,1,1,0,0,1
case_7a5927d7,0,1,1,1,1,1
case_068c0fe5,0,0,1,1,0,1
case_473d0d30,0,1,1,1,1,1
case_3d01a000,1,1,1,1,1,0
case_8750a24a,1,1,1,1,1,1
case_142651f7,1,1,1,1,1,1
case_5af43b2c,0,1,1,1,1,0
case_e729f1e0,1,1,1,1,1,0
case_f5773455,1,0,1,1,1,1
case_d866ae58,1,0,1,0,0,1
case_615ca8ee,1,1,1,0,1,0
case_7b117742,1,1,1,1,1,1
case_1814c6ff,0,0,1,1,1,1
case_380ec640,1,1,1,1,0,0
case_6696f833,1,1,1,0,1,1
case_f1e8c09f,1,1,1,0,1,1
case_d0427fc9,1,1,1,1,1,1
case_9b337037,1,1,1,1,0,1
case_142340ee,1,0,1,1,1,1
case_d01dfc9d,1,1,1,1,1,1
case_2fbd3486,1,1,1,1,0,0
case_a6a31ee1,0,0,1,1,0,1
case_71631983,1,0,1,1,0,1
case_528042fa,1,0,1,1,0,1
case_70504234,0,0,1,1,1,1
case_e041e04e,1,1,1,1,0,1
case_350ee521,0,0,1,0,1,1
case_58d811ce,1,1,1,1,1,1
case_67edc37f,1,0,1,1,1,1
case_c747fd8d,1,0,1,0,1,0
case_254b572b,0,1,1,0,0,1
case_5ba1b35e,1,1,1,1,1,1
case_f41118f5,1,1,1,1,1,1
case_379dfc46,1,0,1,1,0,1
case_c8d1e647,1,1,1,1,1,1
case_a4b7418a,1,1,1,1,1,0
case_541567b3,1,1,1,1,1,0
case_41dd5330,1,1,1,0,1,1
case_01498812,1,1,1,0,1,1
case_b434b6ff,1,1,1,1,1,1
case_7922ee2c,1,1,1,1,1,1
case_38e3c84d,0,1,1,0,0,1
case_a8ad324c,0,1,1,0,1,1
case_6369c162,1,0,1,0,0,1
case_5afb0811,1,1,1,1,1,1
case_3be0c832,1,1,1,0,0,0
case_1ec90bdd,1,1,1,1,1,1
case_1bb3fe5a,1,1,1,0,1,1
case_c283971a,1,0,1,1,1,0
case_ff0e9157,1,0,1,1,1,0
case_c0503fe7,1,1,1,1,1,1
case_78638486,1,1,1,1,1,0
case_99b37dec,1,1,0,1,1,1
case_533c2333,0,1,1,1,1,1
case_8c9f4fe0,0,0,1,1,1,1
case_d4f2696a,1,0,1,0,1,1
case_dcc9b6e5,1,1,1,0,1,1
case_ae2d4b71,0,0,1,0,1,1
case_3148d5bf,1,0,1,1,0,0
case_fe8311bd,0,1,1,1,1,1
case_352f5b77,1,1,1,1,1,1
case_56c296fa,1,1,1,0,0,0
case_29ab0a48,1,1,1,1,1,1
case_78d8ad44,0,0,1,0,0,0
case_e1089b87,0,1,1,1,1,1
case_13afa0c4,1,0,0,1,1,1
case_112f518f,0,1,0,1,1,1
case_7590a2da,1,1,1,1,1,1
case_ed5d8104,1,0,1,1,1,1
case_88649c75,1,1,1,1,1,1
case_54e1930c,1,0,1,1,1,1
case_7d4ae889,1,0,1,1,0,0
case_c60455c1,1,1,1,1,1,1
case_94f1a4ce,1,1,1,1,1,1
case_5d0232f7,1,0,1,1,1,1
case_9e15eb2e,1,1,1,1,1,1
case_a10fdb50,1,1,1,1,1,1
case_6e4a8624,0,0,1,0,0,1
case_66dd3994,1,1,1,1,1,1
case_e8ccd6a3,1,1,1,1,1,1
case_8ff15580,0,0,1,1,1,0
case_e7a95731,1,0,1,0,0,1
case_7a1c5512,1,1,1,0,1,1
case_bb801a21,1,0,1,0,1,1
case_1d2aea89,1,0,1,1,0,1
case_956b784f,1,0,1,1,1,1
case_db667a9e,1,1,0,1,1,1
case_ec846134,1,1,1,0,1,0
case_17d13ea7,0,1,0,0,1,0
case_1891eae2,0,1,0,0,0,0
case_d0916308,0,1,1,1,1,1
case_d3c77c85,0,0,1,0,0,0
case_47ffb440,0,1,1,1,1,1
case_549075b9,1,1,1,1,1,1
case_9848332f,0,0,1,0,1,1
case_1b222852,1,0,1,0,1,1
case_35abefb1,1,0,1,1,1,1
case_bfff4716,1,1,1,1,1,1
case_897bb2df,1,1,1,1,1,1
case_d1bd5603,0,1,1,0,0,1
case_0765593f,1,1,1,1,1,0
case_57cbb475,0,0,1,1,0,0
case_1b844d42,0,0,1,0,1,1
case_6153c4e0,0,1,0,1,0,0
case_53373ce5,1,0,1,0,1,1
case_dd76dfb2,1,1,1,1,1,1
case_e7479bf2,0,1,1,0,1,1
case_4ff519b1,1,1,1,1,0,1
case_dec4a2fa,1,1,1,0,1,1
case_398075ff,1,1,1,1,0,1
case_d027696d,0,0,1,0,0,0
case_5afa20da,1,1,1,1,1,1
case_a905acb3,1,0,1,1,1,1
case_b3ce9f81,0,0,1,0,1,1
case_ba0e43a7,1,1,0,1,1,1
case_543715a0,0,1,1,1,1,0
case_1c2b203f,0,0,1,0,0,1
case_6dcb34c6,1,1,0,1,1,0
case_eaf717ee,1,0,0,1,0,0
case_4da2bf99,1,1,0,1,1,1
case_6f34a17a,0,0,1,1,0,1
case_2a21341f,1,1,1,0,1,0
case_f77230c6,1,1,1,1,1,1
case_ed380ebf,1,1,0,1,1,0
case_b43e6a2c,0,1,1,1,0,1
case_f5be51fe,1,1,1,0,0,1
case_c1cbc476,1,1,1,1,1,1
case_92e97df2,0,0,1,0,1,1
case_0631c557,0,1,0,0,0,1
case_b6af7f30,1,1,1,1,1,1
case_9dfda2cb,1,0,0,0,0,1
case_ba65dd1e,1,1,1,1,1,1
case_e53db774,0,0,1,1,0,1
case_2d6448bc,0,1,1,1,1,1
case_5c10849f,1,0,1,1,1,1
case_bffc994a,0,1,1,1,1,0
case_5b53d8a7,1,1,1,1,1,1
case_ddcf594a,1,1,1,1,1,1
case_3ddbad5c,1,1,1,1,1,1
case_0aff6446,1,1,1,1,1,1
case_9001b1d9,1,1,1,1,1,0
case_fba5e028,0,0,1,1,1,1
case_aa1f4c85,1,1,0,1,1,1
case_773801c8,1,1,1,1,1,0
case_76d34af3,1,1,1,0,1,0
case_c219d2b4,1,1,1,1,1,1
case_7adf9ed6,1,1,1,1,0,1
case_ec12eaeb,0,1,0,0,1,1
case_a902ef5f,0,0,1,1,1,1
case_a4a56fd5,1,1,1,1,1,1
case_c673c00e,0,0,0,1,1,1
case_5ca77a3c,1,1,1,1,1,1
case_6e068395,1,1,1,1,0,1
case_3451968f,0,1,1,1,1,1
case_48d7eb41,0,0,1,0,0,1
case_afc07c68,1,1,1,1,1,1
case_d62d310d,0,0,1,1,0,0
case_19069b65,1,0,1,1,1,1
case_d9450362,1,1,1,0,1,1
case_bd781224,0,0,1,0,1,1
case_c521177e,0,0,0,0,0,1
case_989dd2fd,1,1,1,0,0,0
case_3545377b,0,0,1,0,1,0
case_007e0793,0,1,1,1,1,1
case_3ed7c051,1,1,1,1,1,1
case_8075bb8f,1,1,1,1,1,1
case_30548c34,1,1,1,0,1,1
case_fb993eb2,1,1,1,1,1,1
case_07441cdf,1,1,1,1,1,1
case_bc79c2e3,1,0,1,1,0,1
case_ff88e717,0,1,1,1,1,1
case_a1ea091b,1,1,1,0,0,0
case_d0e48a17,1,0,0,1,0,1
case_d66f5ade,1,1,1,1,1,1
case_73d777ce,1,1,1,0,1,1
case_972ff21c,1,1,1,1,1,1
case_aa7a19cf,1,1,1,1,1,1
case_7c5d7b96,1,1,1,1,0,1
case_3cedff43,0,1,1,1,1,1
case_0a1ca115,1,0,1,1,1,0
case_e55ca7b0,1,1,0,1,0,0
case_09ae70f7,1,1,1,0,0,1
case_69996cda,1,1,1,1,1,1
case_2486afeb,0,0,1,0,1,0
case_211d4e18,0,1,1,1,1,1
case_1fa2c842,0,0,1,1,0,1
case_133a0698,1,1,1,1,0,1
case_3bd6a04d,1,1,1,1,1,1
case_4b3ca269,1,1,1,0,1,1
case_8ec73575,1,0,0,0,0,0
case_89c83094,0,1,0,0,1,1
case_b77ca109,0,1,1,0,1,1
case_e0b34699,0,0,1,1,1,1
case_29575dae,1,0,1,1,0,1
case_96e81507,1,1,0,1,1,1
case_2238f9d2,1,0,0,0,0,1
case_546670c8,1,1,1,1,1,1
case_92f74e03,0,0,1,0,1,0
case_d7553d10,1,1,0,1,1,1
case_2df31e5f,0,0,0,1,1,1
case_d3ee06a3,0,0,1,1,1,1
case_b8596521,1,0,1,1,1,1
case_063d74b9,0,1,1,0,0,1
case_ca8f11f7,1,0,1,1,1,1
case_bf251daf,0,1,1,1,0,1
case_c8597eb6,0,0,1,0,1,1
case_1d53bb97,1,1,1,0,0,1
case_d2586939,1,0,1,1,0,1
case_77d009c8,1,1,1,1,1,1
case_13c05e7c,0,0,1,0,1,0
case_d7c903ae,0,0,1,1,1,1
case_4d5996fe,1,1,1,0,1,1
case_5d4980fe,1,1,0,0,1,1
case_2df7e76e,1,1,1,1,0,1
case_7965753c,1,1,0,1,1,1
case_d690364a,0,0,1,1,1,0
case_b1fc7876,0,1,1,1,1,1
case_eedf19b6,1,1,1,1,1,1
case_ecf733f2,1,1,1,1,1,1
case_27a390f1,1,1,1,1,1,0
case_58298a0b,0,0,1,1,1,1
case_bf93843f,1,0,1,0,0,1
case_73cf6ed7,1,1,1,1,1,1
case_b8df0aa0,1,0,1,0,1,1
case_804d6dd1,1,1,1,1,1,1
case_e58a8f50,1,1,1,0,1,1
case_e5cebb26,1,0,1,1,1,0
case_cbe4971a,0,0,0,0,0,0
case_de1b28dd,0,0,1,1,1,1
case_661b6f04,1,0,1,1,1,1
case_c95aa0f7,1,0,1,1,1,1
case_7a39cc2b,1,0,1,0,1,1
case_35ae7403,1,0,1,1,1,0
case_8076c831,1,1,1,0,1,0
case_42774816,0,0,1,1,0,1
case_aa967bbb,1,1,1,1,0,1
case_0ab8c80a,0,0,1,0,0,1
case_bc6f19a9,0,0,1,1,1,1
case_a6e26a11,1,1,1,1,1,1
case_de4b6667,0,1,1,1,1,1
case_01c7b0e8,1,1,1,0,1,1
case_192368f6,1,1,1,1,0,1
case_531f4540,0,0,1,1,1,1
case_0ea96d65,1,1,1,1,0,1
case_6566da47,0,0,1,0,1,1
case_a32c14d8,1,0,1,1,1,1
case_9e2ca733,1,1,1,1,1,1
case_ddd251c6,0,1,1,1,1,1
case_30301755,1,0,1,1,1,1
case_9f193eef,0,1,1,0,1,1
case_4fe5f670,1,1,1,0,1,1
case_d19fc90f,0,0,1,1,1,1
case_250b605c,1,0,1,0,1,1
case_4258a1dc,0,1,1,1,1,1
case_0d02cac4,1,1,1,1,1,1
case_a9de4cf1,0,0,1,1,0,1
case_d93323c6,1,1,1,0,1,1
case_92183a4f,0,1,1,1,1,1
case_93870517,0,1,1,1,1,1
case_62440c0e,0,0,0,0,1,1
case_30d336bd,0,1,1,1,0,1
case_780c614f,1,1,1,1,1,1
case_04c053e9,1,0,0,1,1,1
case_64730cbd,0,0,1,1,1,1
case_6e4d7ced,0,1,1,1,1,1
case_656cfb34,1,1,1,1,1,1
case_2a0745ab,1,0,1,1,1,1
case_3542138b,1,1,1,1,1,1
case_df066085,1,0,1,0,1,1
case_6ffe7197,1,1,1,1,1,1
case_2183ee60,0,0,1,0,0,1
case_e9623f14,1,1,1,0,0,1
case_308aa7e9,1,1,1,1,1,1
case_53d0f402,1,1,1,1,1,1
case_3926c9e9,0,1,1,0,1,1
case_85bd9079,1,1,1,1,1,1
case_3c42328b,1,0,1,1,1,1
case_e19d1f65,1,1,1,1,1,1
case_1be44b44,1,1,0,1,1,1
case_6a883690,1,1,1,1,1,1
case_9f2cf172,0,1,1,1,1,1
case_69a2430f,0,1,1,0,0,0
case_aa8f209a,0,0,1,1,0,0
case_10ace2a1,0,0,1,1,1,1
case_e45d31a2,0,1,1,1,0,1
case_c50f77ae,0,1,1,0,1,1
case_9e7b7398,1,1,1,1,1,1
case_7cb1984f,0,0,1,1,0,1
case_9dd4da4c,0,0,1,0,1,0
case_25e1d9f7,0,0,1,0,1,1
case_3fcb6993,1,1,1,1,1,1
case_77644864,1,0,1,1,1,1
case_f6a49752,1,0,1,0,1,1
case_c7f20cff,0,0,0,1,1,1
case_5df4b48c,1,1,1,1,1,1
case_bd13e88f,0,0,1,1,1,0
case_7916f24f,1,1,1,1,1,1
case_f387fdb2,1,1,1,1,0,1
case_da36ca13,0,1,1,0,1,1
case_825f03cb,1,0,0,0,0,1
case_ffcc1490,1,1,1,0,0,1
case_d48fb585,1,1,1,1,1,1
case_98ef81bf,1,1,1,0,1,0
case_4a2ec869,0,0,1,1,0,0
case_6726824b,1,0,1,1,1,1
case_a5aa6a51,0,1,1,0,0,0
case_2b62dd63,0,0,1,0,1,1
case_e54833fb,0,0,1,0,0,1
case_20ea947e,1,0,1,1,1,0
case_be52d15e,1,1,1,1,1,1
case_119eb696,1,0,1,1,1,1
case_83c68a5a,1,1,1,1,1,1
case_3709bdd0,1,0,1,1,0,0
case_3bf0667e,1,0,1,1,1,1
case_4db11e77,1,1,1,1,1,1
case_2cd70564,1,1,1,1,1,1
case_b2a0f8c0,1,0,1,0,1,1
case_2c6c6fb6,1,0,1,0,0,1
case_327c19c1,1,1,1,1,0,1
case_fee82f84,1,1,1,0,1,1
case_3b876374,1,1,1,1,1,1
case_1f47ac9b,1,1,1,1,1,1
case_c9f9721f,0,0,1,0,0,1
case_f289cfad,1,1,1,1,1,1
case_6a2d6f56,0,0,1,1,0,1
case_f094501d,0,1,1,0,1,1
case_1da6ecd1,1,1,1,1,0,0
case_27af32e6,0,1,0,1,1,1
case_9e839ad0,1,1,1,1,1,1
case_b3929365,1,0,1,1,1,1
case_4fdf4cac,1,1,1,0,0,1
case_01e857b0,0,0,1,1,1,1
case_496929c3,1,0,1,0,0,1
case_e7048012,1,0,1,1,0,0
case_89ea3e83,1,1,1,1,1,1
case_fa0e9484,1,1,1,0,1,1
case_a51b524e,1,1,1,0,1,1
case_0ddccfa8,0,0,1,1,1,1
case_8744ffbf,1,1,1,1,1,1
case_b4d578ae,1,0,1,1,1,1
case_328d7495,1,1,1,0,1,1
case_afa98828,1,1,1,1,1,1
case_c2984fa9,1,1,1,1,0,1
case_56118f27,1,1,0,0,0,1
case_a1195093,1,1,1,1,0,1
case_e7b7f57c,1,1,1,1,1,1
case_ac5286c0,0,1,1,1,1,1
case_f9c2108d,0,1,0,0,0,1
case_db7fd190,1,0,1,0,1,1
case_32629f4a,1,1,1,0,1,0
case_0cc7c476,1,0,1,1,0,1
case_b98db8b9,0,0,1,0,0,1
case_216c3884,1,1,1,1,1,1
case_5614bb3e,0,1,1,1,1,1
case_cf3a04a6,0,0,0,1,0,0
case_2dccf6b1,0,1,1,1,0,1
case_25cf97ea,1,1,0,1,1,1
case_aa06ec78,0,1,1,0,1,0
case_31e7b628,1,0,1,0,0,1
case_79bfc57a,0,0,1,1,0,1
case_83d451d4,1,1,1,0,0,1
case_647b6566,0,0,1,1,0,1
case_f408b94a,0,1,1,0,1,0
case_817321b9,1,1,1,0,1,1
case_429413cb,1,0,1,1,1,1
case_49ec60e7,0,1,1,1,1,1
case_8a5ff1ea,1,0,1,1,1,1
case_9c41471b,0,1,1,1,1,1
case_ec381a52,1,1,1,1,1,0
case_d9a56ec0,1,0,1,1,1,1
case_615b3d1b,1,1,1,1,1,1
case_dc74ee43,0,0,1,0,0,1
case_f255ae84,1,1,1,0,1,1
case_79e0c907,1,0,1,0,1,1
case_00c41c6e,1,1,1,1,0,1
case_1d6031cc,1,0,1,1,1,1
case_05888a19,1,0,1,1,1,1
case_2fb2630a,1,1,1,1,1,1
case_453221a6,0,0,0,0,1,0
case_6b03305b,1,0,1,1,1,1
case_7191e4cd,1,1,1,1,1,1
case_1341a7f9,0,0,1,0,1,1
case_3ece7bd3,1,0,1,1,1,1
case_7efa149e,1,1,1,1,1,1
case_d7fe5ed8,1,1,1,1,1,1
case_e503843b,1,0,1,0,1,1
case_aa9b992e,1,0,1,1,0,1
case_b8e15df5,1,0,1,1,1,1
case_0a90f11b,0,1,1,0,1,1
case_542e77de,1,1,1,1,1,1
case_b18fc74f,1,1,1,1,0,1
case_ce5cd650,1,1,1,1,0,1
case_6f074bbe,0,0,0,1,1,0
case_7a8ac32c,0,0,1,1,1,1
case_6740f959,1,1,1,1,1,1
case_8c718002,1,1,1,1,1,1
case_f46d389f,1,1,1,1,1,1
case_e53d7b0a,1,1,0,1,1,1
case_6c50c7e9,0,0,1,1,0,1
case_c4e42258,1,1,0,0,1,1
case_5d09c152,1,1,1,1,1,1
case_e8e61e58,0,0,1,1,1,1
case_e8036dc2,1,1,1,1,1,1
case_c931f01b,0,0,1,0,0,1
case_f4418f80,0,1,1,1,0,1
case_9888068e,1,1,1,1,1,1
case_0e5eab85,1,1,1,1,1,1
case_b01904c2,0,0,1,1,0,0
case_a12c1524,0,0,1,1,1,1
case_cfd06b6f,1,1,1,1,1,1
case_e2fae0c3,1,1,1,1,1,0
case_d39820ee,0,1,1,1,1,0
case_583bc0b2,1,1,0,1,1,1
case_5e74b5fa,0,0,1,1,1,0
case_e07c8431,0,1,1,0,1,1
case_1cdef05b,1,0,0,1,1,0
case_a7852fea,0,0,1,1,0,0
case_40b212e8,0,1,1,1,1,1
case_25a928f7,1,0,1,0,1,1
case_3bd591e6,1,1,1,1,1,1
case_1841b707,1,1,1,1,1,1
case_80a2d863,0,0,1,0,0,1
case_a7334048,0,0,1,1,1,1
case_cac4e49f,1,1,1,1,0,1
case_15529673,0,0,1,1,1,1
case_7c1f7ad9,1,0,1,1,1,1
case_5948b64a,1,1,1,1,1,1
case_6c4f9f5a,1,1,1,1,1,1
case_436ade0c,0,0,1,0,0,1
case_5f4fd774,0,0,1,1,1,1
case_a9c5b322,0,0,1,1,1,1
case_a6695b63,1,1,1,1,1,1
case_a3995f9b,1,0,1,1,1,1
case_b138ec85,1,0,0,0,1,1
case_6d08f5c5,1,0,1,1,1,1
case_31ac1c0d,0,0,0,0,0,1
case_2024b168,1,1,1,0,1,0
case_faf1878b,0,0,1,0,1,0
case_b5d347bb,1,1,1,1,1,1
case_3c69b6c1,1,0,1,1,0,1
case_6d0bc534,0,1,1,1,1,1
case_6f212eb5,1,0,1,0,1,0
case_7a59d1bf,1,1,1,1,1,0
case_5cc917e2,1,0,1,0,1,1
case_276bacd6,1,1,1,1,0,1
case_fa4e0017,1,1,1,1,1,1
case_6f7d1301,1,1,1,1,1,1
case_e248ab62,1,0,1,1,0,1
case_aeb7ca46,1,1,1,1,1,1
case_1f9499a6,1,1,1,1,1,1
case_c0bc9356,0,0,1,1,0,1
case_6feebead,0,0,1,1,1,1
case_6d363848,0,1,1,1,1,1
case_24f5f361,1,1,1,1,1,1
case_62050739,1,1,1,1,0,0
case_9fd9dac3,1,1,1,0,0,1
case_74e1322f,1,1,0,1,1,1
case_6db0e10c,1,1,1,1,1,1
case_176cac6f,0,1,1,1,1,1
case_a0f7d1aa,0,0,1,1,1,0
case_25ed379d,0,0,1,0,0,1
case_b4c3f503,1,1,1,1,1,1
case_65a56199,0,0,1,1,1,0
case_ecb52457,0,1,1,1,1,1
case_bbddc4ef,0,1,1,0,1,1
case_c04bd6c3,0,0,1,0,0,1
case_93f6f7c3,0,1,1,1,0,1
case_77fb7872,0,1,1,1,1,1
case_85fc1c12,1,0,1,1,1,1
case_f89020d2,1,1,1,1,1,1
case_997753ed,0,1,0,1,0,1
case_32604a15,0,1,1,1,0,0
case_787fc816,1,1,1,1,1,1
case_65739dce,1,1,1,1,1,1
case_55fd31c1,0,0,1,1,0,1
case_5d4e18e8,1,0,1,1,1,0
case_c9ece471,1,1,1,1,1,1
case_a85676be,0,0,1,0,1,1
case_efc85c89,1,0,1,0,1,1
case_3cf84d3b,1,1,1,1,1,1
case_517aa52c,1,1,1,1,1,1
case_c20ad1a2,1,0,1,1,1,1
case_9f4e58c8,0,1,1,0,1,0
case_f6216171,0,1,1,0,1,1
case_a82aca2e,0,0,0,0,1,0
case_681768d2,1,1,0,1,1,1
case_add21abf,0,0,1,0,1,1
case_f3d16b44,1,0,1,1,1,0
case_55c6c714,1,1,1,1,1,1
case_8cb8cbe1,1,0,1,1,0,1
case_b9043dbd,1,0,1,0,1,1
case_0f445c12,1,1,1,1,1,1
case_11fa7329,1,1,1,1,1,1
case_a5569945,1,1,1,1,1,1
case_6b7c5a6a,1,1,1,1,1,1
case_e730fb51,0,0,1,1,0,1
case_a49d88cd,1,1,1,1,1,1
case_8895a78b,0,1,1,1,1,1
case_0efad367,0,1,1,0,1,1
case_2d4c7fa5,1,1,1,1,1,1
case_479a28fe,0,0,1,1,0,1
case_79d09f03,1,1,1,0,1,1
case_d594da8f,1,1,1,1,1,1
case_b57b4f18,1,1,1,1,1,1
case_f52fcc3b,0,1,1,1,0,1
case_18e04c49,1,0,1,0,1,1
case_add06db2,1,1,1,1,1,1
case_fa6bf679,1,1,0,1,1,1
case_49de3cb8,0,1,1,0,1,1
case_609ee4cc,0,0,1,1,0,1
case_6a3abb74,1,0,1,1,1,1
case_f05f2d72,0,0,1,1,1,1
case_2f6ad2c7,1,1,1,0,1,1
case_302401d2,0,0,0,1,1,1
case_aca9579b,1,1,1,1,0,1
case_c7ce2237,1,1,1,1,0,0
case_b18e2dce,1,1,1,1,1,1
case_cc8791c9,1,1,1,1,1,1
case_26ad0896,1,0,1,0,0,1
case_e850b0be,0,1,1,1,0,1
case_82ca31e1,0,1,1,1,1,0
case_4ed692f1,1,0,1,0,1,1
case_60c84cb2,1,1,1,1,0,1
case_b75dfa1e,1,1,1,1,1,1
case_67efa26e,0,0,1,0,1,1
case_1f948e7e,1,1,1,1,1,1
case_94c39a66,0,0,1,0,1,1
case_1ea218ce,1,1,1,1,1,1
case_351fb87f,1,1,1,1,1,1
case_0e2d8a02,0,1,1,1,1,1
case_06efca58,1,1,1,1,1,1
case_f99af0aa,0,0,1,1,1,1
case_73199dd8,1,1,1,1,1,1
case_c401d8ce,1,1,0,0,1,1
case_229000fa,0,0,1,1,1,1
case_1f57197c,0,0,1,1,0,1
case_d8bfb716,0,1,0,1,0,1
case_72f4dcf1,1,1,1,1,1,1
case_4063b87b,0,0,1,0,1,1
case_8f6620b0,1,1,0,1,0,1
case_31b91ca4,1,1,1,1,1,1
case_87a05b4f,0,1,1,1,1,1
case_42c628c4,1,1,1,1,1,1
case_8a91c0a6,1,1,1,1,1,1
case_28acd772,0,1,1,0,0,1
case_fc686bd9,0,1,1,1,1,0
case_3cfe72d6,0,0,1,0,0,1
case_3d2ba29e,0,0,1,1,1,1
case_8bf2a30e,1,0,1,0,1,1
case_5bfa5109,1,1,1,1,1,1
case_7d3ea00b,1,0,1,1,1,1
case_79f15edf,0,1,1,1,1,1
case_3a434ca9,1,0,1,1,1,1
case_3e55b541,1,0,1,1,1,1
case_1c487590,1,1,0,0,1,0
case_02cc6a39,1,1,1,0,1,0
case_c619ca5b,1,0,1,1,1,0
case_11994d40,1,0,1,1,1,0
case_dab24582,1,0,1,0,1,0
case_bc40ae0f,1,1,1,1,1,0
case_f384e756,0,1,1,1,1,1
case_cc4aa850,1,1,0,1,0,1
case_1da2c2b5,0,0,1,1,1,1
case_e53904bc,0,1,1,1,0,1
case_bc1b3847,0,0,1,1,1,1
case_06a0dfe6,0,0,1,1,1,1
case_fedf21c5,1,1,1,0,1,1
case_736984ac,0,0,1,0,0,1
case_f3053c36,1,1,1,1,1,1
case_b6137690,1,1,1,1,1,1
case_b716565c,0,0,1,1,0,1
case_9c79aa2f,1,0,1,0,1,1
case_9bb845de,1,1,1,1,1,1
case_119262c5,0,1,1,1,1,1
case_add6e0d2,1,1,1,1,1,1
case_d1914871,1,1,0,1,1,1
case_578a090f,1,0,0,1,1,1
case_382f33c7,1,0,1,1,1,1
case_e9872b8c,1,1,1,1,1,1
case_b1b30891,1,1,1,0,0,1
case_f2d50e01,1,0,1,1,1,1
case_28e39fcc,1,0,1,1,0,1
case_10440764,1,1,1,1,0,1
case_097dbc0b,1,1,1,1,0,1
case_ce53bc86,1,1,1,1,1,1
case_99db447b,0,1,1,1,1,1
case_edcd19a3,0,1,1,1,1,1
case_09bb0283,1,0,1,1,1,1
case_096967fc,0,0,1,1,0,1
case_a7f1bf96,0,1,1,1,1,1
case_ee0306b8,0,1,1,0,1,1
case_2bb5fff4,0,0,1,0,1,0
case_898d8cae,0,1,1,0,1,0
case_a7e30588,1,1,1,1,1,1
case_16572efe,0,0,1,1,1,1
case_b110dfc0,1,1,1,1,0,0
case_15dee30f,0,1,1,0,0,1
case_cf2c831c,0,0,1,0,1,1
case_5091e523,0,0,1,0,1,1
case_95b54062,1,1,1,1,1,1
case_6d048460,1,0,0,0,0,1
case_e5aeca48,0,1,1,1,1,1
case_4f0de655,1,1,1,0,1,1
case_c3378fe9,1,0,1,1,0,1
case_2adfa9d7,1,0,0,0,0,1
case_a3853c41,1,1,1,1,1,1
case_de603f4c,1,1,1,1,1,1
case_229fbe1f,1,1,1,1,1,1
case_3dd98b27,1,1,1,1,1,0
case_bf4527d8,0,0,0,1,0,1
case_21630b92,1,1,1,1,1,1
case_c1f641c9,0,0,1,0,0,1
case_cdcfac07,1,1,1,1,1,1
case_93a2140c,0,0,0,1,0,1
case_248a44e1,1,0,1,1,0,1
case_9c6006c8,1,1,1,1,1,1
case_ad91609d,0,0,1,0,0,1
case_e60aae0e,1,0,1,1,1,0
case_b2aee90e,0,1,1,0,1,0
case_320a0765,0,1,0,0,0,1
case_f99e09ed,0,0,1,1,0,1
case_914436dc,0,1,1,1,1,1
case_1879f034,0,1,1,1,1,1
case_b36c7310,0,1,1,1,0,0
case_c6d07c39,0,0,1,0,1,1
case_9fdeadd6,0,0,0,1,1,0
case_88285a74,0,0,1,0,1,1
case_7740af8a,1,0,0,0,1,1
case_77fdce05,1,1,1,0,1,1
case_44f1aa4d,1,0,1,1,0,1
case_0d6fbf2e,1,1,1,1,1,1
case_c37673d5,1,0,1,1,1,1
case_7d8bf501,1,1,1,1,1,1
case_17cb90c4,0,1,1,1,1,1
case_83293997,1,1,1,1,1,1
case_6dfd999a,0,0,0,0,1,1
case_318f4d10,1,1,1,1,1,0
case_69e4797a,1,0,1,1,1,0
case_2c708d0c,0,1,1,1,1,0
case_4be77f05,1,1,1,1,1,1
case_31ffb32f,1,0,1,0,1,1
case_a8714747,0,0,1,0,0,1
case_ab480538,1,0,1,1,1,0
case_156e00f1,0,1,1,0,0,0
case_54c172df,1,1,1,1,1,1
case_f351a0db,0,0,1,1,1,1
case_b6d7b349,1,1,1,1,1,1
case_91384094,0,1,1,1,1,1
case_9288255d,0,1,0,0,1,1
case_06339781,1,1,1,0,1,0
case_64f35db2,0,0,0,0,1,0
case_a8e80cfa,0,1,1,1,1,1
case_31ac4e7d,0,1,1,0,1,0
case_6744d9e1,1,1,1,1,0,1
case_720b283e,0,1,1,0,1,1
case_32309f2b,1,0,1,0,0,1
case_0e25d7a0,0,1,1,1,1,1
case_17f09fba,1,1,1,1,1,0
case_aab562d5,1,0,1,0,0,1
case_dbd747bd,1,1,1,0,1,1
case_f870dec1,0,1,0,0,0,0
case_6615bb16,0,0,1,1,1,1
case_2d4732e3,0,0,1,0,1,0
case_2e1dd1c2,1,1,1,1,1,0
case_acb389ec,0,0,0,1,0,1
case_77603587,1,1,1,1,1,1
case_e9d75465,1,1,1,0,1,1
case_58474eda,1,1,1,1,1,1
case_6d8f6a53,1,1,1,1,1,1
case_a900916e,1,1,1,1,1,1
case_8e6ef7e4,1,1,1,1,1,1
case_cab3a10b,0,0,1,0,1,0
case_f6cb98db,0,1,1,1,1,1
case_f35a233a,1,1,1,1,1,1
case_7e868fba,1,1,1,1,1,0
case_371163f9,1,1,1,1,1,0
case_d1f0e0c6,1,1,1,1,1,1
case_50f08377,0,0,1,1,1,1
case_b8045fab,0,0,1,0,1,1
case_b6e88072,0,0,1,0,1,0
case_a982dc7f,0,1,1,1,1,1
case_829d98de,0,1,1,0,1,1
case_bce78d83,0,1,1,1,1,1
case_ad860d39,1,0,1,1,1,1
case_875ec633,0,0,1,1,1,1
case_afca5a5a,1,1,0,1,1,1
case_347c6a8b,1,0,1,1,1,1
case_52d2da6f,1,1,1,1,1,1
case_a4bed772,0,1,0,1,1,0
case_99c8677a,1,0,1,1,1,0
case_0f96f336,1,1,1,1,1,1
case_d0b4c7f0,0,1,1,1,1,0
case_a4b0a4fb,1,1,1,1,1,1
case_e7c5cbce,1,1,1,1,1,1
case_5c9dafa2,1,1,1,1,0,1
case_ec830ff9,1,1,1,1,0,1
case_dec7c840,1,1,1,0,0,1
case_01f2745c,0,1,1,0,1,1
case_93d4d5d6,0,0,1,1,1,1
case_8fe28fb4,1,1,1,1,1,1
case_ef16f719,1,0,1,1,1,0
case_5661f8d3,1,1,0,0,1,1
case_7dafb13c,1,0,1,1,1,1
case_77cdb075,1,1,1,0,1,1
case_fbc5a0cc,0,1,1,1,1,1
case_ae1d7cd2,0,0,1,1,1,1
case_34d761bb,1,1,1,1,0,1
case_c39551c6,1,0,1,1,1,1
case_41b6f4c7,1,1,1,1,1,0
case_8e0f8ef0,1,1,0,0,0,0
case_e6447f53,1,0,1,0,0,0
case_788fe38f,1,0,1,0,0,1
case_2dc8491f,1,1,1,1,1,1
case_a382267e,0,1,1,1,1,1
case_bb250b30,0,0,1,1,0,1
case_b5355547,0,0,1,1,1,1
case_12f3d9ca,1,1,1,0,1,1
case_d0e60827,0,0,1,1,0,1
case_33df27cd,1,1,0,0,0,1
case_e28ac04a,1,0,1,1,1,0
case_63993c68,0,0,0,1,1,0
case_245f9aea,1,0,1,0,1,1
case_c5188501,0,1,1,1,1,1
case_37ae877e,1,1,1,1,1,1
case_a1ae2410,1,0,1,0,1,1
case_85b6886b,0,1,1,1,1,1
case_fd28659b,1,1,1,1,1,0
case_7b43c5b6,1,1,1,1,1,0
case_96cba49b,0,0,1,1,1,1
case_030bfffe,1,1,1,1,1,1
case_303f02fe,1,1,1,1,1,1
case_49f42929,1,0,1,1,1,1
case_bdc85d85,0,0,0,0,1,1
case_0c4fcaf8,0,1,0,0,0,1
case_29ef312a,0,1,1,1,1,0
case_fb2ce1d7,1,0,1,1,0,1
case_7f1fe4ca,1,0,1,0,1,1
case_2b20f998,0,0,1,1,1,1
case_c3221f2f,1,0,1,1,1,0
case_62f4b98f,0,1,1,1,1,1
case_fdb0b0f0,1,1,1,1,1,1
case_46c05faf,0,0,1,0,0,1
case_b06ac937,1,1,1,0,1,1
case_016459bd,1,0,1,0,1,1
case_828b4c36,1,1,1,1,1,1
case_49388dfc,1,1,1,1,1,1
case_bdcfc854,1,1,1,1,1,1
case_7991ad0b,0,0,0,0,0,0
case_95844e25,1,1,1,1,1,1
case_017f12ea,1,0,0,0,0,1
case_87c74eaa,0,0,1,1,1,1
case_358c10af,0,1,0,0,0,0
case_eb592695,1,1,1,1,1,1
case_01efca74,1,1,1,1,0,1
case_4044b6bd,0,0,0,0,0,0
case_e6a902af,0,0,1,1,1,1
case_ed1d6df7,0,0,1,1,1,1
case_89539f93,0,0,0,0,1,1
case_4f6e04dd,0,0,1,1,1,1
case_fb93f394,1,1,0,1,1,0
case_ce4301ce,0,1,1,1,1,1
case_560f01b7,1,1,1,1,1,1
case_60cdb8d1,0,1,1,1,1,1
case_3cb6a132,1,0,1,1,1,1
case_946c4fe8,0,1,1,1,0,1
case_518e9db1,0,1,1,1,1,0
case_e8aaf052,0,1,0,1,1,1
case_d108ef07,1,1,1,1,0,1
case_b2efadae,1,1,1,0,1,1
case_a60f6e59,0,0,1,1,1,1
case_77c3a943,1,1,1,0,1,1
case_78a7c2c9,1,0,1,1,1,1
case_93faf99c,1,0,1,0,1,0
case_dcd6ff5d,1,0,1,0,1,0
case_ecbbbfae,0,1,1,0,1,1
case_4c80fd63,1,1,0,0,0,0
case_93bd67da,1,1,1,1,1,1
case_ea26d01f,1,1,1,1,0,0
case_2baf2c97,1,1,1,1,1,1
case_65834475,1,1,1,1,0,0
case_3407a578,0,0,0,0,0,1
case_ea69c24a,0,1,1,0,0,0
case_29e1447f,1,1,1,1,1,1
case_a8c2ba7f,0,0,1,0,0,0
case_ee49ccd0,0,1,1,0,0,1
case_20913a22,1,1,1,1,1,1
case_24512933,1,1,1,1,1,1
case_89f18c25,1,0,1,1,0,0
case_1e335b53,1,1,1,1,1,1
case_cc5b0812,0,0,0,0,0,1
case_a55dd380,1,1,1,0,0,0
case_e96c273f,1,1,1,0,0,1
case_92524ac4,1,0,1,1,1,0
case_308f0a9a,1,0,1,1,1,0
case_04df38c5,1,0,1,1,0,1
case_68ec761a,1,1,1,1,1,1
case_2e9f79e2,1,1,1,1,0,1
case_1b195cb6,0,0,1,0,0,0
case_5c3c5636,0,1,0,1,1,1
case_e17e7ae9,1,0,1,0,1,1
case_566c1856,0,1,1,1,1,1
case_204bce76,0,1,1,1,0,1
case_8201ba26,0,0,0,0,0,1
case_f3be4533,1,1,1,1,1,1
case_9c4f387f,1,1,1,0,1,1
case_54df2279,1,1,0,1,1,1
case_87177eb7,1,0,1,1,1,1
case_29302187,0,1,1,1,0,0
case_e07cac63,0,0,1,0,1,0
case_49187eaf,0,0,1,1,1,0
case_d6b43acd,0,1,1,1,0,1
case_fa00f752,1,0,0,1,0,1
case_8141d4a1,1,1,1,1,1,1
case_2d4dac0b,1,0,1,1,1,0
case_a6a609f0,1,1,0,1,1,1
case_14709814,1,0,1,0,0,1
case_660fe7b7,0,1,0,1,1,1
case_f57bda20,1,0,1,1,0,1
case_bd26b51a,0,1,1,0,1,0
case_c27ac562,0,0,1,0,0,1
case_24c3cc41,1,1,1,1,1,1
case_24d827da,0,0,0,1,1,1
case_35732119,1,0,1,0,1,1
case_bde1be27,1,1,0,1,1,1
case_cc63c9f9,1,0,1,1,0,1
case_43fca1ac,0,0,1,0,1,0
case_f22f20c8,0,1,1,1,1,1
case_acc38330,1,1,1,1,1,0
case_fce223fa,1,0,0,0,1,0
case_79cd1430,0,0,1,1,1,1
case_421191b3,1,0,1,1,1,0
case_8d05868c,1,0,1,1,1,1
case_31d28aa3,0,0,1,0,1,0
case_75abb1e1,0,0,1,1,0,0
case_fa30cb20,1,1,1,1,1,1
case_4794d3ed,1,1,1,1,1,1
case_869f6c1b,1,1,1,1,1,0
case_02252caf,0,1,1,0,0,1
case_e66ceb73,1,1,1,1,1,1
case_4d37d0a4,1,1,1,1,1,1
case_52ecb23f,1,0,1,0,1,1
case_8e062226,1,1,1,1,1,1
case_ab1b9f5c,1,1,1,1,1,1
case_9ab59b42,0,1,0,1,1,1
case_b60d354f,1,1,1,1,1,0
case_d4b1c89e,1,1,0,1,1,1
case_1cfaaf6d,1,1,1,0,1,1
case_00b8010f,1,1,1,1,1,1
case_8e4c1250,0,1,1,1,1,1
case_d8e972e8,1,1,1,1,0,1
case_e9ecd1f5,1,0,1,1,1,1
case_c3e10298,1,1,1,1,0,1
case_939b40b2,1,0,1,1,1,1
case_0cbd20c5,0,0,1,0,1,0
case_b764b4d9,0,0,1,1,1,1
case_dffad06a,0,0,1,1,1,0
case_20e872a5,0,0,1,0,0,0
case_beb539be,1,0,1,0,1,1
case_eb0ba6c6,1,1,1,0,1,1
case_3d7fe622,1,1,1,1,1,1
case_19fe27d8,0,1,0,0,0,1
case_bedfeed3,1,1,0,1,0,0
case_76baf905,1,1,1,1,0,0
case_9e61bca6,0,1,1,0,1,1
case_cacf5823,0,0,1,1,0,1
case_e9dc2928,1,1,1,1,1,1
case_6c44c97b,1,0,1,1,0,0
case_cf4a54f6,0,1,1,1,1,1
case_1842e77b,1,0,0,1,0,0
case_0199b76c,0,1,1,1,1,0
case_0216464e,0,0,1,1,0,1
case_75581053,0,1,0,1,1,1
case_675d86ce,1,0,1,0,0,1
case_95b6e3d4,1,1,1,1,1,0
case_109ef05e,1,1,1,1,1,1
case_aa959b3b,1,0,0,1,0,0
case_df312b1f,0,1,1,1,1,0
case_bb26798f,1,1,1,0,0,1
case_c68def6a,0,0,0,1,1,0
case_9d958353,0,1,1,1,0,1
case_dbff8f0c,1,0,1,1,1,1
case_dc301c80,0,1,1,1,0,1
case_935e0212,1,0,1,1,1,0
case_43bbb806,1,0,1,1,1,0
case_6d41d278,1,0,1,0,1,1
case_dbd8c22e,1,1,1,1,1,1
case_0416d75d,1,1,1,0,1,1
case_35bca9a8,0,1,1,1,1,1
case_e11c0173,1,0,1,1,1,0
case_119f59a6,1,0,1,1,1,1
case_0b136d7c,0,1,1,0,1,1
case_d3bb69d3,0,0,1,1,1,1
case_1c37c417,1,1,1,1,1,1
case_9263aef1,0,0,1,1,1,0
case_f8289c5a,1,1,1,1,0,1
case_6ecc17ea,1,1,1,1,1,0
case_0d98eb38,1,0,1,1,1,1
case_ba21a795,1,1,1,1,0,1
case_982ce8ab,0,0,1,0,0,0
case_a21dc1d7,1,1,1,1,1,1
case_2a9cb866,0,1,0,0,1,0
case_07f15e56,1,1,1,1,0,1
case_635a4a24,0,1,1,1,1,1
case_57054d76,0,0,0,0,0,1
case_75ecfaca,1,1,1,1,1,1
case_afe5bef6,0,1,1,1,1,1
case_03cdf4f8,1,1,1,1,1,1
case_cc96fee0,1,1,1,1,1,1
case_6dc6dd8c,1,0,1,1,0,1
case_0ac85569,0,0,1,1,1,1
case_48c86f2c,0,1,1,1,1,1
case_05a39fc1,0,0,1,1,1,1
case_9676c242,0,0,1,1,0,0
case_a3289be4,1,0,0,1,1,1
case_86ee984a,0,0,1,1,0,1
case_0cad2f1f,1,1,1,1,0,1
case_9e36b327,0,1,1,1,1,1
case_9aa8bb44,1,0,1,1,1,1
case_b96b1432,0,1,0,1,1,1
case_0b290531,1,0,1,0,0,1
case_68138a4c,1,1,1,1,1,1
case_c08a3544,1,0,1,1,0,1
case_abd4e8c5,1,1,1,1,0,1
case_6ba38026,0,1,1,1,1,1
case_d0b8ea28,1,1,1,1,1,0
case_05426800,0,1,1,1,1,1
case_c3c8685c,1,1,1,1,1,1
case_169a0ac0,0,1,1,1,1,1
case_323ada69,1,0,1,1,1,1
case_d544e015,0,0,1,1,1,1
case_9494b705,1,0,1,1,1,0
case_d22aa724,1,1,1,1,1,1
case_0ee26ae4,1,1,1,0,1,1
case_19e08bc2,1,0,1,1,1,1
case_2a1016c1,1,1,1,1,1,1
case_6fe936af,1,1,1,1,1,1
case_4dcf4991,0,0,1,1,1,1
case_85086df7,0,1,1,1,0,1
case_27039441,1,1,1,1,1,1
case_13ce5155,1,0,1,1,1,1
case_ba98138a,1,1,1,1,1,1
case_d8298dd4,1,1,1,0,1,1
case_137ffceb,1,1,1,1,1,1
case_7ff820e5,1,0,1,1,1,0
case_fb9cf1a9,1,1,1,0,1,0
case_b8f356ee,0,1,1,1,1,1
case_3d79de0c,1,1,1,1,1,1
case_ced7dd29,0,0,0,0,0,0
case_7cec60f5,1,0,1,1,1,1
case_105b4754,1,1,0,1,1,0
case_467179b0,1,1,1,1,1,0
case_36333bda,1,1,1,1,1,1
case_51cc37cc,0,0,0,1,0,1
case_75421562,1,1,1,1,1,1
case_1e791a1c,0,0,1,1,1,1
case_350d428f,1,0,1,0,1,0
case_9776cfef,1,1,1,1,1,1
case_06cbe5e1,0,0,1,1,0,1
case_ef8bf982,0,1,1,0,0,0
case_2767e758,0,0,0,1,1,1
case_9f6998f8,1,1,1,1,1,1
case_73003ee2,0,0,1,0,1,1
case_127b627d,1,1,1,0,1,1
case_b62b6e17,1,1,1,1,1,1
case_fe153753,0,0,1,1,0,1
case_2f289c6f,1,1,1,1,1,1
case_cf169e92,1,1,1,1,1,1
case_d7602369,0,1,1,0,1,1
case_0999abbc,0,0,1,1,0,0
case_2c7a461a,0,0,1,1,1,1
case_79cd4f19,1,1,1,1,1,1
case_2141b039,0,0,0,0,0,1
case_aec2a689,1,0,1,1,1,1
case_571ec5de,0,1,1,1,0,1
case_7bb21163,1,0,1,1,0,1
case_7fd3ba23,0,1,0,1,1,1
case_601edb51,0,1,1,1,1,1
case_1b39dd25,1,1,1,1,1,1
case_25d37b73,1,1,1,1,1,1
case_a937ccbb,0,1,1,0,1,1
case_819d84f5,1,1,1,1,1,1
case_3b3044d4,0,0,1,0,1,1
case_18e32714,1,1,1,1,1,1
case_96c3ddcd,1,1,1,1,1,1
case_930276b8,1,0,1,1,1,1
case_eb495fab,0,0,0,1,0,1
case_6de5b5ee,1,1,1,1,1,1
case_c4f7ff22,0,1,1,1,0,0
case_3e96a5d2,1,1,1,1,1,1
case_25e3eaf7,1,1,1,1,1,1
case_8c93fa87,1,0,1,1,1,1
case_225c013f,0,0,1,0,1,1
case_1156679b,1,1,1,1,1,0
case_a75185cc,0,0,1,0,1,1
case_17290a5b,1,1,1,1,1,1
case_ff7de31e,1,1,1,1,1,1
case_347555e3,1,1,1,1,0,1
case_330015fe,1,0,1,1,1,1
case_a7441a4b,1,1,1,1,0,0
case_ade2e78e,0,1,1,1,0,0
case_e3ed1c5e,1,1,1,1,1,1
case_c3ea35d6,1,0,1,0,0,1
case_d5039477,1,0,1,1,1,1
case_bf401257,1,1,1,1,1,1
case_3df8e99a,1,1,1,1,1,1
case_74d0b66e,1,1,1,1,1,1
case_1ff1bdc8,1,1,0,0,1,1
case_622d23c2,1,1,1,1,1,1
case_141a705a,0,0,1,1,0,0
case_317870cc,1,1,1,1,1,1
case_a588853d,1,1,1,1,1,1
case_6e6cc6e1,1,1,1,1,1,1
case_64e180e6,1,1,1,1,1,1
case_fbfd8b45,1,1,1,0,1,1
case_b072767b,1,1,1,1,1,1
case_8b4dd5ea,0,1,1,1,1,1
case_ec6ae302,1,1,1,1,1,1
case_0e68eb5d,1,1,1,1,1,1
case_7532d62b,1,1,1,0,1,1
case_893d135a,1,0,1,1,1,1
case_eb1a87bd,1,1,1,1,1,1
case_d1eec093,1,0,1,0,1,1
case_b5d22408,1,0,0,0,0,1
case_bcb0c771,0,0,1,0,0,1
case_2f737875,0,1,0,1,1,1
case_f697ee96,0,1,1,1,1,1
case_d5c4a3d5,0,1,1,1,1,0
case_e541aeda,1,0,1,1,1,1
case_c6a87181,0,0,1,0,0,0
case_5b239a82,0,0,0,0,1,0
case_928ffb25,1,1,1,0,1,1
case_67377c42,0,0,1,1,0,1
case_9485b40a,0,1,1,0,1,1
case_9d79d8d8,1,1,1,1,1,1
case_2be7df72,0,1,1,0,0,1
case_20c5ae90,0,1,1,1,1,1
case_5805d4da,1,1,1,1,1,1
case_5e1d9a96,0,0,1,0,1,1
case_1d179205,0,1,1,0,1,1
case_3cddf6d9,1,1,1,0,0,1
case_d68b26ae,0,1,1,1,1,1
case_7a4bf0e8,1,1,1,0,1,0
case_96136b31,0,1,1,0,0,1
case_7c13fde8,1,0,1,1,0,1
case_f4fcd3ae,0,1,1,0,0,0
case_ac8da595,0,1,1,1,1,1
case_452635ad,1,0,1,1,0,1
case_f0b2e500,1,1,1,1,1,0
case_be1fe999,0,0,0,1,1,1
case_3beea987,0,0,1,0,0,1
case_455529af,1,1,1,1,1,1
case_abcda955,0,0,0,1,1,1
case_27706529,1,1,1,0,1,1
case_20cf31c3,1,1,1,1,1,1
case_d7b4bde9,0,1,1,1,0,1
case_955f76fd,1,0,1,1,1,1
case_e96436d2,1,1,1,1,1,1
case_3259ce21,0,0,1,1,1,0
case_7e38511c,1,1,1,1,0,1
case_628a1c18,0,1,1,1,0,1
case_edfa8b41,1,1,1,1,1,1
case_1c0d72ae,0,1,1,1,1,1
case_24d50ab4,0,1,1,1,1,1
case_385caaa5,1,1,1,1,1,1
case_9c5d45e9,0,1,1,1,0,1
case_892ccd45,1,0,0,1,0,1
case_e97f45c2,1,1,0,1,0,1
case_4a0ad8aa,1,0,1,1,0,1
case_47bf2c1a,1,1,1,1,1,1
case_a3e64933,1,1,1,1,1,1
case_cd83a34d,1,1,1,1,0,0
case_3f68df50,0,1,0,0,1,1
case_88ac0811,1,0,1,1,1,1
case_a36bc86a,0,1,1,0,1,0
case_e57753b4,0,0,1,0,0,0
case_2cb4a496,1,1,1,1,1,1
case_723a39e5,1,1,1,1,1,0
case_beeb33d2,0,1,0,1,1,1
case_126842a6,1,0,1,1,0,1
case_250efdda,1,0,1,0,1,1
case_c8e217e8,1,1,1,0,1,1
case_5b5b3240,1,0,1,1,1,1
case_33e33eac,0,0,0,0,1,0
case_d885b25e,0,0,1,0,1,1
case_c6781626,1,0,1,0,1,1
case_1db97bf0,0,1,1,1,1,0
case_873b7d22,1,0,1,0,1,1
case_bcc476d9,1,1,1,1,1,1
case_db9249ee,0,1,1,1,1,1
case_5bfdb56b,1,0,1,1,1,1
case_9d1495ff,1,0,1,1,0,1
case_d4424c68,0,0,1,1,0,1
case_afd85a00,1,1,1,0,1,1
case_ef41a374,1,1,1,1,1,1
case_55735c91,1,1,1,1,1,1
case_fd44d577,1,0,1,1,0,1
case_57e6d272,0,0,1,1,1,1
case_c552b77f,0,0,1,0,0,1
case_fed18607,0,0,1,1,1,1
case_adeb3bfe,0,1,1,0,1,1
case_37d92ef8,1,1,1,1,1,1
case_19b80342,1,0,1,0,1,1
case_d0bdffad,1,1,1,1,1,1
case_32f2741a,1,0,1,1,1,1
case_b80469f9,1,1,1,1,1,1
case_faefdbf7,1,1,0,1,1,1
case_2216ee12,0,0,0,1,0,1
case_b8f66ba6,1,1,1,1,0,1
case_9734db1a,0,1,1,1,1,1
case_f5646f7b,1,1,1,1,1,1
case_9502fde1,1,0,1,0,1,0
case_487113d5,1,0,1,1,1,1
case_65cf0df7,1,1,1,1,1,1
case_4d20e285,0,0,1,0,1,0
case_f28c33ec,0,1,1,1,1,1
case_187de0c4,1,0,1,0,1,1
case_315ebdff,1,1,1,1,1,1
case_5b147081,0,0,1,0,0,1
case_a9a32fcb,1,1,1,1,1,1
case_545ac776,1,1,1,1,1,1
case_e4be6702,1,1,1,0,1,1
case_4108a5aa,1,1,1,1,1,0
case_becec98e,1,0,1,1,1,1
case_fb96c704,1,1,1,0,1,1
case_6f3fa9cd,0,0,1,1,0,0
case_39af772b,0,0,1,1,0,1
case_afa8eb2e,0,1,1,1,1,1
case_415c38d1,1,1,0,1,1,0
case_d6e9fc2d,0,0,0,1,0,1
case_39953edd,0,0,0,1,1,1
case_91d2ce92,0,0,1,1,1,0
case_99488a18,1,1,1,1,1,1
case_472bb38f,1,0,1,1,1,1
case_4756fc3b,1,1,0,1,1,1
case_f66c2117,0,1,1,1,1,0
case_d2b1cfcb,1,0,1,0,1,1
case_de89a5a8,1,1,1,1,1,1
case_b50a2e6d,0,0,1,1,0,0
case_b80ba80e,1,0,1,0,0,1
case_384cd73b,1,0,1,1,1,0
case_ca94ffb2,0,1,1,1,1,1
case_542427d5,1,1,1,1,1,1
case_5963077e,1,0,1,1,1,1
case_87084010,1,0,1,1,1,1
case_778bfdac,1,1,1,0,1,1
case_42c3c97d,0,1,1,0,1,1
case_24c3fc51,0,1,1,0,1,1
case_c7f9075f,1,1,1,1,1,1
case_74b88f29,0,0,1,1,0,1
case_cc673441,1,1,1,1,1,1
case_0007e1ac,0,1,0,1,1,1
case_f3529021,0,1,0,0,1,1
case_6510b064,1,1,1,1,1,1
case_15c3e7c3,1,1,1,0,1,0
case_52555f0f,0,0,1,0,0,1
case_94dbc239,1,1,1,1,1,1
case_58ef87f3,1,1,1,1,1,1
case_66304afb,1,1,1,1,1,1
case_7f599fd4,1,1,1,1,1,1
case_0d779096,0,1,1,1,1,1
case_641fefa4,1,0,1,0,0,1
case_26daeff1,1,1,1,0,1,1
case_aa8aeb62,0,0,1,1,1,1
case_35609a91,1,0,1,1,1,1
case_e6ac002f,0,1,1,1,0,1
case_21d3714a,0,0,0,1,0,1
case_5677ddc7,1,1,1,1,1,1
case_7986214a,0,0,1,0,1,1
case_ec38c993,1,1,1,1,1,1
case_9b80c777,1,1,1,1,1,1
case_2d66f8e0,1,1,1,1,1,1
case_b44900b3,1,1,1,1,0,1
case_e80332fa,0,1,1,1,1,1
case_95b1b573,0,1,1,1,1,1
case_2a04bdf4,0,0,1,0,1,1
case_4319d659,1,1,0,0,1,1
case_d992b41f,0,0,0,0,0,1
case_c112c37c,0,0,1,1,0,0
case_577732c9,1,1,1,1,1,0
case_fdb4eec8,1,0,1,1,1,1
case_f016b138,1,1,1,1,1,1
case_e60cd700,0,0,0,1,1,1
case_1cbda8ad,0,0,0,0,0,1
case_cfeef4c1,0,1,1,1,0,1
case_0206a7b7,1,1,1,1,1,1
case_e581d666,0,0,1,1,1,1
case_163941e8,1,0,1,1,1,1
case_a10f345c,0,1,1,1,1,1
case_237fa816,1,1,1,1,1,1
case_8f5e7167,1,1,1,0,0,1
case_6e1a636f,0,0,1,0,1,1
case_724923ae,0,1,1,0,0,1
case_d1a1e252,1,1,1,1,1,1
case_92141d9e,0,0,1,0,1,1
case_bcbea67a,1,0,1,1,1,1
case_2537bc96,1,1,1,1,1,1
case_1b8d5ce3,0,0,1,0,0,1
case_9eb58568,0,1,1,1,1,0
case_0680ed5e,1,1,1,0,1,1
case_3ea1ed20,1,1,1,1,1,1
case_9f7d9b30,0,0,1,0,0,0
case_ce08313c,1,0,1,1,1,1
case_903d2311,0,0,1,0,0,1
case_870faa29,1,0,1,0,0,0
case_e1b84993,1,0,1,0,0,0
case_7b98f552,1,1,1,1,1,1
case_e9053db7,1,0,1,1,0,1
case_abde97d0,0,1,1,1,0,1
case_f5f8935b,1,1,1,1,1,1
case_2ec0aa4b,1,1,1,1,1,1
case_1735aa5c,0,0,1,0,0,1
case_e84eab9f,1,1,0,1,0,0
case_68c79264,1,1,1,0,1,0
case_31129086,1,0,1,0,1,1
case_1d4e99c7,1,1,1,1,1,1
case_4b4ceb71,0,0,1,0,0,1
case_b210507b,0,0,1,1,1,1
case_e0ff3bfc,1,1,1,0,1,1
case_7145bcb8,1,1,1,1,0,0
case_a756da9d,1,1,1,1,1,1
case_3ad7e5e1,0,0,1,1,1,1
case_fd3d2f68,1,1,1,1,0,0
case_e7eafc0b,1,0,1,0,0,0
case_ed6f95bd,0,0,1,1,0,1
case_43cdaa49,1,1,1,1,1,1
case_28ce861c,1,1,1,0,1,1
case_32282abd,1,1,1,0,1,1
case_7e94df96,1,1,1,0,1,1
case_d6386faf,1,0,1,1,0,1
case_d3fb4cbf,1,0,1,1,0,0
case_5f3b13d7,1,0,1,1,1,1
case_071c84ee,1,1,1,1,1,0
case_8ea96177,1,1,1,1,1,1
case_34af30f4,1,0,1,1,1,1
case_bcbea18e,1,1,0,1,1,1
case_cebd14bd,0,0,1,1,1,1
case_56d1425c,1,1,1,1,1,1
case_283c6572,0,0,1,1,1,1
case_00677ea9,0,0,1,0,0,1
case_a06d05e3,1,0,1,1,0,1
case_28dc9c58,1,1,1,0,1,1
case_ea2b6d22,1,0,1,0,0,1
case_61fc063f,1,1,1,1,1,1
case_228c7b0c,0,1,1,1,0,1
case_cf232e87,1,1,1,1,1,1
case_e35b6a41,1,1,1,1,1,1
case_707ec194,1,1,1,1,1,1
case_ec7b24d9,0,0,1,0,1,0
case_e86414d0,1,0,1,0,1,1
case_7c1a7c59,1,1,1,0,1,1
case_9b1aceec,0,0,1,0,0,0
case_43b6f7cd,0,1,0,1,1,1
case_e58041f5,1,1,1,1,1,1
case_f441bf46,1,1,1,1,1,0
case_56416cda,0,0,1,1,1,1
case_3342e51f,1,1,1,1,1,1
case_21824a0e,1,1,0,0,1,1
case_26980574,1,0,1,0,1,1
case_ad8137a8,1,1,1,1,1,1
case_a397ffbe,1,0,1,0,0,1
case_69694124,1,0,0,0,1,1
case_eaf25e1b,0,0,1,1,0,1
case_6a41dd9c,0,1,1,1,1,1
case_db7b75a3,0,0,1,1,1,1
case_5e8e06c4,0,0,1,1,1,1
case_0244004c,1,1,0,0,1,1
case_8d9f768b,0,0,1,1,1,0
case_f168aa2e,1,1,1,0,1,1
case_330fd938,1,0,0,1,1,1
case_f6868145,0,1,1,1,1,1
case_39874ebf,0,0,1,0,1,1
case_6d58cfae,1,1,1,1,1,1
case_03424e1f,1,0,0,1,1,0
case_b7db554d,1,1,1,0,1,0
case_3bacc185,0,0,0,1,0,0
case_8767e070,0,0,1,1,1,1
case_74955439,1,1,1,1,1,1
case_d28c3938,1,1,0,1,1,1
case_a6ec3cc7,0,0,1,1,0,1
case_6b7953fe,0,1,1,1,0,1
case_ed3705e1,1,1,1,1,1,1
case_2a13d905,0,0,1,0,0,0
case_07f3b1a9,1,1,1,1,1,1
case_96bdb600,0,1,1,1,1,1
case_05751018,1,1,1,1,1,1
case_ba9e8ba1,1,1,1,0,1,1
case_3b48a966,0,0,1,0,0,1
case_b3a0a7e2,1,1,1,1,0,1
case_a41b33f7,1,1,1,1,1,1
case_956b0929,1,1,1,1,1,1
case_3e73aa11,0,0,1,1,1,1
case_db01fefe,0,1,1,1,0,1
case_a03477e2,0,0,1,0,0,0
case_d86e4732,0,1,1,1,1,0
case_1c24d51e,1,0,1,1,1,1
case_bb21b0e5,1,1,1,0,1,1
case_55ed79cb,0,0,1,1,1,1
case_d235b839,0,0,1,0,0,1
case_fe137e14,1,1,1,1,1,1
case_32c3e6f0,0,0,0,0,0,1
case_6042da59,0,1,0,1,1,1
case_a100c7c3,1,1,1,1,0,1
case_8a0dd3d3,1,0,1,1,1,1
case_2689e17c,0,0,0,0,0,1
case_fe22b892,1,1,1,1,1,1
case_92af2afc,1,1,1,1,1,0
case_3e2b771a,0,1,1,0,0,1
case_29127487,1,1,0,1,1,1
case_7a090c17,1,0,1,0,1,0
case_a66a1f4f,1,0,1,0,0,0
case_83b116fb,0,0,1,1,0,1
case_6c1e5640,0,0,0,1,0,1
case_5dd7734a,1,1,1,1,0,1
case_f3f54640,1,0,1,0,1,0
case_8c1859ab,1,0,1,1,1,1
case_93b3087e,1,1,1,0,1,1
case_01103efc,0,0,1,1,1,1
case_c8ec4755,1,1,1,1,1,1
case_fae58fe5,1,1,1,1,1,1
case_9547bf5e,0,0,0,0,0,1
case_750e5339,0,1,1,1,1,1
case_b5553d94,0,0,1,0,1,1
case_bb147b9b,1,1,1,1,0,0
case_b61a62f9,1,1,1,1,0,1
case_b37c872e,0,1,0,1,0,1
case_ac1bcc79,0,1,1,0,0,0
case_e065dfa5,0,0,1,0,1,0
case_ecc322bc,1,1,1,1,0,1
case_88f70775,1,1,1,1,1,1
case_81be0bed,1,1,1,1,1,1
case_48328aca,0,0,1,1,0,1
case_bca1b2c2,1,0,1,0,1,1
case_357ac9ab,1,1,1,0,1,1
case_3f906797,1,0,1,0,0,1
case_c0313f2e,0,1,1,0,0,0
case_17423d51,1,1,1,0,1,1
case_87116e48,1,1,1,1,1,1
case_119f692a,0,0,0,0,0,1
case_5151f053,1,1,1,1,0,1
case_b667ccfe,1,1,0,1,1,1
case_350fa244,1,1,1,1,1,1
case_c19020e7,1,0,1,0,1,0
case_73ce27cb,1,1,1,1,1,1
case_1436cfe9,0,1,1,1,1,1
case_0e971f42,0,1,1,1,1,1
case_6fecbc51,1,0,1,0,1,1
case_cc1af2d1,1,0,1,0,1,0
case_bef53aba,1,1,1,1,1,1
case_fcdcf4fe,1,1,1,1,1,1
case_f3a87522,1,1,1,1,1,1
case_8da478ef,1,1,1,0,0,1
case_97c075fd,1,0,1,1,1,1
case_b98b9177,1,0,1,1,1,1
case_b5b4fd62,1,1,1,1,1,1
case_734c6eeb,0,1,1,1,0,1
case_e70beeae,1,0,1,0,1,0
case_d5698493,1,1,1,0,1,1
case_663cc4a8,1,1,1,1,1,1
case_e78c8e49,0,1,1,1,0,0
case_0cc4496f,1,1,1,1,1,1
case_25aedd01,1,1,1,1,1,1
case_ea168e40,1,1,1,1,0,1
case_c3bbf343,1,1,1,1,1,1
case_498c11e0,1,0,1,1,1,1
case_162ab4b8,1,0,1,1,1,1
case_7425733d,0,1,0,0,0,1
case_d236f275,0,0,1,0,1,1
case_a5ed3dbd,1,1,1,0,0,1
case_ca28c22f,1,1,1,1,1,0
case_3f1ba608,0,1,1,1,1,0
case_de142f56,1,0,1,0,0,1
case_2f4b34fd,1,0,1,1,1,1
case_82244f02,1,1,1,1,1,1
case_5701d533,1,1,1,1,1,1
case_5ea55d22,0,0,1,1,0,1
case_c41d78d1,1,1,1,1,0,1
case_7265d748,0,0,1,1,1,1
case_3651e9b6,1,1,1,0,0,1
case_00d2601f,1,0,0,1,1,1
case_84f2c360,1,1,1,0,1,1
case_1f9bfa63,0,1,0,1,1,1
case_7ba5b26d,0,0,1,0,1,1
case_b9c04317,0,0,1,1,1,1
case_4e9e7a85,1,1,1,1,1,1
case_f9daac8c,1,1,0,1,0,1
case_f70294bc,1,1,1,1,0,1
case_dbf6a047,1,1,1,1,1,1
case_a1b0e174,1,1,1,1,1,1
case_923778c2,1,1,1,1,1,1
case_3aa931aa,1,0,1,1,0,1
case_1abd8011,1,1,1,0,1,1
case_5014f2b2,0,0,1,1,1,1
case_8eb63e20,0,0,1,1,1,1
case_8d75b3a6,0,0,1,1,1,1
case_dabf22d8,0,0,1,0,1,1
case_a666c4c4,1,1,1,0,1,1
case_737b7b0b,1,1,1,1,1,1
case_d2479a47,1,0,1,1,1,1
case_aeb4d033,1,1,1,1,0,1
case_fe9113e3,1,0,1,0,0,1
case_58e7393e,1,0,1,0,1,1
case_b84724d2,1,0,1,1,0,1
case_cea1a900,1,0,1,1,1,1
case_ac83174d,1,1,1,0,1,1
case_4d2e4a06,1,1,1,1,1,1
case_124b4fd5,1,1,0,1,1,1
case_8c52d38b,0,1,1,0,0,1
case_51f469b7,1,1,1,1,1,1
case_699ade6a,1,0,1,0,0,1
case_a6b7e576,0,0,1,1,1,1
case_7080c1c6,1,0,1,1,0,1
case_6758d4a4,1,0,0,0,1,1
case_59b0764d,0,1,1,1,0,1
case_36884128,1,0,1,0,0,0
case_e7e478f7,1,0,1,1,0,1
case_6f3621e6,0,0,1,0,1,0
case_5fc36a13,1,1,1,1,1,0
case_00422065,1,0,1,1,1,0
case_b8768a22,0,1,1,1,1,1
case_e9d023be,1,1,1,1,1,1
case_2326e0b7,0,0,1,0,1,1
case_76f534ef,1,1,1,1,0,1
case_cd70ff4f,1,1,1,1,1,1
case_47a344ab,0,1,1,1,0,1
case_10efe951,1,1,1,1,1,0
case_37962a0a,1,1,1,1,1,1
case_be33fb2e,1,1,1,1,1,1
case_7f638426,0,0,1,1,1,1
case_b6613859,0,1,1,1,0,1
case_3c717bfb,0,0,1,1,1,0
case_b4e826c5,1,1,1,0,0,0
case_dc191729,1,1,1,1,1,1
case_af103b18,1,1,1,1,1,1
case_73a71bf3,0,1,1,1,1,1
case_2f631399,1,1,1,1,1,1
case_a0122524,1,1,1,1,1,1
case_ac63501c,1,1,1,1,1,1
case_4d3f8dd0,1,0,1,1,1,0
case_731a3ccc,1,1,1,1,0,1
case_c0e6773c,0,0,1,1,1,1
case_57ac7da8,1,0,1,1,0,0
case_1aadf219,0,0,1,1,0,1
case_6964d471,1,0,1,1,1,1
case_8c638358,0,1,1,1,1,1
case_dbc904bd,1,1,1,1,1,1
case_fc786ce7,1,1,1,0,1,1
case_056c7dd5,1,1,0,1,1,1
case_5c53545a,1,1,1,1,1,1
case_a20ad5b4,1,0,1,1,1,1
case_238127f0,0,0,1,0,1,1
case_171b2058,1,1,1,1,1,1
case_c7624fb5,1,0,1,1,0,1
case_3843e41c,1,1,1,0,0,1
case_37c05b6b,1,1,1,1,0,1
case_ca962954,0,1,1,1,0,1
case_6c54054e,1,1,1,1,1,1
case_a5b057f5,1,1,1,1,1,1
case_18584840,1,1,1,0,1,1
case_f5cd33f5,1,1,1,1,0,0
case_2f6ccded,0,0,1,0,1,0
case_689340e7,0,0,1,0,1,1
case_a81aa85a,1,1,1,1,1,1
case_ef086460,1,1,1,1,1,0
case_ef8eb9cd,0,1,1,1,1,1
case_b69fb421,1,1,1,1,1,1
case_e4996cce,1,1,1,1,1,1
case_50a80058,0,0,1,1,1,1
case_9aa04104,1,1,1,1,0,1
case_4a044c9e,0,0,0,0,0,0
case_5e9f6948,1,0,0,1,1,1
case_0e509902,1,1,1,1,1,1
case_720fef99,0,1,1,1,1,0
case_3b166741,0,1,1,1,1,1
case_e493653b,0,0,1,0,1,1
case_553ad4ed,1,0,1,0,1,1
case_96b4dae9,1,1,1,1,1,1
case_0e5c4f96,0,1,1,1,1,1
case_84d59c81,1,1,1,1,1,1
case_37caf036,1,1,1,0,1,1
case_16c2740b,1,1,1,1,0,1
case_af98f7ed,1,1,1,1,0,1
case_a4065f2b,1,1,1,1,1,1
case_5a331eb3,0,0,1,0,0,1
case_f2004a67,1,1,1,1,1,1
case_5132038d,1,0,1,0,1,1
case_cb621042,0,0,1,1,0,1
case_79de24ac,1,0,1,0,1,1
case_2a4c9013,1,1,1,1,1,1
case_0acb4d76,1,0,1,1,1,1
case_408ee5c6,0,1,1,1,1,0
case_1f2a5fcd,1,1,1,1,1,1
case_18115a8b,1,1,0,1,1,0
case_63fb842f,1,1,1,1,1,1
case_897453e0,0,1,1,1,1,1
case_88ba9275,1,1,1,1,0,1
case_b9c18698,0,0,1,1,0,1
case_273c4050,1,0,1,1,1,1
case_e03b905e,0,0,1,0,0,1
case_ab2341d0,0,0,1,1,1,1
case_35645f96,1,1,1,1,0,1
case_0aa9c67e,0,1,1,1,1,1
case_ca2e6e64,1,1,1,1,1,1
case_148706a5,1,0,1,0,0,1
case_a702e3d7,0,1,1,0,0,1
case_8ec15aa4,0,1,1,1,0,0
case_63febc0a,1,1,1,1,1,1
case_8ef05a62,1,1,1,1,1,1
case_76911ad3,0,0,0,1,0,1
case_9f598cdf,0,1,1,1,0,1
case_bb8bd487,0,0,1,1,1,1
case_18416441,1,1,1,1,1,1
case_77d79253,1,1,1,1,1,1
case_1b7d2cb0,1,1,1,1,1,1
case_276af825,1,0,1,1,1,1
case_61e82cf1,1,1,1,0,0,1
case_00fcd4b5,1,1,1,1,1,1
case_72131f61,1,0,1,1,1,1
case_15bf36d5,1,1,1,1,0,1
case_53411806,1,1,1,1,1,1
case_36016c7a,1,1,1,1,1,1
case_25120cd8,1,0,1,1,1,0
case_252761eb,1,1,1,1,0,1
case_fdc7e4b0,1,1,1,1,0,1
case_abfbce29,1,0,1,0,0,0
case_8e37276e,0,0,1,1,1,0
case_f0bec6a3,0,0,1,0,1,1
case_bba531c4,1,1,1,1,1,1
case_badd4b39,1,1,0,1,1,1
case_70df1ccb,1,1,1,1,1,1
case_9cd341ba,1,1,1,1,1,1
case_af088cfd,1,1,1,1,0,1
case_dc7e888d,1,1,1,1,0,1
case_49aa38ee,1,1,0,1,0,1
case_2c014c3e,0,1,1,0,1,1
case_deeeb745,1,1,1,1,0,0
case_aa221106,0,0,1,1,1,1
case_3ff995f3,1,1,1,1,1,1
case_a600f3ac,1,0,1,0,1,1
case_bc5e5505,1,0,1,0,1,1
case_1d9cef4f,0,1,1,1,1,1
case_44c6659a,0,0,1,1,1,1
case_4ed0f05e,0,0,1,0,0,1
case_816299c1,0,0,1,1,0,1
case_619c5291,0,0,1,0,0,0
case_3f8fa542,1,0,1,0,1,1
case_0b540e4d,0,0,1,0,1,1
case_0afe901d,1,1,1,1,0,1
case_7e85abc2,1,0,1,1,1,1
case_ed0919e6,1,1,1,1,0,0
case_f230fac8,1,0,1,1,1,0
case_d8c83fe0,1,1,1,0,1,1
case_fde02b2c,1,1,0,0,1,1
case_df8e3f81,0,1,1,1,1,0
case_c38dd841,1,1,1,1,1,1
case_1b04b32f,1,0,1,1,1,1
case_9085ebf5,0,1,1,1,1,1
case_4651ea80,1,1,1,1,1,1
case_31b34189,1,0,1,1,1,1
case_368d7f8a,1,0,1,1,1,1
case_78302075,1,1,1,1,1,1
case_411a2249,0,1,1,1,1,0
case_0d042b21,1,0,1,1,0,1
case_1a70d354,1,1,1,1,1,0
case_288146df,1,0,1,1,1,1
case_be52bf9d,1,1,0,0,0,0
case_9748cffb,1,1,1,1,1,1
case_89655821,1,0,1,0,1,1
case_3ccc83d5,1,0,1,0,1,1
case_3e0b610a,0,0,0,1,1,1
case_7b7f1fea,0,0,1,0,1,1
case_2e142151,1,1,1,0,1,1
case_0ecee356,1,0,1,0,0,0
case_deab55f5,0,1,1,1,1,1
case_2b0e9fa0,1,1,1,1,1,1
case_56bbe657,1,1,1,1,1,1
case_78d81c1b,1,1,1,1,1,1
case_e7683182,1,1,1,0,1,1
case_34ef5085,0,0,1,1,1,1
case_81453646,0,0,0,1,1,1
case_e2809bc0,1,0,1,1,1,1
case_d06ca63f,1,0,1,1,1,1
case_269a5291,0,0,1,1,1,1
case_c7d7fb86,0,1,1,1,1,1
case_3194044d,1,1,1,1,0,0
case_aa43be6f,1,1,1,1,1,1
case_2e5372a9,1,1,0,1,1,1
case_7b380912,0,1,1,0,1,0
case_0b404835,0,0,1,1,1,0
case_38066304,0,0,0,0,1,1
case_083f2d54,1,1,1,1,1,1
case_55eb26ab,1,1,1,1,1,1
case_f1541c44,0,0,1,1,1,0
case_a34979a4,1,1,1,1,1,1
case_bfaf086d,0,0,1,0,1,1
case_fbdb7e8b,1,1,1,1,1,1
case_42cd9b6f,0,1,1,0,0,1
case_d489c351,1,0,1,1,0,1
case_8a174a96,0,1,1,1,1,1
case_53b912c6,0,0,0,1,1,1
case_173a9c3d,1,0,1,1,1,1
case_f7722ea3,0,0,1,1,1,1
case_407eddbf,1,1,1,1,1,1
case_8ef6e176,1,0,1,1,1,1
case_7b8bb55a,0,1,1,1,0,1
case_c66c13cf,1,1,1,1,1,1
case_eb9972fe,0,1,1,1,0,1
case_324b235d,1,1,1,1,1,1
case_600b6dd7,1,1,1,1,0,1
case_34806f9f,1,1,1,1,1,1
case_f45f75d8,1,1,1,1,1,1
case_e120a74c,1,0,1,1,1,1
case_2ed7e930,0,0,1,1,1,1
case_0c12b8de,0,1,1,0,1,1
case_f01fa16c,1,0,1,1,1,1
case_4db0e663,0,0,0,1,1,1
case_899cedee,1,1,1,0,1,0
case_538434f0,1,1,0,1,1,1
case_10d4d667,1,1,1,1,1,1
case_76d29d7a,1,1,1,0,1,1
case_902ec3c1,1,1,1,1,0,1
case_53be3758,0,0,1,1,0,1
case_c4b10832,0,1,1,1,1,1
case_ca53294f,1,0,1,0,0,0
case_48f16772,1,1,1,1,1,1
case_de30d237,1,0,1,1,0,1
case_86e626b7,1,1,1,1,1,0
case_22ae8672,1,1,1,1,1,1
case_405a2feb,1,0,1,0,0,1
case_6f5c15eb,1,1,1,1,1,1
case_f294d0de,1,1,1,1,1,1
case_5a9a5927,1,1,1,1,1,1
case_40588eb1,1,1,1,1,1,0
case_845d40ce,0,0,1,1,0,1
case_d07404f8,0,1,1,1,0,0
case_4075dfdf,1,1,1,1,1,1
case_21547d34,1,1,1,1,1,1
case_860a91f9,0,1,1,1,1,1
case_8a4c0c43,0,1,1,0,1,1
case_0c9d44c7,1,1,1,0,1,1
case_45a7e797,0,1,1,1,1,0
case_2339a7ca,0,1,1,1,1,1
case_d6ea3c05,0,1,0,0,0,0
case_03a41fda,0,1,1,0,0,1
case_1e5f71c1,0,0,1,0,0,1
case_137e9a29,0,1,1,0,1,0
case_aeba1160,1,1,1,1,1,0
case_a2a22abd,0,0,1,0,1,1
case_a30271f6,1,1,1,1,1,1
case_c2d5370c,1,1,0,1,1,1
case_3048c6e9,1,1,1,0,1,0
case_8c5266a9,1,1,1,1,1,1
case_2fa75bf5,0,1,1,0,1,1
case_487b041f,0,1,0,1,1,1
case_8c89b7e2,1,0,1,0,1,1
case_30050be2,0,1,1,1,1,0
case_3b442538,1,1,1,0,1,1
case_042fcbc4,0,0,1,0,0,1
case_da9fa2b2,0,0,1,1,1,1
case_bcfa9e4e,0,1,0,0,1,1
case_32a690df,1,0,1,1,1,1
case_cfeab4ef,1,0,1,1,1,1
case_24e9b901,1,1,1,1,0,1
case_e18af29c,0,0,1,1,1,1
case_1c03804f,1,0,1,0,1,1
case_5db9af6a,0,0,0,1,1,1
case_d3fb4383,1,0,1,1,1,1
case_633ad649,1,1,0,1,1,1
case_f0aaf407,1,1,0,1,1,1
case_156f454d,1,0,1,0,1,1
case_ea975cc0,1,1,1,1,1,1
case_c0f129b4,0,1,1,1,0,1
case_ed74cfee,0,0,1,1,0,1
case_af9b9f95,1,1,1,1,1,1
case_22a1639d,1,0,1,1,1,1
case_649cd30b,1,1,1,1,1,1
case_8789f43c,1,1,1,1,1,1
case_379f5f22,0,1,1,1,0,1
case_e7f8bac5,1,0,1,1,0,1
case_179fe31e,1,0,1,1,0,1
case_ebbc749d,1,1,1,0,1,1
case_43bc8425,0,0,1,0,0,1
case_3e326e21,1,0,1,1,1,1
case_72a15eea,0,1,1,0,1,1
case_2792355d,0,1,0,0,0,1
case_102693b1,0,0,0,1,1,1
case_c901a9c3,0,0,1,1,0,1
case_6ecbfd8a,1,0,1,0,1,1
case_e96fb7b7,0,1,1,1,1,1
case_0a3ec0f5,1,1,1,1,1,0
case_23f7533f,1,0,1,1,0,1
case_83ce4dff,0,1,1,1,1,1
case_ff81a280,1,0,1,0,1,1
case_cc9fd932,0,1,1,1,0,1
case_07deebad,1,0,1,1,1,0
case_3414864f,1,1,1,1,1,1
case_6ba68bfe,1,1,1,1,1,1
case_3e484256,1,1,1,0,1,1
case_3ede4b97,1,1,1,1,1,1
case_f14eef29,1,1,1,0,1,1
case_385340fa,0,0,1,1,1,1
case_2b4d4aea,1,1,1,1,1,1
case_20f318bd,1,0,1,1,0,1
case_05f98824,0,0,0,0,0,0
case_f5f471d9,1,1,1,1,1,1
case_ec8f970b,1,0,0,1,1,1
case_a7d28480,1,0,1,1,1,1
case_d5f094a5,1,1,1,1,1,1
case_6ea207f7,0,1,1,1,0,1
case_24463743,1,0,1,1,1,0
case_18a6d612,1,1,1,0,1,1
case_3f679739,1,1,0,1,1,1
case_39de07cc,0,1,1,1,1,1
case_d2b9fb31,0,0,1,0,0,0
case_b34c5710,1,1,0,1,1,1
case_2df2a367,1,1,1,0,0,1
case_70653526,0,1,1,0,1,1
case_0b13b9ba,0,0,1,1,0,1
case_42de7872,1,1,1,0,1,1
case_02fd423a,0,1,1,1,1,1
case_1b0ac2f7,1,1,1,1,1,1
case_1b91d5b8,1,1,1,1,1,1
case_9db1ba85,1,1,1,1,1,1
case_dd158031,0,0,0,1,1,1
case_61dfb1e5,1,1,1,1,1,1
case_acfc604a,0,0,1,1,1,1
case_4fe1d8cf,1,1,1,1,1,1
case_5591168c,0,1,1,1,0,0
case_0c89bdf1,0,0,1,0,0,0
case_ddc8daf0,1,0,1,0,1,1
case_878f6429,1,1,1,1,1,1
case_ab2091d1,1,1,1,0,1,1
case_9997f10a,0,0,1,1,1,0
case_43e45a9d,1,1,1,1,0,0
case_93b8fe00,0,0,0,0,1,1
case_61ff17d8,1,1,1,1,0,1
case_9f006a9b,1,1,0,0,0,0
case_3123933f,1,1,1,1,1,1
case_3779a19c,0,0,0,1,1,1
case_2ee9e8a4,0,1,1,1,1,1
case_dc2754c2,0,0,1,1,1,1
case_0a235e72,0,1,1,1,1,1
case_0be65152,1,0,1,1,1,1
case_767ca78f,0,0,1,0,1,1
case_e66e9d22,1,1,1,0,1,1
case_97e2e487,1,0,1,1,0,0
case_c6c58614,0,1,1,1,1,1
case_3ab0c0a5,1,0,1,1,1,0
case_eefb4239,1,0,1,1,1,1
case_cd0189f1,1,1,1,0,1,1
case_32b755af,0,0,1,1,1,0
case_b7a6659d,1,0,1,1,1,1
case_08c64636,1,0,1,0,0,1
case_851c1eb5,0,1,0,0,0,1
case_df8d9f18,0,0,1,0,1,1
case_0894d9fa,0,1,1,0,1,1
case_75cb1aed,1,0,1,0,1,0
case_ca96a087,1,0,1,1,1,0
case_b125a9d8,0,1,1,1,0,1
case_4f608d16,1,1,1,1,1,0
case_72dd0e54,1,1,1,1,1,1
case_5c225810,1,1,1,1,1,1
case_87b2f1ff,1,0,1,1,1,0
case_342c200f,1,1,1,1,1,0
case_08a45a26,1,0,1,0,0,0
case_c5890410,1,1,1,1,1,1
case_1b5d6129,1,1,1,1,1,1
case_19bbc9aa,1,1,1,1,1,0
case_2391f930,1,1,1,1,1,0
case_f6356a7e,0,1,0,1,1,1
case_7480c93e,0,1,1,0,1,0
case_9aac5eb1,1,1,1,1,1,1
case_2d89ecf4,0,0,1,1,0,0
case_1699a13d,1,1,1,1,1,1
case_af276d6a,1,0,1,1,1,1
case_b94cebf9,1,1,0,1,0,1
case_54557316,0,1,1,1,1,1
case_aa7cea79,1,1,1,0,1,1
case_8a2253dc,1,0,0,0,1,0
case_8cc714b8,1,1,1,1,0,1
case_1e417fb0,1,0,1,1,0,1
case_cfce3560,1,1,1,1,0,1
case_747f2281,0,1,1,1,1,0
case_7209af59,1,0,1,1,1,1
case_83c1bd52,0,0,0,1,1,1
case_cc475157,1,1,1,1,1,0
case_ecabaca6,1,1,0,1,0,1
case_6bdb5d30,0,1,1,0,1,0
case_dd65d7cf,0,1,1,0,0,1
case_29e40766,0,0,1,0,0,1
case_af5c6c69,1,1,0,1,0,1
case_ed5e1006,0,1,1,0,1,1
case_3891c916,0,0,1,0,1,1
case_729dd83e,1,1,1,1,1,1
case_3462163f,1,1,1,1,1,1
case_8b44c5c4,0,1,1,1,0,0
case_12744d2c,1,1,1,0,0,1
case_72715773,1,1,0,1,0,1
case_f49d27cb,1,0,1,1,1,1
case_94fb9e60,1,1,1,1,1,1
case_382b9dff,1,1,1,1,1,1
case_cd566d92,1,1,1,1,1,1
case_e9fc0b0c,0,1,1,1,1,1
case_1f05b948,1,1,0,0,0,0
case_63cc17b9,0,0,1,1,1,1
case_40a39c24,0,0,1,1,1,1
case_775de5b8,1,1,1,1,1,1
case_929b8db2,1,1,1,1,1,1
case_009974fe,1,0,1,1,1,1
case_1772b958,1,0,0,0,1,0
case_969c0abe,1,1,0,1,0,1
case_b8da363e,1,0,0,1,0,1
case_14c370cd,0,1,1,1,0,1
case_0329d2ff,0,1,1,1,1,0
case_2a98bdf7,0,1,1,0,1,1
case_cd7725b0,1,1,1,0,0,1
case_27461f96,1,1,1,1,1,1
case_847943e3,0,1,0,1,1,0
case_4c0758ab,1,1,1,1,1,1
case_26737b22,0,1,1,1,1,1
case_7c50f78b,1,1,1,1,1,1
case_7656cd8e,1,1,1,1,0,1
case_d67acc94,1,0,0,0,0,1
case_ef236f12,0,1,1,0,0,0
case_7669a40b,0,1,1,1,1,1
case_65090d26,1,1,1,1,0,1
case_3e3274f4,1,1,0,1,1,1
case_8372ae9d,1,0,1,1,1,1
case_b211c848,0,1,1,1,1,0
case_0a53750d,1,0,1,1,0,0
case_782d1c92,0,0,1,1,1,0
case_c709e23b,1,1,1,1,1,0
case_fd3ef791,1,1,1,1,1,0
case_0e3549ce,0,0,1,1,0,1
case_fafe55bb,0,1,1,1,1,1
case_dc68d1cf,1,1,1,1,0,1
case_da77a5a6,1,0,1,1,1,1
case_5cec784d,1,1,1,1,1,1
case_56b5827d,1,0,0,0,0,1
case_2c6c8aab,1,1,0,1,1,1
case_727a76f0,0,1,0,1,1,0
case_50eb95f8,1,1,1,1,1,1
case_24d672f1,0,1,1,1,0,0
case_13789f2e,1,1,1,1,1,1
case_d57ed6dc,1,1,1,1,0,1
case_c4198633,1,1,0,1,1,0
case_88a5d081,1,0,1,1,1,1
case_32060be9,1,0,0,1,1,0
case_d5d0daaa,0,0,1,0,1,1
case_32b21f0a,1,1,1,0,0,1
case_8a0e956e,0,0,0,1,0,0
case_6f619dd3,1,0,1,1,1,0
case_01e8948c,0,0,1,0,1,1
case_1b276ef1,0,1,1,1,1,1
case_fad11c45,0,1,0,1,0,0
case_9afda9b6,1,1,1,0,1,0
case_17e79ab3,1,1,1,1,1,1
case_e14096b9,1,1,1,0,0,0
case_b7a3feff,0,1,1,1,1,1
case_593d88de,0,0,1,1,1,1
case_3525d833,1,1,1,1,1,1
case_91ecc4d4,0,0,1,1,0,1
case_efe33810,0,1,1,0,0,1
case_cddbc754,0,0,0,0,1,1
case_25133265,1,0,1,0,1,1
case_fafcd558,1,1,1,1,1,1
case_73b8731a,1,0,1,0,1,1
case_940af74a,0,1,1,1,0,1
case_86faca92,0,0,1,0,0,1
case_21a9d6a2,1,1,1,1,1,1
case_f48ae150,1,1,1,1,1,1
case_170c9a45,0,1,0,1,1,1
case_d9503cb8,0,1,1,1,1,1
case_af525961,1,0,1,0,1,1
case_7c39c85d,0,1,1,0,0,1
case_b9cb76fa,1,1,1,1,1,1
case_1b2a1690,1,0,1,1,1,1
case_9e7cd1a5,0,1,0,1,0,1
case_a6ef3ed0,0,1,1,0,1,1
case_062ed8c0,1,1,1,1,1,1
case_6d4f772a,1,0,1,0,0,1
case_4555f70f,1,1,1,1,1,1
case_7c7f588e,1,0,1,0,0,1
case_aa4f964a,1,0,1,0,1,1
case_cfb8dcc2,0,1,0,0,0,0
case_b8d89d44,0,1,1,1,0,0
case_7c97f442,0,1,0,1,1,0
case_e8a354e3,1,0,0,1,1,1
case_85626ccf,1,0,1,0,0,1
case_35487b9c,0,0,1,0,1,1
case_fad8d8cc,0,1,0,1,0,1
case_28d3cfc7,1,1,1,1,0,1
case_f4914582,1,1,1,1,1,1
case_3825a7bd,1,1,1,1,0,1
case_6d608347,1,0,0,0,1,0
case_c19cc620,1,1,1,1,0,0
case_ce00b084,1,0,0,0,1,0
case_e154faad,1,1,1,1,0,1
case_cdaaf0c3,0,1,1,0,1,1
case_bcc087e2,1,0,1,1,0,1
case_92a55e55,1,1,1,1,1,1
case_0fdf3556,1,1,1,1,1,1
case_e92f5ab3,1,1,0,1,1,1
case_989b86ae,1,1,1,1,1,1
case_e5e9f61e,1,1,1,1,1,0
case_a9024f13,0,1,1,1,1,1
case_517ed5dc,1,0,1,0,0,1
case_2fb92d05,0,1,0,1,1,1
case_b4a8ca5c,0,1,1,1,0,0
case_bd1ea308,1,0,1,0,1,1
case_335f429b,1,1,1,1,1,1
case_b360bad4,0,0,0,0,1,1
case_fd58d03c,1,0,0,0,1,1
case_6bf33afc,0,1,1,1,0,1
case_57d9953e,1,1,1,0,1,1
case_706012b2,1,1,1,1,1,1
case_1aee0ae9,1,1,1,1,1,1
case_e1118a3a,1,0,1,1,1,0
case_c6cf0491,0,1,1,1,1,1
case_fce732dc,1,1,1,0,1,1
case_e0a55d20,1,1,1,0,1,1
case_99ffafae,1,0,1,0,1,1
case_4369a48c,1,0,1,0,1,1
case_c18a6e7a,0,0,1,1,1,1
case_f00d2832,1,1,1,1,0,1
case_3a3cf224,1,0,1,0,1,0
case_edbb31e1,1,1,0,0,0,1
case_a124bc55,1,0,1,0,1,1
case_989e9780,1,0,1,1,1,1
case_ae0992d0,0,0,1,1,0,1
case_ff3c87ec,0,0,1,0,0,0
case_ede70d7f,1,1,1,1,1,1
case_4a30d3a0,1,1,0,0,1,1
case_7375eb51,0,1,1,1,1,1
case_20e9cb0a,0,1,0,1,0,1
case_818a052b,1,0,1,0,1,1
case_34635c1b,1,0,1,0,0,1
case_46ce2258,1,1,1,1,1,1
case_eac06aef,0,1,1,1,1,1
case_33061dbf,1,0,1,0,0,1
case_909c78d4,1,0,1,1,1,1
case_7d52c4c8,0,1,1,0,1,1
case_6760af1d,1,1,1,0,1,0
case_d6e62a99,1,0,1,0,1,1
case_603fc63c,1,0,1,0,1,0
case_f8c7cc82,0,1,1,1,1,1
case_181369c7,1,1,1,1,0,0
case_ca2e3144,1,0,1,1,0,1
case_bdfc9773,1,1,1,1,1,0
case_ff987374,0,1,1,1,1,1
case_432621b6,0,1,1,1,1,1
case_94632c9e,1,0,1,0,0,0
case_890e83f5,1,0,0,1,1,1
case_c3b8e26f,1,1,1,0,1,1
case_2fc073c1,0,1,1,1,0,1
case_7e2caacb,0,1,1,1,0,1
case_84965e9f,1,0,1,0,1,1
case_e1c4bf3e,1,0,1,1,0,1
case_d32bfd46,1,0,1,1,1,0
case_6b76327d,0,1,1,1,1,0
case_66581c3a,0,0,1,1,0,1
case_b27e58da,1,1,1,0,1,1
case_2c5f2372,0,0,1,1,1,1
case_8075801f,1,0,0,0,0,1
case_caf86fcf,1,1,1,1,1,1
case_28b80d4c,1,1,1,0,1,0
case_8aeb83e0,1,0,1,1,1,1
case_86f3980b,0,1,0,0,0,1
case_9855b8f4,1,1,1,1,1,1
case_fe9d081c,1,1,1,1,1,1
case_0a006ad3,1,1,1,1,1,1
case_8439ebd9,1,1,1,1,1,1
case_7e9cc237,0,1,1,1,1,1
case_c804caa3,0,1,0,1,1,1
case_36b27e96,0,1,1,1,1,1
case_568b75ab,1,1,1,1,0,1
case_f736d79a,0,0,1,1,0,1
case_3d2483e9,1,1,1,1,1,0
case_82d11123,1,1,1,0,1,1
case_713e0a15,1,1,1,0,1,1
case_1a36dcb3,1,1,1,1,1,1
case_b85d6c16,1,1,1,1,1,1
case_9a944851,1,1,1,1,0,1
case_a5711d5f,1,1,1,1,1,0
case_d0fc8aba,1,1,1,1,0,1
case_472ee198,0,1,1,1,1,1
case_6d27c678,0,0,1,0,1,0
case_b660ba6f,0,1,1,1,1,1
case_850ce2b1,1,0,1,0,1,1
case_b51f306a,0,1,1,0,1,0
case_1f0082fa,1,0,1,1,0,0
case_c6c4cd2a,0,0,1,1,1,1
case_242c277f,1,1,0,1,1,1
case_cbf56d85,1,1,1,1,1,1
case_0428d923,1,1,1,1,1,1
case_b33934b5,0,1,1,1,1,0
case_875f3195,1,1,1,1,0,1
case_0523528b,0,1,1,1,1,1
case_3a67a4a9,1,1,1,1,1,1
case_88547f0f,1,1,1,1,1,1
case_b4d02ade,1,1,1,1,1,1
case_6a05b445,1,1,1,0,1,1
case_79f307fc,0,1,0,0,1,1
case_4c474f18,1,1,1,1,0,0
case_01ea1de8,1,1,1,1,1,1
case_b786d3e0,0,1,1,1,1,0
case_63de30bf,0,0,1,1,1,1
case_d434e6a7,0,1,0,0,1,1
case_ab6b3146,1,0,1,0,0,0
