id,latent_payment_reliability,latent_liquidity,latent_digital_engagement,latent_price_sensitivity,latent_urgency,latent_customer_value,latent_retry_responsiveness,latent_delayed_retry_responsiveness,latent_message_responsiveness,latent_alternate_method_responsiveness,latent_human_escalation_responsiveness
cust_fe8f28f7,0.6359364202295474,0.6190107845763017,0.4701557531483395,0.07605496026958834,0.5966200380317127,30365.9761783527,0.6049094845941033,0.5309658621765612,0.34552949508242675,0.17948454493459157,0.0695010157390238
cust_25e61d49,0.8107417261199447,0.2877605077892114,0.39964287676569,0.48680407956525396,0.09789913755308384,6817.682798792982,0.3284335457448916,0.31139518129601845,0.1691234847438999,0.14348421823741858,0.15685363958261767
cust_d3e8870e,0.6302574062280403,0.5625927836028467,0.6813051172325506,0.13860754809046383,0.31245894539046226,8132.702548726547,0.5328902650514344,0.6297864537713428,0.4027894272282034,0.06306944515724906,0.08940204558258147
cust_fb861225,0.8673527655627432,0.654479075128477,0.15980065865500256,0.18052513296496175,0.18736306706878156,33481.21448229532,0.36585491319191377,0.5548129328586839,0.08421327387565707,0.2811045113289714,0.06660227209074936
cust_4e422921,0.9030440863382684,0.5668766781766293,0.1299630948337363,0.06543292809239254,0.3137126006075991,506852.38964702445,0.46514908376573916,0.6804111204064177,0.11266745073314305,0.33485067901835813,0.6535847079566436
cust_5a9acde1,0.46611435265519197,0.4405403860940528,0.34099919996983014,0.2538299652497807,0.15107894585882597,2525.301878756359,0.6057697614886574,0.6985969648516481,0.1825019975913266,0.12252597420883289,0.011869589820991575
cust_dad338f0,0.7054212808098005,0.619527077692771,0.10982869019173862,0.1683504256184296,0.34161650314468545,22257.999082845872,0.5576716983107374,0.48877730519902296,0.07483387348023833,0.35069810990871114,0.29126623674891944
cust_eacd35db,0.9011720060880939,0.7147765254311323,0.20740629231311095,0.2221914190294523,0.048356468841758156,63099.55685015787,0.09052185178784534,0.4939020763288115,0.12785865974792585,0.027322650105941922,0.40960905337341125
cust_dfb2f19b,0.9233312877793419,0.3120864142830283,0.14153091825123795,0.31480581393360607,0.6883297451117395,127046.30935890581,0.6104955132617877,0.41080598219009545,0.08478700280184538,0.2628018702881296,0.6482193695186992
cust_3ce24931,0.8003631412386055,0.4090886931531586,0.7921271418672453,0.1086322469737611,0.405059460151622,97015.95201803627,0.4335980784219647,0.7723928238535817,0.43075612021044213,0.18703241343435273,0.7471852882934499
cust_dbd6c570,0.918660682474394,0.3986478555251196,0.07674760345018011,0.4120427897907644,0.5724664511384592,1152.5578397965096,0.8466593386059381,0.3574571796071228,0.0477142521670349,0.3254157476816081,0.3224105597531981
cust_1bf3cf64,0.9930280407565599,0.5847604000890362,0.6340462329362833,0.3799107778468504,0.0484302915261462,26706.27716617,0.3983210723760757,0.34385174714763334,0.4986629240646896,0.49148386426772567,0.10130811608949972
cust_5c09712a,0.7241991426646687,0.6759890653260839,0.39407964318524447,0.2674871842672089,0.0762422742045971,61778.87508033809,0.8513853457176355,0.838687497484513,0.23277625427421345,0.2432709141152575,0.35004004199151356
cust_f8420490,0.5714758143589646,0.30455611984768144,0.18688474005904027,0.2748946454466471,0.6791320305111382,1505.4780390253861,0.5694724356611469,0.8989307910500318,0.09139621880668762,0.09970419491081267,0.14469715470903916
cust_c742368a,0.7603419347716693,0.6033962378497978,0.06303039345620425,0.47142864934884743,0.4822985749653927,26459.018817083972,0.5197420165170414,0.22749768271075116,0.023194185891021717,0.2778522958631648,0.10255899360764625
cust_cffa2923,0.7963866156917454,0.7484132992822131,0.7160610671506161,0.1348060462833129,0.22521778741760187,6076.798421385471,0.24571825298259212,0.165895867889347,0.3926963121389872,0.16652531420048022,0.14482288570153676
cust_4883d524,0.8734612207216408,0.4284985383049606,0.43186012599915574,0.39922979451922586,0.5479301379769214,1881.3390929145257,0.7245396306597693,0.16217194405198987,0.19650237528616776,0.10528621744389663,0.1305163490104618
cust_f698249b,0.784369056094965,0.7294490701633397,0.3755999156489179,0.3230546226434791,0.5927337106846313,4943.506716149993,0.6101481351868446,0.48182565914756376,0.34128189466389053,0.5698338041971425,0.1463698957887863
cust_929b7484,0.8269424762180088,0.4511432257414454,0.4875025191096881,0.40754262371927613,0.32052975370326264,136181.10920241268,0.18165745267935668,0.4965055434830427,0.39912636853153616,0.2408912790101451,0.7808875788158185
cust_df5272dd,0.6551596857918175,0.2851871286786201,0.43515092817175277,0.23674202814752374,0.6859004453356167,8509.613770882082,0.28900481569009434,0.4477868826451985,0.38982859930903924,0.2672380704735223,0.3849740773386876
cust_a300deeb,0.5951211341721748,0.45394441082027115,0.12574825168991435,0.3058072275554966,0.045581466716207844,107475.86329728732,0.5284689597168045,0.6412675361331142,0.08385149332705703,0.1585356496809736,0.6073502630403445
cust_4fe973c8,0.6405393888629594,0.48107193955851485,0.5685115225932945,0.384076738110329,0.04244902328521966,6865.13498805888,0.49658008045508717,0.31695896480464114,0.22852711885239405,0.14511450538050064,0.17092039656799451
cust_8503239d,0.8368519435753888,0.7612731418400359,0.6284451426044652,0.12482205750634653,0.173427693609548,23536.354603861353,0.47516586034098296,0.4493799940988491,0.40266727886711967,0.7168867721715891,0.07524146927020291
cust_4ac646db,0.6471973541406273,0.4742455690033964,0.7346610683447632,0.5277724779066502,0.35558065169881425,7593.015557969334,0.11316156297512343,0.7911539233721682,0.28259608373329725,0.22564492145426235,0.0895939943687572
cust_559c7f43,0.9068977708651761,0.7505100495711522,0.3010060276995778,0.18828444379850917,0.16445753696078,479.14132654565435,0.3223946003088097,0.9308683870715088,0.1764920877454097,0.44755567643081007,0.19602155454145953
cust_ab8acae1,0.5840662491374384,0.44446905732349806,0.19858680815372423,0.22738735850084751,0.19600261638186484,7673.441662351987,0.30906655229944313,0.3715384227740595,0.05392413476621139,0.363353329747312,0.24943349272298768
cust_83e41e66,0.5718203163895583,0.5112024970765802,0.9586099589707758,0.25013478481856166,0.2862705286125325,35729.876543709775,0.222334448431074,0.42674394532988397,0.7033427163031694,0.36991304492268456,0.048381188637841
cust_0df44da5,0.7490561503762869,0.4059049233285416,0.38616937345665625,0.0626622764285207,0.23173488644676668,20480.802107132662,0.25557760823596887,0.5078754007689013,0.22233723376709708,0.24056957711207785,0.0734957802254799
cust_bd90ee21,0.840337449852654,0.4574850330252593,0.6281613068808979,0.46726964643211855,0.048512335988627524,8296.243665044432,0.12107640977837936,0.37743746982223125,0.3257894276857165,0.1540556563925585,0.29642952776717835
cust_260f094e,0.8898926838304182,0.24101248350492982,0.25985629503604846,0.08488511119730431,0.20767883315346392,3676.9264782015684,0.37478506041454385,0.10871440486956081,0.20960093110759279,0.08831349612777005,0.19068529466652995
cust_c00f3e71,0.7989419028265528,0.39804027378215356,0.1314583227384027,0.08428527098886195,0.4868944347249864,12962.242460663514,0.36346636492879264,0.46273430732126103,0.08716994158054715,0.24332554407642476,0.12114608718237052
cust_23334b8f,0.8054365705072006,0.43496617195322435,0.5899797888017779,0.5231807288005602,0.4113632625008335,12763.166419833058,0.14571697176869516,0.42010964357172137,0.2967887625358633,0.2829148956440857,0.37654034457888447
cust_8ab7340e,0.5700267449307947,0.4476081554475147,0.06921996994087973,0.1248853235237003,0.35771383490704955,8347.80858267581,0.052316982613054036,0.14431706077670323,0.05309594711053094,0.18955089901786912,0.0330094785074402
cust_af63c67b,0.7881674504956667,0.34595139287613974,0.19705644466040556,0.5909594920844347,0.29273307208451543,23904.765724348777,0.33066426487842177,0.684799189620444,0.08953660824344095,0.2852603568464792,0.21719507228010265
cust_ea651cc8,0.7510096298400895,0.38833582915210657,0.5365631064338581,0.3446331417467576,0.3619021116856563,24250.6658361451,0.2323462402944356,0.4653264050077459,0.28057904178551596,0.22527304919726263,0.25808906977597723
cust_3210015e,0.8492816699052695,0.597921947028534,0.403770543449894,0.4711321420448886,0.36545111254509316,1909.1081282217078,0.12433532717242346,0.5574626415050975,0.3823733817901241,0.022022209734665895,0.09593057142058317
cust_e18293e4,0.8999035907253585,0.4131677833264815,0.37536939267217,0.11930279609386776,0.5372189834630945,15029.388561760528,0.3585243716043468,0.3243607444023247,0.2946392750602512,0.24782231112482256,0.4727747855378496
cust_b3f225a2,0.2948112018359216,0.3593428797499643,0.7198008687863435,0.14664450433938794,0.2059063610162549,1554.3816501720194,0.38479634217245035,0.428433861962824,0.3697716544110951,0.15556663647202626,0.0014940354093712868
cust_c9fa8bb6,0.6696298131539934,0.18647981366739896,0.8088752701084991,0.2538441939780411,0.05586968672272086,121373.88615877616,0.13161983185037474,0.3150962604504874,0.4406206425949332,0.0511107857845927,0.5119375077355045
cust_d23f4bb0,0.8747609332731137,0.530273047891212,0.25054610890161944,0.27929784087079385,0.08675789934032174,174672.04478847166,0.544632449305489,0.2206696023836856,0.11413398475596766,0.2888354749905988,0.8134774782370394
cust_b623b56c,0.7705883407646665,0.31426134941115363,0.3443406403835935,0.345280210324527,0.15891663617525206,31702.95429806922,0.18374093379142764,0.37441733789070514,0.2833855132425007,0.06390774743430837,0.11776412351374799
cust_737b0282,0.562688100254669,0.5296890115920746,0.3712537948016553,0.1560416238079072,0.6875601454960271,18732.074932320735,0.185412828683372,0.31291847929828265,0.344652338976143,0.35295157381942205,0.07670603653379712
cust_2eba362e,0.8479087374928262,0.5779766181880133,0.698416725501518,0.3279001168339693,0.15589047598058256,33388.83350355876,0.1330425906045627,0.5459725184025837,0.3352532176298893,0.4000953516564636,0.5012107367323386
cust_a344a4da,0.909958406217657,0.6299336891564195,0.2175837020263504,0.299798510917474,0.46266628349313804,50082.34563163745,0.36556168725942256,0.9582509643172273,0.11374625405773282,0.30165971606527825,0.7456755470293137
cust_65910bc0,0.9259117923676227,0.2006349549628117,0.686474130745702,0.2581057667342923,0.523937477468667,21172.239838784535,0.2374623393796673,0.8193482017901598,0.5475827232159457,0.13845081728262057,0.07612128468218002
cust_31f0f32a,0.8681312283823471,0.4587401016270043,0.5797845819061184,0.435745229231652,0.49737902464252437,32508.258824815704,0.36305399069080807,0.5300345735328204,0.0987878811483578,0.3238234524983602,0.27825608501415555
cust_9612a952,0.2561130241903654,0.5943773751709013,0.6094159376364296,0.13411597450892504,0.27318501648389587,174840.28068780946,0.37872309405685334,0.7280622432888307,0.4064850021440993,0.3130602781327626,0.7437587450828396
cust_1934331e,0.7248284553087674,0.7961422680656124,0.5663055309549323,0.16399058629474,0.12929166984632756,212168.90442333024,0.4602943035445316,0.8117764433763135,0.42879596510716206,0.6194831911338353,0.6527125163919153
cust_fad6e81a,0.4922100091587172,0.10191710524282971,0.7305572920374878,0.04287504710138086,0.3826609702715755,9674.183341146281,0.1551656541032953,0.4880087251380111,0.5383257903724402,0.05929860739900623,0.17457765666637293
cust_4cefc7bc,0.7797083613876555,0.30920475653823015,0.20253441749856121,0.6171893418783498,0.46741313274473684,76556.23945724397,0.651019988431414,0.47373365669148565,0.10244130924195914,0.2798695316694077,0.6181616668038811
cust_c928f308,0.7282890144536531,0.24792221526064218,0.2619050135521575,0.215506237501488,0.6433173355234618,405268.67168372363,0.4905024541648634,0.6232156668530733,0.2062777777074842,0.09402404742501205,0.8777886525065666
cust_9f32723e,0.36602833598995244,0.46011597496937157,0.780288462632712,0.1372519003101956,0.4764274142965207,6795.957490956583,0.6433477993554193,0.4306386405841634,0.20681570169929336,0.1158769857679877,0.1784157064730694
cust_1bac8688,0.678675001668195,0.256236591762493,0.12893293987709614,0.515433809464558,0.33561005982717135,160529.0866215684,0.22374108152100988,0.83329075666957,0.07047091997642686,0.20445044846237692,0.8405436082083858
cust_b28bdd7b,0.7975219632223065,0.41121538890425235,0.5655955729785453,0.24081278352784002,0.3945492329009024,31670.36791716488,0.22993359612565462,0.2833631043050537,0.4971552830091798,0.18517744561012295,0.2873351367709307
cust_9f054088,0.889881719030267,0.5776075257645678,0.24637087701938168,0.5396929158383268,0.5693333081585437,14727.980625956232,0.6118154510868374,0.40603910893274636,0.0841111009617076,0.16533924417505935,0.029835722100934804
cust_e0d52dd3,0.895622855527693,0.4600154032122793,0.6446622044707347,0.13879524086798267,0.09200710495862527,10871.645943161697,0.539939938445048,0.7192291890630743,0.30896377593819924,0.18493855789021305,0.2674136614322443
cust_31a3bbae,0.8146987521267707,0.6538101452049361,0.7674282003901017,0.13410457177840623,0.25107502005160026,6793.463290618655,0.07759602609428055,0.3473960451877707,0.3447503051874736,0.29102607308449635,0.489268936955886
cust_c862a09d,0.8036741179986573,0.15709621346506983,0.39267662327900704,0.23735935020727317,0.6072036809726179,19175.469080835006,0.39473646773353255,0.4722129224984608,0.2506927681785003,0.04469846971711254,0.00852605111622431
cust_6f71eebc,0.8449596821627077,0.4527368817918465,0.3967936898851015,0.25362695633080423,0.26902839495918074,27283.075462816767,0.3488094336265191,0.24275727033988817,0.33622099900819424,0.1268784246353655,0.05129494386550141
cust_bfeeb3a1,0.4706351537501845,0.351345763858897,0.11568233870270293,0.17381809006783006,0.26973176737017,7356.904169309078,0.47806450565875525,0.39929632984647745,0.09919447255973987,0.3289041911867346,0.2048630489306588
cust_c47687c8,0.8135694879101358,0.7135877037910763,0.7986347666585965,0.25573111378460595,0.4302223584203701,14971.077354601079,0.057116543427595236,0.3138956382754451,0.2729178183379055,0.6183415305277878,0.44905479607360227
cust_e4b3b0a2,0.5719582479736259,0.2167136141717592,0.5437815232232023,0.3441180326418738,0.16511518954871326,6666.431687089899,0.3645145132670507,0.4023604664560099,0.3581272868009511,0.18688333360085085,0.4858077306115298
cust_7c724635,0.8124764384699983,0.484883883118079,0.6520204963962716,0.3102292154880107,0.1924914242967518,5868.393913445114,0.023791612671452533,0.3425133179938558,0.24531625898619847,0.3304922774339382,0.016463365692803482
cust_128354b3,0.6074747939246775,0.48016157405795734,0.3070734017488291,0.08157749055202564,0.5329279257367988,10073.17759119622,0.039346427063247535,0.42505943871543134,0.21752824452373767,0.3234196250782639,0.20586362323038415
cust_8e887a37,0.7236560391570355,0.6625387457935983,0.566541101784158,0.4168621698847616,0.2629422340708997,1639.0101203569438,0.1638413247682063,0.8350390944865653,0.22760741614171223,0.28122961606113567,0.16393591623830728
cust_20fa8170,0.6864942353922703,0.510455268661892,0.5256261189032955,0.39959043919556764,0.2800185164315282,27759.597665520847,0.07712403284047716,0.7831595487505778,0.4937388135262525,0.12151989398553802,0.154659107466421
cust_369d1752,0.6123910964754176,0.40090973418787273,0.11642654281957557,0.0812942919307423,0.07125858373184461,1123.2064310682567,0.2671483816137522,0.5802910083813266,0.06826428018091768,0.3121642649488531,0.0369642019411513
cust_c42b0f49,0.5806923642449702,0.3188327823006829,0.27343230780889294,0.2070370630429191,0.1908300303966005,21567.011544385623,0.34183929494766463,0.7725866775335506,0.23605328679354085,0.14377878844551506,0.0750859154503818
cust_55ee08a2,0.7580249541311643,0.3620318899819104,0.29068238312727285,0.27239812887732884,0.7270677503135088,23437.21472491895,0.3134016769416081,0.06969180828889128,0.22272423816033243,0.18345802777580605,0.05039916960734931
cust_f3627036,0.7037826658356646,0.7390492595688422,0.5838356172901042,0.35033676868697,0.49337251213499617,31571.561351748325,0.15515663540975505,0.5665037001723626,0.16458577038326702,0.43635132011039346,0.3348471941735692
cust_9ab75cd9,0.884793777655838,0.5732291758397187,0.26023693001993375,0.3818573681275147,0.14749999144723608,225745.33181395486,0.45244736400716185,0.49138650725593663,0.23737979203516865,0.33306063171130923,0.4636670388474709
cust_72b1db22,0.6847238021006977,0.7687828433909982,0.18764716066562626,0.4937392642301066,0.036219722589771915,22141.085805638184,0.2921338626272842,0.592185960634174,0.13636073837686763,0.21906827855548447,0.21482674164723695
cust_cad0ea5b,0.8696630988242708,0.5886302497218028,0.1492743861207731,0.09188821256676524,0.1565105842854428,8962.36902465231,0.42959259614022993,0.5158294871270414,0.10526986967200545,0.49658029571543105,0.0057926290793533135
cust_4d8166d3,0.897753943312967,0.5097664301871107,0.5544271241487412,0.20966519759863428,0.2958378970816929,6330.148188150879,0.28949050052293185,0.5499858873181194,0.30427318120935815,0.059032919316091316,0.5908287860322531
cust_29da1c76,0.7244673765702929,0.4174785424435735,0.16810151139596477,0.5344807242033713,0.2668559477303716,16157.171722581843,0.223031455033655,0.527986529583558,0.12645108042148004,0.11333555820574427,0.07147602362863988
cust_3b4dd3ed,0.5676158643284152,0.23228257482884043,0.48868816205412297,0.293201077831784,0.20153021336614377,9037.482733052599,0.38768727257917895,0.4250715017158386,0.2357754136604686,0.05589655624414321,0.020652660272803176
cust_9791058e,0.9165762740732929,0.4300943781543058,0.310459127923196,0.25163493806844534,0.280466209685957,104609.91826378263,0.1684674103430328,0.7217106421084843,0.19127301186294376,0.19712164897242743,0.5147273174015454
cust_3e906d98,0.8308723190636289,0.4686522699424889,0.16776037279885578,0.2444791224305252,0.3945808360231586,21530.04973130002,0.22835613049845557,0.5660393573254981,0.1018990220244147,0.39335356609277217,0.31006998054297896
cust_ce4abf19,0.8591042144665864,0.6564475801731273,0.4844519171119651,0.1374519265827686,0.37512687584393256,92982.62520581632,0.5252058266502206,0.6101961121157761,0.44781157923835624,0.19629471937233706,0.5635896443062042
cust_63908d86,0.8313781947407898,0.5879207431992238,0.19485337175926573,0.35739473071420297,0.14549220367160481,5509.719329206464,0.1390570132042012,0.47540463864816834,0.11479999321630763,0.38908114227330726,0.16737208318735153
cust_fa994d98,0.4868286969536064,0.384998407246848,0.3293255130510905,0.3626266056898579,0.21996072098661265,12397.20152973836,0.15669650885470546,0.3008320067703934,0.20268534789722759,0.216565272953088,0.11515933008762795
cust_e996e0e8,0.5231162452019937,0.31815494851067294,0.4719405404995941,0.4676699447845014,0.15672724334858226,17848.97855863218,0.20239644943892823,0.5762014770507446,0.37278928441629755,0.08716180565993424,0.06395946599475082
cust_8209026f,0.73909760980957,0.37358088160714387,0.16644907629102748,0.10434865717382784,0.6360937186554588,42621.31748598724,0.06931844288636121,0.5105685699549828,0.12440517359373557,0.12704549702879778,0.10369304413539439
cust_dd5f2142,0.5441114405472168,0.527340224687379,0.28953994663137905,0.3820287825889486,0.13158691595097533,20834.00681350876,0.3702197230981857,0.4314936168020193,0.2593240026539445,0.16987402513676983,0.21159389162457756
cust_49939f71,0.7196783437372917,0.34525028939136637,0.5204182087613843,0.17733769501732538,0.44624492242553454,1125617.0966927598,0.34522800717520424,0.38909611848793557,0.2369573036280919,0.12206437709154877,0.7163609160236832
cust_6939034f,0.6346010380717456,0.3456560688914883,0.19401062828089138,0.20150661725382654,0.17360892767326114,124897.88300668776,0.26217021955377473,0.44055452118865696,0.09465493567310958,0.0805843741522815,0.15135998483923313
cust_1df0bbb2,0.8857898512853419,0.5843269229588841,0.37470705168581464,0.2912776778384005,0.35811228472971307,3540.535185915123,0.37787958058579874,0.7174444456286689,0.23711291624551606,0.22202091458215795,0.1848971715802648
cust_c3f34ac5,0.9145456529246143,0.31136269781383086,0.3295820058582186,0.2009909119958071,0.2212620404821949,776906.7181752527,0.5308708407890274,0.5672701343341296,0.2184967587859022,0.1724523274803298,0.9223478046053312
cust_e8c90378,0.9014871525688158,0.6344353454432932,0.7711730203821152,0.24965923929837786,0.3161830644230708,9474.902866178496,0.3668475939948675,0.38880171954144477,0.5039597754267974,0.16601335851693938,0.0888985725042137
cust_401fb8c1,0.8145849911732393,0.7127820354170027,0.3334253918825314,0.05540061537420617,0.5130235400474866,77457.06983616266,0.3522533436067412,0.5545154282747847,0.1693433386928924,0.4925815546731466,0.9850949432716624
cust_f14acc68,0.6512575132338396,0.654646875847038,0.27560364156993994,0.11366907084342695,0.23530910998268342,40735.100564785775,0.181132328790777,0.44018180335879487,0.14213091321031923,0.3648209925587972,0.21649951540803825
cust_eea71256,0.7380698767486994,0.34208013900469736,0.4307681998924753,0.13688109774708096,0.7598504250102107,64360.29409183935,0.09330073762058896,0.31319470695609725,0.32829693270685306,0.26865169520372095,0.8305368684175128
cust_68b833d9,0.8301736336132662,0.15629990979984612,0.24859754147211935,0.5120638522685987,0.3679825621394228,6223.139163641565,0.16663208220311132,0.7267137089648652,0.15602549374192826,0.07633926483829119,0.06876798824213899
cust_4fcda00b,0.79203266414767,0.30979751955028656,0.504050287778961,0.1257737363215369,0.5450259573982458,193648.43390624927,0.18387510531761656,0.5236631093321821,0.28757806011971515,0.030016223292636587,0.8962914754331271
cust_0b50c384,0.6780127164639346,0.8522508467710985,0.2861062791269625,0.44253487006751724,0.48161989180472825,8906.800895201113,0.3055890132695594,0.5457636062940479,0.07022864232877224,0.2563076553095288,0.1215907554994064
cust_a6c3df84,0.7855577802407775,0.4851774099994592,0.43539688743672933,0.24764149243427727,0.16212481482996305,23665.092289173754,0.2826582163055578,0.3458347491158715,0.06354842889871999,0.16065877034772028,0.21785934538563198
cust_8092591c,0.6294354827344554,0.6377125731293799,0.42162135807686413,0.32766047673027077,0.7010845312993481,24393.028979882747,0.6255121674837698,0.4915879596261459,0.258170810420111,0.2709462424399116,0.092900175687272
cust_efa6579c,0.7639652953004198,0.5450945232308425,0.23454539551462975,0.29916715181163955,0.3648216277835918,48675.355699688625,0.04236711666893047,0.3257858644008294,0.18143396113875296,0.35717592166878026,0.14014873968732153
cust_3d338eb4,0.858884015827957,0.6432643101995775,0.21947390086358617,0.22486807630374644,0.04115480862528837,9060.208800113194,0.43520152149004604,0.24779262604513855,0.17866389773946084,0.15851463649247374,0.25750581238075043
cust_363b4b0c,0.8141251788647282,0.681215981472649,0.20154806276269935,0.25154725145153634,0.2894856140039717,6585.357289710796,0.14319609679513184,0.6906608165014364,0.05739377413250641,0.4638917552867891,0.23051471943106513
cust_70464a47,0.913318230823567,0.4100586271930405,0.5286080291201014,0.4113051418439522,0.6006996225346234,9277.685665950166,0.20830095928167927,0.49939536113592015,0.39199663507008653,0.13491141585646116,0.39087934939058944
cust_7f40bf8f,0.5477263351448096,0.8696973906798858,0.6912438140128505,0.28953488899544394,0.4045470179491472,91381.59078154633,0.3276516516661003,0.4095219802790352,0.4283567642469167,0.30374216489121736,0.4161560340281865
cust_131d62c2,0.8138282365405313,0.6829284039652403,0.6738723448690759,0.3209616482273507,0.634130398222753,31920.914621386844,0.18761410489538366,0.6931908985946016,0.5057481411350371,0.35624955198022823,0.30247619586859814
cust_961b3edb,0.5895083569576053,0.7922455547576748,0.24033282074064333,0.13153968313988768,0.4817301879179056,43049.87639045596,0.5421478957204312,0.8659851947905477,0.20681462961769947,0.7637554338360117,0.39705147370000493
cust_2d6d8425,0.9661931120324254,0.8508374504973616,0.3652129542464544,0.10296085322604762,0.3926202008094687,2919.3527283643457,0.1961888045278579,0.3452547461196217,0.32700027672271614,0.48578276468328196,0.034827073018295775
cust_433edd82,0.733906501531621,0.229989914552231,0.2009236212880713,0.18427317651625771,0.18760354469822096,27682.063454993928,0.66788259005619,0.7245578739028024,0.12285407262889363,0.15645711332563453,0.1898861172693029
cust_c1bebf3f,0.7519277925709944,0.5358127211745711,0.4363753441775241,0.1524829761844544,0.3047524658644562,12203.428017225113,0.3068911431530036,0.7546023184116838,0.24384902719563775,0.3766369002238488,0.12828007759269283
cust_75f9c6d1,0.8555953553873751,0.39824277939664815,0.22552141801120923,0.23317072988892695,0.3551167129689894,145150.55803683985,0.2713059235358018,0.4795182165244575,0.15219697123344245,0.23677767785427586,0.8641197508881591
cust_aa79946a,0.9454195388355805,0.07056559528192843,0.2970819975303666,0.36009014094388375,0.6169064995702248,2839.117899917503,0.4219491426716124,0.42937474172319745,0.12142804397034511,0.02193397425932577,0.23041603701278032
cust_bbbd1571,0.7057195245049735,0.7635608348039605,0.6236492955907424,0.15589327367119118,0.6145116575070257,100882.6052776374,0.2691520604146315,0.20706483868409964,0.4443006319454893,0.5533945490425667,0.42846570477212864
cust_352d65ce,0.7189465964768601,0.5563406398690421,0.37523442507627414,0.23488328610948736,0.47042954943836907,134913.17336737586,0.240095983568888,0.9139101621708431,0.24812489004842558,0.39302311147880126,0.84513378251852
cust_c223759e,0.7954426598036898,0.8529773658735823,0.08523394982192799,0.039474101600924294,0.13142750098948516,734.8125922912449,0.3799375002223008,0.6537923873024819,0.057204090376689415,0.26602863548759237,0.06200781083092638
cust_0388f81e,0.9157065306163651,0.5394863249665522,0.18890005905402754,0.11861254229490487,0.3553766621588246,11361.853230220597,0.41481285196289297,0.5585971009366519,0.11146144310260106,0.37320060202263966,0.00811647709641502
cust_490788d6,0.6848522271869563,0.46224119265118074,0.5183571994003127,0.07562036379605803,0.2787163566624941,6114.557824868245,0.09945884825421865,0.6807929155713272,0.2797654939493501,0.1280239114034939,0.038378128363649275
cust_44fd87eb,0.6729150950502929,0.753271245762115,0.31090297034451336,0.11637612846848557,0.1411679272077561,672.2648777409829,0.21792681750860607,0.2245075336917812,0.10016623140337111,0.47228137072082665,0.3262717733349999
cust_52b9003b,0.8721246970493078,0.43671233722853875,0.4992237148500572,0.2717667020247954,0.48365955337540495,11529.429999088261,0.6053223014861525,0.27557023368990363,0.280524667174198,0.2742775130149933,0.31612451691090365
cust_70b212c0,0.5510435537232836,0.3573271637333065,0.09041293314508549,0.48266708344897247,0.4572536136334865,5679.455934187385,0.4310762141877022,0.404171264154523,0.016473787735286675,0.2618744563869495,0.10424226262494508
cust_177eaa58,0.6624886459043957,0.9059898863458673,0.8150726671235917,0.26728764835311325,0.251811998410506,3552.2758847603895,0.1368444437716053,0.5344311554816875,0.44153039311209524,0.31526957678414186,0.14477256806355493
cust_da38978d,0.8155049308923278,0.3809329129887526,0.2456563215698834,0.04692855139744205,0.3588687603317471,51537.216800723676,0.6647406275104707,0.793211862975204,0.09885739580277587,0.2996127508940967,0.8531229585086159
cust_965ab6e1,0.9396606795245297,0.41841653469055806,0.6421867891495576,0.3315114282660566,0.4452785975918206,793.1387356067689,0.05543009159842431,0.7349822825678052,0.2508625008683202,0.0643119570726201,0.2683187078981009
cust_441f85bf,0.9479428532524736,0.09766375745617983,0.4745483868840605,0.19020653792404782,0.20391725774529665,11814.028480781366,0.3465149707192279,0.7854564287210232,0.14074066509088176,0.05430108002724171,0.014095429427999746
cust_a6f595ce,0.38477478697455064,0.3360550937573468,0.3018703935166604,0.22393692481534555,0.40770948913600613,59660.634030724315,0.49289849077024744,0.7361823287231848,0.10320250306858324,0.2704858273168022,0.5903588432600713
cust_e49ce5d0,0.4921809640503683,0.45744663240507033,0.4419828864381565,0.19865239077403352,0.24635304618906156,82562.41320974052,0.6967423682352087,0.8051907883665265,0.2952277097361608,0.12858075015278544,0.5495254622061071
cust_5a073c1f,0.6708554965345065,0.3343080065324592,0.3603021531937115,0.5015342946700545,0.09144760258345198,23177.111192384735,0.5248671359262018,0.17788242078766175,0.34790908027849093,0.044786895275672776,0.015544917197555824
cust_f830e7a4,0.6932643621002328,0.7440701580209872,0.4509462798053132,0.27804365688513977,0.20573442469624417,26801.925921844464,0.5802548486483969,0.5223496029672419,0.1931350789971394,0.3327917137266303,0.17042124289489455
cust_b501ec3e,0.8495043878453985,0.778955453210454,0.2730650942267833,0.10064102178993177,0.23638107997572655,26016.054757797505,0.12315951071578013,0.27657838031396065,0.21014394547247778,0.5460383315609437,0.3371087601758244
cust_2b4053de,0.8533643311410553,0.6025168219867435,0.6281973277889682,0.5861194328016244,0.24394721155429197,9878.014687423089,0.3931752795313503,0.4123313891905818,0.18857898248868551,0.2226034061050809,0.12169445307910622
cust_8a55051c,0.5947995914043026,0.7347265442783849,0.10668853240852098,0.2499061708598668,0.1141755832716301,15106.88263217764,0.19328065028982006,0.5787268048548708,0.020685819469293293,0.24934457411241517,0.03888222950719915
cust_39fc7470,0.6830842865188772,0.34609269556692823,0.6107650940112146,0.3642123150299531,0.06302676454477005,17010.82137626403,0.2958640001742934,0.7189399533182416,0.46095334146993616,0.1417348117511402,0.008465950384513936
cust_02a464cb,0.7505616524943844,0.200251538402052,0.48724568726527645,0.06280739069166866,0.07401105777558725,156097.94609512447,0.24026347193959402,0.5086014522509908,0.29463202959828527,0.06046503685372605,0.7072926316460331
cust_1af687d2,0.6006451170623835,0.38304042761023405,0.6392211759037019,0.4002412629001604,0.45205633304741377,68418.24507533532,0.41361559602607656,0.2341234464185673,0.4670639831340194,0.23310441490628608,0.5747836708441905
cust_6d142194,0.9186523589445468,0.6441586260179271,0.2459605067445573,0.23723727522448412,0.33461274678137654,4521.5175612434505,0.34627514671124293,0.5979552173745436,0.02187668265412325,0.3124469099997511,0.013911257237288227
cust_c86c8532,0.8644465306643633,0.40620026670741644,0.7136060896587814,0.2394752004380571,0.6189621247704882,777613.0468849421,0.23601809398486553,0.5952313065232919,0.4819795082696759,0.31291695717548296,0.664446822232922
cust_833b999d,0.8279252268923439,0.899433560125095,0.6741679509344659,0.16548987806925433,0.194959531566307,25727.482199388367,0.2493440681659002,0.34133162127857775,0.2972123929936001,0.5897267225858085,0.33137868245769025
cust_e2f1a462,0.6869268721833544,0.317863285130356,0.4873880183312666,0.2663219474616088,0.555925950401214,34339.810711797516,0.3755287895565773,0.687035421605382,0.24822798293297188,0.12113726934850615,0.3158218146070279
cust_8579be0f,0.7879890891762577,0.6362370108138693,0.32224135306479257,0.7366923663062768,0.46031508147031536,82090.89261784474,0.7215835952023101,0.4246735190346048,0.2104073545542997,0.2904585294757623,0.8342160619210254
cust_242b0e69,0.6820466239915253,0.37502613348907854,0.30318753922933245,0.14994382958089103,0.2653266701464851,22496.09211441891,0.21822592681067313,0.473765024619135,0.18893000854976844,0.06177972724942838,0.07540703028034842
cust_727e5791,0.613609120255819,0.30253690188920823,0.8974542484985033,0.15040953667540563,0.11048177492867757,26195.98380429105,0.45549425280859096,0.43482341271128494,0.4567667332028543,0.07376860023049661,0.3478038201664782
cust_de699cd3,0.44924060820325734,0.6588289648249653,0.15292178634447498,0.5095536612840977,0.3891579313338114,29943.181538961733,0.2583266654956519,0.4130092151042346,0.08438525536644861,0.4570680721694828,0.12575240498074608
cust_ea9adcd1,0.5728203280177085,0.5884179551488956,0.6128118991965883,0.07625817625486907,0.3141116397883748,49082.72460009477,0.4207605646473332,0.7243860071744974,0.4951541961097164,0.33954779428320236,0.08554427364473295
cust_606c1280,0.7625889592783707,0.7283588949006047,0.7806812467984274,0.23599802017557484,0.26947387398260564,11403.833434047374,0.13212332952250413,0.17877569585387737,0.6775567746661995,0.6125208320510387,0.05170475717446075
cust_b53caeaf,0.8748505780777137,0.32172112913594264,0.34368187423358143,0.42225827855389203,0.3955867336052163,6379.81349394987,0.414967181773565,0.5915293153807949,0.25028840382884937,0.17389740029395556,0.2797716787057867
cust_4c5718c5,0.7911253220665618,0.1868202935174062,0.18172433919483347,0.37161405006606085,0.5603828048530639,20388.015761861367,0.4225317117975482,0.4941602653413228,0.14253820495145378,0.1598026358855603,0.012585182431798488
cust_b26fbc74,0.8288508191281231,0.5291968376518398,0.4414105537005292,0.19796172153416097,0.22114760051274007,19613.525005867865,0.21704596367472756,0.4998705530310961,0.24278224648792573,0.15608780216230578,0.029007525891519073
cust_b29d4926,0.8490804696134152,0.20472712499776782,0.6583305233542506,0.3460589989892737,0.1826994684272834,967727.8865234917,0.08170901798360782,0.5970259541086778,0.2575378260042152,0.027006163605662607,0.5423670506474367
cust_dcc19730,0.8477214263154379,0.8993826535451934,0.4478467604937371,0.14992073312254386,0.17427174206514995,81908.3381671199,0.7381626761226375,0.6262622289302626,0.38421375157045745,0.4387443628905573,0.3506122020092309
cust_084f5655,0.9155603656532055,0.7295636483126148,0.3951674259111547,0.5231214357952086,0.5626119438485467,5394.313426392081,0.32374956420490564,0.8186334362642549,0.30046427716794516,0.6007574253967095,0.1757443579935549
cust_cebb0d89,0.4010080428443002,0.3365269456168408,0.23769032309939195,0.2846448418434196,0.42167189970593777,8381.373270314594,0.06285877860825642,0.6264821906536611,0.06977666210160821,0.22267992152876534,0.035173618009727056
cust_63d42a01,0.7682768312027363,0.6015772256667543,0.490457117425341,0.3765627159927506,0.06764753336602977,3192.7505882343294,0.19299460310703836,0.25657871250468084,0.385749217474387,0.09400088783706449,0.16146366842210627
cust_0d5f7c24,0.6581443077374529,0.5541861260534461,0.10110439886326157,0.5688525989691404,0.436404115009243,40939.0320515255,0.19638730099482407,0.3354576131302581,0.04989630374028336,0.10656917610247857,0.08402918557811223
cust_af6c06f6,0.6324867439857746,0.27306683969889856,0.2138702203657121,0.33616670679096095,0.2501624562975638,55303.47609301427,0.26671839418785454,0.7313241444034422,0.07880970186221811,0.17009003400330897,0.7649354160284156
cust_1426d84d,0.7717438515669098,0.48159703590118,0.19722143198817377,0.11284483238068371,0.3396502616230855,3032.69420072957,0.09691323030894855,0.6441126820608726,0.09427524353546773,0.05946406337344247,0.04509323799829286
cust_161962e1,0.6600150905532348,0.49853744638253805,0.5743038685571143,0.3237586727218763,0.5086839415436312,100421.41684810435,0.09609586830837598,0.2903770203093427,0.22906022728666983,0.11746291265745398,0.6300821701707411
cust_a6226cac,0.6479095421591499,0.5202602165605349,0.568252925821223,0.11802465569015688,0.32201045537623474,872.2421829198438,0.38770878749305865,0.7081144828566803,0.39248620846575993,0.06036455215683369,0.05716890048797858
cust_6d2deb47,0.8556822983681968,0.5324595089403673,0.35186437550227045,0.11297094619515059,0.6034991682161979,1265.710398118656,0.45925570289525836,0.2514299019410845,0.2935622542066211,0.440090345465159,0.022928620307873234
cust_342eca81,0.7270251945966097,0.25869098104051874,0.7363282296472354,0.3083106575093883,0.10119136858568763,35254.65620960811,0.27807037702168,0.07597757189271204,0.4457456023123391,0.049002348185569096,0.37906807433444284
cust_fc8afce9,0.9127332518715406,0.5268046762877251,0.8150329401190722,0.05258015968622678,0.45722234716114635,23767.259107845843,0.2862402647019455,0.7484763691234565,0.3085091322669005,0.32041462699373313,0.07716164495787818
cust_c14018c5,0.8624739489608458,0.7434197725202699,0.6238223188603612,0.13573394345732467,0.1855207434203892,2187.8534657691816,0.2771132064394826,0.5164146101768916,0.3129816538585325,0.10767818411584693,0.28588851162737994
cust_cc7b6509,0.7876032387476526,0.27370955126960966,0.5876687952060953,0.46698891997894443,0.05504999557220748,16762.552265911152,0.19739869109089106,0.5222921028365781,0.3899056386962913,0.04820374947267548,0.6036023541652914
cust_cce14d5f,0.8966498651160586,0.5235475777523354,0.43785445574628423,0.6475788056392496,0.5549458203639168,101541.52074228428,0.38600104097864,0.5379286385274469,0.23676404890918232,0.3671968391613618,0.6064440483270438
cust_6e814392,0.7228717645792518,0.13485782309399177,0.6257979546523078,0.3164681545963719,0.2344674393032579,42345.70904310815,0.1801592192524864,0.5622570697606328,0.39254525809701274,0.09471808137247696,0.1335929805046507
cust_3ca6802b,0.8552999212877933,0.27788839953030253,0.18222236089502886,0.6488874361957464,0.3409769982621205,82068.60748738873,0.28729474765234,0.6467189069699537,0.08948157246416537,0.14786408467593343,0.6783710888882866
cust_8bc8cc77,0.7190443972335894,0.3901354314269547,0.36038667289853427,0.17675556660519717,0.04332976141479906,161328.53413065543,0.37169166918188384,0.6816151416652244,0.13796506467473543,0.09522994881010312,0.7801835795720777
cust_8a13337c,0.584538306294676,0.4464893148131942,0.1937757434304779,0.3841837174690171,0.2301411214489264,5209.1571003384515,0.2226917738847556,0.25807409286969774,0.12972844193153557,0.41347983874905353,0.11649089647588372
cust_5f5a1ff4,0.6359021532036486,0.6474465184862966,0.5518531297795999,0.33396299756323816,0.5529719112042044,13887.590947066084,0.08052236053954552,0.7143593863950328,0.18155150958839614,0.2494111221650709,0.03484335412533112
cust_f55e2d76,0.8982690959335716,0.5922055635827916,0.25161744953324294,0.0884985664069298,0.5740120057061224,76930.65941422842,0.4372997149705548,0.515967338121654,0.21360986218840125,0.4766279074571367,0.3173325199687544
cust_3c2192b6,0.8038227168335129,0.5943653581941375,0.5340463090023106,0.3086221541287121,0.18495695580838212,1268.4427478896355,0.5484184020441699,0.7076660765117417,0.3273201187700639,0.2512047934385266,0.017756606373581445
cust_529464a8,0.670644453028939,0.559564840440844,0.06992609256282546,0.42229892255583334,0.2957171093013706,6826.303588566569,0.38697212280782944,0.3238353629722143,0.022252472351194763,0.2984973068211667,0.08475846800995528
cust_b3398f80,0.8889757083725623,0.5688175843066396,0.38961328520695526,0.3934269361408777,0.2507773422481991,180015.53374563987,0.06440188979416883,0.7844457317309469,0.12928585005808785,0.3414520195931161,0.7692877005819876
cust_2c7fca87,0.7638377563602267,0.16984780324851845,0.15317623912421577,0.33405156928166607,0.5494828200174646,77792.56643957047,0.32930458948265695,0.5035653898111526,0.039204352410127145,0.05579959655560774,0.9324361172569868
cust_d1dac9ab,0.7828003720945592,0.6933514645372854,0.5271188000333407,0.30477766131823425,0.21247454329248794,448458.94682106446,0.3269277305247525,0.37868393239165693,0.2788941058206679,0.569646119095716,0.8527093400134709
cust_fab0dddb,0.8478015854904257,0.3823015624707194,0.35214334834920946,0.5047420029591105,0.4108592233695081,13839.578176246727,0.6053362601814184,0.6666344021311428,0.1585962436386302,0.26968496680137694,0.29074682816647895
cust_cd9dd41e,0.48777002851795537,0.5809348473462591,0.5378453339609908,0.29289413125938835,0.5107785474940382,7645.166938185539,0.3151854221075815,0.4223589112764858,0.09065089544982631,0.12852828277889825,0.544539100681001
cust_b5990859,0.6384774709956123,0.28916809659499637,0.38278148715772253,0.2698036990453771,0.26905324709236733,3461.0700215912875,0.5077372495826854,0.2983658094689755,0.23559488878470658,0.2607062322751591,0.03067653127639374
cust_581829b6,0.7010778907621035,0.41719458855780134,0.5664737944900622,0.3649824047537893,0.1483357604608463,30148.081797692543,0.38941944565503556,0.5764049056584823,0.27939732677002616,0.2957369075549267,0.0402728823170542
cust_a0ff1bae,0.8807633537826365,0.1244954477629089,0.5027302026819707,0.6866665120288455,0.32474192709099153,33797.49254467151,0.14807633512066534,0.6293476380230857,0.09056670725000034,0.029882537633289418,0.3002045064086355
cust_6f4b53a2,0.935918720986858,0.670925771511954,0.15134305944390636,0.04060227415151603,0.6599006590176932,16696.535896793077,0.21451384811621166,0.4314626123577685,0.12131976229981886,0.47919104510079735,0.32520837785785955
cust_492cc774,0.6531677403476656,0.46781795310462626,0.29380660996869207,0.31926550492950273,0.3565214343606918,62917.52511199748,0.5663728768389531,0.8881967343975853,0.2258464020245946,0.2666832794056808,0.48800771953982713
cust_cbac4a7d,0.6164178390077314,0.5872951810485041,0.7738332079470212,0.12012573309958675,0.2276101048192584,14040.750722720008,0.2870091910405179,0.1318242770499334,0.45709211870639604,0.30288971169457,0.4894827673991691
cust_10eec326,0.9176150150671956,0.13005599531592762,0.27695352198919193,0.46338461899091493,0.30678154584054756,3950.2601454853484,0.3371515813555161,0.21133206554606876,0.13911142169214846,0.04678335966132433,0.026247283542262266
cust_409b2a3f,0.916421520882619,0.22549858811061063,0.14840092074441288,0.28096036160344656,0.42239883401341377,184953.7277895869,0.2999112867971347,0.23651037915830525,0.12287116619768677,0.08435269361644429,0.5027262853586364
cust_69179935,0.7054477487359792,0.5359979705078931,0.27722408715399083,0.4462961359059766,0.3049800279541891,70716.88899443495,0.30794045706887874,0.619556848909485,0.15770169561736927,0.3888977557138015,0.7749069000247548
cust_d160b255,0.5529623570209717,0.7303616922598196,0.4173613717395429,0.5522410413299452,0.56460497843898,455282.31315458997,0.5371940725536463,0.28394902717663256,0.1840022344282663,0.2602178292720491,0.9371146414573988
cust_6fd54d30,0.5986699748969018,0.14759841290766634,0.7421660864112298,0.20192288686213844,0.36433869880601205,3612.858193472464,0.6404038873741281,0.2598056483937686,0.3288434698577774,0.0563194862484456,0.015535407223178654
cust_2c97c785,0.8326451498002729,0.5058231217807464,0.4926245705486246,0.2695502793939358,0.11152927106303749,30444.83374567129,0.5985672777144699,0.11167111043426166,0.36124473391265527,0.12610970487273288,0.01202257095639727
cust_18eef5d8,0.8250582070879375,0.5757730906885128,0.24139112715327035,0.46407515584859715,0.11919554054470889,185051.40990270322,0.26552745778142817,0.3579941284835292,0.2282609056535237,0.33048053860440024,0.2555531529361528
cust_8d9e4c21,0.7224059268155782,0.49760006938081575,0.22832449165662402,0.23533754764807935,0.23637768270310064,284338.48728128854,0.6181037666380835,0.21304995430562146,0.012405968233547449,0.23078369940638552,0.8906202209892693
cust_7abcd738,0.7374671924222934,0.385847109797116,0.0721530830987338,0.3502248666864858,0.5510819448445672,1849.584740120337,0.5414285985877203,0.22406232425967676,0.028504546120726462,0.10795341989865646,0.026564260441226485
cust_87a5adb0,0.9774747612726103,0.41981733530858856,0.48678605312446344,0.05106014740554814,0.4054847209512806,288851.79500814877,0.15514594112202185,0.3107613463207185,0.24374829924146849,0.28110602661874023,0.7509314370517846
cust_d40d4003,0.8419370336811378,0.6970048750104741,0.3684668697155812,0.3657458399325685,0.07633277489105067,4163.952937719163,0.26283482951758946,0.6514391393637075,0.2525687086989414,0.16108843572383846,0.053530449599469024
cust_c44da81e,0.7000492207567245,0.5538516186509698,0.03376515009857102,0.19927540844534875,0.656304742520815,1078.4424083503307,0.2429511257333141,0.2716178789155111,0.014978285044371542,0.4467522492083442,0.020900134096003314
cust_a9c10043,0.5782008307153691,0.4679167382178953,0.22776792621245856,0.28335003665378666,0.4955773265485888,7203.813439384002,0.6676860224258797,0.5259130261218948,0.21817765494812916,0.11197171929653638,0.07689119919588806
cust_acba683d,0.7753194490253834,0.586226049886494,0.6029264391448089,0.3208601658910698,0.5892341919690508,34581.56792156376,0.3305245111629458,0.6019118030958641,0.37431877277091513,0.05272200292550358,0.030433708419986952
cust_68b4ef05,0.7815159663318826,0.9132222408937122,0.25425380941381454,0.578198380272033,0.21565049212210285,6009.529736167361,0.24535186605866,0.31557801303586136,0.1679100533456396,0.15158408480597893,0.0052734357988784815
cust_2653a604,0.8196790453291355,0.6115673611093382,0.49955197607017277,0.7303144173382011,0.47016048471340055,52307.27821478387,0.6424566243222409,0.3229306566701967,0.24258849343378688,0.23284884269909892,0.7434689030693089
cust_7e5be70f,0.5670737394260548,0.3725463082372662,0.10960950624149549,0.4369215778173618,0.5667542570940023,62196.07881795345,0.17439294421744966,0.35148193251881676,0.03923939485859253,0.3015001030787776,0.8796282853501085
cust_95262178,0.6628681318546683,0.4690157082966538,0.6395302114656055,0.12481628830826967,0.1926007551338337,57976.84890660146,0.22814324873165434,0.38124606139776146,0.21866488445637441,0.41124057108077566,0.8344502680916611
cust_891faea6,0.7472807044362203,0.5710755858625551,0.22062440014981263,0.060515193326798805,0.5333071239275877,21674.180086937453,0.4168512294114667,0.7887566411011298,0.07086115768942394,0.3004985161796543,0.4427947481106778
cust_bdbb3ad0,0.7322167836236946,0.6491370317401473,0.6287582432261819,0.10187318676473135,0.18359031318764135,21361.524561680566,0.307291429062459,0.719777370952638,0.3108781321141763,0.24764261463979995,0.006415903316168521
cust_a7df40ac,0.5368654774926171,0.4169390338446574,0.5498607085990834,0.23595047274476125,0.08440945354279529,12582.4462300157,0.4613499810527552,0.4653836959204482,0.5138747961830838,0.1095553938047035,0.136577740062073
cust_e306758b,0.5581003421466463,0.23378421373138425,0.3451934154572889,0.5418713323997227,0.2440356553950267,20776.258595881292,0.31166194830407434,0.21734220465167606,0.2827038060693536,0.04419021086251307,0.24362421671478504
cust_08be08b9,0.7829618585700735,0.3572111817727378,0.14623985553880609,0.45647145925745203,0.15352705392922955,1977.7112457748558,0.02895930715311147,0.49581795135423223,0.04801284685583206,0.10864414320063753,0.3771771628288315
cust_9b167014,0.8377964405905026,0.6938844279474089,0.2682354818408402,0.1500344347091611,0.4874212191758165,22533.20020595313,0.10141487573025415,0.42134150927265784,0.047719610171578074,0.45439734872098253,0.04653127261594945
cust_c3c78009,0.8994350692997792,0.33209291325391915,0.4244228661808773,0.17343665718607387,0.07076412786264129,6355.320462024649,0.18708934809524583,0.6433718410730727,0.20690178948039273,0.17023457774186815,0.1594430800969574
cust_9f7e3cfa,0.9435610768505838,0.3859584452673792,0.20438338801548533,0.31379690722327336,0.21886164298434446,4035.457799487244,0.2681080576171615,0.44420407198588563,0.07632752872054101,0.22196627871556204,0.5029566265725511
cust_7af68713,0.49528684622142816,0.1848695385462756,0.0883939121849543,0.7082810606023255,0.525802043972586,4127.801794994912,0.7337307365307878,0.6011888783538828,0.04707571163446258,0.02654809175645734,0.004657451537330017
cust_2801fd17,0.8122288677400935,0.3269901652048769,0.24818946007430315,0.24963859561857224,0.1840347432903133,20138.59266938735,0.26017365656839475,0.5943617189871405,0.1651232659816761,0.15407061366969085,0.07419831969060807
cust_cfb463dc,0.513489836837131,0.7130766683051328,0.36219044209732054,0.17801231663640382,0.25752730965927995,511248.23622599925,0.21797499310088467,0.6799031248953262,0.14690261869988314,0.28014723330952107,0.8992027590563287
cust_fa32ecf6,0.508181574914046,0.5105930637510354,0.5440585235911212,0.08487428588561308,0.01127931670847841,17347.003981379676,0.2678045391500569,0.2765773781408268,0.40491733114427014,0.3327580886283378,0.11618999955298685
cust_d37f6f3c,0.9033370274146197,0.41198221565459664,0.28793433440531496,0.1370865882759305,0.46483787026033513,8524.601544578758,0.42146486157866947,0.649524752028324,0.2252229870844342,0.3240534822303238,0.28025359782892695
cust_6f5bb1b7,0.9050756541135184,0.5581942044062036,0.0765627803301969,0.05035560507930677,0.48877767167180475,36609.80347983587,0.638158844231322,0.3398622753046154,0.05811360057024052,0.0489061960697286,0.40607778169185366
cust_f64955c1,0.5376490721302196,0.5672533416767818,0.7016682732879695,0.2846765676435527,0.03710191573385244,1418.8948784697807,0.30916038093868436,0.4287006860334822,0.6504285514704502,0.36969762480221,0.1226820511628898
cust_e358f895,0.9499534983589646,0.7616158859949252,0.617531635883942,0.1443212385995635,0.13433051622533712,56686.23345344918,0.11792539449225573,0.5455953009367116,0.4239224004118977,0.12270127070840249,0.7711478962138827
cust_1243852c,0.4375944611547887,0.3516468945472285,0.784049449811709,0.47440143410674446,0.13774171413476116,6631.523711901299,0.1147999029777387,0.5542358283255531,0.6483483791342161,0.26071904754278524,0.1352957619892401
cust_c4b2505c,0.564534291635791,0.3689658582094294,0.37210281011369156,0.23626638592171237,0.21175025192274816,237082.90865003705,0.5360755675241881,0.36114040071257275,0.2544628127021335,0.030381788879903317,0.8866012122699388
cust_00bd3520,0.801723444767625,0.5256328275386292,0.3039211884011325,0.09840313445661124,0.14992526697953196,8321.994340861585,0.3926936567199096,0.09432699049526658,0.2317547924614876,0.0654671177042883,0.06671740322090332
cust_3671195c,0.9168614779849579,0.2965944636325171,0.32214981445077756,0.4092196123062189,0.5155199911052472,205194.0813675367,0.3290345650895556,0.954114915473155,0.23040741884912866,0.17603783285241564,0.6159531407060447
cust_153cee8b,0.786769071891,0.36714239999911136,0.17878143134788765,0.2517672628220058,0.3806336260523113,1689.0834367662467,0.17200529276202353,0.34934719700779615,0.036884547994249686,0.2003438487877466,0.2904304943929781
cust_ab69de1c,0.7524686483566717,0.5459594780451312,0.6614343158591529,0.16920690778022182,0.7150114647906871,9451.528665634092,0.8425592159991582,0.49746078195332405,0.5417969774178946,0.36760859441267946,0.2539964372504943
cust_c8e022a6,0.7861745494403244,0.44080632705550316,0.6432934737914624,0.30243770051953817,0.43884183453329945,5295.996366585192,0.13232195409544317,0.12684805128883744,0.5807031507227892,0.16811129140594055,0.357822431555146
cust_f05fdba0,0.851662315766663,0.3881702606683044,0.3818644046106386,0.1376613174828974,0.07092122532275982,1358.0116257657205,0.27624481995473715,0.6830613011532565,0.15398021147083427,0.2929899457985356,0.39890228442513015
cust_24933cfd,0.6816127531128733,0.2671633166232242,0.9073810744751537,0.5015704790032176,0.5131914752734122,80639.39283687423,0.4056377719423108,0.08768872673233774,0.4118883566993497,0.06690928198760256,0.4202181450949483
cust_2b9e41cd,0.5420479102529213,0.4179874955787124,0.20393393627591283,0.267454576069935,0.2790616772859078,64667.59939498989,0.19738281082068074,0.42675806140801736,0.19121619659857406,0.33311132632017026,0.765653113681978
cust_d789f130,0.6756805746843547,0.6975919416273106,0.2499723637314309,0.6546891094689667,0.2353563105056348,6775.271832541525,0.03693236903263319,0.260066192045844,0.20450579054555879,0.10571700469744578,0.43418123908777884
cust_df41da5a,0.5162250583988406,0.8566669975439505,0.22031982070823813,0.26001572495907466,0.2373175180811681,48110.480827055515,0.3733418726096307,0.5343681226784949,0.11592089384348787,0.40080805761145166,0.06393446836372477
cust_63c8b1a3,0.8257072291806357,0.6535547234473975,0.2772827259068879,0.12620380182137403,0.2714964977517085,11910.759976229952,0.6402353661812511,0.3953564914087412,0.17463093420426012,0.4254702681136135,0.07601076189119099
cust_6670dcb7,0.794083380487525,0.4759767676232339,0.19107373599862792,0.19049807794668913,0.09134310501541681,29799.745696938957,0.19019984313213367,0.32636206075184315,0.12652068607732905,0.0709191080180643,0.14801815492756784
cust_a06af6eb,0.7220399450950649,0.17571015448465507,0.33840984867649293,0.625306371679544,0.23839349214338518,35562.51751720893,0.2237868370322321,0.6473359479293834,0.037823759190594636,0.09997935574840487,0.26059489255627044
cust_87063306,0.8297559757543665,0.09650552315880591,0.4982142718353702,0.09354320244426165,0.23425489028216948,15900.314443740468,0.42920960199675545,0.41156569478067045,0.2969303703243766,0.056932235987150644,0.30736423034142313
cust_c41d1353,0.8598937715349726,0.814348977864466,0.26581024063127173,0.17505080726521588,0.24583406667076485,38138.72500378572,0.736158893471973,0.3872687175553744,0.18460803448095972,0.29196142487396903,0.08406912690907908
cust_9559bfd4,0.8575426791750812,0.5852223326695781,0.3011230971783037,0.48203786716146374,0.37299185308347965,20881.895904019628,0.527654208850662,0.49483433994309506,0.15489391490145563,0.4316685470966543,0.22258442063404316
cust_9fdf5737,0.733666039510529,0.19843797296218765,0.45009194912145306,0.6804134515505719,0.11343780395942496,41084.55110039527,0.3524617271475669,0.30429697564259534,0.20226827319269292,0.09565928021185707,0.0106863113612296
cust_4c5dde9b,0.7644722778168146,0.28430966313435185,0.2057511567557936,0.3796118267380746,0.3405333228846773,136627.31992028837,0.13706716776388808,0.2982446666152371,0.09715928331731334,0.09226490201061506,0.5152371753586653
cust_fa9f3037,0.8230831949621288,0.3657103124925724,0.7021239595937733,0.14101906278757378,0.105040735888129,13295.962253278765,0.6640771383272788,0.7650288489417424,0.39743584421986566,0.22582982843693825,0.13424745386349407
cust_6ae372b4,0.608040369902003,0.4978082004934576,0.7310328759250911,0.22228325570273896,0.1612531206782987,20420.6833678233,0.21297372741846213,0.2986445354379618,0.2428026021931276,0.3359769191396309,0.061190010290367254
cust_2d2fde60,0.7419921145265299,0.33297487733130415,0.1244646787921757,0.4415622197590108,0.2735899992799811,2284.563999665011,0.4878259674012968,0.3530215300104964,0.0681515860459524,0.23130563349982586,0.49227524483050145
cust_e4b9eb16,0.6555410089488689,0.41003955121129226,0.4863501599386013,0.41643445808454777,0.20800306234114407,99679.43854497372,0.8090841344802008,0.5741704254557057,0.4039954488740219,0.14226361987220237,0.3799016732721267
cust_80cf2712,0.9542484691146264,0.5067773008757335,0.2464075261028568,0.3405175500876434,0.08410499578208587,31522.04309873915,0.05244260298820763,0.370438171024828,0.04390562617216711,0.20431112563387688,0.03378637919075172
cust_2c757208,0.7591312843322883,0.5380904579553567,0.6222500565580089,0.4096645273548466,0.35517423617728483,7078.08221425778,0.4408652463346148,0.525115415868816,0.04183111338297524,0.3695687182524907,0.13238906565427397
cust_840521c1,0.791009848069032,0.5459280676063614,0.8340297466231325,0.1405626902447537,0.32689767348176757,12804.023563092136,0.48034232267818183,0.4626231052246382,0.7267137221507264,0.4036981329642149,0.03121371832698605
cust_9f1166a7,0.7502904873025372,0.48140511693164356,0.0761186699621957,0.266258263851881,0.16184743799356452,201557.6192701995,0.3626549714057466,0.23847174564062754,0.045943148135907545,0.37546097540370854,0.8188161693225967
cust_01993cf4,0.6644329151537037,0.2463670064200457,0.6947475135887741,0.4669439760734213,0.4401397760818795,3726.5830490491776,0.32923753548914025,0.6196412279632559,0.4725969468612568,0.15657586010034574,0.030967156353571765
cust_a83d1b90,0.9830642995568658,0.8096361953651285,0.5114224892859311,0.4102735668521603,0.5017404638007525,59048.02994866729,0.1165792416366448,0.42888742925236606,0.4043926490859703,0.4345539272158524,0.8536070283001258
cust_b574b718,0.31073281198645003,0.4697429445055472,0.3642838478791731,0.3814860299094818,0.5204551280033545,10736.297552065564,0.39146905621136824,0.46185620111070386,0.18887850402429712,0.2648217420469477,0.4332433669449655
cust_4181f790,0.5325031453716748,0.6367943300838423,0.35366867504997906,0.3721075116997902,0.33978361787005146,47545.46428693085,0.20390641606912316,0.5115364948132759,0.11271286932390454,0.5993486813374228,0.11202508463494847
cust_33a2e9b7,0.7309868694615664,0.48120878020247126,0.3983521953177625,0.2395732157629301,0.1933032423781376,26129.838170628274,0.6804929370113905,0.42885100432979045,0.29819446048481385,0.20492777629439143,0.0503416861802857
cust_5544cd8b,0.9047828219794833,0.5635890658011083,0.8097057182305232,0.13280872740552474,0.09634203385467516,14294.510588279174,0.07303879763307404,0.3764933004201883,0.4284146653726016,0.3896816340856689,0.1363642664852112
cust_8b35fbe7,0.744446875777293,0.16674232680018583,0.503609549415137,0.10047617200184747,0.6335199757812243,8668.36658919642,0.20118533086887916,0.3915580446275137,0.02874434765254739,0.13732929532640406,0.06138038806655387
cust_936b3cd3,0.7314348255612994,0.4294471728700239,0.5352747705920536,0.043520779521137753,0.3512182349388089,147979.07935441492,0.40212130017419256,0.7737810384443029,0.34768726646965037,0.27046785633354997,0.9294943578598355
cust_ae8e8fbe,0.5974691629785961,0.7569384647035958,0.10163530646306364,0.4083629043980627,0.5688223743526511,705.467778991768,0.1541343899422533,0.7835371368387389,0.056364989805154316,0.5254770006289176,0.13552344611449949
cust_2425cf1a,0.8889081598797252,0.6162354880716798,0.563198181917506,0.34450373874030116,0.23991002633583922,42742.042417641846,0.47469603298414675,0.6086925130058688,0.5050729678559789,0.38766781733032235,0.30750846874273713
cust_b65cdf72,0.8710687384239326,0.22493357461387148,0.5011049138325888,0.14627291889712926,0.1846348072486415,18445.216102934926,0.04553805951966604,0.6365715030993552,0.3925142152109483,0.03421952429874158,0.1299113674088432
cust_2fe786b3,0.7199578798036814,0.4074071809847798,0.10510281911736782,0.2409692118870795,0.4514436494169577,272098.78220037,0.4988031342935912,0.3901427134350212,0.09151565038545016,0.21934121704341208,0.552709077847837
cust_de83c364,0.7451621581672423,0.5635592426553228,0.21007561176971093,0.17132402438972005,0.2887437683018263,183166.62718654724,0.17961581533115828,0.5905344774142286,0.1194850385545362,0.39730765683289654,0.29468272901578574
cust_cc2b754d,0.8007908835933532,0.8828452101869115,0.4845800558777547,0.34080427470682234,0.32250268303292384,21117.27508176963,0.16935454286504711,0.7497861757593889,0.1507475855431757,0.20659288445975083,0.3818175753162492
cust_a56c3e45,0.8364262384916028,0.28828449338135415,0.2759696972615504,0.3076403234526277,0.25059290539034174,5362.133946984971,0.3453756172734345,0.8114127290281201,0.0928964416481694,0.1428587746625281,0.25411844795986654
cust_32d2842f,0.9505196596948613,0.4486201126836979,0.32546276308104366,0.32057256892709485,0.47148706047633726,1175.3084058696597,0.3815616662234227,0.7078501129976583,0.14515013331256021,0.20139819865642977,0.3396777250011634
cust_1df3b7a6,0.9842887711295851,0.6331593043016895,0.4783644429238827,0.10972305195811335,0.3841381625506442,8874.303198867698,0.08226506070197513,0.10464282457696569,0.15315522710499152,0.32373508821479996,0.17551113731971174
cust_ea22c5a9,0.8188878310002847,0.6884873745095624,0.6267824588842299,0.2813206416727623,0.5637337051779917,4177.551047611047,0.35805956257381955,0.4397663424400583,0.47217974681317415,0.27363240059110844,0.011899602043981
cust_9ecf88f6,0.49524975567175955,0.8042669520669895,0.8181945990382035,0.6369973700555963,0.5335288840603339,69327.12953305573,0.34832905720169105,0.4663286615078871,0.3410635204115978,0.4060150893838548,0.6965754018564033
cust_a49c6419,0.888526071817107,0.8606952592651037,0.07993652428936149,0.3332486827917024,0.24672861096047435,10259.056197964936,0.15348280422604318,0.6565369167510685,0.04428033540447381,0.37734814191558713,0.17317718288902045
cust_b36b65ea,0.5905811736979266,0.3931922244232713,0.6604443074504792,0.6977125372023868,0.40253566707480853,8909.959936660895,0.4198873768015248,0.35524661638062455,0.21719221088362095,0.20126644968894147,0.12590958797024257
cust_0b91cd26,0.6848494717294208,0.31476597499196596,0.17333991523391246,0.19169980311955065,0.3422716300579366,150979.06248594713,0.11894752336571734,0.27261211159673054,0.09304438942041796,0.14247851484651403,0.9070710195550267
cust_a1f41c75,0.6650275485879759,0.5874944097403929,0.2060939986237243,0.5291845267314361,0.3848020542288233,10972.823241483393,0.4149117655884332,0.5503207600056506,0.17183896729244308,0.2542996194078141,0.008209253101030075
cust_f4dffcf3,0.8421842840469246,0.6466780805607771,0.4234506915698869,0.04462956830333928,0.41849961125438073,20341.44304833125,0.43422214388630337,0.5423492702577015,0.1478415340613924,0.36901655557600194,0.3940855416201412
cust_375bcbd7,0.8586637284966224,0.5159009516828924,0.24312694139333482,0.24145716284164895,0.1780297238445329,1141.0806211514996,0.024942623770396407,0.6259131973794025,0.2079432943237516,0.06488640607112736,0.02581220340417209
cust_2e36573f,0.7110734851319751,0.40371712207231036,0.3246212347089486,0.3971461972371791,0.09230209090315845,56138.31880306177,0.3806685078121917,0.348728890055403,0.18290102091974075,0.37449503972682413,0.7626230501686427
cust_8e3d0142,0.8242539151054332,0.41352220115368404,0.7122844603461967,0.35805982303459405,0.08869894706826002,6995.225526443979,0.2882160827895324,0.7097322962039795,0.5124175200149447,0.1852419373856425,0.12309749354393969
cust_1ad26943,0.9673280591312725,0.4939009215307675,0.2719336076610778,0.1356912950627409,0.6913222254610373,31888.524053645062,0.4132726984211244,0.5334925249350266,0.1729293783419939,0.16863154113207343,0.09499423288499563
cust_b95c1b59,0.8772791320238029,0.6059245858387493,0.5032564065675504,0.26866366024920446,0.09844730732613177,44442.28375974209,0.7016776638944916,0.5599604016677775,0.32758633248441477,0.48437286345354347,0.17687517293235902
cust_4c303f60,0.7612412767216215,0.7302937232507416,0.21060699859774917,0.29837734876524724,0.3126644076428058,18716.84672022432,0.6527286553351186,0.2797946719896713,0.11250685161754644,0.10345778495802088,0.08076810002829446
cust_8b71a319,0.9356464479110558,0.28871125079146676,0.6057039022419782,0.4997417993494442,0.510696807742548,1307.1099788178517,0.26447141150779807,0.5512035223519451,0.4517394802490262,0.08778127311751756,0.10115940123359878
cust_a8a20f4d,0.934925077383927,0.5046230105601427,0.28947616770419893,0.5807384316033727,0.4185217219000093,9250.361394606973,0.33332885969710424,0.41623678295701266,0.11765462128777746,0.4953395458424651,0.23840502719459714
cust_3c75ceaf,0.538494587150906,0.588836780791711,0.57736818157584,0.11018505756302845,0.03814336631993601,9410.1398390222,0.8087832159067488,0.42650477275146015,0.4280226987844329,0.3588938257016215,0.29652868300986795
cust_c41684e0,0.8283141809928201,0.31187847814982006,0.3421372698244011,0.09365457026361321,0.4999255806170627,15713.956050585739,0.0701847614603818,0.22471949155516752,0.25413623573687766,0.2081008621103467,0.17382393097126833
cust_86cf30a8,0.962420801113495,0.4065608508708936,0.4583432937771092,0.24877027928372805,0.22072869851906837,9895.389054226534,0.4483989851333826,0.25786409193933674,0.3667307147055615,0.09309245073383254,0.010786672420343837
cust_61986ed8,0.7244379734040906,0.4804387391251123,0.43295709410207733,0.4926482414124415,0.40973113879860334,67113.64174958126,0.07137427580140318,0.5280793158386066,0.31196027033786605,0.14757888744248582,0.9140279326076278
cust_76dca19c,0.4643790660766061,0.66771046424125,0.35797107750165647,0.1894033594397046,0.21296111029653436,511466.0086050053,0.4067751580287881,0.32210187103301724,0.24955358663786167,0.46984405110611144,0.7290914157823865
cust_d67ad452,0.9724153629715959,0.522614414836339,0.3772493622722636,0.4779004466420148,0.18137832762270042,13736.778632050322,0.24781022791791488,0.44316755193245044,0.20138043031765293,0.3416516240777814,0.13781631117933826
cust_c0e7c7ae,0.747310227593899,0.7174883552149162,0.5223923248679544,0.3830748326410923,0.6428145285888234,11037.410907653122,0.4490081783576613,0.7818786870796293,0.4108578828481283,0.4367231036123881,0.07469544057336666
cust_ebab1336,0.7794656660942613,0.5132256318196132,0.201347575587446,0.4072244747147284,0.30963955108343383,102880.82401136037,0.552488507433874,0.3522011501930927,0.17920033057265755,0.2649881420327871,0.7128696883595208
cust_fb96608f,0.8632960670000532,0.7562019467735898,0.5660939892363023,0.2701272800024521,0.6068188191155586,88514.91780315829,0.2431819069775877,0.27161646190810607,0.30120268747219714,0.2745493572960329,0.8018443646662795
cust_6797fb88,0.7626267678590164,0.5142641940865743,0.7100483468170867,0.18947173662550584,0.14014068954411832,8527.849618453973,0.6438231528214972,0.3278139725939391,0.4163616841383963,0.28600249521543125,0.1272625205245112
cust_99097cbf,0.8901882501107772,0.578151753542142,0.5722321253738475,0.2122546273779849,0.3938667001929552,68351.77491659067,0.21413110874806068,0.5652178886549076,0.4688292298333598,0.19666845579482561,0.7424786379412366
cust_8e94c881,0.8731102363252161,0.33156621202727704,0.20494930380602797,0.3471156300829946,0.48231448935901206,8963.701572537027,0.24417158519720564,0.5006296136158974,0.16071179269015862,0.11175114690652845,0.19803323195582193
cust_d8cd20c9,0.6098504880826919,0.4967499874992001,0.14847947044898824,0.07910519931678467,0.5282515134034474,3424.971703720996,0.48724668538832494,0.7794457244723436,0.08586370232654271,0.2636292815472309,0.014317601635004354
cust_823d3423,0.8201933386687691,0.5438797145837047,0.700853133643293,0.5106683411229217,0.41030592305543895,2392.080179321162,0.4911760465350482,0.23943640770113164,0.2185307235298609,0.2984054062984122,0.038871142235446327
cust_f6937e8a,0.6479359778080807,0.5239585738478892,0.1537309027747232,0.08334306559858579,0.48960244812016,6401.440526155863,0.40470881091188643,0.7576188828592203,0.10231869017602513,0.15240517938669923,0.16082495252729273
cust_f701de62,0.9131695042393049,0.42443130261396755,0.4944824390593482,0.36815363072174423,0.490291067093942,34528.83330697585,0.5447218687326386,0.5505003027967873,0.09251543837840463,0.2587316856787322,0.23047934949742652
cust_346fe494,0.9076313559439955,0.3946973234407532,0.6444233395987717,0.4442562249723396,0.5330074077909913,15408.808812149948,0.4155377048619473,0.8228409712571225,0.27887352117403363,0.22851989510698448,0.010502813688432517
cust_0c9fe428,0.9293171512467685,0.9218450637518395,0.6583721008055773,0.11120805144096724,0.29773496770747704,53624.080244916935,0.2423964936817657,0.6744825380378608,0.3207421144201203,0.7169858798572668,0.6059450731207902
cust_467e5185,0.667695146430542,0.3383540937726634,0.1259037217646785,0.10802735004901431,0.05877156768425588,44557.88490806715,0.350674269936614,0.3349095546725398,0.1149853769327157,0.009403965950693602,0.19222792535560426
cust_2320fd6e,0.5531306938584161,0.5869481878750502,0.09912260809727755,0.4261469993067698,0.0905505883433561,84854.11976763704,0.42586159253152855,0.21818067842180966,0.0674491053261977,0.4589031684997988,0.6801677418194199
cust_46913257,0.7748297903183132,0.7670000791156854,0.662350658551832,0.2936987228662427,0.43927613309389724,8150.887177625623,0.44465146689137597,0.5185510986242333,0.45742679082985443,0.6139927676145702,0.4207050289149565
cust_eb7d4f1e,0.5890744405675138,0.42242508316782673,0.328473202027561,0.4093043391454848,0.16566630877165295,35375.47781447528,0.534134906083033,0.4576134546221365,0.07808844095719548,0.2900515259223556,0.23457149469257105
cust_87ad1844,0.9030073483307639,0.9370538718531574,0.666103343823039,0.4009609556059316,0.17509662601839449,5499.038416191558,0.2421478898084802,0.217707716159302,0.32984637208272516,0.5775343242466064,0.03523188337961426
cust_60834035,0.5198727577394214,0.4199471287191735,0.5483458645433074,0.21236407779793462,0.4568846900516726,5850.792474435644,0.16692333560587583,0.2234056907400854,0.2897770537906301,0.13863082849089417,0.3077195486221651
cust_4d5bff13,0.7092257177170943,0.3827466193645955,0.6985025039984428,0.12653171704956886,0.3071156596269924,1382372.9820358485,0.308524119943919,0.6016094487807778,0.11825047550601461,0.2697143202404001,0.8713666763092349
cust_4372a6f6,0.9901224697428651,0.6350698055681219,0.5815612953087053,0.23795055733446466,0.7187052576188117,6644.28472166958,0.12555542887068577,0.3486961891041864,0.5259322068767923,0.2363041400495549,0.2505629403555264
cust_0a942a84,0.7622106575657953,0.5290380105058572,0.1757966211205635,0.5681330741350208,0.25709953007916714,6671.774236774915,0.21391775719837053,0.38537899143314897,0.1612308397312189,0.21054020773602258,0.2761346929681993
cust_00447070,0.9010860886032832,0.4787205620566904,0.5490252202594694,0.14261477850270596,0.4030933350573002,18988.24015380358,0.5993748760114941,0.24987099706272936,0.246770557161419,0.4247748685678997,0.006321605207986295
cust_b6cd74b3,0.48079571901676654,0.8530062666720943,0.144947564750624,0.3717374949115418,0.44236517205915266,35861.02375690312,0.292781392920061,0.5912913376141666,0.10572568917094485,0.7100637261048431,0.05072021961548781
cust_23373fec,0.6859769283204986,0.36062585323123225,0.6114291318770341,0.024571748320769037,0.10392376878897161,659370.5521368714,0.590134326511246,0.0676575632865342,0.3509719903239746,0.07161027670758026,0.8898405478533283
cust_df42378f,0.845399596311062,0.40238560625760555,0.5790784739484393,0.5160644927411336,0.24375704437175177,6260.178111287112,0.2937950826813984,0.179135259566453,0.22136201371147807,0.059959209749053805,0.014255880228090503
cust_ba6510a7,0.8010386005555953,0.6579906836181183,0.6501073506691907,0.48319963704783675,0.18555981650886752,17904.71653908261,0.34543158484331155,0.236042186320871,0.5184816520650275,0.3458162878251825,0.05347061485300976
cust_5f2df1b0,0.7604754676270402,0.4918533978608597,0.437095936459226,0.20849216934243178,0.23225740380884496,25385.34266551983,0.16649674993301072,0.8247738820933656,0.1380767331373737,0.15341493308080886,0.08220566205672092
cust_f3e25134,0.853610766206303,0.28352327311891246,0.10170675591490723,0.19826199678582732,0.6178822759803313,78219.38701359382,0.03738175087677707,0.7718253662072241,0.08094505399109997,0.13117260605819958,0.6332747868927533
cust_b41173d1,0.9248231502434081,0.6153994158996622,0.7801709753832996,0.19187975209167205,0.6461802741122566,17860.264258206575,0.19030866667331664,0.3810841389039195,0.473447755769109,0.39125275106885415,0.11910808960153886
cust_3f96d2ca,0.422719926001305,0.690664184074151,0.6836337804165686,0.23464342191536788,0.17008488996435892,7203.867962316124,0.3268840499094132,0.6529456545836115,0.5176046594815221,0.1869501516183837,0.010135927597643434
cust_60681e96,0.597490222344752,0.2757826316378222,0.37279087888304924,0.40760854098080895,0.5300516405429954,4682.135184436287,0.3716153148701819,0.7248630926177341,0.1830797178097495,0.020826847342643503,0.12280891237868671
cust_2f01dc11,0.6945484864992112,0.7395838643007082,0.2312647611471298,0.19774688828187226,0.2973292564217699,67760.16786024133,0.40865253591141193,0.2392216442869907,0.0806512307128853,0.391653932452659,0.8339900752499516
cust_b6bf6818,0.8623992902081437,0.2927831071046977,0.7159691490141394,0.22986663487371709,0.5077421868117522,137165.0556502379,0.17296904556841086,0.3741333280826406,0.6766901310696078,0.20818244860596305,0.8202626029447585
cust_49fc15d0,0.8182318257312208,0.4775027805869279,0.5731698445415302,0.19217640806532948,0.06303584117207293,33437.20252174849,0.4864216535764019,0.3754836621486333,0.18007001319261476,0.370770033006851,0.08772649056219663
cust_7be49967,0.6016846034829871,0.6375311909329732,0.5350509019395411,0.4542239952405446,0.26408673650936837,85118.19297013262,0.12583785421094146,0.2283968661744658,0.4726620141937957,0.5276709694677795,0.2796253248297208
cust_ddcb8034,0.6351898951409406,0.5731706975041714,0.3571735131794071,0.2018271810662715,0.5021391863457237,663.8892623337398,0.1802511472110825,0.4008378648773402,0.19218118091780353,0.2150133324759736,0.20903124129673425
cust_4a965dc6,0.6323317288539834,0.8459517180930247,0.46140549386637436,0.04478914605753947,0.7022489359323056,47255.886855724006,0.3196275706711026,0.3857346639407375,0.16194205586550142,0.5015192143466612,0.41786282788650414
cust_27989d0f,0.7128701077708501,0.5284566203207287,0.6050371377804051,0.22606874379732944,0.3744019557214442,2527.707821189508,0.2780727794875917,0.33131906228553515,0.46026398578562666,0.04104900724743161,0.3922831144552996
cust_bfee2c1f,0.864945868880166,0.6745629195958336,0.42967155026158943,0.38389472637327754,0.3580816466705668,36902.86452016778,0.548630022064502,0.5809735720259982,0.2775343220016294,0.36850739787993037,0.18651292700559172
cust_ad3a1b1d,0.675898294358749,0.1275627364410448,0.7197656131029142,0.24695618421537932,0.4665782788760246,120576.34634239125,0.18031276842397362,0.45927172790918064,0.26913025008907737,0.05007057602054939,0.5998994669885355
cust_adeb3429,0.7221187333662727,0.41388980725288615,0.2964682865934784,0.08574215204522756,0.1569546201480836,365653.25725471316,0.326332073800113,0.22073781196046416,0.1655583922151022,0.08683320392520744,0.5479709880499646
cust_90f00c01,0.7770255162881613,0.5790164577083617,0.6017019426480559,0.13864501519712727,0.19857087356954545,30254.003695221854,0.41409037331499654,0.42835937141471303,0.4623691777868708,0.4430264696063637,0.13335336795965366
cust_20348a12,0.8781858127168877,0.32431193828132243,0.7298726536472244,0.549008837147995,0.1230084147303759,51868.17289252435,0.04357087701518368,0.6041810647470702,0.4992128710194845,0.16164935567955394,0.2821535616971531
cust_342e62a6,0.4471677971959007,0.3273525776356005,0.7730158700931489,0.3516054091301379,0.5836720318708406,5667.668140532638,0.21005405164970217,0.6567521563598373,0.1893231395259931,0.17050452438259595,0.301797884065626
cust_e0e478af,0.759673464894576,0.2658471516365455,0.5715678574908245,0.12659960847939475,0.20916852770336097,21439.21676732811,0.02490432967640814,0.36549453559462464,0.29864319318868404,0.1882144685476378,0.11812520518975819
cust_9785d51b,0.5263013965137938,0.6722942656652245,0.2918931500631433,0.3284046329057359,0.4599046989839411,166510.81950809024,0.18396262995403614,0.4506154367508704,0.07148940196529985,0.35333298869003726,0.9047075514212805
cust_5c183397,0.7491205561481851,0.46645565606224615,0.21523406547889143,0.14024916997902195,0.142975934189328,8867.82580918066,0.2929520970038528,0.6501433426526312,0.20140103821410446,0.12329468157331643,0.0009016904209998613
cust_7c12311c,0.9083869256510216,0.9297751043123281,0.22603436084194334,0.18660899770200082,0.6282013885197686,1122.3469891531433,0.6630145695120101,0.3278897511345861,0.11606321496875419,0.4337785620321935,0.3068332386818181
cust_54230a2e,0.8144866098169201,0.8296840110442971,0.4725506588729004,0.26815879065204257,0.3284217021906791,66655.14924363373,0.04773169023404447,0.5921883943818248,0.39523748985655255,0.1648479785737088,0.8118243114151715
cust_8873b777,0.7566600266828278,0.10965860124834273,0.580035617473829,0.18845693193128915,0.3264100020139202,18429.374553572197,0.18929431605851693,0.08350214506549666,0.279341725352462,0.07289712895965111,0.11439552844469472
cust_922f47a7,0.9169944430548833,0.3007202969342353,0.4203757030529935,0.22107717312549174,0.19271586791960266,63365.569507887754,0.2907150687536865,0.3895407117920918,0.26987862947182484,0.1834480229298079,0.7608201111155527
cust_c7ebc04e,0.4044301613896509,0.7805359244349791,0.32300786768294687,0.5690710302059019,0.21981362987377434,20783.76762956189,0.4048664522870549,0.4593266162700939,0.14082927735498738,0.6073921828136957,0.08727651725671592
cust_daeab317,0.7646846635204957,0.5124990951471026,0.6699039046063712,0.18007968483038497,0.5108525269341265,69683.10846110998,0.4156459618819126,0.2557429493909515,0.34488263818104664,0.25727510674243287,0.5998657704046636
cust_88ede6fe,0.4080607571462266,0.3337429753577206,0.19557049637652338,0.46939842559846656,0.45388749743613116,9943.923981648295,0.28061442209222515,0.46525136871790707,0.1500609463877118,0.1923447132331984,0.11096669282458674
cust_7dd73108,0.6715229618437774,0.19897117548055138,0.6600214941665855,0.050863187021554866,0.8261445211973752,53460.77500162974,0.5915112186144618,0.34155893866270864,0.5171436010116727,0.10127772584914198,0.8665587972581952
cust_9cf11bf2,0.7840405924101622,0.38789193435203784,0.8463430529826266,0.38575927460626663,0.3448384840884963,6065.059850677894,0.25947213076288844,0.19985902854968227,0.6003569218162226,0.11911233018514207,0.0958263581517752
cust_dadb0ccc,0.8555873792271432,0.5067056611600526,0.08340514928458592,0.4473094904477809,0.27785121626704234,2930.308921834117,0.17478446643875062,0.06060899719427566,0.04151659058373304,0.18947986520599366,0.14654043279071255
cust_b77b5ca3,0.6847485560849813,0.5168666730466115,0.26985723048910165,0.17595795310037682,0.2814445066807616,24190.781816674902,0.4105387566379271,0.24843747651910714,0.15909382557485768,0.1485451079050761,0.13129416065582825
cust_6c824274,0.7784505489032022,0.582611244831722,0.6448602036096818,0.16424583323825512,0.3181087102427762,15689.678243216644,0.4643309364311828,0.6758366503566609,0.44389202366085523,0.5059416841886818,0.13085553500085742
cust_1a697ac9,0.9473813462768281,0.08853662137597743,0.20007704625825953,0.20630024462527446,0.29246713655334644,17458.40988614808,0.3994194887560542,0.43332595669241963,0.10102389943957982,0.032570632917235665,0.04613441480416876
cust_dd27201d,0.9911877253838454,0.38750503064063524,0.568659500739907,0.42681269604640854,0.4054498039458246,20636.911330871946,0.18651510970003798,0.32095671443185614,0.42704868031488397,0.08110693768436858,0.4484951677511738
cust_f9b072b0,0.8687647970809398,0.3653326182031157,0.2506694294077562,0.4196951898018022,0.3819384438557751,18556.055578482737,0.13351191322164604,0.34606443909361523,0.17807929530151279,0.03943593572300347,0.23219559034490125
cust_96305ab2,0.7872903725076255,0.40333726472995046,0.45731339962478157,0.03069962740885393,0.14487088090262615,11228.10201314619,0.234399852193824,0.4520720220909272,0.2213917331574603,0.09268470465874006,0.15132944018407016
cust_a6472bf4,0.68665012914437,0.6193608324833332,0.7412792372801047,0.3536657718534714,0.5863398887687495,172955.68961085405,0.3520577958522251,0.8074431491046747,0.39816181655093635,0.10445486608828145,0.48200437060568646
cust_bb5f4d29,0.6328471007894281,0.33351877786690276,0.6309476375189237,0.1720400800895213,0.15639656700379156,27366.298664691127,0.20120040021927685,0.11002114922884627,0.4858263913826339,0.14150069190645828,0.185596235161086
cust_1bea9b86,0.6917838592360984,0.5177421640185574,0.2548501053064596,0.38076049686942004,0.4596452744589413,286387.0149534209,0.29351290064780605,0.4828744785725428,0.17558631947695472,0.16894065885049897,0.9468708443223575
cust_0b41910e,0.5080992514556276,0.6654489088646667,0.1258710591096868,0.5456213614034983,0.043883467082025014,126105.74885161516,0.3596516835826714,0.266285837098655,0.11278922927010408,0.4326162863185975,0.7755561676177122
cust_7bf56357,0.9236886010285639,0.45154857205781695,0.04589960645134769,0.3230581236280604,0.6090168573207226,130708.2353452308,0.3849628203559802,0.631044366562185,0.01605068423753311,0.10026459906424963,0.9447502446745351
cust_35ad9e52,0.870833671717922,0.36105191000392417,0.22681945652397054,0.29642964006323363,0.04572992869805504,28826.242597688026,0.39684887720730855,0.8443064769951895,0.1673495380555982,0.26037490376350797,0.10615890850690869
cust_3bb0512e,0.817498934620999,0.4399923954392804,0.2773427338569471,0.07003227824242804,0.12913543961206042,15638.72996226334,0.18803468060414807,0.552419374035095,0.193569134214048,0.12393396556560066,0.09808723050218701
cust_cf71a1f3,0.8127424574859106,0.3399677695708947,0.6004538511764613,0.41735477647376046,0.3964307795263176,79102.08008704911,0.7028673107778051,0.2614078249581629,0.2946075698044798,0.24885374146407258,0.8396598047544145
cust_0a6a5b76,0.8182345659251156,0.3046512667241492,0.16253632555400774,0.36683693015947727,0.4620262275161373,43220.97868468283,0.41361372325455514,0.5170048816059307,0.07725177253223615,0.16154654364219936,0.3380648453734175
cust_9a6ef576,0.6010916054357064,0.4918536830931528,0.5807927523590214,0.35308980907134707,0.12345047872983367,640047.7418622221,0.4874363951718168,0.38722290287409805,0.437185598396931,0.0787886952012359,0.6729632017211418
cust_d979e182,0.8563495196038879,0.36108169057578515,0.10144516515162534,0.16311847165029617,0.5994044774411641,27315.747736132245,0.14509335928629938,0.7193023465292634,0.023646175486281184,0.2587816102805587,0.5199492839257638
cust_b6ec32ef,0.4936807491407492,0.25047588896549094,0.4679469842059,0.42659625360085845,0.05962944935891699,17343.689449635516,0.16206471748553214,0.5844347638814236,0.2019222818714741,0.08654306697816375,0.004496214857154368
cust_cda7db45,0.8257863102546995,0.35970685027538846,0.3952662748738277,0.4129337879189146,0.5907620237708676,17083.77525651958,0.6119984897645167,0.6189303227552332,0.14355582492304172,0.058937848326826386,0.45775265414465177
cust_c5449c53,0.6392564848143488,0.4865954260543538,0.4587841998095341,0.2114072242356285,0.2554417428873929,2326.5730685242006,0.5785157797686576,0.6462284143636444,0.262896863252732,0.3737950719887072,0.10962838188313923
cust_460c934c,0.46946264256344955,0.27455806763565427,0.7287719394645692,0.22538272166819873,0.15468082993276175,2148.1035251950907,0.19118318699585296,0.18449395109611305,0.32211942062895477,0.16411791087752617,0.36549434875792103
cust_a0416725,0.9361564091801782,0.33802584368565447,0.17855870539902377,0.5178048872737813,0.6335176292776508,58607.219593103066,0.4718277966024677,0.565061080767954,0.11978088410295983,0.15373729593208238,0.8745921293737715
cust_5a8dde86,0.719884293437263,0.3086207009438354,0.24039751244925953,0.6254225647515328,0.1925934129464065,37741.90199498408,0.4665934341975034,0.6263372909327656,0.19828494780279993,0.091972584574838,0.12046646373895273
cust_49c780a7,0.49866222842715496,0.4312228246770728,0.42681399496251793,0.1775904211740474,0.47999175783707726,8454.31168582161,0.3614218455920621,0.3995875592647688,0.27626762510211383,0.19973643858832754,0.044547834438001616
cust_870d5078,0.7281394115241997,0.6740262874444016,0.29053513229782213,0.06604095720272575,0.30267429911903,10782.677853670271,0.4587087088641042,0.665380829145018,0.1776217369001842,0.33987044290552243,0.04789311500095343
cust_4bf15833,0.36862873281341274,0.6137917735647278,0.3506071330928124,0.4374512527227684,0.30255074085765493,183946.77440887978,0.18098892628766747,0.4949774984877738,0.12396153099146456,0.49341473974108896,0.5366449233120462
cust_34068780,0.8709134732554018,0.5295913935387386,0.44315022671075116,0.12953817079133548,0.6080875654647883,24186.37360071238,0.29077731614232066,0.2908153804238339,0.24998430958957019,0.25805689517847286,0.029195375212793008
cust_7980fafd,0.45975314635072967,0.7301501097788013,0.4430998900179368,0.39178565081977834,0.3025292785609914,48699.95846541186,0.1633713773565219,0.6765083783662844,0.16781984579647352,0.42064496042169564,0.09536087820865652
cust_d6e1afdf,0.7167983085707007,0.4496914240513645,0.39119529704739525,0.02354208222471771,0.41104658805026845,24483.38810306999,0.4810292002612855,0.6035137155203133,0.30106826065160125,0.42595973331143966,0.16605903157453306
cust_7c7a2726,0.9504556579396081,0.40265730731538735,0.3615150850727016,0.12383073429789879,0.07864359245298562,20312.695202649353,0.2328984510910898,0.7602486779609559,0.22303806203915158,0.155507854162523,0.29142150287881174
cust_0cb2c4f4,0.7750605385023082,0.70023934354696,0.01659262454553395,0.5352966150425713,0.7498208788214265,31313.011336675947,0.26385541824527536,0.43352620324366176,0.009793595386281991,0.11337115349118966,0.015160516204244414
cust_884b6b44,0.7811431661690945,0.7426912035986194,0.0889739904989528,0.3240716287073863,0.10347651615793152,17876.93221943334,0.3926873466120232,0.4831846830512676,0.03634076442898691,0.5925804767788517,0.41783252686326433
cust_a4073d0f,0.8200330123405076,0.40311099230565417,0.669182015316026,0.08260079548160185,0.4847677457249096,82523.17163794154,0.2665123814669637,0.4701726843388939,0.5946686143158687,0.09584920147632606,0.8573795777595627
cust_8be7dfd2,0.8876114660444321,0.8647500536688537,0.39892248320756707,0.07935990218785571,0.4543456696922183,59087.87099706929,0.37967896384225525,0.6240388617663557,0.2762705489915284,0.20727998909197998,0.740366348852084
cust_bff48a2b,0.7761210934535271,0.7337989442164347,0.15025882650628436,0.34783515957359484,0.17406513492176967,8218.139308646483,0.49696256894588103,0.6415992747584635,0.10821694156230503,0.3634882058103218,0.1335123733593742
cust_1dbe4669,0.9417015714232759,0.5479541141441148,0.7089049202367125,0.17248662658018488,0.07598642830177174,8480.709431902598,0.28281204249337866,0.4721588545035316,0.4071351553828611,0.406129769066422,0.004424084882506334
cust_97a25e09,0.5252518355389773,0.6081953657828679,0.5105820018044034,0.13573591998694223,0.3292620754832886,72848.45335693176,0.4508915566617343,0.5736826019792911,0.43178726175775534,0.1754712044907963,0.36276788226349677
cust_1c0651f7,0.9629304183133491,0.4147915421351877,0.8299935710762125,0.10051638834662391,0.3952589189513369,318.8903033353511,0.09536754651694096,0.26231758057348203,0.514883293451724,0.1016464171801329,0.04131942960349034
cust_e9367a5d,0.8202461554734535,0.71539484871632,0.19103668219181422,0.4009590795171442,0.2587883036839831,18909.849885026742,0.4967993525776707,0.2667518149037032,0.13379881588419387,0.2874460723800535,0.11600806366894068
cust_43322909,0.6487423930477036,0.6022293501799353,0.5200999215434244,0.45601704985378094,0.573781466536677,5512.530655860841,0.18507025988364084,0.3700318323499279,0.35921394879052987,0.31118230894413274,0.26915743881735466
cust_03f751a1,0.8591430014518082,0.0955837461609836,0.13294127057180136,0.45290455740193847,0.6105776707663536,12307.43471032124,0.2708440174160502,0.2823224727574542,0.10534607045625138,0.06820819039221356,0.05872696818642918
cust_43c62d2a,0.7925183392128159,0.20058652031388238,0.45974525744484734,0.20178198534696903,0.20160429644891967,13010.00123662711,0.2771394586092172,0.6089934858856929,0.20120407985820757,0.11980508797650345,0.00795988042894891
cust_f97ef4fb,0.7617316220186428,0.3005465758289274,0.3570197856307158,0.21082523347264384,0.43640627661211784,19459.753576270476,0.4526351766196596,0.5603444823867839,0.11774135781507125,0.2650187007910106,0.23976950857795798
cust_b81e68c7,0.6173588481973836,0.8294902990561466,0.11430999842816099,0.41407652741505735,0.6078674695422425,53598.200269281144,0.5169338302624087,0.6569687822655307,0.06021865956328592,0.5838186337895128,0.888100543661946
cust_538f2b62,0.770444596618695,0.541266570108873,0.5687243553253377,0.3258792224033861,0.08267736729474374,19880.454117293404,0.6618998053529142,0.519460769267842,0.38491543261355965,0.24561593250272576,0.1162251564374432
cust_211a79cd,0.713739403335413,0.5077969736389435,0.4731663780414795,0.4449865102122427,0.19378153603441467,68108.24229906742,0.4083364338963461,0.34743330989078697,0.3406737922337257,0.2789162972073979,0.6447167402673433
cust_ed35d272,0.8346982037995251,0.20499858778608465,0.38952773820944003,0.0709808080177266,0.6245295818662786,531057.5187213024,0.057231102620529876,0.7352386424664008,0.3168471959326427,0.15976018401592185,0.7305664459866414
cust_a24d4388,0.7326909373722926,0.4645804769092862,0.31998582288354654,0.35412867068734827,0.4997527798085715,26086.394515571632,0.2615968490419225,0.6532227487204995,0.29354613475548663,0.19928085075035207,0.0024611608258914923
cust_c71a2943,0.6435593318197375,0.30616563532484314,0.0780668838719465,0.38152005682113577,0.08482952311667798,229251.23752460015,0.4202380016339175,0.6696137425106837,0.03509348915529674,0.07776384892392943,0.5529960620171647
cust_3a0ed86a,0.9075955655208003,0.19429389090661747,0.5973826191988849,0.42857997031540795,0.7190551486034107,4966.314673014335,0.3007863009064788,0.3631977823787041,0.5443841788882526,0.08681621775889457,0.01473174962956623
cust_c3c3a47f,0.8546523274051289,0.4754141091845635,0.3390248024047298,0.2908300643908228,0.1960112346953327,13622.943474324331,0.46881544519400814,0.6568337096524016,0.1582452485930652,0.2210445700713644,0.24232666392109203
cust_8d7d0e84,0.6852044001879465,0.7411725086771407,0.6561921137395802,0.5036906563767874,0.5278682467847471,9588.932637434391,0.40969159140258865,0.4601539156981634,0.61197135788788,0.2872012405848124,0.014557717554308652
cust_bdfaf660,0.7876273241677281,0.6419009418134021,0.2141529228745825,0.022693686933245593,0.1618772033273895,92488.90587461197,0.2845341817039748,0.4913660199515536,0.03161595608255297,0.32607878595645556,0.8279173428761551
cust_391564a9,0.6422519157142758,0.388283997176664,0.4218214279514976,0.2583562071272409,0.12937088950606365,8242.054001806982,0.1935143066298228,0.5485406059942785,0.22857422549843426,0.2042430647153006,0.020162424029026595
cust_ee26eea0,0.5997757561107206,0.5920244423127693,0.2609663487353984,0.3537499341715025,0.08284478233898458,13738.497751895226,0.30796251978482153,0.6748000365239321,0.23244615766309,0.2865639173747263,0.2942006461118793
cust_55efad25,0.5634301107808365,0.6246215456219879,0.6403539425692065,0.4812655465122751,0.3775578427271924,16227.113047658822,0.26592473103229347,0.2740209778663395,0.3612914476277233,0.33344483740342296,0.08278831424251987
cust_926ccd3f,0.8493930907167236,0.5001772009131248,0.43684532962173467,0.18429197221409965,0.14052985904701507,26636.51539498527,0.16142865304719176,0.833077957106584,0.24181195845001208,0.1720279745352751,0.28260281121814834
cust_d6c330ee,0.7973199111817276,0.5430095670266623,0.19149975866629204,0.34826355557907523,0.5056748969981198,15709.337167779033,0.2402668760691973,0.4270529369813105,0.1380202811501975,0.21358575386731668,0.11747106631099698
cust_159da40e,0.6386694203746466,0.3928865639564253,0.03127000700044707,0.2580568678281788,0.6220827895785598,7897.601107343104,0.2629432380661335,0.4677892443384149,0.024636464211248644,0.30685291746493465,0.038328883370402106
cust_2139886c,0.7157564667490998,0.8808434412203368,0.106142686659873,0.1644999666072907,0.41288745878426075,28595.040825009804,0.5489106839749279,0.32516865323177574,0.09172932651907717,0.4207618005053895,0.030396127626841483
cust_85745bbe,0.9072508087824186,0.8164594217118037,0.48847510716954307,0.0707110061049072,0.16440851193907444,21692.933922554348,0.5379176880174866,0.3291795507455403,0.37893438098125337,0.5257286784037046,0.01079349930285245
cust_ccc60c34,0.904707441455899,0.27274164617786784,0.8806866952205418,0.07456861498572882,0.3688112527280977,2502.6759761312446,0.41054636278970363,0.6508897355052619,0.20521526334829954,0.11413091896904058,0.2980454312883131
cust_44e55f22,0.6602367742010401,0.7188302665937838,0.5249436133516037,0.6204301788610908,0.10778564078326958,21301.265925861262,0.4411463969144338,0.7799349787412037,0.18668828158537917,0.3880601021205838,0.2189940305907191
cust_6058872e,0.4325607643611818,0.4379280414643648,0.3277440016717279,0.22577581548135625,0.4796731993975086,13694.911549109847,0.41714307988030436,0.7154391883807275,0.28892473610779024,0.08349133179496825,0.26519731082935577
cust_6baa87f3,0.8498707944652191,0.5049736571292126,0.19535073840079814,0.15501022092051459,0.49868844632745063,46560.56402227255,0.30067635452620345,0.39135126786178914,0.10852098379816694,0.32458795018133374,0.09264397764209283
cust_3eb198ad,0.5821349653906166,0.23228773693245242,0.3318895388273774,0.19900313883248555,0.4112467402769681,747.4553390352377,0.2571501258363623,0.4408026692238887,0.28533480500843617,0.10636111500345188,0.3746236491608183
cust_94dfcccf,0.854461523952826,0.7214899294434615,0.6565700346306395,0.23466152373611576,0.052651548919389245,235633.67139168215,0.5465104505773304,0.3862597348706263,0.4037829794139079,0.43661926648202354,0.8265859158042087
cust_03e4853c,0.8703233186754399,0.6794646779768198,0.32685720639272264,0.2415938013987968,0.14790522190485236,34561.093223364864,0.4229350841119368,0.33997161182205204,0.24338176720701066,0.23928289332013566,0.22565973678627615
cust_292ff551,0.5140390778432915,0.6628370747520216,0.4700321226433433,0.20764621293685323,0.27119391407464605,15436.873155288844,0.4888748620352635,0.5119819868946981,0.3822356035864259,0.3326015901632229,0.15957608133362652
cust_19787078,0.6706744474070072,0.8205357058033426,0.4240384402530707,0.674817293571399,0.2613004669471372,6324.849464189256,0.5274270870639987,0.6226779512987606,0.30225393378703513,0.3709119333733383,0.021290995517146326
cust_11551228,0.8258237416432161,0.2849564670978103,0.4499805458091079,0.3845927907934835,0.06406590173246693,22329.091190628398,0.5534282221146274,0.796891034546716,0.3762946344961926,0.147736063245322,0.24635796198330845
cust_cf0ee11e,0.8556413494651358,0.1915073384720909,0.6408527548197857,0.205549402509991,0.17202198708116404,40772.55748717379,0.6273675954682056,0.554386896507965,0.4809362021213926,0.04373268804920339,0.04655092594921638
cust_3b2fdab3,0.8340165828596299,0.41755921344696734,0.489075659358666,0.1155010232036856,0.730239482166941,76289.44119401206,0.15663370500126503,0.37092626457822486,0.08505808017811219,0.3627924203508265,0.6397846987795801
cust_15ad0d00,0.6506189947240079,0.37775679975494164,0.2098911088080862,0.4889719126170648,0.2282744925656771,26478.37492263392,0.3629301166680884,0.6088176850276562,0.12330718789904797,0.25463992175014494,0.30000147682886413
cust_b1e344ec,0.8598202445927636,0.5416992093141798,0.34237892513669044,0.5794673094085492,0.4403707992481538,8779.494084006663,0.41275021561085695,0.5903489921748978,0.2008990881093111,0.37375743828104874,0.2101953435502011
cust_ae08b0c6,0.7357391905629784,0.4279324423250183,0.7456921018844833,0.15128725620168243,0.45160681260574387,39928.39425095576,0.4174922331917619,0.7799313938568461,0.4707422823720702,0.3601252143593369,0.02902964416235993
cust_784c59e0,0.9530976580312698,0.277437895497529,0.5129275714152186,0.4469480234760743,0.6816844548171325,2362.491740738041,0.16610756709551333,0.704762418396383,0.2728669660313758,0.22361307583402748,0.027576051434647326
cust_24a317bb,0.7837094938522645,0.6376605543925064,0.5255670743141454,0.1193271925726533,0.3164223119717605,46373.84302179685,0.3068805916955246,0.693768108303596,0.16797320033071067,0.10861751662414684,0.028109813433716577
cust_08e75952,0.6935239560997654,0.3741552969168065,0.12305136982984514,0.2416849915839654,0.47605583021563863,18651.83856428742,0.08200791481951296,0.2187033247106113,0.03574887975282301,0.3159469435894982,0.007674468508557105
cust_d4c19b83,0.8215180359103086,0.718671351295381,0.24468278543466915,0.17342075510389518,0.5958743659460478,25273.37056185719,0.3335295763406867,0.488096420302509,0.16472952193407056,0.45118323175177755,0.07203290639102161
cust_d6f56eb9,0.7603449579404419,0.6440016500607976,0.5726094348612457,0.08818288788364721,0.2196603413183484,8964.139704701935,0.30803675690519,0.22558789720285774,0.4994461381196044,0.2751253264649928,0.22000005186842633
cust_46f2ee12,0.8340267403210861,0.7307482483352746,0.6373288852017812,0.3455310227261657,0.09146881416018186,15050.441671467039,0.7241328557050767,0.6755345978394153,0.3075192870801716,0.220772794058601,0.09136966882422638
cust_9e3b25e4,0.8950526813953751,0.9055359304550166,0.5962763751763642,0.14380725466110197,0.2949209394403399,5367.861746557795,0.37302087992218447,0.6858839497621496,0.4555573836387996,0.3883736083638933,0.3289568825128357
cust_a38f0897,0.5624647772269435,0.7655605810360991,0.6973780440006492,0.3951470302330329,0.46196561835275396,6552.488944892402,0.4292049326775616,0.4588643129627003,0.13982091122826149,0.08801625787478146,0.07405705604302734
cust_880e9694,0.637308237045199,0.7152765678094181,0.3124000631050067,0.6630547715506454,0.6363940445184402,2115.383036632878,0.42399247533007706,0.43546222419770936,0.11585049551099756,0.24974541387124707,0.026520285606985286
cust_ce55b12a,0.6264599096873141,0.33685745254712185,0.4277750382894664,0.43507171074587614,0.25561098534135135,504521.62898574537,0.15192947562261258,0.7991116602401808,0.3171198499147065,0.22135537337913333,0.5561310149441495
cust_e79c623d,0.7755973154951474,0.46874139703711715,0.7719858283860807,0.6853913442572613,0.159768746603941,142345.7552452513,0.6463058100474532,0.8238434951282394,0.7232120303758233,0.3946199722003642,0.3686484246693845
cust_044e6b31,0.7979495731166287,0.3392234407267215,0.5758062189739193,0.13166459587568927,0.22494291686345927,1971.6419876003147,0.6559896080995153,0.4176473293651059,0.4032590946787863,0.08463845458769204,0.07197549865678245
cust_4072045a,0.7047172577094587,0.40435783540948517,0.4424259531247723,0.16404466337540677,0.21900489137786983,61641.279055032464,0.11179977295431744,0.578492647775674,0.36154643723837093,0.2204677645480399,0.33997500571593214
cust_7d47b072,0.773714239055783,0.43792492418615947,0.4190586549426675,0.11312050193904344,0.4649777825081544,39565.00695316927,0.37855624828940787,0.585030568486848,0.19835760884363357,0.41832552986871857,0.27249109024221296
cust_8fc5476a,0.9353391805136722,0.6060708853218866,0.7930113897988966,0.1519519908407115,0.07175640479693117,56438.075977997316,0.33306448953885726,0.17029908373195596,0.48880392282768825,0.20775256342014956,0.7223395998534902
cust_ea1147b5,0.8234435800430625,0.4726292585876325,0.5887092787777498,0.4276268337677862,0.26494506561934994,32310.67433401282,0.06272408301559658,0.31486206966205815,0.3360797806170127,0.3492907941342396,0.1536167210114141
cust_2f796a78,0.7184671177722829,0.5394808366088877,0.22870919094538453,0.38953719426867695,0.4591735680032286,9296.04152030415,0.38218583828222413,0.44212937546876624,0.1630579780281102,0.3466635870502983,0.2043498852735603
cust_9458bebf,0.8750421914393465,0.5106249674178909,0.10644970577754376,0.4375204116185528,0.3429699649952287,261759.32414189764,0.16369315397815304,0.47154873704201467,0.044171903569804036,0.1786668165108632,0.9321306665003395
cust_e7e799dc,0.5371673685335833,0.3403177246721933,0.49658213781763577,0.3450676573397566,0.15468807532061843,2125.802883875966,0.5943055396351817,0.6531303057064134,0.19125671335890732,0.2891893372363411,0.03577916421478033
cust_ddc7b439,0.7226307325808369,0.36050819060584205,0.11317580237028732,0.555422702236863,0.5482763141109931,20157.560028770546,0.1144113816034305,0.5826193445586215,0.07903700129485931,0.12187223458543646,0.07168362546591119
cust_a21c89e0,0.9066809911122303,0.6749661293296937,0.5852404679944713,0.34887890249825065,0.607719526497926,1889.7692897278096,0.3637189532056473,0.4795195566633699,0.3713396776087219,0.15673900648545255,0.008597263037379935
cust_0594b3f3,0.9391598553581578,0.958635560397177,0.15770130216484876,0.26183513138990266,0.2693875706354875,37013.16272362228,0.21510038570563195,0.5451794343902526,0.027615963233314035,0.38750503680558185,0.2901086123471673
cust_f85b6427,0.7469733368501194,0.37098630420621187,0.2908529962644582,0.44994383783747793,0.26250189030727816,103182.30418427761,0.5436556312898694,0.24141478117472182,0.1624217885486519,0.23663621501174373,0.9070574605983222
cust_116ea21e,0.781322426962272,0.5365639102159202,0.5841963483954629,0.6512574959615012,0.04923999347559375,107212.37236767246,0.5267785255968939,0.22844594056287665,0.4242160221108669,0.12520870950341614,0.9124493334240797
cust_d974b2fb,0.6463075363600668,0.41416755121763876,0.19105269628476299,0.3313354056539297,0.1632230668879944,34016.3586273372,0.6567122347899103,0.39645164370893615,0.09013261094622602,0.37899073419610874,0.10713105558090548
cust_d48140db,0.7464669132220043,0.38133574591204616,0.43834085381548904,0.0777730570727286,0.13890951134711377,8319.376374835228,0.7817921612846707,0.9412280870227137,0.30480932181781306,0.06601320024324142,0.07022929384640776
cust_3e166d5f,0.7728712357772568,0.7920044950335893,0.28607951362535544,0.22383354909157593,0.16732484648091292,10065.60514171446,0.10285059385177726,0.6460307111055749,0.13016159494466872,0.38422429895353755,0.3084665582772055
cust_263d9282,0.9505485705485172,0.25638810531761347,0.4685694950949682,0.13826134681649935,0.37675246878193436,836.4549069683897,0.34103412846910125,0.20877515992045562,0.38148745988910354,0.03173228337546921,0.3867496458116391
cust_1cbb020e,0.7477136335389012,0.24400818116740078,0.08384864326656342,0.15419405616005077,0.5287222681453814,162760.971376589,0.43574235713569326,0.5644296210899533,0.05064823393928191,0.2155365797225112,0.3799455711069266
cust_8eb60ead,0.8515108994898355,0.3713544119600445,0.08145028494811332,0.4717081071235529,0.2569279440861755,6627.612246149914,0.39316944652057906,0.7150752781040017,0.07399676108361344,0.016419237301107798,0.09135470632429882
cust_5a5a4a8f,0.6878522134400729,0.5492465110886982,0.564215024691271,0.10100303908396001,0.3961385600826735,44538.013381888864,0.588665267987899,0.8553869060656348,0.35513078045507146,0.08721475842137676,0.04674462700075645
cust_6ae9baea,0.8535993799305548,0.6194597636423305,0.15154329909177564,0.01684026531343302,0.509368438583718,15200.333857279738,0.17071164510616477,0.38522465417817336,0.0963786590849258,0.506439638630155,0.02348547125880554
cust_b1a7b25e,0.8307183312743911,0.5956608791088437,0.39414888638331846,0.2995550712227171,0.22364169980850226,48798.12191592789,0.28639576698317615,0.4688380105672203,0.17452606379435662,0.33131264748426514,0.138849776122218
cust_8c5ab34f,0.8713604781035361,0.6568452391576811,0.6407207121137442,0.23013738577055085,0.17889615602624817,1573.4458389557533,0.4007090475227716,0.511532553593086,0.43031170543126346,0.27916092443571805,0.04384446006636185
cust_514056f7,0.7366156696963155,0.6515254122254359,0.5434751327719581,0.40771147984171763,0.35649701674668344,107415.51464496931,0.43544575884732584,0.4557344670950979,0.28011394333717127,0.3153339942364338,0.9095291544628817
cust_a923c289,0.6641935334730503,0.67298378857199,0.45594339424976094,0.2650361870870766,0.20240563988162108,32308.71247795941,0.4739069995418453,0.5811713541651985,0.3251117305527393,0.18185695136037586,0.1249240969745294
cust_745542db,0.6921475363240059,0.3591617378399258,0.3414615445401559,0.40919477050728337,0.18492555215113018,165770.40528330664,0.37491856133958895,0.8532394574739244,0.29600228948496393,0.07842228231444118,0.9214904443840195
cust_63ca0fd8,0.8539137255113607,0.4113609244378041,0.670640276038246,0.513380603412865,0.26850682800481107,19451.990526254947,0.7516750751169408,0.7234891567883066,0.4218464856037849,0.2677868595478108,0.10369268798259379
cust_df17e416,0.8791107888093278,0.5687823854081041,0.3751764209618063,0.2291126130153318,0.054596236695770184,4262.362225235037,0.2793587929770184,0.3780929176833559,0.14037258556570406,0.3489136432548762,0.31508041495458167
cust_7b755df9,0.15213953796605295,0.7999067469736062,0.08096403894228453,0.06599898923958389,0.42687456364656007,42414.45251959997,0.4706913699460167,0.8638879122431584,0.05066507602046781,0.2061899262204962,0.03506203378168772
cust_e96e0289,0.6937271995084258,0.7185156331146083,0.5904675485809876,0.22847525338293484,0.44437836627156113,12106.638832580104,0.530571639723704,0.3370965835565757,0.40997162925911823,0.2535576296606537,0.06909530918598938
cust_8bcee7b4,0.8753126353659839,0.4758433356959524,0.33042587173339766,0.1793548074401426,0.22675872908682304,18019.753092288764,0.8571098496681269,0.6919502153875533,0.12835961013480118,0.17409601521404414,0.007553603593625173
cust_82eb1d76,0.7906643012542586,0.36922407775534366,0.7726703652319126,0.3785537701685887,0.6167685099924504,44330.42791044937,0.9549339670500516,0.4637910947512553,0.7520650972741436,0.1979548097658208,0.09266645553557733
cust_937eb8f5,0.8641482393609102,0.23500139568315181,0.45172134371836603,0.48396008117217504,0.18228738141266726,22264.855540079716,0.275401643263999,0.22204982360087597,0.11511548964156344,0.1827672527997023,0.005551188592021335
cust_49a7f4be,0.7545625190754269,0.6132942358344268,0.1467381069302032,0.14017534604577964,0.1391203272590656,18408.53070881054,0.7750839288444082,0.7258350942752919,0.12864387393099114,0.49641245422438085,0.06308479148594406
cust_6884c1a4,0.6143127324304586,0.6185354247531877,0.8235399963610924,0.19763536462017064,0.39990111348021,71323.1670777412,0.39494613940319856,0.2911544253895239,0.30226717687684185,0.15806223479287465,0.7502026806910166
cust_3939fd79,0.7214004069323606,0.3872829943856964,0.3617653623874131,0.23005967491136306,0.3201330924538335,79732.61906892693,0.27114060161114384,0.20677691852706714,0.1456181099670314,0.2142064880179087,0.7100494855462056
cust_7ac16697,0.44542251404371047,0.396721896159935,0.3390142436973502,0.3435171976837298,0.26880830016094026,3130.922403632786,0.2861946557407043,0.4291375975883499,0.2432232462945014,0.2623273745463312,0.0949821206650963
cust_51c9e992,0.8805651390754525,0.3800110996092413,0.3461086216991211,0.6228285937687773,0.16518933784844714,9557.840536551243,0.04471969376716079,0.38882596758146243,0.174706008861263,0.21403915521499214,0.16856087456680657
cust_0e0388e5,0.47342520390252163,0.7306711931496641,0.36339259429548093,0.3428481178765396,0.0731792132249981,31346.001922577994,0.08374217882217325,0.47935794673797927,0.11049442767539783,0.37018940376255766,0.03790491483614265
cust_989fb13d,0.5185811702878385,0.5414778395254295,0.20807685434091613,0.1149929465094256,0.17181093749425008,65052.60443973925,0.052408605126477756,0.594462812499171,0.07612308397409817,0.06222205567140109,0.8328646546434291
cust_168aa36c,0.5163662041385514,0.3871972163234243,0.2569707114632253,0.18631061251192066,0.32737196156441856,5226.80684987128,0.03280565958547727,0.11642284850526056,0.07534344720514753,0.1734875603256503,0.04009101592670934
cust_8692781d,0.8350485968143461,0.47644942992373585,0.2918578409294998,0.5051988775852395,0.2458785274496288,13206.920848919854,0.5839192082276495,0.3594065751984765,0.23555786297874598,0.22220142967303946,0.0014912862639198223
cust_6ec167dc,0.6205619585669384,0.19038496617259099,0.26430061337644256,0.059465882211396724,0.5355110101098851,35391.86209079203,0.3931006657977479,0.9220899640015044,0.06390681010846236,0.12101011771240865,0.04032507251892618
cust_e6854387,0.7729001776030009,0.4220312341061847,0.18065398992506085,0.6280039922099471,0.46010239181730644,99588.66271353229,0.31078521892771216,0.3725058713024832,0.08214301027014836,0.2109307542740767,0.6356478788622606
cust_55b0a857,0.6796545857782152,0.6234598755301074,0.29206983259002506,0.3990096729995354,0.2712868818347315,36938.75862246898,0.2979010739034302,0.6433657096833313,0.12209447816804007,0.5379071053911698,0.06475595664112758
cust_490082d7,0.97289950983042,0.7442080178531456,0.36207802274141937,0.4904099922496382,0.4059352619136834,1131.5241814300116,0.5655161466186203,0.5704005142604837,0.21126504015772016,0.4087906615064236,0.05526668673155821
cust_18a192e6,0.7509241441225845,0.5871120862802175,0.31394920149891914,0.4703771731098404,0.5916843325526012,95244.41090487613,0.24600977329696774,0.7632319616809672,0.15548728654525099,0.09303337258221787,0.8217662096899665
cust_5b923e6a,0.6688249672730614,0.3451476763275174,0.7451137194914049,0.15592689052476288,0.2751994631074301,11606.125557358835,0.38918067791222755,0.7421337167509049,0.4845635539830552,0.13054108515718038,0.13295756334591427
cust_412d60bf,0.9215959568321219,0.34629666145458,0.1619609638461456,0.3634325915609342,0.18744659381467474,57175.08597420486,0.25591670347645973,0.6236394690567704,0.14139352474088573,0.2520913515338579,0.5725402210816591
cust_81fc43bd,0.6090283427634736,0.4615572188520084,0.318580064371151,0.21665441986680756,0.08553359487646098,15323.563496332848,0.059539107256730846,0.5019288651937691,0.22691655436075642,0.12824550110004962,0.16269295624321567
cust_85951593,0.6875611253741077,0.26540261203255955,0.62642688964781,0.43060326914743685,0.473761488705227,10755.10451345491,0.35540713744189856,0.7443417750706373,0.23614458034196317,0.127322587841624,0.16130951840785263
cust_25176a58,0.8856001458234839,0.5114859618873543,0.41594670453659555,0.13749042506342576,0.1180570012334498,18116.980171587464,0.12572347460825167,0.46941774627311206,0.2026123358191538,0.13930008585118067,0.10713532914647232
cust_50bb538a,0.8550437743583991,0.2981836894890247,0.2876645123428018,0.0810440483821901,0.3380969345715386,109986.52616414588,0.5822655507126351,0.761955731925911,0.23386676889174457,0.22435051323514685,0.5474498985093319
cust_de7f0869,0.309136908665875,0.6879378296030122,0.5773572836318466,0.45513711789803274,0.24956733936698874,145239.6909390857,0.21253889610926285,0.7326270947196544,0.3858397836523104,0.43479008459618934,0.682637244818462
cust_c19b8034,0.7504521996187854,0.5987865750335334,0.34052128572737417,0.18789781459100294,0.4791451294419477,7910.691372109319,0.7451674749065529,0.6671954356758585,0.139612768930688,0.31987275393759357,0.20690359141813644
cust_30082800,0.9318489693335096,0.8347713562985617,0.40686040777839577,0.04532550674101002,0.6588489721628182,116945.5590536346,0.09003444127288375,0.5370476904697603,0.27828824544311903,0.4651492508232924,0.3568848046033537
cust_d137a581,0.722774762635429,0.8583913125721079,0.6997417684894028,0.32631699026569594,0.29272122746651386,8015.560546125046,0.18995653346893224,0.7810588531127104,0.37263026225324547,0.6037759983570055,0.16918907490447005
cust_3e8c1861,0.9010837707212515,0.32309500763511434,0.15634134532851512,0.2445708530630669,0.3515420570407846,5504.274186966646,0.09487298417831651,0.7255766809947668,0.03574908424335251,0.12396887879234518,0.028110648501675044
cust_2f4c0c14,0.7707263135532129,0.48004071446357466,0.19533093262142687,0.07151463850174511,0.5339316806355529,16519.45151474564,0.6930234798559088,0.8857899292702465,0.15782101409496768,0.27170919647509173,0.11014086540002943
cust_4e1fbc54,0.8666166043026152,0.3194385190017811,0.057475756512927335,0.3723980152748159,0.41003247882907173,40268.668226907124,0.29380049166795563,0.922354801944019,0.049594784338700695,0.2084054754680145,0.18124133915711907
cust_99eedab4,0.8896954933198556,0.25019151655081934,0.21284227700985653,0.11682937104880234,0.27499250439764933,150803.96780476134,0.1501390418484689,0.2875326322420643,0.14253606722888865,0.20886251803039918,0.3135427614218726
cust_4653aa75,0.8321965916922403,0.6520622434019474,0.06191431960721128,0.4115304171715989,0.3484552009568745,12339.893538741937,0.15056913949139913,0.4280835057854421,0.055324638612166424,0.41329882256662365,0.1373030118479193
cust_1b6692fb,0.8494060445310633,0.7625094316157538,0.620178482101516,0.4771424297570234,0.3956550153115424,5110.57896728127,0.19555982035369154,0.18629877915160314,0.3702150508191974,0.38249399839985504,0.17745087516663255
cust_ed7e8c22,0.7023324641192042,0.35136932656985265,0.4637097013659819,0.3727439471985167,0.10122994262756464,2240.7632113364093,0.13498831068086897,0.2946271491833672,0.3787889673114177,0.1312571576173105,0.17852150857918087
cust_a387a51b,0.7843920265547948,0.4459832348083152,0.1038314323556215,0.2692786471625735,0.4506266200874835,83952.41962314236,0.11445977350356956,0.7920684386647066,0.08052787781807347,0.3974528433144869,0.6174256468436051
cust_0716c013,0.8404157262082257,0.4638195947071235,0.2894997234972444,0.14024037739261844,0.21211073502043623,56023.12060405018,0.20391212579927653,0.7656151104931341,0.12006631504379983,0.18169802907236707,0.5964818294849481
cust_2a20dc64,0.897516327800408,0.7269986058757879,0.21601879447737396,0.12469327830393898,0.010567767177499209,96442.47551913728,0.21907404978158984,0.7169141240401068,0.11165088591751955,0.5783361189564862,0.660925130506406
cust_2516c1c8,0.778729052625416,0.550798767069696,0.5013712459290168,0.22788987004803712,0.22889008079849332,26326.06704644278,0.38677629277424086,0.16754210979073123,0.42032790853941304,0.2707361226051902,0.06083244783764017
cust_e8b7f07f,0.8651866181827015,0.17814962366929812,0.5542959885936795,0.31261620315977445,0.455343724308606,279996.79005761386,0.28811963429716286,0.7700558198753986,0.10092869815858607,0.0453879600806593,0.48605159049755897
cust_b989a0a1,0.8031545238080395,0.7934158658857038,0.3016875014776612,0.519706090795448,0.26785464851779417,159116.5179984963,0.6159152877406814,0.6037494347698698,0.27371594512531683,0.6879941702733698,0.6322317908333992
cust_8dcd1b66,0.8508966223620612,0.6099725447648926,0.33285458724732836,0.6001395869833321,0.6227276747037482,25880.44259307078,0.4286430474707002,0.26778294032976974,0.18570476505274225,0.1820298969893013,0.12677629566200913
cust_7367d1cb,0.8672284012254791,0.519441610984365,0.13154520042097037,0.242133195672671,0.4117741127508827,1735.279265159232,0.3226999964370485,0.3165618127410124,0.05239488555562792,0.2772319724971461,0.05264321898440463
cust_194675f2,0.8070085132764763,0.6043007689199009,0.3651403528445044,0.011785243713614564,0.14320314528032768,10311.25690195555,0.34541509903852075,0.6063105764958526,0.14125557539002592,0.40353836030330226,0.06828091918939272
cust_b8f16b17,0.9368014886205583,0.15653687213486367,0.1714908768999623,0.45645160896851894,0.28180219799048156,17219.16118465899,0.8682747982011167,0.514968328591421,0.08002332484542753,0.13191399350480146,0.0996521712906209
cust_2d8237b5,0.8559466539491525,0.6569019914638486,0.4272902760998707,0.5606376934132973,0.24779222307964188,7098.6929091513475,0.31079045981346454,0.6979823086346872,0.1644111922514578,0.2356193929567491,0.41424371384226527
cust_3c64d4c0,0.8171032217207442,0.28636968068605545,0.26346689346683455,0.0700054476398675,0.31993650294013976,89795.1804216212,0.38971968753599895,0.29617568408333117,0.057031106897215134,0.1831555003694797,0.5683764442875091
cust_1ec61b7f,0.5389681765844596,0.7449701838382432,0.16773657087660246,0.12377739572936983,0.5799102231537049,60277.4999252396,0.47898945661518777,0.42718804672773425,0.07474982955757563,0.5873907193919479,0.7167640715899563
