id,latent_payment_reliability,latent_liquidity,latent_digital_engagement,latent_price_sensitivity,latent_urgency,latent_customer_value,latent_retry_responsiveness,latent_delayed_retry_responsiveness,latent_message_responsiveness,latent_alternate_method_responsiveness,latent_human_escalation_responsiveness
cust_888de289,0.8016626721403436,0.3469268125348117,0.5936912947765127,0.3055733841806911,0.38541602662959307,5023.924048996913,0.10664630791893466,0.118540851590181,0.5588085998089909,0.0837424781863686,0.2434440554955974
cust_c424dc27,0.5959955563796715,0.394926538791939,0.714075913366501,0.1721156864160998,0.10751666197574947,4939.029533204634,0.11174652676207852,0.1954785344671865,0.5605819506408416,0.3370312226321495,0.2092079444024097
cust_bfef21ae,0.7758286676455175,0.2140137772296773,0.2616430510297768,0.40205740454213806,0.16140295963654466,16331.147569907565,0.6777587819964915,0.5075063464602599,0.08120184896437825,0.19103629000201627,0.12418827154306931
cust_78d49c65,0.9749644992333856,0.3488972655845665,0.3944322878349695,0.11722327224446416,0.3159918479162172,114603.125280379,0.1365526849829118,0.24468273774425148,0.26139208492878696,0.034898199843883024,0.6976237628553371
cust_5922133d,0.4025511499087741,0.2501038595545054,0.5152338817832696,0.09791062636885282,0.3595224485505425,1007675.2106987063,0.3631106151871694,0.2888096192221902,0.0770624842565296,0.0811158989458407,0.7947089460173755
cust_d92f7065,0.8594117319094645,0.276190279575261,0.43272514788321104,0.21955845211423536,0.19218315970000255,24743.12547339203,0.31304303161850594,0.2740410489767605,0.41264498991247595,0.1379744459698807,0.08176002253420667
cust_b75184a3,0.7473055279037446,0.6292454877676662,0.5081426820897343,0.599766543882703,0.19155066580152322,1883.6846003831479,0.26024912869031774,0.6855216282904577,0.1987148379159746,0.5130775021043147,0.4873424823861678
cust_06d5758a,0.49922213747360633,0.17607369373788204,0.26114941653442447,0.2027870035456329,0.22062865482023492,13163.623680768676,0.21186382670859827,0.7734746326415858,0.07178634862814885,0.1319335896625686,0.2383997804929599
cust_1fff05a2,0.748335626359204,0.7542796785925671,0.1987688579029179,0.3000731509040944,0.09326319282080486,60764.84816964411,0.15668365321273736,0.4383726547184148,0.07683624481970189,0.142868819132506,0.9237134820198948
cust_3dac9034,0.7983597030353488,0.45285992869737063,0.22922731296802296,0.7154336286255092,0.7689213262795771,46385.64086936899,0.09097750508971275,0.673875248985935,0.12850975917149277,0.19114507699952119,0.7820699293743656
cust_70b32862,0.7709510183887055,0.7398164916316654,0.718417568923021,0.04881262979125081,0.5424322150039264,3705.6626154139735,0.27642627648869283,0.39442793982609714,0.5898563337751282,0.5476213715231054,0.06223985592246592
cust_da640e89,0.5850871241793167,0.626908081017645,0.42327269030590164,0.1698095599746936,0.13306951308916906,12473.679042598807,0.3603573323890402,0.541638509767274,0.3398903777764595,0.40528839338476497,0.38069875013365295
cust_6725e1b1,0.7592915155657497,0.26078132284128663,0.7622422427321827,0.5909882956569086,0.09553235405892437,54344.51004954716,0.3018063680154634,0.49480476216527475,0.528766162191362,0.17710620036764915,0.9370710505330415
cust_2e4492a7,0.8469973072835066,0.5320774169459894,0.4468391351681984,0.21641397576743926,0.21066358861878098,8736.344656871677,0.33431913202006086,0.24093366759742949,0.1725164881661838,0.3327017319261736,0.061553210774353294
cust_ed123480,0.6304450454879929,0.6404502104928322,0.23972205856674336,0.10648092635330014,0.5431175995669736,7597.289130259348,0.38038618735500873,0.27360660715953883,0.14483430769918448,0.25676183787312473,0.12670177242667818
cust_4558491d,0.7360845418679073,0.2811734912730901,0.15795325513415567,0.05221092698492216,0.3734564609055315,26893.184141962032,0.5709765732061703,0.23832251197866905,0.061317954075771494,0.07929738316129979,0.041615091065584336
cust_f5303677,0.6319105061568184,0.6484122012721409,0.2612186694261591,0.14826612645553292,0.12365874418012061,29122.187579849015,0.18055054107254548,0.16569731447600017,0.20210466967276558,0.35285110539623515,0.099005328423105
cust_2f2efb4b,0.6236990165284622,0.734407746349675,0.46221532277200955,0.04244895874940698,0.6085798800293954,2292.9182353730525,0.24981697535096986,0.055715866249832983,0.347822887265029,0.22225319581649564,0.03854938782326184
cust_b8c97a04,0.8592005903250801,0.8482213054242759,0.3071018955244848,0.10494367945925107,0.08718260934565909,5979.275402370119,0.19407533991755024,0.6472368579738546,0.13436266266579044,0.2991923498446242,0.14430298580279768
cust_eb7a9241,0.8594455807256269,0.7738160364069883,0.2905447421967239,0.14578170935268536,0.20474182967488647,6863.124922340443,0.2227239288508741,0.1874396869938381,0.2098978233256462,0.20650348395151216,0.12162547320106852
cust_e681e950,0.9485775512454088,0.20220622525445053,0.5228041968164631,0.1484423042180833,0.42721685287777184,15006.14516138837,0.08064492629622405,0.633581778335695,0.3020071631998308,0.17680188992386908,0.03555648569872759
cust_6240d0e4,0.8295581533645544,0.864465664422934,0.07762690276554755,0.2249941654659454,0.35484621967593893,13759.572877171908,0.2132741469161602,0.3220081058007923,0.03504420796900266,0.375911259115132,0.2916527358009019
cust_a37e875d,0.6135120327816591,0.39580394913589473,0.021087926891070724,0.5049141477395729,0.12042551493617067,28062.152917335632,0.04221664332069222,0.5387720295272739,0.019099946639743334,0.221749567171585,0.09543982589109282
cust_5a838dfc,0.7825669713525821,0.5987482101305075,0.6364828016449618,0.28299422671495833,0.5866828028627649,31925.736853163085,0.17162518711707303,0.52404856634203,0.2195967770686173,0.11817825840264105,0.029810981698691435
cust_331e6b7e,0.8452403817235594,0.43537648224653897,0.6933815906422149,0.29115036085729173,0.4167830741980232,47724.55534146794,0.4616030861673285,0.3313330466294668,0.25775070041287435,0.3977905533076956,0.06561037750610449
cust_2fd06a07,0.7897486414715146,0.23767749162468502,0.28568738007722727,0.2815508349548358,0.36548481258396076,3026.574835502493,0.35778027169929527,0.4130152000060542,0.1470119322528863,0.08933030113046177,0.3808278854075996
cust_aaacb635,0.40800065841738764,0.4620834356572579,0.4685238682826435,0.5516443222853532,0.341090821724656,125448.24335601808,0.6571817168388818,0.8663470624638421,0.1367002808462544,0.41579917329672716,0.5947696548975144
cust_73ecfdc8,0.267900676968907,0.49970537457804304,0.9056995608996765,0.022599103171281346,0.211517435379942,5638.13473036853,0.5127566832356248,0.42952974021475265,0.3204346957376389,0.2592387401013112,0.01030351781339788
cust_95822ad7,0.8873075142176302,0.7712909974295986,0.2551008435532108,0.21188578990274357,0.3568062279012379,26983.574283865113,0.05599651771025257,0.37179146110308575,0.11125475154228082,0.5511248498019259,0.29245749213322025
cust_3728c3e2,0.6102940794702963,0.37225616890532487,0.25609383474416586,0.2855237523884105,0.41383356018991235,56708.28861798253,0.6174269523815308,0.3412370949649418,0.08108217257154092,0.20423986786101367,0.430666275152581
cust_0c31730f,0.6545933305903402,0.4846748429110622,0.3764361687629726,0.5190261508400048,0.2130549087498255,30103.72024846697,0.6761068136614159,0.35654455390674633,0.31064661434466806,0.22107746324994818,0.06440465180949431
cust_22f0613c,0.8495804462810015,0.781181086099294,0.36016726265431226,0.40720393005825717,0.46121004821850464,2402.934526905897,0.058778713132807026,0.7166776253122651,0.33821781183450084,0.7026173969242518,0.27275907097091084
cust_bd713acf,0.7684673660185646,0.46669746560658126,0.25809926095275165,0.5918279746755397,0.3068041483863602,5272.193413667863,0.20289306217663305,0.2427805374743754,0.08954903352182257,0.13979060418063496,0.1800741000635181
cust_cf0fc7f2,0.6805111439270402,0.6146746440432189,0.3756026244577733,0.01079289541904059,0.18426952440826078,13976.128927092546,0.4704694674486462,0.32022429982663514,0.2115803147263934,0.2817284507433766,0.0887831043261133
cust_9e03cb75,0.8570450471028866,0.5376402814671367,0.15741459292304305,0.22290509874902661,0.1782846283724101,53369.80305455285,0.3519307647024463,0.8646561133765727,0.07876164498202312,0.28397863922983724,0.7848611679284924
cust_70946346,0.8427937694275918,0.590389277373237,0.5172945100004175,0.13691668805875853,0.24104318999433155,37736.57934236454,0.4289968452818407,0.1359855186814597,0.2277895850057988,0.23549904405127975,0.010230522002775386
cust_4e94b065,0.5664111625562911,0.2627122523025199,0.39037580930934224,0.13742437956805348,0.3300007435765031,1712.3349339207027,0.37068821979864386,0.40006284593687935,0.37222316998511834,0.09417412059262982,0.18388728332351875
cust_6cba8caa,0.5926310174548732,0.19185523845330205,0.24111300534625593,0.23792122776238211,0.6310062340067386,71441.89846949953,0.22820787225338238,0.41013373990570867,0.16539763332139176,0.13594077923863346,0.48093317421448745
cust_20556cd5,0.8581631884539688,0.07257961023080713,0.21625656267560187,0.22540734461736694,0.42713179954592095,22006.781421992742,0.4336925560695076,0.4708705683096053,0.19693092655249803,0.038471572536065465,0.467304245123383
cust_267b3999,0.816824896673402,0.40550874633126577,0.2909975182082395,0.11394675980747447,0.2543967982100113,56949.23504377123,0.29541015731135695,0.7620708653627947,0.1981145110024673,0.324437034637734,0.4943336546138705
cust_c20453c7,0.9279154382123819,0.39577325748895703,0.5398103922784171,0.17888915242702427,0.28558540223861956,7980.300759427782,0.18487810810524385,0.47696736656481686,0.30382468305715177,0.0362553865042046,0.08620461673527598
cust_59fb38a9,0.7582252726346346,0.37034220833321124,0.08349736594816025,0.28762774318228407,0.5307525518812757,33945.63025770195,0.35591694033924154,0.4726566580548978,0.0409941584704772,0.278948245046062,0.3480003955874957
cust_49e431af,0.8262526176153748,0.5333791968709434,0.6974424348778978,0.46415519698188007,0.4704647423168716,21816.205656234768,0.20474177405703745,0.6552468641078698,0.47914166808164643,0.2677499669156246,0.12399756533061289
cust_933a897e,0.8076528000023249,0.5225633982872108,0.30919084795130786,0.1746122836637964,0.5600574282080353,17247.520604540503,0.587392434084579,0.7045254944715992,0.2759036402621315,0.3763377487508358,0.08587397715141773
cust_43d0d09f,0.8626589692239528,0.7457846046539862,0.2680833420866004,0.5724421569482682,0.284365765532629,17546.3388920232,0.539810258409073,0.6005629163907822,0.23314052112618716,0.5998888856548817,0.018331908247245957
cust_4c532e9f,0.8609431768114219,0.16410237007430853,0.0037413759289399895,0.16843370502228627,0.41460458109521625,16968.02252866641,0.4325755983161096,0.6197099649185628,0.002098188948507259,0.03627771143147838,0.15871981400380264
cust_a523ec92,0.8947983054432703,0.30145927909472514,0.09875935716166566,0.5296391546654722,0.15245129699624949,52717.10827367237,0.22218115088302604,0.732562313337955,0.06689222687080115,0.1777898626898545,0.7729245798077097
cust_69c700fc,0.5827294888321891,0.38100535817351366,0.1915344199527493,0.09173878869853037,0.3836568747642545,29546.288907542843,0.44804426455282553,0.6077074870073815,0.12551579383827444,0.1634638274963,0.3129949285003157
cust_8ee1dbfd,0.5971233184959525,0.4051949333575193,0.8114465782187738,0.3090277741410756,0.654551624569558,10841.348157548495,0.2973658827228367,0.6875809972542927,0.2050370866822741,0.06977374609995415,0.06288112423746842
cust_0d289a61,0.8485709900927098,0.5753539944820679,0.8257394519293301,0.13805256086983406,0.15478272364563028,7249.8064817060695,0.19211542859356015,0.6558542892915625,0.3303104242259933,0.18193987392198022,0.15775461374965338
cust_e33bcfef,0.8790941445705613,0.6366247235441361,0.40931637251514597,0.19823933525426327,0.4814158859151776,314978.41881519335,0.786377166138686,0.505441647725084,0.13982146536395157,0.3412269186091229,0.6984165449642328
cust_b1dc2276,0.8426385206764332,0.6428918579157744,0.3622628089606283,0.13836415431480814,0.4520236122948787,199795.2684219892,0.25267366807785147,0.5332497662263384,0.27321625349824114,0.297811779437979,0.5862233451738446
cust_6c6a017d,0.9403548973731943,0.5499885677604389,0.18962051021694892,0.14823128407369945,0.6653239689564472,2872.589033159122,0.378593642252811,0.3459576474549907,0.08423748686140463,0.11367536610552233,0.1378093480295969
cust_dbe9a36f,0.6703147497394993,0.2321343227810466,0.28581464240009774,0.31848780503331964,0.20550569777909203,11904.53749685522,0.06946848273750285,0.7359045973685244,0.09980066043806438,0.1756885349728096,0.267364308772574
cust_c420c2c2,0.6545616012370228,0.39185099996288913,0.6289432124410149,0.5271843768876322,0.36986661970673484,762.5832005860879,0.3771983213718132,0.6793162855177023,0.19923948670941166,0.08306383005837199,5.439439324867464e-05
cust_28412fa3,0.773190556211259,0.3042353122059077,0.15699087247541968,0.45337500169520484,0.25427723808785824,8868.882076737636,0.2400816429421804,0.37506605662222076,0.1327338503382661,0.10579871550625077,0.24667133320052032
cust_49dcacbc,0.8916971011239945,0.26640206035771097,0.3561910422658683,0.3477646017453166,0.4344032865660767,12991.053044606404,0.1358874046314616,0.4370523055712659,0.18136692815169433,0.05903915808730638,0.13867792169513288
cust_3d5104c1,0.7977228479490185,0.43209668726097555,0.5283884523025946,0.23064871726087688,0.21540849694913572,3721.201890172713,0.2596571611631816,0.8842243732053773,0.23445141271945144,0.1735246086415044,0.14821165655108104
cust_24c6f086,0.3575816724052856,0.3801862992751972,0.553393645416641,0.05763354386172913,0.4322311152541179,14838.195688316746,0.6779169232621887,0.20146209305164356,0.45009793107608426,0.09796903224521304,0.34341409074894536
cust_e0ba5a3e,0.8228519475317049,0.31377330351592253,0.2754909238973946,0.6235860006518883,0.7086209868567336,51006.74413350079,0.32078208200583064,0.570025090088312,0.09154529061653999,0.06493369364130601,0.6750242502012213
cust_d3483eee,0.7178867640627152,0.549603924833228,0.4968711875596561,0.6655094250057672,0.524622927600459,33421.230013341956,0.3181445600351315,0.5820142227992983,0.23225972487149887,0.11253558230863962,0.16448297492544559
cust_8761bd13,0.989846931422504,0.5229220541624903,0.4951419442880828,0.44923076261551365,0.6641188118725796,17099.38535966136,0.6495796637027332,0.575343872731678,0.09168633339044233,0.22756229373469047,0.11516516208727554
cust_02745951,0.7479915579267381,0.15379272357440837,0.36905832637353675,0.008092294263927054,0.16558016998760847,26498.366488917163,0.026305017451038977,0.21802992520219747,0.30888827538202046,0.0604192871214597,0.08747164762699988
cust_8e3c0497,0.942696439234083,0.5448458606280792,0.5049803208762252,0.3004388416989923,0.2953568390389702,15356.558238729835,0.17744390954541292,0.3489859166660113,0.2418899095840697,0.4828872290417372,0.06111585847584563
cust_eb5afb42,0.7250948357674114,0.6691523742457063,0.15832089003705044,0.14662160241658379,0.285542907075168,2872.2335690613304,0.04929223552795267,0.5733485007469111,0.10734318116606024,0.40982238996663756,0.04911207394274749
cust_bfff3463,0.8476446467358743,0.2796382848556022,0.5403938560463596,0.4383448200334151,0.32865865589426224,25893.35572406413,0.4427855904846124,0.7090217529482917,0.2219377340165279,0.0684553726268891,0.2798713856246356
cust_f3a32f68,0.6426622202453207,0.3547623099011229,0.2691136076628008,0.4942311155553606,0.5382808562625433,16166.018863657762,0.08338461698103879,0.375665272238268,0.2411001419499276,0.11240461289303726,0.26482324806095003
cust_1b36ca8f,0.8541324051936948,0.7492548867895388,0.36336320886998913,0.20803086822115024,0.44969885554919337,35654.595375909485,0.5710814019187684,0.5219487829437148,0.26798783579722274,0.35351419244271015,0.3175662718372685
cust_c3a4c9e7,0.7425844617867249,0.6171097560373217,0.33733498364481296,0.17028153675130805,0.1538758663183745,7444.153924962416,0.4837320708350008,0.47754805071595924,0.10641803688816762,0.2895080087260019,0.3303162845397882
cust_3bc6bff0,0.9142288771770252,0.5900078951047748,0.2405037697922464,0.06611510188256245,0.16146608074126736,37769.01785315594,0.30978052234121917,0.48576442057807867,0.1535212367971413,0.32340487374039745,0.005402145589154691
cust_0b841acf,0.7637826674589278,0.8266811037892073,0.2309515249776784,0.11967867384727486,0.8234296104751508,2622.7430517466323,0.026191321085057877,0.22420533300658996,0.07903230573871035,0.413182477007469,0.1227093754563726
cust_0a0f7647,0.7956183333118698,0.6264452807605931,0.36922042784694903,0.16747977207939893,0.1633106970751765,3923.130790534588,0.08404654274178651,0.5757513585559293,0.33744401768407706,0.3023749897941769,0.08094197463397922
cust_2e270a4f,0.7130341100345056,0.665438611504702,0.19683097625872234,0.277171652420642,0.3678373273848652,18965.395398358247,0.32891317775859896,0.17622789010699338,0.07533881288256647,0.22786045881160624,0.06421380174104464
cust_fd69ead3,0.5570711340896484,0.4881025236770195,0.10211439920223049,0.4610287935828564,0.36532620018058454,26050.806433688675,0.3016948956295326,0.595376770745196,0.08658252317126472,0.29673535212437485,0.27580194174234823
cust_d2bb4f02,0.7996371480525541,0.19068002186396452,0.6428841097384734,0.411394785065093,0.4405087943580187,5019.641919856371,0.1268978915221899,0.5367987454130286,0.18133039833415995,0.09052382906085987,0.09347505086211232
cust_9e45b0ea,0.5803471716845575,0.5049802188469926,0.573584333149087,0.1864455591188635,0.28006178596410986,219350.87221426432,0.07782190580089654,0.3151636593452529,0.10108342616403641,0.2559077403548238,0.4786170167037041
cust_0f3f3006,0.655664212831891,0.47710981141159575,0.17388112638362302,0.1716274415974247,0.22677537180878343,48865.76785305795,0.5108051636163502,0.48304060006691646,0.07101967980132484,0.19280627701956207,0.21078308723217928
cust_94181610,0.44956504268220615,0.7945173095905235,0.7282210116732104,0.44908342263395734,0.14252631646258193,489912.14149320644,0.4682311472307977,0.7455043797671407,0.39617540030313697,0.13006013615127485,0.7988086973624345
cust_ac16db97,0.49665856363763594,0.5277706393625974,0.2209426743635702,0.49311856537166493,0.3240457957962837,281051.6233232539,0.5815458580757361,0.7982692415480742,0.11994914009360699,0.026557056501984116,0.6278740619178862
cust_b0a7e7eb,0.7264170648051742,0.746041906910623,0.3201925392920072,0.4582186420561993,0.15289561453083728,45657.847319784756,0.395805501420154,0.44905367141124225,0.24984719371936429,0.5947564011245363,0.112127674030552
cust_72b4f453,0.8994455281876683,0.32898726457844907,0.7213732527034158,0.1418373074783374,0.5860180308558172,18925.298914859446,0.4440244940549009,0.6277429953368465,0.20259182782749946,0.15674934807175622,0.07567353414827796
cust_4a9bb24d,0.8551409179537091,0.45791995160496335,0.3640861243857728,0.369594102412276,0.3944745962227769,159729.53735981186,0.27803755225150556,0.34827220098821854,0.19639047762219544,0.33451151834192616,0.5398894372751051
cust_7c012e30,0.4799746633614377,0.5582214992493,0.6371684688197095,0.1843596598604426,0.14132553156035524,41043.309226715784,0.07107409392924333,0.38955341362361445,0.42461837658797547,0.09404779749396312,0.002782786159594287
cust_518c2e48,0.8738281885942899,0.7473386105701536,0.41742079683870104,0.1489738838798028,0.4307311545705865,35479.2093945548,0.06052123284717614,0.5044969709913756,0.32223382196882444,0.37620318694406774,0.2167382797040427
cust_eba5a104,0.8234564471044845,0.6444924595602988,0.21182743591396452,0.2395900018796561,0.20828651547379307,1580.8328637236204,0.3772422094656562,0.6479031127969482,0.08010431822859738,0.2067243423929789,0.39405911541236044
cust_a910fd81,0.883665491205628,0.5650784985077735,0.13632848227550853,0.31574561998695233,0.6045355635541653,28446.831899036537,0.42278121620988657,0.25464485958360167,0.09140867914424382,0.43255807383541756,0.09798215324016897
cust_f34283bb,0.7041624300921141,0.09430207127414947,0.5266237706447843,0.3017311244562616,0.5812427557872883,16471.105371182406,0.2696100346631184,0.4417066517621184,0.3008951888097074,0.02875252290862128,0.0474298888882884
cust_a8294c5a,0.9289533772151691,0.33815285306495024,0.5089676120462022,0.24756375116046436,0.33477452200095104,2646.9449883043576,0.599548044341817,0.49000215888600407,0.3602445016047275,0.15822290239610573,0.02687734484309173
cust_6d617c25,0.8947942317795847,0.6207971516275972,0.6876977800049915,0.10952764577109088,0.15928602915500384,6623.326086840317,0.49611350272210797,0.5338267803700564,0.320947225513949,0.26663044881384546,0.009593466901240374
cust_8e92dc8f,0.7219718253950714,0.6108057107119585,0.2596988747344896,0.05679689157202151,0.6871184247191009,8834.198576790013,0.21280176582835958,0.6125796761056559,0.022665996109263307,0.2642718875199936,0.04253010965816942
cust_49f54b33,0.8375233302133388,0.45072824521043736,0.311523402443293,0.29285462429720166,0.12840550590201755,81133.78539704456,0.06899341169670578,0.43565144639396824,0.2643713326930235,0.38735133315887843,0.7491202809718047
cust_91469df9,0.32530778802492183,0.4398499290219082,0.6913454084736728,0.35692729689497005,0.21193986002647325,5431.456359303519,0.14277414727238003,0.6210826817367286,0.47319377523552103,0.24074965049395755,0.04270789077899362
cust_9dab18f8,0.7606351230748851,0.5453561878820332,0.07039814127370557,0.39678349369205945,0.5576028334253356,47894.986607237646,0.6285220307257531,0.30873327896604,0.03377299271507354,0.11530653338931186,0.029567304691406664
cust_bd7aa2ae,0.8987076632502152,0.4297565996271632,0.27929384202958113,0.4043046767297541,0.2871024361771563,96773.83950861671,0.19756646870365474,0.6685994633216608,0.17589673839287256,0.15656368023410303,0.6818363191785141
cust_f845c298,0.9465045835734246,0.7574345517278089,0.7834221003953774,0.28640993254206476,0.4747311757518712,31346.91811984915,0.427271480841879,0.5094458920797715,0.7351031107291842,0.5264337022516068,0.006561283443855123
cust_5acca8e6,0.9479197395790818,0.6255822343737254,0.04052417366085597,0.1518777166672119,0.2674510166277003,79127.92595343589,0.09887141666369668,0.7738549175008709,0.01381876602731788,0.35577786372249065,0.7816952716065728
cust_abcab13c,0.8772822834979989,0.4212675553685816,0.6046783382604033,0.5908927808226067,0.5040208802587369,40524.68681238503,0.6125287821770197,0.6774378981851158,0.22471522817934994,0.06560050214993259,0.07291255288884267
cust_08012d86,0.5877316386293041,0.6077441733937209,0.7026060139158109,0.2087651204376597,0.4468026902563825,27902.70041583421,0.43720098328401175,0.7468452214160948,0.47676856212929475,0.44443084397294846,0.27320929381619946
cust_9023c855,0.8515035582833673,0.5248523404707657,0.390339138722451,0.5649561721584332,0.4971023056489776,23223.556426954616,0.37957489809644746,0.11766229250533677,0.3341175179457132,0.3620759091471657,0.021954393743113892
cust_8ef86136,0.5538432485657725,0.32988635695861784,0.19809493827530605,0.35099603687936476,0.6077003626315708,39639.2376863978,0.48754735548199,0.5778744718995676,0.12499119836759325,0.11026666868973249,0.13958172222503756
cust_6846a7a5,0.6465874897857042,0.3151888079602221,0.2632498205639046,0.4503884292441556,0.3959738856518894,343290.7988876468,0.13745728438944582,0.6087020982008736,0.12231649427937083,0.12446689534287474,0.8617088109150944
cust_c3626dc7,0.7896234069281315,0.18816909644090282,0.3090816996494643,0.34411044592410267,0.2738706371721581,17641.582964774847,0.2708117307434295,0.5943066933359862,0.30105911446254874,0.14825322658417203,0.22522098717127523
cust_c1562670,0.8150021956303202,0.15367365204867703,0.7197297846851846,0.2878014143348387,0.38378788491389954,14350.355905582268,0.5084117503953356,0.6175504793688442,0.3283468437838222,0.11411107618098323,0.2722292057433124
cust_230e1454,0.7931498802018391,0.3969046815270719,0.7355321419884915,0.34372921383195837,0.1831131048505055,8885.8478795687,0.74810605165494,0.11587578266248816,0.45494252221695686,0.14246865313616847,0.26507725890574985
cust_5d8d3f7c,0.4570573664909351,0.5013351054447954,0.7058686528445878,0.64871155662491,0.41383316919879887,27052.84430806511,0.513410371375506,0.5321153513227429,0.44135240305666146,0.2389286274016709,0.14971108431803765
cust_370226d4,0.42318195837084244,0.6834021339285912,0.6795583704895325,0.10995026154802572,0.2246875294632895,23252.2116006834,0.25446574045609366,0.5897628326517977,0.3492285096604723,0.4751934589022449,0.33854765870977305
cust_5dba6c3e,0.8386127970968076,0.21068487987620457,0.20577782281138388,0.22330990112268148,0.28830650377587674,7741.168476711264,0.14888650130990663,0.13338559761938157,0.14105272090132787,0.07193828775329253,0.25565944329253154
cust_c780edc9,0.9388635391273309,0.17780488330292274,0.5452838780873678,0.37908738793467966,0.22751848198821512,9447.128456465252,0.31447722422466967,0.3369135458661721,0.2185056604906214,0.10324550560738975,0.43909559469942006
cust_7b3a4795,0.9338951384565364,0.6924587305035703,0.5148328698747766,0.12796667244345653,0.4654884691987984,56924.27043382212,0.4297953147297014,0.4771729535155733,0.3475517718659131,0.5761919439540283,0.4863753279116097
cust_e2e2cc40,0.8891665916959652,0.7418558614244285,0.1950847388224797,0.1725568178343746,0.3632497855839166,597787.6568717988,0.34860199545808307,0.5056418890953838,0.11195558838714004,0.5246367608795656,0.6045355491757959
cust_4c1b8935,0.6863788753862772,0.3496474824813428,0.6598050408045965,0.28339103644228736,0.44029880092583606,360689.2404454073,0.17622268616385772,0.2703049038097684,0.4523516829582201,0.17696845908252928,0.6579808010101537
cust_426be44c,0.5423998669823508,0.8446558654786775,0.5287130589959667,0.44109470111384186,0.21139750444171965,204.5705866536408,0.32295623454099925,0.5348029095635841,0.21181986026947508,0.40699197870785503,0.2035442209858218
cust_570f3d5b,0.8962753335089442,0.37633301372837363,0.46989358051893143,0.1516565136965112,0.3827735868494847,8423.799823765234,0.01025585892840845,0.731445347756736,0.37185868402869104,0.2467041719232532,0.12960439856510034
cust_ad93a00f,0.8230106574438337,0.7185036339136889,0.6178747882089451,0.31557798369388823,0.2434186273833444,19622.410193303935,0.037880138695543394,0.47209524291768984,0.48219992690041225,0.6027864211259358,0.05351952619789777
cust_8df42d59,0.655346505922986,0.23019230925484346,0.48816873648071035,0.4343905431367172,0.25148654925471,9696.898242464738,0.4444804538893121,0.5311531047193612,0.4094952242673838,0.12160155203689337,0.04518994181288658
cust_265f9582,0.5067837040843585,0.6601243541864321,0.4944655095203479,0.21632429461831587,0.2187292603018068,20567.648045391954,0.3160944985443848,0.3604654019335835,0.21462287892984866,0.28763380325527826,0.026218602588565867
cust_326334d0,0.7623230471713022,0.5653111873267721,0.20212372528659658,0.4340028596341595,0.1979500401816119,19335.922677177332,0.07849868135278605,0.33922131600886596,0.13275632399645926,0.23877238225648456,0.06441447013732292
cust_80a76905,0.7362203397373523,0.7713963370474759,0.5952116064831052,0.4898807430286027,0.21685544941748003,24807.007575192492,0.35211051988341424,0.5070041977937473,0.44352596588350246,0.15239542376084594,0.1116802687143484
cust_c0a571af,0.5990364287079052,0.4660686303617735,0.6368646450324372,0.37184485713737914,0.6072418186928631,102431.46490133589,0.06786788166397817,0.6806655517159071,0.4700768035919973,0.26047745684654233,0.8022213623570971
cust_30b8a4ad,0.8144820701250961,0.32264990257397036,0.44296128797687634,0.3809584866691684,0.4645952064463411,93681.31742262354,0.14971138170996787,0.2712093705830169,0.25697400845159396,0.2670264936432723,0.5513407412663575
cust_c182a0c7,0.715836957399198,0.83693340585874,0.7885493454499384,0.06546923417318025,0.1861531466807866,5930.025987624497,0.3074795962635981,0.6845426979728606,0.4207435547452254,0.1090044941577467,0.11546449328815321
cust_6fff563e,0.392213320040052,0.43496019846506795,0.08414521550758686,0.3177554887687699,0.3927225878697977,1312.0151087705403,0.27208077605411596,0.4044910533219006,0.03637433821426454,0.19210633611321007,0.07843769823726685
cust_90431586,0.671830782937088,0.409806180809167,0.327801491908354,0.06069956243909337,0.19476115963321264,52596.01649181886,0.3445642136727908,0.37823083383764267,0.17693325905380256,0.06658465034201295,0.4344342249632693
cust_c8f7b1b1,0.7387463028266977,0.6883457483608367,0.5496043659253563,0.503386680556872,0.5424755398687086,16633.104936134507,0.534972336919923,0.6351556633955885,0.27206670668458777,0.40014163917195095,0.3928036044478724
cust_0ed21049,0.30752028119696134,0.6645750156505812,0.3082327326822577,0.3420886414953185,0.23581721415086146,12652.168856240203,0.22365461773751696,0.6870301519302863,0.19432466108858357,0.5641784630544607,0.5437473090195692
cust_5e71e1a5,0.5526590548549486,0.2190867968245736,0.31720332937504175,0.04737796760254216,0.25377873677459756,16465.75896532508,0.13784119106136844,0.2707351631326522,0.04040935664378888,0.1528276840001482,0.03876500611592312
cust_cabfe613,0.8201308590200265,0.3323604960796495,0.6888622502577922,0.14103249171542193,0.08136804216652498,24015.841065062647,0.19377604312025815,0.15321474420101197,0.24852830582961918,0.16266647693321176,0.22384141664226578
cust_e5f6e90e,0.6231249241367499,0.1508126192283497,0.5198349737096384,0.28877703572659696,0.21624187263092565,47241.91615464725,0.5583080257482831,0.7950411735854029,0.45005046319688746,0.03662748607778189,0.2469776536283031
cust_88bc87ee,0.5380641997660343,0.5555493588296375,0.2009400454188658,0.31503872741450734,0.2326759313977356,204165.35054299998,0.23513869076280136,0.32717537434544386,0.13736971213169327,0.22874572531376366,0.5682514601134575
cust_c0983ad2,0.7262181707011036,0.3291027216355446,0.41832008804329157,0.18518075673461828,0.30749438176113475,8961.985009381684,0.33190316136778686,0.5614197453889608,0.37200674918643856,0.16512453754693426,0.061897451117488025
cust_a68f3def,0.5176114144692506,0.32737971162079077,0.5611940630987076,0.1566825951222956,0.16376693745131984,2242.6125000617876,0.5217864822255515,0.39201117249732925,0.3500017165428665,0.07245345753513781,0.09692876971395134
cust_f123e7dd,0.7141125177927824,0.643562451028109,0.5427657401840041,0.43951170057848316,0.2487480639244047,165985.36205139564,0.5836055705174146,0.1749452199744734,0.4236827472468567,0.47293202053330485,0.3049568913173769
cust_3fb11350,0.5860981995610839,0.5493146879510533,0.1563880710960842,0.4953748656545893,0.20483456543111384,20071.052271850618,0.2982737169841701,0.1262779290689732,0.14068224846492466,0.1756919619927717,0.08138421579564822
cust_1c746831,0.8270886297035663,0.3363425404942362,0.03312440037476354,0.23120640932002237,0.18487344884001286,6418.708423848607,0.44951462411692705,0.6869801963679862,0.011376763080926965,0.1604799477660931,0.09216254310036422
cust_831c25c7,0.4632719393096992,0.6406232660118494,0.2672988603537099,0.49893831073792444,0.42458154984878493,6129.361054202876,0.3717115896544895,0.6536841935946114,0.14647942495741545,0.5124312185860965,0.06118080333966662
cust_f8ffe58a,0.691325184502578,0.2550603556510985,0.5896959501167718,0.0764278835074899,0.18725169997527993,224895.5885737543,0.04414841091299728,0.5268359236056138,0.2521335502602733,0.048341856991116344,0.34838293044896695
cust_4d81421d,0.8172287787938624,0.3195812306928715,0.4109848673314635,0.8201422725332947,0.7188956282170811,80389.35293623358,0.3113173174783236,0.3557180804263818,0.3094211874474051,0.0868985050214987,0.7942918857022694
cust_88876550,0.8951964259742956,0.6806108649845377,0.09466882700836618,0.13675544320731864,0.23328501996316653,6053.7698405885485,0.44190779441238703,0.7613105268828596,0.05364988362089239,0.32227906728870376,0.005397475055363236
cust_a6d23367,0.6769702448998354,0.6587546147587856,0.3162711183714001,0.5554384319103463,0.16501062027002128,9975.802640067059,0.03923412487901975,0.2914986555257531,0.2362213567250406,0.43145578525871575,0.15554622233001852
cust_ec540f07,0.8010564604301191,0.6770676665611919,0.8563983021830336,0.708348485843719,0.6182432751878422,22473.517909324743,0.17469566194320382,0.5132006835375741,0.23829151740947574,0.45499173120709724,0.07912484819835246
cust_9c9a35e2,0.9561534780606462,0.3970843964364383,0.5746347947167597,0.1677403419999005,0.36987182090916365,62376.208635311035,0.23501310427442607,0.5634520671218378,0.25545952224947394,0.1720976013464691,0.6925297380940447
cust_7e11add9,0.7497149391938208,0.8478479554535526,0.22963759631998595,0.4050750349968163,0.5480519113379262,36135.66716797661,0.7894471082386904,0.5453252105246881,0.15913529930408038,0.4623573617574883,0.5169357549985949
cust_5cb58984,0.8907110899286714,0.5853108256907119,0.27509036843346196,0.1572023148572115,0.7554666634786904,652.0030128820921,0.36469594240384023,0.7548520855417478,0.1932301858125232,0.413317067844582,0.10609363561924784
cust_7dd33bd7,0.7909876953120001,0.6188102568681629,0.06069871362088592,0.3116534970700495,0.6328418599661804,19363.8571743793,0.23787541949270416,0.3427327011220551,0.028020372762858743,0.41140993282665933,0.49433847883301196
cust_911efa80,0.7208711312271889,0.2461402011092808,0.3692092557125572,0.2914065147368149,0.04726757872682385,24926.83711278803,0.30220285187543544,0.5231249912702886,0.07961671659690497,0.20686443147461034,0.047916914019604205
cust_f0cabef4,0.8581296740400484,0.43934405338134574,0.07020694621880712,0.3294934967216546,0.49626902045641985,75153.072893742,0.07811861860331136,0.6498492396616693,0.04315463844162719,0.27563381225659467,0.6490120272279994
cust_824a721b,0.7638610712795935,0.6246969319617882,0.12429183030529818,0.43145303416519243,0.3705556245719662,29356.9851461365,0.09600044907132874,0.14560408484175055,0.06366720182692799,0.4496651599520636,0.14453370130328277
cust_fc71441c,0.9474979685527862,0.5426986769280006,0.6469024382041633,0.4003158366100389,0.20656511774145725,65627.5511124847,0.10461014779296345,0.7215816192971131,0.4990943484749066,0.2883918483599143,0.7668687408130641
cust_5983d16c,0.4778918897168745,0.5816264964249811,0.32913809112249026,0.20776128231839308,0.12471244286006004,6223.928396229891,0.21066517001162396,0.6235848602318921,0.21688476054553682,0.22716360034287436,0.06602890301203457
cust_4a472abf,0.6403117820810924,0.4800765927500488,0.514688029705789,0.49140027805137426,0.460638686768482,162883.3729380464,0.46551083185243974,0.7378765820131564,0.35392028815770993,0.17425326539093214,0.6505593366298684
cust_41e1ba19,0.7857930878530438,0.2507014444016131,0.8309599119333043,0.17605535656186375,0.35686479524589915,674.3611167870044,0.14720013810953267,0.6932060250074821,0.5290144070285175,0.1352786402516382,0.04182609798412503
cust_7755553f,0.8462422351927986,0.7729490319148531,0.4305067075520687,0.4283699856252492,0.05817049943635748,69173.70786734603,0.22618998396888712,0.640955771343086,0.381571821723267,0.27031684721568466,0.8869192529302702
cust_82605220,0.9370291498507746,0.7512957507056366,0.05510779218056602,0.25701725597336794,0.6515964180280427,66715.5046612339,0.2221981873685046,0.50701012459603,0.02220701987930674,0.04837148440007144,0.8606068840558514
cust_a61c9094,0.5053969165076755,0.8223920165737436,0.24332427712889265,0.35584300367491256,0.41835021050450816,9948.777648107327,0.2691851550174502,0.7839917976798327,0.18255784086182963,0.42350250778398796,0.1139229915165304
cust_a9327ce7,0.7839383661061579,0.5237767079925426,0.45660753712308594,0.2429079780954884,0.26986540535350567,22862.068165561337,0.2995847168141556,0.6293657336106552,0.3062993215407149,0.339044469637106,0.007992782089711327
cust_ff18fb98,0.740081461769571,0.5553557661100909,0.5097400819929162,0.3017795731067703,0.1529586444323729,14945.325914742685,0.1243533262783757,0.5203800079114735,0.3583915648800771,0.2018843742730277,0.15226854486384875
cust_07494504,0.5671317337566878,0.7706606540261657,0.22357879816745413,0.1930146275740097,0.23714282893535638,7614.520842891527,0.1281376651216629,0.513287297744482,0.18057810475105673,0.2438824858653831,0.120236627417169
cust_e132e556,0.9404237348389011,0.5635916855317228,0.6155656117201649,0.512136091009614,0.3402521237572684,7980.024345325104,0.45230642698906715,0.6440422576614845,0.2551796829240946,0.09616699829559208,0.36219129865071664
cust_75239586,0.8413479467108349,0.7537857808895475,0.24185105847517277,0.48392745360694617,0.25525928763035677,21616.44384987179,0.25629901247683945,0.2765932286737496,0.1866155379878893,0.5349014402977403,0.3771333909929114
cust_a2654449,0.49127218302385983,0.49608608019266165,0.782429278870206,0.546208590772452,0.07629262403978111,6839.022323187521,0.27221802889291835,0.6010662313656698,0.5223321816500444,0.07385278590801451,0.5226188451774432
cust_8bd93d10,0.8444133786569699,0.6062753430222968,0.24087623739291691,0.25444496384902926,0.1921508600560563,230761.51498558943,0.27271068620911454,0.4438331713959313,0.10253131742586856,0.38231282534305816,0.8614964137723773
cust_42ab42e4,0.6007270551056089,0.6913832924997427,0.3935269787565948,0.39129272242430513,0.6812604078817217,2923.891594238504,0.29264349524756883,0.5181094808247314,0.2844369707530715,0.19514330577460767,0.14013297962860055
cust_01cb0495,0.715331817523253,0.46080115519155623,0.2791598126308336,0.17871416539455728,0.20268138790018722,9944.334930020126,0.35740637093287064,0.29507191831706775,0.24763996605225203,0.3503531833458372,0.22771600304732237
cust_bdfc5620,0.8150158355725461,0.6055096150800471,0.40878153720514726,0.23637006195404264,0.12308935182589008,169946.79674867494,0.29103435008755196,0.2895579549260129,0.24378721300700637,0.1553520774704934,0.5648173158323768
cust_7866a070,0.8124127141401606,0.7447939364252645,0.8827147321689981,0.18476228129244993,0.13808522125735256,41044.884029174806,0.3790232571058664,0.9039566547513683,0.8076796719624797,0.38789255328902433,0.0096886620469221
cust_b0f10140,0.658934335695168,0.6457815395489579,0.22499743063405309,0.23113719995864432,0.5246515681065388,25362.562938476385,0.37321900844629474,0.41347446149358597,0.113981008780056,0.18474050275452453,0.3320300408496686
cust_f2bc8ef7,0.6429910846384717,0.09687578243440433,0.35386768576222855,0.22808485565100955,0.4750325887582236,81268.08625511482,0.4311004292735089,0.6336038708270414,0.21427826335820854,0.039576257338513755,0.6983348656879157
cust_17a824b3,0.5337928649903906,0.7321180157199118,0.18746983696893502,0.2423307541445973,0.23440212402899557,65821.25868320867,0.17175348600220064,0.1419759051248817,0.05660813850612703,0.2796642444618732,0.26377822687128355
cust_f090c452,0.8140555874248928,0.41266652173831164,0.18198290203071246,0.11420571630591464,0.28895122768159637,48921.49936725262,0.317440639926431,0.4680505638989005,0.12855673122864594,0.3784658568200688,0.18010435651942713
cust_00a24b61,0.7338375225115509,0.17408998520386557,0.5383671022250259,0.15481122122655117,0.10624827747551063,6490.3231489779,0.0792895357832411,0.8262806060420725,0.24375841607351675,0.07997825841548857,0.14621209220094986
cust_6d9a16e0,0.6659578398036268,0.24584384406620574,0.715462149338571,0.3201054223858141,0.4775652410960535,80910.0764324758,0.09678936801352307,0.31403462776531094,0.530015569784057,0.19662601376996697,0.536364494204688
cust_f4b0cd6b,0.8788306878760227,0.3362491539164832,0.7274928580871387,0.33816276488839897,0.17367912976751437,17745.59886529564,0.5168765970832346,0.6362450846059561,0.431533355763526,0.0993824092433911,0.021750082481718475
cust_d214d10f,0.9009057562894454,0.21570413442218966,0.5570704915069034,0.3243316212393286,0.8178333567527608,25098.42125431368,0.20801206941205674,0.5769857459916162,0.3674118885615066,0.054396315019710435,0.2077584423058921
cust_18f90a50,0.6842467928255174,0.8750315182882944,0.669459526299785,0.5929099653958135,0.5014113275536677,60200.300397560306,0.2808919111164591,0.6793157263150926,0.3049911020908445,0.39407223602454583,0.7732688040932719
cust_28846b4a,0.7635023835650645,0.1556572207524775,0.13435738696265537,0.3619039654562076,0.2292119908013078,30161.255821621966,0.2780178728255898,0.6223521824543052,0.10608176445076598,0.1422220863106098,0.020712641919933706
cust_59574b7b,0.8487434464210533,0.11981019564900258,0.42638086574102063,0.4264577622161419,0.17751219200160598,4799.61132900618,0.19460081024222542,0.7195093131411081,0.18991300228020086,0.047123068447134354,0.07268073051713687
cust_0a7ab947,0.8919815427778156,0.7810497637045222,0.3954019790415449,0.3372736550223065,0.5311922994262455,10880.116860323084,0.3282455910817521,0.7602324923111661,0.24273325219051256,0.31160652885439016,0.10902740030993448
cust_199467a8,0.8894393025398697,0.3104263361993875,0.48409560092332476,0.23371907322462857,0.14648411632351457,31210.120808100877,0.2767091092888536,0.7782020751094653,0.03772907856454966,0.18291455147192998,0.10293901266293219
cust_e76e606d,0.49841633175474065,0.37241385183419445,0.1932073120076842,0.49033924586065325,0.700626592812106,53116.846758488064,0.41509607161186657,0.8338454547798807,0.14775517034049987,0.24953156646064137,0.30110690923650846
cust_b21ba74a,0.6437687303690732,0.29890538303876385,0.5491612822356645,0.267833343369486,0.3392710255442145,24611.52491236162,0.42369272714276063,0.644059772608698,0.37756675371987164,0.07306321561119547,0.1505671642434582
cust_9b02c1f1,0.6979533078039424,0.42703830481888927,0.31834260853808155,0.518567260577645,0.4309797206556386,49413.48558109437,0.3120483367723059,0.3652204402527564,0.19220686474992488,0.37056011504428144,0.022351900282533022
cust_74a66502,0.8527987285652228,0.5317855403566241,0.09585503895358918,0.37382363228649695,0.20139728920440292,34614.74468359776,0.35864402601722145,0.3412007485264591,0.0056830498319865325,0.272224697209119,0.15646696375053537
cust_154c8f79,0.6086607492462818,0.4739924175689829,0.7276299271755713,0.09664004264906242,0.28099480538245636,5109.52112900251,0.0798145130672874,0.1700128969716483,0.5936515741728153,0.302730544127789,0.38102572965016274
cust_2670c163,0.7219327526570797,0.22269921248282848,0.6071993999044772,0.17473769546556514,0.6560869555153664,4507.9281811746805,0.4598621462127271,0.7568615054577322,0.2253350911393814,0.0663126974819604,0.31739692545281273
cust_15dc701e,0.9200539945853364,0.5544917865001939,0.48512354252407414,0.14492122949981617,0.024946707673694526,12256.378292137706,0.5336518332069904,0.10440157838446334,0.3529016573566414,0.33602033611799925,0.011097473548971887
cust_5b9d5dc2,0.9291206780637223,0.39487197013721687,0.681517330405873,0.14572541836417824,0.17761859061811577,30665.952397823246,0.07517361579593447,0.5109147712710562,0.3481128252351675,0.07786085938146114,0.008849190970462948
cust_2a4be75d,0.8622359008661281,0.39384632187772245,0.24662188843837327,0.33621457808985866,0.38195740343324364,4924.0361439527205,0.4291313138680387,0.6137279378644783,0.15021234117232982,0.014018744876136175,0.046202186995783635
cust_0d1ff2b1,0.6605638576889689,0.519553137562231,0.6330789525602668,0.4228581869707795,0.16579490555982324,64051.35143629705,0.12806494334878873,0.5395277728965644,0.45999595443692426,0.19730690167063103,0.9198899430331753
cust_0543f2de,0.866002352737837,0.17650145876081666,0.4522221602471351,0.13672653398934356,0.28242750663162547,4670.5940266483085,0.10772247899667446,0.49481561644784317,0.21127782961129024,0.10245159778118865,0.034556924830479736
cust_71336a8d,0.680845437933283,0.25489983759485996,0.26220791689920814,0.38560483409918755,0.10233007670664411,52964.50873228012,0.10485287846963004,0.7773220354202917,0.1693262434316657,0.039171013824755956,0.7845588465992175
cust_9670ed33,0.6136102839570815,0.3309744278659102,0.29579387728981876,0.12929819851061009,0.2036135484752932,61871.96791693738,0.681863775607476,0.4843088198603295,0.1867035504570531,0.1797438681545476,0.4231007390510608
cust_9414bf39,0.5532936811517617,0.5957033652175084,0.22509882886748447,0.2978740981802123,0.13331262033157878,7871.996143205763,0.4777683207619881,0.2221196059119735,0.1942935948142537,0.25165020043625574,0.0471810194945604
cust_037ab480,0.7410619891153998,0.6627664557755116,0.4160427000260457,0.49897714181675007,0.4928527193128969,34135.2097419831,0.369606402985135,0.3311971203851459,0.23692420411610318,0.20720588181548472,0.09634224518952751
cust_9600022f,0.8903115068532915,0.2476136812107306,0.611276820463184,0.050200786042939455,0.10133590351378545,35163.58869864163,0.2692247299905762,0.5012131145611666,0.49803750831005733,0.12307999905029551,0.011978531913418558
cust_0a569135,0.8835110915780203,0.502997912397625,0.04031127334660018,0.10703287959900554,0.12764517982351545,9501.231894044113,0.2500229693191217,0.6861844259717035,0.020275128597684915,0.15811916892738317,0.5817412083804836
cust_e84e1927,0.8132763362284317,0.6063900420744717,0.6064671336811619,0.1055465719272513,0.4677103810091002,16223.743062320125,0.33822757855391805,0.3978899592926342,0.06018654758994396,0.31933495435329645,0.004694552524817929
cust_d39f49c7,0.9495772274360808,0.48273152973289574,0.6044065700273833,0.1825920547678421,0.28424412579099123,157347.1776849793,0.12161368221987019,0.5146523809838522,0.3834801777409343,0.26987995380433255,0.6479621423365461
cust_2811745f,0.9076282757920296,0.6940711171426758,0.7644444364815489,0.3730376031772906,0.19003929435245426,175082.6951556691,0.6841839011993729,0.7170403434216936,0.3303150335472303,0.517907448453855,0.7384203819838177
cust_a47c330e,0.807812651420046,0.5642388803489378,0.4458145565419829,0.39256337779925315,0.09446489511266595,113543.09200815893,0.6718475527810567,0.5822402088845253,0.09346461357938392,0.1750847697083227,0.9175696332898974
cust_de3a8548,0.31828195532550113,0.6558965738259064,0.5392430186393445,0.35260282882705557,0.6493541724099527,49597.55415272174,0.1442898375883982,0.6533718110333395,0.46288553409559285,0.2817410884682653,0.41663760456111376
cust_cfef9ef1,0.8540793031924676,0.4286141717072889,0.06619946990067913,0.1282304315391584,0.05002233949968832,1872.8004223272956,0.07103945496825968,0.7810167788160463,0.04676157698385469,0.380693462683392,0.2814106108916671
cust_f7022ec5,0.8270646079413131,0.2407938239379063,0.3290974915144801,0.20294646810229258,0.4646752544079588,21621.02283433045,0.3483623813671924,0.4813214045631381,0.0956652473703733,0.11561328187058813,0.0028816118134247894
cust_e20f55cf,0.47707284562343755,0.14049172846556612,0.5060950641070056,0.4639977843907018,0.4139521900356197,146393.56776413706,0.20586017806698553,0.7130683304200267,0.40024302962920255,0.09846663574455143,0.6319534639460326
cust_8958aea7,0.8325171375526663,0.550661309716732,0.6195539564755904,0.43757493762776056,0.10397836722607119,16470.77727415274,0.42372843237972724,0.4316662246276654,0.44409189434288243,0.34581056899048934,0.0635135203795324
cust_568b42a6,0.8371689484741281,0.8320448083915766,0.3475574065773779,0.33334749102973005,0.35240406432726207,29265.301165252025,0.14728336063374622,0.41829838873025055,0.08092845059491002,0.7022325161028466,0.16776376144498123
cust_5ad95075,0.7014804513131663,0.6143934423374171,0.20378949429742013,0.18354869103830881,0.2952051172293884,582662.0274855561,0.24677550974218956,0.4719024397471198,0.14598078503353043,0.08145942410991311,0.8138772959539091
cust_aab921d9,0.8564195596031131,0.6273643428076414,0.401712910468104,0.2269664455013187,0.06824251767072372,13424.736849456269,0.25502252917056895,0.33239662986126833,0.28780439190116636,0.11807532110171648,0.3301916259325238
cust_9fb46931,0.7269835785359515,0.396215597031919,0.2348901191498645,0.09782443623544095,0.32485867052686496,14872.698381455255,0.36108511640150237,0.4471627341999448,0.07748309255261573,0.17637757209627686,0.10885988380381316
cust_b9d7b5cd,0.5635076916272416,0.5564748823507045,0.466988953302997,0.3062130758301167,0.2691365918975083,3318.6171178828936,0.0818419879484165,0.4684945481120073,0.28598321226994555,0.21030701919506967,0.19604878787993588
cust_12d1c08e,0.9655907209942979,0.4959815989565326,0.1465494076491027,0.4678755460910538,0.2984780376040613,79611.97441424504,0.38651842544236636,0.2675631941035482,0.11019387745472732,0.18363710211717296,0.25337486668110787
cust_b82f6615,0.8315555279069726,0.5392292041007298,0.40514008512971966,0.5678804995576615,0.7160820601765285,10110.619359462347,0.1965555636194727,0.2138193198975805,0.3000616914751876,0.4168409046131732,0.20089492270266734
cust_a268ca58,0.636592930363782,0.4844329370259109,0.4486123697221236,0.43499373392249074,0.367411707899047,29248.230334999836,0.1697053171582254,0.5555533627133447,0.2924557181445759,0.17747429404895515,0.07418998205348099
cust_2f7f1ae5,0.8720280703202078,0.4188676599022491,0.6058618309509768,0.27513893287884883,0.459208255888265,44789.56391661407,0.628244918508422,0.5796757237897511,0.3817719958870781,0.17681923650346945,0.21070570228177563
cust_97a4109c,0.284664587571258,0.4235877208605509,0.29925758724926327,0.2793739083277352,0.3543782409117084,7340.135894496406,0.5720867155247727,0.5526376148523463,0.18800285467931446,0.29399346135862725,0.25141786715445735
cust_9a29f9cc,0.8748756531300288,0.5568488027495633,0.4477613292597694,0.2804123329859818,0.03382457753254382,9386.596682746771,0.44156381258555544,0.3073679267753094,0.31134626432638385,0.18910272561827732,0.38939359206065594
cust_3e8a7c64,0.7329868603390215,0.2493201142066171,0.15371005761931247,0.17248659956267676,0.24113009362203858,913.0521293570351,0.573995540663919,0.9088978441793566,0.09305853534727167,0.1932083520449869,0.1478278765230731
cust_e450818b,0.7474137530619728,0.9059471838655333,0.2875641023610513,0.25832306089191537,0.09133967447284917,383245.44408810104,0.8122815893133086,0.20348522773265315,0.22345952963045487,0.6195380482559842,0.6486067601221103
cust_b66850e3,0.3917449832892446,0.40612352283217307,0.17922901032534708,0.6653357975862177,0.2655101530065572,33589.76499590625,0.48804189603645004,0.60773624388985,0.06549971041237085,0.13288374648851747,0.08736965713266401
cust_758f6a4d,0.7102505512009789,0.5398276423749413,0.47977709032461197,0.30413036959528894,0.3117470286454547,12795.572983961298,0.24391924761723793,0.6986883792943187,0.2327891624749808,0.321804365415655,0.1125813543119421
cust_82f8028a,0.6804487501012648,0.3809707886102298,0.5439367916805861,0.12935089093107227,0.44916270121402924,17692.11124534858,0.4011874639375763,0.444731666538848,0.3819701006786859,0.3099224045604477,0.2258450878045596
cust_dbb5a153,0.9200904279313812,0.45685201969919437,0.3905496610224997,0.25235009778400763,0.7839889543313037,17314.055852563335,0.08335156593798335,0.12914574079282884,0.15411997354176565,0.23586358849913497,0.12569613167727392
cust_1751395c,0.767867296600163,0.6815783632518386,0.2078007113231042,0.6082300352968313,0.2946607699461368,1969.0786203310688,0.5884069204397073,0.7022600847226809,0.10034729867928768,0.12193381684692209,0.10700539061589434
cust_a0a685f5,0.5155921591106016,0.49951563672212546,0.3327029432717451,0.47900744234256765,0.49269592603398393,16728.496326946166,0.8692227816695356,0.14768231648503732,0.15098127620360127,0.2659399084102123,0.12185566976187118
cust_5aae2c80,0.7338405599430471,0.25807430707384765,0.5143255784716015,0.3869060023976925,0.46621154065251996,1971.1297880359687,0.3720253620790399,0.23579963232364518,0.4212470664016577,0.20631307157008225,0.0079891984100237
cust_96b9477c,0.7619201531104788,0.33449220862940654,0.4207014991103899,0.2691050095761651,0.35742654824011366,10798.19094680215,0.39446155401909794,0.7277910523334262,0.12493698630940515,0.2093672075276277,0.13771213403913696
cust_ec593bda,0.5615644031137376,0.42506832477863704,0.5205232359133869,0.11427995925627296,0.5568771651708295,90967.4366886415,0.5245759316183006,0.39419867977427103,0.42454107133056723,0.26465214723825015,0.5534588497187656
cust_b3d22e72,0.6709025753396499,0.14539304447637613,0.689899556251561,0.267109597849115,0.35943298457539263,974.9231431370392,0.08732696051437158,0.6612964732734135,0.3903820407856292,0.09082831229424491,0.029951399674104984
cust_7a8e833b,0.7843311094768187,0.8151400356960055,0.43133281068088,0.47611890576887655,0.409643616206543,3471.72293996711,0.1607068592358956,0.46260872196295644,0.20217449072959257,0.1759317172102935,0.1871963618162149
cust_217c767c,0.658712253945518,0.1273090895153256,0.6561204802894808,0.09329747144402054,0.41449951296144205,82913.77482819362,0.22295494097038887,0.9148746010316954,0.48309869205914574,0.057389909996739215,0.6055429187888973
cust_c29b2af1,0.7847056811482803,0.7398102339628236,0.31945705009174313,0.19280227335527444,0.10953977960527933,124265.09817699462,0.5077291853841365,0.469197845585029,0.106773240330578,0.21578062680818702,0.3111457037228526
cust_6d81a54a,0.8814699833234338,0.6853787410078411,0.7281812250966123,0.06080231071166558,0.32505139492346946,28776.139655434545,0.13960710384992958,0.24143084884550048,0.259528079388683,0.5909047567453038,0.06769674483159036
cust_8d2d051e,0.42500651952188073,0.5935982998376989,0.744342823812392,0.26543732876611065,0.3935940070581797,658.0774942620446,0.3192462301319671,0.7188097103554663,0.5913141050445304,0.18702492061010637,0.16567711071289878
cust_a5b7d140,0.7093774405408201,0.44799414466965043,0.2762509642760388,0.3486878855636605,0.2599783545774819,4316.629173312829,0.3434285562758573,0.7650238650666843,0.20340959725668725,0.17019090376590282,0.0973510767735701
cust_a30a6b99,0.5645289975433447,0.5334425636216626,0.6421782275877014,0.6994414907673612,0.4623857924035784,36862.50989995811,0.5876131955098373,0.5097622073991819,0.29387352153627294,0.2296347622706144,0.09403534301753834
cust_3cbf7162,0.8635506193333375,0.2176631331824047,0.27918915515967574,0.23563667532952065,0.1794938572091497,6803.775255693855,0.28657039731292316,0.2735988771261648,0.16089958640926916,0.08704537494732142,0.26546505622643973
cust_56f656a3,0.7602832733304206,0.6443046347902981,0.41810608372821617,0.7306491978406074,0.44917428386019487,19588.66216472903,0.3012938039574862,0.8594746552094351,0.24266311658602205,0.5371323083478143,0.14533588749857382
cust_51220aa2,0.8387713421011855,0.2310353375396327,0.6069149946407983,0.33610599857361734,0.4389862256959684,19077.706386312526,0.10915810055179066,0.6460944783111945,0.38925325195615323,0.16775019386861154,0.22464448177601512
cust_5873e150,0.884550542070488,0.45923165710219205,0.8339590276909762,0.33934047940507084,0.343391295921557,23429.71692640535,0.4531958463651445,0.26465525560195063,0.6042146461885806,0.436973510506781,0.045271482631400115
cust_18619010,0.8299108760501056,0.4514046755117233,0.44440280190638887,0.658518975362283,0.31122738808228545,26781.28663641255,0.29283244723020874,0.20920887552985365,0.3198361557714397,0.32669238804688233,0.05691455889586419
cust_08f14729,0.8641154389428192,0.7505092150375804,0.8459208279044255,0.2845447336672549,0.03516364063124733,34174.00243898542,0.099896735554031,0.35032699184129024,0.6099744586441747,0.4559938307496713,0.20940486281438556
cust_abb16002,0.8629478663686079,0.47535461151011266,0.7888899510583048,0.3463779627965303,0.6066768477782948,16782.04742708944,0.48716783568030464,0.47144865911226447,0.4556722101685849,0.2579706568382221,0.2136714558931908
cust_95a23ba5,0.8852835026619887,0.5641348713971981,0.4043738542460587,0.15637571544773127,0.2005031475437759,24566.021944446544,0.31356625565959434,0.5276698290454598,0.16569989352275888,0.4831354342349136,0.04938477786425423
cust_076ce407,0.9012470230597317,0.48853198613908777,0.5736802260464409,0.24137297348125383,0.2258668846860999,22232.33522219716,0.4122997400442294,0.7916769755171779,0.32401181576266597,0.18827925574055548,0.1863648958037209
cust_5b65cce2,0.5353787530040002,0.6915557429051441,0.2579336429343509,0.10872121295976092,0.33836732887828846,16669.463434505058,0.10729214062948748,0.6384145644387071,0.14581425781798926,0.38233883523311324,0.03312183543831975
cust_d7711a7f,0.5847519397642373,0.4660290082587608,0.6113986066454947,0.3409923908095936,0.17268557247530603,17438.1148376092,0.1295759932638978,0.7638221595266564,0.09353633613342141,0.1912218851871234,0.05380444992584389
cust_f8f2f5d6,0.6929057467834686,0.8207255222456881,0.35575368540313773,0.14431186056212422,0.4309109940046849,36653.348578955076,0.12783036402465517,0.3675475366990592,0.2087541261728775,0.5081867000879374,0.2005155548860317
cust_a29e6f14,0.6825810854033849,0.34500293941456284,0.5641078893001844,0.07106984580677812,0.4111419315290841,287762.5673985578,0.3735704673225806,0.5797500424668786,0.48814908188949807,0.1504459926054431,0.6750271614322207
cust_19dc6601,0.43503840299030044,0.6237686374230647,0.2992114160996914,0.026991361961163,0.4549549100499256,10038.518924086158,0.34523664407436,0.7608426476440735,0.1736235253455747,0.5218046818193434,0.1798162058575681
cust_874e3720,0.8412410942823224,0.7399873037760374,0.2593814418277382,0.2323814989347072,0.20627549097058603,43908.933115746215,0.45883965627718915,0.27981316568610354,0.2419217337747511,0.38266681881566667,0.313045645265054
cust_e701ab5f,0.7576887575373198,0.324960248473966,0.48550736433071273,0.6161865815289975,0.1723789288574999,87813.70203948149,0.2872871225815915,0.3488332733249673,0.25422233306969083,0.241342059153187,0.7922184992752366
cust_0f52bda5,0.604690839136167,0.52774977983502,0.3705554654721667,0.5701990655031014,0.17415094704411674,51103.889207575885,0.08137475763427111,0.3504533075907852,0.20825228278312105,0.12647057602525363,0.658162817604778
cust_2e62f66a,0.8466004832905079,0.5821454645908767,0.20379504739635146,0.16307576806283455,0.14603896884092665,18542.585686897834,0.5037789291491854,0.16689590862426623,0.18511769583228155,0.3267945888821417,0.21010629968116187
cust_9e5b3e2f,0.8765572683351662,0.7125293268044426,0.1967322866482734,0.14181639249523129,0.09936413818927921,15878.772369814727,0.31903214436496163,0.7990676275214574,0.12725267064152393,0.3823382200324552,0.026355416322023924
cust_8f24d560,0.7708622701744472,0.5062585919859287,0.45438474695981046,0.10243943595490927,0.24944800052927765,11541.549940995961,0.12355818304301897,0.9386426730507204,0.2398756431084873,0.34490058825205633,0.36835199160901333
cust_74e62bba,0.8840615633526833,0.5303789266266636,0.3182388180179612,0.3521209749221787,0.1227368750232214,29826.579526101636,0.28378927632833956,0.23438499024764273,0.16693625196339554,0.30674180071606105,0.0014503611144069894
cust_acca8836,0.9111890641698369,0.3896918761744713,0.6615256852003105,0.20249825203483057,0.36707200940503104,163309.1493522775,0.012379955988736768,0.19197712119908034,0.20844255938066295,0.37257800424938103,0.8379941990425376
cust_795c059e,0.8371180827932588,0.5071069625977159,0.2633972863453246,0.3757433354840139,0.21035326807102617,1653.9135469976118,0.5463196441905183,0.514815570173253,0.16017848087677627,0.14654631784709418,0.7302628033222376
cust_ff6c3af9,0.686499631772633,0.6949930313214607,0.11844296583927462,0.18270856820188575,0.22212069238388626,64254.564666814964,0.39918249184428684,0.45081084408251554,0.07814048486705567,0.574813194992324,0.6062157995549001
cust_15b08104,0.8739674425625279,0.5485834564104549,0.8063663650441444,0.3942428954292873,0.47721573062138717,3982.8902223233604,0.19058122332755614,0.3502330739707025,0.45616568113967837,0.3329189715326047,0.06348482375330536
cust_9dc3bcb5,0.5725357041127869,0.30368094728097356,0.6791132665590148,0.26009123151295643,0.6364036472303755,42871.02338671177,0.6799006117382628,0.4135597493143735,0.18980309308111354,0.15283198914250015,0.23416341327433868
cust_0723055d,0.8815333357910512,0.3376703766682316,0.7244623124316042,0.46590617464333933,0.5274989297273891,2295.077327262011,0.3303952618334968,0.5510541633496314,0.3439104679369461,0.2725332903497225,0.1323088210798891
cust_c2f620bf,0.8872498907338955,0.5922403933492987,0.5753828515546338,0.2840711723650376,0.4481018280019554,15957.469481420914,0.4484050716362604,0.4690506489847572,0.5584344939275395,0.31456581822155083,0.11269017118883448
cust_e8e31a2a,0.856787467560114,0.5677164312515116,0.4073930322263549,0.0496942399752195,0.18131983630108833,21004.210413244706,0.13174692848372963,0.46988742048702464,0.1671778491279588,0.41249748343185105,0.4739407701931522
cust_e8cfa2d9,0.7145791200811522,0.45825565454349265,0.3865148987103275,0.26561968592998114,0.1277463893928651,805.4138607022843,0.334084726458909,0.0561358638988397,0.12105477438100559,0.2763245235022168,0.02052355136495866
cust_9a461f14,0.8483824835089823,0.7059110096629122,0.45574452440973706,0.7317343455817323,0.3628038301355405,10141.286085052732,0.11659875331373398,0.6360511748596234,0.10199255058636154,0.5384291746339526,0.4299347935778055
cust_ef7814de,0.5243945545418813,0.8434054074922113,0.23244213608892858,0.05670789267812657,0.3402925171900123,18654.29209936069,0.129515340957322,0.38623661442345164,0.06827908777596714,0.7389818214922377,0.3209820177011791
cust_ec6f51b6,0.8554240951317209,0.46210718432076303,0.08802380212903935,0.3811654182356796,0.5050378307279698,585426.4606196118,0.6314344965448678,0.595794006303366,0.06751596307773422,0.14641592695109798,0.8191888970527353
cust_c6db6110,0.4377510014301311,0.44431804294785593,0.11028627770238933,0.36641925924406465,0.5574497357291285,5091.269332041859,0.3848642882396335,0.5117338082181213,0.0805928473536575,0.21935155360420705,0.2626766376062496
cust_442e04d1,0.8561905115705767,0.6504582244727747,0.10072576247196705,0.3431111280745322,0.6385353157209144,119968.47999830153,0.5404498800174237,0.17850648322185517,0.053700305837145225,0.33054189734943984,0.23710496215890087
cust_54515770,0.9004828978446038,0.2075069304856099,0.3886636512479795,0.22733733990091007,0.7600932203888903,1922.0482628178036,0.30169532714218833,0.5916068270288967,0.3113432917772834,0.10275908122962966,0.4519701056629121
cust_1a04dd24,0.7952790327312561,0.45350787441264295,0.6194437637388774,0.16330275386864815,0.32706921614148576,28094.12503857258,0.1489222396096734,0.2109532286341771,0.27454956195089175,0.3492000850342081,0.19486546919056014
cust_96799cb2,0.8272700968465074,0.41955175176825654,0.14752160146836182,0.15140370245990972,0.20287352090846558,3695.941569605764,0.07159258184981943,0.2969267224280795,0.07991141632460982,0.3048796129096537,0.11684531491222643
cust_1d1201bb,0.4309249216712483,0.25063210574929495,0.6779546953958794,0.20584158838545374,0.03030432652147412,7884.897215773426,0.3104799902695533,0.5774174695858755,0.23606451270414835,0.05928866692545733,0.11360688098477041
cust_da31830b,0.5956638557740143,0.45065108689663935,0.34394668459688665,0.34165465586205374,0.40242118192023946,13891.655350558774,0.5515491537092672,0.3835739774464313,0.31654702884639263,0.2178902626029936,0.13771743146674914
cust_8734c173,0.8859537220952598,0.3692168959923859,0.5451248221681219,0.2309906538667663,0.49543516934473136,228934.17394014346,0.30880344669638,0.6235419744076418,0.5159931548714207,0.25746015098719205,0.5251758677854734
cust_232d36e4,0.7852699120128066,0.5056627677559344,0.6379807124356707,0.0741228221592201,0.22340636168850386,9933.97282825809,0.4446698096568617,0.190471798508054,0.5597743242421321,0.49820322222454094,0.07014213709244452
cust_07d1089d,0.2913935349283017,0.34413304701552067,0.3490510844072837,0.06857297767277441,0.4328134997010375,39729.9777146918,0.2161206356147404,0.44345246239327474,0.27915952624279566,0.21918140621264248,0.07896218843754862
cust_ce27b6be,0.9505871247751666,0.4451449768335783,0.2782156095968368,0.4533030938621367,0.27959031761467606,89942.24637269307,0.02820617832955828,0.7714395639461485,0.1554896512538055,0.14453360208066496,0.4503023728136923
cust_efaf91b3,0.8783607385345321,0.4780337036369972,0.32859908401279175,0.6707460798322314,0.41470803702873377,20664.808077950882,0.4301165926991746,0.6147944351856686,0.1947415504961538,0.13223387906361345,0.35879232739103073
cust_8956116a,0.5016068838279591,0.8437583044236054,0.43879718232994785,0.07781041072811967,0.36258862441131234,3100.6575103230953,0.332355400380211,0.3201674766651919,0.3227078532231759,0.4942970691008212,0.03267752649281653
cust_66e03f99,0.9485741178398758,0.43794282664518486,0.4816244363014855,0.17785619366560318,0.2659689059807023,35674.8355984328,0.24238262518077333,0.6487974485779435,0.38911540960132607,0.1827749581638408,0.23177341941507104
cust_8ecf250b,0.5440166175596568,0.2122431023292383,0.4782755420824893,0.3089825124463691,0.5876506511604079,5391.65355726774,0.29231159225638537,0.22157085615767239,0.2361887577299829,0.10774436410651297,0.36634044141688327
cust_f8e430c5,0.598265921548693,0.18768056603239838,0.42613534737904674,0.5986413129414319,0.14119557925539225,30003.12794721639,0.40380258818380493,0.9217028576336092,0.30620873829483675,0.010733629372649588,0.1156305888288285
cust_12603ed5,0.9603655789187754,0.5513345836739114,0.566941474480742,0.27498685718412447,0.007974054878827769,29599.435172829497,0.45102522529645467,0.5333786101292015,0.3165162262159486,0.41265572037829085,0.004895209289928051
cust_5b22ff27,0.6811446333702541,0.5062578065254435,0.09988707261036435,0.30539184001102265,0.15269420677150852,2934.1619494039046,0.035248865719667205,0.29223835587859137,0.08714127496220007,0.214351887725597,0.19198910588186827
cust_57c30e58,0.9304461008573718,0.25054001609565857,0.6880891666818996,0.03554013212825149,0.4196577390412647,16780.48441522715,0.09912115111244973,0.27915285330567635,0.21765254240459997,0.06358023465909429,0.46873392494177196
cust_03210650,0.7170291733147176,0.5332010874650595,0.542568475924693,0.20803673169834533,0.5571144287367545,48320.04952214673,0.5099941078264871,0.1729408687473082,0.25918789526352587,0.07627639600473704,0.196559744501354
cust_a1927f48,0.48583189322974757,0.5122436127023922,0.32176135186858545,0.21825127191495583,0.3379657474212381,26378.51361712899,0.12391798383631256,0.5945087716502058,0.1775176070261755,0.06379973287987721,0.11533334106969459
cust_e30b8fcc,0.8229821633281527,0.31732956961050984,0.24781639034815728,0.12046634094007952,0.09225533913657548,16647.188040604742,0.4126146947090368,0.32154639115613776,0.12264178648961252,0.07497405073459944,0.21366503368472767
cust_e59994d1,0.5929552353127652,0.399259301502084,0.37891303126042863,0.02595338731811914,0.5470733765013124,32140.20600543458,0.4721534825123433,0.7470516630296977,0.281007074046397,0.298362855123914,0.1397649962960681
cust_2944ba77,0.8832936102049534,0.6693957362563221,0.38684579416622095,0.1360585719417833,0.4617568318871966,33907.01100318585,0.24320617644118908,0.7173382857092444,0.25569942967512294,0.060607297349700454,0.5270163329486119
cust_2e4ff753,0.7764902941108005,0.4358660345583795,0.26796473574762675,0.10593067161883252,0.16553245754720702,3371.7376268325497,0.35720460034097906,0.5587299080747113,0.22947202828826338,0.23059793529257425,0.15967879617128816
cust_1a876b4e,0.7210318049097634,0.5280956868208663,0.12607525903533842,0.3043680224869175,0.41771389446645685,51367.13127028126,0.15200108012630825,0.16257633545061653,0.048857487253456414,0.3233050438263071,0.5081368572595115
cust_8fc5724d,0.9873447017298886,0.6598779066823549,0.3579667548731908,0.3120750892653899,0.6112984566880779,9652.448397067394,0.2485710481545236,0.8344843719580621,0.2242734889184885,0.11225577541986274,0.2299981248810092
cust_2c4d9e81,0.4289334182139814,0.5455275508601911,0.32595334149822297,0.23583013907451691,0.20661377352874935,404234.7875837132,0.09672608954548906,0.5589869556452111,0.2404733827341787,0.11261754759227782,0.45321315480435964
cust_15cf2844,0.8762600481107271,0.22435952696390463,0.4179009480312131,0.3739813927448834,0.561422899764358,243110.7564009633,0.6477776348288627,0.3024593947723645,0.250744328683613,0.07142461709775241,0.5547836813235707
cust_ebe9850f,0.7405795073036632,0.5107377971292918,0.7207637360370953,0.23228367593533872,0.367730144848744,404776.4524726594,0.4051662151466238,0.5035762379702369,0.6964719488504412,0.2896104904563082,0.7494471641883523
cust_609b145e,0.5007773149395244,0.7045018910522866,0.33570920109342484,0.3312830995789983,0.3204837416094905,10815.040306800054,0.5328400977242564,0.3981185362236079,0.2055419714105301,0.5186488813959758,0.019067977609798833
cust_bba7104d,0.6851562290041657,0.6967221744787455,0.6424248934704863,0.11905992355590408,0.44898781621416434,45365.512175502794,0.28830839747422704,0.6648565876391734,0.6158771557809599,0.5617072321740033,0.034641417714838266
cust_e5f24da8,0.7609976951942076,0.6236602129227341,0.49856210517128463,0.16732871326717547,0.21996548479588587,12523.624919843689,0.3065952109525435,0.6884649682294296,0.3208562346586817,0.4471568061393893,0.24818253232302756
cust_cb374886,0.7579428531601813,0.47281647910677294,0.5903330927546666,0.32290483704006995,0.12778970279368715,195119.60282644266,0.09161060630936625,0.9480211060449356,0.3724822582993484,0.11439744633146638,0.7538395452274336
cust_08cd5f09,0.7578872244767204,0.6215722154674606,0.6779273047142385,0.20751851693078685,0.20011097390789534,7661.935091204945,0.23253433024382322,0.5888820406149604,0.3427195827065079,0.4499241778782345,0.18736075779037614
cust_bd06408b,0.6960307857077681,0.5053198103197817,0.16524453292538327,0.1233322860686701,0.7020676380055426,66876.5433221366,0.3005252086537865,0.3811499840921745,0.043014081429211266,0.4955081591433316,0.358434236530011
cust_b111553e,0.7629078040318661,0.26339809107771206,0.675424582369668,0.5904557002511266,0.14999365994131644,61249.67220155456,0.33910366887143417,0.6293757618373326,0.291752462060511,0.172279195829445,0.58728351619518
cust_6cf07a37,0.9353695940785703,0.6440975910227397,0.5548277039162897,0.4962419564219734,0.19681990423506043,16586.496446094618,0.4168884507831103,0.25510919681690797,0.23712578508424065,0.19609294715566758,0.1684680605017535
cust_8c48e8d7,0.6906343204313196,0.8498128028426996,0.11938041528346381,0.34428874677658305,0.14905508339334816,6146.836307027431,0.2875805026275777,0.5136105698852005,0.10643190882244256,0.34763871175649924,0.3232189391147103
cust_b3156007,0.5995896107601709,0.7542073357316353,0.22512666858805075,0.21675418578019087,0.5631315250132156,22932.290463605998,0.08285442083054097,0.33061509970967246,0.16668382090473788,0.06328593094306116,0.15875851212718867
cust_71b8955b,0.8510439991618429,0.4350431436589421,0.3754853051182644,0.4851589407701555,0.2304906367061325,12513.928415080845,0.29648524722868463,0.392393923201091,0.33335308968087185,0.30664813128371465,0.07423981277582657
cust_e2ea5221,0.4362891102722297,0.4313423475751912,0.30469293346635556,0.4422456488170456,0.07319795945660341,7388.574354832267,0.6937703732097346,0.6481405342156193,0.15118842528443852,0.4123303785274544,0.1978540092734811
cust_82640de3,0.8769081944710894,0.8798422480391477,0.16944050602771907,0.4353545156509769,0.7388151390062189,5836.475213978808,0.28059905793294826,0.3657828044954429,0.04208983884290887,0.7395517861557015,0.2677393165865744
cust_4e0b0898,0.9284750173078814,0.23413900041265095,0.5876693086956672,0.4047229756273702,0.2541425885894799,215108.751590899,0.5865484259766258,0.12963952795777345,0.3366141398602196,0.0783979516327625,0.5151910832058968
cust_8b782769,0.8362171279706284,0.32850397971294704,0.4079061931224982,0.27528933118582877,0.18385598517223545,569652.303360074,0.605805652946475,0.4879051551966878,0.3463690779649842,0.18485673662783594,0.4251383825154965
cust_2177dbe2,0.8093779759788359,0.44521731729638314,0.3198887100652801,0.08296232281202949,0.2900254594768201,10356.12636265124,0.35299939856643625,0.5798698657091873,0.15360458041643027,0.37482359545674676,0.10774309574076753
cust_3dc65f7b,0.7045091665840476,0.5589388827752033,0.15024425393082885,0.0891503562403953,0.35322443651594493,9906.805417375459,0.07184408458868105,0.038174308621434935,0.01573185654730016,0.3347704579909319,0.07507703638378226
cust_e12b050e,0.5863893543088892,0.4440125919339001,0.19015084928252585,0.5414137513924046,0.44114629135469796,87849.67768804308,0.15659831448580355,0.4913990755133483,0.10360687674017514,0.2859417498289707,0.7764909010028328
cust_d8d53a7c,0.785948162921087,0.24207838229899659,0.7827652432374832,0.2171884601424815,0.18268796918832783,2708.839626754968,0.4067572434057406,0.4318224185242603,0.38749403908637525,0.14628081922119793,0.011448916685970806
cust_3bcecda7,0.7352329996609328,0.366832640965028,0.4147136148695362,0.13718329552720449,0.22873025241347192,91198.11324609026,0.3095133139603712,0.7656822965654635,0.1857125547046136,0.0917010302019792,0.8239194440028452
cust_727e83ee,0.8571222941170891,0.31724627929445687,0.137576462132818,0.18524223017788674,0.46317663855573377,13061.20564162764,0.13276902056174064,0.515164024053489,0.06177270240701945,0.12346521152107272,0.2531440140754129
cust_d72c78cf,0.7434405819277371,0.1274433652504866,0.5192115089693065,0.7397989651644925,0.2795632119719591,2885.2077060051993,0.4315964561017419,0.36381313319278474,0.36145295551245027,0.017557356855017196,0.021214394754828253
cust_aa9d0714,0.6701653194819568,0.48822594382937956,0.22053294556344477,0.36888032486122063,0.11613832150129272,168442.7234990757,0.08429774889793232,0.11504411636911925,0.10745648640036938,0.29220970928685014,0.6104908139885897
cust_4112b0db,0.7415372128955584,0.7895925691092203,0.1025335768266968,0.27671221438922916,0.31359622848072505,7237.338780143247,0.10483419374323558,0.3650793653575132,0.08833409886026417,0.4584246527307904,0.3007982579431019
cust_cc3bc157,0.940658056746356,0.6365611647678293,0.6362681569624673,0.38700818170026957,0.2900115702987471,15036.319122905494,0.2834385220558105,0.36543858146721975,0.4082570454832537,0.17053602176343025,0.08832528405066342
cust_45ed4b92,0.8682065307701723,0.5839552328369355,0.6222346100392394,0.20440641824571923,0.19923765350547154,5740.2106416870665,0.1233561081916389,0.7554468119422773,0.42033439370720277,0.16750053883206728,0.1292455181939046
cust_92af2e47,0.7199345642840688,0.3674533700184198,0.19445093908986363,0.06889334892103652,0.32873416334444217,79455.93569234316,0.7616001550196965,0.36197423945146245,0.05375792224544677,0.1891864695428554,0.8004098980439529
cust_20c7e8f9,0.7056028193552492,0.5897947742117376,0.0890931192326737,0.5517684822781216,0.055783968584436947,4807.781887419373,0.3227400653383039,0.646990843345509,0.06774068369678822,0.3667321588754216,0.2581371871098188
cust_3b5820da,0.8916048562749368,0.46082876375272214,0.34767229143041917,0.09270594243164582,0.33472500416474216,9887.360837476328,0.5392849896513155,0.589856628047709,0.09429682517627695,0.3979859848001685,0.01402119143965784
cust_56b26d8b,0.4706900283318314,0.20006280018888858,0.5177693061706351,0.22285096423698805,0.06419301714060177,4514.763190407025,0.7898626704108161,0.7719275326197793,0.2336852221689006,0.1498930391082602,0.15788336719630722
cust_79e33421,0.9769608212284008,0.3508260536997495,0.7377092267233285,0.27277674676499725,0.42688508437137396,8934.54394352887,0.5076135146469659,0.6701277758672712,0.5252887372561295,0.25298575688919,0.0044884282455428925
cust_a1e115c2,0.6705470432509729,0.4181933853772743,0.19499103148931726,0.4212124145965671,0.771657454283275,6508.344015933947,0.18765229115167173,0.884439636228819,0.0944586853873848,0.3295421945542214,0.5077728577869047
cust_990d84c9,0.5953054869071412,0.5008074838392534,0.3631641801540654,0.07112991125698494,0.25473637392528614,56592.00154203519,0.13864620407269115,0.12925306103510587,0.1909222185997082,0.2283419824215272,0.5476084287351715
cust_37d1ed43,0.6520595217952472,0.2820273077847896,0.5827578458487728,0.34070279279532395,0.3800108007780773,16778.525049427615,0.37199710033372674,0.8200738289541636,0.549710690599855,0.12721735825467687,0.21157931970114424
cust_66d47ba2,0.6955599453678408,0.6246747035945398,0.20183740615341336,0.05139449631170311,0.6939893449428504,19125.308741730798,0.3030423938189808,0.14557205920226868,0.1723609467875637,0.4526498292351836,0.3358090889408524
cust_12ed293c,0.7562467655472908,0.6002242084001761,0.5973433611148032,0.25326617236456905,0.3572015805642825,119513.38164903395,0.33836688016356203,0.33434504368580853,0.44344846775477925,0.10382113243777508,0.6637294167114427
cust_476fe020,0.9118343464241565,0.18194792813791877,0.6479180225501003,0.11003653848611226,0.00641669754412148,559207.5074939092,0.19732918024748505,0.4457217139938153,0.28705736896981593,0.04043876270490506,0.7774879772944902
cust_f06cbb3d,0.8240135967665029,0.23128220552769507,0.18272450461886341,0.10300116696289321,0.5755465145763773,15576.670050537787,0.6429256214152318,0.486537050690074,0.11588465983008849,0.12522931965254588,0.36116827636754534
cust_601b22f3,0.8384858218762281,0.4748220193777284,0.5324271901724826,0.14031313472027107,0.6858754051677751,4890.557883608773,0.30001833674593587,0.39106492277314003,0.28384699994476154,0.02899918085849066,0.06837254687498631
cust_aa7f3f53,0.5396228829119486,0.2780514608255727,0.4060735699349606,0.16472037712095255,0.42250364499754645,126853.50014515522,0.08612620591425144,0.665478875121974,0.25078236867268705,0.2541860537976153,0.6966292068737304
cust_e793a931,0.8535725118059945,0.3875602443317491,0.029721354025150564,0.5231052857404096,0.08882875105155746,15029.980225999938,0.30232079927116917,0.35423258961807214,0.01863923343806399,0.2734457271464211,0.11912687885099628
cust_6495a773,0.6713376143152538,0.4103521264083428,0.5001899294204162,0.3575121489305589,0.19586992752974225,12911.069229631452,0.251711715820421,0.5630699560771548,0.35661017653007604,0.0709635400271902,0.026516363904126223
cust_18d018ba,0.5057935777664033,0.7340778376691265,0.7514086186324505,0.1372813205761162,0.238986035071737,382738.0206286013,0.5513486419532816,0.3332865968283072,0.48124399624531033,0.12037269194929918,0.7473234219000138
cust_ace37533,0.7434130684635653,0.2832475295399247,0.20771159492639538,0.5154489375449565,0.19982665222733506,6080.527232178851,0.6990567189922593,0.6956989281557874,0.17624972959726368,0.21545877884021886,0.06810229104427305
cust_65ea7af9,0.8822056123814579,0.6093205763319034,0.35210074599954655,0.391241094791576,0.15674757401667902,119.95674194257936,0.529218516488025,0.7411304455224816,0.28319251396372347,0.2500490117220822,0.14866312263455797
cust_1f8b58fd,0.6980564300385882,0.4963714665332429,0.08784199353303053,0.3632205450914492,0.19088167201433306,19158.468267747736,0.2753569006690134,0.3328965882114281,0.027751396668063026,0.2697092774001503,0.08177270722977431
cust_4aaf4fe8,0.8495118073778056,0.26424134535896043,0.6173638609035614,0.10364283968942833,0.22095923145168367,5649.197348727951,0.8902297972194814,0.662771671371102,0.25620151672006775,0.11456140124051777,0.3812755880629415
cust_ba255a3d,0.3545422238881425,0.42492659707023295,0.27851713603866735,0.276921010147831,0.3271114283282149,112369.82232377281,0.2095593232995647,0.5669363242406159,0.22776046360651475,0.2811782541576236,0.3083899388888523
cust_5742844b,0.7944110918689608,0.4593301810629006,0.15000437363955965,0.23635850017608806,0.5202017919227342,30540.131328089527,0.14556976744790082,0.6849247239439531,0.12514205273853604,0.12895178644238298,0.12286436187753133
cust_81cb7e3f,0.8464338796717719,0.3669020666969511,0.7958946109473712,0.34735466030650414,0.31941943574175835,17303.093330123847,0.14177242990862732,0.224643639518139,0.720026466770016,0.23506871686698666,0.05255692387924979
cust_7ffeb883,0.6154521757753207,0.2809733014254649,0.4733019443105628,0.17215582376614183,0.1296190165317464,11427.341497648149,0.30441172160375957,0.46593154640330914,0.4593372015488545,0.19248151729658952,0.21019067862246765
cust_973995be,0.9297019661827832,0.8737401967950867,0.02811160556958981,0.30483421470350036,0.10190427344330705,51568.852003947904,0.024960292194174567,0.42495839245723094,0.024254118529763682,0.5493461601567331,0.7777361271729696
cust_62556869,0.7714450793606212,0.6697970697367303,0.07543645508156784,0.46511581625217724,0.07638276166535787,150810.53257498718,0.25788175878220065,0.8288142266466378,0.042789505474437675,0.32255382100605595,0.7456343799464493
cust_6d49481f,0.6729298480015321,0.3154665443595436,0.15881893814728462,0.07723476857817409,0.43037100175092324,9673.110913024964,0.20463162989050207,0.22640328314974187,0.11107533848420038,0.0795586203912211,0.1440568877185973
cust_17e7611c,0.8648890736463197,0.6204561016430205,0.46996143859013284,0.1836978513152197,0.42720940913889355,15847.129758601755,0.25466402525745524,0.22191033916242828,0.393249793702389,0.31390061539456754,0.4109097235254033
cust_8633349d,0.9052736730808343,0.5898750606307906,0.22718439552403985,0.3376443312595029,0.27771609592734936,32253.264242674264,0.35603016376168745,0.7045907176338955,0.12272668361958045,0.46214904174119215,0.11562131436177346
cust_be0b8461,0.5528487126387979,0.5016973276950036,0.8412445150264644,0.1917309630281437,0.35112304880641637,47352.80692009338,0.2038665323772005,0.3299966999568894,0.6249296808565249,0.2747013994472741,0.4639609592380668
cust_1bca36dc,0.8930024104441141,0.28715329068967993,0.3856950344632378,0.27644418627144896,0.44496418238781205,2645.1815867408104,0.1830184831315273,0.6034203451063451,0.33263730547784337,0.10878293174291007,0.5394032682368393
cust_06a6e297,0.5509869651689316,0.5685795194978609,0.7786330895437792,0.28426970440675237,0.44708229922080056,91839.22680101306,0.30188869794024525,0.6026659806460083,0.41416228454595916,0.25217285824170527,0.3104662216855329
cust_e4b425b1,0.6991119601243717,0.5752715584934092,0.40223500858316813,0.15525743394743247,0.4629717187199879,46428.718678320605,0.45529883286150963,0.20813108680647308,0.3296380337792112,0.2173605081073018,0.01734609415810868
cust_13f68884,0.7312575644068342,0.5424123905679475,0.4560741683379455,0.17254811536800926,0.6510226873733721,3307.7130886780733,0.5020461379642482,0.6746741898684482,0.16053697269985243,0.18900994809444405,0.03413952831796346
cust_0f39ee30,0.7118370378476199,0.3974844022420464,0.18414479724574773,0.364649799660409,0.5657558898425433,9238.832686660402,0.46320472218333075,0.4213485368965815,0.0994289198713623,0.20592059946527314,0.1757450984855068
cust_f211f001,0.6534422860158443,0.6069321960448263,0.2463499905765828,0.39483076730926014,0.40584805908377447,70376.28893167326,0.16239322332175135,0.841772759277474,0.2175450298595568,0.2201671451358375,0.6160954607806741
cust_9378258e,0.616606716392681,0.49345979017979363,0.23377263171997095,0.2909694446541442,0.2534942026035656,11303.6672690201,0.28943218216745104,0.4056241080412648,0.16677034518589448,0.3453327328146245,0.06739113207169421
cust_5460c6ff,0.4185252026587574,0.4600977265865984,0.3271607776867551,0.37519832312822404,0.26794388154213006,27863.467414198512,0.17742589531283628,0.683980093676131,0.2176385871989807,0.35697710638993985,0.19507990523054755
cust_8d6470c8,0.9098973706240977,0.625145544358898,0.08517485088295342,0.37564918423296983,0.4634849334579242,446932.73599158594,0.3188846106677251,0.322668261252881,0.06629597706170966,0.22156944623932487,0.5961049847755651
cust_aaf73052,0.8460175728988646,0.614539976422348,0.5118298887509366,0.4603983163461925,0.3115424192780432,78736.40074888672,0.5468981298529183,0.5185151882054793,0.35381330967974384,0.4594664306437582,0.7828322245141592
cust_683dfa02,0.7508356337619351,0.38412023894675085,0.02930936070441385,0.17959877314353678,0.5548867991364269,6151.437923310093,0.12913156842136342,0.5999159478161561,0.017966276826765045,0.24110140574985273,0.2865270532882399
cust_784f1507,0.903618759688697,0.7464724486917538,0.5640347378688482,0.5028331190120706,0.04415163346214565,103622.02023467979,0.4004918966561164,0.5774094871442803,0.26282623158012836,0.6200035552031671,0.7994890359164432
cust_b59b0752,0.7659362368902256,0.7358934521225026,0.13983744320506017,0.19411313861019022,0.18541783521684185,71668.30937621385,0.27595656881662856,0.8274482694306821,0.12476865690433829,0.634502134584545,0.8102358754396959
cust_05809c69,0.7061997447237035,0.6353844819746075,0.5508927064170667,0.46649588632463845,0.6657035920138257,20938.5910814446,0.292428817873273,0.67634474520976,0.37922713767110183,0.2511658091094776,0.13085137846213268
cust_a221b861,0.5119445875343503,0.6479636291318674,0.15038205349458109,0.3259708297066781,0.3960258674529966,24588.50712577764,0.28322970268587666,0.7860657989403392,0.04035849174495573,0.5264411424923675,0.011961245176994454
cust_37470fe7,0.49768269501104756,0.3862772528919204,0.47909685392011986,0.4354430591653544,0.6016592906719624,3581.455155480923,0.8167020949327988,0.17049410109328933,0.2550806668304311,0.19984938908012295,0.1086540056801356
cust_1847059c,0.721175820876202,0.6866742726024743,0.4497672572883872,0.18665367791609255,0.0714892216561509,63270.50555786237,0.39682835472742983,0.7260933939603711,0.21556459903193853,0.47022158644583417,0.7582337258242005
cust_3f83ac63,0.8260663020500804,0.6764334416895509,0.23328262777300782,0.6741894016908295,0.305820656218693,4929.869837312818,0.20565584769022766,0.39207247064686085,0.19830257096398132,0.6473001891292505,0.06552960839040735
cust_b45d95d2,0.5941773114007192,0.3897636880230265,0.377315843250944,0.22605628581803,0.27648942617087946,92542.19189370816,0.33836597057732104,0.4082600674129078,0.16912226734164298,0.2114156398348125,0.6863533734364335
cust_0a31d467,0.7424670900002031,0.5816463825210026,0.3515669516653752,0.08186735343171565,0.3493106234787661,35863.983382515005,0.30520633860126917,0.519866292698346,0.2411083210138287,0.389278509565602,0.1325277861991706
cust_c7cfde2d,0.7823163038640207,0.5599409012397257,0.03750570680077721,0.050194631584488614,0.12595048945743287,8339.461004325423,0.47293647029489033,0.3054254862356153,0.01015925874013416,0.07926509705065139,0.20610774505432122
cust_09c6bed4,0.8482765354283842,0.910292554481092,0.7481231981603342,0.28928849634667886,0.15431372835328716,39706.244087764826,0.24088701812633165,0.6504859729306732,0.39365974087108724,0.7712283589536857,0.12001196001021104
cust_bef4dcc5,0.8643488017979587,0.25137673437341124,0.26418743418885743,0.1602084867771207,0.6581135024420167,13942.883840888322,0.4881372731557289,0.5107538799287699,0.19779515869389705,0.1614393260812714,0.12966339294311108
cust_4d7b4c6b,0.4827586197574677,0.3793462881797303,0.27780491767837534,0.19771197517234124,0.3077316506290986,5868.188388388103,0.371870075143264,0.31822474947768364,0.13350290267454334,0.22885508798731977,0.2550875561196779
cust_716762d6,0.6877943401958462,0.4858391068553141,0.3565867959795447,0.08718665955415512,0.2390000077494953,1646.820255799808,0.1106338086918838,0.7635879546019168,0.3130357342201376,0.2545591449017076,0.11649873414645807
cust_3bddabb9,0.3317380999785808,0.5708156139955035,0.5078123907567533,0.535002871596057,0.2710246280626055,5510.556277853657,0.6117703513442276,0.4962338640564125,0.204272725418337,0.2474004730658074,0.06815997805260231
cust_78e6b9d6,0.749727542127631,0.7896257714172874,0.11268912731679502,0.12939369416928256,0.03811161866961021,28776.476526349117,0.4783400775571705,0.5751698942171014,0.07416890399289776,0.38157832667274094,0.3598257744402812
cust_29990865,0.783835949548485,0.4049319571065159,0.5745401219848231,0.18040076835754443,0.7532860181807345,3769.765949467116,0.5792373131229009,0.32454327485501566,0.4940492873100335,0.3266937574847984,0.23866217286457345
cust_99729421,0.658509169490495,0.5888650681749567,0.0194317634471103,0.3796032394833118,0.5148902801792555,105897.8035057178,0.5516396703650138,0.3391102959870535,0.012931001480049168,0.17418179527908162,0.6800347822765478
cust_7f7b2cab,0.8921738357783456,0.5570926146686509,0.6511577303749059,0.30924310856084153,0.27161215829125657,1790.3321255107528,0.32188383107593194,0.3728332105162523,0.41580104348308067,0.13365445729400494,0.26316024998233445
cust_bf430447,0.6749821765977508,0.4922411625453676,0.29545710085671406,0.4345368329182826,0.6161241576471993,23978.349475847463,0.5628489545828589,0.918906334921642,0.15487914537088618,0.2657334238068835,0.2566507814853079
cust_da416ebf,0.981408136492122,0.5088055264701811,0.6135290299084363,0.05775147364717586,0.34191864332008554,187137.99793992424,0.12111414663254802,0.5915292736163176,0.3808235217321833,0.07656569791452965,0.6346698748502271
cust_60dd7184,0.8708543806178423,0.22643044283481578,0.1360713357522848,0.2034999992080896,0.12089308091409917,7108.692595067262,0.5406393793968586,0.8841544623651753,0.03799581375215709,0.041511882601257925,0.6432695363476086
cust_91c22c8d,0.7512651614334231,0.6488676948292318,0.26119991611750976,0.2630542661022726,0.08249932515832561,59311.594750412536,0.1321697487788458,0.5230542058521758,0.17473674317211135,0.5047255904741479,0.6774860754402955
cust_8ea72458,0.9575766201406621,0.5742395225276,0.18960519211884252,0.48077662083840583,0.12218011938615808,10216.158726333015,0.17784142523315935,0.4705290967930104,0.08283689299357934,0.20994669579202263,0.14775562050676652
cust_b5e7ae9b,0.6757780423969967,0.5485423519182396,0.5544194433653054,0.20015296447358266,0.24361081497243234,4903.95119794001,0.07771092700267179,0.10359064452727082,0.3883534773272477,0.3757903275945299,0.04776306217401623
cust_11e5a801,0.8324355621440643,0.5629331267847445,0.16396377568331238,0.21348966851970355,0.3834927137870128,8185.761857368417,0.6496551887640662,0.6724596304875017,0.048784182523786815,0.19838345896789908,0.39749560980250637
cust_6d9e1b7b,0.7800076582830242,0.3829543567450175,0.723620925470429,0.2756479786356467,0.1479336457456044,2663.765214510105,0.06462218612249349,0.8921154177745552,0.5244749879995417,0.18097157791978244,0.044770974257482214
cust_ac81be37,0.6075015838570627,0.6645663799551706,0.6088218716477101,0.18815462226852198,0.5434288586988502,20570.492305344716,0.625666156882738,0.5951713543957388,0.3689218802871211,0.23692727080470344,0.011610426762387493
cust_2c5dbcc6,0.8732744938408664,0.8337382946224231,0.08069689501246953,0.4972522778886289,0.41920769979053113,29224.428332116004,0.48516178413245187,0.6305724464235989,0.07197676016089853,0.41952761374786346,0.1956862267367661
cust_ded3bfea,0.7945500557556501,0.5379735621145769,0.4690450709556808,0.24702037666957863,0.21680982203055557,5370.935816709925,0.33738552965179597,0.30315256577262845,0.23812033288297943,0.30698565833697394,0.10206317698616856
cust_04af7246,0.4645067073627448,0.6722883575034385,0.07075801958611413,0.22881107586182395,0.40064057270084313,13715.235234902491,0.29122867265682284,0.3469784594487217,0.058300638807788525,0.14411359608767,0.1536966061182942
cust_73043dc2,0.2514095413120926,0.3092507647853444,0.624489920326412,0.2508509947171256,0.6168968868288252,38529.30437757716,0.4738879339513546,0.16377242917373985,0.27103099329042435,0.06305699742396051,0.374081762699872
cust_8fd71329,0.6879467900540267,0.6288767774704253,0.25671522240967043,0.20283190689326458,0.24574615816526205,15443.43496984872,0.34466154178522695,0.5177481785652843,0.15864763719509517,0.2996306499488675,0.4974260170031062
cust_9286e501,0.5667493573861475,0.5097901318433167,0.16441173323494349,0.46783400285289184,0.4884204011626743,345152.73555272375,0.5951365975818477,0.40119999088134267,0.15238953275345737,0.2848653860344046,0.6649265685411739
cust_dad23c28,0.7989658597180549,0.36033926169986286,0.6796748729983649,0.4978494411893976,0.3254183217148429,39017.59932331868,0.5724695709648061,0.6518877695621913,0.6039193232135457,0.2929463299647622,0.19760943545309284
cust_5e7f7695,0.6326541704600862,0.4782092189959895,0.2497488888069936,0.2206762312098039,0.4780653223140433,28435.300313839478,0.5502832639165774,0.6940320274670234,0.1702361162016113,0.31228957766336723,0.27952832665085425
cust_7f56c87e,0.9581333316104426,0.5990987457332926,0.5472561463575598,0.09667897962594561,0.2588381555503791,6011.047551272401,0.08821066771775907,0.8523800899704913,0.3142991669602841,0.13500039502736347,0.006336826719784008
cust_8774d758,0.7657628075903135,0.7949130739539486,0.5266713537279878,0.3135105385530598,0.2672788658867457,151739.48201478785,0.3803965530944336,0.7927255621345408,0.10387835883113591,0.510169774056357,0.829648938538339
cust_f3364ce8,0.46549718356865966,0.2954311825455636,0.8110165660547206,0.20104405035522743,0.15200618729528956,17231.04067936685,0.20129909599809895,0.35626458393448024,0.39495530610159196,0.2151187625441766,0.059428995660621556
cust_b6f4b6d7,0.5934902545752294,0.9312728284356999,0.5136323892495431,0.044053607361651315,0.5399079109805474,47490.64050421333,0.22928372875184025,0.6279706254402615,0.41553164814189597,0.7447050462885454,0.30271681342438345
cust_5fd0e406,0.6297801259479712,0.5392302296984044,0.1684936765499722,0.24968089933644583,0.514272629255927,112943.4271385048,0.43978937795115836,0.24671779429667884,0.10634264840401839,0.47012307601157677,0.8524964740643544
cust_9e83495c,0.9299566437378519,0.23312980883711415,0.6280179855499061,0.38884778653363844,0.20996027910883477,17342.917672213163,0.7514280613066922,0.2434629679585481,0.5824779142140281,0.11449775632834802,0.0818599578868909
cust_3e19d780,0.7994016979230174,0.5747116267458817,0.38257394749437634,0.08255903327532264,0.11560514995891635,7254.573873395642,0.25721462970325293,0.31169477461490835,0.25067076927961623,0.338742474179858,0.055621978732526084
cust_d3b8b1fa,0.8882982492202894,0.6852140446744811,0.40793476912810167,0.39139224109729304,0.3294068687989091,178545.7768347297,0.4676043697901988,0.671623574473657,0.2674457059579233,0.17241951052117108,0.6055265612797694
cust_b24f6ac4,0.8843136854769743,0.4423367834445602,0.2542510495661529,0.151993438248634,0.416652509739721,21235.742918672247,0.29993730108677574,0.2909184633642735,0.05628192788308943,0.10680753996697523,0.39604387391751766
cust_98546e3f,0.7972879014308684,0.4975617171264913,0.15609761360027496,0.4637572346618667,0.5544376955904347,325887.71738083655,0.4796028166300621,0.5108359581235665,0.07267103900287565,0.3549138314498027,0.4785052428282945
cust_bc3db15b,0.5980748936929565,0.5228855548770992,0.22423835316665133,0.4750708718565385,0.6371323880353434,7715.592143057575,0.4069022019593169,0.6274660548870657,0.1943593129859889,0.21189909324530054,0.07537971026783294
cust_337b8101,0.6191269634236171,0.7723396794326418,0.3903498995743775,0.1373563327493134,0.29282694538264487,20517.01555594115,0.2828405880232323,0.4681579953597645,0.2761872973510637,0.3544757276353637,0.019835148050682937
cust_ee3d1957,0.6865074136760381,0.5617090717600074,0.5772641924837317,0.3316706775986942,0.22522823138798,225915.32879154678,0.3442028350634337,0.49213861208141635,0.478417066918783,0.3054101481378333,0.5882587833475451
cust_8fd9a85d,0.4453448025902042,0.5728896626536308,0.4650870402322488,0.6313005761682977,0.40996194070389497,3389.816265277918,0.49159354092054125,0.5448295107727628,0.3445843570728867,0.12620462047397582,0.09910985293814459
cust_762c0dca,0.2771164527324437,0.3484371989718442,0.5723805081738819,0.39279290209221934,0.32318445299103427,90556.72706613004,0.4084620313889786,0.25134458389652803,0.48166568892166317,0.24918062724097778,0.7278850352619728
cust_86556181,0.5562432869032787,0.4241886229986795,0.575454837011685,0.4852013112364481,0.4193411350602722,9818.790126425183,0.4356753183515542,0.5042985821696768,0.32771394834788264,0.24328444605230118,0.07815146628243104
cust_0e2be3d9,0.711108908266621,0.6053467424689566,0.3065063072276202,0.2601758744205246,0.5860237618899172,104480.51856646055,0.35943853472754234,0.6613598263918774,0.09393995575655957,0.37965974679587217,0.7049378149119199
cust_7135b4be,0.7339956833998542,0.4695974579861255,0.6396608254683844,0.23054593385021657,0.6843484410245981,174658.41685218186,0.3380616966094123,0.20750037153283032,0.27781104388498806,0.1492518344160843,0.4995817319376648
cust_a7e24050,0.5876656117470362,0.6275214888049371,0.3911800850214113,0.2590798421113943,0.21343146999283605,73220.91701573717,0.5017828892534981,0.6264633548080328,0.1825209427065834,0.26879617050028204,0.45995599860329595
cust_e09b09b9,0.7784809490757644,0.7235339986167656,0.4660954365432878,0.1146541392140937,0.16239597366513542,95968.41622747465,0.5135092424077237,0.5368242614245899,0.11539225843841704,0.3316662068371524,0.8841561970981151
cust_9818272e,0.7954882236334839,0.391290907353179,0.7170605709947182,0.21066270203204834,0.2563286249550446,69660.7314527168,0.21738049595640416,0.2803771689570238,0.5427195779971868,0.21191542275076383,0.8037392845300949
cust_9eaaa440,0.5817937208095312,0.5403767657189014,0.3740706465418854,0.11580974337357136,0.20697347853034595,41983.54330043477,0.6532811855127348,0.49890340281987866,0.12523870217433763,0.34562019737789706,0.014077349346545066
cust_597e018a,0.7467654821726419,0.3483098704124539,0.6250407831038507,0.36926565299531283,0.3273826066986498,85980.85861629549,0.21045056494477926,0.25146701388533726,0.08222622363586858,0.23379120250969207,0.5469894232092788
cust_fc0b16e6,0.5671783550272194,0.9018011785980052,0.23743893318568104,0.40103355775162297,0.18920071067946054,29625.634033818642,0.4477046774597459,0.5718961572730631,0.17882472796292806,0.3344903994821872,0.039950618261709925
cust_6f728078,0.6466246249596691,0.8270907631039642,0.36536477539407464,0.12016963647987935,0.5703188768221535,81942.10167876,0.30577750031960105,0.35474651958467335,0.22234392141440537,0.07228485401287343,0.4693682554491375
cust_de452ab2,0.5921422203310684,0.1812281457829169,0.13333564093171524,0.3056063908319571,0.39662944530763006,64862.74315484706,0.33121221972538134,0.678430621357496,0.07057801876273302,0.1662827312988772,0.7073090573312102
cust_fcd83bc7,0.7085346006749099,0.2934108763272761,0.05466623554762882,0.6683390494720661,0.48583180855020497,12653.41402364967,0.2986840265185825,0.2367511056459596,0.015949796622048203,0.12130850995461646,0.07689330050564651
cust_d047fdf2,0.813293903611023,0.625286154330601,0.05928503773423968,0.43525185280616635,0.20706741485078314,20175.650464188766,0.5982207999286058,0.40938064416332853,0.02736515355767198,0.23103368696653379,0.07263611041519544
cust_b5834df2,0.8861884103619619,0.6873815371461094,0.16324303191039186,0.3343546183569594,0.48972272256246435,24712.57410201041,0.14000322035818707,0.42491023747451173,0.05873321619834193,0.3880177425902989,0.5200485202625864
cust_7e2bc019,0.8002226157807774,0.5878833111060792,0.3590505090771031,0.2886195098775777,0.15270757900325815,145473.3504282558,0.1054760280369757,0.32392131783125966,0.11724794216137176,0.4823062997189979,0.8947859042674663
cust_ab8a161d,0.7081504477113237,0.34637031503153076,0.3286501220204585,0.05982776090756382,0.3610271802808892,101623.84534266575,0.5826657018786928,0.5580664901740259,0.21876412059464087,0.15517057626791725,0.46563813581681895
cust_7baca60f,0.5880227436323859,0.8649527743314963,0.12446706136859566,0.18682804502078845,0.21228066037021728,14007.966408623919,0.48024772426138596,0.43137373775342963,0.09173904743125941,0.48781810884621346,0.11660366424216342
cust_f473ca1d,0.6335203358489309,0.6772397883482675,0.11554783045979226,0.3926677515365818,0.0473246591301148,2911.0146479673936,0.12921892434553892,0.4974440291773349,0.08597066315325806,0.4271187771136764,0.4841627268622892
cust_a2723961,0.6685480075182985,0.7077374887216781,0.06592197131204469,0.4278601713152252,0.34524787639815757,27160.012245274713,0.14350690851808062,0.49898773001068897,0.04453822715627499,0.2985267904197103,0.5696754179718342
cust_e1dd31cb,0.9457099403254591,0.6095665952343563,0.3093926704023628,0.6065331481218985,0.30237195320029736,10619.141425886304,0.33901817948461294,0.41710655221492365,0.1352443971416106,0.31674383376956905,0.22524703557701928
cust_1b6a9cc8,0.3432787109996363,0.7098357895675262,0.5834597170163848,0.6611979889503431,0.30513300221598466,31867.974677320544,0.28878231615622457,0.23649105276240084,0.45886225838956596,0.2297171146624077,0.05380959220078568
cust_a042f3d2,0.7424367154372941,0.308491683658322,0.40660259714384916,0.06496271473934791,0.2900186936736654,200883.78288412205,0.18546500586527664,0.37223283067983826,0.2744490724143812,0.14523909290922754,0.6614626514200798
cust_a65584a3,0.8629167343535694,0.32223901544699524,0.20340824748760558,0.22463806961606822,0.5870622834937737,185250.99795908428,0.26876174671580705,0.6720746988119067,0.07933066060043101,0.2030417132862368,0.552957583117713
cust_d497ad8f,0.7260962534900329,0.1411337805206234,0.4473017017595472,0.11740131672429908,0.44529001842431737,179424.07638156123,0.1635579040823286,0.5234742720277374,0.12077380003772757,0.020428412909121653,0.07424301925702542
cust_998918e5,0.7409449414011163,0.547977010405841,0.7947927514883129,0.10263552750953925,0.5329020764576403,593747.1109000612,0.5920630975331792,0.4389804401159417,0.22684754920553185,0.21572469792328694,0.8015300879744292
cust_ed4b0936,0.9364813599276617,0.3121886691640393,0.37557018373327106,0.03902866422951806,0.5098395865235422,13712.249397100653,0.27890360030870165,0.5363066789120567,0.25964282480968215,0.09578627231727928,0.2113302110415667
cust_6d883aef,0.6916740349020419,0.13497388529784296,0.20461893304032838,0.08681288297818672,0.2647889838302614,7293.724917498943,0.229891525939814,0.10195990350526586,0.1600516799826059,0.07550352534055657,0.07367971366641846
cust_64919d9b,0.7509216886363851,0.5552803019460961,0.248455891402965,0.2624217202608657,0.3087161667990381,7295.211200531974,0.30946905365831107,0.23789061118238725,0.21930400807418438,0.5157709719447549,0.03457114355476544
cust_99bf3207,0.859877803308147,0.7983017361073652,0.16062403285471394,0.363159411877703,0.4146685726457132,31639.731938320914,0.1669865707221937,0.3242822830832381,0.10720796348567924,0.10859833263192888,0.10723850353428023
cust_1e665a01,0.8872189101069029,0.3979290325921474,0.1011236610420063,0.5920056996153666,0.7464909065139559,67985.62881281688,0.3973569271404356,0.48028124655012217,0.07785340862039757,0.20914118456897143,0.8099805478833982
cust_139678ff,0.9229524034432919,0.5269922344618657,0.5021000247097087,0.2246657986741695,0.4145733465693451,38462.357599955845,0.5273322466506281,0.2936830073661925,0.36511583423215505,0.24843596250242128,0.13238982899542842
cust_6e4c4bf3,0.5704311002069459,0.5525038254361619,0.1888298530664735,0.4424605755715817,0.2946539174889313,41337.47373053523,0.1594244801041912,0.8121220340881399,0.08173597362984837,0.15928016267595874,0.053593082129579375
cust_6cd00556,0.9231046654711388,0.500534392113384,0.33050222324087686,0.2975459200966553,0.2627332890105922,18166.167912857418,0.35183789961020473,0.49204131462973083,0.2800388870056918,0.21386836963619948,0.22997638420509217
cust_545e35d1,0.7970079977860185,0.8032357611615161,0.4106874465454219,0.19370176645272077,0.35505726310400826,35860.401465379415,0.29155486890071153,0.8687713014080284,0.33400830399175085,0.6366239960259258,0.05624684865912891
cust_8c27315d,0.8870881721290154,0.6957756388101706,0.4299586327831169,0.3261083712335558,0.06773838296693264,21139.72552868313,0.1916682386448809,0.6422255635828588,0.23349703372289107,0.24956364769399347,0.003108845333237192
cust_84042681,0.7901914638126415,0.6573744082685106,0.3787184496761131,0.08790576654238944,0.6488140046092424,3135.4003225550946,0.39630400809701777,0.2900150097033787,0.27990417404649753,0.36992537905774076,0.47538782127269447
cust_75890970,0.6245655916032813,0.28852658832329864,0.45173448615746487,0.27784204226700077,0.17474269380964821,7652.360512224823,0.24497481191592105,0.7007520973850009,0.3551071193762703,0.04947776281025278,0.25843552815370824
cust_b7ac444f,0.625817055662109,0.5457174409990658,0.227988067361886,0.1322735006305871,0.4584716693519264,44358.44539506338,0.1512068260045525,0.5463027912191969,0.19672033890411209,0.2564339832028891,0.645003781642369
cust_7dc466aa,0.6175490959197119,0.5987936835276428,0.07048197594377607,0.5984965912580357,0.2265210684004131,143622.9180335876,0.2582906268979465,0.4997133359189499,0.05473030473045713,0.23429292057988785,0.5307735622422552
cust_a5f6b9f2,0.812758396006272,0.3421676836935402,0.7081709396014583,0.39860403091197005,0.632440417771307,23429.96451221205,0.5467918065660565,0.6889233028932212,0.3507955240730049,0.02926478617898264,0.024670302071947068
cust_4de82e10,0.6313069347139691,0.23685863196666643,0.4322524911530144,0.3741746366823629,0.4959196119234836,21503.065921368983,0.15012150725000198,0.36264424542483426,0.15084224925048703,0.11300205332969909,0.09430301326632956
cust_9c1e6d0a,0.7597039533411948,0.37765029872974604,0.6718048212343725,0.20251369431557903,0.48494074896166006,51854.19283277296,0.5917290778670916,0.7203120417431073,0.18155994086658145,0.27862746805980343,0.6323696749438414
cust_3d4a5faa,0.8097926365658462,0.542504134892879,0.31782210835155267,0.5096164546199088,0.18668199656604842,33864.75790575739,0.09881832708371355,0.8723920410188414,0.18873729281188517,0.07851985206045883,0.07042127636758555
cust_f0718a46,0.5401012815694114,0.8649090876509984,0.2430665792256087,0.10963466116756727,0.19190121698220053,38403.24967925638,0.22651578001130845,0.7381160409313143,0.22691158476621587,0.24750572580038868,0.05506093608785873
cust_6553100f,0.6267772595462453,0.22822710550408123,0.5370248510528755,0.2724301979926919,0.570674590776766,7664.744909993519,0.2985784651925579,0.26943723495994365,0.43238541885923154,0.11012308441493734,0.005937712924699171
cust_9aab8ecd,0.8114178202766905,0.40840554419327235,0.5864362361073802,0.10924418850673949,0.2308928144011824,17649.120165553206,0.3680579738859421,0.27497446781197865,0.44041827316733223,0.2603170148161323,0.1388393119756569
cust_de20bab2,0.7023373663841217,0.808644345896683,0.2638377566820058,0.5324658422134134,0.5109233547291063,21674.76060062888,0.32244822500886333,0.12234002725551248,0.0974817859043335,0.5496160882840758,0.15777909760218178
cust_8ffed6eb,0.657299392902432,0.7521701149297269,0.25860130790226205,0.5793234765241829,0.28020376536706204,7262.799521482962,0.402722887726905,0.3913547049256386,0.2347550168177325,0.32730418349567625,0.04545288550204149
cust_7fca4288,0.6867232016752622,0.4574737647838976,0.6979627159035888,0.48884329831019274,0.18425657366361498,7313.694794740119,0.3563975807767317,0.5335197168591984,0.12063254725164246,0.0640337113076083,0.06378653708695486
cust_7f32643b,0.812589518085437,0.6454734609580702,0.35241146185893585,0.21160281178799137,0.35311201289466093,10206.544702993166,0.04108930010096728,0.7485292168386307,0.23733203895276822,0.10902884967714907,0.04897627166159301
cust_0d379b46,0.6134151385241706,0.5189451365608521,0.2725059583847301,0.49712817195012093,0.39428469975893243,11678.138093783686,0.14642801789693113,0.8096333100825386,0.19737208214247784,0.45108086807364367,0.4954164191136971
cust_f18c411d,0.7813812788218535,0.5669766914184112,0.3558136698729146,0.234092488194524,0.16885096208349792,9661.416739097827,0.34654506647357214,0.6241798810316285,0.27515247266691256,0.291056294809713,0.10288986566128747
cust_ea029eaa,0.9570787341565167,0.36102074736566697,0.2374863245932544,0.34179865113518276,0.3180970297651155,28189.84203765071,0.2202445345706153,0.35218130544983817,0.1941436646962675,0.10818340538442028,0.23556444003293814
cust_7b66efe5,0.5353675647788959,0.6928762035757238,0.2665250996711585,0.2548748503532603,0.18245747012466826,3800.4098728109334,0.5217911554116442,0.7212580455081958,0.16227653918897764,0.422313386385514,0.2353387937266845
cust_e3794d5b,0.4099843339949909,0.24390054104375614,0.3318821267484466,0.11838418666752443,0.26405325959164194,26096.243601295264,0.18204429265770894,0.32812046262929917,0.26223840701217543,0.08943910436247769,0.08768653833268522
cust_31c1876f,0.8625116184606348,0.5974195354506813,0.5329791727883318,0.021815482522232903,0.3011842604906202,257392.2572335671,0.6207192482067453,0.4615035167812106,0.48967672093503056,0.19990734667416205,0.7518127586822834
cust_f70c3957,0.5577739288464495,0.6908094026593852,0.15608857317645208,0.38930606845559235,0.488039377900234,11575.179862708908,0.46898267773544544,0.6290752618016364,0.06186729930810259,0.05122387798892789,0.0024432816557711503
cust_52310c1b,0.4561202046643468,0.2993360976785911,0.07914808454801726,0.18519353084706622,0.48486696093577963,21016.665212679436,0.5628066308045574,0.2629240233646525,0.05169625163588205,0.23486184039262642,0.5552059293931851
cust_316478a5,0.6994313771357878,0.47549062518506163,0.4005095215857544,0.3444538572727817,0.22657440237069115,122061.02812854217,0.4996627879308366,0.5677318099928208,0.3780516766849785,0.10244135960412402,0.44039835402652333
cust_5eb55348,0.7663080824270461,0.7385257286483479,0.26925561683427535,0.08175897921846188,0.7226914561685777,4578.386899175131,0.1025016061765892,0.6998967429023906,0.2325678087554928,0.23837419902438084,0.0979785266191299
cust_ba41f0ff,0.8916864579930186,0.2218374429552852,0.07740859292883145,0.046741299582055834,0.22631581199008347,539.1806552031055,0.20309716731744903,0.4283370455876908,0.05372158481193799,0.08588022662558617,0.009804874096878398
cust_cadd58a1,0.7062955595730592,0.6496870071646661,0.8437150374726422,0.10207306957660132,0.3119840424664967,22596.34559471664,0.08739159457081305,0.6831500976196742,0.5716442140832089,0.5817898087317246,0.12697277000283896
cust_ff887b5e,0.9088011070290924,0.6145935597837772,0.42888844814122123,0.7377975168054799,0.3608122824544042,5904.350865280636,0.0837375780809742,0.3246683454108914,0.263054899878452,0.3045862303657989,0.06497031887692394
cust_14408772,0.8060013552570882,0.4398620861567178,0.24229139824453585,0.2680199900894172,0.2479825433749415,7311.574271992824,0.46731542927179137,0.41805298278308706,0.16923329989027966,0.19215256510680295,0.2755182463089641
cust_4b423313,0.936018062565262,0.8510961817152405,0.3011852074294181,0.24067181126269774,0.2030174838319148,206024.22326881415,0.35275957173697936,0.12460476450672167,0.07039834828910414,0.6647472017533144,0.8672955234701178
cust_70213cc1,0.8569267434418205,0.7910531036451968,0.4458190769837366,0.19558334196385643,0.2936476214586476,75586.82543470118,0.29554757893316447,0.598295706498823,0.09119932419078425,0.17799077539238528,0.769061983263987
cust_e4e7e22d,0.5636901318403269,0.06353924780371945,0.5556057688296006,0.11262134725632084,0.19658080419595023,25161.028351468645,0.09968693905617032,0.6852738624223802,0.5103559258589504,0.05170375531194287,0.0768969691895978
cust_77603ee0,0.7630185470333462,0.5906390426437627,0.3369299116120635,0.2897706120058538,0.09182322068742305,168261.4938845274,0.1769975632167008,0.31817697169165404,0.1414582689468494,0.2912442587311086,0.15524692783000243
cust_ae253a32,0.8359191097381312,0.5670666443805428,0.26876266663893245,0.29266655981144835,0.34644506179628604,22078.922530946318,0.47868682608834157,0.5108728928811079,0.17599539147354262,0.24159597989700224,0.013994425355787715
cust_cdc8187d,0.8774061820269143,0.5151116436752124,0.5939699025059294,0.22951168864605195,0.134431247863505,40182.18432046316,0.4890794194580786,0.7427867519573312,0.2796058294578328,0.4632377311771381,0.04908815290349917
cust_9376b214,0.7445663754854732,0.4810690281603857,0.17452033152426852,0.12203000345116606,0.13540331036352793,222748.5345132041,0.6022520605887381,0.34640749409260063,0.08263441391625238,0.2697714714173521,0.659406792075722
cust_f0e548ee,0.7019111981126814,0.5629882272217667,0.3364500312153184,0.32159468151498627,0.326329176776493,10595.978551166318,0.32237939502564056,0.07402078079733435,0.20414434578086685,0.08837069520891841,0.08875709233848224
cust_25acdc3d,0.9071415668807362,0.5614847559309615,0.3845033338580565,0.7602863310145846,0.6899758541487897,63881.558865076935,0.6030433743857161,0.7633103574039803,0.19936712204179122,0.2956040513821336,0.8592979208964595
cust_65608938,0.7830482299114304,0.28694720155768966,0.18194800591157417,0.6415597009939643,0.48276065952619335,103913.28756379311,0.23857790194301032,0.6255556988510628,0.043904827085636436,0.14744843428128993,0.7932167622152156
cust_805c160b,0.6229788289432332,0.38602397209183115,0.524480473551512,0.1732721131491905,0.1806663657666886,12088.54807528158,0.0905858506077339,0.543665276282312,0.2765449973164239,0.25782661981441224,0.2322228421583789
cust_3cd91357,0.7953644578275916,0.4452050889581808,0.6225854373777296,0.4624245957579409,0.42358737837241806,34613.820494318796,0.39731164821130743,0.8709648493309471,0.5087193679246749,0.24325119441262794,0.0010749606242300854
cust_bf5f0076,0.7744427140025048,0.7725632893641383,0.14753180965572465,0.15807027178181488,0.5786694987807312,537.4684601729027,0.46484572563736576,0.5970815534854061,0.06676387312491011,0.5160896038883918,0.14656524297442386
cust_da494741,0.9209353927135632,0.5282954493370543,0.23713459959792044,0.30731615303017895,0.02800255171063916,25901.49270145318,0.20592805675079381,0.3297750614955859,0.12512334815974277,0.22852356248938324,0.12099486057053996
cust_24c91c56,0.6241009801826408,0.3773151950840533,0.318214844602584,0.22595040262666824,0.4860236831068726,36857.75314572576,0.004526357785077832,0.5655775554011161,0.007381663546861745,0.19555047301018694,0.26704072551387537
cust_79d5fc06,0.8018047181850837,0.7703865383590814,0.11345347753324671,0.5834177405201625,0.2857211143242924,33719.486283768994,0.20481668082298335,0.3299581097986136,0.10535749826778187,0.46960110990669757,0.16147446836303878
cust_1c7a51f5,0.8030745700577464,0.40673769478244975,0.5345585832443223,0.16063692615138414,0.2472455330077313,5003.410748627843,0.4425414057347612,0.271159253451837,0.1858527618748472,0.06951968763708179,0.31386863357146727
cust_ce209aa3,0.6576418447665582,0.8139791165036224,0.6787922693271321,0.500040966177563,0.05541569335840656,412684.20433717914,0.35931395866306737,0.5002911045846544,0.6550630845867775,0.12403091881611156,0.8250740803172436
cust_6dac0f8c,0.5604249587168092,0.4246111128377688,0.46424972848649476,0.08554579191744059,0.3598379067905951,29101.94428442092,0.08601336544530173,0.22567930424275495,0.3132030995497401,0.2539248145671811,0.0014997213797242233
cust_410a5a92,0.8167522702905989,0.21878858972199136,0.48170062273056435,0.3509159358151766,0.33392925539249363,9317.889464171518,0.10796257970993488,0.5935847995280226,0.4330554913912002,0.11887059552287438,0.06417890776232367
