id,latent_payment_reliability,latent_liquidity,latent_digital_engagement,latent_price_sensitivity,latent_urgency,latent_customer_value,latent_retry_responsiveness,latent_delayed_retry_responsiveness,latent_message_responsiveness,latent_alternate_method_responsiveness,latent_human_escalation_responsiveness
cust_6a899c54,0.6937666616540443,0.521883054034036,0.5259001067191458,0.29864681446248165,0.4807433436251047,137834.9188714388,0.3272090685847365,0.4907444424232939,0.37580470582989933,0.4267561901650667,0.6718572416264534
cust_4cdb04df,0.760416671557815,0.5231809392997895,0.5462267373336197,0.10036960039215548,0.5152918005630786,53068.218003903756,0.47631735709314116,0.8004447358184539,0.23754811954148009,0.16221362861721822,0.7880612728591833
cust_9b393eaa,0.7429917263616369,0.4747125965577308,0.6105205292996692,0.0785178870576828,0.2881032232217126,5429.343373825287,0.31659367079823386,0.19054436399630362,0.2841720752784653,0.26198323585529143,0.07186947060646458
cust_af0e3750,0.6442907722010641,0.45733516555409476,0.7420344086571036,0.1677254656543429,0.7126012416725177,6506.704312628129,0.2583917557171498,0.6915036487803832,0.36108784946453554,0.28610028267467996,0.08096412528551292
cust_69b5c913,0.839369879471114,0.5626677736075245,0.4386020045418297,0.26160196266491687,0.24021149240851838,220495.81365429246,0.5414793962116552,0.7592811974174727,0.13981037563844598,0.24570119823097375,0.9567411124554028
cust_efa3702d,0.8345522135843263,0.6213968260596074,0.523495469091065,0.3619444339374875,0.2577120359115557,25228.62830254263,0.18773320274480468,0.5508513449989013,0.4416151566782788,0.35881715603941894,0.05166240078284524
cust_bff4fccf,0.8514691567245153,0.8551041437545104,0.6126303327703344,0.42519039815688153,0.12330360581623187,9575.94182151112,0.37194607213483,0.6248940868177718,0.21527331691338744,0.2553218529000169,0.15580693223379766
cust_85b24880,0.5126600882347588,0.4168872955614236,0.34451097085940613,0.012485073271217796,0.22133451576414737,2206.5994357715417,0.4620127682756443,0.3660342938387888,0.17233144116920412,0.2624355629976018,0.3376005462325819
cust_1556e03e,0.6481661933709096,0.6126344519512232,0.21959932971336457,0.2114392135619839,0.29771747078111027,34771.38625689074,0.18589517741034203,0.686499474610697,0.16742525703960123,0.3891496048365793,0.10153235081679363
cust_0d3c75a7,0.9120106756500549,0.793118035746813,0.354714024838288,0.20421040713968647,0.06154327916726971,157051.0243343243,0.19624319658750078,0.5232917091330163,0.239278902824175,0.42679694010357033,0.5291401177199409
cust_a69792c9,0.8216471775783584,0.38086957996013515,0.2957022041860649,0.4368465764643604,0.2863573693977556,9030.829220447646,0.11501231498469157,0.6618821923554755,0.27650801307876055,0.23349657765764742,0.17073012156536146
cust_6de8502d,0.8389045602927494,0.49406899658229875,0.1709366444885404,0.19196946073904333,0.33168606841399956,2029.7111271969695,0.05532934178946061,0.839636879617347,0.08843831224335474,0.3380274124893981,0.1977505859374339
cust_f0ee3ac6,0.7868911771806062,0.5132313653416057,0.3475399811516362,0.24720679593541348,0.1926519251007934,170381.16355012552,0.6780814718500303,0.3525337189484592,0.2528171995111875,0.2155051466212783,0.3435124699888997
cust_d4ac5d3a,0.7266264761373428,0.4101164036424137,0.7663764886020439,0.27295065328485174,0.6063484603720897,6378.293094228797,0.38528595481100214,0.429888314637103,0.47265628828052253,0.26299403607703026,0.14663400151898978
cust_cbd4d7b4,0.8830555961876881,0.7007391271730502,0.429007363101485,0.25730773634477555,0.46640875448770147,3887.3326588344485,0.2015307933459504,0.27591263474698813,0.07527329409525631,0.49196044706029457,0.1354108055614231
cust_bc8ddedd,0.7007764792422179,0.3261655955496316,0.3883697249431502,0.2587453944041863,0.10728602080125524,194224.16749768675,0.21618111662611555,0.6315256212614434,0.08384977093134127,0.15648967173461126,0.5669073807397074
cust_3ba74198,0.3194321266380871,0.36148065883137165,0.14653728795607324,0.3666980040518771,0.5317473909200154,135778.24130624332,0.2609210046891886,0.7439431936242209,0.0928457050904617,0.06563902893321089,0.6675003502931705
cust_456247dc,0.670069980014313,0.3255970186206458,0.26217045649610554,0.5097878052920065,0.046971828503859746,116943.8094715082,0.2779486202160425,0.2708326317870338,0.1533415941061149,0.24555701377854752,0.8855573493986321
cust_7b5df814,0.9580782615983199,0.5857813243234568,0.17814111470294258,0.22253657666574617,0.7804257200706288,130821.31191894907,0.14711995367513997,0.7639458374985764,0.14258441823664464,0.5129293224233663,0.566167118658146
cust_954b55e3,0.7801547824499038,0.7229511486474898,0.6189113008235368,0.3855849727355836,0.32845375155624396,326551.1085203185,0.42740476900889396,0.4917633458200709,0.20498979173338328,0.2207678887733736,0.857347356882715
cust_b5153df3,0.6522730687104604,0.2671482389808004,0.34771103867817965,0.2873066670641784,0.07558951121205543,35499.86708996563,0.3354736966061514,0.344030968399746,0.29560190622259347,0.10820729565498115,0.08080012559411223
cust_1f44181a,0.7878203838129443,0.43418276224866825,0.6261824676668333,0.2665683617225485,0.30885740439894427,2531.4595096165185,0.3898178102675496,0.35914374480690037,0.3321316710965115,0.05168040435543508,0.2652564167783343
cust_0bccfcee,0.9357626645312881,0.610259656507039,0.1362608157887742,0.18998691963517234,0.3518524088685495,25689.298299705108,0.36332115158851913,0.45416918128970846,0.05364178881380792,0.2649326053329594,0.3085255663593765
cust_67eaa7c6,0.7882477041470816,0.6752661435421888,0.3374633904200759,0.4433554401485442,0.2177986381514521,83248.96200461527,0.35940040871981355,0.49329038120044183,0.07935352780587487,0.3024765164983923,0.4355659945352138
cust_90723d14,0.6894984145435303,0.33638559807918095,0.30341692100987666,0.08336194491462662,0.08413236957083943,31076.97819853491,0.35895568870338335,0.4618755894168528,0.09330764096611922,0.21836944257454757,0.24357076506688533
cust_8df069c6,0.8232217196728546,0.40546019693672336,0.7183662068024481,0.28548323438613504,0.3619198472936951,36673.622468049536,0.29759495512544193,0.4368612943539244,0.5103133632884028,0.23835550730092103,0.2058868046435245
cust_ea8b0357,0.5733984181700695,0.4604182593751219,0.39100828877596877,0.4429747202175065,0.3239328717119165,17491.53525989933,0.40809483941335684,0.4246829898372895,0.316137553191179,0.06758396885807252,0.18352016312224184
cust_6b53960e,0.7323943170011211,0.7455274948283633,0.5955139711105047,0.46272738596037555,0.25187689891521053,141908.81681500023,0.4212555470871241,0.5526138700773162,0.32784229207150656,0.18101540684151754,0.7441765343035236
cust_70de2c09,0.8862253412385516,0.26097985490083886,0.4848759311106518,0.17697299480528947,0.33307645927308954,290161.37263936695,0.03800598040179911,0.654845605466079,0.2875584736123294,0.09521993989910203,0.9448285621140653
cust_123178f0,0.9273086805966216,0.17956540910635463,0.6714311683368889,0.25489762334264693,0.29194732907009857,79382.13287925973,0.1858459145771953,0.36497534423409117,0.5481314646461515,0.16406055595736085,0.9388584448465455
cust_5a123259,0.8751175088398543,0.1654178123088355,0.5657652615950909,0.029055551847372463,0.13325889669238095,40801.48942951528,0.3779604820354676,0.33097051858820764,0.23015695462902533,0.041339128654312315,0.024536371550500303
cust_f2ae3d76,0.758095249765539,0.4609059043460517,0.6751227379429496,0.12020954739024022,0.4609230898744644,72668.77123377059,0.25057026853076947,0.5092983073699106,0.4897617119715025,0.12122654502322512,0.9584489324863225
cust_130387be,0.7945810720720508,0.38207407145396577,0.7067832701821332,0.471458318517816,0.4264683074892393,68239.75588787055,0.39698287908162994,0.15647343178346118,0.286419810486658,0.29955902793928385,0.5938030358949861
cust_eaca6f00,0.7501920474882501,0.7979505816524247,0.4749769478719885,0.14990599579552455,0.1542775613762417,4681.643351076662,0.7357286235396523,0.402863743396628,0.27719514585993976,0.3557483419302545,0.06242534216558755
cust_fa188361,0.890076520367054,0.8568479912041311,0.4608753143933615,0.3188620806444779,0.5516016381159111,1590.5770293354474,0.47817133078456464,0.19598576240879462,0.18083336195003966,0.6604733392367259,0.007385928801867966
cust_5dfffdf3,0.6851223876697008,0.5653081501212104,0.05921574022388297,0.4788593277397965,0.2388604115800386,28910.823709144468,0.11511008244111874,0.7418760733435298,0.019868163205409763,0.35127858783007654,0.05684948831725845
cust_fc10dd94,0.9102694617042573,0.46477122893436124,0.34054300353325456,0.4236216670071096,0.11796063417747495,3198.412901182835,0.27225604325343933,0.6729533320525647,0.053321131274673216,0.2511812023220153,0.06037528301826505
cust_1f009a9f,0.8674480808859094,0.45438673780375477,0.3459423288770623,0.11284711512201132,0.6020128896807386,440766.82218254654,0.2766660306690108,0.15479555405993692,0.27366995820708423,0.3204340217879193,0.7035141514520495
cust_9902f232,0.8239795337637904,0.582799437877422,0.4003792810799149,0.12958548656295135,0.22927348658745925,8582.180844120629,0.14075782876551315,0.5736592615095301,0.2848539274795491,0.36255683655832616,0.16606520375588388
cust_515419d0,0.48338279863322375,0.5743888446766869,0.5335382216345126,0.4607375357891969,0.14945195805857295,43425.73985366411,0.2179399289378901,0.3268000933955766,0.25378201374406323,0.23204575922612547,0.06797110767525999
cust_4dfc37c0,0.9637839862923836,0.3695269702513674,0.4259278855966748,0.38722107723813937,0.18184969061949166,112058.09726824603,0.06799062769054987,0.7241515740874921,0.15821758392057003,0.21036136425689111,0.7764672228209051
cust_8aed7952,0.7006662153834728,0.7780416939739704,0.5499585684758607,0.31493090581002836,0.3625311804831025,97032.16440033873,0.4089355309583932,0.20168720210751634,0.36161439926240524,0.6984969270796406,0.5485858833691902
cust_7c69491f,0.8733871590698815,0.8337842384855122,0.6396798059033914,0.5345187022075973,0.28033137699211486,9970.248658597955,0.29847497602976214,0.25781399735303284,0.28389073476845156,0.4376361273282878,0.19603095766605846
cust_4bbde6fa,0.7423149022658022,0.8488618758296088,0.20986198522135183,0.4734907377126056,0.17168752817052685,660971.7012227353,0.2631945306251547,0.5774010932235845,0.1268916223817549,0.594631064707146,0.9311534708291673
cust_fa3a5eff,0.5354610016811876,0.44567475509928883,0.7300142857569198,0.5461407414364166,0.32221081132136753,20752.885505140574,0.43979526286509857,0.1834844447484874,0.18623604843424116,0.11738223466012318,0.5353166572211882
cust_2f08ee14,0.9220441090562006,0.7458444105684862,0.6975944683898521,0.32919292263159156,0.6236384040829033,82325.07691684108,0.2807906925664851,0.23916175263478726,0.3711454845926584,0.15894497951866063,0.7187498940722866
cust_3cd94354,0.8185294698087584,0.5617451162745699,0.47456586387518884,0.024491650003889597,0.0437117978683776,25646.72458554572,0.08577257299320469,0.15175992856215825,0.2244376579388969,0.13362938359256762,0.22428113830064517
cust_8d7a0a0b,0.9035744590381323,0.45845015811810724,0.9437644578657682,0.6093211651015297,0.349513722100524,3682.7204263152476,0.15455184336508512,0.32846478345383967,0.3627014541312238,0.29817410818059187,0.44789664428717857
cust_5c8ed24f,0.7601476004992966,0.7069966549437701,0.42043725305907725,0.13461122513441637,0.23061348201113074,45598.98802151884,0.4071898696122262,0.4473350328300183,0.3452392811463229,0.5018199406064197,0.028745603423227937
cust_6cc36c0f,0.8534295515290395,0.21544682255097644,0.4916470477583969,0.12099082519358284,0.18495192902708857,118659.9812556342,0.1936307698639539,0.21853375126593838,0.37131144209494815,0.15887203792750004,0.898984205297993
cust_9c0a4d96,0.5645788284846566,0.4837457268147517,0.3768318388158188,0.24961780125953195,0.2938163174070321,46484.974085275564,0.2523358013781445,0.6036304548322721,0.24837691130138678,0.08074681582145868,0.1475380389909827
cust_c2a7b6ff,0.7967268189818572,0.29922460750519475,0.2829799295624434,0.02526262773442802,0.08779992082389936,19092.890497484266,0.19628710451305606,0.4747623908212822,0.23600600029200114,0.2814151158494738,0.02866908895399936
cust_82a68977,0.9208139558500188,0.4300321314428898,0.4622754706380358,0.24711959652865476,0.18590504787752896,603069.6414769676,0.14980823874656263,0.7267692292939263,0.1915145743275171,0.3237178852869805,0.8292362263250538
cust_492953d4,0.8170372301169752,0.7615423181039289,0.62352210905403,0.12716884855121666,0.2842503247670061,1696.2256301270345,0.2804697912383802,0.40424452531507804,0.3607480240969247,0.7287294875769749,0.02614314986277411
cust_7a4e41f5,0.9064345928214389,0.8102031869144602,0.5213769069846323,0.19193262311825093,0.22341797183674317,11483.877223727619,0.3015816393358997,0.35645768641079273,0.2571089112789027,0.6029381014086809,0.444988958554148
cust_e092960d,0.9102083718311466,0.8261894657585352,0.41389919261449265,0.10555364228805349,0.2899124332277181,126564.60077049948,0.11341930637229834,0.59331304415044,0.40588047033462377,0.36301197875766034,0.686574462545826
cust_b7d20b27,0.7991829282676508,0.3653888077080075,0.4379030967161602,0.26882794202804017,0.4153349714865267,133793.2811512215,0.1697083451829286,0.42435442859239775,0.243553212577488,0.14496997440882706,0.6710872925995336
cust_11f97fb9,0.72632422403407,0.6007545671886354,0.5906172299499336,0.2197388833146406,0.6996378016593128,20943.735100206162,0.08507612633979121,0.44784905509361744,0.08878448399269889,0.14745521779938073,0.1431817952882447
cust_f19ab5d1,0.9781117529882456,0.3446870391240604,0.16184491213027136,0.5315652106835902,0.4737512224187911,240233.85738845685,0.2093054083254434,0.5494542960314545,0.03910753061029256,0.02935062878833204,0.7711322109766636
cust_f81a28e3,0.7665871601957773,0.46591531389156177,0.5802425144128309,0.6352547517607781,0.3709424863399708,116419.39972056485,0.6135513919859507,0.1472752018512175,0.2083019741311327,0.07566108013738503,0.7692011966393715
cust_d0369d22,0.6421793432450205,0.3985867565291126,0.22717623070534315,0.1462521638118246,0.3426414206582863,25194.70547060827,0.7423543795667195,0.31103576100687585,0.13423961310408183,0.27953518728951426,0.0671270504594057
cust_684c19c6,0.4208229216665152,0.6933638195228486,0.3512386496401206,0.44494079825198685,0.3564470339858762,113095.72965398563,0.8816847453905347,0.6281386622950508,0.18560817211836989,0.4338120310946332,0.7315349627947695
cust_0d91f844,0.5051395757731356,0.09795033150888961,0.7855451486507157,0.409577064872332,0.1807476630856823,27399.285297507464,0.39305232612319513,0.17223824202920324,0.42306708149791206,0.015612217884736813,0.3957066439492362
cust_3b7ce971,0.6788943785035852,0.07949898321242635,0.28419108924853237,0.41308215919682395,0.024658759158525057,200811.03534009788,0.3009454713995189,0.1981220666123154,0.19355076270670132,0.034886261902754345,0.4424860735449972
cust_83a81fb6,0.9025286847934207,0.3998872811096137,0.584028567274546,0.15083083058524147,0.07917931476591955,12230.168187362568,0.060484637239571024,0.48441967064400343,0.49757335771493527,0.33324084359521133,0.03681661423146506
cust_c7c9dc48,0.6015460140475496,0.5616012735031161,0.5282267348660055,0.2879054378265683,0.8650398517746652,6372.749842966708,0.280615110220675,0.6408536578692334,0.3405622837793792,0.237458905120229,0.024604821201576144
cust_29448dd1,0.7595915725579382,0.5076194744993913,0.4523314532770349,0.30807839685574206,0.09685328465354129,12726.285036805217,0.47219489004514814,0.43730177792096664,0.3104767580503657,0.2626435311449928,0.22873603427961275
cust_1114e4b3,0.6570215039289012,0.7004468875135677,0.5706202863528169,0.2223668302580205,0.23092017425460468,11009.242670182704,0.43301583345449984,0.857396275113877,0.17824560449341942,0.4906086817522058,0.2366018037972537
cust_cce34bfa,0.4292666073231456,0.48506827988462153,0.32807078425119424,0.37941194279842094,0.33721381133565537,15267.88248823798,0.11399162210715488,0.5974698890763819,0.10927611880811124,0.2566263035578412,0.17007592694619617
cust_9b9c564a,0.5309237316690769,0.44742833755375017,0.17407311845470905,0.12382321328210559,0.11772372956164157,12750.903016519063,0.24286791820843853,0.18353632406936746,0.04200772629352623,0.10677181094649589,0.07083397062855928
cust_b514f7f0,0.9242349532174262,0.44902354159378666,0.26544072645193273,0.504315629934926,0.14389368336681352,188410.52942615194,0.537752797485014,0.7013171935529575,0.1905850307042517,0.2603042192239424,0.64595394409269
cust_39613a4f,0.9259025489240308,0.32314043474489884,0.5159354220256798,0.3851539068492065,0.18995961796043495,8456.23491632394,0.3447813439000858,0.3987884515955303,0.2454169488084472,0.16288284248448942,0.08639539591139601
cust_67723766,0.7228268523414006,0.8230132777098624,0.4535686671270486,0.12403167932471684,0.16012106909641358,128962.54330782588,0.8674961559506897,0.7796078012065436,0.36352166803849106,0.3828296931566023,0.6921243503694315
cust_2628cc89,0.9699622599472307,0.5493439069505235,0.13682439095006202,0.16822110923642117,0.495662970419205,21033.764347515917,0.19147417339523234,0.2921540465857228,0.08888408433754676,0.3499336595912348,0.12386922852021215
cust_66d85ad4,0.8216584000039207,0.631359634036317,0.3599623813356253,0.5811423014455857,0.058335736250558816,758924.7451745421,0.24292481895843146,0.2778784209359432,0.3143116528178953,0.49676256831198745,0.6258755001619482
cust_72f6a5fe,0.7339905413572373,0.49627968412875023,0.43881595090061193,0.17269841212193834,0.66442990908767,19660.027359054067,0.28495602729533454,0.25177369565787794,0.3831491292426273,0.12435335623348154,0.052064171349109005
cust_5bd274d3,0.9073500571600835,0.1319253329552623,0.24166740999379763,0.4864824817391423,0.5623775289140801,6793.941647086384,0.4369205265030273,0.24211055988116778,0.11418988729041134,0.026178223541897402,0.26695560840493104
cust_eb6c53f2,0.8380814028094874,0.2700813957132894,0.40200473012743787,0.2906647280968152,0.2663441494447866,4074.918263132359,0.44808763547275116,0.6013486269160905,0.2355280100284248,0.11696570452554753,0.23434947982591167
cust_a3f77a7d,0.3504207201678766,0.2636308505471817,0.5878376594316376,0.20736853222623752,0.3702386356373206,70630.09082280469,0.06302283280209149,0.7890246571947191,0.5239670495923195,0.17498225697966568,0.8047220093023743
cust_91b81565,0.8584851282221012,0.2876122238447223,0.6225411397045452,0.37147007941396476,0.43862043633108044,44333.379427603664,0.046500220371733,0.8818020367705188,0.5023681007700309,0.1991866179303693,0.00866546340672878
cust_909dee5a,0.7149061635989093,0.4426971287718524,0.38321839703968424,0.08317077018397578,0.21591137555776244,36790.87701167652,0.301422471123211,0.4673519495090757,0.23001531287968557,0.31286195857645904,0.036830522550675975
cust_1c88c637,0.6224522208047527,0.432649518353436,0.4086263153427775,0.11093074406280815,0.33290845785282347,20102.820708109444,0.1937429955653787,0.5605231770010113,0.22450825723658424,0.12680291432130994,0.03016442211119788
cust_89d92a69,0.8563592558067068,0.5679790689129638,0.4362697720069307,0.295937401834981,0.2210900395272517,1915.8883398129742,0.13661188205074998,0.22759314203674755,0.2947249405650575,0.3990707432483155,0.10320169595429526
cust_5b99be6f,0.69110240569325,0.4614676424366391,0.34820336262054497,0.38745832055644536,0.2488399742668764,5179.58860818701,0.23558550061756084,0.33389056626162084,0.2224960823998742,0.14059817888055914,0.14369285415658595
cust_8681087b,0.5063692120705768,0.6544470426855907,0.566637927047859,0.5368202705600806,0.033410131257033154,4193.316497911666,0.23241174705137457,0.6775839452985493,0.2171568378992033,0.29832738448611273,0.3230106549206372
cust_d0c8b882,0.7656718618847567,0.2317352929427732,0.262785441823359,0.2469404948537629,0.03783671083253818,197343.02779304743,0.2709323653894212,0.8114778099117854,0.037115739038949755,0.01505140713795072,0.5565375838959339
cust_94020158,0.8385822514673156,0.3800807506928368,0.45158413813083764,0.3276583841786235,0.14657867776326,20687.89774309102,0.5065239391992655,0.3730715939277104,0.3028515568005002,0.19231821586509612,0.02818782738931843
cust_12aab274,0.804553215114246,0.39784034078431896,0.6757387572781344,0.6627669659524561,0.3148653760651644,37342.82820630062,0.2895617297919432,0.5939463434995536,0.4344293489048744,0.33620911373599643,0.33954224624023505
cust_8dabaa32,0.6475614980894886,0.6889439313624461,0.43104837547216707,0.6588773839820597,0.35964588598192493,19759.338455212135,0.1864213846811456,0.4880788545185678,0.24628152065617548,0.3055374297517907,0.3453101065762181
cust_461cdd89,0.47892605325452065,0.24525292420596098,0.5079078942413866,0.4881638927590539,0.23205553527251174,26881.552161828644,0.03535423780639317,0.5028539285904166,0.24422408857693814,0.07656328256244584,0.04260109717454747
cust_ab9e4473,0.9157491356173825,0.8438820066824461,0.7365099776056127,0.09254075952586457,0.2932071790817594,64772.70465447918,0.44604843916594783,0.34903728668218725,0.4281988848841381,0.7230435139660825,0.6509029782080403
cust_e0936e71,0.8227643105920517,0.49050262664202887,0.5885329833652554,0.04003595365940981,0.7225512576601923,150872.33342173568,0.20023565759766426,0.4348515297194872,0.3139952401131703,0.3226753570765105,0.742072399315818
cust_17d85afe,0.6253345068625139,0.44237939480532174,0.3580135973125967,0.3344540153432934,0.4783281542071653,11278.934974938667,0.3060383888556502,0.5278670719071608,0.3476640540960129,0.17787222799256086,0.08530001734048492
cust_8311a208,0.7543268529659335,0.6268849368025801,0.44920194516328704,0.312471761444649,0.20397366999986327,113063.85049103339,0.13590141479761356,0.4917482065048646,0.4094116325691788,0.3814848953968005,0.7294053639386564
cust_cce72f2d,0.8914307469964015,0.6146431747744522,0.886682665901967,0.2516193933947072,0.2883542031395717,11663.564853980399,0.18076344144293743,0.2967648418752527,0.5608594330792922,0.4727534155133592,0.2215073257861716
cust_9b24be3c,0.7948350955128106,0.6885008300603402,0.42525314313556223,0.185467670107658,0.6091929470364102,25267.888993869386,0.05867678854800107,0.45618712929781774,0.38760763514920404,0.45472404781060466,0.13552640096142368
cust_8d07d773,0.7235609667859546,0.5033374657359104,0.4463666744798087,0.3124696852598381,0.3626848571293141,4516.444303565093,0.50357896090822,0.8154801045280982,0.313567856279198,0.0691414823671493,0.5058921644508123
cust_4bc37b61,0.8418150395773948,0.606552239731572,0.3789479329745713,0.11608239729284513,0.31448144484781715,30120.894303070523,0.4964348975454445,0.653032276488424,0.21514017836600127,0.3889003133351038,0.12824361732150344
cust_dfa2a609,0.9061746685975258,0.24547469003336106,0.5140567308829601,0.16527272514934357,0.07872443237351638,8082.790473040466,0.3936814840345234,0.6459975038003071,0.2587077108725837,0.18528007059561644,0.27184425871876255
cust_254369bf,0.6835893333914276,0.35940539793812165,0.26237476408425503,0.2949918217709224,0.2974339743535306,28465.07078958481,0.20680358679818153,0.44754623424375994,0.1439404112635678,0.2070624905811578,0.02131300111504059
cust_7e68d0c9,0.3902921717040615,0.37434652870845925,0.5403942935002519,0.25400483321392725,0.4085934743410953,51955.537586932,0.4252554615380175,0.6150896616532862,0.44889884061790003,0.22087184925189782,0.3661850357709122
cust_1c9eab00,0.9230600772687878,0.5049493785970008,0.5909699662132145,0.4695299759827243,0.4288845287996893,3723.9945971380316,0.34001544460639693,0.48213579199022266,0.3302913067932963,0.009989503664433038,0.007375499997811934
cust_09be88a6,0.8763424388793261,0.7371064261368698,0.4598120022339246,0.2779843608989058,0.2259780647248456,19791.857590715725,0.08415384207010258,0.35408123879667897,0.30191479661693904,0.02939371763738734,0.3584213388960173
cust_07880749,0.876735758672599,0.4084476382910824,0.1146625528571868,0.34737963518208237,0.20246608109968495,24599.585999452534,0.2402883872000467,0.6734361086648717,0.032970271184757406,0.262125626574024,0.23138277875671723
cust_559d26a8,0.8184859844318036,0.19605756549195236,0.023869657095527193,0.16506929168388568,0.2279136267174124,18040.69533573159,0.1890533111189389,0.510972785131053,0.0222075298806509,0.13781207360766012,0.005670187868335608
cust_47a1ec1d,0.7911271169829457,0.44191018557695466,0.3291754825767367,0.21859337304952892,0.6010222771655239,1401.4107634953766,0.40303573230888934,0.6531633022420898,0.22288700207453688,0.0820602322070056,0.035272765504759586
cust_9dcb9949,0.9027906880222363,0.6231109479291835,0.14896007036850958,0.14250986158322912,0.049406961551961455,43331.31772094401,0.14594706509666383,0.5483448348718473,0.08489919380604855,0.3126614059726667,0.27434716731347947
cust_c4fdddf7,0.6837104574105278,0.45734272704069795,0.21413795170352898,0.362350590065105,0.4178183885616973,52365.283005824465,0.21752420682195933,0.31526535922974486,0.10128403934630134,0.0217685872385656,0.824162819346631
cust_486b4311,0.765933778402602,0.6913737061159001,0.18049949542343907,0.18325037200652933,0.11002006691100501,809.1311667140835,0.11731818396159394,0.6737950924885482,0.13577596365671732,0.10016359036201293,0.27143710907091606
cust_b2d8e88a,0.8468772969288983,0.3548406516300386,0.4617519728014867,0.5163589761077808,0.3836494608036081,6001.240399626928,0.46422506877313974,0.8407855987040372,0.19118448010128353,0.16781149675953835,0.18569435453045988
cust_8e452ca2,0.7281884451930922,0.7476670899535373,0.34481564540576387,0.26545585209291184,0.23308049790884233,894297.752363065,0.26959635269144566,0.4071491824855295,0.2540703261209907,0.5794827623961535,0.8982667085970945
cust_85e9f5bf,0.6886430610927575,0.4691070549734809,0.2115838290089978,0.19216260615971137,0.1701756585398034,10745.123017917713,0.04977555476937041,0.5370099051605729,0.19091164061424498,0.29963978175029676,0.17361762925582774
cust_42c60999,0.8554906239845431,0.344595387176451,0.5966057772175982,0.11658036971469364,0.5884589710018518,5586.830606683262,0.28809063110914157,0.6946168773506612,0.40233441295737216,0.12353529871601986,0.08516032649643715
cust_a46e626d,0.8175740279038248,0.33280501303735993,0.2773149281164321,0.2647951953479229,0.5837938611438743,42468.16223470323,0.6077385556995095,0.47926545762477074,0.1911968716954378,0.29685919947487555,0.04950156030883604
cust_3e671683,0.687252661568726,0.29391594087955514,0.5223693925346916,0.3575640607711664,0.13180505165754902,11683.998355055064,0.10758632572963008,0.2633416410493488,0.24181940782975117,0.12736807027931515,0.37926362000701735
cust_06f3fdb8,0.6429183424983937,0.24706868867618312,0.542606452975089,0.23990642939043794,0.13678811372009325,27398.39106928456,0.29096738954233164,0.39775954729167423,0.19145460209174936,0.19169188297271136,0.12470530882795682
cust_88a3f63f,0.600220522850816,0.7707332754958051,0.5035170803580665,0.30024348138532403,0.19213018177834953,7225.121927872381,0.22510154429298118,0.5367377644334861,0.09714541435033705,0.565131923693768,0.29067046783994827
cust_aa0e0701,0.44289826638965973,0.420436331130963,0.260535787639374,0.5677329184129767,0.2897933799285098,764.2871799336389,0.339179198518007,0.6527750244025912,0.16548175855875996,0.34263627296518256,0.20817987017897707
cust_dd6778d0,0.7439881279898373,0.6978321954874381,0.5834762506101214,0.2294073030798567,0.891432431359095,58742.674295227305,0.3781254910061566,0.5441927091573725,0.2693144022122601,0.053499530931065874,0.3093229063809083
cust_4b4725c2,0.8035830446202733,0.6311771485587447,0.4600216923898159,0.09891230509720648,0.2142457607588829,21457.921450555405,0.6825346850900242,0.7108201186872081,0.28841080132953584,0.26014570440671114,0.3619252753085155
cust_eeee3330,0.9126259672215647,0.09562923364535507,0.6900766722793721,0.18933186383172154,0.2227789152763993,467751.2167612402,0.03980063104296181,0.42979632493017855,0.4204087751285142,0.0557643967164854,0.6685176716193545
cust_1cdd164c,0.7384523256645528,0.7496662025023906,0.47729481560314685,0.12217737701343978,0.7096720063569083,6308.203293161297,0.136867890136887,0.8633458388086546,0.14623809138676017,0.5450846298110503,0.35835807843850687
cust_9233b775,0.6569063991327851,0.3600849562957335,0.3757208319644504,0.22400386611834514,0.1345827822093746,8083.619361845416,0.2807657348750575,0.5951343797845805,0.13767290061812573,0.11258768084080496,0.18903815679671615
cust_d16fddc6,0.9875370683510581,0.2742624035753135,0.27884181374169065,0.10018649938571283,0.44830774371787707,8688.037149927542,0.22914764150474587,0.8359920482063161,0.08285831479361053,0.20765561591924772,0.1634239469897817
cust_66bd158f,0.7492204668265742,0.39788780195319196,0.7354669276774202,0.29856622065898436,0.06014170745602857,11744.484616009364,0.2850534875635861,0.4348842330460352,0.42103013055593436,0.17833634535903903,0.027494254295581406
cust_ea3763f8,0.7681348811124653,0.44292395024171777,0.043191487172864695,0.12630790777022127,0.2682296499613475,23081.060605181327,0.35628857546617276,0.39323616176086734,0.02232965065821672,0.19934829878361146,0.1627423208793929
cust_bf5914fd,0.8018683969775962,0.759794407857,0.31004296814447596,0.24068834963443597,0.5586528277804399,47281.38648456347,0.1186203568409156,0.17469749226344702,0.23238978791356182,0.24413860991460246,0.3540999368781241
cust_d1a2284e,0.7825734877407062,0.3609588935380354,0.40000747865910935,0.31029288321783277,0.16440599881412485,9805.598679356903,0.21726286674767484,0.948734998925468,0.29093764976736775,0.23103681031564988,0.05781443695541109
cust_b8248198,0.8847443776984519,0.40708087431866913,0.7665893956491165,0.0300609544148878,0.49043796696921466,483907.40190143633,0.16939581447978053,0.4039508058966403,0.6510897831938988,0.2928930691889137,0.6530021996912955
cust_b366589f,0.9355096463696025,0.542551464013846,0.19437399980301448,0.22554157953877196,0.49340423463557015,7547.769394456994,0.13064534371055725,0.44699691097083916,0.141910517580076,0.22627374806563322,0.15169795858364624
cust_3e877d9d,0.7052274292567832,0.5855988725280953,0.5056745641611001,0.20416407817178703,0.16163303918872599,71524.00882601466,0.22554264604510582,0.40981745525370433,0.3554749500005954,0.1037055567365715,0.709329551707634
cust_2a7edd41,0.6716209539761409,0.6879493553885724,0.48457459771487044,0.08203339556487035,0.06681812950642452,197355.36957173,0.15031134298834067,0.2569922603747274,0.37019627812223527,0.5882896306067072,0.7418282505387186
cust_0bf54e65,0.973366121852415,0.6960012371232323,0.18390824253464028,0.30545195990414853,0.25187579067727117,72662.56607285643,0.33053646160772193,0.8472585918886818,0.052595173492866173,0.30570938895865796,0.42933996000335745
cust_72dc5ca1,0.7866737370671322,0.5715893730227992,0.45784401018691223,0.49174170512246723,0.14792259026652943,13698.83117395914,0.17232293138529306,0.22193735660685682,0.2751124238017442,0.5343474639455734,0.04534693683135765
cust_b7a6c13b,0.7064441619885666,0.602158311158223,0.5731348646727665,0.23057104073591675,0.7039719126490027,92759.6372442414,0.18971838997818707,0.3727957822855708,0.19342292493998214,0.22856709807630393,0.6788417653423677
cust_dac94ff0,0.7959276711888108,0.444509862472082,0.05863953326101795,0.12916460454983805,0.44029528309943516,56178.51521973789,0.4808207233959193,0.4083296489382773,0.038104496543352066,0.2133636527348438,0.430454595895968
cust_4b5c88bf,0.7724413492277606,0.5770157441122451,0.3558714402523673,0.027242764401455632,0.3056636102573955,6954.758046403088,0.36232227199876454,0.5932043483421519,0.20237795592924607,0.13473239017074398,0.09742667788415746
cust_b03c16e3,0.5789097161556119,0.817217354260251,0.42960549984661783,0.33920945642033273,0.40288483245960066,3574.8731228264783,0.2715776030351909,0.2808325055485685,0.2318707501665262,0.5168101508348542,0.13722703827665064
cust_45bdaaeb,0.5733363385754798,0.685141481064802,0.6222573890378653,0.5994867283622967,0.44323323166085304,6194.027547120649,0.4185009441106999,0.3052075678632861,0.5342262727803304,0.3150672920902101,0.16565365903097296
cust_9be3cd4f,0.5637731682381828,0.603201389325817,0.3144005164036965,0.486187395935469,0.4533092166268914,23094.763521283137,0.36807339901006764,0.12593886401077897,0.19335523845715447,0.5846529672070189,0.10944936425303323
cust_fe744253,0.6347321246074938,0.8497030522712816,0.09184820370324076,0.4462349531683299,0.05252838551036726,38883.11478040483,0.3206359015620794,0.5142888213657296,0.05693661039506261,0.4622974014379746,0.16750793797956098
cust_8cd0c308,0.7860629309390396,0.18292213529416704,0.2726460071186299,0.17710520265632024,0.43440538925537087,14502.935276597538,0.49443067654032613,0.47078491932484856,0.14519914393951713,0.05961030313642349,0.05111122248770512
cust_ba32e373,0.9541282540223398,0.9147402196200298,0.6575182892112678,0.5661490764398962,0.368774736309364,48102.11124954921,0.674167199305914,0.43214978231658824,0.4704898110194482,0.3327726051063345,0.30479009257565826
cust_662157b2,0.7491860220121991,0.666547434638688,0.7254230167255938,0.4940954358339582,0.13545774964220708,49216.74585063186,0.09641402508929693,0.3536710892772559,0.5158054218817099,0.2865443608725189,0.2133969250030009
cust_e93b6320,0.7648422808462728,0.27561668612330975,0.6012478548918472,0.19785668278763924,0.12553007173492936,47169.02250880177,0.5226740975330585,0.2907516407042709,0.2584482719559922,0.16907936760854217,0.17178801871872956
cust_59d6c4f8,0.6375991069348675,0.35052726501064835,0.15321608169044712,0.1679090606056745,0.44584110066328825,1856.411315895527,0.22247849713028983,0.4999569946981891,0.07578751729053794,0.18297995041365434,0.037464488413747395
cust_0480646b,0.6406346105713255,0.26043513083207437,0.3347298660758282,0.3083205093738103,0.34006226242517856,289859.03406728315,0.3798212363066865,0.6493426524410101,0.17911361233019082,0.15225863554537988,0.9362257985707902
cust_2c5151f7,0.5418718409938702,0.6365559723860797,0.5808064289827659,0.31870128527986835,0.43680032860242113,1429.420340406572,0.3316872957003527,0.22228441101951174,0.4521936917947603,0.12901444134391396,0.05364771649576791
cust_ad9530e8,0.5476383750796294,0.5342413868877717,0.4750572875430639,0.047337492269608365,0.6998418198434931,17291.510602841663,0.2857983717318057,0.6717562030939535,0.07686275158606316,0.11591965054045514,0.38511828358491446
cust_95fd18a5,0.9424909560381771,0.7348151700317189,0.4121936902193911,0.26190529375521027,0.10868741792671692,79380.62737436325,0.017026614077714417,0.656271480152468,0.23171925149841635,0.5687659942484283,0.7688519703422501
cust_a839dfa7,0.8152399257940324,0.6573743591057631,0.11618856920698127,0.11753861976771017,0.2931461999413443,5192.6627279468885,0.1031735188631149,0.2683958245253285,0.10486461336138778,0.5099944841999919,0.07440078936079059
cust_8bee9cfb,0.8942970858923076,0.28869219173487914,0.23521352263184156,0.08706124259594952,0.15182705358295753,7468.1816474201005,0.25284696441819465,0.7674323281495662,0.059196202419891625,0.20435118526527438,0.009092354615475131
cust_b64f7ec1,0.8180407553547944,0.5204488051709568,0.2069957635278428,0.3219160574979313,0.5382371583055955,1001.4523539773777,0.5579026703179351,0.39937003563275014,0.1782696085463323,0.4018683518940215,0.04692700669468525
cust_bf6c2850,0.8241785578563322,0.7144386195568214,0.7575091124554799,0.5166388820992349,0.4474899308240802,288246.2649970356,0.1996526865482246,0.4869749705272142,0.6377785021329667,0.49734688498627705,0.910957465762896
cust_3cebf795,0.8028314397183718,0.32312028150130534,0.4674321692486851,0.22233346410702595,0.19531803569159326,14088.829503262426,0.39079150140671126,0.5170101642057031,0.2918435450392585,0.04965221504802669,0.05716261893474169
cust_cb0637c5,0.892836939491104,0.43380602946497554,0.18715677357984123,0.3713890580487742,0.47985449584325857,3942.4431841081628,0.3936988211296233,0.477128438682955,0.08736595818270057,0.24559828957665664,0.3607977334154516
cust_e659d13f,0.8147492096658637,0.2022499593934089,0.6239339223784812,0.33786386039329186,0.3146214549085141,512095.249585895,0.0389487420162564,0.5697543690681021,0.5043851620262062,0.12580427774373287,0.6530189385056847
cust_50d608be,0.6162794887940941,0.7168476972436211,0.08958587191266498,0.48200817810523205,0.5555344750159548,37493.83285232294,0.2727237812751864,0.45773522334229194,0.04102285390117428,0.09297783538834219,0.19117569351142596
cust_e9af803c,0.9372880543284188,0.6568576341874738,0.5787828930331239,0.35374957500151283,0.3709855162622824,204491.61127560728,0.07748817400112537,0.2683486854117949,0.47315742745804745,0.5231760666262821,0.34892580578619725
cust_5b803a72,0.8411644360489803,0.767471104950961,0.0572950249312785,0.5448175179392334,0.2154568774577157,141946.84392450016,0.24972848522561247,0.6672883849527476,0.03061189810384735,0.42167343879260594,0.4558013761212653
cust_1b91f99c,0.7515658905732341,0.35538009120533354,0.4054831076720075,0.534913865883764,0.2049574749975213,32008.467364869623,0.6028737790500082,0.5802936337705175,0.26291647654635164,0.2234486904666434,0.20237557141571424
cust_44e53653,0.7456678513843538,0.11555192435898648,0.529180736643664,0.28633987544195183,0.28758550731586013,7860.5137839951,0.6774730410275299,0.26036741614995335,0.30750693056034395,0.04414695773493897,0.3521387739406688
cust_eeab7c85,0.5400207233456531,0.3556876188827649,0.3568046155644245,0.14743324816446274,0.266688284404026,18231.14538627201,0.16001892961894015,0.42882315354763995,0.16897633011900665,0.2664828793609036,0.3473142536352232
cust_67d9d5b8,0.6808259880413784,0.16506901507438065,0.25311749795597727,0.18901547771393906,0.17589519695754965,136193.9543841643,0.2354744746439428,0.23353497652968724,0.14712279176883153,0.05989926857491069,0.29366830731172266
cust_301ec56b,0.8577059043410475,0.6675086650265477,0.7179636976350269,0.40118430893982526,0.428026216318798,24747.032573555003,0.2622567472817961,0.6347464984959794,0.3118524755079786,0.41006424025880306,0.2591476072834125
cust_40a41e4d,0.578510578192214,0.968457145685266,0.30614241294621825,0.26166670481158927,0.05862770346332031,17925.337963876642,0.4519652023039206,0.7396987293582782,0.05873227910195814,0.4538035620669901,0.059165340161045056
cust_dd3a568d,0.8536840937219848,0.4382112486877826,0.20908098037444206,0.42320756490324135,0.19185801861308036,1251.7242256847542,0.20427766967751226,0.2945775038826669,0.06684572208190794,0.0625798919613313,0.10530429526412055
cust_f49826ab,0.7787637403956368,0.6223440653684097,0.2930654601152691,0.155466240916269,0.12409923629563209,82923.8040707162,0.14781483465232684,0.4048218649333326,0.04074420343192849,0.17342285712056157,0.43164503520230335
cust_2645cbc4,0.5519174845507968,0.41512959169268376,0.31934275208835516,0.19650965426017786,0.47083333148537887,10766.44957022012,0.4080658689692823,0.5533696071614994,0.2063365684794875,0.11090566146267783,0.022589438960697983
cust_40cba39e,0.43747333319390275,0.8475290078055098,0.34345882386891585,0.361354601257921,0.23543348392872845,315297.94731618656,0.1912522499240038,0.418602684425094,0.32112966084359323,0.21887689567513816,0.904598021751618
cust_c889ddc0,0.7118410893864038,0.37458363630933783,0.5986471188036943,0.43581094755173333,0.36055079403534623,12487.61894721751,0.28878835804285413,0.6686826659905247,0.23286941771892739,0.27397765577720967,0.5481182385116817
cust_82580019,0.8548934024182132,0.41800500936173746,0.7741522339911702,0.257149028903547,0.5611743367908048,21051.407769414986,0.17646902291014688,0.41641244642275843,0.557304891170495,0.169141767744882,0.2842418183289243
cust_bb856728,0.5135686468550084,0.4619697061529023,0.5786443430393824,0.2788962033061216,0.16209117090572084,192243.0148716168,0.07812438538574817,0.7207455577270135,0.11858328612594143,0.3055157460544016,0.6147643929428076
cust_ed59e69f,0.6023353370203373,0.3593912747166217,0.1560709242806678,0.15241868921721388,0.6635835670720887,16924.55481081998,0.1208738366993644,0.33196068444227966,0.07162645057806373,0.2602960103777055,0.08918129177448142
cust_35b8125e,0.747782811615044,0.35015444070181484,0.5503139163943215,0.036975892961436135,0.3739513782163255,47983.1923590112,0.36664731963403974,0.2678934853177687,0.41013342749543064,0.13017023341844794,0.09434190815944507
cust_aa80111b,0.5664539433529802,0.7229234798371816,0.6082114305609478,0.4791126920910012,0.5992093237751919,76706.91794549613,0.13808864606221233,0.4373951392799643,0.14207037190102084,0.29634587023912823,0.595097912921261
cust_d6a842d8,0.8007789128111843,0.5546307450295143,0.36540272869619256,0.4358362874272405,0.21188953245912343,11672.847258073234,0.34488110190746896,0.4070805508529666,0.12088373253405582,0.40957924028235426,0.1188203199611784
cust_fb3ca3b5,0.7977984859985496,0.2655660276795144,0.3409372836378184,0.16317535713997694,0.35773444077104516,176145.64858678196,0.31655522453404156,0.540980584721943,0.25675186657705706,0.10918619947914038,0.8669087347971431
cust_4ab2291d,0.8679065205897227,0.5413930229437834,0.1669179187688595,0.18556219973165314,0.4725251046524279,2109.686737253811,0.2395451356925603,0.5184277150378793,0.08961905623572868,0.25865581963449813,0.1893523905272843
cust_19f134c7,0.6655365947871879,0.5890874644020406,0.3634916288239143,0.5217646651778788,0.1542253402309966,271451.52581025247,0.3089644760023186,0.7146404744096952,0.20654943388076066,0.2746459340067002,0.8198562294644064
cust_a3e75b81,0.5827111721938443,0.4222868242227111,0.289940025353156,0.5282400274579102,0.3453529623632179,15250.97390485626,0.39874926492338236,0.4212569341650453,0.15067342764360145,0.09198185890361493,0.23142033227598155
cust_b532daf6,0.8168470844023961,0.5172685056397477,0.6735710186893994,0.3087301260715442,0.15593483335375788,10641.352639239889,0.1141842943459049,0.8118130857352619,0.3035985324995075,0.24232708886253027,0.47815517952782066
cust_4f9c87f7,0.7447543812427151,0.432320581751038,0.17333229661674082,0.5445476916883141,0.4166001963089988,2922.533570811683,0.3662442259593512,0.45573358965180655,0.11438759282177864,0.17692241585285984,0.17850116474534722
cust_bad98f28,0.8276368776939331,0.808555533734647,0.4232179534981345,0.4028121043490069,0.16527698848224015,3308.9113629002845,0.2888876536080104,0.45922682917866336,0.30795179367147685,0.6964702957963752,0.022621123455981235
cust_76399d70,0.8837251000411999,0.2016691434111691,0.589739701081909,0.22829123706720755,0.44504955218199044,20360.078988652233,0.2627852059714762,0.5813650415304144,0.3549315766616101,0.04122463136575053,0.22619187424092554
cust_4eada625,0.744781229805642,0.04438591187066901,0.5741913572659914,0.4537815775515103,0.5214314597611829,1501.430307090718,0.5413275537793799,0.5206558627193996,0.37103392360368687,0.009900336107779182,0.17587000389073515
cust_0ee9e18d,0.7472968374639728,0.4889292832554066,0.5397149316589812,0.06381037599721914,0.8524640500579413,5104.237656461818,0.31248208866469446,0.7282461886371088,0.3043270817836147,0.2874493815065235,0.16313159245911746
cust_6f73ae03,0.8903747364814978,0.5275820360295379,0.9338586722882226,0.1839331669919309,0.18248957456067696,112229.84105566562,0.7272961668903102,0.5913350082017957,0.6258716914524953,0.373309786521425,0.38206706640345384
cust_b88bed4c,0.6298141988711508,0.7756974627563481,0.4441121927021651,0.24330443310495023,0.29993153284352997,14766.4937084148,0.3892420599171923,0.5747966841949688,0.35287142405199645,0.2967604968319658,0.17733950641450194
cust_7ad995bc,0.9073771527122315,0.4820145794104396,0.20647347965107293,0.30676110809266705,0.22357109686524984,85150.0310297049,0.26589113981797,0.35391264975714076,0.09728465876674881,0.06861220275227772,0.7328246499145711
cust_9b686cde,0.7675797687234802,0.34489807764987185,0.3953045951053077,0.08090019801410317,0.26277944065918063,10235.639802217365,0.3089124129902751,0.6342247278965638,0.11828942280880027,0.2119136765984001,0.2653375752031549
cust_734fcc80,0.55468549853413,0.48318970270263517,0.5447807775117054,0.0756067699004499,0.4904786195975054,8974.674907034265,0.3545186390488416,0.37731054799982866,0.20705045908452355,0.2677536503128408,0.20167605587757764
cust_48898f73,0.8537707341602905,0.6084698315134939,0.2774325868967727,0.23505650482548937,0.6821908578923275,32906.52559857568,0.3070630211952338,0.6784655589864054,0.23732303441951638,0.4166507376712987,0.18895581036976775
cust_f82eae5f,0.7972223406233455,0.7085279835406213,0.1518064267975671,0.4512807387933403,0.16226865364206722,44387.084517479685,0.41425687315757126,0.6999545020465859,0.10163398627513097,0.5052763564501307,0.532639725383686
cust_302f0173,0.7905289695100574,0.3465305107308728,0.7389890408449372,0.40313240719997745,0.3698364761991371,4221.216700923329,0.17749766591876975,0.6213120920857758,0.4751627088956048,0.09473842085727209,0.1685396445915913
cust_0c7b197d,0.7156205747936948,0.4006877288326328,0.14278222832191736,0.11650001413429137,0.12714866573188072,10003.512314999589,0.522398162215916,0.8086919385960392,0.025880120007123274,0.0840171730019501,0.015109986539470498
cust_51fb8c0d,0.8742299342966962,0.4420460681897696,0.09722658534529979,0.29517867429192685,0.1773270984151333,19252.347722811024,0.3757598208336831,0.2545536973862956,0.05113550211289957,0.3857733563116746,0.14164362821303692
cust_a07139c5,0.738936137867581,0.6072622166733761,0.4394511508924951,0.3288059708035674,0.5912574848368047,22271.183604544665,0.16653165723515725,0.5477975486776416,0.19908165345785667,0.08909173037450334,0.33508168504286345
cust_be85a7a7,0.888366121887275,0.2877992111443565,0.2873521408731077,0.06513646356936362,0.6045655132588925,2444.856027535476,0.5671098743651024,0.5987740701479547,0.170924036662911,0.19192750114330548,0.15939528378313927
cust_24469c19,0.9725277452725917,0.7073296373086467,0.43146986372240675,0.3360979738199209,0.3572584248481889,5267.6464136407185,0.4749118411568389,0.47123778619229495,0.4031626608693489,0.5635214112937785,0.09615495883652501
cust_fcbe1698,0.868078683014636,0.4025496757815011,0.06923117027283943,0.3446246756169921,0.11475769082224396,17356.99588772342,0.13186980060861336,0.616741026354734,0.028118133645237384,0.3393907819683704,0.005187282713298946
cust_bb480dbe,0.9143905221795386,0.7631157267213756,0.5045787166156507,0.29685449768372174,0.42353928586350664,95788.09285625922,0.12132698440559794,0.5072821811601791,0.21750095680780243,0.3470858765028016,0.8228895575482943
cust_17c21043,0.8859145374699582,0.37191012227092585,0.2655395575515182,0.17960121813494762,0.3047981553816537,18257.075045906604,0.21454553813357588,0.31502935526075426,0.1738854712257282,0.08228709450761293,0.20827354122223057
cust_bdb12463,0.9397003007220404,0.3494422043819282,0.7053042904745285,0.08348835152247425,0.19023611303599794,85734.933018954,0.41929512660142054,0.5309156798753087,0.4799845140042129,0.176873643279941,0.3206372123099906
cust_9c4317f1,0.8897374613471316,0.5538065889354219,0.57721860302096,0.1429630836880279,0.3394028375599839,32492.1827762761,0.570923662338029,0.2578626875403488,0.5072989221629483,0.30575052544187054,0.20341872815498666
cust_e87623b6,0.7347033833918377,0.364058861660212,0.5633437486377603,0.26254570961348644,0.18968628972932777,47990.298632495105,0.13314967196828162,0.1915080902424194,0.24288082093176946,0.33521048334870607,0.07217095378603317
cust_e60ccbbc,0.6721155501758307,0.5668613609722941,0.3830226259685969,0.49219677602963435,0.14960206254876865,33868.691268440896,0.16144554606953432,0.7266325207864156,0.21295389170945556,0.32722834420519914,0.0803010430460625
cust_f21dad1b,0.6804324468314377,0.5467646244667178,0.6819963056196672,0.5180413812173871,0.5701833884939251,29049.682435970237,0.4028284205724672,0.578903185511997,0.3172581455353709,0.2405842186479421,0.07548950911097935
cust_496062bb,0.9610111086296463,0.38945049589991065,0.2522495127823729,0.20411879265780286,0.15987594472743302,48862.312144794254,0.17655419175602657,0.625305135612803,0.13388348259973873,0.3216732124840155,0.04265776911528554
cust_2d281246,0.7336488757924058,0.7958843154232108,0.4260447168560095,0.1574305893355633,0.367560206789304,54660.61777016258,0.18550853479560356,0.5153301418659164,0.25911115816929986,0.2091437419814236,0.6949279982901941
cust_8d2a9481,0.8510678020923258,0.47403504622060205,0.2046060389605208,0.48238000251766394,0.313779567672485,14214.411280551336,0.11419178349645426,0.5418694492555882,0.05471747545503334,0.35647707122662614,0.05071954651720637
cust_37d43bd3,0.7951309016266326,0.5497180286573298,0.3574910926436593,0.35762041270795497,0.15603510557463243,10663.879220291636,0.43163283023348714,0.4059312224759598,0.10493532685063908,0.13111262274740818,0.029024486550822657
cust_94d15170,0.8944589367778791,0.6911061839219115,0.25709876430823303,0.7328807932229028,0.1661538635671853,54148.64945635288,0.5212059314076908,0.3951887174047783,0.12658202711457017,0.21296111600068066,0.8535307398818671
cust_a5d30f7e,0.8092651506743906,0.47772433729699204,0.32153271944653466,0.37473208484836773,0.6098550990464785,179999.37736745473,0.4421408399434064,0.36391552411618305,0.16119351989949376,0.14265035861693862,0.7493865687192107
cust_71175818,0.7610086478257347,0.4866640784976853,0.554824727189478,0.23958203820495433,0.2457351321859846,23255.663177675477,0.6251053739368222,0.6780773494209924,0.49599901051716466,0.15007965853245986,0.13896520519481345
cust_1e16f51c,0.6343771367758071,0.5248625394671518,0.5497248308585055,0.15317642704430245,0.5701698168593952,52012.64728870079,0.4054542695935838,0.7571915643596016,0.1658296764110101,0.07745894017999733,0.5928398088460638
cust_69684e63,0.7064923938006308,0.65147992947759,0.11629455256717432,0.34692187310140743,0.34981198889836074,38236.844435551626,0.5827813563823162,0.6287835908005229,0.07984972057958485,0.35680278444924834,0.03186764997593835
cust_8c769c12,0.7824278451386438,0.8361952503064879,0.19200142097558529,0.24563597620353875,0.009843588471892376,276422.6806555799,0.24325015112872345,0.6139064187163874,0.1324127647979934,0.5575407617959484,0.8780137935819202
cust_4a81d955,0.8584324346159401,0.3379663545996205,0.39368397484297696,0.4088094233243745,0.4122304531200295,1520.1873820232572,0.44080796008449025,0.880918854890018,0.179506290671319,0.06171165352242966,0.10673442006919726
cust_014a84a9,0.63506374367859,0.13793733371023403,0.22302255907551813,0.5374775975155637,0.45797512383155026,10083.41886773167,0.1306638009318758,0.7368712258839504,0.12239807554743487,0.03500600016165551,0.1805369638153494
cust_3a1e5ba8,0.8834508418685902,0.2294937762830816,0.554523530524539,0.7351449997919055,0.4455826335028899,10411.669847105792,0.0707316286351714,0.3985679651214809,0.1803812531944139,0.09993595184120792,0.22930760663585897
cust_16440434,0.9216457165109943,0.8887274583413829,0.9305843092337356,0.5415938951993872,0.04184568541051326,154423.43697142476,0.3664588374081687,0.29818302336332136,0.5843495080659004,0.19717469684557098,0.5846055912502713
cust_9b39eb98,0.804001278375537,0.30719860544400346,0.05032189906767473,0.025790849755499494,0.3158821260979452,66507.05536097512,0.006180843503441482,0.8445014505075122,0.041535627239978744,0.020235365592618557,0.8956191223308204
cust_a1e88767,0.5714928646712282,0.4580185213908662,0.2568423523942315,0.45870753697352984,0.14830960544842842,23244.826524179447,0.5255914299426858,0.5454829784731466,0.08372374052495873,0.19739011667782175,0.14243545004636246
cust_833f9101,0.8110774381854867,0.3195762027803578,0.25619825243485556,0.40372653758750904,0.7048856619405828,75713.47690665135,0.00851027413039932,0.5154864664833796,0.14322761131186895,0.2290711619901401,0.8833782313975211
cust_f2de0a46,0.9312383181484044,0.6513061812954596,0.442620401995868,0.49759812689053856,0.2164597821677796,13977.581028215704,0.6553995309642946,0.6886611063783638,0.08628837753293947,0.37840811396502166,0.07174890362378936
cust_de210d39,0.8747044693176299,0.609677311479321,0.7815548682337926,0.4774062489907522,0.3151826286750331,4341.705029205429,0.3587500733946892,0.5466490872672053,0.3794504802045339,0.17050912097337845,0.065674809386797
cust_dc9e2cb9,0.8935887480615483,0.7342033153250141,0.682326494909376,0.3793132573953035,0.3841016059375981,1345.9633449968705,0.14413829294835726,0.48115162378959236,0.5715199652315285,0.5565538864330383,0.0836988585161185
cust_1343fa22,0.87402353344956,0.5871405042317676,0.45860347281528924,0.17178515862201016,0.20470567188594926,44534.143754063676,0.24303854429525104,0.43778553228024825,0.3615208833883938,0.07333136556547944,0.1163129980822387
cust_117bfba3,0.7020268106382979,0.3940849815797852,0.9281124692583622,0.11556534913909643,0.2052496459446383,16805.166051837634,0.17414451765979877,0.5951398501674985,0.7586343101629499,0.18198105464367484,0.04364222001132978
cust_c33df3ad,0.8845277303697602,0.4261230567908956,0.28467377420551593,0.19750492506688133,0.11239276681285222,9929.711343309864,0.5872357702981329,0.24718626292342377,0.2130012472376121,0.29668583911458163,0.019529357942440317
cust_8413f596,0.8306851237342455,0.34442189095929293,0.4140596935426417,0.12882401568008073,0.37523471898513366,13628.027876944325,0.15742243779718132,0.5164356265845755,0.06923583008940051,0.2522336449305349,0.023231454147750522
cust_05c56e2b,0.4220516024479015,0.239634931224658,0.3105369630028607,0.16929862976742838,0.5807200981529903,26817.052031979634,0.7580180134983299,0.5892115863106309,0.2915408130776675,0.11682460210450427,0.06289538160626443
cust_b58dfefa,0.8941245128504278,0.7232694250902834,0.5414522450723226,0.25114736859984665,0.20889390507068747,3749.7621966704655,0.22740798726693767,0.40621750056072936,0.3537433005292951,0.5078568793916391,0.2901265321667481
cust_cf85d7dc,0.7534764699742418,0.4877338707134805,0.4380787905028124,0.08873256478533428,0.1468419797943792,28367.55947655161,0.5313297478157658,0.33405149669621254,0.21584229332961516,0.37807294610451264,0.2357850059909143
cust_174e7a51,0.885961321008959,0.3209052058654534,0.13911199436026456,0.2884987140889192,0.2744188688106676,251141.35002846507,0.7331745796890543,0.5789931091830586,0.06181452759973768,0.23930369468513815,0.8178464355897879
cust_7cdb9922,0.30670509895267356,0.5330850885542721,0.35770059422572825,0.6294616689170532,0.15242358772050577,10954.329613364105,0.3208568474648773,0.41578407937055484,0.32617673842132655,0.030998174567237583,0.04960248402893904
cust_a630c0b4,0.6310115353950674,0.5244014741511513,0.41317663007186545,0.2840404019842641,0.49391897472270585,21079.753020762397,0.1350868024074272,0.4309704243406643,0.19998407145330435,0.24961723654235554,0.08700231897608231
cust_20d7520f,0.6152614043065465,0.703973308859215,0.40922379588838304,0.25178191081822227,0.1838871668486733,275770.570823284,0.28397186863483254,0.5623029414669087,0.2952256684179556,0.6218251672848738,0.701183598566016
cust_0c6ab1d6,0.8390476597313574,0.9127019247905043,0.36528422917566183,0.33691240347865337,0.2599937049915335,114591.01321318597,0.13943011688235743,0.6083466661764861,0.14834220734821352,0.6035627558835723,0.7676955021632564
cust_afc065ce,0.7334060865900337,0.4743486889179907,0.4566020205902267,0.30084486801680355,0.46657326973121316,1763.899977881107,0.47939723622322855,0.62976930510416,0.3522992101688968,0.4343733273018186,0.08536964774664409
cust_e5fe0aaa,0.8790446667118619,0.19011365538925568,0.4910264933778932,0.1040938490328225,0.34265661655059615,65176.83369096658,0.2489997819584803,0.6484219019649202,0.018181548411951826,0.1685636996443668,0.23097360480431575
cust_29a87891,0.7778826135580019,0.853438705720276,0.4473046561827464,0.2694006914037191,0.32428527023916165,1509.7940414589477,0.2429765110840977,0.5849879517928954,0.23217386674882626,0.09696284375151601,0.26151129804689216
cust_62d310f0,0.7210277630152365,0.675767629255476,0.1448170746224729,0.28029172542921255,0.4763053802850882,2693.0304071109335,0.20102882141762246,0.7596850281743948,0.04283578164819563,0.15895108052548956,0.08628764212184846
cust_064f9bc4,0.6770995999485663,0.8305731648734956,0.4583930746304195,0.6086222447154348,0.4138222716423266,1496.4482654780306,0.2280134061408717,0.8132026402489544,0.35443761730762846,0.230910101365634,0.2158040721161781
cust_3ae18cbe,0.8791037452872087,0.37609844263155195,0.1756533891825427,0.3914012299335162,0.22592654053439692,42160.555418440796,0.14253998114017685,0.4832325097183185,0.09932666850009679,0.2561369295012062,0.18982381678076998
cust_a47d69b4,0.7952020163263909,0.38841962562645366,0.13079174881813496,0.019319663460921593,0.21273331010079466,344.18165502196604,0.3211266376936191,0.23773603850889855,0.10183666226728098,0.11090135450520983,0.20679534060749286
cust_7a76fcf5,0.7795536720259899,0.7102033421253116,0.13371028998908027,0.31274322376476804,0.4535029375218278,8598.61221985587,0.5537285675187728,0.34986629208355663,0.07482672331418971,0.07672633601283976,0.14474566715316264
cust_57c33945,0.6720140514125803,0.34028929812503145,0.23906239752215647,0.28600340565940113,0.3047817534049018,7173.950504860905,0.11701576977790601,0.3179830010197512,0.22969827156148345,0.0307410283940817,0.3368628059784723
cust_7ece385d,0.9123015214534965,0.321855320723355,0.11776192780730234,0.4894482677073569,0.6382131605401746,1592.9233751363824,0.5301793580016761,0.11126205216189759,0.0362110766384662,0.11314052381309501,0.17321429772827482
cust_06dce7a5,0.8244772461638219,0.5836980320770566,0.32010391478461114,0.07014843259324918,0.2037428287156474,7536.70230344045,0.2312983518012905,0.220220922799909,0.2656220063270993,0.12243094635684529,0.08100687108794372
cust_b930faed,0.5937053124038951,0.4530189896032556,0.5980899535111275,0.0724884301638281,0.27910822326345286,69635.43441898465,0.2268153695531863,0.6320543219407838,0.27758114995581973,0.22402622193940783,0.7029841838037287
cust_ad2fa384,0.5722561886249619,0.4073870914465436,0.18585384339682912,0.07529390034198442,0.34491897832761587,11859.717003341148,0.3268357809582398,0.5552395575871746,0.18242452279401558,0.06000943811572895,0.5371296307126686
cust_b472933d,0.7161134922804008,0.43611270306020045,0.803240181193332,0.21293099767882165,0.04385593433364499,74603.74834792546,0.5907732638971714,0.5583205048014779,0.477698253646747,0.026644376840358173,0.8038259189967122
cust_f7c6487e,0.7923702020033713,0.8212643401242564,0.725984646499066,0.19101685688199424,0.47517513346617485,120145.84294737302,0.13881015051172294,0.07559474166815214,0.22807773544765836,0.6174486138817663,0.5941657997362321
cust_c3e08611,0.8333700534123647,0.2849958651713363,0.17720640374814536,0.32471523263184066,0.3148647260488109,4878.873526759003,0.1732383752879368,0.6124694008164967,0.15960830376642238,0.13134882783196752,0.3254526738795556
cust_4d6f79b2,0.8684846197523641,0.3706412708136433,0.6628059162913714,0.06756573138357141,0.3998779931702738,8514.007470220182,0.2851691894074959,0.2450839470746087,0.3022017228763879,0.2834606522183552,0.19814311761127207
cust_02031818,0.31897222456061747,0.4138180171145725,0.04596520353662602,0.37151662960978443,0.2484338803596571,50718.286860926324,0.24790921477532826,0.4433347251625768,0.03477149112692497,0.16471781339429928,0.6985022384084528
cust_7cc2c638,0.8756099042362454,0.7947066511400517,0.7181482726913587,0.19010865694312096,0.3976595017981715,8049.002039137969,0.28079558379687075,0.7080888859116853,0.32905739967216785,0.35442021083468306,0.08664200251194788
cust_02c56206,0.6077072174123359,0.3543910726935596,0.39850301354467316,0.18707379403663418,0.40551428825542063,266151.4443354441,0.2008418482016627,0.642911973852529,0.1620231968132823,0.2829369539419937,0.7930455359730555
cust_6373508e,0.8369187602443495,0.3092571794964815,0.26498442731011035,0.1533859792146235,0.08444372720620001,3741.8208623520295,0.33088158015041935,0.24582048637499448,0.15357210861297518,0.2740482475580329,0.01913017054760759
cust_b8f60fca,0.7602367089384953,0.553523104496113,0.2289959741448703,0.18356508518946496,0.10096923202554015,13504.45179857459,0.21366358997625515,0.15406361183799497,0.18367459061153343,0.361819736820649,0.33426225353800515
cust_2c901d51,0.41870076816034846,0.39323577082295913,0.1612088651035021,0.16647025369979557,0.03823665359199094,7989.79831124191,0.19845488978206466,0.7569268866554595,0.06602982163738573,0.2883482525310119,0.1411624809480494
cust_0108f26f,0.9304025957488463,0.7688321259839115,0.7922486251961661,0.561713096657547,0.29305051715327984,15551.041408341931,0.8024581033960059,0.5420605619067101,0.5838775808099612,0.6220600159828589,0.6729432278876837
cust_c599e503,0.6175001372997564,0.5044020799913822,0.30488440779737563,0.2437632657385834,0.681087826476879,3243.778318898118,0.7251871985881421,0.5751046614654111,0.22167408736027996,0.3557823320025572,0.07218871035558728
cust_2cbf2b40,0.8224030737901372,0.47035013835824885,0.42297373642953856,0.718623675706568,0.38124185340811584,100824.20019102174,0.3507628607896178,0.5120645024322444,0.37098318373988853,0.2046185421569318,0.21810262599745758
cust_549957ea,0.9008769386573111,0.32585480143654594,0.49552569121040413,0.06944431824404981,0.11578879280181405,9244.346159389566,0.5605037626052695,0.5269126800726486,0.3121872077395199,0.16436724278810866,0.10631023778498239
cust_5cdc846e,0.9458373238244319,0.39633894357517097,0.5200772710886558,0.5238451816669903,0.07054107067425,3450.8945059410216,0.3766046646437855,0.5869654361588673,0.30788986924803097,0.12005341334885772,0.0264563891718122
cust_e3aa7b6d,0.8459746082373802,0.2175044092169198,0.6025859440179933,0.2745828176394169,0.2661388088526377,58908.94006801527,0.5406139963829227,0.5996502089844474,0.22125011486393184,0.07771733946038563,0.5381859840007865
cust_82964bab,0.7729260350245702,0.36168169420397084,0.7636132148984139,0.08876558930061833,0.4983814854637354,235996.682288136,0.4465625971457016,0.6402692697374768,0.5098982710200067,0.1436108922770991,0.785226880082878
cust_a5900d44,0.8007749301616064,0.2808030608866924,0.5938906601989715,0.11411590013528501,0.5110666178299331,5816.18410948019,0.4351067301905789,0.2614686442962295,0.3089566146954305,0.24578406801564082,0.11523260364787428
cust_d462eae1,0.9711273813330299,0.7060289546530267,0.7449481079613371,0.28159312585996205,0.2050712528078488,25552.024618068448,0.34597837537256493,0.5936293311176625,0.14261343836077753,0.015547951824942207,0.025280990774885007
cust_53532305,0.4369997664399441,0.6568620958334662,0.6674766272093655,0.06746118469682776,0.3290065465959633,466973.2797743109,0.2652876742127907,0.5078577323584509,0.47558877717682796,0.48765282286549627,0.8151327968551263
cust_218e3ed6,0.7125120452099836,0.25509274395222353,0.4280174277166796,0.10096030887227346,0.19219272882063726,18398.4048195382,0.2798308735830585,0.5584215977632032,0.2559031812938843,0.05746838072565145,0.19245057349726552
cust_1349a022,0.8199826336701327,0.8835380082969362,0.12223114854757737,0.34846120488523685,0.16590844651917103,36866.313824860474,0.398141146858097,0.16297266198819235,0.07212487492150023,0.6883414154719953,0.1011921554658798
cust_f2537ce5,0.7816445678936067,0.32151492124266506,0.3847759520665389,0.499478125382618,0.16401115518332263,10342.401117062072,0.3048854763353912,0.3295051087201582,0.2793896868471747,0.13935977336810862,0.16442633039471846
cust_90aeb41c,0.9094449176178381,0.6447677077118494,0.3152563570859565,0.1698506315764407,0.15609107663264904,607315.5953597818,0.18702101317155728,0.6885488048515795,0.2222981720485223,0.16696074053070725,0.47937433895833714
cust_421a1685,0.8696128428167806,0.4676340770114633,0.23231582245713298,0.19416760945266026,0.24498168311737392,12040.458057352,0.3819697332805082,0.2713524279081192,0.12941173940365003,0.3124684193930761,0.1340067745678151
cust_b9aada64,0.744578073581015,0.11778482983095864,0.3989943222624979,0.3846773848516447,0.3138577172174147,1432.1788351345492,0.5355859084753601,0.825582919069556,0.22943134542745403,0.059284452164097196,0.0058324702108745055
cust_0ed18063,0.8246251277038368,0.5543337785454702,0.41874188438620147,0.14665800545984725,0.1264424786698487,72454.4041529638,0.39993280280595556,0.5072653335568739,0.21956618249930984,0.5042313060877706,0.8318543612165852
cust_8361210a,0.5048161092937348,0.7526782778932699,0.49861023072241123,0.40445998029165386,0.13164805881692462,1478.6508894670455,0.059759967386144405,0.6752517121202216,0.417887089826035,0.6350694629221455,0.025860454683567763
cust_396e8fbb,0.8948898640534346,0.6964496263774382,0.5252220269794967,0.21649219011036425,0.6058341156222394,8754.557812681967,0.38782346523146466,0.47536464357152236,0.3223349021935484,0.6707470507066766,0.15807058879805358
cust_c094e9f8,0.5321823162670961,0.1637751511010923,0.529625888943727,0.1618085928272504,0.5199991851347645,4701.4048415325615,0.46471596038922913,0.8190551987263354,0.49824518278646024,0.10511862021265019,0.6389450316863637
cust_900f295f,0.9283903923648149,0.22163075269647986,0.40824399362488056,0.21913828937238344,0.5293577542038115,72481.576897384,0.5297716700233467,0.21538632094680235,0.03434050918100107,0.040201221118116644,0.5060160282177711
cust_6cbf2359,0.6563291103237073,0.17536783681295381,0.2963697774399705,0.21667441341229154,0.34981111816010296,26473.058869341818,0.8106810088077776,0.6129294020202741,0.17078794974083078,0.11696040956442229,0.04248321314832119
cust_0d6f0db2,0.8543639231062121,0.42960544696142555,0.7476509704062495,0.3665633131714186,0.4099492520486443,41231.03027113433,0.5730753629303785,0.24421231883664424,0.4842280793553308,0.12529649909777357,0.05991433077823058
cust_79fd2b3c,0.42427423223501814,0.5968587696027481,0.6020239518633377,0.5194618371568174,0.13173131673093605,11947.718251952694,0.20160512363837957,0.5172881593394179,0.3638433277288141,0.4181138190304202,0.11106369027388259
cust_7594142b,0.7406593876320264,0.34067198336821813,0.6265902134590511,0.6704962791966339,0.29093080796498927,3260.728813645278,0.4584432236672504,0.4068447727123438,0.2708073164109894,0.028489819756709073,0.042401587026121026
cust_4ebe8acd,0.7398226873912942,0.5243038757748363,0.747290371332412,0.45264570889324013,0.23701887006603287,77899.4537195233,0.22435277326590308,0.6904658140382219,0.32219963011875774,0.23535693381444484,0.7719199653793345
cust_632cd82b,0.7512409108590318,0.3873282823519952,0.14016143238626852,0.4539324308110169,0.606947639868768,23625.427966365576,0.24419584141875392,0.4836315658313335,0.06575453522952586,0.1889133351506439,0.0974310099376048
cust_b465cf4e,0.7902341500235073,0.5922888744130078,0.6149842402118201,0.35858951526218913,0.592108469545927,8275.536313119555,0.5679566778443609,0.6023581903730795,0.22141056260027883,0.2775148663481901,0.0655025743154388
cust_3cda2f10,0.8469039541423836,0.43557290447041425,0.42071421762068417,0.21743781109571836,0.4084708705475211,94397.17706491039,0.28631981128984446,0.20205516040589966,0.17813494351035603,0.2773044103610239,0.465933932745241
cust_6a32f590,0.5665467152676567,0.35674250067909713,0.5132646033834096,0.14572140556509564,0.26333629132321085,4344.783354810183,0.18709563092471285,0.43638604971973366,0.4186797685755601,0.2628265401834248,0.07321878345033214
cust_a27c8eda,0.5621726005220072,0.37065974019502124,0.8704008969765298,0.25775629776453557,0.37987923269410473,72711.82379605425,0.5985770431003454,0.36397367598321134,0.4018259944506859,0.1776576349262437,0.6467074890738445
cust_b2406585,0.8504151495529887,0.5030212375962677,0.14047173066327945,0.6722122178069095,0.5629974351823711,557544.3607681582,0.34166850379318453,0.30258445326188604,0.08125024453709707,0.25257506635372995,0.868123159525633
cust_a5f7324a,0.7809201485214544,0.6142012202459586,0.4939773275323835,0.14994911254652973,0.37757122705429735,17835.50513324324,0.3875789832714559,0.47412578267635075,0.09257789047970917,0.40146268964245524,0.005877639626498109
cust_a3e9fd01,0.9137615470227034,0.3121518183839531,0.4603087416556802,0.7150390412642532,0.628923900310422,58371.22046587354,0.39755019580242035,0.39994917772880634,0.16198407695512557,0.017220021159855377,0.7407038771069411
cust_625b99b1,0.7042347630898553,0.3737439963393455,0.3247291871247732,0.08317228263579109,0.15511307540390248,93714.84983851487,0.20791425128758148,0.41424781849544584,0.29382856210086905,0.09967810784772155,0.667664619985602
cust_7a15cc89,0.9347838534197006,0.5103411067569956,0.47047121157623134,0.25143310392752416,0.38045232380329974,46303.14028762979,0.7409034437034533,0.3092023343544581,0.3022466931410629,0.26404685996083976,0.02166773993671708
cust_13a24ef1,0.9113328651954532,0.5198962088557793,0.19722298193436683,0.5851484015633015,0.29685143996767266,10965.068009434244,0.31759610726812204,0.2255133409994303,0.06322274980208929,0.3518522575059485,0.42856664833942293
cust_5f11365d,0.9117188840981885,0.6293547843360922,0.22350123348858564,0.17757407350690715,0.3353271884717186,48740.600063808546,0.14133830123675128,0.5405239459850648,0.14983712840261346,0.3540145329036823,0.13709937565033134
cust_00c7b836,0.6932447344711357,0.16709769646867156,0.31193984159665833,0.5453597724109994,0.42234425383725926,10015.313084375322,0.14194684561332804,0.5904307927576682,0.16153006276491244,0.1320664671095751,0.12351812527639722
cust_63cc6466,0.6179517701431116,0.4728290040184695,0.7220001713424672,0.5239192927053046,0.32677994797107895,327255.5572414157,0.03685240835111385,0.6287177901230053,0.35514010180473954,0.19442321376489452,0.3647203611599897
cust_e880ebad,0.9614945898700251,0.560759719916563,0.6994185277708992,0.18178062581446025,0.26143709632361684,6100.532434594694,0.3227506783800804,0.31246226124976567,0.5916085840672671,0.09037947745513175,0.11928960669790574
cust_583ce770,0.7118908195571102,0.3379165790319147,0.43254369502326334,0.39911472335701664,0.5537722015547882,295303.8945298647,0.06015038273883481,0.5503274501480123,0.3191462916962755,0.11514022411005237,0.7704256426544805
cust_ae3ae2f4,0.9183394196726895,0.2850409908466389,0.7116402070189205,0.35905115398382464,0.25157924893288625,50846.3929799015,0.08512246441318032,0.580360649304197,0.6323305938752123,0.07598768283950928,0.7899664662986513
cust_d86c0325,0.7751203093919445,0.3047380911395179,0.41281444945382684,0.35882546406852145,0.28273156994775733,51332.18887649304,0.20297062403720695,0.21005190527775933,0.12648555714447743,0.20745196000631977,0.7739112871850174
cust_1e119e47,0.6323035995096578,0.28976439271600823,0.23092489854260018,0.13272591638789052,0.07766822159814896,73289.88900023494,0.39625723122406625,0.7953359359937724,0.11328784307758247,0.26489017335188525,0.668299134568494
cust_f6f72a3a,0.4835037327630601,0.25594673999911904,0.4509050799154134,0.3166944172166411,0.7522884011621146,7133.533231312584,0.5205142377495445,0.1731221498039757,0.15434168201399712,0.1213426094272295,0.07598953285497381
cust_2c097c9f,0.601115080457129,0.42242391022169357,0.4623203203587177,0.28913893643462085,0.12660964046236617,15740.278486288591,0.6170494734988201,0.689020315756542,0.2827505317560553,0.03824675898451808,0.11581640157973412
cust_f0912e9e,0.8321787939949576,0.255622662626505,0.24994737024107658,0.2459130592128932,0.15993979610867962,9908.227214092194,0.22949294810307624,0.46455733707365116,0.2052809076517752,0.13180809447466688,0.8023494270204523
cust_257bc770,0.8932698295061194,0.5209251622621093,0.5437657718154,0.3480485529254327,0.443907211508285,14137.866233134488,0.08986210765042849,0.4977928394677935,0.1786308418321075,0.3309709181951496,0.004441911964756225
cust_f666b6eb,0.6832338861670596,0.5617958683497619,0.5659136776243389,0.5137512145185827,0.8537219509222946,73013.28067136784,0.23092571145305393,0.31660860450164086,0.31438767207029866,0.3542003385023565,0.7813734897454508
cust_86c2f71c,0.5852651660700491,0.7697360748645188,0.4091299444330573,0.21749762172371118,0.37577985239307826,15864.68055031385,0.18147894263880718,0.39363482589912957,0.19175237530157224,0.6082756252373254,0.1888420202331655
cust_5fd40a19,0.7139869885602375,0.4434869423788294,0.20412432167046335,0.21128379667559505,0.6414734583745715,167137.3082145999,0.2482430845247597,0.25960183881220655,0.102136786708642,0.09474681667630135,0.7135561446577096
cust_f720ea3b,0.8117982603016872,0.16631333593066142,0.8755706824737375,0.2551018653555772,0.11299287415370242,1321.2371690069401,0.10325306142796649,0.7293925121524969,0.7213768214451546,0.047346177836857524,0.36294675439578944
cust_23bfd786,0.8839156178406864,0.5370703329711572,0.30432922787645134,0.07985045512109183,0.40092684039873827,12995.181981337895,0.276644545198458,0.9299389886518512,0.10621976783347503,0.33564975107627043,0.0332333706317259
cust_f1dd5065,0.9765096994842728,0.6666938594486845,0.24631065949899375,0.376046836695144,0.047268171440113464,8007.146941384605,0.4991957625777332,0.7991029298797333,0.17182446078633717,0.46609517492222846,0.13085213729094228
cust_81f754c0,0.7931678363037726,0.09289861234022807,0.12433621109123903,0.2044756285352785,0.35969712233478196,28650.546957299928,0.08983533249949156,0.44891604609682484,0.08239417847009171,0.0713628706524042,0.22314772131872115
cust_fad4eb9a,0.25366057522358454,0.7340735599059908,0.21507106406832044,0.15950965453590782,0.6056069297873458,5075.293773824778,0.43528044514299963,0.38375507610459403,0.18113827702840932,0.38124669669211525,0.06344549879909506
cust_10369661,0.6337562439455212,0.6186663685478807,0.40955069558710944,0.30987390600812026,0.2665090894975882,8223.36824917351,0.5470091751604422,0.17215323914189376,0.22341705681387405,0.5425983376116963,0.04784468152611353
cust_07cd4270,0.5363355379551029,0.31097153575188047,0.3546372848188722,0.4522748254447406,0.18070528537223018,30688.66263684743,0.15285727713556535,0.15053885827792954,0.19273196591185998,0.08651402493244914,0.05465779471148307
cust_b5c510ef,0.6085224383015047,0.2457416274593801,0.4271879531511751,0.19199042429613278,0.4052861365270392,101084.71061734667,0.3416433596329363,0.7443898297457865,0.16700053727821404,0.16835018943533744,0.6097482005953586
cust_78531ffa,0.9478279644135893,0.32222598445522405,0.45863704270985545,0.06435257054841918,0.6903784079923511,6356.034447278864,0.20810816067498367,0.6006562706431189,0.31879680517499154,0.1524557060918399,0.19393712394556886
cust_2370c0bc,0.4225369694052822,0.37888700346032905,0.35556642397495,0.07147258548667107,0.6035647125337658,32388.680693927505,0.8051076623482685,0.5289215273959368,0.27537886876772005,0.30641770726336626,0.10065830654224109
cust_9e9b5505,0.6755502350861676,0.6676221066536581,0.5331749980433306,0.5236949078773261,0.8167492509953563,73209.44674467431,0.2946480917587275,0.3181328651494692,0.2828144044380291,0.12218839688892692,0.38635394795957395
cust_56b2ceef,0.9197612887664628,0.41020829761304206,0.4678346813254961,0.28213741284415844,0.4181144804549385,15855.308436037549,0.45257136238994744,0.32130568400095466,0.3722988984169648,0.09688723056927422,0.34482742360083435
cust_1d9534fa,0.7144183683609131,0.5704333043278365,0.160038850162727,0.32536947335752436,0.6405241152822816,12366.543789803025,0.172973734538182,0.8327805347699024,0.0808972331775829,0.4228399243295012,0.6492503341592505
cust_e81ec1eb,0.657163413226295,0.37667238981325296,0.31139685900425784,0.3176633428173961,0.6022191668132844,7366.887466388826,0.21031844305831257,0.2759316208930835,0.10536711847699468,0.17284154049749134,0.11527994108823734
cust_48c9bb11,0.7590119716837902,0.23593391920246023,0.40663152508003164,0.14938553914911817,0.14984097500318833,9742.548799061546,0.08343916807449414,0.46402713026285014,0.3618801612450209,0.05479027277615535,0.22560654700091803
cust_26efbbd9,0.8346306697749777,0.5714044975387682,0.24751093503885566,0.2676359869803444,0.06153078983728444,13366.280233041423,0.23992359995125181,0.38725996697203197,0.13616775178019008,0.221209042842366,0.1359633198155075
cust_80ae6194,0.7484114657633305,0.2526514724379125,0.7758591053748652,0.32311474894163905,0.28180878794076114,15219.433198077406,0.6197990192497531,0.24117056565998216,0.6794195042218396,0.11405401519941642,0.015495337778927186
cust_01d277b6,0.9907101720496476,0.31112797974361056,0.7443706612717554,0.3787536203393189,0.13280971520981777,4966.357461645481,0.055330999069952154,0.5667525029868334,0.32965625986364333,0.21971671162406248,0.40819596705422995
cust_2c8c90b1,0.5009632843870404,0.7162687380119627,0.42987018751941114,0.6304944001909867,0.28576803304980053,40979.756687240595,0.1468441045057695,0.4927144031108805,0.29522508938129394,0.19427211240731423,0.006616638840885407
cust_154f712f,0.8133321401932296,0.5802922990017014,0.16689401092341025,0.41601204542792214,0.24584152620044106,53040.31083952425,0.2387590249870529,0.3092424350045819,0.0953241976881289,0.1982093526277065,0.8102500714460446
cust_8bd7b11c,0.8049539290604051,0.5989985286403675,0.3488450360535561,0.08284120292082507,0.4741304491095667,21239.44554403121,0.8629416665539414,0.7739434531123686,0.12839968154932618,0.4695492832023688,0.13119483636370693
cust_e2eb79d4,0.9493403169379617,0.48943362447071576,0.33874072113348574,0.2288124136983976,0.621088524498163,9320.757894718792,0.35593653595539126,0.6375944016875824,0.29280955681531556,0.10464593516825092,0.05400017727916807
cust_9e314f5d,0.9398823637824542,0.5337495597235963,0.5204446542160555,0.25912008575507584,0.6151339544218549,50237.71052415476,0.49604344425300023,0.6022720155768002,0.11145350994299859,0.38896246867398465,0.7365640396217333
cust_73582136,0.8330082075040985,0.42174837894004763,0.7168588784616453,0.43359643177868595,0.1868276766983105,10569.823527397628,0.27107138915165224,0.1355373939936002,0.5250332297829079,0.19917793254460822,0.1982049282632747
cust_49b07b16,0.9691775962362996,0.2621373350974565,0.25815595242344047,0.17344389461683357,0.3788038560657855,23287.271530538168,0.25480918182911183,0.7730299462707576,0.20900494229032315,0.21778730019139642,0.33396243919441654
cust_cbddc883,0.851255701615916,0.7383388653912524,0.7429083244084027,0.4589596277667934,0.37782125203020783,4727.289837788782,0.4685484004042883,0.5010855288432375,0.18000642383955823,0.2502183255384711,0.04705221947785315
cust_a135a610,0.6154126611774947,0.32277323984403256,0.46863103294323416,0.33012662004530063,0.38082829345621894,101979.96795728614,0.2755480894564238,0.3633260703612515,0.1935765139231445,0.15519095321316434,0.600968515468641
cust_ac307832,0.6321213081988261,0.3968961525783818,0.7525266135578298,0.276637536662786,0.16076397701591452,14279.02484826099,0.2871378306991244,0.26315651961037145,0.638984942236627,0.20883725519197752,0.4310798396991417
cust_10c0af4b,0.8165115597805911,0.29692040024665106,0.6465135116099968,0.44051549733314543,0.5420823711204926,43761.22660253686,0.3287684703686652,0.48390726552599106,0.4386401195374322,0.11028083599750656,0.25877055278726646
cust_b8636c8b,0.7155605359166416,0.3712417078434796,0.5323484439726924,0.05315841369096604,0.3502018624195054,7877.294698841182,0.5232759638581163,0.22017794500354435,0.4769281755082709,0.08417003680748106,0.05935793872210413
cust_7392a3d9,0.9348069044731816,0.765629178383907,0.42264163651850317,0.4124918990498469,0.09477243820388767,59863.20608867583,0.21038437493459947,0.6386496333566684,0.36963010863037066,0.6022324446680763,0.6474923405836074
cust_9e396f4d,0.9284830588506934,0.6424435065955292,0.28727607510211417,0.4006244394391721,0.6235663263866589,243607.75323687264,0.3280712087212049,0.5604672307402875,0.1444449919158997,0.5367941034110933,0.43428315799675055
cust_b762b78b,0.6698331183513669,0.5531581884891551,0.14945374522362068,0.3288118871926071,0.28855893849314385,5140.548384184969,0.2706044138037168,0.4828288178438639,0.10387202506309681,0.13676410916640375,0.10592437569694611
cust_2180eab5,0.5314658704058344,0.28642722124670394,0.2381402992398721,0.20504455245350664,0.04778688945740924,4646.647829830631,0.3038118801623822,0.4955293003256456,0.18669551318106722,0.21511151474266454,0.3409415158060867
cust_dfd8c374,0.8593224473948552,0.7397807381959858,0.48032073380016177,0.25393044267267606,0.34263552138373793,11435.294515110098,0.5714409341484157,0.8575291296192739,0.301064909213502,0.0815010498145825,0.041694732539698444
cust_261125a6,0.8363830666428779,0.5058065803610788,0.12938451926206895,0.4078779522429165,0.49045200173761555,9623.771559021043,0.5498327033168512,0.7006668839916685,0.08990708282185039,0.4218155209743005,0.05958677882834129
cust_a0c99455,0.7389962068171428,0.35196978787020605,0.2855240068100114,0.1770912570433493,0.3645749395930203,44714.81353223645,0.21561866072025024,0.30128647544639264,0.10674469063093313,0.08490473760300511,0.47808793663227656
cust_aab1079e,0.8432785529281825,0.5569780446613666,0.5823469606190154,0.1265708318032675,0.12305946367267025,4346.457076392022,0.24103487139128713,0.41155656166628446,0.5348807219703936,0.0705521256343418,0.008359728457427008
cust_5f0e664f,0.7680071409089845,0.627319317645966,0.13802287656102882,0.17868200323609787,0.6557886032566173,197051.48941232197,0.1679916114709545,0.469816411474193,0.09105327193450057,0.547677502390131,0.5870730843830076
cust_aa53ff52,0.24797002902768933,0.7538545576665624,0.7601112026329111,0.09258128983713977,0.11668460001886696,40265.41946077993,0.6164809697865594,0.1939182974418737,0.7339807506297322,0.4890083386093793,0.06388234863824754
cust_18d9990d,0.7725973997230903,0.2813736124251641,0.41867382558974253,0.1596235591004145,0.5424847973353119,1022.5148216416585,0.13707218123924422,0.7496425048081194,0.17926935306681066,0.1743860900820991,0.0015281894932567801
cust_f8314e22,0.6089698772899361,0.4544095689689369,0.5413133103384535,0.22633270558757218,0.07925516348384568,44032.1439083167,0.11141469792222697,0.5560326238592723,0.27244505162438,0.13341195094682579,0.10818062858589717
cust_64f35002,0.45613582918448164,0.32231328409361026,0.46396709914614886,0.21401336224860115,0.22686628657983057,9267.29189358463,0.18395092139877436,0.6822032446487566,0.37091024387759336,0.0659879194403394,0.05303200118538578
cust_10103309,0.754241100207474,0.13679181825445647,0.715001673895244,0.5551684293630541,0.27653615206100834,332865.59525932535,0.4878537710419023,0.6676659990167014,0.3597567506470975,0.05902789935590557,0.4642282406558523
cust_4e8ed352,0.8270000890977889,0.7724495006133096,0.41320985314162045,0.3279314181305359,0.2167184529353451,11587.503070761284,0.06292384882115422,0.5807782808641219,0.3274635685044515,0.4424300539832148,0.42291167095257326
cust_2ed49575,0.9332183424713898,0.767492787575592,0.23317547628369756,0.3047679286022092,0.4058230725471112,392559.09204294055,0.2189512036054375,0.7076647917789984,0.08103763114381206,0.403768054412684,0.4107811946832745
cust_e943049f,0.8355147417819746,0.2934559905680009,0.3665759340409434,0.47819185829621463,0.6624228308575336,11723.71423860718,0.22722868401639892,0.6323654684025777,0.10805764766112684,0.14121791215557772,0.4198313842632356
cust_1ce31d8e,0.5880577195701516,0.5983187071666402,0.6372482382513164,0.5353172188058342,0.1439249344287535,16331.564391863523,0.30795614604621824,0.6143090087573135,0.0678626468941407,0.27538256047292137,0.33897518574696944
cust_3836407c,0.6473325949030189,0.3250600628970641,0.5142472603971887,0.39115905108998966,0.19935676867889002,14926.855144074168,0.44479485707394617,0.9100444034151937,0.44879855130089197,0.1039412630553886,0.001840537965063875
cust_bb98303a,0.5048282734042536,0.5213413746255192,0.19863393734101017,0.12343263445587441,0.1810997827183882,71855.90126305519,0.07888521529769423,0.36664361506434157,0.08584376503880099,0.15125966561229084,0.36453794375810616
cust_c5dfe9d0,0.6701446642258158,0.39959494129583084,0.31625982811734304,0.43254254878929443,0.6633754214531392,35933.89346800139,0.25065822030271595,0.7355127555249279,0.12902255909280416,0.2714702775331461,0.05698095595572059
cust_cf54587d,0.8842524531335176,0.4205752260568737,0.24124057638748164,0.21310913511480212,0.2967440006163477,1856.2026388915172,0.2332239447415735,0.7409080854475262,0.17482049661371452,0.26022026326858844,0.13872577144585635
cust_62fa858b,0.6961155781340795,0.6409135618858983,0.3495830368675667,0.05591263111494136,0.2631376459277347,2361.0422499137294,0.062046220969407505,0.4888255643221763,0.14670225675533788,0.0761462061313986,0.3617082007067914
cust_f3e5bda8,0.9440344709232491,0.5614449237628707,0.3204024875475618,0.298586044106868,0.24133552032725877,16616.2231978643,0.30054350649086486,0.37841058523288407,0.18175570038109873,0.2314158172231773,0.0324747557962188
cust_f50aacfe,0.6513273417887794,0.26722455970638564,0.07171783949228795,0.3457829222069543,0.5071764963249998,89142.64246139608,0.1420703989777332,0.6678703599295404,0.0605330909277117,0.20598253453418017,0.5123011486688033
cust_9bf78f7d,0.5797326893251267,0.7364642107054752,0.28259515254241896,0.20252232472372467,0.3859640928762046,1984.6252346821075,0.14059353123932697,0.48084544384700784,0.204636517053749,0.30747345597034115,0.4791110660358515
cust_91a6c5ea,0.3891981266148341,0.7274651684478289,0.332073817702394,0.2988276479512292,0.32233911320837444,83506.04967384905,0.258426336058665,0.2040096018153959,0.20361943828812493,0.40759290897794825,0.651976356102772
cust_0c5f9d2f,0.7824105873812099,0.6892956916345659,0.5998991102266162,0.7205486972078595,0.27378527493817123,30170.31129214021,0.08721440108046748,0.6828183297346607,0.5469514931243148,0.033245829106527916,0.06351254498581071
cust_4b71a070,0.9301235985360572,0.3572396589748715,0.43972962186306885,0.13393643374191588,0.343672299667272,25577.507993990363,0.25397347008084414,0.4654418498540804,0.255608853539464,0.15274651532586822,0.2789893944145123
cust_fd204149,0.781866341659136,0.4958289283976172,0.6167291758873605,0.48829157478761404,0.35511290197116646,11308.993102663975,0.18972030136266307,0.8841199882601919,0.3295682707244144,0.45331188205866935,0.2214483493060534
cust_aa62728c,0.8193835325963177,0.7772951420399818,0.18420259069057296,0.2624010886242824,0.6555908357905873,4218.901943198196,0.19873583943685297,0.5969766806010506,0.11111528827022077,0.35206880660449613,0.04187181403264852
cust_a5098cc2,0.6822631291867006,0.5887563243885747,0.7713338987766919,0.29715363007779905,0.582004727741081,91346.84843569118,0.4488375339543339,0.21841026715789671,0.4531070007388001,0.43105902853123784,0.8336442506314374
cust_c5b44832,0.6665109954383275,0.4057920181132033,0.49466609218405466,0.11780952128025696,0.12994470891540272,37765.4005415502,0.3732518025504403,0.1840331105380168,0.20373634510164648,0.10972507900136351,0.3771983632080603
cust_2f5ccfa7,0.7053052000079135,0.1058198041879392,0.22351164913404045,0.26145890767021673,0.5311064069828559,9428.49215580179,0.06605636513167226,0.3175911658733553,0.03949320181479966,0.05373396020674948,0.15064841413965177
cust_479c5072,0.7979542681681454,0.18016141997440907,0.2865125241942427,0.37326959053432535,0.4191634648642863,50247.73099417125,0.43902909030703163,0.30390990939149554,0.1356959320413627,0.14830215901922877,0.7071152787542987
cust_1a3641c1,0.6041723623868914,0.1803136436375613,0.2572719651903072,0.14462457965154274,0.8306616390393373,5728.989160991231,0.4201499535043807,0.7969411579534412,0.17713001228930608,0.11694307603642999,0.07288751700484776
cust_d7b6818f,0.8093785161483432,0.5848000991917326,0.5898711949483534,0.4289754420392699,0.31868414685204255,20230.897193934747,0.43973969476276875,0.36486175896928785,0.2593054526538061,0.31819070180054143,0.0840542432235551
cust_2e411620,0.7751497802353056,0.6202665006269535,0.683839759974561,0.47590211723415377,0.6402153814827208,39012.99762070977,0.19811395050865757,0.3638593773950342,0.5644441168585429,0.3141125462609498,0.16129732892845272
cust_2147efde,0.8569666900261264,0.8462812278578237,0.6543950222294845,0.4665415761464937,0.059831177209318666,42456.14963623756,0.3473429377597743,0.6884764152024807,0.16678116158233686,0.2089991853170291,0.07762745015235639
cust_20604e93,0.6656137030681921,0.6332442572667787,0.42237482797241643,0.2760002422423787,0.21674765041420732,19281.161209263064,0.1954199907413454,0.6313452126028467,0.34931348041519333,0.2956023110603587,0.10101263053392075
cust_93ea2ad0,0.80699139825784,0.8443432962424406,0.6035676021070008,0.6189568381416777,0.5169302811254922,136404.68901982415,0.25962478764281144,0.5688487794724829,0.4842885702751221,0.6619276959423352,0.6944210487106733
cust_55a6e1c4,0.7099839174140007,0.43901774919464953,0.6913956141998296,0.24890199824047077,0.2322900546324771,2525.873357090944,0.48136528783974936,0.5718687314050346,0.46632873230421373,0.35381264954358693,0.11781782223095849
cust_f40b21af,0.7511819672261878,0.5010478268262817,0.6931506695824476,0.11873024884873709,0.23647657891196003,3694.07514330721,0.5968528469318599,0.11621879747546723,0.5469674165646308,0.1864502979160335,0.31635194750920903
cust_244e6df8,0.7107888553908905,0.711042800583752,0.457419092187804,0.4223724041648963,0.5157728992719292,6894.0720385334325,0.20898025993807853,0.6404986711377717,0.3947678109638353,0.26977299010674727,0.07922089932009922
cust_77a5688e,0.5219879511228968,0.37221222110588587,0.6989071618277061,0.29123871086589487,0.2622112578650091,7998.574782496318,0.2759523899111654,0.39510006330730046,0.45285002582824385,0.1936402718987335,0.07641859133617088
cust_bd759ed2,0.6228048063871219,0.5517877927060647,0.21121292915495088,0.30725252558059907,0.31049344174115523,2426.770678025152,0.4968571716164199,0.5776845650692123,0.10275247957648666,0.3107413621288039,0.01300796767418787
cust_ab24c79d,0.8618186544726252,0.460971110823465,0.4702553798454836,0.08518085831271716,0.35926383649243304,8101.993962895906,0.2780507113415851,0.46699000740172625,0.057839473051379486,0.4268919838658496,0.1195678747959703
cust_7d3674a4,0.9101662354887152,0.2891609422087111,0.38622427416923916,0.3928215582344054,0.4185217292740159,3056.902018747015,0.13829711826805255,0.7186402119212736,0.20259592991725503,0.0453713220938954,0.21602989686236337
cust_40e8f299,0.7429204519463964,0.8146468492414553,0.5467712214806424,0.0798969056008695,0.39521607075902426,16069.658022607087,0.1636757918709329,0.5991802715715709,0.4283150748305681,0.1835634351258287,0.46464245349873134
cust_e9997b7d,0.7575412338664075,0.5984328452734611,0.5771374539900006,0.16175895479271532,0.4348207450778862,853.7654394359762,0.3361402050445391,0.6142438710698102,0.3184222421044049,0.5530062375486728,0.18864476005913833
cust_d281572b,0.8242474038676406,0.4642116859196208,0.4129556467524114,0.24912261034448058,0.3209086200135128,33952.66804609717,0.4208711635858173,0.728153030594126,0.3222945278615188,0.10749975499436562,0.06155935514252998
cust_d5d04429,0.8389547044855785,0.4869541604601509,0.5744919863209788,0.3985486007465943,0.5345902067999978,64203.58602551636,0.43122650824663494,0.7718636333852041,0.27096683618091294,0.2271707146735649,0.5894839156600213
cust_e2e97f46,0.6422416980175697,0.27443660590255836,0.2954060255739027,0.1838130909646081,0.6132856362616134,83508.42749769163,0.4398341805059783,0.397886322263811,0.12110999843871685,0.060683897603563484,0.9506672644890395
cust_1915f9a8,0.934727871629468,0.6486841687279192,0.41182233794075584,0.18585580929270407,0.4179978237566726,2929.685784276863,0.17065922629757252,0.46367623894930693,0.3260325190295123,0.5851681582617486,0.23231455596642878
cust_fe83edb0,0.7490348001536618,0.43637944550171354,0.6092845185119827,0.6727622055042537,0.30749930670736797,1470.0987434683007,0.8433115760256156,0.4542650293557106,0.28427513817717914,0.12887420165745983,0.31822834758370633
cust_aba2b4b6,0.7732614174151274,0.21774491557218112,0.12723859386086347,0.472397411698114,0.06286164964459613,24842.193187059373,0.5089229975276349,0.38965723675736735,0.06313436925709064,0.05687023187894395,0.15278364765814764
cust_c7ce700a,0.6491077027260467,0.7755277235808138,0.2472451442667335,0.18138832163179772,0.17425269775509059,5021.7260781996265,0.3395713604379301,0.6837056537474463,0.15312946955523418,0.5559904431707531,0.2566747835264382
cust_3c5d6749,0.7185501735381431,0.17876179383278704,0.3900780662012678,0.2992257499386047,0.23856879197383596,934079.473841818,0.3767136095093096,0.7136537503997964,0.12456644259562889,0.06164995724957371,0.348535712375853
cust_d8c5d165,0.5810764805821464,0.3859177182237534,0.8605910375616588,0.2025220281111545,0.44524791764940685,7816.288383404359,0.4623226345721588,0.3699593287872339,0.16816345661899043,0.16334336660582424,0.020342552805785074
cust_54a5d558,0.545280687888471,0.7798746507679902,0.37435025389563964,0.11964216581112513,0.32170244772408885,11851.421184299274,0.17691531081853534,0.6586276907370033,0.25991309560315234,0.09511817576368661,0.3258618793115243
cust_adfd8fb3,0.5282828706806104,0.4287857322058365,0.4099740489098955,0.2936533269213022,0.5331853718198235,21235.401957120717,0.3130004674921157,0.3812996784316492,0.1861798907649428,0.09670744054366978,0.06558208723907775
cust_2666ecc3,0.4997164199119409,0.4456261609805037,0.6544149579887932,0.4568074118408154,0.08894715291441421,273352.8339769361,0.3873193398907223,0.6242665039283678,0.46375140440420504,0.23851124865269394,0.6457033603658615
cust_926e3488,0.744081780008882,0.7139312439722498,0.493442858821789,0.29952705059077417,0.387020590414253,6948.213041115793,0.18304232717373692,0.5259943820193349,0.3854078498507911,0.47879873394971356,0.217610503072795
cust_529f69d0,0.8548575453895364,0.5401576854269785,0.2394900112290927,0.2105835006663709,0.37739247207381516,1651.9665560162475,0.15597684381835933,0.32156632905759813,0.04543229803800561,0.4400829514742405,0.05170552660606015
cust_bce25cf1,0.9360984202062853,0.591128884477966,0.43162783760684453,0.4167503232930975,0.42899150833735045,11726.756278499213,0.5619942593900407,0.2867463901156523,0.25738382582369973,0.05601408354384489,0.18192110677504506
cust_6151a06c,0.6939023280741109,0.44527391733631805,0.5443822144421845,0.04810644894609193,0.3795297713582371,25263.467522518684,0.326470703417238,0.5700555032696539,0.4680354155407162,0.29001759248647363,0.06255019439745733
cust_f888950e,0.6480305202499472,0.5095921670129229,0.4871606833000376,0.19606770000539203,0.3623326691966143,84951.60236078972,0.4487406920197892,0.4771997996678772,0.32989323727781833,0.2668575939308642,0.7038198928580213
cust_1aeb0c90,0.7342437183612167,0.7938988310948681,0.3607792694755863,0.2017841989331566,0.22266227723788878,8515.759177052802,0.07240604051724234,0.32267938959283793,0.2696873780658255,0.41018117112173835,0.416080958576811
cust_6a47d615,0.8763407488847854,0.4011761325518148,0.34984543401169554,0.4869117634013204,0.41994085741824777,578.2743261255356,0.5973409837146568,0.5871209144269836,0.28813360746774963,0.1239946361857326,0.43872451302464505
cust_632fe2be,0.698277104058842,0.6827559584106507,0.2897958955478233,0.356231905716452,0.09249162206104335,33091.62287525334,0.6284263941084686,0.7621694318173741,0.1366591622369877,0.36780201569392157,0.021656779352543645
cust_15fb10e0,0.7375546292352357,0.3697706373664743,0.10561368075030025,0.5320814176910345,0.6743907824942074,56782.32820567678,0.30161907582984765,0.7369582067083549,0.06860771553570134,0.07794661516383235,0.967623032657834
cust_185f8190,0.94480132100731,0.7556281226741942,0.750618301161067,0.1007786983905705,0.5032279851624095,249891.26906149043,0.18818529789565736,0.09632496991972445,0.23283031905335305,0.1573510902871993,0.39715679844555873
cust_24953cad,0.4219965947507728,0.5734699787926212,0.459295605814219,0.050968942125519286,0.4379644988527308,5528.238809490243,0.17377930004288364,0.5312526942904303,0.1651312996113836,0.4856997400265045,0.03390922280769578
cust_e2b3bcf3,0.6332892583135296,0.579309493163193,0.4404474666881161,0.37527508410630134,0.21325931945635299,116678.69571949284,0.5306886958087489,0.22305729874182936,0.3295088549400777,0.37445372309905717,0.9203589554188002
cust_39d612a2,0.6359235724370944,0.6149709834172328,0.5718667799971291,0.3817713578033263,0.32060011139964417,22757.26607268487,0.3591595267920853,0.4496564532827489,0.17710025175341879,0.34909236900841806,0.026953543930578347
cust_64d6831a,0.7461651911601845,0.20623407775901445,0.2532592321783774,0.20043044154327075,0.5017967446661298,14317.225787757156,0.3053655767091536,0.4289380724128464,0.1328141938899814,0.07989935093361594,0.10760574149487924
cust_40422d9d,0.5347748077124422,0.14661502359671907,0.4242377793881062,0.6019389184485299,0.32154467761803995,26670.650681239465,0.4116912025331899,0.4777944650350159,0.3882133626330994,0.10334627305995497,0.05392070999353813
cust_d34fbb30,0.9758419109825242,0.5558953729242612,0.30140352041044216,0.5460443861390915,0.4073934063249571,22107.95446703509,0.10691734591667072,0.6970424206171141,0.24371195102139923,0.32982230863699225,0.37659015935436246
cust_9bb00304,0.8536695127935994,0.21096489778977573,0.5677236139775828,0.42934518270454813,0.06791816985532909,12634.547028239609,0.05863663997790973,0.47843534243223945,0.3354737956647583,0.0812303968935552,0.15158009782559276
cust_98f7cbea,0.5638002532217973,0.2938004639114505,0.4395943156192077,0.204790309341856,0.23376772135878307,9130.673101695504,0.19178667301799454,0.6958818927601769,0.26479030858340763,0.1105272654082539,0.14801812456068542
cust_cdde7dc7,0.7868321173097341,0.337925418611017,0.3756160584365534,0.15030390708808897,0.41355044589257617,37329.77900574263,0.8458946950734272,0.36354511465278827,0.24712670366401523,0.23995629927570802,0.15100043533162016
cust_0a501f15,0.8194599405411637,0.32154267701552175,0.424451090576523,0.15910805305481523,0.6083021360334927,10789.051529959976,0.35433103619405276,0.7495801798365982,0.28883894825844486,0.24070930054504644,0.279971189611624
cust_139e708b,0.4983266294496928,0.6481745795448615,0.611107514160214,0.021540967269227974,0.335481385954848,30563.43684401917,0.4726278260553283,0.3073518667458835,0.3846825075631915,0.34580608960145864,0.0035483545586930646
cust_cfff92fe,0.7041949992858746,0.3538542353219185,0.27628641018248445,0.5088607447567179,0.14333122386047403,683038.0637742535,0.0832624409717571,0.4126610768137909,0.15775874265073664,0.31265490308925137,0.98493401816111
cust_4976a258,0.6784010709972812,0.6212577377102949,0.27420804450035474,0.5091243135787754,0.36501619862675766,17615.659663946004,0.06086294062145972,0.6007923095686267,0.1652375681768725,0.4026879028489405,0.3362657681655946
cust_e4303171,0.8079384074050117,0.6499479613684153,0.6781106812072905,0.573725654737801,0.32178176298388306,3037.1788263486146,0.36663917883167013,0.6543672148130798,0.4821478119678356,0.6188973769055607,0.020310493675798555
cust_d783b20b,0.38994904805246083,0.588878793105752,0.25286025727500855,0.19721181341847446,0.28777008559434636,397123.99051646714,0.5310629052050864,0.786681869185119,0.025604776923321807,0.04400125760408703,0.37878594762346196
cust_1ade1ebd,0.8437289032213224,0.45631362487792687,0.2659900189708139,0.494466973131611,0.284720383117932,8133.930990208478,0.47334947620482026,0.5835163596688288,0.19722068513340893,0.19954077768234846,0.10571346375776476
cust_ddb5743c,0.7656753885182279,0.5016267957340727,0.3728831777091664,0.3573302534262572,0.019572799443758504,93754.09672972551,0.3606615924385587,0.6313066384366748,0.33439884197132996,0.23353390081502678,0.33396587552085183
cust_a0baa9d4,0.8140990518318103,0.5016702167760129,0.3595304659158189,0.06252159914890147,0.454642472407583,18786.61353142045,0.3390948163272885,0.366398308607917,0.13571864595504807,0.4420762482169541,0.33985773061485436
cust_c5d38d34,0.9133074552907035,0.5964885334613178,0.4330845112492646,0.0728519724925833,0.8556462942987667,63480.86698121195,0.2535603207408129,0.7971353281566621,0.3530393244195631,0.48858658303121666,0.584865585048796
cust_14977d51,0.7437591961508104,0.6844377603182494,0.3775934591434605,0.3074871839796304,0.2518513971741276,41391.07706684014,0.7154973447967301,0.13214492171389,0.3439157438692053,0.056394339928859165,0.11310266154159772
cust_58df8746,0.7309695971380772,0.40309257757905426,0.12642781852667054,0.19144594987309496,0.5717610506430091,20243.74667359731,0.12683724568578753,0.3276521484051882,0.0897029304358584,0.1742398145917879,0.1896567308846627
cust_8050547b,0.46877216788636916,0.36372920185438956,0.39741397631958897,0.5756200396868838,0.25387482916349985,19128.40979381178,0.2944184750756031,0.6453418094287341,0.2079291156153706,0.17497712234127547,0.14414289518794882
cust_9ada7a40,0.6975791587195009,0.20260507743697834,0.3711609762339932,0.2818563375751179,0.19200329664392057,21512.61895797142,0.46092134210132213,0.4418205986239716,0.2081375407886711,0.05897225177078823,0.07940037700682412
cust_7ce88de8,0.8737905345149947,0.5765646840767432,0.12338624995510308,0.4788914819825736,0.3909771340203757,16553.49769483491,0.2528099716979313,0.6162032371796756,0.05191308907630322,0.05690945650801213,0.01796943215112698
cust_346c124d,0.3720442781137709,0.16492562406831257,0.5578028912492471,0.04089512728679254,0.16753338741771207,74961.63111765115,0.2574052669445249,0.09641848699568174,0.25415952582577883,0.04832436187970526,0.8574976828270416
cust_5a5d958a,0.5901268651586923,0.32208776378008047,0.21569572978512255,0.350095010450721,0.766880021936559,14832.77384246088,0.5834163828525084,0.20154742958831653,0.13149930041419963,0.15824250272040893,0.037985080867459414
cust_ae0f39a8,0.8021477959030535,0.7384147486051007,0.24918262287366688,0.037041821368351636,0.526749940507784,223592.62953934222,0.02937852340032656,0.7494899048213629,0.08494601165379138,0.20187509835114797,0.8275940249001945
cust_fd5c36c4,0.6905392700325151,0.4360324851713645,0.24907976126496179,0.21023320419565392,0.3932207212669976,83687.84667047685,0.3968900420146092,0.38259148422798,0.21208046889786425,0.06404185901222782,0.767639658914615
cust_74ed4e3b,0.6217353978650174,0.7645137203336141,0.42392656581299326,0.4397935942343543,0.3505449491223569,68068.77347733328,0.20472563285570497,0.4632014465360201,0.23420482643722812,0.3572645956184147,0.9404508131272091
cust_a3869f61,0.9187106328170944,0.2737907811449475,0.1427343739343173,0.23687571253367107,0.19508526628399345,9718.827525271716,0.26795681770852897,0.42801145824007464,0.11859742401075084,0.13605113528422957,0.07559216861168605
cust_7449e20a,0.827799954149002,0.4212547272914904,0.09457250043922344,0.32436113300762687,0.19852279458593236,12204.286928073212,0.17312693516879946,0.16064490129572118,0.04364084058995143,0.35747044188535276,0.05085610755201399
cust_6ab2a7de,0.6821751023417276,0.5115516987918405,0.41810818390140414,0.2916922423588773,0.36721997663934763,55285.50515733411,0.37498634904146,0.6179574460651246,0.24603975509534626,0.4217925060698907,0.6564692852349763
cust_d2f00264,0.5738014395311388,0.2824173110626097,0.5486003378015005,0.48005256521683143,0.1522721290071549,63877.84936032447,0.7011934023214915,0.6433376510553507,0.3095926863887705,0.19626357154901727,0.6382583284971134
cust_0f1b65bc,0.8551691300427887,0.7549815106220644,0.28204962328878974,0.15427463807863787,0.26483488754992257,72642.42868459136,0.25257862093371697,0.8548765641567005,0.0650098621097051,0.5003557703282592,0.7006392125938332
cust_62281609,0.6477133453805113,0.5910820123477892,0.23734012299580312,0.28554872571956336,0.5721589889536863,445923.11224968586,0.344404963461034,0.403603040001158,0.16213903609043578,0.42642590225830296,0.4825719849989943
cust_b1333a9f,0.7332153881294956,0.34352037101654687,0.3489502319478913,0.3630396861129417,0.0689896899596285,55801.76357778188,0.4416513727943905,0.6751695916635652,0.2793242500540513,0.14395701025446805,0.6752389734952803
cust_02849ed4,0.8859519925968119,0.3473617432654328,0.24029158312649515,0.4076425270221195,0.4343058414881194,6693.531875035673,0.2625418536647715,0.42575029063212644,0.2027385540162084,0.2313669368874116,0.13550744236027715
cust_5dce2f83,0.8729463126012291,0.24790462657722323,0.6761469089070186,0.20546945810744616,0.5881811620030387,50471.50622881628,0.0855150858407163,0.16865484226057628,0.4057576065314207,0.20334676608287225,0.7513335672792467
cust_955bf538,0.7329160758454971,0.391535597884699,0.4114044653063056,0.0564266659989618,0.19043421046590903,386061.09957386914,0.47836894379731165,0.5307878839809008,0.3713627577925232,0.19526257737333563,0.9093610359415683
cust_c1261865,0.7730615450492444,0.5279413675826946,0.8558933064832804,0.07257475053750856,0.1564849441031284,21205.80836524873,0.19619326432067852,0.8070276610701264,0.2340585312673069,0.12446763690854361,0.17098743844630984
cust_1396983a,0.623036118816541,0.4466978070119564,0.28170613098944214,0.16441150921219955,0.6944858359612391,93674.06355997868,0.19325508406354083,0.12211866002339225,0.08706446208662655,0.23258032019845012,0.7228055678671812
cust_ee8b55f9,0.5889390010309664,0.3109766729015654,0.10032915275889051,0.1926409215527668,0.5052115450645893,33240.14090040692,0.22709966691368244,0.5442122521183581,0.05040431429769775,0.1558327083079461,0.2205049986938469
cust_97973a01,0.8968164205362389,0.7610854954134258,0.27426450389369306,0.09423404753047221,0.7782713729588849,28896.16864719947,0.5717778730948432,0.25121842372253683,0.17093777878301358,0.602731294187135,0.3324973399565395
cust_ca2e7213,0.6423238047505185,0.7186118510747004,0.29170986039958013,0.09491909528079823,0.48884253237289327,127102.22502845478,0.4694075241968508,0.3015697473732931,0.22674192360078596,0.4152983321492318,0.38327353204199405
cust_2a134de8,0.8322060364985215,0.5284262952334817,0.20419397247406101,0.3567899399561614,0.25345438610615295,27290.38963085053,0.19540224862855265,0.8581560013948668,0.14354790826296732,0.19091974615140458,0.34831276943474826
cust_735d85e0,0.6158413808437637,0.6125051774045552,0.08183647522410023,0.2611717082760714,0.03555420177501052,7505.383084434368,0.20413699609418964,0.26656292170325846,0.06486588193975994,0.28804238291911605,0.07572664588444106
cust_df3b5846,0.6506627607218928,0.6455811273035094,0.30316499579136047,0.29491298901556096,0.5161228545105487,319510.8427636759,0.3065435135670507,0.2198666306720587,0.25906542506169167,0.28794180399337327,0.3825301211515247
cust_39b97197,0.936311653951326,0.6580374972204525,0.23172008181626905,0.11163550847258556,0.32140972821369274,457420.70560871006,0.5327521254465541,0.47477270209569233,0.15172046262854885,0.44591832631667677,0.9112141098035185
cust_9472ed87,0.4321177032917283,0.7287925109103586,0.09430414951045561,0.22031827397219728,0.1357322714699178,595217.0097810528,0.12086928506969581,0.1923840301496766,0.0349086323167378,0.4082757100391373,0.49547642508920703
cust_68034091,0.6121882359296108,0.29358512815623355,0.5360983024022097,0.18311245729218728,0.30743319820716675,334373.1081693081,0.5337496025933276,0.35585537332753203,0.5124650443173725,0.12305501280411132,0.8935815022282684
cust_19bfa6f9,0.5816800518700901,0.6126475063001666,0.7155716867870137,0.3591262826520884,0.6850686768479848,5349.047413918718,0.5219966338090491,0.24474211453308675,0.5026614940690005,0.35957600942404216,0.32736313693122665
cust_ab85ac7e,0.7513997865260189,0.4926159148109497,0.5174202593269266,0.06774375936183262,0.12490046401686065,249919.04946931114,0.023545863909659268,0.5422523432116964,0.33031941025335115,0.3882380500625062,0.5607324220511012
cust_a28ea37d,0.6822102156707373,0.4989805524564624,0.30016502749514146,0.10014226421159611,0.29425311201869336,40864.00288337672,0.4191083429504486,0.6298296026667832,0.22792596774721005,0.36440792865525606,0.09370550763707124
cust_603e1d10,0.8408771986436004,0.3386943855546501,0.26626431985496235,0.8281743709649474,0.22024630436994358,31582.55572071408,0.28905996697456626,0.742527322991304,0.16861752490484705,0.23726143970167354,0.024305031029959262
cust_fbf7d0d4,0.9822219779200448,0.5067084158898764,0.3114259365452286,0.5198913481345493,0.6639827564646849,2521.1192138424844,0.1346840651587732,0.3686098311237911,0.25075756843598335,0.15329955421987387,0.09464921825939707
cust_fa592066,0.8529600200887267,0.7585765203152848,0.40761784242621807,0.23259033764578055,0.3870837418511007,54229.13713205989,0.5932362047835521,0.17841017158258832,0.13264715222327858,0.41059802981254817,0.4520743750840127
cust_e190eb64,0.9101851166836336,0.15170400631041503,0.1563663976187647,0.3171982668161478,0.20865245489498255,1007.5935015617667,0.4289812428367475,0.9411117882724547,0.10350041743757765,0.07347892683475807,0.383842068929412
cust_b40c3a42,0.8611684120588015,0.36990565584165636,0.516119543106691,0.152198888792661,0.2322491832241536,330399.1012213346,0.4160373868018135,0.560799359125785,0.27283353843136054,0.1339689771856044,0.6110882782073987
cust_897665c0,0.4168007066415788,0.3308693115415405,0.7159159274520225,0.14012165431312368,0.2454271096022753,23439.945935381074,0.23573135923422606,0.6784991114400282,0.4711812777160622,0.2855989558263416,0.31320324982779196
cust_97284f0b,0.9493833723246167,0.4516251491821165,0.5458637132715974,0.3769139923863722,0.6819460963151042,12041.198846459276,0.1725371024457474,0.6976033920638238,0.48701218872406843,0.2012276812794291,0.027942382505183536
cust_2c6d8866,0.7475853782984445,0.6540581067668325,0.3845503313201944,0.19810934564281107,0.5426249944964869,2176.2760153312756,0.4937626832194243,0.5344469761417073,0.27693624932075583,0.6176079168889693,0.11747076105982837
cust_7d003bce,0.7076818483275641,0.5080281528525777,0.30086174912474073,0.23847915682772253,0.18010850257832933,27694.50317849223,0.22481881585619554,0.6828828296718518,0.10488978496562343,0.46087022486361795,0.11994025889299101
cust_9f7e2bc7,0.7944248093028999,0.41423648136074526,0.3417378974245621,0.05278961376097375,0.4401447618937496,98716.81313451749,0.3384555003200205,0.3882622843774474,0.18727607582657,0.2823405220472963,0.8001130974250829
cust_83a0c81a,0.8962606914819946,0.6045582097357717,0.5719111934836765,0.08189062125267596,0.595697266923451,17746.42275943498,0.5164938289130173,0.5181220175938342,0.19531236414303993,0.561193883730081,0.06806165711140993
cust_5b522125,0.9210769802387295,0.45860439250439733,0.19721244066801819,0.3102392973385888,0.16783174834014689,45268.42285711924,0.42141694503502675,0.6648823481575689,0.1581954599794297,0.041290001075861026,0.09635031154694017
cust_999ebd28,0.21200028868736887,0.4127381582357431,0.05815790273594797,0.37097784902290976,0.6834053189350086,66515.8187339535,0.19522048409802117,0.6067061516993546,0.033814824410725,0.3231507951281929,0.5611406372291926
cust_8ff8c6df,0.4846552093026205,0.2082494533555814,0.36266841668221755,0.31654870720520245,0.24805920602928597,24948.797000223432,0.32299653659190947,0.7261651593135895,0.16696743533014963,0.1606184205662863,0.1427236651249445
cust_6d5fe209,0.8742905297090098,0.2637418671267333,0.1373471278234781,0.23125325382735212,0.050768433014655015,18433.168634685273,0.31655790464946665,0.7766147319344541,0.07057758278300802,0.11414618608000829,0.2661320861193246
cust_553e3a23,0.7760024956312319,0.6186636365047605,0.843232149187581,0.38460931230298956,0.12238569308513904,14365.802518998822,0.17457589006943874,0.6793093876912969,0.5273606386807028,0.45333962481069956,0.230022366894305
cust_819e2859,0.7987554216288859,0.20817280636306734,0.27560826855380094,0.47790520829898614,0.48577873797296695,53721.2612377959,0.4138366339212645,0.5027888949211122,0.17900731472521209,0.029975556274590278,0.8376648337118365
cust_55ae1873,0.712806108727661,0.8100106216833397,0.10580782434911234,0.10528550494305097,0.06947595723559957,18979.911017140526,0.4439296710587244,0.5519027743453326,0.007624633848247222,0.3138153322867881,0.03620944580286923
cust_d8d73f22,0.7986484526793707,0.38263800466443787,0.42389051517550486,0.138694787404778,0.133473928831241,16256.113081501477,0.6104232609225685,0.6661336295124856,0.19958651338949457,0.21101536195550852,0.19313646914203572
cust_b479d009,0.8904709543462553,0.324512031699423,0.6101978069435694,0.5233004794312198,0.2121269448188935,188261.00097736402,0.32940067176391347,0.21112538436017533,0.5260439924984464,0.14874031498086693,0.4174014687289955
cust_9923d549,0.5694932119658491,0.43223679459257736,0.36576410619903593,0.6680101500595734,0.2223423108813319,42301.779454935044,0.16601846316002006,0.396416191805535,0.25833972436744435,0.19296856660552403,0.011878145238171439
cust_71ed2966,0.8316824058980139,0.572225860684739,0.3408794314472452,0.2964072864585953,0.42613308084191726,13481.42556465376,0.27154189353442504,0.3459685834222808,0.311262404513678,0.391064567744914,0.0955401631964652
cust_761567ae,0.6723921602467283,0.6852686356297008,0.2866712860572575,0.15975113048518746,0.451027798813401,1587.8803455275706,0.6195187352941094,0.4871756350994134,0.23375845453768487,0.18424653095014593,0.17784606349255352
cust_1be4f8c8,0.8128972287784652,0.5808665743991541,0.5862103332794242,0.40479828716886546,0.20208817739402085,109779.96492768454,0.22326833973871568,0.39220052232712405,0.35157823487216633,0.40604568787447815,0.6753166935064
cust_f899fd49,0.7443215445408644,0.631591114240579,0.7505308038756325,0.2534174504032501,0.09430544550679923,19608.59625197902,0.2062509293499073,0.4832258310983821,0.4126686000742502,0.13634176679414106,0.30053395859514015
cust_53a6947d,0.9345304744389297,0.42704412695113936,0.565184006894885,0.32280317609438614,0.2832490985762373,48787.863602320984,0.09753002967078983,0.4314614025969362,0.46006739422198106,0.2957758512108686,0.027821384886944578
cust_f7b3683c,0.697903831170229,0.23436054584433572,0.21194410147727735,0.2269884043112747,0.09733159214569263,3066.850876845427,0.25904294266180844,0.7658793178551828,0.13695612745936198,0.13709413872061854,0.03438715884504749
cust_47684e93,0.8931976754865177,0.22412516096355306,0.5016818375334052,0.5123911094338698,0.5320390820996406,3454.2327184952287,0.24320036799328607,0.2267067203232796,0.2658533247307193,0.14243616771411352,0.00652800040169468
cust_f4718143,0.7158223988407142,0.6827720447500262,0.6033322771847616,0.3602041760299348,0.16764249635604084,57927.38321937616,0.20442839597394696,0.13083778643902516,0.14429470502180336,0.3785087707504526,0.44249635366611656
cust_742e4a48,0.44118584478935047,0.5639249414284677,0.22099321006615147,0.5126152067567609,0.5876636503795326,81154.88648938523,0.12260603981467022,0.5417519338141183,0.04017658530105141,0.35733307674920495,0.6699461549390935
cust_f351845e,0.7135088660796037,0.4942201928825424,0.4753805197608101,0.26160492850008027,0.3321343103347293,15516.505262324072,0.5271794903130004,0.39079946806706567,0.3720635911508494,0.4232728535039826,0.13830888982636966
cust_a1c3283b,0.8179301852570962,0.18073835475192482,0.7133987610683638,0.09155486288537955,0.1456763940845243,130098.32952907094,0.14881760522195012,0.6452667549456689,0.2812381668695764,0.11565472699776101,0.7270358005615192
cust_4741c647,0.5941234580509847,0.3968103024922365,0.13679604148329721,0.4099458582924793,0.23236523656936175,2737.4066481465075,0.15815968593453952,0.5794536843412301,0.09565548264325777,0.32029543516930736,0.2636023209046855
cust_4cbbefbd,0.7226897789967087,0.6851784114033493,0.4764360343494572,0.40473417002521117,0.33898447027845174,9479.812877861103,0.05293252886672467,0.5537610920653793,0.37510874319492504,0.19285816580985726,0.11855208195005629
cust_da423043,0.7237674039197873,0.42047814348283324,0.21905762840644122,0.21992037149921023,0.431611055985811,16758.350145560213,0.42688189141974503,0.5523020540747696,0.1311008611999824,0.3244245198755976,0.051702891046549605
cust_5aaa609e,0.565528587547497,0.5637021371526658,0.8026082949821328,0.31258072930880415,0.16775790970560442,4381.286810701821,0.07650325461282538,0.20748730974579635,0.2971932473261873,0.07882982464275007,0.06339757273107996
cust_3f005757,0.5025122820770678,0.4623370245740955,0.12188104190419555,0.1935004870459217,0.2193046012816795,19000.172315953932,0.42533884335671746,0.16733328003098938,0.04242009057992272,0.20104609504858767,0.2441577052081931
cust_924da9ed,0.7589080837037594,0.44184986165676743,0.24963928037684335,0.46489801754167853,0.2648681642923588,159824.42929045428,0.1857492380618802,0.8698813836452625,0.16265150863602196,0.0587329201394264,0.7721802686112106
cust_b61b776b,0.45742354755851383,0.32180067754012326,0.0905988258261482,0.24686003426969824,0.5005606139172072,7164.444755748207,0.1837992982310962,0.6505981146207769,0.05118794352342163,0.12625854561191657,0.04693694515466326
cust_762a9ad2,0.8309180975375033,0.8329867498780462,0.17381578619104726,0.0759756953870523,0.41119909757411754,1804.1724253045477,0.1788270913610193,0.43468547520022705,0.0626748813737131,0.6005464999613598,0.07084092659499934
cust_dabe8b6c,0.7471095629777814,0.22008575759455273,0.18863947866439074,0.14153517382321726,0.2855416159986181,81848.50579185669,0.13289367801693808,0.5225525853338796,0.09802412325099431,0.10986496530239492,0.5797517491361844
cust_28e2af94,0.5608213825437973,0.3547029521563947,0.06749100211689883,0.22771238228180837,0.27133952188159005,1502.491041227225,0.10407665555905238,0.5968833973883826,0.05077763059197301,0.09579759328070125,0.2005090297155005
cust_c6835e9c,0.8839477763707875,0.5377056398470311,0.2728662981664325,0.2711893851519672,0.027848074351843118,6479.128820808304,0.3277314992942783,0.5309642609897436,0.17224296280056156,0.34230940092866374,0.5522501885966169
cust_93ef7248,0.8905037276937429,0.3497178903025545,0.3190136854915357,0.38703602434785217,0.02891086874403272,29214.766175695233,0.5858153059644514,0.5209306659157179,0.22481932896090284,0.12490773897047532,0.052679311115499554
cust_0ee94f64,0.7128916761894825,0.41783533498019504,0.16104074380730732,0.23633704704527378,0.2029951994842681,15824.516166978043,0.2328714317476238,0.6396400336918756,0.12169181988509256,0.04805354387714916,0.37062214740436655
cust_42af3307,0.3732747101787175,0.6906231348260531,0.6725905984756337,0.43557090447586855,0.4702726935445686,17559.43310308513,0.13673257670495131,0.279651764513113,0.4212669069206367,0.4283398355019699,0.37086503310696867
cust_493ffbdf,0.72077805862663,0.6623066933728333,0.3012689644206598,0.34658861133720953,0.42112526995797195,12136.90654278835,0.45046777123554776,0.5028306622949525,0.1741900391028755,0.239958742249091,0.02132052709353249
cust_dc386f88,0.8320706581416375,0.2219848420397976,0.4310791038688541,0.2659434544232504,0.4631414384001813,137954.10886758738,0.29371047992209565,0.5711539656261768,0.32856890701200925,0.12131986751371675,0.42155516473332366
cust_19d9157c,0.7218371783291886,0.5774988558272649,0.23332758770957923,0.5201746559883648,0.4067917815076366,12897.194547950472,0.11840353444030141,0.25728916519222533,0.10604640025115451,0.24931208001768465,0.025181047396507027
cust_2aa4133f,0.48578273565888075,0.7909345178530308,0.32823259657238174,0.4982606952234392,0.31275471372307073,103981.2122111744,0.3667454252874869,0.2974913422518688,0.050545506462894144,0.4639529427095132,0.18006312397068971
cust_e3aceab3,0.883860865880051,0.6353909499071282,0.3249954530872375,0.3337922318851956,0.5589103448759621,17727.057512641048,0.2305932041311558,0.39888641568066624,0.16380067649267208,0.13934254471192112,0.20661258596448095
cust_01f82932,0.47984994726932434,0.3658319611228018,0.375200059921613,0.34424320480443316,0.09474157754250014,4043.7726158088553,0.28863677891098466,0.35294180418007304,0.10311698255095092,0.294960647094616,0.3156602466092999
cust_4dfbcaa0,0.9311614424279476,0.4733043602815769,0.4252572067050747,0.43367836814076544,0.3727029418026569,7445.705781447987,0.2082362158402501,0.7655924123799387,0.3696977989155914,0.34151087719340406,0.15148353027341954
cust_c2bd5b5d,0.9079394108511822,0.6109279643223341,0.5727001606402259,0.38906423205622664,0.0734905000199417,13771.741278634798,0.39146390810554177,0.7488344027680508,0.5489659316040465,0.23766430158559496,0.3185030663095873
cust_23012b3d,0.3847518928050198,0.9465171132319324,0.6451989776076589,0.1653958959201049,0.2752265964657981,1447.289337168133,0.4136613514572335,0.6050237988948752,0.18311949939737418,0.5711319650753444,0.08464679699140938
cust_2293714a,0.667346807451987,0.3619595848415739,0.18463197365157563,0.461180840290378,0.1544091917406843,31225.367647761686,0.6528101802267723,0.32387366369529913,0.07949642967991817,0.26382541839833684,0.003075587135018628
cust_46bbea15,0.674420106984009,0.3298386216443734,0.5435517410691237,0.7130330228111325,0.3189985689048843,21787.194812944457,0.5944344595240852,0.5269449399486682,0.2546832457088588,0.30452260516237056,0.09328212190178548
cust_c61142cd,0.9034447977790436,0.7498977361173347,0.3026876685357151,0.1229594289733497,0.25792789707734165,10056.439684706862,0.1948504523414452,0.5960222236359851,0.12289389505960208,0.21728049390221707,0.2654546836206522
cust_c4d4a525,0.5984199263043773,0.8326233208338516,0.7970344074080401,0.34456574165767034,0.5439979211171558,30412.340996095376,0.2712664023189625,0.5970692331311965,0.2738400095864238,0.20552800530619114,0.3618436988385237
cust_810c9f8c,0.9641608220642022,0.8737517655455332,0.47184563269403507,0.13606536000058592,0.07082626928381577,78868.59073419229,0.3013006176707388,0.26872143441626456,0.09892151205494591,0.38724679300216036,0.526798610421275
cust_9b9ce861,0.7017478563835174,0.4041011871647476,0.14886174299281796,0.14278736771035064,0.3752610177001242,10578.372484965425,0.07596442038067631,0.8723286856091684,0.07386153222969082,0.32213913291084484,0.4139454472909669
cust_c4b81fa5,0.3484878417439689,0.5454353894197572,0.3172215078979102,0.30229628049887025,0.11894315594341669,1587.2679730468453,0.6774916490070912,0.427415444556569,0.11408514650788504,0.11532715269410719,0.02825256799933227
cust_5a7d9b8e,0.9710046661025744,0.3056436812474998,0.22245410870006527,0.0690906611513287,0.21359542973535356,1417179.9245557263,0.31563334219524036,0.20617089114419035,0.1439485997495607,0.2083256101549231,0.7474476344066113
cust_6344b23d,0.8179734597375629,0.14062170096044138,0.07001187511625331,0.19847452380648684,0.506244849908638,28072.510076667062,0.7501326225292518,0.36027262944812594,0.044541336044456,0.07493858042793518,0.0906605618242237
cust_aea420f0,0.92682835860895,0.5111861802118693,0.3408345529760021,0.475250474628851,0.09288781707144146,92399.04750078557,0.3903557735181402,0.7571602748996981,0.11247328384003552,0.039088389350944476,0.766454122430294
cust_71b94d4d,0.620728520071724,0.4747840310921889,0.8204049203249725,0.23542902843518568,0.5582494722927984,6985.057342962271,0.25501655980431787,0.7963600554566334,0.7723026630488845,0.38338017899427407,0.11000420706060804
cust_472acf4d,0.5317933440611353,0.37634705300682264,0.47024395266933716,0.18138300338315144,0.11019813894660135,33617.28868078636,0.07143166740763127,0.5571523241210292,0.29315101356834483,0.2281864924157256,0.2186486588945758
cust_b538f529,0.8812330240860738,0.31819522386945515,0.27866692558078054,0.0898225654723638,0.1744840450339059,68123.34023584405,0.3466942262045655,0.6947219838641073,0.14978636412571042,0.04776034653807288,0.5877507451949865
cust_0d9c674a,0.4231016284658448,0.8213837147263041,0.11094285105430599,0.7116463396707321,0.23326082323928396,26797.989612839643,0.3822894707026571,0.26618149081888903,0.065900210866979,0.22833178903226747,0.04526215885793901
cust_89c71ab7,0.6111548440636123,0.5984498141825676,0.2906056857759934,0.17068457753436736,0.5590652635782324,88548.17046371986,0.6240007486127047,0.3092479412920916,0.08557070036433691,0.11491000424084466,0.9469968702629522
cust_70455112,0.7870656700065952,0.41119946645765176,0.17200049610133056,0.3545557231739301,0.4678327522766086,19675.986868670738,0.14919415786382362,0.4701313623443185,0.10379146485267324,0.12870514420122534,0.27215209555019626
cust_e37940eb,0.9241570607711562,0.6185725974032998,0.5052513773272028,0.41511747561713136,0.2634053113051605,25944.618231213084,0.3099266277930268,0.4332172553520256,0.25746672314805435,0.10767660947849918,0.35407984614671467
cust_bdd9124c,0.9596886380259768,0.6989218827390691,0.505727111767826,0.32377470428897653,0.43229648246416785,6425.106767735408,0.28676076752824675,0.1597335377428808,0.31191330981395765,0.44644955809065795,0.10086881969049016
cust_284dde6c,0.8404205786596028,0.5900334270351223,0.3764973557993476,0.3074326785179877,0.32638616399296655,1129.0884371198786,0.3976994738266389,0.4775635809691955,0.1918442853951677,0.1830483844263336,0.2029292253098083
cust_f4602fee,0.9719637999052955,0.6304660178549957,0.4796595211178448,0.21194165714679833,0.271781064856498,384419.4667383767,0.09540383591263442,0.4676428445261683,0.29371301317891696,0.06559181055628656,0.43682933820382386
cust_7d8fd52b,0.8831660850499106,0.6651023813962182,0.8061231364823442,0.15900053552926555,0.38105748714824106,123252.39869216489,0.07860572532718017,0.48163689365479245,0.5203850828725692,0.21390468273877067,0.8256947802943272
cust_15e6ebaf,0.5064065812265106,0.465418109744433,0.5307507092290925,0.32168973587746397,0.2066332841049746,26737.72653804943,0.0810055906738481,0.6306884719643574,0.26243290260422564,0.24893456308350437,0.0016134446464765538
cust_82e730b1,0.7249142512100076,0.4718820806453494,0.6437524846327132,0.1179691020125086,0.2930014931105638,533.4636578874698,0.35216193610192253,0.5649895573941741,0.18588345732571307,0.2896571632712455,0.5973772574138424
cust_498ff96e,0.9108814221142525,0.39449079139788745,0.4039094741547655,0.21344071799097472,0.5124079506981778,9333.77532393719,0.38961751514989085,0.46398475561747315,0.25715327903847635,0.23956263865238453,0.0390834858127078
cust_cfd19e31,0.7718067797685075,0.5131637035969459,0.2969974389199753,0.023996461146825885,0.8533145450640813,69907.18579821038,0.5029981054216027,0.5617065649692247,0.17677703464745548,0.07196008464272916,0.7538549247596779
cust_2733e64a,0.7266105184265266,0.503938540032693,0.25350297466654054,0.25439493003782965,0.6101487780759706,253328.68644038666,0.3465942683450706,0.7749741619187702,0.06619815340554867,0.04784757626036254,0.7088573306832799
cust_8383f464,0.7278570846714846,0.14136329746930246,0.800148229855142,0.19896826608239968,0.32967048713358854,8363.994729946387,0.06367971855351479,0.5932961642606476,0.10131775976862713,0.11996126203347686,0.25149135427387487
cust_41bce78f,0.8079912146832423,0.42769384083784273,0.2926828704620905,0.3461012067560515,0.5693656343320983,11868.683788379587,0.569133616996413,0.565969239352939,0.1377863227241333,0.2824097103611304,0.10680730701355348
cust_a157f910,0.886677541950633,0.5179173852642409,0.13839474432616344,0.09985625493477626,0.21545013435188148,127057.02130618233,0.28361199659702047,0.6484219026031491,0.0567827010553164,0.19733756076847767,0.5094554515646728
cust_e4366e40,0.6844892625810359,0.5800474399521492,0.5855135674224101,0.36614915640281953,0.23440326385843221,11477.8584090021,0.49471093147117967,0.4990487341427968,0.4128900845824093,0.2357990123563888,0.595533983071445
cust_af4bfccd,0.733950846850903,0.33947940098451074,0.35677417560312813,0.18211039816905608,0.32524624300774213,29346.376104232317,0.19056944286532448,0.4767121362112598,0.19879870673885083,0.21584219535293597,0.40283945811588995
cust_f2ce9213,0.6072920016925836,0.8373826689153583,0.5224594181833225,0.24921328001017748,0.045097900973844765,3955.927133253095,0.26558903595520145,0.8855387297515084,0.25728894768142946,0.12818546482412188,0.2545132659862575
cust_118fc62f,0.8755416882929643,0.5090363115191433,0.3230461978792277,0.24777950298629814,0.19933936207944314,25589.571385949763,0.5732043218981471,0.4554743738427631,0.2470096629304233,0.3732758134304634,0.0423172993621112
cust_6a1ee9cf,0.6784419851123996,0.46594219424784716,0.4773653957957911,0.18983989396922277,0.20907721110949393,19409.620689908694,0.3253360412891277,0.26601102613592437,0.2791847953240522,0.4512102756730333,0.22378226401074333
cust_7cfb1e3a,0.9518920723258838,0.6538268907595723,0.2361777150755244,0.2291857110666077,0.1744263914152605,13965.02922752797,0.4538333714713771,0.35534702704210297,0.13135858864107172,0.3330056406308885,0.08140748191387391
cust_f3604f82,0.8092743025814271,0.2577307358896989,0.17752596117568567,0.1275145113969145,0.2814503108358582,4545.781578751087,0.2272549541530288,0.5645743893988227,0.15792302882273807,0.2207336376699514,0.13151465407324894
cust_1aef781c,0.7983220979799228,0.5007804805032716,0.6285124384361528,0.246788241907709,0.495441005081659,2599.1457969341614,0.28587040226303473,0.7237145125438603,0.28591275247676606,0.19357015064397734,0.07932584858404738
cust_205f9ec4,0.9680936408363026,0.20628169327422716,0.10373372923847432,0.35818829558694715,0.18154592757696245,4222.552758688595,0.1674791796640867,0.34563132471313296,0.05169458858231677,0.041464183549065226,0.015589825096992761
cust_8d5997ff,0.9354757580898093,0.231102252668457,0.5954535407690564,0.31228386164006694,0.3470657755073537,9777.882621180792,0.4767224535990838,0.5380898370409662,0.08095943229651474,0.08925388521159722,0.2537038191165586
cust_cfa0e937,0.7076304525360501,0.5980762587926457,0.8269221721725506,0.16507136244502618,0.4502138878844943,23609.84823379108,0.08282532810184387,0.5747833441272348,0.6178388349127605,0.3779668034847787,0.24327847149763823
cust_64c53d5a,0.8229584357215289,0.8244437523940839,0.7458452743542631,0.2381931937862803,0.3412568014477333,47202.54488637306,0.19551431179477075,0.5444799703223258,0.57461772479289,0.4456339319434964,0.0540398805252313
cust_b3e495aa,0.7094510696416184,0.4569186463008557,0.543082969460781,0.5000329338192063,0.4437224797572614,32846.73451988078,0.1599521386565117,0.6272896871025729,0.2559421016748424,0.3981823556313714,0.060095452014950174
cust_23dcc3dc,0.6626968558644072,0.36306088818688875,0.3730667586084371,0.15372147965793337,0.22447760112765228,247994.6766349143,0.38620548877640665,0.3541756580747291,0.289189113615004,0.05701936434823224,0.5383659060323357
cust_62239af5,0.7095624808281589,0.2574756344247658,0.3681339909306175,0.18814166391667178,0.09591328250097039,20155.84257417158,0.13573176604985793,0.47774852021442893,0.2834645169949346,0.137296643708286,0.04183247658710767
cust_aab32506,0.7253226574926667,0.41841846107546987,0.17416203494456609,0.4092052809459436,0.47258030339243795,85141.18462338472,0.2286603517347476,0.7939751915860415,0.11514598132900569,0.13498271970675033,0.7656033857342476
cust_dea6402d,0.8764888484254197,0.32619004840515353,0.38285205259928945,0.5581545668609914,0.12924773315947785,11996.524337908593,0.3003576376729157,0.709615255638879,0.11298504347637728,0.2083994287163704,0.07616572370124165
cust_e703bb97,0.6115258940137962,0.3646675578218424,0.28189078740630863,0.33752532237970695,0.5352394321284726,237684.08124535278,0.3843235403984405,0.39796706534215825,0.22768392856599495,0.11212701319844547,0.544386491177085
cust_c80678c4,0.8136202420902988,0.6423927934623318,0.43580909451800715,0.33941544139254043,0.3530644970838364,44015.57054777487,0.156088656976168,0.35182520896421715,0.09803198336795087,0.5157174304599745,0.043366745450248045
cust_cd8a76ab,0.361294742936742,0.5967964013716478,0.37275264072222947,0.12220765415991092,0.16708744492187388,27657.672789747037,0.21813693544313903,0.5029460790897288,0.31830051982330654,0.11749499319827572,0.22575924216605534
cust_fc38ba17,0.8841945534252714,0.6863848280343378,0.2929383204680562,0.5988264009613727,0.4356128050917825,8743.949273265387,0.22136295704355044,0.3443541694215849,0.18524185683798944,0.5704534034923683,0.0521873692816112
cust_dba939a0,0.7889960475255188,0.3759971480065232,0.11127076096896518,0.299435555443204,0.3490964682973879,59974.2881782496,0.5722045169787928,0.5114703544426417,0.06445968807648317,0.16967150023824135,0.9134170580205094
cust_5bcfbd04,0.9414874693609375,0.4267670362633844,0.2048353713065632,0.09106427708243094,0.4185903989994614,7941.144654543045,0.38684437324859094,0.4392057764391074,0.15060728750441044,0.2597088086796977,0.020031286320110787
cust_fe23f6c4,0.606032296465805,0.7020919832472349,0.19573518471213613,0.37563661438165696,0.37434925808792324,35460.827031869434,0.06812625214068116,0.4523663623079444,0.06683404933409663,0.4196727581120679,0.3234201175503333
cust_fbd801e7,0.9530117646424702,0.4072090671842838,0.3239107874768007,0.6967787497560729,0.32284650697359224,132428.25632655973,0.1251076063040168,0.201769527226937,0.22845644012450927,0.3629268648630568,0.4038827417669213
cust_a475be0a,0.48721831727006365,0.45403020356397805,0.2970295228054656,0.383611547382805,0.18207868011911502,1412.1357225676131,0.4111246283756915,0.3332827637063786,0.2381853166281502,0.0938453359705558,0.13024908703859092
cust_00347c95,0.8320242430091092,0.38374943713458765,0.4511991301037358,0.2124706492933413,0.15491978782390284,40135.242999335314,0.43386991027411614,0.2817377588732255,0.11291439953638066,0.13756776444917426,0.11935223888012131
cust_744b337d,0.5778797771251224,0.5843872148747403,0.5157118864994359,0.17112764093852406,0.3026550397515925,43460.478146440626,0.31924330870679835,0.6312214531669397,0.47194499091409975,0.35665674003715664,0.002722212469450705
cust_9ef7610b,0.928146542931792,0.33920730553835976,0.4803507325118026,0.4136468646283314,0.38000257901838375,7456.612258385969,0.21297409168484438,0.37982499975391026,0.3479986234525828,0.1818994233213229,0.051258934977123714
cust_256fb454,0.785753219317093,0.7565541797478428,0.16879052978651493,0.24429081132205083,0.09696820280731315,16647.245910292775,0.46580021361424706,0.7250412648751923,0.14414557326446908,0.3081649067106074,0.4073372248630151
cust_5b3a59d3,0.8095076278463587,0.5366090972653331,0.3946346070714635,0.18086824312829472,0.2155445811874007,130654.19536198075,0.21575854879696035,0.581212302603745,0.28098011862531,0.47367298854565415,0.7455653848733332
cust_246f4279,0.9380660754914518,0.4129880062321142,0.16894517674561313,0.27761602899683263,0.42373157597871997,167472.53536694418,0.27681743701161043,0.35594421758376066,0.08812654059236216,0.1582862974618747,0.8363001793447069
cust_38df158e,0.8734950433991795,0.5237298018169068,0.3791108912232205,0.3407175725578746,0.46948235421485046,10920.387651916724,0.26909473627361985,0.7814129846403153,0.3645229680156044,0.4220900081730172,0.14269462922703208
cust_4acfdbfc,0.6876023623455081,0.6240578363679777,0.24718624218860807,0.017658454025195745,0.2841182325917903,92390.12254105185,0.23644180624412867,0.5273364431774266,0.14355680054243308,0.2642313682578193,0.6792914386193362
cust_a16c01e8,0.8860115381847499,0.8156599521980085,0.6531800935195574,0.3504919247631844,0.21127027621250935,162372.40226972464,0.4166031957802716,0.6831420797464905,0.45771818541778403,0.572214251084964,0.7885533009320257
cust_d256013c,0.5226488309049586,0.7072338211004483,0.3891240256692813,0.3636519067247862,0.20857723673356052,12867.986293653192,0.14151365250688783,0.4905117393973774,0.27875955153013676,0.5908505052869775,0.022762099845763557
cust_6603b543,0.7971278677420736,0.5628259513395745,0.5987454521791802,0.03713357522667189,0.47666600202581344,25125.110983350154,0.3738996443085671,0.4014195322261534,0.41927035618941183,0.21061455732826875,0.26742519736269116
cust_b751e69f,0.8260244276515503,0.6846431957998426,0.13985889233560778,0.07993833584309848,0.24335801259555642,2436.5583538495835,0.21548889738973712,0.5581972760933227,0.11472581483519687,0.20470929891047537,0.010394230358018341
cust_3005e1c5,0.8129208996546813,0.25734714975278256,0.30172197091491204,0.084960752766289,0.13120438165577616,4349.55561756091,0.05505808067525733,0.19906720243563752,0.2690756516074203,0.14435179197554512,0.16525881006647566
cust_0d6848ef,0.7019406086745591,0.4513417307773482,0.5446487716191678,0.16114633840301548,0.3290943889910118,14574.69359903763,0.14595053963341026,0.3942115410070392,0.31752125711890944,0.18170647056950068,0.006845646343803885
cust_00ac8d6d,0.9687677931197693,0.44156990611884345,0.5466336452857069,0.2370584366405206,0.28183039968399076,3482.7160088548662,0.2673378105042332,0.40692510598885995,0.2390900047301172,0.1987462752282538,0.15790256431745245
cust_32910903,0.8560667090457328,0.2652968985663951,0.30145027827117815,0.23405303041103753,0.2662679144914453,42115.77412619676,0.8765807139539838,0.48510560149257986,0.01776559496942772,0.13646305365672984,0.558171101481737
cust_07977763,0.7691050549766442,0.7214768893189409,0.35613384846732316,0.6883457531826547,0.1166395924953229,7102.789421687419,0.09902353562686475,0.8059510256773441,0.33233618734939313,0.27750798244542524,0.36616736048536297
cust_585627e6,0.692573051015706,0.5470844501325203,0.1917010083945821,0.19934109070769995,0.04550342067980369,29540.802741350904,0.4224730557699687,0.5112530060398515,0.05960320466883665,0.2763616169836232,0.32272295386051864
cust_3ab44eab,0.8150947790868142,0.4538179257430128,0.17265863455080382,0.35952283207100244,0.241400233355186,5999.7142028255885,0.6195077795705789,0.4057633305655432,0.0578307336830616,0.1930703279683647,0.028023857636519798
cust_bd130b34,0.930865505088908,0.6665274953141597,0.8883276120082163,0.5889083074162365,0.1846624872146624,10881.852756509239,0.5016174908057363,0.3474590265540557,0.5607957889090489,0.2559231011240833,0.18700035414765498
cust_38c0c07f,0.38299854739336775,0.19032663907721112,0.6524697216806365,0.027441051187554934,0.36283325113806014,231931.06055593572,0.10207429466478196,0.610922415581286,0.5472349659407919,0.04112714517470191,0.7534704455994035
cust_77cfa0bd,0.9271498035930276,0.542608600751207,0.29295116560237383,0.4996627382242394,0.11789485663369859,127185.43307658749,0.6665378800758742,0.7234170214219714,0.15397809447808697,0.11255292952100779,0.9371441202165933
cust_d091b075,0.9251731074607397,0.4040130127603211,0.41985370168329206,0.4679282729481432,0.16400803292988084,2134.9166290781686,0.27059510298491024,0.47194723394497756,0.17157573107641844,0.24427317181470337,0.10516899600312886
cust_553dad38,0.873580405611814,0.3949258149064305,0.47106447841381743,0.13509490656186474,0.36722339124590325,191626.77495325802,0.16622078127677034,0.4797884704789514,0.13738340171427174,0.134165210762616,0.8866495556103582
cust_2694ed5d,0.5970119250509307,0.5007210455698288,0.8217840328782063,0.20438947424639395,0.6151513748971941,4889.937786202935,0.3010734918337315,0.3681446646582661,0.721801322566306,0.21579135850628417,0.18526098091696105
cust_5ef1daf4,0.795434884264813,0.6497186078612153,0.08180311336740774,0.1277015123071867,0.34899673301835255,7879.457171574778,0.29791203556908646,0.3142918309905704,0.044289569631419765,0.5221464406319324,0.30553417979949987
cust_c3b29e15,0.8024440183795437,0.8881806971420717,0.3178751355439982,0.254385654984654,0.33931347544798535,1243649.6793454736,0.150438615299164,0.4833129341897621,0.1000244124116182,0.7810790211381482,0.6949494247317224
cust_ffc9a36e,0.7256330783123381,0.7168497637656864,0.47848846197799183,0.21081938227937225,0.26539522857645864,1477.668851843504,0.33920725210731345,0.5344923318444896,0.33459248588298734,0.505977487348689,0.07939428297934127
cust_49cf9120,0.8331725267735375,0.6081323794783042,0.5708408867986505,0.1899065144768371,0.3638744607454135,5269.525831483415,0.3263574076043057,0.4335233900831164,0.4871137212509035,0.4212557433091661,0.02379314654820584
cust_cd4a949c,0.8689633907782092,0.11313278665713174,0.6400212317795935,0.4140802394402836,0.605676647122359,54502.54644369021,0.2331439483741319,0.36318630655278433,0.2768424717288113,0.09954584075804848,0.8142659391931957
cust_454b5e8f,0.6341987374790656,0.22359433790451297,0.4230541175434934,0.4110122383592148,0.32045873432730093,5899.353548795259,0.7243555417438042,0.7224460451156807,0.17234975006971726,0.09298212628909024,0.656605092326729
cust_82ec362e,0.6411314338924167,0.5092831694762682,0.3613220424009296,0.3065835102386947,0.16459576569314918,521964.7191308534,0.2959440578501986,0.8625608824528832,0.26877207552735577,0.2060805453265452,0.6930854981926022
cust_35ee2f29,0.9214314138875684,0.3582912624354574,0.7431539378935288,0.2847713982555702,0.6186336628706807,16099.44720814104,0.4990336644244171,0.41036442892452973,0.2487921826155741,0.29988390007447985,0.02464620931569499
cust_28bfbceb,0.6583927797345769,0.3798773153061209,0.9120611664108851,0.04112880519632924,0.3127638544534297,159204.9129154259,0.3303231455847437,0.336525895270515,0.5347805567865523,0.2884483313796909,0.7661756000051477
cust_1d9b3181,0.8114217683936672,0.29613336649990185,0.6505180532861025,0.364765556968275,0.7224765750721203,25173.287518689747,0.48131852591731344,0.7445615199002996,0.5080563166006987,0.17506093576220638,0.4069259963725406
cust_0c3021c9,0.9289101397734039,0.40064934428365223,0.5281791153938694,0.2188146054923018,0.5236848027055792,39509.7660236039,0.8477880449817111,0.8265461693933245,0.38347664733267295,0.13983001244358761,0.009371637657823274
cust_e47c73a0,0.6544260944682333,0.34746470873569296,0.46601605535199897,0.09214749761530437,0.36347602182391453,145633.62955683042,0.3241334446666798,0.4421680532684829,0.35593881817600675,0.10613791079696293,0.7468339401254466
cust_f56b52f6,0.8496840897051735,0.4761515672089741,0.22506856914863352,0.22786252123958928,0.08962362484784289,56590.714320312174,0.2883299737752058,0.7387198786100725,0.16532835118889772,0.3949230451185552,0.5709227383302363
cust_e4ee79db,0.7006854717164172,0.2867530907631167,0.14080872472857697,0.2792052424789804,0.5683338388125511,52997.07342237709,0.4613636857499625,0.4289075363059125,0.10805861281535388,0.1967409572645139,0.874147787629157
cust_c940137f,0.7605304105244106,0.4097536065850911,0.33752279094304677,0.15189047613734927,0.1432622160561038,82888.8165855473,0.22672454740983547,0.46149644065885304,0.3126901140095719,0.26504391091598295,0.617778942417241
cust_4d4cd217,0.47679698521388375,0.3016093326907547,0.41544396953434864,0.13940956455073986,0.16605769912851095,12679.843359359615,0.22374914504474377,0.2399934990016797,0.2675341158310112,0.1811716457244788,0.007345728174415394
cust_6e2e50fb,0.7253245780674101,0.713971259581222,0.2415529811811946,0.39283196957192834,0.34069328043168295,18757.847881689708,0.05218264474761363,0.6893077240741857,0.09408727586042101,0.6297632519122379,0.14404470045698112
cust_925b0e5b,0.5926087948502977,0.5990059936573596,0.6197263658457264,0.44235714739446824,0.24288623237414073,11755.902703025662,0.163858366476709,0.24295891146151974,0.2216966773847865,0.4905919659382337,0.009859910590085109
cust_763c5fdc,0.9285532790841127,0.636509817572899,0.12011215313223758,0.09220351872620154,0.37381627586995153,78380.0358964385,0.29695479784054385,0.5924312527230604,0.0329622316763203,0.26306477881330054,0.5652093249934106
cust_26116a89,0.8090522405148479,0.8891815242266825,0.1784671263100942,0.42548926986887603,0.2677702501954576,12808.304601752328,0.26939467126576067,0.35597624500690944,0.08942275311334433,0.4205032839671165,0.018352369652661533
cust_17fecceb,0.4643516965869709,0.6127670903372814,0.5424645954605558,0.28471729245008937,0.3677335062267899,46516.95992595329,0.5874812753916886,0.5013320254583319,0.3088732403509075,0.20401098954887054,0.32960065900028446
cust_d3f0e51a,0.7705523118220934,0.46471737256710816,0.6949797081918992,0.24390320089814907,0.02311180021016813,50098.67636995468,0.3518745912596642,0.833189787108715,0.1807027016763415,0.09329237885643625,0.5826865201983694
cust_ad1db816,0.7674576685802215,0.5037158113001008,0.36000992751927136,0.3382485106884824,0.36101467137108106,9628.05060301852,0.3658947151597093,0.6443203175065646,0.23351349197850477,0.2881927730802582,0.1522787005804268
cust_0e5b5ec8,0.7301134488760842,0.30517436368000955,0.5308899735651588,0.05041056285215097,0.5979667827442867,13083.851318666226,0.2306713105991738,0.3252075335294208,0.24831297816095543,0.15440196071875217,0.2572085274036304
cust_0856ff41,0.8087728555790974,0.5684640457007508,0.07732786535683757,0.5776103524999424,0.3721714402059619,4987.437430599874,0.2966008874390368,0.5853113708813654,0.05739004611479737,0.5468954502481048,0.037502744573058425
cust_2f53a6e3,0.737031206995237,0.5299542333294409,0.3685172001671186,0.2332882656386677,0.70191342454577,80792.82790685688,0.331840656252989,0.6476473151283704,0.15422860765006405,0.18211756310701294,0.815460570985376
cust_75506ca8,0.8535290621097951,0.14757162673308283,0.5959675431114806,0.060332942059416916,0.2977264354408955,217187.70383525436,0.5226896036982713,0.8913130611470308,0.25347477726240253,0.057971682406105375,0.3321691169514058
cust_5bb5e5ac,0.66027226439041,0.20889171313668178,0.4462142931168535,0.3506080267306216,0.07573950425911155,52921.91218872681,0.24038464072741783,0.703626855430993,0.2596632538169591,0.08910555628765279,0.7635381421763329
cust_715ab928,0.7118083924076041,0.4460192905599918,0.9565665348444756,0.31648951955329124,0.04835138152050131,18530.095782526783,0.1514951200962404,0.3218336032353102,0.5335810651724651,0.24557449299537304,0.02671441475669749
cust_350a4fc6,0.6879706721671944,0.4861591331851223,0.6177787729033153,0.27855019253456825,0.36409116801747227,7258.257733995078,0.288050118814299,0.44459554073492136,0.2067334421608701,0.3856860724937487,0.17507569569182563
cust_474478e7,0.6014748750773024,0.2660711300586787,0.3970463630208878,0.40474383570099476,0.33016451385049633,13986.670203420326,0.2773192858916633,0.6833354477993611,0.36814989397767933,0.14858023765805012,0.1254440767440123
cust_c5bf06b2,0.8020358726233535,0.2793690554994575,0.5534712980069255,0.16623850752855365,0.23815902104731995,1950.923003334375,0.16594386658893448,0.4226978254830435,0.21698985083438319,0.05870452079360671,0.04303335607465801
cust_25aa5c0f,0.798548975988733,0.6703528567197038,0.14743350882562162,0.3034620384569734,0.3157674728789298,75846.62078437001,0.2306536374608229,0.4455872360723461,0.11392650972956822,0.3527609663204289,0.5817200184402388
cust_24b3981e,0.5736612527615242,0.6864737848445804,0.36109876826952686,0.24842751951528452,0.4926318877875289,232247.63786129327,0.361778761790705,0.5898405821022594,0.27681945680600334,0.27805714244695,0.71471250609163
cust_609ff759,0.7869458223145774,0.6047660312153231,0.35068860017256315,0.19730422581649076,0.4623820745353525,15300.732125876099,0.5801448211770006,0.4754618593279052,0.14958461739216716,0.31015432252097247,0.08910547359830916
cust_60b9beec,0.606700894471633,0.21904224068729858,0.20060995271024523,0.21173319089831413,0.4204689612928643,933532.8763358605,0.3530673800064933,0.14888264848304755,0.11356703702017108,0.13993532740480558,0.6490547896875574
cust_57f19044,0.8320433261726042,0.172739731418218,0.41834352481953796,0.30462378886124086,0.3714584146615272,12081.29725750777,0.0695904929828141,0.18205377590439123,0.19503984760864537,0.03170606451738551,0.0062091549137142515
cust_acaa8559,0.7314312097520953,0.44215924960769915,0.4934699239149302,0.2391981700793582,0.33157806353300895,115420.75806410657,0.053930300082892964,0.5965288831545842,0.10824604166629788,0.4124282315425179,0.898971279664616
cust_f6214ad8,0.9179666319393631,0.3613146865881628,0.7107987410039414,0.18470517244193457,0.28173033486492394,24690.098132911146,0.3337602018551067,0.32170389928417226,0.45274870488278796,0.20154436514837998,0.17701902872571254
cust_9d910b0c,0.5884134515390835,0.3851263364876218,0.6118607136378595,0.1683506605715995,0.3132083928503923,56078.27814035067,0.2171152573115898,0.7306558496725027,0.5060917145062499,0.20726493024715267,0.6389346043925151
cust_40f23bbc,0.9253331923493856,0.26119616047020244,0.5731491315045765,0.3662749030120885,0.21419683036002896,14617.116285885118,0.4373192906410406,0.4563177494486609,0.44471134029581283,0.1637821042034992,0.02569187638343306
cust_0147ca59,0.7995946335240431,0.4714554663099876,0.6769845968297942,0.29968698486963935,0.46628066409794544,95262.86903788711,0.4631192643562629,0.564731537996386,0.27939657076874763,0.32350170492625474,0.6737485645046607
cust_052a06da,0.6156723036310805,0.1173205775754982,0.1963356350721279,0.27606679963891867,0.5877458384296026,39138.71676632946,0.18352621264240168,0.8423498306742377,0.1952363296544053,0.015295675500598589,0.38912087250341026
cust_81e1abc5,0.8874833047126858,0.5055693223927912,0.1745221913980615,0.7042636184417015,0.12571059141057958,14943.969201576609,0.06462114222446538,0.5347433170198798,0.13715279266348906,0.24917513513926384,0.020651847237332304
cust_ec974216,0.9017930400863168,0.48734734715561,0.41689770363452133,0.03542747285068096,0.3394151665471472,131000.38333959162,0.6005561293871529,0.32144132066900316,0.18534750586389473,0.3905461098223166,0.7990446238875444
cust_aa820da5,0.8871132776174301,0.5622895047874742,0.23837524588020045,0.1236008233559194,0.36429854986759025,103244.06965240485,0.2807282822362187,0.47022615732452855,0.20666756215800683,0.2351588009853719,0.7310876486074949
cust_9303c739,0.8662865089248307,0.7163921888360596,0.28758514987378286,0.1767389602586345,0.16690032742121183,162000.36198151627,0.3653474857281875,0.6193997177242108,0.02079544139912838,0.12738903835519752,0.9537228544103472
cust_8a781761,0.6482911697110862,0.5777262341016801,0.5281539894964646,0.43459908947325476,0.4815342218503554,52483.58477594467,0.5625529413834036,0.5584389467151447,0.39311275416180297,0.23473500764379568,0.7879713931621043
cust_5fe23a5a,0.6718888505218223,0.6439478205696062,0.4804967239821283,0.16079928847138095,0.3382593758403371,5991.458282330215,0.7304736922755862,0.3831308225091868,0.39633985548306533,0.34882824792699924,0.04947283987490445
cust_80627808,0.5673719948162745,0.3894019488428516,0.5045351937756285,0.12856539982885049,0.215628434151017,113250.05458842155,0.10198736578395612,0.8112239077681908,0.35434302003385343,0.1316317606958291,0.9195341967113
cust_a65dc3e4,0.7661287522805496,0.362037984444222,0.2458853519119522,0.4771887614192482,0.37052491990181036,1920.596528648617,0.5585401445869379,0.21955437259010682,0.1597508025469686,0.19397269938085523,0.15625180621107818
cust_9f012917,0.779117973217832,0.44663530713691246,0.3458159635090721,0.05168305352685468,0.07288420206967829,25148.07434787267,0.8784957554083124,0.5084454424750446,0.2141684424642426,0.08905315324189081,0.31293025314170125
cust_b47f0bde,0.8583706684107074,0.22815225457252877,0.6668524871960865,0.3220558729881166,0.6998433968171851,1914.2065247612593,0.5012370345988276,0.41429795774297307,0.45780614219729415,0.11766530845949538,0.3872179805263826
cust_2db01bfd,0.8609291025565717,0.7311157950013242,0.704105347183037,0.3585848035411067,0.19458690886458407,6321.946144688869,0.43361052567655,0.5087290149447933,0.4377108532872017,0.10698590240363676,0.03124543167487202
cust_49f316bd,0.5141477345674909,0.08853721574799239,0.0934772262573067,0.055177433392683654,0.3670144746333802,40061.32229537139,0.09419683091020734,0.27397558115117,0.03396559735109134,0.010378693165046436,0.001700811510381903
cust_7a607a82,0.9662479115910498,0.3232204240133494,0.37958086220614345,0.22007730285305077,0.44156375492944655,14661.659835317347,0.3349568299108936,0.44804556659043054,0.2777067977041954,0.2217138042415073,0.002079764703801431
cust_6c90c0e5,0.8847629292071343,0.4964831015614277,0.1111360557608164,0.3047974846406949,0.47559498243840687,7767.791753724491,0.200748733973898,0.6163653701124729,0.05593696881468463,0.14585817034864146,0.24913130730403543
cust_7b91faca,0.8438509963296915,0.35389807772802373,0.06078873830380014,0.49022175005741586,0.037155804340080915,33993.19806946856,0.56021622881676,0.1574126924165552,0.026980471763505317,0.17354000419192686,0.571849210013796
cust_1d0307bc,0.6561489303228195,0.4949871424981317,0.3197107067583978,0.5951554443856737,0.021925714480197252,68355.88927630015,0.48615409546962346,0.5216396272711548,0.242464219774461,0.28576270322885355,0.8803883623394128
cust_f82753c0,0.8285139882000349,0.3124264167763466,0.9024440363383428,0.6030558192187602,0.33539698695501285,6711.168855825554,0.4484958339389585,0.4022405632072851,0.25784310369111235,0.25574028965831536,0.11778647207556985
cust_09906926,0.8529364335008282,0.7431064379890885,0.6451900661418554,0.25465889058235325,0.6995487506697573,1238242.2722395773,0.26237122677584873,0.8120925256971647,0.3187270540220726,0.4436001026142498,0.7179789040139353
cust_4c091400,0.6747438906607456,0.5771546041775379,0.34867844940160847,0.03983770822488291,0.36447531593497445,4279.390494161532,0.5862699006000716,0.32076897379741015,0.12058315351097584,0.1512912632948201,0.079968579447713
cust_d7f30278,0.6539164739526262,0.7429345781530893,0.3369683430210287,0.37114151536762546,0.13011500326411754,14480.820917317842,0.3079267313721554,0.7310888090310809,0.15062742097924026,0.5638241272776652,0.04803549767570075
cust_7d6613e4,0.8117733506193711,0.5706359381192861,0.33669608733306855,0.37312167319470735,0.1279944125738805,48802.84871110526,0.6032214200944035,0.7332894902670459,0.206413918480924,0.5532002154026274,0.08392827503788237
cust_9e34e7a4,0.6381460382864159,0.826355167811367,0.29994463278501365,0.23860988832408864,0.18238304253952778,272551.07076038746,0.13330349021193816,0.7054879946799066,0.2813994073319923,0.46737471879710385,0.7176569658441511
cust_ce844267,0.544985064271866,0.8267731015296244,0.1027006773896277,0.5404782271509937,0.23897737181016235,41705.1754216075,0.08000705288045194,0.41500614650769047,0.04208667959099338,0.5990133952618025,0.020714853470840133
cust_682b1a85,0.6064949659314822,0.2543574395224189,0.14364554721258158,0.37456123526596374,0.25101920789733123,5519314.6833197,0.047054595335957634,0.6027460009896265,0.11560590382905668,0.22843055158910508,0.49140016958158705
cust_ea69a8ba,0.8284805329570443,0.6331972294495049,0.8526235278061887,0.24331392987499464,0.1208874943420301,17023.210161137573,0.1174006864351762,0.24006471723954828,0.30242139035655674,0.4145697454618561,0.12126235580053349
cust_739525b8,0.6042764801653822,0.5723042317498997,0.07346107400433936,0.39871606744721594,0.6011117370677839,63875.79132934468,0.28541613999503906,0.5038951111466021,0.05867764354270239,0.23905957734954972,0.6490939605112046
cust_8694a0d5,0.7858378169798445,0.6781567536187186,0.6684332606244231,0.2725598024271557,0.5588125237734862,100776.88994417131,0.16622021605178564,0.6727403404449604,0.5250864657683829,0.23146944548825837,0.5612925899983816
cust_dfce287e,0.7345507775645361,0.3441993770782768,0.15934160165301925,0.2691146573945172,0.5467086296404671,44663.846011350965,0.11564462269173262,0.5984052232939208,0.03841951002024409,0.054852458414458606,0.029227998167934238
cust_bdc7eb3c,0.6273653246061466,0.5646786712860669,0.12495267262137362,0.6833800025023339,0.5135369794568749,23711.4758472979,0.15828806689603583,0.7427639869975129,0.05449753095818519,0.35620003264771155,0.06455964002161418
cust_f0609034,0.691952461159507,0.7867860921502453,0.2792087689903202,0.3302218101082503,0.3391944476964453,16193.885508925048,0.19441178523126007,0.5708249888608578,0.16770510290715301,0.46626246767526336,0.06175446840823135
cust_71acc361,0.7452953725906869,0.5932620592084038,0.3375026803670614,0.2899442573685243,0.22433397817357165,19341.18300141024,0.0470190434937176,0.20576123821884418,0.20432804493338047,0.353902626935232,0.1555108599144394
cust_82e784b4,0.6098897815199276,0.30988735812661544,0.21032119847663605,0.3571426557669675,0.3221197172751076,2860.7882069185653,0.18131409168465765,0.646423953778231,0.08076005333982751,0.22523694920763446,0.43875284008172033
cust_5eaa7bba,0.9061258430811315,0.13665614541827678,0.31225872628221174,0.3300070458430005,0.31670719863363206,16175.992875795471,0.34910224847221333,0.5855592008403818,0.21626345717500767,0.08551212574219254,0.12381275568102106
cust_ef41be00,0.5460500195614982,0.3647186532586646,0.2150043425574433,0.3998768690959291,0.24379621047083988,6254.433713475038,0.1311885908212317,0.531576573016663,0.10678057968252858,0.24520579242882523,0.10917361572625633
cust_9802a3cf,0.8890930071648917,0.34753429108264877,0.09527342399853758,0.0943678108086065,0.4967124431686307,2871.192343073965,0.35162269810763114,0.7027454686466005,0.07729468701683556,0.12501874362844737,0.5263904296882781
cust_8b9a351a,0.9142501819526218,0.8326125866950158,0.12922174842301168,0.25505337712807463,0.1704343902826126,10083.957134797354,0.5988598529598802,0.8695563747876466,0.11978062007761996,0.38554611733983185,0.3178078193823193
cust_f658429e,0.8507344675019145,0.3005569784181995,0.29617132454366085,0.37647677992000084,0.321248692710627,7699.056309466847,0.12874177726439312,0.7122799984819795,0.177612451358632,0.21150808432810617,0.0015110329386061466
cust_7e15aede,0.7058581588371579,0.3691745859157605,0.7843353105090777,0.30993976288008857,0.4272308954289346,52791.775841298404,0.4863874391008053,0.3934348623849097,0.5093680415431155,0.20926861177567882,0.7611523278254934
cust_36026e18,0.6495313137719397,0.4424394596567712,0.37479369299215787,0.6153997126029125,0.25489353229376627,117834.33517387547,0.4014178251894765,0.5803718532011443,0.3192478150940807,0.1313566360871519,0.8704351302586423
cust_100d19df,0.7791143423433216,0.699436167018718,0.796076661495308,0.2859181239704525,0.21205791194874515,14157.294205433389,0.18389608719840614,0.5072189230397776,0.4957258265849513,0.3526673290092133,0.004183552076970328
cust_9dd3cacf,0.8412148504892893,0.2420885898715559,0.31435936715324897,0.09381454055459831,0.7802877297448065,1682452.6535993295,0.37864679914068144,0.7527502505185806,0.13868433131939711,0.06236997091090819,0.8763935733353856
cust_8b41f7af,0.8034318691724851,0.5003457298620961,0.1724647769224235,0.5093951423356005,0.5476812282690653,29976.381776189082,0.40114679107283663,0.572137306383958,0.08301573798905743,0.22087842150106324,0.047656102892154294
cust_fbe6c14a,0.9908435247654415,0.6101573245357236,0.40483991131370356,0.21844103876793972,0.2941100098806271,29613.803560228997,0.3921780997437915,0.3266579686391232,0.3367549024691404,0.04412263423186401,0.2755423285581251
cust_8f616790,0.9365164320767678,0.22998720538389894,0.10963607735280258,0.633286452743946,0.27721404947759204,10696.881916339607,0.2974941076746704,0.2800035670338254,0.07080225075936092,0.10618173179087753,0.07154424429746797
cust_c8e263e5,0.4157980883380928,0.26877016166265105,0.7438887299572261,0.28740457929375385,0.15621404679072667,659.5740375608922,0.564374796685328,0.24823523826233707,0.6267402473099225,0.04625047360141793,0.16708736998795704
cust_40b07503,0.7779800264261534,0.3670449491445237,0.6157176619956346,0.2767221664876229,0.15407385730233272,11501.137591491562,0.3113954339159357,0.42061296846170587,0.3859908506405183,0.20837631728978964,0.04227579554073303
cust_ad99e8f2,0.7504244434957285,0.34565797538820137,0.5684366522156492,0.49298861172339253,0.5492954481748168,4359.9535348304335,0.26649384249828284,0.8183878991461069,0.11223092046548623,0.1185267461208789,0.2475257520861596
cust_21d94155,0.8203307492464912,0.5199541892327837,0.3457966241033489,0.26238627898588296,0.02834466787944995,5721.883547277258,0.355372369467727,0.3265778337816073,0.16913160656104395,0.3243097136522897,0.011858889691262088
cust_84b3f372,0.8211737804771327,0.14840708869276367,0.3669768960268162,0.0958748053943729,0.20218428722404314,95479.8553608851,0.24634314242847877,0.7225162517420316,0.22667333159846187,0.11245051027193127,0.8060793604859399
cust_0718887d,0.821244339489438,0.31318619859031066,0.10362627054360546,0.4826054039789409,0.21481127701464747,8617.221759851658,0.27135851585238796,0.46309468018659034,0.07033941437403655,0.2478830990868996,0.0308861304409283
cust_1a9dd62f,0.7926251543889236,0.6660312014346911,0.29603408082521826,0.055530925641856965,0.5234966083075222,25859.20828237477,0.37492691645243015,0.45740115453647245,0.1943556816178191,0.4933321361078416,0.04452070821253361
cust_a7524749,0.6346944245535228,0.7050555059735384,0.14929617940847428,0.16287103707238446,0.3115223229894892,40036.67197580069,0.39953371626282586,0.5754394240926538,0.10190909004064491,0.4890586534177381,0.011275068825267315
cust_5db71482,0.8842234817159252,0.6550737096407329,0.15099899590274632,0.030145540999591165,0.46115447392458125,5587.068894378482,0.4888855095602142,0.2892805899533987,0.08272833850904236,0.22286400620516716,0.29231506103366983
cust_32116374,0.6977975889325826,0.15921327030207574,0.32837988593948275,0.15163316742920982,0.47105834136652347,29389.865525687477,0.32109269694826487,0.5498640553521418,0.2291798682675429,0.13265042843297634,0.054300181600465576
cust_6c3e2937,0.6653605090234542,0.1614918242385512,0.06564287545643113,0.28959619490207666,0.17694812737841886,6687.752576624587,0.3384486257730256,0.42961996217708553,0.060189621210137254,0.00611939043215625,0.2139042129100417
cust_f8e34eb6,0.5966110293624619,0.43121490054825884,0.07446344772452668,0.4379223649163408,0.027785928645255364,2077.42462161079,0.29439757051985654,0.5448999580211688,0.02711346304186403,0.2314820564245332,0.3149684804934125
cust_58adc5af,0.6482499465860209,0.21164681135664318,0.3738988935882211,0.5392777640900253,0.30758853930221647,18443.929296127953,0.43013091648386387,0.6075474810920224,0.22154936702233893,0.08139959888308877,0.005879429172597955
cust_72d90583,0.795209395450448,0.49904966612908946,0.9089401594502325,0.5125783257286806,0.43124865525821277,2979.165921478565,0.6094095317279407,0.3955104446312562,0.6035975088240262,0.060447565321298836,0.19839052017817033
cust_6a39db71,0.8175604844987673,0.1234328159695413,0.20390028844726876,0.44685129001323426,0.09479604621065023,10155.52450421331,0.026777030760703684,0.6413616639732002,0.10955113270545834,0.04832884298103334,0.426343512550285
cust_d5077a6a,0.7431685548385902,0.486438495196822,0.40458925637987225,0.2878877323210704,0.3996207250902045,4071.580740339659,0.7465479325000571,0.45343317240809294,0.2184394018628263,0.1848865868807156,0.03902672255927385
cust_3e361dd6,0.699191831066095,0.5935317153252717,0.6881660193869942,0.02496110404367095,0.1796412588504452,3368.581612140751,0.6886542398516179,0.47169557448090677,0.10212207803237018,0.17861673629833064,0.19691751688176726
cust_5063056f,0.9231419507174038,0.40571899028023495,0.44503450986943843,0.26512737181280327,0.2853501777361827,4231.041950424589,0.3582131884058382,0.7868444471742836,0.3923696077722491,0.17029227227915994,0.21822162772207657
cust_2b2fa2fd,0.9537437884553595,0.4295225919670504,0.38613702418302653,0.21847422624198076,0.29484516017232276,331680.4478613746,0.27887801511913324,0.408003172492636,0.15587964836549492,0.15836440989846912,0.15128880269389292
cust_fc9ba103,0.7697948865027742,0.36288478623647846,0.5986117233018631,0.09905849976084298,0.46031057457050856,3020.6020582512488,0.511791369864994,0.44773701171709407,0.39196297062491847,0.07645486818949163,0.17939966520868647
cust_b1a6add7,0.8199848879740744,0.33132594153605993,0.2452662906519602,0.30167336102128023,0.596872063903445,12977.31362867443,0.0994157125383781,0.5576824710444941,0.07011872208232381,0.16856158465022406,0.6868147322477416
cust_5fb17547,0.7682643865617669,0.6142076440917036,0.10017563947057473,0.16556161613151663,0.21745255618838547,2685.4701612962845,0.49913045474478385,0.6774131009376237,0.07972074822309269,0.21636224725147987,0.5290356137531634
cust_ac7fa1fc,0.9723370894841826,0.6184634887418894,0.240210230928574,0.2053056080066397,0.27040713151937257,87563.64431678703,0.4595968365425567,0.42388134396410704,0.2079460525327125,0.2618308316141979,0.6578330162263426
cust_4cae6be9,0.4678286918286691,0.615526169997758,0.04809440965205543,0.34415025731695403,0.2231369581947977,502309.5558939298,0.41231020018697107,0.6769682637767869,0.018623330796160697,0.3331435602622467,0.5719335307053585
cust_2167a182,0.7045278870494268,0.3552891644989277,0.4774003660876331,0.06675238432771496,0.7774459952420851,140104.60975447018,0.21597479020309127,0.3270444842048302,0.2795163957591146,0.1578858905065344,0.8599880075711753
cust_32af4860,0.7785783882179642,0.3488320743082249,0.10795690019279526,0.2885257659165903,0.316895046251749,7691.765610965778,0.07830673184366001,0.43218791136725926,0.03554659931294925,0.10530419776653696,0.44117121255348674
cust_3b898f1f,0.8726400907081214,0.6926892608133826,0.3178135266849148,0.04591006707717792,0.5443820339500863,50907.63127396161,0.16020020611436245,0.42047768041386996,0.1894665982630454,0.40371065314894783,0.7746468416238133
cust_4d6df534,0.829787586418529,0.4628920068638206,0.5132097155804162,0.32246642041326495,0.3404509819446325,13993.561123087376,0.25862864771137517,0.48745924667834795,0.16170784971355256,0.13581385015351796,0.03272893890348486
cust_6fb235e0,0.8931305440658297,0.5143885679274267,0.3851164152846584,0.19685973886863983,0.4583427266661111,64893.89091311198,0.2640471413667645,0.4669228018366901,0.279627813871316,0.3435302479462971,0.45814564962141313
cust_248ad0b2,0.8806518185630474,0.6918103929135174,0.2280554894276159,0.6485592913975597,0.39659004463291286,132862.93230061035,0.5016655383948161,0.7113905954919524,0.20707133801156002,0.369057294032407,0.5639812760376216
cust_71291c0e,0.7678679612552116,0.23526061470021836,0.5253771824361033,0.37080535161438577,0.36475850346163186,22059.162778334296,0.48015122474666516,0.2539840489135754,0.1525532554322217,0.06921654954025445,0.18207211912052526
cust_de021eb7,0.6674836018322743,0.43822523602791275,0.6766366414093792,0.2506463406647034,0.8557107735368885,119554.56199396338,0.082606173267617,0.41353181547800466,0.5661659672135001,0.42571148211387516,0.7939436624718338
cust_c669a677,0.7789249253066193,0.2443208719781464,0.7543618437672663,0.11510521806971424,0.06666676071989787,119298.82662799713,0.5118260163317788,0.5017612718100133,0.5200651608509382,0.15059237664180147,0.7818089563916011
cust_cdcedc13,0.606520827388986,0.44544873138298197,0.12492983846730883,0.7391422204785545,0.4422218936642259,2209.54904204456,0.12316733028557787,0.7684146956651152,0.07632474904253381,0.1960236947604876,0.16639368510466
cust_fdaf3d81,0.7756877169688169,0.46823839571693093,0.4403102391250559,0.30555060074865487,0.7435727775636166,30878.793185800176,0.21819923145123934,0.46950396212144263,0.3789120871921185,0.1386685023857376,0.00105903863796889
cust_4c65fba6,0.8143040192244289,0.25046255745362245,0.507416016259441,0.3484882763960095,0.3447627115112942,56008.02901805269,0.20758879700423374,0.2423661460458897,0.2791804798204422,0.17992905976563078,0.5150139115201251
cust_ce3f48f2,0.7026810065111686,0.3722369485768734,0.5674070838998824,0.12828784217373387,0.20542654490623422,37836.33673355049,0.41554664123980944,0.5512473964259041,0.36373202821706013,0.12832806975801214,0.3082916449229148
cust_9ea7578d,0.46497235763598704,0.7287854751603905,0.13292377112288695,0.08049694830472681,0.6802904151590096,5547.123965435104,0.4913370138513881,0.6921756745341318,0.04692326903465008,0.2669689759080558,0.14548456351775907
cust_4115c2f4,0.81163522895917,0.36019857246114234,0.2098641603177041,0.17476593764289775,0.40024005029322685,241971.93141643165,0.035286843175037094,0.4558004524896169,0.19712562302107403,0.25982539853759407,0.56925889913015
cust_f92b4123,0.8800525613719299,0.5537423852693987,0.2910587024464487,0.30584885771016757,0.6096431285211237,183246.58115052036,0.17451098843943583,0.3930010082986101,0.16875090051552216,0.21490754760419348,0.6124656225320845
cust_fd91d740,0.8552742473750496,0.5932973129155614,0.509855727815355,0.314562575824408,0.12513371693621744,49501.53628499263,0.048909269688582634,0.6227234639925895,0.16741843140066748,0.2129594144928707,0.04661636698655125
cust_cdc5a6c1,0.3674477613789617,0.32127997331739333,0.5075278306432767,0.5153755528967023,0.46580784043295825,55060.37169775388,0.5107318431957061,0.49136205436875796,0.3911553930219027,0.029419969362059397,0.7584069677018284
cust_07b7053c,0.6958412964457209,0.6345303535905731,0.6300492891078735,0.3209545250989626,0.6267609273060762,75803.59481329686,0.13419135577417682,0.3397202265377553,0.16287386721360878,0.26756980187604723,0.7558732625649884
cust_cf0a328c,0.8782159351051544,0.4728535770624286,0.33962951732791885,0.4248830033831905,0.5074596861937354,460626.0284031835,0.1425909807749176,0.6029514242611969,0.2569824203036593,0.15715167849900333,0.4825882345741185
cust_c7eb30fd,0.7322057282775379,0.3246724965669838,0.7538035061976257,0.21038472431122854,0.18320918180769552,69816.61924504707,0.3634970418717004,0.7510239478839829,0.30042508566002374,0.08162430955683211,0.9475561478011846
cust_f81e0b65,0.8435215107830727,0.5487536686563481,0.4255753788269253,0.441456881163947,0.3969860644202894,2527.2903095739193,0.16786168018026207,0.30759442398120374,0.30002324396587243,0.23659968981786503,0.5413029006989104
cust_bb2e34d7,0.9570611213015557,0.7185166028121669,0.0495044959656098,0.3949488032148867,0.24251650061414368,16496.671549907493,0.3747124916595976,0.23744470352668764,0.02477698355395645,0.6980121956982134,0.42976272278514344
cust_26874579,0.5377659496828071,0.5186581396077549,0.7473519968797561,0.2586829296904194,0.02933521073669354,4066.0549796436626,0.028626260470268648,0.9305308052917441,0.6066384428837789,0.3082837481225293,0.18840535019337717
cust_ad1b64c1,0.8458519683720266,0.26258181482401544,0.5742587719628869,0.32473247632644325,0.203929956100518,16406.014786017666,0.15817138787129886,0.2454763841627579,0.45125615132198776,0.11662972056148095,0.03851660483608437
cust_4cf3fd0a,0.8170326753368543,0.9086973770342422,0.501065169345068,0.6175216843123679,0.15725987572677735,27359.54807716091,0.11592953380911146,0.6734374550060306,0.4309086553104319,0.16382072132253445,0.03343036888222502
cust_04235c3c,0.6726119922400932,0.09973297037296305,0.4352970684641817,0.14703154595495543,0.5185517981035863,2923.2503327834334,0.2364507278749776,0.6847240592503269,0.10544435312147257,0.05402423370911422,0.2986159329224674
cust_f5ae9745,0.8288634720943393,0.7616578510709998,0.21742507724463095,0.7978951728049124,0.4167215109272888,167451.9149476551,0.7142265693218983,0.5978596748075033,0.16328396240722412,0.5876153830204847,0.9559743563585881
cust_1d5b82fd,0.8475369505204783,0.5858642587093847,0.3494147268085391,0.19435940294576257,0.2985221645844744,29662.8175849519,0.29472915320942017,0.1555578118456515,0.17833403069638723,0.30828124114139427,0.11653209733414366
cust_cb6a2e6c,0.7811058771457831,0.3724734520770414,0.4489548053463772,0.1612832914046082,0.2134027517301261,189809.18867519795,0.1407558557300854,0.4155757019582988,0.4053833418048869,0.09107078316655302,0.7701046657262036
cust_57b3f2b0,0.47373085474257026,0.29776335151683797,0.5852208596256316,0.325731680961245,0.09297929857297317,59059.03244007566,0.6429073040691567,0.6305734795436695,0.5309220092381166,0.00760659292914263,0.3254823688832358
cust_a603979f,0.8059107010193493,0.4156865445500542,0.8563258300518733,0.17878283703082512,0.23485632101099335,21408.475770712204,0.3932454567282474,0.5587950636883545,0.6585134864670446,0.14806810746449106,0.08487038598413274
cust_43a9c0a5,0.5886261298575166,0.7644856917221207,0.38359213646512547,0.29676837988767124,0.21283521812942882,66006.3794556623,0.13081003552643125,0.6549203356688599,0.0792850532425062,0.6743455726393864,0.7328129445223197
cust_34b1cfe5,0.942483039738379,0.7112068984233322,0.7092267074926015,0.22474632709927916,0.3108396759661841,149763.47663614436,0.31232188532905303,0.6151372220083899,0.4341802760853631,0.12992816541899976,0.5929383939544236
cust_0b988f74,0.4284884759571057,0.18391593919331606,0.608528529741248,0.29491428130213937,0.3934812377590751,44293.40184460212,0.4589291611127235,0.182437549876815,0.3591575917433049,0.09066570334680416,0.05133323087400471
cust_030b70de,0.8135259458130623,0.5932957909859791,0.5017340628781641,0.1351853181311534,0.6345823983894859,13417.062915966917,0.29040828213486003,0.3900962743744012,0.37162920953296524,0.3238215254200704,0.18556903683454598
cust_50bfa753,0.652582049512648,0.15362312919141832,0.4828177282854205,0.3086868068244233,0.21176820370591756,26883.63690519027,0.12384215941626833,0.6972306779341234,0.3398737499147129,0.04850815333208597,0.28542859777703133
cust_f079f100,0.6809672108303476,0.25139714350279213,0.5538309849460896,0.006423623442700696,0.26266420190162226,102197.5025522883,0.41234287928235436,0.37982256075693605,0.3493265956086593,0.10363765048259904,0.7074447347958792
cust_47d4e076,0.767879857851776,0.3645949244876489,0.21228102824450829,0.14441681203612824,0.324712044438774,21004.658056774795,0.30610556435645186,0.5183875576604835,0.1743187159002428,0.20868887352071933,0.2923423536537135
cust_f687032e,0.5943495332895744,0.38768922980469345,0.389016734112849,0.2505504472185307,0.49864501073211803,22565.248700961463,0.31356164789011143,0.6911610830690457,0.23094768946292032,0.1490305795914936,0.25153660478925843
cust_5669062f,0.8352058801419195,0.6969473515758299,0.41120718171607906,0.08347161938132931,0.28032012339657414,27323.30346025031,0.8357496233463664,0.26447817070880786,0.36019129914923403,0.6013309121930361,0.295748987320254
cust_9f1ce343,0.6411248016571592,0.32883010708181926,0.48844944124668405,0.1318675924188149,0.3350430077721753,127407.53081218839,0.21667639203335895,0.5864444621645818,0.25274704707506884,0.2232527786379513,0.638713601219335
cust_4b982f7b,0.8379367309922411,0.6979220484046368,0.7483512314682905,0.08324885549651147,0.15525166480155658,5167.562137008188,0.4424402118882795,0.6156229277828678,0.42249584823742287,0.5913135074449805,0.10527317131969118
cust_1931cbbd,0.626778574428915,0.6752352038042969,0.4841464818168186,0.3466567797404707,0.28274411235267394,7618.261860428769,0.14732124483704723,0.7214685639654463,0.43008208025127415,0.5598353743424218,0.03350017127148444
cust_e0075e54,0.23636343698604914,0.8188108081761667,0.6654408955494514,0.41707155581858696,0.3048528344184705,20970.352948017597,0.11367011426301261,0.13583763235036803,0.1748422465156397,0.16713542174416493,0.29720376280608696
cust_104b2f96,0.7167406514183428,0.5445999297392699,0.08478425467367236,0.2582094552545614,0.2249708423616445,143567.3079676174,0.5702883444138579,0.5235854944005062,0.06102033182321425,0.36996289609935784,0.8496601310584859
cust_2c095971,0.46884773969325966,0.3912931686729044,0.10419715804692577,0.18812253011662705,0.7365688838846687,17423.48443780862,0.22937686944795793,0.6296737519462655,0.08834226930446958,0.2864681618681899,0.2921355217281544
cust_bee15a58,0.835897515198275,0.6333309272045305,0.29255747286673384,0.32740334560628653,0.5257846736437332,218866.00927870022,0.8541092408681722,0.573011350128269,0.10822913107303872,0.10727263505557325,0.43335463665527474
cust_3934f358,0.8066668511909393,0.469695384073599,0.6078438165039604,0.49759500302105475,0.25227672207671664,2884.1686554486337,0.14983589899394914,0.20861899498351463,0.5785416584249407,0.4374528288067693,0.02513062446147235
cust_3db65f95,0.4747389364258359,0.5233393683799009,0.370041122595447,0.3353685559577225,0.17129379246496712,3924.0890112789552,0.1619236954234305,0.45688779041761607,0.2657049504899563,0.23797795013955325,0.1386432073753472
cust_34270a9b,0.8709421429031123,0.10732363071837472,0.33030307605482395,0.28738693196860843,0.18674612395394918,18767.9820575573,0.41455917544645104,0.37132062567651125,0.3010906898686949,0.057687311115878465,0.04220582166011947
cust_90d33ff3,0.8449542318975165,0.21996081589638922,0.32259234642319773,0.1570150079075315,0.4197782969399827,40059.20584554606,0.03903472996748806,0.3241261948699583,0.2587356535032286,0.13605795571624754,0.29909121332538674
cust_5833fe9e,0.6407414918983506,0.4606239823500901,0.5966201462593728,0.1983261494088532,0.3745785645229697,7911.176807466705,0.2936635558916622,0.43919378395349956,0.26472065398624145,0.2168051679772676,0.1516038047011624
cust_d06958ed,0.48718380422405416,0.5054694084892927,0.7508816559383983,0.6168268095525202,0.19232290180704795,8135.24300186666,0.2141081060197906,0.6536289681064736,0.39235343483302804,0.28979138526930437,0.3079292706222535
cust_8a8b379b,0.5594693008850674,0.7154018924704149,0.6487182004262171,0.03971317771830103,0.526879971536089,27288.792117940222,0.6715669745742329,0.5530797108336535,0.44339507390790234,0.34973424729304997,0.38343061045646565
cust_7774d001,0.9911859495408951,0.3805189914447732,0.5458107185119392,0.04004837932492002,0.3001194546024265,31506.68715677824,0.4160821178666345,0.5666446543922226,0.501242038083459,0.265997478181331,0.235908642640053
cust_e568f9d4,0.5956176441272798,0.36379272150955644,0.49415602599042296,0.20023208135591924,0.3128883146408469,54760.17357787106,0.16489863644889766,0.19914236625009957,0.26619592687272087,0.09075903306862439,0.4113719004702683
cust_7a5b2c1d,0.6067187513122563,0.3615598666928416,0.040822149579449046,0.17768233048396104,0.18328945996971666,4340.698637074244,0.7415491405923954,0.6033725169948815,0.024815632351113174,0.28288180748152175,0.12065873583383185
cust_bc7f119f,0.8979636004004872,0.26669096797395403,0.368318447847265,0.17131951636584816,0.42919472412579945,44797.979630291054,0.5036771210191362,0.5959448176569926,0.29713018191529567,0.21071374356320133,0.3280319533361089
cust_fc7393c9,0.7676704810236812,0.6253183076092607,0.4641683670253431,0.4368217354080576,0.11784604785390838,2073.696089914491,0.12262221520488624,0.17384843134097278,0.42908713255311254,0.3100290460658972,0.06266687273300231
cust_28e35177,0.7658823245116665,0.0771315856829498,0.19301980397173307,0.35743670916413733,0.40882317439624355,53812.84258273131,0.34188454199486845,0.585315956304116,0.1046590201112557,0.03682328374590131,0.7952198014935783
cust_fb0d4a9f,0.8870179788085205,0.3038754664404388,0.38673542057578547,0.3251427537981462,0.14199862296295165,18135.825780202595,0.25888028990706435,0.35348523809907145,0.23095544163243673,0.16978495865081986,0.006715935775543488
cust_96b4c515,0.6826792315951289,0.6049026261741393,0.57737429492008,0.4512835769112377,0.4781111279307763,4576.790999787022,0.13023107098360456,0.3447948101441727,0.3192472706344019,0.36816326743282823,0.2417991088680687
cust_9ea758d3,0.94496550173768,0.43312526417649566,0.4757880495760345,0.2550893686729832,0.303139275320622,20645.155183848627,0.24010165224429666,0.7979931795336429,0.33533720105758813,0.20457830959618595,0.15142596348879805
cust_827d67bd,0.6924295521744628,0.3471591756255869,0.22155660740010943,0.07694981959724997,0.3098285090609745,7956.6324172981695,0.41043153026868096,0.291159125643105,0.08523171179493123,0.14602754036160795,0.11387281043919172
cust_b9f36aa1,0.7335784864383518,0.4773013343434285,0.4471657290718407,0.2836871050101607,0.46563947013753454,169900.06830870672,0.39375167547795603,0.6540677681622092,0.30239389364753233,0.21599392719849636,0.8658478999784206
cust_adb5b5af,0.8061718601049164,0.5137845382609831,0.2886872478265118,0.2817165380205835,0.21092961149010742,358608.100554067,0.332137752197137,0.2868849224404304,0.12738672270585208,0.29834213728099723,0.4880848228269607
cust_5fd3c020,0.8395315966098115,0.5040260324829225,0.0794912945285069,0.7508219757634788,0.4100604324255275,29985.84898855213,0.7105002629770933,0.3710201661426083,0.018468039232549638,0.18885828783608194,0.0191195948160605
cust_04aba928,0.7409366805000164,0.4037643712720241,0.6361247041795316,0.40886516262496003,0.18086574770712324,820.5055859899192,0.4375513074307175,0.6106410348333043,0.17197128112416415,0.18516810655221455,0.059344460035230785
cust_616998bb,0.6906866126381763,0.3714413169444525,0.28067241209192584,0.3617456712714855,0.2785395727295076,19866.642437021714,0.17693039125692686,0.6076922747607859,0.15775029745523408,0.17291128817708004,0.48187110163651836
cust_52156fa8,0.714723961297975,0.6326773942262733,0.17209381544953714,0.23114140964955174,0.44103271784166,26113.356218725727,0.23569488048871984,0.7015246437019068,0.07656971082360309,0.6141475973282421,0.08692175218814246
cust_5b812aa9,0.4024928292591049,0.34238812735547325,0.6898891611780629,0.23273714822721245,0.04134772960819025,142493.89535648742,0.21672942700562997,0.30595221763557084,0.34737290136158294,0.1353058193114413,0.6791775126927583
cust_8d0038fd,0.7527172438834587,0.03964030923491892,0.39435676512646256,0.28810641503677353,0.3031822562413932,17728.61390420768,0.293309882590461,0.33044135954374304,0.18954109789432616,0.019838819548923095,0.4738775872817287
cust_736de426,0.8416653123090492,0.8829074633535984,0.6552995445418677,0.10893437103359714,0.47368878696427047,95347.52992683862,0.42884824577765934,0.7056789552376126,0.5371306093694268,0.1153085278962387,0.609894038911766
cust_80d7e92d,0.7890042228805945,0.4987687630488973,0.12097592796129517,0.4315314518586082,0.3773416426772312,148260.90938053312,0.5376394920025052,0.27233606598526844,0.08980723561537213,0.04239117793773847,0.5559773087434221
cust_a08724da,0.7670870686901672,0.6141208119738099,0.14615952745846572,0.21620985641293855,0.4950764682759815,20509.897123489638,0.5165683640733404,0.29337935482181593,0.08479013026858898,0.1441551688625832,0.5698122044945463
cust_21bcc79c,0.749651617861891,0.23303270728398567,0.09900725480798701,0.5790561114778362,0.19200171111734526,2624.475006396541,0.3966094838450944,0.3039741418868258,0.05614472745407291,0.17446335611771324,0.022365118387910093
cust_d21e2f54,0.6850947528591992,0.6287599352320573,0.10501469779314031,0.06548045939227866,0.3833203435611751,19638.259610474193,0.4519655022894813,0.5997829930157806,0.058064799997106224,0.34271257343911515,0.04578929371432431
cust_9861e8e4,0.9509968177638106,0.297770712577172,0.550468762507239,0.5328890312318141,0.24713620663602406,38506.13526667691,0.26469366160466984,0.3555842479493314,0.39676560207858996,0.26931162810214215,0.04514486212171232
cust_40f2b845,0.857266788249866,0.8264190081689747,0.45992553212910037,0.20030763309456476,0.16182587977600366,34133.834023590156,0.1040578493508061,0.4391223622349758,0.33116606633275536,0.3217477306819361,0.32404563696569993
cust_655c7fdf,0.6840088244492675,0.6093019573781236,0.3824655372253555,0.5746151491516441,0.4855977047186748,35787.33815058055,0.05338490900095122,0.22908405550072244,0.24169012691376804,0.38124946497229023,0.42213503447900336
cust_df230564,0.9074640814716363,0.5046074534000008,0.5278742352204546,0.2561566846306467,0.3079793309485287,13050.040462175244,0.3794892763568518,0.7634332462730731,0.5124738719116638,0.285959295399163,0.03772642907773262
cust_64798f6c,0.4730975057616754,0.4294459444386623,0.34917681936886835,0.04614139192939384,0.2755933923419778,44906.49679954248,0.23727809391764032,0.4246811085625434,0.11002043886438984,0.27744540230490533,0.13425171826532212
cust_4b012b89,0.7650384763318029,0.5219127115116576,0.4172787198906581,0.6085137548576524,0.4468941239051769,165479.71423486492,0.1877568321521492,0.32968517649036083,0.08559857027168462,0.17035550896703028,0.8163841722543308
cust_1dc14edd,0.9325420544865947,0.20337951210240535,0.5160122018358434,0.27075126484702366,0.40253084169915127,4826.6271908218905,0.3541455453440027,0.6199079155835099,0.5054661200874623,0.07509792540251721,0.055257164141260605
cust_fc6b4dfb,0.7776213487414767,0.6632310268982947,0.11075480664823695,0.5960511281872822,0.4513023944855217,8647.720945609915,0.4881642692562981,0.5167798054797638,0.03614905116571612,0.32181961505831,0.03840448443964895
cust_22ce9d52,0.7817179137011839,0.438750181320059,0.1687312183210437,0.2830299676269864,0.3677949127413635,5076.792701334832,0.5688319446348283,0.5180528581555499,0.054673721340153934,0.10959740613570954,0.23118508071528798
cust_5e38c514,0.7997141206710341,0.31474777710635604,0.2455277973221155,0.08014898026656415,0.3024127036157334,23848.231933557494,0.034309514459841234,0.5697457916077977,0.15552795084266902,0.21582130534523894,0.1584487737466072
cust_c927460e,0.7787234528601874,0.40986142971163997,0.43941796459792243,0.39148732908455885,0.7647731433061656,54014.4032841174,0.2826523825736502,0.40894380113965334,0.12330723771560322,0.06258819788840472,0.8597711270447559
cust_60d25e99,0.810007083443559,0.37288190761302004,0.7375571839738596,0.39575294192342725,0.381858313309006,27563.570177861413,0.25844003586469444,0.3860235595418837,0.29051873534822675,0.18359272278038916,0.04256937544689171
cust_6592acaa,0.7773378524184016,0.3868517361227766,0.4073050011062294,0.510000938354843,0.16967432352121717,420682.4913147774,0.6490705709536676,0.8931153944179412,0.24354243422880373,0.2594600757212613,0.46438125408137676
cust_c38e5481,0.9094444988587358,0.43151879047419145,0.10906377439630746,0.4602920078593639,0.6730509791304055,8604.66428599769,0.3359911117555543,0.34999745527384624,0.08246847327967234,0.2546188038973674,0.03498944769806242
cust_2a75dba7,0.7186376306107862,0.6788846809359655,0.20833261457526112,0.2249008393758639,0.11172789868457186,118052.04648878261,0.26864872939652595,0.5514337762673274,0.1550428010716944,0.1487198294155298,0.8136984639862314
cust_8fe60259,0.8294311702494521,0.19885162216743416,0.07517852761934475,0.39071112284545967,0.44868202102003585,13436.559931389142,0.4585906013545203,0.43218886452736,0.02155932763617572,0.07435502773216704,0.24930004972114583
cust_8b5fac1e,0.7624815098249942,0.4686984293210969,0.32935833604955483,0.19901183259867392,0.3465371610323392,15620.438332448648,0.10905303148228516,0.7503522259543898,0.21737963388216786,0.29618788536493884,0.06842135688424056
cust_d211bcf7,0.5137524108186499,0.5103690594286601,0.15266548383150208,0.1314434309587652,0.13620507238407575,33518.79437190721,0.581163609421594,0.7683373756604298,0.10623600430232709,0.4254308218366814,0.19140382599057054
cust_68ebbf1f,0.8427167360991527,0.5255521404164558,0.5100596488835525,0.11454221629722891,0.36265752987148164,92039.84693370321,0.22289661953827034,0.7115320158690966,0.4496085128393873,0.07713995690046618,0.40355484988050655
cust_fc443b01,0.7245087961714729,0.7552568587977462,0.5421125342192685,0.32832731049229,0.3728088841770808,9651.091048384491,0.3949329695608079,0.18944735464796472,0.42101721493589084,0.2389540095133679,0.07537805757493331
cust_20a21431,0.5647833251624458,0.5408195637844738,0.18788467763344469,0.3660076041389823,0.6194271347357493,10140.888176920242,0.2533406587974841,0.6239605441303494,0.1476162003856821,0.1558686312037198,0.2153170863837311
cust_96905ddb,0.9563732044642946,0.5187825309686892,0.10184054265812721,0.36780148359363063,0.16592219528037308,2163.06245624156,0.10221108149087867,0.5245481157910286,0.06430504643564462,0.14505838613203798,0.42664386633583584
cust_7f58eb1d,0.935880658923947,0.3814017617562275,0.3702247632435202,0.3957089372890701,0.39552365070955353,36412.23092494263,0.3782092591876364,0.0969205890134064,0.3096854033006908,0.049509233161756566,0.03159523598500431
cust_86c2bb63,0.8611943190362502,0.5259906117833775,0.5770586359881483,0.15655462502833553,0.115245012390257,157186.48217138922,0.15174796831561435,0.3200950393710135,0.4704614515805652,0.4760317893359541,0.31946730708879617
cust_8656912f,0.877301274663722,0.424181249272835,0.183746706047325,0.3596179391179922,0.4769232808901295,102825.75080494052,0.4294222666476058,0.6239891949253649,0.16039894224093515,0.2973011176670823,0.6693487874030517
cust_035f7d8f,0.7013447009750374,0.5900447601678591,0.5109843042685152,0.1535514917850876,0.5529834426303148,4945.55272259115,0.600073354615481,0.7416108367256261,0.484913694753898,0.4765486593529138,0.003902929811368985
cust_023b9305,0.5068068806506922,0.3816861377995227,0.0746772273179382,0.1678360598372681,0.3891263975610511,9829.74837460758,0.25146350094839315,0.2731361513269636,0.033200994957099945,0.2814971100631323,0.3545223315912873
cust_43545e7c,0.7152690799801066,0.1376683953515249,0.8111501615174744,0.27406744666244337,0.16428147360366452,271347.93240769586,0.3734412629930357,0.3442385201293166,0.6282685843670021,0.022319341509021862,0.9355129037422929
cust_69c60115,0.8801504045311558,0.49838819351925306,0.48837064050655526,0.15113417805801974,0.2796364854665609,31382.13750712824,0.4227160636862397,0.19855689835380838,0.13733178228026136,0.045198114552102764,0.3069550980291434
cust_d3765f3a,0.8633877092328511,0.50759219183235,0.6438766105960391,0.40204593706365555,0.47743042987205936,9358.581983977236,0.1767805168312008,0.36474218252151114,0.5796999185696814,0.20040511508713402,0.03536814118354685
cust_e67ab9bf,0.8868037459337256,0.6157461167770322,0.3224629302095918,0.23622654502765317,0.21883902016073764,26664.116791689758,0.5601341927412764,0.537709798875645,0.28850633066955456,0.48043045762271774,0.17676295150170446
cust_4c660d50,0.84838236697423,0.5539819962591165,0.44367040749862974,0.11197709118250454,0.30359852512140995,26738.304359916052,0.2325716684181114,0.20658804114210777,0.22830590281799595,0.3979921499892306,0.09619684488106567
cust_1fb921a8,0.8243478982300853,0.3616171226086812,0.5815949978153945,0.18596204989325218,0.049282663839539595,714381.6209461875,0.3008563254011385,0.2236928356495803,0.10216528590391245,0.25580014847821203,0.6918721764224666
cust_1e28a861,0.49938144461921,0.6423459925873983,0.28222794109831156,0.35174999406386664,0.17045490900618704,9079.456918297,0.4753550362450815,0.283801975090376,0.2086714789456061,0.24149202268407963,0.08590287769242122
cust_e6cb63bb,0.7804030523402985,0.3383995413993549,0.1413396520905107,0.08912668098928678,0.5336711382742061,7491.695881568749,0.18366783422566316,0.47610853054655417,0.08863151106285276,0.2512643239244722,0.2439830986991012
cust_b4bfda3f,0.8810861765011874,0.14223086594678902,0.03712448730489942,0.49972694254354916,0.11405944984060953,5484.655712682185,0.3614651987504042,0.8382818671349563,0.023970291298211165,0.09524618585361252,0.015954707567599858
cust_7e67d1a3,0.7109867742514563,0.19328913513276938,0.7585471310383648,0.24057136966650844,0.03234268204882162,56241.598618513846,0.5204204268395063,0.06953987263051563,0.2495540928110836,0.1160710043927175,0.3466394043773639
cust_aac2dc57,0.4689316083834835,0.47260485739932184,0.12464153156434069,0.25980030877781396,0.04798448516427953,32249.525966208188,0.10414919725734033,0.7939620477675307,0.10294503468679883,0.31944073974304266,0.10205275373692745
cust_02a72741,0.7057359242470006,0.7637605545015843,0.5717301998021076,0.3797573599483735,0.594255175003273,3193.4847431109883,0.4181829016205341,0.5101627060619001,0.09599932415515591,0.6092188809423578,0.22228167873510013
cust_dceacd63,0.7042246870441239,0.18448202582848497,0.37343173837170857,0.3731873206654739,0.1601390761581887,102226.26713185347,0.5887010350158879,0.6642304331962551,0.26650210150994136,0.08295990219669361,0.45555901845016317
cust_beb0d680,0.7261874637511525,0.5127865370491914,0.4265091701168874,0.24433587750018324,0.16418856534029283,14124.683013361333,0.33058099606195285,0.4808245949631631,0.3654200242832294,0.11483255857402477,0.015776371511920885
cust_f92bcc2d,0.7979855962791997,0.6740277711351196,0.748536710779419,0.32842034215556226,0.07757160952503961,248854.55916441395,0.418128475392684,0.6315601811880913,0.5559579549095652,0.4561733878242208,0.6654485099161306
cust_cec43c10,0.7265024006803931,0.4741568558770798,0.6153684007142733,0.22427891908069758,0.18836136967546105,277803.3084964009,0.44784153304265434,0.34488732161119734,0.20024420543330018,0.28658653088299074,0.5877075106963103
cust_281ee344,0.6217593090455585,0.468179145538851,0.3960051225943955,0.17469242871658344,0.31490172265501637,206151.09417968304,0.3165984536578338,0.69805232424488,0.15666258081748086,0.21425105408785536,0.6953803368629973
cust_3d7d5ead,0.9038929154347849,0.36270060324218417,0.3740180431136643,0.6420717971801553,0.7708249961124922,3023.7712609442683,0.21575891250763665,0.3398506892980933,0.13734588913922446,0.17184038299322998,0.25804275829803625
cust_6e72f0fe,0.5298359179132411,0.8412122033838489,0.4064517740057001,0.16027836234009366,0.184389549374525,19814.383791985776,0.560863867646156,0.5430692033865624,0.19524627789308563,0.4767866395866893,0.10072962134196588
cust_51021f38,0.3591034228998065,0.207221208897434,0.32239142883178895,0.2418158651693673,0.33938297030546194,40730.208295919365,0.4707105096494368,0.7488244937720969,0.18138091274524934,0.04172926409437686,0.30591862767768513
cust_b2489f86,0.7784508479161508,0.46711354286129586,0.8637546207255131,0.29799959395874087,0.34283760755982157,60902.75316220282,0.5280087481319939,0.42547621828294996,0.4210580884144393,0.38469528403457676,0.5506144635185325
cust_2f9862c1,0.7233247946838492,0.44077157626169144,0.1538476285114516,0.6413535441309544,0.11417226693888025,32701.921274022872,0.26927104192070184,0.4491372082000443,0.09681262539740408,0.08762750794793175,0.15264609340894134
cust_f1d30c7d,0.564421046285865,0.22324017608303107,0.05174494804025153,0.10701513742892202,0.24017754779337322,11631.664562708933,0.2953604661587994,0.5040547047956199,0.03160583735951737,0.19861884475368116,0.01713797929543102
cust_d493548a,0.8597048259723472,0.3388414089180937,0.46072609437583784,0.5218212680796978,0.4066410195658927,10051.464166087608,0.6491853348670468,0.4653236841908525,0.2102985950215396,0.03354924340047948,0.6292550404183219
cust_334809fd,0.639540306030513,0.35088985186491983,0.10530268021771806,0.1528433553988936,0.1871113019284716,30013.20083705929,0.22282278912110917,0.27554793740241645,0.06111259563029565,0.19567047775180096,0.23831379560725607
cust_598fec5c,0.9020795801412357,0.8283968365863211,0.29566777494083396,0.04978884423247359,0.13768944123704224,3618.443803170439,0.2019187508391836,0.8195932074976089,0.10629852611103753,0.6022137697105665,0.20089983107970677
cust_dc36c8a4,0.6916729079524946,0.5668158938115876,0.422194332110267,0.04951609573906308,0.34692732286593075,5916.630710855753,0.5555702835037566,0.44335012081007025,0.20890073763598668,0.4015350741046859,0.6514974968990165
cust_ef2f916f,0.9208250095814607,0.2318142952861531,0.44899857895138146,0.18808594458007832,0.2344226513302677,107779.92282415235,0.30483714675033763,0.7271783903025293,0.4429731309586628,0.1545097554078921,0.5478550977835887
cust_999bd0c4,0.5224157966876791,0.4388402524671578,0.22615131811078562,0.3933990762849357,0.09865111050632201,483618.3692103608,0.12118367509340885,0.3722788340924076,0.15001055426009982,0.2769054450332561,0.7565156557802997
cust_e97cc98f,0.8285269187730441,0.49365043534763653,0.4338879002486703,0.2850185846965186,0.37965908406615834,60898.14661259016,0.6247590092832987,0.22895966885995536,0.38162192583578597,0.16475557831716714,0.9104710007224139
cust_fd0590de,0.7574222415264825,0.5546576155615043,0.5864028995766547,0.06696113676971294,0.5062327803538104,21641.425271419557,0.43612765958898814,0.4687352427712402,0.2262264957148845,0.46211476420161407,0.08138376843016
cust_9e6e77ef,0.773997553809758,0.5147071824562012,0.4651122348454695,0.05748359470801362,0.3832344227675186,89413.16010553524,0.308134528390258,0.302890963775526,0.32212766482586064,0.11766482401247959,0.8753223037042076
cust_16c9fd2f,0.6897663913569841,0.4816489031395114,0.2653754864253751,0.11345409529779574,0.036388793483723245,234452.52499365105,0.17505417585171895,0.4478800283770704,0.20397604944241193,0.08467855416059077,0.7729952990401983
cust_331a53fa,0.9113142865710252,0.3569316335985921,0.3641921273384973,0.5257007880285067,0.49451830833867355,1408.1909905128027,0.4510442852225187,0.5877361294921554,0.08588608119760324,0.2238174970945354,0.3023985687092518
cust_ae0a9789,0.6578423461875033,0.721926249278558,0.23657225661268727,0.15128613607152108,0.4930035633230007,13282.092775857189,0.5145701544883285,0.14213470039757606,0.06517393752397306,0.43680876241205374,0.04361369775028537
cust_894ad948,0.8586268597594003,0.24151858586018699,0.3217263738003553,0.16870096380544053,0.3316535145813126,48773.85508593327,0.3497682456400594,0.422039945031548,0.24074269173882848,0.13876825160270148,0.2718819087158847
cust_4514e494,0.8491962598925894,0.3687541059865694,0.3935984138187281,0.124552249352126,0.285336494148121,5356.369642674115,0.5018623773777345,0.629886747529469,0.30378078623460947,0.10116010598165903,0.008995425674278152
cust_571d1801,0.8509290467989564,0.7406961460152063,0.6119840586794313,0.11528238175559401,0.3379677401177735,305890.77159409196,0.6474546832660555,0.11541413865460315,0.17581581688683182,0.09751445085376025,0.7883541253233721
cust_7236ea6a,0.5157548461238862,0.5031409452232734,0.06593214114819278,0.11133412687667106,0.1832156729110662,20505.448901363594,0.1765463582478777,0.6488344315139353,0.0581450479742566,0.32836291026141284,0.08215375048645289
cust_22cea236,0.6688593100800413,0.8428070800118,0.6164879896836429,0.2018229006123259,0.5564239290725845,13778.005855489595,0.14102538614670893,0.14590800857221647,0.28138465321535056,0.4621098868990243,0.08470453444967062
cust_d34e2cf4,0.8813703659634099,0.4174940408976438,0.36169973480213924,0.27880048740534724,0.40690348232737644,182055.18172450532,0.22824561792924872,0.42889454068204275,0.1637337839408723,0.2927195706096768,0.6972169710537535
cust_7ae75789,0.8390493439301755,0.821506216536073,0.2958359094532737,0.0456024070709168,0.72364727799669,14761.463533691573,0.18513048647754907,0.3696219178899376,0.18228737848483073,0.15725824674717676,0.4779781764597576
cust_8406dabe,0.5233228711720156,0.47848812720013045,0.39569396988170674,0.22869437812136337,0.36019001864392836,166801.2756786358,0.1775709475310829,0.4184016771326701,0.26158715357791185,0.16973673317528065,0.8697588581009305
cust_e6237d34,0.7790342477783995,0.7433403575414126,0.1750777879003559,0.134859232663494,0.2714495455057997,24471.680380034017,0.14111787998615774,0.2806302622779405,0.13253358522895273,0.23778000325019708,0.07344532976875276
cust_c2014e35,0.23369917852543115,0.3140201186803218,0.11384287099520549,0.4407076510482105,0.5159980158983685,4893.020600952101,0.4625587461211246,0.2637544417115513,0.07971602676280808,0.06548996524493185,0.11318759653545904
cust_beadb7f9,0.9157948049373642,0.8307888618068121,0.25386826174926996,0.19642331616268774,0.32590571362720905,4994.0242285177765,0.1640432753285883,0.1756286536328438,0.1235373708766336,0.618222530031558,0.03986670119546319
cust_a55801bc,0.862870259975543,0.7300506916532172,0.3996853233219777,0.07720583620057402,0.15945885149366576,3502.576109475481,0.36758542848693027,0.49022375243843846,0.12843615014284293,0.19736236652043146,0.18279499275636216
cust_1c043de6,0.895062096623818,0.3489064002347873,0.2720408273472841,0.454329631706519,0.10558705814200656,16299.974193310667,0.5289624642331123,0.5556082755209515,0.20137975249721082,0.1978850241881785,0.42665138960511634
cust_d3a05c49,0.5455346219561017,0.655292607991211,0.023959614926589566,0.03590184930609635,0.22348358648862315,420.70644704317016,0.16417263991308018,0.5908135137899493,0.01816682360485199,0.06982061534719734,0.16939352108861988
cust_3a8c8c71,0.6829928002783442,0.7054529970941152,0.4929148641202826,0.10607535124914012,0.26952228421145746,42989.886816057275,0.5537975842086584,0.6341549189978698,0.35061196254288196,0.4746520034385652,0.067398603291872
cust_d289d0a7,0.678081748218163,0.7337873934922824,0.5283725455641617,0.647470745319525,0.5000386891419917,25123.70958529316,0.192517915134982,0.8139334528996387,0.4263791469263581,0.31912321701597696,0.12397248808076729
cust_f0286eeb,0.9511923944341013,0.581657684253957,0.2348005232110589,0.07844689694831512,0.41811281460895133,19528.047514161684,0.3753990546525847,0.7677226457928154,0.18347528680413328,0.3294118965943968,0.03749554823428432
cust_5e5e18de,0.842131583338407,0.336950255935373,0.6998907579333915,0.6965936897685356,0.5306821275118144,19431.639337568013,0.15305774057479443,0.4905543180440352,0.45980362162367666,0.07405420395789705,0.09802119611346947
cust_cf62a4f4,0.7090433258420471,0.7368716551010763,0.39044629717550555,0.29740836329832115,0.2511718105181514,6471.412003213021,0.6798121878804526,0.4178438119018717,0.20283655044657944,0.6507693358761639,0.2868109518604544
cust_3e1b6f18,0.5589947088668893,0.6519790380459876,0.1285401059745504,0.08568195342164675,0.3122170374977845,8283.086926865215,0.3867188690183895,0.7848387845756926,0.08421573597030942,0.6015171813670096,0.016115713043855524
cust_8dd554a7,0.9013700009600762,0.47065010079373837,0.5502271631791448,0.2664320369308745,0.6137399447036977,61818.515342587176,0.5592222058894795,0.3927330765723302,0.2577828288464334,0.33153281918663596,0.7507128183615789
cust_e463f420,0.7318217311296292,0.4600678005958885,0.592703813799292,0.5286961961287523,0.5199330196893244,43459.5934791836,0.527319541215162,0.16529214715408197,0.362399407853602,0.09993846411857517,0.07161949607068789
cust_e43d236f,0.6339375803465157,0.7163849075202243,0.7088481129368129,0.4227921432630353,0.29429087766449424,91118.20271058964,0.44585454852887435,0.5356273397806516,0.5262046857614494,0.4324654196865123,0.6726127043558886
cust_f509371a,0.5227726795625474,0.24558431991880142,0.49459261176827446,0.3300008590588334,0.05353165474699453,59274.20673381901,0.6479903030072288,0.44419984219124253,0.354081355892545,0.04511044797003852,0.8755036021724142
cust_87ae3a9f,0.8139292689982235,0.6438796216708873,0.22183166846787275,0.5662990611291004,0.5953019682637634,5391.9705682820595,0.5227994346176204,0.053611969292950194,0.14974378110359327,0.4491712093779622,0.40362279015369684
cust_e179f36f,0.9198800882341953,0.5666186822397592,0.563817928339744,0.28443252381611284,0.1945247675222384,14938.827246399253,0.23015585459655438,0.36624728803544626,0.2287270374347545,0.1597392097234756,0.294024300388722
cust_80b2f19c,0.6887527642688063,0.5853233909161459,0.7332873410498516,0.2742877218772907,0.23076540366015452,18236.783326928085,0.28014790546044127,0.3874822040851829,0.343846281129437,0.2910473175530638,0.14659982151138656
cust_68767412,0.8314614394830095,0.2311015720703567,0.3196189016241236,0.08495694361201785,0.3880181795102389,13497.53048814946,0.1498234305975136,0.14384413314985667,0.21737313201036118,0.029184952357339953,0.5265168954412427
cust_dba0c303,0.6040742200205431,0.46843198900374805,0.49703701808154116,0.2566670000404563,0.13311188553625777,2312.6564538194502,0.26811114858453355,0.8355171772250853,0.33119376854230825,0.23292345961859018,0.06798759299182555
cust_3fb0800b,0.7981507630626105,0.4953925221198554,0.6078152002519767,0.5359494944348195,0.42798996737423994,36219.77751643847,0.3713221693610105,0.20012516045612247,0.28239530075780833,0.27232587434395117,0.1461478638905435
cust_3abf8d64,0.9780962769464344,0.6592911515099205,0.09389742840144441,0.06237418790286085,0.25922688939420396,36990.86160587926,0.32693496480938133,0.7237090134834505,0.06340596964457086,0.49933582672445964,0.03900342171962103
cust_b28a8063,0.42196147000512807,0.6122978341206604,0.2694992914034627,0.40794148124795904,0.41331791168103116,17437.321041723575,0.3919537729893114,0.7092849487416102,0.10245135618357287,0.36462784619576233,0.2044175937528991
cust_18a0e343,0.9138846489351075,0.5268605637249203,0.24938156999277306,0.15044754367497176,0.1779451657083479,26536.47383620802,0.3055825326913045,0.2994737904198628,0.2000064338356234,0.18663595559012586,0.08973701498413111
cust_43a80777,0.7867273237297384,0.7574772367581897,0.4380125683792931,0.4775186629800163,0.17218690116214544,652.2881773605648,0.1757705903518992,0.03340549289577455,0.3493674645357947,0.5293469894128474,0.13259368455267334
cust_dec8fb9b,0.516279842036122,0.6124490157090071,0.43873727071432317,0.5847083435366903,0.12423864792830538,73295.04914650139,0.28334074008684296,0.8510577357480743,0.20253818265643114,0.27660307044529153,0.3964992708686245
cust_0368c04e,0.8743290550178354,0.7403917711233241,0.5167640751483618,0.20050542310743433,0.08645185209841402,90573.4993923482,0.2622617364425722,0.5852438401344133,0.29876029420422834,0.5408901281180802,0.5500773713491915
cust_9b1050ae,0.6313475573231442,0.5210212183742317,0.4029624759635337,0.13828961726913747,0.6348186652405842,23352.43844798238,0.21867867898596102,0.4701358674854286,0.2107169039491578,0.35901877695751633,0.20704433396367963
cust_ab75093a,0.6557647331630425,0.6280711288915577,0.7290758924812701,0.14620188938706485,0.4078344990965755,22278.978828642023,0.33811516146792653,0.4412323406737284,0.5263080660434225,0.4742331058191657,0.39278004116182735
cust_22b09da0,0.8584461476966273,0.7693360429578561,0.12337969331780557,0.41310371587122235,0.1295575850573569,227793.44359773115,0.5875315254843045,0.45647999249791577,0.052774340395178705,0.5281247005406787,0.7823638371707369
cust_a6aadc5d,0.6524203426423792,0.2754610367957176,0.7380096688273857,0.20732203269524893,0.21974881729392587,643372.5308972502,0.33111368802119195,0.5046082412184302,0.5309973242145283,0.22485680746193215,0.5656307968866519
cust_6f36bc8b,0.7449801513358946,0.7065879930679689,0.13798248508906594,0.40651513905511716,0.5461744394319571,45697.893831342684,0.2752989376650114,0.15984932967618096,0.076075866406763,0.19737341113198514,0.08112971836130994
cust_6c54e359,0.8840511696214537,0.34148877680705153,0.3907857015118477,0.3231192656622122,0.2369916204877211,2649014.00913669,0.5038086953349064,0.5295760149975818,0.28273998026048375,0.19803947697195104,0.7888605218418089
cust_7f030960,0.6770986900170849,0.22366518159746915,0.16568124217542604,0.1761942410379079,0.16787626286034346,240042.35649827085,0.27108467877368986,0.6629237617017419,0.06382608562914825,0.006535447510190446,0.5362602356295376
cust_1faf9343,0.7726591211581446,0.44618638925690296,0.31756172762236157,0.5871923146877817,0.3341434228871592,1413.043562162426,0.06270868190729162,0.5365880595530022,0.20652695375832084,0.052192401265820476,0.003947030575732231
cust_bfecc285,0.9354650800525914,0.22437907036694416,0.4279484543007643,0.1806257585699185,0.3725380537443959,2555.2238612307356,0.6498286497832043,0.745910518708618,0.1715309770209598,0.08210439397467072,0.09760006501425986
cust_243c1978,0.7269884897893489,0.502706772316026,0.5765070423067179,0.2880503478376423,0.4709271349940106,14627.122415526817,0.5463562293674727,0.30694767355240876,0.493808861494602,0.29719863858499923,0.02564358066916684
cust_03268bab,0.6106087080844887,0.6602336746442753,0.4076943375614251,0.21074056604717523,0.2556189024163774,6936.514565789132,0.23562129012534677,0.3700377690216076,0.2025482030388411,0.3347883891562656,0.09346518098493209
cust_6403a814,0.7493231783241104,0.6332621462091668,0.4042678720180107,0.13063672383282743,0.2570716009990662,14296.894174733203,0.2849685865725682,0.5609148654847063,0.11877513194909062,0.08416625818856625,0.061260500743497925
cust_d1ac4692,0.9647610485276708,0.37846275317716055,0.5017553774315687,0.14120677544840204,0.026397090778232664,8497.280519598251,0.2816705305707996,0.4948973641536899,0.08686320791877532,0.263120546210771,0.04627869931830924
cust_c4763bf2,0.6968172313435295,0.20961684609208153,0.04026486131754637,0.2895441370163764,0.47645235836178285,17178.020756270096,0.2750383432061826,0.7574590841193247,0.013194951530025438,0.05509782093296335,0.24696408314485593
cust_9691146d,0.6807012299209295,0.6865086412251913,0.3867296182960831,0.46807466163903194,0.36790121088531813,36900.03817986653,0.13311753261292542,0.515479543488976,0.10049200493651259,0.2727973237973971,0.13760663901139067
cust_54048ee9,0.46302864438936026,0.42901567702254156,0.5000596434143331,0.5208549211673152,0.615614843135288,5042.950528891055,0.3699566244814373,0.5884649571492869,0.4386755837372148,0.08173607533698463,0.09217648297882775
cust_998e80fb,0.7366889386982909,0.3361954518626562,0.5314075530464872,0.3972213433379964,0.6194368269924972,5715.973785516661,0.14218209950106128,0.4346865539076834,0.24625962735081464,0.2899639501676449,0.03448614946314464
cust_5f38e5f4,0.6171438024873898,0.23082564140624232,0.23343823871440433,0.03304299205794459,0.5449014863884385,3394.4234583123125,0.6829642221537052,0.8011735727338489,0.09534183634701049,0.18049844161987802,0.06231913836561888
cust_1a4aa75c,0.6152898074664098,0.1207151005357718,0.3889146812757092,0.2565664186919389,0.4499487901333979,41160.859589284795,0.1291598598030537,0.42905126498861035,0.19194374899916639,0.08865785958408674,0.0017757893617062147
cust_86587d4d,0.7672874120376477,0.39416678992955256,0.439229338319778,0.16894219134990576,0.15733950383310671,16225.398257493223,0.6766755852419281,0.2857175898338195,0.1313708947608077,0.04961533927024097,0.025388243545160376
cust_1015c306,0.901779656843609,0.6445280058382383,0.7204068882061925,0.3147730260286362,0.05750213325669463,11111.679424203568,0.3287984159112911,0.47513758048209304,0.2872903918743915,0.3789060160558352,0.016590661647495588
cust_3ecfa589,0.7108610791228687,0.6997947154433917,0.06044538876808772,0.5075813272477627,0.6995385321730685,3695.5799411568473,0.25495700156179174,0.481868186825517,0.05503284930244603,0.04209218839563594,0.33326654536650296
cust_30d2a6e6,0.7928913166265699,0.7277879391583002,0.7668891050617817,0.4961907183316038,0.1074848175678115,151974.94561000055,0.07394409216284092,0.8053662151753234,0.5368333292656451,0.4348865699925763,0.4797059732098269
cust_6fb40fc0,0.47016335142004023,0.7521753484471604,0.15614225626196523,0.34964856773872427,0.3200282133167962,53840.257107365054,0.6536860425936415,0.11215302577121215,0.07084426424859132,0.34928410813206834,0.7668967214244008
cust_e179606d,0.7483913600126212,0.23832478798744647,0.5989311199231505,0.21200463129035627,0.32501801330688485,36967.39031783446,0.22155701418297577,0.6744293334332548,0.21684683875445032,0.15142992675512032,0.06476725443602487
cust_76b80ca5,0.8251933447804598,0.2292447510210832,0.224395323811481,0.34114971897118157,0.01880392818578368,8168.049510606361,0.16535783073129032,0.5660158685004926,0.19699357999689127,0.2061350682425182,0.018620639442949827
cust_99d19355,0.5174676021167952,0.8385925510280189,0.2150285368265666,0.05059509448230308,0.39769724900710507,232720.06006986485,0.26353052911265157,0.43262578731200174,0.0916867360925023,0.4173699370365456,0.8049530431483405
cust_9c1c1eef,0.8576666641640851,0.5177879604980996,0.5506201104554971,0.34566360346790836,0.22588179207628328,24236.182111214748,0.3461716817386979,0.36053770117831696,0.36877666495651207,0.037065873602269546,0.2915573292977274
cust_cb10aa07,0.4196875631277007,0.32960459521144203,0.5751225270057438,0.19807146439946288,0.7245749491371923,34749.69676785587,0.6215093732627962,0.7122498109046803,0.39986640752456787,0.26831685613341105,0.1092132529252203
cust_5362a0b7,0.6311781160209949,0.5450947872090791,0.3352615947829095,0.29631708027600906,0.1703477177838616,629.5376396667363,0.36015684792198077,0.40962677989796914,0.16579918866268314,0.25481039611316375,0.06699229827980199
cust_c0387c12,0.7042571283790179,0.6062544315855903,0.15666797299451202,0.3587119800281365,0.14758928149785785,7385.836061901366,0.14889998183486178,0.28150985179784116,0.055409637101035324,0.32283771071142536,0.18174989893334753
cust_981c2c03,0.7450825335016844,0.12060396512096695,0.39693419061553836,0.20255273166800444,0.22312558103708383,278614.33968373406,0.08703037493875017,0.34666153533460586,0.32216736615681074,0.08209264886546534,0.6250081720755511
cust_a147ce89,0.4956823819078593,0.3158482985893821,0.5480635919592649,0.2425042193589025,0.5126688523130726,26373.488056127633,0.6766136069564661,0.3696616909659534,0.40597647347641136,0.16492540191146388,0.05126652739566253
cust_febc6230,0.7064185942358848,0.6951925874214875,0.16198395601676485,0.3235502899328003,0.1600469543259941,47822.083471308746,0.198587669801364,0.7128494438006094,0.06615045916271768,0.21703923257377455,0.07236346323464084
cust_3c6332e7,0.6048545686810477,0.6186607100240185,0.5041689253727533,0.1937572472077786,0.20828867439658116,6459.897214973484,0.24233602860531478,0.26213365293466945,0.4520578292624418,0.09418368023828026,0.368175939594384
cust_df3d7b0c,0.9044177112540532,0.34249631664037045,0.6526101456267644,0.264330167002883,0.17545623237646468,25360.33760626173,0.34802604357637723,0.5314969654016629,0.20070870005629018,0.3070864530571859,0.2315454802128918
cust_a0f21b52,0.7765113533537629,0.41293650997908066,0.6905689362152494,0.10773269111908045,0.5853391564971797,33776.635646390605,0.16000805004215274,0.5463543855843562,0.5951758571114718,0.2804788987306326,0.09205406366380205
cust_b6df29fb,0.948403254792847,0.7315630113510032,0.38645254214149277,0.4684050535345451,0.0973562941513665,23583.85090055239,0.017908788674475946,0.1555685740381845,0.2356492753431428,0.09088263299388628,0.05266033348298568
cust_55e81753,0.6565541847416897,0.2966644455584228,0.5712791591237849,0.2725177356210037,0.24818922401576296,2753.8610985553682,0.6919437016607396,0.5192874640967784,0.34631843691379327,0.12309283669571601,0.025978424809749993
cust_c0bd8e82,0.722604088704911,0.47923474085987716,0.17204604543227633,0.23498721131839426,0.24728529524591414,15168.062381833528,0.24097864012201659,0.5624453445762468,0.09481098940319081,0.0024325380562768523,0.08574894166357352
cust_c1afa8f6,0.9835163922805407,0.5880326020103567,0.43991491492241447,0.5835342522525484,0.507843817633578,9722.266580115216,0.13156031160195797,0.4741753431332191,0.3149694660456374,0.22545232746798835,0.11300844396186097
cust_33537c2a,0.8358225040986117,0.4221007033902481,0.34285121781514577,0.01566579229663245,0.5097230272257962,385752.1266933352,0.23736930671720025,0.6700965647130503,0.15716637855591045,0.26943259381643947,0.6501640584616122
cust_e290a5e9,0.7419341479533094,0.5575848205331821,0.724551593961949,0.22908308437985742,0.22319487289293047,237265.47892280843,0.28797352995742775,0.6440808409932929,0.6560690329680693,0.37325325940742693,0.47844798766340335
cust_2cc417bb,0.736768087766989,0.40987595697358326,0.47009065080949336,0.10410192739704559,0.1766912786620086,71907.66106461055,0.5182824330545097,0.5687878265511922,0.31327269541234964,0.3248044388723937,0.7115266545823673
cust_17f5f8fc,0.7303374181059626,0.3745089366142823,0.591698218984439,0.15927334573116111,0.1840546369975859,2430.9537143762805,0.10227140443850831,0.393064743525185,0.40015682235773875,0.07574318764144426,0.33194690259157045
cust_d7092992,0.7821694158716218,0.45834489098181813,0.2894729489354707,0.3534903924344835,0.6029608031386148,55848.26551824821,0.4709748196666509,0.5280481757123263,0.2560435190743093,0.3794080586138304,0.6871189874581101
cust_0db4827b,0.8348145299891498,0.4827140158727137,0.24539646626220565,0.8004178768134845,0.30374871044096236,19543.300963813697,0.196325513344377,0.5535653464462573,0.1471633773113346,0.3399076858658067,0.015691996594855852
cust_0625a0fc,0.8882753733088367,0.2974282351015399,0.1342366892284253,0.08099494318043246,0.13715919558161538,3706.9341571275922,0.4726308816907387,0.8036591575309444,0.08951087602382768,0.05466614150559539,0.0036018559546001725
cust_d4b6c10c,0.45661494212342735,0.7487733885064753,0.9061153878778004,0.30684272996828493,0.3182879777771128,7068.712796783242,0.040915349551568024,0.31118061361792104,0.847516888179735,0.5960156262578201,0.13623245089792269
cust_caef6b82,0.7374305417600682,0.5077553598970689,0.2399413727711032,0.13613099032374473,0.7918350236517213,31138.75574349098,0.5253388288638011,0.6157316303242679,0.1684282935742297,0.4725881185139196,0.12787204107900763
cust_50a4d37b,0.7038021679917734,0.44491592166617966,0.31935351715617893,0.4487301048197845,0.17851196604894298,74136.3972655922,0.08865819574454871,0.6721526873718455,0.20499017229423303,0.16118290869592478,0.8798869417157182
cust_ad1bf068,0.6935916146733865,0.7741452141133263,0.38477789114544136,0.0210917021267881,0.16969590671433324,7533.751421343702,0.444851154738359,0.4550022808908903,0.3069452138842973,0.5672928357080638,0.08292929369167265
cust_89d78003,0.9114016325596941,0.35605607418187485,0.35786624262657396,0.22091187237134755,0.11583044029134792,5299.110914961927,0.5871681679908327,0.38768434735365237,0.09155141322181484,0.1880203380928661,0.044536275696806106
cust_7069c19d,0.7401962934374293,0.5406086214076922,0.3797221625163711,0.3759961171784455,0.3704232050163626,42104.71391659834,0.3512622680806045,0.3798101785237942,0.15897468101755752,0.41324292004070606,0.12199389683968725
cust_90168c63,0.9678302178623139,0.7099463113589671,0.4576923039986781,0.14486402564541626,0.5578748863120563,112439.38890512801,0.22384843776504082,0.17779135399256954,0.17375868115202073,0.49934194970745766,0.5029422921687116
cust_803cee91,0.9466922511736738,0.5478728803670342,0.3534472925247384,0.4774520049399242,0.4673227728378314,87811.22928689791,0.2376662658894074,0.16798157407633804,0.19383366268296476,0.2660587113162239,0.5316468030960354
cust_cc590cf5,0.6624266683044773,0.41912867464382353,0.969412290311854,0.1961087592544851,0.1727257800886051,255181.56067880715,0.2846301516553752,0.7123284434364562,0.6902391915471231,0.14234277833314093,0.5857348595102161
cust_984a4578,0.8019069835585122,0.34250920029921766,0.19672193689863746,0.18825125017871136,0.248208276184069,1275749.3645749465,0.7232496282534614,0.19558069912291598,0.11032109781393859,0.13617821038896744,0.6156395240946726
cust_9b2f60da,0.915652056467583,0.378685737056592,0.5733623131746431,0.21028284684054568,0.37886378904161916,90173.74104877436,0.2510378583549359,0.48428176574849846,0.4680926177916986,0.14361189625963228,0.4032926633657196
cust_1206c89f,0.579398688538406,0.7925305571271287,0.5069897103460927,0.5398448037183944,0.3764697016106806,3557.849095081561,0.32667926112695017,0.7985456811209672,0.2109303802205316,0.6839471404312728,0.27623465196067604
cust_04e5108f,0.7191532782025528,0.8080980909745233,0.31695266589188875,0.02668224770213732,0.6358596789775346,31884.31059670709,0.4366599204528989,0.5439920999533743,0.1363526647319228,0.30478466314628533,0.269648030848771
cust_b2120cf4,0.6461361312329388,0.5370292165465765,0.3649786783521432,0.6377866127412137,0.6363900156135534,774387.4443819895,0.3682194211781621,0.6912093420026543,0.26326754876952846,0.315790110229124,0.773969208799596
cust_162d7ada,0.5220728381279108,0.8629920961286897,0.5095272339106102,0.21816962562473033,0.3724310059426077,17479.651611289722,0.44137126300068047,0.30495715202436624,0.4568343963436146,0.23365212613007397,0.11552199485606698
cust_2eff4153,0.7408721360074717,0.5763029355802666,0.022109358243320224,0.32922665393230516,0.18147673853995291,3841.940738409521,0.3331404695280481,0.40139367562634026,0.004479756513887776,0.36077376393964317,0.13865705323633293
cust_1d171fac,0.3162170843362791,0.5058153744970002,0.5337116935940096,0.13646138917861894,0.41407631097436987,377306.1416784761,0.1730925445433011,0.26795207953720906,0.3955049535834465,0.0874510799345134,0.7730293824367662
cust_24e3eaf8,0.8357138221875173,0.41452955527843366,0.5297238938475035,0.4009980483984378,0.2065810143182363,4313.429346638091,0.1603664711283255,0.44507549746408404,0.4902938267647946,0.11351068125267558,0.26793863813140545
cust_3bdd883b,0.8183182870220449,0.4709303530569466,0.1369409578661839,0.3638942678190677,0.3205567406088106,19898.338442882814,0.12761988688170678,0.5855802303508837,0.0743184447368903,0.05514436658679122,0.1006174316697619
cust_855a0a58,0.8233804526718228,0.6699172134998429,0.35513292830866805,0.15138447414229217,0.16339625999006593,745134.6242070905,0.8654232041919692,0.5218151753082015,0.07690854068691506,0.25413966820567363,0.49178266379958074
cust_af369ffb,0.8731006265851055,0.4070460958452704,0.3556966433131787,0.07707564591458221,0.48511511512808014,100370.81527639189,0.3584721274377601,0.49278937039636184,0.3286333293220584,0.3021055314863405,0.3653000116881364
cust_579cc29e,0.8002817738097371,0.22752667107728486,0.633202355099432,0.09059041970276001,0.5977072807817021,13792.24370936842,0.25252585066371086,0.635611516273889,0.28230794407855475,0.13643847844029436,0.11081305829577848
cust_ad222766,0.7475303812934783,0.32006940166638326,0.45679114979180063,0.41472383129643803,0.20255549571208295,15415.371305759654,0.6119528940117772,0.647194899776928,0.11940805051857493,0.19737717765176122,0.016949355294848593
cust_31d83a68,0.92410158617598,0.3659804945558762,0.2630318708183692,0.550750422804139,0.1336666322608038,23494.796382157532,0.2782100593695999,0.40286173576355766,0.24170040595594613,0.14778390672082717,0.04128809295442811
cust_e180d837,0.9607925088339747,0.4995476236393156,0.4039355867232025,0.5624065195248681,0.25021246761463134,2782.5506692933805,0.2718039123934934,0.33637450408935193,0.2343139868482469,0.07715586131301325,0.04548620561011997
cust_3b9b4599,0.789228015002548,0.5931428497131562,0.1206035174828833,0.4765232067405679,0.4056106405279863,13146.555423489768,0.7429323324547384,0.6438166413551034,0.08236169906819511,0.38397649025231595,0.05461513442807937
cust_958e338f,0.7933767877002276,0.5241118512161563,0.2595105045085836,0.1416514342507477,0.12651865001160895,11860.305547046592,0.061539903467364765,0.662573809092386,0.19889239734917563,0.21015291919123202,0.4769166208525241
cust_a5fe009e,0.9603001101427308,0.5222773374491966,0.4921273857522319,0.35186864518508454,0.18785733395652865,153123.07224807816,0.4972482178661803,0.25177922254082635,0.22736540516211742,0.2870020739207894,0.5272692160613426
cust_63175a6b,0.7765350147259975,0.7459432531181313,0.37393360630032746,0.13406022707948922,0.5224095842932108,3176.1441568964433,0.20795937225935718,0.2143019468488489,0.32980041803109256,0.6037036266519115,0.15452445536084514
cust_6f95a452,0.6827912255693936,0.7967325355269022,0.5284765376055942,0.26281887238479995,0.4143251509157166,18629.589077007724,0.32230298377361577,0.624385324490355,0.2810730181728752,0.5272332407234871,0.14200839447658117
cust_46179cce,0.4779575821732077,0.4050224433937088,0.8783020190716025,0.369613512542777,0.17522629535785295,10648.764411362243,0.43425097275876406,0.7529664355353163,0.678107873444529,0.15659308539816721,0.03379885022013601
cust_ad3b2b91,0.6002427431143593,0.6159490148556754,0.397920856944767,0.4949921696869242,0.6173438997058728,173739.91371801044,0.3409231585987469,0.5580677256978771,0.17609007356946657,0.26978687109721133,0.768598406507468
cust_6a49dcfb,0.7335606299136523,0.6793886100607404,0.5282589735188835,0.31873500776869745,0.05586025099334482,3823.1446468127283,0.40183916428854344,0.12100864950311505,0.2749603831536433,0.3833881329569666,0.009573722921937845
cust_f5dd2813,0.863106842602583,0.5750494196067556,0.2280596455673789,0.3719580678268295,0.13795675919964778,16906.062843019667,0.40021036090216666,0.31232927366129726,0.08489764232459694,0.34378101189142873,0.41022251708402474
cust_1ded1bee,0.5047388971435535,0.4719255612928851,0.1368415564098132,0.2595429299458748,0.5076087842652495,7665.07326163359,0.06406600999677259,0.2434760772872105,0.06320959108802512,0.14444314771498626,0.4887393951514093
cust_0796d57d,0.8113745653247418,0.3402230391157796,0.6908238594706814,0.03335629521661897,0.24643566771289924,36016.12241091124,0.24065441421633263,0.4426947289944465,0.24347005781906794,0.20508642711359518,0.012936753127193487
cust_59cd367a,0.4617841353668511,0.4695207283119079,0.33651798262707455,0.05953775829854381,0.43446691312869834,41793.59927714931,0.16789763118089082,0.472377821988971,0.18287944432093728,0.13583029813711986,0.15074118441583242
cust_5b16e7fd,0.7460289713660757,0.6534476011970668,0.14909765292659832,0.5520242424754094,0.7540897414603466,10611.821992648624,0.25882938998730665,0.6109126299133232,0.06624353568569662,0.14228535398348974,0.41654439989672537
cust_217a17be,0.763567700293848,0.36594438435078397,0.41207728555876233,0.5114952447217915,0.38994579905134874,4264.6406500124685,0.4296747430524429,0.7197923069303551,0.3768075892927942,0.2984141989216536,0.4006700329573252
cust_76af839e,0.6106251400376544,0.562399209488529,0.19606050472813297,0.15624763857696894,0.2559434355685259,137858.24685378402,0.3642042358726176,0.11466363063871818,0.1432401259734727,0.3305971844022932,0.7410659801885943
cust_9f49612d,0.7690479848229256,0.23802146396894386,0.3858464027765096,0.1472307057359139,0.25051778957157417,31601.586435143152,0.6642858161198093,0.9125565476711274,0.15927852377697496,0.20596798742928904,0.10284408758035561
cust_9be49928,0.7844811846694175,0.4270721852652876,0.39071612820341906,0.3268451140457381,0.22357487943859142,6008.062270503549,0.6563249942590603,0.10781549573430825,0.3571106836944998,0.07966531598447744,0.24082280794946653
cust_523ed33e,0.8486763861487051,0.4299577496048809,0.6616223303672211,0.36695109705663004,0.40019346350715956,30971.69019223025,0.6205078027452652,0.5443018557761099,0.5248672957946936,0.16646348970949312,0.19225238201548503
cust_ca66468e,0.8931893261116931,0.8266352720590783,0.28695677330747726,0.13793876108422257,0.6006427183385846,51739.00624879379,0.40436415530764186,0.24717123316678774,0.18651402495241376,0.24656788498348628,0.7671580260614115
cust_e4d4c592,0.671129842178098,0.4270703683143572,0.7924829674773071,0.0379294368615773,0.2270039146834382,136043.78181917474,0.4114078583273065,0.247258571239374,0.32661254981925764,0.29709535677498505,0.6646754448627159
cust_ed4333a9,0.7452266841324303,0.4999117035036479,0.42542581141277713,0.21119955084740327,0.1966210060294396,796.1911202742712,0.3500127704078333,0.5854884232059433,0.14853580729075472,0.13552311804346998,0.13678509169593178
cust_cae52983,0.78195328778485,0.6865854535163034,0.34655957717742875,0.3715573542141735,0.22354774990505832,4703.130459113773,0.4255643444293499,0.1530857959211078,0.303750210574585,0.11183420065240636,0.012797198969458504
cust_e70344f2,0.3119703830516182,0.6545474774153455,0.4761309411553781,0.34290306337880067,0.19549819752963846,27016.29216382673,0.34387290739829884,0.3567767926703538,0.182129931384275,0.16264612775243775,0.2323094840801643
cust_1fcbda02,0.7694792930687712,0.5639656293383452,0.44905655013858936,0.5618910294727479,0.11053501258640343,47906.799883131636,0.5442011288140214,0.5571691103560296,0.3420354679166427,0.30710062902493523,0.0760333314909984
cust_f3e299db,0.8382046709978536,0.5396757694000109,0.6339272802474577,0.41333491908536496,0.4287142792095117,1542.5528029163668,0.38878245515148846,0.5895569365627824,0.36739587830124526,0.3389137220318629,0.3477168098546813
cust_1be119dc,0.8558065065674175,0.40271253838943993,0.7398109300006332,0.20638218388305585,0.3881531443395234,18880.26350887553,0.47322552469137896,0.18060922305930444,0.5937672179973927,0.3195173270250805,0.24095694329570058
cust_1f12609d,0.5423932785930183,0.676538725150061,0.31477062065290334,0.05406959962000934,0.4614813805634235,10448.571294858873,0.3522286111422388,0.27585037194229967,0.2630518499612174,0.1882837756123315,0.05439433432969076
cust_dd1a6bd6,0.8471222161988503,0.11862137956385692,0.6189990107891633,0.668082978912486,0.3833985811899806,57052.56439994682,0.8222590504130461,0.41898897225326487,0.2698849487647994,0.09379804500664578,0.7056038504438983
cust_06a94e08,0.851796243072397,0.7901082239173014,0.15457679060840288,0.4855665961307844,0.24596135304310593,82971.06832139977,0.5591867877611473,0.5555651129594541,0.07182447083851065,0.41380191336436817,0.8130899456048275
cust_0cf40cc7,0.8275815050710452,0.7453673420939714,0.5254219313638449,0.7277325811193295,0.5624630560452277,8465.789347580216,0.4078264665276249,0.7697633109536896,0.3664047180407307,0.3170668928900216,0.1413803469360898
cust_c4f56efb,0.7756996513642406,0.35654538790888113,0.2941646119734041,0.17340757179357316,0.8203120263467104,51229.74458073049,0.01372254012563042,0.4312117342326406,0.17634167492356534,0.15477456954606322,0.3435359253606693
cust_d89e778f,0.9660588563275071,0.3679170851854575,0.23772511454202075,0.12332693417575083,0.25000274800345207,286447.33396779635,0.12303996416594987,0.3604857135552769,0.12686839374822134,0.1410994093873784,0.888912152237063
cust_a5790ab6,0.8827774314880987,0.35725573036575364,0.24300871109871217,0.22677108734570134,0.6070063418099716,29883.5203341363,0.17213694505361055,0.2102388915676855,0.15844152753220983,0.12189525972535302,0.09424287132738472
cust_5e8a521c,0.8866337302388011,0.3935235868088793,0.6907442980793097,0.05430016095898577,0.17292851202122111,230545.02351519407,0.25494743017855065,0.5588769089069164,0.39460727753670516,0.15554880860015943,0.6112444128315748
cust_98e93c12,0.8531786111495587,0.465833385781759,0.7206562290375004,0.20926845842446648,0.2667193929353948,15900.306386455111,0.4251355451080188,0.19229137631485566,0.4496769594402026,0.3106825957249736,0.11565598182341326
cust_3b00ebf1,0.39461640514801766,0.19760700429792294,0.2720766329059455,0.30287250689076994,0.5028531472630985,53574.37918465955,0.4507085175751219,0.1305597272750173,0.15075975889793813,0.15441418933155612,0.6426148941811546
cust_42a46e4e,0.5783497921192096,0.21702148784672595,0.4686030121284222,0.43457186853347657,0.07046882919532736,8619.22337321661,0.3367832453044086,0.7945666297909504,0.1861545682501499,0.14805693946149148,0.13035071407400334
cust_1a6a297f,0.7724220374054728,0.567471798395365,0.5375812078521252,0.29678587833425885,0.32290679218813423,166663.94788979995,0.17144626165025711,0.5430802409072685,0.27900552815478774,0.07369639178436596,0.8566609092009603
cust_0fe66ec9,0.8140413423426717,0.43403986853865245,0.6362125708825236,0.07916771170061451,0.39517919709075017,6701.518272760179,0.42267729140741733,0.7858626837195192,0.4887319316564328,0.14261580807583651,0.04391036095187645
cust_6b77983a,0.3893132486023257,0.8014560420034288,0.3720549263468266,0.1314903158434214,0.18304878615067852,338818.44947598287,0.2770387577653857,0.44309044151179006,0.16680918639199152,0.34777793042865657,0.7223947920891485
cust_7d5769e2,0.870104173448073,0.4221987409093894,0.354120005601931,0.07569049905430743,0.29441675821662927,68639.17565528242,0.22025928098926753,0.4061880726064735,0.1678740802277587,0.26526451578019444,0.24264729408400765
cust_b704a499,0.8130407550082472,0.8202740220101167,0.3844887108971552,0.24546105839116966,0.06101023378275973,22723.266394925242,0.25131801425207606,0.16269491997048802,0.17778948376519446,0.1448346965549475,0.1613425877578325
cust_52f7059b,0.7911795268831405,0.21710829115779787,0.5262275036186693,0.4174342272055685,0.18947097003109756,486540.1807448148,0.35616069859091665,0.47350564890149194,0.2190013557951086,0.07363223978672402,0.49690580058457334
cust_81508214,0.7291183586205827,0.4648080320362759,0.816360656878401,0.6697332435448861,0.2854241938088469,195413.07499315683,0.049677311990383125,0.7402402356646911,0.5330093840289855,0.11513193627657238,0.6818389060217841
cust_9e67c72c,0.7838158979540001,0.3949720423274997,0.6340700243255203,0.24224207835077213,0.6304786771882773,7954.035103325262,0.048216732975897195,0.3689454699815345,0.3796595307885878,0.3276071251749208,0.001738748267338717
cust_eb248532,0.5298099513220718,0.6700421681131339,0.32403734949666324,0.26815741406014293,0.3183626265998043,8258.924323342333,0.47537460559023637,0.5933107494940605,0.2756129869198719,0.5296295133720087,0.4263292195607627
cust_4e74e628,0.9091678694190989,0.41264087934991556,0.162008406084133,0.14210136842141688,0.2190015445158298,57379.330094295336,0.18496553292710374,0.4621593429699739,0.04796646996690111,0.11929604760239879,0.6274438654575171
cust_e8926c69,0.6017433577259474,0.486722792344221,0.49894792663165005,0.24389354754982132,0.5312985841722467,405720.2102533138,0.34359675078410723,0.7366779427403578,0.20831322538871344,0.08111153036531739,0.5397127092134133
cust_da3b6a24,0.6792412302672035,0.2565267890863745,0.5880263478483116,0.521267626319868,0.13409762934245853,8053.0415134368695,0.4884135960143825,0.35710034018388465,0.302345326146264,0.20359453121349544,0.15768003391946603
cust_2f8c05dc,0.805730078338505,0.5116225058650222,0.04307198420770865,0.3195745025180206,0.4223129121076562,10136.49012883429,0.1584460309797167,0.343528875492538,0.014247368875081375,0.2534159678154568,0.1384691662370287
cust_390d9b0b,0.6297491386374433,0.28339128692676463,0.7785242885280964,0.18164458107014586,0.24833045670859902,8844.169696041432,0.3527650752383231,0.5712241650626649,0.47753452626891757,0.1932000730383104,0.06389536640611702
cust_ecb67859,0.7478043913707836,0.6487059309614843,0.027457425228923818,0.354504132551484,0.205492936098288,150436.5842713628,0.5547724146820839,0.676728113046852,0.005555189270157048,0.1121178962807827,0.9149689071342134
cust_2bf048aa,0.8772943644206305,0.33231904014096614,0.7601104049440607,0.10054908035436783,0.08076408962429645,52632.30781523411,0.5832102483480367,0.7303572477695319,0.12145214563519326,0.2085143656047073,0.6488890888016904
cust_3f7527d5,0.5273727259676617,0.7762681547265494,0.35924142291975003,0.4395572239741658,0.3995412618179694,756.9330452018854,0.3090211245117717,0.8552047283698883,0.30102338625504244,0.20293443328608013,0.08313849758771859
cust_99a89b03,0.752476172217002,0.5434638951359071,0.48351155880915625,0.2202587105208971,0.4653564135376775,277464.3533388822,0.678725938542258,0.6075008028055797,0.2892835522642456,0.4307591542046379,0.8183552236255308
cust_464fe6a0,0.6199955360663189,0.9102303223733239,0.23150772693453994,0.2788112413415216,0.2845221225313669,148030.70694116503,0.2573499307748657,0.6506269356470609,0.11519008684405965,0.32368585499652414,0.7676782709603616
cust_2e83f681,0.8317070967903316,0.151103090869579,0.16947602202955625,0.15845566369622735,0.06137445212828006,1838.5277768228934,0.31331670603597433,0.6242520164033033,0.09529007256679045,0.06097397415277091,0.045260453921352146
cust_4eb6b80b,0.5849442691280424,0.13246360297128956,0.1512873215358161,0.05631014637222216,0.20414607157184197,53597.15111172812,0.5562792280089791,0.5719098091484797,0.04678995925124954,0.05726789095632417,0.3052699102620942
cust_b76e0542,0.6325007818497121,0.6382450179778281,0.462751816664149,0.30024252029577136,0.390511224463278,9956.613341452425,0.4353597441871719,0.4111372334217519,0.19994068730466807,0.31058145127618514,0.009814839471112417
cust_40cad235,0.8229718195830741,0.35590409708127263,0.48966189459899845,0.1715734762053461,0.1352059059778999,15482.448784189686,0.25384533990761865,0.5683795046376224,0.34361432351122795,0.16463180817684028,0.23774990558509268
cust_7d1e6eb3,0.919409472887132,0.4480965438729813,0.5419289592011802,0.1791500928598103,0.3284316601440382,3959.2633056794207,0.32742732599791463,0.36692826140597595,0.48930021151879877,0.028783137536686633,0.07449691217319272
cust_7da581bb,0.8355412778680239,0.5616430871355899,0.30410598324927296,0.15233077978428775,0.6030055046268475,7131.655684997182,0.2560091890691229,0.36012276605035043,0.24897907286424492,0.4323195330841196,0.032715588085279246
cust_c920e18f,0.7397021641297468,0.6197484403007075,0.4947439357161485,0.5287975734560665,0.1658666729369877,11795.219938248643,0.5384175646460596,0.7166252029068517,0.3007218205375688,0.14303849450046172,0.37215865916798824
cust_3a94ac82,0.702462615381754,0.4911323513660013,0.08679019789923313,0.0482310751123355,0.42202560941267186,244952.21847864264,0.399364613123287,0.5396300684798822,0.022224604591883294,0.16753139884689527,0.635394107532884
cust_04e24ead,0.8544517881403486,0.34214979021910646,0.3470392324785507,0.13824951698595855,0.23430185675867138,6760.086811660896,0.5347318214243362,0.6217133988474149,0.28202275362843415,0.1605751257744467,0.2841113279677463
cust_d822709f,0.7497599612883882,0.7111776432394781,0.7382894714565041,0.21195936548229297,0.102398235771456,7060.50770434869,0.40824819569073867,0.4485193756091406,0.5952549725128878,0.12031202487917651,0.02187516323571293
cust_a0166785,0.8021024413482679,0.4856161626310188,0.854258271368154,0.13651791411848038,0.44365572189541497,36807.288447539555,0.2517830025106518,0.2330690109358725,0.6139301640278497,0.16980982390026245,0.2705002877949803
cust_ff6850a5,0.652234830301519,0.4483257527943959,0.8907229161937172,0.06679993344516857,0.1889890371438159,23508.25439756409,0.35719503871192876,0.5198711288812515,0.8484308759471946,0.25173298070907985,0.06951425231639026
cust_8359fa3f,0.6744477011662318,0.2901093075977368,0.7778842052873469,0.2694585404876522,0.2563960457999248,50549.20093343388,0.31140373089798284,0.580044777086614,0.24896622342429087,0.13451102510180007,0.8129223155773752
cust_e51654b9,0.658948445102215,0.643768997235287,0.23917049421336894,0.1373009014169396,0.07650735514867406,878716.925921813,0.17087869434670985,0.4389104403113921,0.08386513027836051,0.10932689413041494,0.586744321809529
cust_7deab5a8,0.8021357474293844,0.6731326144068037,0.3527476109511324,0.3163569234802688,0.372517238601903,3989.07413694249,0.5816879591682846,0.7245031778529881,0.2915170908056824,0.2150567726135748,0.3552172490092193
cust_e84fac4e,0.8606542988788872,0.7066013861693047,0.30240614075380534,0.16487113707240675,0.3459185908817232,7135.534765365176,0.25503182854466383,0.5251637006381292,0.17193198476190752,0.31451359391969264,0.4076036270360961
cust_340cb024,0.7640873260385704,0.3745544906575121,0.03241129747691628,0.42347196472505183,0.3272741740093288,1682.9339277236763,0.19201742559226978,0.4365289855311451,0.017743744278031246,0.19932515980288587,0.055972143487299564
cust_d2b31f17,0.6833432013170456,0.7540555010857068,0.23319210067760254,0.12224458780268904,0.6370459865847188,7502.819078728517,0.1853573776992382,0.1725424396239727,0.10133247506336036,0.5940504187005352,0.1469761513506843
cust_311a8b28,0.5211943961594824,0.5507561936220594,0.2570070489955665,0.48243720316760935,0.5899133704487313,8371.276718497329,0.17325726745827796,0.35742226343690503,0.21975469999665115,0.19752444196257068,0.19371440448296903
cust_f6093f04,0.6752516971145712,0.5453673139519759,0.7711789753599009,0.5395536085106006,0.1553008741578017,86230.56722466512,0.24972417208067188,0.29914532875862904,0.31555586422006104,0.17416521422929654,0.4048271728258081
cust_6189c8b9,0.42753441809204007,0.36002082479764025,0.41294105952971555,0.3999524829930707,0.1587404807097257,4656.51510418002,0.5550719851586002,0.6205245396160028,0.2750964812973063,0.21546786560127743,0.1338609625124272
cust_a80a0b67,0.5796725072924774,0.39437572725417064,0.12550093492381534,0.2807479545174323,0.04683817600897107,2972.2173296419514,0.23235796045066473,0.5107357514016627,0.06434509425807546,0.10796179836877368,0.07305726099373598
cust_ea9e6c8d,0.9399172468585172,0.7968188925703611,0.521732511399742,0.2689354222123602,0.3259670199870866,11915.104006630743,0.43819644676274283,0.5562528670669609,0.3090886202877494,0.44386664962533423,0.05706985129727184
cust_d305ecc6,0.8857173951596301,0.35709187842521967,0.5200561222139004,0.3991674611882108,0.6533007820323771,820.3261603609265,0.07475204137957177,0.5644418778748455,0.2127039239358733,0.1406259789339622,0.1570225745412056
cust_3ca87438,0.38780322369619474,0.6233902344348535,0.2956063587764162,0.31265092640247477,0.3198440632377063,9393.68268149026,0.08127426624528304,0.7249476665403896,0.1591294091111089,0.5115524920721073,0.29478536379782416
cust_818df279,0.8585167667822069,0.590634371061614,0.6932116541902053,0.07847226883061587,0.5011529743436892,32890.98824780929,0.11067062728721859,0.41011212004176545,0.5144747733791296,0.21199523398556117,0.1721046434648438
cust_2ef24883,0.744872894572343,0.4879084793262618,0.4308268614290942,0.264542382508389,0.09477001203724938,61675.379950056384,0.38417526922814005,0.6395385711637886,0.04801875117138539,0.19203704797172472,0.7673609070374109
cust_b30098ea,0.48985912429058037,0.43175119003659623,0.37211372370033685,0.3671814898423188,0.2480995724430443,1787.8526395253045,0.3783717501255814,0.10103722078174403,0.2730981897791001,0.04967362692389441,0.409950205190563
cust_3603ad32,0.820023376719542,0.5793312519270307,0.35022446159093584,0.16076289340052283,0.42808634081048225,79030.87281376176,0.506050870769562,0.6820900091236828,0.2755139709448784,0.5216777420136048,0.6084217338371583
cust_6769144e,0.853609781148363,0.7231987129525781,0.6237077950430718,0.5728341897972552,0.4577273769202936,103624.69619424414,0.510656807516492,0.7205303519498764,0.4888297437571498,0.3332387567859758,0.624399576991165
cust_52931b47,0.8826235728652152,0.6837347950050354,0.27468338737076725,0.3970582733529103,0.07527328728276188,19739.506458817385,0.23951548165298328,0.25623475192868284,0.20793219181277392,0.4534486167490108,0.12247461250074265
cust_f57d3d7e,0.8646875658338187,0.5348554668214706,0.4815836334712802,0.3723803699995064,0.22165227806372156,12250.829094045062,0.5311368284099911,0.1932542560033794,0.3587215537251313,0.3465272555849372,0.12432506909660622
cust_c57788eb,0.8277600783219324,0.0652064344002464,0.33918112051169347,0.2350730434735709,0.5264261840914323,22942.510308225246,0.5885620333883684,0.5837403506076627,0.13995760796547546,0.021445498618385093,0.07406812053872797
cust_34203882,0.8567849904319661,0.3009040851672868,0.45811649768343327,0.57342275909725,0.39203600595944926,5871.135279318934,0.5479313517289214,0.7207813325335176,0.23411911444340736,0.1474952778371834,0.0012314448237346848
cust_cbb9cdbf,0.9595429748594702,0.3649473959021293,0.32268966063746923,0.40918175025841536,0.6598020563438565,10344.050266869983,0.16120285573688536,0.6435807117297303,0.1208516439927701,0.0855481681253066,0.17823277884579775
cust_a9ba0864,0.8374609320613818,0.7876120899737957,0.3695092709307251,0.2369649907041732,0.2816544596275043,171140.69992510055,0.4773834397429328,0.4268782392540518,0.15232407570426773,0.2391486118899506,0.6430747090203802
cust_d2f6b05a,0.9552687966153308,0.22850797465767203,0.11146652779067333,0.3951232951132486,0.05646150049220117,49062.351202313,0.5412810777436533,0.1861136211781547,0.0397983674972818,0.19314769133788948,0.05591236190133017
cust_6631f81b,0.8825141728831597,0.5013395118903621,0.5169665059586029,0.6095736306738736,0.09455980891277868,11722.166046395336,0.15151150437975425,0.5817165237727222,0.2125912160981373,0.23688167009872374,0.17687852284078445
cust_c506fa33,0.9088114617803695,0.3422267648187184,0.23793314983664493,0.27964044297123525,0.24117349868226454,45088.52818289052,0.26417971896090303,0.5076670660099751,0.20818502061546384,0.29828769877660405,0.05510519176106466
cust_65dbbcf6,0.7594135252478921,0.3741031541153658,0.2554612372989661,0.346252452246457,0.4060685377665452,44265.43030103594,0.37073616044790897,0.21663531131266495,0.2528519253050734,0.07620995578960356,0.04737073458213218
cust_c3d86d26,0.8449572349027601,0.33869866591699505,0.38377726737909507,0.19727380551817192,0.38215896070957844,9666.530162532992,0.3026338152626895,0.41396727744198963,0.2535817714453401,0.15599783590536148,0.17125284896523635
cust_9a5c3aac,0.8157430901409609,0.604775661160126,0.31391681503778696,0.09820603154513283,0.19670054597178194,18868.421500163513,0.5258801768769943,0.5793721214251362,0.19012398831269506,0.4042877822659996,0.026156422191282194
cust_bf5d924b,0.7826485926214318,0.25070981074165116,0.09412619153937317,0.14830037976447322,0.5179009590456166,11151.152510038231,0.15976512565812664,0.9303520114024497,0.055355186046569874,0.0843880364524396,0.27248511718257906
cust_be8cc6f8,0.6724413538591036,0.19088481047497424,0.5922306969041486,0.581216453257347,0.3601859756644268,51649.837411174674,0.3883992166501453,0.32649127269836486,0.10409401419876053,0.0859996447593367,0.24395008401592888
cust_ee8ca40c,0.7352812157500844,0.286528640380501,0.497861143080733,0.30291257896170143,0.14849191214908575,290952.51758431306,0.30669359973126453,0.5817776594777349,0.42472091838102977,0.1610152183300503,0.5763085081897743
cust_df76cf1a,0.7025201282018628,0.5121402916215878,0.1055481027003129,0.4084129983300876,0.563045333350993,15475.424655300436,0.40526815201615307,0.5266947660299263,0.022338299878005192,0.36982247940555657,0.012069628974189166
cust_35f37e38,0.8388310811801722,0.7836270533310524,0.39169890509842153,0.19151712618212757,0.31404817697089327,49260.84445197922,0.4035677316294509,0.3269567348508861,0.06863467382530722,0.51250206776072,0.10450879877233459
cust_f211acf9,0.7323101754092238,0.8589886402199578,0.47208735749914066,0.3760754499960749,0.24894384974005204,20934.398755990107,0.13962368375256312,0.28002399160194236,0.27282778385415885,0.6780779489596662,0.2503577805364339
cust_da582bbe,0.8380020734821937,0.7505935134185283,0.25209954228013504,0.4644043630549454,0.20219472174771883,7244.128026647065,0.7446651844602362,0.7004568583818459,0.13055546640697738,0.11779263640861244,0.08924615911549463
cust_c0c0a9cc,0.5861312189101989,0.48235595328181097,0.2534556536996568,0.4577565395950671,0.30781575965173075,20642.78502874769,0.02102021891526629,0.2141594865622545,0.2161155715594769,0.17379788693002776,0.06265319527222277
cust_8ac68fb5,0.4920517426735076,0.3997429327112339,0.23773115959464683,0.3964522779559767,0.3665454984380654,54175.71880638665,0.21768750276666374,0.6170042371465229,0.04876789408771753,0.06331433049180436,0.763768930980306
cust_77b97bd3,0.7095964434272828,0.7961350987079967,0.35334577360911523,0.5089141122867902,0.6995622992190498,15368.279896659798,0.5787468851652136,0.5102196819997619,0.1418377153028021,0.5873869419462339,0.6322672335731033
cust_1279f53e,0.8988670024166796,0.6608750234150236,0.6018722443498348,0.06341960544044825,0.4404565085123163,30487.37033922647,0.40972820254697956,0.2784101527890934,0.2143950685852588,0.1527895430106975,0.016502999777177334
cust_2035f6bf,0.8163746288177981,0.5734315735147261,0.3422664664050983,0.21164400186108442,0.4548134280136268,58707.57418632901,0.6271362154789849,0.12192568367192382,0.08407091353386956,0.26607135106660845,0.7806273172563453
cust_aa10016e,0.6239640559611147,0.7438334691012617,0.45451772787508704,0.31202813650349287,0.19558647385709013,9767.769967413393,0.538219057604181,0.2631150990629474,0.3340375764484504,0.36367468088915617,0.2815517396600249
cust_3dd96720,0.961874711581018,0.5935408413953288,0.36188447833228427,0.4387244137293427,0.47460224114367616,11020.967480718691,0.6296666480583846,0.811719849597571,0.3468064888090231,0.3210218275523885,0.03335694808392121
cust_48ab8e96,0.7942683861712729,0.6603694127643106,0.20265653511234166,0.06723439136911893,0.18039325364157988,130497.34054441954,0.1926665510509151,0.21347728246443262,0.07666814604541826,0.4384616287471946,0.7269899290244407
cust_4660ca0d,0.7024079139154725,0.5052288077228139,0.2016372689497814,0.32276938999416216,0.49766210836487346,43764.783918538546,0.25662714632416145,0.5820489228546271,0.14780819680019133,0.18745207343259396,0.22349723008434674
cust_2b0687c9,0.9594222594373233,0.5361633612523369,0.4880039430379455,0.2085352830905707,0.6375453370448917,135844.06188480856,0.1253514305931492,0.6802352875503195,0.20972287579402565,0.47719097008065553,0.6717857855060408
cust_8f56538e,0.7528875857288909,0.5659510008759249,0.6268656499771122,0.39914349604493327,0.26573727490666954,47609.88954436098,0.7170278503480841,0.886169691452067,0.24051844614004006,0.1367325166253845,0.3142388912127012
cust_fcddfd13,0.8695673332704105,0.40558583190089265,0.1703534685819556,0.13915823065439237,0.24019500449449596,183627.74343145674,0.46769556580545046,0.6295324938404914,0.11337217238131131,0.1703686327065067,0.8007027446206926
cust_b9fda3aa,0.897193353090921,0.35739219334735245,0.8827077609440873,0.2727020408697768,0.2143461647705775,14015.458649228309,0.12109521777409614,0.7870467099247935,0.5699508452243441,0.25426569898527535,0.42982696091469336
cust_cb25084b,0.5271222997815509,0.3109739182753746,0.6599630040230738,0.3195563246335583,0.4148421971033968,642.4228956646416,0.41372049430345703,0.3206877663527858,0.17805436355331086,0.20016371212852913,0.15787438322872335
cust_c0a89462,0.729978406510727,0.2228947784362467,0.07443377964063165,0.2906946709895755,0.2589467436406913,57772.41876402632,0.5182257545433667,0.4085253539051324,0.0424982097321072,0.05484298928551325,0.757395706816759
cust_c1d4f43e,0.7100520055078585,0.6364035602008641,0.22271802287689751,0.17168052912100465,0.34816549073940717,1784.7929534519278,0.080897994218732,0.3527451375752185,0.10502605088339093,0.1032354932380208,0.19844904594711735
cust_fd1f5786,0.5877673148885016,0.38778981831059717,0.11946321848825492,0.5039590325424224,0.4649797693931166,14184.664349554103,0.3154917063249707,0.20668465229338123,0.0707533437676597,0.33194014581484454,0.18322513743902402
cust_22a27fa1,0.8407607911957062,0.292772164419228,0.3704831296074042,0.27314050771634574,0.3001678216487138,50758.94121243984,0.5213237172691736,0.8444388095234618,0.30090457233182927,0.1890791718114299,0.9023912233173652
cust_a39f7d5c,0.47080085773062946,0.5574733114342633,0.2692375907434433,0.3486980365218469,0.26864979704885034,464317.18367878126,0.39946264626606676,0.4001812982698564,0.17067009528227398,0.09095502080753101,0.8696828333849062
cust_9133473b,0.792758159303646,0.9497888314921049,0.4237849749421491,0.23036403098791405,0.24126474304941511,2135.2325152736985,0.34213707915532676,0.27458572989845925,0.33578239485862404,0.1782368030116061,0.21011123819822689
cust_07c87cab,0.8153357932391028,0.804505068383428,0.3815459232437876,0.24986104413925708,0.35125963635131197,61706.687905895276,0.16209508733295463,0.34644577871725607,0.14799158970166135,0.39337716755831176,0.9317129408098016
cust_9a0d4848,0.8544774610665622,0.3922698429660559,0.5672444180176889,0.15649337089461754,0.24107552676021185,66871.4478846758,0.08033373392113922,0.3177890212156905,0.24143557821387424,0.25239459010076265,0.8312231815059153
cust_2da66ce3,0.7901364343878539,0.5232954002021155,0.4406712213127369,0.3026382685055388,0.5265552081186868,11006.363232102083,0.6527619502781368,0.4340166665781692,0.3757021099590553,0.3136564164255634,0.23950725082300467
cust_cc1df9d2,0.9281725206731697,0.5164097148113507,0.47177745831266,0.5517880254351896,0.6225740256849349,25767.295787773783,0.5990454346428569,0.39076529839637636,0.225890657065327,0.3268822169360099,0.011361431242990761
cust_ac9afc55,0.7775997287539004,0.4781627568794535,0.5628086758422569,0.42761972746231885,0.059250097146740115,170974.60845939204,0.3176602878367436,0.5396749755007465,0.37048841118874415,0.2865010484759288,0.8407431020023163
cust_8f0d0d09,0.662144533554314,0.48932468954534414,0.48946533793514685,0.16737900923949184,0.266246156251416,4041.6190995010406,0.035254699709127105,0.46471327330144546,0.39711119899204067,0.14326152900266578,0.16214571374487316
cust_f317544f,0.8484054746119611,0.6084834949849879,0.32790736191229497,0.5599193817226885,0.2191168722102569,7187.138325378906,0.6830694194732044,0.13665384226631921,0.27373128869137336,0.3175393654390248,0.09082650285486905
cust_e90f65e1,0.7625486045373312,0.34220213786320486,0.40009263649675786,0.08030580291140872,0.4106738652912454,1999.818011098218,0.13685591854162243,0.25568285563335635,0.30691032868762946,0.10458089178997565,0.5454944512758501
cust_18843fad,0.3906573185792391,0.3564244034242963,0.5024000988408294,0.3393623425056401,0.07294091095460746,34957.77369516815,0.08684256182758801,0.7202803840343698,0.45448295177919135,0.1999092575449063,0.22920970994078818
cust_0f707203,0.9642417177135331,0.6859274057520007,0.3142707147969559,0.8752498970033228,0.12183548967348315,96122.28105943662,0.3408238417741972,0.39296613265527996,0.12184283473256628,0.42161186495943204,0.8747939910048221
cust_6df13582,0.6383815317234307,0.5914834750355545,0.1882899192209647,0.2112513311278796,0.46435819256351285,91257.6437046332,0.28717170436303774,0.6075590813716824,0.17413482486152182,0.45401702674045746,0.7465723383898365
cust_bb281276,0.8616021778602624,0.43309521158297665,0.41030763743691784,0.14326247622809793,0.5074211052004838,11411.308919775054,0.4431240998503717,0.757088980015391,0.21049659153874972,0.2652767137404531,0.17843271908039235
cust_0b832506,0.5344960753942777,0.29894072080339906,0.5357963621363374,0.3283597880508614,0.13204902913200547,32200.589627081074,0.08612828503377822,0.6373052963820143,0.2934277431186362,0.022037582729959718,0.05268282170236235
cust_487b7ba5,0.8534049727133892,0.563926361138946,0.4995166995213108,0.31867319852617254,0.22451424005870024,120746.23444698876,0.3715455811675475,0.6594917483909738,0.21354253247025826,0.26340810052369495,0.8159576508961192
cust_6f5f2a1d,0.962220358757673,0.3518216165064153,0.6159715981680197,0.531402726146982,0.4348935006869479,138104.61751793997,0.1825044101346352,0.4183956497567535,0.3424212853490713,0.1392830935799706,0.8231578498082357
cust_f60951ed,0.6526749919961539,0.44699627425387833,0.20628058487268308,0.1631800838507944,0.32891488062991936,45569.71964468322,0.21663836546994064,0.1153029823030952,0.1645422610922513,0.23965560203809638,0.01172157374970968
cust_0382cd4e,0.5500283602703143,0.7562523418646298,0.484852834910739,0.27636184575200334,0.411246691266242,12733.971892871077,0.13820236171915612,0.8684558610657461,0.1418153227024625,0.38456977145772575,0.1800108067645848
cust_395e6513,0.8551474987135194,0.6571704815605326,0.6313151979978218,0.23096691298531186,0.6570849314596935,9911.21856612901,0.09034394040471604,0.5257036331393915,0.5475170806489249,0.10610232805444535,0.16906820548557852
cust_5b3cbb67,0.6256896048872951,0.5218609767483978,0.08575258169451674,0.32832869229338263,0.22755851677973168,87887.60498289156,0.21081011885934253,0.694225900250901,0.04152184033775842,0.2189325006847636,0.8412733943911032
cust_181e5253,0.9758601309914591,0.17071311219534918,0.09486785164328053,0.35253919114762755,0.36351768419048364,213410.29588827945,0.2236842649112849,0.3048964574279923,0.08572138369325004,0.10481445031169748,0.853376374083771
cust_9425f43b,0.41204356341939574,0.8279823633108234,0.4295821115376914,0.3171486457921121,0.3851896216834962,39072.1123891324,0.3056559429156531,0.4173312673526357,0.3072411893300107,0.5230789718671807,0.34350422632069466
cust_3e0107c8,0.9306215171030463,0.4498910408705695,0.6078530309371522,0.25214467319122913,0.10756790120113538,75661.5795664896,0.6105558550085096,0.43391705606048026,0.5162817044690019,0.046254754956867095,0.6906438807382653
cust_c0a0402b,0.8056194722255968,0.4883243452877751,0.4913544425356199,0.1936635857989554,0.1843063328951898,5261.19874058225,0.5706822619673902,0.46456404681304103,0.2236051588714695,0.40340546943207356,0.009569613078144698
cust_943dd127,0.7094455645948556,0.26230816753468056,0.2765549563883878,0.18890937763964372,0.36235952980743047,77364.41466413233,0.23679753504517673,0.6539517534491478,0.22660839791660387,0.08132128279962172,0.2005630915622019
cust_e95e670e,0.6571066812238159,0.5768087382332854,0.33050711132129057,0.15217846373722965,0.31326415851320083,60522.845729118766,0.36136122115580777,0.6902839389180395,0.23301263665685154,0.288906348629532,0.5420210780504214
cust_402b966e,0.8820456032590984,0.6100500294626933,0.6303971927437572,0.47708108948209504,0.2769520107285,30473.14892369435,0.42365236384493604,0.45313237634522546,0.47727949883871174,0.23851310200091735,0.10581089031886537
cust_f7c17a65,0.7628876036755037,0.07575021014433828,0.8735189445792108,0.15763224902343484,0.26071360987041997,13409.040995615975,0.1296792554948872,0.6851210589850522,0.523971052698688,0.027261472608440945,0.6086508648541062
cust_fff8f1bf,0.9893957910137485,0.6961461565680798,0.5243768631353719,0.11661077788132734,0.25227820776602633,57092.407205367235,0.27792356548143937,0.3030311299869537,0.3213397590317443,0.3146648384788846,0.392196795654645
cust_7371c176,0.8797819803819139,0.2358690603572118,0.14608621310064704,0.16562372906151202,0.31629518795545947,6365.450801793628,0.3257435816093595,0.5899595869040934,0.13463607200876984,0.0631772767190602,0.3002010661554411
cust_339ea10f,0.4763380298054651,0.6740899601504189,0.11408145865299253,0.14952678838379663,0.2965652153590451,89598.54476897976,0.33537979729459594,0.46978509430261595,0.06479805930026927,0.5203887693053141,0.5581427573985654
cust_97d8b010,0.8354555355709178,0.5015321399905233,0.39809303459050177,0.586800522305345,0.41260264910781264,18765.691836189137,0.2821421164943212,0.3978112925280298,0.11437318281540235,0.09434362933192433,0.2483965449588137
cust_8d78c89a,0.8886768626991156,0.39154760980977216,0.24202922783696407,0.2850762424168999,0.21615346023001952,72165.82229891556,0.16492245911351225,0.7934636034512282,0.1425526621746459,0.08328336420485563,0.7569227377011234
cust_c8f3f659,0.760312247069811,0.5775391906412219,0.439983570987377,0.4834362468615421,0.402686813799434,21735.634329265416,0.19418205149181558,0.8661406307412699,0.17399872199892644,0.3130775591452591,0.17562634369023555
cust_005a8905,0.9167315647124058,0.3848221264643229,0.8477882152074517,0.37494346727261907,0.36027214573250943,45960.00774493007,0.3078694123544431,0.6772880852629642,0.6948019448121976,0.11943249961403918,0.3030022419681561
cust_35d6464d,0.9412228912574677,0.5065279030613955,0.47274104206402817,0.14516733598277107,0.34597925666931334,70922.55073624606,0.4734623537051246,0.8151663831374576,0.3861004633966419,0.30086974879084366,0.4893312582438975
cust_a93cead7,0.9522202986587908,0.04074842855981652,0.025157780958654497,0.34128099882365986,0.14791271324284777,117506.5563805113,0.4438258189230386,0.4787179630839777,0.013348789660115455,0.014121976938776462,0.6537489164244595
cust_2591cfaf,0.6844078737647868,0.17172215047977987,0.30860726630283525,0.3544928091221484,0.34398726392531515,35206.89899956106,0.15652335149920132,0.40691160828663214,0.18837288757096296,0.06529324552571623,0.06658080117679493
cust_7d6ded1c,0.8239008623688074,0.292027769659121,0.7157749636787735,0.11813912144355546,0.13454927233112018,29113.118206380102,0.6772256088698136,0.5378428713066297,0.4860829227319439,0.14220607810019734,0.3101112678745659
cust_91fc8209,0.5551234012587355,0.6765805365499186,0.04625546284212489,0.18868842318842122,0.33216691876358106,38707.41665763948,0.5382263627888652,0.8051282814979644,0.03840896185823411,0.1233750895716288,0.42108451416168297
cust_60c0f4c1,0.609876521350553,0.46964714855563355,0.11146952397679374,0.32418664456635604,0.5153738168378165,6895.665678460485,0.2883107743764342,0.43825428640108355,0.09273815343416299,0.05011413280303377,0.2205905128268457
cust_d2f5687a,0.6866587672242646,0.5872611369293538,0.15435626137183514,0.3661630535829205,0.35175193492108225,39347.91544802471,0.1570206948393775,0.6313809703813505,0.13480622607524806,0.20361474553760786,0.09905055409365768
cust_9c67912d,0.9772595197867908,0.6544781407995862,0.30124223118287885,0.39576732382440377,0.27156299203797324,1778.380130159209,0.5592477708276681,0.6299042844142352,0.1847523681069862,0.4516693046932539,0.5024483124808032
cust_7085bfae,0.6836385317603725,0.5659448776785911,0.4961226846682537,0.393783646849987,0.3995164219771618,898.6077144534943,0.7372035203324993,0.4728479409057307,0.20573703769491744,0.23793668114616592,0.089101720424774
cust_195430ed,0.6855365754366696,0.4704493422427448,0.4758264219355318,0.4469730230630765,0.2136628862795423,11247.622044981252,0.6421887273707113,0.7563082766818491,0.3525707760203706,0.020335442955683382,0.01867253598970995
cust_04b9db93,0.5792106539626843,0.8108378980419046,0.6246517496947305,0.31902397361212864,0.43506713576166584,6126.825344991696,0.31814289604210017,0.6431347257847494,0.1518932324959515,0.1303454368529341,0.030385120556561004
cust_af3be7fb,0.8454122860280449,0.5624928113739278,0.3491526029607004,0.34322597048486314,0.25870454731447756,4387.55852771318,0.40263800468148053,0.34728140424966875,0.142944825469804,0.08076948820707457,0.16153973594987614
cust_9adbf01e,0.8968854558490748,0.6161818926616381,0.5614974474700201,0.3370620033127064,0.11605983662044976,31240.86291988156,0.12142925266220206,0.30539134616661273,0.4171042402090783,0.2768599162140571,0.1488149472536958
cust_9f44ff1a,0.8659553503943149,0.2848229051355143,0.4977809227688866,0.5356651783651332,0.12265964216992466,57738.37913579213,0.35842883866088937,0.3503590825805706,0.28020379288260966,0.22305758447206545,0.6936225682227686
cust_73018ca6,0.919092816022976,0.48879293265185514,0.13819033947941387,0.3429739924619645,0.3537659655188586,4934.991459376161,0.25413999998048836,0.8278649823385917,0.1267979865993423,0.06916182595404456,0.043911686127753244
cust_83389249,0.8451319936080596,0.24349912442119986,0.45872565029822143,0.056390123851506886,0.20721512114930515,52806.43832687025,0.36141269574024926,0.6067422392844602,0.057728484577769246,0.07684827560948848,0.5782833560068672
cust_2fb723f7,0.5947312971309104,0.7497047623920599,0.6794842028182883,0.18069616659463203,0.6190966194984956,15919.310796839984,0.44301865525072204,0.48158150021073853,0.45117625833390645,0.4732371684023442,0.014620113887446315
cust_0e3613ca,0.6200087545224237,0.23905902703476228,0.3748787953738009,0.20629782127543864,0.501188402576767,126102.47354090927,0.49387703762005697,0.48662817828411786,0.22649241794151795,0.03115866901851297,0.7528414627559681
cust_28a89954,0.6268574836697337,0.736019322771888,0.18197303712389795,0.30301068018329336,0.287198053737496,113500.48162738037,0.33838408709088186,0.3546762444161452,0.1440649305291302,0.4555563803029371,0.7381833555568923
cust_1cc04a2b,0.5350606010695389,0.6653500822617934,0.26585862421694023,0.22991287411049097,0.4011063433454128,3078.540001138957,0.07213667519403083,0.5501681383010764,0.14757748863760245,0.6000006481243401,0.09472974251276625
cust_a2f93375,0.7793431911630168,0.6217299998893363,0.47930004501690177,0.4529333718041181,0.4022892060791578,6429.737410045807,0.4086116280564572,0.7690742791589359,0.24308640869149115,0.32619914627333385,0.036440273805534655
cust_9349f1cb,0.955572607566122,0.5805372720607872,0.36335696966393,0.11639739910327673,0.11282467813761772,195047.0853633444,0.3338040696483852,0.08568766468855185,0.1731010448263412,0.21975324914194796,0.7377916764022929
cust_33ddfd6e,0.4835856004909826,0.525628500180394,0.4652799807552357,0.17808516586954454,0.4083395095756258,22828.142165357982,0.2893567618808676,0.2808218437997291,0.29932233572455075,0.31296841389906976,0.18293040907792327
cust_7f4c759a,0.6776731061505787,0.3814246367279014,0.553623117790598,0.062037548165321685,0.3441462095124703,7559.995568581145,0.5710063310366718,0.5470729987466807,0.34810682184485786,0.26111050972957894,0.04803157303265972
cust_2943c9f5,0.9048468145909159,0.786719318609595,0.833226489017703,0.17217890380208173,0.4713925655510773,33655.15505444036,0.20095607180904365,0.5376011297726132,0.6940128766332453,0.26495811782835244,0.06750778444830015
cust_42a85988,0.8555087513330236,0.4426847673328788,0.23440387251105643,0.2560376327976047,0.15886815807197174,12901.314176299493,0.2742367692379787,0.22370130887291162,0.08219687154689434,0.1469609523826493,0.1776041491393954
cust_ffb2901c,0.9365982731520954,0.6891860688522238,0.3559409631293793,0.03258560079404012,0.23807404128034107,245096.30416164297,0.033385239806234514,0.63655859485052,0.16209485978004026,0.4327651584208642,0.4361663883786849
cust_c198190a,0.5344549873420502,0.5404473658104101,0.34855910351704134,0.1806971610688439,0.41057717961395046,7898.302334279712,0.22581334274509363,0.28101269810252383,0.3005809523978231,0.5224445261029397,0.08955060619171622
cust_73f846ed,0.27737070639476297,0.5222768911957235,0.7294076904953309,0.9067538475736097,0.2500030649067596,8897.27459550501,0.3682259593722796,0.6489623075452184,0.07878323116707836,0.4147545583466708,0.1757237707057829
cust_43b1d259,0.9666431198741012,0.6440516231914885,0.40317164088559476,0.2977587449518789,0.3292775898754824,46664.48431968777,0.2848049501219711,0.7282529525885006,0.3586413598463802,0.17169277106519862,0.24070118140256466
cust_a854c3d5,0.7422230498869141,0.6263496865298107,0.4126872137199527,0.244902130323337,0.1918527605141218,11314.184955795992,0.1484398287829027,0.5744577253507103,0.10657015320425585,0.10600316333448306,0.02199380637544804
cust_13e309fa,0.5074584656047637,0.47627648448807236,0.2735982159890827,0.2534841746725821,0.6246461766306305,40256.71774286604,0.189937496523199,0.2851728046385232,0.07423381636742273,0.1247556968288811,0.16084783389123064
cust_95f75e53,0.8077548194391628,0.41123888173174933,0.3827317229061202,0.16848723143535654,0.3390598987129571,37886.341516784785,0.1578747479364681,0.5162012258473431,0.18137106859213056,0.10799260153674019,0.054338577722406634
cust_60dd0b2e,0.5994336535017009,0.4835921972760668,0.3497712146834435,0.375468691754436,0.5443084903946918,5509.880813798308,0.2931737656814252,0.20744278932178087,0.1205174534271605,0.3159468194145426,0.042586500539020945
cust_e2f29355,0.6850171431686166,0.39828318066168256,0.7256355299663251,0.11948238862482177,0.13057722071879788,79723.67327838052,0.4159604374458289,0.2881176816376133,0.25162951578880116,0.1390334809155981,0.8044299620855367
cust_331f2df6,0.911926643865536,0.42262547937454265,0.4862311765964268,0.3079750352641538,0.4706495139197517,5989.951042915043,0.5228405183474002,0.4966797336731438,0.3356816809248793,0.28973199113786596,0.23302527304668041
cust_d349d662,0.7444434081768293,0.48750264453114994,0.12662628282433386,0.3720498451136988,0.08165794604366584,27661.26303914404,0.21030885055850826,0.15563212144571464,0.10732119382289808,0.2147905332829227,0.07738739654639332
cust_861a218c,0.6712804725321225,0.31053760383665,0.4201838171323472,0.36994838157247606,0.4817794258427817,1056.635784891459,0.46818955288687253,0.8611500306143647,0.15898444453435,0.2345408545575113,0.03521546423528182
cust_2a0a98ab,0.6515328498170463,0.568362805870268,0.35654197483082106,0.17079665433098443,0.0614605272061537,150212.3444173712,0.129173750536158,0.9170541439784444,0.2550252064297598,0.3323942037836765,0.7745775330816465
cust_5a267289,0.9529499106361474,0.3715587864336736,0.21928940401874655,0.3844603391460344,0.5519393832434509,30758.145433582285,0.15967149913639436,0.4755607457106866,0.07905670887901203,0.01936511072104573,0.08553039436935904
cust_69a8540d,0.5860936685843735,0.24577190052426184,0.2249708445673727,0.3949932762786823,0.5135115235886611,8322.742648050456,0.08565172412437583,0.4845572310668759,0.1544123189073647,0.1776977450394357,0.15157151348225925
cust_7456ba16,0.8659493490912586,0.32216043011390616,0.5428784106625215,0.46413277571517414,0.23440426279644644,94154.52946802901,0.18539538968129904,0.674683501109407,0.42729472041455624,0.27279812268317,0.767140680616027
cust_188cdfda,0.5726507994100974,0.24408639898494497,0.5494063823782968,0.33900730121955674,0.14558184673794836,6145.070394504799,0.0763545713082417,0.44631524564465636,0.3288645103223443,0.22387087537773898,0.04780533533351732
cust_baeb87b9,0.7047309522615475,0.4582707631420105,0.4272624749550791,0.137092879090749,0.09914333841823154,746.9719207346061,0.4015898991361688,0.47928180012624305,0.14563921895419163,0.16371312312506775,0.07305135997856146
cust_66191312,0.6577993050780805,0.1637647278544509,0.4743897458147772,0.4316741529860792,0.13288632524890842,15799.26479464143,0.1281075022963146,0.5996792513273652,0.29991978215815457,0.10895230102699514,0.18808514590160896
cust_f204ae49,0.9320184290143222,0.34354996630436996,0.19437975617457573,0.040309965220822426,0.06492293477009971,58162.8332779399,0.5754035961757449,0.4674642617905917,0.16177085962737686,0.09659708786986973,0.38817765224192
cust_a1eb59e8,0.5696530543836296,0.5783824388566731,0.8335973970320734,0.5597141537552724,0.49290642755993996,4969.442757684562,0.3767304972294092,0.5901771107735077,0.29126082389204944,0.18984494227217652,0.021659224191287314
cust_b41b55b8,0.8533769756130963,0.5128173278948811,0.7459607835923855,0.29613982467922295,0.4422891344854876,25420.111738549873,0.3915677073245219,0.5998190466363428,0.40550531192876177,0.17780242596049972,0.22774300315205265
cust_fbd5874d,0.6378404816555904,0.6667531068223244,0.21848166639277536,0.05569292694233606,0.19024909476437085,307485.9748542422,0.2045000363128875,0.6344356781960285,0.10623787458114398,0.4582551206459481,0.799002442487408
cust_0de96e96,0.8661337311449624,0.14542649314613887,0.4279785707634073,0.08673163395095712,0.5639327507343516,34080.43225359147,0.5909384540200279,0.6865115968894983,0.2113299965509555,0.08370171301711467,0.10032800695105137
cust_6433b351,0.6197464264772684,0.33656086858527967,0.2546516581978452,0.1120244166455399,0.5954452845623139,7691.006015120833,0.09502621243955783,0.27609588751116554,0.1970686680993481,0.20394858237101082,0.19594467152804546
cust_f845f2e7,0.7749379563088606,0.7230642700734434,0.6216483515318636,0.18075607560777177,0.1273581602455411,11926.350520727021,0.15054284364038553,0.5381507464955543,0.34714026625321653,0.5973969721417937,0.10806082156869783
cust_f3dab55a,0.915155440981991,0.3395420757440152,0.6298582576436828,0.21490685260207404,0.4778613136550743,851.0415184749571,0.5242911492953103,0.17184317938144364,0.5043074116604767,0.2325667890035309,0.15446829258200806
cust_1f75d316,0.8748900734715116,0.33979288488499293,0.6073761853189561,0.37541646904306936,0.20660665722683041,5297.5237878607395,0.09125199293970682,0.4046761998091709,0.19541481991702903,0.20948508696424537,0.10434188247963923
cust_fc4486ba,0.4096059695323599,0.837908903136139,0.8822081067267986,0.0966127515191843,0.21564475202149297,9593.262172889588,0.38914830215920915,0.6383189264837029,0.2565143157102373,0.13628287250309581,0.14201802983133502
cust_b4d85095,0.982940355948844,0.516007964082313,0.2616900441229606,0.1761139686943467,0.13292738649592054,50002.964924160784,0.7822844139233595,0.372731605230645,0.23092162197412192,0.1363936473196043,0.4776635981834312
cust_bcdc2fb8,0.6785970597852432,0.6253894944481685,0.6346651121097807,0.24980491135956365,0.1919145741552397,100780.90143228514,0.5592948352688315,0.27994526578637835,0.12539267237574903,0.3136104409941946,0.5421692717621446
cust_00d67605,0.8676729177405593,0.5945626889262686,0.601908260817622,0.5084117089107952,0.3016857177699411,151957.69202152564,0.11717753613424595,0.246741416246154,0.5219565666754397,0.2236427491509797,0.33880437533361285
cust_65c1d4da,0.8369417660764537,0.3834496571315293,0.04602177767320222,0.19330409612023136,0.34428240094644175,4081.815940268909,0.31370680844887794,0.5034678551478806,0.03202621218451649,0.2580707461305043,0.3914624503587959
cust_e1593b68,0.7390172283546226,0.21115692308517822,0.5589150802031191,0.1334201594683336,0.15760342903164878,33732.329443227674,0.10998969364899079,0.6955935738930191,0.2869683539112839,0.04181272712083645,0.24298159955305373
cust_5564624e,0.9575438828618441,0.10707778679664864,0.43257921111473835,0.300394969633394,0.14534261669448523,7157.5387479632145,0.15627500929382115,0.2262963824941548,0.2611405356296713,0.003381317990839809,0.14170713638823892
cust_55383b23,0.8952735941369939,0.5098269873258826,0.4498249219626326,0.2595532409152033,0.07547944071497398,13468.487733296704,0.3628206040352948,0.39871552545750466,0.19484853659940043,0.16989245325175154,0.06394278466019136
cust_a89c68f8,0.8973971767145169,0.45542598322978656,0.17216124666440663,0.2673134439133307,0.6303728628070779,11915.871914928084,0.41356230928871146,0.791464369193405,0.060421681439232836,0.30079338057694555,0.11075309865739962
cust_6798d98d,0.8360385136662908,0.6684388249153184,0.3588051768187467,0.17650629205314053,0.24230023131548678,184859.41527513383,0.3862269851301018,0.46880224768387546,0.21869811511364515,0.4399145357355376,0.863085545860356
cust_8b64161b,0.646864178530379,0.7095568101613845,0.605778064908773,0.6793091357437423,0.2884906554523123,7634.6045478278575,0.1886270199236201,0.6859830252965515,0.4765112876839495,0.5024072817663116,0.11727381422562984
cust_62bd5bb4,0.8655763002985566,0.7646255555833683,0.4432778866709799,0.46693927862839996,0.30515583858396894,6312.566863809067,0.3217127563665535,0.48280441411876235,0.11853142101047678,0.08809152297836925,0.20032207235094643
cust_b100ed4e,0.7184327593598602,0.5807218087437185,0.3737419181375117,0.1416994299969019,0.20300359326144526,7504.200949869968,0.18727438984601222,0.6009543357899124,0.17556752999165373,0.4250093943641815,0.21708800064787992
cust_e08796fc,0.5142115416824243,0.3915306282996251,0.6739247921698569,0.5872593110403277,0.13415903120594358,14594.566788717684,0.18370375687128407,0.6194734103401434,0.45552219048795894,0.02492733182243731,0.006600716666925976
cust_4b99330f,0.8695235368495032,0.43050044629721973,0.34126873866662694,0.17503308633144307,0.20126062639178655,13605.585081974956,0.2510680079566995,0.42144523971360803,0.24653057755360525,0.1938160891010068,0.2553262492897715
cust_86f8853d,0.5765246747265391,0.8076900770984551,0.3152611853425085,0.562865770038344,0.2184181294251027,65958.28854888093,0.2733179926486682,0.32245911647285325,0.15668587548175258,0.7110667278332208,0.9015450664854696
cust_9b3245e3,0.9009636301025237,0.6014105688368957,0.8047642192412775,0.14248902841978928,0.3765404648422632,2613.9022931199524,0.14426935906715785,0.606681935984726,0.3309109881283106,0.4979997060770603,0.1954506233641195
cust_39a46487,0.6489415098239927,0.7786774344520903,0.4356838318418781,0.07038951822239843,0.20065278021801358,1723716.5993351038,0.4938984704867621,0.47077885018750193,0.16553764398264614,0.4368624086741178,0.4223675277925955
cust_74ad90bc,0.6186108139886917,0.5964027765520354,0.5908829509110309,0.3711110029498684,0.25440807005197874,9961.058489765006,0.7448004635652756,0.8404383144560129,0.26190695776329126,0.253891280072811,0.0673946248655426
cust_386c3089,0.7646984868775997,0.5770594500039972,0.5633466293382998,0.5035230874617985,0.4215652998439963,23214.124618773436,0.14930551276148904,0.1636422301190277,0.4249360604852868,0.11650023358131156,0.06610913350959483
cust_f8f5e231,0.7975699948935202,0.59111797399467,0.39462085518307227,0.45864295937468696,0.25316867582182445,16307.241333795624,0.6052853150480076,0.5823131384374388,0.28522564120687033,0.30059249228813817,0.26626076169670215
cust_5937f495,0.9823568945666146,0.3574440229130339,0.8652268532548567,0.03718815476336974,0.165135758856591,4426.21339588866,0.32345801021588105,0.5414122920025801,0.4357233504623579,0.0993520909940799,0.012722602658454705
cust_990d661d,0.9007269626343969,0.6332016436823276,0.3807889088100362,0.4286466072202107,0.10710134409274241,190374.36396414536,0.33831502370030164,0.30983880550595233,0.3570375622323725,0.16146871637947496,0.7849215082711958
cust_2aa4cef2,0.8539858845250291,0.24861950250371395,0.1161303118092579,0.055382454259266356,0.33313297417018134,1159.198068458572,0.5622343723802913,0.6747990318108785,0.07888004954340345,0.16535802019788964,0.034410518552195055
cust_f5dbf11d,0.6686345328145974,0.9733976468138129,0.4650654238581093,0.3306387260458368,0.15437543332531878,6672.214797252098,0.36976333620871893,0.568408844965902,0.325104495147324,0.807374316538904,0.27630303369912823
cust_98412d73,0.5601538155021711,0.33237414501018997,0.6181553837925392,0.4996694203536781,0.7827236401905685,4403.5515980159025,0.2301948840652658,0.5801334848481622,0.2786965003373624,0.2344683191082329,0.15407808025689793
cust_91fb357b,0.7788654046412703,0.7973780880617998,0.6087798547476454,0.33351950639524475,0.5354758505218818,22682.327466084942,0.18445445735039306,0.7735621580839849,0.5161840784913005,0.07344762984544985,0.31915710014164955
cust_a85e1d56,0.368310346144225,0.3234463386362306,0.6021875437730183,0.07926613962437098,0.2721035037286336,94130.35341523377,0.7455206122125603,0.2596761458066561,0.38503243052874825,0.07594368284098618,0.7897344808498789
cust_e0125b78,0.7787050294037746,0.6326950382823315,0.42224550995850896,0.061598490083125325,0.2668647453691343,5984.7755251149,0.20687533286182444,0.6349672238047734,0.33041811321744674,0.4958134470975528,0.13757025063813458
cust_64092d28,0.74273428323411,0.4897610325804663,0.26880423145628757,0.44354474496557983,0.6385687604746134,30730.80689147048,0.4491425248887128,0.5975400177288487,0.13935466853964812,0.1036071014840714,0.044571413504592185
cust_eafa1d05,0.8382005652756425,0.5563417266985526,0.4527163089140764,0.2337653391051301,0.2051865102213297,156538.58110878032,0.16955480947958948,0.6334480013808087,0.29134080077011987,0.3381238427552082,0.27413577522709465
cust_2cff59b7,0.8757621617197575,0.594673003436594,0.5004614496929684,0.2797998550821898,0.4083549075709643,17441.12844283678,0.1933571870417053,0.5809236848459988,0.19913270935734362,0.3780160664068812,0.08553623140824201
cust_63bb6c34,0.8408233823906988,0.8049892181039467,0.2148052570517646,0.2759281246326521,0.6369268243850863,35063.4555882577,0.35423768812887774,0.54877771451797,0.08198596454456568,0.3787098288613014,0.26097829797962
cust_08ff607a,0.7077207980962744,0.6342175335724094,0.36558759597012636,0.24644542165936983,0.17527371184210833,107145.94682638167,0.3228410068370386,0.4251358485114444,0.16156654192242673,0.443670072851978,0.7608386581482982
cust_136d5002,0.960754300369827,0.18798705250295833,0.43188763142533054,0.20186375525693442,0.5392487333084836,108027.23553732388,0.1685558702087469,0.8948439820244187,0.24143415323781217,0.0940498446003663,0.5424350187118615
cust_2914278a,0.5245084173783611,0.11770454135540208,0.14755657431995378,0.46851429576726505,0.6257020987759713,7137.959317039981,0.20917709708185414,0.6686126185673721,0.08877828930532668,0.10045352191652662,0.13408695512643995
cust_58fcac52,0.8498742457932382,0.10493127869013032,0.6274944203384862,0.1317782126234202,0.31858909708592015,1432.6720997562127,0.31928913013344407,0.34799597972426827,0.21170507591882082,0.03907546629587305,0.17758083002348846
cust_ede53e09,0.8335937495228986,0.2259977494409185,0.7050003153721873,0.3539536884022869,0.3973840651785184,6328.870011713503,0.3361910841714975,0.39962206320622845,0.3451395512193993,0.1509888043015732,0.09412553927088994
cust_a87611f9,0.8501912672838675,0.564797687316629,0.3058459765543499,0.13069487051507897,0.4821946984773427,19732.94531421958,0.2911108125108309,0.7136204704076782,0.13613877379433958,0.5362847277386834,0.2557509066877773
cust_72fd332a,0.7366823404831425,0.3806348839235762,0.5877266941323407,0.3174334141795743,0.4639784972022223,43934.787899577976,0.15287140021012016,0.6022386924797768,0.452452068457031,0.13320477497849567,0.059556796888988024
cust_c1fd1f6b,0.6227299288178361,0.6905360099185666,0.4434543275957297,0.632908430954165,0.43143863293182644,200128.33325003722,0.5242899225697213,0.4732385157703745,0.2809184419146519,0.4074717966066575,0.47615962891602176
cust_e63fb14c,0.5187654361331098,0.684996662428367,0.6349793368234321,0.10708999410053154,0.1500047204435649,23990.161207941313,0.5914440983536924,0.5868749827132203,0.5065278904706592,0.1662189696053796,0.04536317674801962
cust_6c905ff6,0.7769958496556439,0.7824515313490525,0.14687235730668674,0.40940237972760746,0.6806272517209964,29601.95800088048,0.14203317623915632,0.4075302905996981,0.10606440421108834,0.06320759537587528,0.13763122070246522
cust_6e6a9010,0.8904952985178494,0.4921475972925411,0.5202691446126974,0.1691511895645956,0.6154653871206184,41644.16428923163,0.1619898659466905,0.5719931452970174,0.2999553729933769,0.2191910944616403,0.004312654363161127
cust_1ef66fb5,0.7241251412029294,0.6275370794366558,0.17253138435780582,0.45059647390265883,0.320620560902135,1189.214054585648,0.23576797420196957,0.831199456626219,0.11312182378552332,0.4797711322264443,0.06745433261182036
cust_3306dc9d,0.8418619786206913,0.643021029429184,0.36676923858661215,0.32270830844460613,0.7125230709193088,51007.494228631556,0.24277275639840845,0.12835794506960696,0.2109140301986599,0.47946605237605244,0.7338412934429648
cust_efb437e6,0.921293284394488,0.7112663049494959,0.6008896525505936,0.27282956591868407,0.6182443485251512,29127.588719244322,0.35366593450352435,0.24510287531612798,0.3292348008622928,0.3960192210947546,0.01665906243080194
cust_0ed45171,0.8361637974253104,0.7186222659181604,0.43133487621777095,0.1841669084105177,0.384525809210614,73811.01562863066,0.40869362442309365,0.40877218786306896,0.23205628732687822,0.23767345848398372,0.6586482195432513
cust_ca62e49c,0.854459378765204,0.24821065582599777,0.06546973096300118,0.4989780256614558,0.4816314945874939,10641.832037261653,0.3403866504981697,0.20991579397008062,0.052426947015588594,0.18958930828236562,0.07335778007417414
cust_241a4579,0.7292284069849851,0.41280497368192026,0.5600356899507785,0.08915500998479844,0.7827197002721902,1294.6118526533096,0.2358148402864281,0.2360270926297892,0.42527462745508116,0.25750122714394924,0.10363217465653908
cust_22821c7c,0.5866020815187569,0.6336259445830715,0.4286126841694726,0.17046506245408574,0.8042534658583185,6299.126829753264,0.11627080394833833,0.5293031041694153,0.3732569446103414,0.5148276942814928,0.38952281536089395
cust_3fbfff6a,0.6777743448357236,0.7890883434532833,0.11560387330516884,0.14117340400816408,0.054175361084057815,10593.249679286491,0.3270327769068094,0.2008601427108754,0.1030720066352371,0.3500727912711052,0.28344360618864783
cust_21d7a9ce,0.8141238328361372,0.7071705196030668,0.7958042175681449,0.5877946992784209,0.16095594797417626,558249.4272188966,0.5230645826859236,0.5508552551419827,0.47725157540924545,0.3317010424967053,0.7270311200284376
cust_2be72381,0.3607709517557315,0.1349052687935977,0.37984436197239346,0.1308876559689058,0.16332852740781997,44791.23391341534,0.2678084146868553,0.6220676892336111,0.19185996320737025,0.041866319861945944,0.16430919853086476
cust_71219e61,0.8467222338346473,0.45242465073643895,0.5882895615806909,0.11915743508625701,0.14179536312915722,15828.546445089822,0.3519257486626538,0.7051440328738745,0.3049469177563134,0.25984140866494565,0.2638593436724848
cust_0221eda4,0.6626701104574964,0.2352585634930294,0.8466486125943193,0.1063658063381772,0.15958900515440802,3477.9909066851465,0.49726713007048506,0.6038918834005628,0.7700274429768306,0.07169098586301141,0.1079458490683877
cust_2f9ec1fb,0.7315914998439796,0.5437602230778539,0.20032156429356168,0.3799237345914134,0.26031608869981865,11507.5199495409,0.08173700726375019,0.2086205074569019,0.15282693588262236,0.47338310702586595,0.5334444052673596
cust_40bad95c,0.5857659526766678,0.3613672454633501,0.3493204246459901,0.663209461079046,0.24802899407579293,5178.422893915761,0.8029636438328278,0.8396213324631642,0.3148651116548819,0.2762618145303186,0.05666007814011717
cust_6498451f,0.7275185288693765,0.402093833841262,0.3130845054817285,0.6549682437921212,0.42198787849005676,20616.999391938123,0.296760050355262,0.31397449796395993,0.1945553895225067,0.33667919707532656,0.3221025363289287
cust_f9bd2637,0.6340094249518199,0.36532777319128956,0.3550234912428121,0.20150262713206182,0.6419274778236802,379168.28490123263,0.42315735486215206,0.5860160450171445,0.2875762779486895,0.22949555651821948,0.4241489298254744
cust_c55f7a75,0.8564424520865794,0.496103900469599,0.8108645633742055,0.3218536789187047,0.23558350787256108,4162.751393019384,0.25174549433337123,0.6219761779639201,0.4139142958138983,0.17247601474235885,0.47031615429168827
cust_c8b33a36,0.9596681973188812,0.48952244804393386,0.16325841156198215,0.09760735407845933,0.43362199095365284,2506.832075594672,0.057591694315802695,0.34186498967385937,0.0831306630539655,0.21341496681471162,0.06158443527804959
cust_59da5b36,0.886947035822111,0.60680212761067,0.31231353223818253,0.12382059082358896,0.15652542773998987,23927.307735778664,0.04624594379987621,0.24455520186726667,0.10391532554582827,0.12542412552520493,0.12066395936840842
cust_e35cd483,0.9516269707887839,0.5017638281471084,0.6694353312680386,0.13229011638842617,0.8430974012045899,68405.78172956228,0.3787723424964796,0.5866467053490857,0.6091230734081114,0.2505122449459325,0.7085131698102677
cust_aed09a5d,0.6688926978909195,0.4548877681684478,0.11918133910634396,0.07770228218362785,0.10862408328459698,1856.175259909656,0.3497761504429999,0.5908679062800527,0.060826844563786064,0.28836360648338105,0.18515520872713137
cust_9307a897,0.8749909924384848,0.432580940555471,0.44828748886845626,0.3113463112687619,0.04802418663750018,5764.354111736491,0.8052262473488287,0.5664688852003877,0.3180781694369274,0.08834800612989617,0.06575943174230314
cust_246f3a39,0.7431301199002397,0.7264978430699214,0.6152326256545876,0.3450931290912225,0.7283221811717177,11095.88141020301,0.44207415196833794,0.44910145591668293,0.4312884056279138,0.5395448473142441,0.15894013140935165
cust_285cdb9d,0.7816167304213857,0.6023913952826542,0.25894110107229257,0.3804348586755578,0.3015102859786429,10524.755142917265,0.22641098250842293,0.4416048466576641,0.1515335001406096,0.37270440484314893,0.09510748796888219
cust_60c20616,0.5224433764752331,0.5441215209340765,0.6400078406704308,0.2507650116469701,0.35707942706007834,11969.341217808937,0.2924142129012872,0.13134007810986312,0.3205535673178257,0.18222191642989363,0.11907358103051313
cust_ccb18f30,0.8208650584186323,0.5929271310541404,0.42158320489746104,0.5215771957612463,0.2879080549569284,19882.669035202252,0.5106494391338797,0.8203559753288867,0.2718452871167279,0.05538800834189337,0.35810081364863844
cust_0bd62bd5,0.8115045988160237,0.5397405437831737,0.39254056780184526,0.2374010432307588,0.3577497664271522,14253.622430821772,0.5541287440666083,0.5532895384495877,0.18824669879980815,0.31722966114177525,0.005173936909195988
cust_fa3e4c26,0.7648263623886871,0.37982760961976886,0.21546569906590482,0.09292243815430289,0.33221520840029295,116255.03801583748,0.24946469543419034,0.8775929255110126,0.07400164347964909,0.25630369449271917,0.5922635908603184
cust_01c7c7f6,0.5576409330542382,0.4562757520974143,0.4710848100145085,0.29260494645294827,0.5172559646894971,439.89004025989385,0.30612641182350026,0.49229853698034864,0.3794365708584748,0.4321641848863134,0.0016602246601378034
cust_9f3b7e49,0.8152358926396968,0.530835467001815,0.26309397990059546,0.17000200170779198,0.1331103024890478,7050.330340272476,0.5025503362958993,0.8311954855106565,0.17108416880162802,0.40802509628298633,0.09480296046474321
cust_e13e4be2,0.7838714954620585,0.47315964712177905,0.4372185171018325,0.2321879191406535,0.5418470932604675,31732.813922106678,0.32252682976873714,0.733064241579116,0.29717190160973445,0.2873744327564632,0.024525244439737585
cust_3733e0a5,0.7802875813493001,0.5493369734425281,0.4441147091195537,0.0946630673201062,0.6107796368724476,817871.7119321191,0.22718237305074906,0.037492961859591424,0.28743185387205566,0.38952878295659643,0.8905278795046399
cust_9a2378e0,0.5714836493822912,0.49095572796057024,0.2693420506171184,0.25623353390268117,0.3809544466622335,25426.708165151696,0.18370028410805242,0.6220837881530811,0.06099025612083634,0.21064166148995908,0.13895860914034555
cust_8f14aa29,0.6994636616434053,0.8409671648648581,0.2855671733523937,0.15666198091545783,0.4844111711660894,88865.72933142242,0.5958987589710548,0.19021990169282244,0.2215981621528884,0.8152625830495527,0.385939025841695
cust_4a70fa4d,0.43257377225221555,0.2436898703655248,0.35855934545708673,0.4461853527636025,0.1495687197545204,1745186.5786159988,0.043657097170189604,0.3228185221486315,0.14316258492668676,0.13056633717432492,0.643853162357522
cust_165d455c,0.6473039554250049,0.45094789073415953,0.5946149336660058,0.23808315441163644,0.27038691373800017,13244.421549850773,0.10696133560562053,0.4750559499801226,0.27570075252628434,0.31878253959812813,0.015300381138746006
cust_00274153,0.8785191319991497,0.9203494169813714,0.37587324613010925,0.10598337784104991,0.19498347775793143,205173.21238671415,0.3944851975561032,0.39129852013932304,0.24115111095885652,0.35381645965852726,0.8673797967096286
cust_7ceed796,0.9059399445750849,0.9550617241550152,0.29297716902901094,0.18949603323641537,0.07312745110239462,130245.30287525283,0.05147882979110381,0.6788714893156734,0.2373403695125526,0.5651125878305961,0.8060261304218231
cust_b1895846,0.8415914773083104,0.4800879577815438,0.38000220174412036,0.2279096125948024,0.28090880003681357,58215.77011257696,0.4836586757206548,0.73666589016876,0.12334686383604838,0.2817177398600549,0.5166366354909333
cust_9e8e13fa,0.6472704115718921,0.6198627359752695,0.13415739201111654,0.1523911880706025,0.4551392280414372,13242.396811955714,0.09594542974337616,0.40090892505400727,0.07710588855157915,0.400562685547716,0.1622769289890241
cust_91ee92ed,0.5914286841999179,0.6108036609586797,0.30039248138406327,0.5358250328680843,0.22660039137221405,7346.0967121533,0.4409863406074286,0.3534676025795523,0.2203250672768684,0.28713614615332295,0.5016098834719086
cust_d4fec438,0.8584900121250737,0.8222648793829981,0.26418126585734847,0.1798402523270732,0.6419684649882463,43263.46287492191,0.2903157616059327,0.7214269782926009,0.09801314404201178,0.1952344332618788,0.21715759920816202
cust_445dccc8,0.8855128846930223,0.5701756368261668,0.4880408802107574,0.25028868981819374,0.5525777426018463,1211.2749851418127,0.2864067279757935,0.7916185331366751,0.39212831532173886,0.5009386813545085,0.10959032357039808
cust_98c48bb8,0.7773116820621122,0.2542281802554503,0.842752780521396,0.361858275066001,0.10487489198022011,3672.3222993036175,0.5840874296953797,0.6191762643032198,0.5960078919588037,0.04648042187185378,0.4162265794239343
cust_71b7a284,0.8279842434757164,0.47834874633079727,0.3935788542000931,0.45809125981980076,0.3447198576867642,33799.5151986325,0.42724663462169277,0.29112853769931096,0.15116241228982363,0.2097905733505292,0.052411607252514994
cust_caa94d9e,0.8038314190791548,0.8415086872443657,0.3894065406470264,0.3424921336308301,0.1421928137560557,8509.473462462485,0.2256796369254101,0.3853931800054956,0.1978721401226718,0.2947069610418072,0.0810917968798807
cust_20b5b119,0.8887367366715474,0.45944285330040574,0.5473687040966156,0.06442973809054998,0.23441669675665844,12135.295513278867,0.2789779350398201,0.168971148426935,0.10579550082794956,0.2784287975311202,0.0582566455230209
cust_5d194399,0.6125869673479086,0.5811060579651838,0.3285697711549615,0.3028956520823696,0.1540235145971019,108683.15555320063,0.33506344130223,0.7313561370448326,0.17316710677588154,0.1647875692144332,0.5935902236559361
cust_1ab1c7f1,0.6911563283344577,0.24192185535230643,0.10116186650947356,0.03588918846592496,0.13544433932406486,12656.650255517263,0.22871684768905753,0.27519096852085634,0.06250510312169939,0.17938735387481833,0.17040001641817443
cust_cb0675d1,0.8400014516167781,0.20660455238198844,0.4513112528189692,0.4741142378527676,0.20993583442098093,39105.545904106955,0.23716445520650734,0.7300583108780079,0.1931431333378054,0.07506240379616068,0.029672203571229946
cust_8d43d285,0.766759577837131,0.48529258961604527,0.5384814596735552,0.23974504460326349,0.11777910079965052,27394.19124366934,0.5169225633010989,0.24328961662551277,0.4106835244365473,0.32783780012716507,0.08420882754445944
cust_8feadf83,0.6323558183462096,0.2309505985804246,0.5452019699984051,0.3506853953621343,0.09789518672340589,288239.2147361663,0.5349321085565497,0.9249600125157554,0.34794298685385905,0.025525129942160295,0.7105611948771247
cust_064ea1da,0.6106120898304014,0.6038009779248751,0.368948309553567,0.07302037810223261,0.24268548720022753,16854.94270555798,0.2962611166718355,0.32175810256265963,0.14645972501937554,0.0643047238426933,0.3014496835072294
cust_fde8312d,0.6260745408641704,0.6148216061009995,0.2615805483096926,0.07523451319608793,0.6863737062041557,13548.044731289185,0.23446147508538281,0.3514509968966766,0.2323562473890214,0.14771201397246042,0.25674613940165125
cust_1eab3df7,0.8029054990364314,0.7461549070692536,0.5990708502790589,0.34751454704221446,0.5456234893507961,26055.895769952436,0.08516570754497994,0.5205490997989509,0.48966822978857444,0.2829492476047987,0.3593365395565678
cust_82347769,0.8143444468518946,0.37876049407298207,0.31032969515768444,0.21489233336867336,0.36307739792877125,1926.5399554112037,0.017320935116358006,0.45575274559067186,0.0783503237904645,0.21469213857866656,0.11980189997816122
cust_96409850,0.9389385765652851,0.65030295514401,0.23394426458941775,0.3894122380661393,0.5234067796012081,49914.194284699646,0.1948478717227089,0.4815516681721912,0.1856207284932265,0.5192563857044339,0.3067471289809502
cust_7ecc5f63,0.9054935912234731,0.615545372972572,0.44582370055333104,0.4011435125070144,0.4559812296923842,7415.804397217542,0.3583334180634959,0.14524847244004777,0.11547920343521158,0.40579672079829426,0.2395528131501497
cust_2af14343,0.844149210698477,0.5956949146428726,0.4140589254124335,0.16936692413711882,0.10089640901252452,43390.432333865734,0.4132965235096621,0.3098666013366389,0.2471283764131211,0.23015339754691172,0.2099061080810416
cust_c7eb173b,0.7629565717140875,0.47735339173794245,0.332131864553594,0.29709616991338667,0.644160626999129,16359.80780695174,0.07372448261358415,0.4209179284792136,0.14697968981144552,0.16245918317506447,0.31455885488891094
cust_5f1ddfaa,0.8784324436400676,0.18521029341997913,0.5413767230499869,0.12129993742773504,0.5871221532106287,29304.55229115681,0.4466828802211212,0.3679304960061665,0.15644048739046718,0.1479924872268688,0.127369171760103
cust_57471399,0.9844892000966254,0.5792084029042348,0.33709982646935416,0.2269567537847231,0.44538396649476286,14565.854837612642,0.6145091677111618,0.5511552450992444,0.11035902280532849,0.3589464952744415,0.06638544373105139
cust_79fe512d,0.7888164675646812,0.9179851054071516,0.4256028108308239,0.4238016253087745,0.23706269052941986,66839.8849286784,0.30606727587185617,0.5525766684866227,0.29994670463687106,0.3780985508650624,0.871986866450681
cust_936976e1,0.8067951757066082,0.727635821240801,0.8049958512537237,0.47016755766384005,0.2530433465350142,10257.083391015061,0.28756234326289704,0.40678310564963216,0.5974349657808934,0.0579686660070023,0.1058128212867306
cust_f12ae998,0.9762953605053853,0.5881805902183002,0.3001217767166933,0.20051233809196295,0.6451997514744288,4011.264174551326,0.3620520242878133,0.6281685622642481,0.22539925156396856,0.21726767608950132,0.08672471536233682
cust_ef3856da,0.3619040863865164,0.5150475562947247,0.18926355215303994,0.407267091561998,0.19789576727928887,268224.40377313603,0.07314459009553051,0.6937382128112518,0.13907234203435295,0.20750118742550436,0.9443597978654259
cust_82d52b43,0.851279921262117,0.4917712078273509,0.7534885377434096,0.7330729163364655,0.15884227407538326,210157.714952946,0.0744534102225543,0.9222941727934005,0.5440919587924232,0.20824318331777777,0.8149757888178732
cust_4b35dc8f,0.7359195913677835,0.5080323339210118,0.09931953041848092,0.5189286350582241,0.6038919934104098,5880.099272268367,0.22956584569614538,0.498023132713357,0.08012488597976362,0.3596908595995063,0.21318849238001503
cust_2ac2e5d6,0.6202589897467202,0.605118446814304,0.6329065854689286,0.2204446779394093,0.36340469492791233,50956.30210937479,0.848782254342987,0.8648133442440308,0.4942038281497236,0.28022718081067033,0.480712312786169
cust_f15fe7dc,0.7221915900139176,0.6186065633537142,0.2953125508906016,0.44184463265674234,0.4467111676311874,40056.497183257474,0.4928860885910733,0.5952478040517816,0.16824819439536182,0.11405754620539417,0.06730697130405366
cust_4ef827d5,0.9661245979411581,0.6025205845298448,0.3888641450892599,0.4295514459140456,0.4257040412856976,2649.0632592638294,0.5179065885202034,0.7408917550080508,0.17828296737255214,0.29072688889768794,0.09622105285099716
cust_2183e230,0.8486503474905225,0.21130216911444544,0.31792249513537135,0.2380018641024995,0.4208262700638376,103506.63981927584,0.27680046226415234,0.5274353314058731,0.15614980828475225,0.02459111451869805,0.8208014837619013
cust_4ac4a09e,0.6901529088457454,0.3006584098599955,0.3055870620536677,0.1377374198188021,0.33573483623153505,49624.42190722919,0.17862969496913764,0.17043112883695014,0.149739798410528,0.27166873546827247,0.6047603971616625
cust_86214bbd,0.7829706818109038,0.4161634466241871,0.43621380687941197,0.39706206265122396,0.2580119297953619,42440.54644655413,0.1161564142534064,0.6387918490124153,0.199152374035545,0.38262951327655176,0.07428793122212031
cust_9b1670d0,0.5218716026894483,0.6966587073088952,0.747882146197903,0.36852517380279143,0.44798256284309734,1370.9079337780365,0.41512033400737813,0.5870225809977059,0.44209459632994114,0.21593488167918012,0.22098695864470305
cust_e5b39c5d,0.7507856629029214,0.7614449621891245,0.28319831569736414,0.09597824007700098,0.2454500539954259,73266.94156906314,0.3456813882247847,0.38954125157374697,0.17698452158673628,0.4454696208947453,0.6075118421342057
cust_6b218431,0.29612094535334854,0.3655557281398087,0.6040129183402246,0.11397728377121688,0.3933181010299822,8332.781504919829,0.017610386732200334,0.8062500258135764,0.41863865873561,0.15795663750430922,0.21315444196644656
cust_318ddafb,0.7759876731575769,0.3898911782429221,0.24240969256264172,0.14522386640937496,0.4068552444518952,5003.948855685769,0.1217539755737169,0.43523457091068474,0.1471122404140534,0.180190762298756,0.08815760178209808
cust_243346c4,0.8718985005814925,0.6826584688507926,0.41656338526212405,0.32032882421992814,0.16313351359915879,142616.0543496753,0.37758117186774776,0.3228725879425921,0.2077802271832334,0.3081038316226335,0.7019459284770115
cust_4a4ee761,0.7974961464732417,0.2421647436801902,0.5027968595555459,0.12382843972515796,0.4058487338031381,20985.516767677702,0.5369161497424014,0.07312206777206477,0.4256957256764843,0.16631880346634187,0.09716577416564319
cust_43cfa907,0.6750499648299539,0.48441190705563625,0.22193299606965655,0.3224163939627262,0.7942148805926492,27801.015577466886,0.6560122481528801,0.5378951912631064,0.12123522869594654,0.2869630059293893,0.19362665853440983
cust_093acc01,0.9419015096119049,0.4937648716814425,0.5857793626172427,0.05731069265347548,0.6567637228884471,22065.743565475746,0.3241509772665257,0.640295116926714,0.2859599907583513,0.2423786865614179,0.012634495919917874
cust_0a16b17a,0.6301121116895538,0.5592527289867627,0.14611274246374206,0.05869315686328635,0.43517893127611174,9322.510358391966,0.24526722253624164,0.36869277458975697,0.08440496823548009,0.39225911587606,0.401894272633298
cust_2c49e7f8,0.8218368255688538,0.20963148292831724,0.3534829683740335,0.5296049468952042,0.555642371772349,8043.619286575474,0.35567158982455654,0.7607923480003879,0.15397774227488256,0.1457679989473553,0.1405931183158035
cust_4ffc5b42,0.663487450864163,0.5860364477584651,0.3525223520900267,0.7060866256263935,0.6125776916813483,4645.9813264720015,0.41982625900298254,0.08681097885094657,0.21747679758059818,0.18015856498280966,0.10493214144972725
cust_23aabee0,0.6011288155759008,0.6901137284277942,0.5683182246784756,0.2777173246466877,0.24445119117199798,2018.694786255967,0.13217594065693442,0.5051522418464627,0.23231702489464418,0.04835556353151629,0.12109235509541551
cust_a56a0e32,0.5425596812961646,0.6431136099769682,0.7261155378369105,0.23050185693976025,0.1946167138070161,8836.902857497611,0.057838434162113324,0.4625468808188354,0.309339652577346,0.3238944600033328,0.051469718690221454
cust_5810d1b4,0.617825810278368,0.2932442650407685,0.3586580526314291,0.28856897307889207,0.254452020817936,22835.54892547226,0.2577592430651014,0.4956890956793041,0.2725934486172904,0.04202797798324536,0.1758886649549257
cust_941ff78c,0.8120737822818519,0.3032227408624457,0.4875657496463763,0.5490372214869835,0.557316890319912,13742.398294283807,0.3246441056575599,0.3424878181430327,0.16846183608654897,0.10429399872632603,0.22009716973809235
cust_34b1d8f8,0.7852195661172036,0.7120690326125639,0.33595602775290784,0.2291132569934354,0.44428006713647167,13256.946717208353,0.4304324859823038,0.43781892715529824,0.2568973706397451,0.3375140613271541,0.00246885089097288
cust_25d4e327,0.7207181575646553,0.4986850097922415,0.3434159768729364,0.31973940952805074,0.5411329238670844,12612.05799935298,0.026217378676571628,0.2775624977164883,0.15059060615306938,0.05083965078245373,0.05567144881440283
cust_92d2b32f,0.7077551024005292,0.37011933686964676,0.8035441479475488,0.058026068094376965,0.3201440715230999,10262.377851450583,0.5764246251772709,0.5557039714466899,0.6372089826478484,0.0940830237043981,0.15385727336875288
cust_1de8eb5c,0.6977008541665943,0.22578390018371333,0.5058506637104127,0.46726659759248923,0.3409744684711423,23459.534216149186,0.429392720485936,0.6115870240742967,0.34966043824525983,0.1759991909530884,0.0049547672243909855
cust_24449087,0.5021115316614115,0.41375416068841775,0.19726278971392014,0.2880686277595313,0.12494776108287152,16566.926374833518,0.2210327354048419,0.6541837570879976,0.18779739237215,0.3741430427670979,0.03516406296215132
cust_b3729958,0.8754909959633166,0.28208713438398114,0.13889463092585566,0.25163052648147755,0.17376097025546583,13173.850965189047,0.30565517796783437,0.4647794592424023,0.09870747719848164,0.20819170723925073,0.3035545425226412
cust_627bef91,0.8103417684274375,0.31493055764956424,0.6771137922788014,0.1227724495395451,0.694632294585627,2785.163329669887,0.2082027755012078,0.6559641005270308,0.46100762675548046,0.13062590356378387,0.020694458181640164
cust_68253d35,0.7703316638062413,0.24374970695833983,0.40806122669020684,0.4194755067730223,0.24421419772163303,296863.44631037436,0.18440272962932938,0.5666549491243492,0.23410430490074763,0.15076735228335017,0.7560073039664515
cust_da4170a5,0.8648335207891552,0.6149983896086376,0.4774624095770329,0.26729998278815087,0.27030626661167945,28429.02942676528,0.2850524600486516,0.3006047241452156,0.3783896628369938,0.47609911951239825,0.09712623181417897
cust_66822dc6,0.6579978054071784,0.40151557199515486,0.4986906266409441,0.2442578442961887,0.41998207889566935,11965.842037827759,0.10035853095242042,0.6534092396095936,0.21490100844503804,0.21806548473659454,0.15860955428825818
cust_58111097,0.8817193161787613,0.32990800740314147,0.49275432635502686,0.3852192655583508,0.5564741148285228,38047.58115871381,0.33291916626721485,0.37061064435051483,0.3819647113007714,0.17347367555278395,0.0728805600658252
cust_70f4542f,0.4839930790481003,0.19424635772106882,0.5540604327089313,0.27852579127873683,0.2855481856549708,7641.003183457001,0.4123249233764086,0.5129150841573029,0.38329943003978534,0.08576545167692379,0.22837666999152267
cust_8b7016ce,0.34409868733247123,0.13768070296844445,0.12268521011982765,0.398310853361671,0.51118971340248,20051.407788153425,0.7179533840138895,0.47356670845595805,0.07996585681380441,0.01362562658124685,0.13829158309443904
cust_3dae2c2a,0.7134538598269261,0.4024682453844262,0.2711079517266477,0.11111838769226642,0.4555873749471608,137129.57511303236,0.4244656694864022,0.27460675606506985,0.09565908516565348,0.257559308356519,0.8344807995138162
cust_0b036844,0.6322060608495726,0.6194254403018907,0.2546863447198005,0.30968628694739037,0.6481011768179306,19233.51490052055,0.2755505479599444,0.6226222682970881,0.17472689936539373,0.24116676669891432,0.05222184788106319
cust_6de4b3f1,0.9028677361658155,0.49211503149972646,0.3299296143605364,0.15339090480367676,0.39391753101942895,34735.241847642385,0.44152948300231,0.2095399761026927,0.2877756245198963,0.18914413003792413,0.06357742510976584
cust_eefff359,0.7097443444057229,0.573483619316619,0.9442234341130755,0.04347017309314809,0.14106613784286176,14791.00099169163,0.2555147986103574,0.611418657298761,0.7380671621982479,0.340553974700018,0.5669972060854465
cust_7d6a83e9,0.8187706797454358,0.4481362594824471,0.4350142094152972,0.1599343386061601,0.21359723765258712,27415.55824923156,0.28161372978068844,0.40619604819632615,0.2104189204909228,0.13806388128638683,0.24219033768314652
cust_03133558,0.7666093274371161,0.23472263736549692,0.4761582020074167,0.20111527997715675,0.2578675971752999,138579.86791611766,0.0717985531744524,0.8533142814535813,0.07719385277358003,0.1748069814354334,0.8561140875366507
cust_147ce7a8,0.9291044405177571,0.42647381217099756,0.1660881436866669,0.22202711010406506,0.2772386777109096,563.3879190772199,0.26032463653579685,0.6093440736149194,0.07090537497416495,0.37444620471744966,0.3411339270198977
cust_66afe401,0.7797954610181826,0.6762360219385167,0.30687970123848207,0.4873806635025656,0.33161942488615137,3892.4950277560774,0.2106141271086013,0.3010052165110974,0.16845076813693297,0.23425633892940256,0.09523885975734114
cust_297e0344,0.8958629006552253,0.2467645866488363,0.8256394902935092,0.04395158944847689,0.43265569987641866,3001.554735530003,0.3777877539550844,0.15900326822398073,0.48737496847789913,0.1747683837511653,0.26416111839748513
cust_1e6fa4a1,0.5738425121673051,0.5802872613182944,0.2231394121930469,0.19384673601354604,0.11528076248900393,94820.56798180948,0.13661401243785082,0.7349946007348267,0.19892952495645394,0.4279492492932426,0.6042623786922966
cust_1c27f301,0.645748592035038,0.5988305923420266,0.20964658411641146,0.36740811700346876,0.5684147753336899,6092.696368407274,0.16329743667843508,0.48725244464479706,0.11958187287501405,0.07010684613383081,0.13512528966155965
cust_03d4422f,0.661538816639978,0.57943868019589,0.04214286474093822,0.35979192193535653,0.3497031397843317,1922.6808988288153,0.05197783066199824,0.392064362972149,0.026681273711460656,0.24622678558124209,0.04728365891244161
cust_03863d00,0.9308677336199279,0.6799466445176879,0.35293290753382134,0.5179460720568049,0.3109784017703795,3702.1954192137086,0.40092321168488154,0.26773706820395465,0.1950731061693357,0.6422146642969147,0.01457523037230126
cust_699db6a0,0.8579005589940158,0.39576554542250225,0.20012886982650252,0.5537388011636724,0.22211721731140768,35240.49031730949,0.5161500534793734,0.3095238224577754,0.12205461655292292,0.2231817943716995,0.28092051886842395
cust_e1c808c0,0.5988348033068459,0.4005937574124471,0.6671330844058128,0.20790148772765135,0.6218598272533338,75511.81688017801,0.3072376951128145,0.2885206612404492,0.20663238695076835,0.09867167869775119,0.5035498101030067
cust_7b6f9388,0.7428720820180492,0.4324386800205573,0.4303885957057923,0.19766937754160477,0.06940333109695938,19690.649703495907,0.32810131755051675,0.8668678540648087,0.252645599858746,0.22345749036917464,0.04405279700399096
cust_fcf32f1c,0.6025367351286107,0.332626613598321,0.8435498009789975,0.20950465008796396,0.17355621787343264,29416.04260809376,0.24287930105634345,0.35481421786218154,0.20485574106008994,0.17083370041291984,0.026733155350977963
cust_0bda8045,0.8450160307257311,0.27972757704933,0.3004476430516083,0.34331143342808657,0.4573599790863951,5829.985074352137,0.6555769888390781,0.5792860510838804,0.19068132792434886,0.06854981906886319,0.2900433057209926
cust_964bbf79,0.944297115786528,0.4546190859564036,0.3189596899032924,0.4176369615905099,0.20550941728567546,16837.392216530614,0.5017895152711452,0.3491051103229628,0.17131298061564956,0.29395778377744175,0.06787962522971007
cust_043b4386,0.7317833767458876,0.6924819177582435,0.7011692971509487,0.09230941466287407,0.3235887232378503,10683.514868776208,0.4237127151324858,0.421621124533815,0.39061599491698235,0.5861839904122457,0.13315674020566184
cust_981af538,0.9874402877931983,0.3536429626078707,0.7429278871504784,0.3259865319446182,0.1604562405127968,43311.807595256025,0.2632129174609083,0.6041556066945757,0.4820078562249881,0.22015790565894208,0.5250438191910346
cust_f0529be5,0.8665354678950608,0.40581932457986086,0.5412497992623808,0.7751199681716509,0.24628399491557584,17952.68392114735,0.2157669925689541,0.5991483295793554,0.15527932905014863,0.19299127169897473,0.07973494289244966
cust_6aaf7a3b,0.9378943142663807,0.8058972851730117,0.25348959464117504,0.5163954936860293,0.5107532165660308,46250.66080120004,0.5923798094823364,0.12149828939346781,0.0529831810688904,0.20823181306781777,0.025129787282607518
cust_1d7357c7,0.7977106246790442,0.5579927105864247,0.44071200292033247,0.476550141771824,0.4433936294961213,142.40649503970113,0.1700259528637312,0.34297267794484776,0.15365761108687492,0.1688933808582732,0.08301375173772423
cust_7bd388b4,0.9207645935847445,0.5097047403401225,0.42037648127389393,0.544299408761688,0.1254828700266297,31602.579201968354,0.07961089244190896,0.7657300744582675,0.13095079692026662,0.2630691016626944,0.2145286754049896
cust_7c7e3954,0.8034125269921322,0.5398421099678328,0.4469218580454864,0.1617716191659884,0.07464271592715666,84020.10934505162,0.3234050128306987,0.34118520805378055,0.2678328770655043,0.4384755633056337,0.6670542234468041
cust_a793490a,0.2847341967783894,0.5581597204164108,0.24164076474354027,0.28638489194725,0.2425373103711915,5896.661529663863,0.42743757156578327,0.44504632283142415,0.17198119997880804,0.17231379716736114,0.032273025455348096
cust_3eecae5b,0.8321316266534049,0.5849262210460964,0.4859691993841859,0.1494632062564021,0.16638234250446177,543308.3084337258,0.1770131098952134,0.3440834899705222,0.38890934716752007,0.2935936921827317,0.7279977010505408
cust_f5028561,0.8662079674252343,0.4457763137352611,0.22967466915042178,0.14402887854484728,0.42149359475675224,3629.2935117104357,0.2520132962418757,0.579638919671883,0.2079764542646505,0.2947393808044287,0.006586220266265793
cust_216ff555,0.5224835968969499,0.5112049194014624,0.7234834206373466,0.23128829835185072,0.31314687540715774,1044973.281709696,0.3217979464722691,0.6366667072290548,0.21363946275955656,0.3718900241031819,0.2398277629498338
cust_a96feac7,0.8504445982604707,0.29392636980122905,0.2832091657830074,0.09342780466347331,0.20008396081912097,2148.9729655709434,0.4135060618036795,0.7125110363717114,0.13113986833591346,0.13573604355246174,0.284162002167832
cust_87daeb57,0.7658059759129232,0.35381547173639655,0.38723284255334495,0.24035982861119953,0.05655047208681473,108541.56291378193,0.5454999599295863,0.7293249347171449,0.32105764901948985,0.22596090921190629,0.6352269289644776
cust_151814ec,0.9083413392108084,0.3235922491122853,0.214971205646707,0.02520131534491468,0.33916670501564494,29914.906146203077,0.2978470771084012,0.7601433577167739,0.13624348548315451,0.18240718395213995,0.10220074284974838
cust_eb702330,0.5353532005268665,0.7805412919966187,0.7234614024622897,0.48042426448052783,0.46090388336269167,5574.234602342683,0.18850228809373237,0.550138372735414,0.5214149405832457,0.6766942326203731,0.023444823597912154
cust_4cc63b6e,0.9066524389125861,0.8289503956671906,0.4424517369338395,0.46932568807573743,0.07540239572167012,61989.40276385027,0.04087803344650618,0.7247795919496308,0.07715671256163109,0.36055879835346377,0.8373855291235276
cust_50872fa6,0.8155716565059072,0.9473003938478761,0.5123925930935541,0.05896203171888487,0.6891916885905331,39267.69329759761,0.6350705776686971,0.7457312439152588,0.17783232108424532,0.8082168876811066,0.3119908677967347
cust_c3de09ae,0.8556830348946957,0.5120139563516494,0.3653418832285046,0.22572280778970458,0.2161524768653597,3661.3749754922346,0.2866895435676636,0.1578934659662584,0.19599604229878503,0.1570272261114766,0.00554439094970502
cust_cbb3be5f,0.5648178399683709,0.11712222649165577,0.050179179855797076,0.19206195081160266,0.40378083929154784,6844.789857576853,0.32403553420369724,0.2407555980131576,0.021156030237889124,0.05809207491886162,0.026588384303078125
cust_f97f669f,0.8775145232700258,0.4277331381171712,0.6265411090601148,0.24430676821553463,0.293306828950647,27285.026389200633,0.3617501889159161,0.7231585443741256,0.40461569175690476,0.34861462722776587,0.2096306157303739
cust_250539f6,0.8296124387955482,0.6645897140532508,0.09199553099557684,0.4268389049325831,0.34426174513549346,17763.448388238947,0.18517647904192772,0.09451274583712829,0.07512982327383384,0.3089484247423643,0.47106598864117916
cust_7da70e56,0.8635683975438941,0.7887533412663831,0.7335401953791624,0.5877038405398126,0.5673577194933462,19973.712604818633,0.23866734166143996,0.5018435177094837,0.1891290737316789,0.5555871974363706,0.1869918728327418
cust_31635c67,0.8898559203525656,0.2753197461168469,0.1436262194415577,0.49945534326660673,0.26343420069297735,20944.513418333565,0.06718957103866796,0.4157822832029697,0.1069435166599627,0.06078561528816607,0.4321841953129028
cust_b5a98d91,0.7783972260003393,0.5993779119265366,0.14303086055059241,0.368419212087743,0.3374755159467173,599224.0595061467,0.7991496819555839,0.628359796538142,0.08479269406112735,0.2485741028803033,0.28138827979996284
cust_108f5709,0.7333335779086709,0.2752477458521226,0.4501489117198891,0.1563773813470094,0.4686655970711103,11745.995183042323,0.04659386616512877,0.13849211415438367,0.3045640663654364,0.14578011455083711,0.07678528067515537
cust_6f86368c,0.9461577233659441,0.2501267904831349,0.407400752991911,0.12393265332630608,0.36449489068100915,3787.2004513317484,0.30845984584173103,0.4617902345675669,0.1974462062262415,0.03437804733009355,0.23098700515912587
cust_d25da3e4,0.8720512008807123,0.5854872664074091,0.27698697036564907,0.12675589709806462,0.31181184528566175,4830.208737183115,0.2743468898910648,0.42595929511366576,0.11846564863081822,0.1891246290820499,0.05931043692916779
cust_aa85fc8f,0.9519962287945108,0.14273761001684657,0.37305568278774887,0.1705091189046627,0.6429897213291217,2061.1747854467144,0.06068195894669329,0.4860839416987239,0.20145493799269198,0.08130472280604366,0.010940021141082886
cust_f8d56d29,0.7982772176859094,0.15244366719690072,0.5495544107076946,0.08964937079220062,0.45751129721064504,4134.079951805746,0.33706958860629854,0.7767447077498639,0.36762839447673756,0.03818245950687138,0.13507537580216714
cust_94c4b4b5,0.6622003425351487,0.35888303320978887,0.055447405205112835,0.4123442218915914,0.278259197721142,15204.084194698451,0.5486769692263738,0.6808648281179477,0.044493529220393666,0.197825219660057,0.2769001975995283
cust_8be8c434,0.8552213694907159,0.5107676650355079,0.5315227863570986,0.35777672881812006,0.26737307909424357,38373.46635395765,0.3638212359373456,0.30336864821257076,0.3391403723254605,0.43075807603381444,0.08590449881500398
cust_6b515b40,0.6638661312053208,0.19511021435943343,0.0911633872411162,0.2894142226944545,0.1866392035224311,14624.430048864457,0.37058932701964464,0.7170911804593563,0.05200240279232607,0.12113049146288149,0.05459502291388745
cust_88592552,0.9594678415417365,0.5973018468794508,0.5480754461238081,0.11309251352394724,0.23603702659950207,105617.88120904955,0.09093837772112646,0.5221982971599118,0.40141862095548914,0.2699973466929747,0.6219814478404719
cust_d6ce2d04,0.8062142679729083,0.7724828230819423,0.7429240565885157,0.46754363264784166,0.7280482602910068,23991.136883291856,0.5779190907956677,0.3830222583159416,0.6330426727086882,0.3634566347798217,0.02968191062413081
cust_06c8e996,0.48433423771374373,0.20652639296691652,0.5222883397606826,0.30664918320744594,0.26394026958343497,46608.625439490876,0.44496639409016064,0.47118530561619365,0.30368509238409563,0.09019048194349207,0.15178191532425067
cust_152ef4f9,0.5110675519864516,0.6098629652377319,0.21091435772639125,0.3466622179951094,0.4404072727125564,12007.349924868533,0.593688929713748,0.4645998958452516,0.12943804099590975,0.196627978276818,0.09061615033176856
cust_dc60f85c,0.7015908601533531,0.5536284314580813,0.5880759154153244,0.3368587459965887,0.5286119638746617,12167.541599152008,0.31198772440533346,0.6694417605412107,0.4453045167967158,0.11002973955529655,0.1937826643698424
cust_e0aa7406,0.7391071602779791,0.4189545135793341,0.7390801159783593,0.21474625844195047,0.3448064152683592,8152.535225414474,0.24992188678972158,0.5416775339073344,0.33307345812026057,0.31022371035368956,0.09627379666241624
cust_0ff7f7df,0.5957308483433997,0.8160946896089278,0.06503394279998569,0.3863539870560279,0.28710630948622157,156541.4490548802,0.3330464858994595,0.4757499703440035,0.05685209222338309,0.36502098691009444,0.8789482249004227
cust_2195f658,0.8926899829952284,0.5183086690171755,0.4010054568760899,0.06351435650522691,0.33123817702718655,92897.73113632399,0.6442672827252321,0.3436896879836267,0.2793168836635311,0.2966773856275573,0.82613952631816
cust_8461f682,0.7064395608893108,0.42652072158771553,0.1536483819533347,0.4966613510511666,0.23786801335575908,21646.73769862115,0.31689915100857485,0.8294065309658684,0.09167369240961033,0.16812523744668637,0.04946762799691604
cust_a58e4515,0.7998985310504406,0.2910175007262444,0.5040700745009805,0.16641261188178086,0.37936070258694404,60884.268670337035,0.18815741923590654,0.4447316968882247,0.1154749935493118,0.17287053102496586,0.49936871248012643
cust_c58f38b5,0.7863675885202325,0.33514688724898006,0.21314009409504195,0.22642875281848449,0.5704471289864979,5347.321301509188,0.40608001276976247,0.21333774151434493,0.15903809885070078,0.12777003227013872,0.037115301259866916
cust_8425c11d,0.37947349708675016,0.39698861774959315,0.36106318451926095,0.47705240985156805,0.6596729557188025,3828.1199970029093,0.6457570245053298,0.5347889707464701,0.23987412991792587,0.06351372039791162,0.07884970220383684
cust_b42c94e6,0.8214855374587966,0.21250251998383737,0.2011268166084816,0.33556733761821106,0.28454135920564183,300412.3097061199,0.537969002712735,0.29145402738772125,0.08657194356558444,0.05989673568808085,0.8196717008522467
cust_e36cb823,0.4136797043841875,0.5281682212035469,0.5504511338431896,0.28447356677272534,0.27358711506820244,27926.343203681907,0.2563522977589987,0.27594169332790797,0.3608265313292181,0.2605352460230034,0.36695849727231183
cust_b2709622,0.9817517313156565,0.28899223910018706,0.5074191191066841,0.4435147013703866,0.14548728566351482,33320.792990929,0.2441974715957283,0.4838314782337293,0.42328391848692964,0.21632442358512619,0.20127705026658624
cust_d9e4124a,0.9340803832518867,0.3477877061799395,0.4653096159467039,0.2364270482384812,0.35136966198995473,5065.954055662501,0.5281628485478526,0.21186295502246894,0.18724492043223448,0.20387178117576366,0.061156467052250515
cust_8814d659,0.8769862171334519,0.5286123129110692,0.45911856649752764,0.2717507623756712,0.24150660629423226,30701.08908746292,0.4437831394469555,0.4176774086549052,0.2208960331734194,0.29848092304726165,0.4294152125359595
cust_5fd5454c,0.6421384594172241,0.424051470138715,0.5221132116461995,0.48136299598018023,0.3275122436374952,9126.963510186077,0.23394622188370678,0.743371334759906,0.26656042170096367,0.10757991402155151,0.06119546965089454
cust_e4553cd7,0.8380299153497985,0.5635298830306935,0.6469951612520026,0.6740359883252428,0.18749636516798526,88739.07666059447,0.12032568232568552,0.15272673764680558,0.3970098589560186,0.14053322889757447,0.6552759949652206
cust_4c679acf,0.949376809623214,0.31327569043887177,0.3917104751321639,0.6901685039439288,0.2911004428099476,8260.730917904075,0.1688176999217512,0.7377316951446476,0.22215641530059022,0.17097443242732913,0.17882419190442103
cust_2eba86fb,0.8838377190529085,0.5592523268242422,0.3806802891810651,0.3798175880306965,0.40880058755365306,9007.770315809716,0.2147780342585048,0.3305504900354402,0.2520725484370132,0.2539816627723233,0.1484651920435301
cust_e69416a6,0.7274575718891209,0.3697848381586925,0.7976287806270428,0.4242838855574253,0.44978745116984725,58946.38169422814,0.2586847735974676,0.7989960291494177,0.6893499907431575,0.33305975853870046,0.6427576955655964
cust_ec8b6562,0.6646116035326836,0.2340884817746031,0.2894660056934265,0.43799682471016327,0.6539966477072643,7073.735471912468,0.15195711244179524,0.2700403769589924,0.19001850732165765,0.0353792160075107,0.22949952792490025
cust_9c2b4670,0.36739140464484454,0.6342458366301992,0.21843835563237057,0.4795667762536131,0.49932700879413955,3422.7222426038797,0.4995270719292328,0.6102099258198619,0.08447755566938246,0.34484669348830405,0.28744445719628153
cust_a452c242,0.7649482523884474,0.4029444790529858,0.21150269545651626,0.14064891678453523,0.3631217661348178,20094.895832790047,0.3233044698758067,0.7860422452129249,0.10092023472099083,0.18664579698085665,0.0741008611703249
cust_21cffec2,0.7932236046230188,0.37052859443028163,0.3894265583589908,0.1298250587799846,0.5346069218807219,6196047.956491462,0.2984572380385372,0.8670397591225381,0.21780133312751504,0.0714977348055306,0.6549600815131505
cust_476b4d16,0.9606182620816064,0.22309809945494788,0.5625246499024397,0.23615512932625757,0.4038620716382743,8303.178538915627,0.5366325499197601,0.3732610193516913,0.34561779592306396,0.16354894473320383,0.0031256466307796054
cust_390743a9,0.7511754329871062,0.27014240882353374,0.41012930388618785,0.16441676192209095,0.6098652667280855,89378.42770425588,0.6006922828674279,0.7666455179144603,0.12430954554357615,0.15077471438457554,0.761271011190912
cust_340e4c4c,0.7837337515096807,0.5659721983414838,0.3275160851832391,0.1494679998562064,0.31734934199273795,24930.40832198005,0.02285907154831985,0.791188953142587,0.11277857229702358,0.2881491849995161,0.13352317860981186
cust_b8d1c83a,0.6541062054202574,0.45043227875080294,0.3967281101165356,0.5503255827859643,0.17430586715874438,12455.281959037742,0.36105140126619806,0.6284303923975687,0.3517982612523066,0.14645140093701212,0.0677983595813351
cust_c14d9088,0.9408454378943052,0.3432602437737358,0.2162110421324287,0.14150702016431257,0.30353308115052274,104619.02693609237,0.32580593258559487,0.3144747614154774,0.14323413592549475,0.16282971478566258,0.31007443718485295
cust_97808b72,0.48203950566011017,0.8255840389663076,0.5599329248963676,0.012283239113455757,0.4833394406068992,58056.264063082876,0.24729441053252896,0.5879591301804048,0.2980357375328906,0.5637693887985463,0.4829464669109538
cust_90b1fa40,0.8474828960069068,0.3257495671554634,0.16075056655574124,0.6861113250489119,0.43559414702417454,11572.72646006077,0.7856561579585524,0.29431479326911997,0.06832700676417484,0.30010380613685567,0.14309654231853614
cust_69a39199,0.7512059857416873,0.7555307669522833,0.5296724682828557,0.24729226004197405,0.3058612571314542,24059.058481750653,0.41432971394339535,0.2661001253528948,0.30885554053290865,0.5441427151201765,0.09317813059840342
cust_99f4e999,0.9435956594433355,0.6488486784002725,0.6565945536245656,0.25209835135942305,0.4724447925300247,5834.5962023569155,0.31211687056815735,0.7245032075764021,0.44275514425836726,0.3057093445797165,0.08129730082930382
cust_40c1951a,0.7193018407585517,0.6574666404975216,0.3693326868505584,0.2814348206590751,0.507158292610186,207223.8577389547,0.35467890950684655,0.2445812587385254,0.17748089364450398,0.4561628951668296,0.8098292079554708
cust_4912fb7d,0.5591933813029463,0.6335897700584839,0.4271592338336534,0.4288897744191576,0.24865541697652954,27622.919014263192,0.23900796967866744,0.6402212291266391,0.2706646006704001,0.2564907170564295,0.31762299337919186
cust_e68477f9,0.8746474867566928,0.8226395898703214,0.6700608283068288,0.2755535984478331,0.447426630513423,165525.51776252425,0.260333101860306,0.5473110103072587,0.476642106065318,0.4876796328500579,0.5506158333873604
cust_0ce84239,0.7824864873551122,0.6719100317203075,0.36353835460224054,0.41653460372360906,0.12380547414872961,566267.0347004392,0.18713883966200504,0.5069860326417807,0.3008313931856987,0.35569243652807,0.6494532582286662
cust_4ef1cc85,0.7395481540031725,0.47574172155136907,0.20585875564561765,0.06335409621928248,0.3136063789645206,16339.993413819213,0.5641953817636128,0.7228474853117495,0.17331235053638294,0.21407789257681473,0.25701398004707515
cust_6a6a3e7d,0.7123922905341501,0.3830142680464491,0.14369754147347055,0.21634234959692314,0.15272218828027254,8545.32375387812,0.36976341743885316,0.2859563533674983,0.10772986886303208,0.20167314356268257,0.04264471325365291
cust_2a9e4aeb,0.8456877139220068,0.6460814747637424,0.1503851924041199,0.0868393958621939,0.3916190157349229,16578.986879545642,0.3289332072575565,0.3999396868204827,0.09972427441606149,0.3849433296343513,0.14160062239159085
cust_ef4b5a0e,0.7804152206231086,0.799169964745825,0.23723554555485454,0.1718821202201313,0.6237315447348307,111307.27513043338,0.43550957544011565,0.5197842022830026,0.18859556994626675,0.616219310585706,0.7921813786193236
cust_85748455,0.640640596251727,0.7542205943295507,0.7237010643319202,0.5255456841312254,0.25426490982235117,7056.344975109252,0.09771437844031841,0.15252737251053536,0.40170088948101906,0.3266577600124746,0.10193163674733775
cust_48a5a498,0.8124756664886913,0.4452848112175106,0.40345780420640764,0.2426848551569437,0.39986974389269264,5752.747694452034,0.3947042831481074,0.5158213527636728,0.22184137751441224,0.3944794214122365,0.06148429158923162
cust_2f0fea4e,0.5922383671155141,0.5057244369500117,0.2694102012150347,0.587977066036969,0.17929053369188958,11608.876033881803,0.3641558434806324,0.6066560227217112,0.22885988003062896,0.41334945388147426,0.1360973300113029
cust_c03cc049,0.9215969022623849,0.3521337727505577,0.17996425905167537,0.13233316624782804,0.3282521509923907,33280.32396990392,0.47873764136811253,0.37654826913471756,0.038358813946137216,0.08100694891264036,0.2845794161409218
cust_34e56289,0.41976875677091974,0.5980556509748249,0.2034217706353843,0.14709845970012406,0.19312725300148284,233659.2391921417,0.1706578059498652,0.48851974428586453,0.1642467283563324,0.3448942699987608,0.5225109249636172
cust_ce8bd930,0.8351573124716873,0.5540611734357337,0.2770369922110786,0.44043972248694757,0.19326477306007647,46500.611115655476,0.5669708214959019,0.3131820603472894,0.0469937588939347,0.05791738858171609,0.12460635066993962
cust_563db160,0.8635593474013147,0.3544626456134652,0.45534116639338806,0.45984639930614873,0.6203528262301183,2716.6101160322255,0.15274439487619496,0.5541790318428295,0.1299356124622388,0.237394833121714,0.08508611402968903
cust_73f91b09,0.7716504556886387,0.4226474652146775,0.5095243064900987,0.1363186765893163,0.3385908963622354,15913.37443839492,0.3589709255790674,0.5681456821620265,0.32141214967303416,0.09976739073148094,0.5476205741295983
cust_b96c67b4,0.2483228009323663,0.7643740012797526,0.578346880989193,0.41156587764057345,0.47364326313297245,26010.923256639522,0.3262962147547364,0.4575548832170192,0.5203001756044614,0.37056974231583417,0.21530270510639882
cust_4860fd47,0.9509055659126748,0.4695300623333488,0.6622118040460528,0.015329228719581617,0.2022473135788677,32249.078608370768,0.14610799089445198,0.8863986901040163,0.6115921127472279,0.2649442595612156,0.051236197301393394
cust_cf0d2105,0.709271829622929,0.7245563027014431,0.26247024396739727,0.147206273464371,0.15766239701701074,1012.9769191635114,0.3382712824522713,0.564825689374999,0.06581025673936367,0.3358243195726243,0.14767047728678073
cust_69080db2,0.5726168749382916,0.5110822005055627,0.04675881821054668,0.4277246583140154,0.20120787364479745,77569.79367102831,0.014450880109203037,0.34445459676831214,0.02697936118140874,0.35238219706468765,0.9623740405113791
cust_84e3a7eb,0.8138761542417849,0.2536504830973124,0.12482168280427137,0.07459501932901795,0.10555893260435045,155651.5843613952,0.4789822196504807,0.7497498385432146,0.04573036870587331,0.17124286153053503,0.6226075177527769
cust_ab045902,0.8991483733933557,0.4509529097857879,0.2820476610985853,0.3088843381510038,0.20595181712323862,32970.43398610846,0.2818533790360079,0.5003027550794512,0.231161661963042,0.1357481154299226,0.014841133662134414
cust_7cb2f482,0.6111111701090148,0.594535994478045,0.6716614850676962,0.1350067052113905,0.17198779535410771,57627.67661352984,0.23172400869162346,0.5101711158413322,0.5432707658725294,0.0537644723250464,0.5999909965493989
cust_6dbd0fe0,0.9171113566874257,0.6518069674801308,0.6322882138832325,0.3483547176029241,0.3032675445766999,5041.492094699684,0.38804784691824373,0.29651627354647536,0.42493465988693235,0.5175958976422893,0.2587534025909989
cust_2241f009,0.8390863832879376,0.5480384560969281,0.24844067645741402,0.5639541065085963,0.5538371725268931,42492.05714377673,0.38488571001361777,0.13218947612573703,0.1433532846304467,0.37022069511427647,0.059813423439748846
cust_476e5173,0.8411876753196832,0.2513703930851062,0.23404420188604574,0.1710481938363741,0.3591704408555393,2807.8990560060024,0.6454788639682415,0.15876864253166445,0.054000705745333576,0.12196656019119609,0.16970890766852792
cust_6d573b0f,0.7188221345790193,0.7833325256567725,0.5339929183473417,0.22815622225764792,0.22849144113315675,36591.42762503788,0.3467933580849706,0.5839583209194775,0.4101538988289841,0.41860036477997925,0.1442257545743501
cust_d6a988e8,0.7691182453700826,0.35746773616832606,0.4221561592680827,0.23481868971954792,0.2209285274430613,393347.122512069,0.5704095932338256,0.12515883925292223,0.3118114812787128,0.2881221929630694,0.49542870785363574
cust_7d6053a5,0.8843439814508393,0.41115776813454347,0.35306341144264713,0.45053019159653407,0.14278849734999974,27988.770818604142,0.10092664376362394,0.46398727881726765,0.19766639447853834,0.22439781696794356,0.2475384878483841
cust_fa27a535,0.6959305538142853,0.43005924566953446,0.19484591901909185,0.09052141600111908,0.14118603254417583,42263.165202976656,0.8430849396177515,0.4731731046355619,0.11404715121225807,0.15752263418112794,0.23722869884869346
cust_312c0221,0.6430515189955487,0.6720016743556569,0.48383503217503854,0.23535590598907455,0.26468342654013777,24816.694818452495,0.2068326604082027,0.4251567353855718,0.15272319055126501,0.2379075236459861,0.33885548816007793
cust_1d7b791e,0.657633720111068,0.7120112101207269,0.35496106705981734,0.10736330812584334,0.5172119126043736,50371.16495699407,0.4256342098838047,0.4766492177341638,0.26663795791867956,0.6729659822992664,0.6154476749194657
cust_a15f1ddd,0.633168220194186,0.5952554520508254,0.49264689354042673,0.3375739576198983,0.036301133422447174,111171.19623487743,0.4922784403029368,0.6303136403792355,0.3642310682900649,0.08474473205582761,0.8717418244590992
cust_81beec19,0.644345442551968,0.3822788530320093,0.17415031389470634,0.19385640385330563,0.10266404616761787,185036.49993771716,0.1408783038414606,0.9136779937776996,0.018593621185058445,0.12657741807153913,0.8652936702635596
cust_249ac2f5,0.6030325861605991,0.51963007376177,0.5569348058880161,0.22426241147701867,0.30449435732672814,34997.02225921057,0.2743034654004988,0.8077803960864841,0.21718335628389018,0.3917472257547921,0.17992283700347542
cust_f28a20c0,0.7588166505693344,0.30284045127911985,0.5519479831843348,0.1745746710535464,0.008869177580135184,22180.508779693086,0.46899544237410584,0.4977074831754211,0.3091437131963739,0.19246637220178914,0.009693814157511103
cust_47c117e6,0.6928849729692304,0.709440049768931,0.051443313109911994,0.09268597778935989,0.4882668744632643,75576.47254307434,0.4592098856193862,0.6543521775958283,0.021206720780750785,0.32568514235453633,0.8251460313896997
cust_a26b27dd,0.7669561212787215,0.45351979291743216,0.547549664974801,0.17903149158848095,0.17165879533529402,7845.451528156595,0.04796760166971861,0.2745902460910231,0.1905869123874955,0.33630355076814755,0.33338556550711157
cust_b70c297b,0.9161081132506924,0.4651754136512996,0.6207777218777797,0.2483019062292819,0.4659891992486873,63315.03261915162,0.11508562352545464,0.40522900672642537,0.23949466181448834,0.29291066683218553,0.8514816704618088
cust_39a79593,0.9327111258613924,0.7770576387761339,0.6063497150322962,0.3206818735749259,0.4002985224799884,20668.526948741153,0.29369899168392627,0.2500841333195651,0.4524231202012931,0.6007424811381422,0.38999615894010703
cust_65c1db32,0.6567370803505562,0.5995931938839365,0.6178175334921963,0.12085905504709821,0.2991529804011271,47428.865833140524,0.1263199016344267,0.08621174569710022,0.2261494363367964,0.14971119422592843,0.19672648606517423
cust_e3ba4b14,0.8660517111288573,0.46783112441959074,0.42053608176948926,0.285729323859625,0.4014939918343421,150852.99348018126,0.6346141960183798,0.39885413137259895,0.3758699269673002,0.4048793269541761,0.8248079307623183
cust_2a65b35d,0.8687673214924008,0.7529775410508651,0.4764426735190946,0.19977430568576232,0.19586442130256582,17397.92692130607,0.5905926495412388,0.502711480214623,0.3269269691859776,0.32420797804641466,0.08172468245733727
cust_3c34c762,0.5418735192648788,0.5803036547236962,0.6806697443941095,0.3046721147402647,0.2047074922849477,4945.929161199836,0.5104146558536635,0.38627758113581806,0.10332564075425495,0.48596848937665044,0.07012460492293368
cust_8a60f0ee,0.855984110784348,0.7277553849403048,0.9044338723931601,0.1471262810700206,0.14498543762000513,22979.550089841407,0.06954957125259645,0.17754999757590678,0.5659203787824421,0.3980095434409751,0.12536776077599646
cust_1c8ba1e3,0.7259830179189599,0.4762396651689731,0.3776782936912437,0.21352917486116238,0.28750745656006,602951.1187472565,0.6620937099067602,0.4835847374414899,0.34888027159612583,0.18902440586819375,0.7387859457364824
cust_ce371a6e,0.6198774187811161,0.6596720936502315,0.32421535245435257,0.2593089893825674,0.4064768238006279,9582.822305728858,0.7328915213462633,0.3621902125107522,0.26894861596913955,0.4948302942388392,0.022355575894009345
cust_4f812461,0.6461912367692467,0.40917125421762984,0.7375003515370471,0.1817364238998395,0.4204832616515581,54248.08028238286,0.20206806785457745,0.4875469789496972,0.4487639643623855,0.07022736075176682,0.7521633290846282
cust_e27a690d,0.9021258456595121,0.2599337715903992,0.4820871624510148,0.6052283546788967,0.5549835193432574,363516.76638933795,0.1906951441759181,0.3203629838766826,0.3944544122625486,0.08364984005136218,0.6468897812580692
cust_e4277210,0.7030033023177336,0.17351811952386906,0.5959506753079872,0.27018566015591894,0.4020094669098941,8458.81243257888,0.5872583480399832,0.7343499563317254,0.4056823011027271,0.11270666640505296,0.5695772115594998
cust_fef9513b,0.8942217882725569,0.6180575573580338,0.682570370235313,0.3580718846430828,0.22755121415089782,12006.333641621792,0.2937596034570206,0.5055696464296604,0.2381282491699258,0.30481860830439855,0.2855921385598361
cust_3a365501,0.6153443211074847,0.2158710212628276,0.3641827481981296,0.24116308720575055,0.09343040239174988,9622.390109147374,0.22105139034139532,0.5623849816989607,0.17188455914230835,0.11831065066764941,0.06411076874245178
cust_0eb4810d,0.6409761976290564,0.6719080451172295,0.2821494898922805,0.5510913060463161,0.7614692918942607,6060.028204669039,0.019188680009158684,0.5745754621615491,0.1969714922607067,0.4062222314469847,0.0403068158512366
cust_bcac3a77,0.8501266106654922,0.16062302689168076,0.32210677039594837,0.12821650553908612,0.1582430958681911,44940.012996679514,0.21406110583881713,0.45615090751472054,0.21791772687468206,0.011369663928994472,0.26053511200518736
cust_14827be3,0.6903087179829405,0.47976836981529,0.745372564640603,0.08124645803567461,0.4934768865174416,24711.869675038408,0.2714026740890688,0.6709390439521868,0.430993662894681,0.1138569058056526,0.39440482817340256
cust_dda28531,0.7097439716497357,0.5869452857514924,0.6008618678094476,0.19112929264782239,0.2668092495990541,1399119.7632420724,0.14194098896503293,0.798295939089143,0.3309030253171854,0.22121439993651779,0.5849488801110297
cust_65d721e9,0.7260565766786163,0.7770693028342986,0.03550267413371024,0.4423735771791756,0.6122267483701562,27035.35776741632,0.4755967897622452,0.3315575149240417,0.025701215572459205,0.7325574223632223,0.08265265072020794
cust_41a4d830,0.7742625462248527,0.33952384903260435,0.12232124699885807,0.5574139884212839,0.4761894666560298,17272.070259121974,0.23605356707406305,0.59857425982927,0.04905262030603735,0.03522379955784709,0.42239845799472703
cust_43373b52,0.7832646048178697,0.35834226736486785,0.1532690340878029,0.34681337797585277,0.6683473136959146,448584.49921845266,0.676610241957266,0.60288879031689,0.10346323195669045,0.16361900487643186,0.9142761400384408
cust_e7215167,0.9277920806727121,0.4902687575974588,0.2587205139949692,0.23797198390265722,0.5888789313927204,5313.449557289159,0.39998416616227284,0.37720206303604037,0.15283021464706978,0.15418927128291976,0.006154323323782294
cust_385fe20a,0.8519787377489165,0.703720299053254,0.8093739320663025,0.16672223697028507,0.23779245406305616,8183.206027592792,0.3788981164712817,0.2699782735520898,0.4595015249259495,0.47121885498641886,0.34884840173532006
cust_426daf01,0.7263883054484173,0.5817188817185528,0.5467239917486022,0.23676618794578,0.3893228185460856,56668.98140069463,0.4673185671311768,0.6806238233848169,0.20577576204463963,0.4854442046402442,0.5047865648145173
cust_eccc47b6,0.5492921619579846,0.6608602912361892,0.5797620276204287,0.4152642731879201,0.5426844802216056,5806.436646493761,0.14959102930866489,0.46783218116318437,0.04951927124150405,0.07578223118434677,0.1332596430121384
cust_900fa17e,0.7695344329856032,0.37427026834487,0.18821375324976766,0.5232644384409354,0.0421511480832197,22528.31937564907,0.14132000508245207,0.257783321286221,0.028121963616837293,0.23018424722879433,0.0063443306452551345
cust_9c7f3932,0.5608430567725176,0.3209372873526893,0.5380859078828207,0.5691788390816492,0.10853778744387745,291059.35967750644,0.3179820274664031,0.36561032820534384,0.263741284278451,0.25649180329645577,0.5834009207801811
cust_d6e4fcb3,0.7148849461487821,0.09720126815552396,0.4259970821462356,0.14018871818018536,0.05840622717481221,16756.47550032133,0.2463891644392849,0.3363886349983444,0.2650206312782748,0.021464097569322268,0.06163330033722947
cust_e197a7f1,0.8361025868515951,0.5771638767635552,0.2970746322853576,0.2631783282697372,0.4719860714835014,8132.211146332882,0.443589746741685,0.8511379466944918,0.20793681367416195,0.0668373135147527,0.05998172824596657
cust_7aed755c,0.6937254548154829,0.8592426629283747,0.32409094297240043,0.30604180240088635,0.25031460950451284,1839.330699183625,0.07878589965455228,0.3727871001527281,0.20929252176858437,0.3374892580310831,0.0496550037390874
cust_76d90d4f,0.7415521141815331,0.4573515821823625,0.29337759316262396,0.24848716691137987,0.3981006276263526,161296.8184694911,0.07088685404991275,0.5794771980564696,0.09081366392521777,0.1425409999685433,0.9223014694521833
cust_6aed3918,0.52274113813911,0.5790327151056197,0.13626278459119862,0.24593303933993926,0.40387422531844824,15527.298233476227,0.776370241311993,0.24700001622759063,0.10329489688829423,0.12332233027550851,0.019040739695483287
cust_9fccaf41,0.9135855718411791,0.7453837664199976,0.643730467520985,0.4080459924169001,0.2587606501461682,19603.24087737636,0.3945315588315994,0.24456248669451025,0.5768817901849509,0.3284976936081834,0.04924481561779584
cust_132c7466,0.9315303364968155,0.15906418002016703,0.38094255781648884,0.10912994653099582,0.22881623074303856,21137.62837926967,0.4275877596504532,0.5511762898583665,0.16277723782136078,0.034818978131969096,0.07520504072067315
cust_3aa3cbd9,0.8296201703873981,0.3112082478437638,0.22430677159757875,0.24755254669530666,0.2631361211555071,21553.011736451157,0.2835610575623731,0.381234591641797,0.1586429725967179,0.016771960184357525,0.47295653044921054
cust_b7d6535c,0.8120337060514659,0.40556308312972983,0.22644110139394438,0.4445686391453066,0.5839809997892497,3407.1570876609144,0.14236152138147432,0.48196194555732913,0.1870077032673431,0.15006942224279982,0.19611421199847898
cust_cc9466e1,0.7216423974292446,0.7162973820306551,0.29364001025209574,0.308375490366842,0.3526335886397061,1375031.5816570045,0.22637718994367848,0.4874094546351004,0.07205783990869227,0.24442411973258255,0.6160428483357089
cust_9022c02f,0.7506159552149801,0.1511271336162962,0.3343076595103901,0.07310888150356809,0.2238417697663794,7339.593602926774,0.3294034534865559,0.5899940932655772,0.23416237362179554,0.10575515492093054,0.13866819485209142
cust_765c9c20,0.8803544857958663,0.2607967894075239,0.7518042519022767,0.2861067296520433,0.3609087847771022,35590.96960635866,0.5938684200678335,0.44355623034432373,0.40524428745808766,0.13889605212655975,0.013962255459891144
cust_22ddc9f0,0.8371404357773239,0.8254312516988821,0.4192630995573534,0.5826745483774052,0.34849118436919146,143474.96872800536,0.05861245546908837,0.37804996984310985,0.15734383439249872,0.47739063077406707,0.9104974563924477
cust_d6bb9395,0.8110839442030946,0.2655954962504918,0.20250508117780391,0.6479468958879395,0.042788000332440186,326168.9524794594,0.07013086231999265,0.5722691770505386,0.18532502067659343,0.12283192273171957,0.7836515404873449
cust_e9503370,0.6467122445048834,0.39888879861290355,0.20750158469577076,0.10902637431226164,0.773641251348211,58424.13195261408,0.11628225599973505,0.3634425472189709,0.15139852917195662,0.2868896525088609,0.4394470204433522
cust_af96e751,0.567615761632002,0.9264074865286881,0.7762814879180009,0.4162606873310456,0.2958209838947992,11712.6641981502,0.4280823997675356,0.19650265005104933,0.4327583098904596,0.07142054602519884,0.1176265028340579
cust_35c52c21,0.8513495224420963,0.7126547161196762,0.26623334396474196,0.1477371626702196,0.13552800309659713,6599.1278317397,0.5021612377323762,0.49798139769243555,0.2294620923939862,0.36957903221740507,0.11058580233031963
cust_cf74c832,0.5346684246131526,0.7653683420003344,0.35110937349622345,0.0981052372729974,0.6393500379298355,9500.0496214316,0.2765288911541023,0.7475878510623788,0.11401325163058469,0.45317721973511477,0.287847284592011
cust_e45d8068,0.8886091183060499,0.7407586623696781,0.35312785924076007,0.27097048259193957,0.17010934971497313,7553.946621925369,0.6585255144226864,0.4509854528167036,0.24369979549673268,0.6752990013109893,0.16069180714168146
cust_63ca4422,0.6527019070856684,0.12890413063998082,0.5747493219634681,0.23755317321025035,0.10053422073075337,54462.58635369273,0.2747703477165812,0.6063655723603566,0.21567247099391607,0.004813802930644645,0.7653556131815142
cust_7375352d,0.6848745435065323,0.19693610110427437,0.7781327816263035,0.436239553463568,0.13159138627181513,32107.12188781781,0.1560854621851797,0.6798536397834837,0.32741350277282555,0.14400431483968554,0.060447367223211965
cust_6a2970d5,0.6409801937160766,0.20305636711511352,0.2337067076900007,0.41465277644242704,0.2797442633155198,16942.256129588983,0.16773779108033748,0.6955761337578406,0.18875096163523752,0.09579081832776569,0.20769586571475734
cust_a4c16b1c,0.7448970784495886,0.5060735816481857,0.3971103020805938,0.11641969222708347,0.47854591156750464,1152464.6205205382,0.5424685543122848,0.5830516286812638,0.2398850891488501,0.20109223751180297,0.6247643506052953
cust_076b646c,0.6315553013839594,0.6061999935967537,0.821275484348679,0.17852973647547904,0.22249133240391766,72004.50585960304,0.6464338184556264,0.44468690962884105,0.515304744342747,0.3640655276286298,0.5211996420338247
cust_649aa1d9,0.7500755209362235,0.559895647771801,0.44669950992873564,0.18011017865124973,0.23062551055750533,4513.069491645059,0.6807167226945051,0.4842682820042657,0.144702934342449,0.11352906301286368,0.07904945611788404
cust_b6bf5b3b,0.9956836706062978,0.5635428260287408,0.021947141838381073,0.16295468876026306,0.07976837081447359,5787.793717403695,0.20568742185271716,0.3578587157062015,0.0054448040672915535,0.30875785512464315,0.2924660961027812
cust_6fe34d21,0.8440795474040147,0.30367129660815045,0.3029391628346561,0.4144564274136966,0.20549493983370706,20243.260159269845,0.5415664223885225,0.6832038628522475,0.10166185348091883,0.057915661480916376,0.42942810382797486
cust_84ba7faa,0.49028844175085157,0.7558099927533368,0.2292674221183913,0.24435086075951643,0.25530218248859354,2438.093308210166,0.4961030734259936,0.7543694263045975,0.1219012988771675,0.20669116502686724,0.11373073376726409
cust_8d78ef0c,0.4671873391832782,0.5534357210342685,0.564846123922307,0.2355341532134273,0.13818073505827658,60620.708323287356,0.3646542648154106,0.8729247661289056,0.37464221192415653,0.39137152601780356,0.557525526616717
cust_5c7d3fdc,0.48644016407101426,0.3901462069071851,0.7478681577513907,0.25287280520587474,0.1448330115161659,126761.68214499342,0.34138510281079143,0.540080033218878,0.4971645022720505,0.04672133198240429,0.7776644895588547
cust_43460c2e,0.8181217017043652,0.4130261117166199,0.43392934602462085,0.19484803197878062,0.16281548214084315,12321.341562882273,0.30421680299176956,0.4788945435213925,0.16108846222499523,0.37517755298928046,0.4784411502085966
cust_233f5f17,0.7316745349356563,0.6895134853235215,0.5509623537227397,0.21348152745318252,0.23452756277446307,50627.92343657656,0.05145338957703985,0.47138315008577897,0.22435718876575245,0.2518560149753879,0.5528945940297981
cust_8ac472a4,0.8472969717713632,0.7364425475113903,0.39793510291800066,0.20721831487896905,0.6068756556025792,38908.777318766945,0.17507919211312775,0.19885177649502722,0.1252123652392478,0.5593995515243657,0.24236654563392185
cust_715ed37a,0.9289988756577124,0.618371450364105,0.4411216787908612,0.6255076954337927,0.3574126321681996,24353.2065790447,0.3961752354374465,0.8842533484614546,0.2625519662519227,0.5725281453000068,0.17455427622915104
cust_67625feb,0.866963656284828,0.23768669155544608,0.19411198940858443,0.11679390668115423,0.5008597029680935,1836.2865080439053,0.40795122941649603,0.39843051784612443,0.13315638532290203,0.10218856460438604,0.28318466978764484
cust_c87e9ba9,0.9201221312737717,0.30937951043350154,0.2590406393941085,0.14187133163400134,0.4663987507633322,52238.19201775038,0.4982026026126337,0.6970748182464759,0.19427998226438237,0.10699510680572473,0.9062083279455366
cust_01f1e45e,0.6651512256941102,0.4608342077382944,0.5063897675601776,0.708786500310129,0.17750561406098395,12264.099184401735,0.571973968739396,0.28973674915027864,0.18216034922634342,0.41648261219010585,0.04392606364043943
cust_7faecbd6,0.5658435842919302,0.5377465591290111,0.42402992618996227,0.11872313996496568,0.5644354746405413,15025.097218423798,0.5213425230183935,0.09544268704049402,0.3866017177599146,0.45585749115946966,0.23221022026951701
cust_f440083c,0.7567483085358712,0.09914397670853188,0.3796448443117767,0.2322773011872102,0.08613132931946194,200001.67725802603,0.052613845105310884,0.14311395842076094,0.23568834853999396,0.058503259914005346,0.8476929236600639
cust_5abd9d19,0.8365063196931402,0.3756646558069067,0.7876529723157599,0.3198846288005989,0.3211183091677956,105339.61430491379,0.2977523278526272,0.6176114794298329,0.7181637852621711,0.22247945072489955,0.6002632269811713
cust_d0191967,0.7812895403748094,0.0811557524048058,0.10819040355016739,0.1094476279998512,0.8505841100794184,40364.749033487176,0.19301220042027106,0.19951238489156126,0.09604919711306509,0.022844337796395216,0.11711581155588313
cust_5b7028c8,0.4605456270209001,0.23760236604422713,0.6772106929470074,0.1994915397110174,0.24695835864492474,1950.896189133284,0.10156659751498882,0.3610313372334145,0.4008238073327409,0.03543094166666122,0.12850299632493511
cust_39b30303,0.8600934541766811,0.5614286566115095,0.2997661580449591,0.16900631336411623,0.2840065260095257,47667.816007370006,0.5693035916903864,0.2915936810257298,0.1451004389835196,0.4349845166870921,0.07149349650178975
cust_85d6bb29,0.8019523339841715,0.8066042631125363,0.11417807982042764,0.4068102611975583,0.4027006788756012,263070.0616713866,0.3340024683494303,0.43117250910827937,0.08047086392285127,0.6055717105480528,0.8615566276269929
cust_d3d7ff3d,0.8177026137763242,0.3224472275642681,0.20756708481581534,0.1942227442179808,0.3167506266041737,23430.054179579558,0.5188924855295071,0.6986444904858693,0.14406134493548126,0.13343732377379403,0.3199557373672374
cust_650b4208,0.6517380422307363,0.43746850308267293,0.7129994576490402,0.4206677802502951,0.5556657504710613,26785.52336671958,0.36632538026133166,0.8274643687042277,0.5730419782687315,0.35179063403773786,0.08421093739674418
cust_f59b1d7e,0.9308036592280485,0.6074384624064881,0.3065583599214693,0.44632348926620075,0.5184982928703631,30433.40157988681,0.2972890418524248,0.2806805826946215,0.2141102313132469,0.4970615399220196,0.3470724141479387
cust_cc2929cf,0.6948046015359102,0.3963521315836253,0.6453849386232368,0.7880875480291127,0.4052901335417661,1985.7943393529547,0.2029957674444292,0.2533915448274906,0.5606804052320875,0.21205884322902124,0.07017957285282195
cust_57a755d0,0.43817952168302815,0.7033477401178868,0.4454117668430165,0.4360208954566366,0.059540186351593125,7049.26163597264,0.27617284831428895,0.3821781829512213,0.303490822755527,0.5061741510319552,0.12712960995098768
cust_94191e31,0.7766437098789889,0.1265676424659213,0.28335488392459063,0.15319076272033533,0.09462937428684824,28700.845930903753,0.2079718582540137,0.4962643891628905,0.19600342281246574,0.07278198951303738,0.23795934060927013
cust_aa729422,0.7389612564931057,0.9383311796823451,0.36294629808495804,0.1133286801968359,0.2899939758071315,328592.97624995076,0.3813257165619036,0.4751417623963497,0.31644004955155425,0.2527890396323619,0.4952163249668241
cust_abba4c0a,0.7227413486839149,0.6330793031725781,0.3665161205330588,0.30854322016157426,0.5300458071296169,10170.41099635415,0.5044216265971815,0.4021599786033741,0.26739200280701236,0.12060638250892612,0.0009411271820570079
cust_ffb1f087,0.7916624177720183,0.38095672401576197,0.4051023628212145,0.1761393320717617,0.1166855835041944,44291.49606847938,0.5189161817780659,0.4688555055106676,0.15708486306105204,0.24787257896715312,0.06120815292189136
cust_089c9aa5,0.8476415070469526,0.46259526472545964,0.3601705609651182,0.1554293841716491,0.3336853242688882,256509.50820041585,0.2626845054331696,0.6303152631535524,0.11626897337293694,0.28602832368123854,0.7756221744766106
cust_bde9e5be,0.578201564148888,0.4364492313130446,0.29785950948272233,0.2268747751773383,0.8039212300950832,74998.57825081913,0.2995948380306396,0.29295392256379654,0.2648782315973639,0.31010123809889306,0.296867733386345
cust_faa2d1ab,0.5360225159366635,0.5567203061402793,0.3791401034743376,0.2535235009985422,0.24769667373949675,63547.558977019,0.3718982292501104,0.5539061798584424,0.25308709880323305,0.3433280386444096,0.5419030171513042
cust_9b2de288,0.6916055534852498,0.46552481837879583,0.6241024673181369,0.25322239016678644,0.16228626192429574,44650.11349845766,0.4194758249506936,0.870154457234545,0.23055368791641012,0.049360289911123845,0.24975695261244707
cust_a1070c92,0.7135918040852396,0.4769809535629144,0.2805545001931332,0.08201295974950444,0.19627073455930186,61690.31848473185,0.5778627697769522,0.7391902444383368,0.0804582106456879,0.13105409332797532,0.6275292434169734
cust_66b99ceb,0.569983830367393,0.3968227928544507,0.32187897155395656,0.29454999001098703,0.4007472850934793,64259.62915919604,0.30902734599465664,0.6172566883132127,0.17795111106153466,0.09123581505204635,0.8275505253863711
cust_18e13708,0.86957039195362,0.803333543009026,0.5495629526214764,0.4191852443062581,0.32070283281086176,12186.674733220656,0.23168613697487256,0.7679206389051118,0.4515519702469394,0.40051999810513156,0.0541364852375499
cust_e5fc8c14,0.586876829063869,0.627145290513066,0.21170121405831605,0.14282952663732862,0.2128187832981993,72428.96061748537,0.41871195771220837,0.47506042005041027,0.16261189789328542,0.42869460402121456,0.4849963008682075
cust_2c5ad4db,0.8261358453572366,0.10611061792492764,0.24717020406821252,0.451151956249583,0.5015168596676362,5783.048708953445,0.09114971739836801,0.36362849728045515,0.07373648027473302,0.08791089544688414,0.2766294897443559
cust_c24690bf,0.8312379091601374,0.5982891712824904,0.2611124290805041,0.4698226192730102,0.4448303464133188,122529.39238448636,0.25920760576823737,0.5390745911919463,0.17207937530698061,0.08021904439790001,0.29225502737162085
cust_6b921834,0.9499099147182664,0.9153193218733705,0.4844892843208292,0.29537736696642514,0.5397444528677725,9111.986699639583,0.6295503162474624,0.41005424206367463,0.2988861090195746,0.653210742230989,0.14164737359626636
cust_34ca9f00,0.8609096186761871,0.7353266178575745,0.5057759442875032,0.2210183330545561,0.22852926007694244,2696.7568871106046,0.24697925951858057,0.6329749467660719,0.45797752400107894,0.19088609874602794,0.13471952613194732
cust_8baa4578,0.7958681317990932,0.7060346517577687,0.23408407955274874,0.5786717819183285,0.11583926503929336,1881.3591435105648,0.04038073386201231,0.22131732741855126,0.1882215561120296,0.4640962464967753,0.09425965324596963
cust_9da9ca8c,0.6247011818522203,0.4728921709187166,0.7095906674491035,0.04124146278146071,0.2354530651370924,106147.3153641887,0.3905719371052111,0.0898232172464654,0.47258716932033557,0.057678408389277555,0.8826103532870504
cust_27036322,0.7531543346622717,0.2834225331145239,0.5241166835590302,0.5167318408717337,0.3984394123425827,7822.7385065836415,0.15297748605477343,0.35766341632157217,0.18092512122949467,0.1304371144571872,0.30123939760962387
cust_fc9ef946,0.8401263407617094,0.2816476715399772,0.23101721970521485,0.07161487362485601,0.6516973723113201,16911.838447216163,0.09704399615794765,0.1475360006189894,0.118247852076448,0.23298354616974973,0.1452682731075084
cust_d8e3f27f,0.966910662439096,0.3731673882523089,0.07989438800903996,0.13520948459336982,0.06864105951001323,11313.54145874496,0.21240958412698027,0.6473934742834311,0.04893364894473454,0.0640742734139731,0.15979942493303997
cust_d6cbe682,0.7549902211185652,0.5997267392346731,0.7184975304336414,0.26384807098610474,0.7506915285541965,76174.16653856609,0.5557115547732883,0.3073218458641668,0.4475225895304872,0.31346741828571406,0.8389459922493826
cust_27f513cc,0.7385618353596174,0.5875957529061091,0.4149446006359556,0.5165698928841123,0.18968761251565106,96998.23219820035,0.23755404993826457,0.8451487633085059,0.2404342286145016,0.2745333535229926,0.5800706491577186
cust_8f8cb0dd,0.7030242540942564,0.5584524117903791,0.5459903588913081,0.4523015471593499,0.24296709373449565,3627.512260071749,0.18604275513609356,0.8606267934805514,0.2515409748584391,0.04679308889186884,0.015320878121540947
cust_57435673,0.6499808146923901,0.48363346926691575,0.7990873379468346,0.02842617500632185,0.4658424541979418,753.2023153030875,0.07424537058970702,0.4273736192418461,0.47832590818464166,0.358180955835026,0.07440626027554707
cust_4b358c81,0.9535822246979168,0.4647942435114812,0.0936693000178777,0.41207042413289807,0.40533412161898885,44966.28840850898,0.3333337771561194,0.3733591468506049,0.07871972936314188,0.2314485659636413,0.0441373881332752
cust_14522b2e,0.5713056374606004,0.6087389413447615,0.25811100208099946,0.061631770650881615,0.037336333025717094,40302.5825273212,0.854710740178222,0.7757667315705702,0.19905228010057782,0.2530413605588908,0.13468763557246446
cust_48fdd733,0.9916322640539789,0.45837441046250443,0.5769936797361447,0.22036172062152526,0.14128229515205695,10111.94737735076,0.5926953602334634,0.4732219201408175,0.2573203489269857,0.02398985795257361,0.19795061653682466
cust_12c605fc,0.8289217909733402,0.5514148214158147,0.40787188242881306,0.38733642113756167,0.1804949982493121,34013.334333224244,0.31624867475491786,0.7213836593499495,0.16705332961188366,0.3601340142580557,0.027357652980338786
cust_0e793f0b,0.7054990600501589,0.38513448453437016,0.05527889223037761,0.3909281968997759,0.10254467841283271,16344.244379590775,0.7709092177877621,0.5510789923462998,0.026294960367228087,0.3427851493867545,0.2790535550037312
cust_e8324d74,0.5499143224829544,0.7296093302364872,0.432840620011204,0.23345938700282234,0.17196515395377207,11851.967851015348,0.14575688659342495,0.2855593607655405,0.31322211466762745,0.7149549634475945,0.23614101147245387
cust_c0ed6948,0.8596576142846567,0.7494547742888109,0.5023413817837002,0.349318983734659,0.4617710380614569,7730.16808019087,0.3222685910648671,0.31499627666260893,0.22723773799534214,0.37939642399940643,0.18376645915974155
cust_aae5a9a5,0.7854284239571906,0.22267097373649108,0.7272985192823906,0.5035448898922019,0.3759709754420945,15782.640272997674,0.24864143056713633,0.22266274032145514,0.48955751263468716,0.03720730137979901,0.2890822758611814
cust_0053fc82,0.6013738612039845,0.13974784217892738,0.44415249977590343,0.17988164274151858,0.16338521510816256,3953.942428670504,0.3950410479077164,0.3311270321694108,0.274061700076614,0.11410946823900486,0.08332133241922031
cust_36d0a446,0.6525640645901954,0.36019889031927965,0.8670101106364777,0.28823744805016066,0.42214713847119645,6259.119697842757,0.6211829319468799,0.9379581332141765,0.40770866930248434,0.15571098105359768,0.32472509565473395
cust_edf26ea8,0.8120261383825074,0.5794703078952264,0.33666238498830375,0.315381028621902,0.39859518409803074,7527.962232986115,0.6547258371403042,0.1691270692275723,0.14943796065516668,0.18663639606587604,0.14477831513717007
cust_afad47db,0.7321383353980951,0.6587329501352804,0.19044923624937982,0.19060026125813442,0.5628826227756553,23340.949069152735,0.32852700460664075,0.34220272617713854,0.15303399634110904,0.5662067891977798,0.10192412324881231
cust_e1412617,0.942901920437794,0.6528806166357587,0.6045157950567711,0.1834629877591511,0.19425083631448742,60599.10353028165,0.22227363962126742,0.44334690326555154,0.5872037154547223,0.26271162637007744,0.7558917348533614
cust_01fa5504,0.30278177669403894,0.290098546135285,0.5306402179203416,0.33408426022157783,0.35139692563664005,18708.328479146123,0.5884368381339508,0.220473707988772,0.39780369876846944,0.1995037188200589,0.031067321472037678
cust_b7d73090,0.6136510317605274,0.6997785837061652,0.9471388949940281,0.2701866559806276,0.2315311618500352,6807.212293930142,0.2169073308906854,0.48653448004619315,0.6540745700579959,0.22096574621325885,0.2408852807903085
cust_89f8c1f8,0.7718401132697267,0.5333885519121621,0.1705055358069401,0.19551862314845525,0.26536131571434735,152795.17474356643,0.4218082539877343,0.6975852866032195,0.10288778993536017,0.32561790041706373,0.3824326872033704
cust_5dcbddbe,0.814401828597255,0.849023529761701,0.27521853631485527,0.4192877880651486,0.29878694625334173,14398.120817125302,0.19881301414587918,0.7189472756668134,0.22333898919345335,0.5385000719810186,0.28032402094659775
cust_a3fd0a26,0.7906864390990175,0.5596006533711704,0.1700540256324394,0.11418785396244133,0.19638638688014665,18497.608504554963,0.30954010016797484,0.2232719526060756,0.09162047015584897,0.2470938221931848,0.051318543462696736
cust_5fbf3169,0.838035680830484,0.33628581144594816,0.2044519790054284,0.6119616948191594,0.09684424703317542,5887.74610701143,0.3792363631484814,0.31301644901300363,0.19382862576676163,0.3062995856751545,0.32541467913998195
cust_076e9946,0.8097025949567768,0.7873164954870205,0.6658953631862927,0.07355256020718623,0.06500446129266163,5819.172703518873,0.15169859633627017,0.704861577987735,0.5478505836361397,0.336561386412896,0.15479002708122178
cust_4c844d8e,0.7624868356723419,0.43251434661825955,0.31777386907945526,0.1189268821454128,0.2568271758781877,50455.43959114491,0.31571714933141315,0.5254150885699442,0.22056449715774662,0.29751840724048906,0.7109774759604873
cust_aac534ae,0.6081855526256953,0.6918535120793574,0.1747144170258685,0.4447212733832998,0.7647204310863809,16895.827251541636,0.315925433687321,0.464317450424439,0.04654317866049769,0.36615033995343965,0.01164466673362249
cust_1ec70027,0.7658423809780548,0.4706843149765906,0.25295293882643477,0.5408684681618693,0.2126641464013986,2259.201602940504,0.3538478023439548,0.26189558211619823,0.13129729633568293,0.36156738424028767,0.06773697457868719
cust_6801543d,0.8762159625881919,0.7482684426639957,0.028237248612004343,0.34686111595985364,0.2946735688621792,71412.68624872003,0.36241349848339866,0.5397034954787059,0.017962020236976253,0.46617577411929395,0.2805275800566991
cust_5115d17f,0.8320512108246236,0.5842802501887443,0.5734778003617894,0.11656795409013221,0.4405944415814871,17564.615960685165,0.1716053395575384,0.5381205672618194,0.48827022509967627,0.11830086914423539,0.07459886561992449
cust_b154bffd,0.6458124738498842,0.5730944407135068,0.5160842053789214,0.10831528977633624,0.46294828510611463,7340.946237267581,0.16957119175284271,0.6209816509980948,0.49129068000309284,0.48171526725059355,0.05897512474544223
cust_8a1b60e3,0.8852182795331465,0.6248714893666738,0.64502938183686,0.2730115213459449,0.17277534606176298,35807.18919088205,0.26636650709134146,0.506547053655171,0.5402490310956679,0.566657573659456,0.5788952577136803
cust_5eabdd59,0.8778312041583216,0.4739954656038046,0.12064046300179714,0.050696548912122885,0.33357111137482603,16327.83781378622,0.09485242545206701,0.5411001562551191,0.10643550674880597,0.25780086744133773,0.15117926701503992
cust_8f395e30,0.7422513788935217,0.2396138883869139,0.31132147425277934,0.09946629779247755,0.24126958366925538,24434.334775930147,0.27355106844823734,0.6250042856142397,0.21538239191359226,0.15402132491726406,0.30893837207823316
cust_46e62c1c,0.7604736479919154,0.6777993128708102,0.41692383205105116,0.10180273626823379,0.35639477777109435,7314.535449000363,0.4062765014364586,0.46023627118413857,0.2801972166870904,0.0872519455376794,0.272162461911005
cust_8211f92d,0.507186595814082,0.36178341231233946,0.30811769017214063,0.42089812270983323,0.2404654607444132,10949.879574827668,0.20688957807292313,0.32309168325942994,0.17946089793006353,0.05448882747023945,0.11675767145564826
cust_bfe41c95,0.7888314267870237,0.23795394899883074,0.1654578768087932,0.22875973864417443,0.23612032276353545,21497.72735860317,0.7674039366348931,0.6528357168432698,0.0380146282600785,0.09850057312869905,0.1442667246001999
cust_78c7b099,0.9371239003058995,0.6637653046792055,0.13232951573675242,0.47172799921881803,0.5312501789226928,61503.14430300552,0.11587245584134685,0.7549588162670883,0.07351472826975841,0.23991293983437412,0.9633226212991519
cust_14d634e7,0.6354905854952816,0.09704969912265601,0.11805007017884298,0.46620650608114717,0.33857615360870397,49584.471631099674,0.05899056113410832,0.31560668235824435,0.04380575471293303,0.011555315706803109,0.30666040141706835
cust_19407932,0.7999192620698945,0.13887994739847562,0.46444880143852985,0.06154852301508308,0.2889857483349856,26716.8894365427,0.35446541541461307,0.7276639242045838,0.42276999981003216,0.11395474936668487,0.0012576465590644129
cust_d6998393,0.6503132524171312,0.16306996008248495,0.5978658062031615,0.5305220545674254,0.7595792590505293,3390.8537100960216,0.3042215798682625,0.31202456480117274,0.24622894068158668,0.07207957899831365,0.04577218434186899
cust_6b0aae3c,0.6340768098585217,0.5199809955396284,0.38369256724322703,0.34143011930528844,0.38802569210981547,7242.248052545862,0.22553233175917972,0.1369075260565938,0.16081431346085087,0.18957276610598478,0.14449403066651156
cust_cf1d76be,0.6185907260678071,0.8951975141670031,0.21727487457242323,0.26486714989025745,0.12164206503777349,29925.026233741,0.3492797700639294,0.5228991744718101,0.16615513467711746,0.7078409522794125,0.04069180092314414
cust_3c8f5d20,0.6558286479427031,0.5109675101543928,0.4791520386460823,0.21078187715599075,0.7428872521127141,77869.2865506642,0.37545850377205336,0.743537815706914,0.40187264954496243,0.03674777475725732,0.9262453407087925
cust_fc2b01a2,0.8515766501470768,0.46717082288199036,0.48003967956363114,0.21806389734814166,0.5399369548535234,3014.781274189905,0.4715346881346438,0.7353226797600058,0.3568229059652593,0.26731610640192566,0.03292870353273463
cust_d36e9163,0.6338391794184841,0.4562828051708252,0.8302864135114555,0.1853048043483881,0.19906692405013335,18309.822127718377,0.24140225128799334,0.4710056883732558,0.4676837693792264,0.16686180143750462,0.05114600150394713
cust_45ce1543,0.8722710416177861,0.32169869885990143,0.8788620495014211,0.10621293993083049,0.5472096867238411,16065.540187221548,0.35178362439559546,0.25071194611466097,0.726562344779329,0.13866811008534413,0.13057489123721147
cust_d4869e10,0.6272793685662831,0.10913656296097476,0.5697890557994164,0.2922413735012464,0.047625208828648326,109757.83380399426,0.4872097602055929,0.36043042343512033,0.489123386999371,0.08471688097191785,0.885228934347358
cust_3bf6d6aa,0.8764361958809265,0.3133838196264687,0.05252957125458839,0.3374688662278093,0.40969825319160086,14834.808458264972,0.29606388622463026,0.06992567327777723,0.03861946624460509,0.18115061484779474,0.11653611422866662
cust_9fa3856d,0.8782450277341963,0.18596834526357034,0.3972339919930665,0.37086364191130056,0.42743563503942983,95041.25101042369,0.579612156488402,0.6985026086676184,0.3000588576182467,0.06677855770081215,0.48372178837935464
cust_91ebaa6e,0.7405809460503784,0.6995690647451751,0.7949576034022628,0.07427866996194595,0.17815085425912333,74373.53540438344,0.3565283548614169,0.5507583149587851,0.46855965309197173,0.30779108373517605,0.8420699183051977
cust_1cc9cf56,0.6576679262987747,0.23446456955470873,0.24639069866150393,0.23175109758341914,0.4973958145927059,3276.497478359457,0.6673028977901455,0.5668300424820375,0.24301797722562204,0.08124217302131918,0.4318728588052749
cust_813ba4fd,0.7152615390293585,0.6999748258376084,0.6616834311905044,0.06088819677949665,0.5240053131200126,906719.0880289125,0.4664560676197038,0.3502446772241746,0.3530437347579145,0.38545920645692133,0.8938796677565397
cust_947668bf,0.8424714676663424,0.5596063445526958,0.15707723250216785,0.42530817073712185,0.6124125356156085,25053.69619291051,0.1435022059931627,0.5391731360759132,0.05728932448102054,0.3926326660728188,0.2514021672261124
cust_53fbe625,0.9165853401369937,0.47371988408730403,0.3182573821866985,0.20281099125469337,0.6287571969350235,185176.99930742136,0.28342024735184157,0.6546090923736547,0.22877325011167218,0.23005750659271915,0.3998527133982385
cust_5d892552,0.8617832007525964,0.7205529746769314,0.17038138570319045,0.19080518690240653,0.19203716219393543,72135.30004407586,0.021136408564843306,0.6787557166086982,0.15397765309782024,0.4627503981446199,0.7471576286378863
cust_dda72770,0.9262719158810955,0.34904749423694587,0.32779469101273867,0.30945303085580966,0.27640678384155093,18320.396647395854,0.11182242898661925,0.6360473475372083,0.24180018134170936,0.1600925615477128,0.16925577627705007
cust_af8a8223,0.8139577842693598,0.2018734385609958,0.4608289697264923,0.355528194980385,0.059365949925035987,34837.210865562054,0.34383036640809583,0.5843269487452644,0.2531071947857162,0.18760033748748137,0.25323109279963796
cust_0c6c0219,0.6028574347523502,0.3481340384226712,0.29528801781828046,0.2310602274582903,0.5015043115483508,84111.62636143387,0.4653153312302026,0.5426473547744561,0.2719629441827117,0.1420108140668177,0.6073058512633387
cust_8491140c,0.5168037723005047,0.16606382821965154,0.6825326379705561,0.3794132230192948,0.15026203865132218,24606.78601895635,0.4809282133685853,0.19846045223195133,0.4427317317654689,0.10006795463607995,0.19788766681038744
cust_bd99c249,0.5285220697251264,0.2772046250387705,0.46031567039237453,0.26302536270516347,0.06035690084881129,26136.699432040405,0.3760537236253354,0.4289131417990991,0.1329007783263898,0.14063074994710362,0.7011061750944321
cust_d1986ff0,0.7277294233484813,0.5968059865246105,0.750881125549386,0.13380961218659923,0.2089172453385833,132984.00393585337,0.23114493569171984,0.6519677772806157,0.7356723525621274,0.11722515183607381,0.6618060699738212
cust_3486065f,0.6279923480145893,0.5573357961720846,0.5019732482325304,0.2402466000401175,0.5782709870994984,8077.829555858573,0.44804270486380976,0.09173533463113047,0.42103885438738003,0.3196454296271814,0.13584189788469114
cust_b8eb99fc,0.7963624811373875,0.44790582660986117,0.46813267490513955,0.0726293971823678,0.5701184059402636,41093.99801452104,0.23655002930029959,0.17026142906970657,0.3436634666421665,0.13755155506065828,0.014560930230155486
cust_2e342954,0.8782319574940713,0.6961815266671818,0.29524912618814614,0.32872052502796295,0.5193555841787361,193056.9485151781,0.3606317916203012,0.1689930773383415,0.23202812487185692,0.37378928921719357,0.6958679457609178
cust_b5a81811,0.7600118717598984,0.7718814850190171,0.41699646575181537,0.05818844064206392,0.5792022267553013,10041.755287688793,0.30159291562481483,0.7104352585413706,0.2367622133915658,0.5537807352079545,0.29748222308509187
cust_14217135,0.8003613384210134,0.3731207066543911,0.6282352769428101,0.21137530238810226,0.5061528060118057,6017.541277607073,0.32704940365643653,0.25019847047115334,0.5951370349152392,0.08140266639607473,0.1975756144289861
cust_1c89f5bd,0.6441934069065343,0.3178930482031078,0.2765671070975581,0.49218095974778364,0.15641886645745023,8628.011134885506,0.5342423528410317,0.6101742399473239,0.11887157967273296,0.10310792084488377,0.14375894784104834
cust_d8230e67,0.5636105639515663,0.7522412170134671,0.27162558778089846,0.15464611954187923,0.5679776452080255,4328.157630330993,0.3923963407684727,0.5899673463177035,0.12686049888977177,0.2560383922545529,0.31690667607844936
cust_617f6049,0.6275374346822797,0.6091363345263376,0.6438268000441456,0.08624588735277355,0.24108928735859278,850.8591818448622,0.03490774494799895,0.5346923686994256,0.2789112635127268,0.37977082374035354,0.1476581627607811
cust_7434ca8d,0.6573746793821134,0.5495310297399553,0.08659802714058078,0.38494064924340915,0.4897506714095224,23429.312838968806,0.5284773604209799,0.7252881797962845,0.06009111610128634,0.3663521739071733,0.2848448774269189
cust_de5f2a4c,0.9111526005161569,0.6514931071851472,0.19628019739672328,0.2329598403011638,0.24661432960106497,13981.755904529822,0.4235811777242513,0.4239380981687468,0.16971009642046778,0.35805668628029025,0.06031158095586863
cust_7f4b7a1b,0.6628038199338636,0.25236419666201876,0.6444086133751625,0.3202452531025622,0.12868418789845068,3612.601643054795,0.41164705985137134,0.36368200712897697,0.3814370397273434,0.15183752177228096,0.18816077000528614
cust_d5a02673,0.5946400413509237,0.39971423267314404,0.4606542835763272,0.3244503894807759,0.2112300301678352,7599.8104127775605,0.16656757837460473,0.6598014579696652,0.23756187439328724,0.2521713654118918,0.2974978989605155
cust_c9a92893,0.7115583476002123,0.2239027824056922,0.3246502485825166,0.33101756845299907,0.22457775456508405,26223.11657714778,0.411752257617768,0.31660862983683397,0.09468122371132319,0.053700781335707076,0.24335406702661666
cust_39af15b9,0.43176347112710556,0.7880794078001326,0.4397169124714222,0.0031959471863869764,0.3095127032596436,57248.29896143965,0.3304205602525045,0.23102103142168567,0.15195329649316247,0.6366766434779147,0.9042448121487128
cust_56570819,0.7600817115668825,0.5239671549540595,0.37365744382357524,0.4036048749519582,0.4153368636252481,14475.21022009692,0.6636818748842319,0.38220307372381096,0.22943528143814704,0.151210640483848,0.32484586298566354
cust_2c6c1613,0.7824213463761639,0.35422524486499707,0.5386065677272759,0.33128776348464345,0.1945368417879769,35748.11104601776,0.578683856857907,0.2857925738086854,0.3610878968063247,0.09972662290608021,0.08807691967195058
cust_f948e57c,0.7871621454369693,0.08186930992163843,0.709041382747991,0.20682361389184245,0.3144977632468866,60846.12537289651,0.46418491347166685,0.666619761373406,0.5090198312435531,0.03665470090890056,0.4597328722785249
cust_345437f2,0.8218087609029077,0.7368899718498922,0.42057816078541077,0.30218602180015713,0.2949001172870493,107544.82781071318,0.4077551968579256,0.3382189120157519,0.17094184815946986,0.4095308350631196,0.8849289463340875
cust_950cd031,0.7353609312616297,0.24423884180633507,0.6653150226488621,0.18724414177463683,0.2916035098391393,2921.955457566419,0.27653010989581456,0.5053683190902681,0.21794787171043134,0.1377076278215781,0.19711709967884716
cust_3e867ccb,0.9331664618285311,0.6507724533054481,0.7004555017142514,0.6598544949062585,0.15622957359459258,181269.96208990857,0.33743824116684706,0.45278717326893847,0.6325768974715011,0.4001589882225984,0.9335767744958705
cust_8a29bf71,0.5515394399892872,0.37154521676082697,0.28866327015889487,0.489285956653775,0.2893043694823276,28148.33739774153,0.24913664271374358,0.22276874227627635,0.22709613612646026,0.22342519014280357,0.08631785949599871
cust_2c09a935,0.8835280150402011,0.4163071192630045,0.7895848493739143,0.31751029832077293,0.10496663141260797,3486.0779355572536,0.4527156294707763,0.5380628504709376,0.46940984432497374,0.09139964432820769,0.19799988563050272
cust_5fe6847b,0.6066996865417703,0.5100576494566076,0.21182545813689188,0.303481295702375,0.12842820706636743,31530.764460286504,0.33061224158887437,0.06578485939588528,0.15645712377295645,0.306128088096425,0.1362751491376562
cust_096c505a,0.8180329796616483,0.418748962150015,0.3190192916367344,0.20253357065421854,0.16871669789641452,7089.120554213341,0.4455320864499324,0.6437190819218043,0.2728115866415664,0.25002646782296273,0.03489088020608019
cust_3b429e94,0.5699019594784305,0.6993350600187161,0.11950779152777843,0.20163172485013717,0.5942599086639616,3607.3570260634724,0.2479606819290754,0.4025600800150062,0.042234411475836786,0.0691595602539672,0.29153410971509713
cust_78524239,0.7644477571077402,0.5718665259750377,0.2773065177012078,0.46918532856577144,0.4190323979670259,1893.3537968891678,0.6327545304213618,0.21036469731187457,0.11984110535653801,0.06784002654900435,0.12465468183444166
cust_ef8e135c,0.6761696973909562,0.6671942772547447,0.4163221573262992,0.4725464574520616,0.11606602355374827,506381.6229086739,0.12884226663795262,0.649745775009967,0.1924219677460597,0.23134527296783325,0.42510248969228287
cust_12ae4d20,0.6666539461704555,0.7412932895244113,0.1509728192246869,0.551244362810872,0.4753713326872526,56785.91262254112,0.4165141824437195,0.5150181307193618,0.14064088502447972,0.3396944111812468,0.40151337394510384
cust_714a4779,0.9470017172400467,0.6450558043393515,0.11182050847329426,0.22353246491015194,0.19543697029588075,17792.576573894334,0.03543380516218193,0.9529614511269181,0.05516301618925665,0.458907383893941,0.036707702081940796
cust_12cf3e98,0.840471325232097,0.4323961061997614,0.30817277740210886,0.3520337084102024,0.11742519345767732,77654.42207934792,0.43861704969623594,0.4940860134250667,0.18544705547608986,0.2699827421588351,0.6517923936025677
cust_f984b70a,0.9146550311517995,0.132345136870558,0.6604172620217078,0.18091439200105605,0.701927289588806,39392.89771802132,0.4218301951006586,0.15533593143544944,0.14015525062785258,0.03451427117576231,0.044761728512678324
cust_f7a9b132,0.6997441347502438,0.20675985900767127,0.8254596846734861,0.15917002918651862,0.5532085703538568,49358.21329345731,0.28555253957800075,0.4558090392098502,0.5245219807499253,0.08149192712479666,0.10253660029773787
cust_5df9fb9c,0.8918904487878343,0.36503341916222554,0.12854612670587096,0.31664347942178817,0.6708236820852924,435778.9995347197,0.34833070906147173,0.18770836417957312,0.11367507395849655,0.24290536608472818,0.8470791949360968
cust_61e192c6,0.7608248977356374,0.5138776017210536,0.3922054386183025,0.10940006600225924,0.16425690696791304,1369.3612086706826,0.3862048782737881,0.5418509000129061,0.08618462746932326,0.3090438952488404,0.02033940838503054
cust_9592501e,0.667939026152483,0.597270546853505,0.7316012540349484,0.31851246931460914,0.36611694273413325,86037.26273848623,0.6066265686887108,0.559237395316353,0.638798537748572,0.4070735120108083,0.27595445333327945
cust_fc1a7ec5,0.9496495979310529,0.829797653182821,0.2879747694060081,0.21157751313344328,0.36932416041679145,27970.371369354605,0.18006530197459006,0.4935726681177752,0.1412877429831497,0.39425916615095846,0.0006344483020057347
cust_44b5c5f4,0.8182412931644931,0.5524322152879991,0.2818195865494386,0.39746269790213096,0.20969411592047485,39670.016636703964,0.4079057808606025,0.5258648200593933,0.10214333882897647,0.12928952433187196,0.3349090535145355
cust_e5b42f48,0.8295339654424813,0.19272431414979346,0.17420483269820417,0.11000735548059638,0.30705753589538004,1585.2086468668635,0.4834364777645964,0.2942649163762306,0.06283656999259277,0.14362190447451467,0.07458650506009633
cust_a190bba7,0.6142762738292363,0.542064720160561,0.6413889548431146,0.3936488378173652,0.5588836443056823,8644.598618113836,0.11993176129329858,0.6749226093325597,0.3402123640977316,0.13954184208790202,0.12959831554682896
cust_73f63654,0.6303998378794046,0.29781359311538275,0.24904496805815374,0.2965887847422884,0.17581343764671395,731384.5162499854,0.7759833742231264,0.25339205328556086,0.15685490539789904,0.18423562452362877,0.8265619695256778
cust_3c056b00,0.8563251442267716,0.28708244697401425,0.43795811631944764,0.13228760699293765,0.3263848165397783,12908.712687036736,0.7991774627074576,0.8143940807574553,0.23578291761566428,0.02498102897105067,0.3937709850576203
cust_5c05f364,0.7943154997425642,0.25502159497597765,0.402496343970906,0.24963556365597706,0.38334384885410533,8714.741761436144,0.5295449870233173,0.8634691862487139,0.29028900845652966,0.022550807981340314,0.27792980512775456
cust_a38b4f81,0.9252055556435296,0.6269220906728703,0.3465313473063536,0.37483182564623624,0.7927382099807694,8534.032277762471,0.34032779973759836,0.5112025679341013,0.32085486022526505,0.2605770004174275,0.008936863778356063
cust_b7110a16,0.4807972337911457,0.6427709189535254,0.601850826850433,0.13244386971161454,0.44432005888433573,197745.847633183,0.20917323152808553,0.2832551176377288,0.2547775336177989,0.4730580034026698,0.3966226065944075
cust_a62c5ccf,0.8342626947642389,0.4394625688966542,0.6577631394784677,0.29068092311651184,0.39062126512075257,22533.273060423802,0.37577206823290105,0.5219397145803628,0.36931343995335314,0.1436077533092092,0.08327321604406211
cust_25833f91,0.4124156575048216,0.4702380561627447,0.6331742192747091,0.23711168917646286,0.27706835260307566,510111.0364150595,0.3521899346495917,0.4206475944869985,0.2635490741017286,0.21010131473592533,0.5946286059984346
cust_aa51f2e6,0.7342357985530947,0.44896426382421073,0.4397784957937183,0.4319511999845324,0.17986566735075568,42070.72601997231,0.2435004680539606,0.4364011281995544,0.043397322308090285,0.18909341501104787,0.03573601949460557
cust_f1161b42,0.7363515841968967,0.3726933173441042,0.21596375216532895,0.4684171102565515,0.1817568701860057,84594.38331333187,0.4170101086117243,0.7097683111035602,0.15751041930368473,0.11867480034707137,0.6315706241178347
cust_f3a5dd49,0.7813562270132882,0.3180649520913934,0.5398730793822553,0.041471561791194364,0.38308161520634737,116926.1313161983,0.26459482770466125,0.2985723284420625,0.41785474821395374,0.2499958319295046,0.6102284581379291
cust_6e7751cf,0.9179623666927582,0.3413222597081566,0.4283148993621819,0.45761425932951416,0.5439975075955209,56405.08352627455,0.2753082043060294,0.6319544499545128,0.054929901857717435,0.27807985711618577,0.8119179271223347
cust_345c42f1,0.7638725656125123,0.5358349850779927,0.5134339448599724,0.5205088839790427,0.258193372501136,10024.893262805774,0.23629793541997338,0.600243939488351,0.24727067299357477,0.48764054334201995,0.21741843190368676
cust_cd98f49a,0.9413619872718331,0.382215650184813,0.25081668644633714,0.5126300340838578,0.21789896655521737,3395.8905184447085,0.1359214852539651,0.31189688786466335,0.13421895096604766,0.24226346248896216,0.16072140893652276
cust_c8a844f9,0.9436924689263099,0.7220008823266,0.4340024032058784,0.2444202416528688,0.10789875864967699,4733.540265247589,0.4504846534566574,0.2534029830439511,0.3056377927029206,0.4462827453098371,0.43216262512270376
cust_023e78d2,0.6962614499625647,0.6042573609936134,0.09133162617975528,0.17992883493524747,0.2858091957027747,23093.055324691217,0.6042587571439272,0.43194730435683193,0.022500334313664577,0.14755176176697973,0.4163651431233312
cust_563563a1,0.9364749867682113,0.5556585342673003,0.6950495484945469,0.3560393989063401,0.3521706317289827,6723.877444968898,0.711569573057928,0.5850864727222338,0.27218365004511175,0.28074769687676765,0.034699134597795875
cust_483baa9f,0.6853470183082288,0.7494667658941968,0.2563529917658843,0.29986178572756134,0.7793512043378102,199312.36940262924,0.21617244614348421,0.5444821378207976,0.13872004026496554,0.44195110916941555,0.6595123903346526
cust_912dc6a8,0.8569990439633992,0.5397173041608471,0.5284917757193118,0.3351508645901425,0.34161561628627846,10933.71721754214,0.18562356169011845,0.3613489995153581,0.24689603186676068,0.19878456684151563,0.13560499760086525
cust_069cd839,0.6883282727820397,0.6859233975702222,0.47508895897975023,0.13037779487430756,0.048780043619012725,30642.81645190519,0.490089451707511,0.22670481868314296,0.23957779234023394,0.2024889368530995,0.03388896770878798
cust_ab098853,0.8465182377398269,0.3106328509142079,0.4563059399952211,0.5131372755463371,0.5432135576189613,72382.5133467008,0.09735368005050227,0.09911279180179475,0.34567436762607207,0.08754768693228485,0.5197026231653158
cust_7e6c25a0,0.8329490770064013,0.43600892724269197,0.34654418353514965,0.14317890060900026,0.11164656176090801,6819.744589913857,0.8345661399047328,0.558290937281163,0.22647722443710297,0.21702922154709406,0.30588384152782805
cust_81312288,0.8434290702434328,0.7775647591879942,0.11690849193154787,0.10539693727146522,0.3645257836700307,19649.68845667557,0.03686722733300969,0.7647202210370493,0.06681894761756184,0.6312271564759665,0.1655295406627967
cust_88ec6e8b,0.849678620093704,0.35988776709836423,0.40756260438471864,0.13990850081001519,0.16258887171728129,183145.21448056443,0.10252399093128889,0.2048558125775601,0.24992369180490953,0.1841370564359335,0.6660161716667048
cust_9a45f6cf,0.6781122729478128,0.48828714939310924,0.16671258242048598,0.1494470524208346,0.13491725907984678,3214.9536647571845,0.5940373064726512,0.6034320309596403,0.1484614870819754,0.11928116037319629,0.023938541858728415
cust_c8fb5ac0,0.80647613842482,0.25083711654389534,0.6187580131778735,0.30703509619742647,0.17063206224885172,14547.291885879624,0.07294804169772869,0.1646808723015718,0.5467165467680896,0.03550355622553214,0.29205701149607893
cust_a8706bd2,0.7069177415441698,0.5711536738286371,0.2349350259261677,0.2825076714959276,0.4391731771586241,1717.016378038185,0.34712059517979515,0.6262156907514848,0.18714061878018673,0.09989524305666533,0.06242575904596895
cust_7ab2cba5,0.9396399670581812,0.5132722184677903,0.7290182391417017,0.390056852398672,0.19773594355940863,7106.8903590787695,0.4589282696313095,0.3452936726293408,0.5099308841845699,0.047590593621139474,0.09895671480276126
cust_f1dadc27,0.6393644866673633,0.3242691644926077,0.029921992670138717,0.10669962705074175,0.11475148013239943,5091.918909657194,0.5602657233853143,0.5146554967871094,0.020892846683535797,0.1848578258025212,0.08946190565089394
cust_9dc9577a,0.9877010222383265,0.5251687735549936,0.5871892488469737,0.0845035480943373,0.37989027896600913,34115.59869935944,0.3109168032037811,0.40489962856710215,0.4473770735837906,0.3501986806479316,0.009121960810741516
cust_5dc09f2b,0.7450887624717231,0.48921077946047453,0.08156114998087541,0.2506507418423176,0.1330890397693913,90162.43053894637,0.5073837053643023,0.47718569206598654,0.05237492629230782,0.24666565269982846,0.5534786877874459
cust_3997f25f,0.9315984415326599,0.7107022036974404,0.02390641382508725,0.15042060551910602,0.4036795297288482,2759.3754118686065,0.5509137652511437,0.5222445783782467,0.014672477159479816,0.5911464424307556,0.1416927846335246
cust_fc622b2f,0.5410825347186778,0.5413193015702193,0.6582885555572969,0.3311486207428705,0.1537837144676206,15178.921649630689,0.38208046973524085,0.2792271878494911,0.41218260916909893,0.2908296808487128,0.08988131970606286
cust_21556d47,0.690036070862521,0.5572362092154115,0.611753892025225,0.429656430201244,0.6376479025775956,10920.845540727069,0.3571633153793014,0.0751337374283151,0.42340057266894265,0.26345510393522475,0.01946429417239737
cust_8d9e6f00,0.8121050815117007,0.6924074538415524,0.4728905362337164,0.07395210952224546,0.13011662121192757,39010.9074816104,0.6054583965516483,0.7032892942647376,0.1377484910352954,0.40502006979931604,0.5578301057776052
cust_2455e387,0.665524135773201,0.18506673492278,0.42382105245764284,0.38697532887552993,0.5330644154216073,503747.28780261683,0.44124377190454234,0.45000757071946734,0.2883623786754368,0.03927584729705733,0.7786286992637862
cust_07eceab1,0.8100741143609819,0.4603292126855016,0.37036580590102725,0.3846308483403543,0.22659748898822998,199759.06423209654,0.397733120945536,0.49155050227413005,0.21215134263529437,0.09289816891646804,0.44487813284387356
cust_63ea4904,0.9414996395111693,0.3460067228651869,0.6924151671879498,0.2831055102869019,0.17579723039219664,145012.4832387134,0.14861498496588793,0.3666862657263968,0.36302079099202506,0.18482616477412533,0.7175757424889869
cust_13680ff4,0.7154612510112645,0.5130215574174094,0.4790358971692593,0.24633391124836132,0.19836403145506065,240071.2245462558,0.24269647742796716,0.5063152173839319,0.3302915874585533,0.09229673363363643,0.8210176012236697
cust_4ecef28f,0.6427302039309826,0.4434288406784337,0.4739463501731795,0.682767128330908,0.10209278574382936,18275.194790058606,0.525110724760428,0.5461906311590429,0.22264828763805442,0.19441059704477665,0.0971642808120454
cust_390e9a12,0.6749855291489923,0.4352114753205589,0.5347646533924664,0.510046007652929,0.2798621015613814,25291.829940470543,0.24694437978976755,0.5970270125638688,0.35399085141819964,0.17929753337931897,0.015616442252483162
cust_af62f28b,0.6230860850553965,0.3796822516118593,0.595669447919139,0.333519556960379,0.29845325696644526,44091.01959292744,0.7327242047904632,0.8621543363763015,0.39909465405982153,0.2732159896817761,0.05264999349208228
cust_bd75dd4e,0.8071477091293757,0.706385361988414,0.581605799389898,0.26072347323763945,0.5751171218662479,196410.63231781404,0.2603217121771087,0.5659287404601563,0.4325252994952247,0.2150368593043159,0.9168513034093064
cust_4ec3f8bf,0.7460634731876234,0.25435401912802114,0.770699384384901,0.10989074248930437,0.3539299998683965,2521.6117225883972,0.5083774517050114,0.7825277106498402,0.22730144593377513,0.04565737338676794,0.15810013558078342
cust_b39c8793,0.6374592148206274,0.4199487454661025,0.1289426069478948,0.09862901677802928,0.26726666983017333,36273.97475940391,0.6628390005254616,0.41945111792504663,0.10867565956506799,0.33385969067161975,0.19537017734715809
cust_64f6f3aa,0.6075832996579368,0.7555392029594372,0.621674600152141,0.13852720274446859,0.44997270633789865,42378.84447982501,0.5688164328415122,0.5956763475816103,0.3606833820775641,0.5509256978132372,0.3859314439233244
cust_db194d5a,0.9670573183346194,0.22618944730742274,0.1869124787211016,0.35758922174694235,0.12811804047087053,14538.830240628497,0.1735900429693601,0.4720971445270042,0.08463785878737387,0.16014654924918792,0.43968038076866334
cust_20b5dded,0.5888857468871821,0.43975327992209684,0.17710469564057071,0.1271021885571492,0.15282674430908139,208203.56537436327,0.1299211872623181,0.5722372495652622,0.09584818793095884,0.3066053170433028,0.9308086864307873
cust_df18a8e7,0.5846893385126146,0.6957378753863608,0.11123646028575747,0.10864808549799304,0.5383698496270414,174768.652186079,0.4069701040703195,0.8290494664722743,0.09371021901009535,0.6487684892152114,0.3464077887337393
cust_581688f0,0.967334550943488,0.7044655764854355,0.6113873191366909,0.08304614733450053,0.1303543448246827,1890.870699563866,0.31942483306159863,0.5396094535270298,0.34037255477312545,0.26653029487288055,0.12864481328961266
cust_94f7baa1,0.967251464446329,0.491607422606592,0.6958401227220755,0.3492841103376508,0.3767192698493878,21110.16548273207,0.12489626733388094,0.5947947942516207,0.24860087236231107,0.1516832307253412,0.20702510491034473
cust_117a5067,0.8793989324084143,0.23155156038447042,0.11225992932849171,0.20660055138901007,0.47647674492965336,708845.9600587651,0.25373262982069544,0.5666327727583965,0.027257351489371584,0.11710173955171804,0.8448807587915824
cust_099a7657,0.7150069180685975,0.6993702585955559,0.6818924865199177,0.24804116837768164,0.27012657985266864,3583.229790001465,0.4872071496214944,0.937910057931963,0.46849427495197826,0.19974199585159982,0.5620758983894425
cust_1b2d3c6b,0.5120576259247112,0.7989898085034041,0.20784370705810332,0.08287387666034604,0.5209382092968019,1740.0234172143255,0.2772178614716637,0.2875032517343221,0.14635556836964683,0.1076692043520219,0.22977655100542985
cust_2e75822e,0.7031488638227269,0.7911783134365562,0.2161507260314978,0.3048101351457867,0.17207863220426142,61097.708380810465,0.15465358665361528,0.3965232441501268,0.13827797534494532,0.10215706737314847,0.7071532961296652
cust_6eadfe6a,0.6381552632440604,0.35834147082298073,0.1168888477076953,0.23014285114335692,0.4843169039740571,30188.243418105674,0.362810953054717,0.10004890903773721,0.09018805815223001,0.3379382314218845,0.13551415569432523
cust_120f5f3c,0.9474071434231212,0.6492520054840377,0.3493849340047457,0.4928896129218813,0.26229810620612437,2352.905835338843,0.5162809019434419,0.5951455840076098,0.28102994992384817,0.4225296352623236,0.04352378302624847
cust_531db99d,0.685661872445364,0.3605200018028021,0.09312440714445148,0.21016148365363038,0.3372218171324578,4322.996402022649,0.23983969063921556,0.6557069225908051,0.06628018846500867,0.17821793116576298,0.2270334194606011
cust_c9028e86,0.5954525842976208,0.3391904081561697,0.509934366327051,0.515317713828958,0.1432663675800927,133138.0371962705,0.4318015948408059,0.10670426624008554,0.1394412286589782,0.23485315113285962,0.6712877987717437
cust_6e4e42b0,0.8318790368352742,0.694185191983568,0.4118647345973627,0.41871236447380505,0.18584904969512864,6184.147055475969,0.3503019448128666,0.41330999288520226,0.2718715953305338,0.6511986256876995,0.37437726805667926
cust_c318d51c,0.6771819223853976,0.23467538840353022,0.6986858405193519,0.3807067068415124,0.21215719198426045,5905.90474288132,0.22060356662349162,0.7408335482156667,0.5612882991029076,0.17178598681309853,0.03617812094262805
cust_c911a698,0.9143873405025684,0.4680441883768353,0.3646316174333981,0.2069231194444578,0.0781475074383867,39822.7154125461,0.2737756123555331,0.3555679791386688,0.102693273663905,0.16009224659557703,0.06830881850205912
cust_1d2ddc00,0.9225549737839138,0.297871538313169,0.3219317198626249,0.7148811388064426,0.45159552355452287,91561.32884617426,0.7687564163437827,0.49137153289976593,0.25905554533698305,0.19992389248015993,0.8188835164043423
cust_ba017fd3,0.9084826609430128,0.21249430148289736,0.36853471559460294,0.2100676151110041,0.0414445401063565,968.8357708298549,0.5135898611315871,0.08412742334400253,0.12982555928174952,0.02155548748180771,0.32065048751326475
cust_0e7ad364,0.7662660937303537,0.33821015349528644,0.292724334779944,0.6187230607359336,0.13532043966828822,921900.0761078813,0.12760407693579456,0.6511507277407483,0.17172451230949476,0.19698043739503013,0.8353520934399418
cust_8aaa7b0c,0.8713603080438929,0.8204897060894392,0.16014170725483343,0.5797309771396331,0.13016002461358006,9199.632118192218,0.33703104862635097,0.40760280318790226,0.07038005012291455,0.34859145304769945,0.06318081373255836
cust_90cc14b8,0.6046590310924803,0.5860351599172219,0.7790187722994616,0.5559396193012675,0.03324464006761952,15272.532167692245,0.3289791209793585,0.47954083367194394,0.4535081472473484,0.07913970967439347,0.38857961741905145
cust_30c064c5,0.9528775465389304,0.515539827260486,0.46283032030163374,0.5262275525980749,0.5066258436492924,4294.195820048915,0.33149087431953667,0.569130582727941,0.3456209875765439,0.15522477608626792,0.04911927849280654
cust_47e27ede,0.8273036584952538,0.2759671512486282,0.8938732608433984,0.11517046350620758,0.5811260611659951,7696.194040646431,0.10401598995127155,0.7655718545899908,0.6177937405970195,0.1255766946947341,0.11829007900787157
cust_fec09cf4,0.8246823436169956,0.6358137979562489,0.6369553917684031,0.3336866092692102,0.5707313141739745,5626.240648186636,0.16945306001215196,0.28254940222654223,0.46113150063114206,0.5669487632715936,0.24837569177268234
cust_44f350d4,0.7623551542566235,0.7999204525823858,0.20720140628353048,0.2743914079069592,0.42753185377181935,17682.070796513202,0.33577673962688853,0.5730259131351487,0.11953269912937865,0.6129712554637242,0.17968990223709225
cust_46410cb2,0.8998419406752534,0.19404590742184694,0.5127033215299848,0.5391003765769958,0.27979375017550195,121076.53521412189,0.23480844542740287,0.6968646000032026,0.3745639520213631,0.1225088117480312,0.49484849714345325
cust_6f731acd,0.8232697592945045,0.2970091824105316,0.6985075066150424,0.29754211635100813,0.49290213808800787,47689.45107342595,0.3023582416423398,0.7230556517519463,0.5305236596694035,0.026942069279921793,0.016582351335429235
cust_c43558ab,0.7702372043067252,0.5816243777472255,0.09519612781444471,0.32140441937184083,0.028805614662408822,61847.791174235776,0.2679736830279437,0.6107861722665637,0.04902931255013448,0.17550289285280465,0.49444201153679
cust_a84b07c2,0.835684403847549,0.4808343838142954,0.3114687116326076,0.12253873433206619,0.3542617299949406,5848.218378970338,0.4772882228705046,0.28371698377220045,0.27010161234732855,0.18241155072601672,0.09669794693841946
cust_b03892d6,0.7673775585000474,0.18429476534098316,0.5245890737807756,0.3007929224055514,0.3704511901411152,41936.38332278835,0.23639894101670722,0.3264702873524351,0.3707490445190588,0.05788083141105205,0.030444199725520805
cust_12becb77,0.9507245631643682,0.29947544557012185,0.2714611288308592,0.32717809123950997,0.0971331500676862,84952.23122385926,0.4549179679496453,0.28455501523076043,0.16326988250548707,0.2541238391977753,0.672571015821342
cust_d1237271,0.900924221819196,0.2005851327214969,0.15361260859909856,0.1569422267746962,0.2505762448096001,23881.989865108622,0.050297532643704436,0.6657531465939752,0.11064617867986136,0.14286564258966308,0.3457953479835348
cust_8a5598fe,0.7698336640241138,0.4734957493937769,0.6702576989806113,0.1819689836428532,0.32227583898526696,8219.670833813718,0.13318884059513447,0.7440152215601187,0.44940749454537304,0.0945982506458619,0.6660238017921911
cust_ac5bcf73,0.7042349868578268,0.4409086713474737,0.5859250916587362,0.19038858041730428,0.17400415320317578,71751.06930116407,0.17774700344686017,0.4612600176522894,0.46119234339546844,0.09801414762066062,0.7202814482594353
cust_b1bb6046,0.29320613295495696,0.5566992681709251,0.2263075098071652,0.41948637609540185,0.8672844231171358,13961.28279439721,0.8058776253938014,0.4157086563510942,0.1075826302082084,0.3753427364854778,0.15152011733358203
cust_28bbb740,0.8724647568521269,0.3864091296060123,0.1025147968442294,0.5277349055869714,0.45533039147973536,61468.8577770073,0.4875518910230698,0.17976175216743112,0.08794815503176612,0.10461998544785918,0.5907510950250324
cust_0dae02da,0.5008474438631808,0.4838184935587829,0.5406525245630203,0.17285740328586702,0.45647735290151764,17569.212553707148,0.5218478374560105,0.6871335427419849,0.2520949112711597,0.23868111282905227,0.20589666846821603
cust_ed008e38,0.7646360465306276,0.6709275826258367,0.39004399847396537,0.20475970621633696,0.20279345490638165,60031.77957857145,0.23846610103290802,0.5383751200251534,0.2747600525694856,0.35318988174658855,0.5173088331424068
cust_36284944,0.6937138560628802,0.5012808510607517,0.35493790574198586,0.4214302970914801,0.4696299134670985,3269.1730682641987,0.6795571875511491,0.7164552212706976,0.19273435653843105,0.20477409133731322,0.06268194673199043
cust_b3c22af7,0.861304815402728,0.5392820433787472,0.34542943432550655,0.3070846406848528,0.1517392752428856,128291.41152785771,0.30407983042370207,0.7249117054176433,0.15320155221439927,0.21836782326307078,0.4628894927154168
cust_2e55ec8b,0.9854287961256615,0.6606131695398993,0.5796565898063666,0.19887846880515653,0.156858674851938,35665.86855725297,0.03395462673543965,0.47255327568644345,0.2452075379748435,0.11222252688804502,0.03393969808357225
cust_52f38d10,0.8059831740209565,0.62793361352204,0.47100472796561366,0.18239151045228338,0.32266645997708854,59180.54569875955,0.45946258916671645,0.18389452131973721,0.3018999752761725,0.27607285229892126,0.6789685260149971
cust_1e2f7528,0.8646621941155926,0.06817374653255527,0.4590669028379048,0.34251561252473006,0.22612867814486165,39926.37455162453,0.1843110968375463,0.17876099259417577,0.38812301248480063,0.03665389409987565,0.07498023964404975
cust_e0b63503,0.6667675047050112,0.2881166498761627,0.5079086753651598,0.07820829033252563,0.18321734800857328,72149.78515920663,0.14173406043644274,0.23106673932464564,0.3977864655159875,0.03657387917097607,0.6038741248202075
cust_90445340,0.698436720977365,0.7336252947299078,0.8700431022684887,0.3557296834321779,0.17711029506823858,155666.31434862848,0.8329740182100092,0.41096760297220797,0.2053780914912182,0.5696403067340832,0.8149110604064943
cust_82094ad2,0.6758575774959616,0.47474221718028325,0.4592951407047535,0.26737440172128657,0.13120712677802226,191550.51517800096,0.316041540003633,0.3594644882538715,0.26997672701795417,0.24836486923508952,0.6551950371744747
cust_f811421d,0.5794142374050872,0.7674615204979522,0.5911722781593409,0.21041248256405773,0.16223445346956944,159658.35466963635,0.7634840241028987,0.3502284948055542,0.38215604053450947,0.32514192797814895,0.7794933891323252
cust_7eeefd28,0.8067903997514945,0.4650738704133144,0.653048723777918,0.2709446326218775,0.26536900627179333,97788.68719010503,0.2511155392822896,0.17426570541419917,0.42306547631473346,0.1338962066832098,0.766221220805579
cust_2a84c36f,0.9809413313094808,0.1791267670382874,0.510630981491324,0.1149704395980566,0.21748411790150576,15036.382620801558,0.16812591779186498,0.5249859786225672,0.405130851710919,0.0051590746745593516,0.23781922945738562
cust_aa255170,0.49471227596459744,0.48764761586469957,0.2512784333779019,0.3106588340924291,0.32980762366947514,10167.513459430595,0.15501134979316308,0.7015890312655871,0.18438392892697536,0.37707332663891746,0.1023053385898404
cust_6321248a,0.8020177251659456,0.6073914540297625,0.1537003520573467,0.2095580566126741,0.4032616976477021,162468.43856090365,0.20137949175863276,0.7621061978947121,0.08037733531800917,0.275753261938352,0.5683240279513019
cust_4303b5cc,0.587424235968006,0.27958744623311577,0.7761682944951495,0.16136214103935026,0.551609592276935,5181.208974310306,0.8162296609665276,0.3426813201718265,0.4731186640542044,0.11305169560943773,0.00982465476722458
cust_3497bdf2,0.9314736624726164,0.44325375629965336,0.5789667077663936,0.35490961427495776,0.4150419120588746,20025.12466271266,0.4676887933394644,0.31468200380993977,0.4303233043309977,0.27592174053357577,0.0896869954025047
cust_c90b24df,0.617510293255598,0.3883502206466294,0.28999385693361296,0.39526747346273455,0.12295448387388995,31793.021801521045,0.26918121460981587,0.6683490969276865,0.1677030459015465,0.0615744704231593,0.09960719545366929
cust_ee37115d,0.7403098512594071,0.3298342755533079,0.6012933545524829,0.4139573952043586,0.7289056612718591,32563.4775710321,0.5316504115149976,0.5380814178376085,0.10487950420646783,0.22773453480595468,0.12212759419603135
cust_005562e6,0.7938150297560518,0.6083300023633501,0.3250191615361936,0.061027992260657554,0.4437359476307486,87575.95980402811,0.5335429479286319,0.5566367961538562,0.12283766164396218,0.41217448487373726,0.7175121291659765
cust_5133409b,0.7151152277309446,0.905686407789321,0.21757331619555104,0.34275578876829554,0.005504147368365737,28785.43125565364,0.3138436400036433,0.5189261433944722,0.07025225207982236,0.541957067548763,0.4102599962716687
cust_1e872833,0.7035329131129304,0.46161084874588393,0.13122339398447344,0.4026466460940494,0.16992796152945477,3512.793956726113,0.4691479094261682,0.4386284931159913,0.06810524492390196,0.1946435075603366,0.22960880039010892
cust_6daa5197,0.5471013652505181,0.490945609952585,0.5691218865839999,0.03222601063546119,0.3303640831873822,21319.43915797913,0.29885855385433824,0.49196294162200627,0.22495038351944394,0.4015542807164171,0.6560468475893014
cust_ca095e6f,0.773156549788864,0.24833864483858156,0.4200176927485941,0.43075213509286747,0.24710016469145887,5280.001478225967,0.5071134060717529,0.8559175796015684,0.28774209510221826,0.060907479157008525,0.05836648473722303
cust_f10c3f04,0.941096243262944,0.2683330895779425,0.2492185609798768,0.23995622603867786,0.47945796299892834,13796.390179747857,0.4594506990018071,0.3317984323724435,0.09108888827551005,0.15279364494004227,0.3291818038952213
cust_85404f29,0.6880107625723396,0.22900461889378618,0.11521952465067123,0.34320021874655665,0.4418885970510108,59064.95776463215,0.3161345121803093,0.12859099516022557,0.04610985012505614,0.13076469311369512,0.799463678011049
cust_619a8fd4,0.7949692237506164,0.5119307072020528,0.3156179302187218,0.4479757528195054,0.4427171913256215,669.2534269973817,0.4721713309083067,0.13659101826515666,0.229243936779044,0.3348991206684341,0.09641372417869687
cust_891f9dce,0.7241512357221156,0.5070014540836205,0.4214444552891595,0.38829487373649424,0.30676992952194193,4663.9814858382015,0.15761092978939623,0.22274065436875817,0.32675373999513624,0.051698962378811116,0.20609823530646193
cust_21da635e,0.48856333802965946,0.7215333586233013,0.11454507553842228,0.23936670628112638,0.2907942560003883,43036.92979171117,0.25285601260096296,0.6355980407581298,0.07772453012440443,0.4297761063260301,0.008337616601223148
cust_92173d12,0.7313186870473486,0.21748167307000094,0.2337147098942826,0.19474822368357986,0.1551669689233023,33407.014778263,0.12542662071496694,0.12137827071312787,0.15472557818952803,0.15919397513712402,0.23326079844490893
cust_08bb4855,0.740487654853102,0.7690437962850004,0.17875932237447117,0.09108872028820722,0.40716618198962734,60701.19369856904,0.38669141213659125,0.5967760403489039,0.04838987606762558,0.35227014947187685,0.6046911474172483
cust_3a913271,0.8401229535659783,0.5867622041649293,0.24852876117331713,0.388788984298804,0.09926856255084825,5444.784625469921,0.21978525635503807,0.22407541545048115,0.21814112096346108,0.3545817485626169,0.05255031471554646
cust_bc335254,0.743335354286326,0.22260377903909076,0.21665144555652652,0.2734665696649217,0.5484284198817463,182821.67996041768,0.18834844867455172,0.4376479730685696,0.13941709244117761,0.17403910910250103,0.8693573675245314
cust_a551e72c,0.9055096188714827,0.3698244716365965,0.4149848059278703,0.2759510346380654,0.36473253094491026,147490.5000346144,0.33517789146325755,0.5805621726967023,0.13169240784904573,0.02901207253200461,0.7360832002376684
cust_1465c775,0.8728733476504261,0.9008866311002192,0.33565854791438465,0.526168399507451,0.5078763777690409,122983.0244948329,0.1885975601989875,0.6281537983059802,0.1656316159571031,0.7052491585926904,0.7873134448570007
cust_0d775fa2,0.8204804191098525,0.5483994749515219,0.08155019854449301,0.2989727673665804,0.06360907309345179,26776.796544696484,0.2929084239312336,0.15475357211036206,0.043020395710479484,0.09977586518427002,0.0017225603354970637
cust_e65f1902,0.7102380843603692,0.5166206076464935,0.33440267347219677,0.3349783415388916,0.49751892632088707,35256.35353802345,0.49869580135490066,0.7135179165993839,0.18227187473742046,0.3416138998248841,0.2377566170252957
cust_180aa19f,0.576117919768947,0.48942055361194275,0.14328300099606092,0.6934427982552678,0.39467571050643324,224857.0895191427,0.32471076354122314,0.4511988063123765,0.07527158612677685,0.167470511813596,0.7336394966608502
cust_d0b4eebb,0.7918652512364112,0.21090209659522677,0.7542371642639946,0.347251968127375,0.3414861594363625,4795.933419808366,0.3677542313458936,0.2963442598000595,0.5888051040841348,0.14381489821229326,0.29500815650330464
cust_84f6de8a,0.37518961130663403,0.46055487382515803,0.33814168828897484,0.15880202375631042,0.22988620247795763,61913.285703675254,0.5265721547322239,0.4595693537362054,0.21880715399221531,0.262460212853357,0.8572389169723852
cust_3602da72,0.6687021278670002,0.5638429239127917,0.2420326009472686,0.19553709770711328,0.42228114425372326,1375.5108025690413,0.5417018678637405,0.2561420927175225,0.22998196629153983,0.10037090285891657,0.010257063475310817
cust_469823e3,0.8110744867457209,0.4816356470567072,0.7337727387084065,0.21598891711384086,0.40892383428009227,15030.483044915734,0.23663000757574754,0.4526852319141747,0.4465009872779224,0.1487290358403142,0.00026597937712654886
cust_1f55e7d0,0.812549369416501,0.20241358440225313,0.12143525833112011,0.24550477922226976,0.4603824473981637,172113.13256311312,0.1614514969124868,0.38374925313497404,0.06622854793104586,0.09315466095858539,0.645901289559267
cust_39b02b1f,0.9164499695512164,0.4970677017499882,0.24331838180255808,0.21011844657288156,0.33235466444883494,82935.96211740156,0.07248216745897734,0.5823391595781418,0.111259898242382,0.3295491681995867,0.5939249641512866
cust_eaad588f,0.9905663104087566,0.55240620430816,0.30110661973159697,0.3065305266978028,0.2356311469428531,26574.119994381334,0.6172824142514582,0.5736540064937066,0.295897850938795,0.3253685360711736,0.2433098088025374
cust_1f32df1d,0.3697414293156098,0.6447567246819531,0.3021323162430504,0.15264921079771138,0.05768259168815636,18816.553302246662,0.3667832023214918,0.3334470235509649,0.0545901125204513,0.06329860103292995,0.31344561002828486
cust_4e7561eb,0.6343732387435549,0.6509239553110848,0.4690032828939895,0.1884379298492998,0.5640831419453828,50452.39622013172,0.5599518312834469,0.6194942143829094,0.3970057152791991,0.1325877453212801,0.9192156225497438
cust_f39946f3,0.8102092894449408,0.6904090387022868,0.36686085677863195,0.572278587001765,0.38363669329707667,2174.952427933634,0.20273093342021192,0.7896180618122994,0.16244361834767607,0.2603236433107741,0.17076685646442008
cust_928f4e06,0.6421281106534509,0.8908514742148587,0.22247470844474584,0.35791992436107567,0.12178873765791787,21004.16486721818,0.3701916417537021,0.5083369624618617,0.10889438825888095,0.46557803140133397,0.3506824035118638
cust_f9668545,0.8459761624898701,0.456647925303783,0.5811903432929187,0.13165297954762298,0.4368298612583845,31016.815488195007,0.6308653755884687,0.7831030275644314,0.21001785291169295,0.23124746194359116,0.04344903934598353
cust_70c26d80,0.9613043836063548,0.1987715735038716,0.3818026469845756,0.38710646190383646,0.5168974474418074,28888.513419346553,0.23619598685277202,0.7778818707697543,0.2607428234214245,0.031049712290372195,0.14884807087355065
cust_3b93b18d,0.6177650076046115,0.12335379846127568,0.2169244510747622,0.6685435775735578,0.5804915321761629,35061.32553185027,0.44335902023489554,0.4051290969006791,0.14003138081336367,0.03181123666310052,0.3125101538513463
cust_68adfae8,0.8529670362758334,0.5409733615550655,0.17623675071557096,0.35311426905034604,0.2680478594154621,233528.3284420928,0.04279571690326246,0.27976897118927296,0.09635903673478358,0.2580370600455637,0.42647980204539426
cust_111a69b0,0.7240811772051947,0.3645183589732769,0.6262334870742639,0.551497334510327,0.27454622664428296,56670.89710774675,0.20787222282956283,0.8741774085171863,0.1676208289077298,0.13102540154820352,0.8476246915431828
cust_dfbe3b96,0.7496883884859112,0.2671182359123337,0.18610748397948576,0.12002452636507378,0.3445564031438226,14388.702628558936,0.4374214891240724,0.5518553912440591,0.14790988829056032,0.0741357153528873,0.023327749594606498
cust_81d9cd0f,0.8143239737709725,0.49575624040733535,0.25590496656535966,0.5931851217635129,0.27302528044190555,336.8930785831666,0.2539315907334681,0.8146330270680756,0.1216717884147466,0.4241870669014526,0.11064798234165465
cust_e777f549,0.8263836021273853,0.5557595781922112,0.36261062837563335,0.06477316572119048,0.741507318299961,66256.7142940596,0.7583191191908554,0.2998810347048172,0.29478094917613984,0.1797819150649881,0.8219055449500292
cust_6b45dacb,0.6493808582847624,0.41704665168732913,0.22463997102162386,0.4003712594283244,0.576528081863703,461.61995457943215,0.21382117930812633,0.4498429012486044,0.09324261870046746,0.14836265161398002,0.021530543145875235
cust_45758a0c,0.8282937855182834,0.7552031745451004,0.6044297254957481,0.4161068171160394,0.03270393411200569,7485.91199342342,0.1526607552541264,0.3811317747615393,0.4925524412816573,0.7348042490128978,0.08107322639089715
cust_4c6e917c,0.8048180030843212,0.4006413137452228,0.4166098210245262,0.2755208647021186,0.5701182534282121,201539.91387862078,0.19125643116406674,0.5526973466512112,0.20508204043557227,0.018350564965223852,0.6329671886368362
cust_b23fd005,0.8084238721713812,0.3025998553570667,0.5083166117977795,0.19945501621993306,0.1675945748551004,8033.675187689373,0.6268521063981666,0.07894528804451,0.33903798801677226,0.1368007412515186,0.024968728624843665
cust_997358ec,0.7221420978624187,0.40827550755939607,0.17386216972863353,0.21075720945185783,0.4006907027674172,4341.477925627471,0.016278441460553236,0.30182273151872285,0.11002538716486956,0.20590766150844797,0.26844761290863944
cust_29981577,0.815961699520344,0.6598930164456572,0.13042182365336918,0.15726780243438818,0.28527408436797325,72936.66908888532,0.5093664331637094,0.723764460093791,0.03882607411092932,0.3266843622929062,0.7382481795376227
cust_e199ce18,0.7761929573057352,0.7398629236343892,0.29118227732163143,0.12201313538762414,0.3322181768028788,10296.07721680496,0.32899818731583474,0.5216789481867372,0.08055221021968371,0.1853189520963883,0.37197640347979066
cust_8dd537dc,0.618971227572513,0.5928349875946006,0.11719705717556654,0.2867698096370115,0.2824431598830176,8517.304140913417,0.20481503506834323,0.5786032424447767,0.0670443806686093,0.28632026534173666,0.11919506203327354
cust_f66ca759,0.6584588740393515,0.38206742578384956,0.5685471200992135,0.23644470012970054,0.40036797415266,2095.20331488085,0.30589612014772616,0.8391904598068569,0.3986107726746828,0.1072152137272616,0.09277441930628348
cust_ccb4f083,0.7016101518570395,0.21953748274042661,0.08137028347549195,0.13846775017981025,0.23676148074061115,16293.77657831945,0.5475672117539742,0.36895960459293775,0.03680476100663429,0.06337201332917619,0.2266010102106406
cust_cc9752ab,0.9465283025239977,0.6931987030741303,0.4093869212351674,0.3129763406992272,0.28326887426531844,24108.36252739118,0.26599049211289505,0.7035713605931181,0.20848626642056156,0.5212450684065363,0.02128783536570095
cust_54319b67,0.8110275323639886,0.645216562292212,0.49136694938111414,0.10329110535866663,0.3947752732314238,7928.682108008754,0.6308515670143471,0.9426030216549497,0.37858517341795267,0.2744501592579149,0.07488296748657375
cust_f34f772d,0.8126098821645614,0.5068887957384994,0.3522264700716833,0.20737963627675468,0.6753936014225255,73348.97007381957,0.20172958773484836,0.5806908815601414,0.3074269309622187,0.20877174306968943,0.6857540084898905
cust_da7a7203,0.8204714872377097,0.44679575197325183,0.8338189528930857,0.13363939511720346,0.2958181240837497,15921.46869834681,0.6513115926778705,0.6064897757487014,0.7114660789025905,0.30730771853887623,0.4479715616176731
cust_fa50f7ad,0.7201037195704718,0.707645257297121,0.30186341033348835,0.23107419401995485,0.3766382329561523,13713.848067517723,0.6134217199408621,0.5210493233291347,0.12936735993554385,0.31872228647297474,0.2371252619858348
cust_bef4d020,0.8035599937367399,0.7391050090238702,0.2438257976958201,0.34177206030478047,0.22861443650557314,5678.013437640734,0.5778338885045374,0.2840399165151089,0.16171313033339293,0.37474969773086786,0.018214664286901563
cust_948ac3bf,0.42037634731869994,0.7582879644398886,0.45518231060542585,0.18696183379606562,0.3613383967690413,10869.64944136763,0.4302803840322205,0.5122147044760376,0.3894283430645262,0.6617552433248499,0.07352355913367073
cust_2205da03,0.9443712851444365,0.5417171530970111,0.37690106532346346,0.7689192316992144,0.33345973789832567,89570.24632634647,0.48436697348171076,0.40094829289560696,0.08123929194987839,0.3664216615172937,0.30585832742242525
cust_a83b10f6,0.6849298471622673,0.12014280861165308,0.3376478322279291,0.04510786877075292,0.6985331988008315,9390.977618241632,0.47343156610226256,0.6288294013971824,0.2786375686946771,0.04918477788808659,0.16219630100889781
cust_bdfaed5b,0.9058496484809165,0.3062408322104681,0.5104230342722396,0.07981505035977961,0.20759382701676932,881.3504841262694,0.36301693111580985,0.5682486026245261,0.45253820753659807,0.2857430485194526,0.06382774712120887
cust_2dccbe69,0.9102465462620847,0.549294026001505,0.6561184911035072,0.6003387891834174,0.7467920530117328,21398.04842226292,0.05788509519406934,0.2532698446518371,0.45761238724493175,0.42874431829477133,0.3603042539821144
cust_48f8b4a6,0.7273530075583835,0.11991915742236575,0.1894986625679694,0.23123428573692376,0.1828063636772296,8090.146080778511,0.3744661861552979,0.37097229081005856,0.10376570236127514,0.07411747547997911,0.39377683847699646
cust_8f84cb2e,0.5192713162854975,0.2983788885718872,0.42673552567766815,0.5250813866132118,0.6052641822116369,75704.50818066031,0.11202043344671157,0.34817432533979065,0.19065971471260054,0.07933760767016272,0.6704065121657211
cust_a12b7418,0.692864152103059,0.7194130185919652,0.7561054479571933,0.3005449920386509,0.22753022039858,5023.79929428519,0.16261403331686572,0.5602511266704916,0.4053796480610674,0.49941785947683903,0.11949566876582453
cust_b316c190,0.8332422320647863,0.5725848067005284,0.4427695772608263,0.4230579379069405,0.0910657767685476,36568.63744451744,0.23233296421064484,0.21331883445581207,0.11140534602645293,0.457543499345348,0.3109317919042219
cust_40eeb7fd,0.6197567439488432,0.5110205311810648,0.6359779504942379,0.25233221396480365,0.03888559419496114,290114.4904727014,0.5637964176253476,0.6183816016535546,0.39879848328706774,0.2686330878037171,0.7848819783505449
cust_af82b7a0,0.38825373361046595,0.8676926710681384,0.22121569612905087,0.10584698825800853,0.21449652779243414,11793.721917035366,0.755785523250468,0.6987537095875712,0.09185687947097557,0.32653404461637575,0.10885433137140686
cust_4291b87b,0.6732972685998952,0.5807628537561783,0.18100732691923302,0.05090078303704394,0.4836638500269116,2883.417493594546,0.2047064587491342,0.38814271010897,0.04808387691438745,0.2893909517128799,0.1293198650521507
cust_c28f8a33,0.6640349150410161,0.5485182087089892,0.6681239917380895,0.41637468004941897,0.17834281222118914,254650.5170029022,0.45977481108045704,0.30404324397278015,0.44632126269033257,0.1600821509913054,0.5794337436150518
cust_9263dcf1,0.8931196070511216,0.5984868229863362,0.6880805230598546,0.028196244603666477,0.7897659509226322,134303.7704000733,0.08636408621816279,0.5120567085712825,0.15224002551441318,0.30326313966842894,0.37635083169909084
cust_27c38a3a,0.8100809112246159,0.1312540155065191,0.3210655903220099,0.43428284481820256,0.5577157464994478,216285.5224766694,0.4128306413269593,0.5413075768238537,0.12439655202545497,0.0373002845828888,0.6874980471428846
cust_475e4810,0.5114722788345673,0.6056097597912309,0.32336075437675543,0.2754200542649163,0.2045504797697107,7596.4261983947645,0.2496560433688848,0.5949784088871782,0.20427686977350143,0.13483953660227863,0.07970007935140447
cust_0f39acbf,0.8051060924042677,0.6162426367762852,0.7544327206602808,0.14208866601962986,0.45375105584868347,65793.4956671389,0.22780569369528647,0.5902061821491164,0.53469872295593,0.14287683015731456,0.5760243024472197
cust_cf8aa62f,0.9391025269020905,0.48299278563314213,0.4214530865938855,0.41379411039838215,0.12463317225199477,12529.261741685335,0.315451228500222,0.5233856355950905,0.3875774957036818,0.356520128866609,0.4825150578984763
cust_f67c16b6,0.899810696309366,0.2159945143695506,0.10224358511048054,0.0786433196103053,0.19412335597670208,26850.70583585413,0.09187089571583895,0.12854408931406264,0.0750519198286933,0.07481595791663416,0.025488008587042536
cust_79848305,0.6192905154969959,0.25600571844833475,0.07058137997046547,0.19066407026312096,0.26891520948779074,11467.402076493736,0.4744296904688543,0.5558719282631431,0.04344782939770426,0.04550960960250184,0.2112435893877451
cust_d4ddb5d7,0.4556775109561487,0.48720640990525066,0.191451506096956,0.5502376454411642,0.25207695324829493,20953.36580189111,0.020758468467117885,0.5330108717482431,0.10420289316251127,0.3648975953338223,0.14287786180261966
cust_c88b9c51,0.5782876574046044,0.204505650707847,0.6016880674556748,0.12607453275118277,0.3022572556697767,16146.301734572216,0.1378313627402217,0.8270047128302188,0.2060447328222331,0.09839359314366294,0.013952094650683996
cust_18e87e7a,0.8495964123451909,0.6820387593696011,0.29146002769491214,0.2500362234021293,0.18750966914921738,19544.102692965338,0.5062511387438885,0.8084278442659493,0.15513870030605822,0.2029568197731861,0.2312322183712892
cust_eb3157ac,0.789088225495666,0.7025046579466778,0.15097030727528354,0.4703021174867688,0.750706798251704,7384.186580129071,0.39157837742833435,0.40107886176694946,0.08695371278868257,0.4671711224809789,0.034609128896624486
cust_d99ca318,0.40277045444709536,0.4797027665782321,0.5616141757958074,0.18712786831599035,0.165515628143044,98626.84255652259,0.3777646173786613,0.4060104865757236,0.3112434647490792,0.3517816424936009,0.5198022459610109
cust_9185b413,0.6920369174429202,0.6777197560859641,0.3902402259677599,0.34812268339731434,0.2648776282181524,82719.06277791609,0.2307473367672663,0.456642072991562,0.29370133981438806,0.37666838255504104,0.6188159793634035
cust_59d1c65d,0.6615799868119439,0.4534759630340021,0.44836056940438324,0.13375202967773125,0.2731012434499601,309198.8949361377,0.3715053324355742,0.8058811163058196,0.12290755451706521,0.21077675046696134,0.5199711936877797
cust_d260280b,0.9089297817775862,0.3524789673681611,0.16421895083773533,0.3789144542533303,0.1634001823996529,1731.985358134024,0.38696655758999654,0.4869665112383238,0.14754563726886488,0.21473613945659387,0.5464955608597345
cust_626a79bd,0.8737411568162565,0.584902982430102,0.1481602025296051,0.4820938461473615,0.4653610747096909,51735.78820753073,0.20343180605370462,0.3113450474100109,0.055567677095510706,0.34498895074140473,0.8062553293256998
cust_5f23ec8f,0.9427996799147431,0.4743370542628453,0.6051928374994392,0.042885915204670964,0.46842996822890837,155880.28434938146,0.4476318825923174,0.6470318230375376,0.31600699367136226,0.03459897876247822,0.6975548471057743
cust_b2f31a44,0.7089439042264845,0.3775522064448145,0.5671456286253259,0.17730822321361753,0.39138766306812495,9794.524942485474,0.26468148850534795,0.4638524231886729,0.22173758724941434,0.16462101976074336,0.16939311020440467
cust_91a85628,0.5581315582040799,0.692963258769285,0.8287901729631382,0.1799298078598997,0.24097246252979307,4546.008571499235,0.1813210212288263,0.6381049842550417,0.6877224747879476,0.21430846464316644,0.07993014528859063
cust_28c0be4e,0.9178385201028676,0.48319187057017776,0.42612102435657956,0.5594823477175059,0.6203809728349075,46462.73631288786,0.7194210106473081,0.6362276092367882,0.23551116038559394,0.30316206960005515,0.4252105601155799
cust_9400359f,0.9812985255335108,0.30523428754654797,0.5354924130098898,0.42045745683234154,0.07425384559895001,31734.783759456583,0.34419763770313805,0.7566409525130394,0.2762143122989486,0.08232214736670969,0.32453137283352773
cust_567d3f80,0.536920116254097,0.5515516692800514,0.44888422770751163,0.13073564640974175,0.46881109458730463,32944.57267109986,0.7725881781718448,0.30390974083790967,0.2533090886939925,0.1402134821597274,0.36347815133458594
cust_09f7628c,0.5702879417159005,0.6823160753639399,0.48469309806878963,0.47488946774306545,0.25227875795842497,135796.22729023467,0.6161238375940752,0.6258381616070477,0.3519958593906249,0.3681253896192817,0.8190071945867631
cust_7dc2381e,0.7429936742210048,0.7161022739509445,0.29089550002549686,0.0875467693899409,0.3942400572390759,13034.62701365174,0.4362212444530317,0.5570383141324957,0.1974285595782046,0.3457577424416556,0.21753508128536664
cust_4b082ea5,0.7530717588075491,0.5519325949625062,0.37149906707277924,0.506179920533285,0.22159093946291367,2621.105307093486,0.12824427591601736,0.6725230802584019,0.22029212463457434,0.25103895544342125,0.07697258827409988
cust_edeeabed,0.7937857969152416,0.5547441606949112,0.6098016572314909,0.25905893584357975,0.10832416733484897,1082.1813847167994,0.17855846473965958,0.2844875179371999,0.1971022521333168,0.30320974313880333,0.1343828600669518
cust_82dfe6de,0.7690005220931615,0.9010464090865566,0.4074151257442474,0.15138119707772515,0.19780147478241153,13956.092191543445,0.7677367972199385,0.42700438257934253,0.3321402237858951,0.47075465539383404,0.04793162885648825
cust_98e9f5dc,0.8159009210000051,0.31679010983532335,0.30203750278801206,0.5122157356140143,0.15384889481108646,477117.1582510584,0.4869456311358208,0.41711129151695275,0.1308727143907488,0.10377405882350203,0.517884914135633
cust_83088d12,0.7040588380024745,0.7974341124446281,0.6869032842490684,0.2638688766673044,0.07265383754720146,61893.9751141908,0.16639988453531002,0.6215445803800451,0.3695001893895391,0.4873036770318118,0.8065366761806161
cust_65dc90bb,0.8269439626979301,0.06789250815178233,0.8032562715588949,0.1736818602497013,0.2758075911128531,5462.553395731507,0.057218381060622964,0.38361981280903745,0.47010804886783586,0.028519974714828342,0.06148425699081936
cust_1d78a816,0.6356693826570021,0.30340704914046507,0.0557445614640969,0.2215243176207093,0.35236635441420255,103868.63500881271,0.13155626879199991,0.4624424272464448,0.024960212119365697,0.14902663730057583,0.6147321664970118
cust_fe641e8a,0.9346074202473639,0.2250228592665002,0.5362709495149761,0.3794708288952617,0.17760444882004364,40769.9478502272,0.19212731596421884,0.8366356047317458,0.32404958999047884,0.20304944078617232,0.186073323107186
cust_213992ec,0.7778841141397801,0.12640095481786778,0.48735687696131935,0.12923504471938868,0.21326105338138485,4046.5450598201833,0.6472044867690366,0.5439524144451836,0.4159126199466805,0.019473385533776585,0.257698007711517
cust_8470c433,0.9244786789359616,0.7434040817456973,0.284203891557978,0.08484114720311728,0.6219823230800067,4748.312576265284,0.6818999308360174,0.5398111420283456,0.27535620773124375,0.41006397389651345,0.09921299629867718
cust_3d407e75,0.7903660000454796,0.6102129176171419,0.1794091686099372,0.410993515650695,0.34195326773869156,176353.40546059582,0.3534410615666711,0.7625874938549236,0.12752567227453332,0.36672764407293357,0.7646166165332424
cust_fc76421b,0.7713291135873727,0.5174217510636067,0.4602601730193837,0.05150632860731133,0.25374621811483805,27624.833578842234,0.43524963373041514,0.5567038328233332,0.3642928771221026,0.32196445801178764,0.05385920072003735
cust_32c83462,0.811979025000791,0.2569519383155235,0.3431375004609829,0.048256316803658876,0.24313262957722853,666.2239066975521,0.5936161262281293,0.3918304526461941,0.10437542326346842,0.12255582226287252,0.17198637767592348
cust_651d57ed,0.9273153127041305,0.6252794639225238,0.2579843376102642,0.23513491689573246,0.40590191047195273,66955.04821292365,0.29250277133163827,0.656507598219165,0.19517176286728524,0.19107749420682005,0.8892126896237454
cust_07022b4b,0.8411951448920397,0.21376455906881428,0.2843935504392711,0.3298915786500016,0.5167328096754193,4614.084007625133,0.37857533717925207,0.44930018486205053,0.25482013342288623,0.10526404033576679,0.39276431799936184
cust_ba84d38e,0.7689633888246526,0.32514996761756304,0.1433374317982451,0.36200403461456165,0.34051552407203584,984544.1928833365,0.2833768306043931,0.5350584291352418,0.06224827704624258,0.13354424794975747,0.8197482381251678
cust_669f865e,0.9516206962465967,0.41944984053774687,0.42696318365731734,0.18981225706471483,0.550026431228159,1983.0399987685396,0.3183527699471664,0.4895796403180925,0.21420551710056854,0.3054945456477939,0.03743953564426755
cust_c5ae8830,0.5731979393197942,0.6494754910187664,0.5349450480695116,0.5866578320441234,0.11226732592912979,25412.400559418995,0.19585817117999824,0.3982900594338831,0.32349764321515345,0.45288256760617995,0.22725412153130442
cust_af958be8,0.8370263422946607,0.5244992005793265,0.19594544350905033,0.5153834098538237,0.7602455684286652,26266.007120598755,0.5163227444802762,0.40358671041527366,0.0640725150638449,0.31351082587460233,0.13447243484721663
cust_d752e0d8,0.7193662107772227,0.7432778212718184,0.20102988485060783,0.4926887718422645,0.48702897478086143,110318.25696510941,0.07995301001445733,0.4837955019696617,0.03291428581636306,0.1490195916370799,0.42363062451342864
cust_872dcf16,0.2609000305857097,0.5564249186750956,0.35448889624776997,0.41366328862169477,0.08784918963976374,178998.2092324522,0.40741460813411395,0.18195702985589626,0.20714879761860316,0.34794254423234894,0.7781828599590455
cust_16bb3829,0.5730493373629792,0.2678822501951216,0.16066210225831454,0.3480208569386755,0.31634612291832753,88988.33395020895,0.2874199174992585,0.4350109152498682,0.09573036555135281,0.13282725980812585,0.4529539203088852
cust_b27c04e5,0.7033325370636687,0.5795865145641526,0.42683269159335846,0.23585595357868092,0.13677220235119225,6447.822508428757,0.4354059419306584,0.5224251763961687,0.3017482813528707,0.28517053849010027,0.367662750072783
cust_2b2e4428,0.5714797543759117,0.6221454835170881,0.5348389520456266,0.5129717297752969,0.1829380095292917,1116.5536348731887,0.23818433034714284,0.3486109644874732,0.21012334620692233,0.13519502071702416,0.022804936891370396
cust_da97b5d4,0.7146418819475289,0.6784301964520818,0.25303531743799307,0.22672946210026912,0.09158001749267465,3502.8034014600753,0.21212668582159244,0.46905582544725305,0.12888590189304971,0.19416690314027887,0.1440543497356855
cust_528515db,0.6319354347744994,0.32007728173403394,0.7665097848592088,0.16321896128315702,0.13196704284919614,171102.8593233373,0.6086818199898884,0.34172141559375724,0.58488878214318,0.07475661928896397,0.5290385815820531
cust_7694cd70,0.718033075869763,0.7505269605893189,0.13634985998813676,0.3237660909668843,0.44324773866049794,1271.2833655825286,0.7526076501022071,0.41972319403455277,0.11204761066307206,0.12952999461051654,0.058884155960762054
cust_7b31367d,0.4777399008003048,0.4876744496332802,0.4908415888824345,0.3717622167871102,0.3347367046672741,11747.113576946807,0.4514114988733,0.6110547238160658,0.406645956339115,0.14381477264856007,0.08200602525618882
cust_f5842811,0.6532385615797558,0.05408781137761251,0.32493302144629926,0.18434245789833753,0.6902543857848038,46738.282519405315,0.031748702943485065,0.5738335751688501,0.05644399295777339,0.03553428389321895,0.10736411953281509
cust_70585a1d,0.9234875708528623,0.6958342333726014,0.08813505839231503,0.44710564833445676,0.7196247981975792,6554.166417724153,0.15801569965883844,0.46417114535352705,0.02779373367392113,0.25203244496177535,0.30108904923697394
cust_c4fcfeb0,0.9648428939571019,0.31155294433901215,0.63747770160989,0.5227410230100843,0.32397214368283905,8484.492005660735,0.19593377903838832,0.4002730311779732,0.17590943650705376,0.18663235059643535,0.12058031815417398
cust_e7477c05,0.9431392469069555,0.605809479692918,0.234569296891932,0.3101179469758581,0.1776548563749891,23684.495476180495,0.44662750743341373,0.6245137061284234,0.022987387967271816,0.39670261038016236,0.10517738907079727
cust_b2b5f8ac,0.7764787953938491,0.7426442610601202,0.41815814676421625,0.2640868108423091,0.5053455151142562,65584.27277066778,0.3739458316844305,0.49231856909358856,0.36284170636468244,0.2877038179301419,0.33015857541608495
cust_47a2eeb5,0.8394297407341311,0.5312790974484458,0.19258198149984435,0.29814031946253716,0.5859830536339251,2555.1114026539094,0.31652923098352026,0.40163893541475026,0.12809940536312683,0.2909371360086499,0.1880603570987322
cust_96d94517,0.7737878117785986,0.3737345083316602,0.5133736298646384,0.718604637302827,0.2796428074703443,120021.81810946412,0.2919405993525317,0.6048079579540273,0.4897424402875566,0.09641187577166989,0.8746614405437318
cust_7de8cd5f,0.7234905616627355,0.7025316780942468,0.14825776355604986,0.1734956100560003,0.30906094509614157,396.2308502798856,0.20615061446709346,0.7087438842725241,0.12746598375593984,0.16436440016425083,0.06017498523774017
cust_6bb5bbbe,0.5883402319773309,0.6463314477911707,0.6705211216798566,0.49611794534229375,0.1867981740641686,18571.760739931433,0.290717843814604,0.23829763861371545,0.5075898972045934,0.20011019743038874,0.20474983776752026
cust_a2620f21,0.8967461426936681,0.5861960481573905,0.8280978409621338,0.7429025776441153,0.07444724754303479,6130.869604658717,0.0937648202815191,0.390016585671321,0.27079526764898704,0.44774675987936646,0.07372819860826357
cust_67a2e5e6,0.5299095393980072,0.14775519539456744,0.4416304191029253,0.6585261052827114,0.4598081756269069,9988.311315658995,0.38431462278096656,0.7650944081653486,0.15886154229504515,0.021124086403591456,0.04304050970887705
cust_e5563ac5,0.8748506660239582,0.6136691998418783,0.7292744359114897,0.14430974817803335,0.1124673374785001,17217.67704127345,0.19584855928843029,0.646060804072688,0.27790405875690954,0.4041627532712978,0.05052846018356212
cust_3dc713ce,0.7113191310649084,0.7002566511388115,0.24253415558521746,0.2497436770050952,0.47109478449394593,15251.080051504254,0.23636029345505644,0.6021819290310827,0.11771099192393804,0.25996426748009177,0.20657845658852686
cust_efa1baf7,0.6610785359850959,0.6571972843191786,0.33296776922396126,0.06170745588147379,0.34415290264391146,34737.936844469026,0.5279893408524738,0.4885968387483724,0.20809284253172894,0.16084930372471148,0.043268848366512395
cust_ca124b5e,0.7875106727353809,0.47930597382470913,0.6198696221846673,0.3495460818890143,0.6148332248350171,4294.087360783129,0.3002460665303365,0.30924619097207334,0.3365470084877009,0.38473293000092745,0.20247128634452152
cust_f9679ab9,0.689197022260456,0.7101447781847704,0.8240953705812548,0.3199644385469939,0.17919049800239645,279.78739614948483,0.24188959224205364,0.5923546102429925,0.5123580827645542,0.18773990160721762,0.23622351407612208
cust_66862090,0.9327760134258386,0.7653909373870538,0.6364279335937867,0.29205942614368074,0.49488375807884855,8457.591078242249,0.18859880635911755,0.1889921761905496,0.567051823453381,0.44700713220002214,0.08953669255717518
cust_122a4094,0.42001156980976595,0.458984706086445,0.4096185238108083,0.2949660965976486,0.20532050271229293,4643.337138692142,0.09511071634371873,0.5060140509413287,0.15361491184802553,0.28045168855616903,0.05623202616181549
cust_0cab1067,0.8007029720162723,0.21501759047996113,0.5798232880968521,0.36997813685082603,0.32301451358880506,1959.1825841152374,0.29078624523985586,0.39074447582318095,0.1737373330734453,0.13105467929127224,0.055607164297929446
cust_0529c4e5,0.6509047246770803,0.5775440438291521,0.45345236655635174,0.3556418506025871,0.4114561798212365,3357.8494019840564,0.06724036965067255,0.29451535186627475,0.10325914983367357,0.047208657005072485,0.01917854190602881
cust_30f39f17,0.5358401041580979,0.7383050870303915,0.2943784470029918,0.11949936483250402,0.2289996295239824,297430.08550120116,0.5082454315315804,0.5352918395291002,0.04623867301023309,0.14261997441797275,0.7364319432047742
cust_d8d07903,0.653562044239472,0.4754800582045693,0.01750896868552962,0.33093832085245756,0.2706810530437841,10852.73137853034,0.19174921769376804,0.5515096939973314,0.011582006647492617,0.2207013894195667,0.43126935496163893
cust_84f5967e,0.7969929589876764,0.4132753084385543,0.32929861836496915,0.2397157789036545,0.708328750192417,4403.4180141252145,0.1498357179014498,0.6437522280650755,0.3047343571175775,0.04540310252916197,0.1839906199960154
cust_ea20b250,0.8666802911635088,0.2827636190516216,0.12436529902782137,0.13200531145305383,0.29214310110035896,5709.54390799,0.3214355624287355,0.8189767402133628,0.11508330781299508,0.15598858579875552,0.03027818402772409
cust_494d8bb1,0.5827162616727156,0.6774662417340707,0.49532704309443576,0.10041132361959963,0.11221930161052784,59902.918600852696,0.44281133372967024,0.800271803824427,0.1571169997453151,0.4005014958305995,0.7168457784640974
cust_34b42dbc,0.5544174689272673,0.5928174736883535,0.6982096301851761,0.04699983238712523,0.13091504368915122,5990.867900571084,0.295833764410826,0.7647619814293508,0.6076275670668607,0.2285520891437039,0.16166387965047596
cust_c1606bbd,0.9876298669405136,0.3753676111968381,0.7192973598684138,0.15626413716618257,0.24686211699578794,22364.046415089753,0.11537123572748613,0.7026931183490389,0.11640208508944423,0.13588703015714285,0.15922144573918795
cust_673a5d22,0.9758468505151554,0.4324310863175697,0.18024656494049235,0.12088428313712773,0.16392869222883177,2355.3346977863007,0.7175623679484855,0.3461105340408649,0.13154150359799058,0.2603493793279961,0.14893733067113998
cust_c48ec84e,0.8843233348658053,0.33228169917632544,0.45154780374758036,0.2240039770156639,0.49506735325166235,5216.705999741563,0.21746343020234077,0.5210957672092136,0.06681427168636189,0.19756776142009846,0.5138862536450185
cust_fb9128ab,0.6367636749309963,0.6584716559613191,0.6284418989715957,0.31422218577798766,0.3856567890382113,15327.958734605003,0.20840528735590816,0.2344496867137751,0.23723857136240728,0.5563825372634266,0.02018726937526663
cust_bf4db0a9,0.8463011058018794,0.3397714864773329,0.28962092826784863,0.10333311201603607,0.40302642348672707,20932.704318178152,0.1991824404231827,0.3812769379663553,0.080047915412848,0.17419151737192137,0.1956396515792147
cust_c54d16cb,0.47675747680504965,0.4676955083042982,0.24607958474688857,0.5170279435722662,0.2175291175060393,33382.04266652528,0.20949935016731902,0.38503757790874543,0.195294586389893,0.13601425859804184,0.033775509679704274
cust_70a63678,0.729553160255959,0.6432194705083715,0.5744764576218027,0.35180653032980874,0.32731612984925273,49081.31711825284,0.3091669713484851,0.6502813159315387,0.2771915528110374,0.34341434036938634,0.13410802116223317
cust_1c636e96,0.8236955053945074,0.259775002617406,0.343168846413686,0.22831087953492707,0.3804840042060918,70383.01321256187,0.9022082581236258,0.5348141757181812,0.23134507497933426,0.24487488559417248,0.6616973595011004
cust_34f8fc09,0.5269191399354736,0.5292133404315698,0.5410348541876805,0.19975010356435022,0.21268866581717147,7380.723537725183,0.21780030807467454,0.6424890210967638,0.28843428327392495,0.22024538911511873,0.3422032958165546
cust_215f64b1,0.8866146667402167,0.3796203658849488,0.28386033917634645,0.36022325272454014,0.4673777510056232,31331.03072681142,0.2351595804213768,0.46923944413456303,0.145058636307389,0.14365586271642788,0.08270285847818866
cust_b73723ee,0.7274021105255799,0.4757247893878514,0.5611036132789706,0.14600079772185803,0.09214685962612307,20900.33811713899,0.3489867188333947,0.5811259598972566,0.34090924546377926,0.21117191654775477,0.14195919591129066
cust_a6fc119b,0.7082228512612987,0.4493089696869889,0.42412077744204757,0.2586912940412573,0.4566972801857764,14826.451902365885,0.34438249352946665,0.4671531495124198,0.33964958535204604,0.21902840223865727,0.17447297754374289
cust_a75733ce,0.7161058922351331,0.5590783512551484,0.24969869458407284,0.4458386712107889,0.3462821878811026,30126.622753127485,0.513507009260755,0.5865032766596527,0.17803692676785088,0.45857974119016837,0.22859674478653244
cust_85bba325,0.8928801047428501,0.456655786159511,0.14344598385665674,0.27698566648011946,0.3712541976916215,16661.380288718203,0.1168416185735142,0.45944051984841316,0.13255232574247677,0.1760113854527125,0.2949235845889464
cust_e82049ee,0.6159730484041961,0.34194675917537287,0.43894778358408404,0.19497152345545649,0.21834044459633317,678747.3069812623,0.5743427734179286,0.44132015569646954,0.26911890520991916,0.12782877827876812,0.7045245158101218
cust_0b63647b,0.5037665838919013,0.5468755933296178,0.052895710497634564,0.08864729371028117,0.6534418395549884,17564.111854581184,0.25308354979852904,0.4736243307031021,0.03283918542474607,0.33443165028607025,0.045036481004164824
cust_23462ee0,0.6207769851443136,0.6397468702321479,0.2841382222250313,0.26125920929384344,0.12647442022173372,3242.5081374287774,0.479777509988894,0.5082810987426697,0.1416457727085968,0.5562006842907867,0.0006709110267127836
cust_ea157484,0.9010684878094581,0.41738644486639515,0.14244882006093312,0.385461122652376,0.19762862166790415,142596.34519075186,0.4061114660192621,0.709449187883228,0.11954683814022277,0.1990007421922327,0.5022100850935296
cust_355f5b02,0.7795829508837911,0.6409260526722049,0.3883794772531484,0.04580953844364705,0.36702205435029994,517.6664527172155,0.19863911142649882,0.46917065976490047,0.1812147220994739,0.44130190665977476,0.004869739462317271
cust_f4ebfd1c,0.7567523340174968,0.536775744098,0.5924395193008208,0.08704445801235196,0.279234082442512,29916.31403269607,0.1603296885899598,0.5374312792465764,0.2930448980454056,0.25804588187219674,0.2702448487206827
cust_a3004075,0.7001531384489499,0.6306667134728523,0.3812255997781059,0.251105188227981,0.23179589661193659,1992.437118793491,0.646154430145889,0.21492171293532358,0.33603993756734263,0.2778311474513511,0.03987068014302463
cust_b316a6a5,0.8491772252587946,0.47869779335607743,0.7297491289172601,0.3571317224545621,0.4024635540628332,57924.98385625795,0.15016316050969497,0.4964771445035573,0.24093624144742593,0.2263727713182877,0.8589120873149099
cust_350ec8ef,0.6740590797840345,0.37340815090903356,0.11356685026100219,0.3822450888018222,0.3461495008408121,237699.438216881,0.17751807986563228,0.529129174277618,0.03052383400894786,0.09051176079407013,0.6991378502832224
cust_fdf8725b,0.9215872725371841,0.46269121800512786,0.2352635130920977,0.6005056777929161,0.3905859281808209,39468.97137983313,0.12017497163168096,0.45195556733091896,0.06809325809494353,0.068478966162143,0.3636819166565719
cust_75607864,0.8584415547207165,0.4142993939055612,0.263635513319135,0.05923952909502613,0.28710894498835576,20533.292924367783,0.16718578017282656,0.454302501944547,0.1183569039971601,0.2600922451058785,0.04136131815838483
cust_10417ae3,0.8957777019214778,0.8165825475814968,0.12262615460215501,0.38642746572938774,0.08078980354571932,18472.16074552193,0.51215155482499,0.57216682510721,0.070732866485958,0.32323528929017803,0.3605439825432514
cust_20d658af,0.7573427958468745,0.100110485170474,0.3618597112373162,0.2558190829075849,0.4923717522208902,6730.30365514026,0.30284533145734976,0.3600841953788471,0.1945745418265086,0.0554150819423502,0.14008653710934735
cust_bd2ff83e,0.8364338870749188,0.4483992261101637,0.7468247510703903,0.20784490448612,0.40617676566828054,1994.1581340312612,0.09022187789862372,0.31026205365134235,0.41049886346026815,0.14130534184051927,0.05203501674417731
cust_d8412b64,0.8660140361970877,0.2025301628137451,0.5310447592279783,0.30806104296349507,0.5553485412395053,13984.27321760012,0.6237869531355161,0.5512131699393804,0.38578556749636705,0.08137697706265677,0.08257069594799031
cust_713797aa,0.5028958241837248,0.4986572433842661,0.4319766554243505,0.4445596333816614,0.12031001688889481,1517.3314928408454,0.20412921446127966,0.6156188256559968,0.2928941699627713,0.4626796009052836,0.21908722204456868
cust_3599bf42,0.7740268920331752,0.36010232865685937,0.5107702069713504,0.20931587636502927,0.07729341030913525,316082.02010799176,0.25587257537082,0.4676844385650264,0.2732769583425596,0.12140271966799286,0.8028054592882424
cust_a7b5b37a,0.6906766866141203,0.6415643554208094,0.28543750262643913,0.08776937433011274,0.06877353099871357,36573.12508789838,0.7212124279296409,0.7155576686475961,0.23077637729209954,0.41953299024549195,0.04445027379413893
cust_15eab1c8,0.6238929595895061,0.47675906069016943,0.36830438279550287,0.17987345377583042,0.5164142676159311,127481.57841600652,0.3767134544876526,0.3414893706469482,0.2113891023079701,0.21515144560187857,0.6868501989690015
cust_a08a05be,0.5739490075438745,0.9306272603801026,0.6866762903608178,0.43092353929429644,0.3097674202937765,6919.237861409031,0.1365584017394648,0.5116216062324417,0.2882704939599476,0.47934340111001206,0.19036677742687025
cust_1f35b523,0.9656557205415605,0.356575346074678,0.40815183796327636,0.1959569828469008,0.44843620672153855,246211.77167779833,0.2679489660051526,0.8040939320242677,0.33686822852048376,0.028840769297219876,0.42732572047814577
cust_73aea668,0.9562297275533411,0.16661242281719618,0.5374438317432585,0.06603845826548616,0.3206663896586989,1147378.0374337076,0.06595244139132517,0.4978903141841215,0.37952906916142676,0.13371324647617613,0.7276089961427957
cust_ded9e9b1,0.8490544266798137,0.48617869431540933,0.11291335059285008,0.13669801804292583,0.3273524999403413,46143.449634252735,0.4409323022998203,0.4669180692191351,0.10227655221435707,0.43754763075727915,0.3098489475610111
cust_b2a08c7c,0.7335409304137289,0.058176432751508224,0.3414019467871243,0.5390288339671877,0.2242727909517404,16088.951480951839,0.30476520196407636,0.4084137396220297,0.09275462088564143,0.040594480232000685,0.021939304244381515
cust_07e58aad,0.8622045841559629,0.4178909070159912,0.3639716635431786,0.3776687759075479,0.1671343987358878,120414.66997719299,0.38671584819736904,0.3320982775086793,0.21734365077464335,0.09770930790945855,0.4056710483051765
cust_824a8cf9,0.7640815427019501,0.5578746914404251,0.7234145971192018,0.2608536662166179,0.18511294401191267,45360.94669857182,0.687894104623356,0.28171330402369105,0.3642640874771823,0.4137357402063085,0.23942406895742652
cust_845afcb6,0.6367088716936814,0.48832053273903947,0.3659903413076684,0.12319462726532968,0.38056925945938985,17260.22211186645,0.15257975335162816,0.5308866299608975,0.07012295989289409,0.24226529912870556,0.046137379282159156
cust_29b490c7,0.7331493518372342,0.4264693979621778,0.7374293076275398,0.36918960384194266,0.4243073329328185,1271.089789948404,0.8671160416590553,0.7156687639501869,0.42900465226011736,0.32802461467761784,0.039261473365749915
cust_9951f7bb,0.6600847711176637,0.6428726356059894,0.38301173359095114,0.4663493700057874,0.26210992604411126,25184.684278998928,0.21098534868659333,0.38339173508447894,0.10771694580506788,0.13436759738178078,0.30854641096007107
cust_5593f9e2,0.47953799981366113,0.5110088813416142,0.558594036526045,0.15544010752533005,0.46532414464397687,7254.681753364811,0.3285803819512035,0.4966531073962054,0.49383293897777225,0.0854076737540106,0.07178334404200326
cust_0455b07e,0.7878510702741625,0.48139026217221464,0.5692141852827204,0.17020892083536623,0.22708637411094051,21445.32533778488,0.4788989851073886,0.5714021629350289,0.48803380095482174,0.10904093550072139,0.3248873230422209
cust_535bb624,0.8787426477959822,0.4005056206269376,0.5190122371471555,0.5702814900772784,0.09659682271023794,29458.884378508148,0.4330466523745024,0.42523527634643693,0.378418204956671,0.36164917948323816,0.33845246020958497
cust_1975035d,0.5716760143315923,0.4318025211222221,0.29598244732177276,0.1048160912670632,0.09131622837916115,8111.8336837891475,0.3649217582091494,0.6634973992761576,0.14356418716375863,0.3442332969499359,0.2956534338449452
cust_e845af37,0.879107311717502,0.26913256221519033,0.3704554832633092,0.3184362699287081,0.3467053473961986,45353.45407702583,0.3671935094946603,0.5951857634758403,0.10768940112973936,0.1317684349995676,0.09091974214809714
cust_bc35c198,0.7286859570236959,0.2758611678486231,0.3066770239689063,0.322976792328277,0.44802226182027716,15901.592856623281,0.508904816036902,0.5172644405264653,0.2749645897596454,0.07105324075261434,0.4180151020400259
cust_23606168,0.3962975014681253,0.6382779198215577,0.28827793416540676,0.059926784553152895,0.2528615588003815,27233.61007811038,0.14404045962885817,0.5611253412621042,0.2624972687251813,0.2438588822409126,0.2411008862991355
cust_c30059c3,0.8639986733885681,0.4499474662831558,0.3930676631979519,0.28664994384268006,0.636427449393335,3717.8309174295036,0.3328202117886363,0.699544086541373,0.2722315036086502,0.37231251366529566,0.05929350083994984
cust_b3e6155d,0.7556780893253054,0.7147308690649256,0.19990964836340905,0.2602190944716264,0.21215242890548497,23625.22907487834,0.05613511824655964,0.34327563308183884,0.07574917925230437,0.04324713061877399,0.39661922242602893
cust_a4b08505,0.49377938264387267,0.3022373375976625,0.03219251543620308,0.09792145312019443,0.18969248327137722,88038.25090408296,0.13790938580707238,0.31172775821019694,0.010726202363297676,0.16800741987841203,0.8143641061683107
cust_1305dcd2,0.9023724431641416,0.3025031335960264,0.47644344875701744,0.07387879436079595,0.33646692493219293,21801.40049536121,0.2937355457308511,0.109864692863796,0.3307307729737364,0.10962290563946016,0.17116964385364758
cust_1ae84e10,0.8042224588626714,0.10589082809443752,0.3652272707689073,0.21744943213740026,0.27441079957087766,25769.821098447086,0.17590786373525613,0.4550461483216015,0.22293839244780458,0.0462232794329659,0.07377561287402365
cust_20841ea9,0.6943063440652851,0.33467032177602174,0.5644729219946003,0.0560958629570463,0.10366050321280625,11796.709266919335,0.5311398608714798,0.49453869036454734,0.16427316484703808,0.2894675808040077,0.13382925569620008
cust_02569ca6,0.4345116650963476,0.3328279256845581,0.6072722541790547,0.3440520545480714,0.5584928014436237,613916.7158321491,0.5873170774779958,0.6932735805652177,0.3002331267168576,0.102194925176,0.2973966206198778
cust_5c0a737a,0.7040080542624263,0.522909585115423,0.14779990161545384,0.3813592139894402,0.31632324265988165,532.1921545710603,0.15198360740456657,0.410905733860729,0.13423216134426386,0.41801883156850084,0.2830731264307981
cust_3cefe942,0.7769407100008875,0.4448077005413055,0.13762162545494547,0.23085188238594323,0.37118926963635007,53178.064929735236,0.37633710859775416,0.5009487441195766,0.1046069991945092,0.20252731917714742,0.7473388640184991
cust_49c6deac,0.7800104022815649,0.5506254772965906,0.7144687466164533,0.4721423070365894,0.23437660133366225,2168574.745511065,0.11337942189784282,0.6610442681197057,0.41285703086204995,0.1699347385959732,0.7425970660373347
cust_ef91807b,0.9124218063591653,0.5828439159982484,0.43535336278743797,0.08879759532534034,0.564915913121592,2780.03000913556,0.4279660438343603,0.8795029968211024,0.14582729454433627,0.1471896147072858,0.08082252070963497
cust_96a31c66,0.7515862169857164,0.7268094863524495,0.097177287168442,0.38211654907763937,0.3274139314327093,20467.70858205248,0.21245255275171132,0.7245294641123307,0.08405151787907379,0.534342575919414,0.0557810627838756
cust_66f3b8e3,0.6756418884672316,0.47927626823743474,0.46438037577357755,0.25225542471736795,0.29382846371424903,8453.46469488358,0.22510408145689398,0.5941872655066321,0.3098945859398145,0.30905190186525033,0.07409547565399077
cust_117cfb64,0.8035850608535151,0.740544392759698,0.509510567563958,0.3667102707296586,0.17885548275021446,66373.34296202083,0.5480978745312488,0.23051476579291083,0.3461620522844404,0.49400246104630535,0.7970442028610644
cust_6d3d78e6,0.7039611819860203,0.538580635058219,0.6199195470318217,0.14038376708294834,0.41371764183346005,32183.845986960852,0.6060841386329161,0.3469512848974996,0.47289023617505,0.12990093076750744,0.09016208788107886
cust_a3ff3b83,0.6698245825630965,0.3274165983092867,0.7126334896235458,0.6234172997341022,0.09822410315769711,2407.3471418069475,0.2641517116264486,0.31482936556119545,0.28415225535816835,0.11038305132225458,0.03157641966883445
cust_3d052d81,0.5019458018581678,0.9385263054735099,0.46154319660867954,0.11260804089772079,0.22511338111402376,12993.449467250344,0.16522324881611647,0.7107986617323362,0.1578702303857008,0.2394122708277351,0.1713520178413324
cust_32079188,0.7916300739506298,0.5275017810981187,0.45476375254861584,0.28612732738637964,0.2208533665268056,5758.352761532652,0.049897973238943814,0.5525464460077617,0.10011530757480715,0.23485925081363762,0.05521742764033329
cust_b52a2ece,0.9743913552641946,0.5637936573123825,0.09063779782824281,0.4541276140187568,0.689520459493938,31809.12441521006,0.27411752292364927,0.631617435894844,0.053811987575834774,0.4212787255573053,0.11509305318720113
cust_d5a8a8d1,0.9344294014061032,0.5501132576282937,0.7620052451472483,0.25732226688437815,0.22100243724982166,36667.16404456667,0.1805304215435119,0.11813809811900139,0.20281010428075144,0.3733706394996185,0.09087194127036645
cust_bb3de0a0,0.569560673880408,0.2751675470448311,0.5682606262868499,0.242940753165632,0.17596467737791316,35669.52006085289,0.5561063092985945,0.45696823933597003,0.2331108754685809,0.14711306460267107,0.019114142810101348
cust_3f616226,0.7875609917252959,0.3421081243104958,0.030723913172366977,0.4724224253840319,0.554828781321598,13237.634225813234,0.5228195205851229,0.4465351553186985,0.023396305357111753,0.24204697224860552,0.3069163960087585
cust_06084ab7,0.7534600013672179,0.7315292756943564,0.24936161297897136,0.451602399377317,0.48486595179696884,6327.012108019483,0.33971801030670457,0.5689049069858402,0.21422388329561576,0.5929185292943356,0.1816615887015365
cust_f69abd3d,0.889905093482345,0.7117727276152915,0.20368044369924038,0.4592494856323922,0.12785080352505665,146582.97850254932,0.21603134640052546,0.39735973621112075,0.11704380161632896,0.4293155413096271,0.8718608275721358
cust_0435dc2b,0.5562923665229269,0.6105539318395775,0.443829569755439,0.3653366429862496,0.33295908237021876,472.83530624851244,0.27829157043083075,0.8691118697387126,0.12259239098212933,0.35487301535299404,0.12985496215195383
cust_8970e144,0.9128078732993116,0.4511134772593058,0.5167359818712933,0.37379767659414237,0.3950498607710675,665338.4180374643,0.1997524290263846,0.3774791144363659,0.35295725966199826,0.13776957291044306,0.7874396355622932
cust_4110eb6d,0.8510470766057108,0.6865481052958501,0.4168940420067756,0.1156551141873769,0.1590166797658218,11109.809064686224,0.7712865681385086,0.8435204370216136,0.08792578366647645,0.5049576085930865,0.04405797704955009
cust_a6ab9801,0.7431345382706682,0.2817027353984009,0.2955152156800166,0.6121531138931922,0.22209732718304442,135143.23270854686,0.09318824936897903,0.38019220492913813,0.2323793001162201,0.25120824417728266,0.21364702692400608
cust_6d12f903,0.7826656150728084,0.30333682546876495,0.10699811955631056,0.5426775863730874,0.18958056417964303,11429.715807527431,0.15566511211644649,0.12438481548473708,0.04145037836973704,0.11923067892938982,0.32723316381737316
cust_646cb9e7,0.7557151582194397,0.7135537599186444,0.444525637116652,0.23344627360946751,0.13524291635097246,3338.521851795391,0.549890703459894,0.693205768777818,0.33800408628284123,0.592805492527412,0.4793147940457461
cust_ee9aefdd,0.42340187370138077,0.4699526476878926,0.19679054020922634,0.1535374122630574,0.22749230117668537,21332.735860162502,0.4163349957407145,0.81365339090811,0.16174395969953081,0.191036943673051,0.15537118151555354
cust_7b7cedee,0.8879666544784673,0.5756879817970414,0.4152310744478014,0.21033910820354332,0.649208246438736,23254.759414864373,0.16654531576661163,0.28497107738462557,0.14664793693528105,0.22531745413715218,0.08382090732048011
cust_a55b6ce7,0.8771753966556017,0.5227072048784954,0.7081048609139806,0.04890775865672896,0.26084395787417375,26878.623076695225,0.207718688910591,0.5105162206671258,0.26937360346574074,0.06088973147750546,0.18555981886497985
cust_1820d262,0.9366564351433361,0.5334851883255607,0.24379841206238245,0.1773459922036367,0.4245390682922452,21974.566421295887,0.23369658694369871,0.5922177953479871,0.20028805459946544,0.10536603396007056,0.026073533529370748
cust_b3c0c753,0.8530538068502541,0.4727111101102628,0.6206256412985585,0.1671212272071001,0.26967019264079983,32223.856605929777,0.35406531941068453,0.6543828270447485,0.47127334960008227,0.17234183190701266,0.06080571815977782
cust_ca97fb03,0.7079935123115212,0.36420268184036053,0.38145922082783296,0.5451625351655044,0.24079637886339936,9681.565528863557,0.41597540395822424,0.5755103249590353,0.0681779097615137,0.18613011387167075,0.24722729457629466
cust_483039c6,0.8468298749476146,0.6470378008034531,0.6370171921529273,0.15254565343334459,0.3211792196859171,85013.541255519,0.2129334525857504,0.5803747828898069,0.4807471329986476,0.07882886526699591,0.5955006691062851
cust_fc310f16,0.6441949037896695,0.5550161212554144,0.5159141379197717,0.1755886929195095,0.43107729700198927,1692.2928904446696,0.4902182870244124,0.48337200441344597,0.21626904330155733,0.09037973733159425,0.027789970890007374
cust_b63d142a,0.756737303873089,0.7043236107428995,0.7068443494396908,0.5930921961927078,0.40700541347840724,23589.590806991586,0.4829563371450409,0.5022004206333576,0.6038529625732487,0.6132983041400589,0.2720686803563505
cust_f9904777,0.6290969793439753,0.4393826333687514,0.16809570673268062,0.12647992933467456,0.15325699530946588,138840.63550673437,0.48485468650679164,0.31109056231520077,0.05472934726576456,0.12598908769135028,0.7898459011073699
cust_f702f8bf,0.5446609540709029,0.3737114061141433,0.7181900914828716,0.24098837552385838,0.03977601731204314,11638.665818030948,0.6773748621146563,0.6405427741644977,0.47936262212241687,0.1510738085538793,0.037257710464380665
cust_6a0ae738,0.8242725805706891,0.856034010752319,0.3127467354932207,0.3692976197520799,0.5015858101031813,41991.682967949055,0.6226497782212667,0.4328451098016658,0.2435135755197722,0.37929586089595013,0.08043574880118529
cust_a4f1fe11,0.9116588537097348,0.591998548855534,0.6087728119816072,0.2799229282345399,0.2915237859503322,6835.379122604134,0.2913163391478663,0.5352486918476934,0.4616839052398593,0.11900613648941305,0.19358728535142034
cust_22e060f4,0.7097799923453255,0.7482342526205648,0.4124538612751901,0.25434437006298644,0.24325840131033152,17662.831008561694,0.0706400402742997,0.7932987461623743,0.21063724168472925,0.1964799616467902,0.39208106060760906
cust_e4b9db32,0.958029681294277,0.3607968201968572,0.22019226292692348,0.5645116283730769,0.49502800132777874,2576.5284827012015,0.5397338111853438,0.7132765039027023,0.027833740450074553,0.19946868401328335,0.09378045679493204
cust_79fae912,0.9200530098032644,0.8755441010956989,0.08360892837341322,0.1959929431394475,0.4705470474504178,48034.66564511284,0.1422410435663275,0.7993119464646538,0.04808787528297296,0.48227528132180886,0.026469711478906286
cust_71bcd276,0.503063053466374,0.6108237423107352,0.6648987116374675,0.25456580758517094,0.5422244712366944,16117.715868001025,0.3675953063672938,0.6879842313159583,0.22151887419938773,0.21158960096062493,0.07477150615048934
cust_e762ff86,0.5439869434405432,0.11841860584956193,0.19118735610274928,0.23411772107833065,0.347022573643033,22575.528439371545,0.27097672114694543,0.7523798551271873,0.08356774684062483,0.05206522692898749,0.03423292108851363
cust_156923a4,0.6727123792075903,0.7140736448277476,0.2017163361736953,0.1205623821105234,0.4544056176852633,5605.825531398987,0.18650935241835176,0.14765687771203556,0.055256449429250676,0.6443333396087226,0.06263518541511433
cust_0c7a5fb1,0.9400411181009923,0.4692947837492186,0.48459631987220264,0.103715056267425,0.130229460197531,10540.873770805993,0.2100750006409312,0.15529760668717865,0.1853910220617228,0.20403251426570423,0.023467438998851748
cust_68a6799b,0.44893340860374886,0.5565339003326975,0.17820100022980065,0.3419835007716952,0.10379439093982196,878392.9940666163,0.8045770514453586,0.5995736501401684,0.09284439898280347,0.32162343997163617,0.9144100433623332
cust_f69322cc,0.6966461360012782,0.45091101643423676,0.5152365953990705,0.17732372980808062,0.503373503000577,85629.81799629658,0.22709084480159578,0.4146536695995043,0.339710441883485,0.36956651859123474,0.7903572025585197
cust_8fe1e851,0.7342059211074693,0.6070832941026353,0.22926803826393596,0.46848576716922824,0.730418063337744,23118.75177921567,0.31572963497177053,0.7276388004357653,0.06643886416165701,0.1567400756953077,0.00021955162818913955
cust_12a3e3b5,0.8333629809543593,0.3579322656511996,0.1470350572835326,0.10818720372635178,0.4821819253990608,18154.463406905765,0.0762618141166646,0.4074834141471174,0.11060372236557764,0.17645657008092971,0.17531838111067322
cust_0a55b4f9,0.9102012372196469,0.6919374021307938,0.8417552665075159,0.31499646788696073,0.6435371377626895,1579.4372805620706,0.2113340893463463,0.4364647457615897,0.6735038704313933,0.3054091243430631,0.2551734388487416
cust_ae28cd0f,0.7080419255813222,0.8543970716156025,0.5769805359667836,0.4066172214996804,0.25547865237219425,24287.65907485178,0.36498401654448426,0.3634750990156644,0.24304148962036518,0.4776830898250001,0.021521267954941543
cust_766443a7,0.9186776181210902,0.2861159554751121,0.6551515377081504,0.20086843122476178,0.05099652135562158,3105.1947171419374,0.4443084933017782,0.8631013053874111,0.36772046890224025,0.05898838614260254,0.3347361836030148
cust_a584a456,0.8398322104768746,0.6041470671236808,0.27745186660398474,0.15764846474030336,0.07203829741899523,16983.86065524902,0.10171482484253681,0.21411115686667856,0.15216456493541178,0.29823592329958626,0.12423283808295592
cust_1549bf0a,0.8539765181712341,0.6445980648216886,0.33253304608010353,0.512653434431524,0.13669732624696654,123130.20209894548,0.3675362947334721,0.5710049207629736,0.3093118573358438,0.4901467680660084,0.6824467676654512
cust_739c0b9c,0.7959794853165506,0.6748416679346738,0.781667460720043,0.44653276844257106,0.43211416115347806,2527.02372628666,0.5985082535176263,0.8882810185554295,0.2543305855429714,0.36963348061661694,0.5155208561128785
