id,latent_payment_reliability,latent_liquidity,latent_digital_engagement,latent_price_sensitivity,latent_urgency,latent_customer_value,latent_retry_responsiveness,latent_delayed_retry_responsiveness,latent_message_responsiveness,latent_alternate_method_responsiveness,latent_human_escalation_responsiveness
cust_11adce1c,0.7947293585991474,0.38611876159048164,0.1982697485963969,0.4312365979893803,0.3189773905213752,177319.96549821485,0.4035786001777459,0.257559841812322,0.07802079765684075,0.011679225079672048,0.6474889212343963
cust_abd1d6ba,0.6449387887253012,0.04000982386434844,0.5184851017698527,0.14185190726861355,0.4168616549180544,11728.18560938908,0.2929736831964523,0.5942142129840455,0.3932760489019763,0.012171566572022955,0.6391481452078315
cust_9d2218e5,0.8709003422767172,0.2044789038631133,0.6331977222460036,0.5174908021308833,0.3985010185124872,20828.75480286894,0.32495979538891817,0.6752794569314251,0.47036108135678645,0.08353959167589586,0.21114274146288833
cust_87220cfb,0.7526438496595244,0.6403697377702905,0.46424534327751965,0.4214478141613986,0.24812217650499457,13779.930752343531,0.26207583824391945,0.35812313008690083,0.4037451004519339,0.22512080220213193,0.14506377210720592
cust_369ff8f5,0.9720910635721569,0.25021991826568885,0.13504391348211986,0.09568036790748381,0.27956116247572,21163.73256736397,0.057925638421818526,0.5988610408003675,0.10118829225094524,0.1546183888656482,0.2482506454809699
cust_2768e397,0.43577438095479804,0.40543150463189004,0.33120711327629854,0.3583067526480277,0.20980931978563935,229.42557425457224,0.39335626473514956,0.5728289413514177,0.31591188685286375,0.2286105300388256,0.4280363655017345
cust_177bd0f7,0.5178254055315112,0.7091968848341779,0.18122281099413826,0.22327258414033052,0.204593029073986,703.966928040513,0.18492119516485905,0.13271625083059152,0.15165389172787813,0.3425210318654985,0.4827716962314304
cust_ca145c46,0.6102011006602706,0.11005970588474599,0.10572543284298565,0.2031880152857683,0.7121286883602571,20389.900345115653,0.31882502161719345,0.16766076018705434,0.08122035920024567,0.08107585124477365,0.29272563483916353
cust_e272c355,0.44236952547577246,0.8889117490851344,0.12267332478222073,0.2678228908631059,0.6311307788340227,38199.66984019225,0.579032943046833,0.2952339355814754,0.040380495761652174,0.5759801641204161,0.26120336236713715
cust_bed146f9,0.8427337968734346,0.27002059173523063,0.1632619648875173,0.27394034854532473,0.3699446823835498,24060.983281871486,0.3981759758176632,0.6361377974113526,0.10538819289414363,0.22559650163545503,0.11100403553197974
cust_7cc9d9dc,0.8674927195150156,0.19415344811511628,0.0698680649120764,0.2360857314987697,0.24428298152546427,185588.7783889822,0.35814707436630405,0.7527886118316608,0.017554070358558004,0.06892971000033422,0.8557820123147568
cust_66deaf8c,0.6892571955773137,0.3270185550622567,0.10039120139241883,0.34265874472291075,0.34299977090851924,2734.9863134617044,0.39369421301945434,0.5850615652352658,0.05140558627081155,0.10064582087851953,0.03637740277578163
cust_10e99a60,0.6775645792070192,0.38266735936184715,0.837973617686023,0.1937449471022251,0.5110816310189984,27942.024780689648,0.3156019809390113,0.4590643784327606,0.5689339267699718,0.07959294017551434,0.18376593370722874
cust_4a17b3bf,0.7510770285544456,0.5613025753602587,0.13465835509104962,0.22068630245671397,0.5020498495015392,30567.513428531416,0.5334216978578572,0.2721175719776119,0.08085401100715885,0.1584261211803398,0.5158388048231506
cust_be4bf9ab,0.8139357664028801,0.2894951005245141,0.7655871649306982,0.700780509658014,0.5244567300107572,2079.458517337423,0.3150539504787846,0.621989577556886,0.39005755284849664,0.012334319771447388,0.39931740863693693
cust_31563e5a,0.754638355654758,0.7801422109303661,0.531936390753126,0.5049622761511507,0.31602727626067745,14321.414103896395,0.19625761338493436,0.22663824237387253,0.16414378887647263,0.10569355956165978,0.23444762216789763
cust_46347c3c,0.7862044553900958,0.40651818193545153,0.7035499401590809,0.18198805508229363,0.16769526949228694,5421.941500902513,0.43601806441749125,0.611006813169961,0.5078351427089708,0.15957935064876735,0.06311140376542841
cust_18a30818,0.9260136489869638,0.2078956955603119,0.7297942659802195,0.4165184298955184,0.01459091923023107,7569.517360765959,0.3248180506782745,0.35998676342681,0.19235588286115,0.12051115659763427,0.315845962169442
cust_6c10a92a,0.6121789520131568,0.46198886568965025,0.571257302198269,0.5351105819998352,0.0712853291123296,24413.329388958766,0.48509840920629166,0.3646081840444239,0.41682748861355906,0.03963141455836102,0.056429850451333974
cust_242c7b08,0.9250688170062381,0.7354977672953106,0.38902259573741343,0.12128992848537538,0.7421027588994675,40039.70323662909,0.24161184154928692,0.17015061424240943,0.1457128530222399,0.460111346091606,0.11786398165704348
cust_ea71bbfd,0.9095929449288462,0.21844504001373602,0.3843564724381671,0.05451810830432278,0.27091448575297983,71065.16847441113,0.42579716293671965,0.5840675061613234,0.21936406111832926,0.034093531538967395,0.7558195994778405
cust_fbcc7a71,0.7805454614658882,0.3910848421164889,0.5053588781901173,0.33751113567550384,0.2186382902998377,2269.627613445998,0.22567935492065166,0.40918054024139183,0.4754998627649886,0.23838160480829984,0.03890867425353953
cust_cc3ae9ab,0.7043809267394381,0.6322027513601968,0.4269750084940064,0.40856136264163745,0.23138227133241732,198910.4923976899,0.07417182883602734,0.34564391462850486,0.3515866766779171,0.3963456868029125,0.4942538649962578
cust_97e5797a,0.6676113597481846,0.12479605705095449,0.5265440500106998,0.1556728858852162,0.5334218064243342,13550.363401008723,0.5775337195247657,0.5999730750625727,0.32903135747138545,0.06981527832744787,0.1445135503944938
cust_cb4db863,0.6641305922065376,0.7720718631873026,0.5741868795539106,0.4349053252680017,0.2285345704307687,1789112.0368925247,0.1107643034305836,0.8418072664396817,0.4870740390189138,0.4784575015692629,0.8524025036622296
cust_adff0a90,0.6227895151702438,0.6599549997499601,0.14658532733714655,0.188228335950975,0.21778258366770212,198303.81206729254,0.8110149271395048,0.5241577143015955,0.11839352918086937,0.23271681814385903,0.8003543569517556
cust_7c701235,0.5280861965178661,0.7632428502870201,0.15509126327483252,0.3788133071248764,0.5575443103810244,1892.9348426467523,0.4160041656592981,0.3782652399274884,0.06057909608228492,0.33977889731049765,0.1702747148181318
cust_b718d573,0.8766248194812748,0.3916161531307622,0.6405708998472123,0.05818966665030163,0.40790252057037857,41781.15496420466,0.37565624430216776,0.772803348908752,0.5283194479519298,0.02478047138772721,0.02420256780438821
cust_bca9f9ce,0.7242458602702493,0.45815750006849176,0.38411603717784193,0.16608201258481364,0.2010784891806173,4618.506554322992,0.2281362911218453,0.8191586002371357,0.2933526030856534,0.016715081533937127,0.2545644210251601
cust_f02567b3,0.8242461052961196,0.13507260071055377,0.34404892041920837,0.3545934559082432,0.20912820953847666,47140.62832184251,0.1513173275547471,0.20879844473582249,0.2572094783994311,0.09663216171619309,0.3696775926558581
cust_86e90ab8,0.8845101884568095,0.6499145287432415,0.32083486782478066,0.2961082631868909,0.08124285934693927,4492.231480088263,0.1473127706426856,0.8043175594557493,0.1609383204925642,0.31439854171476267,0.3623864303319892
cust_d5096058,0.9762657766446692,0.6002296979424151,0.1011482816223492,0.3992143057577721,0.3268704922920033,94800.51957561368,0.20182533571396785,0.4137855095407908,0.02950695918185735,0.18904157869064497,0.6315010386808779
cust_83bafc62,0.847586221939995,0.4821937886557757,0.5862357687246672,0.047633896947247796,0.3457906970586967,31994.595683121217,0.29090653524487897,0.4138131636458185,0.45866824709226983,0.3346547284198007,0.35823261200090906
cust_dd888c30,0.8459047254765486,0.7601024320404964,0.7835339132665939,0.11675376291851766,0.19661929724558544,2505.5724317140593,0.2604065201451538,0.557886929465092,0.6857593329186321,0.4096661157453653,0.13261240095421314
cust_1928d325,0.693039601812487,0.611272103195449,0.19731696976458282,0.4448866628870447,0.17615807351708582,18073.344775028287,0.6474830765107255,0.7075828472520803,0.10850363852813055,0.47697176318562995,0.20845327473601638
cust_8b76bbc0,0.8838873738242732,0.8223699254348418,0.22602897203763042,0.42656410622213764,0.5003758626204969,39437.96909709029,0.23861134813524554,0.431813091730114,0.057709223015427684,0.15673892839646109,0.08259721887911181
cust_632aee05,0.7095386307497342,0.6259412868079139,0.4066818543023106,0.3222569707597156,0.683785277530014,47695.89192489692,0.3515323593368918,0.2649713945834217,0.32554129316532815,0.08869241960150065,0.0450355970859947
cust_083fa3e0,0.7799973397466309,0.3234166761935896,0.6419881101507546,0.3739354039827535,0.21352732619703083,246820.39260018262,0.19509045656036855,0.49095223439935587,0.12300825105199414,0.12194455987036264,0.8443366679301597
cust_b7109d6a,0.9096100623151174,0.12013929512002403,0.24488432095707352,0.20872283125539748,0.44665042854828485,43511.99059254466,0.40857384991928974,0.7103359245457282,0.11704895165840584,0.047319088646671864,0.23668925870949706
cust_9c9c018c,0.9325024557841819,0.4012436487533052,0.3581968374298915,0.30992386191300986,0.3174729659838723,350.7335392769997,0.1771290640382103,0.5596097523681405,0.22455465604757816,0.12578700925730826,0.03254488872418425
cust_3bcaf801,0.42619543011247607,0.4235976839886532,0.2980637659220639,0.0737546361252122,0.12602794522575017,90322.25695898444,0.2254837147203917,0.7309399727374747,0.11402636307322381,0.09492840550029098,0.759599370757882
cust_5730f9c2,0.7803164500461212,0.08913890126446228,0.6131929491387192,0.4036931336094198,0.5528400066694235,41934.13442498773,0.3724950396331768,0.468158396911983,0.527856749070845,0.06116436385384531,0.15922137372651926
cust_14b78c36,0.686491102457343,0.1705728769156636,0.6575942441649847,0.12233929089431649,0.17392762578649373,98046.00285853144,0.5935711425093747,0.6582443314086207,0.4067170684772065,0.0977625136942266,0.6735261306077035
cust_ad1dcfba,0.44631750989672986,0.6128100113174174,0.10368361433953245,0.1338064646393162,0.5116126854359843,373334.11525587004,0.18158263584837453,0.6461033809210995,0.057085913395651236,0.18893690092636717,0.788088544992843
cust_8ac408a4,0.8781837561668705,0.618552554377795,0.3001832106520788,0.15151403682190248,0.34964182208875344,201051.5232367838,0.19801862330369263,0.6828584266907775,0.09093823881751122,0.2389499777612948,0.8126022448855527
cust_9a32b3ca,0.539429036507275,0.7206474788864383,0.6297550752366937,0.7721132151133261,0.2424490451395499,41253.98658198117,0.08445125655773747,0.12972255162191842,0.4098054461080913,0.17240495345245702,0.1834327864899238
cust_6e80c8f1,0.9533079524978548,0.6164824805291987,0.390851741205167,0.5709454632953179,0.49677242285257067,10089.069284914314,0.047058409568307334,0.2556288087802792,0.3324553682671054,0.08160861075521274,0.13920505442593628
cust_9f2d9be1,0.4114562526004549,0.5210998064155181,0.11292567269490544,0.2987913054181908,0.18573771819346585,1537.6672143347898,0.18627103332953696,0.2869727826205145,0.08065239075397172,0.166213156853818,0.03592954245061243
cust_4f4387d4,0.8433374846039386,0.4233271714312093,0.26652150032741345,0.2936704836180782,0.4446066205366159,76061.86891945139,0.6616328178698767,0.7639729775034504,0.1432419948271495,0.07025699917878608,0.4743550452474033
cust_b0abe61a,0.7765288641790973,0.2949931800431545,0.2611426177290928,0.17146064550001847,0.37190747841742156,936.14282111173,0.3880485491389229,0.5252342632486479,0.06478787011220083,0.24835044407345805,0.0792986049725136
cust_a751ed35,0.8125913479325534,0.15117243779548592,0.4622803023004385,0.23757123533570304,0.27461889833876535,10576.638899562611,0.34785236101649547,0.40173816905364995,0.4349667482307809,0.12245681243229806,0.26495567421943117
cust_e1f99137,0.8847632606342538,0.6648976165414345,0.48205499208354274,0.18734342236792684,0.7212213594636727,11350.326718027778,0.18252518400170367,0.5574811040850987,0.2287805591171319,0.30774482348019416,0.3404235852239154
cust_11bca6c3,0.9097855164593689,0.7596051470328662,0.41363678809373794,0.21766445701494852,0.2522947878358174,4342.9387981553045,0.5600116807367538,0.8464105892837641,0.14428937843113052,0.29263289069635734,0.04574819231890927
cust_544d9f80,0.7483725313516733,0.544605233602744,0.564455074514934,0.41453768904985877,0.35230411199877276,49226.855572130895,0.4979037525453488,0.7893198815165413,0.3340814463436743,0.1930698853982548,0.33047935515007915
cust_8a7f4853,0.6396620392168376,0.3782889682518518,0.4749596404049023,0.36351084568726416,0.6570366245391798,13703.364501438817,0.10930087604398961,0.1345883363076407,0.13959003645104515,0.20215454062744684,0.1485787617680613
cust_a0ebe79a,0.46961331143306895,0.3145696618376941,0.21803573621509345,0.19560588063536333,0.5046853731285385,196601.17049734553,0.5680573244669681,0.2798393872608003,0.15451146617436678,0.16490853657993107,0.8811673492120058
cust_121418ba,0.7037757497550352,0.6334486133131333,0.5966938041882894,0.14317334438808973,0.36506073069558037,36043.64770049408,0.4081416705688199,0.8722665746109538,0.3626308818112441,0.5400408928843433,0.2265860782537286
cust_fb3c1a48,0.8836677844156803,0.4435237112172189,0.8817163518841161,0.1842227504145592,0.4276946499553725,56316.6579602551,0.10422780075639769,0.5757103863039311,0.39225795168037086,0.21278197176568422,0.5070725183076504
cust_880d8ee5,0.4175171614392366,0.8171996713592299,0.23568089811647147,0.16759489134828537,0.5592342170647796,4896.165297642013,0.6281966630768042,0.5023466147725122,0.06549716638528429,0.6829628266583276,0.0002843244670108493
cust_5eb45fe0,0.8647582935757802,0.09159788037155613,0.3751408324791196,0.40083841813959814,0.46818879184746837,58422.51297651649,0.42020550953803715,0.4665998428200819,0.24863249216657027,0.034211185059489994,0.4230717128891921
cust_4b0c0768,0.7671256637548438,0.0783516228324281,0.1807886480456409,0.3804331359512191,0.18044225446553178,36286.38255766588,0.452668222729649,0.3697607008560668,0.11437344160314084,0.041675675219772196,0.12029657483270793
cust_e574d48a,0.574208771957322,0.9069542710035957,0.6067056149773049,0.3207644884002981,0.23423157882318307,13974.890363664565,0.17289251972003825,0.7677266696990449,0.32539947489843685,0.5669202387469395,0.004031603608052084
cust_c7f6ce11,0.6657042327715911,0.43555272538281486,0.4558601465083202,0.3524000317163515,0.611403603462515,2168.9988149971873,0.5444220138764201,0.3298968571636308,0.28717631451041836,0.11389280860180706,0.04897160592273248
cust_ea7f6313,0.8510244260282616,0.571566388174647,0.272096171854432,0.5668477680078082,0.4015535627601599,114424.13052133503,0.5153532491599041,0.6248731934335464,0.19763021802931363,0.1385256043769316,0.6696425214876601
cust_568d250b,0.9105418856645155,0.5320415620437049,0.4293017881574908,0.46040398544395794,0.28563336105383286,6989.965071961984,0.35585772584844383,0.5069917236997242,0.19935926680980717,0.2840103278728919,0.15497430369880857
cust_c0693dc0,0.6004372388020531,0.3570860312401384,0.3059183252066133,0.4646660713151532,0.5479498502878557,27629.997627369612,0.09641095831781775,0.2993227862262031,0.20586210126790028,0.125620077298096,0.14855247060755142
cust_6f5d25b4,0.6510031622305471,0.31693780482533934,0.32833610048694645,0.6149905385290457,0.7228034431855243,2094.7678518975245,0.41647145700218896,0.297961573286498,0.2559520695091321,0.22674775929891552,0.13190383893891064
cust_c800dbcc,0.7293673146540285,0.5317505098186769,0.2557225142843628,0.5363982637376423,0.02759603435200469,2033.8734255732352,0.24421336535281954,0.5255081288990812,0.16958862707024117,0.2656011883913451,0.03843933730643986
cust_baf4699d,0.8385989949264195,0.456401745068182,0.5532923503295278,0.5168331099424716,0.3859586036639865,11739.442430354564,0.13720779765466826,0.5254685863187968,0.39821098198429405,0.11662880115815319,0.026518864612394232
cust_7544b4a7,0.6899410017648666,0.3357089373126574,0.1317842017754037,0.4288653848490614,0.15090235737513574,82193.2489343937,0.30504199834336887,0.9067192531525543,0.10913157957608738,0.09847633149944114,0.5869962998327684
cust_54399732,0.7513448178815715,0.7314266243477641,0.5849761804642168,0.4192582389829558,0.28372282135334387,56371.99608433272,0.43922656380292796,0.4992084337272312,0.4770788828677175,0.4990840808613782,0.8861361179593042
cust_678c4942,0.995650332347847,0.7591229646581936,0.1642260771825916,0.4010251523011846,0.37540396762182043,9223.066612928033,0.1407772318604999,0.34575742957189154,0.10608833600431425,0.20137057313087045,0.05564862095957642
cust_99f456ae,0.8307188944860522,0.30460516788452313,0.4459797092699113,0.24424110795300955,0.23653343665539725,64806.59366342882,0.31267095123976935,0.49500261013960734,0.42096497010402273,0.08561480365077402,0.44002096399062574
cust_9206d27f,0.46402124728393457,0.6301507570667108,0.6324909764725349,0.2864944925483403,0.2678602436767958,14293.581814593768,0.6682774487298313,0.49586561700917087,0.5452717025871034,0.25553212522401153,0.007571546224382072
cust_5c8c508e,0.5272851701259108,0.33863750226396033,0.21848135154534196,0.22597506038373033,0.3777763378813679,6666.341145534598,0.4125706205013591,0.5883378945351149,0.16604808540917532,0.26385427352281465,0.015499929864175168
cust_43fceaee,0.8987763723403637,0.6446943057555617,0.2813820983200203,0.35359803919394345,0.3004177330337839,30906.877555661496,0.3326395536839644,0.6562467301299129,0.17865278982865948,0.3215591498926352,0.025148229573785822
cust_ee42aad2,0.7431472951174108,0.43677588650824295,0.37750788387225886,0.30302337722615863,0.23224051253404154,4048.005066076044,0.23806991817126985,0.2200308764371524,0.14242667072440607,0.2392022750068012,0.04363419484013825
cust_ed799b5e,0.822224540446284,0.7083497073342394,0.67425725518566,0.14730652910564762,0.32675414635590055,9772.19090558253,0.262043690784525,0.7656213721859298,0.20004461622164357,0.1352538630029836,0.3342570625870621
cust_c7d8f1b5,0.7772644711843971,0.4782177222929545,0.24256130249500032,0.18075096522227732,0.060467709052824746,212931.81052203977,0.21392955862038274,0.6912420313342342,0.23004446573020157,0.04834323333544472,0.8282578087134457
cust_cf5551c0,0.8327689517066061,0.6412891433105363,0.13597748804317866,0.5498175860283983,0.24540476695141306,18838.003158709584,0.30030515386614803,0.8494705563510874,0.07462740670925432,0.12381531413728401,0.06064706534823192
cust_be98fc28,0.6628698368243718,0.30923128796231664,0.6164145841096162,0.2051417663724088,0.16576921427486083,33154.85681520916,0.4188576633058476,0.6774748920870857,0.43909195236417664,0.10868788630080219,0.008815517200477263
cust_acc00e3a,0.9247348635839512,0.7986340819982074,0.3345043460953501,0.060351010188051855,0.4240236624239032,3303.8990480590837,0.10625394861023083,0.41501887733861825,0.2183717191255342,0.4387537438422204,0.07753727245089947
cust_1f201d88,0.9245169658025489,0.6702687793683534,0.12211738808069993,0.6362026075120927,0.2383655137472988,27389.144383313414,0.16780689871805446,0.3105437813220378,0.07468385000208091,0.13087913194733733,0.02577639605314071
cust_82a21cdb,0.8167975439132551,0.7320423907630863,0.582303477207982,0.20620149281775293,0.23127553852246022,41613.22083052938,0.3752364218136713,0.7601235955902246,0.5249029417018057,0.2284890810304137,0.0613824481299909
cust_4554fee6,0.9068655437220534,0.6194231388257865,0.6853491501148338,0.17764261286875552,0.26492200387844417,6791.336664714625,0.24265251202729327,0.4661145552952137,0.45586077620099635,0.2649301697373183,0.09089144114003868
cust_7b796564,0.4552136037617953,0.422187011086075,0.47048087331094257,0.17708368017771012,0.21730785306067044,7241.425264841286,0.1703166557872264,0.2647226233120156,0.2809124438326582,0.24475302993292883,0.010172716649826954
cust_5119b09d,0.5527484663399153,0.4924013288408765,0.6376636196731162,0.0592602533611227,0.44156205988751634,211901.8065785915,0.12671546870270736,0.6392008190764578,0.39210894636563853,0.24407475193668313,0.5450454702827615
cust_f755ab4f,0.7025119425240991,0.68646595370999,0.11082392757346214,0.08982419677742451,0.4873097097109684,15715.262701986716,0.37101830276287256,0.6378793189718388,0.04614913614779445,0.4941679224163219,0.010014619177854546
cust_c0c05c9e,0.697462482547208,0.23431116352462666,0.19098596085273625,0.38058935783772435,0.43988997359886545,19915.5972001144,0.44827334775967664,0.5731780059042424,0.09067157731839859,0.1481808291864181,0.20455400664589987
cust_de9bcccf,0.6316883913914996,0.5630878698254798,0.25572018631121257,0.24365208568134233,0.28070070690595766,134477.35679347016,0.4508460407718792,0.41379272635896985,0.16848276570425913,0.5360067697790444,0.5781687023595117
cust_ea120418,0.8255988633624699,0.5760648507070967,0.28492857167596924,0.16802748143495194,0.3446774316859041,33656.3638833785,0.4400617454264069,0.7104261852939933,0.1508983389990365,0.3789264008413546,0.04190222124388569
cust_e3b40c4a,0.43972708445426867,0.4180881539528326,0.5017607024427289,0.3508197434384699,0.6329663208754117,20924.631653357323,0.4225159308180615,0.6593419029560547,0.18875350859356702,0.18216918132384566,0.012555770555748075
cust_4904b632,0.7373328010065605,0.22971233809793667,0.2205277607600575,0.21774358807436908,0.39400280382476116,123319.01879395585,0.23772410278052145,0.6481963724756241,0.13279031331511051,0.08451889790945918,0.6959943845141097
cust_faf95452,0.7534064932305352,0.4289498542424377,0.03502404594939491,0.7411804652122307,0.2624751507572674,5408.804410594601,0.295121318479833,0.7961790997864862,0.0322605259915107,0.14339401720362896,0.21268330919877046
cust_c634bc70,0.6693359050969918,0.25565270205326257,0.23980038174003793,0.19425314404115965,0.3998598324450258,43191.52179503025,0.17282322642432685,0.603613425605542,0.12318234511378691,0.14545000811216827,0.1276977224238086
cust_f2557cce,0.5999933257440057,0.5008451740031398,0.4920743517401364,0.18041163086424372,0.24260853220494655,6850.403243181776,0.177448754919577,0.4338329170641436,0.1154673570986477,0.37325998062751625,0.31829622158893156
cust_efe9cb7f,0.5242219999696986,0.6716442265845797,0.4561308294532623,0.18939710123293135,0.181084300555595,34004.17865533462,0.44463359367755584,0.5333426474917596,0.3168399364055367,0.15995292979409884,0.019417976751585225
cust_ba342700,0.8812272245661894,0.5030644174443503,0.31590936279576604,0.44852803100863725,0.6210945080446689,17204.54564598182,0.22761440054011056,0.24847367580147303,0.11395536004797603,0.3957066109552897,0.108030966190343
cust_fbcc58f7,0.6693176405608465,0.6914260507853999,0.50105179404674,0.3541342184512439,0.4280600692586754,6991.7003826660075,0.3762874305776134,0.5213160674318356,0.3404062278650065,0.3985067604750765,0.22329089502289268
cust_5433cda3,0.8253735729147623,0.25958342644020965,0.2767576772930688,0.05839316125954184,0.4747453570854072,19359.823468714767,0.14280202609502884,0.38592719612910253,0.1558707166141849,0.18335870129786763,0.06536986138977613
cust_90ef6ef1,0.7283746759150082,0.2941129009318972,0.3235325761850146,0.09861503794288907,0.3087819262839624,93070.08305919432,0.4548054319016826,0.601096091856553,0.0961690030956311,0.0700330098577748,0.5458537724822158
cust_d1557577,0.7081118118014572,0.2364526567723575,0.6093278124046063,0.35164987478945275,0.23685669977176668,168680.22061771085,0.3290635367945544,0.24607985197703122,0.4509492630726964,0.12008910044635462,0.9255835504603901
cust_f8385202,0.7051525261631065,0.2971964871908,0.1591135473762461,0.35182526819949334,0.03239193716792652,84437.10567260011,0.8023574429805194,0.41870472624367827,0.06846674740706603,0.2859544030661006,0.6847983498682738
cust_189b89b6,0.4467473265954935,0.5660213834411834,0.8010189965670611,0.04426041236885126,0.5384397952474888,9252.01326303637,0.3904793509123604,0.7927775317603414,0.5706284805470023,0.3997819547915585,0.08946888685219771
cust_44e5de4a,0.9678867538925953,0.6144393944658143,0.11958298955787479,0.1119537293132575,0.10256975741520911,18816.391461910207,0.3503989122992532,0.5785831197072677,0.0429788337707242,0.4088288007364908,0.3482491807491935
cust_aed73069,0.9030180420936292,0.028396014378777524,0.3977425498924805,0.5843583279409424,0.18174808399317122,5398.8235712433125,0.13075458259368286,0.23458426403202032,0.19989612866779644,0.00857532935474035,0.13729038940079746
cust_fdb2c317,0.8544524259862657,0.3585799330297898,0.03619801780797071,0.2589736443567046,0.2511094984045769,7244.949668753305,0.5913817635677626,0.6075057098979583,0.004830716268596266,0.14303136990584625,0.18462951878935244
cust_0d3f33c0,0.8354696108070419,0.326967735571075,0.3759561897804885,0.3947818710489218,0.3015049451021279,69366.47977610303,0.35422516862755044,0.6942779874339684,0.2399511901314637,0.1715182693552077,0.559179347200846
cust_0c54a21d,0.8170231730649612,0.7240648834736075,0.3678312192971062,0.7393622597115377,0.1163695380904062,13489.78262915158,0.2360817383035296,0.7565802143996797,0.08085168360890223,0.19240238428068346,0.014234481934563628
cust_e15970df,0.7480332686975807,0.38602965306351544,0.4372532627368552,0.3640891405831647,0.1691754816451805,3706.506920607042,0.10131844114428462,0.5686251707193184,0.3826981349989367,0.29534762962404887,0.5235979694253509
cust_c5fa558e,0.844757504077583,0.5271705117804475,0.35251327501471974,0.35241111790498414,0.1494189554880847,57967.20439660337,0.3765376615401697,0.6881920604106019,0.29582938424368527,0.3045103928628943,0.69527283961444
cust_c5aa59a8,0.7854367257264832,0.5247757516167458,0.23945855345408443,0.2459626514753765,0.4064421462210514,165666.72075645666,0.36941813865449485,0.4757055820812466,0.21029006089534516,0.44458154656925597,0.6264117889600946
cust_04ab0df2,0.9380579649941815,0.5152431681985388,0.5322101573981132,0.25051180902335046,0.3574576461910971,19527.332442660783,0.2957049483553155,0.64853837534976,0.3403444211438246,0.1793223944044254,0.13113162345471344
cust_973a8612,0.677521054354186,0.40636045391275455,0.4365817939050123,0.09959495461819402,0.293326639849876,59404.14903416017,0.6608565499771039,0.5535818602421193,0.41249099076650453,0.286560644421911,0.7743516201657437
cust_d6eca374,0.7522576690077194,0.48355732159192105,0.4849973112801924,0.23589375959439915,0.12699061221623736,102045.00722218717,0.6580722421178663,0.4984017246267769,0.18066428508684287,0.2439998499753609,0.4461390936365857
cust_e6da4b77,0.4108893966872736,0.5583776863789405,0.6296480775850698,0.17074244896691368,0.23331306903071308,37308.7309253864,0.3130681515167812,0.45295487311580074,0.37339035565615086,0.08529386839804891,0.18225322709428804
cust_b4d023d2,0.728290074632644,0.3653161286353971,0.5147709292743499,0.3641718795807019,0.238707796454506,7853.147333330329,0.5862825303792615,0.5229235742699684,0.06135028423895481,0.2670777647034762,0.3448524956857668
cust_1a8ba10f,0.5512902837972459,0.577688058313346,0.37155908263467763,0.293881657085539,0.43150656554065375,11118.14214326773,0.6491981562470368,0.31261715652193184,0.21576242184797156,0.16673920245998022,0.14878402053550396
cust_1ca2cf07,0.7773046071776011,0.6325779015585647,0.12358835033038904,0.06519947019133547,0.257873749873113,12946.333495164194,0.6666570333490217,0.4049396709984807,0.042105728622779705,0.31130126516878615,0.08125206891869717
cust_480cf95a,0.3869786864020369,0.07685787995656342,0.6702700541585404,0.08364388130039684,0.34783222803806035,3691.5817173036085,0.22468505018085547,0.7551682728757007,0.24027301132469772,0.04874275003059878,0.07161283734785655
cust_54978593,0.6633688053250791,0.9221785148032645,0.4927879935517965,0.3088625662278986,0.3776174572804264,47729.09414074446,0.20206172718748547,0.21888821024559044,0.24619008185246716,0.25215318804462455,0.022278695144224935
cust_2fc1fd16,0.7163557202684019,0.0752552185198478,0.6946083426140842,0.1012741025984972,0.3838707410671894,10568.008478590707,0.48426010699808414,0.36687138432928795,0.4159373204001999,0.06790631093114136,0.3232217250160514
cust_000a559c,0.6756733918448322,0.49324951313154336,0.45422268184969844,0.364209987625756,0.2761029529932669,7519.524366942953,0.5496774318472882,0.47618849990100437,0.26370555997760725,0.36299594810111346,0.0037245300589433443
cust_c9c76c67,0.8529627575947516,0.6703285058545306,0.4844429741495621,0.2581532330142214,0.5697945634651082,5975.5441810834,0.28492536220912357,0.34280439947283514,0.36264908131387885,0.20864342556851215,0.43358869921206705
cust_eb415939,0.5373145271092955,0.7642791822523793,0.09970427330935693,0.24853111009964174,0.43104215468957857,3280.0927212283354,0.32894496558835495,0.11042669476977449,0.08406215364432144,0.37198378130709453,0.0215064630758648
cust_20096c3d,0.675148216697259,0.27115843173673365,0.7768524779143627,0.25015023735949515,0.20189385424273973,6094.1830595563315,0.32981608601181933,0.40729278779811257,0.44279364995751497,0.1878999171904714,0.271799586407048
cust_051798f9,0.6686289903380918,0.07066005575733558,0.40187987563596067,0.3560928024351294,0.17915992352406301,89108.01929795854,0.48837966422848644,0.376894745410859,0.1713548306683286,0.027727359241263926,0.8258202410802056
cust_73dc21ff,0.7272605670987258,0.6037003569226338,0.4901710680361598,0.4347388720190399,0.032009771009689096,59478.724438869016,0.7015232704655184,0.6681276150317965,0.4120620713647466,0.2520059053226919,0.9555450984808556
cust_23f99991,0.8314090894531105,0.26600006571671325,0.3737684409610885,0.060845982887103085,0.32425073420859446,46092.696849375614,0.1699641743646273,0.4498400700516397,0.3062213946595286,0.20741036566714982,0.03340225136229131
cust_88e48375,0.7069877025130544,0.3669493122853394,0.5111507622736033,0.4443338956932293,0.5410565896736405,29050.002322310153,0.06055384334082018,0.307049748976334,0.37053226431784936,0.18975861500435484,0.009717582869923162
cust_fb81867f,0.813626766975859,0.3385397093000713,0.22025289042714855,0.5274505909177796,0.5233852797890904,287119.9213548258,0.17100634630743025,0.4298798667625633,0.151255312835049,0.2211558862288977,0.6410244774895332
cust_39b75088,0.7330807434290346,0.8382564735195364,0.8423246336756853,0.6300441922533669,0.5072481936080573,70865.74815509564,0.10357241718826388,0.256868611149185,0.6597458016745521,0.21617701411628287,0.9168956947513472
cust_5486b0e6,0.7710210968956477,0.6309864850677371,0.46187272844346894,0.39501103361739703,0.3719198100238158,33654.82412267259,0.2935953329464464,0.527849335539226,0.33897707564553425,0.39940154085586194,0.3443907691897812
cust_0ed8782e,0.7869088273820337,0.3682430736506385,0.25466521320498237,0.13672661088307195,0.62493014311285,5305.293394716089,0.2088967314221462,0.6210871010259384,0.02054593684870536,0.23597758579484326,0.2528079583563747
cust_dcc27ef5,0.727715590054226,0.5095166628088738,0.5699728897271068,0.49369888720128147,0.3236225132380824,37310.67847331671,0.6364533498929709,0.7376398359333217,0.4806198614920843,0.16259468165842483,0.18672346318661284
cust_d3d9c2fa,0.8668951837969235,0.5619553022880739,0.42669252991449774,0.20685600370042947,0.3563079003647462,4267.5330251589985,0.2347510140500662,0.28363837297233774,0.261889413320995,0.1638722255008766,0.09704071604907785
cust_67a96d9a,0.5147698571543866,0.4635763539464787,0.6348182146000331,0.36262018752481423,0.10996873596631956,44532.71296338908,0.3424360650585631,0.522021739068531,0.37349057951458126,0.0175199822865737,0.3475917553287951
cust_c87171ac,0.7805953665970453,0.8719967422141026,0.4695723870905233,0.10662790996286689,0.20141276593403473,39624.27164351426,0.7213827601203316,0.6979548025947931,0.3917975732482793,0.41332740376798993,0.07217469055292436
cust_28c68712,0.8779723161681717,0.41904451746846305,0.3530980240801279,0.4832858708656504,0.2626406734165815,4693.56745278322,0.6277168663619807,0.6563025029879036,0.2998788213816205,0.16599953924542354,0.0844237900772107
cust_99735d0f,0.9092325819583398,0.13937621432603195,0.23223008879255488,0.27709630988702305,0.34352984331212266,40949.079677723494,0.41985447802467957,0.5178418885192763,0.15529184075487884,0.09020382113881599,0.1383600224949125
cust_bdfc5ece,0.8480191492489075,0.5396202937177853,0.3502426739729812,0.27387506596188144,0.46220553594157365,4253.668347948072,0.22521615844759976,0.5027356736562566,0.2353174999774525,0.25141542362557145,0.17327130929426077
cust_7c35d5b4,0.8747478955422546,0.49865867839159694,0.23696507728694988,0.10853224897683335,0.09092852784110267,114558.41054025014,0.4129163731384568,0.6459326343837148,0.11623609347815426,0.4256414132513604,0.568031341066109
cust_b53171fd,0.8399025124215127,0.4530281235011026,0.17019020396155285,0.4716772966481161,0.2779077710908811,4742.323156794171,0.0854258819580551,0.7109475317360341,0.1399812375000873,0.07874461972775242,0.13928244703498208
cust_93030778,0.40946157588758003,0.38582460940161223,0.5576866874144066,0.3306216935304938,0.3729243705137063,8586.238569770783,0.36027445260989927,0.12816138263326612,0.4655878887623885,0.2900788788780991,0.10940965870087196
cust_20af3bd1,0.9705130250006552,0.6854390878742584,0.475402562015862,0.4819303942338442,0.25122954579105544,4841.352858821838,0.24909945067501266,0.321073125826024,0.1107610059433028,0.6262646483748682,0.10528300359409623
cust_4cc4d6e3,0.9346564328869994,0.3990698330115753,0.4461348858691587,0.6838759279487416,0.30025045026558755,64019.96473532796,0.27839864276777376,0.52426589920975,0.3118793939805986,0.2367826707689293,0.5958191856824164
cust_020009e2,0.7600428866712254,0.21736729113264544,0.24307291021757543,0.5946354322757446,0.28728125584208847,2117.9313364307372,0.05099552513291626,0.4626072663206871,0.18016529642349804,0.055253192149631196,0.13763346087607364
cust_d34be9b8,0.9346418723030424,0.4488744322672759,0.32873335175743024,0.16499352682827617,0.41184167618696327,21439.9996103019,0.16315096558001266,0.9065581484646624,0.2597769213672621,0.22365322550011266,0.01044504351266067
cust_cc0db1bf,0.9382089001036036,0.11031281639747542,0.3297610841276606,0.5574697172469961,0.4029760026720614,11127.355162756096,0.18478099801422146,0.28327904286848005,0.17596010869745798,0.028749999429053968,0.18712999108611783
cust_653d7f7f,0.8955344403425737,0.4785241951209371,0.14462542728998712,0.18865718519061442,0.1323324982964158,178602.00910303826,0.14076110245644083,0.5358982528435345,0.10854359843610342,0.212271877346475,0.9167771472454358
cust_bd94e48b,0.8118783530547488,0.8152316767247328,0.31164001790967594,0.344623713543085,0.220532615867652,2297163.2276720316,0.16133907172441417,0.6932921790501791,0.16912403072665555,0.7263474443531001,0.7448770983951487
cust_29c69643,0.8379141031522419,0.33466127901533294,0.7511910309542239,0.5660325231239235,0.3798857865467288,96750.24395966904,0.2532828840600406,0.3148927318512483,0.17626181492978954,0.11367782488109938,0.9455630585479741
cust_72b4942e,0.9356838485492913,0.06704767812867639,0.8649635813920402,0.3009049676697987,0.03391799131580864,151639.24084861198,0.6930453226898035,0.3524673564381522,0.1787121148316979,0.059061867923185705,0.3291842167290313
cust_420f149b,0.6334656319065878,0.5814868761497883,0.149251698125519,0.08156415134263406,0.6800550288012839,9564.385303888777,0.28003187661838425,0.6851823457160152,0.08207858291097012,0.4383650691610813,0.15258763052977103
cust_d7ed6751,0.6927574450415452,0.8397479517264799,0.5728558012531184,0.4358421128902777,0.4261703467451978,35287.341486089565,0.08996418776808877,0.7792944869514337,0.4314658138585139,0.5322011003915943,0.4066552518672624
cust_b5c44869,0.8392330582855889,0.3402123208622818,0.612484397777192,0.588738542969839,0.14854002347147266,13282.5902586374,0.4994641091223082,0.39039667035481646,0.24391680838481017,0.1161678447707716,0.20094056086529552
cust_e744385b,0.6572757712183932,0.3238972398369677,0.401807303646706,0.737995938604382,0.1073405466552955,2113771.2366808453,0.19167633877623522,0.5340733587862823,0.16376074968522533,0.06130262305358043,0.2969322063908552
cust_3cf7a45a,0.5738638686841825,0.7322780361724199,0.30994932825816307,0.28447991680519763,0.6688178963894964,16642.798494027036,0.24345888026735424,0.4864467259613358,0.30533060121050903,0.3025837532650061,0.3352842859588257
cust_f235c593,0.7813535153752551,0.4934287639266871,0.21437374908060514,0.35265470453659303,0.27914828477213766,3376.1928913992556,0.35872466248596896,0.5334210247574324,0.15082815749068498,0.1710432637233374,0.11002937365239854
cust_ceeb9523,0.7557238368017692,0.1065191206648376,0.16664070402912518,0.07108222184592097,0.10905322565999294,34020.71980450077,0.2650598950640605,0.27673579551953065,0.14941075481929322,0.04229848907173478,0.2170133466160248
cust_99d68032,0.8236463842722398,0.6377590364786685,0.5332361261130053,0.39365506466323724,0.0948086350235131,1845084.8036529357,0.3199004457905166,0.16794521800978635,0.3980443013213045,0.32282296407303906,0.8253384392108167
cust_6c932c3e,0.7498043136334015,0.5024632901544906,0.28167841704542035,0.21023068017464822,0.14215387160235787,154557.07045424226,0.2624774200035772,0.7432897703604743,0.06304750997854826,0.22891042424828104,0.2753505991684358
cust_6d2c1591,0.7723634992328688,0.8489891322012655,0.12609593176934963,0.2552206139961054,0.6043467626185138,4562.653821392183,0.2863867568942595,0.37673867475876777,0.09949016101078971,0.6646881563318264,0.27472133045251595
cust_96cd768e,0.8799697108101795,0.6349042381401172,0.14326058044934206,0.17004379795252642,0.14732897877326215,11019.036629280987,0.031056269115683533,0.2604121371047802,0.11359577706972934,0.44593095465263616,0.0027621595699787223
cust_47fad3db,0.7795756173815351,0.801423592180408,0.682914462715931,0.5371895793411797,0.24367934176245698,17674.02109492238,0.2214799290787772,0.5542952308928032,0.12880832886822666,0.48178150040622936,0.03134972414903973
cust_b386aae2,0.6705255804750353,0.0730337282477566,0.1349939283748262,0.26987995017290695,0.3509118454362719,5992.798816710028,0.4664550508990995,0.6254780801024756,0.08712066169320161,0.02478318319394903,0.12684914990133303
cust_ed57bc8c,0.8075979155732562,0.6960883700879087,0.4122084681893972,0.08407886023920919,0.1541694423615897,15190.612587095797,0.19628166847977935,0.45565241636183895,0.09031737286345903,0.4511616033121654,0.2104111608069515
cust_e08b31b4,0.7147982161670663,0.4102632934669574,0.06313997987013552,0.6393637902528192,0.25261544507674605,25008.20226881357,0.3851394950813236,0.5618341302643864,0.02634629169545111,0.40012540884472253,0.13616242815976903
cust_2eb2e090,0.9190407333264411,0.5072065988010152,0.6562281067410827,0.4022252452821357,0.19355735116371914,10591.575820108312,0.15620126404344298,0.5159332056919657,0.4494814375719635,0.22723246009432335,0.11753114268866216
cust_84d98b3c,0.9442219986554985,0.43662984679773637,0.8948663246326397,0.06299447513709963,0.08378600604951038,62848.07245438769,0.33538343934055226,0.45964908333074117,0.7754950474684456,0.2226637363576559,0.785314731600119
cust_1506baab,0.8879904939806212,0.715818073312869,0.5152801550921725,0.20462251263742867,0.2119632428012242,79583.00350993211,0.3268496875866711,0.37221295329443327,0.295267895305661,0.15440994271632894,0.5197298603826482
cust_7cdcf2e4,0.7738399318561839,0.3781986550470064,0.09966479177271031,0.41413750368054614,0.18443456364487987,7384.918974906587,0.2409727078037304,0.547041264875861,0.05000618674613903,0.356373123071433,0.15609515743368946
cust_8f9f2069,0.46937332532694703,0.46633741975257276,0.19740523149560193,0.21152275894947398,0.6537369420415348,4612.987252449573,0.37241350556564123,0.9112683834248276,0.12801376113398438,0.21349743069295743,0.08842998241633715
cust_46647bf1,0.96538427017512,0.5739964206934072,0.4776169024919072,0.19343825859485855,0.17308290791773445,21865.552513058938,0.4994600219746187,0.6980140022664898,0.2684042094562372,0.25465047705548255,0.33004208840013205
cust_e6511027,0.928110349170253,0.3819812175305964,0.43973127330196204,0.18582461715599052,0.09988049004991163,12819.065138529617,0.5871213007407786,0.4536589937340752,0.33471636817895667,0.06641183074869794,0.10590824847130767
cust_b00998eb,0.7487262738284629,0.2346154724340693,0.25081505388327446,0.21756388254581416,0.12943015911505876,63049.8890358905,0.7380503588503585,0.350132990642021,0.15179105586384517,0.08922155977784653,0.8314806378803384
cust_f426a79c,0.5870451714604421,0.6821716930119729,0.45502540553890714,0.2973057101160781,0.20345466392742767,1355.8643087079595,0.40939054805079683,0.30896023149487767,0.34960549773987915,0.2777134243474961,0.24333608797631187
cust_d13ed920,0.6814597387463454,0.2530393193998297,0.3980913472745427,0.19494159405271577,0.08572801279187514,19913.116044681752,0.24816957520406346,0.3530016846797286,0.3621810344121278,0.18083384609049402,0.47515067457575
cust_265ef940,0.6590939997813899,0.4892911182738547,0.16981186366038603,0.14440802646238024,0.4288659917192038,3487307.373560798,0.3971141225202666,0.44913616395566114,0.07473500088617967,0.1214965590044208,0.261279122710905
cust_25913303,0.7816757791103499,0.5883619354301017,0.5382873211794219,0.261256643367099,0.09127144208005747,68518.10742436713,0.2732907290640982,0.6213714053310152,0.4743554449299,0.2177033779020134,0.9295453069523698
cust_aa2409b0,0.7534640073135247,0.5619131022770428,0.24786559452592563,0.178696947880515,0.06537885739573236,48259.49808556059,0.3327385436237583,0.8650104614151116,0.10714701326926876,0.24135554509061108,0.23488017100163833
cust_a9e77d36,0.731708129848446,0.6158529426581012,0.354495261539474,0.09788670171940456,0.5427771790936197,3666.6936338145265,0.1500203759133204,0.6897964956376609,0.20143880866019895,0.26461457014622763,0.10978704445410624
cust_4f97860f,0.9100159602553212,0.5508434391082156,0.4031314300250344,0.1547661132911114,0.4203305832360798,205625.20054358235,0.24295486365285454,0.3226677387944525,0.38991953328330664,0.2725485113506281,0.8154525244376816
cust_7bbb7837,0.42733963020498694,0.6263821904882578,0.1527849756635115,0.26853637297815136,0.20564894018845403,9578.68318152555,0.05904447227992076,0.7073779752267788,0.09523441649151534,0.12864713363670813,0.26214061462863475
cust_65fa7be5,0.7430968102210822,0.8176294421420172,0.5611583572730122,0.26390379754969445,0.3001607385552335,42074.92326072379,0.333075661855008,0.0782316923418194,0.42675327176974565,0.16883484461710102,0.2654255395318532
cust_5b1ae300,0.8716788627555393,0.6483205469311489,0.6094971763575388,0.1957956778305803,0.5923236345920183,70240.38945029832,0.41732705135420123,0.711735310824472,0.3523788022805922,0.3021080809923191,0.8686988061392451
cust_40105202,0.9581092298677907,0.23081624708653412,0.712241658188738,0.6120487319640822,0.3991123281882122,93716.41797108452,0.02406176744476608,0.23679610609061805,0.6342690237038368,0.07239214156148739,0.9034490446010619
cust_c927a2f5,0.9595765653530216,0.6450849203892735,0.010806348204813762,0.25104319952730314,0.24115838171884232,26447.856645477405,0.45308422355318617,0.34191433591100495,0.005375984680164848,0.43146505513756467,0.0935502904593471
cust_3e4b64f4,0.6948135514026864,0.5228297995052763,0.671017211694637,0.326008039571923,0.19383728895707017,11262.224166986609,0.6959397959812582,0.5805604886818445,0.268668566950232,0.195326416290136,0.07733628703266357
cust_f0430330,0.7764273134406529,0.24165318946359757,0.30730849559738355,0.2714489745656226,0.31645934926836694,414.7074072547694,0.18158119188224875,0.45551575554097445,0.24773565658942262,0.16410654102510086,0.0159553759864513
cust_3a9995d3,0.8024329282642467,0.6027676826161594,0.5892728062483997,0.15966520427611158,0.14810390458518904,148645.21164882203,0.37375705509475204,0.5299741412893709,0.39684138287753146,0.3598580777727301,0.5444142871338489
cust_1d2e103f,0.23772361096974015,0.45776459593601926,0.4741222514030144,0.2912221548430065,0.2932393100670769,517.2203517932363,0.32946548773274686,0.860550803899716,0.3154500738460423,0.24710121354953277,0.08565068365097613
cust_a5c1d6e4,0.8783054797645158,0.44513294527692854,0.23893819848943512,0.4706672789076805,0.13949879567150678,17771.11771240752,0.42977767780153875,0.3239078327678483,0.11113432905179853,0.18536957992758063,0.06334124411304035
cust_2f7da92b,0.6523622736565341,0.2751829379465722,0.48085848735837144,0.22278893031067432,0.32614799683053225,4698.580694408355,0.175832934412067,0.8157710979875484,0.3685721563701158,0.025032951817747093,0.027014599434879407
cust_db8f1e44,0.6517783376128055,0.4568784232726588,0.49832392867698283,0.24610103268915734,0.328625198573999,17344.405436716144,0.5253716713024941,0.39629586295958963,0.44311818353361815,0.14949483301650132,0.16415245164907025
cust_b91842c7,0.7665799748253481,0.6383937935760943,0.6344462002627647,0.14978057099959097,0.27790465690358807,15298.39637144329,0.7842234348133648,0.47218898542468796,0.26663268840136645,0.3028924714793203,0.22847501713197066
cust_d2fa6f3e,0.750748372954194,0.20418284969784825,0.14519211968038712,0.2644386941628853,0.34584369510314666,92915.25297416707,0.25557088097599645,0.2818739023527229,0.07731301791607902,0.044493953946653314,0.8356121938136027
cust_ef7d29b3,0.8837868781228508,0.7136572240367541,0.2928103668932847,0.21515912167267762,0.1653077178819,10157.064895164094,0.1133137782809012,0.6892640277086325,0.1539461436774186,0.3615411075103901,0.13028412571521583
cust_0dab718e,0.673318055730415,0.4939918956625172,0.4796410136182915,0.4504513316079959,0.4419825646642645,20222.38941041124,0.6618599333580019,0.24075037911566738,0.3542229014705071,0.20109574101495845,0.31368104977257616
cust_5a1d7370,0.7898341084888133,0.4994987975378085,0.5977651215022295,0.5315117537065176,0.20369508938532058,21316.17636695719,0.6498775401336944,0.4224637725841414,0.5652034484796906,0.321288649200395,0.055955158736524326
cust_f0269e1c,0.7211726551903814,0.5885103761244365,0.3963167863480609,0.1767329658398557,0.11749758252807362,142787.6376500986,0.30396952021169726,0.5102207479422729,0.3140033524836854,0.537583168296315,0.8137662405942307
cust_cb42c231,0.5701618510611197,0.5145694187346344,0.29369334222175414,0.3300512465734052,0.12875424957821296,8056.303688112973,0.30647888492186276,0.3268506852347144,0.21817274850718846,0.3620187891620916,0.08965196630150808
cust_b32df5bc,0.8702485959713425,0.37301976405330567,0.37340400525038464,0.15033222065988586,0.49047391924628964,48440.26327903008,0.1290261917689094,0.39820725006000657,0.2445518594420178,0.18509264193541658,0.11430242983794268
cust_45ba64b3,0.8334994428103424,0.4785572196009736,0.6082271886592857,0.07098696513043674,0.13065866027792125,35557.94812652786,0.08954598804793155,0.5193334716755139,0.3048409697153993,0.19660280513021586,0.14789242129638658
cust_32c6b6a6,0.7284410524534107,0.7070944285108357,0.2532000569344654,0.43526290376199017,0.29933305450017594,2162.0571755323217,0.6863626414381516,0.6781253606013524,0.06650502999549596,0.23991474491115475,0.021334124113981633
cust_2b7651fd,0.6159093895004557,0.2514015138580842,0.6147364710515847,0.10034409677923516,0.39231153559232274,33624.63492885537,0.06422686693933215,0.8580885520639205,0.44791047386128635,0.06846632164600887,0.009585079924134174
cust_08cbfb5b,0.9065301220550062,0.4683638498806864,0.3941682593751598,0.24645435533642115,0.12900558412824176,1301.4550008706615,0.3528634095950151,0.7261253820793904,0.18696603658319888,0.3967075476650852,0.1917171590290876
cust_5d03832b,0.7194614566290363,0.6732950007159738,0.10282477314292474,0.2984212030582629,0.09010632543954734,15739.681286332583,0.4209240507691413,0.29539250345318774,0.04716294162737046,0.37356478624610184,0.16301094391454882
cust_8848ae11,0.8206126583866415,0.7011152262976365,0.42452890600733656,0.36257239026944016,0.32181568639363056,35494.738883448255,0.349245986091445,0.8371013178035283,0.1875200904279601,0.10413733696446127,0.039063462684066984
cust_4f28e21f,0.8188548303057106,0.4746387035376084,0.3662125780475588,0.15557539193942002,0.3961565415602409,68126.833654303,0.6372137292638077,0.5975507711273255,0.22825981890114339,0.18285189391773188,0.6960102759098913
cust_3aa72af6,0.5791745485685837,0.6010123299580631,0.46638739780042626,0.17150172747164164,0.37498893802753896,1269.282047109264,0.3812589766901834,0.7087570165461554,0.3259619829927812,0.2239296233685617,0.013689087544878622
cust_d783f393,0.694830521195061,0.7043540516043795,0.8439414181218069,0.10386925118235847,0.32534479557950774,5902.334300196122,0.4650665371619847,0.34261061055323344,0.723534522711674,0.24372373221601268,0.374743702895637
cust_9695c2d7,0.515466893901113,0.3086812283281398,0.6097115580271609,0.3416318364692247,0.5605386896382253,127178.73549666806,0.10157669573367964,0.6644918051881443,0.34563342332351404,0.13910943080162014,0.664003943546917
cust_45bcb58c,0.82634365614099,0.5285713652470838,0.6395535310208516,0.5645705873845407,0.41478297868015673,46127.45972710636,0.13811305634242596,0.485792731067986,0.32118477379183036,0.14202250269280434,0.44414571107267425
cust_1b7b89bf,0.762446373214908,0.7303735986155048,0.4455860676351287,0.36747707452481615,0.4678089032150755,3030.942307878598,0.26075845014618815,0.5069579247014154,0.2994482745570913,0.5947654780792023,0.40666767430379236
cust_236491e3,0.8627387666913617,0.6496550405550379,0.7547410408600339,0.15082866426559144,0.34168038524019306,476.76096485541217,0.4693007174853245,0.46031805831039774,0.09199078615210075,0.2958297433980605,0.008988163945200724
cust_605760c5,0.884927942911595,0.26129185356166634,0.18211322178735848,0.11901633277320522,0.6585960135818706,24851.659556583316,0.17797657028303862,0.49177022763344513,0.1187291438919298,0.01973378996917863,0.04033955923596844
cust_225d3b97,0.6525862913876037,0.5542795814821706,0.17059710258683988,0.6176454252011556,0.1943308071821875,175615.55602675234,0.2193178931847207,0.5067702458588803,0.07335458485408011,0.3401009112866488,0.5240530637164869
cust_3e51f7f7,0.7897637542141998,0.14163259132671058,0.5938932620924088,0.2512431945205747,0.4873893990129344,67545.69528137495,0.15947520154591963,0.35768238913903605,0.3403709995063505,0.0160419006845412,0.41457716692417446
cust_fc428f31,0.8619481042161865,0.41013224179328683,0.4737776774389914,0.38579633641153854,0.4958822676536004,11921.867392146869,0.4414631522045422,0.5866867284904358,0.28145497610160247,0.3713591311039421,0.017671576394806446
cust_838d0713,0.7872079355866473,0.5891410044369003,0.6463392556181627,0.2614601544408425,0.214131847509178,19449.63726375758,0.6546876605057826,0.655148679433694,0.32042651499462843,0.2632753194911586,0.11856241493497906
cust_b5e65814,0.4458055902842732,0.3408744948064,0.3810456862111544,0.2694854202646726,0.7386590662286586,40952.55603151545,0.5099491197009054,0.5479031784089691,0.21314071657843553,0.15816328867160692,0.051179683100766885
cust_0383bbaa,0.6943258002936348,0.27752485628096346,0.24836146950353447,0.2667069808595042,0.21862384984718566,35961.879974034884,0.2940646069871844,0.5770500300591135,0.06896750091302156,0.14679107271779507,0.04070730339970359
cust_3176aa0a,0.8993388389620677,0.16701015428711583,0.3977437512030135,0.27953190977600967,0.09404058436794044,12300.926044296719,0.5658761468212763,0.14445741645619664,0.12778046461894824,0.05557737554625099,0.6716684633653285
cust_50618ac1,0.5354496189431065,0.2497895723527342,0.4986002275229317,0.23269183488891299,0.0895791264495575,43906.67003546745,0.5687287425131929,0.6931670682442062,0.33437535131681057,0.08307739735468384,0.014709125195494947
cust_27dfc93a,0.8795452172288767,0.2654877431436534,0.6543793893929836,0.4280466068917824,0.1710336592763182,1241.3819311123677,0.2868529951563891,0.15372632611118492,0.4483709944592459,0.030882570317686278,0.16094096546319628
cust_9cfc539a,0.9136074904038274,0.7450015561766922,0.4783173476598462,0.28422460157433505,0.42052782345876466,480954.0400966428,0.2694605019345441,0.4000708341870143,0.1817086641999854,0.493071042294994,0.5043062185914791
cust_acbb4a07,0.9508576549916118,0.12798688850955045,0.19540587314789665,0.40198437767949563,0.6445697376209141,12923.325702343269,0.46186555055116213,0.2686010980056048,0.042296405440785154,0.032288739164365754,0.03172185775015592
cust_756c11d3,0.4632651590346728,0.45384468014379586,0.2532340041718385,0.22338304459524205,0.5939140898162226,6218.477731083674,0.25443744535364393,0.4820670727181831,0.16618182422232278,0.17277612059397773,0.17179162961992916
cust_3682335b,0.6703068989758569,0.5395181393476353,0.04425961044723788,0.20884767264199272,0.3185504486488079,10435.88183944179,0.2676387986276979,0.431611742725167,0.008926932917540799,0.18334431387774686,0.03269117188306056
cust_4e208d7c,0.7974186063662774,0.5834086875558373,0.36697078357702323,0.10591551846682047,0.03948985666640691,6552.845835953439,0.40813468920179385,0.6726360011242484,0.1622248496044149,0.13103382587933288,0.32176701622994663
cust_44e2cb80,0.8476164554561572,0.35242776270463805,0.6157624135467449,0.3336665613261931,0.17852206841797247,696.0067671006739,0.3762162094944635,0.4438909899397705,0.26599012689739815,0.24310280806652648,0.05651703400688042
cust_679975b3,0.6501061269212574,0.7692253535514244,0.4499547678579374,0.15430679953459817,0.13418191143073122,18701.070697104235,0.13756137944844724,0.6742810221387825,0.13920420900528063,0.5884829208236853,0.23689931199139236
cust_00a7f738,0.6008057624749675,0.6735734729662006,0.1259130194981508,0.10098444099948663,0.25212057661271614,57545.95901526028,0.3855999977903266,0.06939660009656073,0.09584646629556906,0.5587288891729094,0.5519372249325598
cust_c0560b46,0.38856662400641245,0.47055321241951,0.45711415633672037,0.19530808518007092,0.4751827437447128,4106.959754262234,0.6450557053481604,0.40490272052028636,0.30757581045665805,0.28619310794622216,0.2574286220828707
cust_4793147e,0.6363730859288542,0.45718074227948474,0.6160077516938353,0.11974636635299417,0.238976442844473,40955.33727161525,0.23205700865006124,0.8475691318860196,0.3794813042019706,0.20883157193894072,0.020350662803074734
cust_6ee65069,0.7847450496914826,0.6140696677267811,0.5127151870361267,0.3752887833856239,0.3867695124639781,12004.011609778498,0.2042303706160567,0.46250975931284194,0.2541235047879603,0.37115107589682544,0.0873275060661127
cust_ea480399,0.8817405689312108,0.6627037283057318,0.18728942113823346,0.1301660126043242,0.11591271013971875,42138.03571857169,0.09543894223932185,0.2686882227061912,0.14958126799177768,0.5494470972016734,0.19182813343624008
cust_c848068f,0.7488139160186232,0.7896634111096379,0.41772580888005617,0.0966932716260473,0.35236946866735286,97568.82210862028,0.17524552476865468,0.07915318840900792,0.27253624744665006,0.2979561459586583,0.6974267862623159
cust_4f14f529,0.5975752062845385,0.37291735421108546,0.7860890582363628,0.045172534696770496,0.29178173584873895,3120.327303192446,0.21875842405593263,0.35771051270790166,0.38017713360383804,0.299369290735859,0.1809567691617017
cust_f115f748,0.6646417905279148,0.4870363667369705,0.0900810303545428,0.07519715623203073,0.41821958733484255,46485.38224277391,0.17393257353766342,0.3550772660074981,0.0705020806860821,0.27987967542318376,0.20839824815612032
cust_57df1ea3,0.8524405224654776,0.43377608975573756,0.5597048244158492,0.0220196152988301,0.07264632309601537,48277.22157030405,0.3448949505493768,0.32247664426207884,0.1895253954540745,0.23137260619919864,0.23493380488385568
cust_2a68b5b7,0.7034090206773794,0.5753274640982194,0.22538491728159252,0.0559391086511407,0.07990735129947321,13948.036321740174,0.5266534418886714,0.40784939606390097,0.10454352468004538,0.25610861553671893,0.187682770399406
cust_f87d70da,0.8422246123912498,0.16404154260675208,0.2306585485005695,0.2554302559443831,0.5090384716758681,21218.35424394394,0.4950440780544643,0.32287024148242016,0.11505578416615324,0.09010141935928376,0.28232421014263065
cust_db0b28e1,0.718966366723251,0.5515562172592458,0.23803378336370834,0.28322099345262547,0.24091336336828884,3488.0931049679816,0.36163909288431084,0.6371950006488778,0.18146600814385694,0.2093309007864414,0.16733795901497522
cust_dc9af479,0.7054022828343502,0.2703578916683806,0.411852739539847,0.5801806843113682,0.35137895848298006,102279.10126881901,0.5014563685117294,0.3735207722401786,0.36796375112536767,0.18277861674077994,0.9093537231365313
cust_a9b54767,0.7331247340137395,0.1924405314901944,0.43091053558927483,0.15346764511864971,0.3408144385767167,10305.891623437637,0.4991947777786928,0.460254944798603,0.2068610557967536,0.1273668693098897,0.13473169465469312
cust_2a1c94e3,0.8950747402156914,0.5036788251207376,0.5746264972369073,0.4544963874892771,0.2591947932948503,5717.967937142397,0.4038953853881256,0.5790736817532042,0.31426933501569504,0.3484375074827438,0.128132474540755
cust_6abaa382,0.8219472752514776,0.7222277189880204,0.4098253497342333,0.31806312442940915,0.3500265186231772,73945.07112516848,0.5472003890960744,0.30844302482762886,0.3359259859050297,0.533811824939221,0.9562154890189212
cust_4dc2cab9,0.8723223677853555,0.8122286223973824,0.44617386437668893,0.14868568204354865,0.369343979765736,28815.442709578787,0.320201904689661,0.7265130635465723,0.3458917695216789,0.6541184780612974,0.3330487746800028
cust_2d8995cd,0.8559995232147095,0.5842519017011647,0.7447267498845881,0.051333419990748454,0.2617564972385976,1063.1142219875858,0.4228485096723336,0.5639824565381582,0.4209054813402748,0.23567522760354548,0.01133295927154967
cust_5af24d15,0.880511977802878,0.2625117408978302,0.43431325636316614,0.389152630287842,0.4459949213770528,26356.465422214293,0.2835310237099585,0.5067692994877498,0.3206327478908136,0.23571218718614562,0.5373992569624928
cust_5771e02f,0.5441559362364716,0.2665905133181484,0.7165902348219417,0.265188088937496,0.3141423150733066,6086.283859544382,0.37736649067751077,0.7031208474951139,0.42217218168194776,0.22112855468704487,0.3441571925433718
cust_de72f820,0.8956278953731887,0.29784725868538725,0.11307640319454175,0.1781047434076505,0.12043601288719367,1254018.3958100723,0.30316440455320076,0.21347998775811572,0.03852063736985266,0.11441283515766297,0.7403423542114179
cust_d57b8a3d,0.6008231496308821,0.6072705874947675,0.07537571343682237,0.13788437528765765,0.5691182999579879,129424.13924988206,0.2531835724496496,0.6450530803377015,0.06266000043692657,0.49344360510581875,0.4594459104146729
cust_464186c1,0.6071806303336302,0.2596782344045833,0.18930032787649592,0.2616001414394634,0.059673555397445566,22402.97487271752,0.34414709196294896,0.6526300283867567,0.09012510721403036,0.10969832866805378,0.16676634788234085
cust_e0809ba7,0.7230774562987982,0.9238241821013884,0.47123704483976003,0.3174209637063448,0.47838208495198087,45969.22652566293,0.3600513775609038,0.5279852239718384,0.3012310840107983,0.6652199450158084,0.1412257774214236
cust_0aa5ba5a,0.563420051907162,0.2611456776683963,0.39710672281679305,0.3723019054912676,0.16475705222610723,58088.24942477206,0.08309706391215538,0.5767833167544976,0.257817585320717,0.13230559649046433,0.9776761430133504
cust_f7d31b51,0.8015909581235826,0.8829766132928754,0.3947301231087184,0.19614080471923567,0.26836915858417487,165447.04405235182,0.1551718241422009,0.8270080919067043,0.2766280486710787,0.41069239273280556,0.6771055664603622
cust_25eaef22,0.6058631130220492,0.6173277193713896,0.5350012133860568,0.38138676746474526,0.22044238083813272,85417.5874818367,0.3029069959911938,0.10296511712355275,0.43343471356755076,0.29844404089024584,0.661693617525216
cust_b0f7c52d,0.6936400446900279,0.5945093351612223,0.16027108477517474,0.6385119743235637,0.44578933200377363,12392.157769316842,0.335252519152035,0.38661763268236254,0.06525427863380594,0.5390497805275928,0.26035038896357243
cust_882d056e,0.5588409776738766,0.5546351729139424,0.29498297743511304,0.3355816152893551,0.03762687929327826,14290.806762427746,0.20818040223708884,0.29673562884356963,0.26771175070935066,0.4825743391984056,0.031299822489830306
cust_df4147ac,0.8089862373705393,0.718990818869081,0.3653665310350874,0.28998834161886994,0.43821431155641405,50475.025852076054,0.4442986632684195,0.3862126600094896,0.12397227712454262,0.11904468703757182,0.819813003764125
cust_027b36ff,0.5703820123094432,0.17459051389159502,0.14638218955128243,0.31045223007493217,0.4306111597425022,56053.90692918162,0.09885221628712199,0.26385872833514723,0.09259434798156073,0.13919724079692386,0.9006586638640333
cust_5d0e0beb,0.6021800542485178,0.1971218985342857,0.4445748735261658,0.3759403648317185,0.5122727922008778,56629.364766502564,0.6105921957784337,0.41641254106703335,0.4161959768344034,0.11490606048336514,0.7414632378588639
cust_cace2ba5,0.815359058145458,0.41262183239840894,0.14074878575864727,0.23391069256830366,0.08445474064487904,42292.062217349405,0.17399152991653638,0.4746528134824192,0.040794525993119,0.10047858730956881,0.26893018440605676
cust_92b4844d,0.6855664202825601,0.3056165868523803,0.23276575062797075,0.3879115913165937,0.15926578005763578,26368.37434485656,0.31371376367909803,0.537105903839389,0.15187971662429345,0.08788302293264377,0.154319782141893
cust_a301d050,0.8137644778847609,0.30447476451780336,0.3395473244271174,0.34893490375578345,0.4025573470361636,20506.52936042984,0.09466597052491331,0.5201432705128524,0.1691142391286222,0.11955718735248781,0.09878844723406634
cust_1743f452,0.8378021767574763,0.7686554541266145,0.555699270258923,0.13339865458166322,0.19934826043968332,63247.3916264435,0.29603818842877005,0.2743161618711751,0.24655689976754905,0.4961289686218545,0.8354896123039063
cust_7a62c760,0.7616963038520909,0.4582449564498167,0.12496083794578876,0.16278430487515466,0.8430555080862446,17263.884734132243,0.15266821112925336,0.18793518714892657,0.04839817340648458,0.3784732921690019,0.2008851041112367
cust_b71c8aed,0.6875938807964236,0.1825891639553698,0.25563486979292177,0.4763836518877485,0.5567866959071339,310.26009045762817,0.6352964162450523,0.14916960263719414,0.23143905085247685,0.12788663620233706,0.13108854738308934
cust_a670f739,0.9564161058313945,0.7219484594951209,0.2674592272046523,0.19349877063878906,0.5786688310956236,7634.162395272929,0.2168111785106454,0.22281752597841184,0.21159701946234602,0.15167502191555549,0.48018701224850596
cust_aa30d0ff,0.7168226043277617,0.6177445898949229,0.3836409860621669,0.4292799842131027,0.3753752106461535,115593.38271193847,0.22434461882176165,0.38193174378778094,0.20563434431380173,0.12438148171999897,0.8364081025456416
cust_57789a59,0.7121870480144854,0.49644419067938417,0.5285318481879897,0.42094978372437947,0.4355672640729643,53826.227527647876,0.26019192593789303,0.6075084126868202,0.16571558103453216,0.2381924365463335,0.6340454050648167
cust_ed270f25,0.43164921967481074,0.5559187493935202,0.20931110737342767,0.0099367630261897,0.10608180244457525,17464.574146156097,0.3438976160272015,0.6646049478609888,0.1458071801883743,0.12608142202760392,0.1964805529727491
cust_69356c6c,0.611280051704195,0.5916127150413507,0.14700626815913567,0.08890092962743999,0.2283824853751495,47792.952275552,0.19422929145854673,0.47577897834037136,0.08794544409103623,0.10474565115642237,0.6695120307848071
cust_1b240a6f,0.49854365073014095,0.3157004770096806,0.4946493516178633,0.20260573487518885,0.3760218217579029,2817.26765361663,0.14732539800738828,0.75955644359953,0.34949881575952535,0.1348975724419207,0.3166003793858444
cust_dbf8cd44,0.8683557841302331,0.5555681349412941,0.46423078128922457,0.2168524053640359,0.17650091697087256,9744.639842707133,0.23826351914201757,0.6565798837826887,0.32331491063808065,0.3346853880068225,0.1905043318664993
cust_8766babd,0.7552162737697213,0.6562325758351457,0.06881204552688544,0.6406124411315328,0.49840593712161174,18666.875176953396,0.12371427427557645,0.4189186659913722,0.05423825258401913,0.6049599556337393,0.34629029185118376
cust_7e08fe8e,0.7239302833779105,0.3251924355052405,0.455037298432536,0.2936020329630933,0.42411111883939834,40896.00780570247,0.12061005151613229,0.3931630501427069,0.3754760871604938,0.2767338466545889,0.1351421689399691
cust_9fd74c21,0.7106549761163398,0.21376975465082942,0.10335233393005032,0.2981411602233312,0.11360860661982598,81480.8676786815,0.09314655434175083,0.6180878022241069,0.07001748253733375,0.05508730020817146,0.8132284810159138
cust_fb123620,0.8446353359179621,0.41671158955451015,0.28798858062417665,0.09323103496009362,0.12008358653164151,9716.317211570171,0.1705576927305195,0.46544295936364233,0.14401530994347506,0.1444211797920811,0.16940977123517245
cust_9f95f30a,0.846531420212382,0.38408964408383317,0.4464496141638805,0.39128825040262033,0.20905692946411653,26073.356906638313,0.2930059199930774,0.4807510128023147,0.2851938160929778,0.16158677541270586,0.15746167290984095
cust_5f82c7c8,0.9261807637932155,0.48617102852449984,0.16458619800922808,0.33397881234668475,0.7457286343845001,3744.0048518277817,0.15325434630234425,0.619628197455186,0.09464524938647983,0.3212827103895798,0.0041803837437182495
cust_209c74fd,0.4756302410895652,0.38448787049498767,0.43432327068719917,0.26290500905017716,0.169639940131764,46141.39330698241,0.6787045143698153,0.8093776223257033,0.37979446462488387,0.22051536927412974,0.3667147891892419
cust_690cd753,0.9264694690833125,0.6390208376634223,0.1431970868861898,0.16222754708727946,0.33682311973023304,28257.185422702867,0.2171646390282773,0.5324125276607534,0.13381742997150092,0.20253196809505752,0.1734556314982859
cust_a26c7766,0.9717659282095729,0.18852037972471725,0.5329938783838887,0.47460068479875495,0.5259271485098272,17716.169016710563,0.16673005928998208,0.37089169366064983,0.36805448029914334,0.10126071478603699,0.17356632685465326
cust_d9622cf3,0.9227165145429854,0.3402003306903174,0.684673055655725,0.20646526580706295,0.6778221477948082,7290.221369681613,0.23199676884775114,0.6021499073796972,0.6768692193143169,0.11306207137880855,0.006888947725047601
cust_7ebdcd20,0.7899409070224805,0.5265446275874268,0.16807992619800632,0.4773419904707058,0.35591498454042647,40476.347469146356,0.3134265104083599,0.44280466203247254,0.11226496118827341,0.08959033567636973,0.13986586848287005
cust_2bcbc72c,0.6110894791077491,0.6433587317127858,0.6886601058394678,0.09043008877489818,0.4828568171117444,53360.453419810525,0.12080562751258925,0.8205109832154951,0.44638498474112864,0.30475796453716797,0.42436969555593496
cust_42d664b8,0.8694762046728597,0.5373384633831585,0.1490633196447565,0.05355180755635263,0.29538362389131784,82752.29410054539,0.33268170763037724,0.6610375383301257,0.08877713969963741,0.17362869344208556,0.7479402012932264
cust_05a44f67,0.4990832756890524,0.2455636852787409,0.5427037652833916,0.17184137073418104,0.14552629801431072,136193.48956009158,0.1574914044869902,0.5787386727512929,0.1479899484965067,0.16258588472551055,0.5774780717438783
cust_4fec1171,0.8736577460357813,0.4421798433164747,0.4489411136870234,0.11060553029582673,0.3602418003044129,6309.64933864049,0.056030960756090264,0.823696454622216,0.203505199984919,0.24786264470262181,0.18008554837200771
cust_410e9cf5,0.8334299620686169,0.7218391020317508,0.22915561075623725,0.3812990156156123,0.033965722542405555,161218.9949437357,0.2884453511774093,0.4615619423412698,0.11372679762128006,0.4497325904523294,0.7731986823139954
cust_b4fc3a08,0.8534327733290253,0.6098569109455173,0.18095174265468314,0.05980390575151913,0.5370455981873513,20963.57871094062,0.025373987573785707,0.5188800644647082,0.1297836139724711,0.25292878919706924,0.09224768722261655
cust_b4f853df,0.856579698604046,0.620112422042876,0.05491233909768629,0.10138689578588021,0.6410744298319023,8238.66691138781,0.08407013921254608,0.5743891386964936,0.03432099743727159,0.15773431770109525,0.25978554448240354
cust_4ace03ce,0.8398575566862096,0.7332122863124045,0.21956955887134677,0.45784806935745676,0.33922621695830685,22227.40562654873,0.1306825917282946,0.2920975214936175,0.09279319211111949,0.3793389066960192,0.017800728273850517
cust_4e230144,0.8069996197740757,0.7198146013179362,0.7210226928365706,0.23030622022273456,0.3947778766797783,15635.226513344505,0.38528542427989804,0.2239154348027875,0.6031202187521755,0.05892765135824909,0.15271068859338816
cust_d60a9401,0.8262891181614885,0.6096380514168889,0.24613738395835202,0.4039336340265053,0.01017784799329654,26704.014260440723,0.35242458835602325,0.7438194948096366,0.15994820270118723,0.16705540305581382,0.27679164451260563
cust_3a687c7d,0.788796219206705,0.28838714441448426,0.3919734513726568,0.37471154960666636,0.12184580913906902,37127.50555695082,0.39117245525951805,0.6226530654736179,0.1271679050647036,0.2225457859083452,0.08519238084994135
cust_26f91ea0,0.6648695419790959,0.8633104480392597,0.42178272839665326,0.39272256491251645,0.23362846621410963,17213.653105782378,0.6214799909462565,0.2769711119074584,0.20158578778090205,0.28877361232352045,0.4444295824731949
cust_11e35e7d,0.8669724738992712,0.7571533044312295,0.36455026200053514,0.31178336115118743,0.38107592713183036,43744.89164745626,0.3609456462269573,0.6064034510616773,0.2690968724805141,0.5747130282414388,0.023814668129863336
cust_0679c846,0.8810308168650387,0.7563205512597936,0.08411935531874695,0.21913803225061979,0.6073511723262488,39818.83254269486,0.22708943372981558,0.7328452896713302,0.05744268858149467,0.3246599608123244,0.03903877932332559
cust_ba581d4e,0.8569989873722753,0.476953078659836,0.26780492605276573,0.3189416501484502,0.38362731750425666,86476.54862271251,0.25377825749871996,0.6694021598435552,0.15388192117581792,0.3273164297072245,0.7200790730260127
cust_2edffb3c,0.7392638400032301,0.7209529929379049,0.49709450100777663,0.34425238235561206,0.15275785431916497,1115076.5855471222,0.20357018154439463,0.33278998870256615,0.3517092103652883,0.3663562365368176,0.756992820139952
cust_810840d3,0.8467870407506819,0.4531107472469516,0.6643649423936173,0.4196325384022247,0.2813067472272248,43149.1989951319,0.19521219155148545,0.4581952940180411,0.4632188669426475,0.27379686454897184,0.00038059158807886767
cust_dfa318b8,0.5477934526313613,0.42089920480214116,0.3900401090130521,0.4339474658820906,0.4592665032380888,1717.7324539967826,0.2145431825527862,0.47708439341483155,0.3347984930864938,0.1854505534198669,0.01921758835361076
cust_bea274e9,0.8818031943225779,0.4409910939223661,0.374314377111561,0.021555476202686268,0.31702676118119827,32638.60027827419,0.6953012707704467,0.5682330201574319,0.2223350758816425,0.06167465644982178,0.024357864051186194
cust_4f837b5f,0.44345940582021687,0.5506837149007718,0.3688545913448308,0.20334818635071086,0.1567990897413872,9934.913984506704,0.3959920955602917,0.536425130597629,0.08837536161415588,0.2843979943908923,0.06643478287261602
cust_a63b1231,0.8769103663410959,0.678028013239773,0.5360900985052781,0.37119600410211107,0.46444502226349865,19689.03113281117,0.16147334521969212,0.6155810919137942,0.3118148949085896,0.3313873122448522,0.07327743454907683
cust_d4c4f666,0.7724374194255695,0.32667183282602524,0.5817880049940121,0.39375678072891596,0.0553141733812497,58009.84435300376,0.7976674007899087,0.2854134181553973,0.4788678037660933,0.05526917505820641,0.5498963544307948
cust_d50e9347,0.835915311547556,0.7973828044054506,0.25838102368414373,0.7257053978781215,0.3413369838278954,11452.010692491882,0.17257060681131886,0.18807816443226774,0.13228576012134938,0.3924309846237801,0.3341264680363413
cust_184aefc6,0.31082505920908,0.3655998811616043,0.7024419991956327,0.7489124349072085,0.216588512676319,1831.9775492477754,0.2600977258958406,0.5515027436174074,0.5306662231888983,0.23952002406079229,0.5655656693048602
cust_f60edd14,0.7184187177573923,0.5859391106185117,0.48346795021320044,0.09426387888964272,0.5833971798010071,282.5422222051559,0.4239597419629565,0.2566477627482772,0.29526227806792804,0.2167002348690672,0.3718484202056797
cust_2b7736a6,0.6140916211014136,0.3350952210794489,0.1671039535939369,0.29656246387595386,0.576451693638643,3744.8155554921764,0.7174591426997088,0.6726110863101317,0.0331219412130062,0.2028645720519301,0.2452200021525082
cust_e03da0fb,0.7617476004566816,0.5824740287334944,0.5270879870902122,0.24163196049321406,0.4490754757450179,4981.229112268244,0.40006572082926956,0.470648320545498,0.39860039850430734,0.10449434133677553,0.11346579301078118
cust_d2dd365d,0.418785759768089,0.6300720600960178,0.19228845985996446,0.49405540298756584,0.3228722756748958,45485.523637602295,0.2423027795423867,0.42350646918782325,0.15070642924166847,0.2703796358508136,0.1962812727366125
cust_e7bd1166,0.9277229485445234,0.41590857209717375,0.47630995113212227,0.3064591967795585,0.29680672467222713,7616.024712839849,0.5733201963067762,0.5298192053063568,0.16967960861433073,0.1708045285558435,0.09400543020015723
cust_f2af05bf,0.9091760363782946,0.678176804276011,0.31717869898939566,0.30911630819021507,0.4415497215098333,17175.9301995595,0.32947827180949185,0.44135077108957754,0.19862357494664382,0.4182874145705708,0.16400019552599013
cust_ffe6f20a,0.630099174775563,0.3711412812600858,0.6456448240231683,0.35064120747694644,0.34253102956815,22048.151218527062,0.19473066817604734,0.641884086395226,0.5552681788439513,0.23352982339985945,0.09466605711584318
cust_5e742e10,0.8571679200419122,0.7173846630900311,0.4798358345455698,0.16142624693788934,0.1078540512676819,11596.610682160917,0.2981903072877772,0.38948684023032865,0.13277505848288043,0.43758572928482464,0.2795065505677633
cust_5889d7da,0.6286456338305929,0.5579491369533375,0.49879617564443945,0.5301049705139371,0.28716104908333995,1197.338011346226,0.44659283768448177,0.6374608790274373,0.27178348083385667,0.21896480461244977,0.025166996944922543
cust_123707e1,0.9071579640581894,0.6850488177444932,0.14207825058968984,0.7331680448462605,0.0971803755546072,77645.3695399824,0.12744751223745718,0.49264241775684103,0.09069630431947312,0.2963852757788216,0.8635102622516042
cust_e3cc9a0c,0.7208665222609162,0.2990085892935647,0.183281074593278,0.07226183424762474,0.27500736868935294,9100.928943669529,0.3327737602972116,0.5950223794677403,0.10792896644896371,0.20935389596311527,0.1781405930261425
cust_12e843da,0.8249143616373049,0.09620497227342725,0.3212183421592656,0.19040116781288224,0.19329293569458553,207165.37916738205,0.21802849920861322,0.3370510558004395,0.3033390900983257,0.07056490499053622,0.5641001757720396
cust_13e0e7f1,0.9644527433365355,0.2648612832194817,0.26967852137365145,0.3085892419755715,0.2266656739235237,36504.82564829011,0.3810090671273271,0.7022314573988119,0.08864948120028364,0.13181938943005,0.15958806881765875
cust_3cafc525,0.7373726541893656,0.3604739739908875,0.1424827748106823,0.2945082884439575,0.7552502762988309,13683.252082724792,0.34011537364952965,0.6705440524977775,0.12285097896110016,0.16011485284785543,0.016468402465441664
cust_535e2729,0.46158437867650765,0.5388687309461357,0.44570490164883514,0.12842876679493948,0.274020203835842,394091.5329527703,0.29041827968366934,0.2177328604989372,0.3659321269996356,0.10419365891184328,0.8550397192033723
cust_da5e21ff,0.5989922927539244,0.3175556396623512,0.5454885390795524,0.329794607270217,0.19429412097854779,24628.491415900793,0.3964327809324251,0.6533557777913478,0.2585158908903178,0.241732624477447,0.07479560148969894
cust_5d29cf1e,0.8694105725392521,0.8976713961464501,0.2957829030381077,0.351979688047323,0.16438396959931806,4388.782022703115,0.45933293006787046,0.7197444780020635,0.20121717704002573,0.450783784378572,0.4718859851773402
cust_cbef505c,0.6547921785523919,0.7020995489306997,0.4108870425545694,0.2156182837596092,0.5903664896760749,8048.745595269388,0.4081522443154564,0.6529164908316306,0.39394808400519976,0.3522365465845279,0.5478409669976674
cust_fc54f660,0.7087002073932368,0.45234033515109,0.15662832818027264,0.4302428307873627,0.6299464345211472,21639.660382745005,0.13555091409992917,0.8497306949163441,0.10483881444843095,0.22671365713766145,0.01319459153020881
cust_c4f54fa0,0.8376492865867754,0.8123610418378073,0.6728809909370769,0.038692919951939235,0.30505985774645417,97693.14150431751,0.23124735738259697,0.2767306285445741,0.5176709066781745,0.5225567666043696,0.924862543529491
cust_2dd0564c,0.849017261655467,0.385537200427085,0.4730219352594025,0.38881217611669233,0.27471299151941797,42177.10077779171,0.5073723495651433,0.32042011486141053,0.27909352543511085,0.24873455642895578,0.2866754893737652
cust_7766bea1,0.8639678750286838,0.4187707327680405,0.6137409640319319,0.0701550695678773,0.49417705349322427,21496.075520437505,0.06928501682666892,0.2723178271325664,0.42540704590287276,0.12207566355186986,0.0783796845804474
cust_7782c533,0.6171545112253819,0.333344807502988,0.4745155250273332,0.09880194620358218,0.2918521759602314,23896.116789288015,0.7585102139642942,0.7776286454449759,0.13636492313824602,0.18827934578720085,0.23085249645703074
cust_3fff25ee,0.8436620221608842,0.20310076701323082,0.5175890677807142,0.14742239527052306,0.332907605072826,19693.91733485131,0.2682451117103762,0.33159843390359744,0.14368418605309008,0.10760342249639551,0.11747203641391245
cust_f2a7f0d5,0.9246455731530565,0.26031568708014036,0.6443373701097908,0.20680276251340662,0.24951514690947169,15378.86835113597,0.41230926497174086,0.543666595481317,0.41193558222534205,0.1255246362782914,0.21377990278622308
cust_148fc173,0.5750688840697558,0.7271012119640625,0.24516237556049467,0.14953961436379903,0.4776921671970275,42063.9818509177,0.07330385657460302,0.09599435010398995,0.09677134900160485,0.3141520258979439,0.0771255806215707
cust_5a3813be,0.9551147701509235,0.5740233428210402,0.2905865580751335,0.16702891820918378,0.10549838310791372,1029.0117930954332,0.27913801091408186,0.10824403625273583,0.21815276230680808,0.5228654557985855,0.11057269574624835
cust_fc284d2f,0.7724515579016691,0.39008569251065783,0.16395006657390704,0.1432352230513588,0.0382118939906459,57400.69985928598,0.16197436891818998,0.6084362744198452,0.0971585166336325,0.24254184169252116,0.7748424636242144
cust_75e5cfc7,0.6443911008296425,0.4603888431243018,0.5803066789604774,0.1973144130244361,0.1702403579613979,64328.8263045166,0.072634148284511,0.17306384392224816,0.20975264329684695,0.10675728492194742,0.659529714027604
cust_1a402518,0.5158588621073571,0.7912233065623683,0.2495786948431966,0.45780250502535313,0.37615569716785763,18023.955746385902,0.2193758276962439,0.5470009393908299,0.15581875714790674,0.08096557398031545,0.23713706059233108
cust_22808752,0.8313098518219522,0.4929397575313701,0.5296738920923647,0.39267251742124787,0.5254995538218317,25230.185088213675,0.06592462163628911,0.09255796952669258,0.24959094225293957,0.25772701693591266,0.057488980381497634
cust_444bd524,0.6994786266627772,0.6184834373188739,0.29868038526944424,0.12454253723410148,0.07534032115963497,34423.16375654359,0.42707334027330035,0.7515230895244002,0.16238805010990906,0.3927291858703495,0.0405195797353519
cust_29aeb21c,0.43232975580404465,0.4018732167221701,0.5843625180392078,0.3097130549052057,0.5522454725526394,138570.29259756993,0.21963759459731594,0.3173454398322694,0.34610511016254314,0.08799171457751168,0.543404174252502
cust_fdc1bd70,0.7029545052624299,0.7941070877982653,0.4251442867456699,0.36764543234229813,0.06768627358110545,107684.21951400615,0.3011971829108397,0.5328991710564284,0.3573297737778741,0.16694183067116944,0.40513450863381995
cust_5e0bc5da,0.669034671623223,0.2878261716520144,0.013166494741894082,0.4949830927228065,0.23609982742556282,17999.805447286646,0.6144053866654977,0.3466850141057559,0.00873529403758834,0.051771581426109395,0.10711281252497813
cust_d8d2aa15,0.7575631682853916,0.16521003078569366,0.5163795445679001,0.4405500131545424,0.271007423262979,19916.18969146963,0.5780738838766313,0.31282000896428014,0.30988803242667706,0.06844357069003036,0.1729171465753985
cust_5a72218c,0.7640005601655906,0.4736804965345648,0.3446294422185192,0.28815064091203324,0.2379323897570427,84206.17691775749,0.3554294296614184,0.21403416753012522,0.09609872264825878,0.16549595339609532,0.612628636687866
cust_e5638873,0.760129811116146,0.5564402584586864,0.5605482658381292,0.41243531350976387,0.4307810725148908,18574.12057874141,0.18816350272025062,0.6311781274833275,0.31213465656257605,0.4146227031990346,0.2491916181713316
cust_602ce5a4,0.7119280394933417,0.7211222780119585,0.4433149425545081,0.5239209330799635,0.15450582859195708,156472.2771702605,0.5316774054593515,0.6901859482356181,0.3315312301753444,0.3425874215601474,0.7271235471805121
cust_a53a849e,0.516304616904054,0.7647242742548329,0.20456417144485978,0.2649972703792918,0.2999398863218985,9810.252214320848,0.5859527143716758,0.7712185118039173,0.09525946399595014,0.15596795997985707,0.1314824194666088
cust_a0ba1c33,0.886100546604505,0.3069706654156823,0.10026846138357873,0.12644057136167547,0.42502961260583627,39889.575572112415,0.7137188246442423,0.4486994802177137,0.07107986112232346,0.16864595779600258,0.17620722103529457
cust_ab5e6890,0.648190727626945,0.6169080424934399,0.14965915973671384,0.15089451261229936,0.5033992070440856,16423.848073398764,0.25722963320798287,0.7366040286800142,0.11502897353636832,0.3963730541031222,0.14464837772693806
cust_88149f0a,0.785232591466771,0.29638005176432414,0.2914060431312612,0.20222981904718457,0.5300482485143572,19636.387202967457,0.3938175306630418,0.5017644344824637,0.24642602772215716,0.09681111712274786,0.39985154021701413
cust_7bf59ca2,0.9451125974857496,0.5080000993388312,0.37382438330675566,0.4791872827104002,0.13289871761269517,14051.074648480702,0.24117340911924126,0.6371830617836499,0.2898865254591416,0.42019260325124086,0.009890556531211073
cust_e2f30fe5,0.7166110688387064,0.7155428894578318,0.5755307285073816,0.4224306065049045,0.3133185853392105,133397.09972761382,0.21903481585982373,0.2579126670786729,0.035856711518546726,0.41737104010281706,0.6954910342264021
cust_e6d5b349,0.7715273956311077,0.7280950536542534,0.34260491834617546,0.42728942581534507,0.05799769267286491,204816.35774306403,0.5288572573358522,0.2723561656851005,0.2294017347291277,0.45385744153526075,0.7598337538349804
cust_2894c2a8,0.593744645154945,0.2872652512629581,0.5290420987859311,0.16127565249911846,0.29669232581859883,2874.7509820205787,0.1233388897860754,0.4726374258444097,0.4949653646025231,0.07345770791084884,0.06078216296284035
cust_b37a53ba,0.7217014593895487,0.5464495613317646,0.2039782357959729,0.28706885195414306,0.16697031504957097,32751.152729556637,0.08730973834967769,0.4743450163158013,0.16301897170572346,0.20117791950125674,0.09493498797327765
cust_ea201623,0.4343869570005905,0.881889935860623,0.3390956927893574,0.5189809052410883,0.09603750752827139,45887.30687280995,0.46239540154064634,0.5109923452858532,0.22085991934610913,0.5681380775127655,0.02032356521094946
cust_b9f3b87a,0.7055677052313303,0.49869060260698833,0.1176598451905513,0.29358613266219413,0.5025545316400168,135583.92471674716,0.5746691064472605,0.24514007237282845,0.09518624000906092,0.2919307455893051,0.7508047022306052
cust_89283773,0.7268834983565443,0.2455667264303372,0.2283903876244074,0.06845271892682701,0.14930538777282207,1348.9614156652003,0.48133827262374396,0.43396207624871497,0.09219652036178015,0.13497622937663903,0.09644996293886396
cust_242b1387,0.921441557181875,0.30663552233739705,0.24896661986600863,0.1501105207314662,0.12070872489715395,1453.962562219917,0.4864950711722905,0.6076868304794052,0.17967847915593715,0.17947457561326555,0.4359250652942805
cust_e9e35222,0.902528826797267,0.6478083136175444,0.28874646560046746,0.03995847020426063,0.6941631716760271,138717.39601249114,0.6381157984296354,0.572630950773029,0.1861891518581681,0.4915445365818501,0.39729707612562004
cust_15487695,0.8990658293085606,0.5041083685013659,0.1949308397266756,0.03439720888928921,0.4125371106841762,12490.746311494844,0.488289661715294,0.6748158911844718,0.16604067743315382,0.24657964727222442,0.06350922302363264
cust_9a5570eb,0.5139781090083421,0.3788762323072534,0.2873282982059405,0.5498014881037667,0.339182177745051,26040.838076157463,0.3224955089898271,0.23104678359670958,0.2219712032340586,0.13426781967411314,0.06505548875262608
cust_8cf00283,0.6478409753522298,0.37034134272681857,0.35146172694315697,0.04884429621425112,0.07070210858643654,175.38552046105443,0.5195608693493167,0.8138933259925295,0.10309355576842591,0.20531792166865176,0.22064916341773633
cust_c08064c5,0.9056691366773797,0.17572795179777442,0.6367715140444657,0.18952811616456217,0.15278088702602785,320955.4300244427,0.4290408455531292,0.30160843688074934,0.5935777369567856,0.09150700690299512,0.5815692510292906
cust_fd817795,0.6040131967733796,0.45426613566232515,0.679899937031486,0.13907368147243573,0.38387691844495236,425954.5740896205,0.020715531528720094,0.2598609958803535,0.449980833521033,0.3791588042776732,0.8662120043704432
cust_26b5c394,0.9058846754715736,0.7104459365467073,0.7346883692069434,0.1548852160583535,0.6684579821303649,25176.198189889918,0.09790117417791307,0.6040014556143019,0.5972004525367957,0.14593944572646986,0.38771092532437945
cust_3ad31c2e,0.95743671254745,0.47996446692334316,0.704864189843758,0.22072078888974356,0.5900378743959406,130779.18376525913,0.06324790614775845,0.556860868424083,0.4016263419924665,0.2024423262457603,0.600330404345503
cust_b83c0854,0.752841053778368,0.24979523337018367,0.7246790412932442,0.27862652944528293,0.45277980223836295,119969.06175431373,0.14468034378408354,0.3565871176240219,0.32527384856018005,0.16933077618295658,0.5645415371305248
cust_5fc2ebfe,0.8071033221205018,0.4180100600587057,0.5493524249952055,0.3941077858624317,0.20256048982631075,40153.686821747215,0.26747693715644194,0.29230239596857865,0.22745946885090007,0.25987033200404364,0.05013254224061932
cust_a32253b9,0.483216390932453,0.5937484259191425,0.1191199271516703,0.26033068623742944,0.44252574968205255,583974.8110312476,0.1771911239082234,0.7754646355654697,0.06817811498162524,0.5402121962143814,0.6822383490231152
cust_853e2654,0.8644561434191491,0.5805170644604528,0.6710207050509572,0.2231752397661374,0.14074918611964155,5657.879393113367,0.6507720671592194,0.5018580390376965,0.428569898030993,0.1901752916819653,0.023488466390188645
cust_67e55351,0.9237351241019767,0.4770248301587993,0.821136095640441,0.4080132776060676,0.1649749321863672,10059.573677726708,0.5304809024778006,0.6586206932476495,0.6108393622436865,0.049703195528404374,0.05632134474848097
cust_30f85feb,0.7964813721534586,0.77840465441426,0.20392375450021596,0.3449739640456696,0.7341643063102973,218984.4784823281,0.4549287375099055,0.5853069601285024,0.0859566279359125,0.7459427324851775,0.7011690587766696
cust_7f317e8c,0.5680759015500315,0.4666929973474857,0.44964550974770445,0.01764417810629649,0.5565972269355705,4902.694993619527,0.32378677602149186,0.605669511671934,0.21909421475373342,0.0903697762967495,0.5133838544911077
cust_4e687fef,0.8110056661272826,0.41700770911213986,0.21796268952915565,0.26515937697295744,0.08790394365464285,13022.721314578459,0.17740083627693978,0.10801023805571613,0.1068436576706804,0.012224076952785042,0.024789873381455548
cust_5b4eda5d,0.743755113384475,0.660359989033553,0.35850438283162417,0.1873511137007966,0.2017744012086668,3633.7146059256656,0.11654371458012742,0.37397167512088997,0.13154008405408937,0.12772526378112248,0.537781667894769
cust_6b8047cc,0.7014369383131507,0.4616379136799322,0.24702520682132795,0.5220184166781053,0.17195241092235036,73721.5067835908,0.2550308814985976,0.7086845298371128,0.08716699305734464,0.13280458713447962,0.38114044725284907
cust_b43340d9,0.8607819209082662,0.6656227027728937,0.12643291716311933,0.5904432994808612,0.2302843090681431,4437.317373781852,0.3000088706576901,0.2207959648552972,0.03950483636633556,0.1839408435671236,0.08247067060060448
cust_261dc647,0.8050994874086627,0.42695509570117324,0.22385415209198403,0.2557758889570466,0.17046892667838956,36201.961034311666,0.22361461265096028,0.4616781847159193,0.12243073846842387,0.3730001469654329,0.06795512068333222
cust_ed923b3d,0.8639901049076193,0.680812942169475,0.30019375931087755,0.09612044002446966,0.1738879099633739,70183.42066224401,0.5565739018406806,0.535592626578728,0.26573086349990394,0.3600425694829375,0.5598206656379656
cust_3a8c7ee4,0.7980295219921334,0.3961328148933036,0.7132408034275275,0.5822010839041054,0.23018645773301083,15937.383394722889,0.25962936812247067,0.5152026743889424,0.603178520427106,0.14719748978000366,0.3770655525700991
cust_86c912e1,0.6744438479406138,0.4008400796868468,0.3109066369015254,0.43090002065164273,0.2196276086078005,18822.803249044413,0.3090763334230891,0.7574339991829335,0.235131160110415,0.043737285684323314,0.38843749480271544
cust_22744d4c,0.8144111570243703,0.16327062381311258,0.38896230971806395,0.5532132530056607,0.31023419517977785,72196.46412856426,0.29337602691077164,0.3995026591511208,0.17041067980271968,0.13181546219890297,0.653561447952466
cust_1bec6bcf,0.743011266119976,0.43430288291877683,0.4560760978492878,0.19757930675513524,0.6197774937398652,94924.47675228359,0.44883511582193436,0.3991120841827194,0.3365223662189449,0.10288198906312314,0.7140727878176807
cust_4ea17d61,0.6733889053970751,0.6781713045637174,0.14694006686194136,0.5127527311262663,0.2788434607285993,24997.654848781625,0.0072977061918998425,0.6229099541376628,0.1124256644263147,0.6228510710774645,0.1305604955473764
cust_1c67c4b4,0.9265614418846269,0.4054793107337256,0.08436128189103961,0.3259252325522214,0.2654761756975903,7462.299562300518,0.2542439607886804,0.2768366122317218,0.03211737723751931,0.15691134987965338,0.06516503672512378
cust_62adeb04,0.7146324767692289,0.6859931070138378,0.6527802233632783,0.16171520693390437,0.10520357152012255,17466.04104209265,0.46784626067855906,0.43657007806498016,0.4336910110164474,0.25067148370160963,0.0537926893631924
cust_94cfd9be,0.5935881236027664,0.23421211457719723,0.18975231552860908,0.3625017157516651,0.35341024006802524,52763.690551406195,0.5064359092330404,0.5270839700412835,0.16645803940068626,0.1999844178658785,0.6423267446150527
cust_f608501d,0.5361546454626868,0.8555563279661299,0.2952374651615075,0.6171345471988394,0.4105729978091665,98874.72467371228,0.1473372684030546,0.3061987357363052,0.11398042785697622,0.7230037951057864,0.42570181963168185
cust_590a2e99,0.8925602487836739,0.0887749657310295,0.07501687605630862,0.2523202632827985,0.20226334810273902,104065.59637046958,0.36359053433090466,0.45500393129011607,0.059309558962235484,0.031434223541319674,0.8405158654446241
cust_1d8727ba,0.7539990069765253,0.6148211449350887,0.5302682142353415,0.18891485781847558,0.371264471338018,13951.641777749262,0.31510253833974944,0.7604423726810567,0.3001975611773698,0.21839519207608335,0.008078333556041975
cust_8b77e0be,0.7481172276935354,0.4989568630954457,0.061361471878393865,0.4209956697987015,0.4631573302805154,4567.686616659329,0.35178277822658044,0.7885301070123722,0.038952475322650296,0.38843410363729647,0.0422105978947825
cust_4889307c,0.8127387834244246,0.647721307536716,0.19959371064361592,0.2776887479226456,0.20191830973876257,61706.95222005851,0.27127652418653697,0.4340448243013547,0.10486591009841871,0.23772713122166325,0.6373815889404884
cust_f658635f,0.8727654264833068,0.40146425572629574,0.458030088851592,0.12633863577461663,0.33273810347832594,2943389.08296217,0.29444550641824474,0.4630264623533975,0.19963003878505423,0.18688685909663033,0.8188095432740243
cust_472d4d8b,0.6636141593683166,0.8654565945901561,0.311033404542894,0.3143748031198044,0.2116022490055541,45768.35348332388,0.40379114307795017,0.3583174721797182,0.27728128468661317,0.14830540242276405,0.05320426545700896
cust_503fe940,0.8879937797027305,0.5227514367291559,0.5745904046243794,0.1809106275040953,0.20199023747266553,2670.891065490995,0.22953335591322907,0.6204311691498231,0.14319423430730607,0.09620167010170902,0.002827017614750649
cust_b91e9e15,0.6746026792120478,0.5748122423145977,0.26568072840257245,0.2252859393618872,0.5375425430695725,4673.344114557534,0.30652364501832785,0.5642966860306515,0.15496644867105372,0.377824244722779,0.2113998253435949
cust_c4307b1c,0.8931212643618833,0.3982731673428478,0.27462120141885704,0.5061105931018539,0.36767145462958245,37817.95019874347,0.778795108177578,0.27984636240850036,0.2401284501146925,0.1833815292988754,0.21455847439618778
cust_e6a0cfbc,0.6404984514025502,0.6679260127779629,0.5219608844272922,0.0764904404501815,0.2335117728778488,908563.2415135817,0.3345787006077013,0.38582976267890057,0.4859361562715552,0.25854225815661913,0.8604205757972032
cust_5711e9e0,0.8899430396158045,0.8551221868826235,0.4476225250397712,0.2385627571907814,0.46175548696415025,198888.0710607465,0.30516439003272355,0.3797993572631294,0.29836349607105295,0.6461776917675769,0.7135467031489364
cust_722907e6,0.6622046774496325,0.20922685873294156,0.6830117671639567,0.17179085241506115,0.29186172281207196,31230.897509403472,0.309192950868917,0.4359350047826028,0.5512870840021755,0.03186766901564327,0.12843649656668019
cust_fffa918f,0.7472636821384052,0.8187244399349045,0.3068367935294099,0.29166981530638736,0.24326239825321685,24765.027461468046,0.3440095459594237,0.3322734083176053,0.11495905354099474,0.5323492430678547,0.07487909601108853
cust_c4de58f9,0.7888952587485956,0.3732215655572928,0.5635638995876048,0.23788213538939595,0.2795155566351752,80750.02033422743,0.6219269558677658,0.39022873629184546,0.4483169828982781,0.16648172119729196,0.1277856180906686
cust_791edbea,0.732730929369045,0.33041309842893435,0.5897621624961077,0.4257903190377484,0.2688146320927177,39447.28525268946,0.22479719173230664,0.4277788380730762,0.3774821425321501,0.29455628382573507,0.08529864770701205
cust_d2271255,0.9187317851992413,0.2584038273661323,0.5814175456485752,0.3434650251328984,0.2708821843201111,988.3197889222959,0.426518618489671,0.7303750275484259,0.2456584062718676,0.09774884899160399,0.07216941188852734
cust_439b888d,0.7331072306845635,0.5980130898895066,0.5059701183316905,0.2676177363336446,0.2441181774258755,9640.311918916268,0.1929584402789359,0.6447982012863426,0.3227085230251276,0.3161251185245443,0.07504696031766399
cust_d6379424,0.6382027737586488,0.4301104771172113,0.07250247501961478,0.5261467412190147,0.0570077248811076,36315.55766757671,0.5680588474258453,0.36701314065901597,0.0501370426017605,0.02758886049843327,0.055501017322864235
cust_92bf231f,0.892933020475803,0.3730218225653975,0.4357474446832255,0.3809094638759045,0.15067645038633498,1785.330513318694,0.3504087009601886,0.6201028635648932,0.18035502018270633,0.1881033941195496,0.6114233129569915
cust_137a6b29,0.9036496697374448,0.6045543175384978,0.5208980356561608,0.3444583886361283,0.2617489964554092,3859.800312337246,0.5113033181920132,0.7136595371845184,0.23128495933078638,0.38898077092639133,0.03785999006357744
cust_5d8c4da2,0.9008281349446041,0.4643685149585006,0.7156105602717459,0.11291415680572879,0.23460687425873433,4655.092130731467,0.2345810955180179,0.332665695900019,0.27469474187247866,0.025475706771438063,0.2060117226320451
cust_0d215052,0.6563616336897125,0.500459054866993,0.5223814119601301,0.3716519287348747,0.3433542028771808,119461.05993881942,0.39652467686018306,0.7212141036467775,0.17789852854385388,0.20760454657921545,0.7658257191405923
cust_1bc111bf,0.8340751907904346,0.29782135335440785,0.3133606646655476,0.2687239803311776,0.3061945530028402,849.3615689638501,0.546571021736458,0.554567126525905,0.19039878006661645,0.16461884725818063,0.0782017270033203
cust_b49d81d6,0.8393058619570819,0.3144339003809084,0.34571984999719824,0.06779915404633736,0.08771200171720836,11206.89004123091,0.25847011597329456,0.5291994122572893,0.274751547170165,0.14173958123735017,0.04727888222516407
cust_e9dafc74,0.8393895896600939,0.4310005004341468,0.5215585189765942,0.14241114551198256,0.17325260496385647,779248.9626251087,0.48324532929932773,0.674934783609409,0.3020220710920114,0.18657693525045724,0.7866248030079958
cust_be238c8b,0.529866235869725,0.7571777800908804,0.18149377672620867,0.15966001658716303,0.05436748304331596,5943.980096237846,0.4014164527514087,0.40314960393235477,0.07987291610182919,0.16580818336646486,0.08373835685456081
cust_2f094a8d,0.8570142354083005,0.35516606926758076,0.25825593116881246,0.4028489385700993,0.18653142086971816,87900.87449317056,0.7755834596021124,0.43413138138722757,0.23896887151681215,0.28176443736952983,0.5337043866370127
cust_08bc37b6,0.6901485323122963,0.49716332105891226,0.5966022712430583,0.40595520606414637,0.4827693447353288,4244.238253902216,0.35555125310469543,0.6964576741843089,0.2722566179782603,0.30057253734182754,0.2401934974409983
cust_246c7860,0.9549723593649101,0.34192611802545586,0.4966318653177375,0.20225319695751842,0.1942508555346288,3209.640949109669,0.35004850172255186,0.12154958907446717,0.3349384085911457,0.11426578249172246,0.012881553552944304
cust_b03330e6,0.7633514198191688,0.14734335069859372,0.7418034311506075,0.24673957712262296,0.40396672622719787,25859.261929276556,0.29802371892466445,0.3051325733115641,0.636832814113248,0.09973292170151438,0.03435570199544159
cust_e4f2c21b,0.7833165452067709,0.2223758643894794,0.7956786982457771,0.24561350221046416,0.06423297975326954,11166.982568927282,0.24253337972792582,0.31552159244587114,0.6900548793070361,0.1433751352491056,0.020388136668846812
cust_4e037000,0.8999047300399758,0.4181973487260146,0.5541217658892453,0.4226213419173489,0.06562775260880134,21486.52884463906,0.3063492613114628,0.5350237223063604,0.15981286147297954,0.14915317899504346,0.002014830079102339
cust_50d8b437,0.8780741272743704,0.5318900979440679,0.23103853184235423,0.44267230467561636,0.3991698268599061,154369.28095613295,0.14203457138352918,0.3283703978040819,0.171822523241861,0.39800042030762994,0.6088960844281489
cust_2f7b93a7,0.7528768206966393,0.7100957107433639,0.21522963505615386,0.4043289200023202,0.4700854253992923,10287.665824120808,0.2685736445220506,0.2582004303625904,0.12889474444829882,0.405662101445903,0.2884132504422152
cust_462a945d,0.8244720826337562,0.8634663089561598,0.363379487677425,0.19502050204850527,0.4650744162982937,3373.2928298332154,0.37204454546381915,0.3072738750036817,0.35634190104736324,0.5179501000379658,0.18771945936772055
cust_2a0b5a02,0.814619603881678,0.4593648655787798,0.26641066145859393,0.07653623820845289,0.46749541983361215,7233.028885913162,0.5458326902562448,0.5747113451388352,0.24844713858581405,0.1968568020069847,0.09899444754190524
cust_dcf6bf36,0.7541582433659256,0.2510434455654743,0.6055945566070629,0.6062543992231234,0.15171890602599447,220.1661407287083,0.1039588840349514,0.5129734593304083,0.24122681173710675,0.22523178971185012,0.13335561308843016
cust_72c35807,0.9101537316185183,0.6822256251592043,0.496007953525332,0.17591593683146994,0.8193184779146226,7461.002823596079,0.5589805526994696,0.36926218206033157,0.32372952533956384,0.2874141568108885,0.47300945522294796
cust_4e149ad1,0.8492969447853316,0.10519234907602733,0.5850485616670066,0.35219329259209975,0.27071937752877195,42384.599949006384,0.20790866952642748,0.5362694538022716,0.4531722346581748,0.07490476213867736,0.015093334660317967
cust_4dcd6143,0.884517776154636,0.8446836485641234,0.23978512415058556,0.40179067030744936,0.6394621981778766,2217.4765232788254,0.1576136057709343,0.18988125248844762,0.029846235554445287,0.170235722029696,0.3015039065430197
cust_f887c677,0.7587502924697735,0.6495406011280467,0.3996874942937547,0.07427226199734405,0.3214605363354405,42691.91234451551,0.6973944405919182,0.8264671118442415,0.15697966005073705,0.35890643202477174,0.006473246290845199
cust_5246962a,0.9170207637167428,0.5696873566654551,0.14010558155922181,0.18594848661426427,0.33628560987120243,11113.896298222797,0.44841095091439254,0.7531985391344778,0.09567259703609236,0.23578992795327905,0.07518178261940082
cust_7884a98f,0.8865844294987609,0.4341129233930306,0.7305305508818227,0.3104403811389665,0.184486652088407,128993.8233459847,0.2148019398105733,0.2837055451439304,0.15214786957387108,0.13243724316387864,0.7780507055933207
cust_c32351c3,0.6185580034494448,0.5149985463421223,0.5947734830175677,0.4452673269193672,0.30712953286042094,7751.614326603924,0.41124231813215373,0.325590031247103,0.30514964939628847,0.3348111993660014,0.10259135748615406
cust_22e3d547,0.7919875283782142,0.4176769126557566,0.7229205861846921,0.2408117962421131,0.057467283177677006,1801.3209984352407,0.33885546682963463,0.4822184375310153,0.38239132744171406,0.1625024510088978,0.3468794332082309
cust_07193c28,0.891192824704733,0.5175306415293788,0.29234440867523465,0.26114763222998394,0.45619980592957027,36096.76359919526,0.26766950059610556,0.5073403975321114,0.11959814657341004,0.2411854469886056,0.37572139827808365
cust_661913ba,0.727150425608955,0.4811196170096716,0.47898187544620885,0.18422512529853535,0.3408257031176941,10700.126545188745,0.19912419060627534,0.7761841715977912,0.3800408198635711,0.04151772053985896,0.20701470927826288
cust_eb091ede,0.7779960167593336,0.4732983516049274,0.38531031917130726,0.08693865139715437,0.19287397618974328,2961.101517894182,0.1624410724454232,0.6016452868634345,0.18349552363479663,0.2693404396198848,0.13304946869460607
cust_c0577301,0.6610009142404377,0.6102610793255815,0.7202045876065154,0.35114474133965334,0.22776089290124107,2745.406096758285,0.20706674107564024,0.5923432108778565,0.3682273731597691,0.20169662221674944,0.06806741821496134
cust_605ff054,0.8543472157729449,0.20341317562117478,0.23573585742023986,0.7477340959834169,0.47951755160889026,45412.86884229397,0.20945911457665684,0.34642830349046927,0.16757975834780464,0.12084343077185956,0.16626065257541023
cust_4e5a5a73,0.9296876597823225,0.5742121103486711,0.5684628517051549,0.4819573282992353,0.39987902901232564,36105.825303076825,0.684062457517441,0.38267946651555157,0.1460281095005371,0.43812314793065776,0.2992322604899735
cust_57dac59f,0.4980835972530244,0.6257817944397908,0.6861184987230032,0.316191734615995,0.7169752092334961,70934.10987795351,0.3769464112314026,0.8552134900295256,0.40289903571359137,0.1185822645038407,0.814277553535749
cust_a53f8b73,0.851202593780889,0.39141069634648407,0.22853889474882091,0.4056115852895455,0.41677967905811963,6682.669296724447,0.2533103476965605,0.5357294137689586,0.17525294251794854,0.23343723313817152,0.016332499279947617
cust_b4b11cfa,0.8462807496568896,0.5204382371588564,0.5984242995662452,0.4390759738775223,0.26356033928979294,310596.6899589435,0.20052913251308985,0.37606818972525236,0.36880580606087005,0.16191121092891275,0.7500922397865145
cust_ebc4659f,0.8590584969029309,0.5134998364195213,0.48679652150737845,0.764716775957143,0.4214991686980109,30956.93446589049,0.26757471917055115,0.8326750856851367,0.41887597476468164,0.19167949750873925,0.012570400347465484
cust_dc5d527f,0.8041881681654304,0.6575827436622355,0.09390621984418991,0.14132837018366368,0.43092819853969516,31646.80753861139,0.4099809382826741,0.16568594747672363,0.056700714490266826,0.17820577720580547,0.21357077500346447
cust_0bc68396,0.5258261771136601,0.33634443815739223,0.5697396189656572,0.4128608412258946,0.14448478295642952,37069.887938396576,0.5158971275016071,0.4529818285382181,0.22112325260352575,0.29956737966650937,0.2348830667607991
cust_58242d66,0.8689123296977932,0.6162335201723677,0.7427186241940147,0.5415852999784395,0.7015401004924802,16006.062223356781,0.35594608350118595,0.2998975883885866,0.4423139408641845,0.30837780962978795,0.21333538677038036
cust_f9870222,0.6518208702397119,0.669096481690124,0.07584503121595781,0.1990459228653399,0.2911883008985763,8029.830760080992,0.3529193244957247,0.16106637713734367,0.03039997241791507,0.22346639339979393,0.32076684886889656
cust_1339e5ca,0.9553201289077576,0.7666160381279326,0.41296905419678426,0.20004154549631525,0.6416076809290541,1332704.2905517155,0.4675444116006754,0.1250816656765323,0.12877569738912142,0.020028008620375258,0.3832816568889867
cust_8d3317b3,0.5144715435106411,0.2907408759275808,0.6924411842932074,0.49880008054467045,0.4071759308488487,165803.85292523852,0.45946778177293524,0.4239374522424639,0.6503110905187479,0.07695548501486779,0.5605234094084725
cust_473919a7,0.6479832795889181,0.21364886962838256,0.5062300155254515,0.4114965447574896,0.5220029194159254,36606.71974537545,0.45732307005284717,0.11246146682764056,0.2824868402487025,0.11228745240557654,0.17384741238500961
cust_71c13a6c,0.857344570367122,0.1697848730668574,0.39731041148169166,0.1089339666173455,0.23950609631783215,36466.49309328846,0.12427391736285312,0.45124314941870713,0.08321634232711396,0.058423229382074074,0.04887089830870363
cust_fbce3e1f,0.7767113116469284,0.38680798252613363,0.6228846782358927,0.45278727210613806,0.24210829145147317,674053.4254334156,0.08043499084895869,0.45485868525297574,0.4511462870149341,0.20582691420642055,0.893462242775239
cust_5bbf60d1,0.8137124984601364,0.6514639357158433,0.8431129837545835,0.051620143748192696,0.29236245617124285,19782.296184346418,0.41900672048753534,0.16778032814222682,0.40469182478963867,0.240262736262674,0.35110659180994475
cust_65c95924,0.610877663121138,0.4180855453598622,0.5074871053666702,0.2644446908777827,0.35491873282252356,15569.66323585869,0.4296343642479112,0.6472411870321101,0.3317339011163034,0.3160211912940048,0.1296259273980474
cust_a8623b68,0.5889294906810362,0.42708671361443395,0.31043656380027995,0.24533812877858155,0.6516307582545735,13494.170586617654,0.44601460522117764,0.35020775357521566,0.1938276474898723,0.32180349051642926,0.12783709472976879
cust_78c54926,0.9758225958106834,0.5612093431257718,0.25098510513006855,0.40927580586031115,0.3701676742865686,126036.47058598016,0.03586322185571645,0.21915142292418693,0.11154783280968583,0.37892117356914196,0.49872660450089296
cust_bceb7195,0.5754013183971846,0.790542555148242,0.5197102835915067,0.08041529397720172,0.2839056048549377,10155.873221328668,0.5469587496653381,0.701665543431338,0.2583360462574767,0.4386613455557412,0.24238410768778396
cust_bb529bc8,0.6600448410203814,0.7901872644644173,0.11318031194882626,0.20395619895036346,0.19890168336196196,37957.12061003433,0.8382458444728862,0.613669611873028,0.0939208348347932,0.345799701693066,0.2496602931071735
cust_03332b0a,0.8971323786210817,0.6023276152352695,0.4360171168620655,0.37381668817548724,0.12021544702894503,30091.476968732146,0.2799106906271035,0.25295169237527987,0.3928080586966491,0.5315944877683186,0.3094238745958195
cust_1062f33d,0.42730335587602225,0.3894940851484263,0.14760058360066702,0.3613173696535545,0.17130299044057706,16919.308025917475,0.5833565974587702,0.2727498790065218,0.10367029384352601,0.2692082670768372,0.3134252395743
cust_e6fff370,0.7093854586527799,0.16507535039307225,0.5144057338699184,0.1209190390654483,0.05994555928896602,125402.95251317274,0.4232699542509973,0.3886992342622794,0.2099372157024016,0.02689394426614745,0.6703339744819226
cust_82653721,0.7082741602834369,0.8692003038060576,0.3376202930253372,0.08955879950632045,0.5369817718235226,4042.2085091876993,0.2536053404001158,0.35560127832124955,0.2897560943370125,0.5370465284160996,0.13561282319905513
cust_06c15c79,0.9546907385827489,0.3717367443181068,0.355995892383595,0.3934210422697521,0.5744690932772865,22176.148789778028,0.3904272429053662,0.7270219321135646,0.28378167547494954,0.19781143093487788,0.19342692850766477
cust_d116bd36,0.5104142205030162,0.189603022726269,0.3225104414854282,0.7080060302493534,0.40751191794939884,9853.950068649938,0.2536643087633733,0.6643243605782336,0.11197040782671623,0.05975472745471612,0.199780666376583
cust_7d19de12,0.719489500897244,0.7132934761014061,0.5348505136822798,0.5846707144484936,0.1707106848970118,67246.05154812115,0.3359441668224957,0.6154173067586428,0.21943167972126115,0.6113709331502057,0.8425600688014871
cust_7cc56b28,0.568558438840066,0.44120877343240744,0.19339712434569464,0.05986418210901498,0.4547702166170975,66447.95343601676,0.19381489210067712,0.37094192907748064,0.07735408878840169,0.31627148008439443,0.7583116866980757
cust_a2103e31,0.9523969733920243,0.7231053849685398,0.06248074445398051,0.471505478608017,0.10880416106423921,66171.74202979874,0.1234152397945778,0.15004752247721298,0.060525299909515606,0.15095162977591614,0.8284114884485787
cust_83cb8765,0.952559554578561,0.3714038148688315,0.2945281552056138,0.24339915140753093,0.3738698250638879,2468.3494489584828,0.3033364160792949,0.32855229770570615,0.12032047320368776,0.2092027003049103,0.12390909900717328
cust_2c41efa5,0.8231559885894482,0.28232061946545,0.05644259988371084,0.221972482743242,0.7936200933365017,420050.5446709365,0.19376353427329882,0.3842288914975268,0.024302119749027407,0.17284302635163637,0.6078622054802814
cust_9159f50a,0.9154671376361405,0.20611548437364224,0.5724919002932508,0.14250824813959548,0.5145105854568358,69144.0434940586,0.5310761321874873,0.6948055288199768,0.3863409707720424,0.1885713003426922,0.39901500670109696
cust_fdcc4989,0.7615186250267192,0.4527046541451289,0.5150702974629189,0.12444389317018607,0.17305848558008888,22862.546647867246,0.02295091959781339,0.5631998344115234,0.3008973409518375,0.018538589136414322,0.062376488003599365
cust_1784743a,0.5496054122743117,0.702592307988406,0.16642861191506642,0.27775727756233437,0.3097665980813388,12375.886509680788,0.41730621238215604,0.6863220524988602,0.1184297196274152,0.34412006457100214,0.09186926775901084
cust_346caf77,0.9405317709736308,0.3233935447514917,0.3346412246684912,0.5543027068544967,0.39438301360666944,9222.398553950961,0.48759855792945195,0.48972237371786526,0.1540652237506405,0.3052271380844383,0.12398068832013771
cust_49f59aaa,0.8603779276747575,0.38087172436954836,0.24527703574288715,0.3559226763972533,0.4330916713138065,10962.767183312979,0.4923453716604483,0.5181730763567896,0.15983831793037762,0.35814160759558267,0.2806254269574557
cust_99f93d1b,0.4508844506288923,0.6577076347188328,0.19968607169054076,0.27640050704644514,0.21685831162117747,801769.8519012971,0.15411094467032674,0.20168880856748328,0.11089347394398404,0.5151938195730591,0.48768059562580285
cust_4dcd6b9d,0.5701492493014247,0.8069696094212789,0.6281811275252474,0.31415534239109616,0.18886323939323155,2997.2474875552793,0.39410493230947635,0.6449914692859207,0.4103248299554879,0.2918161549752518,0.19701816741227973
cust_57243ab0,0.5340902363591747,0.4573492835944143,0.31578734401392716,0.3250868010384667,0.5885495089415942,4633.3602303526195,0.25841048610982403,0.2172455777366809,0.08098152582231427,0.14630919876494466,0.15742949603573048
cust_4d06544f,0.8137524140643316,0.17663588853315737,0.4607266658353441,0.3688846092879053,0.3834975943113013,90376.36819770027,0.24824888420815736,0.8059414106054791,0.1899816455822808,0.12328849861863574,0.754700099072978
cust_de39a56b,0.8704210791783275,0.0751780393483737,0.06875256717084274,0.3045864798946121,0.2280977675803026,69431.9598537201,0.3206559159608033,0.5556463395061813,0.03865315392695858,0.062486094163586296,0.30034939949853096
cust_86c13a33,0.8706357529112086,0.5928866688931561,0.3317337151728178,0.2663981527253999,0.6409636326161763,470634.56670644664,0.20430304441453262,0.2441704474488829,0.2703542535323709,0.389804211101687,0.7829973215577589
cust_449bf037,0.8467657637601762,0.4585537046583627,0.3733463965057702,0.08710576137103633,0.13115162229156613,20794.624090951453,0.3316112851112945,0.41541454355924046,0.21130681659900846,0.24958788091682035,0.20160396007580225
cust_a7503a4f,0.7250536822858976,0.15974000729568685,0.33701451542178706,0.44735460604296956,0.3002987638479815,22041.622187787245,0.40888980330159197,0.7111043298570341,0.14576334985845543,0.09683761333711743,0.2534186672614751
cust_6f5a8428,0.9322069536231582,0.7612877480238937,0.044720215296934554,0.23396704883254252,0.5858640333308233,78363.85975312974,0.2885223111530458,0.5474567281301117,0.026546975165296697,0.6684293392257173,0.69209521747786
cust_48cf918a,0.6175705038316973,0.30853394735668604,0.27586535493011394,0.2626826789342573,0.6705236019835036,79945.79823991751,0.5091773554774011,0.7503758861348091,0.031057294897867717,0.14511294822873816,0.9194030996339532
cust_89076435,0.7084245241123585,0.2640563389599698,0.3297906584442182,0.07374866416036158,0.39467760055381673,4205.659902889386,0.5111439823573748,0.3838783733203141,0.15802640237876406,0.14955942242719333,0.009904342570516688
cust_544a2074,0.7625635279804884,0.3069929030263494,0.39939611917854645,0.3372907691293311,0.21779604622782178,118725.94958094439,0.6310225860043445,0.8976652658482759,0.18702487377434726,0.2651783142225016,0.7277813084181607
cust_1c22bbbc,0.5513042992225314,0.5414258536280127,0.23778482346023153,0.44627286038546776,0.09975591241228238,1526.1331086797693,0.4435781522162922,0.23995327720215218,0.15292533059487348,0.35907387384539946,0.0030286647590026415
cust_f488f8c7,0.5428730569955769,0.3201254280169128,0.3399541337282806,0.3012701297753903,0.2361956300390612,197692.9660704697,0.2709821610724127,0.6076999950094059,0.23123379712153494,0.04258019144899785,0.8621535146547054
cust_8d9b3126,0.6222710425283517,0.8982341647751827,0.3014222360341249,0.470419101476893,0.4006652577525151,18850.860433015405,0.09974431197242134,0.709140785449796,0.19874641209339688,0.3812063532336793,0.2083297961029207
cust_75935ee5,0.8186641026430704,0.12977944986222886,0.6577893470020526,0.5085747994888001,0.3479820734871047,120899.34990056939,0.16269034492251475,0.7958972369020219,0.4265936781458477,0.041239633511856895,0.7549854552893552
cust_fb9f6d33,0.8345980073235211,0.654384616068515,0.43773474177258087,0.5680423154427243,0.35204949768056676,27179.843330595675,0.261624740858927,0.4160158605823489,0.4176892309993154,0.4445985468539874,0.2275072832031818
cust_0f28bd7b,0.7745945827464747,0.5991547775015637,0.5784807473338939,0.06796606356659032,0.4096449890861017,12483.101513424663,0.15842376481990542,0.31158079406533506,0.3540672090016242,0.3672766005773222,0.0025624743776499004
cust_9e48d2fd,0.9872520328207861,0.7028674364818203,0.39174648746018015,0.611358629568999,0.28639109497901705,103814.22732704836,0.09992708958595305,0.738007690747645,0.2888389930832931,0.21451395211717633,0.7348231439779184
