id,latent_payment_reliability,latent_liquidity,latent_digital_engagement,latent_price_sensitivity,latent_urgency,latent_customer_value,latent_retry_responsiveness,latent_delayed_retry_responsiveness,latent_message_responsiveness,latent_alternate_method_responsiveness,latent_human_escalation_responsiveness
cust_36f2dbb4,0.8899990549460528,0.28800583437601984,0.6824552508056028,0.2461500344478778,0.24322779347208812,965.8434638068566,0.27255066522290033,0.6322497736242036,0.36168268820353056,0.21821564973160615,0.2895732300403673
cust_b589e8ae,0.8233351578311594,0.5533240013501984,0.4811965053097352,0.6633718617102526,0.18032369743108614,305039.75392549514,0.58061763050385,0.4474825761558901,0.287385184152534,0.06889323090131043,0.7027617523795897
cust_b74fe2b2,0.2828393940493012,0.4058914253557702,0.39680408359251457,0.16258846092581244,0.367207512244671,24660.156960777716,0.35207501985071854,0.26555240987172823,0.12473294094503787,0.041077043077701554,0.061071786956072814
cust_2b5cf271,0.540451971457791,0.4859266065484928,0.4154783914330069,0.21185241867015758,0.11800618794366248,14355.502542751554,0.10926058817762531,0.4181279933092481,0.2642290486827054,0.2202701589552953,0.10110314968451527
cust_3bd11a6f,0.8539327056546376,0.6853074335209202,0.13663973719655645,0.5033409454353741,0.31708693746176636,6608.462622439763,0.1345597317234962,0.6638932590812334,0.024610968195312482,0.05828329214291299,0.059879411444118735
cust_6db2b536,0.7737191232818843,0.3861040187038069,0.45079443296370164,0.2128804976933633,0.10515683282003607,54757.18335545413,0.13175021160182962,0.47825082315500544,0.3672095377472364,0.12030368190621996,0.5818024652593656
cust_b4cd4ea4,0.7533076642722628,0.7008126353927686,0.32114534794771404,0.06991644191370393,0.34432405853128256,88119.66835001955,0.07646414859146239,0.5322817106229365,0.2227312261932101,0.17638513121657964,0.7656641710989437
cust_255147f8,0.5014819802620144,0.34098517168699327,0.3578411556518749,0.39768032015755517,0.5521151542383604,95127.03150322444,0.11205827334267249,0.5275057958061677,0.2682950450942218,0.06467228289192826,0.7427711889494262
cust_64ac17bb,0.6909394807635143,0.749437130139468,0.2891213315172,0.19467730908635394,0.2721862215714178,9649.273034362097,0.3211410073511449,0.5394377416408033,0.1470769352212479,0.05201098478658842,0.03317656189233308
cust_dd3fd9e0,0.9218318859266174,0.6249236398649053,0.18305744493730844,0.22175305104896706,0.3054434154553116,3219.2887511954737,0.19608380048028307,0.607345732149297,0.07763523010618312,0.23716876580304005,0.12612843899305295
cust_529430ca,0.8788637514132975,0.22743833255371615,0.5632742562453812,0.2052093358967578,0.42508840103828344,2298773.5664726943,0.26436957249073273,0.8167608621140455,0.4478232041101706,0.09983157591863805,0.5892946537741959
cust_cf0d5494,0.7185346470992594,0.5662516568040711,0.20903491947312206,0.34889561689678406,0.44336526774717927,2048.398220392519,0.5249003410521571,0.10656888051306394,0.043600474956724984,0.09994998767507804,0.1588777849237008
cust_b7629cff,0.8567794336981432,0.6766629049446113,0.3665720267893853,0.23220967783954347,0.15588833969611754,3024.115002415119,0.6023245994031212,0.42075587996312397,0.1458937842292062,0.18225303672804322,0.1330023053099769
cust_62af5ef0,0.7186278637068303,0.8239436849538214,0.5695710722394443,0.31996092829064443,0.31806726619716535,38380.32282395373,0.3850538763925294,0.3936081360018928,0.4694694709100822,0.09427006282879055,0.18951080206518753
cust_0d02f305,0.9462193615368044,0.481744760304444,0.39165650876325336,0.3736545766755791,0.6334189316538481,72551.63421692152,0.3498291841329474,0.5540200183504159,0.23501400516947318,0.1714340361577189,0.5432404557398203
cust_6019199d,0.7709171553737084,0.20299430267513538,0.3992735159817365,0.06535103464246725,0.09414677039036326,99676.46185964205,0.19724238705457417,0.6636568794971249,0.26539814982992804,0.11782519345208968,0.6302715845710454
cust_8b8a1ce5,0.6197419047919709,0.8778735215775814,0.4355961968107669,0.19372749182475524,0.1526443907936748,88574.06283152296,0.11192958936783187,0.5308227345399884,0.24563156791170215,0.6386646927165232,0.7913472639735357
cust_7230b98a,0.9519090499122407,0.7960048849953477,0.46101887623355997,0.26090774707807496,0.6542069959945401,869763.9879610594,0.1361015261357658,0.4218773633276645,0.3000635280254818,0.5896951349732307,0.8901635475856569
cust_3c8e7d98,0.8170807557077131,0.4775980400470307,0.30077345309210796,0.17961053133856356,0.17112346202239506,50290.44887729913,0.22928701968183848,0.38261758517349664,0.17415108231794169,0.031182260306572895,0.523795155134433
cust_d9aa343a,0.32935649361638697,0.4510711275066774,0.5920136217816506,0.07757405733690444,0.18507661348202906,52810.72510290007,0.2567492010406219,0.6384939168143978,0.13580852456471484,0.27908136443304904,0.7582532844476789
cust_128b67e4,0.5993076988753917,0.7618819214771988,0.40526135102922806,0.2770751299171446,0.21290976659303723,141899.26374491057,0.44727315868378803,0.6990728524037993,0.2947824349385807,0.35254898379523303,0.5419620071406949
cust_a14b8cae,0.9586616638075217,0.903619012763323,0.45245046278018414,0.053303534679159534,0.1926551610014831,1531.8213730166242,0.3220804969497099,0.7185052363578159,0.2969347348797358,0.6378493492777133,0.2681487651200725
cust_94db7a37,0.7666665919596442,0.7459838115981198,0.6095008215162084,0.5724838279804593,0.22047400873100648,4606.925515119687,0.36326999440243996,0.16014170683668602,0.15681934876058656,0.5906656649361629,0.17028731466517033
cust_374fe85a,0.5124708301703976,0.718812997463656,0.2976716824020586,0.23706034267139495,0.6206182100675142,18350.990288177065,0.4918939800588832,0.4021793389716762,0.2461047692161162,0.4933944935347052,0.29403675659308465
cust_c17e2638,0.5929041870121019,0.574619810032498,0.6326281447767415,0.06379810688051152,0.16072442311467686,30572.792005600077,0.2532511068228037,0.3874529371919017,0.32452690536515283,0.5106677266589443,0.09413091804945535
cust_798f1e1b,0.5966255370074517,0.5794422315196397,0.21849272336967746,0.4221259640430403,0.0449473596775806,3486.4442155250003,0.5017537511802563,0.748220195687274,0.06014218233176334,0.3378341419524507,0.39811523415600275
cust_a58470ee,0.6046964580750487,0.2154616055663916,0.42493949445186063,0.3100024778941285,0.5407212628919766,4458.644332518123,0.27858108391902603,0.41883672432289654,0.2242604658256392,0.08790750452923461,0.07685727091087816
cust_779d5f54,0.9452054238576156,0.5582978648949672,0.2768589435015936,0.18977722523832222,0.167382129964546,8197.296613331468,0.3634615395103547,0.4765142715965087,0.24391804627506844,0.38115370000211757,0.16297596468697895
cust_b3fde5b4,0.6440884013721295,0.3023136725573663,0.14034403153384925,0.2861137762889964,0.2537274433923325,5742.747779460093,0.3706037640670194,0.5299906206199103,0.10528116340493529,0.05538953379492616,0.20198631797804556
cust_9f55540b,0.9421876568919705,0.3690837906084543,0.4026130925100425,0.08984426673897701,0.29783385825815734,4874.019160289004,0.2870299459114077,0.6594966018039943,0.23906780215823867,0.26578977098951284,0.6271224321813047
cust_8633963f,0.6884709498818079,0.7430473441408207,0.5007747866712646,0.19228763719096487,0.6578708667920865,20387.66047862479,0.41456980986297837,0.4560632746750007,0.27025668666775554,0.2568969185977421,0.20236771369443968
cust_ccefc77d,0.7626830511554221,0.49296120088825207,0.5973085089410431,0.3076106388448364,0.47468970559390083,25883.36341061837,0.24173804337223817,0.5969443097735764,0.5453515101350361,0.38912487577375077,0.5280104897809667
cust_17f3c234,0.8278959538545132,0.7546618544414323,0.4666320000993204,0.17986817502725655,0.4958375683809924,25659.80078048339,0.2890900965347406,0.7770203504109577,0.27437429081983855,0.385920472089947,0.035357448512807484
cust_ad2a79d9,0.8592260798346417,0.6493522209691182,0.36242960544564073,0.2889262420559964,0.252709385305246,278438.0934022364,0.10006802072702342,0.4706260721809095,0.22171116111002842,0.08036731911195713,0.5468691702693921
cust_43c96bea,0.7763795658136988,0.5098189694425967,0.36039103385839383,0.204539072905439,0.3239598163719178,5748.047578019442,0.07686020865520984,0.27055957400340647,0.19615224943403423,0.3059785597940597,0.0719416257821345
cust_eac1bc27,0.9390906280014918,0.5451867475972455,0.3083250205085406,0.4692892100015464,0.18306421793921604,1527.451231622377,0.25888199510134263,0.5671187350466573,0.24798519374959307,0.05544501719229848,0.14993532230320739
cust_90f0cba5,0.5453867012404556,0.3005166829384514,0.5004460502166235,0.2662255684011703,0.18100714129546153,29112.89366062801,0.2970981867423128,0.35172269422193164,0.1622126399151155,0.15209841562223092,0.14206280536647772
cust_c8880a44,0.8903799807333478,0.8509385087049613,0.5377471749353041,0.29369544330445324,0.2261171430986063,76340.75543148814,0.6313197329232243,0.27828146345504173,0.3550085681947537,0.5911064527802524,0.6230143060010009
cust_01c6b27e,0.6538185613394801,0.7099279786730607,0.48029485256621407,0.3621002595981494,0.1263465390965695,4145.484852596814,0.5920593881008438,0.10496183312567757,0.15568095538125043,0.4233547746604816,0.23910108444572767
cust_9e8434c1,0.9685232233122395,0.600757916614488,0.5156990712440785,0.40190559837324813,0.5818723853973342,102834.32670430341,0.10991559258824096,0.23463337732147674,0.32665701071128095,0.33927345879607135,0.6043109206118199
cust_c7f59c76,0.9128238969745874,0.39960571427566327,0.8553568634146468,0.48054347578785656,0.1951193789234731,13942.795748614053,0.4172046639854161,0.47626737069944475,0.6710922539112009,0.2976553203605738,0.019219305610470364
cust_056e7177,0.8556935573724807,0.7474997177105446,0.37458239711352603,0.2681893526539138,0.19968106487262235,8677.226930030605,0.16074647918445714,0.49083971692777517,0.31141903727016795,0.5041457082712552,0.048637573315079
cust_c94302d1,0.9273789742352878,0.5439107364034417,0.38500688145613393,0.0621102555859384,0.20308353338787788,222572.13117470327,0.30569667929658445,0.6948234694700477,0.20351726823966373,0.2438544143053704,0.7944200800484558
cust_ff60d7f6,0.7021570574530408,0.5954565121686773,0.12658932796507325,0.2890124064101149,0.3061307922049508,48201.84062656374,0.20385942105925287,0.6115208851283348,0.11750803040056793,0.25526920789343066,0.02257752998412385
cust_c593fb70,0.6978446734957436,0.3592183080895584,0.2763575385396295,0.3401609858977899,0.48702455009787504,8096.376924263134,0.369123512041275,0.8239347978234802,0.1609860188282921,0.09888358591841216,0.4297505533518458
cust_5d304d1b,0.7439753001867921,0.7144148188375912,0.6868873028742302,0.09578480821794172,0.34850962779661504,1433.887396965191,0.3206284047292245,0.3056608991323648,0.5780165541877759,0.4689958945769714,0.1933682303770746
cust_891fbb9e,0.763044429664107,0.38576151724558505,0.41248246389859616,0.28673377071627865,0.2271807186801859,109907.13645305914,0.11685999771228625,0.433880406730932,0.1488478065441266,0.14781760302331845,0.6913324704079815
cust_148441de,0.8374065008617064,0.7811742911257795,0.32481429150231184,0.31353366261756105,0.2624887999859773,3772.2418783456287,0.48412044193944065,0.9509263658868321,0.20452933876782672,0.5498078631841113,0.13513826429195844
cust_d95365fd,0.7218692952089909,0.6137363421623443,0.4476314290529603,0.4711154795342023,0.5193111318770829,433360.63185453916,0.49616311956765785,0.7058543140102995,0.30141608524412133,0.5285916136235165,0.8838491812388289
cust_423d9894,0.7246813044482823,0.7223458823520151,0.3507820751336763,0.04260081323703064,0.44992380248976327,16035.38335421682,0.1940919074572514,0.812032466680505,0.13018031899230342,0.12946176850811653,0.1748040973809395
cust_641c08e7,0.816247086170471,0.28831500438172425,0.06374176429335174,0.4956827613595279,0.6267376700262804,23876.207067815492,0.6542530623482276,0.4856872884955433,0.033811283482833576,0.20556197291773373,0.03230673135417597
cust_4e9eef31,0.9042201504939512,0.6000471165874472,0.18801172762721824,0.4130127736623833,0.5881345327489984,6982.04556268788,0.4595913234124152,0.27740635378458595,0.05390991013826342,0.5038104361754873,0.012999239996044711
cust_58e01035,0.6807513775608,0.5346141860245754,0.23369807923676417,0.2383615666785042,0.3073809732887825,17762.439215569182,0.43427698681685684,0.3458624288651929,0.1450389118266069,0.18280481545031618,0.28350306285593707
cust_fe2c137b,0.7351450871115178,0.45769343633970416,0.586151931147853,0.0973795789680844,0.57647490948553,7630.291712443339,0.28394925969564605,0.6554175770884577,0.32971848007484256,0.10887180819781801,0.11652725795275021
cust_54c94339,0.8082372648086213,0.5962708179573435,0.10314468081248428,0.36885788343396,0.5526036364532119,4066.6566318828354,0.52412148733692,0.8655269142286497,0.06825851807429477,0.4373843517841432,0.04002598737361796
cust_e2d5cc3d,0.9734345400853796,0.15199584562383794,0.80622505600261,0.2533949197103172,0.12015067488988836,39911.99039858222,0.39912592164368393,0.8267209072888594,0.6925153609235625,0.04803899207302729,0.006896361784417801
cust_8b2efb25,0.7570358039964673,0.8980733564802333,0.5757451214550491,0.27006208882245547,0.5921412619526264,5437.797631074411,0.23713990527411583,0.4257112551460257,0.4013242284220853,0.24922461587443476,0.15060408436420875
cust_e4cb680f,0.9360460639217233,0.7336090688587227,0.4328527266874276,0.431478791766502,0.2084046710679977,430709.77673414967,0.3465494069586449,0.3194668966717709,0.2442960340061572,0.6124610368358879,0.8951958899105263
cust_afa548a2,0.9381263090350522,0.5406566892600817,0.1626450076801978,0.05939194605000439,0.21347962251745164,28324.87418111249,0.1609464152482629,0.43435700882152495,0.09590345041102674,0.487448844242389,0.3099737288605434
cust_87ef7d4a,0.697480327543485,0.3662558905722734,0.057250821922568924,0.4637096906863212,0.0636911825862709,6192.561944428183,0.2804626544609618,0.6123470935635222,0.04848179760757002,0.08856071165971242,0.29687974425287234
cust_23cd25f8,0.8613503462540236,0.580538211264208,0.6418808510243413,0.18892526997024944,0.28346982261588416,4190.044313411633,0.2218985449072271,0.41084387701970687,0.42773308254699816,0.4737888040274897,0.03888662348890043
cust_acfcc883,0.7529411208300377,0.11637305267320101,0.525899545945251,0.06946214966428176,0.324163475113263,11449.868994346656,0.396175560979765,0.2629014445830318,0.44377624314427,0.0536208658263872,0.01936701786635403
cust_485d45d8,0.8498678190785107,0.606874940076168,0.7336518524958876,0.19962273577344417,0.11437723045768369,19949.47338678343,0.567785542771576,0.26628908182837835,0.5574418449314481,0.4254045884204697,0.005927183888468829
cust_98af2ea8,0.8200604240146062,0.583092548247411,0.5257905760662294,0.0723325621123031,0.12755661633832352,11658.538447599945,0.1962344885095477,0.22208083988472835,0.11868919070498471,0.5290166809646185,0.20367728206410954
cust_044af02b,0.976822735700641,0.6304425812582503,0.6267994463919503,0.4735342602151553,0.36105358304017476,3745.771602917113,0.03628777867950515,0.47534833621991024,0.5834628077325452,0.3739675023365623,0.26141779534983167
cust_256e12bb,0.824310242117193,0.8189703368347424,0.6721107236211259,0.5040016866194472,0.2098807829279024,180965.94864887974,0.5977705789568848,0.3818743808542101,0.2616577699921477,0.08489377579346222,0.5824604487387901
cust_4a1b2b70,0.6774146992081157,0.5152831434588041,0.37130909291462,0.3431639073991264,0.2796881506177945,81557.85405278637,0.27036396349419783,0.3577205473670613,0.15169336991944574,0.09172398166805226,0.4078943127812615
cust_230fa966,0.7582732081853893,0.382448848703604,0.13704795851116966,0.1264531124974895,0.2582785933964934,24775.151276739067,0.32336344262261807,0.4875302145144463,0.0821007626013484,0.1634021661832045,0.030504803154830305
cust_ace8dcc6,0.370907883774917,0.5137208980663125,0.42290844279968054,0.44995422270658053,0.22337684434394042,67047.09729626721,0.35006063226507467,0.12679993817843116,0.27070732702030464,0.29243174875950156,0.5021800111915053
cust_953016c8,0.43755562820676003,0.648689619877267,0.36722833550009704,0.32196673661479097,0.23706000166149896,9833.484811346589,0.1694421912805821,0.6425782422223484,0.3397834962282438,0.3083765757025988,0.0012622963815815615
cust_1fb70a94,0.9277105360988331,0.6550444685160315,0.12284375653409302,0.1527963457609235,0.43303817288577895,40635.8712313896,0.2852421030688183,0.5968334431632579,0.09770697586488633,0.1158324906040415,0.13236091986121362
cust_8df3c374,0.907216708797729,0.8145732045588691,0.5733207292098007,0.07388730561444333,0.31750542190823794,16904.259383719145,0.20658297940523546,0.5328108566963945,0.42312637192313446,0.1590181102070791,0.09843435542251286
cust_dd34ca34,0.6524747556467088,0.5272514643342343,0.8068235910883059,0.048305034963711684,0.37296446547893974,19281.335514129307,0.4130147551681675,0.554753647000654,0.1785255101323272,0.1392214191765813,0.2631462941072307
cust_f6dec4ce,0.6715310715502044,0.256622582786951,0.5810082658617951,0.32710926123178474,0.6106511138383993,123485.92889753751,0.2476278980043104,0.7436238697494792,0.38767125506874467,0.09256260660440141,0.731080420369463
cust_9c38574b,0.7447954684179372,0.3474952027420297,0.325423267521146,0.023469723880110177,0.2844232166083648,4466.915015826339,0.23669541407705402,0.5440610233019301,0.18815544684935992,0.32278189998219076,0.23327032300190645
cust_ddd695ac,0.5910950485976052,0.595140328720618,0.05538670649785977,0.21246182342565578,0.6562445702170475,42565.370075118655,0.15057408399707625,0.344624549705469,0.04729060624328193,0.1822472318433572,0.32368109887912727
cust_0c85b042,0.8231055852565659,0.5904648251523452,0.044213441432942854,0.21717200472469675,0.27466293339731557,10326.06324821273,0.4321577976580565,0.4506219445550902,0.024519129022515383,0.4889489991155852,0.11297968342117497
cust_d6162ad2,0.7592397730491364,0.48310575691663377,0.14667223884696226,0.7157867521300938,0.09290911708048456,15179.424825300744,0.2928125131938818,0.3675132168704065,0.04018003918930742,0.2525196361990373,0.11178596386552916
cust_cd485068,0.8429332794713401,0.5656177376414646,0.37987323782523913,0.3061974660855852,0.5945218945107554,42801.02021085406,0.41446913702834864,0.33517239671607807,0.27509120987240737,0.502574854296542,0.09873348230690872
cust_72fac8b0,0.9698311487418917,0.2380422606695153,0.5879075378508221,0.2420414628056054,0.13650348733039905,377062.3016151208,0.13440042318263054,0.37993552750045206,0.3073512547512953,0.10675989648762074,0.7029045657855092
cust_fc05a02f,0.9473198003045499,0.4821555773412442,0.2808985628419274,0.14742780819556164,0.25350348130003675,13508.628488030594,0.323466442701077,0.3654019120878911,0.25892944299121706,0.21999525217808924,0.09145938108370891
cust_050b537c,0.8058103168793442,0.5209036088194768,0.6257467929953046,0.23201354686528272,0.17115980126480704,33641.35623781707,0.37593435143557297,0.6174823563592355,0.33985531984400597,0.40162993228581334,0.33318256208476316
cust_9152142c,0.8089777954666235,0.4671839842476663,0.38999361366665414,0.11770531687206347,0.5199385064646102,32504.220266875607,0.027283085262484758,0.4563413289590934,0.08654161826243102,0.3091204975154687,0.16509993634540857
cust_a63b572d,0.7391466244802359,0.3210960816256963,0.3855684036559785,0.11268682941421294,0.19990692986399422,26098.04129023039,0.010820312354152442,0.7198749052162765,0.12685476664062137,0.18400380777374553,0.1772028682097418
cust_781bac38,0.7693972830742836,0.26179016442601893,0.28346462806397515,0.07908211315338642,0.4457497195136969,32092.728676151466,0.3333767017870062,0.6846326802173175,0.2627794264940412,0.2151655985866671,0.025654577639527353
cust_844e8a32,0.7311590368275204,0.3578595941855989,0.6985950495286745,0.39425144340520496,0.4306052546405404,2084.875494131409,0.35706179338372535,0.7560196438291117,0.35352837748963656,0.2730844548859577,0.13342129755367524
cust_3ae2b019,0.653086213862464,0.5633045542083472,0.19714341272227123,0.5693491057467184,0.6140867998484006,13016.908434989062,0.1614026776258113,0.67151615162427,0.18368314926048626,0.12042573929081464,0.42901630863874224
cust_c09a02d1,0.7896502305037328,0.6952100698302215,0.24405185225335738,0.4678283157677913,0.382478238913437,2633.31119867294,0.27276181312437997,0.4195122043509035,0.20057824267721178,0.058142282451482404,0.03790476956520821
cust_88fc1e8c,0.49370449252353454,0.3582626448562294,0.3108260113440352,0.33329137682097076,0.46763943530767954,18141.226517044164,0.26434326411047565,0.6056913846960523,0.20896843542766988,0.1873035188708949,0.1981180887494131
cust_51a9d758,0.9026108620062734,0.5726952749744084,0.4271173357595827,0.47706762249868706,0.48354998302523566,26945.232680193032,0.18873438579955898,0.6416478954740352,0.2130048797574061,0.49972665188261334,0.1699589746120618
cust_bf85178d,0.5063301501498998,0.42115977912788877,0.4428963091310093,0.6446203841455213,0.1967788719690048,22351.807554958086,0.3998508374886137,0.6408847617908691,0.2572015837075678,0.24434136282613217,0.044463202987832406
cust_9231b897,0.9841322560047048,0.12615839764773298,0.20610681056500166,0.273671807632034,0.4665413995367704,175835.78140383723,0.7721304197132569,0.8703866388808341,0.17727186852527138,0.055791344328502995,0.8299862393002014
cust_02509a91,0.8186117632177329,0.9328273142035993,0.5251323459855369,0.36366364628779824,0.19028747562528117,118239.99487890265,0.1997750853549697,0.6982898945244448,0.43090096288114826,0.6727865555637452,0.5412752183951167
cust_907d9eed,0.5767705039193242,0.4787764195587652,0.6824003319911515,0.3065696926262464,0.3274774563835354,299488.80773556913,0.3622228662080391,0.4795304294832143,0.3152273323607633,0.03249069976473094,0.5580937382070984
cust_423aa879,0.5698491716338829,0.8604280849429238,0.1695910489748724,0.18809403685678092,0.5195322973567138,8261.858632968137,0.17048666399787346,0.40112882719977966,0.06644956614267009,0.4096016996520135,0.39291521603078305
cust_7b7878fb,0.9226912103527481,0.37548766153860524,0.17259336514511675,0.317599673060659,0.20769826365718405,91304.45887328475,0.3070781943125201,0.9305207825840186,0.154398128214549,0.32976594343243537,0.788005684157309
cust_314ccbc8,0.7261738139823501,0.5664754336498369,0.4993675960824295,0.34517847372061544,0.018900838788040563,99660.93974119525,0.21232434238999917,0.6100142589019582,0.20908720732249192,0.397466976839426,0.946176445317652
cust_66ebaf13,0.7532194145971588,0.4903789804029137,0.7661739793695824,0.16678199058738172,0.09275977697644161,35315.14297555676,0.11554305271621113,0.44621144344113767,0.4175149073368608,0.2744393170572236,0.055498738442457465
cust_f3123581,0.8396153360949374,0.4916636854870277,0.295102005716457,0.12377710769188564,0.6288770680422866,22849.648279054145,0.49409201520921486,0.7555848910735427,0.11176339806636636,0.33278171702061765,0.04542578087499996
cust_d25f8bd3,0.7558300480182154,0.4559788304923907,0.17754149218807933,0.3038736732273448,0.40238326152592097,398738.8044452491,0.5517522220666856,0.2459444878496622,0.13501238556027417,0.23257960854902135,0.4575441611262836
cust_c9c71c3c,0.7362744161230387,0.2978074330448612,0.5242109516400799,0.5095093668627017,0.2518589816070454,132299.86594283726,0.21360545932684896,0.8637018377317548,0.25448117059581576,0.02984323292949716,0.5582538181346217
cust_f2c04224,0.6919352918739681,0.4237472597871622,0.08745017131963428,0.06757011152541435,0.2657096188459185,560144.3607842252,0.27738611226801685,0.5288491820163507,0.022961448759321403,0.3160891260219179,0.8389963930026443
cust_3a9df19b,0.8243399696325289,0.6758672582975234,0.742533752611868,0.48106521523285556,0.45135870571733433,87568.29129983237,0.11617505833466849,0.7319093574053892,0.6132789636946291,0.28011009406716975,0.422513261557332
cust_8f90c3ff,0.9631114278440065,0.19693926923320906,0.8039083336830192,0.5920307250853865,0.23153847090967208,2225.8231454741126,0.2528379143058018,0.42975434752646285,0.24109404857507571,0.02587693263737314,0.26063500193807154
cust_e1cd49eb,0.8974254766657807,0.46692239010663755,0.09010640254368865,0.36623753192206343,0.26043580230639063,21005.694120732634,0.4027540756688314,0.5532775913968019,0.06498094483624312,0.17092792026989811,0.09222016362698346
cust_db294f8f,0.6168027737278702,0.25351483704594274,0.7468752705244147,0.23981939209091804,0.5377202656825987,55665.1761735888,0.10108483145228131,0.4233036066950308,0.6001467959707395,0.16205910826374442,0.7578758911696856
cust_8539390d,0.552976777909924,0.46072724109440133,0.37801669161324397,0.22776907609582114,0.3670722128757739,13340.644373859974,0.5488930938887767,0.4438063622195725,0.12729485754173847,0.2110795040309781,0.03693292576826115
cust_ba368943,0.9479276922799547,0.20755315697503546,0.39452020369875296,0.19351274625032114,0.43062926414066316,10824.045516145867,0.5330112802972279,0.2869675008094289,0.2714031932756707,0.04448072878191673,0.31966965736469555
cust_1d48e948,0.5849192076288426,0.6938773407024008,0.3047941182206827,0.6239229329907251,0.15090208456131443,1117.8885883984005,0.24025427932934565,0.6308377078223372,0.19188233199075064,0.1028551293825019,0.07865585272000394
cust_eadc55cd,0.9693741642056105,0.49237407709796144,0.518643018052313,0.17320696227797108,0.1302667649822943,10037.11647232596,0.08407229810275674,0.49167094197042394,0.3405851037169265,0.2623162207239052,0.07332543857401895
cust_4fd6cad0,0.8246735695672317,0.7816796498285833,0.21682598696581062,0.5532637386614884,0.2961555407661056,2220.184474280992,0.43342549216906023,0.7407056913539793,0.18313727367779747,0.5271610081931374,0.06048012727971304
cust_252d3fb7,0.6592842394275633,0.28065674069655727,0.46138421443705363,0.5147014993992799,0.41325064322396926,18595.00594793738,0.1919948151879052,0.5276666082853525,0.38246281415307115,0.16461070391620417,0.10013512223974684
cust_997924fd,0.5783640820759672,0.11588567325122412,0.6928952325365277,0.12590829781984564,0.09346877203600056,1792.0752170295998,0.24244508886356805,0.5259599861908343,0.5331728657562615,0.015958836093114926,0.08791045460822938
cust_48dbd8ae,0.6040418394342429,0.3067348159914542,0.4968786374337939,0.37484537099288806,0.30580755986400204,27646.05214969889,0.4061201083164417,0.6792259261562038,0.3483751530250726,0.04625313369011797,0.14364148437042695
cust_722fb642,0.8471658735263528,0.7524991521572105,0.6096967781133662,0.3198122015031556,0.7059594969238193,18319.123517582506,0.39405156521438284,0.47339392205013964,0.4587651858467325,0.2998591494838019,0.19206917439454962
cust_56eec7f8,0.8219787792364064,0.6099500404674724,0.3057063289373135,0.31750324236062755,0.303863186602229,21160.15202551958,0.23014350499313654,0.48731236640911174,0.11415553470236274,0.21975632188924457,0.0466926390749251
cust_3f2cd2ec,0.8650934852019034,0.5277441700876214,0.4091147036566648,0.30337033397354357,0.2127328087951842,218407.98905429582,0.19556776982263163,0.6955909264955298,0.1094688653570796,0.27019318249100666,0.7471849020273297
cust_2ad98423,0.674221187691655,0.5406762399923362,0.4105015891617783,0.18494613371837776,0.08367431817469682,9538.356670684589,0.2642592906171555,0.7643627643039471,0.21907376928015906,0.08469214581034652,0.0020776214678893583
cust_781daa3f,0.7495938878952059,0.6322253695950403,0.28957297971980367,0.1252965981400266,0.22054929813816831,16871.62326229345,0.6743998081433099,0.6233153039563085,0.23350518619689312,0.24711925250721262,0.03792936427055488
cust_a78440a1,0.8958072527925676,0.3204042350875139,0.3596348822572666,0.36508968520975854,0.10367203564666715,31190.081308952365,0.07194411075559058,0.6325996511066841,0.1975595272307003,0.19319049096842608,0.17479403615009736
cust_49427d27,0.7520850234347584,0.2922872889835838,0.2141023874599735,0.07175737702136768,0.0935039533204743,7992.819361349631,0.4590197704038649,0.47737772625385316,0.08044445136280506,0.15795054042631,0.019655707268925203
cust_eb930d82,0.970793837039904,0.3921846210978775,0.2472965702007324,0.23147552513566919,0.3591814854561028,5725.131951087389,0.4030409294724455,0.323256192424795,0.22189359113662702,0.15033424352000813,0.22331388284092946
cust_5d8b9184,0.8766702981027361,0.5578052472206814,0.24491418072526122,0.4195642289122418,0.7645946925387941,13906.345016969592,0.13820714159900194,0.3695464378482654,0.1906135667433395,0.48116454734065567,0.014497084953972587
cust_28c02a5c,0.6489361229067582,0.33181884169678444,0.1217655790860834,0.3239743026950359,0.3369446826343922,41607.638207342614,0.44616474423256364,0.5317598696420982,0.07375128041464302,0.14929171026895968,0.5703715772240296
cust_4f7ae379,0.6932338564865378,0.1233252813264269,0.41117557702814195,0.23482081010530995,0.5076212361955157,17807.19902308971,0.2873074372235714,0.6077047206597475,0.19549187207493943,0.062072625205617196,0.21796325587949242
cust_21b47419,0.7747999460709185,0.5030251756938002,0.5111610317847581,0.16394920024004345,0.049130186964854966,13548.958509789074,0.5552477521594008,0.7656391095557947,0.1850076601460853,0.3854684834701925,0.1680682770035182
cust_1b3fbd9e,0.6589400003497364,0.7314521918800254,0.6590517143495142,0.34776067476116723,0.29113203117560726,3365.9988716332405,0.02993963589963744,0.5822613625482411,0.07243370925221776,0.5065478478538279,0.0309814907901259
cust_622a0b08,0.8928482096289195,0.432121927988304,0.3239975541956917,0.47306906940511767,0.27802542034133654,9331.587160950732,0.22944037341647597,0.4525549117345142,0.16541231955963565,0.23313654694332817,0.35762616582530143
cust_dac557c9,0.5679871017773818,0.2751927417819433,0.17268775179901108,0.11095781587904374,0.5351907186689118,28626.238521442414,0.5521779243726302,0.49449593302101813,0.1511096810257304,0.16643375962798543,0.25134597504093786
cust_df0c4081,0.6299064882166139,0.5488204735172307,0.14290266799262924,0.18117280433146385,0.4069040471437528,12881.377552588947,0.8229705475736634,0.2842899963992066,0.08046246127551031,0.10527843400389002,0.028583946487557087
cust_2dec639b,0.8573677400618493,0.8841155784937744,0.2195834330028159,0.4133725455952177,0.1294198741302089,8166.017558055216,0.406509049385217,0.8967307318469554,0.1423876400726155,0.7264090809442485,0.007338204661850822
cust_64d53b2e,0.6791513620793503,0.6903940793517163,0.5247059396257068,0.367303461153333,0.17649624514805715,92218.74718182528,0.08394071257668237,0.6664141706624849,0.3638992180624149,0.6250484691630709,0.7060093857229642
cust_13d8c30a,0.661665685018292,0.04392319579785653,0.13469394594250192,0.3734421612946121,0.1500602970917743,14775.449384117008,0.7658400179941869,0.782163178508699,0.0915250571271829,0.03165075592681081,0.08943660954069997
cust_c510d116,0.7508051488470713,0.8772107578021814,0.6186391053826299,0.43408966939499555,0.32220607250984157,12633.583731338002,0.22238190813669284,0.6498586907167003,0.4656664877871086,0.59248552454881,0.1490579215520596
cust_192d02d4,0.791159835415949,0.41949281443668757,0.7998272616820798,0.5526036923767821,0.30966086923706077,28808.295650413846,0.6605067235766809,0.21061738247335987,0.10882069589850266,0.22238697232309043,0.00125246640768807
cust_d5fed958,0.44738182953522676,0.15930636235120926,0.2271887010569137,0.026637603660020867,0.4060907354808246,27716.531972322926,0.12325280082330074,0.6431814053635968,0.12664685445345664,0.007421878504899732,0.18943831991086155
cust_04f6823e,0.8957899300687472,0.24207173694785994,0.448679875196015,0.1831362272569788,0.4252221899733237,54529.884413817745,0.41926546160611405,0.5774486961646383,0.18381424133598614,0.0018848613550113162,0.7555613134502304
cust_1afaea51,0.7272997699970544,0.23546264179400503,0.8126940448503666,0.22903235920698536,0.22677846911222888,219561.0253909451,0.6090664929609646,0.6583697646221299,0.5413281707173064,0.05590357511848284,0.7598756389817176
cust_a7dfcd2a,0.7924171929570694,0.7174706205582977,0.11193358186609516,0.20453547025506988,0.5810760056773515,133942.82481370278,0.35112568673538097,0.5992273606251932,0.06208623310286842,0.28428952718648715,0.7841543960658157
cust_674718a1,0.5342531014141337,0.1442656254841415,0.17376671839683022,0.3730550709708188,0.218939376015393,23889.79834657141,0.3209771518761803,0.6024285040405449,0.12214282107517271,0.04762170585209368,0.4314166766667791
cust_b4206893,0.7643126301334264,0.4330506077702712,0.3751637641841428,0.11757937205641082,0.21963382169562926,37290.68450620677,0.4101137373937742,0.26851388227200657,0.2275502225898598,0.28149681519163416,0.21015853320159195
cust_2042725f,0.7416114149508561,0.7408394975839552,0.5528202409978218,0.27592738505213704,0.20775532102855007,38473.46937417104,0.18468801170141694,0.7297398559805361,0.5107524552582816,0.18131903294469265,0.18318845026423383
cust_086ea044,0.44462183342429057,0.14301941406025248,0.8335721374988887,0.4865828331492738,0.27702623640785023,22066.26506336414,0.5722273998613088,0.21165751519138673,0.37645249177702106,0.05760943114397159,0.010339515589328512
cust_3b585f8d,0.8203956311251978,0.43630348209903896,0.6740278046709968,0.4283125155566105,0.39560845531821043,24862.478922615384,0.1398094562739833,0.8313568417683092,0.5118289381121182,0.07960032955672967,0.4183377239155474
cust_880f90f0,0.8437104350594885,0.47958984687473855,0.1757184014835381,0.4139733124297221,0.20996734642755255,8036.580312675741,0.2571825910363491,0.46901064471604526,0.0549092351393667,0.38018452382822454,0.21476932428294213
cust_705c3118,0.5658753121802824,0.46239150697317966,0.2962523492696985,0.2871439807197187,0.3616463327119535,16297.772800585086,0.54318136690419,0.3703808997759064,0.25057652410542985,0.22942724489782917,0.2777723700001909
cust_1e0ba7d4,0.7618027860269273,0.28366563345235835,0.537979864955842,0.2379608100458719,0.29438644683509324,115561.89981926448,0.4202686033486007,0.39841876964694584,0.4076001328567634,0.2400013006287762,0.15157157239322797
cust_d447d97e,0.37705655747367384,0.7222890531816198,0.2535245390202373,0.12178355740858293,0.33866839564271045,4379.790072195455,0.34646401715833897,0.8876184368005964,0.07050058089919013,0.42407280717069284,0.015373830266085728
cust_9ce0b539,0.9265229458464581,0.759060132933256,0.43933963219488,0.31453866314438184,0.08899562840626339,5358.621007421543,0.1511956470310134,0.7811730536422801,0.3349681423569682,0.4403746084575839,0.04408355698931012
cust_4b02a57d,0.6278359563708698,0.3851469528419928,0.14313686529690936,0.19341913278436287,0.11902381829310116,57125.29642140658,0.08856853452976633,0.699066033619143,0.06129678409889746,0.30246982943174,0.7591326358600106
cust_0b8065fa,0.83301855501095,0.687557393718469,0.8870560926083411,0.09679998455654562,0.5252218844399879,19589.51078936473,0.29080905773810395,0.7753045737825623,0.6119928177962181,0.4458164897110847,0.042233530566845846
cust_7db56a8b,0.8005102580367885,0.6643459148193905,0.05892580277430508,0.3034417052488814,0.17095555080047117,54100.78106299775,0.482077910744451,0.31512195335413407,0.03007199643556119,0.29447758814037833,0.7835774407029338
cust_84dece25,0.7096324651542018,0.47467036069479673,0.602098758818334,0.2736200129255177,0.338225069821748,50502.45655059273,0.5318855159795497,0.5899752323556807,0.3865791054560986,0.3330565752161681,0.6984180223056966
cust_7570cf5e,0.9129786621532208,0.4404852511577845,0.31407702240918395,0.368330914980972,0.18217586664763422,52068.91307703013,0.06784653377782074,0.5590981953568265,0.19712304175847045,0.3850124370502545,0.5333530501578263
cust_1f9906d9,0.3686071061840257,0.470979109671693,0.2615996636274864,0.2278334795726089,0.1104066762239095,23044.285600886662,0.18320234346621267,0.7356172722473734,0.12425997490076818,0.2996218518757183,0.16299490571767838
cust_45888123,0.6326150181552738,0.2057112567290775,0.16030960455550528,0.3677213759899699,0.2523076176720383,2807.5994922379805,0.2990242252996407,0.28796234374395685,0.14393982192339352,0.07842691705231151,0.055988050744923926
cust_ebf5d5a5,0.9440008894896421,0.5283978964933339,0.07187439531732932,0.4105904786754478,0.2785025085514323,7073.050784734038,0.27598432059986217,0.5259985817081524,0.052900609702740437,0.3230219643324003,0.15956768912354716
cust_e078d54f,0.7461307656285083,0.5759837966190925,0.29002557888549785,0.06084920669993411,0.15002631238986783,8765.886529915897,0.22239514584774223,0.6965656821506667,0.15748877618726986,0.08216131542928347,0.09329300711238893
cust_4b09fa9d,0.9528815430772759,0.2844236233135048,0.3805332222883627,0.36574329057325977,0.6935235630684301,31041.407171206134,0.14511148614900796,0.2230362301545697,0.22274673115115343,0.1987615347943028,0.015842665934235625
cust_9ac2dca9,0.7046834541398184,0.5800618439528933,0.6253514144478718,0.18108567540076181,0.2192451598497457,27695.538234272164,0.4500846115834202,0.6631511925088647,0.1662442555366586,0.08482307961859523,0.03336322013425548
cust_155e8c6a,0.6453057097424875,0.30717927367240533,0.24038807974536788,0.31460125271288675,0.3400158044894083,1281.649614807981,0.10290488275274776,0.7377204850361413,0.15511632592550997,0.15439466750191466,0.28796367603260653
cust_5789c861,0.6995872561226669,0.3557069928436182,0.6065980936725874,0.40299432283197917,0.11047348051620734,18152.104964869723,0.26496901902166475,0.8720577257692846,0.4836403353747766,0.18686130068697637,0.150597948916848
cust_909d2e8d,0.6968891165032829,0.4792240155413755,0.30614557587034336,0.21277567982445836,0.07202096622050873,4012.9969016738532,0.5089492641175772,0.6240519662685216,0.09028226775234516,0.3728347402424822,0.4082742473057736
cust_11ec6612,0.4431322747949945,0.48204466995030176,0.6184779901303648,0.4626473125963115,0.16449140698581305,26224.200349297476,0.3999675916429491,0.6676924524472746,0.5493225601621561,0.40830495520353444,0.06252357322762671
cust_f570fd77,0.7096645214510089,0.5318172130950651,0.7694548075706791,0.6900644381827765,0.22773012081064561,12299.097915425951,0.10761614243620903,0.5383655686987061,0.38045850233454115,0.4180058530956994,0.4761601730646779
cust_1453f61d,0.6843032209274567,0.6044095133661448,0.4784448194072519,0.1511547312238541,0.2593545272347395,61114.33884207608,0.27754871812491644,0.5834695256020385,0.3310340614340446,0.48202995909181723,0.23775133152651914
cust_8a58e52c,0.8031052021598829,0.2934626438985478,0.8499187106615301,0.42522458033153665,0.3479468517425973,17907.458220419998,0.32033678493604284,0.20156620015932827,0.6673252274466017,0.14687895884524166,0.09573311086462025
cust_48b23d4a,0.6989218960409083,0.2860023524966481,0.6443418831769188,0.19250141873679727,0.25622266782984143,15725.667925170317,0.21288595530883345,0.706786538517406,0.5618080107932143,0.13407464727422347,0.4349706472692454
cust_f2a0f341,0.8395532666686782,0.3963553702024101,0.37435242256694956,0.09480156985784431,0.3988465995240153,35404.20224462591,0.22977450101402666,0.49980431448643653,0.2445198866130525,0.09385977100155882,0.05471135383443899
cust_f7a9d52a,0.6424178284938798,0.27831665299671704,0.29623427799222407,0.05703802897133955,0.26959271775841587,8426.686585879883,0.5112901321801752,0.6917136368636216,0.2556616027681444,0.05508916541590971,0.0779711764545139
cust_3431e0a5,0.9645280921848575,0.6362806032663435,0.1869202951166062,0.4473463773879726,0.319519854312414,60826.848383343444,0.3698494293289793,0.2370925620052123,0.05802698921648116,0.5635834003115067,0.5954989127705151
cust_8dce5a06,0.4276944243731745,0.48798519872749907,0.4499283733790371,0.10742483969911126,0.24025786768373675,16196.891991601151,0.6665959936737756,0.7990168974257443,0.3052499679007603,0.2553092842664712,0.05276026081406168
cust_78e6e049,0.8300993587423791,0.5695341467990217,0.44183704328977275,0.3384063469790814,0.1580167588463099,34362.63367521227,0.35026837953717366,0.2501367094565466,0.39040882447448566,0.17194849615751523,0.01776810051506388
cust_ceed74d0,0.7017005866431121,0.29720901798788946,0.6864229938813468,0.02000055320823254,0.4291225435310588,10555.031609550415,0.41898051153930815,0.647366791976293,0.2211654282062258,0.2869232865142927,0.17426954159540653
cust_6bc5a79a,0.4921795737779529,0.4754937747946633,0.47772884030268087,0.5645397522516367,0.4388120920544908,78024.39712414471,0.4388188524061785,0.7197256032606301,0.2627638710443952,0.18412524452216758,0.597980886529474
cust_c4156d9d,0.8161046629754644,0.46398931026767,0.35913126954240127,0.16736749881229046,0.25220674221821665,17812.761313085968,0.7412749664462928,0.3651695493063856,0.2710191454247779,0.31668343532856985,0.13727686576120796
cust_09849f60,0.8520606023077053,0.6102367574882451,0.3857519475260809,0.19774538046333043,0.4392468162999671,746.2417742427255,0.09519485172007783,0.4489411691658836,0.2521295644896565,0.3261468783078475,0.04144696210762561
cust_37da330d,0.4964276397853725,0.761845131122666,0.21605932536597705,0.10989893456328564,0.3615668990000486,160435.94700265417,0.45437113880324803,0.13847572782884446,0.18154390459350253,0.4411104678148587,0.8964667992858241
cust_e5072075,0.7977158156044187,0.5742530454908528,0.860447736663007,0.24929332078975028,0.40241466194127773,423541.0663589079,0.06873113054915433,0.5460791529807979,0.5452898981587628,0.3993659332618526,0.7196557825438483
cust_d799c1fa,0.837733034640683,0.746364737777969,0.11832417982511778,0.11648620508225539,0.39572761029346365,1827.866381190591,0.24700389176566312,0.3616272254672096,0.08999760875150135,0.2539835841627235,0.27177581288046515
cust_ae4ccbfa,0.8132234496607547,0.3875203962449405,0.38790407272683547,0.2724711313222877,0.565837038052437,76470.96301453328,0.4273978460212448,0.23739639970744714,0.2565850079460057,0.2388500585643521,0.7190941171420315
cust_72a25621,0.6800561679560552,0.5040838470102176,0.9244218380646625,0.08076057800087022,0.04481930966927416,7007.732483277114,0.414497178854174,0.9262758726725796,0.6831449726191275,0.17407309695589177,0.15087762200492463
cust_7a4afd97,0.6441919104166943,0.34819372011252736,0.29817802108699765,0.10126485076492746,0.14553684074143763,15396.221022790538,0.36760863916760383,0.46902825315228874,0.2313425253857551,0.16724804353671446,0.13580746906887145
cust_7f7d2ed0,0.8916773697301836,0.9330718530181629,0.4591163479706506,0.2548482619377257,0.22887428782306724,23045.17071862235,0.532649149493563,0.22331089092149373,0.35645182829480343,0.12478731333551767,0.0963970931052025
cust_1207edf2,0.6275154212150973,0.2270119447552676,0.35753357158543236,0.2581686998845593,0.18211381480393649,132417.64708663552,0.47760167725050456,0.48783700643505296,0.05034566328686084,0.08553294073186062,0.44984110023000795
cust_4d4075de,0.547990352957915,0.7519596727845065,0.38135066866414735,0.2712736984415735,0.41539819344003287,53478.86487252633,0.26259900996737373,0.47962265591001674,0.18095917178889778,0.07014203201064248,0.5302981281682982
cust_71a8061f,0.8651665608485548,0.49506151903839607,0.5256448472193062,0.38863694905324814,0.43327055779378365,433.6966985347984,0.1610663371228306,0.6362051287163256,0.4138342054533309,0.18111220413455606,0.2610622163939663
cust_82313c38,0.9615165419789692,0.677950346867284,0.32083685087275654,0.48177777987889364,0.3506332021687409,6597.878462188601,0.6291643774028012,0.9090608193232519,0.15888886083374543,0.12007777804390013,0.27843582888996427
cust_ab023157,0.6473120031018594,0.5200036046001244,0.5388112301647715,0.2362577015766248,0.459999106195573,5568.78684989391,0.1289037249315972,0.22805470369874453,0.2874764919658222,0.26096545345025807,0.3817798854887811
cust_cbc0ebcf,0.8374931679772677,0.7781560416054739,0.40661392121302203,0.6600578937202275,0.14111671851471577,1828.638756030088,0.35503674450957323,0.6226011178956102,0.2025405339056725,0.05945198751595917,0.17515911282033092
cust_224dfee6,0.8268940317752252,0.5225334251703394,0.39133253387664896,0.343180612215848,0.16376965818821004,12582.999350923275,0.20340431867723407,0.5571956886125644,0.10910535500343642,0.19513679342134724,0.028926749060478207
cust_1d54f138,0.8794974202952156,0.6495311946416666,0.455233886974754,0.12467184747962833,0.5995770036437557,53911.33013764129,0.11620610433600015,0.8910116730800214,0.20679673168482554,0.3034407535392071,0.9335225583801021
cust_7a2edd29,0.8293121632555575,0.7814497772173056,0.2965854768881264,0.29042479885162814,0.11264665641662805,139078.94544506347,0.012414646540061289,0.6786921265984425,0.17914675960823764,0.39360254745709655,0.5036986267041705
cust_04c07db8,0.6055025264362124,0.4665664513654691,0.754333228069064,0.30811923906159533,0.21786101943901243,64392.66520544375,0.5331824910638072,0.4734188422043324,0.3159967237159453,0.2968674987807168,0.9685737593760713
cust_61b5125b,0.8742387590006103,0.33012448440545955,0.2502730131728408,0.4700851434932035,0.2845831795626094,6390.235274295501,0.26788645293237023,0.3833259326485768,0.17030185006450668,0.1506787060094626,0.36331144331385035
cust_abe86a92,0.9047636550971548,0.6593428913543304,0.42197898405360373,0.26903410941573025,0.2556959313481286,50250.31062045954,0.47975296746115137,0.8000951063674734,0.09402330510162628,0.34571509758598784,0.7371698748573935
cust_d65d0de5,0.6713944577764317,0.4096997605104425,0.046145568797180354,0.3277487119693735,0.3211157334840205,36054.44010178681,0.241053277257781,0.6401093787960758,0.014188559859375045,0.11568378540164578,0.05476688570378753
cust_b3d6e84f,0.6726466314442584,0.3010648844265402,0.4247967989655161,0.16665957533671766,0.23989756556505626,5544.510852383943,0.43455434361023093,0.2129427530240321,0.3059073947310269,0.21009284316659058,0.20901372802417456
cust_13ea8431,0.7196324044609904,0.3237590811937719,0.2652012710362929,0.3495213850421662,0.22692209871449645,40139.9860638161,0.5810971287851948,0.5402831075667355,0.15127663193447605,0.11749963345931976,0.37813605365163927
cust_63f796d3,0.8273921843158364,0.29400544413202434,0.21183019708854187,0.49730251382139584,0.7521699610103441,7332.102784698286,0.667320091066619,0.8456601996375985,0.07909495419146484,0.07306860222453282,0.034127037172495496
cust_a523d934,0.8916629918298363,0.4189990989169118,0.5150793927424996,0.6208883288054113,0.0625618396661549,6975.372548447413,0.4076958724324184,0.3636220290184935,0.3247529013507304,0.326374342950637,0.20759946455635894
cust_0e9735df,0.2728426507840391,0.7002892400330639,0.5807287423490729,0.40738994867659445,0.6133258792769045,174546.56696591986,0.365989291443139,0.14219445898366254,0.29836832655122986,0.3496365487528236,0.38155805425486145
cust_5f8e11e4,0.6771819658162165,0.27101176029807644,0.2549719787558477,0.5701106830686965,0.07211827021135879,45957.84126110186,0.3809395480893435,0.22547977221246743,0.17483033699056813,0.19798920323184904,0.1791073536684872
cust_a7fb2528,0.857826627999156,0.6443139137516664,0.3520960027568104,0.5207443675039357,0.2730632213105763,40052.557584520204,0.15600136612015192,0.6637984035712807,0.24023375000140873,0.26631262953235085,0.05992640061718797
cust_9bd63d6a,0.7864852242689129,0.8542066420532239,0.4331863308951555,0.2765742247549958,0.1197228116546568,11243.79192128315,0.19873907709926222,0.7265698726411524,0.22583105509223356,0.5258494190030161,0.1797292782449625
cust_f81dd646,0.5364157110714411,0.5767010613078216,0.2697439109800494,0.654614218736258,0.4667378025351564,16873.736713186514,0.19130347118130098,0.5664415692110041,0.05782402881522111,0.19441059432514426,0.10315255520785092
cust_f5a5ff3d,0.7198724082896801,0.6837618625510418,0.2908646900229924,0.782477875433435,0.31263008251114976,8617.156178925283,0.18911228524120993,0.6375761961083108,0.22146632979700287,0.24004194020205866,0.16370312529901504
cust_8b22f2ff,0.7221014290243136,0.20366128815877074,0.7545898603963901,0.22745636923563833,0.21879957087002277,12706.842391175327,0.4867996949133241,0.8571536715264302,0.48541232836814485,0.13730367409547484,0.011737354939317449
cust_d757eaf5,0.7390809906186359,0.7409130821071122,0.4046331466654293,0.11682366908728675,0.34251284667502613,19094.035299104675,0.5998594337423264,0.2995573893643906,0.22463896995923474,0.42857592710556497,0.13640124579187196
cust_aac3d2e6,0.6984958202429555,0.4566788340963487,0.5256944066369589,0.06131461814398299,0.41123181988183294,2468.5236950131534,0.2121383801522284,0.18014863867299216,0.26019983949948133,0.17850840376789243,0.022570676664279973
cust_afa5dd48,0.5586195497798233,0.6100790654459792,0.3138378157546803,0.5574801646015318,0.2930757362890968,21473.1528398816,0.38933441538326824,0.5105824264919295,0.1755645290783623,0.1343732184188831,0.002444644633773721
cust_bcd705d8,0.5260623827640596,0.6476570409998895,0.7951634592292791,0.2688392206388362,0.6482495455398761,48720.07788393243,0.267727971018905,0.5890710478856713,0.6303570900587986,0.35555115425052586,0.045340049665178496
cust_81b8725a,0.42210830821535783,0.7757776914236584,0.7314447936947038,0.1899833810721129,0.4002079451501497,344213.46707676054,0.4459354230285612,0.4575343426769354,0.2816409392249907,0.4830603826262196,0.5775278196198661
cust_60e62d40,0.7795680984633906,0.612248546013135,0.5646755026838058,0.5503351030315051,0.44983142292607536,101665.86249694663,0.30934117544957557,0.4203306923385728,0.2840802298113642,0.39472252615476444,0.8134230697217418
cust_a6ca62a3,0.9123474441796123,0.5188264223074335,0.4015054965103982,0.5206990243806414,0.427478770697962,404573.88280730025,0.38661042679921914,0.5303737647420372,0.23962501777408254,0.0708367271293491,0.5698124874028124
cust_d61b48e8,0.9181411159146137,0.357065130791361,0.497345221180266,0.23227294973377682,0.10857056717358707,4724.81740480326,0.35596190721072674,0.17633885826829518,0.2746725489162942,0.17510609947752184,0.010485650567050236
cust_a5e915a7,0.9475958706302344,0.7459704172109253,0.2234304669516197,0.3256379139285515,0.23134984757190943,3239.227820298539,0.28554499957411983,0.892960092629765,0.15987176622319427,0.3784863348047903,0.17768527006038212
cust_1ea55260,0.8983044329169372,0.4239650704909206,0.39702779911789354,0.4324642659560341,0.08584696053893197,6266.645921076108,0.3789950612436413,0.7352220680375109,0.16708086230814892,0.3210560472019986,0.017035110315497072
cust_b09849bc,0.8959514552999792,0.45247733316776917,0.4013978241711163,0.4291883187835559,0.10335885476428931,56531.576219194474,0.3434056067461665,0.48348509209701257,0.32139560479140633,0.1116859101412847,0.49735365648066304
cust_afe2d1b0,0.46687633936447676,0.4043955261637218,0.5081572695898906,0.4057274625499323,0.31089755964936694,17497.88549314844,0.1961186249147303,0.4667260953357202,0.25889186587995844,0.20833391967630852,0.06752200636283397
cust_6485df57,0.9330501894631356,0.23364364651864566,0.2801424422964497,0.6658874391368296,0.2573285904775633,2509.4773111099466,0.44732602790751935,0.4871851056707713,0.16013828639172842,0.05363783746761566,0.025212100362199112
cust_0e35c458,0.814014235861828,0.663202563501526,0.446274215593445,0.03540898210674982,0.34973157153250595,5046.298943879729,0.42168236678301607,0.5330868507591239,0.402060779753943,0.22875762483587622,0.16790044146025074
cust_3da0457c,0.9180812693924221,0.21755998297368623,0.5383503170496686,0.20791928490290265,0.432354319189065,32899.09558249345,0.2842693820331265,0.6987569867062331,0.18038425101632968,0.13450396804035994,0.21358661348134647
cust_a188560c,0.8649972414643057,0.498949239657384,0.9536575964958549,0.027770776626012857,0.31414158993842645,24214.295811638938,0.628451465917955,0.46819376154315506,0.7586451924297093,0.3727246145207646,0.4005397511249532
cust_2c4e71e2,0.50617920620151,0.5034900348751727,0.18903189372361395,0.02010830282019089,0.36214317097084475,36462.7665614717,0.21663637116437884,0.42329215850097074,0.15024065731947878,0.486544307740902,0.03869260278394677
cust_81587287,0.833016152478851,0.277448095927586,0.6848825024761694,0.36916463308129455,0.4248946384965483,263409.4853631418,0.27804388194577834,0.3757893232151174,0.3906074757700941,0.08643515409132987,0.6461315417003748
cust_b09ed35a,0.414160784103736,0.5082497882177989,0.23575511212009992,0.16761083189145654,0.18173314412523325,2010.4277482597454,0.18367688341515517,0.3466864809745293,0.12489886862450482,0.27464733097253824,0.04709860351327529
cust_63928264,0.967496807382724,0.2523560663000772,0.443978098754581,0.3351301883130872,0.33420406117850116,109979.13539724654,0.3139760392322049,0.5476262781220733,0.3771262182025154,0.16303311462839537,0.6734457964049848
cust_41b52c3b,0.8419516903656922,0.7470978695036536,0.48054421683207,0.22795753376758485,0.12457659778087377,53837.82433215953,0.6768020566643436,0.3937579305179476,0.31285365560586453,0.12409469107938863,0.5569135352882719
cust_a7a0d46b,0.832444862476234,0.3588826626270145,0.3420837950004698,0.16175215925069472,0.38319521459300687,36570.6048723875,0.2284541250242455,0.4813635922851864,0.1086919976449166,0.2216255672005133,0.3269290600238407
cust_c2b97639,0.4207936593796616,0.28950719544651476,0.7139231008211593,0.04139496333321864,0.4191447204446931,5905.397269341939,0.09642710551978875,0.4033894866502688,0.5323706985827911,0.23864219853572916,0.13331890606391936
cust_811116d8,0.955831262820472,0.5121057999074542,0.18695228629557922,0.43550414173595264,0.11139089881420226,64645.51841215938,0.24314179040836995,0.5428913121209722,0.08845424228994495,0.2139122316063173,0.8122370410959556
cust_efb7a1b3,0.6474225282705244,0.6829699573936315,0.2420535650487396,0.3594911703818142,0.24294762807068843,28999.10359473904,0.10342852977263099,0.1390735144076607,0.12124693517456714,0.06132294630111845,0.2693034770950421
cust_7de5323a,0.5157800642981317,0.5494963991231792,0.0502810683719553,0.2525003785709835,0.3331224027663624,1812.980449029769,0.43753807416801166,0.7669383895761803,0.03508688926240237,0.16765001932885729,0.3894105116789427
cust_d2430299,0.8367618053130238,0.5772566913083422,0.31031029366065205,0.18701446213620074,0.2840267577277722,258059.66805861282,0.1639855568838745,0.7927981344732922,0.1111858747399039,0.3749803420387347,0.8701120152556667
cust_81eaee04,0.7379064551715153,0.46294619511581375,0.5331489583672216,0.5697914057945818,0.2003043732341006,4294.259008815708,0.21451358551177455,0.7588170818280093,0.33620998626736326,0.3043495862262979,0.09630018183296545
cust_64ce1139,0.898009265881901,0.7213680674295151,0.428087073442952,0.14978796606520112,0.5275767859215041,1307.6554237322787,0.4715645319612001,0.8009925107577637,0.3361099384539171,0.44662035760011476,0.11057220067620735
cust_8c118fc1,0.3813702959541828,0.5092639768220669,0.36557872538352343,0.35603159275029983,0.4952988369473399,62005.42039250912,0.357367661857644,0.2964743245396095,0.3416418197093536,0.16102223520863054,0.5989295333509663
cust_7715c82f,0.6552880175487302,0.15071972987975168,0.41842415100962815,0.18627189717569193,0.30575085707522937,6153.828230801805,0.20460748885105243,0.5144760644685825,0.16038416281033674,0.07358999478983982,0.04119062165021951
cust_8a928f74,0.7807413368667245,0.7457092433376571,0.2419632737884628,0.23181886985877348,0.3393005170900939,7617.281552999797,0.15058148983401048,0.10983125441280063,0.18781024990182385,0.4867373919086699,0.0729715119089673
cust_ff906721,0.6023618274381491,0.7351800235102283,0.6138919741918473,0.5236642005682055,0.39446458297557063,28693.70249518113,0.4631545168047286,0.7922824824579331,0.5061272780150585,0.2961388413892546,0.1264436728642294
cust_6f82ae6d,0.7065669986512315,0.4365185677692333,0.37819983380208405,0.5624989570489479,0.5361465657075665,40815.361787946706,0.3091331502758064,0.3944596318041249,0.30576063027093087,0.2465976033791483,0.056405844364869256
cust_72c04be7,0.8024223131398132,0.757208374108975,0.32022298916279973,0.23977392412978707,0.3008031276057845,64482.59242772533,0.2515432674457759,0.4354756329112001,0.13494310583382207,0.38940132116578796,0.9297909664077337
cust_af6470c3,0.8333829126712559,0.4980759646203535,0.40122407405999744,0.1575251334578746,0.45306631265239505,76498.68135902785,0.4210838238483392,0.6124884516013617,0.1153080733364635,0.34375868542882804,0.847132110759078
cust_d2689d27,0.7605583132505866,0.20749637960153733,0.13349971316290465,0.47687282346300497,0.31117499278193356,1296575.0303089812,0.26828242804275015,0.65295102657311,0.05881647306327954,0.09217926891641356,0.5615590339490291
cust_d7e90899,0.8644060927044871,0.11793416954846044,0.20094187919444143,0.31190543411905525,0.6400844727083543,39413.642034521734,0.45109714297897424,0.3973507524566343,0.11553851377581921,0.022633546521764716,0.02230414877044866
cust_b010c014,0.849132878838093,0.7838406430429454,0.4223609953668396,0.21375738137865682,0.37206247799623837,16546.919733898172,0.5307156065083466,0.27488808371167134,0.35362818814375363,0.6326812724192055,0.14298702147662443
cust_5f36816d,0.7524526170199418,0.4037394265721471,0.2931973509147969,0.5016666271319515,0.2876050611450559,29482.85979626742,0.42220858086479324,0.32785027433453295,0.17031717196983323,0.07951558567013933,0.040339403603920965
cust_0118a6bf,0.8093798412486451,0.659388781960973,0.5347438912049015,0.04111505301830361,0.4796073289211305,16472.410337183013,0.2430574383591413,0.3210773505110975,0.2572090409692687,0.5301029614358003,0.062495619565725066
cust_9c590d33,0.960084480114767,0.22711181394888558,0.2331089213839218,0.29381233892067815,0.2852123235225399,34466.09250302947,0.29566323431037744,0.4848667864588994,0.20230289921058817,0.20238338824836433,0.42242383853850723
cust_96f19712,0.9194196348554827,0.7029062591145983,0.8212822637154927,0.5160230780385411,0.33005232718914046,6537.288814010022,0.35089116643405943,0.26509260695391373,0.4898600905140571,0.15461097203228222,0.35398993411992813
cust_ff29eb52,0.6214860155135188,0.34808642297801523,0.2274132929704837,0.18662868942314037,0.29027896764800737,83477.28162572838,0.2661023044339307,0.2320667618875594,0.21033082750840815,0.29768808610020703,0.5384805103121667
cust_adbcd36c,0.982450851553553,0.15444978821242408,0.8577135181690899,0.20627991768153517,0.40450677320502465,14277.415093891423,0.3979003547954471,0.5296150743439614,0.7630045153285537,0.014152739201902322,0.2045860438849448
cust_9b87014d,0.7904655573671387,0.2790430281451951,0.2782697327695874,0.45072956188442914,0.4644574110411498,20812.024340448566,0.19409171327997474,0.5124702938616599,0.2081570135734213,0.17590279274555176,0.18812220092530554
cust_ed0115b5,0.6631424966131619,0.6283433724358309,0.35726083467539216,0.4160293055649873,0.4546967083467924,8951.19684290405,0.1491545461258747,0.48049445660797296,0.22248052629285073,0.08070965386533589,0.0976785655290608
cust_080cdd78,0.7817728583431768,0.3810355819140667,0.46482757839972294,0.1569864967110041,0.6120645690390171,913594.0447107673,0.5362318402715252,0.15372760299143456,0.2294112941437428,0.23836650750787824,0.7891424807073312
cust_82807256,0.6425774845097902,0.23864926905534414,0.657781564804304,0.07044457494134353,0.18218995051215223,8972.337638317245,0.34717248579496174,0.3342183267168464,0.3685784402214746,0.20726280296795213,0.0549694424442075
cust_d97a7a46,0.8607649318195963,0.5330118419329274,0.6122259780974828,0.6257508451008393,0.30640097126948695,90221.85705087487,0.25121202088618566,0.42150732217685916,0.48132631091999284,0.384271301636167,0.7443969630959054
cust_77141a18,0.5642593725499246,0.5925953054347044,0.6147701227481467,0.19051172089884175,0.3267961299042622,7817.676212608836,0.3926512964545532,0.3351301473537305,0.32039055780654785,0.2066227334113153,0.17196507618392765
cust_f17e8a3b,0.6190868848136236,0.6193600064561072,0.5686557212834149,0.3246714229225601,0.6165947980006831,17210.083902141258,0.5877277606664356,0.56101382026779,0.5571999299925576,0.32802925736188326,0.23019282494330956
cust_3ae07202,0.6620543237728005,0.6625569395417346,0.5119598711009854,0.4181177711097001,0.5289338084777715,18305.878216882247,0.4335515249648261,0.3447267596310666,0.21342311989491763,0.18752633925207957,0.0071124285520476616
cust_d0402182,0.6703364495163397,0.24129529173508787,0.40183081060109005,0.21997084156463206,0.27031447333218245,21593.384532058215,0.41454960234010085,0.540112397968365,0.2511681430500876,0.1939521015067284,0.055854006078814994
cust_779661f9,0.6465509766356498,0.39016466805154637,0.7881027122493524,0.19647474871364112,0.20852464350508787,20417.120825344184,0.32164431575323515,0.3991932773900073,0.4715822144844097,0.09594703597677923,0.04989383669201192
cust_a23f059d,0.7237018919559064,0.5191508085190767,0.5123164234040438,0.06068212349751227,0.4690531085393459,98065.59733347663,0.3348957584828534,0.37404012246226415,0.24698610435335658,0.2941165936391543,0.4624887337775569
cust_afeca4f6,0.6263341009095029,0.49502747809897213,0.4607230261156505,0.2514994774643776,0.35738366195645016,129478.39570186427,0.08645673102162171,0.8186414094830845,0.2866573376454736,0.22988445152107218,0.3073765812342786
cust_4f127662,0.8609315236110612,0.22920302669169534,0.24646346591154827,0.3631870081671538,0.2344389190276481,148644.81099075606,0.17288877652301868,0.20934299155975214,0.15928940569589858,0.11036635994531938,0.7966739894127107
cust_16386357,0.8238864448146344,0.3560781925966342,0.440386383564345,0.7348971951600181,0.48489229553922564,97411.03643376632,0.12409481324244469,0.20074663227700115,0.38030221930925506,0.11373624053463434,0.6080651468715765
cust_55cb3bcc,0.8750066772939632,0.6868341530209812,0.2534781498395477,0.3165897496466989,0.4853296633648558,5672.33571695496,0.47830631384356687,0.4844155012585527,0.17256529278314303,0.04417241871090871,0.3814060215964339
cust_bfb68519,0.6648713738699649,0.8219345521639584,0.22349220232093817,0.27636718356654266,0.14685136780534164,610.0965811094308,0.21610210463084495,0.38773843530508845,0.12714026955936975,0.3736210159064124,0.017744781726396066
cust_93ddbd7a,0.7877612052556965,0.23619620967464078,0.297203068043104,0.19446680972698333,0.3498296832043534,278067.06029784854,0.20811644113679073,0.610408626629145,0.17714757194163852,0.030615292844274253,0.7190976992811655
cust_58fcd806,0.7530419782169266,0.6363445959237037,0.14640455009717862,0.17012359745057276,0.18695241130632953,103918.3423158262,0.1140611293316086,0.46220169046234666,0.05013243030647398,0.18829685199180374,0.8701170665585928
cust_d36cbcf0,0.8759973194156777,0.6788894396337436,0.12168976932578805,0.13468966089001055,0.010675168775279657,3785.1927180555335,0.3649589302970736,0.37867513682258824,0.06313660376026832,0.3201754988522116,0.1984124869596172
cust_672fd78c,0.5899648072696226,0.7847856020554647,0.8357767519024586,0.294768550593763,0.19428358461006928,3372.451258253872,0.21704313898055044,0.16559533237426188,0.476997909673806,0.42527218440192666,0.09536723639533866
cust_cebdff41,0.847739001858786,0.36488689696319065,0.593765853727235,0.6008700973517249,0.39871479257522247,24387.0854648763,0.1131456698082776,0.5797645709417728,0.17540600532254697,0.28700227361608177,0.04382773709629561
cust_9b9f788a,0.7984733137973704,0.7717016795785007,0.5709998797133562,0.5770488605432144,0.2290423921764848,30610.57959856776,0.23227034859817122,0.7017832783545376,0.4150161862449078,0.42242601651220973,0.19856558398942087
cust_0b47631e,0.7468249470178634,0.30025449579037455,0.07962164912262243,0.43874092109031193,0.4120573682685423,13151.356062669458,0.4933664396882213,0.6291829844026442,0.06356189423574736,0.14229355957757264,0.03112936103052838
cust_9496df02,0.8856227859094533,0.4811371544197042,0.192140925295253,0.8319462275295482,0.3540757822017391,2897.8518656143497,0.1930205458940589,0.39377012078352003,0.1460115177891649,0.38382774702091027,0.18733131996118244
cust_c5008d50,0.9188314641809926,0.5584022234793763,0.29866131654098027,0.1779663546725678,0.6041292315217545,4609.277194415576,0.1340390119097718,0.6336212545365577,0.22378071564641716,0.447484311295159,0.10927129726771787
cust_35e348fd,0.7082385658966263,0.5998283730603612,0.42232096652002127,0.5759334309877798,0.37777834830015516,7830.069635528599,0.3124122285276545,0.3893264998221455,0.3419110010014448,0.4752662775983285,0.10853309134002274
cust_b17e36b1,0.9377819392302702,0.7335696368757216,0.43068527325712885,0.4310549512163582,0.5443522666722125,6148.110797592182,0.4213944355559068,0.2525075501092488,0.3376459271475115,0.3697282905193264,0.006858324158700011
cust_edc93c19,0.950027673827556,0.5611384917839114,0.6043291458944481,0.34371509167087966,0.10937542570049562,22336.06173949016,0.35097967223720117,0.45798470417753934,0.3795950931341482,0.28835277726373043,0.24593898188971755
cust_29c54485,0.6509627641814757,0.5131426389625486,0.38267060484877924,0.033804390368196414,0.19077836671568799,2970.06083745719,0.4473896547381693,0.4515653373560364,0.15079960909846724,0.3269295933505677,0.08418801830410468
cust_2e2471ab,0.9133550561409471,0.3063378990888063,0.12220925800437864,0.3970019209502009,0.08462828951575045,6818.619905476411,0.14241043738878312,0.5894404180007292,0.09316919735034433,0.2541785918451125,0.013300670560338401
cust_18f93e57,0.7525947031815783,0.3970583382134713,0.5457557422078781,0.07758953582613362,0.2893124078654102,487428.2992808097,0.28514489500329576,0.30524743865640047,0.4376797674800564,0.2656476592989885,0.9192164333148972
cust_fd03bd4d,0.8332863880389255,0.48759497125824813,0.3738171452739085,0.2749527362795616,0.08827108947001051,39598.61384493819,0.33943508264567457,0.749545167777792,0.11272949746364853,0.1086258285812255,0.1556296900254253
cust_67f2b515,0.6410697675643825,0.9371375578003064,0.28979026567395433,0.27254133679341047,0.13239090961111086,16938.051156854377,0.2669867408565741,0.6184813676394764,0.14961342857499227,0.09260400888691346,0.017008843395351258
cust_e8883fe9,0.7585298401289656,0.4829538508155721,0.3893341122715521,0.37470736716058745,0.09684870070428368,4170.145863452833,0.04195879091022121,0.7021765595799111,0.28062552488226167,0.2059609258114329,0.03648195550656651
cust_19c1a4da,0.9084576901517286,0.6664935973545185,0.27757221387540243,0.15974047553455362,0.3931193645470389,372492.08326638583,0.42205239500843306,0.7044650986405389,0.20357880078549914,0.4159242186915256,0.6711341315074364
cust_278d02ac,0.7864408408530591,0.7728959496270141,0.2566544002624125,0.19319079415820933,0.6536715171950989,94668.7445369219,0.41939938630634416,0.6437583905005111,0.16233031262010703,0.06634308315256693,0.4489817697738331
cust_9c9863f6,0.7518382712428958,0.7059442777581556,0.3654686973880382,0.5684228099112926,0.23754910037189186,63561.66584342739,0.04079063328381988,0.7314762486442106,0.12807262964387875,0.3147645340236714,0.6915497815256388
cust_a9e256eb,0.8032032930765028,0.37833176168799176,0.35408351249118786,0.37079551752242007,0.28989519957413673,74705.66458686253,0.21476457439887198,0.200135145268417,0.12494837358238699,0.15002433637647497,0.8185098011796645
cust_82a9dbaa,0.7336193572707311,0.42486002663279754,0.80301622956137,0.25678297568100034,0.520895413199707,126693.9686115831,0.703928304238263,0.34723047147551467,0.7028139944424114,0.2732369348928133,0.18560138629032533
cust_b360040e,0.8925567789444767,0.7543977209613779,0.5859774003462546,0.29867633516179415,0.34545463554986194,2184.2704902642763,0.26476036189801333,0.7370391363817401,0.3642731650057304,0.6982047471483729,0.04627556718828319
cust_ec4ba520,0.8157989873354724,0.8424879811888797,0.4582373601640038,0.08780920585274844,0.699668796749306,67965.47424734563,0.7503788364318811,0.37809691651936983,0.12475486427827985,0.7258045076843394,0.4983055165444452
cust_2fa0bd4e,0.7852110995109453,0.4968100199071692,0.22315990459228033,0.20017507574981133,0.04832176753606802,11253.723874413376,0.2926708247794892,0.660570028067586,0.16951370794313053,0.32827385522706165,0.3362138437126129
cust_6a97a06b,0.7895886480332912,0.8267629322500455,0.776064634394967,0.24543336396539034,0.17954722031850245,6349.187209562801,0.5443534504306956,0.09078337522091058,0.5587277710974531,0.6585760934609804,0.16619967980381864
cust_e9e4876e,0.672224627856794,0.6350671026299309,0.4778929206741148,0.326981850169908,0.2610518437484389,44433.48089062362,0.23462214382101224,0.45900103872693393,0.409131004402196,0.5237669918914509,0.03168637168646747
cust_e5796770,0.7474374007891452,0.45307410759333244,0.158858259409842,0.3877170696621757,0.13658643812616525,4940.3382071868145,0.22926907416640152,0.23005624656432497,0.089179022194803,0.2346528189658219,0.026235286719452005
cust_8bc08fec,0.8519959623210931,0.4318030346451817,0.44723374680183664,0.21983545488144773,0.25456594971490587,49334.37566649183,0.3589250329308479,0.5369280772874149,0.2891907246880822,0.09899929453858528,0.018341086744796304
cust_d5fd10d7,0.929571202876075,0.5894447038138715,0.2610254912525626,0.28444299770574183,0.42831288253329974,53810.02997725839,0.45659615138165893,0.6207290658553545,0.10902090268549194,0.18247849847860043,0.7698649917351797
cust_135c4493,0.9308922339321241,0.2894370220942483,0.3933086264151932,0.4621030267741902,0.11158522534245259,476326.47815221356,0.3862430278144889,0.39758188331460353,0.2720935748435088,0.21554666061191283,0.7613701523978554
cust_8024b56d,0.5705552038943007,0.5791247715077338,0.22318581280169922,0.4667175631387291,0.08529719378911611,138968.6269556872,0.1663308725177793,0.11961070801565063,0.11373962283529501,0.3042240912196163,0.8533800138652614
cust_b2dae3c5,0.8336557305667172,0.4451095531919491,0.29263185959548876,0.17560133264850786,0.33217831041395923,82627.1510867258,0.423470832823017,0.379700914595614,0.19842126935820048,0.31777360714841224,0.4274509004461838
cust_7b3acc2d,0.8405270067557408,0.48479664548941986,0.32103938283306094,0.12983591522708354,0.1560592885125527,220281.17601416886,0.435836075330529,0.46534489892574615,0.2116171102232576,0.4218009528142929,0.584030855508303
cust_5f3538c7,0.6292656996444743,0.7340426569550638,0.6267408593414675,0.22999173039390508,0.41378830176588144,31752.513400288266,0.07962689551401801,0.2944115696000099,0.20639051246325033,0.06982981964295064,0.09455575170376164
cust_1da9146f,0.6981860142614325,0.3989917678052394,0.326643854484523,0.2826948235084895,0.1760187403476073,46593.75107780461,0.2506679753928332,0.5428564246574313,0.16639346679460343,0.10612893329194886,0.4393896003213295
cust_806f32b5,0.7492110717852062,0.7442784472966559,0.6039256479744632,0.10851319815442673,0.6318370922198597,49855.80189181865,0.008567692089257171,0.3099494141645987,0.48838317212610066,0.4707576384534169,0.5088901146757225
cust_3970f0f5,0.891078126094048,0.568031745845211,0.0207348688567575,0.3361293280341684,0.436380039168171,35021.184850132886,0.27801243141699583,0.6322627050193204,0.0049273498467642465,0.2992500756519153,0.016332904692174924
cust_b777a65c,0.8246057538855865,0.6249709632187568,0.7358303320615527,0.2615141528651862,0.3627396970535445,16760.630544737425,0.09006044743042074,0.7102632987478886,0.4355591704554574,0.4873473276835335,0.1135211292258132
cust_429ae09a,0.9061897401291552,0.7087886087266716,0.20293896297336642,0.7367946186415064,0.31338474865607147,2238.2083955928633,0.17496345431453303,0.3743444925852939,0.14039352958277374,0.34231475697860086,0.027502915048716277
cust_5f5e895a,0.5782139699792574,0.45434011219766024,0.0775368286446343,0.32087791722892883,0.21709592952474802,17571.2545691725,0.5093379958538238,0.6557002838860906,0.036538456406000674,0.0870751660148181,0.23765491167657574
cust_e1bf0ff4,0.9124586131383889,0.6199508217851606,0.28636672289745757,0.4626953065303901,0.5662586734926264,1097497.7153065943,0.14497056872654088,0.49606068431876776,0.17141403939530578,0.1172815256881898,0.6859615151038652
cust_44cdc3e8,0.6485750613306177,0.37142809012347233,0.39488702864964814,0.5723511231705112,0.7845408697006346,2935.792002618025,0.28691324107630073,0.6863090509263172,0.2791396070223527,0.26656987387042136,0.017664520633598555
cust_d570887c,0.7726798387475757,0.5462389901374964,0.6631421927164963,0.041056239562465895,0.42638918585270164,17332.303936885615,0.16111644006377074,0.365166637275604,0.5926697962235871,0.03249370407389775,0.20870635413729166
cust_64d5d886,0.864312745988057,0.18955835169597607,0.345912459994403,0.31037865862441394,0.5103149415522897,8861.435691030028,0.6587407167034216,0.28791640072062896,0.28731976766319856,0.06048267809251054,0.09567820451571825
cust_d62b682d,0.9226742779983718,0.7498775982560864,0.36406690617604737,0.6091339736042292,0.47645101545024293,25515.8255991692,0.30263980736725743,0.7367054837871126,0.2342415523926324,0.5232615815464963,0.12678060221348628
cust_86698baf,0.6957583069712427,0.15654512691281536,0.8354597347720052,0.13225218312702014,0.725841718895593,26975.557518819078,0.4165676688107992,0.41210158311567047,0.5227266155702194,0.1424837840943421,0.4922615046898634
cust_56b1f2e9,0.48475695920417994,0.20102015262142334,0.1454640020252146,0.44615239161487485,0.6018583409118801,84175.87517522638,0.2495569592591563,0.350288611041233,0.03385642931955441,0.11309332364128631,0.9135714920903298
cust_fae640ce,0.8980458197342914,0.5107036714036179,0.10030808960352829,0.6358262103546749,0.19524745204749938,30012.840737702692,0.40886841655715167,0.622998455003564,0.07125993953918305,0.1731536684787535,0.14535614519118367
cust_72b7b734,0.855178117104536,0.6036336220320029,0.20829341476211144,0.31434072111610106,0.1545197973633403,337526.0214056444,0.4796687300071074,0.5972379506611286,0.1070425658647376,0.48249120051840366,0.397382082932391
cust_f46e04d1,0.8581949577094533,0.4413354316486069,0.5356407734218974,0.13498755413161415,0.5771601425993949,5322.6908820239305,0.4156735550924241,0.5636023949059827,0.33148555885603737,0.3753733151182615,0.020568678145585897
cust_6752a328,0.810159466318586,0.5582978405232666,0.1014735385405893,0.20372854768870052,0.25344397883710706,10908.24933755106,0.13713069151440882,0.20061172253449838,0.07219371459260684,0.19757810923838254,0.3032184129722389
cust_51eaa3a2,0.8002256136120938,0.728996069265726,0.8131263775085228,0.23368598202042595,0.3927420849391918,4583.421221139,0.41497968485553166,0.4042448847178756,0.3929765390121016,0.2168590979473345,0.056764110325183005
cust_add19c25,0.7307074548823999,0.8310896670051069,0.30853536093214934,0.2105936013999603,0.4795949471626431,21706.332317285687,0.41504100137614025,0.5525056069177647,0.18421983825324437,0.5040929125372807,0.07846068644763965
cust_de3399f0,0.5699925818779157,0.794480880008088,0.5896001844984913,0.316269225778608,0.17228958948638,5552.817259623411,0.4667697106781063,0.5450631912916177,0.18097837310183518,0.41757803291972545,0.06699472727304702
cust_10c6ff81,0.7554094228082298,0.5874283234760667,0.17811993595226105,0.09923662642103952,0.5962975802450101,3146.065497507458,0.6011876787775061,0.565254356962495,0.15404075030369957,0.24328419403340595,0.0062291971460548
cust_cca662ef,0.8782005581494605,0.6239397945749265,0.24962900048849487,0.10776648040797,0.22329052762445978,6745.477199238745,0.2766561826457834,0.17517075573243882,0.08585418866309087,0.11519026219371518,0.34011306136565844
cust_067b03d3,0.7294297775205347,0.7839928073929938,0.6702916534400865,0.3467581811263847,0.36894869659933544,3342.465382487753,0.39866424795075717,0.3475877874029871,0.2885625115891328,0.4148261673234899,0.30938451729571265
cust_67cd4ff2,0.9904178507847927,0.7887861123146176,0.6431958263234828,0.4333368819368073,0.3943893583852526,38320.415414461044,0.26690354525642396,0.2262955976303449,0.36689873755498303,0.3539385996044531,0.18987707437336315
cust_1a40d67e,0.7279576618236693,0.3687620246390147,0.23281615087195048,0.33786911953562887,0.48864351522907373,9913.730502335575,0.25349405515643014,0.26643627334931747,0.08520898520040522,0.20305908458210453,0.16187962852103313
cust_cdbdf686,0.5147179099521897,0.3007973990895226,0.17456562550594115,0.5149407458800185,0.48641111428992273,4226.749008421608,0.7100900591987259,0.49696766933051567,0.14340716864308134,0.12722611343125576,0.08716037816153015
cust_b9fc778b,0.444588674228525,0.47752720527169995,0.07302021264680521,0.267999763588953,0.11923743553997614,3272.1706486270746,0.12622390172131437,0.6332600384567973,0.038340836740959214,0.3034764902303965,0.007323413288856642
cust_2511ef04,0.9471169594494087,0.6820403000161117,0.7497485817776263,0.16414779694053963,0.5082730681870606,16274.296645251492,0.6380038313054013,0.772653937655312,0.7178995864118504,0.49817572900183427,0.08976769335620426
cust_021b0fcc,0.6293426099835074,0.6672348472638044,0.2990065068970725,0.26083964919986063,0.21884083399170312,653090.3259125082,0.2106227412681972,0.6554145735390904,0.23001840781460878,0.4343763470645029,0.5662235349391503
cust_72a7147a,0.5142988317148107,0.5418428580050583,0.24993004705514574,0.5143018802463619,0.59096525355686,3654.569522012252,0.24405291990917993,0.28754455125199513,0.11308412607720134,0.040935211923822525,0.6359394459350012
cust_8ab328e2,0.5056395261057138,0.6570851277289923,0.5324125000753888,0.4977030898532643,0.21303943355832688,13607.926687969117,0.401010632380028,0.4929347972397114,0.3722109285184692,0.14162866872735846,0.3006236048651641
cust_1b654196,0.8598589900325555,0.47601678273832987,0.6639471086490218,0.5774971720345669,0.6059591849684733,162120.62764048023,0.4377063092372485,0.45549468822409117,0.6562163890764845,0.14204736498904744,0.8103479521428912
cust_46a24d94,0.669487417716312,0.39605017690036715,0.5551884229945461,0.28575130280218825,0.42962460399003166,16896.567381386107,0.21444166337911774,0.31980677067858376,0.1420984483307668,0.36724610055909496,0.4590697247198838
cust_958e2056,0.6779898472516419,0.41424226352909216,0.23302098693372872,0.17411979675104935,0.18234971485197868,90281.75626321611,0.12972052271654538,0.8103961168995756,0.10190987353604107,0.4068787973528626,0.4007950133628892
cust_e7c74df3,0.8222235521744788,0.4425184895632922,0.7718077767410259,0.4865043617592864,0.3870100818277103,1109.5784357415707,0.5069541173841794,0.6284509513334099,0.24287231354945776,0.1450398926550774,0.03882616392336833
cust_b7140a6e,0.9385666924756806,0.33472885415177656,0.23807855220089275,0.5107326927371679,0.24814699936813567,2761.5871470822826,0.38372578529265705,0.3434661263233299,0.08743932795318966,0.23012430215030535,0.4228470569359069
cust_eec8485b,0.670837187082949,0.8682558285934352,0.1760285045787856,0.37395538958100955,0.0062998529888840795,19967.872723897017,0.1705634200815875,0.6265036716399595,0.07418808488379555,0.09525318161507532,0.16374093189296432
cust_2ad304d6,0.7949845657895661,0.6943261639390971,0.42261131513014255,0.31915938597870674,0.2797114328637183,30488.27019906124,0.6769610163299267,0.3910515300852962,0.32556439362967504,0.06910303859897991,0.0639555716597595
cust_d5d3f7a9,0.9260698629455553,0.6588399258310796,0.38768951815889474,0.4389720000209044,0.5055878603896092,22541.19089231625,0.4042178112624104,0.23532213285681722,0.14020203233681366,0.37263966044099456,0.060605590752390366
cust_b7e23594,0.6838911249670294,0.4433121254142811,0.0337959348547614,0.2971754139452407,0.3112240522546378,45507.712273955556,0.17153262267245453,0.4009671382785361,0.007952079779691043,0.18261914648125702,0.07318959784650972
cust_4cb69290,0.6087164918655019,0.2622275604672417,0.5304213586243735,0.21841232489611198,0.530842792862452,87282.58929439142,0.5869691338909577,0.6134348228406323,0.16700617196052786,0.2374313394728302,0.45562868293954184
cust_5ed945cf,0.7357309581964664,0.47185238416017083,0.6046792243572578,0.29905523079416174,0.3165771695712106,4005.0034698994978,0.1786604849556236,0.5929712186444573,0.3947136811139213,0.09285216530883178,0.31596419491513517
cust_a7b5b565,0.4617320971691479,0.35471546853976127,0.4124892318894785,0.1501035831692491,0.409443114243838,5461.490524022007,0.45685427453030064,0.8496307096635991,0.14425707912938435,0.15653148781280696,0.13013291460163223
cust_c0a3695d,0.8439981207076245,0.6167400105215549,0.17157177164625315,0.30196094469864254,0.4777453133801608,20051.17688539514,0.1255341226902737,0.37649013318900637,0.16261411774284104,0.43558832549337817,0.13733814142738304
cust_0622e450,0.8174511896507806,0.7811625669670342,0.04483100834017561,0.249760592676908,0.1652624219073095,30062.37974744978,0.5205251592445567,0.6221835352350992,0.03190121902224364,0.47236047566038397,0.03941512867633066
cust_939103e4,0.928272883209219,0.4556253416510696,0.232544101696528,0.048643001920109064,0.1936646820115231,2656.354642787162,0.5474290235469861,0.5886209112929245,0.16527532975517606,0.24740625358882415,0.019194128217814146
cust_180c4a28,0.7253066918753059,0.30667515123994693,0.1568523988999107,0.290406632340254,0.3751715283617886,70517.20524625518,0.4427164586759219,0.4737406817375205,0.13391990454609476,0.11447613012519657,0.7781611500375586
cust_b4a9faac,0.7581362306318015,0.33303084498191987,0.5874102780078663,0.3619295887935797,0.5840278478596507,12166.611998243343,0.21363688957273289,0.30764189749675536,0.28301277119408685,0.23296621147809884,0.28764596948879984
cust_8dc30713,0.8796782339693632,0.5318866505071796,0.13217934234847145,0.5398430392407149,0.2348814213608236,79241.47334965742,0.44997872364477853,0.6630564758637946,0.05728058129512427,0.24700998127091134,0.4698423974166855
cust_cbcd140d,0.48133378425618445,0.5940800075216122,0.6928262912534834,0.10354480947752771,0.8055398844405787,12612.617349674709,0.4471264052510686,0.5034503621317039,0.3455661109466236,0.4132092125200523,0.26898793447984815
cust_a0287629,0.832434649963878,0.5647351160596881,0.16422442413122484,0.3492096951300007,0.2041914241668605,55722.73591923493,0.29807262214437774,0.5586408440772059,0.14380335266510827,0.13031702608889006,0.48805835507007456
cust_c14e3462,0.6183663151645844,0.2268520908586496,0.03402025614448836,0.6186457124843666,0.41142323730137487,144443.6583909826,0.1961970499474146,0.687680685397742,0.0075237042058132675,0.056713896649432174,0.7047753019318583
cust_c7e046f6,0.5911906026713742,0.5436723862159547,0.4286577337609185,0.07281246440520711,0.09782211849394151,31316.1385066625,0.4369790499470519,0.3369091501697408,0.4110303380987996,0.19277048336830832,0.04494805248349027
cust_81119e8b,0.6084916701360238,0.7716568569289188,0.29757247626369515,0.47499357094206207,0.42738281688582325,326456.77638343174,0.6889946926441122,0.6013471642496873,0.26309740691751743,0.5628575821820369,0.7163431462613155
cust_cee83926,0.9197090452661191,0.6085349669720027,0.26139183525218845,0.2142304992383896,0.14559590562296543,4360.055579257048,0.22284044396800023,0.13833428713875756,0.20838749049557215,0.39639301054715265,0.2821860143328328
cust_02bc567f,0.47549493102286616,0.35531606765506896,0.3063073713302381,0.2107269008966298,0.22004818539618082,79144.509361407,0.6203657906350473,0.6983736222613195,0.2525490639037768,0.07274009907803237,0.5964916295565139
cust_afdfa4d8,0.4729758239240381,0.21231900790537866,0.5451806133505823,0.4955404100727149,0.3685777902080618,19585.903180395013,0.2136561992732349,0.688377493629549,0.30983843134217764,0.10368490895824203,0.16801558767866548
cust_ec696669,0.8311060782425389,0.6723752797579906,0.013856543948571897,0.07939459562715574,0.548908111666947,13806.36059768343,0.3160201545067238,0.6777228354462937,0.00595574812104053,0.5050635404870525,0.0478711689764069
cust_0c064fee,0.8919533060272491,0.7566018815982408,0.11741975114607385,0.13885545603891952,0.21226986884076357,47377.05951225017,0.11959330608878363,0.29234987997826056,0.048291506437656284,0.5251216247972694,0.009223354788118249
cust_6fbcaf26,0.8438571198143026,0.7071867712575826,0.01758881612752278,0.37308052905912026,0.4257312486050708,23102.298501411962,0.3996257173232725,0.6822953967276509,0.016154168025903824,0.40901222075366683,0.02312655805994512
cust_e92d72df,0.8042831001129458,0.6944079975200979,0.11713420280758553,0.20691252529777998,0.6224679055587423,1129.918749383839,0.4426201723560743,0.7443178900563003,0.10021727601045621,0.4949680517785638,0.1446722404164529
cust_73184db8,0.8007235833561358,0.33161031759042175,0.4072264281991687,0.40831110548534016,0.8927696720869631,5330.685036676844,0.09596224176778997,0.3665172764947731,0.2602557075736254,0.1681585252711972,0.3715031610528303
cust_f01511f6,0.9330212639162055,0.46507266989104595,0.6224822045688546,0.21230383603172268,0.18137302278499196,20541.349509167205,0.2977832639745795,0.6054463476990061,0.3087912321394119,0.1127615360127091,0.2017281472997432
cust_ab6a5eee,0.6322850519218679,0.25793471945022783,0.5294412341317186,0.4082276819224839,0.20292370801333873,4198.1623073096,0.10996704397691229,0.35879492852760725,0.3756396961623924,0.20957678438550384,0.650090840097176
cust_e0c90e76,0.929741306224406,0.8969290322100829,0.3130955363824203,0.11714739351219568,0.2274929774929135,63916.0256824957,0.4904368165845849,0.6438155332253886,0.25081652126890797,0.09955768230586683,0.6348863313909513
cust_5350b05c,0.9495062772337057,0.7941963198113527,0.42915014861132245,0.5429664909276787,0.44190312783435,15631.682962563285,0.1351792061392539,0.8645085490117769,0.20079890213634224,0.6542428453944894,0.05833699064738708
cust_c99abd04,0.8520880089607092,0.3313865929162747,0.08014416513156541,0.44128869998061987,0.09156701779881385,48755.40100322806,0.13435377848457059,0.5468748910414186,0.04701184287945375,0.12738823155184462,0.2570767607708032
cust_2619211d,0.8941007353536801,0.6576895400522076,0.6208500785946915,0.23312429372762938,0.5365098471111632,5470.508096512153,0.36284285095737573,0.5146422942833629,0.17114377725655905,0.4579408323168355,0.24773714983411452
cust_08d91f03,0.7940969583510492,0.41895672007397095,0.2994775959876806,0.307891479473465,0.3127117212643925,127503.29950117174,0.1865875897236393,0.8636111253437566,0.24748511433806103,0.3946534681284029,0.5622316266212257
cust_f02f5326,0.837644551170776,0.7476777293202437,0.5495819018988454,0.5412493770239669,0.442588867404201,40680.00066554077,0.6422187597116131,0.6192660832121849,0.44900641382073764,0.2490527294478452,0.012303646419228462
cust_01d2091d,0.4943255515558471,0.6220006633578384,0.7504321106030529,0.287363649274427,0.00645798357114804,75659.24924588382,0.3145299116419042,0.7298800816730409,0.32820093520447646,0.3813978829635676,0.7879060175352355
cust_c6849187,0.9462668211088052,0.540588643889435,0.2943486724710269,0.1716743426830339,0.6848620566894776,92643.67021080336,0.11318651615320015,0.6132374422067,0.20052916567342832,0.30295211023967,0.5846829901882995
cust_bd8182ee,0.829324213526402,0.43016600615045236,0.09547012031233919,0.09410454247767067,0.5013599267250775,53545.252698368364,0.29074929300679997,0.6012646635236157,0.03433019076642867,0.37584710677018307,0.8714541993238899
cust_33317e1f,0.7907102552095876,0.6687019130490067,0.2763605913047671,0.10942447500922346,0.27832585309299696,6514.839384443095,0.3509631887480846,0.0614625948844775,0.16874999813252944,0.5782118212283198,0.07463797530664651
cust_101f9749,0.35116618512739334,0.5826306354684017,0.6827292797965191,0.17757149113372,0.23407111525956797,29846.73807484055,0.12177932778295153,0.3151719443286346,0.365326364416259,0.07608086438811938,0.2555192400093033
cust_6619c415,0.7893457260086956,0.578892707364979,0.4604571068470679,0.5888415555519403,0.2532994047692789,43872.6121451867,0.5366919703031566,0.7007509960233186,0.3343528801002987,0.3590779896062326,0.04102462142023246
cust_7b03869d,0.9303786153686692,0.21754813521106336,0.13451842322599727,0.2001108945908871,0.25773296332693535,202349.7468846417,0.5840248534539745,0.550987408379045,0.08466724601437532,0.1944488590198642,0.7961903242041235
cust_82f5792e,0.8508713461643047,0.8308620760823103,0.5573225323559162,0.20079640715528957,0.2946304089886025,64369.07032666881,0.04909319377552047,0.17837196482705392,0.2748270648445991,0.21742263378129517,0.4365463632304659
cust_8ba76ac1,0.9553946914163208,0.5732654367084007,0.2903875810595324,0.3481304659477822,0.2449184485798068,11288.701631094584,0.43744787614387315,0.3359494473025168,0.2487676598515772,0.4134914035094287,0.12859814201221392
cust_c6258709,0.8750744663032335,0.8383452493436918,0.39202890920054245,0.36098598830775497,0.39372945475397936,75547.14017807961,0.39366431123420903,0.4032659648749811,0.1929150604542444,0.7205496012999821,0.8700637969719998
cust_867b3887,0.8454616678027389,0.6630861469237244,0.198763384681376,0.3095318924632552,0.10707145409160192,8465.482126020928,0.47755103118307984,0.4495888573071242,0.1084743193637188,0.4018618383579818,0.009399380750456788
cust_cc189cf1,0.8766749832918587,0.4742342476453795,0.21846588204500725,0.10245913952919916,0.4840299139114114,73708.16352002743,0.11677594865726805,0.6444705177689977,0.17038503983580627,0.2367270144530214,0.7248793168804406
cust_d9474e9c,0.9977594966408588,0.4611848380786051,0.08773462282760054,0.248778005014592,0.2528998037072328,56020.170347827916,0.14203153818109715,0.7793800473406214,0.07459027412971216,0.3968665388553604,0.5893585379053692
cust_e730c0f8,0.8739696134472281,0.4260132735769403,0.40477274850259054,0.3334305251514937,0.5618422050504223,5840.50915772297,0.8411839244928436,0.488072366774828,0.2730748289308537,0.3385942088530123,0.02419982179129004
cust_98523c8c,0.9012409026517264,0.24306711974729991,0.4883009668469149,0.36669686106553157,0.40109465999711863,50914.213774738935,0.2903551071294387,0.9135252760380723,0.3275415658163857,0.14862627979567947,0.6709502611224919
cust_0d2274a3,0.5985186874894822,0.8205038154876759,0.7135294405182564,0.24826493097454222,0.27079992585860146,15903.63342182087,0.1612484770594975,0.7416292726929392,0.4358554294507209,0.17769779684145276,0.1484039823916362
cust_9c136f78,0.5329447447566602,0.6808350357445516,0.4009196972657212,0.0910156869665934,0.31544573067633946,67345.39712438342,0.5341656644155913,0.5899291596554533,0.2551094973882816,0.2633595053150334,0.874905300528984
cust_31e3acbc,0.652985179662151,0.42153840680670096,0.40172037862662474,0.2940836828858576,0.29042335023344534,66127.63662096762,0.26828855991159867,0.41262456327467206,0.21907310421052226,0.34737683020984483,0.7788984971177739
cust_445f7feb,0.7655036880005698,0.3359521360169756,0.713218299174644,0.08486868543364526,0.14887878585791867,5048.549040189409,0.5483113703471286,0.21357264495473377,0.1754637620861132,0.16555915659239737,0.05982765003001191
cust_3d70782f,0.9281348347965135,0.33931864325820404,0.4186467305354581,0.15430291087413212,0.6515934409649508,2112533.914392915,0.28223970007445986,0.8457209021708672,0.0992999425648659,0.20265197542569208,0.8248404999620235
cust_ab6cb63c,0.6905738829577522,0.4602453952766422,0.6346164843199057,0.1985433617471832,0.4124317840850295,56610.4769106151,0.3555815958852435,0.5425731094477273,0.5151467471547704,0.08508152808409207,0.45454171895327117
cust_463a7f67,0.721836084436063,0.2579163030473636,0.2639831228154378,0.26913964316669686,0.22168166853513338,5941.779514838133,0.2636690921580201,0.48433007270348316,0.11975679954169131,0.1563953888896612,0.08618353560482461
cust_d1856341,0.5831304670945143,0.4809230539920471,0.5352238535747992,0.2509995401614051,0.0064571621099836106,276483.78623457236,0.2793666451326608,0.43597438306635716,0.3139831173931621,0.39084847500694025,0.4642279814915783
cust_2b1c8582,0.5462075798087815,0.21410775642863117,0.7455105241621208,0.14078891764384505,0.678665224926492,8663.249672800717,0.40489916200571563,0.5878495094314818,0.568605978121056,0.09268890887757043,0.0339868154411079
cust_9ca1511c,0.9543146194203413,0.31416138093537344,0.42487370383448875,0.4508603766424165,0.13811732599431042,1805.2616085371685,0.3558675136601686,0.640779295914839,0.22926174445431863,0.17003166691234198,0.20593654764450128
cust_d53a20c7,0.6113718434888323,0.6769283166968068,0.25143764887918857,0.3953847248019741,0.7609637380736566,123160.58855251214,0.3342479494819576,0.37764701996084055,0.14503197248275904,0.531584581987367,0.8233732431136501
cust_179c3b79,0.8674436872339487,0.3789796707841615,0.11497963479764649,0.36682440623417356,0.29462437641317213,34442.21396039588,0.013878001889101302,0.44885733060552174,0.0600806799046838,0.053953556310394384,0.1151058102768277
cust_917c6357,0.4584058487781857,0.8555631145361534,0.5895050385601968,0.17594114585395157,0.5288967417932499,32866.52102902409,0.44131845878085313,0.5212167791837908,0.20284847822943478,0.41348021580872835,0.19904026790313145
cust_8be51279,0.8835942208262502,0.3291442077312491,0.3652945741984685,0.15523444711385173,0.4359252373349175,22347.20702703648,0.3742274589131654,0.3204822662138516,0.11294394246250436,0.20083274524677996,0.35818021419095025
cust_4a17c790,0.7130482877082686,0.7386094259545141,0.4492457387945732,0.16421577572548895,0.18222212654771358,15568.21113278341,0.35551534580288535,0.7204196684708872,0.2427473045819507,0.5656857402688387,0.22198820338698202
cust_29a4b028,0.8211026787224787,0.7560949582909684,0.1571919589199539,0.5315412506630489,0.2082036195969065,2981.1550250347004,0.16458163513932847,0.19804476695750453,0.06193332935085066,0.5073872094235934,0.03153754768263326
cust_7579ddb4,0.7700445023761394,0.5587367697929234,0.8008759373736569,0.25486956521553306,0.3930601171359028,18110.935543455016,0.6217928557514728,0.3684786777788831,0.6849514401399869,0.12650807981878845,0.17611983643441942
cust_ac448436,0.7413808787386847,0.36060061810579613,0.447427161039875,0.19417823628324404,0.1470693997366464,8842.425876040468,0.2156261924565658,0.41155693168990776,0.23907493903197904,0.21099221427285295,0.061862096235501575
cust_64cba4b8,0.7447651952291293,0.32596778673255433,0.8164052880901835,0.06297835199338389,0.6974538869570152,54416.283115296814,0.7202742070660769,0.3707694071177795,0.7589400354020657,0.07137017089717708,0.8172017244838786
cust_876fc62f,0.6987077886354978,0.32616838367540885,0.2454252809746518,0.08800749633742201,0.22543492569094903,8127.652399974163,0.11129799596060751,0.7767063099935659,0.17992841439407334,0.10524426388003744,0.027873718877022075
cust_00622fd2,0.7104052349837991,0.3277103232404462,0.20417892575942648,0.20450667503366593,0.30877613186208097,57503.88488446023,0.21630975255505158,0.30737166789110676,0.12221196780749162,0.07135211807584517,0.49457606909689916
cust_3f782d30,0.8207233437147109,0.49345301278387865,0.24957358648870454,0.1258057997422473,0.21121462111718997,49764.899942866075,0.48292920259979727,0.5789105078205121,0.1365043963393849,0.4209353935544773,0.019453944510888766
cust_94ec4ebe,0.7155206810590025,0.44758874705693025,0.17626299042249077,0.4695232238183125,0.12200523715968721,43960.33385926118,0.42987807752082974,0.43647986025715835,0.15361450124183176,0.1705927632525248,0.049593090479717564
cust_2c0b6fd9,0.7847544629795074,0.4702773592400146,0.7035125626248636,0.08449033912977374,0.37463856700289194,59539.004548978686,0.6115530170110548,0.5443865103797444,0.6348964482371382,0.06076125623188565,0.7310387310947215
cust_ebde00d1,0.700337049475681,0.766080789720257,0.5264049625247175,0.6157775737499526,0.30549627127297285,158857.78689420954,0.2901168785451862,0.7697199102182882,0.3522240183070624,0.235518503302604,0.5979864856623475
cust_f66d5484,0.45428423293549497,0.5380807534060148,0.48312527501033503,0.18791394307368997,0.2950273684409174,100284.70690482348,0.5250713082045542,0.29553860525918163,0.3649630798366825,0.3907714433844287,0.3334262275325137
cust_f698a0dc,0.45714592321892783,0.6482338560070069,0.26742986967912485,0.16428846028060576,0.28845522326342926,87945.71452705697,0.42035384698191686,0.6013420022370428,0.15510372554599047,0.4912053026164358,0.6313404110361673
cust_0127e6a7,0.4235355183078952,0.6550745361189497,0.14454733581801318,0.5482231280272639,0.06870398679524106,2076.6168103367577,0.15331542642505905,0.4856174460343399,0.06424148642536012,0.15216877212320937,0.3192295708265559
cust_419fd14a,0.8904388605726239,0.3627835646665006,0.3575189432469301,0.6169775318215552,0.4737670280108079,57873.10083548133,0.11968548867043398,0.11422675915876813,0.30020614620748093,0.16973251350921167,0.8567944650882755
cust_09aa2f12,0.9602781501449206,0.700696065210075,0.554760593876069,0.29368517598295796,0.11470926105969399,2847.3168405760757,0.14267095497680118,0.4031949902387187,0.3560764465872496,0.3745906319844344,0.15389586042471295
cust_226ac6c9,0.5904389364634781,0.699502413868147,0.19193708887458277,0.4878356618795825,0.25538895657647454,329684.2350621377,0.2201641562784785,0.7316256038859968,0.1412446333141486,0.47066434160512416,0.906180463502502
cust_bb9878cf,0.758982907778279,0.7064319842584307,0.396525293578097,0.10961943730527177,0.13605871103788889,29287.400090689458,0.15394261918121876,0.44655419427584875,0.16353894965191101,0.363813297922359,0.018614478651490848
cust_17bf52b2,0.6650612840660926,0.2649030876130247,0.29802448073346866,0.07726215184876475,0.380650171343376,3858.053079036856,0.26644559000878015,0.5318925716543255,0.1299467821144363,0.07835046857877605,0.20211859675413793
cust_f3a62fdc,0.47032290990774966,0.5347874204211125,0.32334665843179033,0.19298803044542726,0.21062060195391677,9253.500498822372,0.4544370582135307,0.14517657158428107,0.15007566388496585,0.05166913929014823,0.016390533607798435
cust_9c8f6e4d,0.7683508452790819,0.3090620923679024,0.4941579987880739,0.3039668826587481,0.07086463329257728,93125.86694800285,0.2999435075298573,0.21414280175370842,0.31388846528111075,0.22577259417438417,0.6555123941963001
cust_e01b03e9,0.8217619292017246,0.0531823057424088,0.31095036682557414,0.4229107392447821,0.3793955176207644,15640.534742129577,0.13092565127825148,0.5213126560096237,0.18325358144855608,0.00738858655441969,0.014703114290648864
cust_39624bb6,0.7052254712440152,0.20465995283324698,0.12346346201272211,0.25383100637995776,0.4053128434673484,28687.686681439096,0.1316961523583586,0.6289909569007464,0.03961509061976957,0.06114380006724785,0.015941105322876428
cust_f4f27edc,0.3967449560207744,0.4134659742816661,0.436542344113668,0.4768597656638417,0.5851950340833506,18534.872038880723,0.3633940670776047,0.48347700623130563,0.23233042635642392,0.3137885458224896,0.1305563346839781
cust_9da70451,0.5388962294818969,0.45465079999251395,0.7132508737783902,0.175595999056936,0.38400624295040847,1303.4563511822894,0.3019399325457474,0.3948687620451441,0.5313060668790961,0.2564600781768708,0.05087500378742753
cust_2e205290,0.6781727823463439,0.48306644586306147,0.2125524145916224,0.3695540705144568,0.6692233018467298,5913.739811708348,0.19313737369498515,0.1988234176421621,0.11786855565179766,0.17487288948273283,0.3834891235401925
cust_7cff4cf5,0.7116749860289111,0.5401644700577797,0.5718152228961082,0.5259391717527052,0.31036070367864277,82626.93676990476,0.10532750168783143,0.2611047051384068,0.2852992829363917,0.4304619053692004,0.7638947619334051
cust_71b090ef,0.7011613902803034,0.3571149052610996,0.4387596183454645,0.11778206209527131,0.1523489449431613,153649.769203693,0.5091338882239407,0.5706488044573238,0.32788126280728436,0.015488419647899754,0.33338575498909495
cust_7ea2c081,0.8666181900543716,0.7357081976320208,0.16248647805426622,0.13136273954415437,0.3670613671277482,48925.93553336128,0.631069292772916,0.366302516606867,0.1221867209788111,0.1580575555040518,0.0792225110119804
cust_e2d71033,0.6339421145863533,0.32007069318458525,0.5186558517200424,0.17692240152130584,0.21287588736355323,2559.623679533006,0.15861285248029736,0.5414458067005554,0.33973032866789027,0.0764478642434823,0.0746542489840843
cust_c6cae87c,0.965388523933575,0.36416077745121256,0.051833908122139935,0.20394004931162343,0.239107889343372,195000.21394332248,0.47681536058225743,0.30906272259938333,0.02611134312878209,0.045067465592446294,0.7736383352276754
cust_cda69508,0.8519981251855165,0.38154752870923303,0.5453723002351425,0.29210821432135986,0.40600252741245446,29513.289704690513,0.29395906486745177,0.2665697081690595,0.5089435955972486,0.05229991667113837,0.194713602209115
cust_cf64e3d2,0.7700215058825559,0.5375700973141398,0.15685183989009915,0.1871339958093734,0.15731427066663672,3529.9483965924064,0.18059484525945899,0.6719742278428767,0.08756164862681243,0.15244470486336925,0.186245017634756
cust_5d06c905,0.8862267208750141,0.6152818543583566,0.38014886614881666,0.7497198103681189,0.3395238935609289,7664.147583609123,0.6182499707665025,0.2843555349414845,0.2362083646485539,0.3242618239122307,0.10395587750011873
cust_7ad075ab,0.6919178212097447,0.5974474967660153,0.4987748124989947,0.24350732985621598,0.462272698877852,8819.89674798528,0.7760344658589573,0.22882727660790034,0.4199669004917539,0.35553049263234193,0.18489118893328665
cust_799a3a2c,0.5735119327476759,0.6780435818256982,0.38060324791822164,0.10587569697751603,0.3876545080786646,71153.20587650147,0.14978346298418876,0.2825602735798548,0.1911818637150288,0.02702928974417734,0.8950474965439115
cust_c1160e55,0.9596729302665601,0.6063576879234835,0.5018948359959234,0.1978323030046728,0.2953292546211824,20582.06235684002,0.4199741011204971,0.34308992190236304,0.407200260455097,0.3220317912089564,0.07252566055767952
cust_c42dfe17,0.6942034420255935,0.37929800214046333,0.6947008556574487,0.1540131264614932,0.30598176010124567,46880.55454395517,0.3600354466300597,0.46933172337983875,0.1476685782275541,0.09743278871668269,0.089935735799344
cust_38ec13e0,0.7233834395854096,0.5999552721049866,0.49499831587285575,0.3677279609464221,0.2503742223010566,120778.2860271804,0.4450575265969954,0.7979845759119268,0.2497629666145329,0.46376941617521433,0.9909418619102642
cust_2dd38263,0.8486445266972981,0.3505257966798883,0.52908456649411,0.10819276637982879,0.18827574166749061,3005.9576851951488,0.45398639354431003,0.5669849442020632,0.4441541329513625,0.17139417176280541,0.05868076102675068
cust_19c669f1,0.9398387905338514,0.5333145722681114,0.3751533129091164,0.3455833158977999,0.4571789656769296,4236.297955009323,0.3769160947338928,0.7449033134151193,0.17902584994617493,0.040872227007776304,0.08679134089499359
cust_df337497,0.6481366063359492,0.3592007358579042,0.5915032674683965,0.23215804316948493,0.17180638756661507,16303.668293756064,0.13074192360044082,0.32697812888232647,0.21181601787412177,0.3372385894113325,0.388845848159037
cust_48aa44f3,0.6864141129509135,0.3663989214714939,0.1778514849077115,0.1291762959852537,0.23617109385869214,52005.30659239685,0.27210410320182926,0.6439694344538082,0.09409438032174564,0.047567306485900664,0.5670311226360742
cust_197dfb39,0.528092163784888,0.6939953085823735,0.49229762925435694,0.19332831894919708,0.2639538654290591,1780.8550152410196,0.1603491555573233,0.42778175737679813,0.11131648466264325,0.2679618570367643,0.019824571108638344
cust_a786bf4b,0.7504738470006435,0.5067024122297983,0.026133108149517963,0.24119577803626066,0.40976478352833456,44787.36495907211,0.4653699143368596,0.8866368366061561,0.006288985031849623,0.27035692498206504,0.3712853311047078
cust_330a7b40,0.8770864514131528,0.47209176884027276,0.35237744984489044,0.23996129525134827,0.18214034734109522,11645.111367627595,0.10346663780310655,0.21597345329488823,0.18413262135084427,0.282688199152987,0.05082535195347782
cust_b3bae33c,0.8632012159620704,0.47630403455788584,0.2648926759436221,0.2862502664806954,0.21419703192618308,177353.4174319274,0.17782513305180614,0.11526363170904363,0.13843699927349368,0.014239350152250358,0.7667762985432927
cust_24e48823,0.6193353784572168,0.3526197219757148,0.5871204295990238,0.2512744326679416,0.41231033526604655,248704.3841002717,0.38726602484815553,0.7003232545991191,0.4077114788775024,0.06406407910174701,0.6643514283507256
cust_a2342efa,0.8048665019060368,0.6027891162790151,0.6606064114718789,0.45130292956566165,0.4723150861925543,596.4132007414928,0.32728808175351354,0.18329678979508085,0.5905479392757518,0.16123637148973793,0.03979008951215367
cust_ee056b6b,0.7801224635286392,0.357555320070779,0.2212065476537898,0.17765919125334853,0.5283767335114401,42751.88437654587,0.29813342900431683,0.5045199833626277,0.07244218435533185,0.1807401905873245,0.01896376050550717
cust_bf6512a8,0.8874376832738794,0.7415704010274016,0.23567853407411773,0.486877708330408,0.36644204146244985,25227.96616101511,0.03307363912242388,0.23839304152025537,0.11824742097576174,0.3835896811970798,0.02831162874005507
cust_cc3ce10e,0.6992542148424497,0.2272497503179986,0.29194008247431447,0.21338317809348364,0.21302181096533404,9292.873441922236,0.24345189971451459,0.28666628591282434,0.24588341394185098,0.05923186069252153,0.08118734906998103
cust_568f0a0a,0.5289733927539695,0.4682769554205091,0.5412379537700936,0.18777491869852372,0.18735909889966934,19311.518358941397,0.09368452761589353,0.5568357305955964,0.4434706561063825,0.24160249156158986,0.15845725290482973
cust_1ecb31f1,0.8981303733895217,0.4036181187550101,0.527410658258197,0.2725038382557702,0.4567329376398157,16053.648303287426,0.14646811983152835,0.6979617674543367,0.4362061981042036,0.18434079454026994,0.042414947031671306
cust_968e1a60,0.7460748435913953,0.5075200698268995,0.758017304321981,0.2921822622896536,0.23516666426218963,2032.7398935531637,0.4503299179853143,0.5372872514867396,0.7019957310484818,0.09355290401619307,0.2499547811107802
cust_52d8c2d9,0.8542337402413733,0.5016549768576594,0.40002041856791076,0.3198895279603911,0.19758677952711645,8263.753260411027,0.530044952744772,0.3938874390204652,0.33499306731944994,0.25284432993652295,0.48209453957051823
cust_fa5a4221,0.6959202941219748,0.24945922102267104,0.2907665951156086,0.45696545288030255,0.17897660449554909,92221.09130001157,0.37769404677908514,0.46536276987920877,0.25369011729035096,0.19216852552625857,0.8823941079499599
cust_0b7409a0,0.881373669276855,0.4039612421325633,0.6412134416952434,0.6349690058282385,0.36642560025186044,2199.679850152131,0.2881133403413475,0.30701249108972134,0.25759578917926934,0.22904999057873385,0.6667965806026116
cust_ec79776c,0.3813513803577504,0.5943014224098405,0.07402076069688282,0.27261682046498426,0.10887515486214086,32365.843787613518,0.17577279609146695,0.6562188452707041,0.06063293767163375,0.3119458903666481,0.11707916633805375
cust_82228341,0.5686392495430744,0.45335967253469966,0.30274168282527236,0.6923186985195872,0.13253355534561403,7095.60497524535,0.5410182513020286,0.632573074784229,0.14887549020941396,0.31763885132816067,0.3524334432408727
cust_995a298b,0.7364298171503124,0.6053119831833806,0.32403160311223794,0.24723568113283673,0.14253073636921287,40975.41228247931,0.39899699802210703,0.4479558381697845,0.20537770047055753,0.1575965592761988,0.5037305663631128
cust_d1c34766,0.6385836593291236,0.27426560367695824,0.05422875162207885,0.1764321391162164,0.4905593677282464,9605.503699744128,0.3098641216325747,0.6845068472331645,0.045821877688061084,0.21908951073306454,0.1392155685548096
cust_cc1c3ca7,0.7146726569415265,0.5540336930035492,0.5736553932217127,0.0382664302136877,0.633678681587324,2892.8884175997587,0.20083618092290498,0.7187374170697045,0.16932071123872633,0.3153171026025398,0.08054532558585856
cust_ac0fbee9,0.9641873969828274,0.024346013639189916,0.2638933721875075,0.15598215681034402,0.28522789828358774,42777.234146581075,0.3875009385146953,0.5821321068001567,0.2292262593997203,0.008183595674936947,0.13322173152565778
cust_69502f13,0.8143020914372467,0.42768172303307234,0.6097684601524745,0.161200877968634,0.5306027851306917,9623.907597814241,0.27803339461237203,0.42770215411163837,0.1364346818073913,0.10619121856099548,0.40508468546415
cust_36a4fa54,0.8297832696037364,0.7426811341054804,0.4380090459073643,0.008938825953607293,0.5365580382988275,21388.402732497754,0.3621372179159761,0.7695523074991985,0.1869067134830371,0.1455765458037104,0.0052556021857475994
cust_ce8293f1,0.6636933752362788,0.23131691847126667,0.4800266484972466,0.4156663597330738,0.8479333755498506,28495.195461225765,0.20108048167203482,0.899699872333046,0.3048698685481284,0.10711933906930039,0.009116369051566696
cust_f4a7a3e1,0.8855282842244014,0.7033803069413676,0.9017919430978881,0.10753485387446533,0.3692684916188054,67028.02177190875,0.2795863779580359,0.7166419446610638,0.5881985630206533,0.3690803808288197,0.5472404034527869
cust_1ef6dd82,0.6662540838323411,0.7173560003485333,0.37036548586835377,0.10559560346967133,0.17538518616875354,66614.84452245674,0.09401229550629656,0.3877132412051829,0.08129514930628685,0.5613564793985965,0.7977253880024863
cust_5130aea8,0.8722515403437399,0.5411532724716843,0.575399628437133,0.590933853310982,0.19403221552637503,18512.643693906717,0.29034011607492916,0.8246600812460106,0.40608874382454313,0.4450635222364625,0.29365144645074365
cust_043fb606,0.8184101500847442,0.1882233182870602,0.06816253093801793,0.24199814773413783,0.30009825078077645,31366.362784899226,0.7007483427116059,0.7476528097797382,0.01814811036971659,0.12127226502587933,0.13242209415128714
cust_34a7c1e3,0.8394331222072028,0.5270098229702985,0.6222749740729698,0.41203764394228926,0.5419144787730259,733826.1575435457,0.37983430432553617,0.7228770783428881,0.47327023003865365,0.031272191002508005,0.7579169716283496
cust_a6429396,0.6345230820181252,0.4285714842739087,0.6785672293734754,0.012300095740632249,0.5800010958278592,74271.99441241327,0.44071591783176617,0.6821331772384704,0.5298799354957625,0.09875689104042838,0.7113234977375387
cust_397e166b,0.8814300240023463,0.561601259716907,0.4572281862780149,0.37552022852838485,0.511443932079711,16851.97894848434,0.13297903120526008,0.38977701195160064,0.3591644053570792,0.3257553265635821,0.4938941175811283
cust_539958f3,0.7995371793832308,0.28850152807495216,0.6329856920176966,0.07038231428237686,0.07389562648771855,16280.569106608062,0.2232661805240944,0.8075869016973771,0.5313483830696261,0.13743888780788108,0.02704383373089603
cust_a5bf4f39,0.9624875004247141,0.2746882708507452,0.18522780166474923,0.362356555449012,0.37242208862898313,2058.244766428143,0.7612509446549388,0.5951897139218053,0.14379860716705647,0.11458930517999677,0.32798796154025267
cust_64e32cb8,0.952884229764343,0.5587789802714251,0.3076584360955555,0.06282563484865798,0.5166291864243577,122675.62525713004,0.35952276032570696,0.5141017886521095,0.22792087513615933,0.09224527108418584,0.7614173254330976
cust_9af4bb2a,0.5665614175918036,0.5180717686582464,0.3278736440135504,0.20246330051133452,0.3523307467798034,42973.23871778379,0.3378974312489832,0.6514776622690883,0.2550054685818167,0.35429660658805356,0.11971172129717249
cust_627e0a2a,0.8859068746660663,0.5632684979930723,0.5173417770632731,0.31863157784451773,0.1915126631575278,278832.2373654438,0.14736882321427117,0.6595433652358066,0.44564147921866026,0.38806660512418467,0.6760490616219432
cust_76b6dc7e,0.5865410076732601,0.68394184981904,0.4899095267400628,0.1166670410985341,0.5759013958925687,138325.2891586643,0.3445300783654978,0.38734751886822244,0.2500785880078356,0.5296733448825439,0.44714412907346784
cust_cfadeec7,0.7919188650662983,0.8781472771593529,0.3127541271232743,0.3639095010864444,0.34311925205580274,26917.665095740813,0.07874650557734118,0.47470974108415764,0.29203370983421917,0.7449264912145831,0.23348737491823085
cust_9b153522,0.9148492716927483,0.6293332050308378,0.15362196023792984,0.35947488663627974,0.5349756358324413,44177.802432077035,0.010518757152706249,0.5434605981581865,0.12452426373893624,0.2486016163556397,0.047343475466986217
cust_794bc417,0.8442203837438698,0.26626246852303886,0.5455458487116381,0.01346266998706714,0.4610618899478373,16184.023931581069,0.7224333421988979,0.4538716542441722,0.21213451427061047,0.09990644744770827,0.19633302679312897
cust_c0f55f23,0.6122463189584466,0.6278430427772799,0.3197974863622014,0.3879601529012442,0.3879303563670141,7262.119156355087,0.5587072489455659,0.26307956432746626,0.15330548694361743,0.4773512345191724,0.3970261040311999
cust_ad18d3cb,0.3742280719645089,0.45043584770639145,0.6344933119162276,0.37484375995721525,0.5260480736312951,32553.72197161498,0.5275963787438058,0.6879701492320854,0.11558607650388109,0.14582257448282082,0.09333627040674747
cust_460bffb1,0.8058718294985993,0.3535952674075814,0.29996351447787806,0.240437364362628,0.6136170884678708,9884.890575179148,0.07048450800867925,0.6795275417564176,0.15568320339773217,0.13584309045477005,0.19988042699582237
cust_a97f8251,0.8515178797402475,0.5940991280183109,0.08979600410502898,0.014631511763703652,0.24778152957079444,66383.58991191656,0.6655364549792315,0.8093649801372005,0.013193731267286015,0.34043751562275176,0.3319337036408866
cust_33d1dc4d,0.6673996066470351,0.3261433601987127,0.824921491151187,0.2832020031973586,0.2746969216865461,12689.095192901344,0.07097131089307865,0.5104899629603499,0.42551656053386283,0.03052317825741298,0.07283444464111745
cust_d18d9090,0.6442723706058506,0.42459188400372977,0.6395272114834607,0.15045622008087473,0.5709239527985461,52668.04085935221,0.5229401559839166,0.36917297905830243,0.5080580103111672,0.057193832833878085,0.6712987377281157
cust_2b694b17,0.9254004206406241,0.3926341452268354,0.3077022526386419,0.34245602934309055,0.19545994069254516,1782.5987137170966,0.3973732807070461,0.4688550960624966,0.27702497139920196,0.12552773281570118,0.22226738916037944
cust_9ee6daf5,0.5566526122701105,0.3906656748848981,0.2294979489219296,0.26601982547499503,0.04985686896556943,33942.41241191418,0.2514754202560912,0.34386021464665906,0.1966087895886803,0.02489443221532019,0.009737705082908618
cust_df972c31,0.76330935735493,0.18706119298967358,0.44833373229536155,0.4040968900261188,0.33001066994165984,40544.56588807272,0.29126757845680334,0.1409407566058494,0.23697147167004434,0.1596998870871679,0.2462088546394248
cust_7e2d05df,0.864787346022614,0.7917476764926331,0.8927214413597165,0.1775264634885118,0.5033811753277622,16788.027936646908,0.095889145668579,0.19687848488959797,0.6538990351371071,0.2166113987556054,0.09651801499904097
cust_537f504e,0.8253587761900889,0.4314841246881031,0.33578079690805035,0.1771231918723015,0.4800067977413225,2615.2808211990114,0.5586642883777327,0.45152569238858137,0.07508224684604954,0.26187977673644575,0.06624032794097681
cust_0b6f8692,0.6722202147840404,0.5528645901087831,0.42184789110235194,0.23628522345827058,0.16844597626270288,19656.989755658182,0.11676232345251611,0.6073864914003811,0.2564821873935404,0.305946643522334,0.11719251582560103
cust_8f263d21,0.7415953993770338,0.15953081997904592,0.06144394086348489,0.3779191001921431,0.23615610612046342,37273.75762313721,0.00979939698773528,0.781041392805118,0.033218233330569516,0.14364618113457764,0.10415991197899474
