case_id,y_0,y_1,y_2,y_3,y_4,y_5
case_d18ac1a5,1,1,1,1,1,0
case_1f9be36b,1,1,1,1,1,1
case_6097a3af,1,1,1,1,0,1
case_78557904,1,0,1,0,1,1
case_8d771cfe,0,0,1,1,1,1
case_487684ee,0,1,1,1,0,0
case_cfb3f6a1,1,1,1,1,1,1
case_0fe243c0,1,1,1,1,1,1
case_fec31716,0,1,1,1,1,1
case_2472ecc7,0,1,1,1,1,1
case_5d5e28bc,0,1,1,1,1,1
case_db30ac14,1,1,1,0,1,1
case_e3d0e761,1,1,1,1,1,1
case_f2280cde,1,1,1,1,0,0
case_65c64abf,1,1,1,0,1,1
case_d870c1f4,0,1,0,0,0,1
case_c947ffaa,0,1,1,1,1,1
case_976d4a55,1,0,1,1,1,1
case_7d1bc435,0,1,1,0,1,1
case_1da306ec,1,1,1,1,1,1
case_397a91d8,0,0,1,1,1,1
case_7fd4370d,1,1,1,1,1,1
case_9e4b3c9b,1,1,1,1,1,1
case_517de356,0,0,1,1,0,1
case_b766e20b,0,0,1,0,0,1
case_4c638800,1,1,1,1,1,1
case_0dd35f99,1,1,1,1,1,1
case_671a1165,1,1,0,1,1,1
case_8ee6b8e8,1,0,1,1,1,1
case_4087a512,0,1,1,1,1,1
case_fe1c059f,1,1,1,1,1,1
case_b04d43f9,1,1,1,0,0,0
case_e447ed0f,0,1,1,1,1,0
case_7bf4bb74,0,1,1,1,0,1
case_a6254cf5,0,1,1,1,1,1
case_cb27605f,0,1,1,0,0,1
case_dbeab6ad,1,0,1,1,1,1
case_5678c7ba,0,1,1,1,1,1
case_33eee137,1,1,1,1,1,1
case_66f5e620,1,1,1,1,0,1
case_b0691bff,0,1,1,1,1,1
case_bef9eea7,1,1,1,1,1,1
case_783d18f5,0,0,1,0,1,1
case_5bc24cec,0,1,1,1,1,1
case_c8422240,1,1,1,1,0,1
case_56cc144d,1,1,1,0,1,1
case_2eb55d14,1,1,1,1,1,1
case_5e219513,1,1,1,1,1,1
case_f5de79da,1,1,1,1,1,0
case_31b905f9,1,1,1,0,1,1
case_f19ae586,1,1,1,1,1,1
case_39c2aaaa,1,1,1,1,1,1
case_5da86590,0,0,1,0,0,0
case_6394bd95,1,1,1,0,0,1
case_e04f0a2d,1,0,1,1,1,0
case_f36204af,1,1,1,1,1,1
case_a38693e0,0,1,0,0,0,0
case_fd2c3b98,1,1,1,1,0,1
case_94c2ffa8,1,1,1,1,1,1
case_d8d40a9b,1,1,1,1,1,1
case_89371324,1,1,1,0,1,1
case_3b66b52a,0,0,1,0,0,1
case_2232fe57,1,1,1,0,1,1
case_e3eb82c5,0,0,0,0,0,0
case_0151548f,1,0,1,1,1,1
case_f231fa16,0,1,1,1,1,1
case_14aeb588,1,1,1,1,1,1
case_f2c4162f,1,1,1,1,1,1
case_5d55d762,1,0,1,1,1,0
case_41d998c2,1,1,1,0,1,1
case_1299df40,1,1,1,1,1,1
case_7613fd1c,1,1,1,0,1,1
case_f94b7c12,0,1,1,0,0,1
case_1bf18e41,1,0,1,1,0,1
case_8e5e6678,0,1,1,0,1,1
case_c498e719,1,0,1,1,1,1
case_c2c4a298,1,0,1,1,1,1
case_843a45cb,1,1,1,1,1,1
case_64a1b176,0,1,0,1,1,1
case_d8aa465e,1,1,1,0,0,1
case_c5e3b275,1,1,1,0,1,1
case_00e3e006,0,1,1,0,1,0
case_a410d859,1,0,0,1,1,0
case_07fade34,1,0,1,0,1,1
case_12aca604,1,1,1,1,1,1
case_629123f1,0,0,1,1,1,1
case_5bf0295c,1,1,1,1,1,1
case_6e83bf9c,0,1,0,1,1,0
case_7c3cb780,0,0,1,0,1,1
case_6a156b1b,1,1,1,1,1,1
case_8dcb3652,0,0,1,1,0,1
case_8d673ab9,0,1,1,0,1,0
case_5f5e2ea2,1,0,1,1,1,1
case_5bc323cf,0,0,1,1,0,0
case_f243cb6d,1,1,1,1,0,1
case_2d0ee194,1,1,1,1,1,1
case_2cdf3dca,0,0,0,1,1,0
case_29708ad1,1,1,1,0,1,1
case_37980ae0,1,0,0,1,1,0
case_e6433400,0,1,1,1,1,1
case_5a831460,0,1,1,1,0,0
case_e8513eef,1,0,0,1,0,0
case_7c36b342,0,1,0,0,1,1
case_7b4f3f17,0,1,1,1,1,1
case_8f19f69a,1,0,1,1,0,1
case_5f4d3a1b,0,0,1,1,0,1
case_8b8a9f06,1,1,1,1,1,1
case_048b8500,1,1,1,1,1,1
case_60f8c34a,1,1,1,1,1,1
case_60d3d25f,0,0,1,0,1,1
case_c29f3a3c,0,1,1,1,1,0
case_c87533b1,1,0,1,1,0,1
case_d776593b,1,0,0,0,0,1
case_9b0056ca,1,1,1,1,1,1
case_03793fe8,0,0,1,1,1,0
case_daf97668,0,1,1,1,1,1
case_48c02a1d,1,1,1,1,0,1
case_10904c0d,1,0,1,1,1,1
case_1e0d10ae,0,1,1,1,1,0
case_97f05d5a,1,1,1,1,1,1
case_219a33ca,1,1,1,1,1,1
case_a29c40c5,1,0,0,1,1,0
case_1726f1d8,1,1,1,1,1,1
case_7d27e329,0,0,1,1,0,1
case_1dd75a96,0,1,1,1,1,1
case_bee5d510,0,0,1,0,1,0
case_dba71a8c,0,0,1,0,0,1
case_9ccb3334,0,0,1,0,0,0
case_fbca61c5,1,1,1,1,1,1
case_8d8a1b42,1,1,1,1,1,1
case_d7686765,1,1,1,1,1,1
case_c22abecc,1,0,0,0,0,1
case_cb66a1ed,1,1,1,1,1,1
case_6319d8bb,1,1,1,0,1,1
case_122fe278,0,1,1,1,0,1
case_029b3aef,1,1,1,0,1,1
case_f1a980c9,0,1,0,1,1,1
case_a512e365,0,1,0,1,0,0
case_be9beb8a,0,1,1,1,0,1
case_5872bc5e,0,0,0,1,1,1
case_5d53f52f,1,1,1,1,1,1
case_03698290,1,1,1,1,1,1
case_ad34a07f,0,0,1,1,0,0
case_0c735e8a,1,0,1,1,1,1
case_b00835f3,0,1,1,1,1,1
case_ede2c258,1,0,1,1,1,0
case_75829e38,1,0,1,0,1,1
case_55a52d2c,1,1,1,1,1,0
case_dc208468,1,0,1,1,1,1
case_8d501be5,1,1,1,1,1,1
case_50dc8b92,1,1,0,1,1,1
case_55fc11ba,0,0,1,1,1,1
case_f5b535af,1,1,1,0,0,0
case_83b382db,1,1,1,1,1,1
case_f0cd4637,1,0,1,0,1,1
case_250a0d87,1,1,1,1,1,1
case_80f74626,0,0,1,1,0,0
case_635e3d97,1,1,1,1,1,1
case_aabd6af8,1,0,1,1,1,1
case_7bd5f599,1,0,1,1,1,1
case_f4fa4eea,1,1,1,1,1,1
case_e9fed7bb,0,0,1,0,1,1
case_6942f958,1,0,1,1,0,1
case_e7e208dd,1,1,1,1,1,1
case_38672096,1,1,1,1,1,0
case_9c491ff1,1,0,1,1,0,1
case_58401b08,1,0,1,1,1,1
case_8a20e3f6,1,1,0,1,1,1
case_00e1f192,1,1,1,1,1,0
case_66d2cb78,1,0,1,0,1,0
case_dcdcc2f4,0,0,0,0,1,0
case_18696faa,0,0,1,0,0,1
case_e7de6008,0,1,1,1,1,1
case_c09e17d1,1,1,1,1,1,1
case_33dde34c,1,0,0,0,0,0
case_49b458ed,1,1,1,1,1,1
case_b704a74a,1,1,1,1,1,1
case_a68cf1cd,0,1,1,0,0,1
case_b5841e71,1,1,1,0,1,1
case_08cea9b1,1,1,0,1,0,1
case_ccacbc2d,0,1,1,1,0,1
case_323ef365,0,1,1,1,1,1
case_69be9cc5,1,1,1,1,1,1
case_ceb775e9,1,1,0,1,1,1
case_234c20fe,1,0,1,1,1,1
case_608eda5b,0,0,1,0,0,1
case_097b05f7,1,1,1,1,1,1
case_c87820e0,1,1,1,1,1,1
case_2d7f7bc3,1,1,1,1,1,1
case_27120bc9,1,1,1,1,1,0
case_a6af6eb4,0,1,0,1,1,1
case_710ae4ef,0,0,1,1,1,1
case_8945045e,1,1,1,1,1,1
case_7a6e4a6d,1,0,1,0,1,1
case_73c146b7,0,1,1,0,0,0
case_90c31317,0,0,1,1,1,1
case_e536cbe5,1,0,1,1,1,1
case_a81c54d7,1,1,1,1,1,1
case_dd1a562e,1,1,1,0,1,1
case_4c7c4a33,1,1,1,1,1,1
case_061cc3bc,1,1,1,0,1,0
case_8bd36f10,1,0,1,0,1,0
case_a6159a7e,1,0,1,0,1,1
case_65d7b7ba,0,1,1,1,0,1
case_1edffea7,1,1,1,0,0,1
case_b8765230,1,0,0,1,0,0
case_e197e97f,1,1,1,1,1,1
case_286d5f4b,0,1,1,1,1,1
case_6f0f1bb0,1,1,1,1,1,1
case_32db244a,1,1,1,1,1,0
case_2031dc95,1,1,1,0,1,1
case_e97dedc7,1,1,1,1,1,0
case_128a9039,1,1,1,1,1,1
case_a4b557ec,0,1,1,1,1,1
case_38c990dd,1,1,1,0,1,1
case_a56844ba,1,1,1,1,1,1
case_23c65f8f,0,0,1,0,0,0
case_d857a674,0,1,1,1,1,1
case_f87738a9,0,0,1,1,0,1
case_c0a50924,1,1,1,1,1,1
case_be9a50c3,0,0,1,0,0,0
case_ead78d49,0,1,1,1,1,0
case_71ac5322,0,0,1,0,0,1
case_e957b2ab,0,0,1,0,1,0
case_c69b92a3,1,1,1,1,0,1
case_52d857f9,0,1,0,1,0,0
case_2cb18f33,1,1,1,1,1,1
case_1795f616,1,1,1,1,1,1
case_a0ab9911,1,1,1,0,0,1
case_e1f8a0c7,0,0,1,1,1,1
case_59bb94e6,0,1,1,1,0,0
case_5b721e88,1,0,1,1,0,1
case_20a34e3f,1,1,1,0,1,1
case_fff26991,0,0,1,0,0,1
case_127c644c,0,0,1,1,1,1
case_82ca8252,1,0,1,1,1,0
case_cb71fb16,0,1,0,1,1,1
case_40cebecc,1,1,1,0,1,1
case_1633858f,1,1,1,0,1,1
case_6cbab2e5,1,1,1,1,1,0
case_6c5ef2d5,1,0,1,1,1,1
case_b1954696,1,1,1,1,1,1
case_0c54ca7c,0,0,1,1,1,0
case_770b82a9,0,0,1,1,1,0
case_37c852f8,0,1,1,1,1,1
case_f86c0dea,1,0,1,0,0,0
case_cd8901c8,0,0,1,1,0,1
case_cdefcd05,1,1,0,1,1,0
case_0cd247a7,0,1,1,1,1,1
case_08cbb108,1,1,1,1,1,1
case_02103de4,0,1,1,1,1,0
case_d57298b1,0,0,1,1,0,0
case_4744c350,1,1,0,0,0,1
case_5b11caae,0,1,0,1,1,0
case_8c86ba7d,1,1,1,1,1,1
case_428c6fbd,1,1,1,1,1,1
case_215f8fb1,1,0,1,1,1,1
case_07e3795e,1,1,1,1,1,1
case_3b59fb19,1,1,1,1,1,1
case_cb2d2101,0,1,1,1,1,1
case_b7205788,0,0,1,0,0,0
case_f09f2e94,1,1,1,1,0,1
case_2d2de0a8,1,1,1,1,0,1
case_603638ea,0,1,1,1,0,1
case_7419b8b4,1,0,1,1,0,1
case_e23d4cba,0,0,0,0,1,1
case_b2a1071f,1,0,1,1,1,0
case_2b80aba3,0,1,1,1,0,1
case_db06d307,1,1,1,1,0,1
case_7eaf26a1,1,1,1,1,1,1
case_275d954e,1,0,1,0,1,1
case_7344f086,0,1,1,1,1,1
case_d7ce09b1,0,1,1,1,0,1
case_c57857bf,1,1,1,0,1,1
case_3f7eb760,0,0,1,1,1,1
case_5a72f3e6,1,1,1,1,1,1
case_798d4210,1,0,1,1,1,1
case_e86e3b0f,1,0,1,1,1,1
case_c901aeff,0,0,1,0,1,1
case_e5831ef8,1,1,0,1,1,1
case_830c7442,1,1,1,1,1,1
case_8292ca13,1,1,0,0,0,1
case_2b1a76e8,1,0,0,1,1,1
case_33fa9a37,1,1,1,1,1,0
case_ecd86164,1,0,1,0,0,1
case_12ed35f5,1,1,1,0,1,0
case_a333d354,0,0,1,0,1,1
case_3539d354,0,1,1,0,1,1
case_0ba22878,1,0,1,1,1,0
case_d2c5a441,0,0,1,0,1,1
case_e0e79d6d,1,1,1,1,1,0
case_590b7d06,1,1,1,1,1,0
case_8b30a77f,0,0,0,1,0,1
case_d75d2083,1,1,0,1,1,1
case_a9ecb009,0,0,1,1,1,0
case_16b02832,1,1,1,1,1,1
case_0f0255fe,1,1,1,1,0,1
case_d8359c03,1,1,1,1,1,1
case_a514e912,1,1,1,1,1,1
case_bbbc2f8c,0,1,1,0,1,1
case_313a469d,0,1,0,1,1,0
case_e8027eb0,0,0,1,0,1,0
case_4315ff18,0,0,1,1,1,1
case_1d5fe9d0,0,1,1,1,1,1
case_e3800b78,1,1,1,1,1,1
case_f1331b93,1,0,1,0,1,1
case_f93b9537,0,1,1,1,1,1
case_7177cc95,1,0,1,1,1,1
case_59b1eca0,1,1,1,0,1,1
case_924d7f01,1,1,1,0,1,1
case_c1e43100,0,0,1,0,0,0
case_d6e0274c,1,1,1,1,1,1
case_27c1d354,0,1,0,0,0,1
case_4cc3babf,1,1,1,1,1,1
case_ac37781a,0,1,1,0,0,1
case_8ce7ddb2,0,1,1,0,1,1
case_6d526c46,1,1,1,1,0,1
case_e1e8b76f,0,0,1,1,1,1
case_46b8ea99,0,0,1,1,1,1
case_e4d29918,0,0,1,1,1,0
case_4935b6da,1,1,1,1,1,1
case_80c2d066,1,1,1,1,0,1
case_a945a108,1,1,1,1,1,0
case_60480bc9,1,0,1,1,1,1
case_cb7661ee,1,1,0,1,1,1
case_efbcd7bc,0,1,1,1,0,1
case_d3f35b8f,1,1,1,1,1,1
case_f78f8b7e,1,0,1,1,1,1
case_102fb87a,1,0,1,0,1,1
case_e7d74e35,1,1,1,1,1,1
case_10fe31f5,1,0,1,0,0,0
case_b262ead7,1,0,1,1,1,1
case_0424f2af,0,1,1,1,1,1
case_1bad065d,0,1,1,1,0,1
case_8d8e8639,1,0,1,1,1,1
case_e41e4ddf,1,0,1,1,0,1
case_79feaee6,0,0,1,1,0,1
case_c5707506,1,0,1,0,0,1
case_8793a552,1,0,1,0,1,1
case_5d823949,1,1,1,0,1,1
case_2050dfe3,1,0,1,1,1,1
case_79a37fad,1,0,1,0,1,1
case_11da7bbc,1,1,1,1,0,1
case_e1ecfe51,1,1,1,0,1,0
case_e0cde82a,1,1,1,1,0,0
case_3f45fb58,1,1,1,1,1,1
case_a639b22d,1,1,1,1,0,0
case_7ce23c52,1,1,1,0,1,1
case_9c71998f,1,1,1,1,1,1
case_a92f1121,1,0,1,1,1,1
case_9601b223,1,1,0,1,1,1
case_c375fae7,1,1,0,1,0,1
case_ee73f5ea,0,1,1,1,1,1
case_e03dec7e,0,0,1,0,0,0
case_29f96a51,0,1,0,1,0,1
case_073163c4,1,1,1,1,1,1
case_f3dc8840,0,1,1,1,1,1
case_a1ecc3b2,0,1,0,1,0,0
case_298696db,0,1,1,1,1,1
case_af62a894,1,1,1,1,0,1
case_10ed9391,0,1,1,1,1,1
case_d4abdbe0,1,1,1,1,1,1
case_9e5dc2f5,0,1,1,1,1,0
case_092be4e0,0,1,0,1,1,1
case_d52edeb0,1,1,1,1,1,1
case_c0a689d8,1,1,1,1,0,1
case_fd4f1d39,0,0,1,1,0,0
case_b3df1fcd,1,0,1,1,1,0
case_46bbbf60,1,1,1,1,0,1
case_c0c69811,1,1,1,1,1,1
case_4cf6c843,0,0,1,1,1,1
case_bacefe1e,0,0,1,1,0,1
case_bf319c2c,1,1,1,1,1,1
case_13f3c3eb,0,1,1,0,1,1
case_c5c451f5,1,1,1,1,1,1
case_1167138f,1,0,1,1,1,1
case_7d4a186e,1,1,1,1,1,1
case_91899301,1,1,0,1,1,1
case_fd84fb63,1,0,1,1,1,1
case_6476a5c3,1,0,1,1,1,1
case_465caffc,1,0,1,1,1,0
case_e519e08d,1,0,1,1,1,1
case_7b7aaa3e,1,1,1,1,0,1
case_dcd4e74b,1,0,1,0,1,0
case_a0688301,1,1,1,1,1,1
case_c2720266,1,1,1,1,1,1
case_636f6ff7,1,1,1,0,1,1
case_f8657d07,0,1,0,0,0,0
case_439baab9,1,0,1,1,1,1
case_c7388f5d,1,1,1,1,1,1
case_39d2e37b,0,1,1,1,1,1
case_f452f2cd,0,1,1,1,1,1
case_b2a388f8,1,0,1,1,1,1
case_8fe18ac2,0,1,1,0,1,0
case_92614569,1,1,1,1,1,1
case_da459be9,0,1,1,1,1,1
case_71d0bc9c,1,0,0,0,0,1
case_dfcc48b5,1,1,1,1,0,1
case_817b79d3,1,0,1,1,1,1
case_eee7f0b8,1,1,1,1,1,1
case_e7a9dbc7,1,0,1,0,0,1
case_a7a5b054,0,0,1,1,0,1
case_1781e25d,1,1,1,0,1,1
case_49d65bf1,0,0,0,0,0,0
case_b42d7a82,1,1,1,1,1,1
case_eeb9ef46,0,0,1,0,1,1
case_2fbcb45c,1,1,1,0,1,1
case_e4615626,0,1,1,0,1,1
case_db049f18,1,1,1,0,1,1
case_2999f8f5,0,1,1,0,1,1
case_b874b75c,0,0,1,1,1,1
case_64f6293e,0,0,1,0,1,1
case_1a3b3e87,0,0,0,1,1,1
case_8834f2c5,1,1,1,1,1,1
case_8c2654e3,0,0,1,1,1,1
case_6ddcf2da,1,1,1,1,1,1
case_3b41b26c,1,1,1,1,1,0
case_1d4bc6f1,0,1,1,1,1,1
case_cd9acc12,0,0,1,1,1,1
case_a03ee802,1,0,0,1,1,0
case_000878d1,1,1,1,1,1,1
case_7be9544d,1,1,1,1,1,1
case_964f5cd4,0,1,1,0,1,1
case_10d800ed,1,1,1,1,0,0
case_873ec375,1,1,1,1,1,0
case_e6170de3,0,1,0,1,0,1
case_c07d0f33,0,1,1,0,1,1
case_dce7f305,1,1,1,1,1,1
case_e382398e,0,0,1,0,1,0
case_7b805213,1,1,1,1,1,0
case_5b7149c5,0,1,1,1,1,1
case_aa64a84c,0,1,1,1,1,0
case_9358f4ae,0,0,1,0,0,1
case_aa917e70,1,1,1,1,1,1
case_caffe81b,0,1,1,1,1,1
case_85d7fc33,1,1,1,1,1,0
case_79f3c43e,1,0,1,0,0,1
case_92514821,0,0,1,0,0,0
case_1ae62d4e,0,0,1,1,1,1
case_cd1af21f,1,1,1,1,1,1
case_c9cb9808,1,1,1,1,1,1
case_8b22c548,1,1,1,1,0,1
case_8a8445b1,0,1,1,1,1,1
case_da40ec13,0,0,1,0,1,0
case_8b359fa4,0,0,1,1,0,1
case_daa14041,1,1,1,1,1,1
case_1974e5a2,1,1,1,1,1,1
case_7324d428,1,0,1,1,1,1
case_7fbf9de3,1,0,1,0,1,1
case_fc9e8c9d,0,1,1,1,0,1
case_990b5c26,1,0,1,1,1,1
case_0018328d,0,1,1,0,1,0
case_b80c300a,1,1,1,1,0,1
case_f70ace96,1,1,1,1,1,1
case_08af25da,0,1,1,1,1,1
case_4b721fa0,1,1,1,1,1,1
case_b7a13047,1,1,1,1,0,1
case_af0b48bc,0,1,1,1,1,1
case_74db5944,0,0,1,1,1,1
case_f0f708e2,0,1,1,0,1,1
case_1612ba3b,0,1,1,1,0,0
case_e2937edc,0,1,1,1,1,1
case_eded2ae7,0,0,1,1,0,1
case_4cbeebaa,0,0,1,0,1,1
case_1db11d28,0,1,1,0,0,1
case_257fda8a,0,0,0,1,1,1
case_d239e4fd,1,0,1,1,0,0
case_06cef1ff,0,1,1,1,1,0
case_107686b5,1,0,1,1,1,1
case_5fe9eb4b,1,1,1,1,0,1
case_fa55bab9,1,1,1,0,1,1
case_b6ecc85e,0,0,1,1,1,1
case_8c477c5b,1,0,1,0,0,1
case_49d1afbf,1,0,1,1,1,1
case_87a67e4c,1,0,1,1,1,1
case_daff723d,0,0,1,1,1,0
case_e2242e90,0,1,1,0,1,1
case_e5bdcf0d,1,0,1,0,0,0
case_1958ca16,0,1,1,1,1,1
case_a8701cc7,0,0,1,0,1,1
case_7638844d,1,1,1,1,1,0
case_387dcddb,1,1,1,1,1,1
case_0aed089b,0,1,1,1,0,0
case_4cb17161,1,1,1,1,0,1
case_732ed70b,0,1,1,1,0,1
case_3a50b107,0,1,1,1,0,1
case_9d3e0555,1,0,1,0,1,1
case_e7872da5,0,1,1,0,0,0
case_18c70335,1,1,1,1,1,1
case_68ce6430,1,1,1,1,1,1
case_6bd86318,1,1,1,0,1,1
case_1fbfb541,0,1,1,0,1,1
case_993a642e,0,1,1,1,1,0
case_932490c9,0,0,1,0,0,1
case_b20b19ae,1,1,1,1,1,1
case_6c42bcab,0,1,1,0,1,1
case_e81f7d7b,0,0,1,0,1,1
case_d4527505,1,1,1,1,1,1
case_b1e2aee0,1,1,1,1,1,1
case_f82cf692,1,1,1,1,0,1
case_1708d070,1,0,1,1,0,1
case_efc06e0c,1,1,1,1,1,0
case_cead1a2e,1,0,1,1,1,1
case_68f47be7,1,1,1,1,1,1
case_4a2031d0,1,1,0,1,1,1
case_9f708fdc,1,1,1,1,1,1
case_b207c6e9,1,1,1,1,0,1
case_54283b80,0,0,1,1,0,1
case_7e4c8a76,0,0,1,1,0,1
case_9bf2f941,0,0,1,0,0,1
case_a4c48bfa,0,0,1,0,1,1
case_7f3fc3c6,1,1,1,1,1,1
case_ad4c1783,1,1,1,1,1,1
case_8512405c,0,1,1,0,0,1
case_0cd36e3f,1,0,1,1,1,1
case_5fb4c13a,1,1,1,0,1,1
case_86202df7,1,1,1,1,1,1
case_a4b06c0d,1,0,1,1,1,1
case_c5723d8f,1,1,1,0,1,1
case_fe70b273,1,1,1,0,1,1
case_9b8eab16,1,0,1,0,1,1
case_db74644e,0,1,1,1,1,1
case_1a1cf7bd,1,0,1,1,1,1
case_befb2309,0,1,1,1,1,0
case_c5facb59,1,1,1,1,1,1
case_7e2728ea,0,1,1,0,0,1
case_7e2572e0,0,1,1,1,1,1
case_24f52be5,1,1,1,1,1,1
case_2d17ec8f,1,0,1,1,0,1
case_647d3dc6,1,1,1,1,1,0
case_92189991,0,0,1,1,0,1
case_c5f7bc9b,1,0,1,1,1,0
case_d40f12bb,1,0,1,0,1,1
case_355a9a5f,1,1,1,1,1,1
case_07ed87ac,1,1,1,1,1,0
case_a0bdd4de,1,0,1,1,0,0
case_4e2d9a54,0,1,1,0,0,1
case_ff0b0c46,1,0,1,1,0,0
case_ef59db8a,1,1,1,1,1,1
case_1437b211,1,1,1,0,1,1
case_df830ebc,1,1,1,1,1,1
case_d713e075,0,1,1,1,0,1
case_93b821c3,1,0,1,1,0,0
case_d36d5934,0,0,1,1,0,1
case_5a31cc1d,1,1,1,1,1,1
case_bdee0edb,1,1,1,1,1,1
case_9bc5a1ad,1,1,1,0,1,1
case_55d582de,0,1,1,1,1,1
case_c9b8e030,0,0,1,1,0,0
case_586278ec,0,0,1,0,1,1
case_ffb32f6a,0,0,1,1,1,1
case_2197aa4e,1,1,1,1,1,0
case_97a741a5,1,1,1,1,1,1
case_e6860647,1,0,0,1,0,1
case_533c1c9b,0,1,1,1,1,1
case_26b01eac,1,1,1,0,1,1
case_e30c00b2,1,0,1,1,1,1
case_e8a57b5b,1,1,1,1,1,1
case_c6f88ec5,0,1,1,1,0,0
case_23586039,1,1,1,1,1,1
case_87db1228,0,1,1,1,0,0
case_04bfd81b,1,1,1,1,1,1
case_7027824a,1,1,1,0,1,1
case_352bc820,0,0,1,1,1,1
case_c58ba6dd,0,1,1,1,0,1
case_0cbf5a10,1,1,1,1,1,1
case_963c662d,0,1,1,0,0,1
case_1b82540a,1,1,1,1,1,1
case_c983122c,1,1,1,1,0,0
case_760872a9,0,0,1,1,1,1
case_975365ad,1,1,1,1,1,1
case_6e901847,1,0,1,1,1,1
case_c42b50ee,0,1,1,1,1,1
case_c470b22e,1,1,1,1,1,1
case_76eb7a42,1,1,1,1,1,1
case_1adde53c,0,0,1,0,1,1
case_13b244a6,0,1,1,1,1,1
case_f69e2a3e,1,1,1,1,1,1
case_1868a975,1,1,1,0,1,1
case_8595bce1,1,0,1,1,1,1
case_f7ae4b83,1,0,1,1,1,1
case_dec4fe58,1,0,1,0,0,1
case_07015299,1,0,1,0,1,1
case_48baee32,0,1,1,1,0,1
case_bd4583b3,0,0,0,0,0,1
case_228fd436,0,1,0,1,0,0
case_5cbb613d,1,0,1,0,1,0
case_590e8ff3,1,1,1,0,1,1
case_58c8052c,0,1,1,1,1,1
case_9129bd60,1,1,1,1,1,1
case_830cee30,1,1,1,0,1,1
case_f20d593b,0,1,1,0,1,1
case_39d5af8f,0,0,1,0,1,0
case_d556a2d2,0,0,1,0,1,1
case_41ebacc2,1,1,1,0,1,1
case_988c321f,1,1,1,1,0,1
case_a082b9bd,1,1,1,1,1,1
case_2db57b46,0,0,1,0,1,1
case_9a1e65ca,0,1,1,1,0,1
case_0bd84abe,1,1,1,0,1,1
case_ebccff77,0,0,1,1,1,1
case_11e4bc41,0,1,1,1,1,1
case_e367e9c9,1,1,1,0,1,1
case_a0331224,1,1,1,0,1,1
case_3aa2f6f5,0,0,1,0,1,1
case_96c467fc,0,1,1,0,1,1
case_83b8d960,1,1,1,1,1,1
case_06331001,1,1,1,0,0,1
case_8124dcfd,0,0,1,1,1,1
case_0a929043,1,1,1,1,1,1
case_e079318a,1,1,1,1,1,1
case_f888ea42,0,0,1,1,1,1
case_37019423,0,1,1,1,1,0
case_0d474169,1,1,0,1,0,1
case_f4509f8d,1,0,1,1,1,0
case_1ede51db,0,1,0,1,1,1
case_0c965fdf,1,0,1,0,1,1
case_48ee6618,1,0,0,1,1,0
case_234fc081,1,1,1,1,0,0
case_234139e7,0,0,1,0,1,0
case_59c566ff,0,1,0,1,0,1
case_59f6051d,0,1,1,1,0,1
case_4ae84ad6,0,0,1,1,0,1
case_5f755d29,1,1,1,1,1,1
case_c30c2b5a,0,0,1,0,0,1
case_1df04ae7,0,1,1,1,1,1
case_d699c839,1,0,1,1,1,1
case_c0a60f90,1,1,0,1,1,1
case_c6698b57,0,1,1,1,1,1
case_8f8f4ad6,1,1,1,1,1,1
case_ea482d74,0,1,1,1,1,1
case_dac2c8f1,0,0,1,1,1,1
case_d03227b9,1,0,1,0,1,1
case_409b0041,1,1,1,0,1,1
case_07f39337,1,1,1,1,1,1
case_073ab86b,0,1,1,1,1,1
case_a0e8f4fd,1,1,0,0,1,1
case_4307b41a,0,1,1,1,1,1
case_dbac7676,1,0,0,0,0,1
case_5395c02b,1,1,1,0,1,1
case_288c10f3,0,1,1,1,0,1
case_1d11f72d,1,1,1,0,1,0
case_6a35ab16,0,0,1,1,1,1
case_5db76c1d,1,0,1,1,0,1
case_0a6a8aef,1,1,1,1,1,1
case_ece18c99,0,0,1,0,0,1
case_fcf4f2d5,0,1,1,1,1,1
case_d79f2d39,1,1,1,1,1,0
case_dff3f4eb,1,1,1,1,1,1
case_e54d9dc7,1,0,1,0,1,1
case_54ee2366,1,0,1,1,1,1
case_a286321c,1,1,0,1,0,1
case_bd5fe194,1,1,1,1,0,1
case_07222df3,1,0,1,1,1,1
case_5e0f9fcd,0,1,1,1,1,0
case_9af8254d,1,1,1,1,0,1
case_1ce9d954,1,0,1,1,1,0
case_3b2ae0e7,0,0,1,1,1,0
case_76978299,1,1,1,1,1,1
case_bcdd9afb,1,1,1,1,1,1
case_85a075d8,0,0,1,0,1,1
case_36f0e3b1,0,0,1,0,0,1
case_41a3a5ee,1,1,1,1,1,1
case_eccb8228,0,0,0,1,0,1
case_4f09e5ea,0,0,1,1,0,1
case_8396e6e4,1,0,1,1,0,1
case_471516fe,1,0,1,1,1,1
case_c5e3892e,1,0,1,1,1,1
case_9f059a9c,0,0,1,1,1,1
case_85a007a7,1,1,1,1,1,1
case_e964ac5f,1,0,1,1,0,1
case_7de79213,1,1,1,1,1,1
case_10963657,0,1,1,1,1,0
case_f55f76d4,1,1,1,0,0,1
case_da093b8f,1,1,1,1,1,1
case_bb8858fc,0,1,1,1,1,1
case_4ee6d861,0,1,1,1,1,1
case_4be79925,0,1,1,1,1,1
case_63be3763,1,1,1,1,1,1
case_8eb7aa41,0,0,0,0,0,0
case_7accf31c,1,1,1,1,1,1
case_222012bf,1,0,1,1,1,0
case_a8eef6c6,0,0,1,0,1,1
case_d24e6aab,1,1,1,1,1,1
case_b9c0898f,0,1,0,0,0,1
case_0dd6f90f,1,1,1,0,1,1
case_2595b20b,1,1,1,1,1,1
case_3fc9fafd,1,0,1,1,1,1
case_c1a111fe,1,1,1,0,1,0
case_6a63009a,1,1,1,0,0,1
case_ec4d8619,1,1,1,1,1,1
case_4d5a724c,1,1,1,1,0,1
case_ee7d8110,0,1,1,1,1,1
case_7d4da5bc,1,0,0,1,1,1
case_0929ae09,1,1,1,1,1,1
case_2b89cd07,1,1,1,1,0,1
case_f56f3894,1,0,1,0,1,1
case_25be3acf,1,1,1,1,1,1
case_63148c50,0,1,0,0,1,1
case_78ef371c,1,1,1,0,1,1
case_3d6cfaa0,1,0,1,1,1,1
case_5e1736ba,0,1,1,1,1,1
case_e3942f49,1,1,1,1,1,1
case_b8943807,1,1,1,1,1,1
case_2195ace0,0,1,1,1,1,0
case_671b5ad5,0,1,1,1,1,1
case_2abec0de,0,1,1,1,0,1
case_a71bb8da,1,1,1,1,1,1
case_265dddd7,0,1,1,1,1,1
case_2388a049,0,1,1,1,1,1
case_613faf32,1,1,1,0,0,0
case_896ceafe,0,0,1,1,1,1
case_ff3b8d92,1,1,1,0,1,1
case_b3ec2bb5,1,1,1,1,1,1
case_20160f47,0,0,1,0,0,0
case_4c1b656e,0,0,1,1,0,1
case_11dc2251,1,1,1,1,1,1
case_79799321,1,1,1,0,1,1
case_05eb0a83,1,1,1,1,1,1
case_aa4d228f,1,0,1,1,0,1
case_69e6758e,0,0,0,0,0,0
case_d1f4d8e4,1,0,1,1,0,0
case_be430d85,1,0,1,0,1,0
case_1f49919d,0,0,1,1,1,1
case_ab8fa601,0,0,1,1,1,1
case_3fc56d4f,0,1,1,1,1,1
case_643f1789,1,1,1,1,1,1
case_7c6d3fb7,1,1,1,1,1,1
case_a3079eae,1,1,1,1,1,1
case_90656fa9,1,0,1,1,0,1
case_a7a780d9,1,0,1,0,0,1
case_ec194d54,1,1,1,1,1,1
case_882eec46,0,0,1,1,0,1
case_662ed4d8,1,1,1,1,1,1
case_09ab99dd,1,1,1,0,1,1
case_78b58459,0,0,1,1,1,1
case_daf0c90a,1,1,1,1,1,1
case_9eeaf9ce,0,1,1,1,1,1
case_f24b76c5,1,0,1,1,1,0
case_2f43177e,1,1,1,1,1,1
case_4f02e406,1,1,1,1,1,1
case_8a171be1,1,0,1,1,1,1
case_0c88112d,1,1,1,1,1,1
case_60aed948,1,0,0,0,1,1
case_fe6451dc,0,1,1,1,1,1
case_2b5316c9,0,0,1,1,1,1
case_2877bd67,1,1,1,1,1,1
case_bfe816c4,0,1,0,1,1,1
case_56d3010b,1,1,0,1,1,1
case_d750bf73,0,1,1,0,1,0
case_22cc7ecd,1,0,1,1,0,1
case_9361fbfc,1,0,1,1,1,1
case_9658f315,1,0,1,0,0,1
case_9cdcf09e,1,0,1,0,1,1
case_9ada8a76,1,1,1,1,0,1
case_3cedc81b,1,1,1,1,0,1
case_94685991,1,0,1,1,0,1
case_1d3f6bf5,1,0,1,1,0,0
case_5424e107,0,0,1,0,0,1
case_770efd4c,0,1,1,0,0,1
case_ef177e6c,1,0,0,0,1,1
case_f323ae56,0,1,1,1,1,1
case_e4c6ba58,0,0,1,0,1,0
case_fcafe6e8,0,0,1,0,0,1
case_b5351bf1,1,0,0,0,1,1
case_d694119d,1,1,0,0,0,1
case_ce3f27ad,1,1,1,1,1,1
case_bd96a637,1,0,1,1,1,1
case_5314aedc,1,1,1,1,1,1
case_9a789a34,1,0,1,1,1,1
case_782fe20e,0,0,1,0,0,0
case_9dd8f406,0,1,1,1,1,1
case_72698206,0,1,1,1,1,1
case_c729a39d,1,1,1,1,1,1
case_8dbde8c5,0,1,1,1,1,1
case_394dca1c,0,1,1,1,1,0
case_48aa0e99,1,0,1,0,1,1
case_b45e5c99,1,1,1,1,1,1
case_6ccf1b0f,0,0,1,1,1,1
case_924c57b7,0,0,1,1,0,1
case_4e4ad663,1,0,1,1,1,1
case_2f37930c,1,0,1,1,0,0
case_f0fd8b88,0,0,1,0,1,1
case_16d92591,1,1,1,0,1,1
case_d58a48de,0,0,1,1,1,0
case_6eb3b6cd,1,0,0,1,1,1
case_72578104,1,1,1,1,1,1
case_906f18c3,1,1,0,1,0,1
case_5358b5dc,0,1,1,1,1,0
case_879ee232,1,1,1,0,1,1
case_3257dbba,1,1,1,1,1,1
case_f1cd94fd,0,1,1,0,0,1
case_591977a6,1,1,1,1,1,1
case_78fc6e58,0,1,1,0,0,1
case_d35f4023,1,1,1,1,1,1
case_46f2cf5e,1,1,1,1,1,1
case_2f7c9003,1,1,1,1,1,1
case_c3e23661,1,1,1,1,1,1
case_f439c6ad,1,1,1,1,1,1
case_5cf8e474,1,0,1,1,1,1
case_1848486d,1,1,1,1,1,1
case_38b18f1b,0,1,1,0,1,1
case_ee4186cf,0,1,1,1,0,1
case_dfc84f26,0,0,1,1,0,1
case_17068012,1,1,0,1,1,1
case_8c24c0fe,1,0,1,0,0,1
case_205461cf,0,1,0,1,1,1
case_36039b62,1,1,0,0,0,1
case_1f6834ec,0,1,1,1,1,1
case_ddd3d6c8,1,0,0,0,0,1
case_5bb550a6,0,0,1,1,1,1
case_8fcd7859,1,1,1,1,0,1
case_d925dbce,1,1,0,1,0,1
case_ff309b6f,1,0,0,0,1,0
case_f5b25f55,1,1,1,0,1,0
case_aded929d,1,1,1,0,1,1
case_976915d8,1,0,1,1,0,1
case_5dacc5e0,0,0,0,1,0,1
case_7ec411cf,0,1,0,0,1,1
case_b14bfff7,1,0,1,1,0,1
case_9d808807,1,1,1,1,1,1
case_851892e8,1,1,1,1,1,1
case_512a8064,1,1,1,1,0,1
case_5393efaf,1,1,1,1,0,1
case_e18f57ba,0,0,1,1,1,1
case_80ba8514,0,0,1,1,0,1
case_8c9d58d9,1,0,1,1,1,1
case_b59bce23,1,0,1,1,1,0
case_e2bed95f,1,0,1,0,0,1
case_8ea9e69b,1,0,1,1,1,1
case_efba46c6,1,1,1,1,1,1
case_a695cede,1,1,1,1,1,1
case_59f7bc98,0,1,1,1,1,1
case_e7b5b8ae,0,1,1,1,0,0
case_c41d3a42,0,1,1,0,1,1
case_0a944ace,1,1,1,1,1,1
case_5a601da9,0,0,1,1,0,0
case_a3dc1e00,1,1,1,1,1,1
case_52bc3f60,1,0,1,1,0,1
case_d6a97aba,0,1,1,1,1,0
case_2c2cba6d,1,1,1,1,1,1
case_b5ef5d93,1,0,1,1,0,0
case_07c7a74f,0,0,1,1,1,1
case_4e6d5dd4,0,0,1,1,1,0
case_ae3a09ae,0,0,1,0,1,1
case_6d28349b,0,0,1,1,1,1
case_2372e8f9,1,0,1,0,0,1
case_68919668,0,0,1,0,0,0
case_f57c4777,0,1,1,0,0,1
case_9551613c,1,1,1,1,1,1
case_1caf166f,1,1,1,0,1,1
case_5096ad9a,0,1,1,1,0,1
case_2a5c06e7,0,0,1,1,1,0
case_234451ab,0,1,1,0,0,1
case_b28cf330,1,0,1,1,0,1
case_aae1e104,1,1,1,1,1,0
case_1402d43b,1,1,1,1,0,1
case_cddcbe56,1,1,0,1,1,1
case_ee99cc80,0,1,1,1,1,1
case_ef5da00c,1,0,1,1,1,1
case_fbb12f34,1,1,1,1,0,0
case_10257423,1,1,1,1,1,1
case_f56e2e51,1,0,1,0,0,1
case_be584065,1,1,1,1,0,1
case_905834a1,1,1,0,1,1,1
case_8a24ccb4,0,1,1,0,1,1
case_d1232570,0,1,1,1,0,1
case_7dbc082a,1,1,1,1,1,1
case_9b8a3adf,1,1,0,1,1,1
case_e99300f7,1,1,0,0,0,1
case_bc04aff0,1,1,1,1,1,1
case_d41c8b3a,0,1,1,1,1,1
case_e692f372,0,0,0,0,0,1
case_aeae4959,1,1,0,1,1,0
case_664fc35a,1,1,1,1,1,1
case_8ba570f3,1,1,1,1,1,1
case_f0e193d2,0,1,1,1,1,1
case_c872d26a,0,1,1,1,1,1
case_98cbabb7,0,0,1,1,1,1
case_9290b284,1,1,1,1,1,1
case_272824c3,1,1,1,1,1,1
case_f0160e3d,0,1,0,0,0,1
case_9c21efcf,0,0,1,0,1,0
case_fd9362f8,1,1,1,1,1,1
case_df42f16a,1,1,1,1,1,0
case_3dac2a29,0,1,1,1,1,1
case_785f6324,1,1,0,1,1,0
case_2351ae49,1,1,1,1,1,1
case_808d8ae0,0,1,1,1,1,1
case_005e2607,0,1,1,1,1,1
case_136d5c48,0,0,1,0,1,0
case_44d7a0fc,1,1,1,1,1,1
case_0fa96e93,0,1,1,1,0,0
case_8d73b124,1,0,1,1,1,0
case_1315c444,0,1,1,1,0,1
case_71d1acb3,1,1,1,1,1,1
case_07126485,1,1,1,1,1,1
case_82f81123,0,1,1,1,0,1
case_42f121dd,1,0,1,0,1,1
case_bfd5bfaa,0,0,1,1,1,1
case_e7c02869,1,1,1,0,1,1
case_8816325e,0,0,1,0,1,1
case_d970633b,1,0,1,1,1,1
case_88069f26,1,0,1,1,0,0
case_414205f3,1,1,1,1,1,1
case_950917bd,1,0,1,1,1,0
case_20d4b949,0,1,1,1,0,0
case_c548416b,1,1,1,1,1,1
case_526e456b,1,1,1,1,1,1
case_c107431a,1,1,1,0,1,1
case_e7046707,0,0,1,0,0,1
case_15e43b15,0,0,1,1,1,1
case_08e65c69,0,0,1,1,1,1
case_8f2cd592,1,0,0,0,0,1
case_5776af1c,1,0,1,1,0,0
case_024e909d,1,1,1,1,1,1
case_d91ad1ef,1,0,1,1,1,1
case_43c25075,0,0,1,0,0,1
case_0d18b96b,1,1,1,1,1,1
case_8c0d3719,1,1,1,0,1,1
case_7a7651c4,1,1,1,0,1,1
case_e9be5fc7,0,1,1,1,0,0
case_7e72851e,0,0,0,0,0,0
case_9e02ca09,0,1,1,1,1,1
case_bf3b724b,1,1,1,1,0,1
case_983d533a,1,0,1,0,1,1
case_eb4f7c0b,1,0,1,1,1,1
case_5f996cf5,0,1,1,1,1,0
case_aa320fb9,0,0,1,1,1,0
case_540c2a7c,0,0,1,1,1,1
case_30b21cb7,1,0,1,1,1,1
case_7ad724d2,0,0,1,0,1,0
case_7c868bf1,1,1,1,1,1,1
case_48c57a8b,0,1,1,1,1,0
case_7fc98c84,1,1,1,1,1,1
case_781b3838,0,1,0,0,1,0
case_e66e507d,1,1,1,1,1,1
case_38665c48,0,1,1,1,0,1
case_f7ebcf3b,1,1,1,0,0,1
case_47ce30f4,1,1,1,1,1,1
case_e8e480e1,1,1,1,0,1,1
case_57cc6c6b,1,1,1,0,1,1
case_a5d19247,1,1,1,1,1,1
case_e34d785b,1,1,1,1,1,1
case_a73ca391,1,0,1,1,1,1
case_cef2e325,0,1,1,0,1,1
case_af04519d,1,0,1,1,0,1
case_d861451c,1,0,1,1,0,1
case_0c6429e6,0,0,1,0,0,1
case_161333bd,1,0,1,0,1,1
case_6193468d,0,1,1,1,0,1
case_c38d0a2f,0,1,1,1,1,1
case_2adbabc5,1,0,0,0,1,1
case_e1d67c04,0,1,0,1,0,1
case_ca4ec4e4,1,1,1,1,1,1
case_710fc056,0,1,1,1,1,0
case_fe1635c4,0,1,1,1,1,1
case_a1e263b3,0,1,1,1,0,1
case_158b7e97,1,0,1,0,1,1
case_387a8e11,1,1,0,1,1,1
case_5bbc0aab,0,1,1,0,1,1
case_ed3ddd69,1,0,1,0,0,0
case_6959a3e8,1,1,1,1,1,1
case_104d6d41,1,0,1,1,1,1
case_780ec357,1,0,1,1,1,1
case_3dc7ac62,0,0,1,1,1,1
case_cfe800a8,1,1,1,1,1,0
case_82a87b30,0,1,1,1,1,1
case_8891168b,1,0,1,1,1,0
case_6dd2df6b,1,0,1,0,1,0
case_895ab028,1,0,0,1,0,0
case_bf39cb47,1,1,1,0,1,1
case_94353f6c,1,1,1,1,1,1
case_2559ab55,1,1,1,1,1,1
case_4f79577e,1,1,1,1,1,1
case_cc1f8bac,0,1,1,0,1,1
case_434823b0,0,1,1,1,1,1
case_ee673892,1,1,1,1,1,1
case_66389c15,1,0,1,0,1,1
case_c23a8954,0,1,1,0,0,1
case_a61a6818,0,1,1,1,1,1
case_b75adfbe,1,1,1,1,1,0
case_a2247732,0,1,1,0,1,1
case_5d5575c2,1,1,1,0,1,1
case_1897bbc1,1,1,1,1,1,1
case_24e0100f,1,1,1,0,1,1
case_3ddf3ae3,1,1,1,1,0,1
case_18cd2f5b,0,1,1,1,0,1
case_429e1984,1,0,1,1,0,1
case_7f06e7b7,1,1,1,1,0,1
case_42c9161a,1,1,1,1,1,0
case_703a50c0,0,0,1,0,0,1
case_63ca114b,0,0,1,0,1,0
case_8a3b9383,1,0,1,1,0,1
case_3ee3fc26,1,0,1,1,1,1
case_5834464d,1,1,1,1,1,1
case_6196aea9,1,1,1,1,1,1
case_c3abb584,1,1,1,1,1,1
case_31742fb0,1,1,0,0,0,1
case_a06494a8,1,0,1,1,1,0
case_70780517,0,1,1,1,1,0
case_b08618c1,0,0,1,1,1,1
case_42368aef,0,0,0,1,1,1
case_46876978,1,1,1,1,1,1
case_b948a234,1,1,1,1,1,1
case_c8bab3f3,0,1,1,1,1,0
case_620ed23c,1,1,1,1,0,0
case_b95c5f84,1,0,1,0,1,1
case_7c8a584b,0,0,1,1,0,0
case_e58231d9,0,1,1,1,1,1
case_59dec642,1,0,1,0,0,1
case_5bc70e8c,1,1,1,1,1,1
case_a6ce855b,0,1,1,0,0,1
case_aef7e022,1,1,1,1,1,1
case_2f28a8fb,1,0,1,1,1,1
case_3c9f0609,1,0,1,0,1,1
case_b8f47cc2,1,1,1,1,1,1
case_d9a24305,1,1,1,0,1,1
case_6e7034b4,0,1,1,1,1,1
case_6b95d281,0,1,1,1,1,1
case_357248b1,1,1,1,1,1,1
case_efce22ec,1,1,1,0,1,1
case_3621fa54,0,1,1,0,1,1
case_655053ca,0,1,0,1,0,0
case_85cf3232,1,1,1,0,1,1
case_6eefb4e5,1,0,1,1,0,1
case_249a258e,1,1,0,1,1,0
case_9b1d2b06,1,0,1,1,1,1
case_4110d9ce,0,1,1,0,0,1
case_5d429b2c,0,1,0,1,0,0
case_2ab7f0e5,0,1,1,1,1,0
case_47c7b26d,0,1,0,1,1,0
case_2d6e5236,1,1,1,1,0,1
case_9538ae47,0,1,0,0,0,1
case_4bfa0852,1,0,1,0,0,0
case_2a0800ad,1,1,1,1,0,1
case_fb412002,1,1,1,1,1,1
case_47aaf2a4,1,1,1,1,0,1
case_eac4f899,0,0,1,1,0,0
case_9e010ed8,0,0,1,0,0,1
case_f1682ee7,0,1,1,1,1,1
case_a23d86c4,0,1,1,1,1,1
case_9c3702bc,1,1,1,1,0,1
case_af6a6315,0,0,1,0,1,0
case_dc775278,1,1,1,1,1,0
case_e34e26bd,0,1,1,1,1,1
case_b65b9632,1,1,1,1,1,1
case_6658d800,0,1,1,1,0,0
case_2fa87565,0,0,1,0,1,1
case_60c3e6fc,1,0,1,1,0,1
case_ec1f8f81,1,0,0,0,0,0
case_83bdd7b3,1,1,1,1,1,1
case_ed3f0331,1,1,1,0,1,1
case_5e7bdde4,1,0,1,1,0,1
case_3a32a2e0,1,1,1,1,1,1
case_761ab13a,0,0,1,0,0,1
case_02d0902e,0,1,1,1,1,0
case_4f49904e,1,1,1,1,1,1
case_7ee86548,0,1,1,1,1,1
case_99fa0a44,1,0,1,0,1,0
case_d0c88400,0,1,1,1,0,1
case_48ecfd7b,1,1,1,1,1,0
case_3701d93a,1,1,1,0,0,1
case_24436c91,1,1,1,1,1,1
case_a17d02cc,0,0,1,0,1,0
case_256d596c,1,0,1,1,1,1
case_0a2a2422,0,0,1,0,1,1
case_a166d4ff,1,1,1,1,1,1
case_be4e86cb,0,0,1,0,1,1
case_91b1f7ba,1,1,1,1,1,1
case_9c643f7c,1,1,1,1,1,1
case_bd690973,1,0,1,1,1,1
case_ccdab200,1,0,1,0,1,0
case_81aefb53,1,1,1,1,1,1
case_fd071603,1,0,1,1,1,1
case_47021fe3,0,1,1,0,1,1
case_960b2663,0,1,1,1,1,1
case_cef4d7c6,1,1,1,0,1,1
case_291464b9,0,1,1,0,1,1
case_620e2da6,1,1,1,1,1,1
case_fcbab961,1,0,1,1,1,1
case_5d071566,1,1,1,1,1,1
case_7daa739c,0,1,1,0,0,1
case_6d1e5716,0,0,1,0,0,1
case_03ff832c,1,1,1,0,1,1
case_58711f72,1,1,1,1,0,1
case_e1d1c5f7,1,0,1,0,1,1
case_a309c547,1,1,1,1,1,1
case_4bc7d850,1,1,1,1,1,1
case_ddbc79df,0,1,1,1,1,1
case_fa2a09fb,1,0,1,1,1,1
case_df54d069,0,1,1,1,1,1
case_2690ad14,1,0,1,0,1,0
case_124cda07,1,1,1,0,1,1
case_2534cc6c,1,0,1,0,0,0
case_d8302d39,0,0,1,1,1,1
case_42aeedc5,1,0,0,1,1,1
case_3a1523b4,1,1,1,0,1,1
case_66911aca,1,1,1,1,1,1
case_48f4411f,1,1,1,1,0,1
case_370f7d00,1,1,1,1,1,1
case_4bddfaa3,1,0,1,1,1,1
case_273b397b,0,1,1,0,1,1
case_93837722,1,0,1,1,1,1
case_dcb743e7,1,0,1,0,0,1
case_62281ae2,1,1,0,1,1,1
case_db68bb0e,1,1,1,1,1,1
case_a25518f9,1,0,1,1,1,1
case_fe54af08,1,1,1,1,1,1
case_43a15441,1,0,1,1,1,1
case_52cbede1,0,0,0,0,1,0
case_bca4da59,0,1,1,1,1,1
case_2e06245f,1,0,1,0,1,1
case_0fb8a6f2,1,0,0,1,1,1
case_386aa1d8,1,1,1,0,1,1
case_4266668d,1,1,1,1,0,1
case_915d83ce,1,1,1,1,1,1
case_b56b7e65,1,0,1,1,1,1
case_5d53ef37,0,1,0,1,0,0
case_104445c8,0,1,1,0,1,1
case_70ff2b56,1,1,1,1,1,1
case_18ccb8b1,1,1,1,1,1,0
case_319c3cf9,0,0,1,0,0,1
case_8b5e8928,1,1,1,0,1,1
case_b52f6daa,0,0,0,1,1,0
case_626b3524,1,1,1,1,1,1
case_be5bdc4e,0,1,1,1,1,1
case_5dce240c,1,0,1,0,1,0
case_6d509031,1,1,1,1,1,1
case_3e8ee74d,0,1,1,0,0,1
case_467edbe3,1,0,1,0,1,1
case_77c143e3,0,1,1,1,1,1
case_d3e4d4b0,1,1,1,1,0,1
case_d53626a1,1,1,1,1,1,1
case_c4cf0b26,1,0,1,1,0,1
case_036a41a0,1,0,1,0,1,0
case_6585a2e3,1,1,1,1,1,1
case_083a81b5,0,0,1,1,1,1
case_d3c1e67e,0,0,1,0,0,0
case_0d6163f3,1,1,1,1,0,1
case_8241870f,1,1,1,1,0,1
case_00b0b95f,1,1,1,1,1,1
case_a4b361a5,1,0,1,1,1,0
case_24eababd,1,1,1,1,0,1
case_593487a2,1,1,0,0,1,1
case_17b8984c,0,1,0,1,0,0
case_85fde916,1,0,1,1,1,1
case_d4c3e74d,0,1,0,0,1,1
case_04c908f1,0,0,1,1,0,1
case_2a9c4ae1,1,1,1,1,1,1
case_5e507aed,0,1,0,0,1,0
case_304576c3,1,1,1,1,1,1
case_ff210e80,0,0,1,1,1,1
case_d21d8e31,0,1,0,1,1,1
case_e6e063e4,1,1,1,1,0,1
case_9a9339a7,1,0,1,0,1,1
case_817ed58a,1,1,1,1,1,1
case_37e5aef1,0,0,1,0,1,0
case_c76bb6d8,1,1,1,1,1,1
case_a913e3bf,1,1,1,1,1,1
case_f5732ed5,1,0,1,1,0,0
case_421fbc22,1,1,0,1,1,0
case_9a290427,1,1,1,1,1,1
case_3e31fa8e,0,1,1,0,1,1
case_6273f8a0,1,1,1,1,1,1
case_85e99e18,1,1,1,1,1,1
case_908b4d41,1,1,1,0,1,1
case_a9eedc06,1,1,1,1,1,1
case_1419c8e7,0,0,1,1,1,1
case_956cb7cd,1,1,1,1,0,1
case_4d93ff38,0,0,1,1,1,1
case_305de55f,1,0,1,0,0,1
case_b17422de,1,1,1,0,1,1
case_0e8856f8,1,1,1,1,1,1
case_5af883b0,0,0,1,1,1,1
case_f18fe077,1,1,1,1,0,1
case_0ecca6d8,1,0,1,1,1,1
case_1f4d0ac2,1,1,1,1,0,1
case_ee193b4c,0,1,1,1,1,1
case_e779e781,1,1,1,1,1,1
case_28ff49b0,1,1,1,1,1,0
case_b36daaa7,1,0,1,1,1,0
case_907c4dc9,0,0,1,1,1,1
case_a9e9e38b,1,1,1,1,1,0
case_e4b1d3c9,1,1,1,1,1,0
case_fc0bc595,1,1,1,1,1,0
case_c1fa3a52,1,1,1,1,1,1
case_604b121f,1,1,1,1,1,1
case_023be2c5,0,0,1,0,0,1
case_fd4b77bb,0,1,1,1,1,1
case_5ae40fc3,0,0,1,0,1,1
case_bbabb4b7,0,1,1,1,1,1
case_b8341029,1,0,1,1,1,1
case_20f0ffdc,1,1,1,1,0,1
case_04358b40,1,0,0,1,1,0
case_21711a02,1,0,1,0,0,1
case_595ecdf4,0,1,1,0,0,1
case_6bdf63fc,1,1,1,1,1,1
case_2a814a00,0,1,1,0,1,1
case_b208fe7e,1,0,1,1,1,1
case_8475082e,1,1,1,1,1,1
case_d68b21c9,0,0,1,0,0,0
case_d743bc09,1,1,1,0,1,1
case_1bbb1f44,0,1,1,1,1,1
case_40db9f96,0,0,1,1,0,0
case_40897358,1,0,1,1,1,1
case_e5b66c90,1,1,1,1,0,1
case_65eea1d2,1,1,1,1,1,1
case_2345dd22,0,0,1,1,0,0
case_6de1d5af,0,0,1,1,0,1
case_a6f8b6b2,1,1,1,0,1,1
case_ece46311,1,1,1,0,1,1
case_1f5d4857,0,0,1,0,0,1
case_e4fd4704,1,1,1,0,1,0
case_1ec7119a,1,0,0,0,1,1
case_84f8f58c,1,0,0,1,0,1
case_70b19872,1,1,1,1,0,1
case_2a7189c7,0,1,1,1,1,1
case_98f3fbf4,1,0,1,1,1,0
case_1a412766,1,1,1,1,1,1
case_eae980e7,0,0,1,0,0,1
case_09e9638a,0,0,1,1,1,1
case_ff4e9301,1,1,1,1,0,1
case_fb817804,0,1,1,1,1,1
case_f48718c4,1,1,1,1,1,1
case_83a33f64,1,0,1,1,0,1
case_a6e1235a,0,1,0,1,0,0
case_64a2ae51,1,1,1,1,0,1
case_b377b530,1,1,1,1,1,1
case_7b8f01a7,1,1,1,1,1,1
case_6c84d692,0,1,1,0,0,1
case_c2cd8481,1,1,1,1,1,1
case_1e55d6ed,0,1,1,0,0,1
case_c82cc3ee,1,1,1,0,1,1
case_d891f3a3,0,0,1,1,0,1
case_0c3a8e94,1,1,1,1,1,1
case_b632bc39,1,0,1,1,1,1
case_428e19d2,0,0,1,0,0,1
case_37648c92,1,1,1,1,1,1
case_256416b5,1,0,1,0,0,1
case_018ba8f3,1,0,1,1,1,1
case_d1b610fe,0,1,1,0,1,1
case_164eb17b,1,0,1,1,0,1
case_fa1ac275,1,1,1,1,1,1
case_f00491a7,1,1,1,0,1,1
case_ad54b9ce,1,1,1,0,1,1
case_0cbfbf13,1,0,1,1,1,1
case_2190d983,1,1,0,1,1,1
case_930bcb6d,1,0,1,1,1,1
case_5e543ee0,1,0,1,1,0,1
case_cac19f8d,1,0,1,0,1,0
case_214c006a,1,0,1,1,1,1
case_faa20e95,1,1,1,1,1,1
case_4b1c306d,1,1,1,0,0,1
case_1d5b620f,0,0,1,0,0,0
case_7068a645,0,0,0,1,1,1
case_69036397,1,1,1,1,1,1
case_7721baa0,1,1,1,1,1,1
case_a06d6ec3,0,0,1,1,1,1
case_596599fb,1,1,1,0,1,1
case_2c4cd464,1,1,0,1,1,1
case_5a80d4fc,1,1,1,1,1,1
case_28002b2e,0,0,1,1,0,0
case_ff75d9e9,1,0,1,1,0,0
case_45df5e40,1,1,1,1,1,1
case_39590c28,1,0,1,1,1,1
case_8cd88536,1,1,1,1,1,1
case_8791f6af,1,1,1,1,1,1
case_048569f3,0,0,1,1,0,1
case_2d6d2b3c,1,1,1,1,0,1
case_1e04a3d6,1,1,1,1,0,1
case_148bb5f8,0,0,1,0,1,1
case_6687c000,1,1,1,0,1,0
case_b8dfe4f3,0,1,1,0,1,1
case_73d1f5cb,1,1,1,1,1,1
case_da97fa12,0,0,1,0,1,1
case_b4948bd7,0,1,1,1,1,1
case_4ec505e1,1,1,1,1,1,1
case_531eac22,1,1,0,1,1,1
case_3eeccf1d,0,0,0,1,1,1
case_7bdeb4b4,1,0,1,0,0,1
case_ba9e9910,1,1,1,0,1,1
case_b19b12be,1,0,1,1,1,0
case_7ab811cc,1,0,1,1,0,0
case_8f22cfbd,0,0,1,1,1,0
case_08d70db2,0,1,1,0,1,1
case_bd15d258,0,1,1,1,1,0
case_3159c812,0,1,1,0,1,1
case_02c20770,1,1,1,1,1,1
case_e54cab84,0,1,1,0,1,1
case_57e5e554,0,0,1,0,1,1
case_891bd176,0,1,1,0,1,1
case_0a236bc6,0,0,1,0,0,0
case_02bbadb5,1,0,1,1,1,1
case_99db7644,1,1,1,1,1,1
case_6f4c1650,0,0,1,1,1,1
case_2fbd9035,1,1,1,0,1,1
case_93198f84,0,1,1,1,1,1
case_c37d8dd9,1,1,1,1,0,1
case_8e7a6cfb,1,1,1,1,1,1
case_1a600b2f,1,1,1,1,0,1
case_3c742304,1,0,1,1,1,1
case_98afd3c9,1,0,1,0,1,1
case_112f7565,0,0,1,0,1,1
case_0e1bf357,0,1,1,1,1,1
case_b278922d,1,1,1,1,1,1
case_ded7405e,0,1,1,1,0,1
case_381cf269,1,1,1,1,1,0
case_08ce95bd,1,0,1,1,0,1
case_8391de07,1,1,1,0,0,0
case_914fbee8,1,0,1,1,1,1
case_5b4f6022,1,1,1,0,1,0
case_256e8488,1,1,1,1,1,1
case_3e5463a6,0,0,1,1,1,1
case_88623bfb,1,0,1,1,1,1
case_0546077d,1,1,1,1,1,1
case_4c6337e7,1,1,1,1,1,1
case_b44207bd,0,0,1,1,0,1
case_c87edcb6,1,1,1,1,0,1
case_e4493260,1,1,1,1,1,0
case_5bb57a69,0,0,1,1,1,1
case_e5f4a1c4,1,1,1,1,1,1
case_4133e8a6,1,0,1,0,0,1
case_5dd9fc7c,1,0,1,0,0,1
case_1107f3e0,1,1,1,1,0,1
case_7bf5494d,1,0,1,0,1,1
case_f33d13c6,1,1,1,1,1,1
case_125947a3,1,1,1,0,1,1
case_d9cec754,1,1,1,1,1,1
case_e00a6349,1,0,1,0,1,1
case_d1bf165f,1,1,1,1,1,1
case_fc452532,1,0,1,1,1,1
case_fff02646,1,1,1,1,1,1
case_4448fc7d,0,0,1,1,1,1
case_67120874,0,0,1,0,1,1
case_4e74801a,1,1,1,1,1,1
case_18ab67b1,1,1,1,1,1,1
case_af78accf,1,0,1,0,0,1
case_fea69601,1,1,1,1,1,1
case_431281cc,1,0,1,1,1,0
case_8053c280,1,0,1,0,1,1
case_fb5f107f,0,0,1,1,0,0
case_4b63f586,1,0,1,1,1,1
case_cbb3ccb5,1,1,1,1,1,1
case_bd9612f3,0,1,1,0,0,0
case_cde00408,1,0,1,1,1,1
case_bfca7ab7,1,1,1,1,1,1
case_d838e109,0,1,1,1,1,1
case_aacd4b81,1,1,1,1,0,1
case_c73741e0,0,1,1,0,0,1
case_97dcb4aa,1,1,0,1,0,1
case_eae9af90,1,0,1,1,0,1
case_efca0f0b,0,1,1,0,0,1
case_87f85dc6,0,1,1,0,1,1
case_e13ed095,1,0,1,1,0,1
case_c44f1f4a,1,1,1,0,0,0
case_d43ddef5,0,1,1,0,1,1
case_f9de0934,0,0,1,0,1,0
case_9b992255,1,1,1,1,1,1
case_ced78128,0,0,1,1,1,1
case_da138b59,0,0,1,1,1,1
case_a3f9574f,1,0,1,1,1,1
case_c1846e1e,1,1,0,0,1,1
case_51349cdf,1,1,1,1,0,1
case_e549162a,1,1,1,1,1,1
case_a6a20b48,1,0,1,1,1,1
case_9bca9a3c,1,0,1,1,1,1
case_7ff205b9,1,1,1,0,0,1
case_e9128286,1,1,1,1,1,1
case_ab20b719,0,1,1,1,1,1
case_d89ba716,1,1,1,1,1,1
case_189517b6,0,1,1,1,1,1
case_48a4d8f3,1,1,1,1,1,1
case_2cc1bee5,0,0,1,1,0,1
case_0892ac36,1,1,1,1,1,0
case_431290fb,1,1,1,0,1,1
case_e2b6a034,1,1,0,0,1,1
case_3ff2007d,1,1,0,1,1,0
case_5a7f552b,1,1,1,0,1,1
case_9c596985,1,1,1,1,1,1
case_9f971e59,1,1,1,0,1,1
case_9ed6ed20,1,1,1,0,1,1
case_13a4a8b1,1,1,1,0,1,1
case_6a6ed057,0,0,1,1,0,1
case_0265bac3,1,1,1,1,1,1
case_91372340,0,1,1,1,1,1
case_ecfdbb54,1,1,1,1,1,1
case_68ff8ffb,0,1,1,1,1,0
case_bfe26a2d,0,1,1,1,1,0
case_6783c364,1,1,1,1,1,1
case_0c91da15,1,1,1,1,0,1
case_4d151c06,1,1,1,1,1,1
case_f0ceb865,1,1,1,1,1,1
case_48bd4272,1,1,1,1,0,1
case_d615322b,0,1,1,1,1,1
case_f783d736,1,0,1,1,1,0
case_6a6e57b5,1,1,1,1,1,1
case_c6667617,1,0,0,1,0,1
case_66a26429,0,1,1,0,1,1
case_c13c0df2,1,1,1,1,1,0
case_387f340e,0,0,1,0,0,1
case_0e549544,0,0,1,1,1,1
case_da68063e,1,0,1,1,1,0
case_ac6986e4,1,1,1,0,1,0
case_ee1cf91a,1,1,1,1,0,1
case_0430c0f1,1,1,0,0,1,1
case_02a1112d,0,1,1,0,1,0
case_afe52adf,1,1,1,1,1,1
case_b68036c6,0,0,1,1,1,1
case_a5351998,1,0,1,1,1,1
case_97fef161,1,1,1,0,0,1
case_235ef803,1,1,1,1,0,1
case_2df233f5,1,1,1,0,1,1
case_117efe6d,1,1,1,1,1,1
case_ac36da9d,0,1,1,0,0,1
case_946e51d9,0,1,1,1,1,0
case_e11d25d1,1,1,1,1,0,0
case_564e06d9,0,1,1,0,1,1
case_bb9ecd95,1,0,1,0,0,1
case_455fea35,1,0,1,1,1,0
case_3096c6fb,0,1,1,1,0,1
case_b6052e03,0,1,0,0,1,0
case_75c200ce,1,1,1,1,0,1
case_6a9c90a5,0,1,0,1,0,1
case_6592a2bc,1,1,1,1,1,1
case_fe64f16c,1,0,1,1,1,0
case_08f3fde7,1,1,1,1,1,0
case_5d99239f,1,1,1,1,1,0
case_9ab6e79f,1,1,1,1,1,0
case_abf48ee4,1,1,1,1,1,1
case_cf1e1013,1,1,1,1,1,1
case_25e2ea7a,1,1,1,0,1,1
case_22d0ea62,1,1,1,1,1,1
case_ed6f51f8,1,1,1,0,1,1
case_9ebdd26d,1,0,1,1,1,1
case_1d163a0b,1,1,1,0,1,0
case_61d5542c,1,0,1,0,0,1
case_c32f17c9,0,0,1,0,0,1
case_23ea1061,0,1,1,1,0,0
case_1918f7c4,1,1,1,1,1,1
case_9829325f,0,1,1,1,1,0
case_ba9e1824,1,1,1,1,1,1
case_4e45560a,1,1,1,1,0,1
case_74537884,1,1,1,0,1,1
case_3a6eb6b9,1,0,0,1,0,0
case_db0964f7,1,1,1,1,0,1
case_0d81fb85,1,1,1,1,1,1
case_09c97867,1,1,1,1,1,1
case_8d453a55,1,1,1,1,1,1
case_92e43c3f,1,0,1,1,1,1
case_c1e80af9,0,1,1,1,1,1
case_e26c1d6b,0,0,1,1,1,0
case_741a369f,1,0,1,1,0,1
case_f7a9e8f6,1,0,1,1,1,0
case_1c9d1113,0,1,0,1,1,1
case_b05f2240,1,1,1,1,1,0
case_cc94c7e1,1,0,1,0,0,1
case_71ab27df,0,0,1,0,1,1
case_0a7139f0,0,1,1,0,1,0
case_c845a0ab,1,1,1,1,1,1
case_f26b9524,1,1,1,1,1,0
case_3bfb94c3,0,1,1,1,1,1
case_b167fe34,1,1,1,1,1,1
case_8cc757f3,0,1,0,0,1,1
case_adb00fc2,0,0,1,1,1,0
case_87f79764,1,0,1,1,1,1
case_b84cfab1,1,0,1,0,1,1
case_b3782b9d,1,0,1,1,1,1
case_da430890,0,0,0,0,0,0
case_a866fa6b,1,0,1,0,0,1
case_4c7353f5,1,1,1,1,1,1
case_40c74dc2,0,0,1,0,1,1
case_0837b9ac,1,1,0,1,1,1
case_3b656327,1,1,1,1,0,0
case_fd0ab39f,1,0,1,1,1,1
case_83d3665c,0,1,1,1,0,1
case_866b8f3e,1,1,0,1,1,1
case_c869d43b,1,0,0,0,1,1
case_dd380fe0,1,1,1,1,1,1
case_148cf61b,0,0,1,0,1,1
case_8e8f36e9,1,1,1,0,1,0
case_ba60f790,1,1,1,1,1,1
case_b2b61bc7,0,1,1,1,0,1
case_8aa7ddad,1,0,1,0,1,1
case_533e060d,0,0,1,1,0,0
case_4f8edbd8,0,1,1,1,1,1
case_1f9a71f8,0,0,1,1,0,1
case_d702e2f0,0,0,1,1,0,1
case_3c54ea4b,1,0,1,1,1,1
case_df75417a,1,1,1,1,1,1
case_3776ae0b,1,1,1,1,1,1
case_32a5def4,1,0,1,1,1,0
case_8d5c8238,0,0,1,1,1,1
case_6f131bcf,1,1,1,1,1,0
case_d0cab9ce,1,0,1,0,1,1
case_e40b8ab3,1,1,0,1,1,1
case_b621c472,0,0,1,0,1,1
case_c6a9c94b,1,1,1,1,1,1
case_0e7bb98b,1,1,1,1,1,1
case_80901c57,1,1,1,0,1,1
case_87b75f5d,0,1,1,1,0,1
case_ccdcc412,1,0,1,1,1,1
case_fec5372d,1,1,1,0,1,1
case_d62f1945,1,1,1,1,1,1
case_19396939,1,0,1,0,1,1
case_d72ec943,1,1,1,1,0,1
case_df422310,1,0,1,0,0,1
case_df0bb614,1,1,1,1,1,1
case_d4d96b7f,1,1,1,1,1,1
case_1614546f,1,1,1,0,1,1
case_d0019e99,0,0,1,1,0,1
case_4dd0ad0a,1,1,1,1,1,1
case_da214235,1,1,1,1,1,1
case_39b05b5f,1,1,1,1,1,1
case_04f2c292,1,1,1,1,1,1
case_2fa81350,1,1,0,1,0,1
case_b2b77a06,1,0,1,1,1,0
case_dabeb42e,1,1,1,1,1,1
case_06c42f0d,1,1,1,1,1,1
case_45365fc3,1,0,1,1,1,0
case_359856c8,1,0,1,1,0,1
case_6cb88d58,1,0,1,1,1,1
case_30758bc6,1,1,1,1,1,1
case_d422d492,1,1,1,1,1,1
case_68ab6ad1,0,0,1,1,1,1
case_02990414,1,1,0,1,1,1
case_645ae650,0,0,1,1,1,1
case_23cc2d22,1,1,1,1,1,1
case_d2376b58,1,0,1,1,1,1
case_e083142e,0,0,0,0,0,0
case_84f34df0,0,0,1,1,1,1
case_d0f1da82,1,0,1,1,0,1
case_d7c36e3f,1,1,1,1,1,1
case_7ad86dba,1,1,1,1,1,1
case_45e75cb4,1,1,1,1,0,1
case_7b099825,0,0,1,0,0,0
case_68d058b9,0,1,1,1,1,1
case_2a82c988,1,0,1,1,1,1
case_16f3128b,1,0,0,1,1,0
case_59bd857e,0,1,0,0,1,0
case_c873e91d,1,1,1,1,1,1
case_2c73d5c4,1,1,1,1,1,1
case_3bd3b71e,1,0,1,1,0,1
case_e0279731,1,1,1,0,1,0
case_96f1d576,0,1,1,0,0,0
case_597c09d8,1,0,1,0,1,0
case_5ef0fa47,0,1,1,0,1,1
case_957ccee3,0,0,1,0,1,1
case_31cab590,1,1,0,1,1,1
case_0df70fcb,1,1,1,1,1,1
case_eea74a36,0,0,1,0,1,1
case_e8ac32a1,0,1,1,1,1,1
case_96e8818d,1,0,1,1,1,1
case_abcfd8bc,1,1,1,0,0,1
case_87263532,1,1,1,1,1,1
case_ca520f07,1,1,1,0,1,1
case_9f9a6217,1,0,1,0,1,1
case_2be82669,1,0,1,1,1,1
case_2e4b1c0f,1,1,1,1,0,1
case_ffdf0dd0,1,1,1,1,1,1
case_e31c1a52,1,1,1,1,1,1
case_f10f1800,1,1,1,0,1,1
case_bfe1e8ba,1,0,1,1,1,1
case_424c6fc2,0,1,1,1,1,1
case_cb9ab4f2,0,1,1,1,1,1
case_3aa23625,1,0,1,0,1,1
case_dcc5d8ba,0,0,0,0,0,0
case_4523761f,1,1,1,1,1,1
case_353cfa00,1,0,1,1,0,1
case_af10f450,1,0,1,1,1,1
case_895d7392,1,1,1,1,1,1
case_67b2c449,1,1,1,0,1,1
case_b312751d,1,0,1,1,0,1
case_d19cded5,0,0,1,1,1,1
case_e1a8bac3,1,1,1,1,0,1
case_4f267788,1,0,1,1,1,1
case_a2a11106,1,1,1,1,1,1
case_7d4a5db0,0,0,1,1,1,1
case_35a6de23,0,1,0,1,1,0
case_ebf4cdb2,1,0,1,0,1,1
case_d028e071,1,1,1,1,1,1
case_75438a34,0,0,1,1,1,1
case_752ad68e,1,1,0,1,1,1
case_59ea2deb,1,1,1,1,1,1
case_eb9ab812,1,1,1,1,1,0
case_a43e32a7,1,1,0,1,1,1
case_39256739,1,1,1,1,1,1
case_ee883ca3,1,1,1,0,1,1
case_17a8ec05,1,1,1,1,1,1
case_1aa6037a,0,1,1,0,1,1
case_7d8e486b,0,1,0,0,0,1
case_c51a5292,0,0,1,1,1,0
case_69ca2018,1,1,1,1,0,1
case_16a4fb14,0,0,1,1,1,0
case_0f29f0fe,1,1,1,1,1,1
case_a425d056,1,1,1,1,0,1
case_e7634124,1,1,1,1,0,1
case_651d6712,1,1,1,1,1,0
case_920967e5,1,1,1,1,1,1
case_dacacc81,0,1,1,0,1,0
case_a7b34a2f,1,0,1,1,1,1
case_d1f93aa5,0,0,0,0,0,0
case_a41e5b62,1,1,1,1,1,1
case_d900b7a4,0,0,1,1,1,1
case_a7e94ac5,1,0,1,1,1,1
case_b06c2591,1,0,1,1,1,1
case_4bdd35eb,0,1,1,1,0,1
case_7b7e5dfd,1,1,1,1,1,1
case_3d33f733,1,0,1,0,0,1
case_34528106,0,1,1,1,1,1
case_82fc7c99,1,0,1,0,1,0
case_f6eab6c6,1,1,0,1,0,1
case_af6c771b,1,0,1,1,1,1
case_d93829f6,0,0,1,0,0,0
case_405aefb3,1,1,0,1,1,1
case_118bf955,0,0,1,1,1,1
case_7dc30e8d,1,1,0,1,1,0
case_7a4e4c9b,1,1,1,1,0,1
case_3a0cd58e,0,0,1,1,1,1
case_e156f69d,1,0,1,0,0,1
case_c108e370,1,0,1,1,0,1
case_5a190f20,0,0,1,0,1,1
case_babef381,1,0,0,1,1,1
case_a736c760,0,1,1,1,1,1
case_354c882f,1,0,1,1,1,1
case_b6dd7164,0,1,1,0,0,1
case_6cd7c1c5,1,1,1,1,1,1
case_de342491,1,1,1,1,1,1
case_da877d94,1,1,1,1,0,1
case_92657a9d,0,1,1,1,1,0
case_7e15e851,1,0,1,1,0,0
case_58c9249c,1,1,1,1,1,1
case_9b6a9cf3,1,0,0,1,0,1
case_990e0e1a,0,0,0,0,0,0
case_916d2fcd,0,1,1,0,1,1
case_6cee7146,0,1,1,1,1,1
case_8d856991,1,1,1,1,0,1
case_4f4216d9,0,0,1,0,1,1
case_9af93732,0,0,1,0,0,1
case_5a248aa9,0,0,1,0,1,1
case_2c6b6a09,1,1,1,1,1,1
case_1d3e4f84,1,1,1,0,0,1
case_c2cfd4a8,1,1,0,1,1,0
case_6650bf85,0,1,1,0,1,1
case_e6044e7c,1,1,1,1,1,0
case_9b1a8705,1,1,1,1,0,1
case_9ac6fb9e,0,0,1,1,0,0
case_c39f78f2,1,1,1,1,1,1
case_9e3809dc,0,0,1,1,1,1
case_e50ddf62,0,1,1,1,1,1
case_286fe8a3,0,1,1,1,0,1
case_09d3cd61,1,1,1,1,1,1
case_72955893,0,0,1,1,0,0
case_f3d190ce,1,0,1,1,0,1
case_e0330fc5,0,1,1,1,1,1
case_0f9a13a3,1,1,1,1,1,1
case_8b3b1e47,1,1,1,0,1,1
case_cee1e2c4,1,1,1,1,1,1
case_bad22ea9,1,1,1,0,1,1
case_664cccc8,1,1,1,1,1,1
case_3e469859,1,1,0,0,1,0
case_857fafee,1,0,1,0,1,1
case_2ab3e406,0,0,1,1,0,1
case_ae6d11fd,1,1,1,1,0,1
case_1a9b615a,0,1,1,1,1,1
case_f676bdaa,1,1,1,1,1,1
case_3aed39f8,0,1,1,0,0,0
case_2f4c45f4,0,0,0,0,0,1
case_8cc9093a,1,1,1,0,1,1
case_4f23c778,1,1,1,0,0,0
case_b0af82f1,1,0,1,1,1,1
case_eff72537,0,1,1,1,0,1
case_e0c06132,1,0,1,1,1,0
case_4d2695e0,0,1,1,0,0,1
case_16cbe73f,1,1,1,1,1,1
case_5a85690d,1,0,1,0,1,1
case_83c9b8bf,1,1,1,1,1,1
case_3a4cd55b,0,0,1,1,1,1
case_968a598b,0,1,1,0,1,0
case_84185c85,1,1,1,1,1,1
case_b06c2ce1,0,1,1,1,1,1
case_03f7c0f2,1,1,1,1,0,1
case_25407abd,1,0,1,0,0,1
case_48cb0046,1,0,1,1,1,1
case_83122d09,1,0,0,1,0,0
case_7a5df3d1,1,1,1,1,1,0
case_b9eca30a,1,1,1,0,1,1
case_7480012e,1,1,1,1,1,1
case_cacf077d,0,0,1,1,0,1
case_b23f28b0,0,0,1,0,1,1
case_39bb6d52,1,1,1,1,1,1
case_59bc49d3,0,1,0,0,0,1
case_670179f2,1,0,0,1,1,1
case_865ad8fc,0,0,1,1,0,1
case_2ee6eab8,0,0,1,1,0,0
case_0f86c79c,1,1,1,1,1,1
case_0b177d5f,1,1,1,1,1,1
case_9aa66259,1,0,0,0,1,1
case_8e1252fd,1,1,1,1,1,1
case_fbcc8384,1,1,1,1,1,1
case_150c2e94,1,1,1,0,1,1
case_11d0bfcd,1,1,0,1,1,1
case_7bfc2977,0,1,1,1,1,1
case_f2b4cc83,0,0,1,1,1,0
case_a8b84f85,0,1,1,0,1,1
case_fdd1ee46,0,1,1,1,1,1
case_c7499169,0,0,1,1,0,0
case_b633fccc,0,1,1,1,1,1
case_de487b84,1,1,1,1,1,1
case_ce7bc67d,1,1,1,1,1,1
case_3a470f86,1,1,1,1,1,1
case_38cd75fb,0,0,0,1,1,0
case_ed44bfcc,0,1,1,1,1,1
case_3ed63d00,1,1,1,1,1,1
case_8e67ebf2,1,0,1,0,0,1
case_51f8721e,1,1,1,0,1,1
case_b5fe04f4,1,0,0,1,1,1
case_51da5ad7,1,1,1,1,1,1
case_e9d64a07,1,0,1,1,1,1
case_30e88492,1,0,1,1,1,0
case_01e8bd6e,0,0,1,1,0,0
case_5ae190f2,0,0,1,0,0,0
case_28e29635,1,1,1,1,0,1
case_52d6c1e0,1,1,1,0,1,1
case_60055dca,1,1,0,0,0,1
case_85e61f63,0,0,1,0,1,1
case_c1cbe7c6,0,1,1,1,1,1
case_9abb4fde,1,1,1,1,1,0
case_c21a749b,1,0,1,1,1,1
case_4d02d476,1,1,0,1,1,1
case_88f2ec96,1,1,1,1,1,1
case_cd6eacbd,1,1,1,0,1,1
case_3e307bd0,0,1,1,0,1,1
case_d8e8cbf4,0,0,0,0,0,1
case_2ff7bef5,0,1,1,1,1,1
case_c05501b0,0,1,1,0,1,1
case_c5b5e35c,1,1,1,1,0,1
case_0894c5c0,0,1,0,0,0,1
case_c0784abf,1,1,1,1,1,1
case_9c36f7bb,1,1,1,1,1,1
case_10d57164,1,1,1,1,0,1
case_99a4a6b6,0,1,1,1,0,1
case_ab1c2a87,1,1,1,1,1,1
case_575ba817,0,0,1,1,1,0
case_27e3dd3a,0,1,0,0,1,1
case_ec650084,0,0,1,1,1,1
case_9782678e,0,1,1,1,1,1
case_efa78d67,1,1,1,1,1,1
case_60b523dd,1,1,1,1,1,1
case_5dfa5f93,1,1,1,1,1,1
case_840bb90f,0,1,1,1,1,1
case_46d25f3f,1,0,1,1,1,1
case_77cc108d,1,1,1,1,1,1
case_98f21f03,0,1,0,1,0,1
case_81a669ee,1,0,0,1,1,1
case_6678b072,1,0,1,1,0,1
case_718128e3,0,1,1,0,1,1
case_e14b6cd4,1,1,1,0,1,0
case_f75997d2,0,1,1,0,1,1
case_5f1d9b70,0,1,1,1,0,0
case_0ef3c55b,0,0,1,1,1,0
case_3055bf34,1,0,1,1,0,1
case_7dda5fa5,1,0,0,0,0,1
case_17c2440b,1,1,1,1,0,1
case_9e1ee2b1,1,0,1,1,1,1
case_a8fc888e,0,0,1,0,1,0
case_8e66f40e,0,1,1,1,1,1
case_93d9e41b,1,1,1,1,1,1
case_c8331cfd,1,1,1,1,1,1
case_1cfcb7d3,1,1,1,1,1,1
case_338e3c71,1,0,1,0,0,1
case_15947620,1,1,1,1,1,1
case_91d88cb6,1,1,0,0,1,1
case_ea43233b,1,1,1,1,1,1
case_8dfe822c,1,0,1,1,1,1
case_e9fb23c4,1,1,1,1,1,1
case_8b7be296,0,0,1,0,0,0
case_82e17759,0,1,1,1,0,1
case_a6975f39,0,1,0,1,1,1
case_c81820e6,1,1,1,1,1,1
case_f35bda83,1,0,1,1,0,1
case_43c8f2ba,1,1,1,1,1,1
case_1897f4e6,0,1,0,1,0,0
case_9ed0b84b,0,1,0,0,0,1
case_79e21622,1,1,1,1,1,1
case_298073de,1,1,1,1,1,1
case_634b4a3d,1,0,1,1,1,1
case_24bea46e,1,1,1,1,1,1
case_22bc7e2b,1,1,0,1,0,1
case_b7bbc020,1,1,1,1,1,1
case_642b69ec,0,1,1,1,0,1
case_ed1a7e20,0,1,1,0,1,0
case_8c6c7a11,1,1,1,1,1,1
case_936bc6d8,1,1,1,1,1,0
case_e9c31224,0,0,1,0,0,1
case_202d89d6,1,1,1,1,1,1
case_26745d2c,0,1,1,1,1,1
case_7a7ef24e,1,1,0,1,0,0
case_eec62f20,1,0,1,1,0,1
case_71c11e3c,1,1,1,1,1,1
case_ecae808e,0,0,1,0,1,0
case_4461b63d,1,0,1,0,1,1
case_e78df146,0,0,1,1,0,1
case_b1c13aca,1,1,1,1,1,1
case_44bafef8,0,0,1,1,1,1
case_e27d5fa0,1,1,1,1,1,1
case_5b1a25ad,0,1,0,0,1,1
case_35d78330,1,1,1,1,1,1
case_8855621c,1,1,1,0,1,1
case_fba6bdb9,1,1,1,1,1,1
case_31194150,1,1,1,1,1,1
case_768a235a,1,1,1,1,1,0
case_314236b4,1,0,1,1,1,1
case_b55163c8,1,0,1,0,1,1
case_6202f6de,0,0,1,1,0,0
case_1b9dcaff,1,1,1,1,1,1
case_05efca06,1,0,1,1,1,1
case_76e82268,1,1,1,1,1,1
case_628d0c24,1,0,1,1,0,1
case_38492fe1,0,1,1,1,1,0
case_617c20cb,1,1,1,1,1,1
case_995f93e9,1,1,1,1,1,1
case_744182a9,1,1,1,1,1,1
case_9df82756,0,0,1,1,1,1
case_5a5abb8c,1,1,1,1,0,1
case_75cfa0cd,1,1,1,1,1,1
case_31eebb9d,0,0,1,1,1,1
case_2069ccc8,1,1,1,1,1,1
case_d4ce296c,1,1,1,1,1,1
case_868f7ecd,0,1,1,0,0,1
case_1e324e5d,0,0,0,1,0,0
case_7df01b6a,0,0,1,1,1,1
case_54523a63,1,0,0,1,1,1
case_274f563b,0,0,0,0,1,1
case_9b4e6d32,1,1,1,1,1,1
case_3628208b,1,1,1,1,1,1
case_2bd1e962,0,1,1,1,0,1
case_6119f277,1,1,1,0,0,1
case_54ff8e9a,1,1,0,0,0,0
case_71921b4e,1,1,1,1,1,1
case_76a4e6e7,1,0,1,1,0,1
case_1103aa69,1,1,1,1,1,1
case_28974fa3,0,1,1,1,1,1
case_baa9ef2f,1,0,1,0,1,1
case_6718ac8a,1,0,1,1,1,1
case_9540ba26,0,0,1,1,1,0
case_4b5fb1e0,1,1,1,1,1,1
case_06faa834,0,0,1,0,1,1
case_07be171e,1,1,1,0,0,0
case_10fe2606,1,0,1,1,0,1
case_205cecf3,0,1,1,1,1,0
case_76d93f46,1,1,0,1,1,0
case_7b73a86f,0,1,1,1,1,1
case_01b1eedb,1,1,1,1,1,1
case_17b1ee46,1,0,1,1,1,1
case_d4078fab,1,0,1,1,1,1
case_daa7b5a6,1,0,1,1,1,1
case_56c4ff65,1,1,1,1,1,1
case_75d05e70,1,0,1,0,1,1
case_349b3e47,0,0,1,1,1,1
case_dc2532e5,0,1,0,1,1,1
case_3dcc0bdf,0,1,1,1,1,1
case_a97d1543,0,1,1,1,1,0
case_bf8235ef,1,1,1,1,1,0
case_2238f921,0,0,1,0,1,1
case_201c07ea,0,0,1,1,1,0
case_3b4d90de,1,0,1,1,0,0
case_7c61d430,0,0,1,0,0,0
case_325a7973,1,1,1,0,1,1
case_621bc01f,1,0,1,0,1,1
case_2858a807,1,1,1,1,1,1
case_13aaa40d,0,1,0,1,1,1
case_513d8858,1,1,1,1,1,1
case_ad550c75,1,0,1,1,0,0
case_aa55d46e,1,1,1,1,1,1
case_61d765c8,1,1,1,1,1,1
case_bf741453,0,0,1,1,0,0
case_1e781331,1,1,0,1,1,1
case_2be18ab8,1,1,1,0,1,1
case_8e64b293,1,1,1,0,1,0
case_0fcc9b2d,1,0,1,1,0,1
case_af4e52e2,1,1,1,0,1,1
case_951c52b8,0,0,1,0,0,0
case_3c62aedb,0,0,1,1,1,1
case_01d41180,1,1,1,1,1,1
case_734ba24d,1,0,1,0,1,0
case_eb4d9131,1,1,1,0,1,1
case_73f75c44,1,1,1,0,1,1
case_d51a0855,1,0,0,1,1,1
case_ba8dca18,0,0,1,1,1,1
case_f6c5d378,0,1,1,1,1,1
case_394c0ef2,0,0,1,0,1,1
case_00a0be45,0,1,1,1,1,1
case_c864f12e,1,1,1,1,1,1
case_e320bca9,1,1,1,1,1,1
case_e378973b,1,0,1,0,1,1
case_4b1e311d,0,1,1,1,1,1
case_6ed132b2,1,0,1,0,0,1
case_aaaa6f7a,0,0,1,1,1,1
case_bcf55969,0,1,1,1,0,1
case_6ec07c23,1,0,1,0,1,0
case_3f07cb03,1,1,1,1,1,0
case_457243fc,0,1,1,1,1,1
case_610bb5be,0,0,1,1,0,1
case_93c7f582,1,1,1,1,1,1
case_6df27c86,1,1,1,1,1,1
case_28c7bccf,1,1,1,1,1,1
case_acf7c413,0,1,1,1,1,1
case_00ffe81e,0,1,1,1,1,1
case_00c7b3dc,0,0,1,1,0,1
case_3fee5ef6,1,0,1,1,1,1
case_a28f27ad,0,0,0,1,1,1
case_cd5c9205,0,1,1,1,1,1
case_53d6859d,1,1,1,1,1,1
case_c787fc6d,0,0,1,1,1,1
case_36bc1ad3,1,1,1,1,1,1
case_1cb1114b,1,1,1,1,1,1
case_e6b1516b,0,0,1,1,0,0
case_631aa54a,1,1,0,1,1,1
case_5f67dce5,0,0,1,0,1,1
case_042ff8d8,1,1,1,1,1,1
case_22317d6f,0,1,1,1,1,1
case_07222869,1,1,1,0,1,1
case_575796d3,1,0,1,1,1,1
case_aaa142b6,1,1,1,0,1,1
case_dfc16cd8,1,1,1,1,1,0
case_d60480f2,0,0,1,1,1,1
case_f6b8e576,1,0,1,0,1,1
case_d3c9467e,0,0,1,1,0,0
case_0018d868,1,1,1,1,1,1
case_18570dfb,1,0,1,1,0,0
case_2110690a,1,0,1,0,1,1
case_791e2892,0,1,1,0,1,1
case_60bc6837,0,1,0,1,0,1
case_3b17098a,0,1,0,0,1,1
case_9736f68a,1,1,1,0,1,0
case_a79382ef,1,1,1,1,0,1
case_3150cd16,1,0,1,1,1,0
case_522c97bb,1,1,1,1,1,1
case_2eec1816,1,0,1,0,0,1
case_d9dcb2b0,0,0,0,1,0,1
case_005fafe2,1,1,1,1,1,1
case_4e488fbb,1,1,1,1,1,1
case_79f4fb83,1,0,1,1,1,1
case_39a6336a,1,1,1,1,0,0
case_36790072,1,0,1,1,1,1
case_6f25df11,1,1,1,1,0,1
case_9137fac4,1,1,0,1,1,0
case_3c3357f2,1,0,1,1,1,1
case_d0257565,1,1,1,1,1,1
case_4859f3ab,0,0,1,0,1,0
case_62f75109,0,1,1,1,1,1
case_5755b2cb,0,0,1,1,0,1
case_df1613b4,0,0,1,1,1,1
case_f46d792b,1,0,1,1,1,1
case_2c0df4fd,1,1,1,1,1,1
case_df79fbe1,1,0,1,1,1,1
case_3f03ae46,0,1,0,0,0,1
case_ddda1f2a,1,1,1,1,0,1
case_2af2c878,1,1,1,1,0,1
case_8218effe,1,1,1,0,1,1
case_05cccdba,0,1,0,1,1,1
case_d6b803fe,1,1,1,0,1,0
case_9cb52097,0,1,1,1,1,1
case_34284ef0,1,0,1,1,1,1
case_9fa79345,1,1,1,1,1,1
case_c80b934a,1,1,1,1,0,1
case_12481d94,1,1,1,1,1,1
case_ccb7e7fe,1,1,1,1,1,1
case_68a6b9d4,1,0,1,1,1,1
case_2a62d5d7,1,1,1,1,0,0
case_c30b19f4,1,1,1,1,1,1
case_86f6f6a1,1,1,1,0,1,1
case_4e92b592,0,1,1,1,1,1
case_b570a412,1,1,1,0,1,1
case_d6917291,1,0,0,1,1,1
case_12544811,0,0,1,1,1,0
case_84c8bab2,1,1,1,1,1,1
case_b0872cc3,1,1,0,1,1,1
case_3ba9621d,1,1,1,1,1,1
case_62973742,0,0,1,0,1,1
case_320c8632,1,1,1,0,0,1
case_d42c7fbc,1,0,1,0,0,0
case_ac756a2b,0,1,1,1,1,1
case_cc039c93,0,1,0,0,0,1
case_2881636c,0,0,1,1,1,1
case_5a5e6f12,1,1,1,1,1,1
case_7cf8f60d,1,0,1,0,0,1
case_a7782a8b,0,1,1,1,1,1
case_97607803,0,0,1,0,0,1
case_516c5975,0,1,1,1,1,1
case_eba8c16c,1,1,1,1,1,1
case_d51068a6,0,0,1,0,1,0
case_05dcd8c0,0,0,1,1,0,1
case_79fbdca3,1,1,1,0,1,1
case_b9aa94fc,1,0,1,1,1,1
case_e4e6722e,0,0,1,0,0,0
case_b7a53dec,1,1,1,1,1,1
case_333b7c09,0,1,1,0,0,0
case_29dd917d,1,1,1,1,1,1
case_ca184f86,1,0,1,1,1,0
case_99e3b321,1,1,1,1,1,1
case_95585543,0,1,1,1,1,0
case_30260b96,0,0,1,0,1,0
case_95d213c6,1,1,1,0,0,1
case_df46d534,0,1,0,1,0,0
case_bb94964d,1,0,1,1,0,0
case_29d61a45,1,1,1,1,1,1
case_bb6f7ab1,1,0,1,1,1,1
case_03f6102f,0,1,1,1,1,1
case_549ebde1,1,0,1,0,1,1
case_b13807ff,0,1,1,1,1,1
case_927044de,0,0,1,1,1,1
case_49cdeb09,1,1,1,1,1,0
case_42a41724,1,1,1,1,1,1
case_06ee3e89,1,1,0,1,0,0
case_f1363096,1,0,1,0,1,1
case_f6519e6d,0,1,1,1,0,0
case_fe1e2465,0,1,1,1,1,0
case_7f1b56d0,1,1,1,1,1,1
case_b0784007,1,1,1,1,1,1
case_e3d9a9ed,1,0,1,1,0,1
case_71724dcf,1,1,0,1,0,1
case_dda46170,1,1,1,1,1,1
case_fa57e445,1,1,1,1,1,1
case_8cde4eb2,1,1,1,1,0,1
case_bf4b4526,1,0,1,0,0,0
case_28b96fe6,1,1,1,1,0,1
case_edaa1672,1,0,1,1,1,1
case_7f5e70ed,0,1,1,1,1,1
case_dd3e851e,0,1,1,1,1,1
case_6e096223,1,1,1,1,1,1
case_b6f170a6,1,0,1,1,1,0
case_60e0f761,1,1,1,1,0,1
case_31667b4f,1,0,1,1,1,1
case_ad55c4c7,1,1,1,1,0,1
case_65cd2382,1,0,1,1,1,1
case_f3b77a4f,0,0,1,1,1,0
case_f5b7305d,1,0,1,1,0,1
case_aa350196,1,0,1,1,1,1
case_600c6396,1,1,1,1,0,1
case_bc4ed3f0,0,1,1,1,1,1
case_a9506585,0,1,0,0,0,1
case_8dfdc6a3,1,1,1,0,1,1
case_e7a058a7,1,1,1,1,1,1
case_af154102,1,0,1,0,1,1
case_d4975461,1,1,1,1,1,0
case_b297ec5d,1,0,1,1,1,1
case_b6a5e9a9,0,0,1,1,1,0
case_e91fc6fa,0,1,1,1,1,1
case_cb03e851,0,0,1,0,1,1
case_87e3e2e6,1,0,1,0,1,1
case_0de40218,0,1,0,1,0,1
case_1b767222,0,0,1,1,0,1
case_22ba68af,0,1,1,1,1,1
case_a02df75a,1,1,0,0,0,1
case_226d3e7e,1,1,1,1,1,1
case_835e88dd,0,1,1,1,1,1
case_959c6073,0,0,1,1,0,1
case_d82478a2,1,1,0,1,1,1
case_23655ee8,1,1,1,1,1,0
case_43e6aeb2,1,0,1,1,1,0
case_81aa3b61,1,1,1,1,1,1
case_00f8cc70,1,0,1,0,0,1
case_7882cd5a,0,0,1,1,1,0
case_9d95932e,1,1,1,1,1,1
case_083f1244,1,1,1,1,1,1
case_e091614a,0,1,1,1,1,0
case_c6c5c9ac,1,1,1,1,1,1
case_2dc58348,1,1,1,1,1,1
case_58adf134,0,1,1,1,0,1
case_ae2a102f,0,0,1,1,1,1
case_ea155021,1,1,1,1,1,1
case_badf8ec7,1,1,1,0,1,0
case_eee9c2c4,1,0,1,1,0,1
case_9cc5d3c7,1,1,1,0,1,0
case_07b58e57,1,1,1,1,1,1
case_6b0c0739,0,0,1,1,1,1
case_cca37e77,0,0,1,1,1,1
case_c5c6fe21,1,0,0,0,1,1
case_7aaab51a,0,0,1,0,0,0
case_b2828751,0,1,1,1,1,1
case_f03fd550,1,0,1,1,1,1
case_21b1259e,1,1,1,1,1,1
case_c3d2d8c1,0,0,1,0,1,1
case_14c8af8b,0,1,1,0,0,0
case_4b9327ea,1,1,1,0,0,1
case_8d1cf977,0,1,1,1,1,1
case_ddfdf972,1,1,1,1,1,1
case_44919be7,1,1,1,1,1,1
case_8039a44d,0,1,1,1,0,1
case_3508e269,0,1,1,0,1,0
case_95def42c,1,1,1,1,1,1
case_0f1d7d75,1,1,1,1,0,1
case_7b183026,1,1,1,1,0,1
case_6378bc69,1,0,1,1,1,1
case_0893e4b2,0,0,1,1,1,0
case_698cc350,0,0,1,1,0,1
case_1e509190,1,1,1,1,1,1
case_eb10e4cb,0,0,1,1,1,0
case_0d553d89,1,0,0,1,0,1
case_5f7c28e1,1,1,1,0,1,1
case_6eed8d52,0,0,1,1,0,1
case_b3edd05b,1,1,0,1,1,1
case_0c67abd6,1,1,1,1,1,1
case_6bf77a33,1,0,1,0,0,0
case_c17b1cb7,1,0,1,1,1,0
case_dc9652fe,1,0,1,1,1,0
case_50c5554e,0,1,1,0,1,1
case_966cb4f2,1,1,1,1,1,0
case_cbcfd0c5,1,0,1,1,1,1
case_bf790099,1,1,0,1,1,1
case_20ecf54b,1,1,1,1,0,1
case_df2023f2,1,0,1,1,1,1
case_6465622a,1,1,1,1,0,1
case_b93b00b3,1,1,1,1,1,1
case_5ec53753,0,0,1,1,1,1
case_808f6c1c,0,0,0,1,1,1
case_dc1ce176,0,0,0,1,1,1
case_c9a41f40,1,1,1,1,0,1
case_7391cd73,1,0,1,1,1,0
case_776c8091,0,1,0,1,1,0
case_819655be,1,1,1,1,1,1
case_9f7e9180,0,1,0,0,0,0
case_9a6ba4b7,1,1,1,1,1,1
case_e236b29d,0,0,1,1,0,1
case_81bceecd,0,0,1,0,1,1
case_6b74fd36,1,1,1,1,1,1
case_3909b315,0,1,1,0,0,1
case_65ec9046,1,1,1,1,0,1
case_126762be,1,1,1,1,1,1
case_10125c35,0,0,1,1,1,1
case_71b8358f,1,1,1,0,1,1
case_99d7ed3c,1,1,1,1,1,0
case_24e6772b,0,0,1,0,1,1
case_6c0aa98a,1,0,1,1,1,1
case_f432e4cd,0,0,1,0,1,0
case_87f43600,1,0,1,0,0,1
case_f5408bce,1,1,1,1,1,1
case_b6780141,1,1,1,1,1,1
case_74383460,0,1,1,1,1,0
case_38b54108,0,0,1,1,1,1
case_24d30e04,1,1,1,0,1,1
case_784f5834,0,0,1,1,1,1
case_2e0de000,1,1,0,1,1,1
case_f20edc26,1,1,0,1,1,1
case_82320546,0,1,1,1,1,1
case_3c63d9bb,1,1,1,1,1,1
case_970a8839,0,0,1,1,1,1
case_0ee061cc,1,1,1,1,1,1
case_573ec528,1,1,1,1,1,1
case_e65eb8c8,0,0,1,0,0,1
case_fd411449,0,1,1,1,1,0
case_9e63503a,1,1,1,0,1,1
case_0329f8d7,0,0,1,0,0,1
case_fdb07202,1,0,1,1,0,1
case_ac297c82,0,1,1,1,1,1
case_ed37e229,1,1,1,0,1,1
case_485e8569,1,0,0,0,0,0
case_7eef6fa4,1,1,1,1,0,1
case_f5ea7f94,1,0,1,1,1,1
case_301f1996,0,1,1,1,1,1
case_c44650de,1,1,1,0,1,1
case_247c0295,0,0,1,0,1,1
case_624651c1,1,1,1,1,1,1
case_6f49623d,0,0,1,1,0,1
case_216542e1,1,0,1,0,1,1
case_38e5663d,1,1,1,1,1,1
case_5ee2f2d6,0,0,1,0,1,1
case_773951a8,0,1,1,1,0,0
case_36bfcd84,1,0,1,0,0,1
case_2c4b3dd7,1,0,1,1,0,1
case_86c55205,1,1,1,1,1,1
case_2377861f,0,1,1,1,1,0
case_18030201,0,1,1,0,1,1
case_2c1a4150,1,1,1,1,1,1
case_f1c187d5,1,1,1,1,0,1
case_8786da68,0,0,1,0,0,0
case_b5465996,1,1,0,1,0,1
case_df77f2b6,0,0,1,1,1,0
case_107697fc,0,1,1,1,1,0
case_d5c6a62b,1,1,1,1,1,0
case_e37cad84,1,1,1,1,1,1
case_3c232de3,0,1,1,0,0,0
case_c21e0eec,1,1,1,1,1,1
case_8a505071,1,1,1,1,1,1
case_828aaa10,1,1,1,1,0,0
case_3e1250ba,0,0,1,1,0,1
case_9cb284e8,0,0,1,1,1,1
case_59b33ff1,0,1,0,1,0,1
case_ae18a4c9,1,1,1,1,1,1
case_c6669527,0,1,1,1,1,1
case_704b5b85,1,1,0,1,0,1
case_e4cdb72a,1,0,1,1,1,1
case_7a92e0c9,1,1,1,1,1,1
case_0888433f,0,0,0,1,1,0
case_2549e03e,0,1,1,1,1,1
case_de089081,1,1,1,1,1,1
case_a588b396,1,0,1,0,1,1
case_a38ae148,0,0,1,1,1,0
case_78f9b84b,1,1,1,1,1,1
case_63fd5ca7,0,1,1,0,1,0
case_315038d2,1,0,1,1,1,1
case_e76132e2,0,0,1,0,0,0
case_cef97ef7,1,0,1,1,1,0
case_775b7dff,1,0,1,1,1,1
case_17d5e325,1,1,1,1,1,1
case_5d027ddf,0,1,0,1,1,1
case_89fcdb40,1,0,1,1,1,1
case_a1d31429,0,1,1,1,1,1
case_e07142ec,0,1,1,1,1,1
case_9d6a9c86,1,1,1,1,0,1
case_ffc3b40d,0,1,0,0,0,0
case_ef878bf3,0,1,1,0,1,1
case_ef98f39d,1,1,1,1,1,1
case_5c619e98,0,1,1,0,1,0
case_ee1c524c,1,1,1,1,1,1
case_152a4225,0,0,1,0,0,1
case_b857dea2,1,1,1,1,0,1
case_d87e1e65,1,1,1,1,1,1
case_e679a070,1,1,1,1,1,1
case_7c16751a,1,1,0,1,0,1
case_f0917e7d,0,1,1,1,1,1
case_c8c208af,1,1,1,1,1,1
case_5d36c539,0,0,1,0,1,1
case_d0c110f7,1,1,1,1,1,1
case_c2fdfa93,0,1,1,1,1,1
case_e89bffa8,1,1,1,1,1,1
case_38ec66cc,0,1,1,1,1,1
case_8dd19b7f,0,0,0,0,0,1
case_e98608e2,0,0,1,0,1,1
case_43b8a6c6,1,1,0,0,1,0
case_47a547d6,1,1,1,1,1,1
case_07e68710,0,1,1,1,0,1
case_83767d2d,1,0,0,0,1,1
case_59d5d4dd,1,0,1,0,1,1
case_7e2aa6cf,1,1,1,1,1,1
case_a1bf298a,1,1,1,1,1,1
case_1613e8fb,1,1,1,1,0,1
case_7d074e0c,1,1,1,1,1,1
case_713a1369,1,1,1,1,1,1
case_c479a3aa,1,1,1,0,1,1
case_dbd8942b,0,0,1,1,1,1
case_08719cb8,0,1,1,1,1,1
case_762cc95e,1,1,1,1,1,1
case_9b9d3915,0,1,1,0,1,1
case_0fc6a108,0,0,1,0,0,1
case_76a5ecad,1,1,1,1,1,1
case_ee97bca2,0,0,1,1,1,1
case_9e6aeba5,1,1,1,1,1,0
case_79c6d23b,1,1,1,1,1,1
case_42cf12f4,1,0,0,0,0,0
case_1da341f8,1,1,1,1,1,1
case_9c3d4fc9,1,1,1,1,1,1
case_93a56cd4,0,0,1,0,0,1
case_ba7e162b,0,1,1,0,1,0
case_da577369,1,1,1,0,0,0
case_25a7f5dd,0,1,1,1,1,1
case_71c0543a,1,1,1,1,1,1
case_60ebe850,1,0,1,1,0,1
case_4901c0ed,1,1,1,0,0,1
case_070bbb03,1,1,1,0,0,1
case_7409f5ea,1,1,1,1,1,0
case_61815a8c,0,0,1,0,1,1
case_1743db8e,0,1,1,1,1,1
case_f671ca98,1,1,1,1,1,1
case_10ed816d,1,1,1,1,1,1
case_98474a39,1,1,1,1,1,1
case_da90fd0c,1,1,1,1,1,1
case_b3cacb5b,1,1,1,1,1,1
case_8026afbb,1,1,1,1,1,1
case_e46ce6d5,1,1,1,1,1,1
case_496b70c5,1,1,1,1,1,1
case_b2260e39,0,0,1,1,1,0
case_6deea0f6,1,0,1,0,0,1
case_3c9ec267,0,0,1,0,1,1
case_57b787d0,1,1,1,0,1,1
case_261b29ee,1,1,1,0,1,1
case_8684528f,1,1,1,1,1,1
case_fd695431,1,1,1,1,1,1
case_d109e04b,1,1,1,0,1,1
case_34648f20,1,1,1,0,1,0
case_21f061a3,1,0,0,0,0,0
case_176da919,1,1,1,1,1,1
case_c3a1b547,1,1,1,1,1,1
case_af8b0fa4,0,0,1,0,1,1
case_d7fdb175,1,1,1,1,1,1
case_ff50de79,1,0,1,1,0,0
case_488add07,1,0,1,0,1,0
case_2b4aaed8,1,1,1,1,0,1
case_824b183a,1,0,1,1,1,1
case_733a720a,1,1,1,1,0,0
case_56bcd5d1,1,1,1,1,1,1
case_faaebd2c,0,0,1,0,1,1
case_55f594ff,1,0,1,0,1,1
case_fe22462f,0,0,1,1,0,1
case_6bcb2755,1,1,1,1,1,1
case_4f2c00d1,1,0,1,1,1,1
case_3a419dd8,0,0,0,0,1,0
case_a0ece55a,0,1,1,1,1,1
case_ed7cbd28,1,0,1,0,1,0
case_9263a9e8,1,1,1,1,1,1
case_9d343fdb,1,1,1,1,1,1
case_75825d2b,0,1,1,1,1,1
case_c3a9b111,1,1,1,0,1,1
case_0791e392,1,0,1,1,0,1
case_9213de0b,1,1,1,1,0,1
case_c18054b2,1,1,1,0,0,0
case_a122f8e3,0,1,1,1,0,0
case_d5526129,0,1,1,0,0,0
case_e76a3926,0,0,1,0,0,1
case_2c9f3e54,1,0,1,0,0,1
case_473cfda1,1,0,1,1,1,1
case_1ef533a1,1,0,1,0,1,1
case_871d9cc4,0,1,1,1,0,1
case_ba5bf28c,1,1,1,1,1,1
case_8b0df695,1,0,1,1,0,1
case_230d2386,1,1,1,1,1,0
case_28a95c4c,1,1,1,1,1,1
case_a1bea331,0,1,1,0,1,1
case_71f90769,1,1,1,1,1,1
case_9b6cb77b,1,1,1,1,1,1
case_3354f278,1,1,1,1,0,1
case_2f0e6cf5,1,1,1,1,1,0
case_4fc1baf2,1,1,1,0,1,1
case_9e77e8ad,1,0,1,1,0,0
case_f2c1678c,1,1,1,1,1,1
case_49563cba,0,0,1,1,1,1
case_d7356358,0,0,0,0,1,1
case_a6e935d9,1,0,1,1,0,1
case_39264377,0,1,1,1,0,1
case_7a938148,0,1,0,1,1,1
case_e0762021,1,1,1,1,1,1
case_8393377e,1,1,1,1,1,1
case_5cbd0bbe,0,0,1,0,1,0
case_e1dd1c93,1,1,1,1,1,0
case_014c8c93,1,1,1,0,1,1
case_25bcaa89,0,0,1,1,1,1
case_6130daeb,1,0,1,1,1,1
case_e7353e91,0,0,1,0,0,0
case_bcb9949e,1,0,1,1,0,1
case_2a1e2669,1,1,1,1,1,0
case_0f9f6884,1,1,1,0,1,1
case_66e9c43a,1,0,1,1,1,0
case_b8bf7f88,1,1,1,1,1,1
case_a6c4aadb,0,1,0,0,0,1
case_8eb69334,1,0,0,0,0,0
case_2b683ea0,1,1,0,1,1,1
case_a1a88e0b,1,1,1,0,0,1
case_a40e7261,0,0,1,1,0,1
case_9f6a4bdc,1,0,1,0,1,0
case_88b458e3,0,0,1,1,1,1
case_16d31056,1,1,1,1,1,0
case_b75c6700,1,0,1,1,1,1
case_b2a59f4d,0,0,1,1,1,0
case_53bef5aa,1,0,1,0,1,1
case_2a817707,0,0,1,1,0,0
case_cdc2627c,0,0,1,1,1,1
case_7fbc3172,1,1,1,1,1,1
case_643a94f0,0,0,1,1,0,0
case_c29c697a,1,1,1,1,1,1
case_e8574d59,1,1,1,1,0,0
case_4f39c52e,1,1,1,1,1,1
case_f50174f4,0,1,1,1,1,1
case_301fe556,0,1,0,1,1,1
case_6c8469da,0,0,1,1,1,1
case_cb50ce57,1,0,1,1,1,1
case_5bfbd0af,0,0,1,1,0,1
case_b18337bd,0,0,1,0,0,0
case_8c4ee0d0,0,0,1,1,0,0
case_ff12aecf,0,0,1,1,0,1
case_4b199565,1,1,1,1,1,1
case_5e311f73,0,0,1,1,1,1
case_de65fc7f,1,1,1,1,0,0
case_139d4a92,1,1,1,1,1,0
case_cab6b4db,1,0,1,1,0,1
case_d1d6b564,0,1,0,1,1,1
case_d23cf797,0,1,0,1,1,1
case_0b240f15,1,0,0,1,1,1
case_4e0387e1,0,0,1,1,0,1
case_1220eea5,1,0,1,1,1,1
case_5bcba811,0,0,1,0,1,0
case_6a562608,0,1,0,1,1,1
case_6b112c65,1,1,0,1,1,1
case_af04f5d5,0,0,1,1,0,1
case_db019a7c,1,1,1,0,1,1
case_d003b8a8,1,0,1,1,1,1
case_7613ddff,1,1,1,1,1,1
case_8a6ed003,1,0,1,0,0,1
case_e121000c,0,1,1,1,1,1
case_c6a224b5,0,1,1,1,0,0
case_e6312fac,0,1,1,1,1,1
case_2cbfbee9,1,1,1,1,1,0
case_c5bfd437,1,1,1,1,1,0
case_cbb3887d,0,1,1,0,1,0
case_be3380a0,0,0,1,1,0,1
case_4fd27587,0,1,1,1,0,0
case_6ec8c23b,0,1,1,0,0,1
case_f8c0420e,0,1,1,1,1,1
case_52966531,0,1,0,0,1,1
case_9bb45d2b,0,1,1,0,1,0
case_744654aa,0,1,1,1,1,1
case_e581ebe3,1,0,1,1,1,1
case_5f7e47ea,0,0,1,0,0,0
case_9b0bc3d5,1,1,1,1,1,0
case_16689b31,1,0,1,1,1,0
case_379b6385,1,1,1,0,1,1
case_aee3cc46,1,1,1,1,1,1
case_5f0a6af5,1,0,1,1,1,0
case_7f044107,1,1,1,1,1,1
case_805dcb95,1,1,1,1,1,1
case_a6477724,0,1,1,1,1,1
case_83f3a582,0,1,1,1,0,0
case_9191d8b2,0,1,1,1,1,1
case_6a5a5a14,1,1,1,1,1,1
case_86e0160b,0,0,0,1,1,0
case_4a40b976,0,0,1,0,1,1
case_9aaab6aa,0,0,0,0,0,0
case_18466444,1,1,1,1,1,0
case_47b61fb8,0,0,1,1,0,0
case_f5af7601,1,0,1,0,1,1
case_82aaa48c,0,0,1,0,0,0
case_f9bdab0b,0,0,0,1,1,1
case_c4b68477,1,1,1,1,0,1
case_0f84e546,1,0,1,0,1,0
case_6529a10b,1,1,1,1,1,1
case_fd96c2e5,1,1,1,0,1,1
case_9c4c7ae0,1,0,1,1,1,0
case_06a471a1,1,1,1,1,1,1
case_df0197c6,0,0,1,0,1,0
case_c10c1788,0,0,1,1,0,1
case_0215904d,0,1,1,1,0,1
case_f44237b8,0,1,1,1,1,1
case_3b83c1ef,1,1,1,1,1,1
case_535d626c,0,1,0,0,1,1
case_dfb0ee75,1,1,1,1,1,1
case_c60113c8,1,1,0,1,1,1
case_95854690,1,1,1,1,1,1
case_66707dff,1,1,1,1,1,1
case_0018a23d,0,1,1,1,0,1
case_32e3515e,0,1,1,0,0,0
case_6f783274,0,0,1,0,0,0
case_5b506789,0,1,1,1,0,1
case_a2897c18,0,0,1,0,0,0
case_d7ec2b0e,0,0,0,0,0,1
case_30f46117,1,1,1,1,1,1
case_0d5f29d2,0,1,0,1,0,1
case_206b79e8,1,1,1,1,1,1
case_e5d16fc3,0,1,1,1,0,1
case_36607ac1,1,1,1,1,1,0
case_ced418c6,1,1,1,1,1,1
case_b57db94f,1,0,1,1,0,1
case_c9482420,1,1,1,1,1,1
case_375b3357,0,1,1,0,1,1
case_1c0f7d04,1,0,1,1,1,0
case_4a275947,0,1,1,1,1,1
case_05b90366,1,0,1,1,1,1
case_417d9653,1,0,0,1,1,1
case_47b70fb2,1,0,1,1,1,1
case_f617c5be,0,0,1,0,1,1
case_8a225114,1,0,0,1,0,1
case_59ef164c,1,1,1,1,1,1
case_d988a445,1,1,1,1,1,1
case_50441a9e,0,1,1,0,1,0
case_6dfa9380,1,1,1,0,1,1
case_6ad2ed04,0,0,1,0,1,1
case_3b61fe7f,1,1,1,1,1,0
case_0c259762,1,1,1,1,1,1
case_4c8496f5,0,1,1,0,1,1
case_6717d4e3,0,0,1,1,1,1
case_b11b9e5a,1,1,1,1,1,1
case_520ba4d8,1,1,1,0,1,1
case_adc539a7,1,0,1,1,1,0
case_c9438220,1,1,1,1,1,1
case_6ba585b8,1,1,0,1,1,1
case_40e399b2,1,1,1,1,0,1
case_3406ddc6,1,1,0,0,0,0
case_de3c8c8e,1,1,1,1,0,1
case_fa175cb4,1,1,1,1,1,1
case_0ee2c7af,1,0,0,0,0,1
case_95eb97f6,1,1,0,1,1,1
case_cc896731,0,0,1,1,0,1
case_75807b6c,1,0,1,1,0,1
case_6b606fa8,0,0,1,1,1,1
case_b5709e3c,0,0,1,0,1,1
case_c71f61b1,1,1,1,1,1,1
case_ca35bcdf,0,1,1,0,0,1
case_4db32428,1,0,1,1,1,0
case_df4b7154,0,1,1,1,1,1
case_b1d509d8,0,0,1,1,0,0
case_41c2551d,0,1,1,1,1,1
case_e3cded27,0,0,1,1,1,1
case_5d8b0df9,1,1,1,1,1,1
case_0f9e947f,1,1,1,0,0,1
case_3e8a2348,1,0,1,1,0,1
case_4c13b606,1,1,1,1,1,0
case_244ae569,0,0,1,1,1,0
case_19db8ac7,1,0,1,1,1,1
case_8b5042d2,1,0,0,1,0,1
case_a2308853,0,0,1,1,1,0
case_e8d80fc7,1,0,1,1,0,1
case_8f8cc29d,0,0,1,1,0,1
case_cb391b8e,1,0,1,1,1,0
case_9f725e8d,1,0,1,0,1,0
case_5f738f6d,0,0,1,1,1,1
case_526288f8,0,1,0,0,0,1
case_c1ecac0c,1,1,1,1,1,1
case_55f097c8,0,1,1,0,0,1
case_a2d852cb,1,0,1,0,0,1
case_e8f57984,0,0,1,0,1,0
case_3da34bd2,0,1,1,1,1,0
case_4b17db4f,1,0,1,1,1,1
case_f5cdfea4,0,0,1,1,1,1
case_088d0135,0,1,1,1,1,1
case_15dc9354,1,1,1,0,1,1
case_0d7aed7e,1,1,1,1,1,1
case_e456bee3,1,1,1,1,1,1
case_41f7b353,1,0,1,0,1,1
case_e8670648,0,0,1,0,0,0
case_f8f2079b,1,1,1,1,1,0
case_fcd0b0dc,0,1,1,1,0,1
case_f04e0394,0,0,1,1,1,0
case_02580d93,1,1,0,1,1,1
case_4d26ff61,1,1,1,0,1,1
case_630fc8ec,1,0,1,0,1,1
case_2608f9a6,0,1,1,1,1,1
case_6be47116,1,0,1,0,1,1
case_a99bd167,1,0,1,1,0,1
case_b82f147d,1,0,1,1,1,1
case_d3a6a2b0,1,0,1,0,1,1
case_e54f34a0,1,1,1,1,1,1
case_56f78933,0,1,1,1,0,1
case_73ed7224,0,0,0,1,0,0
case_0fbe5486,0,1,1,1,1,1
case_5b726c35,1,0,0,0,1,1
case_8c9e5223,1,0,1,1,1,1
case_df0f9fdc,1,1,1,1,1,1
case_7c72e30c,0,1,1,0,1,1
case_e170cccd,0,0,1,1,1,1
case_cd2d3ec2,1,1,1,1,1,1
case_ead02922,0,1,1,1,1,1
case_043fabd6,1,0,1,1,1,0
case_0a1597f7,0,0,1,1,0,1
case_dc6f9981,0,0,1,1,0,0
case_1ef97ac3,0,1,1,1,1,1
case_25779ab0,1,1,1,1,0,1
case_08446d90,1,0,1,1,1,0
case_8f68dc13,0,1,1,1,0,1
case_46bdbeb2,0,1,1,1,1,1
case_1ec9285f,1,0,1,0,1,0
case_f24ac20c,1,0,1,0,1,0
case_af6cd679,1,1,1,1,0,1
case_a2afbf42,0,1,1,1,1,1
case_bc03b689,0,0,1,1,0,1
case_331b5183,1,0,1,1,1,0
case_7508f724,1,1,1,1,1,1
case_3afbe22e,1,1,1,1,1,1
case_652a7d7a,1,1,1,1,1,1
case_fb4750f9,1,0,1,0,1,1
case_6fda6100,1,0,0,0,0,1
case_dfc19520,1,1,1,1,0,0
case_fc99addf,0,0,0,1,0,1
case_5729759c,0,1,1,1,0,1
case_edbaffc2,1,1,1,0,0,0
case_a4645187,0,1,1,0,1,1
case_2dce3d81,0,0,1,0,1,1
case_85ddee11,1,1,1,0,1,1
case_841f75a1,1,1,1,0,0,1
case_88028d5b,1,1,1,1,1,1
case_ed4bd7f2,0,1,0,0,0,1
case_84509716,1,1,1,1,1,1
case_2c5b68e1,1,0,1,1,0,1
case_700b01f4,0,0,1,1,0,1
case_47fcf3e9,0,1,1,1,1,0
case_43659029,1,1,0,1,1,0
case_6a0c0993,0,1,1,1,1,1
case_734db165,1,1,1,0,1,1
case_3f634ec5,1,1,1,1,1,1
case_9419cb98,0,1,1,0,0,0
case_223f3477,0,0,1,1,1,0
case_d252a0b0,0,1,1,1,1,1
case_3a3cf635,0,0,0,1,1,1
case_db4b2620,1,0,1,0,0,1
case_6c7fc0d6,0,0,1,1,1,0
case_0b1fa79b,0,0,1,1,1,1
case_dd100366,1,1,1,1,1,1
case_50cc81d4,0,0,1,1,1,1
case_370f68d4,1,1,1,1,0,1
case_2f2bc471,0,0,1,0,0,1
case_ac0bef53,0,0,1,0,0,0
case_1bb52437,1,1,1,1,1,1
case_a6694201,1,0,1,1,1,1
case_427cdbf9,1,1,1,0,1,1
case_84671620,0,0,1,0,0,1
case_5414aef8,0,0,1,0,1,1
case_8a232f5e,1,0,1,0,1,1
case_1770e794,1,1,1,1,1,1
case_4c862717,1,1,1,1,1,0
case_f788076f,0,0,1,0,0,0
case_d008fc1d,1,0,1,1,1,1
case_453f27f7,1,0,0,1,0,1
case_bb775497,0,0,1,1,1,1
case_7e28d9d1,0,0,0,1,1,1
case_a55cc4c6,0,1,1,1,0,0
case_5a79f103,1,1,1,1,1,1
case_e7205230,0,1,1,0,0,1
case_716f8eb9,0,1,1,1,1,1
case_ef9b0f9f,1,0,1,0,0,0
case_4b4b99e9,1,0,1,1,1,1
case_1ae71d99,1,1,1,0,1,1
case_2745cee6,0,0,1,1,1,1
case_265959b1,1,1,1,0,0,1
case_b1134efd,1,0,1,1,1,1
case_6b487424,0,0,1,1,1,1
case_83eabc78,0,0,0,1,1,1
case_d212e478,0,0,1,1,1,1
case_e7fcc40a,1,0,1,1,1,1
case_17a4514d,1,1,1,1,1,1
case_af09b02a,0,0,1,1,0,1
case_7a81de81,1,1,1,1,1,1
case_33d45bec,1,1,1,0,1,1
case_6a5fb174,0,0,0,1,1,1
case_3f1dbec6,1,0,1,1,0,0
case_fc71e0c9,1,0,1,1,1,1
case_fa0ccbc6,1,0,1,1,0,1
case_49de8033,1,1,1,1,1,1
case_7762409d,1,0,1,0,1,0
case_5c79fbb0,0,0,1,1,0,0
case_1f690bf6,1,0,1,0,0,0
case_410eaff8,0,1,1,1,1,1
case_3028d4dd,1,1,1,1,1,1
case_1a3d1c90,0,1,1,1,1,1
case_11c5b7fe,1,1,1,1,1,1
case_2ecc60a2,1,1,0,1,0,1
case_d58a8412,1,0,1,0,1,0
case_516e7397,1,1,1,1,1,1
case_d1f12d78,0,0,0,0,0,1
case_34fd4b80,1,1,0,1,0,0
case_903444cf,0,1,1,1,1,1
case_f6d65033,0,1,0,1,0,0
case_d46be1e1,1,1,0,1,1,1
case_b8a00a8f,1,1,1,1,1,1
case_c39d924e,1,1,1,1,0,1
case_3cc73f22,1,0,1,1,1,1
case_e34b0497,1,0,1,0,1,1
case_e7d3588b,0,0,1,1,1,1
case_d2dea2f0,1,1,1,1,1,1
case_fa1c8f6c,1,1,0,0,0,1
case_51d02571,1,1,1,1,1,1
case_583ce22f,1,1,1,0,1,1
case_1b29d889,1,0,1,1,0,1
case_0a173a34,1,1,1,1,1,1
case_27dccc71,1,1,1,1,1,1
case_dc6368a1,0,0,1,0,1,1
case_0ce2f9bb,1,0,1,1,1,1
case_7dd474a1,1,1,1,1,1,1
case_dc641161,1,1,1,0,1,0
case_a92671b3,1,0,0,1,0,1
case_077f4d28,1,1,0,1,0,1
case_e8df0d38,0,1,1,1,1,1
case_c4a322e7,0,1,1,1,1,1
case_e6997e28,1,1,1,1,1,1
case_10962d63,1,1,1,0,1,1
case_5f98c221,1,0,1,1,1,1
case_a2dca899,1,0,1,1,1,1
case_9ca827b6,1,1,1,1,1,0
case_fa725f71,1,0,1,0,0,1
case_b1439a40,0,1,1,1,0,1
case_1c8f0848,1,1,1,1,1,0
case_93fbaede,0,1,1,1,0,1
case_418e94ac,1,0,1,1,1,1
case_9c1849a4,1,1,1,1,1,0
case_026b5291,1,0,1,0,1,1
case_bc790552,1,1,1,0,1,1
case_a792d39a,1,0,0,1,1,1
case_f41d3ab0,0,1,1,1,0,1
case_23a7ecd6,0,0,1,0,1,1
case_69565e55,0,1,1,1,1,1
case_431789c4,1,1,1,1,1,1
case_0592fff6,0,1,1,1,0,1
case_f7db6621,0,1,1,1,1,1
case_efdd622d,1,1,1,1,1,1
case_417658db,1,0,1,1,1,1
case_cbb8d532,1,1,1,0,0,1
case_58f3af62,1,1,1,1,1,1
case_6863d2e8,0,1,1,1,1,1
case_97d98bdd,1,1,1,1,1,0
case_494d5553,1,0,1,1,0,1
case_1ff7b58d,1,0,1,0,1,1
case_116d8639,0,0,1,1,0,0
case_5b116cd8,1,1,1,0,1,1
case_507862be,1,1,1,1,1,1
case_dee9f164,1,0,1,0,1,1
case_24f78f28,0,0,1,1,1,1
case_4ffd2d2d,0,0,1,1,1,1
case_953578aa,1,1,1,1,1,1
case_a582bd6c,1,1,1,0,1,1
case_ad32d9be,0,0,1,0,1,1
case_7e9f820a,0,0,1,1,0,0
case_afa3dc4e,1,1,1,1,0,1
case_7dcdf0a8,1,1,1,1,1,1
case_6ead6392,0,1,1,1,0,1
case_db5b58bd,1,1,1,1,1,1
case_86a9ecb6,1,0,1,0,0,0
case_1c9070a4,1,1,1,1,1,1
case_30c81bf3,1,0,0,1,1,1
case_1e39f755,1,0,1,0,0,1
case_0c082046,1,1,1,1,1,1
case_1ab0f598,0,0,1,0,0,0
case_36dab5a4,0,1,1,0,1,0
case_2187b86a,0,1,0,1,0,1
case_8f1c8ad0,0,0,1,0,0,1
case_ff2e6629,0,1,1,1,0,0
case_932d5675,0,0,1,1,1,0
case_a4a6a2d1,0,1,1,0,0,1
case_86ba5918,1,1,1,1,1,1
case_95c61b5a,1,1,1,0,0,1
case_b4f5a50c,0,1,1,1,1,1
case_6dd3d7af,0,0,1,0,1,1
case_af967ce3,0,1,1,0,0,0
case_5935965d,1,1,0,0,0,0
case_dff9536e,1,0,1,0,1,1
case_c437b2ab,0,1,1,1,1,1
case_c71c8884,1,1,0,0,1,1
case_3097e3da,1,0,1,1,1,1
case_9edd54ff,1,0,1,1,1,0
case_b41cdad3,1,1,1,1,1,1
case_37e0a3a0,0,0,1,1,1,1
case_61befb38,0,1,1,1,1,1
case_5edd0710,0,0,1,1,1,1
case_ce0c5d06,0,1,0,0,0,1
case_01f803f0,1,1,1,1,0,1
case_e82231fe,1,0,1,1,1,1
case_e3ffeff0,1,1,1,1,0,1
case_d9beed40,1,0,1,0,0,0
case_d0899cf0,0,0,1,1,1,1
case_ade93be7,1,1,1,1,1,0
case_0a7314a4,1,0,1,0,1,1
case_60689ffa,1,1,1,1,1,1
case_7d750c51,1,1,1,1,1,1
case_e9a8a4bf,0,0,1,0,1,1
case_ab677f72,1,1,1,0,0,1
case_04be09c6,1,1,1,1,1,1
case_b638d9d6,1,1,1,1,1,0
case_adfd7ea1,1,0,1,1,0,1
case_c4f5c9ee,0,1,0,1,1,1
case_14fb8b09,1,0,1,1,0,0
case_747917d3,0,0,1,1,1,0
case_3479da72,0,1,1,1,1,1
case_7e8c123f,0,1,0,1,0,1
case_f00d8ee7,1,0,1,1,0,0
case_b8b913f5,1,1,1,1,1,1
case_1f57b9f6,1,1,1,1,1,1
case_47d8bae7,1,1,1,1,1,1
case_20e39876,1,0,1,1,1,1
case_545288c2,1,1,1,1,1,1
case_19490daa,0,0,1,1,1,1
case_bbce9a05,1,1,1,1,1,1
case_72e94b18,1,0,1,1,1,0
case_48c0bacf,1,0,1,1,0,1
case_30906ec6,1,1,1,0,1,1
case_c8d5e4c1,0,1,1,1,1,0
case_81a688bd,1,0,0,0,0,1
case_55f96c53,1,1,1,1,1,1
case_e113f081,1,1,1,1,0,0
case_cf64fd9e,0,0,1,0,0,0
case_ffb6130a,1,1,1,1,1,1
case_eccff770,0,0,1,0,0,1
case_5f4c5185,0,0,0,1,1,1
case_99d65479,0,0,1,1,0,0
case_6e03f89a,1,1,1,1,1,0
case_cd30bcea,1,1,0,0,1,1
case_4af76ab2,1,1,1,1,1,1
case_22d43fc8,1,0,1,1,1,0
case_71c9908d,0,1,1,1,1,1
case_52e354b8,1,1,1,1,1,1
case_ccdede5f,1,1,1,1,1,1
case_01eab4b9,0,0,0,0,0,0
case_5b8d50d1,1,1,1,1,1,1
case_71fff7cb,0,0,1,1,0,1
case_20d8674b,0,0,1,1,1,1
case_5f0c6077,1,1,1,0,1,1
case_67766dd9,1,1,1,1,1,1
case_6f84cd15,1,1,1,0,1,1
case_403bf989,1,0,1,1,1,1
case_1ba95d3a,1,1,1,1,0,0
case_1992fc32,1,1,0,1,1,1
case_f421610d,1,0,1,1,1,1
case_1702fb70,0,0,1,1,1,1
case_cf9b45eb,1,0,1,1,1,0
case_f7c0a733,0,1,0,1,1,0
case_603f834b,1,0,1,1,0,0
case_1d5e8156,0,1,1,1,0,0
case_2fd201a6,1,0,1,0,1,0
case_b1597d10,0,1,1,1,1,1
case_0b810985,1,0,1,0,1,1
case_95d5c30d,1,1,1,1,0,0
case_8c750d16,1,1,1,1,1,1
case_a94dbec1,1,1,1,1,1,1
case_c594959e,0,1,1,1,1,0
case_cae60ea5,0,0,1,1,1,1
case_f01742b3,1,0,1,1,1,0
case_b9f8f72c,0,0,0,0,0,0
case_6081f449,1,1,1,1,1,1
case_ca2d519c,0,0,1,0,0,1
case_d45d4bf9,0,0,1,1,0,0
case_768bff9c,0,0,1,1,1,1
case_06154ccb,1,1,1,0,1,1
case_9c59cd7e,0,1,1,0,0,0
case_85681c22,0,0,1,1,1,1
case_80919baa,1,0,1,1,0,1
case_ae763057,1,1,1,1,0,1
case_df7c8280,0,0,1,0,0,1
case_add51587,1,1,1,1,0,1
case_b1216f6c,1,1,1,1,1,1
case_bbfed643,1,1,1,1,1,1
case_4761df71,1,0,1,0,1,0
case_15587554,1,0,1,0,1,0
case_b3c3359c,0,0,0,1,1,1
case_62bc493f,0,1,1,1,1,1
case_63669e8b,0,1,1,1,0,1
case_5312bc19,1,0,1,1,1,1
case_ed1642e5,1,1,1,1,1,1
case_ed7216a2,0,0,1,0,1,1
case_4c7e030a,0,1,1,0,0,1
case_6b3bf3f2,0,0,1,1,1,1
case_ea74755f,1,1,1,1,1,1
case_e637df00,0,1,1,1,0,1
case_cd90fd20,0,0,0,1,1,0
case_4ee996f9,1,1,1,1,1,1
case_7d729e0a,0,0,1,0,0,1
case_06351446,0,0,1,0,0,1
case_b956aef8,1,1,1,1,1,1
case_a4062802,1,1,1,0,0,1
case_dd5aec3f,0,1,0,1,0,0
case_af0ecb9b,1,1,1,1,0,1
case_f436753d,0,1,1,1,1,1
case_60c1c978,0,1,1,0,1,1
case_05fbd6c5,1,0,1,1,1,1
case_1a7781e9,1,0,1,1,0,1
case_600550b9,1,1,1,1,1,1
case_e395856a,0,1,1,0,1,1
case_2f0c9c60,1,1,1,1,1,1
case_7a634d8e,1,1,1,1,1,1
case_2008b8ac,1,1,1,0,1,1
case_9c35369f,0,1,1,0,1,0
case_c8706f13,1,1,1,1,1,1
case_b4b88567,1,1,1,1,1,1
case_8ece38e4,1,1,1,1,1,0
case_98ad97e0,0,1,1,1,1,1
case_7c80667a,1,1,1,1,1,1
case_47e6255d,0,1,1,1,1,1
case_f0ecc680,0,1,1,0,1,1
case_87b176aa,1,0,1,1,1,1
case_09f9c937,1,1,1,0,1,1
case_4d2fa173,1,0,1,1,1,0
case_850c1d9f,1,0,1,1,0,0
case_8aaeb0f0,0,1,1,1,1,1
case_e4fd4183,1,1,1,1,1,1
case_94fccb32,0,1,1,1,1,0
case_19c6cf48,1,1,1,1,1,1
case_41ba89a2,0,1,0,1,0,1
case_1155f82e,1,1,1,1,1,1
case_d03917b2,1,0,1,1,0,0
case_34bcb637,1,0,1,1,0,0
case_df16a0f8,1,1,1,1,0,1
case_ad57b30f,0,1,0,1,1,1
case_918add6b,0,0,1,1,1,1
case_0dd54399,0,0,0,0,1,1
case_24f574dd,0,1,1,1,1,1
case_96e4ad46,1,0,1,0,0,1
case_6429d2db,0,1,1,1,1,1
case_e19d0099,1,0,1,1,1,1
case_82a2eb2d,1,1,1,0,0,1
case_b0bfbeae,1,1,1,1,0,1
case_875efa74,0,0,1,1,1,1
case_75246bec,1,1,1,1,1,1
case_439417bc,0,0,1,1,1,1
case_5d317bbd,1,1,1,0,1,1
case_c42c78f9,1,0,1,1,1,1
case_269f5d14,1,1,1,1,1,1
case_a84807c7,0,1,1,1,1,1
case_8d7fd27c,1,1,1,0,1,1
case_bc04bb14,0,0,1,0,1,0
case_017dd7ed,1,1,1,1,1,1
case_1b9c5911,1,1,1,1,1,1
case_c8f5beff,0,0,0,0,0,1
case_41618b41,1,1,1,0,1,1
case_57887c32,0,1,1,1,1,1
case_b59566bb,1,1,1,1,1,1
case_6495c6c2,0,0,1,0,0,1
case_f66801fc,1,1,1,1,1,1
case_96370973,0,0,1,1,0,1
case_093c054a,1,0,1,1,1,1
case_6cd9cc53,0,0,1,1,0,1
case_2065d4b5,0,0,1,1,0,0
case_aa901337,1,1,1,1,1,1
case_1455e35b,1,1,1,1,1,0
case_1945b0bf,1,1,1,1,1,1
case_bad7327f,0,0,1,1,1,1
case_4c01deae,1,1,1,1,1,0
case_828de51f,1,0,1,1,1,1
case_cbb23131,1,1,1,1,0,1
case_7c765172,0,1,1,1,1,1
case_e5fe8b56,0,0,1,1,1,1
case_f2d8c6c1,1,1,1,1,1,1
case_be48a6f7,0,0,0,1,1,1
case_035d5417,0,0,1,0,0,1
case_46a0dcc5,0,1,1,0,1,0
case_65bc060c,1,0,0,1,0,0
case_627a490a,1,0,1,1,0,1
case_d7c6ed96,1,1,1,0,1,1
case_8d6dcab0,1,1,1,1,1,1
case_587c1315,0,0,1,1,1,1
case_dbdd8376,1,1,1,1,1,1
case_fba584ef,1,1,1,1,1,1
case_5c49e2e3,0,1,1,1,1,1
case_bd445688,1,0,1,1,1,0
case_4b011b6a,0,1,0,1,1,1
case_10f71369,1,1,1,1,1,1
case_23123892,0,0,1,1,0,1
case_9db1e8d7,1,0,0,1,0,1
case_c81e5ea4,0,1,1,1,1,1
case_80cad457,1,1,1,1,1,1
case_6ddcda73,0,0,1,1,0,1
case_696eff3b,1,1,1,1,0,1
case_651a55c8,0,1,1,1,1,1
case_41fdfb02,0,1,1,0,1,1
case_2076425f,1,1,1,1,1,1
case_0ffeba0a,1,1,1,1,1,1
case_3663c654,0,0,1,0,0,1
case_dc94a9a7,0,1,1,1,0,1
case_e947afb2,1,1,1,1,1,1
case_f9b08efc,0,0,1,1,1,1
case_a632fad7,1,0,1,1,1,0
case_5c60c9ea,1,1,1,1,1,1
case_0245c55d,0,1,1,1,0,1
case_40aba4b4,1,1,1,1,1,1
case_2fc8549e,0,0,1,0,0,0
case_28a54915,1,1,1,1,1,1
case_bb5ff00b,0,0,1,0,0,1
case_c1a72741,1,1,1,1,1,1
case_7b471115,0,1,1,0,1,1
case_775b57f1,0,1,1,1,1,1
case_3569f5c0,0,1,1,1,1,1
case_0b907f65,0,1,1,0,1,0
case_fe15f197,0,0,0,0,0,1
case_b0a0b4ec,1,1,1,1,1,1
case_2e3b32c2,0,0,0,0,0,1
case_51c0f504,1,0,1,1,1,1
case_5812ff81,0,0,1,1,1,1
case_c16cebc0,1,1,1,1,1,1
case_3833c4c9,1,1,1,1,1,1
case_d833c37a,1,1,0,1,1,1
case_15048fef,1,1,1,1,1,1
case_bb6c01aa,1,1,1,0,1,1
case_f6622f3e,0,1,1,1,1,1
case_7f6a65e5,0,1,1,1,1,1
case_2ccc04ac,0,0,1,0,1,1
case_07e9acd7,1,0,1,1,0,0
case_d8259c3a,0,1,1,1,0,1
case_838c00d2,0,0,1,1,0,1
case_f2a1d04a,0,0,1,0,0,1
case_40acb319,0,1,1,1,0,1
case_c4b13946,1,1,1,1,0,0
case_8f881518,1,1,0,1,1,1
case_bf8af323,0,1,1,1,1,1
case_6827c509,1,1,1,1,1,1
case_5d77ed05,1,1,1,1,1,1
case_dc657816,1,1,1,1,1,1
case_58043545,0,0,1,1,1,1
case_02028487,1,0,1,1,1,0
case_00bb2368,1,0,1,1,1,1
case_51613625,0,0,1,1,1,0
case_e68ff732,0,1,1,1,1,1
case_3435c5d3,1,1,1,1,0,1
case_f31af633,1,1,1,1,1,1
case_803afa1b,1,0,1,1,0,1
case_27f22c8e,1,1,1,1,1,1
case_a891c80c,0,1,1,1,0,1
case_8ac94c84,0,0,1,1,0,1
case_b42354ab,0,1,1,1,1,0
case_ff9ce14a,0,1,1,1,1,0
case_cf59c5ed,1,1,1,1,1,1
case_e5e63fa9,0,0,0,0,0,0
case_8d8b6ec3,0,0,1,0,1,1
case_9a6515f3,0,1,1,1,1,1
case_b273ee72,0,1,1,1,0,1
case_ed1470cf,1,1,1,1,1,1
case_53efbf72,0,0,1,1,1,0
case_538b89b9,1,1,1,1,1,1
case_5ee11570,0,1,0,1,1,1
case_d5e7be10,0,0,1,1,0,0
case_dea807ad,1,0,1,0,1,1
case_8f20b131,1,0,1,1,1,1
case_7d8ed624,1,0,0,1,1,1
case_1ccb6570,1,1,1,1,0,0
case_84d69465,1,0,1,1,0,1
case_2335aaf7,1,1,1,0,0,1
case_cd3a38df,1,1,1,0,1,1
case_a6c07c4a,0,0,1,0,1,0
case_ea654756,1,0,1,1,1,0
case_7f55d5c4,1,0,1,0,1,1
case_47a73bb0,1,1,1,1,1,1
case_355c3a97,0,1,1,0,1,1
case_7112fb69,1,1,1,1,1,1
case_c2e201e7,1,0,1,0,1,0
case_f66a3178,1,1,1,1,1,0
case_0d811eae,0,1,1,1,1,1
case_b91638d0,1,1,0,1,0,0
case_0e214d72,0,1,1,1,1,0
case_2b001efc,0,0,1,1,0,1
case_6d54092a,1,0,1,1,1,1
case_46314cb7,1,0,1,0,0,0
case_20c7b1e7,1,0,1,0,1,1
case_8b9082ad,0,0,1,1,0,0
case_f0e98ea3,0,1,1,1,0,1
case_a831b003,0,1,1,1,1,1
case_6b564bc0,1,1,1,1,1,1
case_9eba0939,1,0,1,1,0,1
case_bd098e45,0,1,1,1,0,1
case_ed7657f0,1,0,1,1,1,1
case_097fdd39,1,1,1,1,1,1
case_abb372e9,1,1,1,1,1,1
case_918ab672,1,0,1,1,1,1
case_959f4c75,1,1,1,1,0,1
case_89fae465,0,1,1,0,1,1
case_e09c8d85,0,0,1,0,1,1
case_29c6b87d,1,0,1,0,1,1
case_2be349af,1,1,1,1,0,0
case_50b96f78,1,0,1,1,1,1
case_3b27291a,1,1,1,1,1,1
case_23999126,0,0,1,0,1,1
case_fcf9e774,0,1,1,1,1,1
case_1a629e1e,0,1,1,0,1,1
case_e64e74fb,1,1,1,1,1,1
case_3cdc0ad6,1,0,1,1,1,0
case_9c3408d1,1,1,1,0,1,1
case_1b799d49,0,1,1,1,0,1
case_d1d22f8e,0,0,1,1,1,1
case_da76cb85,1,1,1,1,1,0
case_702151ac,1,1,1,1,1,1
case_e49b0c75,0,1,1,0,0,0
case_4caaef00,0,1,1,1,1,1
case_16218ea7,0,1,1,1,1,1
case_13bdda39,1,1,1,1,1,0
case_9f3b0c56,1,0,1,1,1,1
case_9e998303,1,1,1,1,1,1
case_274d54aa,1,1,1,1,1,1
case_27b79de7,0,1,1,1,1,1
case_b6d3ea8e,1,1,1,0,1,1
case_0da830e8,0,1,1,1,1,1
case_d02489d6,1,1,1,1,1,0
case_cedeff5a,0,0,1,0,0,1
case_9f83c815,1,1,1,1,1,1
case_3c6fdee0,0,0,0,1,0,0
case_c57d2795,1,1,1,1,1,1
case_3bbdac9d,0,0,1,0,0,1
case_ba522466,0,1,1,0,1,1
case_095eee5a,1,1,1,1,1,1
case_b7f7ed0f,0,0,1,1,0,1
case_a219f80f,1,1,1,1,1,1
case_5888e74b,1,0,1,0,1,0
case_d782ee6b,1,1,1,1,0,1
case_a80a5f64,0,0,0,0,0,0
case_791b8943,0,0,1,1,0,0
case_5a326dfc,0,1,1,1,0,1
case_c6508825,0,0,1,0,1,0
case_c2a6ba90,0,0,1,1,0,0
case_ed442651,1,1,1,1,1,1
case_a3abb5e3,1,1,1,1,1,1
case_4451ca1c,1,1,1,1,1,0
case_a9b634ea,0,1,1,0,1,1
case_3ac13a2d,1,0,1,1,0,0
case_c0419cfb,1,1,1,1,1,1
case_6dbb401f,1,1,1,1,1,1
case_30ea5aa6,1,0,1,1,1,0
case_41c6fc69,1,0,1,1,0,1
case_142186f7,0,0,1,1,0,1
case_d46e79e3,1,1,1,0,1,1
case_c2942b77,1,1,1,1,1,1
case_aab258ce,0,0,0,1,1,0
case_c78efbb7,1,1,1,0,1,0
case_82d7debf,1,1,1,1,1,1
case_402add2c,1,1,0,1,1,1
case_d6e9082b,0,0,0,0,0,0
case_0b1d49c6,0,0,1,0,0,1
case_2dbb61d3,0,0,1,0,1,1
case_ca86d032,0,0,1,1,1,1
case_e15ef131,1,1,1,0,0,1
case_a9e646aa,0,1,1,0,1,1
case_0c0291c4,0,1,1,0,0,1
case_fca9f760,1,1,1,1,1,0
case_a6c52d75,1,1,1,1,1,1
case_f79680fd,1,0,1,1,1,1
case_d115af53,1,1,1,0,0,0
case_5b8aed91,1,1,1,1,1,1
case_fd208d09,1,1,1,1,1,1
case_6a5287d3,1,1,1,1,1,1
case_8d81bb3e,1,1,1,1,0,1
case_709477df,1,1,1,1,1,1
case_965e61f4,0,1,0,1,1,1
case_7c1bc2ec,1,1,1,1,1,1
case_5c258c9e,1,1,1,1,1,1
case_07d5f840,0,0,1,1,1,0
case_6270895f,0,1,1,1,1,1
case_3469c938,0,1,1,1,1,1
case_28d014ad,1,1,1,1,1,0
case_a1daa0d7,1,0,1,0,0,1
case_60c815b5,1,1,1,1,1,1
case_ed407386,1,0,1,1,1,1
case_5b681fe8,0,1,1,1,1,0
case_5e002466,0,1,1,1,1,1
case_29175b1c,1,1,1,1,0,0
case_59224ce0,1,0,1,1,0,1
case_fabc39c0,1,1,1,1,0,1
case_570fb34d,1,1,1,0,1,1
case_6e96da90,0,1,1,0,1,1
case_d3d07c02,1,1,1,0,0,1
case_8e4af9d1,1,0,1,1,1,0
case_870a6dc3,1,1,1,1,1,1
case_35bca59c,0,1,0,0,1,1
case_4b86af11,0,1,0,1,1,1
case_61bb64c1,1,1,1,1,1,1
case_4a066d3e,1,1,1,0,0,1
case_27df7d87,1,0,1,0,0,1
case_1f05dd9a,0,1,1,1,1,0
case_a4331a0a,0,1,0,1,1,1
case_2c603e3f,1,0,1,0,1,1
case_f8f8d993,1,1,1,1,1,0
case_0d0b233a,1,1,1,1,1,1
case_0ca139af,1,1,1,1,1,1
case_48600ddf,0,1,1,1,1,1
case_353de60f,1,0,1,0,0,1
case_1f804aba,0,1,1,0,1,1
case_3eb891b5,1,1,1,1,1,1
case_ce8f430c,1,1,0,1,1,1
case_db83b376,1,1,1,1,1,1
case_b339716f,1,1,1,1,1,1
case_f15b1ca5,1,1,1,1,1,1
case_4988e229,1,1,0,1,0,1
case_01e21685,0,0,0,1,1,1
case_69069780,1,1,1,1,1,1
case_3d6e2023,0,0,1,1,0,1
case_4fae88d1,0,0,1,1,1,1
case_bb83ccfc,1,1,1,1,1,1
case_a2d63ac6,0,0,1,1,1,1
case_43fc06b9,0,1,0,1,1,1
case_b4effbcd,0,0,1,1,1,1
case_5a08d5c7,1,1,1,1,1,1
case_2dbdc126,0,1,0,1,0,0
case_c3a8e8b9,1,0,0,0,0,1
case_8add24fa,0,1,1,1,1,1
case_fe9586ba,1,1,0,0,0,0
case_73ed0b13,0,0,1,0,0,1
case_0f45985a,0,1,1,1,0,0
case_45d6d980,0,0,1,1,0,0
case_6301dee2,1,1,0,0,1,1
case_42d4495b,1,1,1,1,0,1
case_c8456c2c,1,1,1,1,0,1
case_e3f7d075,0,1,1,1,1,1
case_7718bb5d,1,0,1,0,0,1
case_fbcaf97c,1,1,1,0,1,1
case_7ccb6bc9,1,0,1,1,1,1
case_b29b6f8b,0,1,1,0,1,1
case_d391ab3d,1,0,0,0,0,1
case_97a49f4a,1,1,1,1,0,1
case_264e7981,0,1,1,1,1,1
case_30a697d1,0,1,1,1,1,0
case_8caf7784,1,0,0,1,0,1
case_4b4dd7c9,1,1,1,1,1,1
case_970235f4,0,1,1,1,1,1
case_52df632f,1,1,1,1,0,1
case_2e90267e,1,0,1,1,1,0
case_3882e5da,0,0,1,0,1,1
case_0598358f,0,1,1,0,1,1
case_bcdbc501,0,1,0,1,1,1
case_2d9bc574,0,1,1,1,1,1
case_b4a0d17c,1,0,1,1,1,1
case_9816e764,0,1,1,1,1,1
case_3a5c9d32,0,1,1,1,1,0
case_ca0be80e,1,0,1,1,0,1
case_4a9baaf7,0,0,1,1,1,0
case_8f17a29c,0,0,1,1,1,0
case_076ba293,1,0,0,0,0,0
case_016f3edb,1,1,1,1,1,1
case_ef6bf851,0,1,1,1,0,1
case_1b922ea5,1,1,1,1,1,1
case_36a66f23,1,0,1,0,1,1
case_cb5f5f64,1,0,1,1,0,0
case_dbd89c72,1,1,0,1,0,1
case_7b67a60d,0,0,0,1,1,0
case_eb2e4c5c,1,1,1,1,1,1
case_2779dabf,0,1,1,1,1,1
case_5e69c0fb,0,1,0,1,1,1
case_0f6ccdc1,0,0,1,0,0,1
case_7caea17f,1,1,1,1,0,1
case_087411cd,0,0,1,0,0,1
case_ab5dc144,0,1,1,1,1,1
case_84caad15,1,0,1,0,1,1
case_06cc5930,0,0,1,1,0,1
case_f3525e25,0,1,0,1,1,1
case_91703ce8,1,0,1,1,1,1
case_503cbd57,1,1,1,1,1,1
case_37b54fce,1,1,1,0,1,0
case_64f0061c,0,1,1,1,1,1
case_5cd2a2ee,0,0,1,0,0,0
case_361de630,1,0,1,1,1,1
case_60f311da,0,0,0,0,0,1
case_ee63f165,1,1,1,0,1,1
case_e758504f,0,0,1,0,1,1
case_90600706,1,1,1,1,1,0
case_8780c08e,1,0,0,0,1,1
case_2f9e8fb0,0,1,1,1,1,0
case_b1d82ddc,1,1,1,0,1,1
case_ce73a495,0,0,1,1,1,1
case_e58647ed,1,0,1,1,1,1
case_8dbb6c78,1,0,1,1,0,1
case_712095e6,1,1,1,0,1,0
case_63f3965b,0,0,1,1,1,1
case_48d03a96,1,1,1,1,1,1
case_889d7a45,1,1,1,1,1,1
case_4d40ac5f,1,1,1,0,1,1
case_db287154,0,1,1,0,0,1
case_e790f82b,0,1,1,0,0,0
case_d28bea27,0,0,1,0,0,1
case_08a0cb35,1,0,1,1,1,1
case_e9a361d5,1,1,1,1,1,1
case_29ff298e,1,1,1,1,1,1
case_2da73453,0,1,1,1,0,0
case_054faef2,0,1,1,0,0,1
case_0fb53b8c,0,1,1,1,1,1
case_e922605d,1,1,1,1,1,0
case_2c331452,1,1,1,1,1,0
case_f98d38f9,0,0,0,1,0,1
case_010f222d,1,0,1,1,1,1
case_10700b4c,1,0,1,1,0,1
case_c465d874,1,1,1,1,1,1
case_265182c0,1,1,1,1,1,1
case_f6df27ba,0,1,1,1,1,0
case_84a46c23,0,0,1,1,1,0
case_d648c19d,1,1,1,1,1,1
case_029b701a,0,0,1,1,1,1
case_b7d4edd6,1,1,0,0,1,1
case_0de2f20d,0,0,1,1,0,1
case_3c9cdfe9,1,0,1,1,1,1
case_55224448,1,0,1,1,1,1
case_f278397a,0,0,1,1,0,0
case_904f1bb5,1,0,1,1,1,1
case_ebb818d8,1,1,1,1,1,1
case_d63595b6,0,0,0,1,0,1
case_e18debad,1,1,1,1,0,1
case_3cfaa581,1,1,1,0,1,0
case_426dc026,1,1,1,0,1,1
case_3cd85713,1,1,0,0,1,1
case_1f431bd1,0,0,1,1,1,1
case_5b8bb359,1,1,1,1,1,1
case_696a99e9,0,1,1,0,0,1
case_d868256c,0,0,1,0,1,1
case_e9ef1183,1,0,1,1,1,1
case_20ceb79e,1,0,1,1,1,1
case_df85f9ad,1,0,1,0,0,1
case_ceabb539,1,1,1,1,1,1
case_0c9a9ae4,0,1,1,1,0,0
case_a3030d95,1,0,1,1,1,1
case_1d956362,1,1,1,0,1,1
case_facc8005,1,1,0,1,1,0
case_33fa2ef6,1,1,0,1,1,1
case_befc3c45,1,1,1,0,1,1
case_48090597,1,0,1,1,1,1
case_c7907bd4,1,0,1,1,1,1
case_0d76f8b9,1,0,1,0,1,1
case_9ec4a0db,1,1,0,0,0,1
case_63fb2180,1,1,1,0,0,1
case_a546ef30,1,1,1,1,0,1
case_ad861c5e,0,0,1,1,0,1
case_de204e0f,0,0,0,1,0,0
case_3cd4cd85,1,1,1,1,0,1
case_eef6b860,1,1,1,1,1,1
case_2719b7a1,0,0,1,1,0,1
case_2d3f3269,1,1,1,1,1,1
case_b0a74741,1,1,1,1,1,1
case_32c76385,0,0,1,0,0,0
case_d97cd092,0,0,1,1,1,1
case_98baee5b,0,0,1,1,0,1
case_d5b7d0ff,1,1,1,1,1,0
case_660ac53c,0,1,1,0,1,1
case_7201863c,0,0,1,0,1,1
case_ce917e20,1,0,1,1,0,1
case_1abaf486,0,0,1,1,1,1
case_9a2e7a61,1,1,1,0,0,1
case_a53865bd,0,0,1,1,0,0
case_cc257458,1,1,1,1,1,1
case_5fc89240,0,0,1,0,1,1
case_8655c9fa,0,0,1,1,1,1
case_d94d39b8,0,0,1,1,0,0
case_9f915df7,1,1,0,0,1,1
case_278dd5d4,1,0,0,0,0,1
case_5aa36c2d,1,1,1,1,1,1
case_b8295777,0,0,1,1,1,1
case_97dbb64b,1,1,1,1,1,1
case_79d37fa0,1,1,1,1,1,1
case_28d2ef23,1,1,1,1,1,0
case_1b8de84c,0,1,0,1,1,1
case_86d5830b,1,1,1,0,1,0
case_3ac16ca1,0,1,1,0,0,0
case_b773e888,0,1,1,0,1,1
case_405424d2,1,1,1,1,1,1
case_2cf259d3,1,1,1,1,1,1
case_f9296a94,1,1,1,0,1,1
case_b54f7719,1,1,1,1,1,0
case_bd1755d4,0,1,1,1,0,1
case_61a95052,1,1,1,1,1,1
case_8d63f01a,0,1,0,0,1,1
case_e9ba83fa,1,1,1,1,0,1
case_de7fb187,1,0,1,0,1,1
case_359a648f,0,1,1,1,1,1
case_34c7fc4a,0,1,0,1,0,1
case_5e5fee5d,1,1,1,1,1,1
case_fa2dd501,1,0,1,1,0,0
case_e4e7181f,0,1,0,0,0,1
case_abb33312,1,1,0,1,1,1
case_8eaf81a9,1,1,1,0,1,1
case_4af90009,0,1,1,0,1,1
case_5db8c7ad,0,1,1,1,0,0
case_10fbfda8,1,1,0,1,1,1
case_a4032d31,1,1,1,1,1,1
case_843791ab,1,1,1,1,0,1
case_9c472a58,1,0,1,1,1,1
case_58a66e28,1,1,1,1,1,0
case_50a1e930,0,1,1,1,1,1
case_34541914,1,1,1,1,0,1
case_f9912309,1,0,0,1,1,1
case_ce36caac,1,1,1,0,0,1
case_608fa9f0,1,1,1,1,1,1
case_2de2e3d8,1,1,1,0,0,0
case_508c08f1,0,1,1,0,0,0
case_ac116dd6,0,1,1,0,1,1
case_f1bc6234,1,1,0,1,1,1
case_35594dba,0,1,1,1,0,1
case_2d3546c4,1,1,1,1,1,1
case_6dd227f7,0,1,0,1,1,1
case_da040545,1,1,1,1,1,1
case_66569f1d,0,1,0,0,0,1
case_e44c52a3,0,1,0,1,1,1
case_0e6cc0c1,1,1,1,1,1,1
case_909fd844,0,1,0,0,1,1
case_26ad6b09,0,1,1,0,0,0
case_810f8741,1,0,1,0,1,1
case_94abfec2,0,1,0,1,1,0
case_c3449f6a,1,0,1,1,1,1
case_bcc316e1,0,0,1,1,0,0
case_8cd1420b,1,1,1,0,0,1
case_0a55ba18,0,1,1,0,0,0
case_93258469,0,1,1,1,1,1
case_04b127f1,1,1,1,1,1,1
case_e96534aa,1,1,1,0,1,0
case_32d3e21d,0,0,0,1,1,1
case_2ed6a052,1,0,1,0,0,1
case_936447ab,0,1,1,1,1,0
case_3d3036cb,1,0,1,1,1,1
case_8d05d3a4,1,0,1,1,1,1
case_5bf34088,1,0,1,1,0,1
case_24a3de08,1,1,1,1,1,1
case_23078f9c,0,1,1,0,1,1
case_870b18aa,1,0,0,1,1,0
case_e5ddac10,1,1,1,1,0,1
case_fcd427c5,0,0,1,0,0,1
case_efd878d0,1,1,1,1,1,1
case_d674d43b,1,1,1,1,1,1
case_7ca8bb5b,0,1,1,0,1,1
case_347ec478,0,1,0,1,1,0
case_622af7da,1,1,1,1,1,1
case_def763e8,0,0,1,1,0,1
case_a732c4fe,0,1,1,1,0,0
case_cbe5905f,0,0,1,1,1,1
case_5a57c232,0,0,1,1,0,0
case_c3ec3587,1,0,1,1,0,1
case_cafd8716,0,0,1,1,1,0
case_0ab024bb,1,0,1,1,1,1
case_27e26966,1,1,1,0,1,1
case_d27c297d,1,1,1,1,1,1
case_7532bc15,1,1,1,0,1,1
case_c96dd42e,1,0,0,1,1,1
case_ec6525e9,1,0,1,0,1,1
case_7549f818,0,1,0,1,1,1
case_c33f565a,1,1,1,1,1,1
case_d7142686,0,1,1,1,1,1
case_6399bcb7,1,1,1,1,1,1
case_03e2c2c5,1,1,1,1,1,1
case_ef4810f0,1,0,1,1,1,1
case_ec6ae831,0,0,1,0,0,0
case_d4c8d93c,0,0,1,1,1,1
case_3fdbd39f,0,1,1,1,0,1
case_a00951fb,1,1,1,1,0,1
case_03fd5c59,0,0,1,0,0,1
case_0ec1b80e,1,1,1,0,1,1
case_004bf86d,1,0,1,1,0,1
case_5a8be5d4,0,0,1,0,1,1
case_e9bafa60,0,1,0,0,1,0
case_b87f0b33,1,1,1,1,1,1
case_7ae527e9,0,1,1,1,1,1
case_0ada6793,0,1,1,1,0,0
case_2f2a1d93,0,1,0,1,1,1
case_f1a2244e,0,1,1,0,1,0
case_2f5e665c,1,1,1,1,1,1
case_fa19e3bb,0,0,1,1,0,1
case_69e7f4a1,1,0,1,1,1,1
case_12d7de8e,1,1,1,1,1,1
case_4e4faf20,0,0,1,1,1,1
case_d4f4ae7a,0,1,0,1,1,1
case_4d39d4b1,1,1,1,0,1,1
case_9b52adc7,0,0,1,1,1,1
case_12cf5087,0,0,1,1,1,1
case_46cf026a,1,1,1,1,1,1
case_8e869858,1,1,1,1,1,1
case_83b2e6c7,1,1,1,0,1,1
case_84617ed8,1,1,1,1,1,1
case_eba182d3,1,0,1,1,1,1
case_78c418a4,1,1,1,1,1,1
case_45fc7daf,0,0,0,1,1,1
case_3ae39d8d,1,0,1,0,1,1
case_912874fa,1,1,1,1,1,1
case_b181549c,0,1,1,0,0,0
case_175c0507,1,1,1,0,1,1
case_154b7cc2,1,1,1,0,1,1
case_f7ee1736,1,0,1,0,1,1
case_5b5f0d91,1,1,1,1,1,1
case_65edddf3,0,0,1,0,0,0
case_ec556c6b,1,1,1,1,1,1
case_a84e39a4,1,0,1,1,0,1
case_5af97967,1,1,1,1,1,1
case_246b978a,1,1,1,1,1,1
case_3d2dc02f,0,0,1,0,0,1
case_597a59bc,1,1,1,0,0,1
case_9a2a6eea,0,1,1,1,1,1
case_16fdfa9f,1,0,1,0,1,1
case_c89886c7,1,1,1,0,1,1
case_7f7068d4,1,1,1,1,1,1
case_669caef5,1,1,1,1,1,1
case_5491c074,0,0,1,1,0,1
case_68c7f261,0,0,1,1,0,0
case_b739b8c5,0,0,1,1,0,0
case_57c2e97a,1,1,1,1,1,1
case_5985ff59,1,1,1,1,1,1
case_cc81c38c,1,0,0,1,1,1
case_2c8cc8eb,0,1,1,1,1,1
case_6743201b,1,1,0,1,1,0
case_c89a7b6e,1,1,1,1,1,1
case_c7c0be3b,1,0,1,1,1,1
case_eaf2e7d8,1,1,1,1,1,1
case_89eab76c,1,1,1,1,1,1
case_81300f2e,1,0,1,0,1,1
case_c402d8a5,1,1,0,1,0,1
case_a2ce76f9,1,1,1,1,1,1
case_329300e2,0,0,1,0,0,1
case_f3f62bf3,1,1,1,1,1,1
case_5cc619f1,0,0,0,0,0,1
case_e0d29f5e,1,0,1,1,1,1
case_78691c2b,0,1,1,1,0,0
case_557dfc50,1,0,1,1,1,1
case_b729887e,1,1,1,1,1,1
case_1a5f4e3f,1,0,1,1,1,1
case_3b56834b,1,1,1,1,1,1
case_6a6b712a,1,0,1,1,1,1
case_ab30b5ac,0,1,1,1,1,0
case_b613a78e,1,1,1,0,0,1
case_746b72aa,1,1,1,1,1,1
case_b8ef1e59,1,1,1,1,1,1
case_88cec38b,0,1,1,1,1,1
case_cadb1d3a,1,1,1,0,1,1
case_47660b4d,1,1,1,1,0,1
case_bdca99d7,0,1,1,1,1,1
case_1db541c9,0,1,1,1,0,1
case_f84d09b1,0,1,1,1,1,1
case_8d0b90fc,1,1,0,1,1,1
case_326fb62b,1,1,1,1,1,1
case_2e769480,1,0,1,1,1,1
case_875ed8f6,1,1,1,1,1,1
case_a1c47137,1,1,1,1,1,1
case_44b0d672,0,1,0,1,0,0
case_0639777e,1,0,1,1,0,0
case_d6944812,1,0,1,0,1,1
case_decbdfa1,0,0,1,1,1,0
case_3a2d179d,1,1,1,1,1,1
case_4b71bfed,1,1,0,1,1,1
case_42678ce1,1,1,1,1,1,1
case_50aefe0a,1,1,1,1,1,1
case_ba6ab83f,0,0,0,1,0,0
case_52216298,1,0,1,1,1,1
case_e7f532f8,1,1,1,1,1,1
case_677f9b46,1,1,1,1,1,1
case_a92b635d,1,1,1,1,0,1
case_0714d74f,1,1,1,1,1,1
case_efb14649,1,1,1,1,1,1
case_f2922193,1,1,1,1,1,1
case_ec943db4,1,1,1,1,1,1
case_994a722f,0,1,1,0,0,1
case_69a0dc2d,1,1,1,1,1,1
case_50e4da75,1,1,0,0,1,0
case_2f6a8df3,1,0,1,0,0,0
case_25f93a33,1,1,1,1,1,0
case_76624a2d,1,1,1,1,1,1
case_2ec75741,1,0,1,0,1,0
case_706dbb59,0,1,1,0,1,0
case_5d1e7d0c,0,1,1,1,1,1
case_f7998ae0,1,1,0,1,1,1
case_111d0d8a,0,0,1,1,1,1
case_6c4922bd,1,0,1,1,1,1
case_e54d6e2c,1,1,1,1,1,1
case_36fd781d,1,1,1,1,1,1
case_892efc11,1,1,1,1,1,1
case_00430a9d,1,1,1,1,0,1
case_8f294ab5,1,1,1,0,1,0
case_9300b0b2,1,1,1,1,1,1
case_67818529,1,1,1,1,1,1
case_56b6c44f,1,1,1,1,1,1
case_a5bf1ebc,0,1,1,1,1,1
case_2f132abd,1,1,1,1,1,1
case_0320a537,0,0,1,0,1,0
case_6941ee6c,1,1,1,1,1,0
case_92a7cca1,1,1,0,1,1,0
case_10bf397d,0,0,1,1,0,1
case_fe629616,1,1,1,1,1,1
case_03c4a842,1,1,1,1,0,1
case_e910c031,0,0,1,1,1,1
case_bedd55c3,0,0,1,0,0,1
case_d591dd11,1,1,1,0,1,1
case_6e09037f,0,1,1,1,1,1
case_ca8590bd,0,0,1,0,1,1
case_b590526f,1,1,1,1,1,0
case_f4f5f834,1,1,1,1,0,1
case_b529c138,1,1,1,0,0,0
case_c8d4f134,1,1,1,1,1,1
case_86d16b52,1,1,1,1,1,1
case_d87ad1c9,1,0,1,0,1,1
case_dffd8812,1,0,1,1,1,1
case_2078ac9f,1,1,1,1,1,1
case_2715cc82,1,0,1,0,0,0
case_2c5ad510,1,1,1,1,1,1
case_6761b9e8,0,0,1,0,0,0
case_da6432e3,1,1,1,1,1,1
case_c22f48da,1,1,1,1,0,1
case_f6cc0b9e,1,0,1,0,1,0
case_f305593c,0,1,1,1,1,1
case_17c7c55f,0,1,1,0,1,1
case_1f24b449,1,1,0,0,0,1
case_6c73d667,1,1,1,1,1,1
case_8fec345b,1,1,1,1,1,1
case_047282ec,1,0,1,1,0,1
case_9e5c3872,1,0,1,1,1,1
case_787fb96a,0,1,1,0,0,1
case_c820ec45,1,1,1,1,1,1
case_57528bee,1,1,1,1,1,1
case_b9c2c859,1,1,0,1,1,1
case_d48b044e,1,1,1,1,1,0
case_7d6c69e3,0,1,0,1,1,1
case_94ef07bf,1,1,1,1,0,1
case_7088f5ba,1,1,1,1,1,1
case_06255bde,1,1,1,1,1,1
case_bde61838,1,1,1,0,1,1
case_672abfbd,0,1,1,1,1,1
case_8b44e476,1,1,1,0,1,1
case_ee66c9e3,0,1,1,1,1,0
case_eccbfcc7,1,1,1,1,1,1
case_2db9e9ca,1,1,1,1,1,1
case_685b498f,1,1,1,0,1,1
case_6e0243d7,0,0,1,0,1,1
case_e6fcf936,1,1,1,1,1,0
case_17b0550d,0,0,1,1,1,1
case_a90ed2e5,1,0,1,1,0,1
case_9c0b742d,0,1,1,0,0,1
case_b97c4a68,1,1,1,1,1,1
case_d9175870,1,1,0,1,0,1
case_1175c6d9,0,0,1,0,0,1
case_73edd4ae,0,1,0,0,1,1
case_620d353a,1,1,1,0,1,1
case_513e6a46,1,0,1,1,1,0
case_b1fd5b8f,0,0,1,1,1,1
case_0068692b,1,1,1,1,1,1
case_fa7cb6e9,1,0,0,1,0,0
case_e080fdcf,0,1,1,1,1,1
case_4c3d94a0,1,1,1,1,1,1
case_855a2e62,1,0,1,1,1,0
case_04d149f3,1,1,1,1,1,1
case_59a77249,0,0,1,0,1,1
case_343b0896,0,0,0,0,0,1
case_cf8778e5,1,1,1,1,1,1
case_2a765b30,0,1,1,1,1,1
case_1171fdc8,1,1,1,1,1,1
case_b1f0de1a,0,0,1,1,0,1
case_1f6357bd,1,1,0,1,1,1
case_ce883aed,1,0,1,0,1,1
case_483169a3,0,0,1,0,1,1
case_23afd59b,1,1,1,1,1,1
case_a704c89e,0,1,0,1,1,1
case_f55a84fe,0,0,1,1,1,1
case_c2b48ea7,0,1,1,0,1,1
case_8a0e4453,1,1,1,1,1,1
case_88d4a57c,1,1,1,1,1,1
case_c8ac3028,1,0,1,0,1,1
case_b817500d,1,0,1,1,1,1
case_d5072306,0,1,1,1,1,1
case_c50522b3,1,0,1,1,1,0
case_3f8d9f86,1,1,1,1,1,1
case_3e59e7f1,0,0,0,0,0,1
case_c165855b,0,1,1,1,1,1
case_63ac43f3,1,1,1,1,1,1
case_e61dde24,1,1,1,1,1,1
case_fd15f646,0,0,1,0,0,1
case_6f943d75,1,1,1,0,1,0
case_54a9849f,1,1,1,1,1,1
case_16e6eeae,1,1,1,1,1,1
case_5b126517,0,0,1,1,0,1
case_594c9277,1,0,1,0,1,1
case_d79d0d1c,0,1,1,1,1,1
case_4cd22a07,0,0,1,0,0,1
case_5cbfc41a,1,1,1,1,1,0
case_8b8346db,1,1,1,0,1,0
case_3d9cc588,1,1,1,1,1,1
case_10e90cc6,1,1,1,1,1,1
case_7c230e92,0,1,1,0,0,0
case_6cf80b1c,0,0,1,1,0,0
case_52608186,1,1,1,1,1,1
case_fdf2ed1a,1,0,1,1,0,0
case_6a2814e3,0,1,0,0,1,1
case_f44cb3e5,1,1,1,1,1,1
case_bdb2fb0c,1,1,1,0,0,1
case_3c56d216,0,1,0,1,0,1
case_657919bc,0,1,1,1,1,1
case_0db00238,1,1,1,1,1,1
case_101e4ec7,1,0,1,1,1,1
case_bc6a0a32,1,1,1,1,1,0
case_872587d1,1,1,1,1,1,1
case_2fbfa4de,1,1,1,1,1,1
case_39e8a1d4,1,1,0,1,1,0
case_f94b149d,1,1,1,1,1,1
case_a6a11de1,0,1,1,1,1,1
case_48abfff8,1,1,1,0,1,1
case_8f797ec4,1,1,1,1,1,0
case_d0efc915,1,1,1,1,1,1
case_a801135e,1,1,0,1,1,1
case_7d3c1725,0,1,0,1,1,1
case_27752290,1,0,1,1,1,1
case_342a7f4f,1,0,1,1,1,1
case_6b03d9ea,1,0,1,1,1,1
case_559337d1,1,1,1,1,1,1
case_e65f9fbf,1,1,1,1,1,1
case_dc0ad4d9,1,1,1,0,1,1
case_9eeefee5,1,1,1,1,1,1
case_f98e202f,1,0,1,1,1,0
case_96447d3a,1,0,1,0,1,1
case_1088070d,0,1,0,0,0,0
case_7ae5a58c,1,1,1,1,1,1
case_df080d02,1,1,1,1,1,1
case_92e0e4b3,1,1,1,1,1,1
case_157b1972,1,1,1,0,1,0
case_a9d12118,0,1,0,1,1,1
case_6f45759d,0,1,0,1,1,0
case_f4772fc2,0,0,1,1,1,1
case_173d4982,0,0,1,1,0,1
case_06e5855c,1,1,1,1,1,1
case_ea380901,1,1,1,1,0,1
case_11a5f33d,1,0,1,1,1,0
case_7a58eaf9,0,0,1,0,1,1
case_c5cacd4c,1,1,1,1,1,1
case_c6616803,1,1,1,1,1,1
case_1a70c9d3,1,1,1,1,1,1
case_62dd14e6,1,1,1,1,1,1
case_612c7440,0,1,1,1,1,1
case_086bd9a9,1,1,1,1,0,1
case_ecc2a5f1,1,1,1,1,1,1
case_52b81871,1,1,1,1,1,1
case_b186bfa8,0,1,0,1,1,1
case_d7f07db1,0,1,1,1,1,1
case_44584389,0,1,1,1,1,1
case_3267c41d,1,1,1,1,0,1
case_e42ca15d,1,1,1,1,1,1
case_ba410199,1,0,1,0,1,1
case_641584e0,1,1,1,1,1,1
case_7ad865f4,1,1,1,1,0,1
case_88f44f62,1,1,1,1,1,1
case_4e9e5cf5,1,1,1,1,0,1
case_7439a10c,0,0,1,0,1,1
case_660665cf,0,1,1,0,0,1
case_430af22f,1,1,0,1,1,1
case_4eb895c9,0,1,1,1,1,1
case_8a8ada25,0,1,1,0,0,0
case_142d38ab,1,1,1,0,0,0
case_80cd23c8,1,1,1,1,1,1
case_448f39b4,1,1,1,0,1,1
case_ac74a73f,1,0,1,1,0,1
case_dcb27478,1,1,1,1,1,1
case_7b70dc85,0,1,1,1,0,0
case_2f54f6f0,1,1,1,1,1,1
case_4810cf43,1,1,1,1,1,1
case_0b2758a1,1,0,1,1,1,0
case_9f5b0c72,1,0,1,1,0,1
case_f1875b5b,0,0,1,1,0,1
case_ec2a1d10,0,1,1,0,0,0
case_aac6575c,1,0,1,1,0,1
case_9b849a46,0,0,1,0,1,1
case_dab3f9f2,0,0,1,0,1,1
case_ce981de9,1,0,0,1,1,1
case_e7d0a8f3,1,1,1,1,1,1
case_33b6e93d,1,0,1,1,1,1
case_dc1208b2,1,0,1,1,1,1
case_e9bef158,1,0,0,1,1,0
case_709c0e12,1,0,1,1,0,0
case_12bfa84a,1,1,1,0,0,1
case_2c8f5fa9,1,1,0,1,0,1
case_2dc41405,0,0,1,0,1,1
case_2e8ad3ab,0,1,1,0,0,1
case_2b42912c,0,0,1,1,1,1
case_c279fc6b,1,0,1,1,1,1
case_cc0c3c38,1,1,1,1,1,1
case_f73fa441,1,1,0,1,1,1
case_42f0a8ec,0,0,1,1,0,1
case_21e81d31,0,0,1,1,1,1
case_3a4bb744,0,1,1,1,1,1
case_67688985,1,0,1,1,1,1
case_f9cb58cd,1,0,1,1,1,1
case_8d110e9e,1,1,1,1,1,1
case_c92db888,0,0,1,1,0,1
case_da555469,0,0,1,1,1,0
case_2b0eec70,1,0,1,1,1,1
case_fa14c9de,0,1,1,1,1,1
case_2e62454e,0,1,1,1,1,1
case_f81a15f1,0,1,1,1,1,1
case_367306e5,1,0,1,1,0,1
case_5211883d,0,0,1,1,1,0
case_30619a36,1,1,1,1,1,0
case_0eb4d436,0,0,0,0,0,1
case_b5613000,0,1,1,0,1,1
case_8e38d9fb,0,0,1,1,1,1
case_d7283dab,1,1,1,1,1,1
case_ee77ecb5,1,1,1,1,1,1
case_eaf52e04,0,1,1,1,1,1
case_403215f7,1,1,1,1,1,1
case_2dfe2d2e,1,1,1,1,1,1
case_4e716743,1,1,1,1,1,1
case_eb515642,1,0,1,0,0,1
case_709c2342,1,1,1,1,0,1
case_57dd371b,1,1,1,1,1,1
case_4ad3b89c,0,1,1,1,1,1
case_0d6816cd,0,1,1,1,0,1
case_9817b212,0,0,1,0,1,1
case_86be6df4,1,0,1,1,0,1
case_802e76e6,1,1,1,1,1,1
case_6f6b8697,1,1,1,1,1,1
case_93f3ef61,1,1,1,1,1,1
case_764b5b35,0,0,1,1,1,1
case_01960ba8,0,0,1,1,1,1
case_a6c16887,1,1,1,1,1,1
case_80308ec1,0,0,1,0,1,1
case_411f3d4a,1,1,1,1,1,0
case_92e17bb4,0,0,1,1,0,1
case_de70d70a,1,1,1,1,1,1
case_9f26cfda,1,1,1,1,1,1
case_57d922fb,0,0,1,1,1,0
case_434fc6c3,1,1,1,0,1,1
case_d4c7c21f,1,0,1,0,1,1
case_1b09b20d,1,1,1,1,1,1
case_692366b3,0,1,0,0,0,1
case_2b78ae9c,1,1,1,0,1,1
case_6d03effc,1,0,1,0,1,0
case_c03d9377,1,1,1,1,1,1
case_d4c7443c,0,0,1,1,1,1
case_102713a4,1,1,1,1,1,1
case_c1b680ae,1,1,1,1,1,0
case_187d322f,0,1,0,0,0,0
case_a7b16d10,1,1,1,0,1,1
case_208a6e5d,0,0,1,1,1,1
case_0e53878b,1,1,1,1,1,0
case_4c45edf2,1,0,1,1,1,1
case_274800fd,1,0,1,0,1,1
case_4cef907f,1,0,1,1,0,1
case_621a8def,0,0,0,0,0,1
case_3bef1d95,0,1,0,1,0,1
case_bebd920e,1,0,1,1,0,1
case_a2baaf64,1,1,1,0,1,1
case_00f58e19,1,1,1,1,1,1
case_a4e4c7c2,1,1,1,1,1,1
case_ae6351c7,0,1,0,1,0,1
case_16138382,1,1,1,1,1,0
case_f7a3cf71,1,0,1,1,1,1
case_067bc566,1,1,1,1,1,1
case_9e019ca1,0,1,1,1,0,1
case_4c5a7c39,1,1,1,1,1,1
case_a45fc416,1,0,1,0,1,1
case_1b3ef6e9,0,0,1,1,1,1
case_cee6b675,1,1,1,1,0,1
case_8030bf92,0,1,0,1,0,0
case_a3af6219,1,1,1,1,1,0
case_1c5559ce,1,1,1,1,1,1
case_cbc11f41,1,0,1,1,1,0
case_4b299bda,1,0,1,0,0,0
case_0506ecdd,1,0,1,1,0,1
case_d5b1d221,1,1,1,1,1,1
case_6065cc0a,0,1,1,0,1,1
case_8721c7da,0,0,1,0,1,0
case_65f40ef0,0,1,1,0,0,1
case_f64ca3d9,1,1,1,1,0,1
case_efdb5641,0,1,1,1,0,1
case_b7898fdb,1,1,1,1,1,0
case_5ce8ecd1,0,1,0,1,0,1
case_07e0bd43,1,1,1,1,1,1
case_3427327a,1,0,1,1,1,1
case_e4d617ef,1,1,1,1,1,1
case_0886cf51,0,0,1,1,1,1
case_1fe6b9f0,1,1,0,1,0,1
case_b042e7b1,1,1,1,1,1,1
case_9425b22d,1,0,1,1,1,1
case_ee079ea7,0,1,0,1,0,1
case_65e4010f,1,1,1,1,1,1
case_5e53f6ac,1,1,1,0,1,1
case_7d7024a1,0,1,1,1,0,1
case_e7805b10,1,0,1,1,1,0
case_54158428,0,1,1,0,1,1
case_d503b139,1,1,1,1,0,0
case_0cd707b9,0,1,1,1,1,1
case_bc7fd4a8,0,1,0,1,0,1
case_5c874944,1,0,1,1,1,1
case_6df36cae,0,1,1,0,0,1
case_205f80f2,0,0,1,1,0,0
case_fea26fbc,1,0,1,1,1,1
case_b68294b9,1,1,1,0,1,1
case_255c7601,0,0,1,1,1,1
case_912a72d7,1,1,1,1,0,1
case_c2f40a36,1,1,1,1,1,1
case_d6a0bf3b,1,1,1,1,1,1
case_01ce718c,1,1,1,1,1,1
case_e02ee754,1,0,1,1,1,1
case_7e4f2456,1,0,1,0,0,0
case_9b92e6bd,0,0,1,1,1,1
case_0523257c,1,1,1,1,1,1
case_24a23d4f,0,0,1,0,1,1
case_ae70fd32,1,1,1,1,1,1
case_7769a524,1,1,1,1,1,1
case_6140f524,1,1,1,1,1,1
case_223f5231,1,1,1,0,1,1
case_835185f7,0,0,1,0,1,1
case_dae710a7,1,1,1,1,1,1
case_05d00adb,1,0,1,1,1,1
case_5bf86a4b,0,1,1,1,0,1
case_a4db321a,1,0,1,0,1,1
case_2b77aefe,1,1,1,1,1,0
case_4e95bd86,0,0,1,0,1,1
case_38a46402,0,1,0,0,0,0
case_91a41ab3,0,1,1,1,1,1
case_8e00b82c,1,1,1,1,1,1
case_0bf50881,0,0,1,1,1,1
case_e9fe0f13,1,1,1,1,1,1
case_a7c77768,0,1,1,1,1,1
case_dc0e96cf,1,0,1,1,1,0
case_e6dd0b72,1,0,1,1,1,1
case_9d9afee9,0,0,1,1,1,1
case_4ea45bea,1,1,0,0,1,1
case_0b5a5574,1,1,1,1,1,1
case_22f63043,0,0,0,0,0,1
case_e7f40078,1,1,0,1,1,1
case_08ccef90,1,1,1,1,1,1
case_a619a9c8,1,1,1,0,1,1
case_b64e25c2,1,1,1,1,1,1
case_276b9582,0,1,1,1,1,1
case_737aa185,0,0,1,1,0,1
case_b023f17d,1,1,1,1,1,1
case_0e5b1137,0,1,1,0,1,1
case_e62e30c4,1,1,1,1,1,1
case_35c5764f,1,1,1,1,1,1
case_45c7937b,0,1,1,1,1,1
case_3dfd6ef5,1,1,1,1,0,1
case_6c0bf939,1,1,1,1,1,0
case_f082741e,1,1,1,1,1,1
case_a5a60738,1,1,1,1,1,0
case_c85ff6cb,0,1,0,0,1,0
case_8e6970f2,0,1,1,0,0,1
case_28b68d7b,1,1,1,1,1,1
case_c79a384f,1,0,1,1,0,1
case_9236be08,1,0,1,1,1,1
case_5c8cd9bb,0,1,1,1,1,1
case_8e426791,0,0,0,0,1,1
case_31d41c55,0,0,1,0,1,1
case_77c6428b,0,0,1,0,1,1
case_3b564713,1,1,1,1,1,1
case_26f55d40,0,0,1,1,0,0
case_5e41021a,0,1,1,1,1,1
case_0f88a9c8,1,1,1,1,1,1
case_7632dfe9,0,1,1,1,1,1
case_42be0ad8,1,1,0,1,1,1
case_4ace8c4f,1,0,1,1,1,1
case_a6ee2c8e,1,1,1,1,1,1
case_a7d890ab,1,1,1,1,0,0
case_ecc0ef46,0,1,0,1,1,1
case_9c8cff0e,1,1,1,1,1,1
case_86faa2e5,0,1,1,1,1,1
case_f144d195,1,1,1,1,1,1
case_8738972b,0,0,1,0,1,1
case_73148774,0,0,1,0,0,0
case_3288b1b4,0,0,1,0,1,1
case_17db7a3c,1,0,1,0,1,1
case_6211362f,1,1,1,0,1,0
case_05bfbc3f,0,1,1,1,1,1
case_15c53cf6,1,0,1,0,0,1
case_d2b40057,1,1,1,0,1,1
case_3f398b20,0,0,1,0,0,0
case_abf5e141,1,1,1,0,1,1
case_dabeff6b,0,1,1,1,0,0
case_dcb75552,0,0,1,1,1,0
case_e783f670,1,0,1,0,1,1
case_a3221f76,1,0,1,1,0,1
case_0089f8a3,0,1,1,0,0,1
case_71ba8deb,1,1,1,1,0,0
case_d8c22b88,0,1,1,1,1,1
case_f9e5b859,1,0,1,1,1,0
case_c06fa437,0,1,1,0,1,1
case_51385db7,0,0,1,1,0,1
case_45ab87ce,1,0,1,0,1,0
case_360895be,0,1,0,0,1,1
case_7fca5090,0,0,1,0,1,1
case_b1517fd6,1,0,1,1,1,1
case_ea837785,1,1,0,0,1,1
case_e62c8c01,1,1,1,1,0,1
case_d1c454e2,0,1,1,1,1,1
case_175da599,0,0,1,1,1,1
case_1ed80d68,1,1,1,1,1,1
case_b1b556df,1,1,1,1,1,1
case_00e7b7ef,1,0,1,1,0,1
case_538588c4,1,0,1,1,0,1
case_2b32e69c,1,1,1,0,1,1
case_bd7cd81b,0,1,1,1,1,0
case_a0d65e36,1,0,1,1,0,1
case_0a0d815a,1,0,1,1,1,1
case_945b08af,1,1,1,1,1,1
case_d9e3d8e2,1,0,1,0,1,0
case_ec8588c9,1,1,1,1,1,1
case_ebbe2f1f,1,0,1,0,1,1
case_5e4e85a3,1,1,1,1,1,0
case_4a29fca1,1,0,1,0,1,1
case_5b421cf7,1,1,1,1,0,1
case_e4b9ecaf,1,0,1,1,1,1
case_6fc2b3a9,1,1,1,0,0,1
case_110b65de,0,0,1,0,1,1
case_607ce9de,0,0,1,0,1,1
case_b9bc95e8,1,0,1,1,0,1
case_24dc2c49,1,1,1,1,1,1
case_c2e89d50,1,1,0,0,1,1
case_69f63de2,0,1,1,0,0,1
case_0b10ef62,1,0,1,1,1,1
case_2e2c411b,1,0,1,0,1,1
case_e50945e9,1,1,1,1,1,1
case_28d969da,1,0,1,1,1,1
case_dc998c4a,0,1,1,1,1,1
case_dd25df47,0,0,1,0,1,1
case_52f9369f,0,0,1,1,0,1
case_733912db,0,0,1,1,0,0
case_4d1d490f,0,1,1,1,1,0
case_1d0e492e,1,1,1,1,1,1
case_bfe63b1a,1,1,1,1,1,1
case_285c7ebf,1,0,0,1,1,1
case_8fd5bb69,1,1,1,1,1,0
case_1e2f4071,1,1,1,1,1,1
case_c803092f,0,1,1,1,0,1
case_50f4b495,0,0,1,1,0,1
case_f0c1a07a,0,1,0,1,1,0
case_d1d374c5,0,0,0,1,1,0
case_b2ad422c,1,1,0,1,1,1
case_b2f33e2e,1,0,1,1,1,0
case_a13da4b2,1,1,0,1,1,1
case_ed1b34c3,1,0,1,0,1,0
case_15a9a827,0,0,1,1,1,1
case_9a945893,1,0,1,1,1,0
case_cd125078,1,1,1,1,1,1
case_d9c8b22d,1,1,1,1,0,1
case_c3c69a07,1,1,1,1,1,1
case_337be123,1,0,1,1,1,1
case_9e18dcdb,1,1,1,1,1,1
case_49b91846,0,0,1,0,1,1
case_67c5ca30,0,1,1,1,0,0
case_591ee169,0,0,0,0,1,1
case_ead869ce,1,1,1,1,1,1
case_a1bb519b,1,1,1,1,0,1
case_06f85db5,1,1,1,1,1,1
case_40887312,1,1,1,1,1,1
case_0a133f25,1,1,1,1,0,1
case_55c034cf,0,1,0,1,1,1
case_a9ae8ab2,0,0,1,1,1,1
case_11f07a50,1,0,1,1,1,0
case_9704aad3,1,1,1,1,0,1
case_5476a0be,1,0,1,1,1,1
case_a77a4dfa,0,0,1,1,1,0
case_224db57f,1,1,1,1,1,1
case_3a862796,0,0,1,0,0,1
case_99799017,1,1,1,1,1,1
case_6bacd48b,1,0,1,0,0,1
case_5537455c,1,1,1,1,0,1
case_43558be1,0,0,1,1,1,1
case_490904cb,1,1,0,0,1,1
case_85ecccdf,0,1,1,0,1,1
case_693ef1ff,1,1,1,0,1,1
case_e6aadf8d,1,1,1,1,1,1
case_1c305e0b,0,0,1,0,1,1
case_95f0f388,1,1,1,1,1,1
case_0ee9236b,1,1,1,0,1,1
case_abd3d37b,0,0,0,1,0,0
case_e90f05ef,1,0,1,1,1,0
case_b482b4ac,1,1,1,1,1,0
case_c94ba2ce,1,0,1,1,1,1
case_f871159a,0,1,1,1,1,1
case_2f2a1d20,1,1,1,0,1,0
case_033d0a3c,1,1,1,1,1,1
case_e011c590,1,1,1,1,1,1
case_917a8c0b,1,1,1,1,1,1
case_30a5f0f8,1,1,0,0,0,1
case_cee500e1,0,1,1,1,1,1
case_e2be7859,1,1,1,1,1,0
case_a0be5b4a,1,0,1,1,1,1
case_e6bca176,1,0,0,0,0,0
case_ceba439f,0,1,0,1,1,1
case_ba1a326c,0,0,1,1,0,1
case_ef234dd1,0,0,0,0,0,1
case_73c47faa,0,1,1,1,0,1
case_1085a807,1,0,1,1,1,1
case_4cea07e9,1,0,1,1,1,1
case_6e45844e,1,0,1,1,0,1
case_3bd0b529,1,1,1,1,1,1
case_4ad3af36,1,1,1,0,1,1
case_dc2bb957,0,0,1,1,1,1
case_10391965,1,1,1,0,1,0
case_f2fa3c84,1,1,1,1,1,1
case_eaa9677a,1,1,0,1,1,1
case_67b3bbd8,0,1,1,1,1,1
case_38b108ae,0,1,0,1,1,1
case_f9c7dc8e,0,1,1,1,0,1
case_4d987070,0,1,1,1,1,1
case_3c2b5b50,0,1,1,0,1,1
case_d7e9c675,0,0,1,0,0,0
case_29585cba,1,1,1,1,1,1
case_d0f6214c,0,1,1,0,1,1
case_ffe8fa99,1,1,1,1,1,1
case_f9c140aa,1,1,1,0,1,0
case_efdc78ac,1,1,1,1,1,0
case_8a774ee6,1,1,1,1,1,1
case_e92f388b,1,1,1,0,0,1
case_56f3c0f0,1,0,1,1,1,1
case_5cf8bb2e,1,1,1,1,1,1
case_c508ac72,0,1,1,1,0,1
case_4446ec66,0,1,1,1,1,0
case_96b76974,0,1,1,1,1,1
case_61e45e12,1,1,1,1,1,1
case_7d0ce46c,0,0,0,0,0,1
case_5feff77f,1,1,1,1,1,1
case_7f351811,1,1,1,1,1,1
case_36b791c0,1,1,0,1,1,0
case_0b532fa5,1,1,1,0,1,0
case_1e842e6d,0,1,1,0,1,1
case_d95a4af4,1,0,1,0,0,1
case_9626902b,1,1,1,1,1,1
case_c2ce99be,0,0,1,1,0,1
case_b56ce201,0,0,1,1,1,1
case_84fbc7da,1,0,1,1,0,0
case_224ea263,1,1,1,1,1,1
case_14c5e7f6,0,1,0,1,0,1
case_d99c1220,0,0,1,1,1,1
case_3c995ad2,1,0,1,1,0,1
case_7e3be1e7,1,0,1,1,1,1
case_db7a2e7c,0,0,1,1,1,1
case_fe15dd1e,1,1,0,1,1,0
case_1e3f64ad,1,1,1,0,1,1
case_c820fed5,1,0,1,1,1,1
case_64115092,0,0,1,0,1,0
case_77b223ba,1,1,1,1,0,0
case_f8ac741a,1,0,1,1,1,1
case_2986b6b9,0,0,1,1,1,1
case_41e0f523,0,1,1,0,1,1
case_9a64b431,1,1,0,1,1,1
case_225e3e17,1,0,1,1,1,0
case_ad3b3ac3,0,0,1,1,1,1
case_3bbcfbe9,1,0,1,0,1,1
case_d35101da,0,1,0,1,1,1
case_b94a8e5e,1,1,1,1,0,1
case_1b1b9ede,1,0,1,1,1,0
case_306856c7,0,1,1,0,1,1
case_90d848af,1,1,1,0,1,1
case_85039d28,1,1,1,0,1,1
case_61d0abf9,1,1,1,0,1,1
case_afa32358,1,0,1,1,1,1
case_a923e28f,0,0,1,1,0,1
case_4eecbc36,0,0,1,0,0,0
case_722f85b4,1,0,1,0,0,0
case_eae5cd52,0,1,0,1,0,1
case_04fc836e,1,0,0,1,0,1
case_5ef92c4b,0,0,1,1,1,1
case_a984b472,1,0,1,1,0,1
case_d1a8860e,1,1,0,0,0,1
case_23db93e3,1,1,1,1,0,1
case_63fbf9fe,0,1,0,0,1,1
case_ced3bbeb,0,0,1,1,1,0
case_57419770,0,0,1,1,0,1
case_3320da25,1,0,0,0,1,0
case_37863494,0,0,1,1,0,1
case_6f8da65f,0,1,1,1,1,0
case_ed123d50,1,1,1,1,1,1
case_f226f59e,1,1,1,1,1,0
case_dc2fa879,1,1,1,1,0,1
case_575ea28d,0,0,1,1,1,1
case_ecb38688,0,1,1,0,1,1
case_863c3e60,1,0,1,1,1,1
case_7d64fa9a,0,1,1,1,1,1
case_7cbb6c13,1,1,1,0,1,1
case_add1b37c,1,0,1,0,1,1
case_e23df413,1,1,1,1,1,1
case_c189791f,1,1,0,1,1,1
case_97b4006f,0,1,1,1,1,1
case_c94ac12e,0,1,1,0,1,1
case_4b01afac,0,0,1,1,0,0
case_e1e189f4,1,0,1,1,1,1
case_a2ffa705,1,1,1,1,1,1
case_6fba5891,0,0,1,1,0,0
case_83bc61d5,0,0,1,1,1,1
case_ab28ffe4,1,1,1,1,1,1
case_0dc90ac6,0,1,1,1,1,1
case_d65781e8,1,1,1,1,1,0
case_01e7a21a,0,0,1,1,1,1
case_0c3a532d,1,0,1,1,1,1
case_a628b82d,1,0,1,1,1,0
case_25be27ac,1,1,1,0,1,1
case_cd77527b,1,1,0,1,1,1
case_fc0ad39a,0,0,1,1,1,1
case_353cda54,1,0,1,1,1,1
case_6c427c28,1,0,1,1,0,1
case_7a58e7d3,1,0,1,1,1,1
case_380a2460,1,1,1,1,1,1
case_eeccc7f5,1,0,1,1,1,1
case_2739b2e8,0,1,1,0,1,0
case_c5acb3a4,1,1,0,1,0,1
case_78e493d4,1,1,1,1,1,0
case_38cf32b8,1,1,0,0,0,1
case_d2ea854d,0,1,1,0,1,1
case_2380e750,0,1,1,1,0,1
case_ba76861c,0,1,1,1,1,0
case_d1137e10,0,1,1,1,1,1
case_d060659e,1,0,1,1,1,0
case_25e7417e,1,1,1,1,0,0
case_1cc2dc89,1,0,1,1,1,1
case_55ecc8a0,0,0,1,1,1,1
case_da0304ea,0,1,1,1,0,1
case_fc377be8,0,1,0,1,0,0
case_d149d946,1,1,1,0,0,1
case_12af4c27,1,1,1,1,1,1
case_81122f81,1,1,1,1,1,0
case_d8fcd099,0,1,1,1,1,0
case_e426fc0b,0,1,1,1,1,1
case_2a823cbc,1,1,1,1,1,1
case_ef7140ee,1,0,1,0,1,1
case_9f887ec6,1,0,1,0,1,1
case_877fa4c6,1,0,1,1,1,1
case_e7b05d63,1,1,0,1,0,1
case_230a52d5,0,0,0,1,0,0
case_a5cb137d,0,0,1,1,1,1
case_9dbd4bc3,0,1,1,1,0,1
case_37013742,0,0,1,1,0,1
case_2711dc84,1,1,1,1,1,1
case_46d938c2,1,1,1,0,0,1
case_888ae06e,0,1,1,1,1,1
case_62dfd22c,0,0,1,0,0,1
case_b7519842,1,0,1,1,1,1
case_73bddc13,1,1,1,1,1,1
case_b08ad866,1,1,1,1,1,1
case_3b2a03ef,0,0,1,1,1,1
case_4fc8f107,1,0,1,1,1,1
case_9435dc7a,0,0,1,0,0,0
case_45351f43,1,1,0,1,1,1
case_de4fa993,0,1,1,1,1,1
case_03ada11f,0,0,1,0,0,1
case_716beee2,0,0,1,1,0,0
case_0fdd64e1,1,0,1,1,0,1
case_c97bcf27,0,0,1,0,1,1
case_d189e315,1,1,1,0,0,0
case_0e90ced3,1,1,1,1,1,1
case_677116ac,0,0,1,0,1,1
case_90811fb4,1,0,1,0,0,0
case_13fb64e2,1,0,1,1,1,1
case_7e1269ad,1,1,1,0,1,1
case_b0aa492c,1,1,1,1,1,1
case_bc938f59,1,1,1,1,1,1
case_e9444993,0,1,1,0,0,1
case_241839a2,1,1,1,0,1,1
case_ff360d6d,0,1,0,1,0,1
case_2ea39cb7,0,0,1,0,0,1
case_c50fab76,0,0,1,1,1,1
case_680ab108,1,1,1,0,1,1
case_d91ed6c0,0,1,1,0,0,1
case_3b2ff053,1,1,1,1,0,1
case_e9a33bc6,0,1,1,1,0,0
case_a14a03f0,1,0,1,1,0,1
case_7a008186,0,0,1,1,1,1
case_60b512f8,1,1,1,1,1,0
case_69a8f606,0,1,1,1,1,1
case_e9e1f1b1,1,1,1,1,1,1
case_7a26c9d6,1,1,1,0,0,1
case_7d856cd8,1,1,1,1,0,1
case_944b57fe,1,1,1,1,1,1
case_9d76c837,0,0,1,0,0,1
case_91a72846,1,0,1,0,1,1
case_4806c2bb,1,1,1,1,1,0
case_caabef06,1,1,1,1,1,0
case_655feea1,0,1,1,0,1,0
case_6ffec287,1,0,1,1,1,1
case_7cfce8fb,0,1,1,1,1,1
case_da4e6aff,1,1,1,1,0,1
case_92de0016,0,1,0,0,0,1
case_cf43bd6d,1,1,1,0,1,1
case_ff5c8025,0,0,1,0,1,1
case_a1be288b,1,0,0,1,0,1
case_94dc6cd6,1,0,0,1,0,1
case_f91a8705,1,1,1,1,1,1
case_56af9277,0,0,1,1,1,0
case_abc58410,1,1,1,1,1,1
case_a2a758c6,0,1,1,1,1,1
case_c3ddf888,1,1,1,1,1,1
case_cd1559e0,0,1,1,0,1,1
case_664fbd62,1,1,0,0,1,1
case_ed68ee08,1,1,1,1,0,1
case_563ae757,1,1,0,0,0,1
case_cbc30e83,1,1,1,0,1,1
case_e8fabe44,1,1,1,1,1,1
case_13264ba9,1,1,1,1,1,1
case_bf7f439f,1,1,1,1,1,1
case_0aa77f88,1,0,1,1,1,1
case_53a5a99e,0,1,1,0,1,1
case_9980af74,1,1,0,1,1,1
case_f79a9848,1,1,1,1,1,1
case_828caee6,1,1,0,1,0,1
case_ae8c274d,0,1,1,1,1,0
case_2cadec2b,1,0,1,1,1,1
case_fef77778,1,1,1,1,1,1
case_5614371c,1,1,1,1,1,1
case_9ac1320e,1,1,1,1,1,1
case_a2c94fe3,1,1,1,0,1,0
case_942ebcaa,1,1,1,1,1,0
case_b7471d10,1,1,1,1,1,1
case_7db512f0,0,1,1,0,1,1
case_253e8b30,1,1,1,1,1,1
case_07779834,1,1,1,1,1,1
case_91bfc06f,1,0,1,1,1,1
case_62d24dab,1,1,1,0,1,1
case_0078d66b,1,0,1,1,0,1
case_4cd60472,1,1,0,1,1,1
case_afeadfe6,0,1,1,1,1,1
case_1868e59b,1,0,1,1,0,0
case_f7fc5fe1,1,1,1,1,0,1
case_c593b0bd,0,1,1,1,1,1
case_0b341298,1,1,1,0,1,1
case_567b2cb6,1,1,1,1,1,1
case_8251d5fd,1,1,1,0,1,1
case_215314dc,0,0,1,1,0,1
case_0bf22536,0,1,1,1,0,0
case_65d3993f,0,0,1,0,1,1
case_2bca0a6e,1,1,1,1,0,1
case_ed2e3570,1,1,1,1,1,1
case_1a5b8c96,1,0,1,1,1,1
case_cdcca44a,1,1,1,1,1,1
case_b82c67ee,1,1,0,0,0,1
case_0033401d,0,0,1,0,1,1
case_4501f76e,1,1,1,1,0,1
case_197ce298,0,0,1,0,0,0
case_3d7937c6,0,1,1,1,0,1
case_00869868,1,0,1,1,0,1
case_e7991441,0,0,1,0,0,1
case_988bd333,1,0,1,1,1,1
case_e8291388,0,0,1,1,1,1
case_a99d2da4,1,1,1,1,1,1
case_21df9c68,1,0,1,0,0,1
case_a20fd76b,1,0,1,0,1,1
case_afd8ea22,0,1,1,0,1,1
case_aea11a73,1,1,1,1,1,1
case_ff348436,1,1,1,1,0,1
case_79c91637,0,1,0,0,1,1
case_a29f9c1a,1,1,1,1,1,1
case_8ffb895d,0,1,1,1,1,1
case_c11c35cc,1,1,1,1,1,1
case_88976acb,0,1,1,0,1,1
case_e9fbdc21,1,1,1,1,0,0
case_e2e7d751,1,1,1,1,1,1
case_b1f524e2,1,1,1,0,1,1
case_25aaac91,0,1,1,1,1,1
case_01754646,1,1,1,0,1,1
case_fa62e8e6,1,0,1,0,1,1
case_d84c8db8,1,1,1,1,0,1
case_ede11a14,0,0,1,1,1,0
case_3eed525e,1,1,1,0,1,1
case_5e9e3faf,1,0,1,0,0,1
case_e4437f5d,1,1,1,1,1,0
case_9f2007d8,0,0,0,1,0,1
case_4c3a0bea,1,1,1,0,1,1
case_f44f2771,1,1,1,1,1,1
case_c7e66adf,1,1,0,1,0,1
case_e09c32b0,0,0,0,1,0,0
case_e5022444,1,1,1,1,1,1
case_59fe9d7d,0,0,1,1,1,0
case_6ef35266,1,1,1,1,1,0
case_d3cd237a,1,0,1,1,1,1
case_e4f0f699,0,1,1,1,1,1
case_db21de4e,1,1,1,1,1,1
case_16beb835,1,1,1,1,1,1
case_2a4a8f05,0,1,1,0,1,1
case_e6c415e7,0,1,1,1,1,0
case_4babde1d,0,1,1,1,1,1
case_4030f5b2,0,0,1,1,0,1
case_9c916a36,1,1,0,0,0,1
case_b79b26f1,1,1,1,1,1,1
case_3ac68c54,1,0,1,0,0,0
case_fe0d48e0,0,0,1,1,0,1
case_59587025,1,1,1,1,1,1
case_dc7f97f0,0,1,1,1,1,1
case_ab160772,1,1,1,0,1,1
case_6bacf2ad,1,1,1,0,1,0
case_8b504ae6,1,1,1,1,1,1
case_8e6a8f1b,0,0,1,0,1,1
case_af7841dc,1,0,1,1,1,1
case_58144ce3,0,0,1,0,0,1
case_03630887,1,0,0,0,1,1
case_7108916e,1,1,1,0,0,1
case_425cd7ee,1,1,1,0,1,1
case_97fcc539,1,1,1,1,0,1
case_0ace0797,1,0,1,0,0,1
case_7d48def3,0,1,1,1,1,1
case_5651e3e4,1,0,1,1,0,1
case_e1f0d2ed,1,1,1,1,1,1
case_513538b1,1,1,1,1,1,1
case_3bd08991,0,0,1,1,0,1
case_e66fd1fd,1,1,1,0,1,0
case_4a7a243c,1,1,1,1,1,1
case_a262f120,1,1,1,1,1,1
case_29ad38e8,0,1,1,1,1,1
case_f8e8f08a,1,0,1,1,0,0
case_b0d83a61,1,1,1,1,1,0
case_ecbae13e,0,0,1,1,1,1
case_b5fb7ec5,1,0,1,1,1,0
case_22822551,0,1,1,1,1,1
case_b4070efe,0,0,1,1,0,0
case_7dfb49b5,0,1,1,1,1,1
case_a0d73848,1,0,0,0,1,0
case_8649b9c8,0,0,1,0,0,0
case_8e75f77b,1,0,1,0,1,1
case_84cff74e,0,1,1,0,1,1
case_e57808aa,1,1,1,1,1,1
case_6355ba80,0,1,0,1,0,1
case_f852c0f7,1,1,1,1,1,1
case_3f714f26,1,0,1,1,1,1
case_98aa3bb1,0,1,1,1,1,1
case_418c5bf9,0,1,1,1,1,1
case_6e65e6fa,1,0,1,0,1,1
case_340f93a3,0,0,0,0,1,1
case_34ebbe09,1,1,0,0,0,0
case_18e47d08,1,1,1,0,1,0
case_fa7277aa,0,1,1,1,1,1
case_774c5bf0,0,1,1,1,1,1
case_cececc23,0,1,1,1,1,1
case_0ad2cf2d,1,1,1,1,1,1
case_1fe3cc18,1,1,1,1,1,1
case_cfbd992e,0,0,0,0,0,0
case_6d666099,1,1,1,1,0,0
case_260a99a7,1,1,1,1,1,1
case_a6465820,1,1,1,1,1,1
case_3c2a5c3b,1,0,1,0,1,1
case_d493c733,1,1,1,1,1,1
case_da4eddd5,1,0,1,1,1,1
case_e229a433,1,1,0,1,1,1
case_3e6e9d81,0,1,0,1,0,0
case_ca1c040f,1,1,1,1,1,0
case_69c45768,1,0,1,1,0,1
case_a3fae6aa,0,1,1,1,0,1
case_3070ba2c,1,0,1,1,1,1
case_de961882,0,1,1,1,0,0
case_737685f8,1,1,1,1,1,1
case_9aaf8471,0,1,1,1,1,1
case_36dd7256,1,0,1,1,1,1
case_f98012d1,1,0,0,1,1,1
case_6dbf58b0,0,0,1,0,1,1
case_ac963012,0,0,0,0,0,1
case_8fc6be37,1,0,0,1,0,1
case_9694fa80,0,1,1,0,1,1
case_b5bdc79c,1,0,1,1,1,1
case_b75b4cd2,1,1,1,1,1,1
case_f0831634,1,1,1,1,1,1
case_657802fb,1,1,1,1,1,1
case_25a98f98,1,1,1,1,1,1
case_21f26d9e,1,0,1,1,1,1
case_73719aae,1,0,1,1,1,1
case_de1e93f4,1,1,1,0,0,1
case_07fb34a1,1,1,1,0,0,1
case_f2c3cb1d,0,0,0,0,1,0
case_77cfb561,1,1,1,1,0,1
case_80ea1722,1,0,1,1,1,1
case_84cd40f9,1,1,1,1,1,0
case_0e0b0b33,1,1,1,1,1,1
case_55152bda,1,1,1,0,1,1
case_feffd26e,1,1,1,1,1,1
case_e097067a,1,1,1,1,1,1
case_ea35086b,1,1,1,1,1,1
case_ef293a13,1,0,1,1,1,1
case_adfb84b0,1,0,1,0,0,1
case_0bcc8c7d,1,0,0,1,1,0
case_926d7db2,1,0,0,0,0,0
case_02560d83,1,1,1,1,1,1
case_fd883107,1,0,1,1,1,1
case_4b6773ff,1,1,1,1,1,1
case_306db888,0,0,0,0,0,1
case_da02168d,1,1,1,0,0,0
case_3c66d836,0,1,1,1,1,1
case_867d079b,1,1,1,0,1,1
case_4f96e061,1,1,0,0,1,0
case_3f70f9fa,0,0,1,0,1,0
case_6d7526a1,0,1,1,0,1,1
case_68061fc1,1,1,1,1,1,1
case_263e0e65,0,0,1,0,1,1
case_3d74edf4,0,0,1,1,0,0
case_0dccb1af,0,0,0,0,1,1
case_3886ed4a,0,0,1,1,1,1
case_1eb0e511,0,1,1,1,0,1
case_ae1eb914,1,1,1,1,1,1
case_11adecd2,1,1,1,1,0,1
case_c9260baa,0,0,1,1,0,1
case_4d48fc1f,0,1,1,1,0,1
case_3c47276b,0,0,1,1,1,1
case_95558bb2,0,1,1,1,0,1
case_a27270c1,0,0,1,0,1,1
case_bfde6d94,0,1,0,1,0,1
case_cc9872c0,1,0,0,1,1,1
case_c4a89c9a,0,0,1,0,1,0
case_1c90cdca,1,1,1,0,1,1
case_efb4f9ae,0,0,1,0,1,1
case_98c2534c,0,0,1,0,0,1
case_1f349ef8,0,0,1,1,0,1
case_bec98bf8,1,1,1,1,1,1
case_22675f34,1,0,1,0,1,1
case_c3efd6a4,0,1,1,1,1,1
case_81426157,0,1,1,0,1,1
case_44d3c886,1,1,0,1,1,1
case_f96983f5,1,0,1,1,1,1
case_95c817f8,1,1,1,1,1,0
case_1cf47278,1,1,1,0,1,1
case_98f00cec,1,0,1,1,1,1
case_48d3d6f9,1,0,1,1,1,1
case_221eeeb3,1,0,1,1,1,0
case_83fd1c4c,1,1,1,1,0,1
case_7b81220f,1,0,1,1,1,1
case_b161a1c6,1,0,1,1,1,1
case_052ee063,1,1,1,1,1,1
case_d8ca651c,1,1,1,1,0,1
case_6a55f6aa,0,0,1,0,0,1
case_1843d77f,0,1,0,1,0,1
case_a9ae0fa0,1,0,1,0,1,1
case_19883151,0,1,1,1,1,1
case_88c9910c,0,1,1,1,1,1
case_ea334384,1,1,1,1,1,1
case_e8154b3d,0,0,1,1,1,0
case_448b323b,0,0,0,1,0,0
case_eabc765f,1,1,1,1,0,1
case_4a97fe03,1,1,1,1,1,1
case_66abe8e5,0,1,1,0,1,0
case_8a0634f3,1,1,1,1,0,1
case_e848326a,1,1,1,0,1,0
case_a46bfeee,1,1,1,1,1,1
case_1466e602,0,0,1,1,0,1
case_20052f79,1,1,1,0,1,1
case_294c2ed5,1,1,1,1,1,1
case_43a17f7d,1,1,1,1,1,1
case_71c2e7af,1,1,1,0,1,1
case_495b50eb,0,0,1,0,1,1
case_77dfb1ae,1,1,0,1,1,1
case_af628689,0,1,1,1,1,1
case_65fa5fa2,1,0,1,1,1,1
case_68ef1fdf,1,1,1,0,1,1
case_9231fb33,1,1,1,0,1,1
case_69a5f448,0,0,1,1,1,1
case_baccfac6,0,1,1,0,0,1
case_f9f86fa5,1,1,1,1,0,1
case_b9b74403,0,1,1,0,1,1
case_85e71e2d,0,0,0,0,0,0
case_a26aaa0f,1,1,1,1,1,1
case_c68e0d6f,1,1,1,0,1,0
case_ecf0d701,0,0,0,1,1,0
case_7934bec9,1,1,1,1,0,1
case_8aa85dae,1,1,1,1,1,1
case_3db9a527,1,1,1,1,1,1
case_22e5d24b,0,0,1,1,0,1
case_8d1b9fbb,1,0,0,1,1,0
case_6a412148,0,1,1,0,0,1
case_d214b5a9,1,1,1,1,1,1
case_68650002,1,1,1,1,1,1
case_627f696a,1,0,0,1,1,0
case_3346e17f,1,0,1,1,0,0
case_5cd6842e,1,1,1,1,1,1
case_72b887cb,1,1,1,1,1,0
case_0acdcba5,0,1,1,1,1,1
case_67fd307d,1,1,1,1,1,1
case_a0001dea,1,1,1,1,1,1
case_63d62eef,0,0,1,0,0,1
case_123ba424,1,1,1,1,1,1
case_b760ad90,0,1,1,0,1,0
case_56841285,1,0,0,0,1,0
case_22d14312,1,1,1,1,1,1
case_8f3142b3,1,1,1,1,1,1
case_39ab7329,1,0,1,1,1,1
case_b2eb1f1c,1,1,1,1,1,0
case_37d9acaa,1,1,1,1,1,1
case_1d7f657a,0,0,1,0,1,0
case_22102b68,1,1,1,1,1,1
case_7776b4bf,0,1,1,0,1,1
case_30245829,0,0,1,1,0,1
case_5d950a90,1,1,1,1,1,1
case_5bae447e,0,0,0,1,1,1
case_72734681,1,1,1,1,1,1
case_32ddb7f7,0,0,1,1,1,1
case_9ba4c382,1,1,1,0,0,0
case_356a8562,0,0,1,1,0,0
case_a5b9f691,1,0,1,1,0,1
case_2bc3aa47,0,0,1,1,1,1
case_17dc7236,0,1,1,1,1,0
case_9a436201,1,1,1,1,1,1
case_bebd606e,0,0,1,0,0,1
case_94236630,1,1,1,1,1,1
case_45575d01,1,0,1,0,0,1
case_cde04233,0,0,1,1,0,0
case_2118aee2,1,1,1,1,1,1
case_2ea0dbf4,1,1,1,1,1,0
case_de02b00d,1,0,1,0,0,1
case_e80d4251,0,1,1,1,0,1
case_7c7ecfa9,1,1,1,0,0,1
case_05979a95,0,0,1,1,0,1
case_e1f5dd9f,0,1,1,1,0,1
case_60fa5717,1,1,1,1,0,1
case_c8e0bad7,0,1,1,1,1,1
case_ccf54f51,0,1,1,0,1,0
case_be12ac18,1,1,0,1,0,0
case_a2262000,0,1,1,0,0,1
case_09b7b9bb,1,0,1,1,1,1
case_506c3943,1,1,1,1,1,1
case_06b54838,1,1,0,1,1,1
case_374c5aa2,0,0,1,1,1,1
case_a1b52ca0,1,1,1,0,1,1
case_d9bb6e95,1,1,0,0,1,0
case_af77d290,1,1,0,1,1,1
case_ed9aa324,0,1,1,1,1,1
case_c1d3df16,1,1,1,1,1,1
case_f874ae55,0,1,0,0,0,1
case_c3a7acd6,0,1,1,1,0,1
case_8448b83f,1,0,0,1,1,0
case_4c8d2a5d,1,0,1,1,0,1
case_8cc206e7,1,1,1,1,1,1
case_9dfd3bf0,1,1,1,1,1,1
case_89d96d65,0,0,1,1,1,1
case_cd447999,0,0,0,1,1,1
case_6f931a67,0,1,1,1,1,1
case_9da28522,1,0,1,1,1,0
case_b9864eee,0,0,0,0,0,1
case_05e3edd7,1,1,1,0,1,1
case_e50e09ce,0,1,1,1,1,1
case_d199e7ae,1,1,1,1,1,1
case_d627ab32,1,0,1,1,1,1
case_4ed3c4db,0,0,1,1,0,1
case_3e5cd796,0,0,1,1,0,0
case_6b66d73c,1,1,1,1,1,1
case_efb6a3cf,1,0,0,1,0,1
case_1aecdb83,1,1,1,1,1,1
case_e33570f5,0,0,1,1,1,0
case_8cb06d08,1,0,1,1,1,0
case_6f9dae7e,1,0,1,1,0,1
case_8878d531,0,1,1,1,1,1
case_22af2343,1,1,1,1,1,1
case_0820288a,0,0,1,0,0,1
case_3689ebcf,0,0,1,1,1,1
case_c3f2df0f,1,1,1,0,1,1
case_3b918802,1,1,1,1,1,1
case_1fdf63c9,1,1,1,1,1,1
case_66a14f5e,1,1,1,1,1,1
case_db973bba,1,0,1,1,1,1
case_ffd0075f,1,1,0,1,1,1
case_3cbfc292,1,1,1,1,1,1
case_e4f22b2e,1,1,0,1,1,1
case_23a436a5,1,1,1,0,1,1
case_3be0a6d9,1,1,1,1,1,1
case_d146632f,1,0,1,1,1,1
case_4e993414,1,1,1,0,1,1
case_f4b1a7f3,0,0,1,0,1,1
case_e63f4bc8,1,1,1,1,1,1
case_1614803f,1,0,1,0,1,1
case_250f6aa6,1,1,1,1,1,1
case_f60fb2b4,1,1,1,1,1,1
case_af395242,1,0,1,1,1,1
case_c3250cc7,1,1,1,1,0,1
case_64a8314f,1,1,1,1,0,0
case_963927ed,1,1,1,1,1,1
case_c764b84e,0,0,1,0,1,0
case_d2ed8f68,0,1,1,1,0,1
case_71118284,0,1,1,1,1,1
case_8e6954aa,1,1,1,1,1,1
case_5b6bc227,0,0,0,1,1,1
case_91763fca,0,0,1,0,1,1
case_96e19a51,1,1,1,0,1,1
case_6fbe733d,0,0,1,0,0,1
case_94976409,1,1,1,1,1,0
case_02688c0f,1,1,1,1,0,1
case_6805959a,1,1,1,1,1,1
case_ab274ce5,0,0,1,0,1,0
case_3891f552,1,1,1,0,0,0
case_4ef04b16,1,1,1,0,1,0
case_bb4bbe68,1,0,1,1,0,1
case_fa3a9e60,0,1,0,0,1,1
case_2e02372c,1,1,1,1,1,1
case_3d352007,1,1,1,1,1,1
case_2bdfa6d1,1,0,1,1,1,1
case_c65b3e08,0,1,1,1,1,1
case_72a93384,1,0,1,1,1,0
case_b71d1156,1,1,1,1,1,1
case_d2392926,0,0,1,0,1,1
case_92655679,0,0,1,0,1,1
case_5f66298a,1,1,1,1,0,1
case_3028ea75,0,1,1,0,1,1
case_0351593a,1,1,0,1,0,0
case_f7fccdc6,1,1,1,1,1,0
case_a8e0ff2e,0,1,0,1,0,1
case_eb76bcf4,1,0,1,1,1,1
case_3680718b,1,1,1,1,1,1
case_5eae7980,0,1,1,1,1,1
case_bcd461a9,0,0,1,1,1,0
case_893676ae,1,1,1,0,1,1
case_b0c5a24a,1,1,1,1,1,1
case_7bdf51c9,1,1,1,1,0,1
case_fe649579,0,1,1,1,1,1
case_dd0fea23,1,1,1,1,1,1
case_2f9236b3,0,1,1,0,0,1
case_0905805b,0,0,1,0,1,1
case_045da376,0,1,1,0,1,0
case_509ad834,0,0,0,1,1,1
case_2135b5d5,0,1,1,1,0,1
case_a49277dc,1,1,1,1,1,1
case_da6b7886,1,1,1,1,1,1
case_5987bd76,1,1,1,0,1,1
case_55955c14,1,1,1,1,1,1
case_86fc6311,1,1,1,1,1,1
case_796f3762,1,1,1,1,0,0
case_31044c67,1,1,1,1,1,1
case_3d14d741,1,0,1,0,1,0
case_372d1a45,0,1,1,1,0,0
case_f40ab6c5,0,0,1,0,1,1
case_38a7941c,1,1,1,0,0,1
case_5379972c,1,1,1,1,1,1
case_895d3d02,1,1,1,1,1,1
case_806fda88,0,0,1,1,1,1
case_302e4747,0,0,1,0,0,1
case_ff985496,1,0,1,1,1,1
case_27f5fc0c,1,1,1,1,0,0
case_07e4a0ba,1,1,1,0,1,1
case_a82cf0c6,0,1,1,0,0,0
case_ad156258,0,0,1,1,1,1
case_6730e853,0,1,0,1,0,1
case_17324d89,0,1,0,1,1,0
case_cf10d6f4,0,0,1,0,0,0
case_d3233302,1,1,1,1,1,1
case_eb228f92,1,1,1,1,1,1
case_5d3e56e6,0,1,1,0,1,1
case_1c060829,0,0,1,1,0,0
case_1b6f9bca,1,1,1,0,1,1
case_718ed0a2,1,1,1,0,1,0
case_3aca7445,0,0,1,1,1,1
case_9e0d1a31,1,1,1,1,0,1
case_cb2f223d,1,0,1,1,0,1
case_de4f215c,1,1,1,1,1,1
case_a314139f,0,1,1,1,1,1
case_a972256e,0,0,1,1,1,0
case_65fc8ad8,1,0,1,0,0,1
case_2611e5ca,1,1,1,1,1,1
case_8868702a,1,1,1,1,1,1
case_c0b9e4d8,1,0,0,1,1,1
case_09ff740c,1,1,1,0,1,1
case_2f114021,0,0,1,1,1,1
case_da76fe9f,1,1,1,1,1,1
case_b0a05f95,1,1,1,1,1,0
case_603ed7da,1,0,1,1,0,1
case_98dff067,1,1,1,1,1,1
case_13e6949f,1,1,1,1,0,1
case_7ea8e0e7,1,0,1,1,0,1
case_13c6a6e3,1,1,1,1,1,1
case_cd113221,1,1,1,1,1,1
case_c7008219,0,1,1,1,1,1
case_1f905376,1,1,1,1,0,1
case_4f1521a5,1,1,0,1,1,1
case_855d6e96,0,0,1,0,1,1
case_93ac2892,1,1,1,1,1,1
case_1bf061a9,0,0,1,0,1,0
case_97222c39,0,1,1,1,1,0
case_4b4c9953,1,1,1,0,0,1
case_7a89ad17,1,0,1,1,0,1
case_e1e813b3,1,1,1,1,1,1
case_ec4d2de1,1,1,1,1,1,1
case_7f3071f9,1,1,1,1,1,1
case_517eb9f0,1,1,1,1,1,1
case_570bfa54,1,1,1,1,1,0
case_18377dd6,0,1,0,0,0,1
case_dbf2f1fb,1,0,1,1,1,1
case_ebc916c6,1,0,1,1,0,1
case_0f0a205d,1,1,1,1,1,1
case_e06dfb72,1,1,0,1,0,1
case_cf58f10d,1,1,1,1,1,1
case_1a671382,0,1,1,1,1,0
case_fe51902d,1,0,1,1,0,0
case_b560b22c,0,1,1,1,1,1
case_082366f5,0,1,0,1,1,0
case_5931706f,0,0,1,0,0,0
case_d0bd8cb6,1,1,1,1,1,1
case_483a866b,0,1,1,1,0,1
case_071386c6,0,1,0,1,0,1
case_b06c258e,0,1,1,1,1,1
case_90f52330,1,1,1,1,1,1
case_fbd317cc,1,1,1,1,1,1
case_557602bc,0,1,1,1,1,1
case_a030167f,1,1,1,1,1,1
case_681cefce,0,1,1,0,0,1
case_b041238d,1,1,1,1,0,1
case_3ff82709,1,1,1,1,1,1
case_15e55bb7,1,0,1,1,1,1
case_310be334,1,1,1,1,1,1
case_a1ec9040,1,0,1,1,0,0
case_37ffa947,1,1,1,1,1,1
case_700915cf,1,0,1,1,0,1
case_50571fae,1,1,1,1,1,0
case_feb56f99,1,1,1,1,1,0
case_df2affee,1,1,1,1,1,1
case_45e689f8,0,1,1,1,1,1
case_028d0a62,1,1,1,0,1,1
case_c5bc0543,0,1,1,0,1,1
case_a6ab9ab1,0,1,1,1,1,1
case_4323e973,0,1,1,1,1,1
case_dc29487e,0,0,1,0,1,1
case_bd879b97,1,0,1,1,1,1
case_f5312c3f,1,1,1,0,0,1
case_df6aca2d,1,1,1,1,0,1
case_81165e20,0,1,1,0,0,1
case_721aa891,1,1,1,1,1,1
case_cc30da72,1,0,1,1,1,1
case_4d26e22c,0,0,1,0,0,0
case_61e2a431,1,0,1,1,1,0
case_f3481139,1,0,1,0,1,0
case_632f27ae,1,1,1,1,1,1
case_337daffd,1,1,1,1,1,1
case_e2173eac,0,1,1,0,1,1
case_0592d52f,1,0,1,0,1,1
case_e3da8805,1,1,1,0,1,1
case_90c53974,1,1,1,1,1,1
case_60da972f,0,0,1,1,1,1
case_ce6479d8,1,1,0,1,1,1
case_b9971e3b,1,0,1,1,1,1
case_98beb7df,0,1,1,0,1,1
case_4621b791,0,1,1,1,1,1
case_02a5872c,1,0,1,1,1,1
case_34b22fad,1,1,1,1,1,1
case_45022a2e,1,1,1,1,0,1
case_037e4abf,1,1,1,0,1,1
case_ffc823df,0,0,1,0,0,0
case_35cbe751,1,0,1,0,1,1
case_9e751b0d,1,1,1,1,1,1
case_c93aaa3c,0,0,1,1,1,1
case_2a460537,1,1,1,1,1,1
case_a6ac4232,0,0,1,0,0,1
case_f4710a1e,1,0,1,1,1,1
case_d9b7cf57,1,1,1,1,0,1
case_52cea379,0,1,0,1,0,1
case_8a97c7db,1,0,1,1,1,0
case_8cad82e4,1,1,0,1,1,1
case_a96e71a3,0,0,1,1,1,1
case_b5d5fde2,0,0,1,1,0,1
case_3a177300,0,0,1,1,0,0
case_d5826e84,0,0,0,1,0,0
case_2aacb093,0,0,1,0,1,1
case_02dfd91c,0,1,1,0,0,1
case_0abb9ed9,0,0,1,0,1,1
case_b9f368f9,0,1,1,1,1,1
case_58c2c3ca,1,0,1,1,1,1
case_a1da04e2,0,1,1,0,1,1
case_bae9b2d3,0,0,1,0,0,1
case_f0f69e0a,0,1,0,0,0,1
case_62976f33,1,1,1,0,1,1
case_88278622,1,1,1,1,1,1
case_115126fc,1,1,1,1,1,1
case_a8287260,1,1,1,1,0,1
case_59f4a70f,0,1,1,1,0,0
case_a9ebc0c1,1,1,1,0,1,1
case_623a866b,0,0,1,1,1,1
case_ff9600c3,1,1,1,0,0,1
case_63eaf41f,1,1,1,1,1,1
case_ffac7d54,1,1,1,1,1,0
case_66a08c88,0,0,1,1,1,1
case_c47862ba,1,1,1,1,0,1
case_1d0d9f02,1,1,1,1,1,0
case_58c964a1,1,1,1,1,0,1
case_59aa62f5,1,0,1,0,1,0
case_bc15fb10,0,0,1,1,0,1
case_e914650d,0,1,1,0,0,1
case_b2779879,0,1,1,1,0,0
case_549e464a,0,1,1,1,1,1
case_58845898,1,1,1,1,1,1
case_e87646ee,1,1,1,0,1,1
case_b66fa179,1,0,1,0,1,1
case_e3005cd6,1,1,1,1,1,1
case_ab9b6106,1,1,1,1,1,1
case_723739f1,1,1,1,1,1,1
case_3933fb5f,0,1,1,1,0,0
case_1c9de774,1,1,1,1,1,1
case_061fa8c4,0,1,1,1,1,1
case_1a4e0d25,0,1,1,1,1,1
case_43f28f3c,1,1,1,1,1,1
case_b46a5d1c,1,0,0,1,1,1
case_670f02d0,1,0,1,1,1,0
case_f226b3e9,1,0,1,1,1,1
case_e3586eef,0,1,1,1,1,1
case_b7fff8b9,1,0,1,1,1,0
case_c29e0a90,1,0,0,1,1,1
case_88b23ee0,1,1,1,1,1,1
case_c19d65cb,1,1,1,1,1,1
case_0bf3af86,1,1,1,1,1,0
case_50242838,1,1,1,1,1,1
case_f8cee0bf,0,0,1,1,1,0
case_632f4af6,1,1,1,1,1,1
case_ebd37dbb,1,0,1,0,0,1
case_66cd2c23,0,0,0,0,1,1
case_8a00a1f7,1,1,1,1,1,1
case_a831ba4a,1,1,1,1,0,0
case_c88d96e0,1,0,1,1,1,0
case_2f29fefb,1,0,0,0,0,0
case_7c124e99,1,1,1,1,1,1
case_3aef865e,0,0,1,0,0,1
case_e8638904,1,0,1,1,1,1
case_b681818f,1,0,1,1,1,1
case_924abbfa,1,0,0,1,1,1
case_65a651a3,0,1,1,0,0,1
case_bc8f9e3f,1,0,1,1,1,1
case_6ac1568a,1,1,1,1,1,1
case_4cc7e804,0,1,1,1,1,1
case_3fcce283,1,1,1,1,1,1
case_4925850f,1,1,1,1,1,1
case_3d674723,1,1,1,1,1,1
case_379d14e7,1,1,1,1,0,1
case_b541f5db,1,1,1,1,1,1
case_9b934911,1,1,1,1,1,1
case_dcb66e99,1,1,0,0,0,0
case_4eccbe40,0,1,1,1,1,1
case_39b3e324,1,1,1,0,0,1
case_0e8df9e7,0,1,1,1,1,1
case_862dcc02,0,0,1,0,1,1
case_11bb23f0,1,1,1,0,0,1
case_b81fc1ae,0,1,1,0,0,0
case_37f19750,1,0,1,1,1,0
case_31d7dc24,1,1,1,1,1,1
case_2d82add6,0,0,1,0,0,0
case_24b8a273,0,1,1,1,0,1
case_6024e7df,1,1,1,0,1,1
case_6274f4b3,1,0,1,1,1,0
case_6a316289,0,1,0,0,1,1
case_e89f0ab8,0,1,1,0,1,1
case_06c69d3d,1,0,1,1,1,1
case_17162d9d,1,1,1,1,1,1
case_0f6b6a6c,1,1,1,1,0,1
case_02a46074,1,1,1,1,1,1
case_d3b0c379,1,1,0,0,1,1
case_4c5e322e,1,1,1,1,1,1
case_52dd2090,0,0,1,1,0,1
case_434b41a9,0,0,0,1,1,1
case_6bf90446,1,1,1,0,1,1
case_8728d886,1,1,1,0,1,0
case_d12b0810,0,0,1,1,0,1
case_845cab49,1,1,1,1,1,0
case_c1e986cd,0,1,1,1,1,1
case_37a56b4d,0,0,1,1,1,1
case_a5be55b0,1,1,1,1,1,1
case_f3a6fe8a,1,0,0,1,1,0
case_ed54fc1d,0,0,1,0,0,1
case_a54ec834,1,0,1,1,0,1
case_4a37ee18,0,1,1,1,1,1
case_b5c66535,1,1,1,1,1,1
case_47bfc9db,1,0,1,1,0,1
case_e357f6a3,1,0,1,1,1,0
case_1b9ce758,1,0,1,1,1,1
case_a08eaa62,0,1,0,1,0,1
case_a5ff06a7,1,1,1,0,1,1
case_fbe37861,1,1,1,1,1,0
case_66e7ffd6,1,1,1,1,1,1
case_7ef0e652,1,0,1,1,1,0
case_a15a826b,1,1,1,1,1,1
case_8c77997c,0,1,1,1,1,1
case_cd6bc2ca,1,1,1,1,1,1
case_fd55f512,1,1,1,1,1,0
case_c309b109,1,1,1,1,1,1
case_5ff2491e,1,1,1,1,1,1
case_2fb94dae,0,0,1,0,1,1
case_d926dd9a,1,1,0,1,0,0
case_592ec67a,1,1,1,1,1,1
case_29025a42,1,1,0,1,1,1
case_9ec81eff,1,0,1,1,1,0
case_7bc076c1,1,1,1,1,1,1
case_f239c2cf,0,0,1,0,0,0
case_f7c70cf3,0,0,1,1,1,1
case_3d678f87,0,1,1,0,1,1
case_847652c0,1,1,1,0,1,1
case_2f67a6b5,1,1,1,1,0,1
case_7cc2bf3a,1,1,1,1,1,1
case_8b2451a2,1,1,1,1,1,1
case_dca6fd78,0,0,1,1,1,1
case_2ed39f46,0,1,1,1,0,1
case_804c0331,1,1,0,1,1,1
case_df410887,0,1,0,0,1,1
case_0fcf5d14,0,1,1,1,1,0
case_6b8ef071,0,0,0,0,1,1
case_6864d94e,0,0,1,1,1,1
case_8287b565,1,0,1,0,1,1
case_1e6e92b6,1,1,1,1,1,1
case_264b378f,1,1,0,1,1,1
case_ec860190,1,1,1,1,1,0
case_6e2d4cc0,1,0,1,0,1,0
case_81d21ca3,1,0,1,1,1,1
case_065fdded,1,1,1,1,1,1
case_3ab831c5,0,1,1,1,1,1
case_eb5197b1,0,1,1,1,0,1
case_8227f8be,1,1,1,1,1,1
case_bdc91925,0,0,1,0,1,0
case_42ffff4a,1,0,1,0,1,1
case_bf422b65,1,0,1,1,1,0
case_5df97f14,0,1,0,0,0,1
case_38b28393,1,1,1,1,1,1
case_65d67525,1,1,0,1,0,1
case_d6a32bb5,1,0,0,1,1,1
case_9dd9b1ef,1,0,1,0,1,0
case_e322c04d,1,1,1,1,1,1
case_c1207523,0,0,1,1,0,0
case_69d4837f,1,0,1,0,0,1
case_be68ae2f,0,0,1,0,1,1
case_908aece5,1,1,1,1,1,1
case_d0b814fe,0,1,0,1,0,0
case_9d491bd4,1,0,1,1,0,1
case_a931a07a,1,1,1,1,0,1
case_2b3439df,0,0,1,1,1,1
case_2bb313f4,0,0,1,0,0,1
case_fe13acae,0,1,1,1,1,0
case_5744f197,0,1,1,1,1,0
case_592efca0,0,1,1,1,1,1
case_19e2f526,0,0,1,0,0,1
case_d0b6f0b1,0,1,1,1,1,0
case_027be1d6,0,1,1,0,1,0
case_3cfb0edc,1,0,1,0,0,1
case_ab0690a0,0,0,1,0,1,1
case_170671fc,0,1,1,0,0,0
case_85a3b79d,1,1,1,0,1,1
case_06f91791,1,1,1,1,1,1
case_dd52a8e0,0,1,0,0,0,1
case_a7b6c75b,0,1,1,1,1,1
case_97544eec,0,1,1,0,1,1
case_1cffb84c,0,1,1,1,1,1
case_34decd73,0,1,1,1,1,1
case_76287bc8,1,1,1,1,1,1
case_670f8f54,1,1,1,1,1,1
case_e579dca7,1,1,1,1,1,1
case_36aff793,0,0,1,0,1,1
case_2cef43ab,1,1,1,1,1,0
case_71aabba5,0,0,1,1,1,1
case_b95fb39d,0,1,1,1,1,1
case_8b4d41b6,0,1,1,1,0,0
case_de87ca65,0,0,1,1,1,0
case_7b238259,1,1,1,1,1,1
case_3faacb73,0,1,1,0,1,1
case_efb75bc9,1,0,0,1,0,1
case_ba5d46f6,1,0,1,1,1,1
case_48f036c3,1,0,1,1,1,1
case_a9932ae6,0,0,1,0,0,1
case_a70d8ca1,0,0,1,0,0,0
case_16debb83,1,1,1,1,1,1
case_08c62f39,1,1,1,1,1,1
case_2b8b4f92,1,0,1,1,1,1
case_e3541227,0,1,0,1,1,1
case_9e982e08,1,1,0,0,0,1
case_b7672280,0,1,1,1,1,1
case_aad5cee7,1,1,1,1,1,0
case_1368b88f,0,1,1,0,1,0
case_7d4cb581,1,1,1,1,1,1
case_a121acbe,1,0,1,1,1,1
case_36519d2f,1,1,1,1,1,1
case_c9fb940f,1,1,1,1,1,1
case_ac38cdf6,0,0,1,1,1,1
case_87942c39,0,1,1,0,1,1
case_739df297,1,1,0,1,1,1
case_e98b4fba,0,1,0,0,1,0
case_34285e87,1,1,1,1,1,1
case_8b5cdb0c,1,0,0,0,0,1
case_ff9dfef6,1,0,0,1,0,1
case_20c77373,1,0,1,0,0,1
case_526bdc7a,0,1,1,1,0,1
case_a5fce764,1,0,1,0,0,1
case_80f591c5,1,1,1,1,0,1
case_2b63815c,1,0,1,1,1,1
case_68702a0f,1,1,1,1,0,1
case_cb5fef37,1,1,1,1,0,0
case_c2cc14ab,1,0,1,0,1,1
case_2df91444,1,1,1,0,1,1
case_7a95f9cc,1,0,1,0,1,1
case_0f28d561,1,1,1,0,1,1
case_84e62783,0,1,0,1,1,1
case_7a0a1381,1,1,1,1,1,1
case_128a895b,0,1,1,1,0,1
case_a4a5595f,1,1,1,1,1,1
case_23326116,1,0,1,0,1,1
case_a0c3568e,0,1,0,1,1,1
case_e323b4e5,1,0,1,1,1,1
case_4bdca5de,0,1,1,1,1,1
case_73c19c2d,1,1,1,1,1,1
case_71661bd5,0,1,1,0,0,1
case_1604ebf0,0,1,1,0,0,1
case_90a6eb2f,0,1,1,1,1,1
case_edffe9be,1,1,1,1,1,1
case_128da06c,1,1,1,1,1,1
case_c1bfe494,1,1,0,0,0,0
case_fdd9f2fa,1,0,1,1,1,1
case_f40c48ba,1,1,1,1,0,1
case_e127323a,1,1,1,1,1,1
case_c37c40b2,0,0,1,1,0,1
case_fdef9ef0,1,1,1,1,1,1
case_bbe521f4,0,0,1,0,1,1
case_dbe21d65,0,1,1,1,1,1
case_312438d2,0,1,1,1,1,1
case_493c390e,1,1,1,1,1,0
case_3831f298,0,0,1,0,1,0
case_073c1ef8,0,0,1,0,0,1
case_36e353b7,0,0,1,1,1,1
case_62991acd,1,0,0,1,0,1
case_6610e053,1,1,1,0,1,1
case_23f1c1be,1,0,1,0,1,1
case_eb3a190a,1,1,0,1,1,1
case_b5abd47a,1,1,1,0,1,1
case_1da59e20,0,0,1,1,1,1
case_b44a78c3,0,0,1,0,0,1
case_2bc747aa,1,1,1,1,1,1
case_c1cf3525,1,1,1,1,1,1
case_3ee3f3ea,1,0,1,1,0,1
case_02d607f1,1,1,1,1,1,1
case_f41d9096,1,0,1,1,1,1
case_a14dca2e,1,1,1,1,1,1
case_2cb42c24,1,1,1,1,1,1
case_682c3eb4,0,1,1,0,1,1
case_c25d3cb9,1,1,1,1,1,1
case_69c7a4f0,0,0,1,0,1,1
case_55ebbc9f,0,0,1,1,1,1
case_9314d8e8,0,0,1,1,0,1
case_21a4c8eb,1,1,0,1,0,0
case_98c73919,1,1,0,1,1,1
case_6f4c9d43,1,0,1,1,1,1
case_50977f35,1,0,1,1,1,1
case_77afd9c5,0,0,1,1,0,0
case_1c1fac16,0,0,0,0,1,0
case_2ecab349,1,1,1,1,1,0
case_0ffefc1a,1,1,1,1,1,1
case_8b0ca6d5,1,0,0,0,0,1
case_d8cd032e,1,0,1,1,1,1
case_fe4da70c,0,0,1,1,1,1
case_a04394ab,1,0,1,1,1,1
case_04114303,0,1,1,1,0,1
case_946efe6b,1,0,1,0,1,1
case_ebbcbf29,0,1,1,1,0,1
case_ab0b8ea9,0,0,1,0,1,1
case_9a5eec42,1,1,1,0,1,1
case_0b63f6ca,1,1,1,1,1,1
case_abc8252a,1,1,1,1,1,1
case_7ccb53a0,1,0,1,1,0,0
case_49b92aeb,1,1,0,1,0,0
case_3854e8f6,0,0,1,1,1,0
case_fcda013e,1,1,1,0,0,0
case_1cea16fd,1,0,0,1,0,1
case_983d8da4,1,1,1,1,1,0
case_5c755cd8,0,1,1,0,1,1
case_76e130f1,0,1,1,1,1,1
case_efa5c35f,0,1,1,0,1,1
case_768b6e5e,1,1,0,1,0,1
case_1ab11ae5,0,1,1,0,1,1
case_dc8981e9,1,1,1,1,1,1
case_33b3faca,0,0,1,0,1,0
case_ff1017ea,1,0,1,1,1,1
case_978616a0,1,1,1,0,0,1
case_49b6c559,1,1,1,0,1,1
case_d13d0761,1,0,1,0,0,0
case_daacb2bc,1,0,1,1,1,0
case_e280e4af,1,1,1,1,1,1
case_23e1501f,1,1,1,0,1,0
case_f49d2ea1,1,1,0,1,0,1
case_bd1a51be,1,1,1,1,1,0
case_ef7f1057,1,1,1,1,0,1
case_ff0be68a,1,1,1,1,1,1
case_cdd9c888,1,0,1,1,1,1
case_1b8cb24a,1,1,1,0,1,1
case_8aff96b2,0,0,1,0,1,0
case_783ae739,1,1,0,1,0,1
case_da9ee50a,1,0,1,1,1,1
case_a328085d,0,1,1,1,1,1
case_2ccf04a9,1,1,1,0,1,1
case_2fff7934,1,0,1,0,0,1
case_f7ee18b6,0,0,1,0,0,1
case_eab70128,1,1,0,0,0,1
case_91378e28,1,0,1,1,1,1
case_34763981,0,1,1,1,1,1
case_f48581d2,1,1,1,1,1,1
case_8b4f489e,0,0,1,1,1,1
case_61782578,0,0,1,1,1,1
case_8fbb220a,0,0,1,1,1,1
case_7b527e4c,1,1,1,0,1,0
case_4f0fe2d0,1,1,1,1,0,1
case_bc3420bc,1,0,1,1,1,1
case_4a665f47,1,1,1,1,1,1
case_cc8ce2a9,1,1,0,1,1,0
case_c688fcb1,0,0,1,1,0,0
case_1633e59a,1,1,1,1,1,1
case_a9699282,1,1,1,1,0,1
case_1f007258,0,1,1,0,1,1
case_73398b9e,1,1,1,1,1,1
case_95c1a868,1,0,1,1,1,0
case_058be1f3,0,0,1,1,0,1
case_9f2cc172,0,0,0,0,1,1
case_cca2590f,1,1,1,1,1,1
case_3169f2ba,1,0,1,0,1,0
case_5610210f,0,1,1,1,0,0
case_27309113,0,1,1,1,1,1
case_845e2e95,0,1,1,1,1,1
case_c6cdf93e,1,0,1,1,1,1
case_c614baad,1,1,1,1,1,1
case_c69ea25e,1,1,1,1,1,0
case_b6135d9c,0,0,1,1,1,0
case_a49067c9,0,0,1,1,0,1
case_08533960,1,1,1,1,1,0
case_6cb4212c,0,1,1,0,1,0
case_c7cb3fb9,1,1,1,1,1,1
case_266384bd,1,1,1,1,1,1
case_581cf521,1,1,1,1,1,0
case_ff29a4a5,1,0,1,1,1,1
case_2fceafea,1,1,1,0,1,1
case_024dd38e,0,1,1,0,0,1
case_a148a9d7,1,0,1,0,1,0
case_7f2abac6,0,1,1,0,0,1
case_2e11ae50,1,1,1,1,1,0
case_5ee41c7c,1,1,1,1,1,1
case_ada31742,1,1,1,1,1,1
case_6a296f62,1,1,1,1,1,1
case_29e5b026,1,0,1,1,1,1
case_e74c47dc,0,0,1,1,0,0
case_6104dd3c,1,1,1,0,1,1
case_87c8ec0c,1,1,1,1,1,1
case_e7aba117,1,1,1,1,1,1
case_f8a87789,1,1,1,1,1,1
case_3ff92a0c,1,1,1,1,1,1
case_28aa5d4d,1,1,1,0,0,0
case_7e14b90f,0,1,1,1,0,1
case_709d8424,1,1,1,1,1,1
case_16d5be8d,1,1,1,1,0,1
case_ac3ac798,1,0,1,0,1,1
case_9aadc7cd,1,0,1,0,1,0
case_ebf536e4,0,1,1,0,1,1
case_ea830ae1,1,1,1,1,1,1
case_cdc26521,1,1,1,1,0,1
case_1cf30fb8,0,1,1,0,0,1
case_effcc9ab,1,1,1,1,0,1
case_e9e3bdf2,1,1,1,1,1,1
case_ad6a85c1,0,1,1,1,1,1
case_67f78349,1,1,1,1,1,1
case_b214720f,1,1,1,1,1,1
case_60900e74,1,0,1,1,0,1
case_f19aa4b2,1,0,1,1,1,1
case_2254dc64,1,1,1,1,1,1
case_87cb6cb4,0,1,1,0,1,1
case_72508662,1,1,1,1,1,1
case_74c7971e,0,0,1,1,1,1
case_0093689a,0,1,0,0,0,1
case_ae9e4b38,1,1,1,1,1,1
case_eb33c5c9,1,1,1,1,1,1
case_f407e43f,1,0,1,0,1,1
case_ee93220a,1,0,1,1,1,1
case_b1948784,0,0,1,0,1,0
case_80b416a6,1,0,1,1,1,1
case_5e097e4f,1,1,1,1,0,1
case_a23c140b,1,1,1,1,1,1
case_f449a243,0,1,1,0,1,1
case_a2b08bd6,0,1,1,1,0,1
case_8df55769,1,1,1,1,1,1
case_b216a338,1,1,0,0,1,1
case_d57f1b43,1,1,1,1,0,1
case_257331ef,1,1,1,0,1,1
case_4c92c941,0,0,1,0,1,1
case_73286d93,1,1,1,1,1,1
case_5d392773,1,1,1,1,1,1
case_2bdc57a5,1,1,1,1,1,1
case_97727c01,0,0,0,1,0,0
case_3b7acb1b,0,0,1,1,0,1
case_f429fdd5,0,0,0,0,1,1
case_80159f68,1,1,1,1,1,1
case_f422190d,1,1,1,1,1,1
case_9fd5ac23,1,1,1,1,1,1
case_98c10e34,0,1,1,1,0,0
case_9574e951,0,0,1,0,1,1
case_121b14c9,1,0,1,1,1,1
case_f16e30f2,1,0,1,0,1,0
case_d75b90a2,0,1,1,0,1,1
case_3423c987,0,0,0,0,1,1
case_6af8f52f,0,0,0,0,0,0
case_f34e811a,0,0,1,0,0,1
case_af6d66dc,1,1,1,1,1,1
case_dbfb2950,1,0,1,0,0,1
case_2d508466,0,0,1,0,0,0
case_b806ab14,1,1,1,1,1,0
case_71ec53f9,1,0,1,0,1,0
case_f411c3f0,1,0,1,1,0,0
case_fa9e00be,0,0,1,0,1,1
case_45a753aa,0,0,1,1,1,1
case_558679de,0,0,1,1,0,1
case_c8cbed63,1,1,1,1,1,1
case_1bf7661a,0,1,1,1,1,0
case_7503c8ae,1,1,1,1,1,1
case_e100e655,1,0,1,0,1,1
case_73c990fd,1,1,1,0,1,1
case_57caed93,1,1,1,0,0,1
case_6773d1f1,0,1,1,1,0,1
case_501939f0,0,1,1,1,0,1
case_06adddea,0,0,1,1,0,0
case_a7a847ba,1,1,1,0,1,1
case_56e24f88,1,1,1,1,1,1
case_41981ce4,0,0,1,0,0,1
case_e031ad6e,1,1,1,1,1,1
case_797c3cb7,1,0,1,0,0,1
case_470ad128,0,0,1,0,0,1
case_56ee970a,1,1,1,1,1,1
case_603631f1,1,0,0,0,1,0
case_3ec39111,1,1,1,1,1,1
case_6998383d,1,1,1,1,0,1
case_3fef577f,1,1,1,0,0,1
case_06bde0b7,1,1,1,1,1,1
case_435f78e2,1,0,1,1,0,1
case_f65c7421,0,1,0,0,1,1
case_76262fbd,1,1,0,1,1,0
case_c23bb1b1,1,0,1,0,1,1
case_f98f4d84,0,1,1,1,1,1
case_35766e8f,0,1,1,1,0,1
case_b868e2a1,1,1,1,0,0,0
case_b8f89772,0,0,1,1,0,1
case_767d4273,0,1,1,1,1,1
case_6bc349ab,1,1,1,1,1,1
case_b2eac013,1,0,1,0,0,1
case_5bc87120,0,0,1,0,1,1
case_b5f1403b,1,0,0,1,1,1
case_c7d91b6d,1,1,1,1,1,1
case_6ddf24bc,1,1,0,1,1,0
case_f7110b1d,1,0,1,1,1,0
case_59d2f290,1,1,1,1,1,0
case_f5b0cfc5,1,1,1,1,0,1
case_8277295c,1,1,1,1,1,1
case_6eb0ad87,1,1,1,0,1,1
case_600ce5a8,1,0,1,1,1,1
case_cff0d9ea,1,1,1,1,1,1
case_38a9fb5b,0,1,1,1,1,1
case_41c3a35f,0,0,1,1,1,1
case_20ff7bbb,1,1,1,1,1,1
case_807e916b,1,1,1,1,1,1
case_8efa9921,1,0,1,0,1,1
case_f738d553,0,1,1,1,1,0
case_629e934c,0,1,0,0,1,0
case_4579d548,1,1,1,0,1,1
case_116dc59b,0,1,0,1,0,0
case_9c825e11,1,1,1,1,1,1
case_83ad5e65,1,1,1,1,1,1
case_7d9d1d2b,1,1,1,1,0,1
case_c5c2cbc5,1,1,1,1,0,1
case_0697b1b8,0,0,1,0,1,1
case_513f7036,1,0,1,1,1,0
case_aa11ccd6,1,1,1,1,0,1
case_0de98f28,1,1,1,1,1,1
case_ff23ed6e,1,1,1,1,0,1
case_5045ff21,1,1,1,1,1,0
case_b35537ae,0,1,1,1,1,0
case_3b5791ee,1,1,1,1,1,1
case_ef4cede8,1,1,0,1,1,1
case_2ae20809,1,1,1,1,1,1
case_5794cebc,1,1,1,1,1,1
case_f0df1277,1,1,1,0,0,1
case_f3389d70,1,1,1,1,1,1
case_2b3bcd4e,1,1,1,1,1,0
case_24928dde,0,1,1,0,0,1
case_9a8b255c,1,1,1,0,1,1
case_3a3507e7,0,0,0,1,0,1
case_eb4cc6a3,1,0,1,1,0,1
case_3a4e1a32,0,0,1,1,0,0
case_b6a46406,0,1,1,1,1,1
case_8e17b8f6,1,0,1,1,1,1
case_011962b8,0,1,1,1,0,0
case_974de4ca,0,0,1,1,1,0
case_d4eba9a0,0,1,1,0,1,1
case_4ef49ca1,0,1,1,0,0,0
case_0d3cad1d,1,1,1,1,1,1
case_b159d4a3,0,1,1,0,1,0
case_32798b1e,0,1,1,0,0,1
case_4c8d0407,1,1,1,1,1,1
case_66a5cc5b,1,1,1,1,1,1
case_4f382bd4,1,1,1,1,0,1
case_e2c711bd,0,1,1,1,1,1
case_aa7d4b76,1,1,1,1,0,1
case_30de6be1,0,0,1,1,0,0
case_1a4ebd2f,0,0,1,0,1,1
case_e8a8f633,0,0,1,1,0,0
case_00d93f25,1,1,1,1,1,1
case_eb52ebfd,1,1,1,1,1,1
case_d419d734,1,1,1,1,1,1
case_0677f448,1,0,1,1,1,1
case_5e75d3f2,1,1,1,0,1,1
case_25d952fa,0,1,0,0,1,1
case_4edf43cc,1,1,1,1,1,1
case_70a0ecd7,1,1,1,1,1,1
case_103a4fd3,1,1,1,1,1,1
case_998aba84,1,1,1,1,1,0
case_126f01d6,0,1,0,0,0,1
case_4abb4c21,0,1,1,1,1,0
case_85072b03,1,1,1,0,1,1
case_dd677e10,0,0,1,0,1,1
case_a9ae5f81,1,1,1,0,1,1
case_023710e3,1,1,1,1,1,1
case_d9ad6106,0,1,1,1,1,1
case_4f176a3b,1,1,1,0,0,1
case_093f973f,1,1,1,1,1,0
case_702eeea0,1,1,1,1,1,1
case_99b3b227,1,0,1,0,1,1
case_fff87e63,0,0,1,0,1,1
case_80fd8102,1,1,0,1,1,1
case_89548627,1,0,1,1,1,1
case_8f9dab1a,1,1,1,0,1,0
case_f5e6efdf,1,1,1,1,1,1
case_16d65fdf,1,1,1,0,1,1
case_f08c1d98,1,1,1,1,1,1
case_34878def,1,0,1,1,0,1
case_3c3f6747,1,1,1,1,1,0
case_30c45a0e,1,1,1,1,1,1
case_e3daf45c,0,0,0,0,1,1
case_97b5b147,1,0,1,1,1,1
case_b11d0d6b,0,1,1,1,0,0
case_64a2dfe7,1,0,1,1,0,1
case_c105a152,1,1,1,1,1,1
case_a293dd58,0,0,1,0,1,1
case_ac354731,1,1,1,0,1,1
case_68185ca0,0,1,1,1,0,1
case_37a960c1,1,1,1,1,1,1
case_79c4b8ad,1,1,1,1,1,1
case_68a35924,1,1,1,1,1,0
case_b54eba06,1,1,1,1,1,0
case_a6aca3e8,0,0,1,0,0,1
case_72e16eae,0,0,1,0,0,1
case_c624a828,0,1,1,1,1,1
case_7c6cde72,1,0,1,0,0,0
case_4bc4caa0,1,1,1,1,1,1
case_59560818,0,1,0,0,1,0
case_2beacca0,0,1,1,1,0,0
case_5686a6d7,1,0,1,1,0,1
case_4097bc58,0,0,0,1,0,1
case_30656cac,1,0,1,1,1,0
case_57dd3652,0,1,1,1,0,1
case_a3dcb111,0,0,1,1,0,1
case_ec339084,0,1,1,1,1,1
case_587386ae,0,0,1,1,0,0
case_193b2891,1,0,1,1,1,0
case_1fbcf010,1,1,0,1,1,1
case_2ec56eb7,1,1,1,1,1,1
case_b5cdaa33,0,0,0,1,0,0
case_f31d530c,1,1,1,1,0,1
case_2664ea06,1,1,1,0,0,1
case_aabcdee3,0,0,0,0,1,1
case_6ef19987,0,1,1,1,1,0
case_871f027a,1,1,1,1,1,1
case_b8ee3108,1,0,1,1,1,1
case_1c33c54f,1,1,1,1,0,1
case_531ac2c5,0,1,1,0,0,1
case_95b6f7ca,0,0,0,0,1,1
case_f6bb898f,1,0,1,0,1,1
case_974c4e28,0,0,1,1,1,1
case_bb67aff4,1,0,1,0,0,0
case_1fc20642,1,0,1,1,0,1
case_78be4403,1,0,1,1,0,1
case_c3fda327,1,1,1,0,1,1
case_a9a7efc3,1,1,1,0,1,0
case_31460a74,0,1,0,1,0,1
case_2a9428cd,0,1,0,1,1,1
case_6265ca86,1,1,1,1,1,1
case_58959b1f,0,0,1,1,0,1
case_140f4207,1,1,1,0,1,1
case_536c9c3c,1,1,0,1,1,1
case_e029aba3,1,1,1,1,1,1
case_59e3ebb9,0,0,1,0,1,1
case_a65945bf,1,1,1,1,1,1
case_4a547f31,1,1,1,1,1,1
case_cbc06f15,1,1,1,0,1,1
case_8600953b,0,1,1,1,0,1
case_332c7181,1,1,0,1,0,1
case_f656e89e,0,0,1,0,1,0
case_7d356e8d,0,1,0,1,1,1
case_08051186,0,0,1,1,0,1
case_2ba2ee83,1,1,1,1,1,1
case_fcc9927d,1,1,1,1,1,1
case_04464a17,0,1,0,1,0,0
case_2944d7b6,0,1,0,1,1,0
case_480b6c9f,1,1,1,1,1,1
case_1d4960d9,1,0,1,1,1,1
case_89883309,0,0,1,1,0,1
case_724c48cb,0,0,1,1,0,1
case_c1a5a4f4,1,1,1,1,1,1
case_a2433af1,1,1,1,1,1,1
case_a5108b51,0,0,1,1,1,1
case_adb968a3,1,1,1,1,1,1
case_e106bd3b,1,1,1,1,1,1
case_ce996e96,1,1,1,1,1,1
case_391b29cd,1,1,1,0,0,1
case_2bd460a6,0,0,1,0,1,1
case_7c8ccee5,0,0,1,0,0,1
case_13663589,0,0,1,0,1,0
case_d83da42a,1,1,0,0,1,1
case_75399e72,0,1,0,1,1,1
case_2006dc00,0,1,1,1,1,1
case_99e85d0e,0,0,1,0,1,1
case_7fad147f,1,0,1,1,1,1
case_67496c0c,1,1,1,0,1,1
case_9f853015,1,1,1,0,1,1
case_2580db14,0,0,1,0,0,1
case_1d0db48b,0,1,1,1,0,1
case_809276df,0,0,1,0,0,0
case_fd435099,1,1,0,1,1,0
case_d4fe9f37,0,1,1,1,1,0
case_0faa5293,1,1,1,1,1,1
case_c3a20fdc,0,1,1,0,1,1
case_dcdeeda0,0,1,1,1,1,1
case_b9dd1b0b,0,1,1,1,0,1
case_e41a049c,0,1,1,1,1,0
case_6e516884,1,0,1,1,0,0
case_4463ce1b,1,0,1,1,1,1
case_a127611e,0,1,0,1,0,1
case_48b246c0,0,0,0,0,1,0
case_0711f080,1,1,1,1,1,1
case_54c490a0,1,1,1,1,1,1
case_585649be,1,1,1,1,0,1
case_58ef1824,0,1,1,1,0,1
case_89212d73,0,0,1,1,0,1
case_ac489d38,1,1,1,1,1,1
case_6678ad73,0,0,1,1,1,1
case_443d1cdd,1,0,0,0,1,0
case_8b2258e9,0,0,1,1,0,0
case_69148712,1,1,1,1,1,1
case_fe3e0bd2,0,1,1,1,1,1
case_5cc1b9c8,0,1,1,1,0,1
case_6dbae153,1,0,1,1,0,1
case_b0640434,0,0,1,0,0,1
case_fac62dc3,1,0,1,1,1,1
case_53ba126a,0,0,1,1,1,0
case_2e89a643,0,0,1,0,1,1
case_eba960c5,1,0,1,0,0,1
case_aad6098c,1,1,1,1,0,1
case_c2547ec4,0,1,1,0,1,1
case_aa5d1e2d,1,1,1,1,1,1
case_5321b4d6,0,0,1,1,1,1
case_bff7ec14,0,1,1,1,1,1
case_343d59ee,1,1,1,1,1,1
case_cf0583ef,0,1,1,1,1,1
case_4d5f0df7,1,1,1,1,1,1
case_d496c94b,1,1,1,1,1,1
case_fc781c27,1,1,1,0,0,1
case_c8d43903,1,0,1,1,1,1
case_60ba27ea,0,1,1,0,1,1
case_a31e94c0,1,1,1,1,1,1
case_2d120045,1,1,1,1,1,1
case_b2e1bf3a,1,1,1,0,1,1
case_928c3e66,1,1,1,1,1,1
case_c6323544,0,1,1,1,1,0
case_13869333,1,1,1,1,1,1
case_439a540c,0,0,1,0,1,0
case_0ba74934,1,1,1,1,1,1
case_4fa94974,1,0,0,1,0,1
case_45454ab6,1,1,0,1,1,1
case_9504a614,1,1,1,1,1,1
case_547c24de,1,1,1,1,1,1
case_b4bcf77a,0,0,1,0,1,1
case_b755aa5a,0,1,1,1,1,1
case_04016089,1,1,1,1,1,1
case_179e85b5,1,1,1,0,1,1
case_fdeff022,1,1,1,1,1,1
case_5aaff2a0,0,1,1,0,1,1
case_2cde1cc1,1,1,0,0,1,0
case_d0f8c2f2,1,1,1,0,1,1
case_82ae7b9e,1,0,1,0,1,0
case_861c4876,1,1,1,1,1,1
case_bfc036a2,1,0,1,0,0,1
case_c1a17699,0,0,0,1,0,1
case_f7b4eca0,1,1,1,1,0,0
case_30b066f3,0,0,1,0,0,1
case_72266a46,1,1,1,0,0,0
case_da87e175,1,1,1,1,1,1
case_1b9a7b8a,0,0,1,1,0,0
case_9b15732c,1,0,1,1,1,1
case_097f644d,0,0,1,1,1,1
case_3cc0359f,0,1,1,1,1,1
case_bbd458c8,1,0,1,1,0,1
case_87dcea4f,1,0,1,1,0,1
case_2b63c2b6,1,0,1,0,1,1
case_77a9f020,0,0,1,0,0,1
case_066411a6,1,0,1,1,1,1
case_a122177b,1,1,1,1,1,1
case_47a433df,0,0,1,1,0,1
case_94bb81fa,1,1,1,0,1,1
case_2637d97f,1,1,1,1,1,1
case_defc4886,1,1,1,1,0,1
case_ef8e6b7a,0,0,0,0,0,1
case_41d9b1c9,0,0,1,0,1,0
case_79644cf7,0,0,1,1,1,1
case_32df2ee0,1,0,1,1,0,1
case_c461a722,1,1,0,1,1,1
case_f5329a5c,1,1,1,1,0,0
case_1561f87a,1,1,1,1,0,1
case_5f18b288,1,1,1,0,1,1
case_86b0b847,1,1,1,1,1,1
case_20560faa,1,1,1,1,1,1
case_b04ca8b3,0,1,1,1,1,1
case_640179a8,0,0,0,1,1,1
case_77750731,1,0,1,1,0,1
case_43f567e9,1,1,1,1,1,1
case_0bb72082,1,1,1,1,1,1
case_912a2e53,0,0,1,0,1,0
case_a42c6bc7,0,0,1,0,0,1
case_9d2aa1ed,0,0,1,0,1,1
case_f5f1c869,0,1,1,0,0,1
case_28bd2703,1,1,1,1,1,1
case_c65a3a91,0,0,1,0,1,0
case_1a873662,1,1,1,1,1,1
case_4be24d1e,0,0,1,0,1,1
case_9bfcd2c4,0,1,1,1,0,1
case_001af032,1,1,1,1,1,1
case_a148e655,1,0,1,1,1,1
case_1c53d16c,1,0,1,0,0,1
case_d2c49b82,0,0,0,0,0,1
case_dcbc7bc7,1,1,1,1,0,1
case_89710ba8,0,1,1,0,1,1
case_0c46a710,1,1,0,1,1,1
case_ca8db395,0,0,1,1,0,0
case_a570ca13,1,0,1,1,1,1
case_57ff9251,1,0,1,1,1,1
case_211443bb,0,0,1,1,1,1
case_f2e46c03,1,1,1,1,1,0
case_9de55d70,1,1,1,1,1,0
case_7b1bc90a,1,0,1,1,1,1
case_2ae64904,0,1,1,1,1,1
case_c0ab3213,1,0,0,1,1,0
case_73c45f78,1,1,1,1,1,1
case_42e02687,0,1,1,1,1,1
case_68474f9c,1,0,1,1,1,1
case_a536199d,1,1,1,1,1,1
case_8eb7b641,1,1,1,1,1,1
case_42ba4f39,1,1,1,1,0,1
case_6d7dd2d0,1,1,1,1,1,1
case_7fc45f4b,1,1,1,1,1,1
case_ae291127,0,0,0,1,1,0
case_5a7dbfef,1,0,1,0,1,1
case_3844ea95,0,0,1,0,1,1
case_63e0f33f,1,1,1,0,1,1
case_0b8052af,0,1,1,1,1,1
case_e270e0a3,1,1,1,1,1,0
case_a24be19e,0,1,1,0,0,1
case_ccd3cd9e,1,1,1,1,1,1
case_2975e9ce,1,1,0,1,1,1
case_ebdbfea8,1,1,1,1,1,1
case_d32b34f5,0,0,1,1,0,1
case_55f0afc3,1,1,1,0,1,1
case_903f6f63,1,1,1,1,0,1
case_cf58cfa6,1,1,1,0,1,1
case_ca0aadc6,0,0,1,1,1,1
case_00f3fa70,1,0,1,1,1,1
case_ead0dc9a,0,1,1,0,0,1
case_6edffa0e,1,1,1,1,1,1
case_2b93c440,1,1,1,0,1,1
case_736111e1,0,1,1,1,1,0
case_7883f419,1,1,1,1,1,1
case_77c5ab18,1,0,1,1,1,1
case_639f5bab,0,1,1,1,1,1
case_d4005ca6,0,0,1,0,1,1
case_d8b592cf,1,1,1,1,1,1
case_46dc6518,0,1,1,1,1,1
case_94860e6e,1,1,1,1,1,1
case_c4dd6774,1,1,1,0,1,1
case_6d2a8f18,1,1,1,1,0,1
case_4c8807bc,1,0,1,1,1,0
case_b3cabf5c,0,1,1,1,0,1
case_7b9d531d,1,1,1,1,1,1
case_c1b11b34,0,0,1,1,1,1
case_b840f03e,0,0,0,1,1,1
case_ba245632,1,0,1,0,0,0
case_bcd76c25,0,1,1,1,1,1
case_52280aca,0,0,1,0,1,0
case_a1fb4b7f,1,0,1,1,0,1
case_0be2c41b,1,0,0,1,1,1
case_c0b45b0a,0,0,1,1,0,1
case_5b005603,1,1,1,1,1,1
case_85a17f1c,1,1,1,1,0,0
case_4924bf81,0,1,1,1,1,0
case_f4a9f34f,0,0,0,0,0,0
case_d41b12d1,1,1,1,1,1,1
case_f32b2a66,1,1,1,1,1,0
case_48103be4,1,0,1,1,1,1
case_eb062f8b,0,1,1,1,1,1
case_94563dc2,1,0,1,1,1,0
case_07eb5115,1,1,1,0,1,1
case_bda18080,1,1,1,1,1,1
case_284b61ec,1,1,1,1,1,1
case_5449df58,1,1,1,1,1,1
case_c3e292de,1,0,1,0,0,1
case_a4030bf4,1,0,1,0,1,1
case_791ff9fe,1,1,1,1,1,1
case_63965d94,1,1,1,1,0,1
case_4c7d1c51,1,0,1,1,1,1
case_4ebfc86c,1,1,0,1,0,1
case_a029be62,1,0,1,1,1,1
case_5e422681,0,1,1,0,1,1
case_b375da74,1,1,1,0,1,1
case_525e8cde,0,1,0,1,0,1
case_9a124a1f,0,1,1,0,1,0
case_8332fcfb,0,0,1,0,1,1
case_d7b1f470,1,1,1,1,0,1
case_91679a2a,1,1,1,1,1,1
case_cf991062,1,0,1,1,1,1
case_8a79975b,0,1,1,0,0,1
case_ffadd999,1,1,1,0,0,1
case_312eddd8,1,1,1,1,0,1
case_cbd703e0,0,1,1,1,1,1
case_fd46d7ba,1,0,1,1,1,1
case_24f0ca5c,0,1,1,1,0,1
case_1a1dc3f8,1,0,1,1,0,1
case_7c022217,1,1,1,0,1,1
case_fcece7d2,1,0,1,1,0,1
case_dc81d40f,1,0,1,1,1,1
case_b2f654c7,1,1,1,1,1,1
case_058383dc,1,1,1,0,1,1
case_13f0a4dc,1,0,1,1,1,1
case_828d8a78,1,1,1,1,0,1
case_cfbe29ee,1,1,1,1,1,0
case_2034edff,1,1,1,1,1,1
case_391b7f1d,1,1,1,1,1,1
case_e1640d2b,1,0,1,1,1,1
case_bc833c3b,0,0,1,1,0,1
case_12bd7640,0,0,1,0,0,1
case_b583875e,1,1,1,1,1,1
case_3457885f,0,1,1,0,0,1
case_b0392846,0,1,1,0,0,1
case_59d7e31b,1,0,1,0,0,1
case_b93e9280,1,1,1,1,1,1
case_bddb3b31,1,1,1,1,1,1
case_d0c10baa,1,1,0,1,0,0
case_2950a8f3,0,0,1,0,1,1
case_94d4c684,0,0,1,0,1,0
case_6580ed80,0,1,1,1,1,1
case_fbe1b8f0,1,1,1,1,1,0
case_0bf4f4ae,0,1,1,0,0,1
case_14515ec3,0,0,0,1,1,1
case_1ae5eeaa,0,1,1,0,1,0
case_598d35eb,1,1,1,0,1,1
case_82b52414,0,0,0,1,1,1
case_d1d0e204,0,0,0,0,1,1
case_5f6b837e,0,0,0,1,1,1
case_4c75a6ea,1,1,1,0,1,1
case_6e1221c3,0,1,0,1,1,1
case_78aa78d4,1,1,1,1,1,1
case_1027c918,0,1,1,1,1,1
case_1eedb00a,0,1,1,1,1,1
case_1802756a,1,1,0,1,1,1
case_f4dacb19,0,0,1,1,0,1
case_67254b20,0,1,1,1,1,1
case_2de4f7b5,0,1,1,0,0,1
case_699a05fc,1,0,1,0,1,1
case_2ee6e351,1,1,1,1,1,1
case_00a913ef,0,0,1,1,1,1
case_53dee6ac,1,1,1,1,1,0
case_735d6e93,0,0,0,0,1,1
case_e4f27337,0,1,1,1,1,1
case_ed2cc506,1,0,1,1,0,1
case_247ccb8e,1,0,1,1,1,1
case_d934c412,1,1,1,1,1,0
case_1a499365,1,1,1,1,1,1
case_43cfcca4,1,0,1,1,0,1
case_12445a9b,1,0,1,1,1,1
case_0c38b675,1,1,1,1,1,0
case_d65b2ac6,1,1,1,1,1,1
case_88c1b9a6,1,1,1,1,1,1
case_daa0baa4,0,0,1,1,1,0
case_a10da501,1,1,1,1,0,1
case_bf6a5242,0,1,1,1,1,1
case_d5adfe47,1,1,1,1,1,1
case_da1d43cd,1,0,1,0,0,1
case_9739136b,1,0,1,0,1,1
case_f1ed9800,0,1,1,1,1,0
case_414e8080,1,1,1,0,0,0
case_e580ec45,0,0,1,1,1,1
case_c7ce14c9,1,1,1,1,1,1
case_bf296f1a,1,1,1,1,1,1
case_32e2a93e,1,1,1,1,1,1
case_c92d3ce6,0,1,1,1,1,1
case_34d5a94c,0,1,1,0,0,1
case_119db286,1,1,1,1,1,1
case_afef73b1,0,1,1,1,1,0
case_eaf7c522,1,1,1,0,1,1
case_663f8e03,0,0,1,1,1,0
case_293b4a53,1,0,1,1,1,1
case_5786428a,0,0,1,1,0,1
case_0a179f5b,0,1,1,1,0,1
case_f0b24b46,1,1,1,0,1,1
case_4f2ded77,1,1,1,1,1,1
case_43e50856,1,1,1,1,1,0
case_ba80cc8b,1,0,1,1,1,1
case_0ae1ca24,1,0,1,1,0,1
case_621429d4,1,0,1,1,0,1
case_0f1f4a49,1,0,1,1,1,1
case_4535336b,1,1,1,1,1,1
case_5cc56432,0,1,1,1,0,1
case_fb3a48ab,1,1,1,1,1,1
case_016a8f19,0,0,1,0,1,0
case_f76c2893,1,1,1,1,1,1
case_72a49a31,0,1,1,1,1,1
case_9cc76514,0,1,1,1,1,0
case_312a77ee,1,1,1,1,1,1
case_e9831190,0,1,1,1,1,1
case_eef86e45,1,0,1,0,0,0
case_d1f1408b,1,1,1,0,1,1
case_49882d8b,1,1,1,1,1,0
case_a93713a4,1,1,1,1,0,1
case_f2844bcd,0,0,1,1,0,1
case_b227ab09,0,0,1,0,1,1
case_0f657bd7,1,1,1,1,1,1
case_f3ef4ca9,0,1,1,1,1,1
case_4540c470,1,1,1,1,1,1
case_4f582a01,0,1,1,0,0,1
case_79503a6c,1,1,1,1,1,1
case_6955ea6a,1,0,1,1,1,1
case_3b7f2653,0,1,0,1,0,0
case_8ca4c276,0,0,1,1,1,0
case_f73a801b,1,0,1,1,1,1
case_cf61b989,1,0,0,1,0,0
case_b2f81ca9,0,0,1,1,1,1
case_c6dc1035,0,0,1,1,1,1
case_48806a46,1,1,0,0,1,1
case_6c035392,0,0,1,0,0,0
case_6823f538,1,1,1,1,1,1
case_a19bc1ac,0,0,1,0,1,0
case_9841ac32,0,1,1,1,1,1
case_c0bd6244,1,1,1,1,0,1
case_df9d7493,0,1,1,1,0,1
case_6ff3d4ef,1,0,1,1,1,1
case_20882910,0,0,1,1,1,1
case_a908f5d7,0,1,0,0,0,1
case_e733fa36,1,1,0,1,1,1
case_fdbb23f5,1,1,1,0,1,1
case_300d3120,1,1,1,0,1,1
case_bbddf7a4,1,1,1,1,1,1
case_c6ae6781,1,0,1,1,0,0
case_9892edcb,1,0,1,1,1,1
case_b36ab84c,1,1,1,1,0,1
case_092cd5d5,1,1,1,1,1,1
case_89dacf93,0,1,1,1,1,1
case_b1ba42c5,1,1,1,0,1,1
case_9bd5f03b,1,1,1,1,0,1
case_1395b2c3,0,0,1,1,1,1
case_80716b1f,1,1,1,0,1,1
case_d6cc7cb0,1,1,1,1,0,1
case_f844af39,0,1,1,1,1,1
case_0164b15b,1,1,1,1,1,0
case_62b10aec,1,1,1,1,0,0
case_3169c69b,1,1,1,1,1,1
case_2564f995,0,0,1,1,1,0
case_04f36947,0,1,1,1,1,1
case_61d62fa8,1,1,0,0,1,1
case_40bc308e,0,1,1,1,0,1
case_6428f16e,1,1,1,1,1,1
case_50de63b2,0,0,1,1,1,1
case_37878fc4,0,0,1,0,1,1
case_b7e511b2,1,1,1,1,1,1
case_e024e2b9,0,1,1,1,0,1
case_1bfa0add,1,1,1,1,1,1
case_b3280c7f,1,1,1,1,1,0
case_cd4b8c0d,1,0,1,0,1,1
case_fe65dbc2,1,1,1,1,1,1
case_84fd20c6,1,1,1,1,1,1
case_18d1d628,0,0,1,1,1,1
case_008cca51,1,1,1,1,1,1
case_ee27fc68,0,0,1,1,0,0
case_7b1dcbb9,0,1,1,1,0,1
case_d2509082,1,1,1,0,1,1
case_bcd02379,0,1,1,1,1,1
case_b0d56270,0,0,1,0,1,1
case_66595cf1,1,1,1,1,0,1
case_326f6b40,1,1,1,1,1,1
case_8fec5587,1,0,1,0,1,1
case_73fa5305,0,1,1,1,0,1
case_90dcb318,0,0,1,1,0,1
case_17b2465b,0,1,1,1,0,1
case_c7e0c6c2,0,1,1,0,1,0
case_f0b01e2e,0,0,1,1,0,1
case_a3e325c9,0,0,0,1,1,1
case_23193022,1,1,0,1,1,1
case_9843f977,0,1,1,1,1,1
case_27d687df,0,0,1,1,1,1
case_fbcc6631,1,1,1,0,1,1
case_3397cd67,1,1,0,1,1,1
case_6ced3f81,1,0,1,1,1,1
case_0e00bf0f,1,1,1,0,1,1
case_ae30035b,1,1,1,0,1,1
case_63e38091,0,1,1,1,0,0
case_b54b74b1,1,1,1,1,1,1
case_b050d8a0,1,1,1,0,1,1
case_49af8836,1,1,1,1,1,1
case_afdad812,1,1,1,1,1,1
case_c11ced58,1,1,1,1,0,1
case_a82ff6c5,1,1,1,1,1,1
case_1ab39085,0,1,1,1,1,1
case_51b68309,1,0,1,0,1,0
case_85e18430,1,1,0,1,1,0
case_44b0b7f5,1,1,1,0,1,1
case_7e530497,1,0,1,0,0,1
case_826ecb51,1,1,1,1,1,1
case_ca8fc868,1,1,1,0,1,1
case_d43b61f7,1,1,1,1,0,1
case_b63ac37a,0,1,0,0,0,0
case_e68ba0ad,0,0,0,1,1,1
case_5de99ae7,0,1,1,0,0,1
case_e0ab8609,1,1,1,1,1,1
case_14521c37,1,1,1,1,1,1
case_ab4d964c,1,1,0,1,1,1
case_0e103900,1,1,1,1,1,0
case_45532a99,0,1,1,0,1,1
case_6fd1ceb6,1,1,1,1,1,0
case_c03585d4,1,1,1,1,1,0
case_ca0f1bae,0,1,1,1,1,1
case_e39c40e1,1,0,1,1,1,0
case_2d5d04da,0,1,1,0,0,1
case_7b8e9e5d,0,0,1,1,1,1
case_de5efd7f,1,1,1,0,0,1
case_84697404,1,1,1,1,0,0
case_ae1cc280,1,0,1,1,1,0
case_bfcf4777,1,1,0,1,1,1
case_062ec23a,1,1,1,1,1,0
case_5c0dc988,0,0,1,1,1,1
case_8eae1ab7,0,1,1,0,1,0
case_932e2815,0,0,1,1,0,1
case_f4219413,1,1,1,1,1,0
case_d1f76fe8,1,1,1,1,1,1
case_3876c166,1,1,1,1,1,0
case_3fc4af34,0,0,0,0,0,1
case_e3a619ac,1,1,1,1,1,1
case_475d2799,1,1,1,1,1,0
case_cd2d23f8,1,1,0,1,1,1
case_6960a5fa,1,1,1,1,1,1
case_3c0d8cd2,0,1,1,1,1,1
case_ff063367,1,1,1,1,0,1
case_424828d2,1,1,1,1,1,1
case_8ef10604,0,1,1,1,1,1
case_86486d12,1,1,1,0,0,0
case_5bb3bf26,0,1,0,0,1,0
case_4bb81485,0,0,1,0,0,1
case_365f249c,1,1,1,1,1,1
case_9002bad7,1,0,1,1,0,0
case_30cea9bd,1,1,1,1,1,1
case_ee4d6a19,1,1,1,1,1,1
case_aa91627d,0,0,1,1,0,1
case_14417e84,0,1,1,0,0,1
case_307955a8,1,1,1,1,0,0
case_6be7963e,1,1,1,1,0,0
case_b9f72701,0,1,0,1,0,0
case_f6159717,1,0,1,1,0,1
case_332bc2d5,1,0,1,0,0,1
case_1c6b231f,1,1,1,1,1,1
case_c66964f0,0,0,1,1,0,1
case_7cc50a51,0,0,1,1,1,0
case_cc477ac9,1,0,1,1,1,0
case_d0e75cf2,0,1,1,1,1,1
case_206901af,0,1,1,1,1,1
case_1f2c5212,0,0,1,0,0,1
case_d14c4e6d,0,1,0,1,0,1
case_ce4eccfe,0,0,1,1,1,0
case_60f34d07,0,1,1,0,0,0
case_136a3b82,1,1,1,1,1,1
case_db7290f1,1,0,1,1,0,1
case_6c6886cb,1,1,1,0,1,1
case_a34b5ea3,0,1,1,1,1,1
case_c3f5054d,1,1,1,1,1,1
case_32ccbf5b,1,1,0,1,1,1
case_7986d0f7,1,0,1,1,0,0
case_65957d79,1,1,1,0,1,1
case_91fd35b3,1,1,1,0,1,0
case_89f3ebdb,0,1,1,1,1,0
case_927c43a7,0,0,0,0,0,1
case_894d1e17,0,1,1,1,0,1
case_67cbb109,1,1,1,1,1,1
case_527ae5eb,1,0,1,1,0,0
case_ce7253e0,1,1,1,0,1,1
case_6d0d93a0,1,1,1,1,0,1
case_ab5862be,0,1,1,1,1,1
case_2a876c98,1,1,1,0,1,1
case_74facd75,1,1,1,0,0,1
case_44ebe8f0,1,1,1,1,1,1
case_c0524c44,1,1,1,0,1,1
case_5e9e9047,0,1,1,1,1,1
case_c1a761bb,1,0,1,1,1,1
case_0d262129,1,1,1,1,1,0
case_550f304a,1,1,1,1,1,1
case_2c88b0de,1,0,1,0,1,1
case_611efed4,1,0,1,1,1,1
case_c35a09cc,1,1,1,1,1,1
case_6494a21c,1,0,1,1,1,1
case_09c56806,0,1,1,0,1,0
case_1eec0a2b,0,0,1,1,1,1
case_89947d99,1,1,1,0,1,1
case_0cf0ab00,1,1,1,1,1,1
case_c6b714a6,0,0,1,1,1,1
case_abd9dfea,1,1,1,1,1,1
case_77341fbe,1,1,1,1,1,0
case_5c13887d,0,1,1,1,1,1
case_d9df6c41,1,1,1,1,1,1
case_532a4243,0,1,1,1,1,1
case_13d69f47,1,1,1,1,1,1
case_6afc99f4,0,1,0,1,1,1
case_def06d84,1,1,1,1,1,1
case_44c9f5e3,1,1,1,1,1,1
case_edc5f271,1,1,1,1,1,1
case_ff0fc077,1,1,1,1,1,0
case_c9ec1a22,0,1,0,0,0,0
case_fdd21fbc,1,1,1,0,1,1
case_893a83e2,1,1,1,1,0,1
case_17248822,1,1,1,1,1,0
case_2a57d90f,1,1,1,0,0,0
case_c1c6c798,0,0,1,1,0,1
case_8c8f728e,1,0,1,0,0,0
case_3c0e2e2a,1,1,1,0,1,1
case_8180f5f2,1,0,1,1,0,1
case_53c46345,0,0,0,0,0,1
case_20fedc2b,1,1,1,1,1,1
case_ce030072,1,1,1,1,1,0
case_edeec7c5,0,0,1,0,1,0
case_3f701f0c,0,1,0,1,1,0
case_e2f46089,0,1,1,1,1,1
case_16f0e931,1,1,1,1,0,1
case_c7f8b344,0,1,0,1,0,0
case_20dd96e7,1,0,0,1,1,1
case_1fe6c196,1,1,1,1,0,1
case_b1274ea7,0,1,1,1,1,1
case_e828cd09,1,1,1,1,1,1
case_6dbe9098,0,0,1,1,1,0
case_66f0cea4,0,0,1,1,0,1
case_f1e783ab,0,1,1,1,1,1
case_dd3ebd59,1,1,1,0,0,1
case_a2072f09,0,1,1,1,1,0
case_3928f428,0,0,1,1,0,0
case_6b6fe02c,1,1,1,1,1,1
case_33078d2b,1,0,1,1,1,0
case_197462dd,1,0,1,1,0,1
case_6624b646,1,1,1,1,1,1
case_fb7d328c,1,0,1,0,0,1
case_21e1f54e,1,1,1,1,1,0
case_d64dddb5,0,1,1,1,1,1
case_afed9a20,0,0,1,1,1,1
case_3fdeaf10,1,1,1,1,1,1
case_25bf665f,1,1,1,1,1,1
case_4d357e4a,1,1,1,1,0,1
case_f2d1cf6e,1,1,1,1,1,1
case_17ac66cf,0,1,1,0,1,1
case_6ecc3ac8,1,1,1,1,1,1
case_f1455b66,0,1,1,1,1,1
case_9395bb12,0,0,0,1,1,1
case_52a4230d,1,1,1,1,1,1
case_a574d4b5,0,1,1,0,0,0
case_eaa6d85f,0,1,1,1,1,1
case_bb6af71a,1,1,1,0,1,1
case_e26b9df7,1,1,1,1,0,1
case_c1be2110,0,1,0,0,0,1
case_2bc8821b,0,0,0,0,1,1
case_fd8009fc,0,0,0,1,0,1
case_0a75b1d2,1,0,0,1,0,1
case_275681b3,1,0,1,1,1,1
case_174dee81,1,1,1,1,1,1
case_4dfda30f,1,0,1,1,1,0
case_43658b68,0,0,1,1,1,1
case_b5d8e0df,1,0,1,1,0,1
case_fd43d9e5,0,0,1,1,1,1
case_dd389645,0,0,1,1,0,0
case_ca477140,1,1,1,0,1,1
case_65840212,1,1,1,1,1,1
case_5f603d94,1,0,1,0,1,1
case_fea02f20,1,1,1,0,0,1
case_e620e8b4,1,0,1,1,0,1
case_e9dd0381,1,0,1,1,1,0
case_38e19209,1,0,1,1,0,1
case_8fbf344b,0,1,1,1,1,1
case_60af8401,0,0,1,0,1,0
case_abca69ff,1,1,0,0,0,1
case_c0b3e187,0,0,0,0,0,0
case_9b717858,1,1,1,1,1,1
case_fa674732,1,0,1,1,0,1
case_d4fcd54a,0,1,1,0,1,1
case_ae8a0304,1,1,1,1,0,1
case_cf9527e7,0,1,1,1,1,0
case_a687e805,0,1,1,1,1,1
case_21ad4dfd,1,1,1,1,1,1
case_988ce386,1,0,1,1,1,1
case_ed76b9d6,1,0,1,1,1,1
case_f8b6579f,1,1,0,0,1,1
case_79a1c00a,0,1,0,0,1,1
case_cdef2677,0,0,1,1,0,1
case_b844f332,1,0,1,0,1,0
case_ada42902,1,0,1,1,1,1
case_c3a1dab7,1,1,1,0,1,0
case_fcb7bd6b,1,0,1,1,0,1
case_0c993b70,1,0,1,1,1,1
case_96f6d5e3,1,0,1,0,0,1
case_acf23f36,1,1,1,1,1,1
case_4d110c40,0,0,1,1,1,1
case_7521f702,1,0,1,1,1,1
case_157d2726,1,0,1,1,0,1
case_7578d3a7,1,1,1,1,1,1
case_98892567,0,1,1,1,1,1
case_16edb780,1,1,1,1,1,1
case_d46f2b4f,1,0,1,0,1,1
case_3008e860,0,0,0,1,1,0
case_bfec5040,0,0,0,0,1,1
case_c0d14794,1,1,1,1,1,1
case_946ed536,1,1,1,1,1,1
case_d70d3ff1,1,0,1,0,1,1
case_804b0e6b,0,1,1,1,1,1
case_8cbcc6c6,0,0,1,1,1,1
case_2aadc45b,1,1,1,0,1,1
case_0c636c2e,1,0,1,1,1,1
case_7077f6e3,1,1,1,1,1,1
case_3e135787,1,1,1,1,1,1
case_5eed847d,1,1,1,1,1,1
case_cd9b9839,0,0,0,1,1,1
case_075fb745,0,1,1,1,0,1
case_a31817e3,1,1,1,0,1,1
case_0ebd92f4,1,1,1,1,1,1
case_ae369d9b,1,1,1,1,1,1
case_4f3a7146,0,0,1,0,0,1
case_7e65a49f,0,1,0,1,1,1
case_156db379,1,1,1,1,1,1
case_428a0d6f,1,0,1,0,0,1
case_2f15eaf8,0,1,1,1,1,1
case_771647c3,1,0,1,0,1,1
case_eec55c63,0,0,1,1,0,0
case_bcf7994a,1,1,1,0,1,1
case_45fd6931,1,1,1,1,1,1
case_8f11e266,1,1,0,1,1,0
case_62449924,0,1,0,1,0,1
case_c720810c,0,1,1,1,1,1
case_48ad3157,1,0,1,1,1,1
case_a29ae01a,1,1,1,1,1,1
case_49dfe44f,0,0,0,1,1,1
case_c631b67d,1,1,1,1,1,1
case_b5bf8f8f,1,1,1,0,1,1
case_72e5643e,1,1,1,1,1,1
case_991b62bf,0,1,0,1,1,1
case_c2d236bc,0,0,1,0,0,1
case_680cb413,0,1,1,1,1,1
case_d832a067,1,1,1,0,1,1
case_f4c64193,0,1,1,1,1,1
case_daa8e154,1,0,1,1,1,0
case_1f105546,0,1,1,1,1,1
case_050a227b,1,0,1,0,1,0
case_0312182e,0,1,1,1,1,0
case_d707d2f0,0,1,1,1,1,1
case_b7bbdd4c,1,0,1,0,0,1
case_25ad5f78,1,1,1,0,1,1
case_1d9e7738,0,0,0,1,1,0
case_bc26b18a,1,0,1,1,1,0
case_d1da754a,0,1,1,1,1,0
case_883cd242,1,1,1,1,1,1
case_843f317b,0,1,0,0,0,1
case_557c973a,0,0,1,1,1,1
case_bf5b7843,1,1,1,1,1,1
case_a77b6127,0,1,1,1,0,1
case_b1c1d07d,1,1,1,1,1,1
case_84ecd131,1,1,1,1,1,1
case_5cb36f11,1,0,1,0,0,1
case_f3dd1e51,1,0,1,1,0,1
case_5a402276,0,1,1,1,0,1
case_beebe777,0,1,1,0,0,1
case_6e3baa7e,1,1,1,1,1,1
case_c03086da,0,1,0,0,0,1
case_b82339cc,0,1,0,0,0,0
case_fcea0163,0,1,1,1,0,1
case_1cd44ea1,0,0,1,0,0,0
case_87f5df77,1,1,1,0,0,1
case_e3d81dc1,1,0,1,0,1,0
case_42cbd594,0,0,1,0,0,1
case_87985718,1,1,1,1,1,1
case_70d617f7,1,1,1,1,1,1
case_a4691c52,0,1,1,1,0,0
case_a27d536b,1,1,1,1,1,1
case_5a351f4e,1,1,1,0,1,1
case_29078f37,1,1,1,1,0,1
case_85c250f2,1,1,1,0,0,1
case_d96bddb9,0,1,1,1,1,1
case_b211348c,1,1,1,1,1,1
case_064a2dda,1,1,1,0,1,1
case_fd086e25,0,1,1,1,0,1
case_5e4dda73,1,1,0,0,1,1
case_8a2f753e,0,1,1,1,1,1
case_c104ceb9,1,1,0,1,0,1
case_3562c2d7,0,1,1,1,1,1
case_f82bc33f,1,1,1,1,1,1
case_671283c5,1,1,1,1,1,0
case_517f0cc0,1,1,1,1,1,1
case_1dee777b,1,0,1,1,1,1
case_28e6791f,0,1,1,1,1,1
case_7cbb5c1b,1,0,1,1,0,0
case_e77b3ace,1,1,1,1,0,1
case_be431d42,1,1,1,1,1,1
case_92620720,0,1,1,1,1,1
case_3f574caf,1,1,1,1,1,1
case_d6ca3ade,0,0,1,1,0,1
case_9a9b7f34,1,1,1,0,1,1
case_8ed4bd13,1,1,0,1,1,1
case_78608669,0,1,1,1,1,1
case_71e2425f,0,0,1,0,1,0
case_922ecc88,0,1,1,1,1,1
case_c839fefb,1,1,1,1,1,1
case_6ba43f98,1,1,1,1,1,1
case_dd6ad624,1,0,0,1,0,1
case_f0a294fb,1,1,1,1,0,0
case_8496533a,1,1,1,1,1,1
case_0dbd946f,1,1,1,1,1,1
case_a204d3d7,1,1,1,1,1,1
case_a249d4da,1,1,1,1,1,1
case_89f11dc7,0,0,1,0,1,1
case_9e66308a,1,0,1,1,0,1
case_62507e18,1,1,1,1,1,1
case_f33548cc,1,1,1,1,1,1
case_8564342a,0,1,1,1,0,1
case_b09f74a4,1,1,1,1,1,1
case_5ba24a4c,1,1,1,0,0,0
case_786eee00,1,0,0,0,0,1
case_9afd5d35,1,1,1,1,1,1
case_55f97718,1,0,1,1,1,0
case_6dc52a04,0,1,1,1,1,1
case_6206a7fe,1,1,1,1,1,1
case_a7ead9a4,0,0,0,1,0,0
case_04bc8e53,1,0,1,1,1,0
case_ac800de3,1,1,1,1,1,1
case_34c15c6d,1,1,1,0,1,1
case_3aca7e10,0,1,1,1,1,1
case_7a77e945,1,1,1,1,1,1
case_fa2bbaa9,1,1,1,1,1,1
case_6e46a5ef,0,1,0,1,0,1
case_71ba2494,1,0,1,0,1,1
case_55e94f34,1,1,0,1,1,1
case_1d4e4930,0,0,1,0,0,1
case_e516c79e,1,0,1,0,1,0
case_e8046a73,0,0,1,1,1,0
case_88cfa34f,1,1,1,1,1,1
case_717c80ec,0,0,1,1,0,0
case_6744a8db,1,1,1,1,1,1
case_64a45eb3,1,1,1,1,1,1
case_4a739687,1,1,1,1,1,1
case_e8825296,1,1,1,1,1,1
case_581e47df,0,1,1,1,1,1
case_bd0520e1,0,1,0,1,1,1
case_e4018698,1,1,1,1,1,1
case_20189e57,1,1,1,1,1,0
case_ccc55db3,1,1,1,1,1,1
case_bc1d639f,1,1,0,1,1,0
case_a880e25d,0,0,1,0,1,0
case_7fdec435,0,0,1,1,0,1
case_4d6cbc01,1,0,1,1,1,0
case_df56b6eb,1,1,1,1,1,1
case_1d59fd78,1,0,1,0,1,1
case_2fd23da1,0,1,1,1,1,0
case_2273126c,1,1,0,1,1,1
case_e8aeb787,0,1,1,1,1,1
case_91851f2e,1,1,1,1,1,0
case_8db59c05,0,0,1,1,1,1
case_52a296e6,1,0,0,1,0,1
case_b6ab3c4f,1,1,1,1,1,1
case_5c9097bf,1,0,1,0,0,0
case_e3f3732a,1,1,1,1,1,1
case_5f0532a5,1,1,0,1,1,1
case_12d3dd94,1,0,0,1,1,1
case_740cf787,1,1,1,1,0,1
case_c7507a4b,1,1,1,1,1,1
case_d71107d0,0,0,0,0,1,1
case_b27d3ee6,1,1,1,0,1,0
case_b6915c2e,1,1,1,1,1,1
case_ac0a1d7f,0,1,1,0,0,1
case_a18e226e,1,1,1,0,1,1
case_3992e67b,1,0,1,1,1,0
case_7075665c,0,1,1,1,1,1
case_62081158,1,1,1,1,1,1
case_797bf521,1,1,1,1,1,1
case_e300f795,1,0,1,1,1,1
case_e2b36bbc,1,1,1,1,0,0
case_4ce3b1cf,1,0,1,1,1,0
case_5d3cefc7,0,0,1,1,1,1
case_c56ac688,0,1,1,1,1,1
case_947ec12a,0,1,1,1,1,1
case_288d2674,0,1,1,0,1,0
case_5c87fa2c,1,1,1,1,0,1
case_28c7df81,1,1,1,1,1,1
case_fbeda29d,0,1,1,1,1,1
case_bbaa81fe,1,0,1,0,0,1
case_fad38e78,1,0,1,1,1,0
case_241a99e2,1,0,1,1,1,1
case_283b92d2,0,1,1,1,1,1
case_cb9b63e8,0,1,1,0,0,1
case_454f6f8e,1,1,1,1,1,1
case_d22f825c,0,1,1,1,1,1
case_0e8940d5,1,1,1,0,1,1
case_6e3d6250,1,1,1,1,1,1
case_fe410e33,1,1,1,1,1,1
case_ae39b456,1,1,1,1,1,1
case_c38e5e16,0,0,0,0,1,0
case_db5ebc7a,1,1,0,0,1,1
case_1364e18e,1,1,1,1,1,1
case_d4df6f4d,1,0,1,1,1,0
case_6990b9ab,1,0,1,1,1,1
case_4027f567,0,0,1,1,1,0
case_60dda8a9,1,1,1,1,1,1
case_eb2f8158,1,0,1,0,1,1
case_99d39c4b,1,1,1,1,1,1
case_83af2b70,0,1,1,1,1,1
case_7fb5af9e,0,0,1,0,1,0
case_621b96a5,1,0,1,0,0,1
case_29e72614,1,1,1,1,1,1
case_d52fba0d,0,0,1,1,1,1
case_b7640a03,1,0,1,0,0,1
case_ba7eb99a,1,1,0,1,0,0
case_0210f993,1,1,1,1,1,1
case_b99a01d3,1,1,0,0,1,1
case_368cebbe,1,1,1,1,1,1
case_1820286b,0,1,0,0,0,0
case_f1287f67,1,0,0,0,1,0
case_fe7059a8,1,1,1,1,1,1
case_633af6cf,0,0,1,0,1,1
case_b81f33f1,0,0,1,1,0,1
case_83ab6938,1,1,1,1,1,1
case_bb51d516,0,0,1,1,1,1
case_ac2abaf5,0,0,1,0,1,1
case_1f216d02,0,0,1,0,0,1
case_0dfb519d,1,1,1,0,1,0
case_b757149f,1,1,1,1,1,1
case_4509f512,1,1,1,1,1,1
case_bfaab38e,0,0,1,1,1,1
case_61d59ebe,1,1,1,1,1,1
case_54457e85,1,1,0,0,0,1
case_d7d2d4a7,0,0,1,0,1,0
case_74807481,1,1,1,1,1,0
case_611f2ad1,1,1,0,0,1,0
case_7c29e178,1,1,1,1,1,1
case_2d924e36,1,1,1,1,0,1
case_37e934d8,0,1,1,1,1,1
case_679f00fd,1,0,1,0,0,1
case_ef7ab6c7,1,0,1,1,1,0
case_5029959a,0,1,1,1,1,0
case_99e44f14,1,0,1,1,1,1
case_a278cc62,0,1,1,1,1,1
case_1f7df8b3,0,0,1,0,0,0
case_e54b87ed,1,0,1,1,1,1
case_9ce088c5,0,1,1,1,0,0
case_639c7997,1,0,1,0,0,1
case_eab256d0,0,0,1,1,1,1
case_3266a052,1,1,1,1,1,1
case_ad2fa6ec,1,1,1,1,0,1
case_6231562d,0,1,1,1,1,1
case_29abfd93,0,0,1,1,1,1
case_5bfad1c3,1,0,1,1,0,0
case_d780e3ee,1,0,1,1,1,1
case_579f6606,1,1,1,0,1,1
case_4ef4eda8,0,1,1,1,1,1
case_d89a3f87,1,1,1,1,0,0
case_177c98e7,1,1,1,1,1,1
case_533e5560,1,1,0,1,0,1
case_82a285a6,1,0,1,1,0,1
case_f38828bc,1,1,1,0,0,1
case_15e3c8f8,1,0,0,1,1,1
case_f843f27b,0,1,1,0,1,1
case_f4bc0549,0,1,1,0,0,1
case_1723e135,1,0,1,0,1,0
case_da5e8ca7,0,0,1,0,0,0
case_5c84057a,1,1,1,1,1,1
case_0e4ad30c,1,0,1,1,1,0
case_ac7c1d23,1,1,1,1,1,1
case_16ade467,1,1,1,1,1,1
case_f81aefaf,1,1,1,1,0,0
case_9ac324d8,1,1,1,1,1,1
case_61230dac,0,0,1,0,1,1
case_77a1f47e,1,1,1,1,0,1
case_5e199f5b,0,1,1,0,1,1
case_5ecc6c15,1,1,1,1,1,1
case_603dab99,1,1,1,1,1,0
case_5472a3a2,0,0,1,0,0,1
case_8d2117fe,1,0,1,0,1,0
case_c095d61c,1,0,1,1,1,1
case_d35e2e4e,0,0,1,0,1,1
case_34adff71,1,1,1,1,1,1
case_1498c18f,1,0,1,1,0,1
case_80c960a1,1,1,1,0,1,1
case_37aa43f0,0,0,1,0,0,1
case_db5b62fb,0,1,1,1,0,1
case_353c14ac,1,1,1,1,1,1
case_07aee1f7,0,0,1,1,0,1
case_f6ab6ab0,1,0,1,1,1,1
case_acf0af45,0,0,0,0,1,0
case_61ebb713,0,1,1,1,1,1
case_ab4bd290,0,0,0,0,0,0
case_a05f88c5,1,1,1,1,1,1
case_d39b3380,1,1,1,1,0,1
case_dc3c64d6,0,1,1,1,1,0
case_7fe2e9b2,0,0,1,0,0,0
case_5731a831,0,1,1,1,1,1
case_9b22d695,0,0,0,0,0,0
case_7023d6db,0,0,1,0,1,1
case_9bde3fa3,0,1,1,1,1,1
case_bc1c07b0,1,1,1,1,0,1
case_c779271b,1,1,1,1,1,0
case_a4f229e6,0,1,1,1,0,1
case_f92d84b5,1,1,1,0,1,1
case_cd664b47,1,1,1,1,1,1
case_981129e1,1,1,1,0,1,1
case_9c86e2f9,1,1,1,1,1,1
case_bb91b867,0,1,1,1,0,1
case_99a67a79,1,1,1,1,1,1
case_cb3648c2,0,1,0,1,1,0
case_eeed727e,0,0,0,1,1,1
case_684ec964,1,1,1,1,1,0
case_0a5dbec1,0,1,1,0,1,1
case_62f8c81e,1,1,1,1,1,1
case_e282ca46,1,1,1,0,1,1
case_33b57e27,0,1,1,1,1,1
case_b4802ffd,1,1,1,1,1,1
case_8b16f8ec,1,1,1,1,1,1
case_3b132990,1,1,1,1,1,1
case_8a1dd2da,1,1,1,1,0,1
case_eba00b4c,0,0,1,1,1,1
case_91717f4a,1,1,0,1,1,1
case_6a736822,1,1,1,1,0,1
case_74f39df8,1,1,1,1,1,1
case_8ad0999e,0,1,1,1,1,1
case_20ea63fe,1,1,1,1,1,1
case_a7da245f,1,1,1,1,1,1
case_ebad97c5,1,1,1,1,1,1
case_1dbb908a,1,1,1,0,0,0
case_cc288d4d,1,1,1,1,1,1
case_d844db40,1,1,1,1,1,0
case_4d20e92b,1,1,1,1,1,1
case_6d239941,0,0,1,0,1,0
case_2cc73ee6,1,1,1,1,1,1
case_75f869c7,1,0,1,1,1,1
case_f8954cdc,0,1,1,0,1,1
case_050c416b,1,1,1,1,1,1
case_fe0bddcd,0,1,1,1,0,1
case_eee43949,1,1,1,1,1,0
case_8017cbe5,1,0,1,1,0,1
case_439c151a,1,1,1,1,0,1
case_33728996,0,1,0,0,1,1
case_21db70d4,1,1,1,1,1,1
case_749b8f12,1,0,1,0,1,1
case_196359a8,1,0,1,1,1,1
case_c7542ef4,1,1,0,0,1,1
case_122d4836,1,1,1,1,1,1
case_aec6f747,1,1,1,1,1,1
case_64738caf,1,1,1,1,1,1
case_3bb45fd7,0,0,1,1,0,1
case_df4251e7,1,0,1,1,0,0
case_ca04b2db,1,1,1,0,0,1
case_fce7c606,0,1,1,0,0,1
case_03728737,1,0,1,1,1,1
case_c6b3a36b,1,0,0,1,1,1
case_d03b1976,1,0,0,1,0,1
case_da8f9ce0,0,0,1,0,0,1
case_0b1e56df,1,0,0,1,1,0
case_e5ba0e70,1,0,1,1,1,1
case_f6a1e138,1,1,1,1,1,1
case_470a203b,1,0,1,0,1,1
case_64e859ea,0,0,1,0,1,0
case_85f1c645,1,1,1,1,1,1
case_f70b1ddc,0,1,1,1,1,1
case_03e1a0f5,1,1,1,1,1,1
case_894e242f,0,0,1,0,1,1
case_f824e38f,0,1,1,1,1,1
case_a994e2a3,1,1,1,1,0,1
case_f6c6ab62,0,0,1,0,1,1
case_f421e4ff,1,1,1,0,1,1
case_faaab03c,0,0,1,0,0,1
case_fd04049f,0,1,1,1,1,1
case_5cd38a51,1,1,1,1,0,1
case_80d954be,1,1,1,1,1,1
case_afc2622d,1,0,0,0,1,1
case_5a40dea1,1,1,1,1,1,1
case_006229d3,1,0,1,1,0,0
case_17634b61,1,1,1,1,1,1
case_ec7c803a,1,1,1,1,1,1
case_b2a3cf7a,1,0,1,1,0,1
case_04608750,0,1,1,0,1,0
case_ed0b54ec,0,1,1,0,1,1
case_008cfb1c,1,1,1,1,1,1
case_944fdb38,1,0,1,1,0,1
case_439be267,1,0,0,1,1,1
case_327b371a,1,1,0,1,1,0
case_eab2d8c4,1,1,1,1,1,0
case_a6897452,0,0,1,1,0,1
case_5a716123,1,1,1,1,1,1
case_809b26f8,1,1,1,0,1,0
case_a4bd949f,1,1,1,1,1,1
case_86e1c442,1,0,1,1,1,1
case_d8f3ae98,0,0,1,0,0,0
case_b10dc0c2,1,1,1,1,1,1
case_b66e0551,0,0,1,1,0,1
case_8817486e,0,0,1,0,0,0
case_df7435dd,1,1,1,1,1,1
case_e52916b1,1,0,1,0,0,1
case_40fde8d2,1,0,1,1,1,0
case_cf940ecd,1,1,1,0,1,1
case_3255aacd,1,1,1,1,1,1
case_df89ff9b,1,1,1,1,1,1
case_0066b283,1,1,1,1,1,1
case_cf790677,1,0,1,1,0,1
case_98ec0726,0,1,1,1,1,0
case_9d3e0cf9,1,1,1,1,0,1
case_c8a4f76d,1,1,1,1,1,1
case_a3cf69ef,1,1,0,1,1,1
case_967de3bb,1,1,1,1,1,1
case_ceb2f42a,0,0,1,1,1,1
case_373f3fab,1,1,1,1,0,0
case_2841d804,0,1,1,1,0,1
case_683b1c3a,1,1,1,1,1,0
case_c612411e,1,1,1,1,1,1
case_71a34778,0,1,1,1,1,1
case_6b27504e,1,1,1,0,1,1
case_2f3d6be5,1,0,1,1,0,1
case_73e5e3e5,0,1,1,0,1,0
case_42ddf116,0,1,1,1,1,0
case_f08505f9,0,0,1,1,1,0
case_48f11d09,1,1,0,1,1,1
case_6d8b585e,1,0,1,0,0,0
case_f673dc69,0,0,1,1,1,1
case_b4726fe7,1,1,1,1,0,1
case_aefa2795,0,1,1,0,1,1
case_60e9efd2,0,1,1,0,1,1
case_d1fc2c80,1,1,0,1,1,1
case_8c0936b4,1,1,1,1,1,1
case_09800842,1,1,1,0,1,0
case_42222c72,0,0,1,1,0,0
case_51941a06,0,0,1,1,1,0
case_51fe8303,1,1,1,1,1,1
case_76667628,1,1,1,1,1,1
case_6957634f,1,1,1,1,1,1
case_c348dd88,0,0,1,1,1,1
case_60743f84,0,0,1,1,1,1
case_98559b6c,0,1,0,1,1,1
case_9d1c6a55,1,1,1,1,1,1
case_55e817f5,0,0,1,1,1,1
case_15c1ac66,0,1,1,1,0,1
case_617e87a5,1,1,1,1,1,1
case_e8bcb91e,1,0,1,1,0,1
case_9843937b,1,1,1,1,1,1
case_b6ec9cec,1,1,1,1,1,1
case_5585d8ec,0,1,1,1,1,1
case_8c710fa6,1,0,1,1,0,1
case_932f2381,1,1,1,1,0,0
case_af7ea067,0,0,1,1,1,1
case_0f2ff469,1,0,1,1,1,0
case_086e382f,0,0,1,1,1,1
case_75d1506c,0,0,1,1,0,1
case_65a7ebda,0,0,1,0,1,1
case_6cfa8022,1,1,1,1,1,1
case_6d9ed6ff,1,1,1,1,1,1
case_f6cd86ce,1,0,1,1,1,1
case_92f996fb,1,1,1,1,1,1
case_d321dd7d,1,1,0,1,1,1
case_5335c87e,1,1,1,1,1,1
case_2da5265e,1,1,1,1,1,1
case_d5cdc392,1,0,1,1,1,1
case_9ce78559,0,1,1,1,1,0
case_a4efb3ca,0,1,1,1,1,0
case_7b51abe4,0,0,1,1,0,1
case_0d4703b9,1,1,1,1,1,1
case_ee93bb57,0,1,1,1,1,1
case_b341b464,0,0,0,1,0,1
case_bfe45292,0,0,0,0,1,1
case_e8123918,1,1,0,1,1,1
case_28329727,1,1,1,1,1,1
case_3c46ac15,0,1,1,1,1,1
case_f434ff1a,1,1,1,0,1,0
case_1cd8c4e8,1,1,1,0,1,1
case_4e82dc50,1,0,1,1,1,1
case_c31ed3b7,1,1,1,1,1,0
case_b4cf63a0,1,0,1,1,1,1
case_a63dd87c,1,0,1,0,1,1
case_051cef45,1,0,1,1,1,1
case_02e7aeb6,1,1,0,1,1,1
case_b9cee416,1,1,1,0,1,0
case_7b98e8ed,0,1,1,0,1,1
case_33d99b1e,1,0,1,1,1,0
case_3196b0d1,0,1,1,1,0,0
case_4444b58b,1,1,1,1,0,1
case_75e5349f,1,1,1,1,1,0
case_4bc64de2,1,0,1,0,1,1
case_8a4a48e5,1,0,0,1,1,1
case_e0729264,1,0,1,1,0,1
case_2e30d279,1,0,1,0,1,1
case_b3c70caf,1,0,1,1,1,1
case_370416af,0,0,1,1,0,1
case_9ad49ce3,1,0,1,0,1,1
case_ae3317d8,1,1,1,1,1,1
case_5f3d0070,0,1,1,0,0,1
case_9dac0181,1,1,1,1,1,1
case_565a8758,0,0,1,0,0,0
case_721fab6e,1,1,1,0,1,1
case_b9504dc8,1,1,1,1,0,1
case_5ab69395,0,0,0,0,1,1
case_b94f4fbd,1,1,0,1,1,0
case_ff99e0e9,0,1,1,1,1,1
case_b07f6e8d,1,1,1,0,1,0
case_81db3ccb,0,1,1,1,0,1
case_95f813ae,0,1,1,1,1,1
case_4fba5312,1,0,0,1,1,0
case_a56c6022,1,1,1,1,1,1
case_50465665,1,0,1,1,1,1
case_a744902a,1,1,1,0,1,1
case_61ce966b,0,0,1,1,1,1
case_f040e43c,1,1,1,1,1,1
case_bb969031,0,1,1,0,1,1
case_9b4bde1c,1,1,1,1,1,1
case_fbb479e0,1,1,1,1,1,1
case_71f5ee5b,1,1,1,1,1,1
case_17c2d037,1,0,1,1,0,0
case_6512b047,0,0,1,1,1,1
case_b3f5dcb0,0,0,1,0,0,1
case_e0f5cd97,1,1,1,0,0,1
case_6a216266,1,0,1,1,1,0
case_c1cfd975,1,0,1,1,0,0
case_ab4c2a3d,1,1,1,0,1,1
case_ff58030c,1,1,1,0,1,1
case_ecdb7d2b,0,0,0,1,0,1
case_0314a1f6,1,1,1,1,1,1
case_95192fcb,0,1,1,1,1,1
case_346718fd,0,0,1,1,1,1
case_f78dfb18,0,1,1,1,1,1
case_b2bd06f3,1,1,0,0,0,1
case_6e43f5e8,1,0,1,0,0,1
case_de3aba25,0,1,1,1,1,1
case_d7dfcd1d,0,1,1,0,0,0
case_c8cb0911,0,1,1,1,0,0
case_072089b6,0,0,1,1,1,1
case_887596d2,0,1,1,1,1,1
case_5c731d21,1,1,1,1,1,1
case_eb088ec2,1,0,1,0,1,0
case_1c295abb,1,1,1,1,1,1
case_25cafd12,0,0,1,0,0,1
case_bca3dcc7,1,0,1,0,0,1
case_0a688c35,1,0,1,1,1,1
case_043d9f8a,1,1,0,1,1,1
case_6ea5d30b,1,1,1,1,1,1
case_50889779,0,0,1,1,1,1
case_69f8da4f,1,0,1,1,1,1
case_5ab29793,1,1,1,1,0,1
case_0f5d1a74,1,1,1,1,1,1
case_0609c52e,0,1,1,1,0,0
case_84ae3d0c,1,1,1,1,0,0
case_d7ece381,0,0,1,1,1,1
case_decea97e,0,1,0,0,0,1
case_7032cb57,1,1,1,0,1,1
case_a0978954,1,1,1,1,1,1
case_43c23e70,0,1,1,0,1,1
case_db5bbf49,0,0,1,1,1,1
case_738ad79c,1,1,1,1,1,1
case_681418b5,1,1,1,0,1,1
case_5cacc894,0,1,1,1,1,1
case_4277811b,1,0,1,0,1,0
case_24b7088c,0,0,1,1,1,0
case_0b6000d8,1,1,1,1,0,0
case_45f1428d,0,0,1,1,0,0
case_c3292be2,0,0,1,0,1,0
case_757072eb,1,1,1,1,1,1
case_471c5e07,0,0,1,1,1,0
case_e48964e7,1,0,1,1,0,1
case_27aadf90,0,1,1,1,0,1
case_eb1caa43,0,1,0,0,1,1
case_f51debd0,1,0,1,1,1,1
case_f95f3b24,0,0,1,1,1,1
case_1a9a9bfc,0,1,1,1,1,1
case_80fbd48c,1,1,1,1,1,1
case_e6a382a4,1,1,1,1,1,1
case_f649ed24,1,1,1,1,1,1
case_cb846e4b,1,0,1,1,1,1
case_0dee0d46,1,1,1,0,1,1
case_09ee5ef1,0,1,1,1,1,1
case_afceb7f0,1,1,0,0,1,0
case_beec25c5,0,0,1,0,1,0
case_87d6c850,1,1,0,1,1,1
case_a01eefaf,1,0,1,1,1,1
case_50232f30,1,1,1,1,1,1
case_60dea8ac,1,1,1,0,1,1
case_1afc0d44,0,1,1,1,1,1
case_136d5b7d,0,1,1,1,1,1
case_bff1c37f,1,1,1,0,0,1
case_15cbc24c,1,0,1,0,1,1
case_7b01454d,1,1,0,1,0,0
case_99366865,0,1,1,1,1,1
case_e0b91d3a,0,1,1,1,1,1
case_df90bae5,0,1,1,1,1,0
case_1b8ae86f,0,0,0,1,1,1
case_204a0f05,1,1,1,1,0,1
case_57665dfa,1,1,1,0,1,1
case_e1076b0c,0,1,0,1,1,1
case_33c12745,1,1,1,1,0,0
case_a0307f9d,1,1,1,0,1,1
case_7138eba0,1,1,1,1,1,1
case_7a97dcce,1,1,1,1,1,1
case_b9162dc9,0,0,1,1,1,1
case_d6ae15b7,1,0,1,1,1,0
case_44075e39,1,0,1,1,0,1
case_ba88d1a9,0,1,1,1,1,1
case_d2aa52f5,0,0,1,1,1,1
case_7f60040e,1,1,1,1,1,0
case_9fe3a3d3,1,0,1,1,1,1
case_56667ce2,1,0,1,0,0,0
case_a883bb10,1,0,1,1,1,1
case_80474b73,1,1,1,1,1,1
case_eef57a9d,1,1,1,1,1,1
case_a233aa4a,0,1,1,0,0,1
case_4c79f653,1,1,1,1,1,1
case_b4f89066,1,1,1,1,1,1
case_5341c758,1,1,0,1,1,0
case_4ec84e94,1,1,1,1,1,1
case_836bc64e,0,1,1,1,1,1
case_e9042534,1,0,1,0,1,1
case_8ef10937,1,0,1,0,0,0
case_e958158c,0,1,1,1,1,1
case_cd581050,1,1,1,1,1,1
case_aeec7b06,0,1,1,1,1,1
case_e8b9029a,0,1,1,1,1,1
case_ccb18ea6,1,1,1,0,1,1
case_bee9a988,0,1,1,1,1,1
case_087c8c65,1,1,1,1,1,1
case_11697a50,0,1,1,1,0,0
case_3ef03f27,1,1,1,1,0,1
case_4a60a3e9,0,0,1,1,0,0
case_03e4bd2d,0,0,1,1,0,0
case_7bc1f8c0,0,1,1,1,1,0
case_666f7ab9,1,1,1,1,1,1
case_4f5d144f,0,1,1,1,1,1
case_a105b341,1,1,1,1,1,1
case_cf23b1f5,1,0,1,1,0,1
case_3bad1ade,1,0,1,1,0,1
case_be932d62,1,1,1,1,1,1
case_b96fb601,1,0,1,1,1,1
case_d02fec03,1,1,1,1,1,1
case_812d61db,1,1,1,1,1,1
case_cc069274,1,1,1,1,1,1
case_a3f8f2ce,0,0,1,1,0,1
case_c3d5762c,1,1,0,0,1,0
case_dba00a71,1,1,1,1,1,1
case_0b352206,1,1,1,1,1,1
case_3e75abad,1,0,1,1,1,1
case_6485bb73,1,1,1,0,1,0
case_7b567700,1,1,1,1,1,1
case_bf44ec32,0,0,1,1,0,0
case_98cd7abe,1,1,1,1,1,1
case_1fe90644,1,1,1,1,1,0
case_87171f03,1,1,1,1,0,1
case_4434389b,1,0,0,1,0,1
case_7b127aa7,1,0,1,1,0,1
case_8c0763c8,1,1,1,1,1,1
case_abde5852,1,1,1,1,1,1
case_33e74b01,1,0,1,0,1,1
case_ba3e0953,0,1,1,1,1,1
case_75544341,0,0,1,0,1,0
case_ba67c02e,0,1,1,1,0,1
case_cdaa2d96,0,1,1,0,0,1
case_ac7a948f,1,1,1,1,1,1
case_87f16662,0,0,1,1,0,1
case_b7a7ef39,1,1,0,1,1,1
case_a9c3a52f,1,1,1,1,1,1
case_62586475,1,0,1,0,0,1
case_5c69f0bb,1,0,1,0,1,1
case_86437e41,0,0,1,0,0,0
case_c4ed47de,0,1,1,1,0,1
case_818a7b05,0,0,1,0,0,1
case_216792f2,0,1,1,1,0,1
case_d8146708,1,1,1,1,0,1
case_352e464d,1,1,1,1,0,1
case_75a2a9af,0,0,1,1,0,0
case_a9eb01d2,0,0,1,1,1,1
case_80cb1968,0,0,1,1,1,1
case_2b14af62,0,1,1,1,1,1
case_55f782d5,1,1,1,1,1,1
case_7422c05f,1,1,1,1,0,1
case_aa9b0e31,0,1,0,1,1,1
case_dafbf45c,1,0,1,0,1,1
case_c95f34c0,1,1,1,1,1,1
case_77cfd7ea,1,0,1,1,1,1
case_1c70c67d,1,1,0,0,1,0
case_4d89e103,1,1,1,1,1,1
case_f433f3fa,1,1,1,1,0,1
case_19442fb5,0,1,1,1,1,1
case_60f2c295,1,1,1,1,1,1
case_588c24e4,0,1,0,1,1,1
case_a6e491a1,1,0,1,1,1,1
case_8137f05b,0,0,1,0,0,1
case_0ce512cf,0,1,0,1,1,1
case_d03cb685,1,1,0,1,1,1
case_8aac7c7e,0,1,1,0,1,1
case_956fdce2,1,1,1,1,1,1
case_2d042eae,1,1,0,1,1,1
case_993a2446,1,1,1,1,1,1
case_b59c3349,0,0,1,1,1,1
case_185adc74,1,1,1,0,0,0
case_6cc04450,1,1,1,1,1,1
case_dd976711,0,1,0,1,1,1
case_cabdb683,0,0,0,1,0,1
case_ca9d4af9,1,1,1,1,1,1
case_87a5cc98,0,1,1,1,1,1
case_9b3b4573,1,1,1,1,1,1
case_6949515e,1,0,1,1,1,1
case_20a1a849,1,1,1,1,1,1
case_0192254a,1,1,1,1,1,0
case_eefb122c,0,1,0,1,1,1
case_db8128d9,1,0,1,1,1,1
case_96ca65e6,1,1,1,1,1,1
case_bc278979,1,1,1,1,1,1
case_ae07b03e,1,1,1,1,1,1
case_af14ed1e,1,1,1,0,1,1
case_3bb6b643,0,1,1,1,1,0
case_880a2022,1,1,1,1,1,1
case_43995905,0,1,1,1,1,1
case_f939f3eb,1,1,1,1,1,1
case_df3a57ee,1,1,1,1,1,1
case_1bbb3206,1,1,1,1,1,1
case_5f549b17,1,0,1,1,1,1
case_ca55553d,0,1,1,1,0,1
case_bd019b89,1,0,1,1,1,1
case_01594d22,1,0,1,0,0,1
case_2471ce6a,1,0,0,0,0,1
case_3857c576,1,1,1,1,1,1
case_00d53b48,0,0,1,0,1,1
case_3f577e6a,1,1,1,1,1,1
case_d8f909eb,1,1,1,0,1,1
case_4f79d310,1,0,1,1,0,1
case_2f8b476d,1,1,1,1,1,1
case_f87028f2,1,1,1,1,1,1
case_bbf65eea,1,1,0,0,1,1
case_f9836c75,0,0,1,0,0,1
case_0ada96e5,0,0,1,1,0,0
case_9a2a7e18,0,0,1,1,0,0
case_85d8ca6c,1,1,1,1,1,1
case_227195e9,1,0,1,0,1,1
case_9d8c1765,1,1,1,1,0,1
case_cbf08c4f,1,0,1,1,1,1
case_debf7f2a,1,0,1,1,1,1
case_ff6e740e,1,1,0,1,0,1
case_3f312118,1,1,1,1,1,1
case_adbb1007,1,1,1,1,1,1
case_c9eed7f3,1,1,1,0,1,1
case_1594a1fc,0,0,0,1,1,0
case_bd1e99fa,0,1,1,1,0,1
case_2fe52cbb,0,1,0,1,0,1
case_54a68568,0,0,1,0,0,1
case_a91cdfd5,1,1,1,1,1,1
case_bd9c123c,1,1,1,1,1,1
case_e5b9863a,1,0,1,0,0,1
case_2198203d,0,1,1,1,1,1
case_5a588a1c,0,0,1,1,1,0
case_4ccb753a,1,0,0,1,1,1
case_128be9e3,0,0,1,1,1,1
case_7542600c,0,1,1,1,1,1
case_74d7fee8,0,1,1,0,1,0
case_4b045dc7,1,1,1,1,1,1
case_35f31866,1,0,1,1,0,1
case_9c1c4e58,0,0,1,1,1,1
case_aeb12f58,1,1,1,1,0,1
case_799a1f64,0,1,1,0,1,1
case_0ec5e2c7,1,1,1,1,1,1
case_59ff9b90,1,1,1,1,1,1
case_e98b3286,0,0,1,1,1,1
case_d77381f8,0,1,0,0,1,1
case_2a3d9c97,1,1,1,1,1,1
case_d6e7c791,1,1,1,1,1,1
case_899bd996,1,1,1,1,1,1
case_786355ec,1,1,1,1,1,1
case_5bc0ba00,1,1,1,1,1,1
case_d241e8c6,1,1,1,1,1,1
case_74b5847e,1,1,1,0,0,1
case_96d75537,0,1,1,1,1,1
case_b98ef396,1,1,1,1,1,1
case_faa5e350,1,1,1,1,1,1
case_29dd7dbb,0,1,1,1,1,1
case_0b331506,1,1,1,1,1,1
case_61121298,1,0,1,0,1,1
case_54fe1119,1,0,1,1,1,1
case_54ae5b2a,0,1,1,1,0,1
case_b1568b3a,0,1,1,0,0,1
case_1683cd4b,0,1,1,1,1,1
case_73d943b6,1,1,1,1,1,1
case_056421ee,1,1,1,1,1,1
case_4a99071b,0,0,0,0,0,1
case_b9a400b3,0,1,1,1,0,1
case_82e1bbc6,0,1,1,1,1,1
case_9d46643c,1,1,1,1,0,0
case_098cf2ab,0,1,1,1,1,1
case_72f4431d,1,1,1,1,0,1
case_bcbaa976,1,0,1,0,1,1
case_3a3f355e,1,1,1,1,1,1
case_3f0422eb,1,1,1,0,1,1
case_6d6e705a,1,0,1,1,1,1
case_66d7f92c,0,1,1,0,1,0
case_11e4ec88,0,1,1,1,1,1
case_ea0537b1,0,1,1,1,1,1
case_07bc836a,0,0,1,0,0,0
case_376086f1,1,1,1,1,1,1
case_b95d4d74,0,1,1,1,1,1
case_be9a606b,1,0,0,1,1,1
case_a92850e6,1,1,1,1,0,1
case_e538219e,0,0,1,0,1,1
case_b2d42e24,1,1,1,1,1,0
case_b43f3736,1,0,1,1,1,0
case_a3bd3e9d,0,0,0,0,0,1
case_b4d140a4,1,0,1,1,0,0
case_c1adfc82,1,1,1,1,1,1
case_a709115c,0,1,1,0,1,0
case_0b1296df,0,1,1,0,0,1
case_d11e73b2,0,1,1,0,0,1
case_df3634ed,1,0,1,1,1,1
case_1860c32a,1,1,1,1,1,1
case_723e8e51,1,0,1,1,1,1
case_e94b87c0,1,1,1,1,1,1
case_938cc716,1,1,1,1,1,1
case_ee7fc9ec,0,1,1,1,1,1
case_1cf07882,1,1,1,1,1,1
case_aa0f00a9,0,1,1,1,1,1
case_03393526,0,0,1,1,1,1
case_02c5fa44,0,1,1,0,1,1
case_40972b15,1,1,1,1,1,1
case_0f10c839,0,0,1,1,1,1
case_42d3594d,0,1,1,0,1,1
case_eff295f9,1,1,1,1,1,1
case_b12b728f,1,1,1,1,1,0
case_893c9018,1,0,1,1,1,1
case_b55b77e3,1,1,1,0,1,1
case_f2fe8901,1,1,1,1,1,1
case_0ba2c3e4,0,1,1,1,0,1
case_11546497,0,0,1,0,0,0
case_b8f8dbe1,0,1,1,1,0,1
case_89edc31c,1,1,1,1,1,1
case_4dd78633,1,0,1,0,1,1
case_8415730d,1,0,1,0,0,1
case_9c473697,1,1,1,1,1,0
case_8041fcd8,1,0,1,1,1,1
case_bcb2e885,1,1,1,1,1,1
case_f7246458,0,0,1,1,0,1
case_d4a12b3e,1,1,1,1,1,1
case_1a4bb49f,1,0,1,0,1,1
case_faf2625b,1,1,1,1,0,1
case_30cf594b,0,0,1,1,1,1
case_25d1aa05,1,1,1,1,1,1
case_21b0cd10,1,1,1,0,1,1
case_a0557250,1,0,1,1,1,1
case_1f0c8580,1,0,1,1,1,1
case_8078a014,1,0,1,0,1,1
case_d8690fdc,1,1,1,1,1,1
case_93867e21,1,1,1,0,0,1
case_4b4a03ed,1,1,0,1,0,1
case_c0978933,1,1,1,1,1,1
case_67c690b5,0,1,1,0,0,0
case_c5f6c0b7,1,1,1,1,1,1
case_8efb51aa,1,1,1,1,1,1
case_57e49b79,0,1,1,1,1,1
case_8d55618a,0,1,0,0,0,1
case_241c76a8,1,1,1,1,1,1
case_4065ae9f,1,0,1,0,1,1
case_0bf75487,1,1,1,1,1,1
case_81cedf9d,1,1,1,1,0,0
case_d5af69d3,1,1,1,0,1,1
case_e62bf1ad,1,0,1,1,1,1
case_1cb78465,1,0,1,1,1,0
case_3b4fdcdb,0,0,1,0,1,1
case_625c008e,1,0,0,1,1,0
case_efdeb457,1,1,1,1,1,1
case_b64f0a4a,1,0,1,1,1,1
case_48a76664,1,0,1,1,1,0
case_a184c2f8,1,1,1,1,1,1
case_b0192e46,1,1,1,1,1,1
case_31f98e48,1,0,1,1,0,1
case_ac1b5dd9,0,0,1,1,1,1
case_75e3b709,1,1,1,1,0,1
case_2eca0bad,1,1,1,1,1,1
case_2318a0bd,1,1,1,1,1,1
case_8300097d,1,0,1,1,1,1
case_c9e3873f,1,0,1,0,1,1
case_748af68a,1,0,1,0,0,1
case_18ad1252,1,0,1,0,1,0
case_eca3c907,0,1,1,1,1,1
case_36fc5296,1,1,1,0,1,1
case_124bbc77,1,0,1,0,0,0
case_f1b554ac,1,1,1,1,1,1
case_8470cb4e,1,1,0,1,1,1
case_480d38df,0,1,1,1,1,1
case_f6a173b7,0,0,1,1,1,0
case_69d7bdc1,1,0,1,1,1,1
case_97eab91b,0,1,1,1,0,1
case_83520c5d,1,1,1,1,0,1
case_6753ca1f,0,0,0,0,0,0
case_818bbc97,1,1,1,1,1,1
case_b9893d22,1,1,1,1,1,0
case_0f00939d,1,0,1,1,1,1
case_858f44bf,1,1,1,1,1,1
case_8b299d3d,1,0,1,1,1,1
case_86dd76dc,0,0,1,0,0,0
case_b87ccbfa,0,0,1,0,0,1
case_9614f8bc,1,1,0,1,1,1
case_0480f5d7,0,0,0,1,0,1
case_52367473,0,1,1,1,1,1
case_0be338a8,1,1,1,1,1,1
case_014375a5,0,0,1,1,0,0
case_a996bc35,1,1,1,1,1,1
case_d253d7de,1,0,1,1,1,1
case_def7768b,0,1,1,1,0,0
case_ba5fd960,0,0,1,1,1,1
case_77f3a5ff,0,0,1,1,0,1
case_75cf51b1,1,1,1,1,1,1
case_3ee6b64c,0,1,1,0,1,1
case_30c99f4a,0,0,1,0,1,1
case_4113f6d5,1,1,0,0,0,0
case_3da9b286,0,0,1,1,0,1
case_956f0f38,0,0,1,1,0,1
case_c9127a17,1,1,1,1,1,1
case_4e2c2ef8,0,0,1,0,0,0
case_76da839b,1,1,1,0,1,1
case_ae1159e4,0,1,1,1,1,1
case_03ab7948,1,1,1,1,1,1
case_381e794b,1,1,1,1,1,1
case_54766198,1,0,1,0,1,1
case_f6dd3c37,1,1,1,1,1,1
case_98821f1e,0,1,1,0,0,1
case_b9ebfb19,1,0,1,1,1,1
case_8726fb39,0,0,1,1,1,1
case_fd1ce54b,0,0,0,1,1,0
case_b4f292e5,1,0,1,0,0,0
case_ef4fad48,1,1,1,1,1,1
case_0751d56c,0,0,1,1,0,1
case_398f8ad3,1,1,1,1,1,1
case_3ddcfda2,1,1,1,0,1,1
case_daafbdab,0,0,1,1,1,0
case_e575dd3d,0,0,0,1,1,0
case_08c26948,1,0,1,1,1,1
case_16753911,1,0,1,1,0,0
case_4559c912,1,1,1,1,1,1
case_4befd27e,1,1,1,0,1,1
case_bf754708,1,0,1,0,1,1
case_7126cf02,0,1,1,1,1,1
case_9610bfad,0,1,1,1,1,1
case_c30216c6,1,1,1,1,0,0
case_3917c40e,1,1,1,0,1,1
case_cd9d431e,1,0,1,0,0,0
case_78de11a9,0,1,1,1,1,1
case_00a69c1a,1,1,0,1,1,1
case_3bcfa61f,0,0,1,1,1,1
case_c69fe017,1,1,1,1,1,1
case_c384ce24,1,1,1,1,1,1
case_9e1057b1,1,0,1,1,0,1
case_43e73005,0,0,1,1,0,0
case_28eccbba,0,1,1,0,1,0
case_3261c162,1,1,1,1,1,1
case_25acc1a0,1,0,0,1,1,1
case_330e3129,1,1,1,1,1,1
case_d9ada9c2,0,1,1,0,0,1
case_200e7a62,1,1,1,1,1,1
case_ffe8ee3e,0,0,1,0,1,1
case_a4156d6a,0,0,1,1,1,1
case_1c847573,0,1,1,0,0,1
case_8dcde294,0,0,1,1,1,0
case_6ba14aa8,1,0,1,0,0,1
case_c33cb8a6,1,0,1,1,1,1
case_6f20c0d4,1,1,1,1,1,1
case_017f054b,0,1,0,0,1,1
case_27eca435,1,1,1,1,0,1
case_8965b5e8,0,0,1,1,0,0
case_423e356b,0,1,1,1,0,1
case_cc3b7824,1,1,1,1,1,1
case_a0bb5510,1,0,1,1,1,1
case_f467750b,0,0,1,0,0,1
case_3d0035b8,1,0,1,0,1,1
case_54460c8e,1,0,1,0,0,0
case_2411f4b8,1,1,1,0,0,1
case_a8d7cb4d,1,0,1,0,1,1
case_2a04c82f,0,0,1,0,0,1
case_22f1c734,1,1,1,1,1,1
case_fd406bdf,1,1,1,1,1,1
case_92336504,0,1,1,1,0,1
case_624d8dcb,1,0,1,0,1,0
case_296dffa5,1,1,1,0,1,1
case_23c12c65,1,0,0,0,0,1
case_42697503,1,0,1,1,1,1
case_721aca1a,1,0,1,1,1,1
case_ee186599,1,0,1,1,0,0
case_431179cc,0,0,1,0,1,1
case_2f2ec056,1,1,0,1,1,1
case_078c49e6,0,1,1,0,0,1
case_6bfc3567,0,1,0,0,0,0
case_87453885,0,0,1,1,0,1
case_0f4394d1,0,0,1,1,0,1
case_8d50374a,0,1,1,1,1,1
case_4b66ed2c,1,0,1,0,1,1
case_30db46a6,1,0,1,0,0,0
case_4f699293,1,0,1,1,1,1
case_8f8169fe,1,1,0,1,1,1
case_671d83be,1,1,1,1,1,1
case_2fd2fd45,0,0,0,0,0,1
case_94ab3d55,1,1,1,1,1,1
case_c3095d6f,1,1,1,1,1,1
case_fd3e0671,0,1,0,0,1,0
case_b5718497,1,1,1,0,1,1
case_2702f757,0,0,1,0,0,1
case_cf3c5075,1,1,1,0,1,1
case_121a19a8,1,1,1,1,1,1
case_ed1317fa,1,0,1,1,0,0
case_35199935,1,0,1,1,1,1
case_129ef5f9,1,0,0,1,1,0
case_1890ec82,1,1,1,0,1,0
case_5a00cbf3,1,1,1,1,1,1
case_da40b654,0,1,1,1,1,1
case_868e6db6,1,0,1,0,1,0
case_16c93086,0,0,1,1,0,1
case_ef3ebc5a,1,1,0,1,1,0
case_67487e62,0,1,0,0,0,1
case_054bb444,0,0,1,1,1,1
case_aca72a8d,1,0,1,1,0,1
case_99d621f1,0,0,1,1,0,0
case_ab3e8ade,1,0,1,0,1,1
case_b4d9f105,1,1,1,1,1,1
case_9a469102,1,1,1,1,1,1
case_f9a14190,1,1,1,0,1,1
case_8f2c988c,0,1,0,1,0,1
case_41a3123c,0,0,1,0,1,1
case_1bac7301,0,0,0,1,1,1
case_1573a3eb,0,1,1,1,0,1
case_e84e7880,0,1,1,0,1,1
case_40abb832,0,1,1,0,1,1
case_9154f16d,1,1,1,1,1,1
case_121bdb1c,1,1,1,1,1,1
case_a7055208,1,1,0,1,0,1
case_72635217,1,0,1,1,0,0
case_d4a4d3d9,1,1,1,0,1,1
case_aa345ae0,1,1,1,1,1,1
case_eb3f18b9,1,0,1,1,1,1
case_04345359,1,0,0,1,0,0
case_fda3e7ff,1,1,1,1,1,1
case_706b8af7,0,1,1,1,1,1
case_961735a1,0,0,1,1,0,0
case_f8efe2d4,0,0,1,1,1,1
case_ceb9de3e,1,1,0,1,1,1
case_dfb1fda8,1,1,1,1,1,1
case_659ec669,1,1,1,1,1,1
case_8b509c51,1,0,1,1,0,1
case_51f857ed,1,1,1,0,1,1
case_a4389069,0,0,1,1,1,0
case_33aad118,1,1,1,1,0,1
case_52cf0082,1,0,1,1,1,1
case_0272f7a1,0,0,1,0,1,1
case_e36ca73a,1,0,1,1,1,1
case_04557ddf,0,0,1,1,0,1
case_f92d964d,1,1,1,1,1,1
case_e8f4ec52,0,1,1,0,1,1
case_509f7f36,1,1,0,0,1,0
case_f0501385,0,1,1,1,0,1
case_274b9029,1,1,1,1,1,1
case_0404805e,1,1,1,0,0,1
case_a83cff9f,0,1,1,1,1,1
case_486cab42,0,1,1,1,1,1
case_62b6118e,0,1,1,1,1,1
case_06e66a91,1,1,1,1,1,1
case_79f885f7,0,0,1,1,0,1
case_86c577c5,1,1,1,1,1,1
case_552493a9,1,1,1,1,1,0
case_2a8c0171,0,0,0,0,0,1
case_3e5e6985,1,0,1,1,1,1
case_d34ac298,0,1,1,1,1,1
case_7266ca6a,1,1,1,1,1,1
case_f8a05e2e,0,1,1,1,1,1
case_38558799,1,1,1,1,1,1
case_90dc940a,0,0,1,1,1,1
case_30845abc,1,1,1,1,0,0
case_0480308a,0,1,1,0,1,1
case_24d7bc43,0,1,1,1,1,1
case_d1c48603,1,1,1,1,1,1
case_0f08311a,0,1,1,1,1,1
case_cc68f853,0,0,1,1,0,0
case_c9e3481d,1,1,1,1,1,1
case_48a334e9,0,0,1,0,1,0
case_6b65df2b,1,1,1,1,1,1
case_0b1afc8f,1,0,1,1,1,1
case_1e695715,0,1,1,0,0,1
case_17d0f32f,1,0,0,1,1,1
case_b11917cc,0,0,1,1,0,1
case_58df3c0d,0,0,1,0,0,0
case_5d335f1e,1,0,1,0,1,1
case_1254f34f,0,0,0,1,1,1
case_d5be8c4d,0,1,1,1,1,1
case_f3866a12,1,1,1,1,1,1
case_a464ffb2,1,0,0,1,0,1
case_14db1411,1,1,1,1,1,1
case_544ae677,1,1,1,1,1,1
case_837ea931,1,0,1,1,1,1
case_652ef0fa,1,1,1,0,1,1
case_a4c37052,1,0,1,1,0,0
case_ae9d18e6,1,1,1,1,1,1
case_d057d299,1,1,1,1,1,1
case_4ff87a31,0,1,1,0,1,1
case_a2de0a88,1,1,1,1,1,1
case_4271e212,1,1,1,1,1,1
case_4ec526fd,1,0,1,1,0,1
case_b76e8af0,1,0,0,1,0,1
case_ffdbc4a9,1,0,1,1,1,1
case_5a2bab4b,1,1,0,1,1,1
case_493ac077,0,0,1,1,0,0
case_b66c0c53,0,0,1,1,0,0
case_0b91f68d,0,1,1,1,0,0
case_f1377bb6,0,1,1,0,1,1
case_84424bb8,0,0,1,0,1,1
case_76d7b264,0,1,1,1,1,0
case_e4aa6d1f,0,0,1,1,1,0
case_086b2296,0,0,1,1,1,0
case_86a70ad5,0,1,1,1,1,1
case_29ed03aa,1,1,1,0,0,1
case_286261be,1,1,1,1,1,0
case_ede1400c,1,0,1,1,0,0
case_01df8c1f,0,0,1,0,0,1
case_50ee4072,1,0,0,0,0,1
case_72766fe3,1,1,1,0,0,1
case_62c81172,0,1,1,1,1,1
case_e00c844d,1,1,1,1,1,0
case_fee46f46,1,0,1,0,0,1
case_ff95c2f3,0,0,1,1,0,1
case_4bda1954,0,1,1,1,1,1
case_0a1b7632,1,1,1,1,1,1
case_508ba2a6,0,1,1,0,0,1
case_bd099643,1,0,1,1,0,1
case_97dcf861,0,0,1,1,1,1
case_5bba0959,0,0,1,1,1,1
case_121d30e6,0,1,1,1,1,1
case_0613d11c,0,0,0,0,0,0
case_4de33e82,1,1,1,0,0,0
case_1f9c002a,1,1,1,0,1,1
case_d1be8b9e,0,1,1,1,1,1
case_d8b03a17,1,1,1,1,0,1
case_9b5be42c,1,1,1,1,1,0
case_d362a611,1,1,1,1,0,1
case_57313d9a,0,0,1,0,1,1
case_21feb1e0,1,1,1,1,1,1
case_e504ef94,1,1,1,1,1,1
case_2c2da067,1,0,1,0,1,1
case_90ee678f,1,1,1,1,1,1
case_d4e5da4a,0,0,1,0,1,1
case_66c9075b,0,0,0,0,0,1
case_c376dee1,0,1,1,0,1,0
case_6eff260a,1,1,1,1,1,1
case_bf80b218,1,1,1,0,1,1
case_9c502b8a,1,0,1,1,1,0
case_d79b19fa,0,0,0,0,1,1
case_befd3cc3,1,1,0,1,1,0
case_e16cf485,1,0,1,1,1,1
case_e6ed8ed1,1,0,1,1,1,0
case_6371c9ea,0,1,1,1,0,1
case_43e35838,1,0,1,0,1,1
case_347906a6,1,1,1,1,1,1
case_e836a53c,1,1,1,1,1,1
case_cbc4f23a,0,0,1,1,0,0
case_49587eb7,1,1,0,0,1,1
case_88570b6b,1,0,1,1,1,1
case_4aecaf82,0,1,1,1,1,1
case_4796728a,0,1,1,1,1,0
case_576abd07,1,0,0,0,1,1
case_1646a2b3,1,1,1,1,1,1
case_aa5a556f,1,0,1,0,1,1
case_a0f3dab1,1,0,1,1,1,1
case_c7240627,1,0,0,0,0,0
case_8594793b,1,1,1,1,1,1
case_e5d662f4,1,1,1,1,1,1
case_0ef99099,1,1,1,1,1,1
case_4566faa2,1,1,0,1,0,1
case_4ec37ac3,0,0,1,1,1,1
case_d9265e11,1,1,1,1,1,1
case_54e4f2f1,1,1,1,1,1,0
case_19b2a1d0,1,1,1,1,1,1
case_aed6c6ad,1,1,1,0,1,1
case_c697f367,1,1,1,1,1,1
case_00e260ed,0,1,0,0,1,0
case_7827bd34,0,0,1,1,1,0
case_edded8d4,0,1,0,0,1,0
case_7aa10daa,0,0,1,1,1,0
case_f3500706,0,1,1,1,1,1
case_09b5fd33,1,0,1,1,1,1
case_fe792505,1,1,1,1,1,1
case_c8c0aa2b,1,1,0,0,1,1
case_d654b8c8,1,1,1,0,1,1
case_477fb29f,1,1,1,1,1,1
case_47758297,1,1,1,1,1,0
case_12da4010,1,0,1,1,0,0
case_119e74ff,1,1,1,1,1,1
case_f5fec423,1,0,1,1,0,1
case_4d7b50a9,1,0,1,1,1,1
case_a6329154,1,1,1,1,1,1
case_de1cf80a,1,1,1,1,1,1
case_823b00c5,1,1,1,1,1,1
case_0b2db686,0,0,1,0,0,1
case_4f9d0fcf,1,1,1,1,1,0
case_80d8974f,1,1,1,1,1,1
case_58af8189,1,0,1,1,1,1
case_24746499,1,1,1,0,1,1
case_ffe03ee0,1,1,1,1,0,1
case_2c2e209f,0,0,1,0,1,1
case_4b246483,1,1,1,1,1,1
case_aa77cde8,0,0,1,0,1,1
case_da508b85,1,1,1,1,1,1
case_363f9cfe,1,1,0,1,0,0
case_3b475c21,0,0,1,1,1,1
case_53e59a12,1,1,1,1,1,1
case_2d4d8a82,1,1,0,0,1,0
case_b3a06f8c,1,0,0,1,0,1
case_d5666773,1,1,1,1,1,1
case_de729916,0,1,1,1,1,1
case_24e02427,1,1,1,1,1,1
case_02de8fd8,1,1,1,1,0,1
case_d45e24f4,1,1,1,1,1,1
case_84faeb50,0,0,1,0,0,0
case_9f682dd4,1,1,1,1,1,1
case_f9e99c64,1,1,1,1,1,1
case_10161067,0,0,1,0,0,1
case_9cdb672a,0,0,1,1,1,0
case_aac73d99,0,1,0,1,1,1
case_de064804,1,1,1,0,1,0
case_b0e96992,0,1,0,1,1,1
case_7bfa3b34,0,0,1,0,1,0
case_b8dc5ad6,1,1,1,1,1,1
case_f0e023a7,0,1,0,1,1,1
case_4d08e7bd,1,1,0,0,0,1
case_acad1bc8,0,1,1,1,1,1
case_d7937768,0,1,1,1,1,1
case_7564dc0f,1,1,1,1,1,1
case_5be39526,0,1,1,1,1,1
case_72671116,1,1,1,1,1,1
case_cc95d960,0,0,1,1,1,1
case_5e2dba88,1,1,1,1,1,1
case_822d9d5a,1,1,1,1,1,1
case_05a5c7e3,0,0,1,1,1,1
case_50ce124d,1,1,1,1,1,1
case_355a5ee7,1,0,1,1,1,1
case_998e671c,1,1,1,1,1,1
case_ee944dc5,1,0,0,0,1,1
case_642df507,0,1,1,1,1,1
case_04c83e65,1,1,0,0,0,1
case_4ea7d39d,1,1,0,1,1,1
case_c5afa798,1,1,1,1,1,1
case_ababb78b,1,1,0,1,0,1
case_28b37be9,0,1,1,0,1,1
case_e083c50c,1,0,1,1,1,0
case_3baff2fc,1,1,1,1,0,0
case_a52e79a2,0,0,1,1,1,1
case_6a0252a0,1,0,1,0,1,1
case_70300d93,0,1,0,1,1,1
case_e59e2e2c,1,0,1,1,1,1
case_f20ee7e5,1,1,1,1,1,1
case_9bf3bd98,0,1,1,1,1,1
case_574dd7f9,1,1,1,0,0,1
case_03ae0b59,1,1,1,1,1,1
case_b7ffb6b1,1,1,1,1,1,1
case_432bd41a,1,1,1,1,1,1
case_d524813d,1,1,1,1,1,1
case_7214f470,0,0,1,0,1,1
case_502fbd19,1,1,1,1,0,1
case_bb42a17c,0,0,1,1,1,1
case_95b2797b,1,1,1,1,1,1
case_a45a73dc,1,1,1,1,0,0
case_c98ee8a4,1,1,1,1,1,1
case_e9e91c1f,1,1,1,1,1,1
case_2394ba25,0,1,1,0,1,0
case_e83b040f,1,1,0,0,1,0
case_1668ecff,1,1,1,1,1,1
case_3409258a,1,0,1,0,1,0
case_39ea299f,1,1,1,1,1,1
case_4e905dea,0,1,1,0,1,1
case_0c67c923,0,0,1,1,1,1
case_bacbbfcf,0,1,0,1,1,1
case_7c64ce6b,1,0,1,0,1,0
case_f6f488a6,1,1,1,1,1,1
case_a8903ff6,1,1,1,1,1,1
case_3c69236b,1,0,1,1,0,1
case_60a9c1dd,0,1,1,0,1,1
case_758cc33b,0,1,1,1,1,1
case_a7483d83,1,1,1,1,1,1
case_0fd72348,1,0,0,0,1,1
case_dd565562,1,1,1,0,1,1
case_ecd88fc0,0,1,1,1,1,0
case_aef218b1,0,1,1,1,1,1
case_b3db6815,1,1,1,0,0,1
case_9657a754,0,0,0,0,0,1
case_d41bb6d4,0,1,1,0,1,1
case_4ab77aea,0,0,1,1,1,1
case_0261910f,0,0,1,0,1,1
case_e712deb3,0,1,1,0,1,0
case_4e4c7140,0,1,1,1,1,1
case_61dd7455,0,0,1,0,0,0
case_3d7d5017,1,1,1,0,1,1
case_dee9f460,1,1,1,1,1,1
case_914b05d4,1,1,1,1,0,0
case_59bc43fd,1,1,1,1,1,1
case_58a5a1a6,0,0,1,0,0,1
case_d06856e2,1,1,1,1,1,1
case_0996688a,0,0,0,1,1,0
case_83e49a73,1,0,0,1,0,1
case_0a1c8658,1,0,1,1,1,1
case_19c9a2f9,1,1,0,0,1,0
case_b012a1bf,1,1,1,1,1,1
case_f508f13e,1,0,0,1,1,1
case_176feff7,0,0,0,0,0,0
case_752d0a20,1,0,1,0,0,1
case_6d0ec690,1,1,0,1,1,1
case_813eed51,1,1,1,1,0,1
case_5b04ff2b,1,1,1,1,0,1
case_c8b7e5a4,0,1,1,1,1,1
case_849f00cc,1,1,1,1,1,1
case_ae418146,1,1,1,1,1,1
case_caf8b30e,0,1,0,0,0,1
case_d09129db,1,1,1,1,1,1
case_597c2a08,0,1,1,1,1,0
case_a2c86402,1,1,1,1,0,0
case_1f80a3ee,0,0,1,1,1,0
case_ddcf56af,0,1,0,0,0,1
case_10c612f6,1,1,1,1,1,1
case_1ed69cbf,1,1,1,1,0,0
case_e4352e06,1,1,1,1,1,1
case_81ba95bc,0,1,1,1,1,1
case_430d03b1,0,0,1,1,1,1
case_83a47b3f,1,1,1,0,0,1
case_6d9f4ac8,0,0,1,1,1,1
case_d2af7d72,0,1,0,1,0,1
case_41e71218,0,0,1,1,1,0
case_dd17dd79,1,1,1,1,1,0
case_2f806d5e,1,1,1,1,1,1
case_587d6832,0,0,1,0,1,1
case_7833a0d4,1,1,1,1,1,1
case_67c93dc0,0,1,1,0,1,0
case_4ac12b8b,1,1,0,1,1,0
case_7614151e,0,0,1,1,0,1
case_681e4823,1,0,1,1,1,1
case_41af18b9,1,1,1,1,1,1
case_e8c55077,1,1,1,0,1,1
case_f43b7565,1,1,1,0,1,1
case_cad285c3,0,0,0,0,0,1
case_7f507d16,1,1,1,1,1,1
case_869093dd,1,1,1,1,1,1
case_048eec89,1,0,1,1,0,1
case_f2f623b8,1,0,1,1,0,1
case_60884d01,1,1,1,0,0,1
case_dc37f12f,0,0,1,0,0,1
case_46eae64e,1,1,1,0,1,1
case_78cf7866,0,0,1,1,1,1
case_56fd0f8a,0,1,1,1,0,1
case_4688a1eb,1,1,1,1,0,0
case_000236b1,1,1,1,1,0,1
case_5d10a853,1,1,1,1,1,1
case_b1808311,0,1,1,0,1,1
case_7e8a34c7,1,0,1,1,1,0
case_6f69150f,1,0,1,0,0,1
case_ea08bfd3,0,0,1,1,1,1
case_a76fed89,0,0,1,1,1,1
case_97d1af21,1,1,1,1,0,1
case_ef41f347,0,1,1,1,1,1
case_a6a08a3d,1,0,1,0,1,1
case_00895a6c,1,1,1,1,1,1
case_13c1c7d1,1,0,1,1,1,0
case_2d5a5995,1,0,1,1,1,1
case_fb81f903,0,0,0,0,0,0
case_d92b916e,0,0,1,0,0,1
case_59f8415b,1,0,1,0,0,0
case_e843612d,1,0,1,1,1,1
case_54824879,1,0,1,1,1,1
case_8b10a641,1,1,1,1,1,1
case_1fa46143,1,1,1,1,1,1
case_bf0b00a0,1,1,1,0,1,0
case_7dee2f37,1,1,1,1,0,1
case_0da1a3c5,0,0,1,1,1,1
case_a53b0b75,1,1,1,1,1,1
case_8fc06c56,0,0,1,1,1,1
case_be4fc861,1,1,1,0,1,1
case_ea2646d5,1,1,1,1,1,1
case_760215a2,1,1,1,1,1,1
case_5d66e4d3,1,1,1,1,1,1
case_8b212a94,1,0,1,0,0,1
case_dfaea935,1,1,1,1,1,1
case_5d4655f3,1,0,1,1,1,0
case_20e88813,1,1,1,0,1,1
case_6dfcebfb,1,1,0,1,1,1
case_e9b8afb3,1,0,1,1,1,0
case_738e775b,1,1,1,1,1,1
case_fe165946,0,0,1,1,1,1
case_31946121,0,1,0,1,1,1
case_70d89a2d,1,1,1,0,1,1
case_0750a726,1,1,1,1,1,1
case_1760740b,0,0,0,0,1,0
case_a4d966fb,1,1,1,1,1,1
case_f08101c4,1,1,1,1,1,1
case_2e39f972,0,0,1,1,1,0
case_ea67eeda,1,1,1,1,1,1
case_e9ca8975,1,0,1,1,0,1
case_49cd2b79,1,1,1,0,1,0
case_80600f2c,1,0,1,1,1,1
case_4901e9fa,0,0,1,0,1,0
case_0725ecce,1,1,1,1,1,1
case_216c131c,1,1,1,1,1,1
case_faef47f5,1,1,0,1,0,0
case_5af347e4,1,1,1,1,1,1
case_215f981b,1,1,0,1,1,1
case_262309b3,1,1,1,1,1,1
case_65d8da83,1,0,1,1,0,1
case_95d7392a,0,1,1,0,1,0
case_f00e40de,1,0,0,0,1,1
case_2d251a30,1,0,1,1,1,1
case_dcf790a6,1,1,1,1,0,1
case_d9b8e27d,1,0,0,1,1,1
case_dfb1d3bb,1,1,1,1,0,1
case_14fdb51b,0,1,1,0,1,0
case_24579d61,0,1,0,0,1,1
case_13e6b61f,1,1,0,1,1,1
case_dd7d15ae,0,1,1,1,1,1
case_85cdef7d,0,0,1,1,0,0
case_8fb31897,1,0,1,1,0,1
case_9b58bf84,0,0,1,1,1,1
case_ed7603fd,1,1,1,1,1,1
case_21e66844,1,1,1,1,1,1
case_94d9cef4,1,1,1,1,1,0
case_a937f64b,0,0,1,1,0,0
case_9ac6eb09,1,1,1,1,1,1
case_60c58c57,1,0,1,1,1,1
case_38bd8d6e,0,1,1,1,0,1
case_431fd924,1,1,1,1,1,1
case_9a522b56,1,1,1,1,1,1
case_01cdde7e,0,1,1,0,1,1
case_304b4d04,1,1,1,1,1,1
case_bd7e5953,0,1,1,0,1,1
case_aa0398b4,0,0,1,0,1,1
case_85f031e0,1,0,1,1,1,1
case_392fa4e3,1,1,1,1,1,1
case_930c4894,1,0,1,1,1,1
case_a81dc9ea,1,0,1,1,1,1
case_26b33ac2,0,1,1,0,1,1
case_4f9fdc11,0,1,1,1,1,0
case_7a31f7cf,1,0,0,0,1,1
case_395b9619,0,1,1,1,0,1
case_12f58b68,0,0,1,0,0,1
case_1d87acf6,0,0,1,0,1,0
case_1940fe12,1,1,1,1,1,1
case_a4364e10,1,1,1,1,1,1
case_903fc1b5,1,0,1,1,1,0
case_295679e1,0,0,1,0,0,1
case_90cebd18,1,0,0,1,0,1
case_5aa9d1bf,1,0,1,0,0,1
case_5a2b40b2,1,1,1,1,0,1
case_5648d8a2,0,1,1,0,1,1
case_e5ae8996,1,1,1,0,1,0
case_e98564b3,0,1,0,0,0,0
case_59215471,1,1,1,1,1,1
case_ed32b65e,1,0,1,1,0,0
case_8224631a,1,0,1,0,1,1
case_08583721,1,1,1,0,0,1
case_7d804431,0,1,1,0,1,1
case_0c6ef773,1,0,1,0,1,0
case_42757a64,1,1,1,0,0,0
case_842fed77,0,0,0,0,1,1
case_d4e2bf74,0,1,1,0,1,1
case_f905e75b,1,0,1,1,1,1
case_23c3a67c,1,0,1,0,1,1
case_01e4a438,1,0,1,1,1,1
case_2bf89401,0,0,1,1,1,0
case_a223ae23,0,1,1,1,1,1
case_13e01ae1,1,1,1,1,1,1
case_ffe368f7,1,1,1,1,1,1
case_ab3e8230,1,1,1,1,1,1
case_f2387d09,1,1,0,1,1,1
case_f7b96bf3,1,0,1,0,1,1
case_3e21f8b3,0,1,1,0,0,1
case_a1d91d0d,1,1,1,1,0,1
case_fb554c69,1,1,1,1,1,0
case_4b1f4303,1,1,1,1,1,0
case_98014674,1,1,1,1,0,1
case_c8d73c27,1,0,0,0,0,1
case_442ac4cc,1,1,1,0,1,1
case_a644757c,1,1,1,1,1,1
case_8d81a0e4,0,0,1,0,1,1
case_1b7a583b,1,1,1,1,1,1
case_fde6a0f7,1,1,0,1,1,1
case_ce22add4,0,1,0,0,0,0
case_992a4c28,1,1,1,1,1,1
case_83e17d80,1,1,1,1,1,1
case_d94bef59,1,1,1,1,1,1
case_d7ff0835,0,1,1,1,1,1
case_468d86e1,1,1,1,1,0,1
case_a24ef421,1,1,1,1,1,1
case_9f773772,1,1,1,1,1,1
case_71bf95f1,0,0,1,1,0,0
case_8c06b960,1,1,0,0,1,1
case_0f43bd45,0,0,1,0,0,1
case_f105f38e,1,0,0,0,1,1
case_0bf6375c,0,1,1,1,1,1
case_9eff2f04,1,1,1,1,1,0
case_8a1d4510,0,0,1,1,1,1
case_23f89179,0,0,1,1,1,1
case_b7efbad0,0,1,1,1,1,1
case_1a5e2a53,1,1,1,0,1,1
case_55deb577,1,0,1,1,0,1
case_7ddc2ad4,0,0,1,0,0,0
case_e77ac356,1,1,1,1,1,0
case_82629ed7,1,1,1,1,1,1
case_fa00b7a7,1,1,1,1,1,1
case_66a27561,1,1,1,1,1,1
case_cab748e0,1,1,1,1,0,1
case_c4af5d21,1,1,1,1,1,1
case_b96dc9b0,1,1,1,0,1,1
case_2c65c480,0,1,1,1,1,1
case_26719168,1,0,1,1,0,1
case_19a40348,1,1,1,0,1,1
case_1d7e558c,1,0,1,1,1,1
case_39e5473a,1,1,1,1,1,1
case_cba7b8f0,0,1,1,1,1,1
case_298ffa60,1,1,1,1,1,1
case_086200da,0,0,1,1,0,1
case_b62ef198,0,1,1,0,1,1
case_f26e32c0,1,0,1,1,1,0
case_5ae27046,0,0,1,1,1,1
case_c7823bab,1,1,1,0,1,1
case_6b9df4ee,1,1,1,1,1,1
case_3bb64e31,1,1,1,1,0,1
case_4db8b8fe,1,1,1,1,1,1
case_e54a9d90,1,1,1,1,1,1
case_38e4240f,0,0,1,0,1,0
case_3df529fb,1,1,1,0,1,1
case_556c34fa,0,0,1,0,1,0
case_429b851a,1,0,1,0,1,1
case_4ca05c12,0,1,1,1,0,1
case_81db9856,1,0,1,1,1,1
case_9ac0c018,1,1,1,0,1,0
case_695470f7,1,1,1,0,0,1
case_a528de5e,1,1,1,1,1,1
case_9c79da15,1,0,1,1,0,1
case_c5dc9156,1,1,0,1,1,1
case_1ce56438,1,0,1,0,0,1
case_4dd51d6d,1,1,1,1,0,0
case_eaad9314,0,1,1,1,0,1
case_1e496622,1,0,1,0,1,1
case_e31bcfdb,1,1,1,1,1,1
case_d77053c6,0,0,1,0,0,1
case_b635d3ca,0,0,1,1,1,1
case_36bf8d0f,0,1,1,0,0,0
case_94b11532,0,1,1,0,1,1
case_09d2bf21,0,1,1,1,1,1
case_7fb30933,1,1,1,0,1,1
case_11a3cea9,1,1,1,1,1,1
case_01ad46f5,0,1,1,1,1,1
case_4413f652,1,1,1,0,1,1
case_cc182bf8,1,1,1,1,1,1
case_3f648b54,1,1,0,0,1,1
case_2dd27f12,1,1,1,0,0,1
case_53c96362,1,1,1,1,1,1
case_edc1a6ce,1,1,1,1,1,1
case_aca89ce2,0,0,1,1,1,1
case_ea7a8605,1,1,1,0,1,1
case_91a6820c,0,0,1,1,0,1
case_500bacc5,0,0,1,1,1,1
case_2ea41ead,0,1,1,1,0,1
case_2ee85ee5,1,1,0,0,0,1
case_67685127,0,1,1,1,1,1
case_227b9834,0,0,1,1,1,1
case_81c020cc,0,1,1,0,1,1
case_b538f539,0,0,1,0,1,1
case_b67ff8be,1,1,1,1,1,0
case_9ec0ff18,0,1,1,0,1,1
case_60049cb3,1,1,0,1,1,1
case_3ef62c3e,1,1,1,0,1,0
case_1a6dca41,0,0,1,1,0,1
case_d081664c,0,0,1,0,1,0
case_44b6b806,0,0,1,1,1,1
case_3cb1fc5a,1,0,1,1,0,1
case_1891532a,0,1,1,1,1,1
case_9f2e7937,1,0,1,1,1,1
case_68416fe6,1,0,1,0,1,1
case_0e3474a3,0,1,1,1,1,1
case_01a2ab1f,0,0,0,0,0,0
case_44b76dc4,1,1,1,1,0,1
case_f03c434e,1,1,1,1,0,0
case_485f83da,1,0,0,0,0,1
case_7114dc92,0,1,1,1,1,1
case_56f5eb64,1,1,1,1,0,0
case_9a0ceadf,1,1,1,0,0,1
case_39d0d243,1,1,1,1,1,1
case_be4bff50,1,0,1,0,1,1
case_812ec6c9,1,1,1,0,1,1
case_8b1de9b6,0,1,1,1,1,1
case_730bd669,1,0,1,1,1,1
case_c9d888ea,1,1,1,1,1,1
case_9e49e316,0,1,1,0,1,1
case_4d7aaa14,0,1,0,1,1,1
case_34bedf74,0,0,0,0,0,0
case_71698a43,1,1,1,0,0,0
case_38c11a82,1,1,1,1,1,1
case_e6308251,1,0,1,1,0,1
case_8fde41d6,1,1,1,1,1,1
case_2bd33db1,0,0,1,1,1,1
case_069115a0,0,0,1,0,0,1
case_fc96c950,1,1,1,1,1,0
case_92f09326,1,0,1,1,1,1
case_81e85935,1,1,1,0,1,0
case_4854b724,0,0,1,0,0,0
case_afe2132b,0,1,1,0,0,0
case_c15ff715,1,0,1,0,1,1
case_760c347d,0,1,1,1,1,1
case_137a932d,1,1,1,1,0,1
case_002706b8,1,0,1,0,1,1
case_52cfee44,1,0,1,1,1,1
case_a1c875a5,0,0,1,1,1,0
case_6fc150a4,1,1,1,1,1,1
case_f94f53ec,0,1,1,1,1,1
case_2d768f31,1,1,1,1,1,1
case_e3237b0c,0,0,0,1,0,1
case_3607627b,1,0,1,1,1,1
case_60ad7e72,1,1,1,1,1,1
case_172563f6,1,0,1,0,1,1
case_3790e3f9,0,1,1,1,1,1
case_d6aec205,0,1,1,1,1,1
case_6b65b107,1,1,1,1,1,0
case_0dc2dda4,1,0,1,1,1,1
case_ecc56038,0,1,1,1,1,1
case_64279a98,1,1,1,0,1,0
case_513d1b26,1,1,1,1,1,0
case_482ab2ef,1,1,1,1,1,1
case_e9579c23,1,1,1,1,1,1
case_2aa8e297,0,0,1,1,0,1
case_7d015965,1,1,1,1,1,1
case_3adf7cb0,1,1,1,1,1,0
case_c53450e6,1,1,1,0,1,1
case_68b4ab30,1,1,0,1,1,1
case_05bbd8e1,0,1,1,0,1,1
case_8f4a25e1,0,0,1,1,0,0
case_6a5e2cff,0,1,1,0,0,1
case_f95b2605,1,1,1,1,1,1
case_74d45ec6,0,1,1,0,1,1
case_99e04b48,0,1,1,0,0,0
case_a75ce581,0,1,1,1,1,1
case_94b6ce51,1,1,1,1,1,1
case_1cf9c54d,1,0,1,0,0,1
case_a3da619e,1,0,1,0,1,1
case_224b9585,1,1,1,1,1,1
case_b6a36344,0,1,0,0,0,0
case_e5fa1728,1,1,1,1,1,1
case_2c986a51,0,0,1,0,0,0
case_82fe34a5,1,0,0,0,1,1
case_fcc55b03,1,1,1,1,1,1
case_2fd8d8af,1,1,1,1,1,1
case_e3ed737e,1,0,1,1,0,0
case_7f324e1b,1,1,1,0,1,1
case_37565ddc,0,0,1,0,0,1
case_3ecf9774,0,0,1,0,0,1
case_db211859,1,0,1,1,1,1
case_789c6198,1,1,1,1,1,0
case_a6a93548,0,0,1,1,1,1
case_5a8494f3,1,0,1,1,1,1
case_587b7db7,1,1,1,1,1,1
case_0846ff62,0,1,1,1,0,1
case_406bd499,0,1,0,1,0,1
case_5fea2128,1,0,1,1,1,1
case_c90e6463,0,1,1,1,1,0
case_086d4259,1,0,1,1,1,1
case_029b9b7e,1,1,1,1,1,1
case_40da582f,1,0,0,1,1,1
case_a6c4d335,0,1,1,1,1,1
case_b0022c30,0,0,0,1,0,1
case_65d54530,0,1,1,1,0,1
case_dceb8168,1,1,1,1,1,1
case_d4b794b3,1,1,1,1,0,0
case_aaa67a8e,0,0,1,0,1,0
case_25101723,0,1,1,1,1,1
case_05bef121,1,0,1,0,1,1
case_7af6f7a4,1,1,1,0,1,0
case_8f807114,0,0,1,1,0,1
case_7469c726,1,1,1,1,1,1
case_abb12235,0,0,1,1,1,1
case_dc3aaf64,0,0,1,1,1,1
case_95dfc11e,1,0,1,1,1,0
case_d8d3ee93,1,1,1,1,1,1
case_e2fd1ee6,0,0,1,1,0,0
case_96df216d,1,1,1,0,1,1
case_49d52143,0,0,1,1,1,1
case_c1133a37,1,1,1,1,1,1
case_15cae289,1,1,1,1,0,0
case_e334767e,0,1,1,1,1,1
case_6fe251c1,1,1,0,1,1,1
case_e4bf00b7,0,0,1,0,1,1
case_bcb568b2,1,1,1,0,1,1
case_8322b791,0,1,1,1,1,1
case_094f21fe,1,1,1,0,1,1
case_ef4f8513,1,1,1,0,1,1
case_d0ab9480,1,1,1,1,1,1
case_a5eeee51,1,1,1,1,1,1
case_fc88d8ff,1,1,1,1,1,1
case_2d2475ad,1,1,1,1,1,1
case_80c8c61d,1,1,1,1,1,1
case_ab8b4f80,1,1,1,1,1,1
case_af6409de,1,1,1,0,1,1
case_79c74c1a,0,0,1,1,0,0
case_c865f2f6,1,0,1,1,0,0
case_57d39e39,1,0,1,0,1,1
case_a3b65b65,1,1,1,1,1,0
case_8c7d0f10,1,1,1,1,1,1
case_7594572d,1,1,1,1,0,1
case_2004c4a2,1,1,1,1,1,1
case_6898f846,0,0,1,1,0,0
case_79e35408,1,0,1,0,1,1
case_aed34278,1,0,1,0,1,0
case_6ef06138,1,1,1,1,1,1
case_6a3ab55a,0,0,1,1,1,1
case_185651b4,1,0,1,1,1,1
case_a01652fa,1,0,1,1,1,1
case_1916dae1,1,1,1,0,0,0
case_fba20826,1,0,1,0,0,0
case_243fc332,0,1,1,1,1,0
case_530b815d,1,1,1,1,1,1
case_593c5b2d,1,1,1,1,1,1
case_33e437b5,0,1,1,1,1,1
case_11f76de5,1,1,1,1,1,1
case_b5573251,1,0,1,1,1,1
case_d6744289,1,1,1,1,1,1
case_a999dcda,1,0,1,1,0,0
case_143675fb,0,1,1,0,1,1
case_81c25488,1,0,1,1,1,0
case_3cceb1b7,1,1,1,1,0,1
case_e8bf5dad,1,1,1,1,0,1
case_c3ffaa6d,1,1,1,0,1,1
case_c410e6b2,1,1,1,1,1,1
case_14f55ab2,0,0,1,1,1,1
case_251997bf,0,1,0,0,1,1
case_3f2c28f9,0,1,1,1,1,1
case_7c203821,0,0,1,0,1,0
case_a62816f9,0,1,1,1,0,1
case_c6cb27db,1,1,1,1,1,1
case_b5443e07,0,1,1,1,1,1
case_e0bc1404,0,1,1,0,1,0
case_596818d2,1,0,1,1,1,1
case_b98139ae,1,0,1,1,1,1
case_31536be6,0,0,1,0,1,0
case_ce04d6f7,0,0,1,0,0,0
case_80962b50,1,0,0,1,1,1
case_26be695b,0,1,1,1,1,1
case_54a168c2,0,0,0,0,0,0
case_1a352341,1,1,1,1,1,1
case_3f4e406c,0,1,1,1,0,1
case_7643fb43,0,0,1,0,0,1
case_b6f4d5e7,1,1,1,1,1,1
case_aa3f881b,1,0,1,1,1,1
case_8d77099b,1,1,1,1,1,1
case_90a12f05,0,1,0,1,0,1
case_74d39adf,0,1,1,1,1,1
case_0062e0c4,1,1,1,1,1,1
case_ac5d1464,1,1,1,0,1,1
case_7ad7947b,0,1,1,1,1,1
case_c3ffc679,0,0,1,1,1,0
case_59cbddeb,1,0,1,1,1,1
case_a96761c9,1,1,1,1,1,1
case_fcdc6377,1,1,1,1,1,1
case_8a602a7a,1,0,1,0,1,1
case_853e9257,1,1,1,0,1,0
case_89dd1846,1,0,1,1,0,1
case_13e4e9c2,0,0,1,1,1,1
case_a84f5742,1,1,1,1,1,1
case_9f3b832d,1,1,1,1,1,1
case_a0221ffc,1,1,1,0,1,1
case_561237f4,1,0,1,1,1,0
case_f1b26fdf,1,0,1,1,1,1
case_bfa1c099,1,0,1,1,1,1
case_75b88dcb,1,1,1,1,1,1
case_e38cca14,1,0,1,1,0,1
case_cf786079,1,1,1,0,1,1
case_5513f8d7,0,1,1,0,0,1
case_62897bd2,0,1,1,1,1,0
case_5d56eb8e,1,0,0,0,1,0
case_5e370cdc,1,1,1,1,1,1
case_a350a327,0,1,1,1,1,1
case_8ff57879,1,1,1,1,1,0
case_d9c4c2fe,1,1,1,1,1,1
case_c6b87714,1,1,1,1,1,1
case_9b035393,1,0,1,1,1,1
case_fdba34df,1,1,1,1,1,1
case_6539bb2e,1,1,1,1,0,1
case_d01896b7,0,0,1,1,0,0
case_0f8a53c6,1,1,1,1,1,1
case_6f6ace4d,0,1,1,1,1,1
case_836cf2d6,1,1,0,1,1,1
case_48762b63,1,0,1,1,1,0
case_dad7ddd2,0,1,0,0,0,0
case_df8029d8,0,1,1,1,0,1
case_1ef032aa,1,1,1,1,0,1
case_1c4bb6a2,1,0,1,0,1,0
case_1c7116dc,1,1,1,0,0,0
case_0f3b430c,0,1,1,1,1,1
case_00ef69b9,1,1,1,1,1,1
case_f0c2e139,0,0,1,0,0,0
case_f92ca76d,1,0,1,0,0,0
case_c3e03608,0,1,0,0,0,0
case_553628dc,0,1,1,1,1,1
case_77f4a0df,1,0,1,1,1,1
case_0a7f08c0,1,1,1,1,1,1
case_1efb6767,1,0,1,1,1,1
case_68def0d4,1,1,1,1,1,1
case_719ef3bf,1,1,1,1,1,1
case_42d1a396,0,1,0,0,0,1
case_7a3765dd,0,1,0,1,0,0
case_f26d340b,1,1,1,0,1,1
case_d7d1ef7a,0,1,1,1,1,1
case_cb85c723,1,0,0,1,1,1
case_76a0cefb,0,1,1,1,0,1
case_55955219,1,0,1,1,1,1
case_c159edd1,0,0,1,0,1,1
case_60b77eaf,1,1,1,1,1,1
case_5a8547ee,1,1,1,1,0,1
case_3c61eff2,0,0,1,1,1,1
case_5eff270e,1,1,1,1,1,1
case_7ee229c8,0,1,1,1,1,1
case_4f2603b9,1,0,0,0,1,1
case_aeff08aa,1,0,0,1,0,1
case_eecd310c,1,1,1,1,1,1
case_58c27bc2,0,1,1,0,1,1
case_117e3ebb,1,1,1,1,1,1
case_7cb3ab21,1,0,1,0,1,1
case_ca5118e5,1,1,1,1,1,1
case_4913cc94,0,1,1,1,1,1
case_1a34b78f,1,1,1,1,1,1
case_72c09ba9,1,1,1,0,1,1
case_f1699f42,0,0,1,1,1,0
case_7d596e84,1,1,1,0,0,1
case_ffb83b53,1,1,1,1,1,1
case_2309ad6a,1,0,1,0,1,1
case_f8141fac,1,1,0,1,1,1
case_d82790ef,0,1,1,1,1,1
case_854e65f8,0,1,1,0,0,1
case_15b10567,1,1,0,1,0,0
case_606e7a6d,1,1,1,1,0,1
case_89a244fa,1,1,1,1,1,1
case_02637cd9,1,1,0,1,1,1
case_9aa43b7c,0,0,1,1,0,0
case_b5327ff3,1,0,1,1,1,0
case_624b4e21,1,1,1,1,0,1
case_21baf767,1,1,0,0,0,0
case_2bbb2146,1,0,1,1,1,1
case_d140a814,1,1,1,1,1,1
case_72106966,1,0,1,1,1,1
case_274142ea,1,0,1,1,1,0
case_49462b76,1,1,1,0,1,1
case_fef839aa,1,0,1,0,0,1
case_26700055,1,1,1,1,0,0
case_94d53290,1,1,1,1,1,1
case_70cebed7,0,0,1,0,1,1
case_e0fdfd2d,0,1,1,0,0,0
case_a4b1d48c,1,0,1,1,1,0
case_418c617c,1,1,1,1,1,1
case_2f21ffdc,1,1,1,1,1,1
case_586e1ac3,0,1,1,1,1,1
case_4bf21faa,0,0,1,0,0,0
case_8d0fe100,1,1,1,1,1,1
case_39e4cefc,1,1,1,1,1,1
case_07d96503,1,0,1,1,1,1
case_07386a65,0,1,1,1,0,1
case_7f34330a,0,1,1,1,1,1
case_ff83580e,1,1,1,0,1,1
case_7a5deec0,0,0,1,1,1,1
case_430d0f9c,0,0,1,0,0,1
case_c8eb91bb,1,1,0,1,1,1
case_cbfc1c8a,1,1,1,1,1,1
case_c9f599cb,1,1,1,1,1,1
case_2ec7e40e,1,1,1,0,1,0
case_47464adb,0,0,1,0,1,0
case_bdf4538f,0,1,1,1,1,1
case_31f7600b,0,0,1,1,1,0
case_aa89119c,1,0,1,1,1,1
case_d8712639,1,1,1,1,1,1
case_96540eac,0,1,1,1,1,0
case_213b724c,1,1,0,0,1,1
case_5c6f7a08,0,1,1,0,0,1
case_ec5d7307,0,1,1,0,0,1
case_7837033a,1,1,0,1,0,1
case_14979083,1,1,1,1,1,1
case_998e86b3,0,1,1,1,0,1
case_63731546,0,1,1,1,0,1
case_602ee923,0,1,1,1,1,1
case_f6f4997f,0,0,0,0,0,1
case_190733c7,0,0,1,1,1,1
case_4a0f7978,1,1,1,1,1,1
case_78b90a1c,0,1,1,1,1,0
case_accff287,0,0,1,1,1,0
case_e4824c80,1,1,1,1,1,1
case_fd246ecc,1,1,1,1,1,1
case_3ee149a8,1,1,1,1,1,1
case_af759aaf,0,0,1,1,1,1
case_0e55a7a2,0,1,1,1,1,0
case_b6708882,0,1,1,1,1,1
case_7c040b90,1,1,1,1,1,0
case_74ee688e,0,1,1,0,1,1
case_5abf3077,0,0,1,1,1,1
case_9b3c40dd,1,1,1,1,1,1
case_8253d5cb,1,1,1,1,1,1
case_edf743fc,0,1,0,0,0,1
case_0e2120ff,1,1,1,1,1,1
case_e62c3afa,1,0,1,0,1,1
case_9a3ebbeb,1,1,1,1,1,1
case_77603ef7,1,1,1,1,1,1
case_037ba41f,0,1,1,0,0,0
case_53353df3,1,1,1,0,1,0
case_aacf5cd0,1,1,1,1,0,1
case_c6b0909d,0,0,1,1,1,1
case_a640fe5d,1,1,1,0,0,0
case_7638fab8,1,1,1,1,1,1
case_759e8c34,1,1,1,1,1,1
case_2f1eaa6e,1,0,0,1,1,0
case_4ff6aad8,1,0,1,1,1,0
case_03a6750f,0,0,0,1,0,0
case_82f56ca1,1,0,1,1,1,1
case_951c840a,0,0,0,1,1,0
case_36c46b49,0,1,1,1,0,0
case_01b4aa33,0,1,1,1,1,1
case_9a29ad62,1,1,0,0,0,0
case_f515746b,1,1,1,1,1,1
case_0f988977,1,1,1,1,1,0
case_be6b26bc,1,1,1,1,1,1
case_9c253c4d,0,1,1,0,0,1
case_2c19cf2a,1,1,1,1,1,1
case_b1671841,0,0,1,1,1,1
case_58490954,1,1,1,0,1,0
case_684612d8,0,1,1,1,1,1
case_af3dc6b3,1,1,1,1,1,1
case_59bdc150,0,0,1,0,0,0
case_9a7b428a,1,1,1,1,1,1
case_ad7b5eec,1,1,1,1,1,1
case_e0fcafae,1,1,1,1,1,1
case_252356f3,1,0,1,1,1,0
case_7310db6f,0,0,1,0,0,0
case_dffe87b2,0,1,1,1,1,0
case_e0013656,0,0,0,0,0,0
case_bb0ed705,1,1,1,1,1,1
case_58d8a776,1,1,0,1,1,0
case_7aae73a5,0,0,1,0,1,1
case_0856cf69,1,1,1,1,1,0
case_3800dc21,1,1,1,1,1,0
case_6537f03f,1,0,1,0,1,0
case_0cbccd28,1,1,1,1,0,1
case_b9d32641,1,1,0,1,1,1
case_2902b3c7,0,0,0,1,0,1
case_135eecc7,1,1,1,1,0,0
case_3b303b72,1,1,1,1,1,1
case_5905444a,1,0,1,1,1,1
case_69bc0b6e,1,1,1,0,1,1
case_cd7ae470,0,1,1,0,1,0
case_22441455,1,0,1,1,1,0
case_d23be4c6,0,0,1,0,1,1
case_84da3dcf,0,0,1,1,1,1
case_e212896a,0,1,1,1,1,1
case_f9b543dc,1,1,0,1,1,0
case_5eb2fc47,1,1,0,1,0,1
case_00d80dce,0,0,1,1,0,0
case_488401cc,1,1,1,0,1,1
case_5af54680,0,0,1,0,1,1
case_c914a61d,1,0,1,1,1,1
case_4a3938fb,0,1,0,0,0,1
case_cd4ae9e4,1,1,1,1,1,1
case_042d68c6,0,1,1,0,0,1
case_9e54a5b3,1,1,1,0,1,1
case_747bdfd4,0,1,1,1,1,0
case_61fe7ca1,1,1,1,0,1,1
case_1009fff0,0,0,1,1,1,0
case_49bbf5f4,0,1,1,1,1,1
case_f49f3be8,1,1,1,1,0,1
case_b1cafb9b,0,1,1,1,1,0
case_322a675a,1,1,1,0,1,0
case_6fc6f0e2,1,1,1,0,1,1
case_6daf326e,1,0,1,0,0,0
case_d8ccf249,0,1,1,0,0,1
case_d218f853,1,1,1,1,1,1
case_37110aaa,1,0,1,0,1,1
case_f316bdc6,0,1,1,1,1,1
case_96f5fd6a,1,1,1,0,1,1
case_edf843a5,1,1,1,1,1,1
case_4188deed,1,1,1,1,1,1
case_86bfba32,0,1,1,1,1,1
case_b59142c1,1,1,1,1,1,1
case_d4e5e57e,0,0,1,1,1,1
case_6a096e9c,1,1,1,1,1,1
case_75de0277,1,0,0,1,0,1
case_93c44ffb,1,1,1,1,1,1
case_b2a1796d,0,0,0,1,0,0
case_c2303c10,0,1,1,1,1,1
case_fb7a29a5,0,0,1,1,1,1
case_c25198f1,1,1,1,1,1,0
case_2f8c3adf,1,1,1,1,1,1
case_d8afb221,1,1,1,1,1,1
case_cff69397,1,1,1,1,0,1
case_e489213d,1,0,0,0,0,0
case_e72356a7,1,0,1,1,0,1
case_25ffa1ae,0,0,1,0,0,1
case_aca32a2f,0,1,1,0,0,0
case_6aa911f6,1,1,1,1,1,1
case_67448745,0,1,0,1,1,0
case_37264aeb,0,0,0,1,0,0
case_97342057,0,0,1,0,0,0
case_e1b34e07,0,1,1,0,1,1
case_aee39e41,0,0,1,1,1,1
case_a724c1c0,1,1,1,0,1,1
case_7b495eda,1,1,1,0,1,1
case_82eb5a1b,0,0,1,0,1,1
case_8d0d123f,1,1,1,1,1,1
case_26e1316f,0,0,0,0,1,0
case_bcf112e8,1,1,0,1,1,1
case_65f3d54e,1,1,0,1,1,1
case_99c35500,1,0,1,1,0,1
case_5c7abe46,0,0,1,0,1,1
case_b51e07c6,1,1,1,1,0,1
case_016ce14f,0,1,1,1,1,1
case_69575124,1,0,1,0,1,1
case_39430fe5,1,0,1,1,1,0
case_73fd601d,1,1,1,1,1,1
case_25a93395,0,1,1,1,1,1
case_4e74a477,0,0,1,1,1,0
case_1805ac47,0,0,1,0,1,0
case_f26382f5,0,1,1,1,0,1
case_d4bd01ae,1,1,1,1,0,1
case_44938be6,1,1,1,1,1,1
case_aecb60da,1,1,1,1,1,1
case_906f574b,1,1,1,1,1,1
case_00ce3641,1,1,0,1,1,1
case_5cc62fa8,1,1,1,1,1,1
case_1638a5c4,1,1,1,1,1,1
case_37d58e93,0,0,1,1,1,1
case_6d49c23c,1,0,1,0,1,1
case_e3539221,0,0,1,1,0,0
case_fa36095f,0,1,1,0,0,1
case_aff8ff96,1,1,1,0,1,1
case_2ce546fa,0,0,1,1,0,1
case_d69b9fe8,1,1,1,1,1,1
case_ceabceaa,1,1,1,1,1,1
case_a26d7a14,1,1,0,1,1,1
case_285ffce4,1,1,1,1,1,1
case_caaa7872,1,1,1,1,1,1
case_5ef05670,0,0,1,1,0,1
case_4d2ed3da,0,1,1,1,1,1
case_5e2f4bcd,1,1,1,0,1,1
case_644def7f,0,0,1,1,1,1
case_df422545,1,1,1,1,1,1
case_c6db4468,1,1,1,1,1,1
case_11ab8c5e,1,1,1,1,1,1
case_07a39207,0,1,1,0,1,1
case_bee83a97,1,1,1,1,1,1
case_83dcef99,0,1,1,0,1,1
case_18a874ef,0,0,1,0,1,1
case_20e7dca6,0,0,1,0,1,1
case_584256a8,1,0,0,1,1,1
case_9e2a8201,1,0,1,1,1,1
case_f5f37ce0,0,1,1,1,1,0
case_10eaca7e,0,0,1,0,1,1
case_f24d695f,0,1,0,1,1,1
case_edb8c3e5,1,1,1,0,1,1
case_68a34d53,1,1,1,1,1,1
case_2a0dcd4b,1,1,1,0,1,0
case_9718ada8,0,0,1,0,0,1
case_64fefb1f,0,0,1,0,1,1
case_820ed299,1,0,1,1,1,0
case_b425e01f,0,1,1,1,0,0
case_198ce633,1,0,1,1,0,1
case_1526bf50,1,1,1,1,1,1
case_a5842fef,0,0,1,0,0,1
case_6285400e,0,1,1,1,1,1
case_8c902c8a,1,1,1,1,1,1
case_fc65daf3,1,0,1,1,1,1
case_77d0fc00,0,1,1,1,1,1
case_c07e90de,0,1,1,1,0,1
case_5be43a09,1,1,1,1,1,1
case_f518a1e7,1,0,1,1,1,1
case_4859669c,1,0,1,1,1,0
case_95409193,1,1,0,1,1,1
case_97bce6a2,1,0,1,0,0,0
case_28d70fc9,0,0,1,0,0,0
case_5a4f7311,0,0,1,1,1,1
case_ab84f306,0,0,1,1,1,1
case_a4c95f27,0,0,1,0,1,1
case_84b081c9,1,0,1,0,0,0
case_ce836fd0,0,0,0,1,0,1
case_630ef480,0,0,1,0,1,0
case_b5082942,1,1,1,1,1,1
case_3eba8663,1,1,1,1,1,1
case_f5bf559b,1,1,1,0,0,1
case_61224036,0,0,1,1,0,1
case_87f17038,1,0,0,1,0,1
case_36777560,0,1,1,1,1,0
case_a64a4802,0,1,1,1,0,1
case_cac60672,0,0,1,1,1,1
case_8e764a3b,0,1,1,1,1,1
case_533baa05,0,0,1,1,1,1
case_26380b91,1,1,1,1,1,1
case_5f00b56d,1,0,1,0,1,1
case_5e1fdbb4,1,1,1,1,1,1
case_647817f7,1,1,1,0,1,1
case_572f01a2,0,0,1,0,0,0
case_da4535ca,0,0,0,1,0,0
case_fa9c34a9,0,0,0,1,0,1
case_adf74f27,0,1,1,1,1,0
case_32ddedd9,0,0,1,1,0,1
case_c5af2939,1,1,0,0,0,1
case_4cb88dad,1,1,1,1,1,1
case_47250473,1,0,1,0,1,1
case_0da537e4,1,0,1,1,0,1
case_dd397c28,0,1,1,0,1,0
case_11fa46a6,1,1,0,1,1,1
case_4b4090b3,1,0,0,0,0,0
case_318e6935,0,0,1,1,1,1
case_c0f956cb,1,0,0,1,1,1
case_daeb3871,1,0,1,1,0,1
case_14eef1c8,1,0,1,0,1,0
case_f0a0c6e0,0,0,1,0,1,1
case_4557bf9d,1,1,1,0,1,0
case_f675cab9,0,0,0,0,0,1
case_08fa4260,1,1,1,1,1,1
case_dd768c26,1,1,1,1,1,1
case_c2e642e7,0,1,1,1,0,1
case_ec69636f,0,0,1,1,1,0
case_fd545e5e,1,1,1,0,1,1
case_4be9475b,0,0,1,1,1,1
case_2fe0c2f2,0,1,1,1,1,1
case_45e937e5,0,0,1,1,1,1
case_a5313aac,1,1,1,1,1,1
case_5fb0b243,0,0,1,1,1,0
case_76e09d5c,0,0,1,1,1,1
case_6d2233fa,1,1,1,0,1,0
case_61c9ee67,1,1,1,1,1,1
case_6bf74f70,1,0,1,1,1,1
case_4bdf4163,1,1,0,1,1,1
case_3c9854f0,1,1,1,1,1,1
case_15ae1eb5,0,1,1,1,1,1
case_feba0b40,0,0,1,0,0,0
case_238ad65e,0,1,0,0,1,1
case_ab6e4507,1,0,1,0,1,1
case_a8b3891d,0,1,1,0,1,1
case_fa4afe28,1,0,1,1,1,1
case_1a587454,1,1,1,1,1,1
case_8b6c6c58,1,0,1,1,0,1
case_f57879c4,1,0,1,0,1,1
case_2460d3ba,0,1,1,1,1,0
case_56bde2f8,0,1,1,1,0,0
case_7d7e1f51,0,1,1,1,1,1
case_85e41170,1,1,0,0,1,1
case_23a11164,1,1,1,1,1,1
case_12febcf7,1,1,0,0,0,0
case_3adf9395,1,0,1,0,0,1
case_35ba8008,1,1,1,1,1,1
case_f10e14ec,1,0,1,0,1,1
case_ab6535eb,1,1,1,1,1,1
case_a45257c4,1,0,0,0,0,1
case_0445fe19,1,1,1,1,1,1
case_eaa81dca,1,0,1,1,0,0
case_a1456c4c,0,1,1,1,0,0
case_f0cf5b73,1,1,1,1,0,1
case_74caa024,0,0,1,0,0,1
case_6903eddb,0,0,1,1,1,1
case_195671ea,0,0,1,0,1,0
case_51b6b1ff,1,1,1,1,1,1
case_70b8e74e,1,1,0,1,1,0
case_653b38ad,0,1,1,0,1,1
case_8131b2a9,1,0,1,1,1,0
case_cc1d3989,0,0,1,1,0,0
case_5fa17510,0,1,1,0,1,1
case_e267afdc,1,1,1,1,1,1
case_6a766efd,1,0,1,1,1,1
case_e310e4ec,1,0,1,0,0,1
case_e1634a4c,1,1,1,1,1,1
case_7bdd3523,1,0,1,1,0,1
case_2e6ab07d,1,0,1,1,1,1
case_f86ae0fd,0,0,0,0,0,1
case_9847b324,0,1,1,1,1,1
case_4fa4c00f,1,1,1,1,1,1
case_40073706,1,1,1,1,1,1
case_485a7fe5,1,1,0,0,0,1
case_b02bdcba,0,1,1,1,0,1
case_aa28b7ae,1,1,1,1,1,1
case_10b80ca5,0,0,1,0,1,1
case_473636c8,0,1,1,1,1,1
case_c8b56595,1,1,1,1,1,1
case_638c4076,1,1,1,1,1,1
case_5c55710a,0,1,1,1,1,1
case_680ba55c,1,0,1,0,1,1
case_3390c97e,1,1,1,1,1,1
case_56d34315,1,1,1,0,1,1
case_dc026bf4,1,1,1,1,1,1
case_92ec64ad,0,0,1,1,1,1
case_e967ce44,1,0,1,0,0,0
case_f6db56be,0,0,1,1,1,1
case_56f7a3be,1,1,1,1,1,1
case_76386ed0,1,1,1,1,0,1
case_973036d0,1,0,1,1,0,1
case_e736c55d,1,0,1,1,1,1
case_ee4ce818,0,1,1,1,1,1
case_ea3d6112,0,1,1,1,0,1
case_66120c64,0,1,1,1,1,1
case_b59b5c94,1,1,1,1,0,0
case_4eb782d4,1,0,1,0,1,1
case_0684d818,0,0,1,1,1,1
case_b75050aa,1,1,1,1,0,1
case_0c3693f1,1,0,0,0,0,1
case_944b76e2,1,1,1,1,0,0
case_544f4e68,0,0,1,1,1,1
case_f6c22c5f,1,1,1,0,1,1
case_de3dd506,1,1,1,1,1,0
case_7bae9140,1,1,1,0,1,1
case_e9216456,1,1,1,1,1,1
case_6d88b6a7,1,0,0,0,1,1
case_a33ab66b,1,0,1,1,1,1
case_2152938d,1,1,1,1,1,1
case_c02cc0f0,1,0,1,1,0,1
case_f0138623,0,0,1,1,1,1
case_078c0815,1,0,1,1,0,1
case_84ec737e,0,0,1,1,1,0
case_fcdb8147,1,0,1,1,1,1
case_f1cfe245,1,1,1,1,1,1
case_78117560,0,1,1,1,1,1
case_c135cdfb,0,1,1,0,0,1
case_ab06e607,1,0,0,0,0,0
case_9182a78f,0,1,0,1,1,0
case_542ff55f,1,1,1,1,1,1
case_c657b226,1,1,1,0,1,0
case_3a9a1e28,1,1,1,0,1,1
case_cc165808,1,0,1,1,1,0
case_a6474a57,1,1,0,1,1,1
case_01aaa03f,1,1,1,0,1,1
case_f35ea04f,1,0,0,0,1,0
case_79521ff4,1,1,0,0,1,1
case_190183e3,1,0,1,0,1,1
case_4c10212e,1,0,1,0,1,1
case_75c9d9ab,1,1,1,1,0,1
case_a842da18,0,0,0,1,1,0
case_c08a1d1c,1,1,1,1,1,1
case_b2e8d6e8,1,1,1,0,1,1
case_53469560,1,0,1,1,1,0
case_65e0b71b,1,0,1,1,1,1
case_ce763958,1,1,1,1,1,1
case_506072a3,1,1,1,1,1,0
case_a2f1b25c,0,1,1,1,1,1
case_5439e599,1,1,1,1,1,1
case_51fce5a4,0,1,1,1,1,1
case_4866797c,0,0,1,1,1,0
case_f7cad29c,0,1,1,1,0,1
case_07904db7,1,0,1,0,0,1
case_f4a58ca5,0,0,1,1,1,1
case_0db4aa92,0,0,1,1,1,1
case_2ea84417,1,1,1,1,1,0
case_4be54d73,0,1,1,0,0,1
case_081431b6,1,1,0,1,1,1
case_2b77c895,0,0,1,0,0,1
case_61b1a227,1,1,0,1,1,1
case_d9cea959,0,0,1,0,0,1
case_4daa5568,1,1,1,1,0,1
case_cd2b2315,0,1,1,0,0,1
case_c6d34b4b,0,1,1,1,1,1
case_e1fd1783,1,0,1,1,1,1
case_d27b97b3,1,1,1,1,1,1
case_f48083cf,0,0,1,1,1,1
case_9a37d4c6,1,1,1,1,1,1
case_b0ce1cba,1,0,0,1,0,0
case_44f34093,1,1,1,1,1,1
case_273fb4a7,1,0,1,1,1,1
case_7a6100f2,1,1,1,0,0,1
case_f3ebba7d,1,1,1,1,1,1
case_99f3d976,1,1,1,1,1,0
case_08d41b57,0,1,1,0,0,1
case_e7fdf0ea,1,1,1,0,1,1
case_d97c2d22,0,0,0,1,1,1
case_d971eaa0,0,1,1,1,1,1
case_a201d68b,1,1,1,1,1,1
case_f74ab4b4,1,1,1,1,1,1
case_501b8452,1,0,1,1,1,1
case_92559b41,0,1,1,1,1,1
case_85bb64ae,1,0,1,1,0,0
case_ce85cfe6,0,0,1,1,1,1
case_9b477082,0,0,1,0,0,1
case_2cf4db84,1,1,1,1,1,1
case_1713d9a4,0,1,1,0,1,1
case_a04ab4ba,1,1,1,1,1,1
case_d6aa212c,1,0,1,0,1,0
case_b55fb2e7,1,0,1,1,1,0
case_3040c3e6,1,1,1,1,1,1
case_2ae39c09,1,1,0,1,1,0
case_809486a4,1,1,0,1,1,1
case_4a2e9870,0,1,1,0,1,1
case_2682bfd3,1,0,1,1,0,1
case_6bdd22f4,1,1,1,0,1,1
case_b980e519,1,0,1,1,1,1
case_467b1020,0,0,1,0,1,1
case_58537e04,1,1,1,1,1,1
case_8323b793,0,0,1,1,1,1
case_41ac13b4,0,0,1,0,1,1
case_0c6be850,0,0,0,1,1,1
case_d7ccc2cb,0,1,0,1,0,1
case_57cb149b,0,1,1,1,1,1
case_abcae06b,1,1,1,1,1,1
case_f6370a24,0,0,1,1,0,1
case_d7833f74,0,1,1,0,1,1
case_805deff7,1,1,1,1,1,1
case_62d75b13,0,1,1,1,0,1
case_77bb2f02,0,1,1,1,1,1
case_4fd63126,1,0,1,1,1,0
case_550eaf11,1,0,1,1,1,1
case_e642fb68,1,1,1,1,1,1
case_b0466211,0,1,1,1,1,1
case_cd9b00d8,1,1,1,1,1,1
case_d422e24f,1,1,1,0,1,1
case_6be04e5e,0,0,0,0,0,0
case_19680e5d,1,0,1,1,1,0
case_da06264c,1,0,1,1,0,1
case_72d6797b,1,1,1,1,1,1
case_3cbb15b9,1,1,1,1,1,1
case_234af5c2,0,1,1,0,1,0
case_475d4adf,0,1,1,1,1,1
case_ec72cc28,1,1,0,0,1,0
case_79fef600,0,1,0,0,1,1
case_e10e158a,1,1,1,1,1,1
case_121185c8,1,0,1,1,1,1
case_629f52be,0,1,1,1,1,1
case_addef2bf,1,0,1,1,1,1
case_6e8700bc,0,0,0,0,0,1
case_964fdc6d,1,0,1,1,0,1
case_a92e9caf,0,0,1,0,1,1
case_5133f5f3,1,1,1,0,1,1
case_9ca40e05,0,0,1,1,1,0
case_05335b63,1,1,1,1,1,1
case_2a199356,1,1,1,1,1,1
case_3965f99f,1,1,1,0,1,1
case_f1448f0d,0,1,1,1,1,1
case_aca1c780,0,1,1,1,1,1
case_cb9b3a24,1,1,1,1,1,1
case_0d07ed3b,1,1,1,1,1,1
case_f27df57d,1,1,1,1,1,1
case_370a3514,1,1,1,1,1,1
case_0abb3a5d,1,0,1,0,1,1
case_d6c0042d,1,1,1,1,0,1
case_9cc7c1a2,0,1,1,0,1,1
case_b88574ab,0,1,1,1,1,0
case_91a48b25,1,1,0,1,1,1
case_f5132b61,1,1,1,1,1,1
case_456466b0,1,1,1,1,1,1
case_bab063d2,0,1,1,1,1,1
case_0b715c08,1,1,1,1,1,1
case_d7d254cb,1,1,1,0,1,1
case_661405fa,0,0,1,0,1,1
case_e69af1a6,1,0,1,1,1,0
case_fc91cca7,1,1,1,1,1,0
case_12ff443b,0,0,1,0,1,1
case_5e485eda,0,0,0,1,0,1
case_a20d1ecc,0,0,1,1,1,1
case_5637fbb6,0,0,1,1,1,1
case_e2aec7a0,0,1,1,1,1,0
case_432ecb04,0,0,1,1,0,1
case_c847f8cf,1,0,1,1,1,1
case_b4fec50c,1,0,1,0,1,1
case_fea0f6fd,0,1,1,1,1,1
case_ddda3e6e,0,0,1,0,0,1
case_2401540e,1,0,1,1,0,1
case_59bb2d2e,1,0,1,0,0,0
case_018722c7,1,1,1,1,1,0
case_f0d6edf2,1,0,1,1,0,1
case_6c17b277,1,1,1,1,1,0
case_fa47e4d4,1,1,1,1,1,0
case_793ae057,1,1,1,0,1,1
case_bddd6e9b,0,1,1,1,1,1
case_759d989a,1,1,1,1,1,1
case_a4b212a8,1,1,0,1,0,1
case_1cbd42b3,1,1,1,1,1,1
case_29054ba2,0,1,1,1,1,1
case_17b8f30e,1,0,1,0,0,1
case_27d78bb3,0,0,0,0,1,0
case_15f04fd0,0,1,1,0,1,0
case_9efb0380,1,1,1,1,1,1
case_ca7a1874,1,1,1,0,1,1
case_cd985111,1,1,0,0,0,1
case_d25f8599,1,1,0,1,1,1
case_772f6388,1,0,1,1,1,1
case_36623c89,0,0,1,1,1,1
case_7a38d51c,0,0,1,0,0,1
case_a2dce161,0,0,1,1,1,1
case_811e62e6,1,1,1,1,1,1
case_74016e22,1,1,0,1,0,1
case_93d04dec,1,1,1,1,1,1
case_e6cb6093,0,1,1,1,1,1
case_e52eec5a,1,1,1,1,1,1
case_0f4e95a8,0,1,1,1,1,1
case_abd6572a,1,1,1,1,0,0
case_a1e51c9b,1,0,1,0,1,0
case_416cfee8,1,0,1,0,1,1
case_e5bb97f6,0,0,1,1,0,0
case_00ec71d7,1,0,1,1,1,1
case_dea1ab69,1,1,1,1,1,1
case_13bba7c6,1,1,1,1,1,1
case_a8d0e11f,0,0,1,1,0,1
case_a5b8bcc2,1,1,0,0,1,1
case_527a75ae,0,1,1,1,0,1
case_2ed56d40,1,1,1,0,1,1
case_66c0ae61,1,1,1,1,1,0
case_cb687137,1,1,1,0,1,1
case_e9b48f1c,1,1,1,1,1,1
case_479a36f7,1,1,1,1,0,1
case_8ef52d43,1,1,1,1,1,1
case_450a6682,0,0,1,1,1,1
case_383876ad,0,0,1,1,0,1
case_fb1df24d,1,0,1,1,1,1
case_7a2aaab0,0,0,1,0,1,1
case_a593115b,0,0,1,0,0,1
case_517d4e72,0,1,1,1,1,1
case_155e2df2,0,0,1,1,1,0
case_b1fe6761,1,0,1,1,1,1
case_e677f1fe,1,1,1,1,1,1
case_e119daa4,1,1,1,1,1,0
case_e6901fce,0,1,0,1,1,1
case_2ce200e4,1,1,1,1,1,1
case_3a8abad8,1,1,0,1,1,0
case_fae18e7d,1,1,1,1,1,1
case_1ad54045,1,1,1,1,1,0
case_a8fe9c03,1,1,1,1,1,1
case_3e2f5a70,0,0,1,1,1,1
case_23674a83,1,1,1,1,1,1
case_631a3107,1,0,1,1,1,1
case_9ed5fcc5,1,1,0,1,1,1
case_73519f18,1,0,1,0,1,0
case_2d07bdfb,1,0,1,0,1,1
case_1ff6bd94,1,1,1,1,1,1
case_32b1489a,1,1,1,1,1,1
case_4f7cc820,1,1,1,1,1,1
case_2228a906,0,0,1,0,0,0
case_56eb4ad8,1,1,1,1,1,1
case_1f553bd0,1,1,1,1,1,1
case_62d841c1,1,1,1,1,1,1
case_ccde96f3,1,0,1,1,0,1
case_82902459,1,0,1,1,0,1
case_f5bed5b4,1,1,1,1,0,1
case_4a7f84d1,1,0,1,1,1,1
case_bfcf5cdc,1,0,1,0,0,0
case_95c54705,1,1,1,1,1,1
case_779fd5f8,0,1,0,1,1,1
case_258f1309,1,1,1,1,1,1
case_10d5a5a9,0,1,1,1,1,1
case_fceebcdc,1,1,1,1,1,1
case_0920c33c,0,1,1,0,0,1
case_749073de,1,1,1,1,1,1
case_17296c97,1,0,1,0,1,1
case_d7e69544,1,1,1,0,0,1
case_bc9be0fb,1,0,1,0,0,1
case_999708a4,1,1,0,1,1,0
case_e0f2da43,0,1,1,1,1,1
case_4bf61b9f,0,0,1,0,1,0
case_31c94a2e,0,1,1,0,1,0
case_4410ccfb,1,0,1,1,0,1
case_aa0833c5,0,1,1,1,0,1
case_372ed01a,1,1,1,1,1,0
case_85f54847,0,0,0,0,0,1
case_0cf5d0f6,1,1,1,1,1,1
case_fd0aed9a,1,1,1,1,1,1
case_3db2baf6,0,1,1,1,1,1
case_0e710aa1,1,1,1,1,1,1
case_1c993681,0,1,1,1,1,1
case_b09ef7f8,1,1,1,1,1,1
case_31977f47,1,1,1,1,1,1
case_2616ccb9,1,1,1,1,1,1
case_9dc60ddc,1,1,1,0,1,1
case_43d10604,0,0,1,1,1,1
case_218d9cca,1,0,0,0,1,1
case_7cc12ce6,0,0,1,1,1,1
case_5588917e,1,1,1,1,1,1
case_17c7382a,0,0,1,0,1,1
case_0b6324af,0,0,1,1,1,1
case_24ba9992,1,0,1,1,1,0
case_df0999f3,0,0,1,0,1,0
case_838cdb81,0,0,1,0,0,0
case_29b8b2a9,1,0,1,1,1,1
case_ba383e4e,1,1,1,0,1,0
case_ced220ba,0,0,1,1,1,1
case_42e5b763,1,1,1,1,1,1
case_29a04dce,1,1,1,1,1,1
case_11464f50,1,1,1,1,1,1
case_39e1aac9,0,1,1,1,1,1
case_138a4902,1,1,1,1,1,1
case_e0e27e9d,0,1,1,1,1,0
case_21e19c89,1,0,1,0,0,1
case_1e399dec,1,0,1,0,0,1
case_dee41cf5,1,0,1,1,1,1
case_4ab83515,1,0,1,1,1,1
case_ed1e06e7,0,1,1,1,1,1
case_bb5614f4,1,0,1,1,1,1
case_459bce00,0,1,1,1,1,1
case_e02d9f39,1,0,1,0,1,1
case_eb653444,1,0,1,1,1,1
case_1877eab7,0,1,1,1,1,0
case_335a3cbe,0,1,1,1,1,1
case_eeb353b0,1,0,1,1,0,1
case_53728092,0,1,1,1,1,1
case_336f3ede,0,0,1,0,0,1
case_c8cd156e,1,1,1,1,0,1
case_bc6c5016,0,1,0,0,1,1
case_fcb179d5,1,1,1,1,0,1
case_ebe73d0a,0,1,1,1,0,1
case_223ab684,1,0,1,1,1,1
case_9598bd15,0,1,1,1,1,0
case_ceea4fac,1,0,1,1,0,1
case_7a1be56e,1,1,1,1,0,1
case_182f2967,0,1,1,1,1,1
case_c5f71938,1,1,1,1,1,1
case_42bbee8c,0,1,0,1,1,1
case_614a14e7,1,1,1,0,0,1
case_d375d288,0,0,1,1,0,1
case_e142cc6e,1,1,1,1,1,0
case_57a81a4a,1,1,1,1,1,1
case_1437d134,1,0,1,0,1,1
case_e0f21023,0,0,1,1,1,1
case_35011481,1,0,1,0,1,1
case_91d5c77f,1,1,1,1,0,1
case_1a5af4c9,1,1,1,1,1,1
case_c7b05bbf,1,1,1,0,0,1
case_b90a5988,0,1,1,1,1,1
case_67414f82,1,0,1,0,1,1
case_92357e36,1,1,1,1,0,1
case_03fee2c9,1,1,1,1,1,0
case_2e39a8ae,0,0,1,0,1,1
case_55408320,0,1,1,1,1,1
case_7f2b4a8e,0,0,1,0,0,1
case_798171d5,1,1,1,1,1,1
case_ef363001,1,0,0,1,1,1
case_23278ba0,1,1,1,1,1,1
case_a7809241,1,1,1,0,0,1
case_14c76abf,0,1,1,1,1,1
case_9c219467,0,0,1,0,0,1
case_ecde6d6e,0,1,0,0,0,1
case_3cfc8257,0,1,1,0,1,1
case_ae9cb756,0,1,0,1,1,1
case_4039d631,1,1,1,1,1,1
case_e7ebf8b1,1,1,1,1,1,1
case_349d48df,1,1,1,1,1,1
case_293db8c4,0,0,0,0,0,0
case_4162430b,1,1,1,0,1,1
case_a627ea36,0,0,1,1,1,1
case_eca036db,0,0,0,1,1,1
case_2426bccb,1,0,1,1,1,0
case_72b3b41d,0,1,1,1,0,1
case_8f06061b,1,1,1,1,0,1
case_bf101613,0,0,0,1,1,0
case_dd792885,1,0,1,0,1,1
case_8a578c5e,1,0,0,0,0,0
case_393a5161,1,1,1,1,1,1
case_29d8cbaf,1,0,1,1,1,1
case_d0e71368,1,1,1,1,0,1
case_56d73246,1,1,1,1,1,1
case_4eb4112b,1,0,1,1,1,1
case_1e31cc12,1,1,0,0,0,0
case_fcdf3a8f,0,1,1,1,1,0
case_987ccd33,1,0,0,1,0,1
case_86eaf219,1,0,1,1,1,1
case_65c5983d,1,1,1,1,1,1
case_596d5120,1,0,1,0,1,0
case_b71029a0,1,0,1,0,1,1
case_26acb0d1,0,1,1,0,1,0
case_68580fba,1,1,1,0,1,1
case_f6fba21a,1,1,1,1,1,1
case_f4058af7,1,1,1,1,1,1
case_2c70e50e,1,0,1,0,0,1
case_65a7ff83,1,0,1,0,1,1
case_79927aa8,1,1,1,1,1,1
case_69f12af6,1,0,1,0,1,1
case_ad373b91,0,0,1,1,0,1
case_50ec8031,1,1,1,0,0,1
case_09149f50,1,0,1,1,1,1
case_5041e2fa,1,1,1,0,1,1
case_fe9b0172,0,1,1,1,1,0
case_e3887885,0,1,0,0,0,0
case_87fcdaee,1,1,1,1,1,0
case_b3954a3d,0,1,1,1,1,1
case_a1f2f197,1,1,1,0,1,1
case_efcccf93,1,1,1,0,1,1
case_43e7420b,1,1,1,1,0,1
case_a2d031ae,1,1,1,1,0,1
case_09c4ac14,0,1,1,1,1,1
case_6c835d0a,1,1,1,1,1,1
case_b15ab76e,1,0,1,1,1,1
case_d5fe4ec6,1,1,1,0,1,1
case_96397e23,1,0,0,0,1,0
case_4a835774,0,0,1,1,0,1
case_ac4dacb2,1,1,1,1,0,1
case_3e50f906,1,1,1,1,1,1
case_4e339d57,1,1,1,1,1,1
case_3e548a58,1,1,1,0,1,1
case_d5d6638d,1,1,1,1,0,1
case_e7cdd830,1,1,1,0,1,1
case_bad5ebc6,0,0,1,1,1,0
case_37d7d841,0,0,1,0,0,1
case_ac969d35,0,0,1,0,0,0
case_582d3248,0,1,1,0,1,1
case_1ce5fcfd,1,1,1,1,1,1
case_986e3373,1,1,1,1,1,1
case_b8db61d0,1,1,1,1,1,1
case_dce6e334,1,0,1,1,0,1
case_63edda11,1,1,1,0,1,1
case_8ddabe1f,0,0,1,0,1,1
case_64cf1652,0,1,1,1,1,0
case_29941a56,1,0,0,1,1,0
case_1c90ab39,0,1,1,1,1,0
case_a0f4871e,0,0,1,0,0,1
case_6fb5cc3d,1,1,1,1,1,1
case_1fc2d022,1,1,1,0,0,1
case_33661ec3,0,0,1,1,1,1
case_b637e1e0,0,0,1,0,1,0
case_441157ee,1,1,1,1,1,1
case_b860b33c,1,0,1,1,1,1
case_f38f157a,1,0,1,1,1,0
case_5e5a958c,1,0,1,1,1,1
case_fac94034,0,1,1,0,0,0
case_8115d49c,1,1,1,1,1,0
case_585c9320,1,1,1,1,1,1
case_baeb0568,0,0,1,1,0,1
case_2e5babb8,0,0,1,0,1,1
case_2ee8bd9d,0,1,0,0,1,1
case_b2ca848e,1,1,0,1,1,1
case_169ec5b1,1,1,1,1,1,1
case_fb5e453f,1,0,1,1,1,0
case_ecd66053,1,1,1,1,1,1
case_9779ee86,1,1,1,1,1,1
case_66afb151,0,0,1,1,1,1
case_48d04900,1,1,1,1,1,0
case_d2df0591,1,1,1,1,1,1
case_256a56ca,0,1,1,1,0,1
case_8d87b86d,1,1,0,1,1,1
case_38ae9a1b,1,1,1,0,1,0
case_eb53b26f,1,1,1,1,1,1
case_e16dfc7f,0,0,1,0,0,0
case_6609e7d4,1,1,0,1,1,1
case_b6fe89cb,1,0,1,1,1,1
case_c6378da5,0,1,1,1,1,1
case_ea270e3c,0,1,1,1,1,0
case_40c05b85,1,0,1,1,0,1
case_067f21dd,0,0,1,1,1,1
case_b9380cb6,1,1,1,1,1,1
case_ea401c29,1,1,1,1,0,1
case_b7b9c592,1,0,1,0,1,1
case_87dcabdf,0,1,1,1,0,1
case_47536ddf,0,1,1,1,1,1
case_6284fd7f,0,1,0,0,1,1
case_4212db28,1,0,1,1,1,1
case_df07d48b,0,1,1,1,0,1
case_a24691f1,0,1,1,1,1,1
case_82d1d04e,1,0,1,1,1,0
case_4335b76a,1,1,1,1,1,1
case_38a1d3aa,1,1,1,1,1,1
case_3059ae6b,1,1,1,1,1,1
case_61413133,1,1,1,1,1,1
case_93e3c2a2,1,1,1,1,1,1
case_2a32e706,1,1,1,1,1,1
case_7ba2d60c,1,1,0,1,1,1
case_c7c88954,1,1,1,0,1,1
case_aeed655f,1,1,1,1,1,0
case_355536ad,1,0,0,0,0,1
case_646adc82,0,0,1,0,0,0
case_ca4013ff,0,0,1,1,1,1
case_c81841c7,0,1,1,1,1,0
case_14b967b7,1,1,1,0,1,1
case_e6e6cdb8,1,0,1,1,1,1
case_dba69511,0,1,1,0,0,1
case_378c53bc,1,1,1,1,1,1
case_54418e9a,0,1,1,1,1,1
case_d19a0433,1,0,1,1,1,1
case_4496e686,0,1,0,0,0,1
case_5073aa59,0,0,1,1,1,1
case_8737f047,1,1,0,1,1,1
case_e1433893,0,0,1,1,0,1
case_83541cea,1,0,1,0,0,1
case_52656099,1,1,1,1,1,1
case_105ab8c9,0,0,1,1,1,1
case_e0343837,0,1,1,1,1,1
case_26503073,1,1,1,1,1,1
case_11416d2b,0,0,1,1,0,1
case_86a95f37,1,0,1,1,1,1
case_9efdb427,1,1,1,1,1,1
case_a72f4b6f,0,1,1,1,1,1
case_cfa93de8,0,1,1,0,1,1
case_239fe990,1,0,1,0,0,1
case_613718cb,1,1,1,1,1,1
case_00d9b1af,1,1,1,1,1,1
case_092a9af0,0,1,1,0,1,0
case_a5fcad76,1,1,1,1,1,1
case_8f9b822d,1,1,1,1,1,1
case_bc405dae,0,0,1,0,1,1
case_83baec4d,1,1,1,1,1,1
case_275afa5e,0,1,1,1,1,0
case_275331ec,1,1,1,1,1,1
case_603b1f59,0,0,1,0,0,0
case_ffaffc2f,1,1,1,1,0,1
case_8c732920,1,1,1,1,1,1
case_f9f49d0f,1,0,1,1,1,1
case_ca04abff,1,0,1,1,1,0
case_30961756,1,1,1,1,1,1
case_d81e70f6,0,0,1,0,1,0
case_f2cc14ea,1,1,1,0,1,1
case_5faa31e4,1,0,0,1,1,1
case_6bd08d65,0,0,1,1,0,0
case_a3fda4f4,1,0,1,1,1,1
case_ce72916f,0,0,1,0,0,1
case_b1bb4416,0,1,1,1,1,1
case_d7845cb9,1,1,1,1,1,1
case_10a54886,1,1,1,1,1,1
case_a3504d9a,0,1,1,1,1,1
case_60075814,1,1,1,1,1,1
case_97c9cbf9,1,0,1,0,1,1
case_f68f1d57,1,1,1,0,1,0
case_982dca57,0,1,1,0,1,0
case_af92dc87,0,1,0,1,0,1
case_ad133a95,1,1,1,1,1,1
case_58b8d0bc,1,1,1,1,0,1
case_df873a45,1,1,1,0,0,1
case_015f022a,0,1,0,1,1,1
case_10675ce5,1,1,1,1,1,1
case_67c8be2c,0,1,1,1,1,1
case_5d90e24b,1,1,0,0,0,1
case_432d44c1,1,1,1,1,1,1
case_41a7985f,0,1,1,0,1,1
case_6cf68828,1,1,1,1,1,1
case_792397e4,1,0,1,1,1,1
case_a4e6efc9,0,1,1,1,1,1
case_dc5c9b0d,1,0,0,0,1,1
case_a6921c55,1,1,0,1,1,1
case_bef4df38,1,1,0,1,1,1
case_3754be3e,1,0,1,1,1,1
case_dc1845a8,1,1,1,1,1,1
case_887a7cde,1,1,1,1,1,1
case_897a9c9f,1,0,1,0,1,0
case_3632b5a0,0,0,1,0,1,1
case_05a7b995,1,1,1,1,1,1
case_aaf49b45,0,0,1,0,1,1
case_1824a669,1,0,0,0,0,1
case_8d0e5906,0,1,0,0,1,0
case_09f93489,1,1,1,1,1,1
case_d1657554,0,1,1,0,1,1
case_625a83fb,1,0,1,1,0,1
case_8e2a8e86,1,1,1,0,1,1
case_23f7dddb,1,1,1,1,1,0
case_a20fce85,1,1,1,1,1,1
case_400f3f51,1,1,1,1,1,1
case_18b2c3eb,0,1,1,0,1,0
case_0570ffcb,0,0,0,1,1,1
case_927db940,1,1,1,1,1,1
case_eea35850,1,1,1,1,0,1
case_14b9dc14,1,1,1,0,1,1
case_0bd5082d,1,1,1,0,1,1
case_94c74a5d,0,0,1,0,0,1
case_e6a2820d,1,1,1,1,1,1
case_84ed024f,0,1,1,0,0,0
case_8cc3e478,1,1,1,1,1,1
case_fb758f78,1,0,1,1,1,1
case_805f0655,1,1,1,0,1,1
case_046cff27,0,0,1,0,1,1
case_5337500c,0,0,1,1,1,0
case_07493448,0,0,0,0,1,1
case_f580af5a,1,1,1,1,0,1
case_d16f3873,0,1,1,1,0,1
case_73883c20,0,1,1,1,1,1
case_53e3191a,1,1,1,1,1,1
case_6a37e25b,1,0,1,0,1,1
case_40b87127,0,0,0,0,1,1
case_ecc4597b,0,1,1,0,0,0
case_b69ad8ef,0,1,1,1,1,1
case_eb7aa175,1,0,1,1,1,1
case_7abb72ac,0,1,1,1,1,1
case_3aa7aff0,1,0,1,0,1,1
case_34b33be0,1,1,1,1,1,1
case_06459c2d,0,0,1,0,1,1
case_fd93702d,1,1,1,1,1,1
case_3d2189f4,0,1,1,0,1,1
case_c204f808,0,1,1,0,0,0
case_c5ee0a29,1,1,1,1,1,1
case_c9602b10,1,1,1,1,1,1
case_37bc4a69,1,1,1,1,1,1
case_6d89cc2b,1,1,1,1,1,1
case_c73dc207,1,1,1,1,1,1
case_900508d6,0,1,1,1,0,1
case_be84c03a,1,0,1,0,1,1
case_9123521f,1,1,1,1,1,1
case_474e8632,0,1,1,1,1,1
case_8c5def65,1,0,1,1,0,0
case_5097c7fa,1,1,0,1,1,1
case_5eb1355e,0,0,1,1,1,1
case_c25da534,1,1,1,1,1,1
case_b6a90501,1,1,1,1,1,1
case_8bb677fb,0,1,1,1,0,0
case_4fb125dc,1,1,1,1,1,0
case_2565b6ce,1,1,1,0,1,1
case_557ffd59,1,1,1,1,1,1
case_daa987c9,1,1,1,1,1,1
case_f54889ba,1,0,1,1,0,1
case_06876cad,0,0,1,0,1,0
case_76ab7b2f,1,1,1,0,1,1
case_36b55ce4,1,0,1,1,1,1
case_608c1e10,1,1,1,1,1,1
case_27153299,1,1,1,1,1,1
case_0e65c5a1,0,1,1,1,1,1
case_7e7bd020,0,1,1,1,1,1
case_665c269e,0,0,1,0,0,0
case_01070260,0,1,1,1,1,1
case_9302f8ae,1,1,1,1,1,1
case_f35fc17d,0,1,1,1,1,0
case_0ebe87c2,0,1,1,0,0,1
case_e9e28aeb,0,1,1,0,1,1
case_0e7f1321,0,0,1,1,1,0
case_720d6d12,0,1,1,1,0,1
case_13f571dc,0,0,1,0,1,1
case_86d6a190,0,1,1,1,1,1
case_158e8a4b,0,1,1,0,1,1
case_608c9175,0,0,1,0,1,1
case_21facb6b,0,1,1,0,1,1
case_ff7f77dd,1,1,1,1,1,1
case_6f5d76ba,1,1,0,1,1,1
case_c93017b1,1,1,1,1,0,1
case_0fb34f5f,1,1,1,1,1,0
case_2b20ec8a,1,1,1,0,1,1
case_fa6d7ae5,0,1,1,1,1,1
case_b5fac92d,1,1,1,1,1,1
case_daeefd86,1,1,1,1,1,1
case_faef6790,1,0,1,1,1,1
case_115dda79,0,1,1,1,1,1
case_4fe5b614,1,0,1,1,1,1
case_eaafe2cd,1,0,1,1,1,1
case_d5d6e0c6,0,1,1,0,1,1
case_d38d5a03,0,0,0,1,1,1
case_b80514f2,1,0,1,1,0,1
case_acfb016a,1,1,1,1,1,1
case_9f550f66,1,0,1,0,0,0
case_cf263f9b,1,0,1,0,0,1
case_b109030d,1,1,1,1,0,1
case_1960e625,0,0,0,1,0,0
case_b418378e,0,1,1,1,0,1
case_1276dc60,1,0,1,0,0,0
case_3f320d19,1,1,1,0,1,1
case_4a0929fa,1,1,1,1,1,0
case_bbaccb23,0,0,1,1,0,1
case_91784943,0,0,1,1,1,1
case_977e09b6,1,0,1,1,1,1
case_181a6dea,1,0,1,1,1,0
case_5c58fcbd,0,1,1,0,1,1
case_c6018c6c,1,1,1,1,0,1
case_90d190fe,1,1,1,1,1,1
case_20f37960,1,0,1,1,0,1
case_f54a2798,1,0,1,0,0,1
case_3e5e9246,0,0,1,1,0,1
case_9aa76770,1,1,1,0,1,1
case_bc69df41,1,0,1,1,1,1
case_1ea82dc4,1,1,1,0,0,0
case_52889814,1,0,1,1,0,0
case_3c78f3bf,1,1,1,1,1,1
case_2714af1d,1,0,1,1,1,1
case_6a838eb5,0,1,1,1,0,0
case_a4c07ca6,1,0,0,1,1,1
case_5aef42cc,1,1,1,1,0,1
case_9e28a983,1,1,1,1,1,1
case_2f6e151a,0,0,1,0,0,0
case_813b9b74,1,1,0,1,1,1
case_3d6d8152,0,1,1,1,1,1
case_b6c9f0a2,1,1,1,1,0,1
case_ddfdf03f,1,1,1,1,1,0
case_41c3f64d,1,0,1,1,1,1
case_e2f2ae0c,0,0,1,1,0,0
case_07630517,1,1,1,0,1,1
case_5cffcf06,1,1,1,1,1,1
case_2e554df2,0,0,0,0,1,1
case_83f58bcf,1,1,1,1,1,0
case_a94642f8,1,1,1,1,1,1
case_de250b59,1,1,1,1,1,1
case_719bea06,0,1,0,0,1,1
case_fde64b3d,0,1,1,0,1,1
case_8f166bda,1,0,1,0,1,1
case_aec2892a,0,0,1,1,1,1
case_b35a3b0b,0,0,1,1,1,1
case_62603762,0,1,1,0,0,1
case_09e6ec06,1,1,1,1,0,1
case_f1f242c5,1,1,1,1,1,1
case_19fabd45,1,0,1,0,1,1
case_7564bc9b,1,0,1,1,1,1
case_4f7f1cfd,0,1,1,1,0,1
case_a9c5da23,1,1,1,0,1,1
case_d8501e72,1,0,1,1,1,1
case_af137abd,0,0,1,0,0,0
case_fac4761e,1,1,1,0,1,1
case_3f0e1a2d,1,1,1,1,0,0
case_7d22e65e,1,0,1,0,0,1
case_39e0192a,0,1,0,1,0,1
case_2252040d,1,1,1,1,1,1
case_5f3f8049,1,0,1,1,1,1
case_bf4b2e08,0,1,0,1,1,1
case_bf260940,1,1,1,1,1,1
case_39a7c130,0,0,1,1,0,1
case_db205584,0,0,1,0,1,0
case_0c665c15,1,1,1,1,1,0
case_5d43905b,1,1,1,1,0,1
case_84e683a9,1,1,1,0,1,1
case_cb5217f6,1,1,1,0,1,1
case_f73f3b26,1,0,1,1,1,1
case_4690efc8,1,1,0,1,1,1
case_4e9dc498,1,0,1,0,1,1
case_33c318cd,1,0,1,0,0,1
case_a40c04d2,0,1,1,1,1,1
case_8e786277,0,0,1,1,0,1
case_f46afdfb,1,0,1,0,1,1
case_aacfb2a5,0,1,1,0,1,1
case_da763cb0,0,1,0,1,1,1
case_859dd189,1,1,1,1,1,1
case_c06c8d51,1,0,1,1,1,1
case_59601ee0,0,0,0,0,1,0
case_58fb29ad,0,0,1,1,1,1
case_5f25ec1f,1,1,1,1,1,1
case_c79803b5,0,1,1,0,1,0
case_3a1be2d4,0,1,1,1,1,1
case_0dad96ef,1,1,1,1,1,1
case_078a1788,1,1,1,1,1,1
case_b2aa1572,1,1,1,0,1,0
case_a70200a6,1,1,1,1,1,1
case_a8c9b6e3,0,0,1,1,1,1
case_9f991b51,1,0,1,0,0,1
case_38830dfa,1,1,1,1,1,1
case_420bf428,1,0,1,1,0,1
case_b398615e,1,1,1,1,1,1
case_bc6ec63c,0,0,0,0,1,1
case_564f3462,1,1,1,1,1,1
case_ed2be6d7,0,0,1,0,0,1
case_cd3c90f6,1,1,1,1,1,1
case_cd49f631,1,0,1,1,1,1
case_0dfc2991,1,0,1,0,1,1
case_9b96f009,1,0,1,1,1,1
case_eaf21278,0,1,1,1,1,1
case_975b85ec,1,1,1,1,1,1
case_ce844065,1,1,1,1,1,1
case_472515e1,0,1,1,0,1,1
case_6067fd82,1,1,1,0,0,1
case_64cc821b,1,1,1,0,1,1
case_b7871c6e,0,0,0,0,0,0
case_154934dd,0,0,1,1,1,0
case_c1925f8c,0,0,1,1,1,1
case_96bc9e4b,1,1,1,1,1,1
case_7a5b5ec9,0,0,0,1,0,0
case_87d13170,0,1,1,1,1,1
case_84c7e7f8,1,0,1,1,1,1
case_5858fd70,1,0,1,0,1,0
case_8690c4d0,1,1,0,1,1,1
case_ff9533f0,0,0,1,1,1,1
case_6367fdcd,1,1,1,1,0,0
case_6a2b7e67,0,0,1,1,1,0
case_5ac683d9,0,1,1,1,0,1
case_0df66e79,0,1,1,1,1,1
case_29426b2f,1,1,1,1,1,1
case_701eaee5,1,1,0,0,1,0
case_67fdaf2f,0,1,1,1,1,1
case_fb9c87bc,1,0,1,0,1,1
case_84e40c74,1,0,1,0,1,1
case_c4dfa46c,0,0,1,1,1,1
case_b3754143,0,0,1,1,1,0
case_2d213a74,1,1,1,1,1,1
case_76beb6f0,1,1,1,0,1,0
case_58ed08ce,1,1,1,1,1,1
case_d07263c1,1,0,1,0,0,0
case_b4952ab7,1,0,1,1,1,1
case_4cf7fb86,1,1,1,1,1,0
case_1a200bcf,0,0,1,1,1,1
case_e47987a9,1,1,1,1,1,1
case_1f03c54f,1,1,1,1,1,1
case_46c17dfa,0,0,1,0,0,1
case_072f0912,1,0,1,1,0,0
case_470ea3fb,0,1,1,0,1,1
case_2b4e9442,0,0,1,0,1,1
case_b99ff5af,0,1,1,1,1,1
case_3cc7e8d9,1,1,1,1,1,0
case_14e83bb5,1,0,1,0,1,1
case_7e083f5d,1,1,1,1,1,1
case_a1e74089,1,1,1,1,1,1
case_f35e41c1,0,1,1,1,1,1
case_246ffe51,0,1,1,1,1,1
case_37643cd5,1,1,1,0,1,1
case_0155d4d0,1,0,1,0,1,1
case_bd5bc706,0,0,1,0,0,1
case_7c5bd229,1,1,1,1,0,0
case_979f5e4a,1,1,1,1,1,1
case_96272f67,1,1,1,1,0,1
case_be2124cb,0,0,1,1,1,1
case_5bab86ee,1,0,1,0,0,1
case_8dfc37e1,1,1,1,1,1,0
case_657b62fb,1,0,1,1,1,1
case_9c36ec09,1,1,1,1,1,1
case_3248f56b,0,0,0,1,0,1
case_5810114e,1,0,1,1,1,1
case_781f0f65,1,1,1,1,1,1
case_6e0ec8cb,1,1,1,1,1,1
case_bba7b110,1,1,1,1,1,1
case_77fe39a9,0,0,1,0,1,1
case_6bda1832,0,1,1,1,1,1
case_65bfe8af,1,0,1,1,1,1
case_6977def7,1,1,1,1,1,1
case_3dc556ef,1,1,1,1,1,1
case_171dbc51,1,1,1,1,1,1
case_61eadcae,0,1,1,0,1,1
case_37106cd8,0,1,1,0,0,1
case_2aadc380,1,1,1,1,1,1
case_bc59f977,0,0,1,1,1,1
case_14b9211d,0,0,1,0,1,1
case_ac99ad91,1,1,1,1,0,0
case_e5d5af5a,1,1,1,0,1,1
case_94075e24,1,1,1,1,0,0
case_538bdbc7,1,1,1,1,1,1
case_d2fa5d3c,0,0,0,0,1,1
case_6da2d517,1,1,1,1,1,1
case_61739d7c,0,1,1,1,1,1
case_7629556a,1,1,1,1,1,1
case_7f7d7add,0,0,1,0,1,0
case_687e175c,1,1,1,1,1,1
case_3a317db2,0,1,1,1,0,0
case_b67ae824,1,1,1,1,0,1
case_5a9834c2,1,1,1,1,0,1
case_0c30f306,1,1,1,0,1,0
case_afb72842,0,0,1,1,1,1
case_9ee4d1f1,1,0,0,0,1,1
case_216f7f1c,1,1,1,1,1,1
case_c127893d,0,0,1,0,0,1
case_9d655e6a,1,1,1,1,1,1
case_54891047,1,0,1,1,1,1
case_edff07b0,1,1,1,1,1,1
case_20cc3b4c,1,0,1,1,1,0
case_054007fa,1,1,1,0,1,1
case_2978f936,1,0,1,1,1,1
case_ff67dcd6,1,1,1,1,1,1
case_bc3e65c1,1,0,1,1,1,1
case_0f7849da,0,1,1,0,1,1
case_2edee793,1,0,1,0,1,0
case_07d36612,0,1,1,0,1,0
case_94b7c2a7,0,0,1,1,1,1
case_11f07a72,1,0,1,1,0,0
case_1825ba98,1,1,1,1,1,1
case_c8653489,0,1,1,1,1,1
case_e59de381,0,1,1,1,1,1
case_2c034d00,1,1,1,1,1,1
case_a748145a,1,1,1,1,1,1
case_b5ee921e,1,0,1,1,1,1
case_e967144d,0,0,1,1,1,1
case_3f35ffa6,1,1,1,1,1,1
case_96472d09,1,1,1,1,1,1
case_ea8d696f,1,1,1,1,1,1
case_a9ac0548,0,1,1,1,1,1
case_6aa230c5,1,1,0,1,0,1
case_6347a4a3,1,1,1,1,1,1
case_65129fc1,1,0,1,1,1,1
case_bdab8e74,1,1,1,1,1,0
case_ad92d272,1,0,1,1,1,1
case_3ba2fba1,0,1,1,0,0,1
case_015e06fe,0,0,0,0,1,0
case_50d30fb6,1,0,1,1,1,0
case_2652daf3,1,1,1,1,1,1
case_bbbafb54,0,1,1,1,0,1
case_afe54ec6,1,1,1,0,1,1
case_90f02a83,1,1,1,1,1,1
case_4716f449,1,1,1,1,1,1
case_818d0752,1,1,0,0,1,1
case_8bd3739b,0,1,1,1,1,1
case_324674bd,0,1,1,1,1,1
case_994fd1b8,0,0,0,0,0,0
case_46ae44c5,1,0,1,1,1,1
case_69445b22,1,1,1,1,1,1
case_cf11435b,1,0,1,0,0,1
case_d44ca827,0,1,1,1,1,0
case_7da6cae1,0,1,1,1,1,1
case_ae0bf9d5,0,1,1,0,1,1
case_bc81ceaa,1,1,0,1,1,0
case_629e7e06,0,0,1,0,0,1
case_200569da,0,0,1,0,0,1
case_a00a10fc,0,1,1,1,1,1
case_8d464157,1,1,1,1,1,1
case_088d098f,1,1,1,1,1,1
case_b05806ef,1,1,1,0,1,1
case_82e055bf,0,0,1,1,0,1
case_c3734e49,0,0,1,0,0,1
case_58b09ef0,0,0,1,1,0,1
case_52f794cc,0,1,1,1,1,1
case_c70cb0ae,0,0,1,0,1,1
case_7feea1b3,1,1,0,1,1,1
case_c8ef4905,1,1,1,1,1,1
case_99618cf0,1,1,1,1,0,1
case_c329e2a7,0,1,0,1,1,1
case_d5a0b4bc,1,1,0,1,0,1
case_73cc058e,1,1,1,1,1,1
case_d11744c5,0,0,1,1,1,1
case_aa2740cb,1,1,1,1,1,1
case_11028d16,1,1,1,0,1,1
case_937736c7,0,0,1,1,1,1
case_7d488dae,0,0,1,0,0,1
case_4d0d804c,0,1,1,1,1,0
case_07d27d8c,1,1,1,1,1,1
case_47760284,0,1,1,0,1,0
case_e4afa52e,1,1,1,1,1,1
case_304e79f8,1,1,1,0,1,1
case_95bb70a5,1,1,1,1,1,1
case_d60dfb5f,0,1,1,1,1,1
case_b0740799,1,1,1,0,1,1
case_92f39919,1,1,1,1,1,1
case_cb9709df,0,0,1,1,0,0
case_cdd0d3b5,0,0,1,1,1,1
case_41fd3d7c,0,0,1,1,1,0
case_b7ed403a,0,0,1,1,1,1
case_82261fdc,0,1,1,0,1,0
case_822eaa7c,1,1,1,1,1,1
case_67c7b2ef,1,1,1,1,1,1
case_49a52861,1,1,1,1,1,1
case_92b124b0,1,1,1,1,1,1
case_e34dfb4e,1,1,0,1,1,1
case_b364cc3f,1,1,1,1,1,1
case_1039f858,0,1,1,0,0,0
case_32575263,1,1,1,1,1,1
case_fe365c26,0,0,1,0,1,0
case_4c34de3a,1,1,1,1,1,0
case_8771d05c,0,1,1,1,0,1
case_51f5a60b,1,1,1,0,1,1
case_ba520ee0,1,1,1,1,1,0
case_7749332d,1,0,0,0,1,1
case_ca5d5fdc,1,1,1,0,1,1
case_61c76f5b,1,1,1,1,1,1
case_b19b0dcc,1,1,1,1,1,1
case_082e3dea,1,0,0,1,1,1
case_3ab7d181,1,0,1,1,0,1
case_ecceccd6,1,1,1,1,1,1
case_ac564cdc,1,1,1,0,1,0
case_548af0dd,1,1,1,1,1,1
case_98554c7c,1,0,1,1,0,0
case_0afedf95,0,0,1,1,0,0
case_e2d9519f,0,0,0,1,1,1
case_7653663e,1,1,1,1,1,1
case_7889610d,0,1,1,0,1,1
case_e3ccd077,1,1,0,1,0,0
case_d9df061c,1,1,1,1,1,1
case_4c2034a3,1,1,1,1,1,1
case_f016c0cc,1,1,1,1,1,1
case_7b926912,1,1,1,0,1,1
case_a92396ff,1,1,1,1,1,1
case_ca2717ff,1,0,1,1,1,1
case_63ac19ab,0,0,1,1,0,1
case_f94acf76,1,1,1,1,0,0
case_2546e303,0,0,1,1,1,0
case_6eb940a4,0,1,1,1,1,1
case_2fb2e924,0,1,1,1,1,1
case_502df6fc,1,1,1,0,1,1
case_2ffe0210,0,1,1,0,1,0
case_c13876a2,0,1,1,1,1,1
case_f164ac22,1,0,1,1,0,1
case_d4c7bee7,1,1,1,1,1,1
case_55580770,1,1,1,0,1,1
case_d88017ed,1,1,1,1,1,1
case_f4b291a2,1,1,1,1,1,1
case_3e50097d,0,0,1,1,0,0
case_67c3d4d1,0,0,1,0,0,0
case_4110ac96,1,1,1,0,1,1
case_e7ebaadf,0,1,1,1,1,1
case_1a2b9142,1,1,1,1,1,1
case_dfb64c4e,1,0,1,1,1,1
case_b5142ce8,1,0,1,1,1,1
case_e3ec2a40,0,1,1,1,1,1
case_ff83e6f8,1,1,1,1,1,1
case_fb1d4076,1,1,1,0,1,1
case_4203ce13,1,1,1,1,1,0
case_640f9d11,1,1,1,1,1,1
case_61444320,1,1,1,0,1,0
case_265a5540,0,0,0,0,1,1
case_5c326d89,0,1,1,1,1,1
case_6029c356,0,1,1,0,0,1
case_78cee26e,1,1,1,1,1,1
case_032e1d3e,0,1,1,0,1,1
case_e5905c57,1,1,1,1,1,1
case_457e8b41,1,1,1,0,1,0
case_4903dbea,1,1,1,1,0,1
case_5da75c0d,1,1,1,1,1,1
case_012b946b,0,0,1,0,1,1
case_8ba7dd3f,0,0,1,0,1,1
case_5cc45b64,1,1,1,1,0,1
case_a478a26f,1,0,0,1,1,1
case_46f57504,1,1,1,1,1,1
case_c4b1bbcd,1,0,1,1,1,0
case_9be1ef9d,1,0,1,0,1,1
case_4cd48ca9,0,0,1,1,0,0
case_8cecaf5e,0,0,1,1,1,1
case_bce78d00,0,0,1,0,0,0
case_57868632,0,0,1,1,0,1
case_f97258e4,1,0,1,1,0,1
case_fdcbabbe,1,1,1,1,1,0
case_d380a2de,1,1,1,1,1,1
case_0b0a2b83,1,0,1,1,0,1
case_e9cf5aec,1,0,1,1,0,1
case_14d0ca7d,1,1,1,1,1,1
case_4d61206e,1,1,0,1,1,0
case_bbe69938,0,1,1,0,0,1
case_10bcb0b6,1,1,1,0,1,1
case_c0174a17,0,1,1,0,0,0
case_6930ec62,0,0,1,1,1,1
case_b36ca948,1,0,1,1,0,1
case_d8b37ed6,0,0,1,1,1,1
case_c9a1624d,0,1,1,1,1,1
case_b2e7c1ae,1,1,0,1,1,1
case_a2f60ba7,0,0,0,0,0,1
case_cc7cb173,1,1,1,1,0,1
case_c1b92aa2,1,0,1,1,1,1
case_9700b684,0,1,1,1,1,1
case_627da661,0,0,1,1,0,0
case_0df2541c,0,0,1,1,1,1
case_676a3419,1,0,1,1,1,1
case_709202a4,0,0,1,0,1,1
case_54ad3522,1,0,1,1,1,1
case_7e330b23,1,0,1,1,1,0
case_16d89783,1,0,1,0,1,1
case_bab715f1,0,1,1,0,0,1
case_a488d134,1,1,0,1,1,0
case_fe131fb6,1,1,1,1,1,0
case_00ab707b,1,0,1,1,1,0
case_eda6a9c0,0,1,1,0,0,1
case_02d734a7,1,1,1,1,0,1
case_2c03b11b,0,1,1,0,1,1
case_a87b54f7,0,1,1,0,1,0
case_4f29c06e,1,1,1,1,1,1
case_e3b10d3a,1,1,1,1,1,1
case_2a54ac48,0,0,1,1,1,1
case_074dcc9d,1,1,1,1,1,1
case_8c990a23,1,1,0,1,1,0
case_6867c713,1,0,0,1,1,1
case_0cbda123,0,1,1,0,1,0
case_96ddd07b,1,0,1,1,1,1
case_a28fd306,0,0,1,1,0,1
case_476dfc04,1,0,1,0,1,1
case_dbf77f0f,1,1,1,1,1,1
case_833c8527,1,0,1,1,0,1
case_3bee5ad1,0,1,1,0,1,0
case_888db002,0,0,1,0,0,1
case_0b52f626,1,1,1,0,1,1
case_6106a776,0,1,0,0,1,0
case_ac436604,0,0,1,0,0,0
case_50746f56,0,1,1,1,1,1
case_7df1ba33,1,0,1,0,1,1
case_40ab3a10,0,1,1,1,1,1
case_2bb4a62a,0,0,1,0,0,1
case_0c3b585b,0,1,1,0,0,1
case_f4658b0a,1,1,1,1,1,1
case_05036d74,0,0,1,0,0,1
case_4c9623d1,0,1,0,0,1,1
case_060a4e0b,1,1,1,1,1,1
case_11851a9f,1,1,1,1,1,1
case_77753f27,1,1,1,1,1,1
case_a0e7bc4e,0,1,1,0,1,1
case_52afbc72,1,0,1,1,1,0
case_a914f4cf,0,1,1,0,1,1
case_8af76c8a,1,0,1,0,1,0
case_9238e208,0,0,1,1,1,1
case_d7263566,0,0,1,1,1,0
case_494c493a,1,0,1,0,0,1
case_fc5908cd,0,1,1,1,1,1
case_8e67450d,0,1,1,0,1,1
case_c797200a,1,0,1,0,1,0
case_425e66d2,0,1,0,1,1,1
case_d11881d5,1,1,1,1,1,1
case_8a65edd8,1,1,1,1,1,1
case_e9e1ad3c,1,1,1,1,1,1
case_09560370,0,1,1,1,0,1
case_1e340651,0,0,1,1,0,1
case_111ccb15,1,1,1,1,1,1
case_c9b86588,1,1,1,0,1,1
case_bf5aec2a,0,0,0,1,1,1
case_19a37178,1,0,1,1,1,1
case_65bb4029,1,0,1,1,1,0
case_3025a3ed,1,1,1,1,1,1
case_c012751b,1,1,1,1,1,1
case_a8d6f1bc,0,1,1,0,1,1
case_c3fc4885,1,1,1,1,1,1
case_138bc035,1,1,1,1,1,1
case_e4bf6941,1,0,1,0,1,1
case_6ffbe356,0,1,1,1,1,1
case_d4faa1e2,1,1,1,1,1,1
case_9aa59bc7,0,1,1,1,1,1
case_fc51f8e3,0,1,1,0,1,1
case_78cae61e,1,1,1,1,1,0
case_728169d7,1,1,1,1,1,1
case_9135c407,1,0,1,0,1,1
case_ef8040aa,1,1,1,1,1,1
case_29245ee6,1,1,0,1,1,1
case_9cfbc2fe,1,1,1,1,1,1
case_d2de16d8,1,0,1,0,0,0
case_0f80c807,1,0,1,1,1,1
case_b4b3b453,0,1,1,1,1,1
case_d6a29453,1,1,1,0,0,1
case_5c788d30,1,1,1,1,0,1
case_59a413d1,1,1,1,0,1,1
case_abce4b88,1,0,0,0,1,1
case_b6abe85b,0,1,1,0,1,1
case_dbe9b2fe,0,1,1,1,1,1
case_7c59fc03,0,1,1,0,0,1
case_c5ddad44,0,0,1,1,0,1
case_79513697,1,1,1,1,1,1
case_083d3905,1,1,1,1,1,1
case_15f528dd,1,1,1,0,1,1
case_f9f5fcb7,1,1,1,1,1,1
case_7a5d42c5,0,1,1,1,1,1
case_976a2e75,1,1,1,1,1,1
case_7c703aa2,1,1,1,1,1,0
case_afca03c1,1,1,1,1,1,1
case_b26818e1,1,0,0,0,1,1
case_535c6b81,1,1,1,1,1,1
case_3a55bdd9,1,1,1,0,0,1
case_3a427b85,0,1,1,1,1,1
case_6bbb77dd,0,1,1,1,1,1
case_eb794176,0,1,1,1,1,1
case_c280842e,1,0,1,1,1,1
case_018fdad1,0,1,1,1,1,1
case_33c1b03d,0,1,1,0,0,1
case_8ab5c624,0,1,1,1,1,0
case_eaa3acd6,1,1,1,1,1,1
case_8abab8eb,1,1,0,0,1,1
case_1b4b99b1,1,0,1,1,1,0
case_84de2d5e,1,1,1,1,0,1
case_3a04f385,1,1,1,1,1,1
case_86f67b15,1,1,1,1,1,1
case_b7946f32,0,0,1,0,0,1
case_a194a05f,1,0,1,1,1,0
case_64a3fde1,0,0,1,1,1,1
case_e137d3b4,0,1,1,1,1,0
case_e6e8f04a,1,1,1,0,1,0
case_e30df457,1,1,1,1,0,1
case_b5633ca5,1,0,1,0,0,1
case_d5be790f,1,0,1,1,1,0
case_f492e75a,1,0,1,1,1,1
case_b022acd7,1,1,1,0,1,1
case_b7a0c3ff,1,1,1,1,1,0
case_fb2515ac,1,0,1,1,1,0
case_a3d8ca05,1,0,1,1,1,1
case_fee70035,1,0,1,1,1,1
case_43a01c47,1,1,1,1,1,1
case_e3361120,1,1,1,1,1,1
case_6dfeb28f,0,1,1,0,1,1
case_71ad297e,1,1,1,1,1,0
case_205ab7dc,1,1,1,1,1,1
case_6d66c102,1,1,1,1,1,1
case_300b1b3f,0,0,0,0,1,0
case_42f2655d,0,1,1,1,1,1
case_d391dbe2,1,0,1,1,0,1
case_eedf50c1,1,0,1,1,1,1
case_bd413e76,1,1,0,1,1,1
case_55bf0052,1,1,1,1,1,1
case_e5977f63,1,0,1,1,1,1
case_a352d989,1,1,1,0,1,1
case_3b16f75a,1,1,1,1,1,1
case_ec5b33b5,0,0,1,1,0,1
case_3741eb0e,0,0,0,1,0,1
case_6392bbf5,1,1,1,1,1,1
case_31af19bc,0,0,1,1,0,1
case_36e038e0,0,0,1,0,1,0
case_715af064,0,0,1,1,1,1
case_10aa6a41,1,1,1,1,0,1
case_6ba66d3b,0,0,1,0,1,1
case_8dcd91ad,1,1,1,1,1,1
case_1f94153a,0,0,0,1,1,1
case_962e97c7,0,1,1,1,1,1
case_9c93a7d9,1,1,1,1,1,1
case_92142a98,1,1,1,0,1,1
case_87e69bc8,0,1,0,1,1,1
case_ab0916ae,1,1,1,0,1,1
case_424d7ce4,0,1,1,1,0,1
case_bbac78c2,0,0,1,0,1,1
case_13fe2e19,1,1,1,1,0,0
case_e2e28487,1,1,1,1,1,1
case_9c238ca8,1,1,1,1,1,1
case_1d96eb09,1,1,1,1,1,1
case_39fafa13,1,1,1,1,1,1
case_2d7b3221,0,0,0,0,1,0
case_4ea46a45,1,1,1,1,1,1
case_d9ae1a01,0,1,1,1,1,1
case_539803a5,1,1,1,0,1,1
case_6b535ac5,0,0,1,1,1,1
case_929d7c9b,1,0,0,1,0,1
case_fab5ec59,0,1,1,1,0,1
case_85087b1e,1,1,1,1,1,1
case_703cd34a,1,1,1,1,1,1
case_515226b6,1,1,1,0,0,0
case_ba059056,1,1,1,1,1,1
case_36dbb384,0,1,1,0,1,0
case_6601bdb6,1,1,0,1,1,1
case_37c6b8ca,1,1,0,1,1,0
case_42a2b750,0,0,1,0,0,1
case_21e4b988,0,1,1,0,0,0
case_d1960b83,0,0,1,1,1,0
case_f7a81dc2,1,1,1,1,1,1
case_eda4e5c7,1,0,0,1,1,1
case_0bee3d8b,1,0,0,1,1,0
case_0ef6547e,0,1,1,1,1,1
case_1946f0fb,0,1,1,0,1,1
case_78db909a,0,0,1,0,1,1
case_81134f03,0,1,1,0,0,1
case_e51cb456,1,1,1,1,1,1
case_fcca1b3d,0,0,1,1,1,1
case_3922775a,1,1,1,1,1,1
case_9bc29d07,1,1,1,1,1,1
case_24720232,1,0,1,1,1,1
case_62c2beb0,0,0,1,1,0,1
case_53c028c8,1,0,1,1,1,1
case_0d96f722,1,1,1,1,1,1
case_3449d7a0,1,1,1,1,1,1
case_3d2ac19e,0,0,0,0,0,1
case_aca5e8cc,1,1,1,1,1,1
case_98037acd,1,1,0,1,1,1
case_bbec78d3,1,0,1,1,1,1
case_47325b0b,0,1,1,1,0,1
case_ecdb6680,0,0,1,1,1,1
case_064494ae,1,1,1,1,1,1
case_f3921f63,0,1,1,0,1,1
case_2ddb39fd,1,1,1,1,1,0
case_86c670f8,0,1,1,1,1,1
case_461582d0,0,1,1,1,1,1
case_45abc816,0,0,1,1,0,1
case_8d6014ff,1,1,1,1,1,1
case_51fe4541,1,1,1,1,1,1
case_b16810c1,1,1,1,0,1,1
case_7bac970f,1,0,0,0,0,0
case_7d046189,1,0,1,0,1,0
case_53c1119b,0,1,1,1,0,1
case_62a6c37a,0,0,1,1,1,0
case_217fd59a,1,1,1,1,1,0
case_911b2fc9,1,0,1,0,1,1
case_1c941254,1,1,0,1,1,1
case_5a7d9deb,1,0,1,1,1,1
case_59b79996,1,1,1,1,1,1
case_a93906be,1,1,1,1,1,1
case_9035c928,1,0,1,1,1,1
case_b6fd488e,1,1,1,1,1,1
case_f5289610,0,1,0,0,0,1
case_44337cc3,1,1,1,1,1,1
case_9ca8ced5,1,0,1,1,1,1
case_b1b77824,1,1,1,1,1,1
case_8f64d881,1,1,1,1,1,1
case_93b1d303,1,1,0,1,1,1
case_2a35e4fb,0,1,1,1,1,1
case_ff829e75,0,1,1,0,1,1
case_9f3c214e,1,0,1,1,1,0
case_27201a78,1,0,1,1,1,1
case_36320be3,0,0,1,1,1,1
case_6ec16c74,1,0,1,1,1,1
case_04151c89,1,0,1,1,1,0
case_af81aa1f,0,0,1,1,1,0
case_26cf86d5,1,1,1,1,1,1
case_445bc5c9,1,1,1,1,1,1
case_391af0d4,0,0,1,1,1,1
case_94f9d26c,1,0,1,1,1,1
case_fc26e929,1,1,1,0,1,1
case_79d9afe8,0,0,1,0,0,1
case_db5c93b7,0,0,1,1,1,0
case_f2822851,1,0,1,1,0,1
case_a94e121c,1,0,1,0,1,1
case_7f448bd7,0,0,1,0,1,1
case_4073727f,1,1,1,1,0,1
case_cd7238ef,1,1,1,1,1,0
case_1afccbdd,1,0,1,1,1,1
case_d9379053,1,0,1,1,1,1
case_badffc65,0,1,1,1,1,1
case_ba500a60,1,0,1,0,1,1
case_97f2c9cf,1,0,1,1,0,1
case_d98885ee,1,1,1,0,1,1
case_e2577fb4,0,0,1,1,1,0
case_e6d87cf2,0,0,1,1,1,1
case_f3a6e11e,1,1,1,1,0,1
case_db00a0bb,1,0,1,1,1,1
case_934d4688,1,1,1,1,1,1
case_65e15935,0,0,1,0,0,0
case_79efbe35,1,1,1,1,1,1
case_b4466a90,0,1,1,1,0,1
case_c5fb3082,1,0,1,1,0,1
case_3eb4e933,0,1,1,1,0,1
case_7bc30190,1,1,0,1,1,0
case_ee52e24c,1,1,1,1,1,1
case_0ca1630d,1,0,1,0,1,0
case_374cea20,1,1,0,0,1,1
case_fdd650f1,1,1,1,0,1,1
case_95107f11,1,1,1,1,1,1
case_130be0de,1,1,1,1,0,1
case_7f1d2bfd,1,1,1,1,1,1
case_a57b8a95,0,1,0,1,1,1
case_ca61c348,1,1,1,0,1,1
case_f0c5facb,0,1,0,0,1,0
case_b19d8d8d,1,0,0,1,1,0
case_9083c5e6,0,0,1,1,1,1
case_3ad39c4b,1,0,1,0,1,0
case_132e26ff,0,0,0,0,1,1
case_9407088f,1,1,1,1,1,1
case_59251ecb,0,0,1,0,0,1
case_4023467f,0,1,1,1,1,1
case_34a16217,1,0,1,1,1,0
case_52275f6f,0,1,1,0,1,1
case_b8db721d,1,1,1,1,1,1
case_aa4b7811,0,1,1,1,0,0
case_6c6940e6,0,1,1,1,1,1
case_5fa6a980,1,1,1,0,0,1
case_5875ba4a,0,1,1,0,0,1
case_15195bb8,0,0,1,0,1,1
case_672dbae5,0,0,1,1,0,1
case_82faae22,0,1,1,1,0,0
case_987a5c1a,1,1,1,1,1,1
case_cd0c5e4f,0,0,1,0,1,1
case_1f0627ef,1,0,1,0,1,1
case_bcfee6b0,1,1,1,1,1,1
case_7086ee1c,1,0,1,1,1,1
case_71127db3,1,1,1,1,1,1
case_9e818af2,1,0,1,1,1,1
case_12d0dcb0,0,0,1,0,0,1
case_4645f029,1,1,1,1,1,1
case_53d38775,1,1,1,0,1,1
case_e6b48265,0,0,1,1,0,1
case_e9763c07,1,0,1,0,1,0
case_487be193,0,1,1,1,0,1
case_5aa6881e,1,1,1,0,1,1
case_fdddca14,0,0,1,1,1,1
case_2e177289,1,1,1,1,1,1
case_fc43bd05,0,0,1,1,1,0
case_38017785,1,1,1,0,1,1
case_ca3065f1,1,0,1,1,0,1
case_ffcde0e5,1,1,1,1,1,1
case_6901858e,1,1,1,1,1,1
case_43adefd1,0,0,0,0,0,0
case_c2bb4c85,0,0,1,1,0,1
case_99538d16,1,1,1,1,1,1
case_b9181670,1,0,1,1,1,1
case_da70584c,1,1,1,0,1,1
case_23f68e7f,1,0,1,0,0,1
case_e6be293b,1,1,1,1,0,1
case_050d0f3b,0,1,1,1,0,1
case_4bd5d304,1,1,1,1,0,1
case_e552a2a5,0,1,1,1,0,1
case_bec3e550,1,0,1,1,1,1
case_6e77c1d0,0,1,1,1,0,0
case_c11ffdfe,1,1,1,1,1,1
case_010cf41d,0,1,1,0,1,1
case_dbac6308,1,1,1,1,0,1
case_df4e3e12,1,0,1,1,1,1
case_240c7110,0,1,0,1,1,1
case_e9a85dbc,0,1,1,1,0,1
case_8e643b1b,0,1,1,1,1,1
case_9b812e93,1,1,1,1,1,1
case_e0daa526,1,1,1,1,1,1
case_2fd1b067,0,0,1,1,0,0
case_caea8963,1,1,0,1,1,1
case_929f4aa3,1,1,1,1,1,1
case_fd9be014,1,1,0,1,0,1
case_ee5bedea,1,0,1,1,1,1
case_f62b16f7,0,1,1,0,0,1
case_a7946c1a,1,1,1,0,1,1
case_4c20f3e4,1,0,1,1,1,1
case_96dfacfa,0,1,1,0,1,1
case_9b5e489d,0,0,1,0,0,1
case_1655adf7,0,0,1,1,0,1
case_d6c3ce81,0,1,0,1,0,0
case_4eec9086,0,1,1,1,1,0
case_ac399af7,1,1,1,1,1,1
case_7108175f,1,1,1,1,0,1
case_ec5b30b0,0,0,1,0,1,1
case_5825fa3f,0,0,1,1,1,1
case_979b8472,1,1,1,1,1,1
case_d6bfa761,1,0,1,1,1,1
case_4f3f5a8a,1,0,1,1,1,1
case_c45c03d7,1,1,1,1,1,1
case_2e8993df,0,0,1,0,0,0
case_e7a5cc4a,1,0,0,1,0,0
case_146da645,0,0,0,0,1,0
case_0c0501f1,0,0,1,1,0,0
case_21b9e815,0,0,1,0,1,1
case_a869df5f,0,1,1,0,1,0
case_02c23996,1,1,0,1,1,1
case_0471f752,1,1,1,1,1,1
case_5e04805a,1,0,1,0,1,1
case_be46407f,0,0,0,0,1,1
case_c7304563,1,1,1,1,1,1
case_e88c116f,0,0,1,0,1,1
case_06458191,1,1,0,1,1,1
case_0f2c7f01,0,1,0,1,1,1
case_1d35e6ac,0,0,1,0,0,0
case_bcc54aa5,0,1,1,1,1,1
case_294ddda5,1,1,1,1,1,1
case_eba1d2a1,0,1,1,0,1,1
case_666b77f5,1,0,0,0,0,0
case_bcaee123,1,1,1,1,1,1
case_4a9b247c,0,0,0,1,1,1
case_97a25ca1,1,1,1,1,0,1
case_342fba66,0,1,1,0,1,1
case_6c0a9e25,1,0,1,0,1,1
case_c435974d,1,0,1,1,0,0
case_fe9728f9,1,0,1,0,1,1
case_bae2adbb,1,1,1,1,0,0
case_c02ffd6b,1,1,1,0,1,1
case_65d7bc7d,0,0,1,0,0,0
case_c4b3a0c8,1,1,1,1,1,1
case_7ce7e68a,1,0,1,0,1,1
case_1e1c6f27,1,0,1,1,0,0
case_6754045d,0,1,1,1,1,1
case_c26ece07,0,1,1,0,1,1
case_38e54b4b,1,1,1,1,1,1
case_4c41627a,1,1,0,0,1,1
case_0b61f7a3,1,0,1,1,1,1
case_d979474d,0,1,0,0,0,1
case_eca0445d,1,0,1,1,1,0
case_dad6f891,0,0,1,0,1,0
case_0bbc3a58,0,0,1,1,0,0
case_cd7f23a7,1,0,1,1,1,0
case_9eee39d6,1,1,1,0,1,1
case_1e5988d1,1,1,1,1,1,1
case_2b276fc7,1,1,0,1,1,1
case_39a30f74,1,1,1,1,1,1
case_5efb489e,1,1,1,0,1,1
case_476dfb5a,0,0,0,0,1,0
case_d06f6dbf,1,1,1,1,1,1
case_bee24b3d,0,0,1,0,1,0
case_a014121f,1,1,1,1,1,1
case_f00c766a,0,0,0,0,0,1
case_070dbd94,1,1,1,1,1,1
case_0bb36581,1,1,1,1,1,1
case_80743ca0,0,1,1,1,1,1
case_c847c9fe,1,1,1,1,1,1
case_a6dbedde,1,1,1,0,0,0
case_a9e35863,0,1,0,0,0,0
case_139e00e0,1,1,1,1,1,1
case_d30b37b4,1,1,1,1,1,0
case_e2a38e78,0,1,1,1,1,1
case_ac7f0f16,1,1,1,1,1,1
case_53051940,0,1,0,0,1,1
case_cf9730f6,0,1,1,1,1,1
case_08cc6ff3,1,1,1,1,1,1
case_4e4f90ed,1,0,1,0,0,1
case_b896f69e,0,1,1,1,1,0
case_ec93785c,0,0,1,0,0,1
case_f3506968,0,1,1,1,1,1
case_35b8c013,0,0,1,0,1,0
case_efa78e92,1,1,1,0,1,1
case_9144c2dd,0,0,0,0,0,0
case_ea80f4ca,1,1,0,1,0,1
case_61a53640,1,0,1,0,0,0
case_dfcb8c30,1,0,1,1,1,1
case_8e1e16c8,1,1,1,0,1,1
case_8d47d058,1,1,1,1,1,1
case_98f4f61d,1,1,1,1,0,1
case_4cd4a8b7,0,1,1,1,1,0
case_be88c1b7,0,1,1,0,0,1
case_328fb905,1,1,1,1,1,1
case_7fe4a372,0,0,1,1,1,0
case_f11d1c8d,1,1,1,1,0,1
case_bea96f82,1,0,1,0,1,1
case_7b7a6ec1,1,0,1,0,1,0
case_7858b50e,0,0,1,1,0,1
case_8046190d,1,1,1,1,1,1
case_070685c2,1,1,1,1,0,1
case_6e5dca4d,0,1,1,1,1,0
case_98012a23,1,1,1,1,0,1
case_fb1b5292,1,1,1,1,0,1
case_48775dbc,1,0,1,0,1,1
case_078f583c,0,0,1,0,0,0
case_8527eb55,1,0,1,1,0,1
case_6f2ebc7d,0,1,1,1,1,1
case_f3491260,0,1,1,1,0,1
case_fa6faff3,0,1,1,1,0,1
case_199e65ae,1,1,1,1,1,1
case_5cf813e4,1,1,0,0,0,1
case_69b3a03a,1,1,1,0,0,1
case_4a812be3,1,0,1,0,1,1
case_f7d06aaf,1,0,0,0,0,0
case_19971a07,0,0,1,0,1,1
case_d9823f08,0,0,1,0,0,1
case_8974dd64,1,1,1,1,1,1
case_4d7ebbdf,1,0,1,1,1,1
case_480d7957,0,0,1,1,1,1
case_fbe70182,0,1,1,1,1,1
case_5bb08612,1,1,1,0,1,1
case_3c3ef1b0,1,1,0,1,1,1
case_c1882ee8,0,0,1,1,1,1
case_8624a612,1,1,1,1,1,1
case_f2ef71e3,1,0,1,0,0,1
case_7ca00b85,0,0,1,0,1,1
case_efb6d8ea,0,1,1,1,1,1
case_fb421ecd,1,1,1,1,1,1
case_fa6f6ebd,1,1,1,0,1,0
case_cf5e14c8,1,0,1,1,1,0
case_f58d2802,1,0,1,1,1,1
case_8ae58a3e,1,1,1,1,1,1
case_66437eab,1,1,1,0,1,1
case_716e1c17,1,1,1,1,1,1
case_ab620892,0,1,1,1,1,1
case_7c4e1847,1,1,1,1,0,0
case_58a4f782,0,0,1,0,0,1
case_f91bb243,0,0,1,1,0,1
case_586d5c9b,0,1,0,1,1,0
case_c46733dc,1,0,1,0,0,0
case_d147b102,1,1,1,1,1,1
case_7b19b52c,0,0,0,1,0,1
case_fdc1642a,0,0,0,0,0,0
case_1cdc95b8,1,1,1,1,1,1
case_b0d0cb27,1,1,1,1,1,1
case_864f2edb,0,0,1,1,1,1
case_51387e93,1,0,1,1,1,1
case_6ca8257f,1,1,1,1,1,0
case_7da3f873,0,1,1,0,1,1
case_dd18a5c7,1,1,1,1,1,1
case_fd783d92,0,1,0,0,1,0
case_9665798f,0,1,0,0,1,1
case_f491c129,1,1,1,0,0,1
case_d94b579b,0,1,1,1,0,1
case_f48e7d20,1,0,1,0,0,1
case_78baca10,1,1,1,1,1,1
case_6a1c2edc,0,1,0,0,0,1
case_e73ddf05,1,1,1,1,1,1
case_607d955b,1,0,1,0,1,1
case_d96b6c17,1,1,1,1,1,1
case_80237292,0,0,1,1,0,0
case_819d3bc2,1,1,1,1,1,1
case_15d4d56f,0,1,1,0,0,1
case_46b46a85,1,1,1,0,1,1
case_abff74a3,0,1,1,1,1,1
case_2462d94f,0,0,1,0,0,0
case_b2a77cb6,0,1,1,1,0,1
case_9578be2d,1,1,1,1,1,1
case_8ba103af,0,1,1,1,0,1
case_fa1bb57d,0,0,1,0,1,1
case_1d7ba9e4,0,0,1,0,1,1
case_53aa87b7,0,1,1,1,1,1
case_aab87c4d,0,1,1,0,1,0
case_46507088,0,1,1,1,1,1
case_5471c0a9,1,1,1,1,1,1
case_78496244,1,1,1,1,1,1
case_76eeb62c,0,1,1,0,1,1
case_c03bdd6c,1,1,1,1,1,1
case_aa56bcd9,0,1,1,1,0,0
case_9ddc6ecb,0,0,1,0,0,1
case_541bb5eb,1,1,1,1,1,1
case_8a837024,1,1,1,1,0,1
case_3c81a52b,1,1,1,0,1,1
case_f5abe6cf,0,1,0,0,0,0
case_9e5ef8dc,1,1,1,0,1,1
case_f61303f8,1,0,1,1,1,1
case_ed75bba9,1,1,1,1,1,0
case_93b6fe0f,1,1,1,1,1,1
case_c934b95b,0,0,1,1,1,0
case_83c59ad7,1,1,0,1,1,0
case_31be3998,1,1,1,1,1,1
case_e9e5745f,1,1,1,1,1,1
case_10d82180,1,1,1,1,1,1
case_c06ee31e,1,1,1,1,1,1
case_57586cae,1,0,1,1,1,0
case_9206f0ed,1,0,1,1,1,1
case_59374e84,0,1,1,0,1,1
case_cc67fcbb,1,0,1,0,1,1
case_e9f55619,1,1,1,1,1,1
case_af58cbf6,1,1,1,0,1,1
case_e2d26205,0,1,1,0,1,0
case_bbc8d6f4,1,1,1,1,1,0
case_796c8737,1,0,1,0,1,0
case_a1ba2530,1,1,1,1,1,1
case_029a52d8,0,1,1,1,1,1
case_47827c5c,1,1,1,1,1,1
case_abea5a3d,1,1,1,1,1,1
case_2696eb47,1,1,1,0,1,1
case_86dcf27c,0,1,1,1,1,1
case_a82c09aa,0,1,1,1,1,1
case_7b2289cb,0,0,1,0,1,1
case_cf49f93f,1,0,1,0,1,1
case_e65e8303,1,1,1,1,1,1
case_09295885,1,1,1,1,1,1
case_e286c4f1,1,1,1,1,1,1
case_2c391c01,1,0,0,0,1,1
case_40692ac8,1,1,1,0,1,1
case_1dd68ff3,0,0,1,0,1,0
case_854311b1,1,0,0,0,1,1
case_abc9128b,0,1,1,1,1,1
case_b5504e56,1,1,1,0,1,1
case_5ed6dbec,1,1,1,1,1,1
case_e75fb8fa,1,1,1,1,1,0
case_5898f64d,1,1,1,1,1,1
case_58dc0e98,0,1,1,1,0,0
case_45116445,1,0,0,0,1,0
case_6724f46f,0,0,0,0,1,1
case_102f7c2c,0,1,1,1,1,1
case_260aef61,1,1,0,0,0,0
case_0bbf1e7c,0,0,1,0,0,0
case_f6567db5,1,1,1,1,0,1
case_17030978,1,0,1,0,1,1
case_f9db16ce,0,0,1,1,0,0
case_e2ec743b,0,1,1,1,1,1
case_ce251925,1,0,0,1,1,1
case_4566c9a8,1,0,1,0,0,1
case_a4015c9b,1,1,1,1,0,1
case_edf8130e,0,1,0,0,1,1
case_d604abde,0,0,1,0,0,1
case_b6e3954e,1,1,1,1,1,1
case_d5f5419b,0,1,1,0,1,0
case_be1dc9ef,1,1,1,1,1,1
case_40bfdf71,1,0,1,1,1,1
case_600fcd23,1,1,1,1,1,1
case_d0afb567,1,0,1,0,0,1
case_eb277876,1,1,1,1,0,1
case_34216761,1,0,0,1,1,1
case_dc38d76a,1,1,1,1,1,1
case_a7462879,1,0,1,0,1,0
case_9175e902,1,0,1,1,0,1
case_36894939,1,1,1,1,1,1
case_7f214ce7,1,1,1,1,0,1
case_a22c1be4,0,1,1,0,1,0
case_5a023cfc,1,1,1,1,1,1
case_50dcdff7,1,0,1,1,1,1
case_5631de53,0,0,1,0,1,1
case_ebb45bdc,1,1,1,1,1,1
case_3c900b3e,1,1,1,1,1,1
case_7ab77c35,1,0,1,0,1,1
case_ef96cdc9,1,1,1,0,0,0
case_15fcf037,1,1,1,1,0,0
case_ce357b06,0,0,1,1,0,1
case_c8c0a2e3,1,0,1,0,1,1
case_85f00bf1,1,1,1,1,1,1
case_8ef80997,1,1,1,1,1,1
case_5e9ac0d7,1,0,1,0,1,1
case_ad254d30,1,1,1,1,1,1
case_16fa7f67,0,1,1,1,1,1
case_7b25f5c2,1,1,1,0,1,0
case_7ae5796a,1,0,0,1,1,1
case_f01d3349,1,0,1,0,1,0
case_370080d0,0,1,1,1,1,0
case_47a905a5,0,0,1,1,0,0
case_336aa1ff,0,1,0,0,1,1
case_fa351b53,1,1,1,1,0,1
case_b565abe8,0,1,0,0,0,0
case_98487b43,0,0,1,0,0,1
case_5f89d022,1,0,1,1,1,1
case_88db0ddf,1,1,1,1,1,0
case_cf536625,0,1,1,0,1,0
case_eb0a8942,0,0,1,0,1,0
case_cbba78b1,0,1,1,1,1,1
case_418accb6,0,1,1,1,0,1
case_022362d7,1,1,1,1,1,1
case_d66ada4c,1,1,1,1,1,1
case_6b856d0a,0,0,1,0,0,0
case_c4bcb746,0,0,1,0,0,0
case_e8116c36,0,1,1,1,1,1
case_50ad7a2b,0,0,0,1,1,0
case_507ff19b,0,1,1,1,1,1
case_6f00f334,1,1,1,1,1,1
case_da501b63,1,0,1,1,0,1
case_d13fad4d,1,0,0,1,1,1
case_3d1967b6,1,1,1,1,1,0
case_3dad8633,1,1,1,1,1,1
case_ad2b059e,0,1,0,1,0,1
case_f31fde1d,1,0,1,0,1,1
case_e53ad8e0,0,0,1,0,0,1
case_0a8b3a25,1,1,1,0,1,1
case_25bd7324,1,1,0,1,1,0
case_7e4f69dc,1,1,1,1,0,1
case_0f1b5ce0,1,1,0,1,1,1
case_bacc8401,1,0,1,1,1,1
case_d6739175,0,0,1,0,0,1
case_349df47c,1,0,1,1,1,1
case_81e409a5,1,0,1,1,1,1
case_65ddfc42,1,1,1,1,1,1
case_b508edb5,1,1,1,1,1,1
case_1c43f47d,1,0,1,0,0,1
case_5e5c047e,1,1,1,0,1,1
case_a49229a6,1,0,0,1,1,0
case_b3f20048,0,0,1,0,1,1
case_dd55afb1,1,1,1,1,1,1
case_c5b5097a,1,1,1,1,1,1
case_4cd6580a,1,1,1,1,1,1
case_033f7221,0,0,1,1,1,0
case_f812cf0f,1,0,1,0,1,1
case_f80351f8,0,0,0,1,0,0
case_643c2704,0,0,1,1,0,0
case_d80dabe0,1,1,1,1,1,1
case_b93a7e43,0,0,0,0,1,0
case_5be645dd,1,1,1,1,1,1
case_3343f447,1,1,1,1,1,1
case_7080816e,1,1,1,0,1,1
case_2c5695dd,1,1,1,1,1,1
case_747112de,0,1,1,1,1,1
case_b5779b8e,1,1,1,0,1,0
case_1f825627,1,1,1,1,0,1
case_a4074461,1,1,1,1,1,1
case_bdee72e6,1,1,1,1,1,1
case_72e7bb25,1,1,1,1,0,1
case_83743025,0,1,1,1,1,1
case_78e96692,1,1,1,1,1,1
case_fc0aa710,1,1,0,1,1,1
case_5985af21,1,1,1,1,1,1
case_b0db2af3,0,1,0,1,0,1
case_b91fb3b7,1,1,1,1,1,1
case_209d635a,1,1,1,1,1,1
case_62f8d856,1,0,1,1,1,1
case_2bab2451,1,1,1,0,1,1
case_bd3e9ea0,1,0,1,1,1,0
case_745511c3,1,0,1,1,1,1
case_18cc197b,0,1,1,1,0,1
case_5264dcae,0,0,1,1,1,1
case_e7fd160a,0,1,1,0,1,1
case_8d8e96d6,1,1,1,0,1,1
case_34097dac,1,0,1,1,1,1
case_92c77b80,1,0,1,1,0,1
case_a564c6b4,0,1,0,0,0,0
case_283ee033,1,1,0,1,1,0
case_e9a37aae,1,0,0,0,1,0
case_87aceeed,0,1,1,1,0,1
case_20d55814,1,0,1,1,0,0
case_b7188fd4,0,1,0,1,1,0
case_3a7f4079,0,1,1,1,0,0
case_9c81c6d8,1,1,1,1,1,1
case_dd1055dc,1,0,1,1,0,1
case_edbaf011,1,1,0,1,1,1
case_fe19be5b,1,1,1,1,1,1
case_e76fde2d,1,0,1,1,1,0
case_68c5d650,1,0,0,0,0,1
case_acc527cf,0,1,1,1,1,1
case_e353f842,1,0,1,1,0,0
case_8ab19b1f,0,1,0,0,1,0
case_aa2b34c1,1,0,0,1,1,1
case_aca35063,0,0,1,1,1,1
case_ecac70dd,1,1,1,1,0,1
case_7643bd75,1,1,1,1,1,1
case_8f874226,0,0,1,1,0,1
case_bc877565,1,0,1,1,1,1
case_1489c9d1,1,0,1,1,0,0
case_01d3412f,0,0,1,0,0,1
case_7e964eed,1,1,1,1,1,1
case_826dedee,0,1,1,1,1,1
case_3b24b02b,1,0,1,0,1,1
case_f1a75e47,0,0,1,1,1,1
case_9ea01135,0,1,1,0,1,1
case_d2537c6a,0,0,1,1,1,1
case_2825cfb0,0,1,1,0,1,1
case_d73469a8,1,1,1,0,0,1
case_e0fb2bcb,1,0,1,1,1,0
case_78039d91,1,0,1,1,1,0
case_48418572,1,1,1,1,1,1
case_9d122092,0,0,1,1,0,1
case_48be5a97,1,1,0,0,1,1
case_c4ed67c6,0,0,1,0,1,0
case_6bfcf858,1,1,1,1,1,1
case_ab90a755,1,1,0,1,0,1
case_06c6a8eb,0,1,0,0,1,1
case_2933944a,1,0,1,1,1,1
case_b0d308bf,0,1,1,0,1,1
case_f9d0cd4c,1,0,0,1,1,1
case_2c48f946,1,0,1,0,1,1
case_750b2a99,1,1,1,1,1,1
case_8ac43a40,0,1,1,0,1,0
case_f3bc5fab,0,1,0,1,1,1
case_3157ebf7,1,1,1,1,1,1
case_e168a3f9,0,0,0,0,1,1
case_bdd162f3,1,1,0,1,1,0
case_4636b042,1,0,1,1,1,1
case_97e96956,1,1,1,1,1,1
case_abd9c2ec,1,1,0,0,1,1
case_899bc862,1,0,1,0,1,1
case_b8d576bd,1,1,1,1,1,1
case_e057991e,0,0,1,1,1,1
case_8249683e,1,1,0,1,1,1
case_0cd7002c,0,1,0,1,1,1
case_478b3772,1,0,1,1,0,1
case_df248571,1,0,1,1,1,0
case_e4d5577a,1,1,1,0,1,1
case_48fe32ae,0,1,1,0,1,1
case_243ffc04,0,0,1,0,1,0
case_755426b5,1,0,1,1,1,1
case_23b00c16,1,0,1,1,1,1
case_26395fdc,1,1,1,1,1,0
case_c23fa439,1,1,1,1,1,0
case_52a1e5d7,1,1,1,1,1,1
case_7faa2867,1,0,1,1,0,1
case_57ed91e9,0,1,1,1,1,1
case_d765e927,1,1,1,1,0,1
case_acae1561,0,0,1,1,1,0
case_883be765,0,1,1,1,1,0
case_5de7444a,0,0,1,0,0,1
case_8d850464,1,1,1,1,1,1
case_8842dd3e,1,1,1,1,0,1
case_360b7e07,1,1,1,1,1,1
case_1f05de33,0,1,1,1,1,1
case_ff900a36,0,1,0,1,1,1
case_758800a3,0,0,1,0,1,0
